path,label,attack_id,channel,source,license,engine,dialect,script_id,speaker_ref,duration_s,exists,duration_ok,clip_ratio,clip_ok,silence_ratio,silence_ok,pass,acoustic_spoof_score,hard
data/redteam/factory/edgetts/mandarin/edgetts_mandarin_zh-CN-YunxiNeural_SC-000007.wav,spoof,RT-EDGETTS-MANDARIN,clean,redteam_factory/Edge-TTS,微软服务条款，仅研究评测用途,edgetts,mandarin,SC-000007,zh-CN-YunxiNeural,14.47,True,True,0.0,True,0.359612724757953,True,True,0.014,True
data/redteam/factory/edgetts/mandarin/edgetts_mandarin_zh-CN-YunxiNeural_SC-000012.wav,spoof,RT-EDGETTS-MANDARIN,clean,redteam_factory/Edge-TTS,微软服务条款，仅研究评测用途,edgetts,mandarin,SC-000012,zh-CN-YunxiNeural,14.78,True,True,0.0,True,0.3870094722598105,True,True,0.001,True
data/redteam/factory/edgetts/mandarin/edgetts_mandarin_zh-CN-YunxiNeural_SC-000016.wav,spoof,RT-EDGETTS-MANDARIN,clean,redteam_factory/Edge-TTS,微软服务条款，仅研究评测用途,edgetts,mandarin,SC-000016,zh-CN-YunxiNeural,7.8,True,True,0.0,True,0.43333333333333335,True,True,0.039,True
data/redteam/factory/edgetts/mandarin/edgetts_mandarin_zh-CN-YunxiNeural_SC-000019.wav,spoof,RT-EDGETTS-MANDARIN,clean,redteam_factory/Edge-TTS,微软服务条款，仅研究评测用途,edgetts,mandarin,SC-000019,zh-CN-YunxiNeural,15.17,True,True,0.0,True,0.42480211081794195,True,True,0.002,True
data/redteam/factory/edgetts/mandarin/edgetts_mandarin_zh-CN-YunxiNeural_SC-000022.wav,spoof,RT-EDGETTS-MANDARIN,clean,redteam_factory/Edge-TTS,微软服务条款，仅研究评测用途,edgetts,mandarin,SC-000022,zh-CN-YunxiNeural,12.77,True,True,0.0,True,0.4012539184952978,True,True,0.013,True
data/redteam/factory/edgetts/mandarin/edgetts_mandarin_zh-CN-YunxiNeural_SC-000027.wav,spoof,RT-EDGETTS-MANDARIN,clean,redteam_factory/Edge-TTS,微软服务条款，仅研究评测用途,edgetts,mandarin,SC-000027,zh-CN-YunxiNeural,7.08,True,True,0.0,True,0.4774011299435028,True,True,0.001,True
data/redteam/factory/edgetts/mandarin/edgetts_mandarin_zh-CN-YunxiNeural_SC-000001.wav,spoof,RT-EDGETTS-MANDARIN,clean,redteam_factory/Edge-TTS,微软服务条款，仅研究评测用途,edgetts,mandarin,SC-000001,zh-CN-YunxiNeural,7.08,True,True,0.0,True,0.480225988700565,True,True,0.012,True
data/redteam/factory/edgetts/mandarin/edgetts_mandarin_zh-CN-YunxiNeural_SC-000002.wav,spoof,RT-EDGETTS-MANDARIN,clean,redteam_factory/Edge-TTS,微软服务条款，仅研究评测用途,edgetts,mandarin,SC-000002,zh-CN-YunxiNeural,15.84,True,True,0.0,True,0.45707070707070707,True,True,0.001,True
data/redteam/factory/edgetts/mandarin/edgetts_mandarin_zh-CN-YunxiNeural_SC-000003.wav,spoof,RT-EDGETTS-MANDARIN,clean,redteam_factory/Edge-TTS,微软服务条款，仅研究评测用途,edgetts,mandarin,SC-000003,zh-CN-YunxiNeural,11.88,True,True,0.0,True,0.4074074074074074,True,True,0.024,True
data/redteam/factory/edgetts/mandarin/edgetts_mandarin_zh-CN-YunxiNeural_SC-000004.wav,spoof,RT-EDGETTS-MANDARIN,clean,redteam_factory/Edge-TTS,微软服务条款，仅研究评测用途,edgetts,mandarin,SC-000004,zh-CN-YunxiNeural,9.17,True,True,0.0,True,0.44541484716157204,True,True,0.001,True
data/redteam/factory/edgetts/mandarin/edgetts_mandarin_zh-CN-YunxiNeural_SC-000006.wav,spoof,RT-EDGETTS-MANDARIN,clean,redteam_factory/Edge-TTS,微软服务条款，仅研究评测用途,edgetts,mandarin,SC-000006,zh-CN-YunxiNeural,10.75,True,True,0.0,True,0.4767225325884544,True,True,0.002,True
data/redteam/factory/edgetts/mandarin/edgetts_mandarin_zh-CN-YunxiNeural_SC-000008.wav,spoof,RT-EDGETTS-MANDARIN,clean,redteam_factory/Edge-TTS,微软服务条款，仅研究评测用途,edgetts,mandarin,SC-000008,zh-CN-YunxiNeural,8.3,True,True,0.0,True,0.39518072289156625,True,True,0.03,True
data/redteam/factory/edgetts/mandarin/edgetts_mandarin_zh-CN-YunxiNeural_SC-000009.wav,spoof,RT-EDGETTS-MANDARIN,clean,redteam_factory/Edge-TTS,微软服务条款，仅研究评测用途,edgetts,mandarin,SC-000009,zh-CN-YunxiNeural,15.86,True,True,0.0,True,0.4073139974779319,True,True,0.023,True
data/redteam/factory/edgetts/mandarin/edgetts_mandarin_zh-CN-YunxiNeural_SC-000010.wav,spoof,RT-EDGETTS-MANDARIN,clean,redteam_factory/Edge-TTS,微软服务条款，仅研究评测用途,edgetts,mandarin,SC-000010,zh-CN-YunxiNeural,9.31,True,True,0.0,True,0.43655913978494626,True,True,0.005,True
data/redteam/factory/edgetts/mandarin/edgetts_mandarin_zh-CN-YunxiNeural_SC-000013.wav,spoof,RT-EDGETTS-MANDARIN,clean,redteam_factory/Edge-TTS,微软服务条款，仅研究评测用途,edgetts,mandarin,SC-000013,zh-CN-YunxiNeural,11.23,True,True,0.0,True,0.40641711229946526,True,True,0.001,True
data/redteam/factory/edgetts/mandarin/edgetts_mandarin_zh-CN-YunxiNeural_SC-000014.wav,spoof,RT-EDGETTS-MANDARIN,clean,redteam_factory/Edge-TTS,微软服务条款，仅研究评测用途,edgetts,mandarin,SC-000014,zh-CN-YunxiNeural,9.0,True,True,0.0,True,0.38666666666666666,True,True,0.02,True
data/redteam/factory/edgetts/mandarin/edgetts_mandarin_zh-CN-YunxiNeural_SC-000015.wav,spoof,RT-EDGETTS-MANDARIN,clean,redteam_factory/Edge-TTS,微软服务条款，仅研究评测用途,edgetts,mandarin,SC-000015,zh-CN-YunxiNeural,13.15,True,True,0.0,True,0.4459665144596651,True,True,0.001,True
data/redteam/factory/edgetts/mandarin/edgetts_mandarin_zh-CN-YunxiNeural_SC-000023.wav,spoof,RT-EDGETTS-MANDARIN,clean,redteam_factory/Edge-TTS,微软服务条款，仅研究评测用途,edgetts,mandarin,SC-000023,zh-CN-YunxiNeural,10.68,True,True,0.0,True,0.4101123595505618,True,True,0.001,True
data/redteam/factory/edgetts/mandarin/edgetts_mandarin_zh-CN-YunxiNeural_SC-000029.wav,spoof,RT-EDGETTS-MANDARIN,clean,redteam_factory/Edge-TTS,微软服务条款，仅研究评测用途,edgetts,mandarin,SC-000029,zh-CN-YunxiNeural,9.79,True,True,0.0,True,0.46421267893660534,True,True,0.005,True
data/redteam/factory/edgetts/mandarin/edgetts_mandarin_zh-CN-XiaoxiaoNeural_SC-000011.wav,spoof,RT-EDGETTS-MANDARIN,clean,redteam_factory/Edge-TTS,微软服务条款，仅研究评测用途,edgetts,mandarin,SC-000011,zh-CN-XiaoxiaoNeural,14.3,True,True,0.0,True,0.33706293706293705,True,True,0.079,True
data/redteam/factory/edgetts/mandarin/edgetts_mandarin_zh-CN-XiaoxiaoNeural_SC-000012.wav,spoof,RT-EDGETTS-MANDARIN,clean,redteam_factory/Edge-TTS,微软服务条款，仅研究评测用途,edgetts,mandarin,SC-000012,zh-CN-XiaoxiaoNeural,14.9,True,True,0.0,True,0.2859060402684564,True,True,0.063,True
data/redteam/factory/edgetts/mandarin/edgetts_mandarin_zh-CN-XiaoxiaoNeural_SC-000016.wav,spoof,RT-EDGETTS-MANDARIN,clean,redteam_factory/Edge-TTS,微软服务条款，仅研究评测用途,edgetts,mandarin,SC-000016,zh-CN-XiaoxiaoNeural,7.49,True,True,0.0,True,0.2967914438502674,True,True,0.035,True
data/redteam/factory/edgetts/mandarin/edgetts_mandarin_zh-CN-XiaoxiaoNeural_SC-000019.wav,spoof,RT-EDGETTS-MANDARIN,clean,redteam_factory/Edge-TTS,微软服务条款，仅研究评测用途,edgetts,mandarin,SC-000019,zh-CN-XiaoxiaoNeural,15.19,True,True,0.0,True,0.26613965744400525,True,True,0.279,True
data/redteam/factory/edgetts/mandarin/edgetts_mandarin_zh-CN-XiaoxiaoNeural_SC-000022.wav,spoof,RT-EDGETTS-MANDARIN,clean,redteam_factory/Edge-TTS,微软服务条款，仅研究评测用途,edgetts,mandarin,SC-000022,zh-CN-XiaoxiaoNeural,13.68,True,True,0.0,True,0.27485380116959063,True,True,0.03,True
data/redteam/factory/edgetts/mandarin/edgetts_mandarin_zh-CN-XiaoxiaoNeural_SC-000026.wav,spoof,RT-EDGETTS-MANDARIN,clean,redteam_factory/Edge-TTS,微软服务条款，仅研究评测用途,edgetts,mandarin,SC-000026,zh-CN-XiaoxiaoNeural,11.57,True,True,0.0,True,0.25432525951557095,True,True,0.206,True
data/redteam/factory/edgetts/mandarin/edgetts_mandarin_zh-CN-XiaoxiaoNeural_SC-000027.wav,spoof,RT-EDGETTS-MANDARIN,clean,redteam_factory/Edge-TTS,微软服务条款，仅研究评测用途,edgetts,mandarin,SC-000027,zh-CN-XiaoxiaoNeural,7.15,True,True,0.0,True,0.3277310924369748,True,True,0.058,True
data/redteam/factory/edgetts/mandarin/edgetts_mandarin_zh-CN-XiaoxiaoNeural_SC-000001.wav,spoof,RT-EDGETTS-MANDARIN,clean,redteam_factory/Edge-TTS,微软服务条款，仅研究评测用途,edgetts,mandarin,SC-000001,zh-CN-XiaoxiaoNeural,7.1,True,True,0.0,True,0.3380281690140845,True,True,0.254,True
data/redteam/factory/edgetts/mandarin/edgetts_mandarin_zh-CN-XiaoxiaoNeural_SC-000002.wav,spoof,RT-EDGETTS-MANDARIN,clean,redteam_factory/Edge-TTS,微软服务条款，仅研究评测用途,edgetts,mandarin,SC-000002,zh-CN-XiaoxiaoNeural,15.67,True,True,0.0,True,0.33588761174968074,True,True,0.202,True
data/redteam/factory/edgetts/mandarin/edgetts_mandarin_zh-CN-XiaoxiaoNeural_SC-000003.wav,spoof,RT-EDGETTS-MANDARIN,clean,redteam_factory/Edge-TTS,微软服务条款，仅研究评测用途,edgetts,mandarin,SC-000003,zh-CN-XiaoxiaoNeural,11.98,True,True,0.0,True,0.2809364548494983,True,True,0.024,True
data/redteam/factory/edgetts/mandarin/edgetts_mandarin_zh-CN-XiaoxiaoNeural_SC-000004.wav,spoof,RT-EDGETTS-MANDARIN,clean,redteam_factory/Edge-TTS,微软服务条款，仅研究评测用途,edgetts,mandarin,SC-000004,zh-CN-XiaoxiaoNeural,9.48,True,True,0.0,True,0.2468354430379747,True,True,0.136,True
data/redteam/factory/edgetts/mandarin/edgetts_mandarin_zh-CN-XiaoxiaoNeural_SC-000005.wav,spoof,RT-EDGETTS-MANDARIN,clean,redteam_factory/Edge-TTS,微软服务条款，仅研究评测用途,edgetts,mandarin,SC-000005,zh-CN-XiaoxiaoNeural,13.73,True,True,0.0,True,0.27113702623906705,True,True,0.273,True
data/redteam/factory/edgetts/mandarin/edgetts_mandarin_zh-CN-XiaoxiaoNeural_SC-000006.wav,spoof,RT-EDGETTS-MANDARIN,clean,redteam_factory/Edge-TTS,微软服务条款，仅研究评测用途,edgetts,mandarin,SC-000006,zh-CN-XiaoxiaoNeural,10.61,True,True,0.0,True,0.34150943396226413,True,True,0.024,True
data/redteam/factory/edgetts/mandarin/edgetts_mandarin_zh-CN-XiaoxiaoNeural_SC-000008.wav,spoof,RT-EDGETTS-MANDARIN,clean,redteam_factory/Edge-TTS,微软服务条款，仅研究评测用途,edgetts,mandarin,SC-000008,zh-CN-XiaoxiaoNeural,8.86,True,True,0.0,True,0.19683257918552036,True,True,0.134,True
data/redteam/factory/edgetts/mandarin/edgetts_mandarin_zh-CN-XiaoxiaoNeural_SC-000009.wav,spoof,RT-EDGETTS-MANDARIN,clean,redteam_factory/Edge-TTS,微软服务条款，仅研究评测用途,edgetts,mandarin,SC-000009,zh-CN-XiaoxiaoNeural,16.03,True,True,0.0,True,0.23595505617977527,True,True,0.126,True
data/redteam/factory/edgetts/mandarin/edgetts_mandarin_zh-CN-XiaoxiaoNeural_SC-000010.wav,spoof,RT-EDGETTS-MANDARIN,clean,redteam_factory/Edge-TTS,微软服务条款，仅研究评测用途,edgetts,mandarin,SC-000010,zh-CN-XiaoxiaoNeural,9.12,True,True,0.0,True,0.2719298245614035,True,True,0.042,True
data/redteam/factory/edgetts/mandarin/edgetts_mandarin_zh-CN-YunxiNeural_SC-000011.wav,spoof,RT-EDGETTS-MANDARIN,clean,redteam_factory/Edge-TTS,微软服务条款，仅研究评测用途,edgetts,mandarin,SC-000011,zh-CN-YunxiNeural,14.47,True,True,0.0,True,0.43983402489626555,True,True,0.004,True
data/redteam/factory/edgetts/mandarin/edgetts_mandarin_zh-CN-YunxiNeural_SC-000026.wav,spoof,RT-EDGETTS-MANDARIN,clean,redteam_factory/Edge-TTS,微软服务条款，仅研究评测用途,edgetts,mandarin,SC-000026,zh-CN-YunxiNeural,10.9,True,True,0.0,True,0.37683823529411764,True,True,0.008,True
data/redteam/factory/edgetts/mandarin/edgetts_mandarin_zh-CN-YunxiNeural_SC-000005.wav,spoof,RT-EDGETTS-MANDARIN,clean,redteam_factory/Edge-TTS,微软服务条款，仅研究评测用途,edgetts,mandarin,SC-000005,zh-CN-YunxiNeural,12.02,True,True,0.0,True,0.3793677204658902,True,True,0.051,True
data/redteam/factory/edgetts/mandarin/edgetts_mandarin_zh-CN-YunxiNeural_SC-000018.wav,spoof,RT-EDGETTS-MANDARIN,clean,redteam_factory/Edge-TTS,微软服务条款，仅研究评测用途,edgetts,mandarin,SC-000018,zh-CN-YunxiNeural,12.72,True,True,0.0,True,0.43553459119496857,True,True,0.009,True
data/redteam/factory/edgetts/mandarin/edgetts_mandarin_zh-CN-YunxiNeural_SC-000020.wav,spoof,RT-EDGETTS-MANDARIN,clean,redteam_factory/Edge-TTS,微软服务条款，仅研究评测用途,edgetts,mandarin,SC-000020,zh-CN-YunxiNeural,14.62,True,True,0.0,True,0.38082191780821917,True,True,0.015,True
data/redteam/factory/edgetts/mandarin/edgetts_mandarin_zh-CN-YunxiNeural_SC-000021.wav,spoof,RT-EDGETTS-MANDARIN,clean,redteam_factory/Edge-TTS,微软服务条款，仅研究评测用途,edgetts,mandarin,SC-000021,zh-CN-YunxiNeural,13.63,True,True,0.0,True,0.4185022026431718,True,True,0.019,True
data/redteam/factory/edgetts/mandarin/edgetts_mandarin_zh-CN-YunxiNeural_SC-000024.wav,spoof,RT-EDGETTS-MANDARIN,clean,redteam_factory/Edge-TTS,微软服务条款，仅研究评测用途,edgetts,mandarin,SC-000024,zh-CN-YunxiNeural,18.22,True,True,0.0,True,0.3637362637362637,True,True,0.013,True
data/redteam/factory/edgetts/mandarin/edgetts_mandarin_zh-CN-YunxiNeural_SC-000025.wav,spoof,RT-EDGETTS-MANDARIN,clean,redteam_factory/Edge-TTS,微软服务条款，仅研究评测用途,edgetts,mandarin,SC-000025,zh-CN-YunxiNeural,15.5,True,True,0.0,True,0.447741935483871,True,True,0.003,True
data/redteam/factory/edgetts/mandarin/edgetts_mandarin_zh-CN-YunxiNeural_SC-000028.wav,spoof,RT-EDGETTS-MANDARIN,clean,redteam_factory/Edge-TTS,微软服务条款，仅研究评测用途,edgetts,mandarin,SC-000028,zh-CN-YunxiNeural,12.79,True,True,0.0,True,0.4460093896713615,True,True,0.049,True
data/redteam/factory/edgetts/mandarin/edgetts_mandarin_zh-CN-XiaoxiaoNeural_SC-000014.wav,spoof,RT-EDGETTS-MANDARIN,clean,redteam_factory/Edge-TTS,微软服务条款，仅研究评测用途,edgetts,mandarin,SC-000014,zh-CN-XiaoxiaoNeural,9.77,True,True,0.0,True,0.2520491803278688,True,True,0.253,True
data/redteam/factory/edgetts/mandarin/edgetts_mandarin_zh-CN-XiaoxiaoNeural_SC-000015.wav,spoof,RT-EDGETTS-MANDARIN,clean,redteam_factory/Edge-TTS,微软服务条款，仅研究评测用途,edgetts,mandarin,SC-000015,zh-CN-XiaoxiaoNeural,13.1,True,True,0.0,True,0.2900763358778626,True,True,0.018,True
data/redteam/factory/edgetts/mandarin/edgetts_mandarin_zh-CN-XiaoxiaoNeural_SC-000018.wav,spoof,RT-EDGETTS-MANDARIN,clean,redteam_factory/Edge-TTS,微软服务条款，仅研究评测用途,edgetts,mandarin,SC-000018,zh-CN-XiaoxiaoNeural,12.98,True,True,0.0,True,0.275808936825886,True,True,0.02,True
data/redteam/factory/edgetts/mandarin/edgetts_mandarin_zh-CN-XiaoxiaoNeural_SC-000020.wav,spoof,RT-EDGETTS-MANDARIN,clean,redteam_factory/Edge-TTS,微软服务条款，仅研究评测用途,edgetts,mandarin,SC-000020,zh-CN-XiaoxiaoNeural,15.14,True,True,0.0,True,0.261558784676354,True,True,0.095,True
data/redteam/factory/edgetts/mandarin/edgetts_mandarin_zh-CN-XiaoxiaoNeural_SC-000021.wav,spoof,RT-EDGETTS-MANDARIN,clean,redteam_factory/Edge-TTS,微软服务条款，仅研究评测用途,edgetts,mandarin,SC-000021,zh-CN-XiaoxiaoNeural,13.15,True,True,0.0,True,0.3013698630136986,True,True,0.033,True
data/redteam/factory/edgetts/mandarin/edgetts_mandarin_zh-CN-XiaoxiaoNeural_SC-000023.wav,spoof,RT-EDGETTS-MANDARIN,clean,redteam_factory/Edge-TTS,微软服务条款，仅研究评测用途,edgetts,mandarin,SC-000023,zh-CN-XiaoxiaoNeural,10.13,True,True,0.0,True,0.2885375494071146,True,True,0.01,True
data/redteam/factory/edgetts/mandarin/edgetts_mandarin_zh-CN-XiaoxiaoNeural_SC-000024.wav,spoof,RT-EDGETTS-MANDARIN,clean,redteam_factory/Edge-TTS,微软服务条款，仅研究评测用途,edgetts,mandarin,SC-000024,zh-CN-XiaoxiaoNeural,19.8,True,True,0.0,True,0.22626262626262628,True,True,0.132,True
data/redteam/factory/edgetts/mandarin/edgetts_mandarin_zh-CN-XiaoxiaoNeural_SC-000025.wav,spoof,RT-EDGETTS-MANDARIN,clean,redteam_factory/Edge-TTS,微软服务条款，仅研究评测用途,edgetts,mandarin,SC-000025,zh-CN-XiaoxiaoNeural,15.53,True,True,0.0,True,0.32216494845360827,True,True,0.115,True
data/redteam/factory/edgetts/mandarin/edgetts_mandarin_zh-CN-XiaoxiaoNeural_SC-000028.wav,spoof,RT-EDGETTS-MANDARIN,clean,redteam_factory/Edge-TTS,微软服务条款，仅研究评测用途,edgetts,mandarin,SC-000028,zh-CN-XiaoxiaoNeural,13.9,True,True,0.0,True,0.30979827089337175,True,True,0.025,True
data/redteam/factory/edgetts/mandarin/edgetts_mandarin_zh-CN-XiaoxiaoNeural_SC-000029.wav,spoof,RT-EDGETTS-MANDARIN,clean,redteam_factory/Edge-TTS,微软服务条款，仅研究评测用途,edgetts,mandarin,SC-000029,zh-CN-XiaoxiaoNeural,9.77,True,True,0.0,True,0.32991803278688525,True,True,0.049,True
data/redteam/factory/edgetts/mandarin/edgetts_mandarin_zh-CN-YunjianNeural_SC-000007.wav,spoof,RT-EDGETTS-MANDARIN,clean,redteam_factory/Edge-TTS,微软服务条款，仅研究评测用途,edgetts,mandarin,SC-000007,zh-CN-YunjianNeural,14.86,True,True,0.0,True,0.2587601078167116,True,True,0.023,True
data/redteam/factory/edgetts/mandarin/edgetts_mandarin_zh-CN-YunjianNeural_SC-000011.wav,spoof,RT-EDGETTS-MANDARIN,clean,redteam_factory/Edge-TTS,微软服务条款，仅研究评测用途,edgetts,mandarin,SC-000011,zh-CN-YunjianNeural,14.47,True,True,0.0,True,0.3499308437067773,True,True,0.034,True
data/redteam/factory/edgetts/mandarin/edgetts_mandarin_zh-CN-YunjianNeural_SC-000012.wav,spoof,RT-EDGETTS-MANDARIN,clean,redteam_factory/Edge-TTS,微软服务条款，仅研究评测用途,edgetts,mandarin,SC-000012,zh-CN-YunjianNeural,15.02,True,True,0.0,True,0.2969374167776298,True,True,0.002,True
data/redteam/factory/edgetts/mandarin/edgetts_mandarin_zh-CN-YunjianNeural_SC-000016.wav,spoof,RT-EDGETTS-MANDARIN,clean,redteam_factory/Edge-TTS,微软服务条款，仅研究评测用途,edgetts,mandarin,SC-000016,zh-CN-YunjianNeural,8.06,True,True,0.0,True,0.3225806451612903,True,True,0.082,True
data/redteam/factory/edgetts/mandarin/edgetts_mandarin_zh-CN-YunjianNeural_SC-000019.wav,spoof,RT-EDGETTS-MANDARIN,clean,redteam_factory/Edge-TTS,微软服务条款，仅研究评测用途,edgetts,mandarin,SC-000019,zh-CN-YunjianNeural,14.93,True,True,0.0,True,0.2949061662198391,True,True,0.019,True
data/redteam/factory/edgetts/mandarin/edgetts_mandarin_zh-CN-YunjianNeural_SC-000022.wav,spoof,RT-EDGETTS-MANDARIN,clean,redteam_factory/Edge-TTS,微软服务条款，仅研究评测用途,edgetts,mandarin,SC-000022,zh-CN-YunjianNeural,12.96,True,True,0.0,True,0.2978395061728395,True,True,0.033,True
data/redteam/factory/edgetts/mandarin/edgetts_mandarin_zh-CN-YunjianNeural_SC-000026.wav,spoof,RT-EDGETTS-MANDARIN,clean,redteam_factory/Edge-TTS,微软服务条款，仅研究评测用途,edgetts,mandarin,SC-000026,zh-CN-YunjianNeural,11.33,True,True,0.0,True,0.27208480565371024,True,True,0.011,True
data/redteam/factory/edgetts/mandarin/edgetts_mandarin_zh-CN-YunjianNeural_SC-000027.wav,spoof,RT-EDGETTS-MANDARIN,clean,redteam_factory/Edge-TTS,微软服务条款，仅研究评测用途,edgetts,mandarin,SC-000027,zh-CN-YunjianNeural,7.46,True,True,0.0,True,0.3780160857908847,True,True,0.004,True
data/redteam/factory/edgetts/mandarin/edgetts_mandarin_zh-CN-YunjianNeural_SC-000001.wav,spoof,RT-EDGETTS-MANDARIN,clean,redteam_factory/Edge-TTS,微软服务条款，仅研究评测用途,edgetts,mandarin,SC-000001,zh-CN-YunjianNeural,6.98,True,True,0.0,True,0.3524355300859599,True,True,0.026,True
data/redteam/factory/edgetts/mandarin/edgetts_mandarin_zh-CN-YunjianNeural_SC-000002.wav,spoof,RT-EDGETTS-MANDARIN,clean,redteam_factory/Edge-TTS,微软服务条款，仅研究评测用途,edgetts,mandarin,SC-000002,zh-CN-YunjianNeural,15.79,True,True,0.0,True,0.3523447401774398,True,True,0.014,True
data/redteam/factory/edgetts/mandarin/edgetts_mandarin_zh-CN-YunjianNeural_SC-000003.wav,spoof,RT-EDGETTS-MANDARIN,clean,redteam_factory/Edge-TTS,微软服务条款，仅研究评测用途,edgetts,mandarin,SC-000003,zh-CN-YunjianNeural,12.22,True,True,0.0,True,0.30655737704918035,True,True,0.125,True
data/redteam/factory/edgetts/mandarin/edgetts_mandarin_zh-CN-YunjianNeural_SC-000004.wav,spoof,RT-EDGETTS-MANDARIN,clean,redteam_factory/Edge-TTS,微软服务条款，仅研究评测用途,edgetts,mandarin,SC-000004,zh-CN-YunjianNeural,9.05,True,True,0.0,True,0.29867256637168144,True,True,0.012,True
data/redteam/factory/edgetts/mandarin/edgetts_mandarin_zh-CN-YunjianNeural_SC-000005.wav,spoof,RT-EDGETTS-MANDARIN,clean,redteam_factory/Edge-TTS,微软服务条款，仅研究评测用途,edgetts,mandarin,SC-000005,zh-CN-YunjianNeural,13.37,True,True,0.0,True,0.28892215568862273,True,True,0.029,True
data/redteam/factory/edgetts/mandarin/edgetts_mandarin_zh-CN-YunjianNeural_SC-000006.wav,spoof,RT-EDGETTS-MANDARIN,clean,redteam_factory/Edge-TTS,微软服务条款，仅研究评测用途,edgetts,mandarin,SC-000006,zh-CN-YunjianNeural,11.06,True,True,0.0,True,0.36528028933092227,True,True,0.009,True
data/redteam/factory/edgetts/mandarin/edgetts_mandarin_zh-CN-YunjianNeural_SC-000008.wav,spoof,RT-EDGETTS-MANDARIN,clean,redteam_factory/Edge-TTS,微软服务条款，仅研究评测用途,edgetts,mandarin,SC-000008,zh-CN-YunjianNeural,8.74,True,True,0.0,True,0.26376146788990823,True,True,0.124,True
data/redteam/factory/edgetts/mandarin/edgetts_mandarin_zh-CN-YunjianNeural_SC-000009.wav,spoof,RT-EDGETTS-MANDARIN,clean,redteam_factory/Edge-TTS,微软服务条款，仅研究评测用途,edgetts,mandarin,SC-000009,zh-CN-YunjianNeural,14.95,True,True,0.0,True,0.2757697456492637,True,True,0.008,True
data/redteam/factory/edgetts/mandarin/edgetts_mandarin_zh-CN-YunjianNeural_SC-000010.wav,spoof,RT-EDGETTS-MANDARIN,clean,redteam_factory/Edge-TTS,微软服务条款，仅研究评测用途,edgetts,mandarin,SC-000010,zh-CN-YunjianNeural,9.43,True,True,0.0,True,0.3078556263269639,True,True,0.042,True
data/redteam/factory/edgetts/mandarin/edgetts_mandarin_zh-CN-YunjianNeural_SC-000013.wav,spoof,RT-EDGETTS-MANDARIN,clean,redteam_factory/Edge-TTS,微软服务条款，仅研究评测用途,edgetts,mandarin,SC-000013,zh-CN-YunjianNeural,10.7,True,True,0.0,True,0.33084112149532713,True,True,0.05,True
data/redteam/factory/edgetts/mandarin/edgetts_mandarin_zh-CN-YunjianNeural_SC-000014.wav,spoof,RT-EDGETTS-MANDARIN,clean,redteam_factory/Edge-TTS,微软服务条款，仅研究评测用途,edgetts,mandarin,SC-000014,zh-CN-YunjianNeural,9.84,True,True,0.0,True,0.29878048780487804,True,True,0.014,True
data/redteam/factory/edgetts/mandarin/edgetts_mandarin_zh-CN-YunjianNeural_SC-000015.wav,spoof,RT-EDGETTS-MANDARIN,clean,redteam_factory/Edge-TTS,微软服务条款，仅研究评测用途,edgetts,mandarin,SC-000015,zh-CN-YunjianNeural,13.22,True,True,0.0,True,0.31921331316187596,True,True,0.014,True
data/redteam/factory/edgetts/mandarin/edgetts_mandarin_zh-CN-YunjianNeural_SC-000018.wav,spoof,RT-EDGETTS-MANDARIN,clean,redteam_factory/Edge-TTS,微软服务条款，仅研究评测用途,edgetts,mandarin,SC-000018,zh-CN-YunjianNeural,13.08,True,True,0.0,True,0.2874617737003058,True,True,0.113,True
data/redteam/factory/edgetts/mandarin/edgetts_mandarin_zh-CN-YunjianNeural_SC-000020.wav,spoof,RT-EDGETTS-MANDARIN,clean,redteam_factory/Edge-TTS,微软服务条款，仅研究评测用途,edgetts,mandarin,SC-000020,zh-CN-YunjianNeural,15.22,True,True,0.0,True,0.29078947368421054,True,True,0.011,True
data/redteam/factory/edgetts/mandarin/edgetts_mandarin_zh-CN-YunjianNeural_SC-000021.wav,spoof,RT-EDGETTS-MANDARIN,clean,redteam_factory/Edge-TTS,微软服务条款，仅研究评测用途,edgetts,mandarin,SC-000021,zh-CN-YunjianNeural,13.37,True,True,0.0,True,0.30988023952095806,True,True,0.039,True
data/redteam/factory/edgetts/mandarin/edgetts_mandarin_zh-CN-YunjianNeural_SC-000023.wav,spoof,RT-EDGETTS-MANDARIN,clean,redteam_factory/Edge-TTS,微软服务条款，仅研究评测用途,edgetts,mandarin,SC-000023,zh-CN-YunjianNeural,10.58,True,True,0.0,True,0.33648393194706994,True,True,0.014,True
data/redteam/factory/edgetts/mandarin/edgetts_mandarin_zh-CN-YunjianNeural_SC-000024.wav,spoof,RT-EDGETTS-MANDARIN,clean,redteam_factory/Edge-TTS,微软服务条款，仅研究评测用途,edgetts,mandarin,SC-000024,zh-CN-YunjianNeural,19.32,True,True,0.0,True,0.2619047619047619,True,True,0.039,True
data/redteam/factory/edgetts/mandarin/edgetts_mandarin_zh-CN-YunjianNeural_SC-000025.wav,spoof,RT-EDGETTS-MANDARIN,clean,redteam_factory/Edge-TTS,微软服务条款，仅研究评测用途,edgetts,mandarin,SC-000025,zh-CN-YunjianNeural,15.43,True,True,0.0,True,0.3437094682230869,True,True,0.046,True
data/redteam/factory/edgetts/mandarin/edgetts_mandarin_zh-CN-YunjianNeural_SC-000028.wav,spoof,RT-EDGETTS-MANDARIN,clean,redteam_factory/Edge-TTS,微软服务条款，仅研究评测用途,edgetts,mandarin,SC-000028,zh-CN-YunjianNeural,13.37,True,True,0.0,True,0.3473053892215569,True,True,0.05,True
data/redteam/factory/edgetts/mandarin/edgetts_mandarin_zh-CN-YunjianNeural_SC-000029.wav,spoof,RT-EDGETTS-MANDARIN,clean,redteam_factory/Edge-TTS,微软服务条款，仅研究评测用途,edgetts,mandarin,SC-000029,zh-CN-YunjianNeural,9.84,True,True,0.0,True,0.35772357723577236,True,True,0.015,True
data/redteam/factory/edgetts/mandarin/edgetts_mandarin_zh-CN-YunyangNeural_SC-000007.wav,spoof,RT-EDGETTS-MANDARIN,clean,redteam_factory/Edge-TTS,微软服务条款，仅研究评测用途,edgetts,mandarin,SC-000007,zh-CN-YunyangNeural,13.82,True,True,0.0,True,0.3140376266280753,True,True,0.022,True
data/redteam/factory/edgetts/mandarin/edgetts_mandarin_zh-CN-YunyangNeural_SC-000011.wav,spoof,RT-EDGETTS-MANDARIN,clean,redteam_factory/Edge-TTS,微软服务条款，仅研究评测用途,edgetts,mandarin,SC-000011,zh-CN-YunyangNeural,13.13,True,True,0.0,True,0.37652439024390244,True,True,0.135,True
data/redteam/factory/edgetts/mandarin/edgetts_mandarin_zh-CN-YunyangNeural_SC-000012.wav,spoof,RT-EDGETTS-MANDARIN,clean,redteam_factory/Edge-TTS,微软服务条款，仅研究评测用途,edgetts,mandarin,SC-000012,zh-CN-YunyangNeural,13.34,True,True,0.0,True,0.34182908545727136,True,True,0.004,True
data/redteam/factory/edgetts/mandarin/edgetts_mandarin_zh-CN-YunyangNeural_SC-000016.wav,spoof,RT-EDGETTS-MANDARIN,clean,redteam_factory/Edge-TTS,微软服务条款，仅研究评测用途,edgetts,mandarin,SC-000016,zh-CN-YunyangNeural,6.89,True,True,0.0,True,0.34011627906976744,True,True,0.013,True
data/redteam/factory/edgetts/mandarin/edgetts_mandarin_zh-CN-YunyangNeural_SC-000019.wav,spoof,RT-EDGETTS-MANDARIN,clean,redteam_factory/Edge-TTS,微软服务条款，仅研究评测用途,edgetts,mandarin,SC-000019,zh-CN-YunyangNeural,13.63,True,True,0.0,True,0.328928046989721,True,True,0.045,True
data/redteam/factory/edgetts/mandarin/edgetts_mandarin_zh-CN-YunyangNeural_SC-000022.wav,spoof,RT-EDGETTS-MANDARIN,clean,redteam_factory/Edge-TTS,微软服务条款，仅研究评测用途,edgetts,mandarin,SC-000022,zh-CN-YunyangNeural,12.07,True,True,0.0,True,0.33665008291873966,True,True,0.023,True
data/redteam/factory/edgetts/mandarin/edgetts_mandarin_zh-CN-YunyangNeural_SC-000026.wav,spoof,RT-EDGETTS-MANDARIN,clean,redteam_factory/Edge-TTS,微软服务条款，仅研究评测用途,edgetts,mandarin,SC-000026,zh-CN-YunyangNeural,10.44,True,True,0.0,True,0.30842911877394635,True,True,0.057,True
data/redteam/factory/edgetts/mandarin/edgetts_mandarin_zh-CN-YunyangNeural_SC-000027.wav,spoof,RT-EDGETTS-MANDARIN,clean,redteam_factory/Edge-TTS,微软服务条款，仅研究评测用途,edgetts,mandarin,SC-000027,zh-CN-YunyangNeural,6.31,True,True,0.0,True,0.3968253968253968,True,True,0.01,True
data/redteam/factory/edgetts/mandarin/edgetts_mandarin_zh-CN-YunyangNeural_SC-000001.wav,spoof,RT-EDGETTS-MANDARIN,clean,redteam_factory/Edge-TTS,微软服务条款，仅研究评测用途,edgetts,mandarin,SC-000001,zh-CN-YunyangNeural,6.24,True,True,0.0,True,0.38461538461538464,True,True,0.092,True
data/redteam/factory/edgetts/mandarin/edgetts_mandarin_zh-CN-YunyangNeural_SC-000002.wav,spoof,RT-EDGETTS-MANDARIN,clean,redteam_factory/Edge-TTS,微软服务条款，仅研究评测用途,edgetts,mandarin,SC-000002,zh-CN-YunyangNeural,14.4,True,True,0.0,True,0.38472222222222224,True,True,0.011,True
data/redteam/factory/edgetts/mandarin/edgetts_mandarin_zh-CN-YunyangNeural_SC-000003.wav,spoof,RT-EDGETTS-MANDARIN,clean,redteam_factory/Edge-TTS,微软服务条款，仅研究评测用途,edgetts,mandarin,SC-000003,zh-CN-YunyangNeural,10.82,True,True,0.0,True,0.34011090573012936,True,True,0.025,True
data/redteam/factory/edgetts/mandarin/edgetts_mandarin_zh-CN-YunyangNeural_SC-000004.wav,spoof,RT-EDGETTS-MANDARIN,clean,redteam_factory/Edge-TTS,微软服务条款，仅研究评测用途,edgetts,mandarin,SC-000004,zh-CN-YunyangNeural,8.3,True,True,0.0,True,0.28674698795180725,True,True,0.024,True
data/redteam/factory/edgetts/mandarin/edgetts_mandarin_zh-CN-YunyangNeural_SC-000005.wav,spoof,RT-EDGETTS-MANDARIN,clean,redteam_factory/Edge-TTS,微软服务条款，仅研究评测用途,edgetts,mandarin,SC-000005,zh-CN-YunyangNeural,12.12,True,True,0.0,True,0.30198019801980197,True,True,0.114,True
data/redteam/factory/edgetts/mandarin/edgetts_mandarin_zh-CN-YunyangNeural_SC-000006.wav,spoof,RT-EDGETTS-MANDARIN,clean,redteam_factory/Edge-TTS,微软服务条款，仅研究评测用途,edgetts,mandarin,SC-000006,zh-CN-YunyangNeural,9.6,True,True,0.0,True,0.37916666666666665,True,True,0.074,True
data/redteam/factory/edgetts/mandarin/edgetts_mandarin_zh-CN-YunyangNeural_SC-000008.wav,spoof,RT-EDGETTS-MANDARIN,clean,redteam_factory/Edge-TTS,微软服务条款，仅研究评测用途,edgetts,mandarin,SC-000008,zh-CN-YunyangNeural,7.85,True,True,0.0,True,0.2857142857142857,True,True,0.107,True
data/redteam/factory/edgetts/mandarin/edgetts_mandarin_zh-CN-YunyangNeural_SC-000009.wav,spoof,RT-EDGETTS-MANDARIN,clean,redteam_factory/Edge-TTS,微软服务条款，仅研究评测用途,edgetts,mandarin,SC-000009,zh-CN-YunyangNeural,14.83,True,True,0.0,True,0.32793522267206476,True,True,0.029,True
data/redteam/factory/edgetts/mandarin/edgetts_mandarin_zh-CN-YunyangNeural_SC-000010.wav,spoof,RT-EDGETTS-MANDARIN,clean,redteam_factory/Edge-TTS,微软服务条款，仅研究评测用途,edgetts,mandarin,SC-000010,zh-CN-YunyangNeural,8.54,True,True,0.0,True,0.3372365339578454,True,True,0.062,True
data/redteam/factory/edgetts/mandarin/edgetts_mandarin_zh-CN-YunyangNeural_SC-000013.wav,spoof,RT-EDGETTS-MANDARIN,clean,redteam_factory/Edge-TTS,微软服务条款，仅研究评测用途,edgetts,mandarin,SC-000013,zh-CN-YunyangNeural,10.49,True,True,0.0,True,0.3416030534351145,True,True,0.005,True
data/redteam/factory/edgetts/mandarin/edgetts_mandarin_zh-CN-YunyangNeural_SC-000014.wav,spoof,RT-EDGETTS-MANDARIN,clean,redteam_factory/Edge-TTS,微软服务条款，仅研究评测用途,edgetts,mandarin,SC-000014,zh-CN-YunyangNeural,8.93,True,True,0.0,True,0.32286995515695066,True,True,0.04,True
data/redteam/factory/edgetts/mandarin/edgetts_mandarin_zh-CN-YunyangNeural_SC-000015.wav,spoof,RT-EDGETTS-MANDARIN,clean,redteam_factory/Edge-TTS,微软服务条款，仅研究评测用途,edgetts,mandarin,SC-000015,zh-CN-YunyangNeural,11.86,True,True,0.0,True,0.35135135135135137,True,True,0.056,True
data/redteam/factory/edgetts/mandarin/edgetts_mandarin_zh-CN-YunyangNeural_SC-000020.wav,spoof,RT-EDGETTS-MANDARIN,clean,redteam_factory/Edge-TTS,微软服务条款，仅研究评测用途,edgetts,mandarin,SC-000020,zh-CN-YunyangNeural,13.54,True,True,0.0,True,0.3032544378698225,True,True,0.026,True
data/redteam/factory/edgetts/mandarin/edgetts_mandarin_zh-CN-YunyangNeural_SC-000021.wav,spoof,RT-EDGETTS-MANDARIN,clean,redteam_factory/Edge-TTS,微软服务条款，仅研究评测用途,edgetts,mandarin,SC-000021,zh-CN-YunyangNeural,12.22,True,True,0.0,True,0.39672131147540984,True,True,0.008,True
data/redteam/factory/edgetts/mandarin/edgetts_mandarin_zh-CN-YunyangNeural_SC-000023.wav,spoof,RT-EDGETTS-MANDARIN,clean,redteam_factory/Edge-TTS,微软服务条款，仅研究评测用途,edgetts,mandarin,SC-000023,zh-CN-YunyangNeural,9.22,True,True,0.0,True,0.32608695652173914,True,True,0.008,True
data/redteam/factory/edgetts/mandarin/edgetts_mandarin_zh-CN-YunyangNeural_SC-000024.wav,spoof,RT-EDGETTS-MANDARIN,clean,redteam_factory/Edge-TTS,微软服务条款，仅研究评测用途,edgetts,mandarin,SC-000024,zh-CN-YunyangNeural,17.93,True,True,0.0,True,0.32142857142857145,True,True,0.037,True
data/redteam/factory/edgetts/mandarin/edgetts_mandarin_zh-CN-YunyangNeural_SC-000025.wav,spoof,RT-EDGETTS-MANDARIN,clean,redteam_factory/Edge-TTS,微软服务条款，仅研究评测用途,edgetts,mandarin,SC-000025,zh-CN-YunyangNeural,13.97,True,True,0.0,True,0.38108882521489973,True,True,0.103,True
data/redteam/factory/edgetts/mandarin/edgetts_mandarin_zh-CN-YunyangNeural_SC-000028.wav,spoof,RT-EDGETTS-MANDARIN,clean,redteam_factory/Edge-TTS,微软服务条款，仅研究评测用途,edgetts,mandarin,SC-000028,zh-CN-YunyangNeural,11.98,True,True,0.0,True,0.3595317725752508,True,True,0.051,True
data/redteam/factory/edgetts/mandarin/edgetts_mandarin_zh-CN-YunyangNeural_SC-000029.wav,spoof,RT-EDGETTS-MANDARIN,clean,redteam_factory/Edge-TTS,微软服务条款，仅研究评测用途,edgetts,mandarin,SC-000029,zh-CN-YunyangNeural,8.86,True,True,0.0,True,0.3778280542986425,True,True,0.02,True
data/redteam/factory/edgetts/minnan/edgetts_minnan_zh-TW-HsiaoChenNeural_SC-000001.wav,spoof,RT-EDGETTS-MINNAN,clean,redteam_factory/Edge-TTS,微软服务条款，仅研究评测用途,edgetts,minnan,SC-000001,zh-TW-HsiaoChenNeural,8.18,True,True,0.0,True,0.30073349633251834,True,True,0.07,True
data/redteam/factory/edgetts/minnan/edgetts_minnan_zh-TW-HsiaoChenNeural_SC-000003.wav,spoof,RT-EDGETTS-MINNAN,clean,redteam_factory/Edge-TTS,微软服务条款，仅研究评测用途,edgetts,minnan,SC-000003,zh-TW-HsiaoChenNeural,13.18,True,True,0.0,True,0.2993920972644377,True,True,0.075,True
data/redteam/factory/edgetts/minnan/edgetts_minnan_zh-TW-HsiaoChenNeural_SC-000004.wav,spoof,RT-EDGETTS-MINNAN,clean,redteam_factory/Edge-TTS,微软服务条款，仅研究评测用途,edgetts,minnan,SC-000004,zh-TW-HsiaoChenNeural,9.65,True,True,0.0,True,0.23029045643153526,True,True,0.124,True
data/redteam/factory/edgetts/minnan/edgetts_minnan_zh-TW-HsiaoChenNeural_SC-000006.wav,spoof,RT-EDGETTS-MINNAN,clean,redteam_factory/Edge-TTS,微软服务条款，仅研究评测用途,edgetts,minnan,SC-000006,zh-TW-HsiaoChenNeural,12.1,True,True,0.0,True,0.35596026490066224,True,True,0.197,True
data/redteam/factory/edgetts/minnan/edgetts_minnan_zh-TW-HsiaoChenNeural_SC-000020.wav,spoof,RT-EDGETTS-MINNAN,clean,redteam_factory/Edge-TTS,微软服务条款，仅研究评测用途,edgetts,minnan,SC-000020,zh-TW-HsiaoChenNeural,16.32,True,True,0.0,True,0.26715686274509803,True,True,0.077,True
data/redteam/factory/edgetts/minnan/edgetts_minnan_zh-TW-HsiaoChenNeural_SC-000023.wav,spoof,RT-EDGETTS-MINNAN,clean,redteam_factory/Edge-TTS,微软服务条款，仅研究评测用途,edgetts,minnan,SC-000023,zh-TW-HsiaoChenNeural,10.85,True,True,0.0,True,0.3007380073800738,True,True,0.001,True
data/redteam/factory/edgetts/minnan/edgetts_minnan_zh-TW-HsiaoChenNeural_SC-000002.wav,spoof,RT-EDGETTS-MINNAN,clean,redteam_factory/Edge-TTS,微软服务条款，仅研究评测用途,edgetts,minnan,SC-000002,zh-TW-HsiaoChenNeural,17.81,True,True,0.0,True,0.34606741573033706,True,True,0.225,True
data/redteam/factory/edgetts/minnan/edgetts_minnan_zh-TW-HsiaoChenNeural_SC-000007.wav,spoof,RT-EDGETTS-MINNAN,clean,redteam_factory/Edge-TTS,微软服务条款，仅研究评测用途,edgetts,minnan,SC-000007,zh-TW-HsiaoChenNeural,15.65,True,True,0.0,True,0.23785166240409208,True,True,0.024,True
data/redteam/factory/edgetts/minnan/edgetts_minnan_zh-TW-HsiaoChenNeural_SC-000008.wav,spoof,RT-EDGETTS-MINNAN,clean,redteam_factory/Edge-TTS,微软服务条款，仅研究评测用途,edgetts,minnan,SC-000008,zh-TW-HsiaoChenNeural,9.24,True,True,0.0,True,0.21212121212121213,True,True,0.082,True
data/redteam/factory/edgetts/minnan/edgetts_minnan_zh-TW-HsiaoChenNeural_SC-000009.wav,spoof,RT-EDGETTS-MINNAN,clean,redteam_factory/Edge-TTS,微软服务条款，仅研究评测用途,edgetts,minnan,SC-000009,zh-TW-HsiaoChenNeural,16.08,True,True,0.0,True,0.20522388059701493,True,True,0.168,True
data/redteam/factory/edgetts/minnan/edgetts_minnan_zh-TW-HsiaoChenNeural_SC-000010.wav,spoof,RT-EDGETTS-MINNAN,clean,redteam_factory/Edge-TTS,微软服务条款，仅研究评测用途,edgetts,minnan,SC-000010,zh-TW-HsiaoChenNeural,9.89,True,True,0.0,True,0.2651821862348178,True,True,0.122,True
data/redteam/factory/edgetts/minnan/edgetts_minnan_zh-TW-HsiaoChenNeural_SC-000012.wav,spoof,RT-EDGETTS-MINNAN,clean,redteam_factory/Edge-TTS,微软服务条款，仅研究评测用途,edgetts,minnan,SC-000012,zh-TW-HsiaoChenNeural,16.56,True,True,0.0,True,0.2922705314009662,True,True,0.006,True
data/redteam/factory/edgetts/minnan/edgetts_minnan_zh-TW-HsiaoChenNeural_SC-000013.wav,spoof,RT-EDGETTS-MINNAN,clean,redteam_factory/Edge-TTS,微软服务条款，仅研究评测用途,edgetts,minnan,SC-000013,zh-TW-HsiaoChenNeural,12.22,True,True,0.0,True,0.2901639344262295,True,True,0.04,True
data/redteam/factory/edgetts/minnan/edgetts_minnan_zh-TW-HsiaoChenNeural_SC-000014.wav,spoof,RT-EDGETTS-MINNAN,clean,redteam_factory/Edge-TTS,微软服务条款，仅研究评测用途,edgetts,minnan,SC-000014,zh-TW-HsiaoChenNeural,10.58,True,True,0.0,True,0.2533081285444234,True,True,0.048,True
data/redteam/factory/edgetts/minnan/edgetts_minnan_zh-TW-HsiaoChenNeural_SC-000015.wav,spoof,RT-EDGETTS-MINNAN,clean,redteam_factory/Edge-TTS,微软服务条款，仅研究评测用途,edgetts,minnan,SC-000015,zh-TW-HsiaoChenNeural,13.8,True,True,0.0,True,0.29130434782608694,True,True,0.007,True
data/redteam/factory/edgetts/minnan/edgetts_minnan_zh-TW-HsiaoChenNeural_SC-000016.wav,spoof,RT-EDGETTS-MINNAN,clean,redteam_factory/Edge-TTS,微软服务条款，仅研究评测用途,edgetts,minnan,SC-000016,zh-TW-HsiaoChenNeural,8.38,True,True,0.0,True,0.31100478468899523,True,True,0.151,True
data/redteam/factory/edgetts/minnan/edgetts_minnan_zh-TW-HsiaoChenNeural_SC-000018.wav,spoof,RT-EDGETTS-MINNAN,clean,redteam_factory/Edge-TTS,微软服务条款，仅研究评测用途,edgetts,minnan,SC-000018,zh-TW-HsiaoChenNeural,14.62,True,True,0.0,True,0.2671232876712329,True,True,0.143,True
data/redteam/factory/edgetts/minnan/edgetts_minnan_zh-TW-HsiaoChenNeural_SC-000019.wav,spoof,RT-EDGETTS-MINNAN,clean,redteam_factory/Edge-TTS,微软服务条款，仅研究评测用途,edgetts,minnan,SC-000019,zh-TW-HsiaoChenNeural,16.8,True,True,0.0,True,0.2785714285714286,True,True,0.064,True
data/redteam/factory/edgetts/minnan/edgetts_minnan_zh-TW-HsiaoChenNeural_SC-000021.wav,spoof,RT-EDGETTS-MINNAN,clean,redteam_factory/Edge-TTS,微软服务条款，仅研究评测用途,edgetts,minnan,SC-000021,zh-TW-HsiaoChenNeural,14.3,True,True,0.0,True,0.3048951048951049,True,True,0.004,True
data/redteam/factory/edgetts/minnan/edgetts_minnan_zh-TW-HsiaoChenNeural_SC-000022.wav,spoof,RT-EDGETTS-MINNAN,clean,redteam_factory/Edge-TTS,微软服务条款，仅研究评测用途,edgetts,minnan,SC-000022,zh-TW-HsiaoChenNeural,14.71,True,True,0.0,True,0.2925170068027211,True,True,0.017,True
data/redteam/factory/edgetts/minnan/edgetts_minnan_zh-TW-HsiaoChenNeural_SC-000025.wav,spoof,RT-EDGETTS-MINNAN,clean,redteam_factory/Edge-TTS,微软服务条款，仅研究评测用途,edgetts,minnan,SC-000025,zh-TW-HsiaoChenNeural,17.06,True,True,0.0,True,0.32004689331770225,True,True,0.044,True
data/redteam/factory/edgetts/minnan/edgetts_minnan_zh-TW-HsiaoChenNeural_SC-000026.wav,spoof,RT-EDGETTS-MINNAN,clean,redteam_factory/Edge-TTS,微软服务条款，仅研究评测用途,edgetts,minnan,SC-000026,zh-TW-HsiaoChenNeural,12.26,True,True,0.0,True,0.21859706362153344,True,True,0.019,True
data/redteam/factory/edgetts/minnan/edgetts_minnan_zh-TW-HsiaoChenNeural_SC-000027.wav,spoof,RT-EDGETTS-MINNAN,clean,redteam_factory/Edge-TTS,微软服务条款，仅研究评测用途,edgetts,minnan,SC-000027,zh-TW-HsiaoChenNeural,8.45,True,True,0.0,True,0.33886255924170616,True,True,0.044,True
data/redteam/factory/edgetts/minnan/edgetts_minnan_zh-TW-HsiaoChenNeural_SC-000028.wav,spoof,RT-EDGETTS-MINNAN,clean,redteam_factory/Edge-TTS,微软服务条款，仅研究评测用途,edgetts,minnan,SC-000028,zh-TW-HsiaoChenNeural,14.42,True,True,0.0,True,0.2829403606102635,True,True,0.004,True
data/redteam/factory/edgetts/minnan/edgetts_minnan_zh-TW-HsiaoChenNeural_SC-000029.wav,spoof,RT-EDGETTS-MINNAN,clean,redteam_factory/Edge-TTS,微软服务条款，仅研究评测用途,edgetts,minnan,SC-000029,zh-TW-HsiaoChenNeural,10.99,True,True,0.0,True,0.3333333333333333,True,True,0.042,True
data/redteam/factory/edgetts/minnan/edgetts_minnan_zh-TW-YunJheNeural_SC-000001.wav,spoof,RT-EDGETTS-MINNAN,clean,redteam_factory/Edge-TTS,微软服务条款，仅研究评测用途,edgetts,minnan,SC-000001,zh-TW-YunJheNeural,7.3,True,True,0.0,True,0.36538461538461536,True,True,0.013,True
data/redteam/factory/edgetts/minnan/edgetts_minnan_zh-TW-YunJheNeural_SC-000003.wav,spoof,RT-EDGETTS-MINNAN,clean,redteam_factory/Edge-TTS,微软服务条款，仅研究评测用途,edgetts,minnan,SC-000003,zh-TW-YunJheNeural,11.78,True,True,0.0,True,0.37521222410865873,True,True,0.061,True
data/redteam/factory/edgetts/minnan/edgetts_minnan_zh-TW-YunJheNeural_SC-000004.wav,spoof,RT-EDGETTS-MINNAN,clean,redteam_factory/Edge-TTS,微软服务条款，仅研究评测用途,edgetts,minnan,SC-000004,zh-TW-YunJheNeural,8.35,True,True,0.0,True,0.3117505995203837,True,True,0.025,True
data/redteam/factory/edgetts/minnan/edgetts_minnan_zh-TW-YunJheNeural_SC-000006.wav,spoof,RT-EDGETTS-MINNAN,clean,redteam_factory/Edge-TTS,微软服务条款，仅研究评测用途,edgetts,minnan,SC-000006,zh-TW-YunJheNeural,11.47,True,True,0.0,True,0.4258289703315881,True,True,0.011,True
data/redteam/factory/edgetts/minnan/edgetts_minnan_zh-TW-YunJheNeural_SC-000020.wav,spoof,RT-EDGETTS-MINNAN,clean,redteam_factory/Edge-TTS,微软服务条款，仅研究评测用途,edgetts,minnan,SC-000020,zh-TW-YunJheNeural,15.29,True,True,0.0,True,0.331151832460733,True,True,0.017,True
data/redteam/factory/edgetts/minnan/edgetts_minnan_zh-TW-YunJheNeural_SC-000023.wav,spoof,RT-EDGETTS-MINNAN,clean,redteam_factory/Edge-TTS,微软服务条款，仅研究评测用途,edgetts,minnan,SC-000023,zh-TW-YunJheNeural,10.13,True,True,0.0,True,0.37549407114624506,True,True,0.003,True
data/redteam/factory/edgetts/minnan/edgetts_minnan_zh-TW-YunJheNeural_SC-000002.wav,spoof,RT-EDGETTS-MINNAN,clean,redteam_factory/Edge-TTS,微软服务条款，仅研究评测用途,edgetts,minnan,SC-000002,zh-TW-YunJheNeural,16.66,True,True,0.0,True,0.4266826923076923,True,True,0.007,True
data/redteam/factory/edgetts/minnan/edgetts_minnan_zh-TW-YunJheNeural_SC-000005.wav,spoof,RT-EDGETTS-MINNAN,clean,redteam_factory/Edge-TTS,微软服务条款，仅研究评测用途,edgetts,minnan,SC-000005,zh-TW-YunJheNeural,13.8,True,True,0.0,True,0.32318840579710145,True,True,0.044,True
data/redteam/factory/edgetts/minnan/edgetts_minnan_zh-TW-YunJheNeural_SC-000007.wav,spoof,RT-EDGETTS-MINNAN,clean,redteam_factory/Edge-TTS,微软服务条款，仅研究评测用途,edgetts,minnan,SC-000007,zh-TW-YunJheNeural,13.58,True,True,0.0,True,0.2812960235640648,True,True,0.004,True
data/redteam/factory/edgetts/minnan/edgetts_minnan_zh-TW-YunJheNeural_SC-000008.wav,spoof,RT-EDGETTS-MINNAN,clean,redteam_factory/Edge-TTS,微软服务条款，仅研究评测用途,edgetts,minnan,SC-000008,zh-TW-YunJheNeural,8.18,True,True,0.0,True,0.26894865525672373,True,True,0.01,True
data/redteam/factory/edgetts/minnan/edgetts_minnan_zh-TW-YunJheNeural_SC-000009.wav,spoof,RT-EDGETTS-MINNAN,clean,redteam_factory/Edge-TTS,微软服务条款，仅研究评测用途,edgetts,minnan,SC-000009,zh-TW-YunJheNeural,14.04,True,True,0.0,True,0.2720797720797721,True,True,0.026,True
data/redteam/factory/edgetts/minnan/edgetts_minnan_zh-TW-YunJheNeural_SC-000010.wav,spoof,RT-EDGETTS-MINNAN,clean,redteam_factory/Edge-TTS,微软服务条款，仅研究评测用途,edgetts,minnan,SC-000010,zh-TW-YunJheNeural,9.05,True,True,0.0,True,0.3495575221238938,True,True,0.005,True
data/redteam/factory/edgetts/minnan/edgetts_minnan_zh-TW-YunJheNeural_SC-000011.wav,spoof,RT-EDGETTS-MINNAN,clean,redteam_factory/Edge-TTS,微软服务条款，仅研究评测用途,edgetts,minnan,SC-000011,zh-TW-YunJheNeural,15.24,True,True,0.0,True,0.4356955380577428,True,True,0.115,True
data/redteam/factory/edgetts/minnan/edgetts_minnan_zh-TW-YunJheNeural_SC-000012.wav,spoof,RT-EDGETTS-MINNAN,clean,redteam_factory/Edge-TTS,微软服务条款，仅研究评测用途,edgetts,minnan,SC-000012,zh-TW-YunJheNeural,15.38,True,True,0.0,True,0.3550065019505852,True,True,0.003,True
data/redteam/factory/edgetts/minnan/edgetts_minnan_zh-TW-YunJheNeural_SC-000013.wav,spoof,RT-EDGETTS-MINNAN,clean,redteam_factory/Edge-TTS,微软服务条款，仅研究评测用途,edgetts,minnan,SC-000013,zh-TW-YunJheNeural,11.26,True,True,0.0,True,0.35587188612099646,True,True,0.003,True
data/redteam/factory/edgetts/minnan/edgetts_minnan_zh-TW-YunJheNeural_SC-000014.wav,spoof,RT-EDGETTS-MINNAN,clean,redteam_factory/Edge-TTS,微软服务条款，仅研究评测用途,edgetts,minnan,SC-000014,zh-TW-YunJheNeural,9.22,True,True,0.0,True,0.33260869565217394,True,True,0.01,True
data/redteam/factory/edgetts/minnan/edgetts_minnan_zh-TW-YunJheNeural_SC-000015.wav,spoof,RT-EDGETTS-MINNAN,clean,redteam_factory/Edge-TTS,微软服务条款，仅研究评测用途,edgetts,minnan,SC-000015,zh-TW-YunJheNeural,13.22,True,True,0.0,True,0.3767019667170953,True,True,0.002,True
data/redteam/factory/edgetts/minnan/edgetts_minnan_zh-TW-YunJheNeural_SC-000016.wav,spoof,RT-EDGETTS-MINNAN,clean,redteam_factory/Edge-TTS,微软服务条款，仅研究评测用途,edgetts,minnan,SC-000016,zh-TW-YunJheNeural,8.14,True,True,0.0,True,0.4014778325123153,True,True,0.024,True
data/redteam/factory/edgetts/minnan/edgetts_minnan_zh-TW-YunJheNeural_SC-000018.wav,spoof,RT-EDGETTS-MINNAN,clean,redteam_factory/Edge-TTS,微软服务条款，仅研究评测用途,edgetts,minnan,SC-000018,zh-TW-YunJheNeural,13.37,True,True,0.0,True,0.3592814371257485,True,True,0.027,True
data/redteam/factory/edgetts/minnan/edgetts_minnan_zh-TW-YunJheNeural_SC-000019.wav,spoof,RT-EDGETTS-MINNAN,clean,redteam_factory/Edge-TTS,微软服务条款，仅研究评测用途,edgetts,minnan,SC-000019,zh-TW-YunJheNeural,15.91,True,True,0.0,True,0.3723270440251572,True,True,0.008,True
data/redteam/factory/edgetts/minnan/edgetts_minnan_zh-TW-YunJheNeural_SC-000021.wav,spoof,RT-EDGETTS-MINNAN,clean,redteam_factory/Edge-TTS,微软服务条款，仅研究评测用途,edgetts,minnan,SC-000021,zh-TW-YunJheNeural,13.2,True,True,0.0,True,0.38333333333333336,True,True,0.003,True
data/redteam/factory/edgetts/minnan/edgetts_minnan_zh-TW-YunJheNeural_SC-000022.wav,spoof,RT-EDGETTS-MINNAN,clean,redteam_factory/Edge-TTS,微软服务条款，仅研究评测用途,edgetts,minnan,SC-000022,zh-TW-YunJheNeural,13.34,True,True,0.0,True,0.36431784107946025,True,True,0.008,True
data/redteam/factory/edgetts/minnan/edgetts_minnan_zh-TW-YunJheNeural_SC-000024.wav,spoof,RT-EDGETTS-MINNAN,clean,redteam_factory/Edge-TTS,微软服务条款，仅研究评测用途,edgetts,minnan,SC-000024,zh-TW-YunJheNeural,18.02,True,True,0.0,True,0.3074361820199778,True,True,0.028,True
data/redteam/factory/edgetts/minnan/edgetts_minnan_zh-TW-YunJheNeural_SC-000025.wav,spoof,RT-EDGETTS-MINNAN,clean,redteam_factory/Edge-TTS,微软服务条款，仅研究评测用途,edgetts,minnan,SC-000025,zh-TW-YunJheNeural,15.82,True,True,0.0,True,0.4050632911392405,True,True,0.035,True
data/redteam/factory/edgetts/minnan/edgetts_minnan_zh-TW-YunJheNeural_SC-000026.wav,spoof,RT-EDGETTS-MINNAN,clean,redteam_factory/Edge-TTS,微软服务条款，仅研究评测用途,edgetts,minnan,SC-000026,zh-TW-YunJheNeural,10.82,True,True,0.0,True,0.2754158964879852,True,True,0.014,True
data/redteam/factory/edgetts/minnan/edgetts_minnan_zh-TW-YunJheNeural_SC-000027.wav,spoof,RT-EDGETTS-MINNAN,clean,redteam_factory/Edge-TTS,微软服务条款，仅研究评测用途,edgetts,minnan,SC-000027,zh-TW-YunJheNeural,8.02,True,True,0.0,True,0.4225,True,True,0.013,True
data/redteam/factory/edgetts/minnan/edgetts_minnan_zh-TW-YunJheNeural_SC-000028.wav,spoof,RT-EDGETTS-MINNAN,clean,redteam_factory/Edge-TTS,微软服务条款，仅研究评测用途,edgetts,minnan,SC-000028,zh-TW-YunJheNeural,13.18,True,True,0.0,True,0.3617021276595745,True,True,0.038,True
data/redteam/factory/edgetts/minnan/edgetts_minnan_zh-TW-YunJheNeural_SC-000029.wav,spoof,RT-EDGETTS-MINNAN,clean,redteam_factory/Edge-TTS,微软服务条款，仅研究评测用途,edgetts,minnan,SC-000029,zh-TW-YunJheNeural,10.1,True,True,0.0,True,0.39801980198019804,True,True,0.009,True
data/redteam/factory/edgetts/sichuan/edgetts_sichuan_zh-CN-YunxiNeural_SC-000010.wav,spoof,RT-EDGETTS-SICHUAN,clean,redteam_factory/Edge-TTS,微软服务条款，仅研究评测用途,edgetts,sichuan,SC-000010,zh-CN-YunxiNeural,9.31,True,True,0.0,True,0.43655913978494626,True,True,0.005,True
data/redteam/factory/edgetts/sichuan/edgetts_sichuan_zh-CN-YunxiNeural_SC-000029.wav,spoof,RT-EDGETTS-SICHUAN,clean,redteam_factory/Edge-TTS,微软服务条款，仅研究评测用途,edgetts,sichuan,SC-000029,zh-CN-YunxiNeural,9.79,True,True,0.0,True,0.46421267893660534,True,True,0.005,True
data/redteam/factory/edgetts/sichuan/edgetts_sichuan_zh-CN-YunxiNeural_SC-000001.wav,spoof,RT-EDGETTS-SICHUAN,clean,redteam_factory/Edge-TTS,微软服务条款，仅研究评测用途,edgetts,sichuan,SC-000001,zh-CN-YunxiNeural,7.08,True,True,0.0,True,0.480225988700565,True,True,0.012,True
data/redteam/factory/edgetts/sichuan/edgetts_sichuan_zh-CN-YunxiNeural_SC-000002.wav,spoof,RT-EDGETTS-SICHUAN,clean,redteam_factory/Edge-TTS,微软服务条款，仅研究评测用途,edgetts,sichuan,SC-000002,zh-CN-YunxiNeural,15.84,True,True,0.0,True,0.45707070707070707,True,True,0.001,True
data/redteam/factory/edgetts/sichuan/edgetts_sichuan_zh-CN-YunxiNeural_SC-000003.wav,spoof,RT-EDGETTS-SICHUAN,clean,redteam_factory/Edge-TTS,微软服务条款，仅研究评测用途,edgetts,sichuan,SC-000003,zh-CN-YunxiNeural,11.88,True,True,0.0,True,0.4074074074074074,True,True,0.024,True
data/redteam/factory/edgetts/sichuan/edgetts_sichuan_zh-CN-YunxiNeural_SC-000004.wav,spoof,RT-EDGETTS-SICHUAN,clean,redteam_factory/Edge-TTS,微软服务条款，仅研究评测用途,edgetts,sichuan,SC-000004,zh-CN-YunxiNeural,9.17,True,True,0.0,True,0.44541484716157204,True,True,0.002,True
data/redteam/factory/edgetts/sichuan/edgetts_sichuan_zh-CN-YunxiNeural_SC-000005.wav,spoof,RT-EDGETTS-SICHUAN,clean,redteam_factory/Edge-TTS,微软服务条款，仅研究评测用途,edgetts,sichuan,SC-000005,zh-CN-YunxiNeural,12.02,True,True,0.0,True,0.3793677204658902,True,True,0.051,True
data/redteam/factory/edgetts/sichuan/edgetts_sichuan_zh-CN-YunxiNeural_SC-000006.wav,spoof,RT-EDGETTS-SICHUAN,clean,redteam_factory/Edge-TTS,微软服务条款，仅研究评测用途,edgetts,sichuan,SC-000006,zh-CN-YunxiNeural,10.75,True,True,0.0,True,0.4767225325884544,True,True,0.002,True
data/redteam/factory/edgetts/sichuan/edgetts_sichuan_zh-CN-YunxiNeural_SC-000007.wav,spoof,RT-EDGETTS-SICHUAN,clean,redteam_factory/Edge-TTS,微软服务条款，仅研究评测用途,edgetts,sichuan,SC-000007,zh-CN-YunxiNeural,14.47,True,True,0.0,True,0.359612724757953,True,True,0.014,True
data/redteam/factory/edgetts/sichuan/edgetts_sichuan_zh-CN-YunxiNeural_SC-000008.wav,spoof,RT-EDGETTS-SICHUAN,clean,redteam_factory/Edge-TTS,微软服务条款，仅研究评测用途,edgetts,sichuan,SC-000008,zh-CN-YunxiNeural,8.3,True,True,0.0,True,0.39518072289156625,True,True,0.03,True
data/redteam/factory/edgetts/sichuan/edgetts_sichuan_zh-CN-YunxiNeural_SC-000009.wav,spoof,RT-EDGETTS-SICHUAN,clean,redteam_factory/Edge-TTS,微软服务条款，仅研究评测用途,edgetts,sichuan,SC-000009,zh-CN-YunxiNeural,15.86,True,True,0.0,True,0.4073139974779319,True,True,0.023,True
data/redteam/factory/edgetts/sichuan/edgetts_sichuan_zh-CN-YunxiNeural_SC-000011.wav,spoof,RT-EDGETTS-SICHUAN,clean,redteam_factory/Edge-TTS,微软服务条款，仅研究评测用途,edgetts,sichuan,SC-000011,zh-CN-YunxiNeural,14.47,True,True,0.0,True,0.43983402489626555,True,True,0.004,True
data/redteam/factory/edgetts/sichuan/edgetts_sichuan_zh-CN-YunxiNeural_SC-000012.wav,spoof,RT-EDGETTS-SICHUAN,clean,redteam_factory/Edge-TTS,微软服务条款，仅研究评测用途,edgetts,sichuan,SC-000012,zh-CN-YunxiNeural,14.78,True,True,0.0,True,0.3870094722598105,True,True,0.001,True
data/redteam/factory/edgetts/sichuan/edgetts_sichuan_zh-CN-YunxiNeural_SC-000013.wav,spoof,RT-EDGETTS-SICHUAN,clean,redteam_factory/Edge-TTS,微软服务条款，仅研究评测用途,edgetts,sichuan,SC-000013,zh-CN-YunxiNeural,11.23,True,True,0.0,True,0.40641711229946526,True,True,0.001,True
data/redteam/factory/edgetts/sichuan/edgetts_sichuan_zh-CN-YunxiNeural_SC-000014.wav,spoof,RT-EDGETTS-SICHUAN,clean,redteam_factory/Edge-TTS,微软服务条款，仅研究评测用途,edgetts,sichuan,SC-000014,zh-CN-YunxiNeural,9.0,True,True,0.0,True,0.38666666666666666,True,True,0.02,True
data/redteam/factory/edgetts/sichuan/edgetts_sichuan_zh-CN-YunxiNeural_SC-000015.wav,spoof,RT-EDGETTS-SICHUAN,clean,redteam_factory/Edge-TTS,微软服务条款，仅研究评测用途,edgetts,sichuan,SC-000015,zh-CN-YunxiNeural,13.15,True,True,0.0,True,0.4459665144596651,True,True,0.001,True
data/redteam/factory/edgetts/sichuan/edgetts_sichuan_zh-CN-YunxiNeural_SC-000016.wav,spoof,RT-EDGETTS-SICHUAN,clean,redteam_factory/Edge-TTS,微软服务条款，仅研究评测用途,edgetts,sichuan,SC-000016,zh-CN-YunxiNeural,7.8,True,True,0.0,True,0.43333333333333335,True,True,0.039,True
data/redteam/factory/edgetts/sichuan/edgetts_sichuan_zh-CN-YunxiNeural_SC-000018.wav,spoof,RT-EDGETTS-SICHUAN,clean,redteam_factory/Edge-TTS,微软服务条款，仅研究评测用途,edgetts,sichuan,SC-000018,zh-CN-YunxiNeural,12.72,True,True,0.0,True,0.43553459119496857,True,True,0.009,True
data/redteam/factory/edgetts/sichuan/edgetts_sichuan_zh-CN-YunxiNeural_SC-000019.wav,spoof,RT-EDGETTS-SICHUAN,clean,redteam_factory/Edge-TTS,微软服务条款，仅研究评测用途,edgetts,sichuan,SC-000019,zh-CN-YunxiNeural,15.17,True,True,0.0,True,0.42480211081794195,True,True,0.002,True
data/redteam/factory/edgetts/sichuan/edgetts_sichuan_zh-CN-YunxiNeural_SC-000020.wav,spoof,RT-EDGETTS-SICHUAN,clean,redteam_factory/Edge-TTS,微软服务条款，仅研究评测用途,edgetts,sichuan,SC-000020,zh-CN-YunxiNeural,14.62,True,True,0.0,True,0.38082191780821917,True,True,0.015,True
data/redteam/factory/edgetts/sichuan/edgetts_sichuan_zh-CN-YunxiNeural_SC-000021.wav,spoof,RT-EDGETTS-SICHUAN,clean,redteam_factory/Edge-TTS,微软服务条款，仅研究评测用途,edgetts,sichuan,SC-000021,zh-CN-YunxiNeural,13.63,True,True,0.0,True,0.4185022026431718,True,True,0.019,True
data/redteam/factory/edgetts/sichuan/edgetts_sichuan_zh-CN-YunxiNeural_SC-000022.wav,spoof,RT-EDGETTS-SICHUAN,clean,redteam_factory/Edge-TTS,微软服务条款，仅研究评测用途,edgetts,sichuan,SC-000022,zh-CN-YunxiNeural,12.77,True,True,0.0,True,0.4012539184952978,True,True,0.013,True
data/redteam/factory/edgetts/sichuan/edgetts_sichuan_zh-CN-YunxiNeural_SC-000023.wav,spoof,RT-EDGETTS-SICHUAN,clean,redteam_factory/Edge-TTS,微软服务条款，仅研究评测用途,edgetts,sichuan,SC-000023,zh-CN-YunxiNeural,10.68,True,True,0.0,True,0.4101123595505618,True,True,0.001,True
data/redteam/factory/edgetts/sichuan/edgetts_sichuan_zh-CN-YunxiNeural_SC-000024.wav,spoof,RT-EDGETTS-SICHUAN,clean,redteam_factory/Edge-TTS,微软服务条款，仅研究评测用途,edgetts,sichuan,SC-000024,zh-CN-YunxiNeural,18.22,True,True,0.0,True,0.3637362637362637,True,True,0.013,True
data/redteam/factory/edgetts/sichuan/edgetts_sichuan_zh-CN-YunxiNeural_SC-000025.wav,spoof,RT-EDGETTS-SICHUAN,clean,redteam_factory/Edge-TTS,微软服务条款，仅研究评测用途,edgetts,sichuan,SC-000025,zh-CN-YunxiNeural,15.5,True,True,0.0,True,0.447741935483871,True,True,0.003,True
data/redteam/factory/edgetts/sichuan/edgetts_sichuan_zh-CN-YunxiNeural_SC-000026.wav,spoof,RT-EDGETTS-SICHUAN,clean,redteam_factory/Edge-TTS,微软服务条款，仅研究评测用途,edgetts,sichuan,SC-000026,zh-CN-YunxiNeural,10.9,True,True,0.0,True,0.37683823529411764,True,True,0.008,True
data/redteam/factory/edgetts/sichuan/edgetts_sichuan_zh-CN-YunxiNeural_SC-000027.wav,spoof,RT-EDGETTS-SICHUAN,clean,redteam_factory/Edge-TTS,微软服务条款，仅研究评测用途,edgetts,sichuan,SC-000027,zh-CN-YunxiNeural,7.08,True,True,0.0,True,0.4774011299435028,True,True,0.001,True
data/redteam/factory/edgetts/sichuan/edgetts_sichuan_zh-CN-YunxiNeural_SC-000028.wav,spoof,RT-EDGETTS-SICHUAN,clean,redteam_factory/Edge-TTS,微软服务条款，仅研究评测用途,edgetts,sichuan,SC-000028,zh-CN-YunxiNeural,12.79,True,True,0.0,True,0.4460093896713615,True,True,0.049,True
data/redteam/factory/edgetts/sichuan/edgetts_sichuan_zh-CN-XiaoxiaoNeural_SC-000010.wav,spoof,RT-EDGETTS-SICHUAN,clean,redteam_factory/Edge-TTS,微软服务条款，仅研究评测用途,edgetts,sichuan,SC-000010,zh-CN-XiaoxiaoNeural,9.12,True,True,0.0,True,0.2719298245614035,True,True,0.042,True
data/redteam/factory/edgetts/sichuan/edgetts_sichuan_zh-CN-XiaoxiaoNeural_SC-000029.wav,spoof,RT-EDGETTS-SICHUAN,clean,redteam_factory/Edge-TTS,微软服务条款，仅研究评测用途,edgetts,sichuan,SC-000029,zh-CN-XiaoxiaoNeural,9.77,True,True,0.0,True,0.32991803278688525,True,True,0.049,True
data/redteam/factory/edgetts/sichuan/edgetts_sichuan_zh-CN-XiaoxiaoNeural_SC-000001.wav,spoof,RT-EDGETTS-SICHUAN,clean,redteam_factory/Edge-TTS,微软服务条款，仅研究评测用途,edgetts,sichuan,SC-000001,zh-CN-XiaoxiaoNeural,7.1,True,True,0.0,True,0.3380281690140845,True,True,0.254,True
data/redteam/factory/edgetts/sichuan/edgetts_sichuan_zh-CN-XiaoxiaoNeural_SC-000002.wav,spoof,RT-EDGETTS-SICHUAN,clean,redteam_factory/Edge-TTS,微软服务条款，仅研究评测用途,edgetts,sichuan,SC-000002,zh-CN-XiaoxiaoNeural,15.67,True,True,0.0,True,0.33588761174968074,True,True,0.202,True
data/redteam/factory/edgetts/sichuan/edgetts_sichuan_zh-CN-XiaoxiaoNeural_SC-000003.wav,spoof,RT-EDGETTS-SICHUAN,clean,redteam_factory/Edge-TTS,微软服务条款，仅研究评测用途,edgetts,sichuan,SC-000003,zh-CN-XiaoxiaoNeural,11.98,True,True,0.0,True,0.2809364548494983,True,True,0.024,True
data/redteam/factory/edgetts/sichuan/edgetts_sichuan_zh-CN-XiaoxiaoNeural_SC-000004.wav,spoof,RT-EDGETTS-SICHUAN,clean,redteam_factory/Edge-TTS,微软服务条款，仅研究评测用途,edgetts,sichuan,SC-000004,zh-CN-XiaoxiaoNeural,9.48,True,True,0.0,True,0.2468354430379747,True,True,0.136,True
data/redteam/factory/edgetts/sichuan/edgetts_sichuan_zh-CN-XiaoxiaoNeural_SC-000005.wav,spoof,RT-EDGETTS-SICHUAN,clean,redteam_factory/Edge-TTS,微软服务条款，仅研究评测用途,edgetts,sichuan,SC-000005,zh-CN-XiaoxiaoNeural,13.73,True,True,0.0,True,0.27113702623906705,True,True,0.273,True
data/redteam/factory/edgetts/sichuan/edgetts_sichuan_zh-CN-XiaoxiaoNeural_SC-000006.wav,spoof,RT-EDGETTS-SICHUAN,clean,redteam_factory/Edge-TTS,微软服务条款，仅研究评测用途,edgetts,sichuan,SC-000006,zh-CN-XiaoxiaoNeural,10.61,True,True,0.0,True,0.34150943396226413,True,True,0.024,True
data/redteam/factory/edgetts/sichuan/edgetts_sichuan_zh-CN-XiaoxiaoNeural_SC-000008.wav,spoof,RT-EDGETTS-SICHUAN,clean,redteam_factory/Edge-TTS,微软服务条款，仅研究评测用途,edgetts,sichuan,SC-000008,zh-CN-XiaoxiaoNeural,8.86,True,True,0.0,True,0.19683257918552036,True,True,0.134,True
data/redteam/factory/edgetts/sichuan/edgetts_sichuan_zh-CN-XiaoxiaoNeural_SC-000009.wav,spoof,RT-EDGETTS-SICHUAN,clean,redteam_factory/Edge-TTS,微软服务条款，仅研究评测用途,edgetts,sichuan,SC-000009,zh-CN-XiaoxiaoNeural,16.03,True,True,0.0,True,0.23595505617977527,True,True,0.126,True
data/redteam/factory/edgetts/sichuan/edgetts_sichuan_zh-CN-XiaoxiaoNeural_SC-000011.wav,spoof,RT-EDGETTS-SICHUAN,clean,redteam_factory/Edge-TTS,微软服务条款，仅研究评测用途,edgetts,sichuan,SC-000011,zh-CN-XiaoxiaoNeural,14.3,True,True,0.0,True,0.33706293706293705,True,True,0.079,True
data/redteam/factory/edgetts/sichuan/edgetts_sichuan_zh-CN-XiaoxiaoNeural_SC-000012.wav,spoof,RT-EDGETTS-SICHUAN,clean,redteam_factory/Edge-TTS,微软服务条款，仅研究评测用途,edgetts,sichuan,SC-000012,zh-CN-XiaoxiaoNeural,14.9,True,True,0.0,True,0.2859060402684564,True,True,0.063,True
data/redteam/factory/edgetts/sichuan/edgetts_sichuan_zh-CN-XiaoxiaoNeural_SC-000013.wav,spoof,RT-EDGETTS-SICHUAN,clean,redteam_factory/Edge-TTS,微软服务条款，仅研究评测用途,edgetts,sichuan,SC-000013,zh-CN-XiaoxiaoNeural,11.16,True,True,0.0,True,0.2939068100358423,True,True,0.078,True
data/redteam/factory/edgetts/sichuan/edgetts_sichuan_zh-CN-XiaoxiaoNeural_SC-000014.wav,spoof,RT-EDGETTS-SICHUAN,clean,redteam_factory/Edge-TTS,微软服务条款，仅研究评测用途,edgetts,sichuan,SC-000014,zh-CN-XiaoxiaoNeural,9.77,True,True,0.0,True,0.2520491803278688,True,True,0.253,True
data/redteam/factory/edgetts/sichuan/edgetts_sichuan_zh-CN-XiaoxiaoNeural_SC-000015.wav,spoof,RT-EDGETTS-SICHUAN,clean,redteam_factory/Edge-TTS,微软服务条款，仅研究评测用途,edgetts,sichuan,SC-000015,zh-CN-XiaoxiaoNeural,13.1,True,True,0.0,True,0.2900763358778626,True,True,0.018,True
data/redteam/factory/edgetts/sichuan/edgetts_sichuan_zh-CN-XiaoxiaoNeural_SC-000016.wav,spoof,RT-EDGETTS-SICHUAN,clean,redteam_factory/Edge-TTS,微软服务条款，仅研究评测用途,edgetts,sichuan,SC-000016,zh-CN-XiaoxiaoNeural,7.49,True,True,0.0,True,0.2967914438502674,True,True,0.035,True
data/redteam/factory/edgetts/sichuan/edgetts_sichuan_zh-CN-XiaoxiaoNeural_SC-000018.wav,spoof,RT-EDGETTS-SICHUAN,clean,redteam_factory/Edge-TTS,微软服务条款，仅研究评测用途,edgetts,sichuan,SC-000018,zh-CN-XiaoxiaoNeural,12.98,True,True,0.0,True,0.275808936825886,True,True,0.02,True
data/redteam/factory/edgetts/sichuan/edgetts_sichuan_zh-CN-XiaoxiaoNeural_SC-000019.wav,spoof,RT-EDGETTS-SICHUAN,clean,redteam_factory/Edge-TTS,微软服务条款，仅研究评测用途,edgetts,sichuan,SC-000019,zh-CN-XiaoxiaoNeural,15.19,True,True,0.0,True,0.26613965744400525,True,True,0.279,True
data/redteam/factory/edgetts/sichuan/edgetts_sichuan_zh-CN-XiaoxiaoNeural_SC-000020.wav,spoof,RT-EDGETTS-SICHUAN,clean,redteam_factory/Edge-TTS,微软服务条款，仅研究评测用途,edgetts,sichuan,SC-000020,zh-CN-XiaoxiaoNeural,15.14,True,True,0.0,True,0.261558784676354,True,True,0.095,True
data/redteam/factory/edgetts/sichuan/edgetts_sichuan_zh-CN-XiaoxiaoNeural_SC-000021.wav,spoof,RT-EDGETTS-SICHUAN,clean,redteam_factory/Edge-TTS,微软服务条款，仅研究评测用途,edgetts,sichuan,SC-000021,zh-CN-XiaoxiaoNeural,13.15,True,True,0.0,True,0.3013698630136986,True,True,0.033,True
data/redteam/factory/edgetts/sichuan/edgetts_sichuan_zh-CN-XiaoxiaoNeural_SC-000022.wav,spoof,RT-EDGETTS-SICHUAN,clean,redteam_factory/Edge-TTS,微软服务条款，仅研究评测用途,edgetts,sichuan,SC-000022,zh-CN-XiaoxiaoNeural,13.68,True,True,0.0,True,0.27485380116959063,True,True,0.03,True
data/redteam/factory/edgetts/sichuan/edgetts_sichuan_zh-CN-XiaoxiaoNeural_SC-000023.wav,spoof,RT-EDGETTS-SICHUAN,clean,redteam_factory/Edge-TTS,微软服务条款，仅研究评测用途,edgetts,sichuan,SC-000023,zh-CN-XiaoxiaoNeural,10.13,True,True,0.0,True,0.2885375494071146,True,True,0.01,True
data/redteam/factory/edgetts/sichuan/edgetts_sichuan_zh-CN-XiaoxiaoNeural_SC-000024.wav,spoof,RT-EDGETTS-SICHUAN,clean,redteam_factory/Edge-TTS,微软服务条款，仅研究评测用途,edgetts,sichuan,SC-000024,zh-CN-XiaoxiaoNeural,19.8,True,True,0.0,True,0.22626262626262628,True,True,0.132,True
data/redteam/factory/edgetts/sichuan/edgetts_sichuan_zh-CN-XiaoxiaoNeural_SC-000025.wav,spoof,RT-EDGETTS-SICHUAN,clean,redteam_factory/Edge-TTS,微软服务条款，仅研究评测用途,edgetts,sichuan,SC-000025,zh-CN-XiaoxiaoNeural,15.53,True,True,0.0,True,0.32216494845360827,True,True,0.115,True
data/redteam/factory/edgetts/sichuan/edgetts_sichuan_zh-CN-XiaoxiaoNeural_SC-000026.wav,spoof,RT-EDGETTS-SICHUAN,clean,redteam_factory/Edge-TTS,微软服务条款，仅研究评测用途,edgetts,sichuan,SC-000026,zh-CN-XiaoxiaoNeural,11.57,True,True,0.0,True,0.25432525951557095,True,True,0.206,True
data/redteam/factory/edgetts/sichuan/edgetts_sichuan_zh-CN-XiaoxiaoNeural_SC-000027.wav,spoof,RT-EDGETTS-SICHUAN,clean,redteam_factory/Edge-TTS,微软服务条款，仅研究评测用途,edgetts,sichuan,SC-000027,zh-CN-XiaoxiaoNeural,7.15,True,True,0.0,True,0.3277310924369748,True,True,0.058,True
data/redteam/factory/edgetts/sichuan/edgetts_sichuan_zh-CN-XiaoxiaoNeural_SC-000028.wav,spoof,RT-EDGETTS-SICHUAN,clean,redteam_factory/Edge-TTS,微软服务条款，仅研究评测用途,edgetts,sichuan,SC-000028,zh-CN-XiaoxiaoNeural,13.9,True,True,0.0,True,0.30979827089337175,True,True,0.025,True
data/redteam/factory/edgetts/cantonese/edgetts_cantonese_zh-HK-HiuMaanNeural_SC-000005.wav,spoof,RT-EDGETTS-CANTONESE,clean,redteam_factory/Edge-TTS,微软服务条款，仅研究评测用途,edgetts,cantonese,SC-000005,zh-HK-HiuMaanNeural,15.02,True,True,0.0,True,0.2529960053262317,True,True,0.01,True
data/redteam/factory/edgetts/cantonese/edgetts_cantonese_zh-HK-HiuMaanNeural_SC-000008.wav,spoof,RT-EDGETTS-CANTONESE,clean,redteam_factory/Edge-TTS,微软服务条款，仅研究评测用途,edgetts,cantonese,SC-000008,zh-HK-HiuMaanNeural,9.62,True,True,0.0,True,0.19750519750519752,True,True,0.023,True
data/redteam/factory/edgetts/cantonese/edgetts_cantonese_zh-HK-HiuMaanNeural_SC-000014.wav,spoof,RT-EDGETTS-CANTONESE,clean,redteam_factory/Edge-TTS,微软服务条款，仅研究评测用途,edgetts,cantonese,SC-000014,zh-HK-HiuMaanNeural,10.56,True,True,0.0,True,0.2821969696969697,True,True,0.006,True
data/redteam/factory/edgetts/cantonese/edgetts_cantonese_zh-HK-HiuMaanNeural_SC-000015.wav,spoof,RT-EDGETTS-CANTONESE,clean,redteam_factory/Edge-TTS,微软服务条款，仅研究评测用途,edgetts,cantonese,SC-000015,zh-HK-HiuMaanNeural,14.54,True,True,0.0,True,0.28060522696011003,True,True,0.002,True
data/redteam/factory/edgetts/cantonese/edgetts_cantonese_zh-HK-HiuMaanNeural_SC-000018.wav,spoof,RT-EDGETTS-CANTONESE,clean,redteam_factory/Edge-TTS,微软服务条款，仅研究评测用途,edgetts,cantonese,SC-000018,zh-HK-HiuMaanNeural,14.38,True,True,0.0,True,0.2799442896935933,True,True,0.069,True
data/redteam/factory/edgetts/cantonese/edgetts_cantonese_zh-HK-HiuMaanNeural_SC-000001.wav,spoof,RT-EDGETTS-CANTONESE,clean,redteam_factory/Edge-TTS,微软服务条款，仅研究评测用途,edgetts,cantonese,SC-000001,zh-HK-HiuMaanNeural,8.11,True,True,0.0,True,0.2938271604938272,True,True,0.009,True
data/redteam/factory/edgetts/cantonese/edgetts_cantonese_zh-HK-HiuMaanNeural_SC-000002.wav,spoof,RT-EDGETTS-CANTONESE,clean,redteam_factory/Edge-TTS,微软服务条款，仅研究评测用途,edgetts,cantonese,SC-000002,zh-HK-HiuMaanNeural,17.62,True,True,0.0,True,0.3465909090909091,True,True,0.009,True
data/redteam/factory/edgetts/cantonese/edgetts_cantonese_zh-HK-HiuMaanNeural_SC-000003.wav,spoof,RT-EDGETTS-CANTONESE,clean,redteam_factory/Edge-TTS,微软服务条款，仅研究评测用途,edgetts,cantonese,SC-000003,zh-HK-HiuMaanNeural,13.22,True,True,0.0,True,0.30559757942511345,True,True,0.003,True
data/redteam/factory/edgetts/cantonese/edgetts_cantonese_zh-HK-HiuMaanNeural_SC-000004.wav,spoof,RT-EDGETTS-CANTONESE,clean,redteam_factory/Edge-TTS,微软服务条款，仅研究评测用途,edgetts,cantonese,SC-000004,zh-HK-HiuMaanNeural,9.36,True,True,0.0,True,0.24145299145299146,True,True,0.013,True
data/redteam/factory/edgetts/cantonese/edgetts_cantonese_zh-HK-HiuMaanNeural_SC-000006.wav,spoof,RT-EDGETTS-CANTONESE,clean,redteam_factory/Edge-TTS,微软服务条款，仅研究评测用途,edgetts,cantonese,SC-000006,zh-HK-HiuMaanNeural,12.24,True,True,0.0,True,0.36437908496732024,True,True,0.0,True
data/redteam/factory/edgetts/cantonese/edgetts_cantonese_zh-HK-HiuMaanNeural_SC-000007.wav,spoof,RT-EDGETTS-CANTONESE,clean,redteam_factory/Edge-TTS,微软服务条款，仅研究评测用途,edgetts,cantonese,SC-000007,zh-HK-HiuMaanNeural,15.74,True,True,0.0,True,0.24523506988564167,True,True,0.018,True
data/redteam/factory/edgetts/cantonese/edgetts_cantonese_zh-HK-HiuMaanNeural_SC-000009.wav,spoof,RT-EDGETTS-CANTONESE,clean,redteam_factory/Edge-TTS,微软服务条款，仅研究评测用途,edgetts,cantonese,SC-000009,zh-HK-HiuMaanNeural,16.06,True,True,0.0,True,0.20448877805486285,True,True,0.015,True
data/redteam/factory/edgetts/cantonese/edgetts_cantonese_zh-HK-HiuMaanNeural_SC-000010.wav,spoof,RT-EDGETTS-CANTONESE,clean,redteam_factory/Edge-TTS,微软服务条款，仅研究评测用途,edgetts,cantonese,SC-000010,zh-HK-HiuMaanNeural,10.54,True,True,0.0,True,0.2509505703422053,True,True,0.006,True
data/redteam/factory/edgetts/cantonese/edgetts_cantonese_zh-HK-HiuMaanNeural_SC-000011.wav,spoof,RT-EDGETTS-CANTONESE,clean,redteam_factory/Edge-TTS,微软服务条款，仅研究评测用途,edgetts,cantonese,SC-000011,zh-HK-HiuMaanNeural,15.82,True,True,0.0,True,0.34177215189873417,True,True,0.005,True
data/redteam/factory/edgetts/cantonese/edgetts_cantonese_zh-HK-HiuMaanNeural_SC-000012.wav,spoof,RT-EDGETTS-CANTONESE,clean,redteam_factory/Edge-TTS,微软服务条款，仅研究评测用途,edgetts,cantonese,SC-000012,zh-HK-HiuMaanNeural,16.97,True,True,0.0,True,0.29952830188679247,True,True,0.005,True
data/redteam/factory/edgetts/cantonese/edgetts_cantonese_zh-HK-HiuMaanNeural_SC-000013.wav,spoof,RT-EDGETTS-CANTONESE,clean,redteam_factory/Edge-TTS,微软服务条款，仅研究评测用途,edgetts,cantonese,SC-000013,zh-HK-HiuMaanNeural,12.38,True,True,0.0,True,0.2665589660743134,True,True,0.003,True
data/redteam/factory/edgetts/cantonese/edgetts_cantonese_zh-HK-HiuMaanNeural_SC-000016.wav,spoof,RT-EDGETTS-CANTONESE,clean,redteam_factory/Edge-TTS,微软服务条款，仅研究评测用途,edgetts,cantonese,SC-000016,zh-HK-HiuMaanNeural,8.62,True,True,0.0,True,0.30930232558139537,True,True,0.006,True
data/redteam/factory/edgetts/cantonese/edgetts_cantonese_zh-HK-HiuMaanNeural_SC-000019.wav,spoof,RT-EDGETTS-CANTONESE,clean,redteam_factory/Edge-TTS,微软服务条款，仅研究评测用途,edgetts,cantonese,SC-000019,zh-HK-HiuMaanNeural,16.58,True,True,0.0,True,0.27864897466827504,True,True,0.005,True
data/redteam/factory/edgetts/cantonese/edgetts_cantonese_zh-HK-HiuMaanNeural_SC-000020.wav,spoof,RT-EDGETTS-CANTONESE,clean,redteam_factory/Edge-TTS,微软服务条款，仅研究评测用途,edgetts,cantonese,SC-000020,zh-HK-HiuMaanNeural,17.02,True,True,0.0,True,0.27647058823529413,True,True,0.004,True
data/redteam/factory/edgetts/cantonese/edgetts_cantonese_zh-HK-HiuMaanNeural_SC-000021.wav,spoof,RT-EDGETTS-CANTONESE,clean,redteam_factory/Edge-TTS,微软服务条款，仅研究评测用途,edgetts,cantonese,SC-000021,zh-HK-HiuMaanNeural,14.28,True,True,0.0,True,0.29971988795518206,True,True,0.009,True
data/redteam/factory/edgetts/cantonese/edgetts_cantonese_zh-HK-HiuMaanNeural_SC-000022.wav,spoof,RT-EDGETTS-CANTONESE,clean,redteam_factory/Edge-TTS,微软服务条款，仅研究评测用途,edgetts,cantonese,SC-000022,zh-HK-HiuMaanNeural,14.33,True,True,0.0,True,0.3058659217877095,True,True,0.021,True
data/redteam/factory/edgetts/cantonese/edgetts_cantonese_zh-HK-HiuMaanNeural_SC-000023.wav,spoof,RT-EDGETTS-CANTONESE,clean,redteam_factory/Edge-TTS,微软服务条款，仅研究评测用途,edgetts,cantonese,SC-000023,zh-HK-HiuMaanNeural,11.5,True,True,0.0,True,0.2787456445993031,True,True,0.003,True
data/redteam/factory/edgetts/cantonese/edgetts_cantonese_zh-HK-HiuMaanNeural_SC-000025.wav,spoof,RT-EDGETTS-CANTONESE,clean,redteam_factory/Edge-TTS,微软服务条款，仅研究评测用途,edgetts,cantonese,SC-000025,zh-HK-HiuMaanNeural,17.23,True,True,0.0,True,0.3252032520325203,True,True,0.029,True
data/redteam/factory/edgetts/cantonese/edgetts_cantonese_zh-HK-HiuMaanNeural_SC-000026.wav,spoof,RT-EDGETTS-CANTONESE,clean,redteam_factory/Edge-TTS,微软服务条款，仅研究评测用途,edgetts,cantonese,SC-000026,zh-HK-HiuMaanNeural,12.82,True,True,0.0,True,0.2265625,True,True,0.004,True
data/redteam/factory/edgetts/cantonese/edgetts_cantonese_zh-HK-HiuMaanNeural_SC-000027.wav,spoof,RT-EDGETTS-CANTONESE,clean,redteam_factory/Edge-TTS,微软服务条款，仅研究评测用途,edgetts,cantonese,SC-000027,zh-HK-HiuMaanNeural,8.54,True,True,0.0,True,0.33021077283372363,True,True,0.002,True
data/redteam/factory/edgetts/cantonese/edgetts_cantonese_zh-HK-HiuMaanNeural_SC-000028.wav,spoof,RT-EDGETTS-CANTONESE,clean,redteam_factory/Edge-TTS,微软服务条款，仅研究评测用途,edgetts,cantonese,SC-000028,zh-HK-HiuMaanNeural,14.47,True,True,0.0,True,0.29322268326417705,True,True,0.011,True
data/redteam/factory/edgetts/cantonese/edgetts_cantonese_zh-HK-HiuMaanNeural_SC-000029.wav,spoof,RT-EDGETTS-CANTONESE,clean,redteam_factory/Edge-TTS,微软服务条款，仅研究评测用途,edgetts,cantonese,SC-000029,zh-HK-HiuMaanNeural,10.78,True,True,0.0,True,0.33271375464684017,True,True,0.034,True
data/redteam/factory/edgetts/cantonese/edgetts_cantonese_zh-HK-WanLungNeural_SC-000005.wav,spoof,RT-EDGETTS-CANTONESE,clean,redteam_factory/Edge-TTS,微软服务条款，仅研究评测用途,edgetts,cantonese,SC-000005,zh-HK-WanLungNeural,14.64,True,True,0.0,True,0.28005464480874315,True,True,0.006,True
data/redteam/factory/edgetts/cantonese/edgetts_cantonese_zh-HK-WanLungNeural_SC-000008.wav,spoof,RT-EDGETTS-CANTONESE,clean,redteam_factory/Edge-TTS,微软服务条款，仅研究评测用途,edgetts,cantonese,SC-000008,zh-HK-WanLungNeural,9.26,True,True,0.0,True,0.2548596112311015,True,True,0.009,True
data/redteam/factory/edgetts/cantonese/edgetts_cantonese_zh-HK-WanLungNeural_SC-000014.wav,spoof,RT-EDGETTS-CANTONESE,clean,redteam_factory/Edge-TTS,微软服务条款，仅研究评测用途,edgetts,cantonese,SC-000014,zh-HK-WanLungNeural,10.34,True,True,0.0,True,0.32108317214700194,True,True,0.014,True
data/redteam/factory/edgetts/cantonese/edgetts_cantonese_zh-HK-WanLungNeural_SC-000015.wav,spoof,RT-EDGETTS-CANTONESE,clean,redteam_factory/Edge-TTS,微软服务条款，仅研究评测用途,edgetts,cantonese,SC-000015,zh-HK-WanLungNeural,14.54,True,True,0.0,True,0.3328748280605227,True,True,0.003,True
data/redteam/factory/edgetts/cantonese/edgetts_cantonese_zh-HK-WanLungNeural_SC-000018.wav,spoof,RT-EDGETTS-CANTONESE,clean,redteam_factory/Edge-TTS,微软服务条款，仅研究评测用途,edgetts,cantonese,SC-000018,zh-HK-WanLungNeural,14.47,True,True,0.0,True,0.31950207468879666,True,True,0.194,True
data/redteam/factory/edgetts/cantonese/edgetts_cantonese_zh-HK-WanLungNeural_SC-000001.wav,spoof,RT-EDGETTS-CANTONESE,clean,redteam_factory/Edge-TTS,微软服务条款，仅研究评测用途,edgetts,cantonese,SC-000001,zh-HK-WanLungNeural,7.92,True,True,0.0,True,0.3282828282828283,True,True,0.004,True
data/redteam/factory/edgetts/cantonese/edgetts_cantonese_zh-HK-WanLungNeural_SC-000002.wav,spoof,RT-EDGETTS-CANTONESE,clean,redteam_factory/Edge-TTS,微软服务条款，仅研究评测用途,edgetts,cantonese,SC-000002,zh-HK-WanLungNeural,17.5,True,True,0.0,True,0.38329519450800914,True,True,0.011,True
data/redteam/factory/edgetts/cantonese/edgetts_cantonese_zh-HK-WanLungNeural_SC-000003.wav,spoof,RT-EDGETTS-CANTONESE,clean,redteam_factory/Edge-TTS,微软服务条款，仅研究评测用途,edgetts,cantonese,SC-000003,zh-HK-WanLungNeural,13.25,True,True,0.0,True,0.33987915407854985,True,True,0.01,True
data/redteam/factory/edgetts/cantonese/edgetts_cantonese_zh-HK-WanLungNeural_SC-000004.wav,spoof,RT-EDGETTS-CANTONESE,clean,redteam_factory/Edge-TTS,微软服务条款，仅研究评测用途,edgetts,cantonese,SC-000004,zh-HK-WanLungNeural,9.29,True,True,0.0,True,0.2629310344827586,True,True,0.006,True
data/redteam/factory/edgetts/cantonese/edgetts_cantonese_zh-HK-WanLungNeural_SC-000006.wav,spoof,RT-EDGETTS-CANTONESE,clean,redteam_factory/Edge-TTS,微软服务条款，仅研究评测用途,edgetts,cantonese,SC-000006,zh-HK-WanLungNeural,12.38,True,True,0.0,True,0.40064620355411956,True,True,0.001,True
data/redteam/factory/edgetts/cantonese/edgetts_cantonese_zh-HK-WanLungNeural_SC-000007.wav,spoof,RT-EDGETTS-CANTONESE,clean,redteam_factory/Edge-TTS,微软服务条款，仅研究评测用途,edgetts,cantonese,SC-000007,zh-HK-WanLungNeural,15.14,True,True,0.0,True,0.24966974900924702,True,True,0.007,True
data/redteam/factory/edgetts/cantonese/edgetts_cantonese_zh-HK-WanLungNeural_SC-000009.wav,spoof,RT-EDGETTS-CANTONESE,clean,redteam_factory/Edge-TTS,微软服务条款，仅研究评测用途,edgetts,cantonese,SC-000009,zh-HK-WanLungNeural,15.48,True,True,0.0,True,0.23901808785529716,True,True,0.014,True
data/redteam/factory/edgetts/cantonese/edgetts_cantonese_zh-HK-WanLungNeural_SC-000010.wav,spoof,RT-EDGETTS-CANTONESE,clean,redteam_factory/Edge-TTS,微软服务条款，仅研究评测用途,edgetts,cantonese,SC-000010,zh-HK-WanLungNeural,10.15,True,True,0.0,True,0.27613412228796846,True,True,0.121,True
data/redteam/factory/edgetts/cantonese/edgetts_cantonese_zh-HK-WanLungNeural_SC-000011.wav,spoof,RT-EDGETTS-CANTONESE,clean,redteam_factory/Edge-TTS,微软服务条款，仅研究评测用途,edgetts,cantonese,SC-000011,zh-HK-WanLungNeural,15.62,True,True,0.0,True,0.3738796414852753,True,True,0.002,True
data/redteam/factory/edgetts/cantonese/edgetts_cantonese_zh-HK-WanLungNeural_SC-000012.wav,spoof,RT-EDGETTS-CANTONESE,clean,redteam_factory/Edge-TTS,微软服务条款，仅研究评测用途,edgetts,cantonese,SC-000012,zh-HK-WanLungNeural,17.06,True,True,0.0,True,0.33177022274325907,True,True,0.051,True
data/redteam/factory/edgetts/cantonese/edgetts_cantonese_zh-HK-WanLungNeural_SC-000013.wav,spoof,RT-EDGETTS-CANTONESE,clean,redteam_factory/Edge-TTS,微软服务条款，仅研究评测用途,edgetts,cantonese,SC-000013,zh-HK-WanLungNeural,12.17,True,True,0.0,True,0.3125,True,True,0.003,True
data/redteam/factory/edgetts/cantonese/edgetts_cantonese_zh-HK-WanLungNeural_SC-000016.wav,spoof,RT-EDGETTS-CANTONESE,clean,redteam_factory/Edge-TTS,微软服务条款，仅研究评测用途,edgetts,cantonese,SC-000016,zh-HK-WanLungNeural,8.76,True,True,0.0,True,0.3584474885844749,True,True,0.027,True
data/redteam/factory/edgetts/cantonese/edgetts_cantonese_zh-HK-WanLungNeural_SC-000019.wav,spoof,RT-EDGETTS-CANTONESE,clean,redteam_factory/Edge-TTS,微软服务条款，仅研究评测用途,edgetts,cantonese,SC-000019,zh-HK-WanLungNeural,16.7,True,True,0.0,True,0.3161676646706587,True,True,0.028,True
data/redteam/factory/edgetts/cantonese/edgetts_cantonese_zh-HK-WanLungNeural_SC-000020.wav,spoof,RT-EDGETTS-CANTONESE,clean,redteam_factory/Edge-TTS,微软服务条款，仅研究评测用途,edgetts,cantonese,SC-000020,zh-HK-WanLungNeural,16.9,True,True,0.0,True,0.31990521327014215,True,True,0.016,True
data/redteam/factory/edgetts/cantonese/edgetts_cantonese_zh-HK-WanLungNeural_SC-000021.wav,spoof,RT-EDGETTS-CANTONESE,clean,redteam_factory/Edge-TTS,微软服务条款，仅研究评测用途,edgetts,cantonese,SC-000021,zh-HK-WanLungNeural,14.18,True,True,0.0,True,0.3314527503526093,True,True,0.005,True
data/redteam/factory/edgetts/cantonese/edgetts_cantonese_zh-HK-WanLungNeural_SC-000022.wav,spoof,RT-EDGETTS-CANTONESE,clean,redteam_factory/Edge-TTS,微软服务条款，仅研究评测用途,edgetts,cantonese,SC-000022,zh-HK-WanLungNeural,14.18,True,True,0.0,True,0.3145275035260931,True,True,0.022,True
data/redteam/factory/edgetts/cantonese/edgetts_cantonese_zh-HK-WanLungNeural_SC-000023.wav,spoof,RT-EDGETTS-CANTONESE,clean,redteam_factory/Edge-TTS,微软服务条款，仅研究评测用途,edgetts,cantonese,SC-000023,zh-HK-WanLungNeural,11.45,True,True,0.0,True,0.3181818181818182,True,True,0.009,True
data/redteam/factory/edgetts/cantonese/edgetts_cantonese_zh-HK-WanLungNeural_SC-000025.wav,spoof,RT-EDGETTS-CANTONESE,clean,redteam_factory/Edge-TTS,微软服务条款，仅研究评测用途,edgetts,cantonese,SC-000025,zh-HK-WanLungNeural,17.64,True,True,0.0,True,0.36167800453514737,True,True,0.013,True
data/redteam/factory/edgetts/cantonese/edgetts_cantonese_zh-HK-WanLungNeural_SC-000026.wav,spoof,RT-EDGETTS-CANTONESE,clean,redteam_factory/Edge-TTS,微软服务条款，仅研究评测用途,edgetts,cantonese,SC-000026,zh-HK-WanLungNeural,12.24,True,True,0.0,True,0.2549019607843137,True,True,0.003,True
data/redteam/factory/edgetts/cantonese/edgetts_cantonese_zh-HK-WanLungNeural_SC-000027.wav,spoof,RT-EDGETTS-CANTONESE,clean,redteam_factory/Edge-TTS,微软服务条款，仅研究评测用途,edgetts,cantonese,SC-000027,zh-HK-WanLungNeural,8.33,True,True,0.0,True,0.3557692307692308,True,True,0.035,True
data/redteam/factory/edgetts/cantonese/edgetts_cantonese_zh-HK-WanLungNeural_SC-000028.wav,spoof,RT-EDGETTS-CANTONESE,clean,redteam_factory/Edge-TTS,微软服务条款，仅研究评测用途,edgetts,cantonese,SC-000028,zh-HK-WanLungNeural,14.47,True,True,0.0,True,0.313969571230982,True,True,0.007,True
data/redteam/factory/edgetts/cantonese/edgetts_cantonese_zh-HK-WanLungNeural_SC-000029.wav,spoof,RT-EDGETTS-CANTONESE,clean,redteam_factory/Edge-TTS,微软服务条款，仅研究评测用途,edgetts,cantonese,SC-000029,zh-HK-WanLungNeural,10.61,True,True,0.0,True,0.35283018867924526,True,True,0.015,True
data/redteam/factory/edgetts/dongbei/edgetts_dongbei_zh-CN-liaoning-XiaobeiNeural_SC-000002.wav,spoof,RT-EDGETTS-DONGBEI,clean,redteam_factory/Edge-TTS,微软服务条款，仅研究评测用途,edgetts,dongbei,SC-000002,zh-CN-liaoning-XiaobeiNeural,17.06,True,True,0.0,True,0.35873388042203985,True,True,0.006,True
data/redteam/factory/edgetts/dongbei/edgetts_dongbei_zh-CN-liaoning-XiaobeiNeural_SC-000013.wav,spoof,RT-EDGETTS-DONGBEI,clean,redteam_factory/Edge-TTS,微软服务条款，仅研究评测用途,edgetts,dongbei,SC-000013,zh-CN-liaoning-XiaobeiNeural,13.06,True,True,0.0,True,0.3312883435582822,True,True,0.046,True
data/redteam/factory/edgetts/dongbei/edgetts_dongbei_zh-CN-liaoning-XiaobeiNeural_SC-000021.wav,spoof,RT-EDGETTS-DONGBEI,clean,redteam_factory/Edge-TTS,微软服务条款，仅研究评测用途,edgetts,dongbei,SC-000021,zh-CN-liaoning-XiaobeiNeural,14.59,True,True,0.0,True,0.3100137174211248,True,True,0.006,True
data/redteam/factory/edgetts/dongbei/edgetts_dongbei_zh-CN-liaoning-XiaobeiNeural_SC-000001.wav,spoof,RT-EDGETTS-DONGBEI,clean,redteam_factory/Edge-TTS,微软服务条款，仅研究评测用途,edgetts,dongbei,SC-000001,zh-CN-liaoning-XiaobeiNeural,8.23,True,True,0.0,True,0.39902676399026765,True,True,0.024,True
data/redteam/factory/edgetts/dongbei/edgetts_dongbei_zh-CN-liaoning-XiaobeiNeural_SC-000003.wav,spoof,RT-EDGETTS-DONGBEI,clean,redteam_factory/Edge-TTS,微软服务条款，仅研究评测用途,edgetts,dongbei,SC-000003,zh-CN-liaoning-XiaobeiNeural,13.63,True,True,0.0,True,0.28634361233480177,True,True,0.022,True
data/redteam/factory/edgetts/dongbei/edgetts_dongbei_zh-CN-liaoning-XiaobeiNeural_SC-000004.wav,spoof,RT-EDGETTS-DONGBEI,clean,redteam_factory/Edge-TTS,微软服务条款，仅研究评测用途,edgetts,dongbei,SC-000004,zh-CN-liaoning-XiaobeiNeural,10.8,True,True,0.0,True,0.32037037037037036,True,True,0.005,True
data/redteam/factory/edgetts/dongbei/edgetts_dongbei_zh-CN-liaoning-XiaobeiNeural_SC-000005.wav,spoof,RT-EDGETTS-DONGBEI,clean,redteam_factory/Edge-TTS,微软服务条款，仅研究评测用途,edgetts,dongbei,SC-000005,zh-CN-liaoning-XiaobeiNeural,15.36,True,True,0.0,True,0.2981770833333333,True,True,0.002,True
data/redteam/factory/edgetts/dongbei/edgetts_dongbei_zh-CN-liaoning-XiaobeiNeural_SC-000006.wav,spoof,RT-EDGETTS-DONGBEI,clean,redteam_factory/Edge-TTS,微软服务条款，仅研究评测用途,edgetts,dongbei,SC-000006,zh-CN-liaoning-XiaobeiNeural,11.5,True,True,0.0,True,0.32752613240418116,True,True,0.036,True
data/redteam/factory/edgetts/dongbei/edgetts_dongbei_zh-CN-liaoning-XiaobeiNeural_SC-000007.wav,spoof,RT-EDGETTS-DONGBEI,clean,redteam_factory/Edge-TTS,微软服务条款，仅研究评测用途,edgetts,dongbei,SC-000007,zh-CN-liaoning-XiaobeiNeural,17.83,True,True,0.0,True,0.27497194163860833,True,True,0.028,True
data/redteam/factory/edgetts/dongbei/edgetts_dongbei_zh-CN-liaoning-XiaobeiNeural_SC-000008.wav,spoof,RT-EDGETTS-DONGBEI,clean,redteam_factory/Edge-TTS,微软服务条款，仅研究评测用途,edgetts,dongbei,SC-000008,zh-CN-liaoning-XiaobeiNeural,9.82,True,True,0.0,True,0.2795918367346939,True,True,0.007,True
data/redteam/factory/edgetts/dongbei/edgetts_dongbei_zh-CN-liaoning-XiaobeiNeural_SC-000009.wav,spoof,RT-EDGETTS-DONGBEI,clean,redteam_factory/Edge-TTS,微软服务条款，仅研究评测用途,edgetts,dongbei,SC-000009,zh-CN-liaoning-XiaobeiNeural,18.1,True,True,0.0,True,0.31194690265486724,True,True,0.033,True
data/redteam/factory/edgetts/dongbei/edgetts_dongbei_zh-CN-liaoning-XiaobeiNeural_SC-000010.wav,spoof,RT-EDGETTS-DONGBEI,clean,redteam_factory/Edge-TTS,微软服务条款，仅研究评测用途,edgetts,dongbei,SC-000010,zh-CN-liaoning-XiaobeiNeural,10.66,True,True,0.0,True,0.2894736842105263,True,True,0.033,True
data/redteam/factory/edgetts/dongbei/edgetts_dongbei_zh-CN-liaoning-XiaobeiNeural_SC-000011.wav,spoof,RT-EDGETTS-DONGBEI,clean,redteam_factory/Edge-TTS,微软服务条款，仅研究评测用途,edgetts,dongbei,SC-000011,zh-CN-liaoning-XiaobeiNeural,15.26,True,True,0.0,True,0.33682830930537355,True,True,0.004,True
data/redteam/factory/edgetts/dongbei/edgetts_dongbei_zh-CN-liaoning-XiaobeiNeural_SC-000012.wav,spoof,RT-EDGETTS-DONGBEI,clean,redteam_factory/Edge-TTS,微软服务条款，仅研究评测用途,edgetts,dongbei,SC-000012,zh-CN-liaoning-XiaobeiNeural,16.82,True,True,0.0,True,0.2984542211652794,True,True,0.008,True
data/redteam/factory/edgetts/dongbei/edgetts_dongbei_zh-CN-liaoning-XiaobeiNeural_SC-000014.wav,spoof,RT-EDGETTS-DONGBEI,clean,redteam_factory/Edge-TTS,微软服务条款，仅研究评测用途,edgetts,dongbei,SC-000014,zh-CN-liaoning-XiaobeiNeural,9.96,True,True,0.0,True,0.28714859437751006,True,True,0.019,True
data/redteam/factory/edgetts/dongbei/edgetts_dongbei_zh-CN-liaoning-XiaobeiNeural_SC-000015.wav,spoof,RT-EDGETTS-DONGBEI,clean,redteam_factory/Edge-TTS,微软服务条款，仅研究评测用途,edgetts,dongbei,SC-000015,zh-CN-liaoning-XiaobeiNeural,14.04,True,True,0.0,True,0.3148148148148148,True,True,0.007,True
data/redteam/factory/edgetts/dongbei/edgetts_dongbei_zh-CN-liaoning-XiaobeiNeural_SC-000016.wav,spoof,RT-EDGETTS-DONGBEI,clean,redteam_factory/Edge-TTS,微软服务条款，仅研究评测用途,edgetts,dongbei,SC-000016,zh-CN-liaoning-XiaobeiNeural,8.62,True,True,0.0,True,0.3186046511627907,True,True,0.025,True
data/redteam/factory/edgetts/dongbei/edgetts_dongbei_zh-CN-liaoning-XiaobeiNeural_SC-000018.wav,spoof,RT-EDGETTS-DONGBEI,clean,redteam_factory/Edge-TTS,微软服务条款，仅研究评测用途,edgetts,dongbei,SC-000018,zh-CN-liaoning-XiaobeiNeural,14.69,True,True,0.0,True,0.2847411444141689,True,True,0.023,True
data/redteam/factory/edgetts/dongbei/edgetts_dongbei_zh-CN-liaoning-XiaobeiNeural_SC-000019.wav,spoof,RT-EDGETTS-DONGBEI,clean,redteam_factory/Edge-TTS,微软服务条款，仅研究评测用途,edgetts,dongbei,SC-000019,zh-CN-liaoning-XiaobeiNeural,16.51,True,True,0.0,True,0.3006060606060606,True,True,0.01,True
data/redteam/factory/edgetts/dongbei/edgetts_dongbei_zh-CN-liaoning-XiaobeiNeural_SC-000020.wav,spoof,RT-EDGETTS-DONGBEI,clean,redteam_factory/Edge-TTS,微软服务条款，仅研究评测用途,edgetts,dongbei,SC-000020,zh-CN-liaoning-XiaobeiNeural,16.3,True,True,0.0,True,0.2714987714987715,True,True,0.042,True
data/redteam/factory/edgetts/dongbei/edgetts_dongbei_zh-CN-liaoning-XiaobeiNeural_SC-000022.wav,spoof,RT-EDGETTS-DONGBEI,clean,redteam_factory/Edge-TTS,微软服务条款，仅研究评测用途,edgetts,dongbei,SC-000022,zh-CN-liaoning-XiaobeiNeural,14.81,True,True,0.0,True,0.2702702702702703,True,True,0.018,True
data/redteam/factory/edgetts/dongbei/edgetts_dongbei_zh-CN-liaoning-XiaobeiNeural_SC-000023.wav,spoof,RT-EDGETTS-DONGBEI,clean,redteam_factory/Edge-TTS,微软服务条款，仅研究评测用途,edgetts,dongbei,SC-000023,zh-CN-liaoning-XiaobeiNeural,11.09,True,True,0.0,True,0.3483754512635379,True,True,0.036,True
data/redteam/factory/edgetts/dongbei/edgetts_dongbei_zh-CN-liaoning-XiaobeiNeural_SC-000025.wav,spoof,RT-EDGETTS-DONGBEI,clean,redteam_factory/Edge-TTS,微软服务条款，仅研究评测用途,edgetts,dongbei,SC-000025,zh-CN-liaoning-XiaobeiNeural,16.27,True,True,0.0,True,0.2976629766297663,True,True,0.035,True
data/redteam/factory/edgetts/dongbei/edgetts_dongbei_zh-CN-liaoning-XiaobeiNeural_SC-000026.wav,spoof,RT-EDGETTS-DONGBEI,clean,redteam_factory/Edge-TTS,微软服务条款，仅研究评测用途,edgetts,dongbei,SC-000026,zh-CN-liaoning-XiaobeiNeural,12.86,True,True,0.0,True,0.31726283048211507,True,True,0.011,True
data/redteam/factory/edgetts/dongbei/edgetts_dongbei_zh-CN-liaoning-XiaobeiNeural_SC-000027.wav,spoof,RT-EDGETTS-DONGBEI,clean,redteam_factory/Edge-TTS,微软服务条款，仅研究评测用途,edgetts,dongbei,SC-000027,zh-CN-liaoning-XiaobeiNeural,7.46,True,True,0.0,True,0.3806970509383378,True,True,0.025,True
data/redteam/factory/edgetts/dongbei/edgetts_dongbei_zh-CN-liaoning-XiaobeiNeural_SC-000028.wav,spoof,RT-EDGETTS-DONGBEI,clean,redteam_factory/Edge-TTS,微软服务条款，仅研究评测用途,edgetts,dongbei,SC-000028,zh-CN-liaoning-XiaobeiNeural,15.26,True,True,0.0,True,0.3486238532110092,True,True,0.002,True
data/redteam/factory/edgetts/dongbei/edgetts_dongbei_zh-CN-liaoning-XiaobeiNeural_SC-000029.wav,spoof,RT-EDGETTS-DONGBEI,clean,redteam_factory/Edge-TTS,微软服务条款，仅研究评测用途,edgetts,dongbei,SC-000029,zh-CN-liaoning-XiaobeiNeural,10.3,True,True,0.0,True,0.3560311284046693,True,True,0.066,True
data/redteam/factory/edgetts/henan/edgetts_henan_zh-CN-shaanxi-XiaoniNeural_SC-000009.wav,spoof,RT-EDGETTS-HENAN,clean,redteam_factory/Edge-TTS,微软服务条款，仅研究评测用途,edgetts,henan,SC-000009,zh-CN-shaanxi-XiaoniNeural,16.34,True,True,0.0,True,0.2839657282741738,True,True,0.123,True
data/redteam/factory/edgetts/henan/edgetts_henan_zh-CN-shaanxi-XiaoniNeural_SC-000025.wav,spoof,RT-EDGETTS-HENAN,clean,redteam_factory/Edge-TTS,微软服务条款，仅研究评测用途,edgetts,henan,SC-000025,zh-CN-shaanxi-XiaoniNeural,16.7,True,True,0.0,True,0.3532934131736527,True,True,0.004,True
data/redteam/factory/edgetts/henan/edgetts_henan_zh-CN-shaanxi-XiaoniNeural_SC-000028.wav,spoof,RT-EDGETTS-HENAN,clean,redteam_factory/Edge-TTS,微软服务条款，仅研究评测用途,edgetts,henan,SC-000028,zh-CN-shaanxi-XiaoniNeural,14.47,True,True,0.0,True,0.33748271092669435,True,True,0.01,True
data/redteam/factory/edgetts/henan/edgetts_henan_zh-CN-shaanxi-XiaoniNeural_SC-000001.wav,spoof,RT-EDGETTS-HENAN,clean,redteam_factory/Edge-TTS,微软服务条款，仅研究评测用途,edgetts,henan,SC-000001,zh-CN-shaanxi-XiaoniNeural,7.61,True,True,0.0,True,0.3631578947368421,True,True,0.026,True
data/redteam/factory/edgetts/henan/edgetts_henan_zh-CN-shaanxi-XiaoniNeural_SC-000002.wav,spoof,RT-EDGETTS-HENAN,clean,redteam_factory/Edge-TTS,微软服务条款，仅研究评测用途,edgetts,henan,SC-000002,zh-CN-shaanxi-XiaoniNeural,16.3,True,True,0.0,True,0.35503685503685506,True,True,0.009,True
data/redteam/factory/edgetts/henan/edgetts_henan_zh-CN-shaanxi-XiaoniNeural_SC-000003.wav,spoof,RT-EDGETTS-HENAN,clean,redteam_factory/Edge-TTS,微软服务条款，仅研究评测用途,edgetts,henan,SC-000003,zh-CN-shaanxi-XiaoniNeural,13.03,True,True,0.0,True,0.3225806451612903,True,True,0.113,True
data/redteam/factory/edgetts/henan/edgetts_henan_zh-CN-shaanxi-XiaoniNeural_SC-000004.wav,spoof,RT-EDGETTS-HENAN,clean,redteam_factory/Edge-TTS,微软服务条款，仅研究评测用途,edgetts,henan,SC-000004,zh-CN-shaanxi-XiaoniNeural,9.65,True,True,0.0,True,0.3132780082987552,True,True,0.014,True
data/redteam/factory/edgetts/henan/edgetts_henan_zh-CN-shaanxi-XiaoniNeural_SC-000005.wav,spoof,RT-EDGETTS-HENAN,clean,redteam_factory/Edge-TTS,微软服务条款，仅研究评测用途,edgetts,henan,SC-000005,zh-CN-shaanxi-XiaoniNeural,14.62,True,True,0.0,True,0.2958904109589041,True,True,0.039,True
data/redteam/factory/edgetts/henan/edgetts_henan_zh-CN-shaanxi-XiaoniNeural_SC-000006.wav,spoof,RT-EDGETTS-HENAN,clean,redteam_factory/Edge-TTS,微软服务条款，仅研究评测用途,edgetts,henan,SC-000006,zh-CN-shaanxi-XiaoniNeural,10.94,True,True,0.0,True,0.3692870201096892,True,True,0.005,True
data/redteam/factory/edgetts/henan/edgetts_henan_zh-CN-shaanxi-XiaoniNeural_SC-000007.wav,spoof,RT-EDGETTS-HENAN,clean,redteam_factory/Edge-TTS,微软服务条款，仅研究评测用途,edgetts,henan,SC-000007,zh-CN-shaanxi-XiaoniNeural,15.48,True,True,0.0,True,0.27648578811369506,True,True,0.022,True
data/redteam/factory/edgetts/henan/edgetts_henan_zh-CN-shaanxi-XiaoniNeural_SC-000008.wav,spoof,RT-EDGETTS-HENAN,clean,redteam_factory/Edge-TTS,微软服务条款，仅研究评测用途,edgetts,henan,SC-000008,zh-CN-shaanxi-XiaoniNeural,9.34,True,True,0.0,True,0.26180257510729615,True,True,0.029,True
data/redteam/factory/edgetts/henan/edgetts_henan_zh-CN-shaanxi-XiaoniNeural_SC-000010.wav,spoof,RT-EDGETTS-HENAN,clean,redteam_factory/Edge-TTS,微软服务条款，仅研究评测用途,edgetts,henan,SC-000010,zh-CN-shaanxi-XiaoniNeural,10.1,True,True,0.0,True,0.32673267326732675,True,True,0.018,True
data/redteam/factory/edgetts/henan/edgetts_henan_zh-CN-shaanxi-XiaoniNeural_SC-000011.wav,spoof,RT-EDGETTS-HENAN,clean,redteam_factory/Edge-TTS,微软服务条款，仅研究评测用途,edgetts,henan,SC-000011,zh-CN-shaanxi-XiaoniNeural,14.86,True,True,0.0,True,0.3638814016172507,True,True,0.01,True
data/redteam/factory/edgetts/henan/edgetts_henan_zh-CN-shaanxi-XiaoniNeural_SC-000012.wav,spoof,RT-EDGETTS-HENAN,clean,redteam_factory/Edge-TTS,微软服务条款，仅研究评测用途,edgetts,henan,SC-000012,zh-CN-shaanxi-XiaoniNeural,15.62,True,True,0.0,True,0.3060179257362356,True,True,0.016,True
data/redteam/factory/edgetts/henan/edgetts_henan_zh-CN-shaanxi-XiaoniNeural_SC-000013.wav,spoof,RT-EDGETTS-HENAN,clean,redteam_factory/Edge-TTS,微软服务条款，仅研究评测用途,edgetts,henan,SC-000013,zh-CN-shaanxi-XiaoniNeural,11.9,True,True,0.0,True,0.34285714285714286,True,True,0.031,True
data/redteam/factory/edgetts/henan/edgetts_henan_zh-CN-shaanxi-XiaoniNeural_SC-000014.wav,spoof,RT-EDGETTS-HENAN,clean,redteam_factory/Edge-TTS,微软服务条款，仅研究评测用途,edgetts,henan,SC-000014,zh-CN-shaanxi-XiaoniNeural,10.2,True,True,0.0,True,0.296078431372549,True,True,0.086,True
data/redteam/factory/edgetts/henan/edgetts_henan_zh-CN-shaanxi-XiaoniNeural_SC-000015.wav,spoof,RT-EDGETTS-HENAN,clean,redteam_factory/Edge-TTS,微软服务条款，仅研究评测用途,edgetts,henan,SC-000015,zh-CN-shaanxi-XiaoniNeural,13.58,True,True,0.0,True,0.30927835051546393,True,True,0.018,True
data/redteam/factory/edgetts/henan/edgetts_henan_zh-CN-shaanxi-XiaoniNeural_SC-000016.wav,spoof,RT-EDGETTS-HENAN,clean,redteam_factory/Edge-TTS,微软服务条款，仅研究评测用途,edgetts,henan,SC-000016,zh-CN-shaanxi-XiaoniNeural,8.23,True,True,0.0,True,0.34306569343065696,True,True,0.137,True
data/redteam/factory/edgetts/henan/edgetts_henan_zh-CN-shaanxi-XiaoniNeural_SC-000018.wav,spoof,RT-EDGETTS-HENAN,clean,redteam_factory/Edge-TTS,微软服务条款，仅研究评测用途,edgetts,henan,SC-000018,zh-CN-shaanxi-XiaoniNeural,14.21,True,True,0.0,True,0.30422535211267604,True,True,0.02,True
data/redteam/factory/edgetts/henan/edgetts_henan_zh-CN-shaanxi-XiaoniNeural_SC-000019.wav,spoof,RT-EDGETTS-HENAN,clean,redteam_factory/Edge-TTS,微软服务条款，仅研究评测用途,edgetts,henan,SC-000019,zh-CN-shaanxi-XiaoniNeural,15.82,True,True,0.0,True,0.30886075949367087,True,True,0.009,True
data/redteam/factory/edgetts/henan/edgetts_henan_zh-CN-shaanxi-XiaoniNeural_SC-000020.wav,spoof,RT-EDGETTS-HENAN,clean,redteam_factory/Edge-TTS,微软服务条款，仅研究评测用途,edgetts,henan,SC-000020,zh-CN-shaanxi-XiaoniNeural,15.77,True,True,0.0,True,0.2906091370558376,True,True,0.066,True
data/redteam/factory/edgetts/henan/edgetts_henan_zh-CN-shaanxi-XiaoniNeural_SC-000021.wav,spoof,RT-EDGETTS-HENAN,clean,redteam_factory/Edge-TTS,微软服务条款，仅研究评测用途,edgetts,henan,SC-000021,zh-CN-shaanxi-XiaoniNeural,14.04,True,True,0.0,True,0.32905982905982906,True,True,0.001,True
data/redteam/factory/edgetts/henan/edgetts_henan_zh-CN-shaanxi-XiaoniNeural_SC-000022.wav,spoof,RT-EDGETTS-HENAN,clean,redteam_factory/Edge-TTS,微软服务条款，仅研究评测用途,edgetts,henan,SC-000022,zh-CN-shaanxi-XiaoniNeural,14.18,True,True,0.0,True,0.3018335684062059,True,True,0.015,True
data/redteam/factory/edgetts/henan/edgetts_henan_zh-CN-shaanxi-XiaoniNeural_SC-000023.wav,spoof,RT-EDGETTS-HENAN,clean,redteam_factory/Edge-TTS,微软服务条款，仅研究评测用途,edgetts,henan,SC-000023,zh-CN-shaanxi-XiaoniNeural,10.51,True,True,0.0,True,0.3161904761904762,True,True,0.016,True
data/redteam/factory/edgetts/henan/edgetts_henan_zh-CN-shaanxi-XiaoniNeural_SC-000026.wav,spoof,RT-EDGETTS-HENAN,clean,redteam_factory/Edge-TTS,微软服务条款，仅研究评测用途,edgetts,henan,SC-000026,zh-CN-shaanxi-XiaoniNeural,12.53,True,True,0.0,True,0.3035143769968051,True,True,0.009,True
data/redteam/factory/edgetts/henan/edgetts_henan_zh-CN-shaanxi-XiaoniNeural_SC-000027.wav,spoof,RT-EDGETTS-HENAN,clean,redteam_factory/Edge-TTS,微软服务条款，仅研究评测用途,edgetts,henan,SC-000027,zh-CN-shaanxi-XiaoniNeural,7.61,True,True,0.0,True,0.3631578947368421,True,True,0.023,True
data/redteam/factory/edgetts/henan/edgetts_henan_zh-CN-shaanxi-XiaoniNeural_SC-000029.wav,spoof,RT-EDGETTS-HENAN,clean,redteam_factory/Edge-TTS,微软服务条款，仅研究评测用途,edgetts,henan,SC-000029,zh-CN-shaanxi-XiaoniNeural,9.86,True,True,0.0,True,0.35699797160243407,True,True,0.004,True
data/redteam/factory/edgetts/mandarin/edgetts_mandarin_zh-CN-YunxiNeural_SC-000030.wav,spoof,RT-EDGETTS-MANDARIN,clean,redteam_factory/Edge-TTS,微软服务条款，仅研究评测用途,edgetts,mandarin,SC-000030,zh-CN-YunxiNeural,10.46,True,True,0.0,True,0.3919694072657744,True,True,0.063,True
data/redteam/factory/edgetts/mandarin/edgetts_mandarin_zh-CN-YunxiNeural_SC-000034.wav,spoof,RT-EDGETTS-MANDARIN,clean,redteam_factory/Edge-TTS,微软服务条款，仅研究评测用途,edgetts,mandarin,SC-000034,zh-CN-YunxiNeural,10.73,True,True,0.0,True,0.38619402985074625,True,True,0.013,True
data/redteam/factory/edgetts/mandarin/edgetts_mandarin_zh-CN-YunxiNeural_SC-000035.wav,spoof,RT-EDGETTS-MANDARIN,clean,redteam_factory/Edge-TTS,微软服务条款，仅研究评测用途,edgetts,mandarin,SC-000035,zh-CN-YunxiNeural,10.92,True,True,0.0,True,0.46703296703296704,True,True,0.001,True
data/redteam/factory/edgetts/mandarin/edgetts_mandarin_zh-CN-YunxiNeural_SC-000037.wav,spoof,RT-EDGETTS-MANDARIN,clean,redteam_factory/Edge-TTS,微软服务条款，仅研究评测用途,edgetts,mandarin,SC-000037,zh-CN-YunxiNeural,18.96,True,True,0.0,True,0.39662447257383965,True,True,0.008,True
data/redteam/factory/edgetts/mandarin/edgetts_mandarin_zh-CN-YunxiNeural_SC-000041.wav,spoof,RT-EDGETTS-MANDARIN,clean,redteam_factory/Edge-TTS,微软服务条款，仅研究评测用途,edgetts,mandarin,SC-000041,zh-CN-YunxiNeural,8.81,True,True,0.0,True,0.3886363636363636,True,True,0.001,True
data/redteam/factory/edgetts/mandarin/edgetts_mandarin_zh-CN-YunxiNeural_SC-000044.wav,spoof,RT-EDGETTS-MANDARIN,clean,redteam_factory/Edge-TTS,微软服务条款，仅研究评测用途,edgetts,mandarin,SC-000044,zh-CN-YunxiNeural,7.92,True,True,0.0,True,0.39646464646464646,True,True,0.002,True
data/redteam/factory/edgetts/mandarin/edgetts_mandarin_zh-CN-YunxiNeural_SC-000045.wav,spoof,RT-EDGETTS-MANDARIN,clean,redteam_factory/Edge-TTS,微软服务条款，仅研究评测用途,edgetts,mandarin,SC-000045,zh-CN-YunxiNeural,9.46,True,True,0.0,True,0.4067796610169492,True,True,0.017,True
data/redteam/factory/edgetts/mandarin/edgetts_mandarin_zh-CN-YunxiNeural_SC-000046.wav,spoof,RT-EDGETTS-MANDARIN,clean,redteam_factory/Edge-TTS,微软服务条款，仅研究评测用途,edgetts,mandarin,SC-000046,zh-CN-YunxiNeural,11.76,True,True,0.0,True,0.4557823129251701,True,True,0.005,True
data/redteam/factory/edgetts/mandarin/edgetts_mandarin_zh-CN-YunxiNeural_SC-000047.wav,spoof,RT-EDGETTS-MANDARIN,clean,redteam_factory/Edge-TTS,微软服务条款，仅研究评测用途,edgetts,mandarin,SC-000047,zh-CN-YunxiNeural,7.58,True,True,0.0,True,0.37730870712401055,True,True,0.006,True
data/redteam/factory/edgetts/mandarin/edgetts_mandarin_zh-CN-YunxiNeural_SC-000050.wav,spoof,RT-EDGETTS-MANDARIN,clean,redteam_factory/Edge-TTS,微软服务条款，仅研究评测用途,edgetts,mandarin,SC-000050,zh-CN-YunxiNeural,9.43,True,True,0.0,True,0.36942675159235666,True,True,0.002,True
data/redteam/factory/edgetts/mandarin/edgetts_mandarin_zh-CN-YunxiNeural_SC-000053.wav,spoof,RT-EDGETTS-MANDARIN,clean,redteam_factory/Edge-TTS,微软服务条款，仅研究评测用途,edgetts,mandarin,SC-000053,zh-CN-YunxiNeural,5.78,True,True,0.0,True,0.5605536332179931,True,True,0.005,True
data/redteam/factory/edgetts/mandarin/edgetts_mandarin_zh-CN-YunxiNeural_SC-000057.wav,spoof,RT-EDGETTS-MANDARIN,clean,redteam_factory/Edge-TTS,微软服务条款，仅研究评测用途,edgetts,mandarin,SC-000057,zh-CN-YunxiNeural,10.03,True,True,0.0,True,0.5049900199600799,True,True,0.005,True
data/redteam/factory/edgetts/mandarin/edgetts_mandarin_zh-CN-YunxiNeural_SC-000060.wav,spoof,RT-EDGETTS-MANDARIN,clean,redteam_factory/Edge-TTS,微软服务条款，仅研究评测用途,edgetts,mandarin,SC-000060,zh-CN-YunxiNeural,8.42,True,True,0.0,True,0.47268408551068886,True,True,0.008,True
data/redteam/factory/edgetts/mandarin/edgetts_mandarin_zh-CN-YunxiNeural_SC-000065.wav,spoof,RT-EDGETTS-MANDARIN,clean,redteam_factory/Edge-TTS,微软服务条款，仅研究评测用途,edgetts,mandarin,SC-000065,zh-CN-YunxiNeural,12.22,True,True,0.0,True,0.4,True,True,0.104,True
data/redteam/factory/edgetts/mandarin/edgetts_mandarin_zh-CN-YunxiNeural_SC-000069.wav,spoof,RT-EDGETTS-MANDARIN,clean,redteam_factory/Edge-TTS,微软服务条款，仅研究评测用途,edgetts,mandarin,SC-000069,zh-CN-YunxiNeural,19.13,True,True,0.0,True,0.35669456066945604,True,True,0.019,True
data/redteam/factory/edgetts/mandarin/edgetts_mandarin_zh-CN-YunxiNeural_SC-000070.wav,spoof,RT-EDGETTS-MANDARIN,clean,redteam_factory/Edge-TTS,微软服务条款，仅研究评测用途,edgetts,mandarin,SC-000070,zh-CN-YunxiNeural,10.92,True,True,0.0,True,0.4010989010989011,True,True,0.011,True
data/redteam/factory/edgetts/mandarin/edgetts_mandarin_zh-CN-YunxiNeural_SC-000072.wav,spoof,RT-EDGETTS-MANDARIN,clean,redteam_factory/Edge-TTS,微软服务条款，仅研究评测用途,edgetts,mandarin,SC-000072,zh-CN-YunxiNeural,8.98,True,True,0.0,True,0.3861607142857143,True,True,0.001,True
data/redteam/factory/edgetts/mandarin/edgetts_mandarin_zh-CN-YunxiNeural_SC-000074.wav,spoof,RT-EDGETTS-MANDARIN,clean,redteam_factory/Edge-TTS,微软服务条款，仅研究评测用途,edgetts,mandarin,SC-000074,zh-CN-YunxiNeural,12.22,True,True,0.0,True,0.41147540983606556,True,True,0.044,True
data/redteam/factory/edgetts/mandarin/edgetts_mandarin_zh-CN-YunxiNeural_SC-000077.wav,spoof,RT-EDGETTS-MANDARIN,clean,redteam_factory/Edge-TTS,微软服务条款，仅研究评测用途,edgetts,mandarin,SC-000077,zh-CN-YunxiNeural,10.08,True,True,0.0,True,0.44841269841269843,True,True,0.021,True
data/redteam/factory/edgetts/mandarin/edgetts_mandarin_zh-CN-YunxiNeural_SC-000082.wav,spoof,RT-EDGETTS-MANDARIN,clean,redteam_factory/Edge-TTS,微软服务条款，仅研究评测用途,edgetts,mandarin,SC-000082,zh-CN-YunxiNeural,8.64,True,True,0.0,True,0.47685185185185186,True,True,0.002,True
data/redteam/factory/edgetts/mandarin/edgetts_mandarin_zh-CN-YunxiNeural_SC-000083.wav,spoof,RT-EDGETTS-MANDARIN,clean,redteam_factory/Edge-TTS,微软服务条款，仅研究评测用途,edgetts,mandarin,SC-000083,zh-CN-YunxiNeural,13.13,True,True,0.0,True,0.47560975609756095,True,True,0.011,True
data/redteam/factory/edgetts/mandarin/edgetts_mandarin_zh-CN-YunxiNeural_SC-000085.wav,spoof,RT-EDGETTS-MANDARIN,clean,redteam_factory/Edge-TTS,微软服务条款，仅研究评测用途,edgetts,mandarin,SC-000085,zh-CN-YunxiNeural,6.98,True,True,0.0,True,0.46131805157593125,True,True,0.003,True
data/redteam/factory/edgetts/mandarin/edgetts_mandarin_zh-CN-YunxiNeural_SC-000086.wav,spoof,RT-EDGETTS-MANDARIN,clean,redteam_factory/Edge-TTS,微软服务条款，仅研究评测用途,edgetts,mandarin,SC-000086,zh-CN-YunxiNeural,16.92,True,True,0.0,True,0.3404255319148936,True,True,0.082,True
data/redteam/factory/edgetts/mandarin/edgetts_mandarin_zh-CN-YunxiNeural_SC-000089.wav,spoof,RT-EDGETTS-MANDARIN,clean,redteam_factory/Edge-TTS,微软服务条款，仅研究评测用途,edgetts,mandarin,SC-000089,zh-CN-YunxiNeural,15.17,True,True,0.0,True,0.36675461741424803,True,True,0.055,True
data/redteam/factory/edgetts/mandarin/edgetts_mandarin_zh-CN-YunxiNeural_SC-000090.wav,spoof,RT-EDGETTS-MANDARIN,clean,redteam_factory/Edge-TTS,微软服务条款，仅研究评测用途,edgetts,mandarin,SC-000090,zh-CN-YunxiNeural,16.34,True,True,0.0,True,0.3525091799265606,True,True,0.019,True
data/redteam/factory/edgetts/mandarin/edgetts_mandarin_zh-CN-YunxiNeural_SC-000091.wav,spoof,RT-EDGETTS-MANDARIN,clean,redteam_factory/Edge-TTS,微软服务条款，仅研究评测用途,edgetts,mandarin,SC-000091,zh-CN-YunxiNeural,11.62,True,True,0.0,True,0.41206896551724137,True,True,0.07,True
data/redteam/factory/edgetts/mandarin/edgetts_mandarin_zh-CN-YunxiNeural_SC-000092.wav,spoof,RT-EDGETTS-MANDARIN,clean,redteam_factory/Edge-TTS,微软服务条款，仅研究评测用途,edgetts,mandarin,SC-000092,zh-CN-YunxiNeural,10.27,True,True,0.0,True,0.31773879142300193,True,True,0.007,True
data/redteam/factory/edgetts/mandarin/edgetts_mandarin_zh-CN-YunxiNeural_SC-000093.wav,spoof,RT-EDGETTS-MANDARIN,clean,redteam_factory/Edge-TTS,微软服务条款，仅研究评测用途,edgetts,mandarin,SC-000093,zh-CN-YunxiNeural,17.88,True,True,0.0,True,0.40268456375838924,True,True,0.005,True
data/redteam/factory/edgetts/mandarin/edgetts_mandarin_zh-CN-YunxiNeural_SC-000095.wav,spoof,RT-EDGETTS-MANDARIN,clean,redteam_factory/Edge-TTS,微软服务条款，仅研究评测用途,edgetts,mandarin,SC-000095,zh-CN-YunxiNeural,13.78,True,True,0.0,True,0.3866279069767442,True,True,0.036,True
data/redteam/factory/edgetts/mandarin/edgetts_mandarin_zh-CN-YunxiNeural_SC-000096.wav,spoof,RT-EDGETTS-MANDARIN,clean,redteam_factory/Edge-TTS,微软服务条款，仅研究评测用途,edgetts,mandarin,SC-000096,zh-CN-YunxiNeural,13.63,True,True,0.0,True,0.4390602055800294,True,True,0.001,True
data/redteam/factory/edgetts/mandarin/edgetts_mandarin_zh-CN-YunxiNeural_SC-000097.wav,spoof,RT-EDGETTS-MANDARIN,clean,redteam_factory/Edge-TTS,微软服务条款，仅研究评测用途,edgetts,mandarin,SC-000097,zh-CN-YunxiNeural,10.54,True,True,0.0,True,0.4391634980988593,True,True,0.001,True
data/redteam/factory/edgetts/mandarin/edgetts_mandarin_zh-CN-YunxiNeural_SC-000098.wav,spoof,RT-EDGETTS-MANDARIN,clean,redteam_factory/Edge-TTS,微软服务条款，仅研究评测用途,edgetts,mandarin,SC-000098,zh-CN-YunxiNeural,12.17,True,True,0.0,True,0.4375,True,True,0.015,True
data/redteam/factory/edgetts/mandarin/edgetts_mandarin_zh-CN-YunxiNeural_SC-000100.wav,spoof,RT-EDGETTS-MANDARIN,clean,redteam_factory/Edge-TTS,微软服务条款，仅研究评测用途,edgetts,mandarin,SC-000100,zh-CN-YunxiNeural,12.58,True,True,0.0,True,0.46178343949044587,True,True,0.004,True
data/redteam/factory/edgetts/mandarin/edgetts_mandarin_zh-CN-YunxiNeural_SC-000104.wav,spoof,RT-EDGETTS-MANDARIN,clean,redteam_factory/Edge-TTS,微软服务条款，仅研究评测用途,edgetts,mandarin,SC-000104,zh-CN-YunxiNeural,15.34,True,True,0.0,True,0.370757180156658,True,True,0.005,True
data/redteam/factory/edgetts/mandarin/edgetts_mandarin_zh-CN-YunxiNeural_SC-000105.wav,spoof,RT-EDGETTS-MANDARIN,clean,redteam_factory/Edge-TTS,微软服务条款，仅研究评测用途,edgetts,mandarin,SC-000105,zh-CN-YunxiNeural,6.6,True,True,0.0,True,0.5787878787878787,True,True,0.004,True
data/redteam/factory/edgetts/mandarin/edgetts_mandarin_zh-CN-YunxiNeural_SC-000110.wav,spoof,RT-EDGETTS-MANDARIN,clean,redteam_factory/Edge-TTS,微软服务条款，仅研究评测用途,edgetts,mandarin,SC-000110,zh-CN-YunxiNeural,14.9,True,True,0.0,True,0.3919463087248322,True,True,0.179,True
data/redteam/factory/edgetts/mandarin/edgetts_mandarin_zh-CN-YunxiNeural_SC-000114.wav,spoof,RT-EDGETTS-MANDARIN,clean,redteam_factory/Edge-TTS,微软服务条款，仅研究评测用途,edgetts,mandarin,SC-000114,zh-CN-YunxiNeural,13.92,True,True,0.0,True,0.37787356321839083,True,True,0.006,True
data/redteam/factory/edgetts/mandarin/edgetts_mandarin_zh-CN-YunxiNeural_SC-000117.wav,spoof,RT-EDGETTS-MANDARIN,clean,redteam_factory/Edge-TTS,微软服务条款，仅研究评测用途,edgetts,mandarin,SC-000117,zh-CN-YunxiNeural,12.34,True,True,0.0,True,0.5113636363636364,True,True,0.004,True
data/redteam/factory/edgetts/mandarin/edgetts_mandarin_zh-CN-YunxiNeural_SC-000120.wav,spoof,RT-EDGETTS-MANDARIN,clean,redteam_factory/Edge-TTS,微软服务条款，仅研究评测用途,edgetts,mandarin,SC-000120,zh-CN-YunxiNeural,9.72,True,True,0.0,True,0.4176954732510288,True,True,0.004,True
data/redteam/factory/edgetts/mandarin/edgetts_mandarin_zh-CN-YunxiNeural_SC-000123.wav,spoof,RT-EDGETTS-MANDARIN,clean,redteam_factory/Edge-TTS,微软服务条款，仅研究评测用途,edgetts,mandarin,SC-000123,zh-CN-YunxiNeural,8.88,True,True,0.0,True,0.4594594594594595,True,True,0.006,True
data/redteam/factory/edgetts/mandarin/edgetts_mandarin_zh-CN-XiaoxiaoNeural_SC-000030.wav,spoof,RT-EDGETTS-MANDARIN,clean,redteam_factory/Edge-TTS,微软服务条款，仅研究评测用途,edgetts,mandarin,SC-000030,zh-CN-XiaoxiaoNeural,11.5,True,True,0.0,True,0.24738675958188153,True,True,0.097,True
data/redteam/factory/edgetts/mandarin/edgetts_mandarin_zh-CN-XiaoxiaoNeural_SC-000034.wav,spoof,RT-EDGETTS-MANDARIN,clean,redteam_factory/Edge-TTS,微软服务条款，仅研究评测用途,edgetts,mandarin,SC-000034,zh-CN-XiaoxiaoNeural,11.14,True,True,0.0,True,0.27697841726618705,True,True,0.06,True
data/redteam/factory/edgetts/mandarin/edgetts_mandarin_zh-CN-XiaoxiaoNeural_SC-000035.wav,spoof,RT-EDGETTS-MANDARIN,clean,redteam_factory/Edge-TTS,微软服务条款，仅研究评测用途,edgetts,mandarin,SC-000035,zh-CN-XiaoxiaoNeural,10.73,True,True,0.0,True,0.32649253731343286,True,True,0.086,True
data/redteam/factory/edgetts/mandarin/edgetts_mandarin_zh-CN-XiaoxiaoNeural_SC-000037.wav,spoof,RT-EDGETTS-MANDARIN,clean,redteam_factory/Edge-TTS,微软服务条款，仅研究评测用途,edgetts,mandarin,SC-000037,zh-CN-XiaoxiaoNeural,18.58,True,True,0.0,True,0.27262931034482757,True,True,0.101,True
data/redteam/factory/edgetts/mandarin/edgetts_mandarin_zh-CN-XiaoxiaoNeural_SC-000041.wav,spoof,RT-EDGETTS-MANDARIN,clean,redteam_factory/Edge-TTS,微软服务条款，仅研究评测用途,edgetts,mandarin,SC-000041,zh-CN-XiaoxiaoNeural,8.59,True,True,0.0,True,0.26573426573426573,True,True,0.044,True
data/redteam/factory/edgetts/mandarin/edgetts_mandarin_zh-CN-XiaoxiaoNeural_SC-000046.wav,spoof,RT-EDGETTS-MANDARIN,clean,redteam_factory/Edge-TTS,微软服务条款，仅研究评测用途,edgetts,mandarin,SC-000046,zh-CN-XiaoxiaoNeural,11.74,True,True,0.0,True,0.27303754266211605,True,True,0.279,True
data/redteam/factory/edgetts/mandarin/edgetts_mandarin_zh-CN-XiaoxiaoNeural_SC-000047.wav,spoof,RT-EDGETTS-MANDARIN,clean,redteam_factory/Edge-TTS,微软服务条款，仅研究评测用途,edgetts,mandarin,SC-000047,zh-CN-XiaoxiaoNeural,7.44,True,True,0.0,True,0.2553763440860215,True,True,0.225,True
data/redteam/factory/edgetts/mandarin/edgetts_mandarin_zh-CN-XiaoxiaoNeural_SC-000050.wav,spoof,RT-EDGETTS-MANDARIN,clean,redteam_factory/Edge-TTS,微软服务条款，仅研究评测用途,edgetts,mandarin,SC-000050,zh-CN-XiaoxiaoNeural,9.48,True,True,0.0,True,0.21518987341772153,True,True,0.018,True
data/redteam/factory/edgetts/mandarin/edgetts_mandarin_zh-CN-XiaoxiaoNeural_SC-000053.wav,spoof,RT-EDGETTS-MANDARIN,clean,redteam_factory/Edge-TTS,微软服务条款，仅研究评测用途,edgetts,mandarin,SC-000053,zh-CN-XiaoxiaoNeural,5.28,True,True,0.0,True,0.45454545454545453,True,True,0.123,True
data/redteam/factory/edgetts/mandarin/edgetts_mandarin_zh-CN-XiaoxiaoNeural_SC-000057.wav,spoof,RT-EDGETTS-MANDARIN,clean,redteam_factory/Edge-TTS,微软服务条款，仅研究评测用途,edgetts,mandarin,SC-000057,zh-CN-XiaoxiaoNeural,9.86,True,True,0.0,True,0.3407707910750507,True,True,0.117,True
data/redteam/factory/edgetts/mandarin/edgetts_mandarin_zh-CN-XiaoxiaoNeural_SC-000058.wav,spoof,RT-EDGETTS-MANDARIN,clean,redteam_factory/Edge-TTS,微软服务条款，仅研究评测用途,edgetts,mandarin,SC-000058,zh-CN-XiaoxiaoNeural,11.98,True,True,0.0,True,0.28929765886287623,True,True,0.022,True
data/redteam/factory/edgetts/mandarin/edgetts_mandarin_zh-CN-XiaoxiaoNeural_SC-000060.wav,spoof,RT-EDGETTS-MANDARIN,clean,redteam_factory/Edge-TTS,微软服务条款，仅研究评测用途,edgetts,mandarin,SC-000060,zh-CN-XiaoxiaoNeural,8.26,True,True,0.0,True,0.3567961165048544,True,True,0.042,True
data/redteam/factory/edgetts/mandarin/edgetts_mandarin_zh-CN-XiaoxiaoNeural_SC-000065.wav,spoof,RT-EDGETTS-MANDARIN,clean,redteam_factory/Edge-TTS,微软服务条款，仅研究评测用途,edgetts,mandarin,SC-000065,zh-CN-XiaoxiaoNeural,13.06,True,True,0.0,True,0.2898773006134969,True,True,0.034,True
data/redteam/factory/edgetts/mandarin/edgetts_mandarin_zh-CN-XiaoxiaoNeural_SC-000070.wav,spoof,RT-EDGETTS-MANDARIN,clean,redteam_factory/Edge-TTS,微软服务条款，仅研究评测用途,edgetts,mandarin,SC-000070,zh-CN-XiaoxiaoNeural,11.4,True,True,0.0,True,0.2771929824561403,True,True,0.012,True
data/redteam/factory/edgetts/mandarin/edgetts_mandarin_zh-CN-XiaoxiaoNeural_SC-000072.wav,spoof,RT-EDGETTS-MANDARIN,clean,redteam_factory/Edge-TTS,微软服务条款，仅研究评测用途,edgetts,mandarin,SC-000072,zh-CN-XiaoxiaoNeural,9.31,True,True,0.0,True,0.24946236559139784,True,True,0.132,True
data/redteam/factory/edgetts/mandarin/edgetts_mandarin_zh-CN-XiaoxiaoNeural_SC-000074.wav,spoof,RT-EDGETTS-MANDARIN,clean,redteam_factory/Edge-TTS,微软服务条款，仅研究评测用途,edgetts,mandarin,SC-000074,zh-CN-XiaoxiaoNeural,11.57,True,True,0.0,True,0.2768166089965398,True,True,0.196,True
data/redteam/factory/edgetts/mandarin/edgetts_mandarin_zh-CN-XiaoxiaoNeural_SC-000077.wav,spoof,RT-EDGETTS-MANDARIN,clean,redteam_factory/Edge-TTS,微软服务条款，仅研究评测用途,edgetts,mandarin,SC-000077,zh-CN-XiaoxiaoNeural,9.86,True,True,0.0,True,0.3286004056795132,True,True,0.005,True
data/redteam/factory/edgetts/mandarin/edgetts_mandarin_zh-CN-XiaoxiaoNeural_SC-000082.wav,spoof,RT-EDGETTS-MANDARIN,clean,redteam_factory/Edge-TTS,微软服务条款，仅研究评测用途,edgetts,mandarin,SC-000082,zh-CN-XiaoxiaoNeural,8.45,True,True,0.0,True,0.33175355450236965,True,True,0.044,True
data/redteam/factory/edgetts/mandarin/edgetts_mandarin_zh-CN-XiaoxiaoNeural_SC-000083.wav,spoof,RT-EDGETTS-MANDARIN,clean,redteam_factory/Edge-TTS,微软服务条款，仅研究评测用途,edgetts,mandarin,SC-000083,zh-CN-XiaoxiaoNeural,13.42,True,True,0.0,True,0.3,True,True,0.055,True
data/redteam/factory/edgetts/mandarin/edgetts_mandarin_zh-CN-XiaoxiaoNeural_SC-000085.wav,spoof,RT-EDGETTS-MANDARIN,clean,redteam_factory/Edge-TTS,微软服务条款，仅研究评测用途,edgetts,mandarin,SC-000085,zh-CN-XiaoxiaoNeural,7.39,True,True,0.0,True,0.25474254742547425,True,True,0.085,True
data/redteam/factory/edgetts/mandarin/edgetts_mandarin_zh-CN-XiaoxiaoNeural_SC-000086.wav,spoof,RT-EDGETTS-MANDARIN,clean,redteam_factory/Edge-TTS,微软服务条款，仅研究评测用途,edgetts,mandarin,SC-000086,zh-CN-XiaoxiaoNeural,17.95,True,True,0.0,True,0.22073578595317725,True,True,0.009,True
data/redteam/factory/edgetts/mandarin/edgetts_mandarin_zh-CN-XiaoxiaoNeural_SC-000089.wav,spoof,RT-EDGETTS-MANDARIN,clean,redteam_factory/Edge-TTS,微软服务条款，仅研究评测用途,edgetts,mandarin,SC-000089,zh-CN-XiaoxiaoNeural,15.65,True,True,0.0,True,0.2391304347826087,True,True,0.213,True
data/redteam/factory/edgetts/mandarin/edgetts_mandarin_zh-CN-XiaoxiaoNeural_SC-000090.wav,spoof,RT-EDGETTS-MANDARIN,clean,redteam_factory/Edge-TTS,微软服务条款，仅研究评测用途,edgetts,mandarin,SC-000090,zh-CN-XiaoxiaoNeural,19.03,True,True,0.0,True,0.23659305993690852,True,True,0.205,True
data/redteam/factory/edgetts/mandarin/edgetts_mandarin_zh-CN-XiaoxiaoNeural_SC-000091.wav,spoof,RT-EDGETTS-MANDARIN,clean,redteam_factory/Edge-TTS,微软服务条款，仅研究评测用途,edgetts,mandarin,SC-000091,zh-CN-XiaoxiaoNeural,11.33,True,True,0.0,True,0.24381625441696114,True,True,0.27,True
data/redteam/factory/edgetts/mandarin/edgetts_mandarin_zh-CN-XiaoxiaoNeural_SC-000092.wav,spoof,RT-EDGETTS-MANDARIN,clean,redteam_factory/Edge-TTS,微软服务条款，仅研究评测用途,edgetts,mandarin,SC-000092,zh-CN-XiaoxiaoNeural,12.05,True,True,0.0,True,0.19601328903654486,True,True,0.063,True
data/redteam/factory/edgetts/mandarin/edgetts_mandarin_zh-CN-XiaoxiaoNeural_SC-000093.wav,spoof,RT-EDGETTS-MANDARIN,clean,redteam_factory/Edge-TTS,微软服务条款，仅研究评测用途,edgetts,mandarin,SC-000093,zh-CN-XiaoxiaoNeural,17.62,True,True,0.0,True,0.26477272727272727,True,True,0.122,True
data/redteam/factory/edgetts/mandarin/edgetts_mandarin_zh-CN-XiaoxiaoNeural_SC-000095.wav,spoof,RT-EDGETTS-MANDARIN,clean,redteam_factory/Edge-TTS,微软服务条款，仅研究评测用途,edgetts,mandarin,SC-000095,zh-CN-XiaoxiaoNeural,14.42,True,True,0.0,True,0.2829403606102635,True,True,0.024,True
data/redteam/factory/edgetts/mandarin/edgetts_mandarin_zh-CN-XiaoxiaoNeural_SC-000096.wav,spoof,RT-EDGETTS-MANDARIN,clean,redteam_factory/Edge-TTS,微软服务条款，仅研究评测用途,edgetts,mandarin,SC-000096,zh-CN-XiaoxiaoNeural,13.51,True,True,0.0,True,0.3244444444444444,True,True,0.018,True
data/redteam/factory/edgetts/mandarin/edgetts_mandarin_zh-CN-XiaoxiaoNeural_SC-000097.wav,spoof,RT-EDGETTS-MANDARIN,clean,redteam_factory/Edge-TTS,微软服务条款，仅研究评测用途,edgetts,mandarin,SC-000097,zh-CN-XiaoxiaoNeural,10.51,True,True,0.0,True,0.26476190476190475,True,True,0.183,True
data/redteam/factory/edgetts/mandarin/edgetts_mandarin_zh-CN-XiaoxiaoNeural_SC-000098.wav,spoof,RT-EDGETTS-MANDARIN,clean,redteam_factory/Edge-TTS,微软服务条款，仅研究评测用途,edgetts,mandarin,SC-000098,zh-CN-XiaoxiaoNeural,12.36,True,True,0.0,True,0.2783171521035599,True,True,0.107,True
data/redteam/factory/edgetts/mandarin/edgetts_mandarin_zh-CN-XiaoxiaoNeural_SC-000100.wav,spoof,RT-EDGETTS-MANDARIN,clean,redteam_factory/Edge-TTS,微软服务条款，仅研究评测用途,edgetts,mandarin,SC-000100,zh-CN-XiaoxiaoNeural,12.72,True,True,0.0,True,0.32861635220125784,True,True,0.264,True
data/redteam/factory/edgetts/mandarin/edgetts_mandarin_zh-CN-XiaoxiaoNeural_SC-000104.wav,spoof,RT-EDGETTS-MANDARIN,clean,redteam_factory/Edge-TTS,微软服务条款，仅研究评测用途,edgetts,mandarin,SC-000104,zh-CN-XiaoxiaoNeural,16.25,True,True,0.0,True,0.2438423645320197,True,True,0.011,True
data/redteam/factory/edgetts/mandarin/edgetts_mandarin_zh-CN-XiaoxiaoNeural_SC-000105.wav,spoof,RT-EDGETTS-MANDARIN,clean,redteam_factory/Edge-TTS,微软服务条款，仅研究评测用途,edgetts,mandarin,SC-000105,zh-CN-XiaoxiaoNeural,5.69,True,True,0.0,True,0.4612676056338028,True,True,0.022,True
data/redteam/factory/edgetts/mandarin/edgetts_mandarin_zh-CN-XiaoxiaoNeural_SC-000117.wav,spoof,RT-EDGETTS-MANDARIN,clean,redteam_factory/Edge-TTS,微软服务条款，仅研究评测用途,edgetts,mandarin,SC-000117,zh-CN-XiaoxiaoNeural,12.05,True,True,0.0,True,0.38372093023255816,True,True,0.196,True
data/redteam/factory/edgetts/mandarin/edgetts_mandarin_zh-CN-XiaoxiaoNeural_SC-000120.wav,spoof,RT-EDGETTS-MANDARIN,clean,redteam_factory/Edge-TTS,微软服务条款，仅研究评测用途,edgetts,mandarin,SC-000120,zh-CN-XiaoxiaoNeural,9.55,True,True,0.0,True,0.29559748427672955,True,True,0.01,True
data/redteam/factory/edgetts/mandarin/edgetts_mandarin_zh-CN-XiaoxiaoNeural_SC-000123.wav,spoof,RT-EDGETTS-MANDARIN,clean,redteam_factory/Edge-TTS,微软服务条款，仅研究评测用途,edgetts,mandarin,SC-000123,zh-CN-XiaoxiaoNeural,9.12,True,True,0.0,True,0.29605263157894735,True,True,0.037,True
data/redteam/factory/edgetts/mandarin/edgetts_mandarin_zh-CN-YunjianNeural_SC-000030.wav,spoof,RT-EDGETTS-MANDARIN,clean,redteam_factory/Edge-TTS,微软服务条款，仅研究评测用途,edgetts,mandarin,SC-000030,zh-CN-YunjianNeural,10.73,True,True,0.0,True,0.2798507462686567,True,True,0.059,True
data/redteam/factory/edgetts/mandarin/edgetts_mandarin_zh-CN-YunjianNeural_SC-000034.wav,spoof,RT-EDGETTS-MANDARIN,clean,redteam_factory/Edge-TTS,微软服务条款，仅研究评测用途,edgetts,mandarin,SC-000034,zh-CN-YunjianNeural,10.51,True,True,0.0,True,0.29904761904761906,True,True,0.004,True
data/redteam/factory/edgetts/mandarin/edgetts_mandarin_zh-CN-YunjianNeural_SC-000035.wav,spoof,RT-EDGETTS-MANDARIN,clean,redteam_factory/Edge-TTS,微软服务条款，仅研究评测用途,edgetts,mandarin,SC-000035,zh-CN-YunjianNeural,11.14,True,True,0.0,True,0.35071942446043164,True,True,0.006,True
data/redteam/factory/edgetts/mandarin/edgetts_mandarin_zh-CN-YunjianNeural_SC-000037.wav,spoof,RT-EDGETTS-MANDARIN,clean,redteam_factory/Edge-TTS,微软服务条款，仅研究评测用途,edgetts,mandarin,SC-000037,zh-CN-YunjianNeural,18.62,True,True,0.0,True,0.2900107411385607,True,True,0.026,True
data/redteam/factory/edgetts/mandarin/edgetts_mandarin_zh-CN-YunjianNeural_SC-000041.wav,spoof,RT-EDGETTS-MANDARIN,clean,redteam_factory/Edge-TTS,微软服务条款，仅研究评测用途,edgetts,mandarin,SC-000041,zh-CN-YunjianNeural,8.3,True,True,0.0,True,0.2819277108433735,True,True,0.014,True
data/redteam/factory/edgetts/mandarin/edgetts_mandarin_zh-CN-YunjianNeural_SC-000044.wav,spoof,RT-EDGETTS-MANDARIN,clean,redteam_factory/Edge-TTS,微软服务条款，仅研究评测用途,edgetts,mandarin,SC-000044,zh-CN-YunjianNeural,8.52,True,True,0.0,True,0.28169014084507044,True,True,0.018,True
data/redteam/factory/edgetts/mandarin/edgetts_mandarin_zh-CN-YunjianNeural_SC-000045.wav,spoof,RT-EDGETTS-MANDARIN,clean,redteam_factory/Edge-TTS,微软服务条款，仅研究评测用途,edgetts,mandarin,SC-000045,zh-CN-YunjianNeural,9.55,True,True,0.0,True,0.3039832285115304,True,True,0.025,True
data/redteam/factory/edgetts/mandarin/edgetts_mandarin_zh-CN-YunjianNeural_SC-000046.wav,spoof,RT-EDGETTS-MANDARIN,clean,redteam_factory/Edge-TTS,微软服务条款，仅研究评测用途,edgetts,mandarin,SC-000046,zh-CN-YunjianNeural,11.5,True,True,0.0,True,0.30139372822299654,True,True,0.032,True
data/redteam/factory/edgetts/mandarin/edgetts_mandarin_zh-CN-YunjianNeural_SC-000047.wav,spoof,RT-EDGETTS-MANDARIN,clean,redteam_factory/Edge-TTS,微软服务条款，仅研究评测用途,edgetts,mandarin,SC-000047,zh-CN-YunjianNeural,7.8,True,True,0.0,True,0.2948717948717949,True,True,0.059,True
data/redteam/factory/edgetts/mandarin/edgetts_mandarin_zh-CN-YunjianNeural_SC-000050.wav,spoof,RT-EDGETTS-MANDARIN,clean,redteam_factory/Edge-TTS,微软服务条款，仅研究评测用途,edgetts,mandarin,SC-000050,zh-CN-YunjianNeural,9.07,True,True,0.0,True,0.2693156732891832,True,True,0.007,True
data/redteam/factory/edgetts/mandarin/edgetts_mandarin_zh-CN-YunjianNeural_SC-000053.wav,spoof,RT-EDGETTS-MANDARIN,clean,redteam_factory/Edge-TTS,微软服务条款，仅研究评测用途,edgetts,mandarin,SC-000053,zh-CN-YunjianNeural,5.88,True,True,0.0,True,0.46938775510204084,True,True,0.008,True
data/redteam/factory/edgetts/mandarin/edgetts_mandarin_zh-CN-YunjianNeural_SC-000057.wav,spoof,RT-EDGETTS-MANDARIN,clean,redteam_factory/Edge-TTS,微软服务条款，仅研究评测用途,edgetts,mandarin,SC-000057,zh-CN-YunjianNeural,10.37,True,True,0.0,True,0.3783783783783784,True,True,0.005,True
data/redteam/factory/edgetts/mandarin/edgetts_mandarin_zh-CN-YunjianNeural_SC-000058.wav,spoof,RT-EDGETTS-MANDARIN,clean,redteam_factory/Edge-TTS,微软服务条款，仅研究评测用途,edgetts,mandarin,SC-000058,zh-CN-YunjianNeural,11.11,True,True,0.0,True,0.2990990990990991,True,True,0.019,True
data/redteam/factory/edgetts/mandarin/edgetts_mandarin_zh-CN-YunjianNeural_SC-000060.wav,spoof,RT-EDGETTS-MANDARIN,clean,redteam_factory/Edge-TTS,微软服务条款，仅研究评测用途,edgetts,mandarin,SC-000060,zh-CN-YunjianNeural,8.5,True,True,0.0,True,0.3632075471698113,True,True,0.006,True
data/redteam/factory/edgetts/mandarin/edgetts_mandarin_zh-CN-YunjianNeural_SC-000065.wav,spoof,RT-EDGETTS-MANDARIN,clean,redteam_factory/Edge-TTS,微软服务条款，仅研究评测用途,edgetts,mandarin,SC-000065,zh-CN-YunjianNeural,13.2,True,True,0.0,True,0.30606060606060603,True,True,0.015,True
data/redteam/factory/edgetts/mandarin/edgetts_mandarin_zh-CN-YunjianNeural_SC-000070.wav,spoof,RT-EDGETTS-MANDARIN,clean,redteam_factory/Edge-TTS,微软服务条款，仅研究评测用途,edgetts,mandarin,SC-000070,zh-CN-YunjianNeural,11.33,True,True,0.0,True,0.29328621908127206,True,True,0.209,True
data/redteam/factory/edgetts/mandarin/edgetts_mandarin_zh-CN-YunjianNeural_SC-000072.wav,spoof,RT-EDGETTS-MANDARIN,clean,redteam_factory/Edge-TTS,微软服务条款，仅研究评测用途,edgetts,mandarin,SC-000072,zh-CN-YunjianNeural,9.26,True,True,0.0,True,0.2786177105831533,True,True,0.012,True
data/redteam/factory/edgetts/mandarin/edgetts_mandarin_zh-CN-YunjianNeural_SC-000074.wav,spoof,RT-EDGETTS-MANDARIN,clean,redteam_factory/Edge-TTS,微软服务条款，仅研究评测用途,edgetts,mandarin,SC-000074,zh-CN-YunjianNeural,11.86,True,True,0.0,True,0.3108108108108108,True,True,0.158,True
data/redteam/factory/edgetts/mandarin/edgetts_mandarin_zh-CN-YunjianNeural_SC-000077.wav,spoof,RT-EDGETTS-MANDARIN,clean,redteam_factory/Edge-TTS,微软服务条款，仅研究评测用途,edgetts,mandarin,SC-000077,zh-CN-YunjianNeural,10.66,True,True,0.0,True,0.34022556390977443,True,True,0.059,True
data/redteam/factory/edgetts/mandarin/edgetts_mandarin_zh-CN-YunjianNeural_SC-000082.wav,spoof,RT-EDGETTS-MANDARIN,clean,redteam_factory/Edge-TTS,微软服务条款，仅研究评测用途,edgetts,mandarin,SC-000082,zh-CN-YunjianNeural,8.45,True,True,0.0,True,0.3341232227488152,True,True,0.012,True
data/redteam/factory/edgetts/mandarin/edgetts_mandarin_zh-CN-YunjianNeural_SC-000083.wav,spoof,RT-EDGETTS-MANDARIN,clean,redteam_factory/Edge-TTS,微软服务条款，仅研究评测用途,edgetts,mandarin,SC-000083,zh-CN-YunjianNeural,12.84,True,True,0.0,True,0.3317757009345794,True,True,0.007,True
data/redteam/factory/edgetts/mandarin/edgetts_mandarin_zh-CN-YunjianNeural_SC-000085.wav,spoof,RT-EDGETTS-MANDARIN,clean,redteam_factory/Edge-TTS,微软服务条款，仅研究评测用途,edgetts,mandarin,SC-000085,zh-CN-YunjianNeural,7.32,True,True,0.0,True,0.30327868852459017,True,True,0.033,True
data/redteam/factory/edgetts/mandarin/edgetts_mandarin_zh-CN-YunjianNeural_SC-000086.wav,spoof,RT-EDGETTS-MANDARIN,clean,redteam_factory/Edge-TTS,微软服务条款，仅研究评测用途,edgetts,mandarin,SC-000086,zh-CN-YunjianNeural,17.9,True,True,0.0,True,0.2558659217877095,True,True,0.015,True
data/redteam/factory/edgetts/mandarin/edgetts_mandarin_zh-CN-YunjianNeural_SC-000089.wav,spoof,RT-EDGETTS-MANDARIN,clean,redteam_factory/Edge-TTS,微软服务条款，仅研究评测用途,edgetts,mandarin,SC-000089,zh-CN-YunjianNeural,14.83,True,True,0.0,True,0.2631578947368421,True,True,0.026,True
data/redteam/factory/edgetts/mandarin/edgetts_mandarin_zh-CN-YunjianNeural_SC-000090.wav,spoof,RT-EDGETTS-MANDARIN,clean,redteam_factory/Edge-TTS,微软服务条款，仅研究评测用途,edgetts,mandarin,SC-000090,zh-CN-YunjianNeural,17.35,True,True,0.0,True,0.25259515570934254,True,True,0.042,True
data/redteam/factory/edgetts/mandarin/edgetts_mandarin_zh-CN-YunjianNeural_SC-000091.wav,spoof,RT-EDGETTS-MANDARIN,clean,redteam_factory/Edge-TTS,微软服务条款，仅研究评测用途,edgetts,mandarin,SC-000091,zh-CN-YunjianNeural,11.33,True,True,0.0,True,0.2915194346289753,True,True,0.093,True
data/redteam/factory/edgetts/mandarin/edgetts_mandarin_zh-CN-YunjianNeural_SC-000092.wav,spoof,RT-EDGETTS-MANDARIN,clean,redteam_factory/Edge-TTS,微软服务条款，仅研究评测用途,edgetts,mandarin,SC-000092,zh-CN-YunjianNeural,11.62,True,True,0.0,True,0.22241379310344828,True,True,0.009,True
data/redteam/factory/edgetts/mandarin/edgetts_mandarin_zh-CN-YunjianNeural_SC-000093.wav,spoof,RT-EDGETTS-MANDARIN,clean,redteam_factory/Edge-TTS,微软服务条款，仅研究评测用途,edgetts,mandarin,SC-000093,zh-CN-YunjianNeural,17.95,True,True,0.0,True,0.29988851727982163,True,True,0.035,True
data/redteam/factory/edgetts/mandarin/edgetts_mandarin_zh-CN-YunjianNeural_SC-000095.wav,spoof,RT-EDGETTS-MANDARIN,clean,redteam_factory/Edge-TTS,微软服务条款，仅研究评测用途,edgetts,mandarin,SC-000095,zh-CN-YunjianNeural,13.94,True,True,0.0,True,0.296987087517934,True,True,0.014,True
data/redteam/factory/edgetts/mandarin/edgetts_mandarin_zh-CN-YunjianNeural_SC-000096.wav,spoof,RT-EDGETTS-MANDARIN,clean,redteam_factory/Edge-TTS,微软服务条款，仅研究评测用途,edgetts,mandarin,SC-000096,zh-CN-YunjianNeural,14.4,True,True,0.0,True,0.34444444444444444,True,True,0.01,True
data/redteam/factory/edgetts/mandarin/edgetts_mandarin_zh-CN-YunjianNeural_SC-000097.wav,spoof,RT-EDGETTS-MANDARIN,clean,redteam_factory/Edge-TTS,微软服务条款，仅研究评测用途,edgetts,mandarin,SC-000097,zh-CN-YunjianNeural,9.94,True,True,0.0,True,0.32661290322580644,True,True,0.025,True
data/redteam/factory/edgetts/mandarin/edgetts_mandarin_zh-CN-YunjianNeural_SC-000098.wav,spoof,RT-EDGETTS-MANDARIN,clean,redteam_factory/Edge-TTS,微软服务条款，仅研究评测用途,edgetts,mandarin,SC-000098,zh-CN-YunjianNeural,12.14,True,True,0.0,True,0.3163097199341021,True,True,0.013,True
data/redteam/factory/edgetts/mandarin/edgetts_mandarin_zh-CN-YunjianNeural_SC-000100.wav,spoof,RT-EDGETTS-MANDARIN,clean,redteam_factory/Edge-TTS,微软服务条款，仅研究评测用途,edgetts,mandarin,SC-000100,zh-CN-YunjianNeural,13.06,True,True,0.0,True,0.3604294478527607,True,True,0.025,True
data/redteam/factory/edgetts/mandarin/edgetts_mandarin_zh-CN-YunjianNeural_SC-000104.wav,spoof,RT-EDGETTS-MANDARIN,clean,redteam_factory/Edge-TTS,微软服务条款，仅研究评测用途,edgetts,mandarin,SC-000104,zh-CN-YunjianNeural,16.2,True,True,0.0,True,0.2716049382716049,True,True,0.008,True
data/redteam/factory/edgetts/mandarin/edgetts_mandarin_zh-CN-YunjianNeural_SC-000105.wav,spoof,RT-EDGETTS-MANDARIN,clean,redteam_factory/Edge-TTS,微软服务条款，仅研究评测用途,edgetts,mandarin,SC-000105,zh-CN-YunjianNeural,6.17,True,True,0.0,True,0.5097402597402597,True,True,0.032,True
data/redteam/factory/edgetts/mandarin/edgetts_mandarin_zh-CN-YunjianNeural_SC-000110.wav,spoof,RT-EDGETTS-MANDARIN,clean,redteam_factory/Edge-TTS,微软服务条款，仅研究评测用途,edgetts,mandarin,SC-000110,zh-CN-YunjianNeural,15.58,True,True,0.0,True,0.3059125964010283,True,True,0.011,True
data/redteam/factory/edgetts/mandarin/edgetts_mandarin_zh-CN-YunjianNeural_SC-000114.wav,spoof,RT-EDGETTS-MANDARIN,clean,redteam_factory/Edge-TTS,微软服务条款，仅研究评测用途,edgetts,mandarin,SC-000114,zh-CN-YunjianNeural,13.73,True,True,0.0,True,0.26239067055393583,True,True,0.014,True
data/redteam/factory/edgetts/mandarin/edgetts_mandarin_zh-CN-YunjianNeural_SC-000117.wav,spoof,RT-EDGETTS-MANDARIN,clean,redteam_factory/Edge-TTS,微软服务条款，仅研究评测用途,edgetts,mandarin,SC-000117,zh-CN-YunjianNeural,12.79,True,True,0.0,True,0.41471048513302033,True,True,0.026,True
data/redteam/factory/edgetts/mandarin/edgetts_mandarin_zh-CN-YunjianNeural_SC-000120.wav,spoof,RT-EDGETTS-MANDARIN,clean,redteam_factory/Edge-TTS,微软服务条款，仅研究评测用途,edgetts,mandarin,SC-000120,zh-CN-YunjianNeural,9.5,True,True,0.0,True,0.32,True,True,0.026,True
data/redteam/factory/edgetts/mandarin/edgetts_mandarin_zh-CN-YunjianNeural_SC-000123.wav,spoof,RT-EDGETTS-MANDARIN,clean,redteam_factory/Edge-TTS,微软服务条款，仅研究评测用途,edgetts,mandarin,SC-000123,zh-CN-YunjianNeural,9.17,True,True,0.0,True,0.32751091703056767,True,True,0.123,True
data/redteam/factory/edgetts/mandarin/edgetts_mandarin_zh-CN-YunyangNeural_SC-000030.wav,spoof,RT-EDGETTS-MANDARIN,clean,redteam_factory/Edge-TTS,微软服务条款，仅研究评测用途,edgetts,mandarin,SC-000030,zh-CN-YunyangNeural,10.39,True,True,0.0,True,0.3179190751445087,True,True,0.002,True
data/redteam/factory/edgetts/mandarin/edgetts_mandarin_zh-CN-YunyangNeural_SC-000034.wav,spoof,RT-EDGETTS-MANDARIN,clean,redteam_factory/Edge-TTS,微软服务条款，仅研究评测用途,edgetts,mandarin,SC-000034,zh-CN-YunyangNeural,9.82,True,True,0.0,True,0.31020408163265306,True,True,0.01,True
data/redteam/factory/edgetts/mandarin/edgetts_mandarin_zh-CN-YunyangNeural_SC-000035.wav,spoof,RT-EDGETTS-MANDARIN,clean,redteam_factory/Edge-TTS,微软服务条款，仅研究评测用途,edgetts,mandarin,SC-000035,zh-CN-YunyangNeural,9.84,True,True,0.0,True,0.3638211382113821,True,True,0.02,True
data/redteam/factory/edgetts/mandarin/edgetts_mandarin_zh-CN-YunyangNeural_SC-000037.wav,spoof,RT-EDGETTS-MANDARIN,clean,redteam_factory/Edge-TTS,微软服务条款，仅研究评测用途,edgetts,mandarin,SC-000037,zh-CN-YunyangNeural,16.94,True,True,0.0,True,0.3246753246753247,True,True,0.05,True
data/redteam/factory/edgetts/mandarin/edgetts_mandarin_zh-CN-YunyangNeural_SC-000041.wav,spoof,RT-EDGETTS-MANDARIN,clean,redteam_factory/Edge-TTS,微软服务条款，仅研究评测用途,edgetts,mandarin,SC-000041,zh-CN-YunyangNeural,7.58,True,True,0.0,True,0.31926121372031663,True,True,0.013,True
data/redteam/factory/edgetts/mandarin/edgetts_mandarin_zh-CN-YunyangNeural_SC-000044.wav,spoof,RT-EDGETTS-MANDARIN,clean,redteam_factory/Edge-TTS,微软服务条款，仅研究评测用途,edgetts,mandarin,SC-000044,zh-CN-YunyangNeural,7.92,True,True,0.0,True,0.3106060606060606,True,True,0.029,True
data/redteam/factory/edgetts/mandarin/edgetts_mandarin_zh-CN-YunyangNeural_SC-000045.wav,spoof,RT-EDGETTS-MANDARIN,clean,redteam_factory/Edge-TTS,微软服务条款，仅研究评测用途,edgetts,mandarin,SC-000045,zh-CN-YunyangNeural,8.4,True,True,0.0,True,0.33095238095238094,True,True,0.295,True
data/redteam/factory/edgetts/mandarin/edgetts_mandarin_zh-CN-YunyangNeural_SC-000046.wav,spoof,RT-EDGETTS-MANDARIN,clean,redteam_factory/Edge-TTS,微软服务条款，仅研究评测用途,edgetts,mandarin,SC-000046,zh-CN-YunyangNeural,10.87,True,True,0.0,True,0.36279926335174956,True,True,0.041,True
data/redteam/factory/edgetts/mandarin/edgetts_mandarin_zh-CN-YunyangNeural_SC-000047.wav,spoof,RT-EDGETTS-MANDARIN,clean,redteam_factory/Edge-TTS,微软服务条款，仅研究评测用途,edgetts,mandarin,SC-000047,zh-CN-YunyangNeural,6.98,True,True,0.0,True,0.2836676217765043,True,True,0.042,True
data/redteam/factory/edgetts/mandarin/edgetts_mandarin_zh-CN-YunyangNeural_SC-000050.wav,spoof,RT-EDGETTS-MANDARIN,clean,redteam_factory/Edge-TTS,微软服务条款，仅研究评测用途,edgetts,mandarin,SC-000050,zh-CN-YunyangNeural,8.28,True,True,0.0,True,0.2584541062801932,True,True,0.093,True
data/redteam/factory/edgetts/mandarin/edgetts_mandarin_zh-CN-YunyangNeural_SC-000053.wav,spoof,RT-EDGETTS-MANDARIN,clean,redteam_factory/Edge-TTS,微软服务条款，仅研究评测用途,edgetts,mandarin,SC-000053,zh-CN-YunyangNeural,4.8,True,True,0.0,True,0.49583333333333335,True,True,0.031,True
data/redteam/factory/edgetts/mandarin/edgetts_mandarin_zh-CN-YunyangNeural_SC-000057.wav,spoof,RT-EDGETTS-MANDARIN,clean,redteam_factory/Edge-TTS,微软服务条款，仅研究评测用途,edgetts,mandarin,SC-000057,zh-CN-YunyangNeural,8.93,True,True,0.0,True,0.4080717488789238,True,True,0.007,True
data/redteam/factory/edgetts/mandarin/edgetts_mandarin_zh-CN-YunyangNeural_SC-000058.wav,spoof,RT-EDGETTS-MANDARIN,clean,redteam_factory/Edge-TTS,微软服务条款，仅研究评测用途,edgetts,mandarin,SC-000058,zh-CN-YunyangNeural,10.54,True,True,0.0,True,0.32509505703422054,True,True,0.08,True
data/redteam/factory/edgetts/mandarin/edgetts_mandarin_zh-CN-YunyangNeural_SC-000060.wav,spoof,RT-EDGETTS-MANDARIN,clean,redteam_factory/Edge-TTS,微软服务条款，仅研究评测用途,edgetts,mandarin,SC-000060,zh-CN-YunyangNeural,7.58,True,True,0.0,True,0.39841688654353563,True,True,0.029,True
data/redteam/factory/edgetts/mandarin/edgetts_mandarin_zh-CN-YunyangNeural_SC-000065.wav,spoof,RT-EDGETTS-MANDARIN,clean,redteam_factory/Edge-TTS,微软服务条款，仅研究评测用途,edgetts,mandarin,SC-000065,zh-CN-YunyangNeural,11.62,True,True,0.0,True,0.3448275862068966,True,True,0.033,True
data/redteam/factory/edgetts/mandarin/edgetts_mandarin_zh-CN-YunyangNeural_SC-000069.wav,spoof,RT-EDGETTS-MANDARIN,clean,redteam_factory/Edge-TTS,微软服务条款，仅研究评测用途,edgetts,mandarin,SC-000069,zh-CN-YunyangNeural,18.19,True,True,0.0,True,0.2915291529152915,True,True,0.036,True
data/redteam/factory/edgetts/mandarin/edgetts_mandarin_zh-CN-YunyangNeural_SC-000070.wav,spoof,RT-EDGETTS-MANDARIN,clean,redteam_factory/Edge-TTS,微软服务条款，仅研究评测用途,edgetts,mandarin,SC-000070,zh-CN-YunyangNeural,10.68,True,True,0.0,True,0.33146067415730335,True,True,0.017,True
data/redteam/factory/edgetts/mandarin/edgetts_mandarin_zh-CN-YunyangNeural_SC-000072.wav,spoof,RT-EDGETTS-MANDARIN,clean,redteam_factory/Edge-TTS,微软服务条款，仅研究评测用途,edgetts,mandarin,SC-000072,zh-CN-YunyangNeural,8.71,True,True,0.0,True,0.2988505747126437,True,True,0.028,True
data/redteam/factory/edgetts/mandarin/edgetts_mandarin_zh-CN-YunyangNeural_SC-000074.wav,spoof,RT-EDGETTS-MANDARIN,clean,redteam_factory/Edge-TTS,微软服务条款，仅研究评测用途,edgetts,mandarin,SC-000074,zh-CN-YunyangNeural,10.97,True,True,0.0,True,0.3613138686131387,True,True,0.26,True
data/redteam/factory/edgetts/mandarin/edgetts_mandarin_zh-CN-YunyangNeural_SC-000077.wav,spoof,RT-EDGETTS-MANDARIN,clean,redteam_factory/Edge-TTS,微软服务条款，仅研究评测用途,edgetts,mandarin,SC-000077,zh-CN-YunyangNeural,9.34,True,True,0.0,True,0.3776824034334764,True,True,0.048,True
data/redteam/factory/edgetts/mandarin/edgetts_mandarin_zh-CN-YunyangNeural_SC-000082.wav,spoof,RT-EDGETTS-MANDARIN,clean,redteam_factory/Edge-TTS,微软服务条款，仅研究评测用途,edgetts,mandarin,SC-000082,zh-CN-YunyangNeural,7.49,True,True,0.0,True,0.339572192513369,True,True,0.035,True
data/redteam/factory/edgetts/mandarin/edgetts_mandarin_zh-CN-YunyangNeural_SC-000083.wav,spoof,RT-EDGETTS-MANDARIN,clean,redteam_factory/Edge-TTS,微软服务条款，仅研究评测用途,edgetts,mandarin,SC-000083,zh-CN-YunyangNeural,11.69,True,True,0.0,True,0.363013698630137,True,True,0.087,True
data/redteam/factory/edgetts/mandarin/edgetts_mandarin_zh-CN-YunyangNeural_SC-000085.wav,spoof,RT-EDGETTS-MANDARIN,clean,redteam_factory/Edge-TTS,微软服务条款，仅研究评测用途,edgetts,mandarin,SC-000085,zh-CN-YunyangNeural,6.41,True,True,0.0,True,0.325,True,True,0.038,True
data/redteam/factory/edgetts/mandarin/edgetts_mandarin_zh-CN-YunyangNeural_SC-000086.wav,spoof,RT-EDGETTS-MANDARIN,clean,redteam_factory/Edge-TTS,微软服务条款，仅研究评测用途,edgetts,mandarin,SC-000086,zh-CN-YunyangNeural,16.54,True,True,0.0,True,0.29055690072639223,True,True,0.086,True
data/redteam/factory/edgetts/mandarin/edgetts_mandarin_zh-CN-YunyangNeural_SC-000089.wav,spoof,RT-EDGETTS-MANDARIN,clean,redteam_factory/Edge-TTS,微软服务条款，仅研究评测用途,edgetts,mandarin,SC-000089,zh-CN-YunyangNeural,14.3,True,True,0.0,True,0.31888111888111886,True,True,0.099,True
data/redteam/factory/edgetts/mandarin/edgetts_mandarin_zh-CN-YunyangNeural_SC-000090.wav,spoof,RT-EDGETTS-MANDARIN,clean,redteam_factory/Edge-TTS,微软服务条款，仅研究评测用途,edgetts,mandarin,SC-000090,zh-CN-YunyangNeural,16.87,True,True,0.0,True,0.33214709371293,True,True,0.036,True
data/redteam/factory/edgetts/mandarin/edgetts_mandarin_zh-CN-YunyangNeural_SC-000091.wav,spoof,RT-EDGETTS-MANDARIN,clean,redteam_factory/Edge-TTS,微软服务条款，仅研究评测用途,edgetts,mandarin,SC-000091,zh-CN-YunyangNeural,10.13,True,True,0.0,True,0.3557312252964427,True,True,0.14,True
data/redteam/factory/edgetts/mandarin/edgetts_mandarin_zh-CN-YunyangNeural_SC-000092.wav,spoof,RT-EDGETTS-MANDARIN,clean,redteam_factory/Edge-TTS,微软服务条款，仅研究评测用途,edgetts,mandarin,SC-000092,zh-CN-YunyangNeural,10.66,True,True,0.0,True,0.2669172932330827,True,True,0.026,True
data/redteam/factory/edgetts/mandarin/edgetts_mandarin_zh-CN-YunyangNeural_SC-000093.wav,spoof,RT-EDGETTS-MANDARIN,clean,redteam_factory/Edge-TTS,微软服务条款，仅研究评测用途,edgetts,mandarin,SC-000093,zh-CN-YunyangNeural,16.61,True,True,0.0,True,0.35542168674698793,True,True,0.01,True
data/redteam/factory/edgetts/mandarin/edgetts_mandarin_zh-CN-YunyangNeural_SC-000095.wav,spoof,RT-EDGETTS-MANDARIN,clean,redteam_factory/Edge-TTS,微软服务条款，仅研究评测用途,edgetts,mandarin,SC-000095,zh-CN-YunyangNeural,12.74,True,True,0.0,True,0.3642072213500785,True,True,0.068,True
data/redteam/factory/edgetts/mandarin/edgetts_mandarin_zh-CN-YunyangNeural_SC-000096.wav,spoof,RT-EDGETTS-MANDARIN,clean,redteam_factory/Edge-TTS,微软服务条款，仅研究评测用途,edgetts,mandarin,SC-000096,zh-CN-YunyangNeural,12.36,True,True,0.0,True,0.3786407766990291,True,True,0.005,True
data/redteam/factory/edgetts/mandarin/edgetts_mandarin_zh-CN-YunyangNeural_SC-000097.wav,spoof,RT-EDGETTS-MANDARIN,clean,redteam_factory/Edge-TTS,微软服务条款，仅研究评测用途,edgetts,mandarin,SC-000097,zh-CN-YunyangNeural,9.38,True,True,0.0,True,0.3368869936034115,True,True,0.079,True
data/redteam/factory/edgetts/mandarin/edgetts_mandarin_zh-CN-YunyangNeural_SC-000098.wav,spoof,RT-EDGETTS-MANDARIN,clean,redteam_factory/Edge-TTS,微软服务条款，仅研究评测用途,edgetts,mandarin,SC-000098,zh-CN-YunyangNeural,10.63,True,True,0.0,True,0.3352165725047081,True,True,0.047,True
data/redteam/factory/edgetts/mandarin/edgetts_mandarin_zh-CN-YunyangNeural_SC-000100.wav,spoof,RT-EDGETTS-MANDARIN,clean,redteam_factory/Edge-TTS,微软服务条款，仅研究评测用途,edgetts,mandarin,SC-000100,zh-CN-YunyangNeural,11.86,True,True,0.0,True,0.4172297297297297,True,True,0.027,True
data/redteam/factory/edgetts/mandarin/edgetts_mandarin_zh-CN-YunyangNeural_SC-000104.wav,spoof,RT-EDGETTS-MANDARIN,clean,redteam_factory/Edge-TTS,微软服务条款，仅研究评测用途,edgetts,mandarin,SC-000104,zh-CN-YunyangNeural,14.5,True,True,0.0,True,0.3011049723756906,True,True,0.149,True
data/redteam/factory/edgetts/mandarin/edgetts_mandarin_zh-CN-YunyangNeural_SC-000105.wav,spoof,RT-EDGETTS-MANDARIN,clean,redteam_factory/Edge-TTS,微软服务条款，仅研究评测用途,edgetts,mandarin,SC-000105,zh-CN-YunyangNeural,5.26,True,True,0.0,True,0.5343511450381679,True,True,0.01,True
data/redteam/factory/edgetts/mandarin/edgetts_mandarin_zh-CN-YunyangNeural_SC-000110.wav,spoof,RT-EDGETTS-MANDARIN,clean,redteam_factory/Edge-TTS,微软服务条款，仅研究评测用途,edgetts,mandarin,SC-000110,zh-CN-YunyangNeural,13.97,True,True,0.0,True,0.3438395415472779,True,True,0.026,True
data/redteam/factory/edgetts/mandarin/edgetts_mandarin_zh-CN-YunyangNeural_SC-000114.wav,spoof,RT-EDGETTS-MANDARIN,clean,redteam_factory/Edge-TTS,微软服务条款，仅研究评测用途,edgetts,mandarin,SC-000114,zh-CN-YunyangNeural,12.7,True,True,0.0,True,0.3249211356466877,True,True,0.005,True
data/redteam/factory/edgetts/mandarin/edgetts_mandarin_zh-CN-YunyangNeural_SC-000117.wav,spoof,RT-EDGETTS-MANDARIN,clean,redteam_factory/Edge-TTS,微软服务条款，仅研究评测用途,edgetts,mandarin,SC-000117,zh-CN-YunyangNeural,11.26,True,True,0.0,True,0.4430604982206406,True,True,0.02,True
data/redteam/factory/edgetts/mandarin/edgetts_mandarin_zh-CN-YunyangNeural_SC-000120.wav,spoof,RT-EDGETTS-MANDARIN,clean,redteam_factory/Edge-TTS,微软服务条款，仅研究评测用途,edgetts,mandarin,SC-000120,zh-CN-YunyangNeural,8.4,True,True,0.0,True,0.3333333333333333,True,True,0.058,True
data/redteam/factory/edgetts/mandarin/edgetts_mandarin_zh-CN-YunyangNeural_SC-000123.wav,spoof,RT-EDGETTS-MANDARIN,clean,redteam_factory/Edge-TTS,微软服务条款，仅研究评测用途,edgetts,mandarin,SC-000123,zh-CN-YunyangNeural,8.38,True,True,0.0,True,0.34210526315789475,True,True,0.223,True
data/redteam/factory/edgetts/minnan/edgetts_minnan_zh-TW-HsiaoChenNeural_SC-000054.wav,spoof,RT-EDGETTS-MINNAN,clean,redteam_factory/Edge-TTS,微软服务条款，仅研究评测用途,edgetts,minnan,SC-000054,zh-TW-HsiaoChenNeural,11.78,True,True,0.0,True,0.3140916808149406,True,True,0.062,True
data/redteam/factory/edgetts/minnan/edgetts_minnan_zh-TW-HsiaoChenNeural_SC-000055.wav,spoof,RT-EDGETTS-MINNAN,clean,redteam_factory/Edge-TTS,微软服务条款，仅研究评测用途,edgetts,minnan,SC-000055,zh-TW-HsiaoChenNeural,9.74,True,True,0.0,True,0.23203285420944558,True,True,0.214,True
data/redteam/factory/edgetts/minnan/edgetts_minnan_zh-TW-HsiaoChenNeural_SC-000059.wav,spoof,RT-EDGETTS-MINNAN,clean,redteam_factory/Edge-TTS,微软服务条款，仅研究评测用途,edgetts,minnan,SC-000059,zh-TW-HsiaoChenNeural,13.97,True,True,0.0,True,0.22492836676217765,True,True,0.013,True
data/redteam/factory/edgetts/minnan/edgetts_minnan_zh-TW-HsiaoChenNeural_SC-000063.wav,spoof,RT-EDGETTS-MINNAN,clean,redteam_factory/Edge-TTS,微软服务条款，仅研究评测用途,edgetts,minnan,SC-000063,zh-TW-HsiaoChenNeural,16.63,True,True,0.0,True,0.0842358604091456,True,True,0.257,True
data/redteam/factory/edgetts/minnan/edgetts_minnan_zh-TW-HsiaoChenNeural_SC-000071.wav,spoof,RT-EDGETTS-MINNAN,clean,redteam_factory/Edge-TTS,微软服务条款，仅研究评测用途,edgetts,minnan,SC-000071,zh-TW-HsiaoChenNeural,15.65,True,True,0.0,True,0.2928388746803069,True,True,0.024,True
data/redteam/factory/edgetts/minnan/edgetts_minnan_zh-TW-HsiaoChenNeural_SC-000080.wav,spoof,RT-EDGETTS-MINNAN,clean,redteam_factory/Edge-TTS,微软服务条款，仅研究评测用途,edgetts,minnan,SC-000080,zh-TW-HsiaoChenNeural,15.02,True,True,0.0,True,0.2609853528628495,True,True,0.039,True
data/redteam/factory/edgetts/minnan/edgetts_minnan_zh-TW-HsiaoChenNeural_SC-000146.wav,spoof,RT-EDGETTS-MINNAN,clean,redteam_factory/Edge-TTS,微软服务条款，仅研究评测用途,edgetts,minnan,SC-000146,zh-TW-HsiaoChenNeural,12.29,True,True,0.0,True,0.2964169381107492,True,True,0.117,True
data/redteam/factory/edgetts/minnan/edgetts_minnan_zh-TW-HsiaoChenNeural_SC-000156.wav,spoof,RT-EDGETTS-MINNAN,clean,redteam_factory/Edge-TTS,微软服务条款，仅研究评测用途,edgetts,minnan,SC-000156,zh-TW-HsiaoChenNeural,17.66,True,True,0.0,True,0.29105322763306907,True,True,0.066,True
data/redteam/factory/edgetts/minnan/edgetts_minnan_zh-TW-HsiaoChenNeural_SC-000192.wav,spoof,RT-EDGETTS-MINNAN,clean,redteam_factory/Edge-TTS,微软服务条款，仅研究评测用途,edgetts,minnan,SC-000192,zh-TW-HsiaoChenNeural,14.33,True,True,0.0,True,0.22486033519553073,True,True,0.073,True
data/redteam/factory/edgetts/minnan/edgetts_minnan_zh-TW-HsiaoChenNeural_SC-000196.wav,spoof,RT-EDGETTS-MINNAN,clean,redteam_factory/Edge-TTS,微软服务条款，仅研究评测用途,edgetts,minnan,SC-000196,zh-TW-HsiaoChenNeural,16.99,True,True,0.0,True,0.24617196702002356,True,True,0.036,True
data/redteam/factory/edgetts/minnan/edgetts_minnan_zh-TW-HsiaoChenNeural_SC-000207.wav,spoof,RT-EDGETTS-MINNAN,clean,redteam_factory/Edge-TTS,微软服务条款，仅研究评测用途,edgetts,minnan,SC-000207,zh-TW-HsiaoChenNeural,12.41,True,True,0.0,True,0.33225806451612905,True,True,0.036,True
data/redteam/factory/edgetts/minnan/edgetts_minnan_zh-TW-HsiaoChenNeural_SC-000229.wav,spoof,RT-EDGETTS-MINNAN,clean,redteam_factory/Edge-TTS,微软服务条款，仅研究评测用途,edgetts,minnan,SC-000229,zh-TW-HsiaoChenNeural,11.74,True,True,0.0,True,0.3293515358361775,True,True,0.283,True
data/redteam/factory/edgetts/minnan/edgetts_minnan_zh-TW-HsiaoChenNeural_SC-000237.wav,spoof,RT-EDGETTS-MINNAN,clean,redteam_factory/Edge-TTS,微软服务条款，仅研究评测用途,edgetts,minnan,SC-000237,zh-TW-HsiaoChenNeural,8.95,True,True,0.0,True,0.25727069351230425,True,True,0.034,True
data/redteam/factory/edgetts/minnan/edgetts_minnan_zh-TW-HsiaoChenNeural_SC-000257.wav,spoof,RT-EDGETTS-MINNAN,clean,redteam_factory/Edge-TTS,微软服务条款，仅研究评测用途,edgetts,minnan,SC-000257,zh-TW-HsiaoChenNeural,13.01,True,True,0.0,True,0.2846153846153846,True,True,0.107,True
data/redteam/factory/edgetts/minnan/edgetts_minnan_zh-TW-HsiaoChenNeural_SC-000282.wav,spoof,RT-EDGETTS-MINNAN,clean,redteam_factory/Edge-TTS,微软服务条款，仅研究评测用途,edgetts,minnan,SC-000282,zh-TW-HsiaoChenNeural,17.06,True,True,0.0,True,0.2989449003516999,True,True,0.016,True
data/redteam/factory/edgetts/minnan/edgetts_minnan_zh-TW-HsiaoChenNeural_SC-000363.wav,spoof,RT-EDGETTS-MINNAN,clean,redteam_factory/Edge-TTS,微软服务条款，仅研究评测用途,edgetts,minnan,SC-000363,zh-TW-HsiaoChenNeural,16.22,True,True,0.0,True,0.2638717632552404,True,True,0.061,True
data/redteam/factory/edgetts/minnan/edgetts_minnan_zh-TW-HsiaoChenNeural_SC-000367.wav,spoof,RT-EDGETTS-MINNAN,clean,redteam_factory/Edge-TTS,微软服务条款，仅研究评测用途,edgetts,minnan,SC-000367,zh-TW-HsiaoChenNeural,18.91,True,True,0.0,True,0.23174603174603176,True,True,0.054,True
data/redteam/factory/edgetts/minnan/edgetts_minnan_zh-TW-HsiaoChenNeural_SC-000387.wav,spoof,RT-EDGETTS-MINNAN,clean,redteam_factory/Edge-TTS,微软服务条款，仅研究评测用途,edgetts,minnan,SC-000387,zh-TW-HsiaoChenNeural,12.5,True,True,0.0,True,0.32,True,True,0.186,True
data/redteam/factory/edgetts/minnan/edgetts_minnan_zh-TW-HsiaoChenNeural_SC-000391.wav,spoof,RT-EDGETTS-MINNAN,clean,redteam_factory/Edge-TTS,微软服务条款，仅研究评测用途,edgetts,minnan,SC-000391,zh-TW-HsiaoChenNeural,14.33,True,True,0.0,True,0.3477653631284916,True,True,0.148,True
data/redteam/factory/edgetts/minnan/edgetts_minnan_zh-TW-HsiaoChenNeural_SC-000392.wav,spoof,RT-EDGETTS-MINNAN,clean,redteam_factory/Edge-TTS,微软服务条款，仅研究评测用途,edgetts,minnan,SC-000392,zh-TW-HsiaoChenNeural,14.78,True,True,0.0,True,0.2083897158322057,True,True,0.122,True
data/redteam/factory/edgetts/minnan/edgetts_minnan_zh-TW-HsiaoChenNeural_SC-000394.wav,spoof,RT-EDGETTS-MINNAN,clean,redteam_factory/Edge-TTS,微软服务条款，仅研究评测用途,edgetts,minnan,SC-000394,zh-TW-HsiaoChenNeural,15.98,True,True,0.0,True,0.26533166458072593,True,True,0.075,True
data/redteam/factory/edgetts/minnan/edgetts_minnan_zh-TW-HsiaoChenNeural_SC-000406.wav,spoof,RT-EDGETTS-MINNAN,clean,redteam_factory/Edge-TTS,微软服务条款，仅研究评测用途,edgetts,minnan,SC-000406,zh-TW-HsiaoChenNeural,15.1,True,True,0.0,True,0.35278514588859416,True,True,0.045,True
data/redteam/factory/edgetts/minnan/edgetts_minnan_zh-TW-HsiaoChenNeural_SC-000412.wav,spoof,RT-EDGETTS-MINNAN,clean,redteam_factory/Edge-TTS,微软服务条款，仅研究评测用途,edgetts,minnan,SC-000412,zh-TW-HsiaoChenNeural,14.28,True,True,0.0,True,0.23949579831932774,True,True,0.06,True
data/redteam/factory/edgetts/minnan/edgetts_minnan_zh-TW-HsiaoChenNeural_SC-000421.wav,spoof,RT-EDGETTS-MINNAN,clean,redteam_factory/Edge-TTS,微软服务条款，仅研究评测用途,edgetts,minnan,SC-000421,zh-TW-HsiaoChenNeural,18.62,True,True,0.0,True,0.2513426423200859,True,True,0.021,True
data/redteam/factory/edgetts/minnan/edgetts_minnan_zh-TW-HsiaoChenNeural_SC-000422.wav,spoof,RT-EDGETTS-MINNAN,clean,redteam_factory/Edge-TTS,微软服务条款，仅研究评测用途,edgetts,minnan,SC-000422,zh-TW-HsiaoChenNeural,12.46,True,True,0.0,True,0.3327974276527331,True,True,0.006,True
data/redteam/factory/edgetts/minnan/edgetts_minnan_zh-TW-HsiaoChenNeural_SC-000423.wav,spoof,RT-EDGETTS-MINNAN,clean,redteam_factory/Edge-TTS,微软服务条款，仅研究评测用途,edgetts,minnan,SC-000423,zh-TW-HsiaoChenNeural,15.82,True,True,0.0,True,0.2873417721518987,True,True,0.087,True
data/redteam/factory/edgetts/minnan/edgetts_minnan_zh-TW-HsiaoChenNeural_SC-000426.wav,spoof,RT-EDGETTS-MINNAN,clean,redteam_factory/Edge-TTS,微软服务条款，仅研究评测用途,edgetts,minnan,SC-000426,zh-TW-HsiaoChenNeural,16.1,True,True,0.0,True,0.3167701863354037,True,True,0.078,True
data/redteam/factory/edgetts/minnan/edgetts_minnan_zh-TW-HsiaoChenNeural_SC-000478.wav,spoof,RT-EDGETTS-MINNAN,clean,redteam_factory/Edge-TTS,微软服务条款，仅研究评测用途,edgetts,minnan,SC-000478,zh-TW-HsiaoChenNeural,14.86,True,True,0.0,True,0.2857142857142857,True,True,0.083,True
data/redteam/factory/edgetts/minnan/edgetts_minnan_zh-TW-HsiaoChenNeural_SC-000504.wav,spoof,RT-EDGETTS-MINNAN,clean,redteam_factory/Edge-TTS,微软服务条款，仅研究评测用途,edgetts,minnan,SC-000504,zh-TW-HsiaoChenNeural,12.65,True,True,0.0,True,0.4177215189873418,True,True,0.215,True
data/redteam/factory/edgetts/minnan/edgetts_minnan_zh-TW-HsiaoChenNeural_SC-000516.wav,spoof,RT-EDGETTS-MINNAN,clean,redteam_factory/Edge-TTS,微软服务条款，仅研究评测用途,edgetts,minnan,SC-000516,zh-TW-HsiaoChenNeural,14.64,True,True,0.0,True,0.34562841530054644,True,True,0.084,True
data/redteam/factory/edgetts/minnan/edgetts_minnan_zh-TW-HsiaoChenNeural_SC-000522.wav,spoof,RT-EDGETTS-MINNAN,clean,redteam_factory/Edge-TTS,微软服务条款，仅研究评测用途,edgetts,minnan,SC-000522,zh-TW-HsiaoChenNeural,9.38,True,True,0.0,True,0.37100213219616207,True,True,0.078,True
data/redteam/factory/edgetts/minnan/edgetts_minnan_zh-TW-YunJheNeural_SC-000054.wav,spoof,RT-EDGETTS-MINNAN,clean,redteam_factory/Edge-TTS,微软服务条款，仅研究评测用途,edgetts,minnan,SC-000054,zh-TW-YunJheNeural,10.82,True,True,0.0,True,0.3789279112754159,True,True,0.052,True
data/redteam/factory/edgetts/minnan/edgetts_minnan_zh-TW-YunJheNeural_SC-000055.wav,spoof,RT-EDGETTS-MINNAN,clean,redteam_factory/Edge-TTS,微软服务条款，仅研究评测用途,edgetts,minnan,SC-000055,zh-TW-YunJheNeural,8.71,True,True,0.0,True,0.3333333333333333,True,True,0.098,True
data/redteam/factory/edgetts/minnan/edgetts_minnan_zh-TW-YunJheNeural_SC-000059.wav,spoof,RT-EDGETTS-MINNAN,clean,redteam_factory/Edge-TTS,微软服务条款，仅研究评测用途,edgetts,minnan,SC-000059,zh-TW-YunJheNeural,12.55,True,True,0.0,True,0.3189792663476874,True,True,0.001,True
data/redteam/factory/edgetts/minnan/edgetts_minnan_zh-TW-YunJheNeural_SC-000063.wav,spoof,RT-EDGETTS-MINNAN,clean,redteam_factory/Edge-TTS,微软服务条款，仅研究评测用途,edgetts,minnan,SC-000063,zh-TW-YunJheNeural,13.22,True,True,0.0,True,0.13767019667170954,True,True,0.08,True
data/redteam/factory/edgetts/minnan/edgetts_minnan_zh-TW-YunJheNeural_SC-000071.wav,spoof,RT-EDGETTS-MINNAN,clean,redteam_factory/Edge-TTS,微软服务条款，仅研究评测用途,edgetts,minnan,SC-000071,zh-TW-YunJheNeural,14.54,True,True,0.0,True,0.38239339752407153,True,True,0.007,True
data/redteam/factory/edgetts/minnan/edgetts_minnan_zh-TW-YunJheNeural_SC-000080.wav,spoof,RT-EDGETTS-MINNAN,clean,redteam_factory/Edge-TTS,微软服务条款，仅研究评测用途,edgetts,minnan,SC-000080,zh-TW-YunJheNeural,13.63,True,True,0.0,True,0.342143906020558,True,True,0.008,True
data/redteam/factory/edgetts/minnan/edgetts_minnan_zh-TW-YunJheNeural_SC-000130.wav,spoof,RT-EDGETTS-MINNAN,clean,redteam_factory/Edge-TTS,微软服务条款，仅研究评测用途,edgetts,minnan,SC-000130,zh-TW-YunJheNeural,9.19,True,True,0.0,True,0.38344226579520696,True,True,0.009,True
data/redteam/factory/edgetts/minnan/edgetts_minnan_zh-TW-YunJheNeural_SC-000146.wav,spoof,RT-EDGETTS-MINNAN,clean,redteam_factory/Edge-TTS,微软服务条款，仅研究评测用途,edgetts,minnan,SC-000146,zh-TW-YunJheNeural,11.21,True,True,0.0,True,0.3678571428571429,True,True,0.107,True
data/redteam/factory/edgetts/minnan/edgetts_minnan_zh-TW-YunJheNeural_SC-000156.wav,spoof,RT-EDGETTS-MINNAN,clean,redteam_factory/Edge-TTS,微软服务条款，仅研究评测用途,edgetts,minnan,SC-000156,zh-TW-YunJheNeural,16.08,True,True,0.0,True,0.3781094527363184,True,True,0.088,True
data/redteam/factory/edgetts/minnan/edgetts_minnan_zh-TW-YunJheNeural_SC-000192.wav,spoof,RT-EDGETTS-MINNAN,clean,redteam_factory/Edge-TTS,微软服务条款，仅研究评测用途,edgetts,minnan,SC-000192,zh-TW-YunJheNeural,12.41,True,True,0.0,True,0.2806451612903226,True,True,0.043,True
data/redteam/factory/edgetts/minnan/edgetts_minnan_zh-TW-YunJheNeural_SC-000196.wav,spoof,RT-EDGETTS-MINNAN,clean,redteam_factory/Edge-TTS,微软服务条款，仅研究评测用途,edgetts,minnan,SC-000196,zh-TW-YunJheNeural,14.95,True,True,0.0,True,0.32663989290495316,True,True,0.04,True
data/redteam/factory/edgetts/minnan/edgetts_minnan_zh-TW-YunJheNeural_SC-000207.wav,spoof,RT-EDGETTS-MINNAN,clean,redteam_factory/Edge-TTS,微软服务条款，仅研究评测用途,edgetts,minnan,SC-000207,zh-TW-YunJheNeural,11.69,True,True,0.0,True,0.4126712328767123,True,True,0.017,True
data/redteam/factory/edgetts/minnan/edgetts_minnan_zh-TW-YunJheNeural_SC-000229.wav,spoof,RT-EDGETTS-MINNAN,clean,redteam_factory/Edge-TTS,微软服务条款，仅研究评测用途,edgetts,minnan,SC-000229,zh-TW-YunJheNeural,10.94,True,True,0.0,True,0.42778793418647165,True,True,0.052,True
data/redteam/factory/edgetts/minnan/edgetts_minnan_zh-TW-YunJheNeural_SC-000237.wav,spoof,RT-EDGETTS-MINNAN,clean,redteam_factory/Edge-TTS,微软服务条款，仅研究评测用途,edgetts,minnan,SC-000237,zh-TW-YunJheNeural,7.78,True,True,0.0,True,0.31958762886597936,True,True,0.006,True
data/redteam/factory/edgetts/minnan/edgetts_minnan_zh-TW-YunJheNeural_SC-000257.wav,spoof,RT-EDGETTS-MINNAN,clean,redteam_factory/Edge-TTS,微软服务条款，仅研究评测用途,edgetts,minnan,SC-000257,zh-TW-YunJheNeural,12.0,True,True,0.0,True,0.37,True,True,0.004,True
data/redteam/factory/edgetts/minnan/edgetts_minnan_zh-TW-YunJheNeural_SC-000282.wav,spoof,RT-EDGETTS-MINNAN,clean,redteam_factory/Edge-TTS,微软服务条款，仅研究评测用途,edgetts,minnan,SC-000282,zh-TW-YunJheNeural,16.22,True,True,0.0,True,0.3649815043156597,True,True,0.013,True
data/redteam/factory/edgetts/minnan/edgetts_minnan_zh-TW-YunJheNeural_SC-000316.wav,spoof,RT-EDGETTS-MINNAN,clean,redteam_factory/Edge-TTS,微软服务条款，仅研究评测用途,edgetts,minnan,SC-000316,zh-TW-YunJheNeural,9.77,True,True,0.0,True,0.2889344262295082,True,True,0.015,True
data/redteam/factory/edgetts/minnan/edgetts_minnan_zh-TW-YunJheNeural_SC-000350.wav,spoof,RT-EDGETTS-MINNAN,clean,redteam_factory/Edge-TTS,微软服务条款，仅研究评测用途,edgetts,minnan,SC-000350,zh-TW-YunJheNeural,13.49,True,True,0.0,True,0.33382789317507416,True,True,0.011,True
data/redteam/factory/edgetts/minnan/edgetts_minnan_zh-TW-YunJheNeural_SC-000363.wav,spoof,RT-EDGETTS-MINNAN,clean,redteam_factory/Edge-TTS,微软服务条款，仅研究评测用途,edgetts,minnan,SC-000363,zh-TW-YunJheNeural,14.3,True,True,0.0,True,0.34405594405594403,True,True,0.011,True
data/redteam/factory/edgetts/minnan/edgetts_minnan_zh-TW-YunJheNeural_SC-000367.wav,spoof,RT-EDGETTS-MINNAN,clean,redteam_factory/Edge-TTS,微软服务条款，仅研究评测用途,edgetts,minnan,SC-000367,zh-TW-YunJheNeural,16.63,True,True,0.0,True,0.2996389891696751,True,True,0.025,True
data/redteam/factory/edgetts/minnan/edgetts_minnan_zh-TW-YunJheNeural_SC-000387.wav,spoof,RT-EDGETTS-MINNAN,clean,redteam_factory/Edge-TTS,微软服务条款，仅研究评测用途,edgetts,minnan,SC-000387,zh-TW-YunJheNeural,11.64,True,True,0.0,True,0.39690721649484534,True,True,0.03,True
data/redteam/factory/edgetts/minnan/edgetts_minnan_zh-TW-YunJheNeural_SC-000391.wav,spoof,RT-EDGETTS-MINNAN,clean,redteam_factory/Edge-TTS,微软服务条款，仅研究评测用途,edgetts,minnan,SC-000391,zh-TW-YunJheNeural,13.32,True,True,0.0,True,0.42042042042042044,True,True,0.003,True
data/redteam/factory/edgetts/minnan/edgetts_minnan_zh-TW-YunJheNeural_SC-000392.wav,spoof,RT-EDGETTS-MINNAN,clean,redteam_factory/Edge-TTS,微软服务条款，仅研究评测用途,edgetts,minnan,SC-000392,zh-TW-YunJheNeural,12.48,True,True,0.0,True,0.28205128205128205,True,True,0.073,True
data/redteam/factory/edgetts/minnan/edgetts_minnan_zh-TW-YunJheNeural_SC-000394.wav,spoof,RT-EDGETTS-MINNAN,clean,redteam_factory/Edge-TTS,微软服务条款，仅研究评测用途,edgetts,minnan,SC-000394,zh-TW-YunJheNeural,14.52,True,True,0.0,True,0.34297520661157027,True,True,0.038,True
data/redteam/factory/edgetts/minnan/edgetts_minnan_zh-TW-YunJheNeural_SC-000406.wav,spoof,RT-EDGETTS-MINNAN,clean,redteam_factory/Edge-TTS,微软服务条款，仅研究评测用途,edgetts,minnan,SC-000406,zh-TW-YunJheNeural,14.47,True,True,0.0,True,0.4218533886583679,True,True,0.01,True
data/redteam/factory/edgetts/minnan/edgetts_minnan_zh-TW-YunJheNeural_SC-000412.wav,spoof,RT-EDGETTS-MINNAN,clean,redteam_factory/Edge-TTS,微软服务条款，仅研究评测用途,edgetts,minnan,SC-000412,zh-TW-YunJheNeural,12.19,True,True,0.0,True,0.2955665024630542,True,True,0.012,True
data/redteam/factory/edgetts/minnan/edgetts_minnan_zh-TW-YunJheNeural_SC-000421.wav,spoof,RT-EDGETTS-MINNAN,clean,redteam_factory/Edge-TTS,微软服务条款，仅研究评测用途,edgetts,minnan,SC-000421,zh-TW-YunJheNeural,15.89,True,True,0.0,True,0.32871536523929473,True,True,0.003,True
data/redteam/factory/edgetts/minnan/edgetts_minnan_zh-TW-YunJheNeural_SC-000422.wav,spoof,RT-EDGETTS-MINNAN,clean,redteam_factory/Edge-TTS,微软服务条款，仅研究评测用途,edgetts,minnan,SC-000422,zh-TW-YunJheNeural,11.71,True,True,0.0,True,0.4239316239316239,True,True,0.003,True
data/redteam/factory/edgetts/minnan/edgetts_minnan_zh-TW-YunJheNeural_SC-000423.wav,spoof,RT-EDGETTS-MINNAN,clean,redteam_factory/Edge-TTS,微软服务条款，仅研究评测用途,edgetts,minnan,SC-000423,zh-TW-YunJheNeural,14.4,True,True,0.0,True,0.3597222222222222,True,True,0.017,True
data/redteam/factory/edgetts/minnan/edgetts_minnan_zh-TW-YunJheNeural_SC-000426.wav,spoof,RT-EDGETTS-MINNAN,clean,redteam_factory/Edge-TTS,微软服务条款，仅研究评测用途,edgetts,minnan,SC-000426,zh-TW-YunJheNeural,15.02,True,True,0.0,True,0.3781624500665779,True,True,0.014,True
data/redteam/factory/edgetts/minnan/edgetts_minnan_zh-TW-YunJheNeural_SC-000478.wav,spoof,RT-EDGETTS-MINNAN,clean,redteam_factory/Edge-TTS,微软服务条款，仅研究评测用途,edgetts,minnan,SC-000478,zh-TW-YunJheNeural,13.34,True,True,0.0,True,0.34332833583208394,True,True,0.004,True
data/redteam/factory/edgetts/minnan/edgetts_minnan_zh-TW-YunJheNeural_SC-000498.wav,spoof,RT-EDGETTS-MINNAN,clean,redteam_factory/Edge-TTS,微软服务条款，仅研究评测用途,edgetts,minnan,SC-000498,zh-TW-YunJheNeural,11.76,True,True,0.0,True,0.3554421768707483,True,True,0.065,True
data/redteam/factory/edgetts/minnan/edgetts_minnan_zh-TW-YunJheNeural_SC-000504.wav,spoof,RT-EDGETTS-MINNAN,clean,redteam_factory/Edge-TTS,微软服务条款，仅研究评测用途,edgetts,minnan,SC-000504,zh-TW-YunJheNeural,12.67,True,True,0.0,True,0.4928909952606635,True,True,0.005,True
data/redteam/factory/edgetts/minnan/edgetts_minnan_zh-TW-YunJheNeural_SC-000516.wav,spoof,RT-EDGETTS-MINNAN,clean,redteam_factory/Edge-TTS,微软服务条款，仅研究评测用途,edgetts,minnan,SC-000516,zh-TW-YunJheNeural,13.63,True,True,0.0,True,0.4185022026431718,True,True,0.011,True
data/redteam/factory/edgetts/minnan/edgetts_minnan_zh-TW-YunJheNeural_SC-000522.wav,spoof,RT-EDGETTS-MINNAN,clean,redteam_factory/Edge-TTS,微软服务条款，仅研究评测用途,edgetts,minnan,SC-000522,zh-TW-YunJheNeural,8.71,True,True,0.0,True,0.4528735632183908,True,True,0.007,True
data/redteam/factory/edgetts/sichuan/edgetts_sichuan_zh-CN-YunxiNeural_SC-000062.wav,spoof,RT-EDGETTS-SICHUAN,clean,redteam_factory/Edge-TTS,微软服务条款，仅研究评测用途,edgetts,sichuan,SC-000062,zh-CN-YunxiNeural,8.5,True,True,0.0,True,0.4716981132075472,True,True,0.001,True
data/redteam/factory/edgetts/sichuan/edgetts_sichuan_zh-CN-YunxiNeural_SC-000066.wav,spoof,RT-EDGETTS-SICHUAN,clean,redteam_factory/Edge-TTS,微软服务条款，仅研究评测用途,edgetts,sichuan,SC-000066,zh-CN-YunxiNeural,10.32,True,True,0.0,True,0.4806201550387597,True,True,0.008,True
data/redteam/factory/edgetts/sichuan/edgetts_sichuan_zh-CN-YunxiNeural_SC-000076.wav,spoof,RT-EDGETTS-SICHUAN,clean,redteam_factory/Edge-TTS,微软服务条款，仅研究评测用途,edgetts,sichuan,SC-000076,zh-CN-YunxiNeural,9.29,True,True,0.0,True,0.34698275862068967,True,True,0.001,True
data/redteam/factory/edgetts/sichuan/edgetts_sichuan_zh-CN-YunxiNeural_SC-000099.wav,spoof,RT-EDGETTS-SICHUAN,clean,redteam_factory/Edge-TTS,微软服务条款，仅研究评测用途,edgetts,sichuan,SC-000099,zh-CN-YunxiNeural,10.03,True,True,0.0,True,0.36926147704590817,True,True,0.031,True
data/redteam/factory/edgetts/sichuan/edgetts_sichuan_zh-CN-YunxiNeural_SC-000107.wav,spoof,RT-EDGETTS-SICHUAN,clean,redteam_factory/Edge-TTS,微软服务条款，仅研究评测用途,edgetts,sichuan,SC-000107,zh-CN-YunxiNeural,9.6,True,True,0.0,True,0.46458333333333335,True,True,0.005,True
data/redteam/factory/edgetts/sichuan/edgetts_sichuan_zh-CN-YunxiNeural_SC-000118.wav,spoof,RT-EDGETTS-SICHUAN,clean,redteam_factory/Edge-TTS,微软服务条款，仅研究评测用途,edgetts,sichuan,SC-000118,zh-CN-YunxiNeural,12.12,True,True,0.0,True,0.4141914191419142,True,True,0.002,True
data/redteam/factory/edgetts/sichuan/edgetts_sichuan_zh-CN-YunxiNeural_SC-000125.wav,spoof,RT-EDGETTS-SICHUAN,clean,redteam_factory/Edge-TTS,微软服务条款，仅研究评测用途,edgetts,sichuan,SC-000125,zh-CN-YunxiNeural,11.14,True,True,0.0,True,0.41906474820143885,True,True,0.009,True
data/redteam/factory/edgetts/sichuan/edgetts_sichuan_zh-CN-YunxiNeural_SC-000127.wav,spoof,RT-EDGETTS-SICHUAN,clean,redteam_factory/Edge-TTS,微软服务条款，仅研究评测用途,edgetts,sichuan,SC-000127,zh-CN-YunxiNeural,11.54,True,True,0.0,True,0.3968804159445407,True,True,0.037,True
data/redteam/factory/edgetts/sichuan/edgetts_sichuan_zh-CN-YunxiNeural_SC-000144.wav,spoof,RT-EDGETTS-SICHUAN,clean,redteam_factory/Edge-TTS,微软服务条款，仅研究评测用途,edgetts,sichuan,SC-000144,zh-CN-YunxiNeural,7.3,True,True,0.0,True,0.3983516483516483,True,True,0.001,True
data/redteam/factory/edgetts/sichuan/edgetts_sichuan_zh-CN-YunxiNeural_SC-000165.wav,spoof,RT-EDGETTS-SICHUAN,clean,redteam_factory/Edge-TTS,微软服务条款，仅研究评测用途,edgetts,sichuan,SC-000165,zh-CN-YunxiNeural,19.97,True,True,0.0,True,0.38577154308617234,True,True,0.03,True
data/redteam/factory/edgetts/sichuan/edgetts_sichuan_zh-CN-YunxiNeural_SC-000172.wav,spoof,RT-EDGETTS-SICHUAN,clean,redteam_factory/Edge-TTS,微软服务条款，仅研究评测用途,edgetts,sichuan,SC-000172,zh-CN-YunxiNeural,10.7,True,True,0.0,True,0.4336448598130841,True,True,0.011,True
data/redteam/factory/edgetts/sichuan/edgetts_sichuan_zh-CN-YunxiNeural_SC-000177.wav,spoof,RT-EDGETTS-SICHUAN,clean,redteam_factory/Edge-TTS,微软服务条款，仅研究评测用途,edgetts,sichuan,SC-000177,zh-CN-YunxiNeural,17.64,True,True,0.0,True,0.36621315192743764,True,True,0.003,True
data/redteam/factory/edgetts/sichuan/edgetts_sichuan_zh-CN-YunxiNeural_SC-000178.wav,spoof,RT-EDGETTS-SICHUAN,clean,redteam_factory/Edge-TTS,微软服务条款，仅研究评测用途,edgetts,sichuan,SC-000178,zh-CN-YunxiNeural,9.7,True,True,0.0,True,0.3739669421487603,True,True,0.008,True
data/redteam/factory/edgetts/sichuan/edgetts_sichuan_zh-CN-YunxiNeural_SC-000179.wav,spoof,RT-EDGETTS-SICHUAN,clean,redteam_factory/Edge-TTS,微软服务条款，仅研究评测用途,edgetts,sichuan,SC-000179,zh-CN-YunxiNeural,8.35,True,True,0.0,True,0.4292565947242206,True,True,0.017,True
data/redteam/factory/edgetts/sichuan/edgetts_sichuan_zh-CN-YunxiNeural_SC-000186.wav,spoof,RT-EDGETTS-SICHUAN,clean,redteam_factory/Edge-TTS,微软服务条款，仅研究评测用途,edgetts,sichuan,SC-000186,zh-CN-YunxiNeural,16.03,True,True,0.0,True,0.45942571785268416,True,True,0.003,True
data/redteam/factory/edgetts/sichuan/edgetts_sichuan_zh-CN-YunxiNeural_SC-000188.wav,spoof,RT-EDGETTS-SICHUAN,clean,redteam_factory/Edge-TTS,微软服务条款，仅研究评测用途,edgetts,sichuan,SC-000188,zh-CN-YunxiNeural,8.26,True,True,0.0,True,0.42718446601941745,True,True,0.012,True
data/redteam/factory/edgetts/sichuan/edgetts_sichuan_zh-CN-YunxiNeural_SC-000199.wav,spoof,RT-EDGETTS-SICHUAN,clean,redteam_factory/Edge-TTS,微软服务条款，仅研究评测用途,edgetts,sichuan,SC-000199,zh-CN-YunxiNeural,12.22,True,True,0.0,True,0.36721311475409835,True,True,0.097,True
data/redteam/factory/edgetts/sichuan/edgetts_sichuan_zh-CN-YunxiNeural_SC-000205.wav,spoof,RT-EDGETTS-SICHUAN,clean,redteam_factory/Edge-TTS,微软服务条款，仅研究评测用途,edgetts,sichuan,SC-000205,zh-CN-YunxiNeural,9.91,True,True,0.0,True,0.43434343434343436,True,True,0.002,True
data/redteam/factory/edgetts/sichuan/edgetts_sichuan_zh-CN-YunxiNeural_SC-000210.wav,spoof,RT-EDGETTS-SICHUAN,clean,redteam_factory/Edge-TTS,微软服务条款，仅研究评测用途,edgetts,sichuan,SC-000210,zh-CN-YunxiNeural,10.9,True,True,0.0,True,0.4172794117647059,True,True,0.015,True
data/redteam/factory/edgetts/sichuan/edgetts_sichuan_zh-CN-YunxiNeural_SC-000211.wav,spoof,RT-EDGETTS-SICHUAN,clean,redteam_factory/Edge-TTS,微软服务条款，仅研究评测用途,edgetts,sichuan,SC-000211,zh-CN-YunxiNeural,4.25,True,True,0.0,True,0.49528301886792453,True,True,0.013,True
data/redteam/factory/edgetts/sichuan/edgetts_sichuan_zh-CN-YunxiNeural_SC-000212.wav,spoof,RT-EDGETTS-SICHUAN,clean,redteam_factory/Edge-TTS,微软服务条款，仅研究评测用途,edgetts,sichuan,SC-000212,zh-CN-YunxiNeural,11.88,True,True,0.0,True,0.38552188552188554,True,True,0.041,True
data/redteam/factory/edgetts/sichuan/edgetts_sichuan_zh-CN-YunxiNeural_SC-000215.wav,spoof,RT-EDGETTS-SICHUAN,clean,redteam_factory/Edge-TTS,微软服务条款，仅研究评测用途,edgetts,sichuan,SC-000215,zh-CN-YunxiNeural,12.55,True,True,0.0,True,0.38118022328548645,True,True,0.017,True
data/redteam/factory/edgetts/sichuan/edgetts_sichuan_zh-CN-YunxiNeural_SC-000222.wav,spoof,RT-EDGETTS-SICHUAN,clean,redteam_factory/Edge-TTS,微软服务条款，仅研究评测用途,edgetts,sichuan,SC-000222,zh-CN-YunxiNeural,10.03,True,True,0.0,True,0.41916167664670656,True,True,0.014,True
data/redteam/factory/edgetts/sichuan/edgetts_sichuan_zh-CN-YunxiNeural_SC-000232.wav,spoof,RT-EDGETTS-SICHUAN,clean,redteam_factory/Edge-TTS,微软服务条款，仅研究评测用途,edgetts,sichuan,SC-000232,zh-CN-YunxiNeural,16.56,True,True,0.0,True,0.38405797101449274,True,True,0.017,True
data/redteam/factory/edgetts/sichuan/edgetts_sichuan_zh-CN-YunxiNeural_SC-000244.wav,spoof,RT-EDGETTS-SICHUAN,clean,redteam_factory/Edge-TTS,微软服务条款，仅研究评测用途,edgetts,sichuan,SC-000244,zh-CN-YunxiNeural,10.3,True,True,0.0,True,0.3852140077821012,True,True,0.017,True
data/redteam/factory/edgetts/sichuan/edgetts_sichuan_zh-CN-YunxiNeural_SC-000249.wav,spoof,RT-EDGETTS-SICHUAN,clean,redteam_factory/Edge-TTS,微软服务条款，仅研究评测用途,edgetts,sichuan,SC-000249,zh-CN-YunxiNeural,7.73,True,True,0.0,True,0.44041450777202074,True,True,0.003,True
data/redteam/factory/edgetts/sichuan/edgetts_sichuan_zh-CN-YunxiNeural_SC-000252.wav,spoof,RT-EDGETTS-SICHUAN,clean,redteam_factory/Edge-TTS,微软服务条款，仅研究评测用途,edgetts,sichuan,SC-000252,zh-CN-YunxiNeural,11.88,True,True,0.0,True,0.4696969696969697,True,True,0.0,True
data/redteam/factory/edgetts/sichuan/edgetts_sichuan_zh-CN-YunxiNeural_SC-000254.wav,spoof,RT-EDGETTS-SICHUAN,clean,redteam_factory/Edge-TTS,微软服务条款，仅研究评测用途,edgetts,sichuan,SC-000254,zh-CN-YunxiNeural,6.12,True,True,0.0,True,0.4803921568627451,True,True,0.003,True
data/redteam/factory/edgetts/sichuan/edgetts_sichuan_zh-CN-YunxiNeural_SC-000255.wav,spoof,RT-EDGETTS-SICHUAN,clean,redteam_factory/Edge-TTS,微软服务条款，仅研究评测用途,edgetts,sichuan,SC-000255,zh-CN-YunxiNeural,15.58,True,True,0.0,True,0.38046272493573263,True,True,0.001,True
data/redteam/factory/edgetts/sichuan/edgetts_sichuan_zh-CN-YunxiNeural_SC-000259.wav,spoof,RT-EDGETTS-SICHUAN,clean,redteam_factory/Edge-TTS,微软服务条款，仅研究评测用途,edgetts,sichuan,SC-000259,zh-CN-YunxiNeural,13.3,True,True,0.0,True,0.44126506024096385,True,True,0.01,True
data/redteam/factory/edgetts/sichuan/edgetts_sichuan_zh-CN-YunxiNeural_SC-000263.wav,spoof,RT-EDGETTS-SICHUAN,clean,redteam_factory/Edge-TTS,微软服务条款，仅研究评测用途,edgetts,sichuan,SC-000263,zh-CN-YunxiNeural,15.34,True,True,0.0,True,0.412532637075718,True,True,0.004,True
data/redteam/factory/edgetts/sichuan/edgetts_sichuan_zh-CN-YunxiNeural_SC-000266.wav,spoof,RT-EDGETTS-SICHUAN,clean,redteam_factory/Edge-TTS,微软服务条款，仅研究评测用途,edgetts,sichuan,SC-000266,zh-CN-YunxiNeural,14.09,True,True,0.0,True,0.43892045454545453,True,True,0.003,True
data/redteam/factory/edgetts/sichuan/edgetts_sichuan_zh-CN-YunxiNeural_SC-000268.wav,spoof,RT-EDGETTS-SICHUAN,clean,redteam_factory/Edge-TTS,微软服务条款，仅研究评测用途,edgetts,sichuan,SC-000268,zh-CN-YunxiNeural,9.02,True,True,0.0,True,0.38802660753880264,True,True,0.003,True
data/redteam/factory/edgetts/sichuan/edgetts_sichuan_zh-CN-YunxiNeural_SC-000271.wav,spoof,RT-EDGETTS-SICHUAN,clean,redteam_factory/Edge-TTS,微软服务条款，仅研究评测用途,edgetts,sichuan,SC-000271,zh-CN-YunxiNeural,8.54,True,True,0.0,True,0.5199063231850117,True,True,0.004,True
data/redteam/factory/edgetts/sichuan/edgetts_sichuan_zh-CN-YunxiNeural_SC-000278.wav,spoof,RT-EDGETTS-SICHUAN,clean,redteam_factory/Edge-TTS,微软服务条款，仅研究评测用途,edgetts,sichuan,SC-000278,zh-CN-YunxiNeural,9.86,True,True,0.0,True,0.40365111561866124,True,True,0.017,True
data/redteam/factory/edgetts/sichuan/edgetts_sichuan_zh-CN-YunxiNeural_SC-000287.wav,spoof,RT-EDGETTS-SICHUAN,clean,redteam_factory/Edge-TTS,微软服务条款，仅研究评测用途,edgetts,sichuan,SC-000287,zh-CN-YunxiNeural,14.33,True,True,0.0,True,0.3770949720670391,True,True,0.002,True
data/redteam/factory/edgetts/sichuan/edgetts_sichuan_zh-CN-YunxiNeural_SC-000293.wav,spoof,RT-EDGETTS-SICHUAN,clean,redteam_factory/Edge-TTS,微软服务条款，仅研究评测用途,edgetts,sichuan,SC-000293,zh-CN-YunxiNeural,10.61,True,True,0.0,True,0.46037735849056605,True,True,0.028,True
data/redteam/factory/edgetts/sichuan/edgetts_sichuan_zh-CN-YunxiNeural_SC-000295.wav,spoof,RT-EDGETTS-SICHUAN,clean,redteam_factory/Edge-TTS,微软服务条款，仅研究评测用途,edgetts,sichuan,SC-000295,zh-CN-YunxiNeural,14.18,True,True,0.0,True,0.3921015514809591,True,True,0.06,True
data/redteam/factory/edgetts/sichuan/edgetts_sichuan_zh-CN-YunxiNeural_SC-000297.wav,spoof,RT-EDGETTS-SICHUAN,clean,redteam_factory/Edge-TTS,微软服务条款，仅研究评测用途,edgetts,sichuan,SC-000297,zh-CN-YunxiNeural,12.14,True,True,0.0,True,0.41680395387149916,True,True,0.005,True
data/redteam/factory/edgetts/sichuan/edgetts_sichuan_zh-CN-YunxiNeural_SC-000298.wav,spoof,RT-EDGETTS-SICHUAN,clean,redteam_factory/Edge-TTS,微软服务条款，仅研究评测用途,edgetts,sichuan,SC-000298,zh-CN-YunxiNeural,4.66,True,True,0.0,True,0.5689655172413793,True,True,0.001,True
data/redteam/factory/edgetts/sichuan/edgetts_sichuan_zh-CN-YunxiNeural_SC-000299.wav,spoof,RT-EDGETTS-SICHUAN,clean,redteam_factory/Edge-TTS,微软服务条款，仅研究评测用途,edgetts,sichuan,SC-000299,zh-CN-YunxiNeural,11.21,True,True,0.0,True,0.3607142857142857,True,True,0.011,True
data/redteam/factory/edgetts/sichuan/edgetts_sichuan_zh-CN-YunxiNeural_SC-000302.wav,spoof,RT-EDGETTS-SICHUAN,clean,redteam_factory/Edge-TTS,微软服务条款，仅研究评测用途,edgetts,sichuan,SC-000302,zh-CN-YunxiNeural,13.32,True,True,0.0,True,0.3978978978978979,True,True,0.003,True
data/redteam/factory/edgetts/sichuan/edgetts_sichuan_zh-CN-YunxiNeural_SC-000303.wav,spoof,RT-EDGETTS-SICHUAN,clean,redteam_factory/Edge-TTS,微软服务条款，仅研究评测用途,edgetts,sichuan,SC-000303,zh-CN-YunxiNeural,10.1,True,True,0.0,True,0.38613861386138615,True,True,0.009,True
data/redteam/factory/edgetts/sichuan/edgetts_sichuan_zh-CN-YunxiNeural_SC-000307.wav,spoof,RT-EDGETTS-SICHUAN,clean,redteam_factory/Edge-TTS,微软服务条款，仅研究评测用途,edgetts,sichuan,SC-000307,zh-CN-YunxiNeural,9.14,True,True,0.0,True,0.41575492341356673,True,True,0.008,True
data/redteam/factory/edgetts/sichuan/edgetts_sichuan_zh-CN-YunxiNeural_SC-000315.wav,spoof,RT-EDGETTS-SICHUAN,clean,redteam_factory/Edge-TTS,微软服务条款，仅研究评测用途,edgetts,sichuan,SC-000315,zh-CN-YunxiNeural,9.98,True,True,0.0,True,0.4288577154308617,True,True,0.002,True
data/redteam/factory/edgetts/sichuan/edgetts_sichuan_zh-CN-XiaoxiaoNeural_SC-000066.wav,spoof,RT-EDGETTS-SICHUAN,clean,redteam_factory/Edge-TTS,微软服务条款，仅研究评测用途,edgetts,sichuan,SC-000066,zh-CN-XiaoxiaoNeural,10.01,True,True,0.0,True,0.364,True,True,0.081,True
data/redteam/factory/edgetts/sichuan/edgetts_sichuan_zh-CN-XiaoxiaoNeural_SC-000076.wav,spoof,RT-EDGETTS-SICHUAN,clean,redteam_factory/Edge-TTS,微软服务条款，仅研究评测用途,edgetts,sichuan,SC-000076,zh-CN-XiaoxiaoNeural,9.72,True,True,0.0,True,0.2242798353909465,True,True,0.03,True
data/redteam/factory/edgetts/sichuan/edgetts_sichuan_zh-CN-XiaoxiaoNeural_SC-000118.wav,spoof,RT-EDGETTS-SICHUAN,clean,redteam_factory/Edge-TTS,微软服务条款，仅研究评测用途,edgetts,sichuan,SC-000118,zh-CN-XiaoxiaoNeural,11.71,True,True,0.0,True,0.294017094017094,True,True,0.069,True
data/redteam/factory/edgetts/sichuan/edgetts_sichuan_zh-CN-XiaoxiaoNeural_SC-000125.wav,spoof,RT-EDGETTS-SICHUAN,clean,redteam_factory/Edge-TTS,微软服务条款，仅研究评测用途,edgetts,sichuan,SC-000125,zh-CN-XiaoxiaoNeural,10.9,True,True,0.0,True,0.28308823529411764,True,True,0.039,True
data/redteam/factory/edgetts/sichuan/edgetts_sichuan_zh-CN-XiaoxiaoNeural_SC-000127.wav,spoof,RT-EDGETTS-SICHUAN,clean,redteam_factory/Edge-TTS,微软服务条款，仅研究评测用途,edgetts,sichuan,SC-000127,zh-CN-XiaoxiaoNeural,11.76,True,True,0.0,True,0.304421768707483,True,True,0.199,True
data/redteam/factory/edgetts/sichuan/edgetts_sichuan_zh-CN-XiaoxiaoNeural_SC-000144.wav,spoof,RT-EDGETTS-SICHUAN,clean,redteam_factory/Edge-TTS,微软服务条款，仅研究评测用途,edgetts,sichuan,SC-000144,zh-CN-XiaoxiaoNeural,7.37,True,True,0.0,True,0.23641304347826086,True,True,0.015,True
data/redteam/factory/edgetts/sichuan/edgetts_sichuan_zh-CN-XiaoxiaoNeural_SC-000172.wav,spoof,RT-EDGETTS-SICHUAN,clean,redteam_factory/Edge-TTS,微软服务条款，仅研究评测用途,edgetts,sichuan,SC-000172,zh-CN-XiaoxiaoNeural,10.68,True,True,0.0,True,0.32397003745318353,True,True,0.032,True
data/redteam/factory/edgetts/sichuan/edgetts_sichuan_zh-CN-XiaoxiaoNeural_SC-000177.wav,spoof,RT-EDGETTS-SICHUAN,clean,redteam_factory/Edge-TTS,微软服务条款，仅研究评测用途,edgetts,sichuan,SC-000177,zh-CN-XiaoxiaoNeural,19.01,True,True,0.0,True,0.23684210526315788,True,True,0.023,True
data/redteam/factory/edgetts/sichuan/edgetts_sichuan_zh-CN-XiaoxiaoNeural_SC-000178.wav,spoof,RT-EDGETTS-SICHUAN,clean,redteam_factory/Edge-TTS,微软服务条款，仅研究评测用途,edgetts,sichuan,SC-000178,zh-CN-XiaoxiaoNeural,10.54,True,True,0.0,True,0.25285171102661597,True,True,0.014,True
data/redteam/factory/edgetts/sichuan/edgetts_sichuan_zh-CN-XiaoxiaoNeural_SC-000186.wav,spoof,RT-EDGETTS-SICHUAN,clean,redteam_factory/Edge-TTS,微软服务条款，仅研究评测用途,edgetts,sichuan,SC-000186,zh-CN-XiaoxiaoNeural,15.86,True,True,0.0,True,0.3442622950819672,True,True,0.246,True
data/redteam/factory/edgetts/sichuan/edgetts_sichuan_zh-CN-XiaoxiaoNeural_SC-000188.wav,spoof,RT-EDGETTS-SICHUAN,clean,redteam_factory/Edge-TTS,微软服务条款，仅研究评测用途,edgetts,sichuan,SC-000188,zh-CN-XiaoxiaoNeural,8.14,True,True,0.0,True,0.2832512315270936,True,True,0.124,True
data/redteam/factory/edgetts/sichuan/edgetts_sichuan_zh-CN-XiaoxiaoNeural_SC-000199.wav,spoof,RT-EDGETTS-SICHUAN,clean,redteam_factory/Edge-TTS,微软服务条款，仅研究评测用途,edgetts,sichuan,SC-000199,zh-CN-XiaoxiaoNeural,12.48,True,True,0.0,True,0.2644230769230769,True,True,0.066,True
data/redteam/factory/edgetts/sichuan/edgetts_sichuan_zh-CN-XiaoxiaoNeural_SC-000205.wav,spoof,RT-EDGETTS-SICHUAN,clean,redteam_factory/Edge-TTS,微软服务条款，仅研究评测用途,edgetts,sichuan,SC-000205,zh-CN-XiaoxiaoNeural,9.46,True,True,0.0,True,0.3114406779661017,True,True,0.224,True
data/redteam/factory/edgetts/sichuan/edgetts_sichuan_zh-CN-XiaoxiaoNeural_SC-000210.wav,spoof,RT-EDGETTS-SICHUAN,clean,redteam_factory/Edge-TTS,微软服务条款，仅研究评测用途,edgetts,sichuan,SC-000210,zh-CN-XiaoxiaoNeural,11.69,True,True,0.0,True,0.2568493150684932,True,True,0.093,True
data/redteam/factory/edgetts/sichuan/edgetts_sichuan_zh-CN-XiaoxiaoNeural_SC-000211.wav,spoof,RT-EDGETTS-SICHUAN,clean,redteam_factory/Edge-TTS,微软服务条款，仅研究评测用途,edgetts,sichuan,SC-000211,zh-CN-XiaoxiaoNeural,4.25,True,True,0.0,True,0.35377358490566035,True,True,0.022,True
data/redteam/factory/edgetts/sichuan/edgetts_sichuan_zh-CN-XiaoxiaoNeural_SC-000212.wav,spoof,RT-EDGETTS-SICHUAN,clean,redteam_factory/Edge-TTS,微软服务条款，仅研究评测用途,edgetts,sichuan,SC-000212,zh-CN-XiaoxiaoNeural,13.2,True,True,0.0,True,0.25757575757575757,True,True,0.014,True
data/redteam/factory/edgetts/sichuan/edgetts_sichuan_zh-CN-XiaoxiaoNeural_SC-000215.wav,spoof,RT-EDGETTS-SICHUAN,clean,redteam_factory/Edge-TTS,微软服务条款，仅研究评测用途,edgetts,sichuan,SC-000215,zh-CN-XiaoxiaoNeural,14.26,True,True,0.0,True,0.2443820224719101,True,True,0.276,True
data/redteam/factory/edgetts/sichuan/edgetts_sichuan_zh-CN-XiaoxiaoNeural_SC-000232.wav,spoof,RT-EDGETTS-SICHUAN,clean,redteam_factory/Edge-TTS,微软服务条款，仅研究评测用途,edgetts,sichuan,SC-000232,zh-CN-XiaoxiaoNeural,16.27,True,True,0.0,True,0.2890528905289053,True,True,0.011,True
data/redteam/factory/edgetts/sichuan/edgetts_sichuan_zh-CN-XiaoxiaoNeural_SC-000244.wav,spoof,RT-EDGETTS-SICHUAN,clean,redteam_factory/Edge-TTS,微软服务条款，仅研究评测用途,edgetts,sichuan,SC-000244,zh-CN-XiaoxiaoNeural,11.5,True,True,0.0,True,0.26306620209059234,True,True,0.23,True
data/redteam/factory/edgetts/sichuan/edgetts_sichuan_zh-CN-XiaoxiaoNeural_SC-000249.wav,spoof,RT-EDGETTS-SICHUAN,clean,redteam_factory/Edge-TTS,微软服务条款，仅研究评测用途,edgetts,sichuan,SC-000249,zh-CN-XiaoxiaoNeural,8.23,True,True,0.0,True,0.30170316301703165,True,True,0.014,True
data/redteam/factory/edgetts/sichuan/edgetts_sichuan_zh-CN-XiaoxiaoNeural_SC-000252.wav,spoof,RT-EDGETTS-SICHUAN,clean,redteam_factory/Edge-TTS,微软服务条款，仅研究评测用途,edgetts,sichuan,SC-000252,zh-CN-XiaoxiaoNeural,11.88,True,True,0.0,True,0.3552188552188552,True,True,0.085,True
data/redteam/factory/edgetts/sichuan/edgetts_sichuan_zh-CN-XiaoxiaoNeural_SC-000254.wav,spoof,RT-EDGETTS-SICHUAN,clean,redteam_factory/Edge-TTS,微软服务条款，仅研究评测用途,edgetts,sichuan,SC-000254,zh-CN-XiaoxiaoNeural,5.76,True,True,0.0,True,0.3645833333333333,True,True,0.132,True
data/redteam/factory/edgetts/sichuan/edgetts_sichuan_zh-CN-XiaoxiaoNeural_SC-000255.wav,spoof,RT-EDGETTS-SICHUAN,clean,redteam_factory/Edge-TTS,微软服务条款，仅研究评测用途,edgetts,sichuan,SC-000255,zh-CN-XiaoxiaoNeural,16.82,True,True,0.0,True,0.2568370986920333,True,True,0.182,True
data/redteam/factory/edgetts/sichuan/edgetts_sichuan_zh-CN-XiaoxiaoNeural_SC-000263.wav,spoof,RT-EDGETTS-SICHUAN,clean,redteam_factory/Edge-TTS,微软服务条款，仅研究评测用途,edgetts,sichuan,SC-000263,zh-CN-XiaoxiaoNeural,15.19,True,True,0.0,True,0.27140974967061926,True,True,0.124,True
data/redteam/factory/edgetts/sichuan/edgetts_sichuan_zh-CN-XiaoxiaoNeural_SC-000266.wav,spoof,RT-EDGETTS-SICHUAN,clean,redteam_factory/Edge-TTS,微软服务条款，仅研究评测用途,edgetts,sichuan,SC-000266,zh-CN-XiaoxiaoNeural,14.69,True,True,0.0,True,0.3010899182561308,True,True,0.049,True
data/redteam/factory/edgetts/sichuan/edgetts_sichuan_zh-CN-XiaoxiaoNeural_SC-000268.wav,spoof,RT-EDGETTS-SICHUAN,clean,redteam_factory/Edge-TTS,微软服务条款，仅研究评测用途,edgetts,sichuan,SC-000268,zh-CN-XiaoxiaoNeural,9.29,True,True,0.0,True,0.25,True,True,0.055,True
data/redteam/factory/edgetts/sichuan/edgetts_sichuan_zh-CN-XiaoxiaoNeural_SC-000271.wav,spoof,RT-EDGETTS-SICHUAN,clean,redteam_factory/Edge-TTS,微软服务条款，仅研究评测用途,edgetts,sichuan,SC-000271,zh-CN-XiaoxiaoNeural,8.47,True,True,0.0,True,0.39243498817966904,True,True,0.016,True
data/redteam/factory/edgetts/sichuan/edgetts_sichuan_zh-CN-XiaoxiaoNeural_SC-000278.wav,spoof,RT-EDGETTS-SICHUAN,clean,redteam_factory/Edge-TTS,微软服务条款，仅研究评测用途,edgetts,sichuan,SC-000278,zh-CN-XiaoxiaoNeural,9.77,True,True,0.0,True,0.2889344262295082,True,True,0.057,True
data/redteam/factory/edgetts/sichuan/edgetts_sichuan_zh-CN-XiaoxiaoNeural_SC-000287.wav,spoof,RT-EDGETTS-SICHUAN,clean,redteam_factory/Edge-TTS,微软服务条款，仅研究评测用途,edgetts,sichuan,SC-000287,zh-CN-XiaoxiaoNeural,14.04,True,True,0.0,True,0.2792022792022792,True,True,0.012,True
data/redteam/factory/edgetts/sichuan/edgetts_sichuan_zh-CN-XiaoxiaoNeural_SC-000293.wav,spoof,RT-EDGETTS-SICHUAN,clean,redteam_factory/Edge-TTS,微软服务条款，仅研究评测用途,edgetts,sichuan,SC-000293,zh-CN-XiaoxiaoNeural,10.2,True,True,0.0,True,0.3254901960784314,True,True,0.045,True
data/redteam/factory/edgetts/sichuan/edgetts_sichuan_zh-CN-XiaoxiaoNeural_SC-000295.wav,spoof,RT-EDGETTS-SICHUAN,clean,redteam_factory/Edge-TTS,微软服务条款，仅研究评测用途,edgetts,sichuan,SC-000295,zh-CN-XiaoxiaoNeural,14.95,True,True,0.0,True,0.2717536813922356,True,True,0.008,True
data/redteam/factory/edgetts/sichuan/edgetts_sichuan_zh-CN-XiaoxiaoNeural_SC-000297.wav,spoof,RT-EDGETTS-SICHUAN,clean,redteam_factory/Edge-TTS,微软服务条款，仅研究评测用途,edgetts,sichuan,SC-000297,zh-CN-XiaoxiaoNeural,12.7,True,True,0.0,True,0.2555205047318612,True,True,0.12,True
data/redteam/factory/edgetts/sichuan/edgetts_sichuan_zh-CN-XiaoxiaoNeural_SC-000298.wav,spoof,RT-EDGETTS-SICHUAN,clean,redteam_factory/Edge-TTS,微软服务条款，仅研究评测用途,edgetts,sichuan,SC-000298,zh-CN-XiaoxiaoNeural,4.56,True,True,0.0,True,0.40350877192982454,True,True,0.223,True
data/redteam/factory/edgetts/sichuan/edgetts_sichuan_zh-CN-XiaoxiaoNeural_SC-000303.wav,spoof,RT-EDGETTS-SICHUAN,clean,redteam_factory/Edge-TTS,微软服务条款，仅研究评测用途,edgetts,sichuan,SC-000303,zh-CN-XiaoxiaoNeural,11.06,True,True,0.0,True,0.24593128390596744,True,True,0.193,True
data/redteam/factory/edgetts/sichuan/edgetts_sichuan_zh-CN-XiaoxiaoNeural_SC-000307.wav,spoof,RT-EDGETTS-SICHUAN,clean,redteam_factory/Edge-TTS,微软服务条款，仅研究评测用途,edgetts,sichuan,SC-000307,zh-CN-XiaoxiaoNeural,9.34,True,True,0.0,True,0.296137339055794,True,True,0.088,True
data/redteam/factory/edgetts/sichuan/edgetts_sichuan_zh-CN-XiaoxiaoNeural_SC-000315.wav,spoof,RT-EDGETTS-SICHUAN,clean,redteam_factory/Edge-TTS,微软服务条款，仅研究评测用途,edgetts,sichuan,SC-000315,zh-CN-XiaoxiaoNeural,10.39,True,True,0.0,True,0.27360308285163776,True,True,0.023,True
data/redteam/factory/edgetts/cantonese/edgetts_cantonese_zh-HK-HiuMaanNeural_SC-000040.wav,spoof,RT-EDGETTS-CANTONESE,clean,redteam_factory/Edge-TTS,微软服务条款，仅研究评测用途,edgetts,cantonese,SC-000040,zh-HK-HiuMaanNeural,8.76,True,True,0.0,True,0.3310502283105023,True,True,0.006,True
data/redteam/factory/edgetts/cantonese/edgetts_cantonese_zh-HK-HiuMaanNeural_SC-000049.wav,spoof,RT-EDGETTS-CANTONESE,clean,redteam_factory/Edge-TTS,微软服务条款，仅研究评测用途,edgetts,cantonese,SC-000049,zh-HK-HiuMaanNeural,14.33,True,True,0.0,True,0.31564245810055863,True,True,0.003,True
data/redteam/factory/edgetts/cantonese/edgetts_cantonese_zh-HK-HiuMaanNeural_SC-000052.wav,spoof,RT-EDGETTS-CANTONESE,clean,redteam_factory/Edge-TTS,微软服务条款，仅研究评测用途,edgetts,cantonese,SC-000052,zh-HK-HiuMaanNeural,17.35,True,True,0.0,True,0.35870818915801617,True,True,0.014,True
data/redteam/factory/edgetts/cantonese/edgetts_cantonese_zh-HK-HiuMaanNeural_SC-000079.wav,spoof,RT-EDGETTS-CANTONESE,clean,redteam_factory/Edge-TTS,微软服务条款，仅研究评测用途,edgetts,cantonese,SC-000079,zh-HK-HiuMaanNeural,7.58,True,True,0.0,True,0.38258575197889183,True,True,0.034,True
data/redteam/factory/edgetts/cantonese/edgetts_cantonese_zh-HK-HiuMaanNeural_SC-000094.wav,spoof,RT-EDGETTS-CANTONESE,clean,redteam_factory/Edge-TTS,微软服务条款，仅研究评测用途,edgetts,cantonese,SC-000094,zh-HK-HiuMaanNeural,17.35,True,True,0.0,True,0.2975778546712803,True,True,0.033,True
data/redteam/factory/edgetts/cantonese/edgetts_cantonese_zh-HK-HiuMaanNeural_SC-000109.wav,spoof,RT-EDGETTS-CANTONESE,clean,redteam_factory/Edge-TTS,微软服务条款，仅研究评测用途,edgetts,cantonese,SC-000109,zh-HK-HiuMaanNeural,9.1,True,True,0.0,True,0.3656387665198238,True,True,0.028,True
data/redteam/factory/edgetts/cantonese/edgetts_cantonese_zh-HK-HiuMaanNeural_SC-000112.wav,spoof,RT-EDGETTS-CANTONESE,clean,redteam_factory/Edge-TTS,微软服务条款，仅研究评测用途,edgetts,cantonese,SC-000112,zh-HK-HiuMaanNeural,6.26,True,True,0.0,True,0.26517571884984026,True,True,0.01,True
data/redteam/factory/edgetts/cantonese/edgetts_cantonese_zh-HK-HiuMaanNeural_SC-000119.wav,spoof,RT-EDGETTS-CANTONESE,clean,redteam_factory/Edge-TTS,微软服务条款，仅研究评测用途,edgetts,cantonese,SC-000119,zh-HK-HiuMaanNeural,6.24,True,True,0.0,True,0.25961538461538464,True,True,0.174,True
data/redteam/factory/edgetts/cantonese/edgetts_cantonese_zh-HK-HiuMaanNeural_SC-000131.wav,spoof,RT-EDGETTS-CANTONESE,clean,redteam_factory/Edge-TTS,微软服务条款，仅研究评测用途,edgetts,cantonese,SC-000131,zh-HK-HiuMaanNeural,17.88,True,True,0.0,True,0.28635346756152125,True,True,0.003,True
data/redteam/factory/edgetts/cantonese/edgetts_cantonese_zh-HK-HiuMaanNeural_SC-000140.wav,spoof,RT-EDGETTS-CANTONESE,clean,redteam_factory/Edge-TTS,微软服务条款，仅研究评测用途,edgetts,cantonese,SC-000140,zh-HK-HiuMaanNeural,8.52,True,True,0.0,True,0.29107981220657275,True,True,0.033,True
data/redteam/factory/edgetts/cantonese/edgetts_cantonese_zh-HK-HiuMaanNeural_SC-000142.wav,spoof,RT-EDGETTS-CANTONESE,clean,redteam_factory/Edge-TTS,微软服务条款，仅研究评测用途,edgetts,cantonese,SC-000142,zh-HK-HiuMaanNeural,9.74,True,True,0.0,True,0.2874743326488706,True,True,0.014,True
data/redteam/factory/edgetts/cantonese/edgetts_cantonese_zh-HK-HiuMaanNeural_SC-000145.wav,spoof,RT-EDGETTS-CANTONESE,clean,redteam_factory/Edge-TTS,微软服务条款，仅研究评测用途,edgetts,cantonese,SC-000145,zh-HK-HiuMaanNeural,16.7,True,True,0.0,True,0.22634730538922157,True,True,0.001,True
data/redteam/factory/edgetts/cantonese/edgetts_cantonese_zh-HK-HiuMaanNeural_SC-000155.wav,spoof,RT-EDGETTS-CANTONESE,clean,redteam_factory/Edge-TTS,微软服务条款，仅研究评测用途,edgetts,cantonese,SC-000155,zh-HK-HiuMaanNeural,6.55,True,True,0.0,True,0.3058103975535168,True,True,0.024,True
data/redteam/factory/edgetts/cantonese/edgetts_cantonese_zh-HK-HiuMaanNeural_SC-000187.wav,spoof,RT-EDGETTS-CANTONESE,clean,redteam_factory/Edge-TTS,微软服务条款，仅研究评测用途,edgetts,cantonese,SC-000187,zh-HK-HiuMaanNeural,14.54,True,True,0.0,True,0.2696011004126547,True,True,0.008,True
data/redteam/factory/edgetts/cantonese/edgetts_cantonese_zh-HK-HiuMaanNeural_SC-000191.wav,spoof,RT-EDGETTS-CANTONESE,clean,redteam_factory/Edge-TTS,微软服务条款，仅研究评测用途,edgetts,cantonese,SC-000191,zh-HK-HiuMaanNeural,9.62,True,True,0.0,True,0.27442827442827444,True,True,0.009,True
data/redteam/factory/edgetts/cantonese/edgetts_cantonese_zh-HK-HiuMaanNeural_SC-000197.wav,spoof,RT-EDGETTS-CANTONESE,clean,redteam_factory/Edge-TTS,微软服务条款，仅研究评测用途,edgetts,cantonese,SC-000197,zh-HK-HiuMaanNeural,8.9,True,True,0.0,True,0.4247191011235955,True,True,0.009,True
data/redteam/factory/edgetts/cantonese/edgetts_cantonese_zh-HK-HiuMaanNeural_SC-000209.wav,spoof,RT-EDGETTS-CANTONESE,clean,redteam_factory/Edge-TTS,微软服务条款，仅研究评测用途,edgetts,cantonese,SC-000209,zh-HK-HiuMaanNeural,16.99,True,True,0.0,True,0.36395759717314485,True,True,0.001,True
data/redteam/factory/edgetts/cantonese/edgetts_cantonese_zh-HK-HiuMaanNeural_SC-000239.wav,spoof,RT-EDGETTS-CANTONESE,clean,redteam_factory/Edge-TTS,微软服务条款，仅研究评测用途,edgetts,cantonese,SC-000239,zh-HK-HiuMaanNeural,14.64,True,True,0.0,True,0.30327868852459017,True,True,0.002,True
data/redteam/factory/edgetts/cantonese/edgetts_cantonese_zh-HK-HiuMaanNeural_SC-000246.wav,spoof,RT-EDGETTS-CANTONESE,clean,redteam_factory/Edge-TTS,微软服务条款，仅研究评测用途,edgetts,cantonese,SC-000246,zh-HK-HiuMaanNeural,9.38,True,True,0.0,True,0.2899786780383795,True,True,0.0,True
data/redteam/factory/edgetts/cantonese/edgetts_cantonese_zh-HK-HiuMaanNeural_SC-000247.wav,spoof,RT-EDGETTS-CANTONESE,clean,redteam_factory/Edge-TTS,微软服务条款，仅研究评测用途,edgetts,cantonese,SC-000247,zh-HK-HiuMaanNeural,12.43,True,True,0.0,True,0.2785829307568438,True,True,0.004,True
data/redteam/factory/edgetts/cantonese/edgetts_cantonese_zh-HK-HiuMaanNeural_SC-000248.wav,spoof,RT-EDGETTS-CANTONESE,clean,redteam_factory/Edge-TTS,微软服务条款，仅研究评测用途,edgetts,cantonese,SC-000248,zh-HK-HiuMaanNeural,12.07,True,True,0.0,True,0.37976782752902155,True,True,0.01,True
data/redteam/factory/edgetts/cantonese/edgetts_cantonese_zh-HK-HiuMaanNeural_SC-000258.wav,spoof,RT-EDGETTS-CANTONESE,clean,redteam_factory/Edge-TTS,微软服务条款，仅研究评测用途,edgetts,cantonese,SC-000258,zh-HK-HiuMaanNeural,9.22,True,True,0.0,True,0.16304347826086957,True,True,0.003,True
data/redteam/factory/edgetts/cantonese/edgetts_cantonese_zh-HK-HiuMaanNeural_SC-000277.wav,spoof,RT-EDGETTS-CANTONESE,clean,redteam_factory/Edge-TTS,微软服务条款，仅研究评测用途,edgetts,cantonese,SC-000277,zh-HK-HiuMaanNeural,13.42,True,True,0.0,True,0.2373134328358209,True,True,0.009,True
data/redteam/factory/edgetts/cantonese/edgetts_cantonese_zh-HK-HiuMaanNeural_SC-000281.wav,spoof,RT-EDGETTS-CANTONESE,clean,redteam_factory/Edge-TTS,微软服务条款，仅研究评测用途,edgetts,cantonese,SC-000281,zh-HK-HiuMaanNeural,13.66,True,True,0.0,True,0.2536656891495601,True,True,0.013,True
data/redteam/factory/edgetts/cantonese/edgetts_cantonese_zh-HK-HiuMaanNeural_SC-000285.wav,spoof,RT-EDGETTS-CANTONESE,clean,redteam_factory/Edge-TTS,微软服务条款，仅研究评测用途,edgetts,cantonese,SC-000285,zh-HK-HiuMaanNeural,9.89,True,True,0.0,True,0.2813765182186235,True,True,0.075,True
data/redteam/factory/edgetts/cantonese/edgetts_cantonese_zh-HK-HiuMaanNeural_SC-000296.wav,spoof,RT-EDGETTS-CANTONESE,clean,redteam_factory/Edge-TTS,微软服务条款，仅研究评测用途,edgetts,cantonese,SC-000296,zh-HK-HiuMaanNeural,13.1,True,True,0.0,True,0.45190839694656487,True,True,0.016,True
data/redteam/factory/edgetts/cantonese/edgetts_cantonese_zh-HK-HiuMaanNeural_SC-000305.wav,spoof,RT-EDGETTS-CANTONESE,clean,redteam_factory/Edge-TTS,微软服务条款，仅研究评测用途,edgetts,cantonese,SC-000305,zh-HK-HiuMaanNeural,14.95,True,True,0.0,True,0.26506024096385544,True,True,0.009,True
data/redteam/factory/edgetts/cantonese/edgetts_cantonese_zh-HK-HiuMaanNeural_SC-000312.wav,spoof,RT-EDGETTS-CANTONESE,clean,redteam_factory/Edge-TTS,微软服务条款，仅研究评测用途,edgetts,cantonese,SC-000312,zh-HK-HiuMaanNeural,12.86,True,True,0.0,True,0.31259720062208396,True,True,0.003,True
data/redteam/factory/edgetts/cantonese/edgetts_cantonese_zh-HK-HiuMaanNeural_SC-000329.wav,spoof,RT-EDGETTS-CANTONESE,clean,redteam_factory/Edge-TTS,微软服务条款，仅研究评测用途,edgetts,cantonese,SC-000329,zh-HK-HiuMaanNeural,14.88,True,True,0.0,True,0.3333333333333333,True,True,0.019,True
data/redteam/factory/edgetts/cantonese/edgetts_cantonese_zh-HK-HiuMaanNeural_SC-000352.wav,spoof,RT-EDGETTS-CANTONESE,clean,redteam_factory/Edge-TTS,微软服务条款，仅研究评测用途,edgetts,cantonese,SC-000352,zh-HK-HiuMaanNeural,13.44,True,True,0.0,True,0.37648809523809523,True,True,0.008,True
data/redteam/factory/edgetts/cantonese/edgetts_cantonese_zh-HK-HiuMaanNeural_SC-000389.wav,spoof,RT-EDGETTS-CANTONESE,clean,redteam_factory/Edge-TTS,微软服务条款，仅研究评测用途,edgetts,cantonese,SC-000389,zh-HK-HiuMaanNeural,7.37,True,True,0.0,True,0.3423913043478261,True,True,0.009,True
data/redteam/factory/edgetts/cantonese/edgetts_cantonese_zh-HK-HiuMaanNeural_SC-000399.wav,spoof,RT-EDGETTS-CANTONESE,clean,redteam_factory/Edge-TTS,微软服务条款，仅研究评测用途,edgetts,cantonese,SC-000399,zh-HK-HiuMaanNeural,16.42,True,True,0.0,True,0.2890243902439024,True,True,0.005,True
data/redteam/factory/edgetts/cantonese/edgetts_cantonese_zh-HK-HiuMaanNeural_SC-000410.wav,spoof,RT-EDGETTS-CANTONESE,clean,redteam_factory/Edge-TTS,微软服务条款，仅研究评测用途,edgetts,cantonese,SC-000410,zh-HK-HiuMaanNeural,15.46,True,True,0.0,True,0.34067357512953367,True,True,0.026,True
data/redteam/factory/edgetts/cantonese/edgetts_cantonese_zh-HK-HiuMaanNeural_SC-000419.wav,spoof,RT-EDGETTS-CANTONESE,clean,redteam_factory/Edge-TTS,微软服务条款，仅研究评测用途,edgetts,cantonese,SC-000419,zh-HK-HiuMaanNeural,13.2,True,True,0.0,True,0.30454545454545456,True,True,0.001,True
data/redteam/factory/edgetts/cantonese/edgetts_cantonese_zh-HK-HiuMaanNeural_SC-000443.wav,spoof,RT-EDGETTS-CANTONESE,clean,redteam_factory/Edge-TTS,微软服务条款，仅研究评测用途,edgetts,cantonese,SC-000443,zh-HK-HiuMaanNeural,11.62,True,True,0.0,True,0.2293103448275862,True,True,0.275,True
data/redteam/factory/edgetts/cantonese/edgetts_cantonese_zh-HK-HiuMaanNeural_SC-000447.wav,spoof,RT-EDGETTS-CANTONESE,clean,redteam_factory/Edge-TTS,微软服务条款，仅研究评测用途,edgetts,cantonese,SC-000447,zh-HK-HiuMaanNeural,16.46,True,True,0.0,True,0.22964763061968407,True,True,0.012,True
data/redteam/factory/edgetts/cantonese/edgetts_cantonese_zh-HK-HiuMaanNeural_SC-000458.wav,spoof,RT-EDGETTS-CANTONESE,clean,redteam_factory/Edge-TTS,微软服务条款，仅研究评测用途,edgetts,cantonese,SC-000458,zh-HK-HiuMaanNeural,9.91,True,True,0.0,True,0.22626262626262628,True,True,0.004,True
data/redteam/factory/edgetts/cantonese/edgetts_cantonese_zh-HK-WanLungNeural_SC-000040.wav,spoof,RT-EDGETTS-CANTONESE,clean,redteam_factory/Edge-TTS,微软服务条款，仅研究评测用途,edgetts,cantonese,SC-000040,zh-HK-WanLungNeural,8.64,True,True,0.0,True,0.3611111111111111,True,True,0.037,True
data/redteam/factory/edgetts/cantonese/edgetts_cantonese_zh-HK-WanLungNeural_SC-000048.wav,spoof,RT-EDGETTS-CANTONESE,clean,redteam_factory/Edge-TTS,微软服务条款，仅研究评测用途,edgetts,cantonese,SC-000048,zh-HK-WanLungNeural,19.58,True,True,0.0,True,0.2870275791624106,True,True,0.037,True
data/redteam/factory/edgetts/cantonese/edgetts_cantonese_zh-HK-WanLungNeural_SC-000049.wav,spoof,RT-EDGETTS-CANTONESE,clean,redteam_factory/Edge-TTS,微软服务条款，仅研究评测用途,edgetts,cantonese,SC-000049,zh-HK-WanLungNeural,14.23,True,True,0.0,True,0.3530239099859353,True,True,0.008,True
data/redteam/factory/edgetts/cantonese/edgetts_cantonese_zh-HK-WanLungNeural_SC-000052.wav,spoof,RT-EDGETTS-CANTONESE,clean,redteam_factory/Edge-TTS,微软服务条款，仅研究评测用途,edgetts,cantonese,SC-000052,zh-HK-WanLungNeural,17.59,True,True,0.0,True,0.39590443686006827,True,True,0.004,True
data/redteam/factory/edgetts/cantonese/edgetts_cantonese_zh-HK-WanLungNeural_SC-000079.wav,spoof,RT-EDGETTS-CANTONESE,clean,redteam_factory/Edge-TTS,微软服务条款，仅研究评测用途,edgetts,cantonese,SC-000079,zh-HK-WanLungNeural,7.68,True,True,0.0,True,0.40625,True,True,0.032,True
data/redteam/factory/edgetts/cantonese/edgetts_cantonese_zh-HK-WanLungNeural_SC-000094.wav,spoof,RT-EDGETTS-CANTONESE,clean,redteam_factory/Edge-TTS,微软服务条款，仅研究评测用途,edgetts,cantonese,SC-000094,zh-HK-WanLungNeural,16.68,True,True,0.0,True,0.3225419664268585,True,True,0.051,True
data/redteam/factory/edgetts/cantonese/edgetts_cantonese_zh-HK-WanLungNeural_SC-000109.wav,spoof,RT-EDGETTS-CANTONESE,clean,redteam_factory/Edge-TTS,微软服务条款，仅研究评测用途,edgetts,cantonese,SC-000109,zh-HK-WanLungNeural,9.24,True,True,0.0,True,0.41774891774891776,True,True,0.139,True
data/redteam/factory/edgetts/cantonese/edgetts_cantonese_zh-HK-WanLungNeural_SC-000112.wav,spoof,RT-EDGETTS-CANTONESE,clean,redteam_factory/Edge-TTS,微软服务条款，仅研究评测用途,edgetts,cantonese,SC-000112,zh-HK-WanLungNeural,6.38,True,True,0.0,True,0.32601880877742945,True,True,0.034,True
data/redteam/factory/edgetts/cantonese/edgetts_cantonese_zh-HK-WanLungNeural_SC-000119.wav,spoof,RT-EDGETTS-CANTONESE,clean,redteam_factory/Edge-TTS,微软服务条款，仅研究评测用途,edgetts,cantonese,SC-000119,zh-HK-WanLungNeural,6.24,True,True,0.0,True,0.3108974358974359,True,True,0.066,True
data/redteam/factory/edgetts/cantonese/edgetts_cantonese_zh-HK-WanLungNeural_SC-000131.wav,spoof,RT-EDGETTS-CANTONESE,clean,redteam_factory/Edge-TTS,微软服务条款，仅研究评测用途,edgetts,cantonese,SC-000131,zh-HK-WanLungNeural,17.38,True,True,0.0,True,0.3122119815668203,True,True,0.004,True
data/redteam/factory/edgetts/cantonese/edgetts_cantonese_zh-HK-WanLungNeural_SC-000140.wav,spoof,RT-EDGETTS-CANTONESE,clean,redteam_factory/Edge-TTS,微软服务条款，仅研究评测用途,edgetts,cantonese,SC-000140,zh-HK-WanLungNeural,8.38,True,True,0.0,True,0.3181818181818182,True,True,0.11,True
data/redteam/factory/edgetts/cantonese/edgetts_cantonese_zh-HK-WanLungNeural_SC-000142.wav,spoof,RT-EDGETTS-CANTONESE,clean,redteam_factory/Edge-TTS,微软服务条款，仅研究评测用途,edgetts,cantonese,SC-000142,zh-HK-WanLungNeural,9.79,True,True,0.0,True,0.3292433537832311,True,True,0.013,True
data/redteam/factory/edgetts/cantonese/edgetts_cantonese_zh-HK-WanLungNeural_SC-000145.wav,spoof,RT-EDGETTS-CANTONESE,clean,redteam_factory/Edge-TTS,微软服务条款，仅研究评测用途,edgetts,cantonese,SC-000145,zh-HK-WanLungNeural,16.49,True,True,0.0,True,0.2536407766990291,True,True,0.005,True
data/redteam/factory/edgetts/cantonese/edgetts_cantonese_zh-HK-WanLungNeural_SC-000155.wav,spoof,RT-EDGETTS-CANTONESE,clean,redteam_factory/Edge-TTS,微软服务条款，仅研究评测用途,edgetts,cantonese,SC-000155,zh-HK-WanLungNeural,6.48,True,True,0.0,True,0.3549382716049383,True,True,0.017,True
data/redteam/factory/edgetts/cantonese/edgetts_cantonese_zh-HK-WanLungNeural_SC-000187.wav,spoof,RT-EDGETTS-CANTONESE,clean,redteam_factory/Edge-TTS,微软服务条款，仅研究评测用途,edgetts,cantonese,SC-000187,zh-HK-WanLungNeural,14.04,True,True,0.0,True,0.28347578347578345,True,True,0.055,True
data/redteam/factory/edgetts/cantonese/edgetts_cantonese_zh-HK-WanLungNeural_SC-000191.wav,spoof,RT-EDGETTS-CANTONESE,clean,redteam_factory/Edge-TTS,微软服务条款，仅研究评测用途,edgetts,cantonese,SC-000191,zh-HK-WanLungNeural,9.7,True,True,0.0,True,0.29132231404958675,True,True,0.094,True
data/redteam/factory/edgetts/cantonese/edgetts_cantonese_zh-HK-WanLungNeural_SC-000197.wav,spoof,RT-EDGETTS-CANTONESE,clean,redteam_factory/Edge-TTS,微软服务条款，仅研究评测用途,edgetts,cantonese,SC-000197,zh-HK-WanLungNeural,8.95,True,True,0.0,True,0.4541387024608501,True,True,0.006,True
data/redteam/factory/edgetts/cantonese/edgetts_cantonese_zh-HK-WanLungNeural_SC-000209.wav,spoof,RT-EDGETTS-CANTONESE,clean,redteam_factory/Edge-TTS,微软服务条款，仅研究评测用途,edgetts,cantonese,SC-000209,zh-HK-WanLungNeural,16.9,True,True,0.0,True,0.3957345971563981,True,True,0.006,True
data/redteam/factory/edgetts/cantonese/edgetts_cantonese_zh-HK-WanLungNeural_SC-000239.wav,spoof,RT-EDGETTS-CANTONESE,clean,redteam_factory/Edge-TTS,微软服务条款，仅研究评测用途,edgetts,cantonese,SC-000239,zh-HK-WanLungNeural,14.74,True,True,0.0,True,0.3491847826086957,True,True,0.012,True
data/redteam/factory/edgetts/cantonese/edgetts_cantonese_zh-HK-WanLungNeural_SC-000246.wav,spoof,RT-EDGETTS-CANTONESE,clean,redteam_factory/Edge-TTS,微软服务条款，仅研究评测用途,edgetts,cantonese,SC-000246,zh-HK-WanLungNeural,9.29,True,True,0.0,True,0.3254310344827586,True,True,0.001,True
data/redteam/factory/edgetts/cantonese/edgetts_cantonese_zh-HK-WanLungNeural_SC-000247.wav,spoof,RT-EDGETTS-CANTONESE,clean,redteam_factory/Edge-TTS,微软服务条款，仅研究评测用途,edgetts,cantonese,SC-000247,zh-HK-WanLungNeural,12.48,True,True,0.0,True,0.32532051282051283,True,True,0.01,True
data/redteam/factory/edgetts/cantonese/edgetts_cantonese_zh-HK-WanLungNeural_SC-000248.wav,spoof,RT-EDGETTS-CANTONESE,clean,redteam_factory/Edge-TTS,微软服务条款，仅研究评测用途,edgetts,cantonese,SC-000248,zh-HK-WanLungNeural,12.07,True,True,0.0,True,0.39800995024875624,True,True,0.012,True
data/redteam/factory/edgetts/cantonese/edgetts_cantonese_zh-HK-WanLungNeural_SC-000258.wav,spoof,RT-EDGETTS-CANTONESE,clean,redteam_factory/Edge-TTS,微软服务条款，仅研究评测用途,edgetts,cantonese,SC-000258,zh-HK-WanLungNeural,9.29,True,True,0.0,True,0.1788793103448276,True,True,0.033,True
data/redteam/factory/edgetts/cantonese/edgetts_cantonese_zh-HK-WanLungNeural_SC-000277.wav,spoof,RT-EDGETTS-CANTONESE,clean,redteam_factory/Edge-TTS,微软服务条款，仅研究评测用途,edgetts,cantonese,SC-000277,zh-HK-WanLungNeural,12.77,True,True,0.0,True,0.2476489028213166,True,True,0.009,True
data/redteam/factory/edgetts/cantonese/edgetts_cantonese_zh-HK-WanLungNeural_SC-000281.wav,spoof,RT-EDGETTS-CANTONESE,clean,redteam_factory/Edge-TTS,微软服务条款，仅研究评测用途,edgetts,cantonese,SC-000281,zh-HK-WanLungNeural,13.1,True,True,0.0,True,0.26106870229007634,True,True,0.036,True
data/redteam/factory/edgetts/cantonese/edgetts_cantonese_zh-HK-WanLungNeural_SC-000285.wav,spoof,RT-EDGETTS-CANTONESE,clean,redteam_factory/Edge-TTS,微软服务条款，仅研究评测用途,edgetts,cantonese,SC-000285,zh-HK-WanLungNeural,9.77,True,True,0.0,True,0.3360655737704918,True,True,0.197,True
data/redteam/factory/edgetts/cantonese/edgetts_cantonese_zh-HK-WanLungNeural_SC-000296.wav,spoof,RT-EDGETTS-CANTONESE,clean,redteam_factory/Edge-TTS,微软服务条款，仅研究评测用途,edgetts,cantonese,SC-000296,zh-HK-WanLungNeural,13.03,True,True,0.0,True,0.49001536098310294,True,True,0.016,True
data/redteam/factory/edgetts/cantonese/edgetts_cantonese_zh-HK-WanLungNeural_SC-000305.wav,spoof,RT-EDGETTS-CANTONESE,clean,redteam_factory/Edge-TTS,微软服务条款，仅研究评测用途,edgetts,cantonese,SC-000305,zh-HK-WanLungNeural,14.69,True,True,0.0,True,0.2997275204359673,True,True,0.006,True
data/redteam/factory/edgetts/cantonese/edgetts_cantonese_zh-HK-WanLungNeural_SC-000312.wav,spoof,RT-EDGETTS-CANTONESE,clean,redteam_factory/Edge-TTS,微软服务条款，仅研究评测用途,edgetts,cantonese,SC-000312,zh-HK-WanLungNeural,12.91,True,True,0.0,True,0.35038759689922483,True,True,0.004,True
data/redteam/factory/edgetts/cantonese/edgetts_cantonese_zh-HK-WanLungNeural_SC-000329.wav,spoof,RT-EDGETTS-CANTONESE,clean,redteam_factory/Edge-TTS,微软服务条款，仅研究评测用途,edgetts,cantonese,SC-000329,zh-HK-WanLungNeural,14.86,True,True,0.0,True,0.3611859838274933,True,True,0.114,True
data/redteam/factory/edgetts/cantonese/edgetts_cantonese_zh-HK-WanLungNeural_SC-000352.wav,spoof,RT-EDGETTS-CANTONESE,clean,redteam_factory/Edge-TTS,微软服务条款，仅研究评测用途,edgetts,cantonese,SC-000352,zh-HK-WanLungNeural,13.32,True,True,0.0,True,0.4039039039039039,True,True,0.015,True
data/redteam/factory/edgetts/cantonese/edgetts_cantonese_zh-HK-WanLungNeural_SC-000389.wav,spoof,RT-EDGETTS-CANTONESE,clean,redteam_factory/Edge-TTS,微软服务条款，仅研究评测用途,edgetts,cantonese,SC-000389,zh-HK-WanLungNeural,7.18,True,True,0.0,True,0.3715083798882682,True,True,0.005,True
data/redteam/factory/edgetts/cantonese/edgetts_cantonese_zh-HK-WanLungNeural_SC-000399.wav,spoof,RT-EDGETTS-CANTONESE,clean,redteam_factory/Edge-TTS,微软服务条款，仅研究评测用途,edgetts,cantonese,SC-000399,zh-HK-WanLungNeural,16.61,True,True,0.0,True,0.3313253012048193,True,True,0.03,True
data/redteam/factory/edgetts/cantonese/edgetts_cantonese_zh-HK-WanLungNeural_SC-000410.wav,spoof,RT-EDGETTS-CANTONESE,clean,redteam_factory/Edge-TTS,微软服务条款，仅研究评测用途,edgetts,cantonese,SC-000410,zh-HK-WanLungNeural,15.41,True,True,0.0,True,0.37922077922077924,True,True,0.01,True
data/redteam/factory/edgetts/cantonese/edgetts_cantonese_zh-HK-WanLungNeural_SC-000419.wav,spoof,RT-EDGETTS-CANTONESE,clean,redteam_factory/Edge-TTS,微软服务条款，仅研究评测用途,edgetts,cantonese,SC-000419,zh-HK-WanLungNeural,12.84,True,True,0.0,True,0.32554517133956384,True,True,0.008,True
data/redteam/factory/edgetts/cantonese/edgetts_cantonese_zh-HK-WanLungNeural_SC-000443.wav,spoof,RT-EDGETTS-CANTONESE,clean,redteam_factory/Edge-TTS,微软服务条款，仅研究评测用途,edgetts,cantonese,SC-000443,zh-HK-WanLungNeural,11.35,True,True,0.0,True,0.26807760141093473,True,True,0.051,True
data/redteam/factory/edgetts/cantonese/edgetts_cantonese_zh-HK-WanLungNeural_SC-000447.wav,spoof,RT-EDGETTS-CANTONESE,clean,redteam_factory/Edge-TTS,微软服务条款，仅研究评测用途,edgetts,cantonese,SC-000447,zh-HK-WanLungNeural,16.34,True,True,0.0,True,0.26438188494492043,True,True,0.014,True
data/redteam/factory/edgetts/cantonese/edgetts_cantonese_zh-HK-WanLungNeural_SC-000458.wav,spoof,RT-EDGETTS-CANTONESE,clean,redteam_factory/Edge-TTS,微软服务条款，仅研究评测用途,edgetts,cantonese,SC-000458,zh-HK-WanLungNeural,9.74,True,True,0.0,True,0.26283367556468173,True,True,0.02,True
data/redteam/factory/edgetts/dongbei/edgetts_dongbei_zh-CN-liaoning-XiaobeiNeural_SC-000031.wav,spoof,RT-EDGETTS-DONGBEI,clean,redteam_factory/Edge-TTS,微软服务条款，仅研究评测用途,edgetts,dongbei,SC-000031,zh-CN-liaoning-XiaobeiNeural,11.38,True,True,0.0,True,0.3045774647887324,True,True,0.016,True
data/redteam/factory/edgetts/dongbei/edgetts_dongbei_zh-CN-liaoning-XiaobeiNeural_SC-000032.wav,spoof,RT-EDGETTS-DONGBEI,clean,redteam_factory/Edge-TTS,微软服务条款，仅研究评测用途,edgetts,dongbei,SC-000032,zh-CN-liaoning-XiaobeiNeural,12.94,True,True,0.0,True,0.3142414860681115,True,True,0.034,True
data/redteam/factory/edgetts/dongbei/edgetts_dongbei_zh-CN-liaoning-XiaobeiNeural_SC-000043.wav,spoof,RT-EDGETTS-DONGBEI,clean,redteam_factory/Edge-TTS,微软服务条款，仅研究评测用途,edgetts,dongbei,SC-000043,zh-CN-liaoning-XiaobeiNeural,11.42,True,True,0.0,True,0.29947460595446584,True,True,0.009,True
data/redteam/factory/edgetts/dongbei/edgetts_dongbei_zh-CN-liaoning-XiaobeiNeural_SC-000051.wav,spoof,RT-EDGETTS-DONGBEI,clean,redteam_factory/Edge-TTS,微软服务条款，仅研究评测用途,edgetts,dongbei,SC-000051,zh-CN-liaoning-XiaobeiNeural,16.42,True,True,0.0,True,0.31341463414634146,True,True,0.002,True
data/redteam/factory/edgetts/dongbei/edgetts_dongbei_zh-CN-liaoning-XiaobeiNeural_SC-000061.wav,spoof,RT-EDGETTS-DONGBEI,clean,redteam_factory/Edge-TTS,微软服务条款，仅研究评测用途,edgetts,dongbei,SC-000061,zh-CN-liaoning-XiaobeiNeural,13.99,True,True,0.0,True,0.2732474964234621,True,True,0.013,True
data/redteam/factory/edgetts/dongbei/edgetts_dongbei_zh-CN-liaoning-XiaobeiNeural_SC-000078.wav,spoof,RT-EDGETTS-DONGBEI,clean,redteam_factory/Edge-TTS,微软服务条款，仅研究评测用途,edgetts,dongbei,SC-000078,zh-CN-liaoning-XiaobeiNeural,7.54,True,True,0.0,True,0.3882978723404255,True,True,0.046,True
data/redteam/factory/edgetts/dongbei/edgetts_dongbei_zh-CN-liaoning-XiaobeiNeural_SC-000081.wav,spoof,RT-EDGETTS-DONGBEI,clean,redteam_factory/Edge-TTS,微软服务条款，仅研究评测用途,edgetts,dongbei,SC-000081,zh-CN-liaoning-XiaobeiNeural,10.01,True,True,0.0,True,0.36,True,True,0.028,True
data/redteam/factory/edgetts/dongbei/edgetts_dongbei_zh-CN-liaoning-XiaobeiNeural_SC-000084.wav,spoof,RT-EDGETTS-DONGBEI,clean,redteam_factory/Edge-TTS,微软服务条款，仅研究评测用途,edgetts,dongbei,SC-000084,zh-CN-liaoning-XiaobeiNeural,17.11,True,True,0.0,True,0.32514619883040935,True,True,0.02,True
data/redteam/factory/edgetts/dongbei/edgetts_dongbei_zh-CN-liaoning-XiaobeiNeural_SC-000087.wav,spoof,RT-EDGETTS-DONGBEI,clean,redteam_factory/Edge-TTS,微软服务条款，仅研究评测用途,edgetts,dongbei,SC-000087,zh-CN-liaoning-XiaobeiNeural,8.62,True,True,0.0,True,0.3186046511627907,True,True,0.006,True
data/redteam/factory/edgetts/dongbei/edgetts_dongbei_zh-CN-liaoning-XiaobeiNeural_SC-000102.wav,spoof,RT-EDGETTS-DONGBEI,clean,redteam_factory/Edge-TTS,微软服务条款，仅研究评测用途,edgetts,dongbei,SC-000102,zh-CN-liaoning-XiaobeiNeural,9.6,True,True,0.0,True,0.32708333333333334,True,True,0.023,True
data/redteam/factory/edgetts/dongbei/edgetts_dongbei_zh-CN-liaoning-XiaobeiNeural_SC-000111.wav,spoof,RT-EDGETTS-DONGBEI,clean,redteam_factory/Edge-TTS,微软服务条款，仅研究评测用途,edgetts,dongbei,SC-000111,zh-CN-liaoning-XiaobeiNeural,12.55,True,True,0.0,True,0.3492822966507177,True,True,0.001,True
data/redteam/factory/edgetts/dongbei/edgetts_dongbei_zh-CN-liaoning-XiaobeiNeural_SC-000124.wav,spoof,RT-EDGETTS-DONGBEI,clean,redteam_factory/Edge-TTS,微软服务条款，仅研究评测用途,edgetts,dongbei,SC-000124,zh-CN-liaoning-XiaobeiNeural,19.01,True,True,0.0,True,0.31684210526315787,True,True,0.052,True
data/redteam/factory/edgetts/dongbei/edgetts_dongbei_zh-CN-liaoning-XiaobeiNeural_SC-000126.wav,spoof,RT-EDGETTS-DONGBEI,clean,redteam_factory/Edge-TTS,微软服务条款，仅研究评测用途,edgetts,dongbei,SC-000126,zh-CN-liaoning-XiaobeiNeural,12.19,True,True,0.0,True,0.32676518883415434,True,True,0.056,True
data/redteam/factory/edgetts/dongbei/edgetts_dongbei_zh-CN-liaoning-XiaobeiNeural_SC-000148.wav,spoof,RT-EDGETTS-DONGBEI,clean,redteam_factory/Edge-TTS,微软服务条款，仅研究评测用途,edgetts,dongbei,SC-000148,zh-CN-liaoning-XiaobeiNeural,17.66,True,True,0.0,True,0.24688561721404303,True,True,0.025,True
data/redteam/factory/edgetts/dongbei/edgetts_dongbei_zh-CN-liaoning-XiaobeiNeural_SC-000149.wav,spoof,RT-EDGETTS-DONGBEI,clean,redteam_factory/Edge-TTS,微软服务条款，仅研究评测用途,edgetts,dongbei,SC-000149,zh-CN-liaoning-XiaobeiNeural,12.05,True,True,0.0,True,0.287375415282392,True,True,0.041,True
data/redteam/factory/edgetts/dongbei/edgetts_dongbei_zh-CN-liaoning-XiaobeiNeural_SC-000157.wav,spoof,RT-EDGETTS-DONGBEI,clean,redteam_factory/Edge-TTS,微软服务条款，仅研究评测用途,edgetts,dongbei,SC-000157,zh-CN-liaoning-XiaobeiNeural,9.43,True,True,0.0,True,0.3227176220806794,True,True,0.011,True
data/redteam/factory/edgetts/dongbei/edgetts_dongbei_zh-CN-liaoning-XiaobeiNeural_SC-000161.wav,spoof,RT-EDGETTS-DONGBEI,clean,redteam_factory/Edge-TTS,微软服务条款，仅研究评测用途,edgetts,dongbei,SC-000161,zh-CN-liaoning-XiaobeiNeural,8.33,True,True,0.0,True,0.34615384615384615,True,True,0.121,True
data/redteam/factory/edgetts/dongbei/edgetts_dongbei_zh-CN-liaoning-XiaobeiNeural_SC-000162.wav,spoof,RT-EDGETTS-DONGBEI,clean,redteam_factory/Edge-TTS,微软服务条款，仅研究评测用途,edgetts,dongbei,SC-000162,zh-CN-liaoning-XiaobeiNeural,10.94,True,True,0.0,True,0.29250457038391225,True,True,0.03,True
data/redteam/factory/edgetts/dongbei/edgetts_dongbei_zh-CN-liaoning-XiaobeiNeural_SC-000167.wav,spoof,RT-EDGETTS-DONGBEI,clean,redteam_factory/Edge-TTS,微软服务条款，仅研究评测用途,edgetts,dongbei,SC-000167,zh-CN-liaoning-XiaobeiNeural,15.17,True,True,0.0,True,0.22163588390501318,True,True,0.06,True
data/redteam/factory/edgetts/dongbei/edgetts_dongbei_zh-CN-liaoning-XiaobeiNeural_SC-000174.wav,spoof,RT-EDGETTS-DONGBEI,clean,redteam_factory/Edge-TTS,微软服务条款，仅研究评测用途,edgetts,dongbei,SC-000174,zh-CN-liaoning-XiaobeiNeural,13.1,True,True,0.0,True,0.300763358778626,True,True,0.015,True
data/redteam/factory/edgetts/dongbei/edgetts_dongbei_zh-CN-liaoning-XiaobeiNeural_SC-000200.wav,spoof,RT-EDGETTS-DONGBEI,clean,redteam_factory/Edge-TTS,微软服务条款，仅研究评测用途,edgetts,dongbei,SC-000200,zh-CN-liaoning-XiaobeiNeural,18.05,True,True,0.0,True,0.3137472283813747,True,True,0.034,True
data/redteam/factory/edgetts/dongbei/edgetts_dongbei_zh-CN-liaoning-XiaobeiNeural_SC-000206.wav,spoof,RT-EDGETTS-DONGBEI,clean,redteam_factory/Edge-TTS,微软服务条款，仅研究评测用途,edgetts,dongbei,SC-000206,zh-CN-liaoning-XiaobeiNeural,11.11,True,True,0.0,True,0.2774774774774775,True,True,0.041,True
data/redteam/factory/edgetts/dongbei/edgetts_dongbei_zh-CN-liaoning-XiaobeiNeural_SC-000225.wav,spoof,RT-EDGETTS-DONGBEI,clean,redteam_factory/Edge-TTS,微软服务条款，仅研究评测用途,edgetts,dongbei,SC-000225,zh-CN-liaoning-XiaobeiNeural,18.24,True,True,0.0,True,0.30153508771929827,True,True,0.118,True
data/redteam/factory/edgetts/dongbei/edgetts_dongbei_zh-CN-liaoning-XiaobeiNeural_SC-000226.wav,spoof,RT-EDGETTS-DONGBEI,clean,redteam_factory/Edge-TTS,微软服务条款，仅研究评测用途,edgetts,dongbei,SC-000226,zh-CN-liaoning-XiaobeiNeural,11.88,True,True,0.0,True,0.3047138047138047,True,True,0.016,True
data/redteam/factory/edgetts/dongbei/edgetts_dongbei_zh-CN-liaoning-XiaobeiNeural_SC-000243.wav,spoof,RT-EDGETTS-DONGBEI,clean,redteam_factory/Edge-TTS,微软服务条款，仅研究评测用途,edgetts,dongbei,SC-000243,zh-CN-liaoning-XiaobeiNeural,12.41,True,True,0.0,True,0.30806451612903224,True,True,0.03,True
data/redteam/factory/edgetts/dongbei/edgetts_dongbei_zh-CN-liaoning-XiaobeiNeural_SC-000256.wav,spoof,RT-EDGETTS-DONGBEI,clean,redteam_factory/Edge-TTS,微软服务条款，仅研究评测用途,edgetts,dongbei,SC-000256,zh-CN-liaoning-XiaobeiNeural,13.75,True,True,0.0,True,0.2765647743813683,True,True,0.014,True
data/redteam/factory/edgetts/dongbei/edgetts_dongbei_zh-CN-liaoning-XiaobeiNeural_SC-000270.wav,spoof,RT-EDGETTS-DONGBEI,clean,redteam_factory/Edge-TTS,微软服务条款，仅研究评测用途,edgetts,dongbei,SC-000270,zh-CN-liaoning-XiaobeiNeural,12.41,True,True,0.0,True,0.35,True,True,0.006,True
data/redteam/factory/edgetts/dongbei/edgetts_dongbei_zh-CN-liaoning-XiaobeiNeural_SC-000273.wav,spoof,RT-EDGETTS-DONGBEI,clean,redteam_factory/Edge-TTS,微软服务条款，仅研究评测用途,edgetts,dongbei,SC-000273,zh-CN-liaoning-XiaobeiNeural,10.15,True,True,0.0,True,0.3254437869822485,True,True,0.012,True
data/redteam/factory/edgetts/dongbei/edgetts_dongbei_zh-CN-liaoning-XiaobeiNeural_SC-000275.wav,spoof,RT-EDGETTS-DONGBEI,clean,redteam_factory/Edge-TTS,微软服务条款，仅研究评测用途,edgetts,dongbei,SC-000275,zh-CN-liaoning-XiaobeiNeural,7.15,True,True,0.0,True,0.33613445378151263,True,True,0.008,True
data/redteam/factory/edgetts/dongbei/edgetts_dongbei_zh-CN-liaoning-XiaobeiNeural_SC-000288.wav,spoof,RT-EDGETTS-DONGBEI,clean,redteam_factory/Edge-TTS,微软服务条款，仅研究评测用途,edgetts,dongbei,SC-000288,zh-CN-liaoning-XiaobeiNeural,14.66,True,True,0.0,True,0.2551159618008186,True,True,0.01,True
data/redteam/factory/edgetts/dongbei/edgetts_dongbei_zh-CN-liaoning-XiaobeiNeural_SC-000306.wav,spoof,RT-EDGETTS-DONGBEI,clean,redteam_factory/Edge-TTS,微软服务条款，仅研究评测用途,edgetts,dongbei,SC-000306,zh-CN-liaoning-XiaobeiNeural,17.59,True,True,0.0,True,0.28668941979522183,True,True,0.23,True
data/redteam/factory/edgetts/dongbei/edgetts_dongbei_zh-CN-liaoning-XiaobeiNeural_SC-000326.wav,spoof,RT-EDGETTS-DONGBEI,clean,redteam_factory/Edge-TTS,微软服务条款，仅研究评测用途,edgetts,dongbei,SC-000326,zh-CN-liaoning-XiaobeiNeural,8.74,True,True,0.0,True,0.4197247706422018,True,True,0.036,True
data/redteam/factory/edgetts/dongbei/edgetts_dongbei_zh-CN-liaoning-XiaobeiNeural_SC-000328.wav,spoof,RT-EDGETTS-DONGBEI,clean,redteam_factory/Edge-TTS,微软服务条款，仅研究评测用途,edgetts,dongbei,SC-000328,zh-CN-liaoning-XiaobeiNeural,15.43,True,True,0.0,True,0.324254215304799,True,True,0.044,True
data/redteam/factory/edgetts/dongbei/edgetts_dongbei_zh-CN-liaoning-XiaobeiNeural_SC-000366.wav,spoof,RT-EDGETTS-DONGBEI,clean,redteam_factory/Edge-TTS,微软服务条款，仅研究评测用途,edgetts,dongbei,SC-000366,zh-CN-liaoning-XiaobeiNeural,8.93,True,True,0.0,True,0.4170403587443946,True,True,0.019,True
data/redteam/factory/edgetts/dongbei/edgetts_dongbei_zh-CN-liaoning-XiaobeiNeural_SC-000385.wav,spoof,RT-EDGETTS-DONGBEI,clean,redteam_factory/Edge-TTS,微软服务条款，仅研究评测用途,edgetts,dongbei,SC-000385,zh-CN-liaoning-XiaobeiNeural,9.82,True,True,0.0,True,0.3653061224489796,True,True,0.005,True
data/redteam/factory/edgetts/dongbei/edgetts_dongbei_zh-CN-liaoning-XiaobeiNeural_SC-000407.wav,spoof,RT-EDGETTS-DONGBEI,clean,redteam_factory/Edge-TTS,微软服务条款，仅研究评测用途,edgetts,dongbei,SC-000407,zh-CN-liaoning-XiaobeiNeural,18.67,True,True,0.0,True,0.3247588424437299,True,True,0.013,True
data/redteam/factory/edgetts/henan/edgetts_henan_zh-CN-shaanxi-XiaoniNeural_SC-000033.wav,spoof,RT-EDGETTS-HENAN,clean,redteam_factory/Edge-TTS,微软服务条款，仅研究评测用途,edgetts,henan,SC-000033,zh-CN-shaanxi-XiaoniNeural,8.52,True,True,0.0,True,0.3615023474178404,True,True,0.018,True
data/redteam/factory/edgetts/henan/edgetts_henan_zh-CN-shaanxi-XiaoniNeural_SC-000038.wav,spoof,RT-EDGETTS-HENAN,clean,redteam_factory/Edge-TTS,微软服务条款，仅研究评测用途,edgetts,henan,SC-000038,zh-CN-shaanxi-XiaoniNeural,15.46,True,True,0.0,True,0.34196891191709844,True,True,0.014,True
data/redteam/factory/edgetts/henan/edgetts_henan_zh-CN-shaanxi-XiaoniNeural_SC-000039.wav,spoof,RT-EDGETTS-HENAN,clean,redteam_factory/Edge-TTS,微软服务条款，仅研究评测用途,edgetts,henan,SC-000039,zh-CN-shaanxi-XiaoniNeural,15.82,True,True,0.0,True,0.31518987341772153,True,True,0.013,True
data/redteam/factory/edgetts/henan/edgetts_henan_zh-CN-shaanxi-XiaoniNeural_SC-000067.wav,spoof,RT-EDGETTS-HENAN,clean,redteam_factory/Edge-TTS,微软服务条款，仅研究评测用途,edgetts,henan,SC-000067,zh-CN-shaanxi-XiaoniNeural,14.98,True,True,0.0,True,0.30614973262032086,True,True,0.009,True
data/redteam/factory/edgetts/henan/edgetts_henan_zh-CN-shaanxi-XiaoniNeural_SC-000068.wav,spoof,RT-EDGETTS-HENAN,clean,redteam_factory/Edge-TTS,微软服务条款，仅研究评测用途,edgetts,henan,SC-000068,zh-CN-shaanxi-XiaoniNeural,13.9,True,True,0.0,True,0.29971181556195964,True,True,0.141,True
data/redteam/factory/edgetts/henan/edgetts_henan_zh-CN-shaanxi-XiaoniNeural_SC-000073.wav,spoof,RT-EDGETTS-HENAN,clean,redteam_factory/Edge-TTS,微软服务条款，仅研究评测用途,edgetts,henan,SC-000073,zh-CN-shaanxi-XiaoniNeural,12.91,True,True,0.0,True,0.28837209302325584,True,True,0.005,True
data/redteam/factory/edgetts/henan/edgetts_henan_zh-CN-shaanxi-XiaoniNeural_SC-000075.wav,spoof,RT-EDGETTS-HENAN,clean,redteam_factory/Edge-TTS,微软服务条款，仅研究评测用途,edgetts,henan,SC-000075,zh-CN-shaanxi-XiaoniNeural,17.66,True,True,0.0,True,0.3669309173272933,True,True,0.086,True
data/redteam/factory/edgetts/henan/edgetts_henan_zh-CN-shaanxi-XiaoniNeural_SC-000088.wav,spoof,RT-EDGETTS-HENAN,clean,redteam_factory/Edge-TTS,微软服务条款，仅研究评测用途,edgetts,henan,SC-000088,zh-CN-shaanxi-XiaoniNeural,11.21,True,True,0.0,True,0.32142857142857145,True,True,0.007,True
data/redteam/factory/edgetts/henan/edgetts_henan_zh-CN-shaanxi-XiaoniNeural_SC-000101.wav,spoof,RT-EDGETTS-HENAN,clean,redteam_factory/Edge-TTS,微软服务条款，仅研究评测用途,edgetts,henan,SC-000101,zh-CN-shaanxi-XiaoniNeural,11.74,True,True,0.0,True,0.3310580204778157,True,True,0.027,True
data/redteam/factory/edgetts/henan/edgetts_henan_zh-CN-shaanxi-XiaoniNeural_SC-000108.wav,spoof,RT-EDGETTS-HENAN,clean,redteam_factory/Edge-TTS,微软服务条款，仅研究评测用途,edgetts,henan,SC-000108,zh-CN-shaanxi-XiaoniNeural,7.15,True,True,0.0,True,0.35014005602240894,True,True,0.117,True
data/redteam/factory/edgetts/henan/edgetts_henan_zh-CN-shaanxi-XiaoniNeural_SC-000121.wav,spoof,RT-EDGETTS-HENAN,clean,redteam_factory/Edge-TTS,微软服务条款，仅研究评测用途,edgetts,henan,SC-000121,zh-CN-shaanxi-XiaoniNeural,11.28,True,True,0.0,True,0.34397163120567376,True,True,0.012,True
data/redteam/factory/edgetts/henan/edgetts_henan_zh-CN-shaanxi-XiaoniNeural_SC-000122.wav,spoof,RT-EDGETTS-HENAN,clean,redteam_factory/Edge-TTS,微软服务条款，仅研究评测用途,edgetts,henan,SC-000122,zh-CN-shaanxi-XiaoniNeural,11.71,True,True,0.0,True,0.358974358974359,True,True,0.102,True
data/redteam/factory/edgetts/henan/edgetts_henan_zh-CN-shaanxi-XiaoniNeural_SC-000128.wav,spoof,RT-EDGETTS-HENAN,clean,redteam_factory/Edge-TTS,微软服务条款，仅研究评测用途,edgetts,henan,SC-000128,zh-CN-shaanxi-XiaoniNeural,16.1,True,True,0.0,True,0.36024844720496896,True,True,0.017,True
data/redteam/factory/edgetts/henan/edgetts_henan_zh-CN-shaanxi-XiaoniNeural_SC-000139.wav,spoof,RT-EDGETTS-HENAN,clean,redteam_factory/Edge-TTS,微软服务条款，仅研究评测用途,edgetts,henan,SC-000139,zh-CN-shaanxi-XiaoniNeural,19.92,True,True,0.0,True,0.2660642570281124,True,True,0.068,True
data/redteam/factory/edgetts/henan/edgetts_henan_zh-CN-shaanxi-XiaoniNeural_SC-000147.wav,spoof,RT-EDGETTS-HENAN,clean,redteam_factory/Edge-TTS,微软服务条款，仅研究评测用途,edgetts,henan,SC-000147,zh-CN-shaanxi-XiaoniNeural,12.58,True,True,0.0,True,0.304140127388535,True,True,0.004,True
data/redteam/factory/edgetts/henan/edgetts_henan_zh-CN-shaanxi-XiaoniNeural_SC-000160.wav,spoof,RT-EDGETTS-HENAN,clean,redteam_factory/Edge-TTS,微软服务条款，仅研究评测用途,edgetts,henan,SC-000160,zh-CN-shaanxi-XiaoniNeural,15.5,True,True,0.0,True,0.35870967741935483,True,True,0.133,True
data/redteam/factory/edgetts/henan/edgetts_henan_zh-CN-shaanxi-XiaoniNeural_SC-000170.wav,spoof,RT-EDGETTS-HENAN,clean,redteam_factory/Edge-TTS,微软服务条款，仅研究评测用途,edgetts,henan,SC-000170,zh-CN-shaanxi-XiaoniNeural,10.46,True,True,0.0,True,0.27533460803059273,True,True,0.018,True
data/redteam/factory/edgetts/henan/edgetts_henan_zh-CN-shaanxi-XiaoniNeural_SC-000183.wav,spoof,RT-EDGETTS-HENAN,clean,redteam_factory/Edge-TTS,微软服务条款，仅研究评测用途,edgetts,henan,SC-000183,zh-CN-shaanxi-XiaoniNeural,14.95,True,True,0.0,True,0.34002677376171353,True,True,0.038,True
data/redteam/factory/edgetts/henan/edgetts_henan_zh-CN-shaanxi-XiaoniNeural_SC-000195.wav,spoof,RT-EDGETTS-HENAN,clean,redteam_factory/Edge-TTS,微软服务条款，仅研究评测用途,edgetts,henan,SC-000195,zh-CN-shaanxi-XiaoniNeural,9.89,True,True,0.0,True,0.3097165991902834,True,True,0.107,True
data/redteam/factory/edgetts/henan/edgetts_henan_zh-CN-shaanxi-XiaoniNeural_SC-000203.wav,spoof,RT-EDGETTS-HENAN,clean,redteam_factory/Edge-TTS,微软服务条款，仅研究评测用途,edgetts,henan,SC-000203,zh-CN-shaanxi-XiaoniNeural,9.65,True,True,0.0,True,0.34232365145228216,True,True,0.02,True
data/redteam/factory/edgetts/henan/edgetts_henan_zh-CN-shaanxi-XiaoniNeural_SC-000208.wav,spoof,RT-EDGETTS-HENAN,clean,redteam_factory/Edge-TTS,微软服务条款，仅研究评测用途,edgetts,henan,SC-000208,zh-CN-shaanxi-XiaoniNeural,13.49,True,True,0.0,True,0.26409495548961426,True,True,0.029,True
data/redteam/factory/edgetts/henan/edgetts_henan_zh-CN-shaanxi-XiaoniNeural_SC-000217.wav,spoof,RT-EDGETTS-HENAN,clean,redteam_factory/Edge-TTS,微软服务条款，仅研究评测用途,edgetts,henan,SC-000217,zh-CN-shaanxi-XiaoniNeural,7.7,True,True,0.0,True,0.2545454545454545,True,True,0.015,True
data/redteam/factory/edgetts/henan/edgetts_henan_zh-CN-shaanxi-XiaoniNeural_SC-000221.wav,spoof,RT-EDGETTS-HENAN,clean,redteam_factory/Edge-TTS,微软服务条款，仅研究评测用途,edgetts,henan,SC-000221,zh-CN-shaanxi-XiaoniNeural,17.86,True,True,0.0,True,0.17713004484304934,True,True,0.289,True
data/redteam/factory/edgetts/henan/edgetts_henan_zh-CN-shaanxi-XiaoniNeural_SC-000233.wav,spoof,RT-EDGETTS-HENAN,clean,redteam_factory/Edge-TTS,微软服务条款，仅研究评测用途,edgetts,henan,SC-000233,zh-CN-shaanxi-XiaoniNeural,11.86,True,True,0.0,True,0.32094594594594594,True,True,0.015,True
data/redteam/factory/edgetts/henan/edgetts_henan_zh-CN-shaanxi-XiaoniNeural_SC-000240.wav,spoof,RT-EDGETTS-HENAN,clean,redteam_factory/Edge-TTS,微软服务条款，仅研究评测用途,edgetts,henan,SC-000240,zh-CN-shaanxi-XiaoniNeural,9.65,True,True,0.0,True,0.36721991701244816,True,True,0.015,True
data/redteam/factory/edgetts/henan/edgetts_henan_zh-CN-shaanxi-XiaoniNeural_SC-000250.wav,spoof,RT-EDGETTS-HENAN,clean,redteam_factory/Edge-TTS,微软服务条款，仅研究评测用途,edgetts,henan,SC-000250,zh-CN-shaanxi-XiaoniNeural,9.48,True,True,0.0,True,0.31856540084388185,True,True,0.042,True
data/redteam/factory/edgetts/henan/edgetts_henan_zh-CN-shaanxi-XiaoniNeural_SC-000274.wav,spoof,RT-EDGETTS-HENAN,clean,redteam_factory/Edge-TTS,微软服务条款，仅研究评测用途,edgetts,henan,SC-000274,zh-CN-shaanxi-XiaoniNeural,15.22,True,True,0.0,True,0.3513157894736842,True,True,0.029,True
data/redteam/factory/edgetts/henan/edgetts_henan_zh-CN-shaanxi-XiaoniNeural_SC-000284.wav,spoof,RT-EDGETTS-HENAN,clean,redteam_factory/Edge-TTS,微软服务条款，仅研究评测用途,edgetts,henan,SC-000284,zh-CN-shaanxi-XiaoniNeural,11.23,True,True,0.0,True,0.28698752228163993,True,True,0.022,True
data/redteam/factory/edgetts/henan/edgetts_henan_zh-CN-shaanxi-XiaoniNeural_SC-000291.wav,spoof,RT-EDGETTS-HENAN,clean,redteam_factory/Edge-TTS,微软服务条款，仅研究评测用途,edgetts,henan,SC-000291,zh-CN-shaanxi-XiaoniNeural,8.11,True,True,0.0,True,0.34814814814814815,True,True,0.002,True
data/redteam/factory/edgetts/henan/edgetts_henan_zh-CN-shaanxi-XiaoniNeural_SC-000321.wav,spoof,RT-EDGETTS-HENAN,clean,redteam_factory/Edge-TTS,微软服务条款，仅研究评测用途,edgetts,henan,SC-000321,zh-CN-shaanxi-XiaoniNeural,9.36,True,True,0.0,True,0.32051282051282054,True,True,0.012,True
data/redteam/factory/edgetts/henan/edgetts_henan_zh-CN-shaanxi-XiaoniNeural_SC-000322.wav,spoof,RT-EDGETTS-HENAN,clean,redteam_factory/Edge-TTS,微软服务条款，仅研究评测用途,edgetts,henan,SC-000322,zh-CN-shaanxi-XiaoniNeural,17.26,True,True,0.0,True,0.3225058004640371,True,True,0.014,True
data/redteam/factory/edgetts/henan/edgetts_henan_zh-CN-shaanxi-XiaoniNeural_SC-000334.wav,spoof,RT-EDGETTS-HENAN,clean,redteam_factory/Edge-TTS,微软服务条款，仅研究评测用途,edgetts,henan,SC-000334,zh-CN-shaanxi-XiaoniNeural,10.44,True,True,0.0,True,0.27586206896551724,True,True,0.023,True
data/redteam/factory/edgetts/henan/edgetts_henan_zh-CN-shaanxi-XiaoniNeural_SC-000338.wav,spoof,RT-EDGETTS-HENAN,clean,redteam_factory/Edge-TTS,微软服务条款，仅研究评测用途,edgetts,henan,SC-000338,zh-CN-shaanxi-XiaoniNeural,11.3,True,True,0.0,True,0.2672566371681416,True,True,0.018,True
data/redteam/factory/edgetts/henan/edgetts_henan_zh-CN-shaanxi-XiaoniNeural_SC-000346.wav,spoof,RT-EDGETTS-HENAN,clean,redteam_factory/Edge-TTS,微软服务条款，仅研究评测用途,edgetts,henan,SC-000346,zh-CN-shaanxi-XiaoniNeural,12.67,True,True,0.0,True,0.3222748815165877,True,True,0.204,True
data/redteam/factory/edgetts/henan/edgetts_henan_zh-CN-shaanxi-XiaoniNeural_SC-000358.wav,spoof,RT-EDGETTS-HENAN,clean,redteam_factory/Edge-TTS,微软服务条款，仅研究评测用途,edgetts,henan,SC-000358,zh-CN-shaanxi-XiaoniNeural,8.98,True,True,0.0,True,0.32142857142857145,True,True,0.012,True
data/redteam/factory/edgetts/henan/edgetts_henan_zh-CN-shaanxi-XiaoniNeural_SC-000362.wav,spoof,RT-EDGETTS-HENAN,clean,redteam_factory/Edge-TTS,微软服务条款，仅研究评测用途,edgetts,henan,SC-000362,zh-CN-shaanxi-XiaoniNeural,12.53,True,True,0.0,True,0.33865814696485624,True,True,0.014,True
data/redteam/factory/edgetts/henan/edgetts_henan_zh-CN-shaanxi-XiaoniNeural_SC-000388.wav,spoof,RT-EDGETTS-HENAN,clean,redteam_factory/Edge-TTS,微软服务条款，仅研究评测用途,edgetts,henan,SC-000388,zh-CN-shaanxi-XiaoniNeural,15.77,True,True,0.0,True,0.3464467005076142,True,True,0.004,True
data/redteam/factory/edgetts/henan/edgetts_henan_zh-CN-shaanxi-XiaoniNeural_SC-000402.wav,spoof,RT-EDGETTS-HENAN,clean,redteam_factory/Edge-TTS,微软服务条款，仅研究评测用途,edgetts,henan,SC-000402,zh-CN-shaanxi-XiaoniNeural,16.2,True,True,0.0,True,0.34444444444444444,True,True,0.027,True
data/redteam/factory/edgetts/henan/edgetts_henan_zh-CN-shaanxi-XiaoniNeural_SC-000413.wav,spoof,RT-EDGETTS-HENAN,clean,redteam_factory/Edge-TTS,微软服务条款，仅研究评测用途,edgetts,henan,SC-000413,zh-CN-shaanxi-XiaoniNeural,14.4,True,True,0.0,True,0.2777777777777778,True,True,0.059,True
data/redteam/factory/edgetts/henan/edgetts_henan_zh-CN-shaanxi-XiaoniNeural_SC-000418.wav,spoof,RT-EDGETTS-HENAN,clean,redteam_factory/Edge-TTS,微软服务条款，仅研究评测用途,edgetts,henan,SC-000418,zh-CN-shaanxi-XiaoniNeural,10.15,True,True,0.0,True,0.368836291913215,True,True,0.035,True
data/redteam/factory/edgetts/henan/edgetts_henan_zh-CN-shaanxi-XiaoniNeural_SC-000420.wav,spoof,RT-EDGETTS-HENAN,clean,redteam_factory/Edge-TTS,微软服务条款，仅研究评测用途,edgetts,henan,SC-000420,zh-CN-shaanxi-XiaoniNeural,9.7,True,True,0.0,True,0.378099173553719,True,True,0.011,True
data/redteam/factory/edgetts/mandarin/edgetts_mandarin_zh-CN-YunxiNeural_SC-000138.wav,spoof,RT-EDGETTS-MANDARIN,clean,redteam_factory/Edge-TTS,微软服务条款，仅研究评测用途,edgetts,mandarin,SC-000138,zh-CN-YunxiNeural,10.13,True,True,0.0,True,0.40118577075098816,True,True,0.006,True
data/redteam/factory/edgetts/mandarin/edgetts_mandarin_zh-CN-YunxiNeural_SC-000164.wav,spoof,RT-EDGETTS-MANDARIN,clean,redteam_factory/Edge-TTS,微软服务条款，仅研究评测用途,edgetts,mandarin,SC-000164,zh-CN-YunxiNeural,6.82,True,True,0.0,True,0.49117647058823527,True,True,0.002,True
data/redteam/factory/edgetts/mandarin/edgetts_mandarin_zh-CN-YunxiNeural_SC-000180.wav,spoof,RT-EDGETTS-MANDARIN,clean,redteam_factory/Edge-TTS,微软服务条款，仅研究评测用途,edgetts,mandarin,SC-000180,zh-CN-YunxiNeural,10.58,True,True,0.0,True,0.3534971644612476,True,True,0.004,True
data/redteam/factory/edgetts/mandarin/edgetts_mandarin_zh-CN-YunxiNeural_SC-000194.wav,spoof,RT-EDGETTS-MANDARIN,clean,redteam_factory/Edge-TTS,微软服务条款，仅研究评测用途,edgetts,mandarin,SC-000194,zh-CN-YunxiNeural,11.74,True,True,0.0,True,0.42150170648464164,True,True,0.002,True
data/redteam/factory/edgetts/mandarin/edgetts_mandarin_zh-CN-YunxiNeural_SC-000219.wav,spoof,RT-EDGETTS-MANDARIN,clean,redteam_factory/Edge-TTS,微软服务条款，仅研究评测用途,edgetts,mandarin,SC-000219,zh-CN-YunxiNeural,11.09,True,True,0.0,True,0.36823104693140796,True,True,0.02,True
data/redteam/factory/edgetts/mandarin/edgetts_mandarin_zh-CN-YunxiNeural_SC-000236.wav,spoof,RT-EDGETTS-MANDARIN,clean,redteam_factory/Edge-TTS,微软服务条款，仅研究评测用途,edgetts,mandarin,SC-000236,zh-CN-YunxiNeural,10.61,True,True,0.0,True,0.4490566037735849,True,True,0.007,True
data/redteam/factory/edgetts/mandarin/edgetts_mandarin_zh-CN-YunxiNeural_SC-000265.wav,spoof,RT-EDGETTS-MANDARIN,clean,redteam_factory/Edge-TTS,微软服务条款，仅研究评测用途,edgetts,mandarin,SC-000265,zh-CN-YunxiNeural,16.9,True,True,0.0,True,0.33175355450236965,True,True,0.007,True
data/redteam/factory/edgetts/mandarin/edgetts_mandarin_zh-CN-YunxiNeural_SC-000286.wav,spoof,RT-EDGETTS-MANDARIN,clean,redteam_factory/Edge-TTS,微软服务条款，仅研究评测用途,edgetts,mandarin,SC-000286,zh-CN-YunxiNeural,16.97,True,True,0.0,True,0.3761792452830189,True,True,0.006,True
data/redteam/factory/edgetts/mandarin/edgetts_mandarin_zh-CN-YunxiNeural_SC-000309.wav,spoof,RT-EDGETTS-MANDARIN,clean,redteam_factory/Edge-TTS,微软服务条款，仅研究评测用途,edgetts,mandarin,SC-000309,zh-CN-YunxiNeural,10.63,True,True,0.0,True,0.4086629001883239,True,True,0.002,True
data/redteam/factory/edgetts/mandarin/edgetts_mandarin_zh-CN-YunxiNeural_SC-000344.wav,spoof,RT-EDGETTS-MANDARIN,clean,redteam_factory/Edge-TTS,微软服务条款，仅研究评测用途,edgetts,mandarin,SC-000344,zh-CN-YunxiNeural,16.44,True,True,0.0,True,0.46958637469586373,True,True,0.068,True
data/redteam/factory/edgetts/mandarin/edgetts_mandarin_zh-CN-YunxiNeural_SC-000368.wav,spoof,RT-EDGETTS-MANDARIN,clean,redteam_factory/Edge-TTS,微软服务条款，仅研究评测用途,edgetts,mandarin,SC-000368,zh-CN-YunxiNeural,13.75,True,True,0.0,True,0.4570596797671033,True,True,0.012,True
data/redteam/factory/edgetts/mandarin/edgetts_mandarin_zh-CN-YunxiNeural_SC-000386.wav,spoof,RT-EDGETTS-MANDARIN,clean,redteam_factory/Edge-TTS,微软服务条款，仅研究评测用途,edgetts,mandarin,SC-000386,zh-CN-YunxiNeural,13.54,True,True,0.0,True,0.4230769230769231,True,True,0.005,True
data/redteam/factory/edgetts/mandarin/edgetts_mandarin_zh-CN-YunxiNeural_SC-000404.wav,spoof,RT-EDGETTS-MANDARIN,clean,redteam_factory/Edge-TTS,微软服务条款，仅研究评测用途,edgetts,mandarin,SC-000404,zh-CN-YunxiNeural,14.14,True,True,0.0,True,0.4093484419263456,True,True,0.096,True
data/redteam/factory/edgetts/mandarin/edgetts_mandarin_zh-CN-YunxiNeural_SC-000444.wav,spoof,RT-EDGETTS-MANDARIN,clean,redteam_factory/Edge-TTS,微软服务条款，仅研究评测用途,edgetts,mandarin,SC-000444,zh-CN-YunxiNeural,18.55,True,True,0.0,True,0.37001078748651567,True,True,0.015,True
data/redteam/factory/edgetts/mandarin/edgetts_mandarin_zh-CN-YunxiNeural_SC-000462.wav,spoof,RT-EDGETTS-MANDARIN,clean,redteam_factory/Edge-TTS,微软服务条款，仅研究评测用途,edgetts,mandarin,SC-000462,zh-CN-YunxiNeural,11.52,True,True,0.0,True,0.4409722222222222,True,True,0.008,True
data/redteam/factory/edgetts/mandarin/edgetts_mandarin_zh-CN-YunxiNeural_SC-000497.wav,spoof,RT-EDGETTS-MANDARIN,clean,redteam_factory/Edge-TTS,微软服务条款，仅研究评测用途,edgetts,mandarin,SC-000497,zh-CN-YunxiNeural,16.82,True,True,0.0,True,0.45659928656361476,True,True,0.048,True
data/redteam/factory/edgetts/mandarin/edgetts_mandarin_zh-CN-XiaoxiaoNeural_SC-000164.wav,spoof,RT-EDGETTS-MANDARIN,clean,redteam_factory/Edge-TTS,微软服务条款，仅研究评测用途,edgetts,mandarin,SC-000164,zh-CN-XiaoxiaoNeural,6.96,True,True,0.0,True,0.2959770114942529,True,True,0.063,True
data/redteam/factory/edgetts/mandarin/edgetts_mandarin_zh-CN-XiaoxiaoNeural_SC-000180.wav,spoof,RT-EDGETTS-MANDARIN,clean,redteam_factory/Edge-TTS,微软服务条款，仅研究评测用途,edgetts,mandarin,SC-000180,zh-CN-XiaoxiaoNeural,11.35,True,True,0.0,True,0.25925925925925924,True,True,0.118,True
data/redteam/factory/edgetts/mandarin/edgetts_mandarin_zh-CN-XiaoxiaoNeural_SC-000194.wav,spoof,RT-EDGETTS-MANDARIN,clean,redteam_factory/Edge-TTS,微软服务条款，仅研究评测用途,edgetts,mandarin,SC-000194,zh-CN-XiaoxiaoNeural,11.59,True,True,0.0,True,0.3022452504317789,True,True,0.006,True
data/redteam/factory/edgetts/mandarin/edgetts_mandarin_zh-CN-XiaoxiaoNeural_SC-000219.wav,spoof,RT-EDGETTS-MANDARIN,clean,redteam_factory/Edge-TTS,微软服务条款，仅研究评测用途,edgetts,mandarin,SC-000219,zh-CN-XiaoxiaoNeural,12.38,True,True,0.0,True,0.2520193861066236,True,True,0.025,True
data/redteam/factory/edgetts/mandarin/edgetts_mandarin_zh-CN-XiaoxiaoNeural_SC-000236.wav,spoof,RT-EDGETTS-MANDARIN,clean,redteam_factory/Edge-TTS,微软服务条款，仅研究评测用途,edgetts,mandarin,SC-000236,zh-CN-XiaoxiaoNeural,10.32,True,True,0.0,True,0.3372093023255814,True,True,0.051,True
data/redteam/factory/edgetts/mandarin/edgetts_mandarin_zh-CN-XiaoxiaoNeural_SC-000265.wav,spoof,RT-EDGETTS-MANDARIN,clean,redteam_factory/Edge-TTS,微软服务条款，仅研究评测用途,edgetts,mandarin,SC-000265,zh-CN-XiaoxiaoNeural,18.74,True,True,0.0,True,0.2209178228388474,True,True,0.191,True
data/redteam/factory/edgetts/mandarin/edgetts_mandarin_zh-CN-XiaoxiaoNeural_SC-000286.wav,spoof,RT-EDGETTS-MANDARIN,clean,redteam_factory/Edge-TTS,微软服务条款，仅研究评测用途,edgetts,mandarin,SC-000286,zh-CN-XiaoxiaoNeural,17.66,True,True,0.0,True,0.23895809739524349,True,True,0.122,True
data/redteam/factory/edgetts/mandarin/edgetts_mandarin_zh-CN-XiaoxiaoNeural_SC-000309.wav,spoof,RT-EDGETTS-MANDARIN,clean,redteam_factory/Edge-TTS,微软服务条款，仅研究评测用途,edgetts,mandarin,SC-000309,zh-CN-XiaoxiaoNeural,10.7,True,True,0.0,True,0.2953271028037383,True,True,0.054,True
data/redteam/factory/edgetts/mandarin/edgetts_mandarin_zh-CN-XiaoxiaoNeural_SC-000344.wav,spoof,RT-EDGETTS-MANDARIN,clean,redteam_factory/Edge-TTS,微软服务条款，仅研究评测用途,edgetts,mandarin,SC-000344,zh-CN-XiaoxiaoNeural,16.13,True,True,0.0,True,0.36228287841191065,True,True,0.091,True
data/redteam/factory/edgetts/mandarin/edgetts_mandarin_zh-CN-XiaoxiaoNeural_SC-000368.wav,spoof,RT-EDGETTS-MANDARIN,clean,redteam_factory/Edge-TTS,微软服务条款，仅研究评测用途,edgetts,mandarin,SC-000368,zh-CN-XiaoxiaoNeural,13.08,True,True,0.0,True,0.3165137614678899,True,True,0.08,True
data/redteam/factory/edgetts/mandarin/edgetts_mandarin_zh-CN-XiaoxiaoNeural_SC-000386.wav,spoof,RT-EDGETTS-MANDARIN,clean,redteam_factory/Edge-TTS,微软服务条款，仅研究评测用途,edgetts,mandarin,SC-000386,zh-CN-XiaoxiaoNeural,14.95,True,True,0.0,True,0.2797858099062918,True,True,0.023,True
data/redteam/factory/edgetts/mandarin/edgetts_mandarin_zh-CN-XiaoxiaoNeural_SC-000404.wav,spoof,RT-EDGETTS-MANDARIN,clean,redteam_factory/Edge-TTS,微软服务条款，仅研究评测用途,edgetts,mandarin,SC-000404,zh-CN-XiaoxiaoNeural,14.16,True,True,0.0,True,0.2810734463276836,True,True,0.072,True
data/redteam/factory/edgetts/mandarin/edgetts_mandarin_zh-CN-XiaoxiaoNeural_SC-000462.wav,spoof,RT-EDGETTS-MANDARIN,clean,redteam_factory/Edge-TTS,微软服务条款，仅研究评测用途,edgetts,mandarin,SC-000462,zh-CN-XiaoxiaoNeural,10.7,True,True,0.0,True,0.27850467289719627,True,True,0.061,True
data/redteam/factory/edgetts/mandarin/edgetts_mandarin_zh-CN-XiaoxiaoNeural_SC-000497.wav,spoof,RT-EDGETTS-MANDARIN,clean,redteam_factory/Edge-TTS,微软服务条款，仅研究评测用途,edgetts,mandarin,SC-000497,zh-CN-XiaoxiaoNeural,17.9,True,True,0.0,True,0.293854748603352,True,True,0.046,True
data/redteam/factory/edgetts/mandarin/edgetts_mandarin_zh-CN-YunjianNeural_SC-000138.wav,spoof,RT-EDGETTS-MANDARIN,clean,redteam_factory/Edge-TTS,微软服务条款，仅研究评测用途,edgetts,mandarin,SC-000138,zh-CN-YunjianNeural,10.44,True,True,0.0,True,0.32567049808429116,True,True,0.012,True
data/redteam/factory/edgetts/mandarin/edgetts_mandarin_zh-CN-YunjianNeural_SC-000164.wav,spoof,RT-EDGETTS-MANDARIN,clean,redteam_factory/Edge-TTS,微软服务条款，仅研究评测用途,edgetts,mandarin,SC-000164,zh-CN-YunjianNeural,6.84,True,True,0.0,True,0.3508771929824561,True,True,0.027,True
data/redteam/factory/edgetts/mandarin/edgetts_mandarin_zh-CN-YunjianNeural_SC-000180.wav,spoof,RT-EDGETTS-MANDARIN,clean,redteam_factory/Edge-TTS,微软服务条款，仅研究评测用途,edgetts,mandarin,SC-000180,zh-CN-YunjianNeural,10.97,True,True,0.0,True,0.29927007299270075,True,True,0.006,True
data/redteam/factory/edgetts/mandarin/edgetts_mandarin_zh-CN-YunjianNeural_SC-000194.wav,spoof,RT-EDGETTS-MANDARIN,clean,redteam_factory/Edge-TTS,微软服务条款，仅研究评测用途,edgetts,mandarin,SC-000194,zh-CN-YunjianNeural,11.62,True,True,0.0,True,0.3293103448275862,True,True,0.007,True
data/redteam/factory/edgetts/mandarin/edgetts_mandarin_zh-CN-YunjianNeural_SC-000219.wav,spoof,RT-EDGETTS-MANDARIN,clean,redteam_factory/Edge-TTS,微软服务条款，仅研究评测用途,edgetts,mandarin,SC-000219,zh-CN-YunjianNeural,12.0,True,True,0.0,True,0.29,True,True,0.042,True
data/redteam/factory/edgetts/mandarin/edgetts_mandarin_zh-CN-YunjianNeural_SC-000236.wav,spoof,RT-EDGETTS-MANDARIN,clean,redteam_factory/Edge-TTS,微软服务条款，仅研究评测用途,edgetts,mandarin,SC-000236,zh-CN-YunjianNeural,11.02,True,True,0.0,True,0.36363636363636365,True,True,0.015,True
data/redteam/factory/edgetts/mandarin/edgetts_mandarin_zh-CN-YunjianNeural_SC-000265.wav,spoof,RT-EDGETTS-MANDARIN,clean,redteam_factory/Edge-TTS,微软服务条款，仅研究评测用途,edgetts,mandarin,SC-000265,zh-CN-YunjianNeural,18.22,True,True,0.0,True,0.24725274725274726,True,True,0.047,True
data/redteam/factory/edgetts/mandarin/edgetts_mandarin_zh-CN-YunjianNeural_SC-000286.wav,spoof,RT-EDGETTS-MANDARIN,clean,redteam_factory/Edge-TTS,微软服务条款，仅研究评测用途,edgetts,mandarin,SC-000286,zh-CN-YunjianNeural,17.18,True,True,0.0,True,0.2630966239813737,True,True,0.167,True
data/redteam/factory/edgetts/mandarin/edgetts_mandarin_zh-CN-YunjianNeural_SC-000309.wav,spoof,RT-EDGETTS-MANDARIN,clean,redteam_factory/Edge-TTS,微软服务条款，仅研究评测用途,edgetts,mandarin,SC-000309,zh-CN-YunjianNeural,10.99,True,True,0.0,True,0.3224043715846995,True,True,0.006,True
data/redteam/factory/edgetts/mandarin/edgetts_mandarin_zh-CN-YunjianNeural_SC-000344.wav,spoof,RT-EDGETTS-MANDARIN,clean,redteam_factory/Edge-TTS,微软服务条款，仅研究评测用途,edgetts,mandarin,SC-000344,zh-CN-YunjianNeural,16.61,True,True,0.0,True,0.372289156626506,True,True,0.018,True
data/redteam/factory/edgetts/mandarin/edgetts_mandarin_zh-CN-YunjianNeural_SC-000368.wav,spoof,RT-EDGETTS-MANDARIN,clean,redteam_factory/Edge-TTS,微软服务条款，仅研究评测用途,edgetts,mandarin,SC-000368,zh-CN-YunjianNeural,13.32,True,True,0.0,True,0.36186186186186187,True,True,0.032,True
data/redteam/factory/edgetts/mandarin/edgetts_mandarin_zh-CN-YunjianNeural_SC-000386.wav,spoof,RT-EDGETTS-MANDARIN,clean,redteam_factory/Edge-TTS,微软服务条款，仅研究评测用途,edgetts,mandarin,SC-000386,zh-CN-YunjianNeural,13.87,True,True,0.0,True,0.30447330447330445,True,True,0.02,True
data/redteam/factory/edgetts/mandarin/edgetts_mandarin_zh-CN-YunjianNeural_SC-000404.wav,spoof,RT-EDGETTS-MANDARIN,clean,redteam_factory/Edge-TTS,微软服务条款，仅研究评测用途,edgetts,mandarin,SC-000404,zh-CN-YunjianNeural,13.97,True,True,0.0,True,0.28653295128939826,True,True,0.023,True
data/redteam/factory/edgetts/mandarin/edgetts_mandarin_zh-CN-YunjianNeural_SC-000462.wav,spoof,RT-EDGETTS-MANDARIN,clean,redteam_factory/Edge-TTS,微软服务条款，仅研究评测用途,edgetts,mandarin,SC-000462,zh-CN-YunjianNeural,10.73,True,True,0.0,True,0.3246268656716418,True,True,0.009,True
data/redteam/factory/edgetts/mandarin/edgetts_mandarin_zh-CN-YunjianNeural_SC-000497.wav,spoof,RT-EDGETTS-MANDARIN,clean,redteam_factory/Edge-TTS,微软服务条款，仅研究评测用途,edgetts,mandarin,SC-000497,zh-CN-YunjianNeural,17.9,True,True,0.0,True,0.3318435754189944,True,True,0.015,True
data/redteam/factory/edgetts/mandarin/edgetts_mandarin_zh-CN-YunyangNeural_SC-000138.wav,spoof,RT-EDGETTS-MANDARIN,clean,redteam_factory/Edge-TTS,微软服务条款，仅研究评测用途,edgetts,mandarin,SC-000138,zh-CN-YunyangNeural,9.38,True,True,0.0,True,0.34541577825159914,True,True,0.055,True
data/redteam/factory/edgetts/mandarin/edgetts_mandarin_zh-CN-YunyangNeural_SC-000164.wav,spoof,RT-EDGETTS-MANDARIN,clean,redteam_factory/Edge-TTS,微软服务条款，仅研究评测用途,edgetts,mandarin,SC-000164,zh-CN-YunyangNeural,5.83,True,True,0.0,True,0.36769759450171824,True,True,0.006,True
data/redteam/factory/edgetts/mandarin/edgetts_mandarin_zh-CN-YunyangNeural_SC-000180.wav,spoof,RT-EDGETTS-MANDARIN,clean,redteam_factory/Edge-TTS,微软服务条款，仅研究评测用途,edgetts,mandarin,SC-000180,zh-CN-YunyangNeural,10.82,True,True,0.0,True,0.3567467652495379,True,True,0.024,True
data/redteam/factory/edgetts/mandarin/edgetts_mandarin_zh-CN-YunyangNeural_SC-000194.wav,spoof,RT-EDGETTS-MANDARIN,clean,redteam_factory/Edge-TTS,微软服务条款，仅研究评测用途,edgetts,mandarin,SC-000194,zh-CN-YunyangNeural,10.1,True,True,0.0,True,0.3465346534653465,True,True,0.005,True
data/redteam/factory/edgetts/mandarin/edgetts_mandarin_zh-CN-YunyangNeural_SC-000219.wav,spoof,RT-EDGETTS-MANDARIN,clean,redteam_factory/Edge-TTS,微软服务条款，仅研究评测用途,edgetts,mandarin,SC-000219,zh-CN-YunyangNeural,11.06,True,True,0.0,True,0.32368896925858953,True,True,0.053,True
data/redteam/factory/edgetts/mandarin/edgetts_mandarin_zh-CN-YunyangNeural_SC-000236.wav,spoof,RT-EDGETTS-MANDARIN,clean,redteam_factory/Edge-TTS,微软服务条款，仅研究评测用途,edgetts,mandarin,SC-000236,zh-CN-YunyangNeural,9.84,True,True,0.0,True,0.3821138211382114,True,True,0.02,True
data/redteam/factory/edgetts/mandarin/edgetts_mandarin_zh-CN-YunyangNeural_SC-000265.wav,spoof,RT-EDGETTS-MANDARIN,clean,redteam_factory/Edge-TTS,微软服务条款，仅研究评测用途,edgetts,mandarin,SC-000265,zh-CN-YunyangNeural,16.03,True,True,0.0,True,0.2883895131086142,True,True,0.066,True
data/redteam/factory/edgetts/mandarin/edgetts_mandarin_zh-CN-YunyangNeural_SC-000286.wav,spoof,RT-EDGETTS-MANDARIN,clean,redteam_factory/Edge-TTS,微软服务条款，仅研究评测用途,edgetts,mandarin,SC-000286,zh-CN-YunyangNeural,15.62,True,True,0.0,True,0.30985915492957744,True,True,0.076,True
data/redteam/factory/edgetts/mandarin/edgetts_mandarin_zh-CN-YunyangNeural_SC-000309.wav,spoof,RT-EDGETTS-MANDARIN,clean,redteam_factory/Edge-TTS,微软服务条款，仅研究评测用途,edgetts,mandarin,SC-000309,zh-CN-YunyangNeural,9.82,True,True,0.0,True,0.3122448979591837,True,True,0.057,True
data/redteam/factory/edgetts/mandarin/edgetts_mandarin_zh-CN-YunyangNeural_SC-000344.wav,spoof,RT-EDGETTS-MANDARIN,clean,redteam_factory/Edge-TTS,微软服务条款，仅研究评测用途,edgetts,mandarin,SC-000344,zh-CN-YunyangNeural,14.74,True,True,0.0,True,0.4279891304347826,True,True,0.03,True
data/redteam/factory/edgetts/mandarin/edgetts_mandarin_zh-CN-YunyangNeural_SC-000368.wav,spoof,RT-EDGETTS-MANDARIN,clean,redteam_factory/Edge-TTS,微软服务条款，仅研究评测用途,edgetts,mandarin,SC-000368,zh-CN-YunyangNeural,12.0,True,True,0.0,True,0.4,True,True,0.049,True
data/redteam/factory/edgetts/mandarin/edgetts_mandarin_zh-CN-YunyangNeural_SC-000386.wav,spoof,RT-EDGETTS-MANDARIN,clean,redteam_factory/Edge-TTS,微软服务条款，仅研究评测用途,edgetts,mandarin,SC-000386,zh-CN-YunyangNeural,12.77,True,True,0.0,True,0.3275862068965517,True,True,0.005,True
data/redteam/factory/edgetts/mandarin/edgetts_mandarin_zh-CN-YunyangNeural_SC-000404.wav,spoof,RT-EDGETTS-MANDARIN,clean,redteam_factory/Edge-TTS,微软服务条款，仅研究评测用途,edgetts,mandarin,SC-000404,zh-CN-YunyangNeural,12.96,True,True,0.0,True,0.31790123456790126,True,True,0.147,True
data/redteam/factory/edgetts/mandarin/edgetts_mandarin_zh-CN-YunyangNeural_SC-000444.wav,spoof,RT-EDGETTS-MANDARIN,clean,redteam_factory/Edge-TTS,微软服务条款，仅研究评测用途,edgetts,mandarin,SC-000444,zh-CN-YunyangNeural,17.93,True,True,0.0,True,0.30245535714285715,True,True,0.067,True
data/redteam/factory/edgetts/mandarin/edgetts_mandarin_zh-CN-YunyangNeural_SC-000462.wav,spoof,RT-EDGETTS-MANDARIN,clean,redteam_factory/Edge-TTS,微软服务条款，仅研究评测用途,edgetts,mandarin,SC-000462,zh-CN-YunyangNeural,10.01,True,True,0.0,True,0.346,True,True,0.02,True
data/redteam/factory/edgetts/mandarin/edgetts_mandarin_zh-CN-YunyangNeural_SC-000497.wav,spoof,RT-EDGETTS-MANDARIN,clean,redteam_factory/Edge-TTS,微软服务条款，仅研究评测用途,edgetts,mandarin,SC-000497,zh-CN-YunyangNeural,15.34,True,True,0.0,True,0.3577023498694517,True,True,0.016,True
data/redteam/factory/edgetts/minnan/edgetts_minnan_zh-TW-HsiaoChenNeural_SC-000551.wav,spoof,RT-EDGETTS-MINNAN,clean,redteam_factory/Edge-TTS,微软服务条款，仅研究评测用途,edgetts,minnan,SC-000551,zh-TW-HsiaoChenNeural,11.9,True,True,0.0,True,0.23697478991596638,True,True,0.023,True
data/redteam/factory/edgetts/minnan/edgetts_minnan_zh-TW-HsiaoChenNeural_SC-000620.wav,spoof,RT-EDGETTS-MINNAN,clean,redteam_factory/Edge-TTS,微软服务条款，仅研究评测用途,edgetts,minnan,SC-000620,zh-TW-HsiaoChenNeural,14.76,True,True,0.0,True,0.3428184281842818,True,True,0.154,True
data/redteam/factory/edgetts/minnan/edgetts_minnan_zh-TW-HsiaoChenNeural_SC-000694.wav,spoof,RT-EDGETTS-MINNAN,clean,redteam_factory/Edge-TTS,微软服务条款，仅研究评测用途,edgetts,minnan,SC-000694,zh-TW-HsiaoChenNeural,17.4,True,True,0.0,True,0.18045977011494252,True,True,0.056,True
data/redteam/factory/edgetts/minnan/edgetts_minnan_zh-TW-HsiaoChenNeural_SC-000740.wav,spoof,RT-EDGETTS-MINNAN,clean,redteam_factory/Edge-TTS,微软服务条款，仅研究评测用途,edgetts,minnan,SC-000740,zh-TW-HsiaoChenNeural,13.08,True,True,0.0,True,0.24617737003058104,True,True,0.239,True
data/redteam/factory/edgetts/minnan/edgetts_minnan_zh-TW-HsiaoChenNeural_SC-000860.wav,spoof,RT-EDGETTS-MINNAN,clean,redteam_factory/Edge-TTS,微软服务条款，仅研究评测用途,edgetts,minnan,SC-000860,zh-TW-HsiaoChenNeural,15.05,True,True,0.0,True,0.3377659574468085,True,True,0.049,True
data/redteam/factory/edgetts/minnan/edgetts_minnan_zh-TW-HsiaoChenNeural_SC-000961.wav,spoof,RT-EDGETTS-MINNAN,clean,redteam_factory/Edge-TTS,微软服务条款，仅研究评测用途,edgetts,minnan,SC-000961,zh-TW-HsiaoChenNeural,15.74,True,True,0.0,True,0.3087674714104193,True,True,0.044,True
data/redteam/factory/edgetts/minnan/edgetts_minnan_zh-TW-HsiaoChenNeural_SC-001011.wav,spoof,RT-EDGETTS-MINNAN,clean,redteam_factory/Edge-TTS,微软服务条款，仅研究评测用途,edgetts,minnan,SC-001011,zh-TW-HsiaoChenNeural,12.77,True,True,0.0,True,0.3432601880877743,True,True,0.043,True
data/redteam/factory/edgetts/minnan/edgetts_minnan_zh-TW-HsiaoChenNeural_SC-001189.wav,spoof,RT-EDGETTS-MINNAN,clean,redteam_factory/Edge-TTS,微软服务条款，仅研究评测用途,edgetts,minnan,SC-001189,zh-TW-HsiaoChenNeural,17.86,True,True,0.0,True,0.24551569506726456,True,True,0.007,True
data/redteam/factory/edgetts/minnan/edgetts_minnan_zh-TW-HsiaoChenNeural_SC-001240.wav,spoof,RT-EDGETTS-MINNAN,clean,redteam_factory/Edge-TTS,微软服务条款，仅研究评测用途,edgetts,minnan,SC-001240,zh-TW-HsiaoChenNeural,19.13,True,True,0.0,True,0.24686192468619247,True,True,0.014,True
data/redteam/factory/edgetts/minnan/edgetts_minnan_zh-TW-HsiaoChenNeural_SC-001287.wav,spoof,RT-EDGETTS-MINNAN,clean,redteam_factory/Edge-TTS,微软服务条款，仅研究评测用途,edgetts,minnan,SC-001287,zh-TW-HsiaoChenNeural,16.56,True,True,0.0,True,0.4528985507246377,True,True,0.031,True
data/redteam/factory/edgetts/minnan/edgetts_minnan_zh-TW-HsiaoChenNeural_SC-001376.wav,spoof,RT-EDGETTS-MINNAN,clean,redteam_factory/Edge-TTS,微软服务条款，仅研究评测用途,edgetts,minnan,SC-001376,zh-TW-HsiaoChenNeural,14.47,True,True,0.0,True,0.24481327800829875,True,True,0.092,True
data/redteam/factory/edgetts/minnan/edgetts_minnan_zh-TW-HsiaoChenNeural_SC-001532.wav,spoof,RT-EDGETTS-MINNAN,clean,redteam_factory/Edge-TTS,微软服务条款，仅研究评测用途,edgetts,minnan,SC-001532,zh-TW-HsiaoChenNeural,11.3,True,True,0.0,True,0.22831858407079647,True,True,0.092,True
data/redteam/factory/edgetts/minnan/edgetts_minnan_zh-TW-YunJheNeural_SC-000551.wav,spoof,RT-EDGETTS-MINNAN,clean,redteam_factory/Edge-TTS,微软服务条款，仅研究评测用途,edgetts,minnan,SC-000551,zh-TW-YunJheNeural,10.42,True,True,0.0,True,0.3038461538461538,True,True,0.005,True
data/redteam/factory/edgetts/minnan/edgetts_minnan_zh-TW-YunJheNeural_SC-000620.wav,spoof,RT-EDGETTS-MINNAN,clean,redteam_factory/Edge-TTS,微软服务条款，仅研究评测用途,edgetts,minnan,SC-000620,zh-TW-YunJheNeural,13.99,True,True,0.0,True,0.4334763948497854,True,True,0.015,True
data/redteam/factory/edgetts/minnan/edgetts_minnan_zh-TW-YunJheNeural_SC-000694.wav,spoof,RT-EDGETTS-MINNAN,clean,redteam_factory/Edge-TTS,微软服务条款，仅研究评测用途,edgetts,minnan,SC-000694,zh-TW-YunJheNeural,14.78,True,True,0.0,True,0.22868741542625168,True,True,0.005,True
data/redteam/factory/edgetts/minnan/edgetts_minnan_zh-TW-YunJheNeural_SC-000740.wav,spoof,RT-EDGETTS-MINNAN,clean,redteam_factory/Edge-TTS,微软服务条款，仅研究评测用途,edgetts,minnan,SC-000740,zh-TW-YunJheNeural,11.59,True,True,0.0,True,0.3298791018998273,True,True,0.003,True
data/redteam/factory/edgetts/minnan/edgetts_minnan_zh-TW-YunJheNeural_SC-000802.wav,spoof,RT-EDGETTS-MINNAN,clean,redteam_factory/Edge-TTS,微软服务条款，仅研究评测用途,edgetts,minnan,SC-000802,zh-TW-YunJheNeural,19.92,True,True,0.0,True,0.3644578313253012,True,True,0.037,True
data/redteam/factory/edgetts/minnan/edgetts_minnan_zh-TW-YunJheNeural_SC-000860.wav,spoof,RT-EDGETTS-MINNAN,clean,redteam_factory/Edge-TTS,微软服务条款，仅研究评测用途,edgetts,minnan,SC-000860,zh-TW-YunJheNeural,14.11,True,True,0.0,True,0.42411347517730497,True,True,0.012,True
data/redteam/factory/edgetts/minnan/edgetts_minnan_zh-TW-YunJheNeural_SC-000961.wav,spoof,RT-EDGETTS-MINNAN,clean,redteam_factory/Edge-TTS,微软服务条款，仅研究评测用途,edgetts,minnan,SC-000961,zh-TW-YunJheNeural,14.78,True,True,0.0,True,0.40054127198917455,True,True,0.037,True
data/redteam/factory/edgetts/minnan/edgetts_minnan_zh-TW-YunJheNeural_SC-001011.wav,spoof,RT-EDGETTS-MINNAN,clean,redteam_factory/Edge-TTS,微软服务条款，仅研究评测用途,edgetts,minnan,SC-001011,zh-TW-YunJheNeural,12.02,True,True,0.0,True,0.43760399334442596,True,True,0.002,True
data/redteam/factory/edgetts/minnan/edgetts_minnan_zh-TW-YunJheNeural_SC-001189.wav,spoof,RT-EDGETTS-MINNAN,clean,redteam_factory/Edge-TTS,微软服务条款，仅研究评测用途,edgetts,minnan,SC-001189,zh-TW-YunJheNeural,15.58,True,True,0.0,True,0.3097686375321337,True,True,0.004,True
data/redteam/factory/edgetts/minnan/edgetts_minnan_zh-TW-YunJheNeural_SC-001240.wav,spoof,RT-EDGETTS-MINNAN,clean,redteam_factory/Edge-TTS,微软服务条款，仅研究评测用途,edgetts,minnan,SC-001240,zh-TW-YunJheNeural,17.23,True,True,0.0,True,0.3089430894308943,True,True,0.007,True
data/redteam/factory/edgetts/minnan/edgetts_minnan_zh-TW-YunJheNeural_SC-001287.wav,spoof,RT-EDGETTS-MINNAN,clean,redteam_factory/Edge-TTS,微软服务条款，仅研究评测用途,edgetts,minnan,SC-001287,zh-TW-YunJheNeural,17.26,True,True,0.0,True,0.5406032482598608,True,True,0.006,True
data/redteam/factory/edgetts/minnan/edgetts_minnan_zh-TW-YunJheNeural_SC-001376.wav,spoof,RT-EDGETTS-MINNAN,clean,redteam_factory/Edge-TTS,微软服务条款，仅研究评测用途,edgetts,minnan,SC-001376,zh-TW-YunJheNeural,12.77,True,True,0.0,True,0.31191222570532917,True,True,0.027,True
data/redteam/factory/edgetts/minnan/edgetts_minnan_zh-TW-YunJheNeural_SC-001532.wav,spoof,RT-EDGETTS-MINNAN,clean,redteam_factory/Edge-TTS,微软服务条款，仅研究评测用途,edgetts,minnan,SC-001532,zh-TW-YunJheNeural,9.7,True,True,0.0,True,0.2975206611570248,True,True,0.024,True
data/redteam/factory/edgetts/minnan/edgetts_minnan_zh-TW-YunJheNeural_SC-001636.wav,spoof,RT-EDGETTS-MINNAN,clean,redteam_factory/Edge-TTS,微软服务条款，仅研究评测用途,edgetts,minnan,SC-001636,zh-TW-YunJheNeural,8.62,True,True,0.0,True,0.313953488372093,True,True,0.129,True
data/redteam/factory/edgetts/sichuan/edgetts_sichuan_zh-CN-YunxiNeural_SC-000353.wav,spoof,RT-EDGETTS-SICHUAN,clean,redteam_factory/Edge-TTS,微软服务条款，仅研究评测用途,edgetts,sichuan,SC-000353,zh-CN-YunxiNeural,18.1,True,True,0.0,True,0.37389380530973454,True,True,0.113,True
data/redteam/factory/edgetts/sichuan/edgetts_sichuan_zh-CN-YunxiNeural_SC-000380.wav,spoof,RT-EDGETTS-SICHUAN,clean,redteam_factory/Edge-TTS,微软服务条款，仅研究评测用途,edgetts,sichuan,SC-000380,zh-CN-YunxiNeural,14.11,True,True,0.0,True,0.42127659574468085,True,True,0.002,True
data/redteam/factory/edgetts/sichuan/edgetts_sichuan_zh-CN-YunxiNeural_SC-000446.wav,spoof,RT-EDGETTS-SICHUAN,clean,redteam_factory/Edge-TTS,微软服务条款，仅研究评测用途,edgetts,sichuan,SC-000446,zh-CN-YunxiNeural,5.95,True,True,0.0,True,0.48484848484848486,True,True,0.011,True
data/redteam/factory/edgetts/sichuan/edgetts_sichuan_zh-CN-YunxiNeural_SC-000482.wav,spoof,RT-EDGETTS-SICHUAN,clean,redteam_factory/Edge-TTS,微软服务条款，仅研究评测用途,edgetts,sichuan,SC-000482,zh-CN-YunxiNeural,17.78,True,True,0.0,True,0.4229471316085489,True,True,0.009,True
data/redteam/factory/edgetts/sichuan/edgetts_sichuan_zh-CN-YunxiNeural_SC-000636.wav,spoof,RT-EDGETTS-SICHUAN,clean,redteam_factory/Edge-TTS,微软服务条款，仅研究评测用途,edgetts,sichuan,SC-000636,zh-CN-YunxiNeural,14.54,True,True,0.0,True,0.3920220082530949,True,True,0.002,True
data/redteam/factory/edgetts/sichuan/edgetts_sichuan_zh-CN-YunxiNeural_SC-000708.wav,spoof,RT-EDGETTS-SICHUAN,clean,redteam_factory/Edge-TTS,微软服务条款，仅研究评测用途,edgetts,sichuan,SC-000708,zh-CN-YunxiNeural,13.97,True,True,0.0,True,0.4197707736389685,True,True,0.008,True
data/redteam/factory/edgetts/sichuan/edgetts_sichuan_zh-CN-YunxiNeural_SC-000771.wav,spoof,RT-EDGETTS-SICHUAN,clean,redteam_factory/Edge-TTS,微软服务条款，仅研究评测用途,edgetts,sichuan,SC-000771,zh-CN-YunxiNeural,18.19,True,True,0.0,True,0.36853685368536854,True,True,0.009,True
data/redteam/factory/edgetts/sichuan/edgetts_sichuan_zh-CN-YunxiNeural_SC-000855.wav,spoof,RT-EDGETTS-SICHUAN,clean,redteam_factory/Edge-TTS,微软服务条款，仅研究评测用途,edgetts,sichuan,SC-000855,zh-CN-YunxiNeural,14.23,True,True,0.0,True,0.3853727144866385,True,True,0.002,True
data/redteam/factory/edgetts/sichuan/edgetts_sichuan_zh-CN-YunxiNeural_SC-000946.wav,spoof,RT-EDGETTS-SICHUAN,clean,redteam_factory/Edge-TTS,微软服务条款，仅研究评测用途,edgetts,sichuan,SC-000946,zh-CN-YunxiNeural,7.94,True,True,0.0,True,0.491183879093199,True,True,0.001,True
data/redteam/factory/edgetts/sichuan/edgetts_sichuan_zh-CN-YunxiNeural_SC-001018.wav,spoof,RT-EDGETTS-SICHUAN,clean,redteam_factory/Edge-TTS,微软服务条款，仅研究评测用途,edgetts,sichuan,SC-001018,zh-CN-YunxiNeural,13.66,True,True,0.0,True,0.4002932551319648,True,True,0.003,True
data/redteam/factory/edgetts/sichuan/edgetts_sichuan_zh-CN-YunxiNeural_SC-001104.wav,spoof,RT-EDGETTS-SICHUAN,clean,redteam_factory/Edge-TTS,微软服务条款，仅研究评测用途,edgetts,sichuan,SC-001104,zh-CN-YunxiNeural,17.35,True,True,0.0,True,0.41753171856978083,True,True,0.003,True
data/redteam/factory/edgetts/sichuan/edgetts_sichuan_zh-CN-YunxiNeural_SC-001166.wav,spoof,RT-EDGETTS-SICHUAN,clean,redteam_factory/Edge-TTS,微软服务条款，仅研究评测用途,edgetts,sichuan,SC-001166,zh-CN-YunxiNeural,16.78,True,True,0.0,True,0.39618138424821003,True,True,0.007,True
data/redteam/factory/edgetts/sichuan/edgetts_sichuan_zh-CN-YunxiNeural_SC-001234.wav,spoof,RT-EDGETTS-SICHUAN,clean,redteam_factory/Edge-TTS,微软服务条款，仅研究评测用途,edgetts,sichuan,SC-001234,zh-CN-YunxiNeural,13.22,True,True,0.0,True,0.39636913767019666,True,True,0.002,True
data/redteam/factory/edgetts/sichuan/edgetts_sichuan_zh-CN-YunxiNeural_SC-001327.wav,spoof,RT-EDGETTS-SICHUAN,clean,redteam_factory/Edge-TTS,微软服务条款，仅研究评测用途,edgetts,sichuan,SC-001327,zh-CN-YunxiNeural,13.9,True,True,0.0,True,0.37175792507204614,True,True,0.018,True
data/redteam/factory/edgetts/sichuan/edgetts_sichuan_zh-CN-YunxiNeural_SC-001386.wav,spoof,RT-EDGETTS-SICHUAN,clean,redteam_factory/Edge-TTS,微软服务条款，仅研究评测用途,edgetts,sichuan,SC-001386,zh-CN-YunxiNeural,13.3,True,True,0.0,True,0.4894578313253012,True,True,0.002,True
data/redteam/factory/edgetts/sichuan/edgetts_sichuan_zh-CN-YunxiNeural_SC-001442.wav,spoof,RT-EDGETTS-SICHUAN,clean,redteam_factory/Edge-TTS,微软服务条款，仅研究评测用途,edgetts,sichuan,SC-001442,zh-CN-YunxiNeural,8.69,True,True,0.0,True,0.4930875576036866,True,True,0.002,True
data/redteam/factory/edgetts/sichuan/edgetts_sichuan_zh-CN-YunxiNeural_SC-001511.wav,spoof,RT-EDGETTS-SICHUAN,clean,redteam_factory/Edge-TTS,微软服务条款，仅研究评测用途,edgetts,sichuan,SC-001511,zh-CN-YunxiNeural,17.5,True,True,0.0,True,0.39931350114416475,True,True,0.013,True
data/redteam/factory/edgetts/sichuan/edgetts_sichuan_zh-CN-XiaoxiaoNeural_SC-000380.wav,spoof,RT-EDGETTS-SICHUAN,clean,redteam_factory/Edge-TTS,微软服务条款，仅研究评测用途,edgetts,sichuan,SC-000380,zh-CN-XiaoxiaoNeural,14.18,True,True,0.0,True,0.306064880112835,True,True,0.142,True
data/redteam/factory/edgetts/sichuan/edgetts_sichuan_zh-CN-XiaoxiaoNeural_SC-000446.wav,spoof,RT-EDGETTS-SICHUAN,clean,redteam_factory/Edge-TTS,微软服务条款，仅研究评测用途,edgetts,sichuan,SC-000446,zh-CN-XiaoxiaoNeural,5.95,True,True,0.0,True,0.367003367003367,True,True,0.026,True
data/redteam/factory/edgetts/sichuan/edgetts_sichuan_zh-CN-XiaoxiaoNeural_SC-000636.wav,spoof,RT-EDGETTS-SICHUAN,clean,redteam_factory/Edge-TTS,微软服务条款，仅研究评测用途,edgetts,sichuan,SC-000636,zh-CN-XiaoxiaoNeural,14.64,True,True,0.0,True,0.2786885245901639,True,True,0.073,True
data/redteam/factory/edgetts/sichuan/edgetts_sichuan_zh-CN-XiaoxiaoNeural_SC-000708.wav,spoof,RT-EDGETTS-SICHUAN,clean,redteam_factory/Edge-TTS,微软服务条款，仅研究评测用途,edgetts,sichuan,SC-000708,zh-CN-XiaoxiaoNeural,14.09,True,True,0.0,True,0.3025568181818182,True,True,0.154,True
data/redteam/factory/edgetts/sichuan/edgetts_sichuan_zh-CN-XiaoxiaoNeural_SC-000855.wav,spoof,RT-EDGETTS-SICHUAN,clean,redteam_factory/Edge-TTS,微软服务条款，仅研究评测用途,edgetts,sichuan,SC-000855,zh-CN-XiaoxiaoNeural,15.24,True,True,0.0,True,0.23753280839895013,True,True,0.004,True
data/redteam/factory/edgetts/sichuan/edgetts_sichuan_zh-CN-XiaoxiaoNeural_SC-000946.wav,spoof,RT-EDGETTS-SICHUAN,clean,redteam_factory/Edge-TTS,微软服务条款，仅研究评测用途,edgetts,sichuan,SC-000946,zh-CN-XiaoxiaoNeural,7.58,True,True,0.0,True,0.3562005277044855,True,True,0.011,True
data/redteam/factory/edgetts/sichuan/edgetts_sichuan_zh-CN-XiaoxiaoNeural_SC-001018.wav,spoof,RT-EDGETTS-SICHUAN,clean,redteam_factory/Edge-TTS,微软服务条款，仅研究评测用途,edgetts,sichuan,SC-001018,zh-CN-XiaoxiaoNeural,14.78,True,True,0.0,True,0.2814614343707713,True,True,0.04,True
data/redteam/factory/edgetts/sichuan/edgetts_sichuan_zh-CN-XiaoxiaoNeural_SC-001104.wav,spoof,RT-EDGETTS-SICHUAN,clean,redteam_factory/Edge-TTS,微软服务条款，仅研究评测用途,edgetts,sichuan,SC-001104,zh-CN-XiaoxiaoNeural,17.83,True,True,0.0,True,0.25925925925925924,True,True,0.038,True
data/redteam/factory/edgetts/sichuan/edgetts_sichuan_zh-CN-XiaoxiaoNeural_SC-001166.wav,spoof,RT-EDGETTS-SICHUAN,clean,redteam_factory/Edge-TTS,微软服务条款，仅研究评测用途,edgetts,sichuan,SC-001166,zh-CN-XiaoxiaoNeural,18.41,True,True,0.0,True,0.24782608695652175,True,True,0.089,True
data/redteam/factory/edgetts/sichuan/edgetts_sichuan_zh-CN-XiaoxiaoNeural_SC-001327.wav,spoof,RT-EDGETTS-SICHUAN,clean,redteam_factory/Edge-TTS,微软服务条款，仅研究评测用途,edgetts,sichuan,SC-001327,zh-CN-XiaoxiaoNeural,14.02,True,True,0.0,True,0.21142857142857144,True,True,0.099,True
data/redteam/factory/edgetts/sichuan/edgetts_sichuan_zh-CN-XiaoxiaoNeural_SC-001386.wav,spoof,RT-EDGETTS-SICHUAN,clean,redteam_factory/Edge-TTS,微软服务条款，仅研究评测用途,edgetts,sichuan,SC-001386,zh-CN-XiaoxiaoNeural,12.82,True,True,0.0,True,0.33125,True,True,0.148,True
data/redteam/factory/edgetts/sichuan/edgetts_sichuan_zh-CN-XiaoxiaoNeural_SC-001442.wav,spoof,RT-EDGETTS-SICHUAN,clean,redteam_factory/Edge-TTS,微软服务条款，仅研究评测用途,edgetts,sichuan,SC-001442,zh-CN-XiaoxiaoNeural,8.26,True,True,0.0,True,0.39805825242718446,True,True,0.01,True
data/redteam/factory/edgetts/sichuan/edgetts_sichuan_zh-CN-XiaoxiaoNeural_SC-001511.wav,spoof,RT-EDGETTS-SICHUAN,clean,redteam_factory/Edge-TTS,微软服务条款，仅研究评测用途,edgetts,sichuan,SC-001511,zh-CN-XiaoxiaoNeural,18.0,True,True,0.0,True,0.24,True,True,0.109,True
data/redteam/factory/edgetts/cantonese/edgetts_cantonese_zh-HK-HiuMaanNeural_SC-000508.wav,spoof,RT-EDGETTS-CANTONESE,clean,redteam_factory/Edge-TTS,微软服务条款，仅研究评测用途,edgetts,cantonese,SC-000508,zh-HK-HiuMaanNeural,13.73,True,True,0.0,True,0.358600583090379,True,True,0.01,True
data/redteam/factory/edgetts/cantonese/edgetts_cantonese_zh-HK-HiuMaanNeural_SC-000575.wav,spoof,RT-EDGETTS-CANTONESE,clean,redteam_factory/Edge-TTS,微软服务条款，仅研究评测用途,edgetts,cantonese,SC-000575,zh-HK-HiuMaanNeural,14.3,True,True,0.0,True,0.24895104895104894,True,True,0.02,True
data/redteam/factory/edgetts/cantonese/edgetts_cantonese_zh-HK-HiuMaanNeural_SC-000652.wav,spoof,RT-EDGETTS-CANTONESE,clean,redteam_factory/Edge-TTS,微软服务条款，仅研究评测用途,edgetts,cantonese,SC-000652,zh-HK-HiuMaanNeural,14.28,True,True,0.0,True,0.2773109243697479,True,True,0.005,True
data/redteam/factory/edgetts/cantonese/edgetts_cantonese_zh-HK-HiuMaanNeural_SC-000823.wav,spoof,RT-EDGETTS-CANTONESE,clean,redteam_factory/Edge-TTS,微软服务条款，仅研究评测用途,edgetts,cantonese,SC-000823,zh-HK-HiuMaanNeural,15.05,True,True,0.0,True,0.2473404255319149,True,True,0.012,True
data/redteam/factory/edgetts/cantonese/edgetts_cantonese_zh-HK-HiuMaanNeural_SC-000916.wav,spoof,RT-EDGETTS-CANTONESE,clean,redteam_factory/Edge-TTS,微软服务条款，仅研究评测用途,edgetts,cantonese,SC-000916,zh-HK-HiuMaanNeural,16.94,True,True,0.0,True,0.23376623376623376,True,True,0.041,True
data/redteam/factory/edgetts/cantonese/edgetts_cantonese_zh-HK-HiuMaanNeural_SC-000955.wav,spoof,RT-EDGETTS-CANTONESE,clean,redteam_factory/Edge-TTS,微软服务条款，仅研究评测用途,edgetts,cantonese,SC-000955,zh-HK-HiuMaanNeural,16.34,True,True,0.0,True,0.3219094247246022,True,True,0.003,True
data/redteam/factory/edgetts/cantonese/edgetts_cantonese_zh-HK-HiuMaanNeural_SC-001046.wav,spoof,RT-EDGETTS-CANTONESE,clean,redteam_factory/Edge-TTS,微软服务条款，仅研究评测用途,edgetts,cantonese,SC-001046,zh-HK-HiuMaanNeural,13.66,True,True,0.0,True,0.2375366568914956,True,True,0.012,True
data/redteam/factory/edgetts/cantonese/edgetts_cantonese_zh-HK-HiuMaanNeural_SC-001090.wav,spoof,RT-EDGETTS-CANTONESE,clean,redteam_factory/Edge-TTS,微软服务条款，仅研究评测用途,edgetts,cantonese,SC-001090,zh-HK-HiuMaanNeural,14.23,True,True,0.0,True,0.26441631504922647,True,True,0.001,True
data/redteam/factory/edgetts/cantonese/edgetts_cantonese_zh-HK-HiuMaanNeural_SC-001152.wav,spoof,RT-EDGETTS-CANTONESE,clean,redteam_factory/Edge-TTS,微软服务条款，仅研究评测用途,edgetts,cantonese,SC-001152,zh-HK-HiuMaanNeural,14.42,True,True,0.0,True,0.3079056865464632,True,True,0.001,True
data/redteam/factory/edgetts/cantonese/edgetts_cantonese_zh-HK-HiuMaanNeural_SC-001200.wav,spoof,RT-EDGETTS-CANTONESE,clean,redteam_factory/Edge-TTS,微软服务条款，仅研究评测用途,edgetts,cantonese,SC-001200,zh-HK-HiuMaanNeural,9.72,True,True,0.0,True,0.3004115226337449,True,True,0.005,True
data/redteam/factory/edgetts/cantonese/edgetts_cantonese_zh-HK-HiuMaanNeural_SC-001262.wav,spoof,RT-EDGETTS-CANTONESE,clean,redteam_factory/Edge-TTS,微软服务条款，仅研究评测用途,edgetts,cantonese,SC-001262,zh-HK-HiuMaanNeural,9.79,True,True,0.0,True,0.3128834355828221,True,True,0.014,True
data/redteam/factory/edgetts/cantonese/edgetts_cantonese_zh-HK-HiuMaanNeural_SC-001299.wav,spoof,RT-EDGETTS-CANTONESE,clean,redteam_factory/Edge-TTS,微软服务条款，仅研究评测用途,edgetts,cantonese,SC-001299,zh-HK-HiuMaanNeural,12.91,True,True,0.0,True,0.3147286821705426,True,True,0.01,True
data/redteam/factory/edgetts/cantonese/edgetts_cantonese_zh-HK-HiuMaanNeural_SC-001400.wav,spoof,RT-EDGETTS-CANTONESE,clean,redteam_factory/Edge-TTS,微软服务条款，仅研究评测用途,edgetts,cantonese,SC-001400,zh-HK-HiuMaanNeural,16.34,True,True,0.0,True,0.23133414932680538,True,True,0.01,True
data/redteam/factory/edgetts/cantonese/edgetts_cantonese_zh-HK-HiuMaanNeural_SC-001461.wav,spoof,RT-EDGETTS-CANTONESE,clean,redteam_factory/Edge-TTS,微软服务条款，仅研究评测用途,edgetts,cantonese,SC-001461,zh-HK-HiuMaanNeural,6.58,True,True,0.0,True,0.4298780487804878,True,True,0.002,True
data/redteam/factory/edgetts/cantonese/edgetts_cantonese_zh-HK-HiuMaanNeural_SC-001508.wav,spoof,RT-EDGETTS-CANTONESE,clean,redteam_factory/Edge-TTS,微软服务条款，仅研究评测用途,edgetts,cantonese,SC-001508,zh-HK-HiuMaanNeural,16.9,True,True,0.0,True,0.245260663507109,True,True,0.019,True
data/redteam/factory/edgetts/cantonese/edgetts_cantonese_zh-HK-HiuMaanNeural_SC-001565.wav,spoof,RT-EDGETTS-CANTONESE,clean,redteam_factory/Edge-TTS,微软服务条款，仅研究评测用途,edgetts,cantonese,SC-001565,zh-HK-HiuMaanNeural,18.72,True,True,0.0,True,0.2670940170940171,True,True,0.01,True
data/redteam/factory/edgetts/cantonese/edgetts_cantonese_zh-HK-WanLungNeural_SC-000508.wav,spoof,RT-EDGETTS-CANTONESE,clean,redteam_factory/Edge-TTS,微软服务条款，仅研究评测用途,edgetts,cantonese,SC-000508,zh-HK-WanLungNeural,13.63,True,True,0.0,True,0.39060205580029367,True,True,0.003,True
data/redteam/factory/edgetts/cantonese/edgetts_cantonese_zh-HK-WanLungNeural_SC-000652.wav,spoof,RT-EDGETTS-CANTONESE,clean,redteam_factory/Edge-TTS,微软服务条款，仅研究评测用途,edgetts,cantonese,SC-000652,zh-HK-WanLungNeural,14.23,True,True,0.0,True,0.3108298171589311,True,True,0.011,True
data/redteam/factory/edgetts/cantonese/edgetts_cantonese_zh-HK-WanLungNeural_SC-000823.wav,spoof,RT-EDGETTS-CANTONESE,clean,redteam_factory/Edge-TTS,微软服务条款，仅研究评测用途,edgetts,cantonese,SC-000823,zh-HK-WanLungNeural,14.74,True,True,0.0,True,0.2826086956521739,True,True,0.002,True
data/redteam/factory/edgetts/cantonese/edgetts_cantonese_zh-HK-WanLungNeural_SC-000916.wav,spoof,RT-EDGETTS-CANTONESE,clean,redteam_factory/Edge-TTS,微软服务条款，仅研究评测用途,edgetts,cantonese,SC-000916,zh-HK-WanLungNeural,16.8,True,True,0.0,True,0.2714285714285714,True,True,0.003,True
data/redteam/factory/edgetts/cantonese/edgetts_cantonese_zh-HK-WanLungNeural_SC-000955.wav,spoof,RT-EDGETTS-CANTONESE,clean,redteam_factory/Edge-TTS,微软服务条款，仅研究评测用途,edgetts,cantonese,SC-000955,zh-HK-WanLungNeural,16.37,True,True,0.0,True,0.33985330073349634,True,True,0.027,True
data/redteam/factory/edgetts/cantonese/edgetts_cantonese_zh-HK-WanLungNeural_SC-001046.wav,spoof,RT-EDGETTS-CANTONESE,clean,redteam_factory/Edge-TTS,微软服务条款，仅研究评测用途,edgetts,cantonese,SC-001046,zh-HK-WanLungNeural,13.73,True,True,0.0,True,0.282798833819242,True,True,0.011,True
data/redteam/factory/edgetts/cantonese/edgetts_cantonese_zh-HK-WanLungNeural_SC-001090.wav,spoof,RT-EDGETTS-CANTONESE,clean,redteam_factory/Edge-TTS,微软服务条款，仅研究评测用途,edgetts,cantonese,SC-001090,zh-HK-WanLungNeural,14.11,True,True,0.0,True,0.28794326241134754,True,True,0.006,True
data/redteam/factory/edgetts/cantonese/edgetts_cantonese_zh-HK-WanLungNeural_SC-001152.wav,spoof,RT-EDGETTS-CANTONESE,clean,redteam_factory/Edge-TTS,微软服务条款，仅研究评测用途,edgetts,cantonese,SC-001152,zh-HK-WanLungNeural,14.21,True,True,0.0,True,0.33661971830985915,True,True,0.002,True
data/redteam/factory/edgetts/cantonese/edgetts_cantonese_zh-HK-WanLungNeural_SC-001200.wav,spoof,RT-EDGETTS-CANTONESE,clean,redteam_factory/Edge-TTS,微软服务条款，仅研究评测用途,edgetts,cantonese,SC-001200,zh-HK-WanLungNeural,9.67,True,True,0.0,True,0.33954451345755693,True,True,0.013,True
data/redteam/factory/edgetts/cantonese/edgetts_cantonese_zh-HK-WanLungNeural_SC-001262.wav,spoof,RT-EDGETTS-CANTONESE,clean,redteam_factory/Edge-TTS,微软服务条款，仅研究评测用途,edgetts,cantonese,SC-001262,zh-HK-WanLungNeural,9.7,True,True,0.0,True,0.34917355371900827,True,True,0.01,True
data/redteam/factory/edgetts/cantonese/edgetts_cantonese_zh-HK-WanLungNeural_SC-001299.wav,spoof,RT-EDGETTS-CANTONESE,clean,redteam_factory/Edge-TTS,微软服务条款，仅研究评测用途,edgetts,cantonese,SC-001299,zh-HK-WanLungNeural,12.46,True,True,0.0,True,0.3408360128617363,True,True,0.007,True
data/redteam/factory/edgetts/cantonese/edgetts_cantonese_zh-HK-WanLungNeural_SC-001400.wav,spoof,RT-EDGETTS-CANTONESE,clean,redteam_factory/Edge-TTS,微软服务条款，仅研究评测用途,edgetts,cantonese,SC-001400,zh-HK-WanLungNeural,16.13,True,True,0.0,True,0.2803970223325062,True,True,0.007,True
data/redteam/factory/edgetts/cantonese/edgetts_cantonese_zh-HK-WanLungNeural_SC-001461.wav,spoof,RT-EDGETTS-CANTONESE,clean,redteam_factory/Edge-TTS,微软服务条款，仅研究评测用途,edgetts,cantonese,SC-001461,zh-HK-WanLungNeural,6.86,True,True,0.0,True,0.49271137026239065,True,True,0.001,True
data/redteam/factory/edgetts/cantonese/edgetts_cantonese_zh-HK-WanLungNeural_SC-001508.wav,spoof,RT-EDGETTS-CANTONESE,clean,redteam_factory/Edge-TTS,微软服务条款，仅研究评测用途,edgetts,cantonese,SC-001508,zh-HK-WanLungNeural,16.9,True,True,0.0,True,0.29265402843601895,True,True,0.013,True
data/redteam/factory/edgetts/cantonese/edgetts_cantonese_zh-HK-WanLungNeural_SC-001565.wav,spoof,RT-EDGETTS-CANTONESE,clean,redteam_factory/Edge-TTS,微软服务条款，仅研究评测用途,edgetts,cantonese,SC-001565,zh-HK-WanLungNeural,18.43,True,True,0.0,True,0.30944625407166126,True,True,0.005,True
data/redteam/factory/edgetts/dongbei/edgetts_dongbei_zh-CN-liaoning-XiaobeiNeural_SC-000520.wav,spoof,RT-EDGETTS-DONGBEI,clean,redteam_factory/Edge-TTS,微软服务条款，仅研究评测用途,edgetts,dongbei,SC-000520,zh-CN-liaoning-XiaobeiNeural,12.72,True,True,0.0,True,0.37735849056603776,True,True,0.022,True
data/redteam/factory/edgetts/dongbei/edgetts_dongbei_zh-CN-liaoning-XiaobeiNeural_SC-000611.wav,spoof,RT-EDGETTS-DONGBEI,clean,redteam_factory/Edge-TTS,微软服务条款，仅研究评测用途,edgetts,dongbei,SC-000611,zh-CN-liaoning-XiaobeiNeural,12.91,True,True,0.0,True,0.34728682170542635,True,True,0.136,True
data/redteam/factory/edgetts/dongbei/edgetts_dongbei_zh-CN-liaoning-XiaobeiNeural_SC-000681.wav,spoof,RT-EDGETTS-DONGBEI,clean,redteam_factory/Edge-TTS,微软服务条款，仅研究评测用途,edgetts,dongbei,SC-000681,zh-CN-liaoning-XiaobeiNeural,14.83,True,True,0.0,True,0.29554655870445345,True,True,0.065,True
data/redteam/factory/edgetts/dongbei/edgetts_dongbei_zh-CN-liaoning-XiaobeiNeural_SC-000748.wav,spoof,RT-EDGETTS-DONGBEI,clean,redteam_factory/Edge-TTS,微软服务条款，仅研究评测用途,edgetts,dongbei,SC-000748,zh-CN-liaoning-XiaobeiNeural,15.94,True,True,0.0,True,0.2814070351758794,True,True,0.014,True
data/redteam/factory/edgetts/dongbei/edgetts_dongbei_zh-CN-liaoning-XiaobeiNeural_SC-000843.wav,spoof,RT-EDGETTS-DONGBEI,clean,redteam_factory/Edge-TTS,微软服务条款，仅研究评测用途,edgetts,dongbei,SC-000843,zh-CN-liaoning-XiaobeiNeural,15.31,True,True,0.0,True,0.3032679738562091,True,True,0.036,True
data/redteam/factory/edgetts/dongbei/edgetts_dongbei_zh-CN-liaoning-XiaobeiNeural_SC-000919.wav,spoof,RT-EDGETTS-DONGBEI,clean,redteam_factory/Edge-TTS,微软服务条款，仅研究评测用途,edgetts,dongbei,SC-000919,zh-CN-liaoning-XiaobeiNeural,7.9,True,True,0.0,True,0.35279187817258884,True,True,0.15,True
data/redteam/factory/edgetts/dongbei/edgetts_dongbei_zh-CN-liaoning-XiaobeiNeural_SC-001016.wav,spoof,RT-EDGETTS-DONGBEI,clean,redteam_factory/Edge-TTS,微软服务条款，仅研究评测用途,edgetts,dongbei,SC-001016,zh-CN-liaoning-XiaobeiNeural,16.66,True,True,0.0,True,0.32091346153846156,True,True,0.008,True
data/redteam/factory/edgetts/dongbei/edgetts_dongbei_zh-CN-liaoning-XiaobeiNeural_SC-001236.wav,spoof,RT-EDGETTS-DONGBEI,clean,redteam_factory/Edge-TTS,微软服务条款，仅研究评测用途,edgetts,dongbei,SC-001236,zh-CN-liaoning-XiaobeiNeural,19.25,True,True,0.0,True,0.28482328482328484,True,True,0.082,True
data/redteam/factory/edgetts/dongbei/edgetts_dongbei_zh-CN-liaoning-XiaobeiNeural_SC-001324.wav,spoof,RT-EDGETTS-DONGBEI,clean,redteam_factory/Edge-TTS,微软服务条款，仅研究评测用途,edgetts,dongbei,SC-001324,zh-CN-liaoning-XiaobeiNeural,18.02,True,True,0.0,True,0.30077691453940064,True,True,0.024,True
data/redteam/factory/edgetts/dongbei/edgetts_dongbei_zh-CN-liaoning-XiaobeiNeural_SC-001378.wav,spoof,RT-EDGETTS-DONGBEI,clean,redteam_factory/Edge-TTS,微软服务条款，仅研究评测用途,edgetts,dongbei,SC-001378,zh-CN-liaoning-XiaobeiNeural,16.25,True,True,0.0,True,0.31896551724137934,True,True,0.025,True
data/redteam/factory/edgetts/dongbei/edgetts_dongbei_zh-CN-liaoning-XiaobeiNeural_SC-001516.wav,spoof,RT-EDGETTS-DONGBEI,clean,redteam_factory/Edge-TTS,微软服务条款，仅研究评测用途,edgetts,dongbei,SC-001516,zh-CN-liaoning-XiaobeiNeural,19.42,True,True,0.0,True,0.25876288659793817,True,True,0.035,True
data/redteam/factory/edgetts/dongbei/edgetts_dongbei_zh-CN-liaoning-XiaobeiNeural_SC-001587.wav,spoof,RT-EDGETTS-DONGBEI,clean,redteam_factory/Edge-TTS,微软服务条款，仅研究评测用途,edgetts,dongbei,SC-001587,zh-CN-liaoning-XiaobeiNeural,15.24,True,True,0.0,True,0.29396325459317585,True,True,0.011,True
data/redteam/factory/edgetts/dongbei/edgetts_dongbei_zh-CN-liaoning-XiaobeiNeural_SC-001643.wav,spoof,RT-EDGETTS-DONGBEI,clean,redteam_factory/Edge-TTS,微软服务条款，仅研究评测用途,edgetts,dongbei,SC-001643,zh-CN-liaoning-XiaobeiNeural,14.28,True,True,0.0,True,0.31932773109243695,True,True,0.013,True
data/redteam/factory/edgetts/dongbei/edgetts_dongbei_zh-CN-liaoning-XiaobeiNeural_SC-001681.wav,spoof,RT-EDGETTS-DONGBEI,clean,redteam_factory/Edge-TTS,微软服务条款，仅研究评测用途,edgetts,dongbei,SC-001681,zh-CN-liaoning-XiaobeiNeural,16.97,True,True,0.0,True,0.3113207547169811,True,True,0.063,True
data/redteam/factory/edgetts/henan/edgetts_henan_zh-CN-shaanxi-XiaoniNeural_SC-000459.wav,spoof,RT-EDGETTS-HENAN,clean,redteam_factory/Edge-TTS,微软服务条款，仅研究评测用途,edgetts,henan,SC-000459,zh-CN-shaanxi-XiaoniNeural,17.38,True,True,0.0,True,0.3052995391705069,True,True,0.017,True
data/redteam/factory/edgetts/henan/edgetts_henan_zh-CN-shaanxi-XiaoniNeural_SC-000562.wav,spoof,RT-EDGETTS-HENAN,clean,redteam_factory/Edge-TTS,微软服务条款，仅研究评测用途,edgetts,henan,SC-000562,zh-CN-shaanxi-XiaoniNeural,15.6,True,True,0.0,True,0.3282051282051282,True,True,0.017,True
data/redteam/factory/edgetts/henan/edgetts_henan_zh-CN-shaanxi-XiaoniNeural_SC-000606.wav,spoof,RT-EDGETTS-HENAN,clean,redteam_factory/Edge-TTS,微软服务条款，仅研究评测用途,edgetts,henan,SC-000606,zh-CN-shaanxi-XiaoniNeural,18.19,True,True,0.0,True,0.29042904290429045,True,True,0.111,True
data/redteam/factory/edgetts/henan/edgetts_henan_zh-CN-shaanxi-XiaoniNeural_SC-000647.wav,spoof,RT-EDGETTS-HENAN,clean,redteam_factory/Edge-TTS,微软服务条款，仅研究评测用途,edgetts,henan,SC-000647,zh-CN-shaanxi-XiaoniNeural,15.46,True,True,0.0,True,0.33031088082901555,True,True,0.042,True
data/redteam/factory/edgetts/henan/edgetts_henan_zh-CN-shaanxi-XiaoniNeural_SC-000735.wav,spoof,RT-EDGETTS-HENAN,clean,redteam_factory/Edge-TTS,微软服务条款，仅研究评测用途,edgetts,henan,SC-000735,zh-CN-shaanxi-XiaoniNeural,18.48,True,True,0.0,True,0.32142857142857145,True,True,0.078,True
data/redteam/factory/edgetts/henan/edgetts_henan_zh-CN-shaanxi-XiaoniNeural_SC-000922.wav,spoof,RT-EDGETTS-HENAN,clean,redteam_factory/Edge-TTS,微软服务条款，仅研究评测用途,edgetts,henan,SC-000922,zh-CN-shaanxi-XiaoniNeural,12.6,True,True,0.0,True,0.35555555555555557,True,True,0.039,True
data/redteam/factory/edgetts/henan/edgetts_henan_zh-CN-shaanxi-XiaoniNeural_SC-001072.wav,spoof,RT-EDGETTS-HENAN,clean,redteam_factory/Edge-TTS,微软服务条款，仅研究评测用途,edgetts,henan,SC-001072,zh-CN-shaanxi-XiaoniNeural,15.26,True,True,0.0,True,0.3106159895150721,True,True,0.003,True
data/redteam/factory/edgetts/henan/edgetts_henan_zh-CN-shaanxi-XiaoniNeural_SC-001204.wav,spoof,RT-EDGETTS-HENAN,clean,redteam_factory/Edge-TTS,微软服务条款，仅研究评测用途,edgetts,henan,SC-001204,zh-CN-shaanxi-XiaoniNeural,16.78,True,True,0.0,True,0.2947494033412888,True,True,0.036,True
data/redteam/factory/edgetts/henan/edgetts_henan_zh-CN-shaanxi-XiaoniNeural_SC-001284.wav,spoof,RT-EDGETTS-HENAN,clean,redteam_factory/Edge-TTS,微软服务条款，仅研究评测用途,edgetts,henan,SC-001284,zh-CN-shaanxi-XiaoniNeural,15.34,True,True,0.0,True,0.31070496083550914,True,True,0.004,True
data/redteam/factory/edgetts/henan/edgetts_henan_zh-CN-shaanxi-XiaoniNeural_SC-001334.wav,spoof,RT-EDGETTS-HENAN,clean,redteam_factory/Edge-TTS,微软服务条款，仅研究评测用途,edgetts,henan,SC-001334,zh-CN-shaanxi-XiaoniNeural,10.42,True,True,0.0,True,0.3096153846153846,True,True,0.009,True
data/redteam/factory/edgetts/henan/edgetts_henan_zh-CN-shaanxi-XiaoniNeural_SC-001381.wav,spoof,RT-EDGETTS-HENAN,clean,redteam_factory/Edge-TTS,微软服务条款，仅研究评测用途,edgetts,henan,SC-001381,zh-CN-shaanxi-XiaoniNeural,19.08,True,True,0.0,True,0.31341719077568136,True,True,0.005,True
data/redteam/factory/edgetts/henan/edgetts_henan_zh-CN-shaanxi-XiaoniNeural_SC-001475.wav,spoof,RT-EDGETTS-HENAN,clean,redteam_factory/Edge-TTS,微软服务条款，仅研究评测用途,edgetts,henan,SC-001475,zh-CN-shaanxi-XiaoniNeural,17.02,True,True,0.0,True,0.30117647058823527,True,True,0.021,True
data/redteam/factory/edgetts/henan/edgetts_henan_zh-CN-shaanxi-XiaoniNeural_SC-001525.wav,spoof,RT-EDGETTS-HENAN,clean,redteam_factory/Edge-TTS,微软服务条款，仅研究评测用途,edgetts,henan,SC-001525,zh-CN-shaanxi-XiaoniNeural,17.28,True,True,0.0,True,0.30324074074074076,True,True,0.063,True
data/redteam/factory/edgetts/mandarin/edgetts_mandarin_zh-CN-YunxiNeural_SC-000150.wav,spoof,RT-EDGETTS-MANDARIN,clean,redteam_factory/Edge-TTS,微软服务条款，仅研究评测用途,edgetts,mandarin,SC-000150,zh-CN-YunxiNeural,16.78,True,True,0.0,True,0.40930787589498807,True,True,0.213,True
data/redteam/factory/edgetts/mandarin/edgetts_mandarin_zh-CN-YunxiNeural_SC-000166.wav,spoof,RT-EDGETTS-MANDARIN,clean,redteam_factory/Edge-TTS,微软服务条款，仅研究评测用途,edgetts,mandarin,SC-000166,zh-CN-YunxiNeural,10.34,True,True,0.0,True,0.40618955512572535,True,True,0.005,True
data/redteam/factory/edgetts/mandarin/edgetts_mandarin_zh-CN-YunxiNeural_SC-000181.wav,spoof,RT-EDGETTS-MANDARIN,clean,redteam_factory/Edge-TTS,微软服务条款，仅研究评测用途,edgetts,mandarin,SC-000181,zh-CN-YunxiNeural,9.0,True,True,0.0,True,0.4022222222222222,True,True,0.005,True
data/redteam/factory/edgetts/mandarin/edgetts_mandarin_zh-CN-YunxiNeural_SC-000198.wav,spoof,RT-EDGETTS-MANDARIN,clean,redteam_factory/Edge-TTS,微软服务条款，仅研究评测用途,edgetts,mandarin,SC-000198,zh-CN-YunxiNeural,16.56,True,True,0.0,True,0.42028985507246375,True,True,0.019,True
data/redteam/factory/edgetts/mandarin/edgetts_mandarin_zh-CN-YunxiNeural_SC-000220.wav,spoof,RT-EDGETTS-MANDARIN,clean,redteam_factory/Edge-TTS,微软服务条款，仅研究评测用途,edgetts,mandarin,SC-000220,zh-CN-YunxiNeural,9.82,True,True,0.0,True,0.45510204081632655,True,True,0.004,True
data/redteam/factory/edgetts/mandarin/edgetts_mandarin_zh-CN-YunxiNeural_SC-000238.wav,spoof,RT-EDGETTS-MANDARIN,clean,redteam_factory/Edge-TTS,微软服务条款，仅研究评测用途,edgetts,mandarin,SC-000238,zh-CN-YunxiNeural,17.86,True,True,0.0,True,0.35538116591928254,True,True,0.001,True
data/redteam/factory/edgetts/mandarin/edgetts_mandarin_zh-CN-YunxiNeural_SC-000267.wav,spoof,RT-EDGETTS-MANDARIN,clean,redteam_factory/Edge-TTS,微软服务条款，仅研究评测用途,edgetts,mandarin,SC-000267,zh-CN-YunxiNeural,10.78,True,True,0.0,True,0.4275092936802974,True,True,0.013,True
data/redteam/factory/edgetts/mandarin/edgetts_mandarin_zh-CN-YunxiNeural_SC-000289.wav,spoof,RT-EDGETTS-MANDARIN,clean,redteam_factory/Edge-TTS,微软服务条款，仅研究评测用途,edgetts,mandarin,SC-000289,zh-CN-YunxiNeural,11.45,True,True,0.0,True,0.47202797202797203,True,True,0.005,True
data/redteam/factory/edgetts/mandarin/edgetts_mandarin_zh-CN-YunxiNeural_SC-000310.wav,spoof,RT-EDGETTS-MANDARIN,clean,redteam_factory/Edge-TTS,微软服务条款，仅研究评测用途,edgetts,mandarin,SC-000310,zh-CN-YunxiNeural,6.46,True,True,0.0,True,0.4968944099378882,True,True,0.001,True
data/redteam/factory/edgetts/mandarin/edgetts_mandarin_zh-CN-YunxiNeural_SC-000345.wav,spoof,RT-EDGETTS-MANDARIN,clean,redteam_factory/Edge-TTS,微软服务条款，仅研究评测用途,edgetts,mandarin,SC-000345,zh-CN-YunxiNeural,13.9,True,True,0.0,True,0.41210374639769454,True,True,0.012,True
data/redteam/factory/edgetts/mandarin/edgetts_mandarin_zh-CN-YunxiNeural_SC-000370.wav,spoof,RT-EDGETTS-MANDARIN,clean,redteam_factory/Edge-TTS,微软服务条款，仅研究评测用途,edgetts,mandarin,SC-000370,zh-CN-YunxiNeural,11.09,True,True,0.0,True,0.44584837545126355,True,True,0.041,True
data/redteam/factory/edgetts/mandarin/edgetts_mandarin_zh-CN-YunxiNeural_SC-000393.wav,spoof,RT-EDGETTS-MANDARIN,clean,redteam_factory/Edge-TTS,微软服务条款，仅研究评测用途,edgetts,mandarin,SC-000393,zh-CN-YunxiNeural,14.74,True,True,0.0,True,0.37228260869565216,True,True,0.003,True
data/redteam/factory/edgetts/mandarin/edgetts_mandarin_zh-CN-YunxiNeural_SC-000464.wav,spoof,RT-EDGETTS-MANDARIN,clean,redteam_factory/Edge-TTS,微软服务条款，仅研究评测用途,edgetts,mandarin,SC-000464,zh-CN-YunxiNeural,14.83,True,True,0.0,True,0.4426450742240216,True,True,0.024,True
data/redteam/factory/edgetts/mandarin/edgetts_mandarin_zh-CN-YunxiNeural_SC-000483.wav,spoof,RT-EDGETTS-MANDARIN,clean,redteam_factory/Edge-TTS,微软服务条款，仅研究评测用途,edgetts,mandarin,SC-000483,zh-CN-YunxiNeural,10.32,True,True,0.0,True,0.42441860465116277,True,True,0.028,True
data/redteam/factory/edgetts/mandarin/edgetts_mandarin_zh-CN-YunxiNeural_SC-000501.wav,spoof,RT-EDGETTS-MANDARIN,clean,redteam_factory/Edge-TTS,微软服务条款，仅研究评测用途,edgetts,mandarin,SC-000501,zh-CN-YunxiNeural,15.82,True,True,0.0,True,0.3949367088607595,True,True,0.003,True
data/redteam/factory/edgetts/mandarin/edgetts_mandarin_zh-CN-XiaoxiaoNeural_SC-000166.wav,spoof,RT-EDGETTS-MANDARIN,clean,redteam_factory/Edge-TTS,微软服务条款，仅研究评测用途,edgetts,mandarin,SC-000166,zh-CN-XiaoxiaoNeural,10.34,True,True,0.0,True,0.3056092843326886,True,True,0.211,True
data/redteam/factory/edgetts/mandarin/edgetts_mandarin_zh-CN-XiaoxiaoNeural_SC-000181.wav,spoof,RT-EDGETTS-MANDARIN,clean,redteam_factory/Edge-TTS,微软服务条款，仅研究评测用途,edgetts,mandarin,SC-000181,zh-CN-XiaoxiaoNeural,9.74,True,True,0.0,True,0.2751540041067762,True,True,0.214,True
data/redteam/factory/edgetts/mandarin/edgetts_mandarin_zh-CN-XiaoxiaoNeural_SC-000220.wav,spoof,RT-EDGETTS-MANDARIN,clean,redteam_factory/Edge-TTS,微软服务条款，仅研究评测用途,edgetts,mandarin,SC-000220,zh-CN-XiaoxiaoNeural,9.43,True,True,0.0,True,0.30148619957537154,True,True,0.247,True
data/redteam/factory/edgetts/mandarin/edgetts_mandarin_zh-CN-XiaoxiaoNeural_SC-000238.wav,spoof,RT-EDGETTS-MANDARIN,clean,redteam_factory/Edge-TTS,微软服务条款，仅研究评测用途,edgetts,mandarin,SC-000238,zh-CN-XiaoxiaoNeural,19.18,True,True,0.0,True,0.23173277661795408,True,True,0.02,True
data/redteam/factory/edgetts/mandarin/edgetts_mandarin_zh-CN-XiaoxiaoNeural_SC-000267.wav,spoof,RT-EDGETTS-MANDARIN,clean,redteam_factory/Edge-TTS,微软服务条款，仅研究评测用途,edgetts,mandarin,SC-000267,zh-CN-XiaoxiaoNeural,11.02,True,True,0.0,True,0.3018181818181818,True,True,0.034,True
data/redteam/factory/edgetts/mandarin/edgetts_mandarin_zh-CN-XiaoxiaoNeural_SC-000310.wav,spoof,RT-EDGETTS-MANDARIN,clean,redteam_factory/Edge-TTS,微软服务条款，仅研究评测用途,edgetts,mandarin,SC-000310,zh-CN-XiaoxiaoNeural,6.55,True,True,0.0,True,0.3363914373088685,True,True,0.018,True
data/redteam/factory/edgetts/mandarin/edgetts_mandarin_zh-CN-XiaoxiaoNeural_SC-000345.wav,spoof,RT-EDGETTS-MANDARIN,clean,redteam_factory/Edge-TTS,微软服务条款，仅研究评测用途,edgetts,mandarin,SC-000345,zh-CN-XiaoxiaoNeural,14.54,True,True,0.0,True,0.2696011004126547,True,True,0.097,True
data/redteam/factory/edgetts/mandarin/edgetts_mandarin_zh-CN-XiaoxiaoNeural_SC-000370.wav,spoof,RT-EDGETTS-MANDARIN,clean,redteam_factory/Edge-TTS,微软服务条款，仅研究评测用途,edgetts,mandarin,SC-000370,zh-CN-XiaoxiaoNeural,11.4,True,True,0.0,True,0.29473684210526313,True,True,0.088,True
data/redteam/factory/edgetts/mandarin/edgetts_mandarin_zh-CN-XiaoxiaoNeural_SC-000393.wav,spoof,RT-EDGETTS-MANDARIN,clean,redteam_factory/Edge-TTS,微软服务条款，仅研究评测用途,edgetts,mandarin,SC-000393,zh-CN-XiaoxiaoNeural,16.18,True,True,0.0,True,0.24504950495049505,True,True,0.101,True
data/redteam/factory/edgetts/mandarin/edgetts_mandarin_zh-CN-XiaoxiaoNeural_SC-000408.wav,spoof,RT-EDGETTS-MANDARIN,clean,redteam_factory/Edge-TTS,微软服务条款，仅研究评测用途,edgetts,mandarin,SC-000408,zh-CN-XiaoxiaoNeural,7.51,True,True,0.0,True,0.21333333333333335,True,True,0.151,True
data/redteam/factory/edgetts/mandarin/edgetts_mandarin_zh-CN-XiaoxiaoNeural_SC-000464.wav,spoof,RT-EDGETTS-MANDARIN,clean,redteam_factory/Edge-TTS,微软服务条款，仅研究评测用途,edgetts,mandarin,SC-000464,zh-CN-XiaoxiaoNeural,14.5,True,True,0.0,True,0.2914364640883978,True,True,0.052,True
data/redteam/factory/edgetts/mandarin/edgetts_mandarin_zh-CN-XiaoxiaoNeural_SC-000483.wav,spoof,RT-EDGETTS-MANDARIN,clean,redteam_factory/Edge-TTS,微软服务条款，仅研究评测用途,edgetts,mandarin,SC-000483,zh-CN-XiaoxiaoNeural,9.94,True,True,0.0,True,0.29838709677419356,True,True,0.262,True
data/redteam/factory/edgetts/mandarin/edgetts_mandarin_zh-CN-XiaoxiaoNeural_SC-000501.wav,spoof,RT-EDGETTS-MANDARIN,clean,redteam_factory/Edge-TTS,微软服务条款，仅研究评测用途,edgetts,mandarin,SC-000501,zh-CN-XiaoxiaoNeural,16.42,True,True,0.0,True,0.24024390243902438,True,True,0.134,True
data/redteam/factory/edgetts/mandarin/edgetts_mandarin_zh-CN-YunjianNeural_SC-000150.wav,spoof,RT-EDGETTS-MANDARIN,clean,redteam_factory/Edge-TTS,微软服务条款，仅研究评测用途,edgetts,mandarin,SC-000150,zh-CN-YunjianNeural,17.93,True,True,0.0,True,0.2935267857142857,True,True,0.018,True
data/redteam/factory/edgetts/mandarin/edgetts_mandarin_zh-CN-YunjianNeural_SC-000166.wav,spoof,RT-EDGETTS-MANDARIN,clean,redteam_factory/Edge-TTS,微软服务条款，仅研究评测用途,edgetts,mandarin,SC-000166,zh-CN-YunjianNeural,10.44,True,True,0.0,True,0.32567049808429116,True,True,0.011,True
data/redteam/factory/edgetts/mandarin/edgetts_mandarin_zh-CN-YunjianNeural_SC-000181.wav,spoof,RT-EDGETTS-MANDARIN,clean,redteam_factory/Edge-TTS,微软服务条款，仅研究评测用途,edgetts,mandarin,SC-000181,zh-CN-YunjianNeural,9.77,True,True,0.0,True,0.3176229508196721,True,True,0.022,True
data/redteam/factory/edgetts/mandarin/edgetts_mandarin_zh-CN-YunjianNeural_SC-000198.wav,spoof,RT-EDGETTS-MANDARIN,clean,redteam_factory/Edge-TTS,微软服务条款，仅研究评测用途,edgetts,mandarin,SC-000198,zh-CN-YunjianNeural,17.04,True,True,0.0,True,0.2992957746478873,True,True,0.022,True
data/redteam/factory/edgetts/mandarin/edgetts_mandarin_zh-CN-YunjianNeural_SC-000220.wav,spoof,RT-EDGETTS-MANDARIN,clean,redteam_factory/Edge-TTS,微软服务条款，仅研究评测用途,edgetts,mandarin,SC-000220,zh-CN-YunjianNeural,9.7,True,True,0.0,True,0.3285123966942149,True,True,0.007,True
data/redteam/factory/edgetts/mandarin/edgetts_mandarin_zh-CN-YunjianNeural_SC-000238.wav,spoof,RT-EDGETTS-MANDARIN,clean,redteam_factory/Edge-TTS,微软服务条款，仅研究评测用途,edgetts,mandarin,SC-000238,zh-CN-YunjianNeural,18.65,True,True,0.0,True,0.2628755364806867,True,True,0.013,True
data/redteam/factory/edgetts/mandarin/edgetts_mandarin_zh-CN-YunjianNeural_SC-000267.wav,spoof,RT-EDGETTS-MANDARIN,clean,redteam_factory/Edge-TTS,微软服务条款，仅研究评测用途,edgetts,mandarin,SC-000267,zh-CN-YunjianNeural,10.78,True,True,0.0,True,0.3382899628252788,True,True,0.024,True
data/redteam/factory/edgetts/mandarin/edgetts_mandarin_zh-CN-YunjianNeural_SC-000289.wav,spoof,RT-EDGETTS-MANDARIN,clean,redteam_factory/Edge-TTS,微软服务条款，仅研究评测用途,edgetts,mandarin,SC-000289,zh-CN-YunjianNeural,11.62,True,True,0.0,True,0.3775862068965517,True,True,0.008,True
data/redteam/factory/edgetts/mandarin/edgetts_mandarin_zh-CN-YunjianNeural_SC-000310.wav,spoof,RT-EDGETTS-MANDARIN,clean,redteam_factory/Edge-TTS,微软服务条款，仅研究评测用途,edgetts,mandarin,SC-000310,zh-CN-YunjianNeural,6.24,True,True,0.0,True,0.3557692307692308,True,True,0.003,True
data/redteam/factory/edgetts/mandarin/edgetts_mandarin_zh-CN-YunjianNeural_SC-000345.wav,spoof,RT-EDGETTS-MANDARIN,clean,redteam_factory/Edge-TTS,微软服务条款，仅研究评测用途,edgetts,mandarin,SC-000345,zh-CN-YunjianNeural,14.42,True,True,0.0,True,0.2912621359223301,True,True,0.052,True
data/redteam/factory/edgetts/mandarin/edgetts_mandarin_zh-CN-YunjianNeural_SC-000370.wav,spoof,RT-EDGETTS-MANDARIN,clean,redteam_factory/Edge-TTS,微软服务条款，仅研究评测用途,edgetts,mandarin,SC-000370,zh-CN-YunjianNeural,11.33,True,True,0.0,True,0.3303886925795053,True,True,0.005,True
data/redteam/factory/edgetts/mandarin/edgetts_mandarin_zh-CN-YunjianNeural_SC-000393.wav,spoof,RT-EDGETTS-MANDARIN,clean,redteam_factory/Edge-TTS,微软服务条款，仅研究评测用途,edgetts,mandarin,SC-000393,zh-CN-YunjianNeural,15.26,True,True,0.0,True,0.26605504587155965,True,True,0.013,True
data/redteam/factory/edgetts/mandarin/edgetts_mandarin_zh-CN-YunjianNeural_SC-000408.wav,spoof,RT-EDGETTS-MANDARIN,clean,redteam_factory/Edge-TTS,微软服务条款，仅研究评测用途,edgetts,mandarin,SC-000408,zh-CN-YunjianNeural,7.44,True,True,0.0,True,0.27419354838709675,True,True,0.059,True
data/redteam/factory/edgetts/mandarin/edgetts_mandarin_zh-CN-YunjianNeural_SC-000464.wav,spoof,RT-EDGETTS-MANDARIN,clean,redteam_factory/Edge-TTS,微软服务条款，仅研究评测用途,edgetts,mandarin,SC-000464,zh-CN-YunjianNeural,14.18,True,True,0.0,True,0.3300423131170663,True,True,0.075,True
data/redteam/factory/edgetts/mandarin/edgetts_mandarin_zh-CN-YunjianNeural_SC-000483.wav,spoof,RT-EDGETTS-MANDARIN,clean,redteam_factory/Edge-TTS,微软服务条款，仅研究评测用途,edgetts,mandarin,SC-000483,zh-CN-YunjianNeural,10.15,True,True,0.0,True,0.3254437869822485,True,True,0.009,True
data/redteam/factory/edgetts/mandarin/edgetts_mandarin_zh-CN-YunjianNeural_SC-000501.wav,spoof,RT-EDGETTS-MANDARIN,clean,redteam_factory/Edge-TTS,微软服务条款，仅研究评测用途,edgetts,mandarin,SC-000501,zh-CN-YunjianNeural,15.94,True,True,0.0,True,0.28391959798994976,True,True,0.012,True
data/redteam/factory/edgetts/mandarin/edgetts_mandarin_zh-CN-YunyangNeural_SC-000150.wav,spoof,RT-EDGETTS-MANDARIN,clean,redteam_factory/Edge-TTS,微软服务条款，仅研究评测用途,edgetts,mandarin,SC-000150,zh-CN-YunyangNeural,15.05,True,True,0.0,True,0.3204787234042553,True,True,0.074,True
data/redteam/factory/edgetts/mandarin/edgetts_mandarin_zh-CN-YunyangNeural_SC-000166.wav,spoof,RT-EDGETTS-MANDARIN,clean,redteam_factory/Edge-TTS,微软服务条款，仅研究评测用途,edgetts,mandarin,SC-000166,zh-CN-YunyangNeural,9.12,True,True,0.0,True,0.3442982456140351,True,True,0.007,True
data/redteam/factory/edgetts/mandarin/edgetts_mandarin_zh-CN-YunxiNeural_SC-000408.wav,spoof,RT-EDGETTS-MANDARIN,clean,redteam_factory/Edge-TTS,微软服务条款，仅研究评测用途,edgetts,mandarin,SC-000408,zh-CN-YunxiNeural,7.68,True,True,0.0,True,0.3776041666666667,True,True,0.013,True
data/redteam/factory/edgetts/mandarin/edgetts_mandarin_zh-CN-YunyangNeural_SC-000181.wav,spoof,RT-EDGETTS-MANDARIN,clean,redteam_factory/Edge-TTS,微软服务条款，仅研究评测用途,edgetts,mandarin,SC-000181,zh-CN-YunyangNeural,8.83,True,True,0.0,True,0.31519274376417233,True,True,0.006,True
data/redteam/factory/edgetts/mandarin/edgetts_mandarin_zh-CN-YunyangNeural_SC-000198.wav,spoof,RT-EDGETTS-MANDARIN,clean,redteam_factory/Edge-TTS,微软服务条款，仅研究评测用途,edgetts,mandarin,SC-000198,zh-CN-YunyangNeural,15.14,True,True,0.0,True,0.3487450462351387,True,True,0.081,True
data/redteam/factory/edgetts/mandarin/edgetts_mandarin_zh-CN-YunyangNeural_SC-000220.wav,spoof,RT-EDGETTS-MANDARIN,clean,redteam_factory/Edge-TTS,微软服务条款，仅研究评测用途,edgetts,mandarin,SC-000220,zh-CN-YunyangNeural,8.45,True,True,0.0,True,0.33886255924170616,True,True,0.014,True
data/redteam/factory/edgetts/mandarin/edgetts_mandarin_zh-CN-YunyangNeural_SC-000238.wav,spoof,RT-EDGETTS-MANDARIN,clean,redteam_factory/Edge-TTS,微软服务条款，仅研究评测用途,edgetts,mandarin,SC-000238,zh-CN-YunyangNeural,17.23,True,True,0.0,True,0.289198606271777,True,True,0.018,True
data/redteam/factory/edgetts/mandarin/edgetts_mandarin_zh-CN-YunyangNeural_SC-000267.wav,spoof,RT-EDGETTS-MANDARIN,clean,redteam_factory/Edge-TTS,微软服务条款，仅研究评测用途,edgetts,mandarin,SC-000267,zh-CN-YunyangNeural,10.08,True,True,0.0,True,0.39087301587301587,True,True,0.012,True
data/redteam/factory/edgetts/mandarin/edgetts_mandarin_zh-CN-YunyangNeural_SC-000289.wav,spoof,RT-EDGETTS-MANDARIN,clean,redteam_factory/Edge-TTS,微软服务条款，仅研究评测用途,edgetts,mandarin,SC-000289,zh-CN-YunyangNeural,10.08,True,True,0.0,True,0.40476190476190477,True,True,0.011,True
data/redteam/factory/edgetts/mandarin/edgetts_mandarin_zh-CN-YunyangNeural_SC-000310.wav,spoof,RT-EDGETTS-MANDARIN,clean,redteam_factory/Edge-TTS,微软服务条款，仅研究评测用途,edgetts,mandarin,SC-000310,zh-CN-YunyangNeural,5.78,True,True,0.0,True,0.370242214532872,True,True,0.004,True
data/redteam/factory/edgetts/mandarin/edgetts_mandarin_zh-CN-YunyangNeural_SC-000331.wav,spoof,RT-EDGETTS-MANDARIN,clean,redteam_factory/Edge-TTS,微软服务条款，仅研究评测用途,edgetts,mandarin,SC-000331,zh-CN-YunyangNeural,19.9,True,True,0.0,True,0.31690140845070425,True,True,0.024,True
data/redteam/factory/edgetts/mandarin/edgetts_mandarin_zh-CN-YunyangNeural_SC-000345.wav,spoof,RT-EDGETTS-MANDARIN,clean,redteam_factory/Edge-TTS,微软服务条款，仅研究评测用途,edgetts,mandarin,SC-000345,zh-CN-YunyangNeural,12.77,True,True,0.0,True,0.31504702194357365,True,True,0.031,True
data/redteam/factory/edgetts/mandarin/edgetts_mandarin_zh-CN-YunyangNeural_SC-000370.wav,spoof,RT-EDGETTS-MANDARIN,clean,redteam_factory/Edge-TTS,微软服务条款，仅研究评测用途,edgetts,mandarin,SC-000370,zh-CN-YunyangNeural,10.32,True,True,0.0,True,0.3391472868217054,True,True,0.003,True
data/redteam/factory/edgetts/mandarin/edgetts_mandarin_zh-CN-YunyangNeural_SC-000393.wav,spoof,RT-EDGETTS-MANDARIN,clean,redteam_factory/Edge-TTS,微软服务条款，仅研究评测用途,edgetts,mandarin,SC-000393,zh-CN-YunyangNeural,14.74,True,True,0.0,True,0.30027173913043476,True,True,0.025,True
data/redteam/factory/edgetts/mandarin/edgetts_mandarin_zh-CN-YunyangNeural_SC-000408.wav,spoof,RT-EDGETTS-MANDARIN,clean,redteam_factory/Edge-TTS,微软服务条款，仅研究评测用途,edgetts,mandarin,SC-000408,zh-CN-YunyangNeural,6.65,True,True,0.0,True,0.2740963855421687,True,True,0.184,True
data/redteam/factory/edgetts/mandarin/edgetts_mandarin_zh-CN-YunyangNeural_SC-000464.wav,spoof,RT-EDGETTS-MANDARIN,clean,redteam_factory/Edge-TTS,微软服务条款，仅研究评测用途,edgetts,mandarin,SC-000464,zh-CN-YunyangNeural,13.18,True,True,0.0,True,0.3708206686930091,True,True,0.007,True
data/redteam/factory/edgetts/mandarin/edgetts_mandarin_zh-CN-YunyangNeural_SC-000501.wav,spoof,RT-EDGETTS-MANDARIN,clean,redteam_factory/Edge-TTS,微软服务条款，仅研究评测用途,edgetts,mandarin,SC-000501,zh-CN-YunyangNeural,14.98,True,True,0.0,True,0.3088235294117647,True,True,0.032,True
data/redteam/factory/edgetts/minnan/edgetts_minnan_zh-TW-HsiaoChenNeural_SC-000626.wav,spoof,RT-EDGETTS-MINNAN,clean,redteam_factory/Edge-TTS,微软服务条款，仅研究评测用途,edgetts,minnan,SC-000626,zh-TW-HsiaoChenNeural,11.11,True,True,0.0,True,0.24504504504504504,True,True,0.08,True
data/redteam/factory/edgetts/minnan/edgetts_minnan_zh-TW-HsiaoChenNeural_SC-000696.wav,spoof,RT-EDGETTS-MINNAN,clean,redteam_factory/Edge-TTS,微软服务条款，仅研究评测用途,edgetts,minnan,SC-000696,zh-TW-HsiaoChenNeural,18.31,True,True,0.0,True,0.31693989071038253,True,True,0.026,True
data/redteam/factory/edgetts/minnan/edgetts_minnan_zh-TW-HsiaoChenNeural_SC-000750.wav,spoof,RT-EDGETTS-MINNAN,clean,redteam_factory/Edge-TTS,微软服务条款，仅研究评测用途,edgetts,minnan,SC-000750,zh-TW-HsiaoChenNeural,14.4,True,True,0.0,True,0.37916666666666665,True,True,0.001,True
data/redteam/factory/edgetts/minnan/edgetts_minnan_zh-TW-HsiaoChenNeural_SC-000864.wav,spoof,RT-EDGETTS-MINNAN,clean,redteam_factory/Edge-TTS,微软服务条款，仅研究评测用途,edgetts,minnan,SC-000864,zh-TW-HsiaoChenNeural,15.77,True,True,0.0,True,0.43147208121827413,True,True,0.086,True
data/redteam/factory/edgetts/minnan/edgetts_minnan_zh-TW-HsiaoChenNeural_SC-000910.wav,spoof,RT-EDGETTS-MINNAN,clean,redteam_factory/Edge-TTS,微软服务条款，仅研究评测用途,edgetts,minnan,SC-000910,zh-TW-HsiaoChenNeural,15.72,True,True,0.0,True,0.2582697201017812,True,True,0.048,True
data/redteam/factory/edgetts/minnan/edgetts_minnan_zh-TW-HsiaoChenNeural_SC-001087.wav,spoof,RT-EDGETTS-MINNAN,clean,redteam_factory/Edge-TTS,微软服务条款，仅研究评测用途,edgetts,minnan,SC-001087,zh-TW-HsiaoChenNeural,11.83,True,True,0.0,True,0.27918781725888325,True,True,0.056,True
data/redteam/factory/edgetts/minnan/edgetts_minnan_zh-TW-HsiaoChenNeural_SC-001121.wav,spoof,RT-EDGETTS-MINNAN,clean,redteam_factory/Edge-TTS,微软服务条款，仅研究评测用途,edgetts,minnan,SC-001121,zh-TW-HsiaoChenNeural,19.2,True,True,0.0,True,0.29791666666666666,True,True,0.007,True
data/redteam/factory/edgetts/minnan/edgetts_minnan_zh-TW-HsiaoChenNeural_SC-001193.wav,spoof,RT-EDGETTS-MINNAN,clean,redteam_factory/Edge-TTS,微软服务条款，仅研究评测用途,edgetts,minnan,SC-001193,zh-TW-HsiaoChenNeural,7.2,True,True,0.0,True,0.29444444444444445,True,True,0.054,True
data/redteam/factory/edgetts/minnan/edgetts_minnan_zh-TW-HsiaoChenNeural_SC-001297.wav,spoof,RT-EDGETTS-MINNAN,clean,redteam_factory/Edge-TTS,微软服务条款，仅研究评测用途,edgetts,minnan,SC-001297,zh-TW-HsiaoChenNeural,14.57,True,True,0.0,True,0.25686813186813184,True,True,0.065,True
data/redteam/factory/edgetts/minnan/edgetts_minnan_zh-TW-HsiaoChenNeural_SC-001454.wav,spoof,RT-EDGETTS-MINNAN,clean,redteam_factory/Edge-TTS,微软服务条款，仅研究评测用途,edgetts,minnan,SC-001454,zh-TW-HsiaoChenNeural,18.98,True,True,0.0,True,0.2644889357218124,True,True,0.056,True
data/redteam/factory/edgetts/minnan/edgetts_minnan_zh-TW-HsiaoChenNeural_SC-001543.wav,spoof,RT-EDGETTS-MINNAN,clean,redteam_factory/Edge-TTS,微软服务条款，仅研究评测用途,edgetts,minnan,SC-001543,zh-TW-HsiaoChenNeural,16.06,True,True,0.0,True,0.24812967581047382,True,True,0.141,True
data/redteam/factory/edgetts/minnan/edgetts_minnan_zh-TW-HsiaoChenNeural_SC-001648.wav,spoof,RT-EDGETTS-MINNAN,clean,redteam_factory/Edge-TTS,微软服务条款，仅研究评测用途,edgetts,minnan,SC-001648,zh-TW-HsiaoChenNeural,7.94,True,True,0.0,True,0.28463476070528965,True,True,0.063,True
data/redteam/factory/edgetts/minnan/edgetts_minnan_zh-TW-YunJheNeural_SC-000626.wav,spoof,RT-EDGETTS-MINNAN,clean,redteam_factory/Edge-TTS,微软服务条款，仅研究评测用途,edgetts,minnan,SC-000626,zh-TW-YunJheNeural,9.94,True,True,0.0,True,0.3165322580645161,True,True,0.025,True
data/redteam/factory/edgetts/minnan/edgetts_minnan_zh-TW-YunJheNeural_SC-000696.wav,spoof,RT-EDGETTS-MINNAN,clean,redteam_factory/Edge-TTS,微软服务条款，仅研究评测用途,edgetts,minnan,SC-000696,zh-TW-YunJheNeural,17.18,True,True,0.0,True,0.3969732246798603,True,True,0.012,True
data/redteam/factory/edgetts/minnan/edgetts_minnan_zh-TW-YunJheNeural_SC-000750.wav,spoof,RT-EDGETTS-MINNAN,clean,redteam_factory/Edge-TTS,微软服务条款，仅研究评测用途,edgetts,minnan,SC-000750,zh-TW-YunJheNeural,14.23,True,True,0.0,True,0.46554149085794655,True,True,0.009,True
data/redteam/factory/edgetts/minnan/edgetts_minnan_zh-TW-YunJheNeural_SC-000864.wav,spoof,RT-EDGETTS-MINNAN,clean,redteam_factory/Edge-TTS,微软服务条款，仅研究评测用途,edgetts,minnan,SC-000864,zh-TW-YunJheNeural,15.65,True,True,0.0,True,0.5063938618925832,True,True,0.017,True
data/redteam/factory/edgetts/minnan/edgetts_minnan_zh-TW-YunJheNeural_SC-000910.wav,spoof,RT-EDGETTS-MINNAN,clean,redteam_factory/Edge-TTS,微软服务条款，仅研究评测用途,edgetts,minnan,SC-000910,zh-TW-YunJheNeural,13.82,True,True,0.0,True,0.32706222865412443,True,True,0.013,True
data/redteam/factory/edgetts/minnan/edgetts_minnan_zh-TW-YunJheNeural_SC-001021.wav,spoof,RT-EDGETTS-MINNAN,clean,redteam_factory/Edge-TTS,微软服务条款，仅研究评测用途,edgetts,minnan,SC-001021,zh-TW-YunJheNeural,9.79,True,True,0.0,True,0.37627811860940696,True,True,0.104,True
data/redteam/factory/edgetts/minnan/edgetts_minnan_zh-TW-YunJheNeural_SC-001087.wav,spoof,RT-EDGETTS-MINNAN,clean,redteam_factory/Edge-TTS,微软服务条款，仅研究评测用途,edgetts,minnan,SC-001087,zh-TW-YunJheNeural,10.68,True,True,0.0,True,0.3464419475655431,True,True,0.029,True
data/redteam/factory/edgetts/minnan/edgetts_minnan_zh-TW-YunJheNeural_SC-001121.wav,spoof,RT-EDGETTS-MINNAN,clean,redteam_factory/Edge-TTS,微软服务条款，仅研究评测用途,edgetts,minnan,SC-001121,zh-TW-YunJheNeural,17.04,True,True,0.0,True,0.35563380281690143,True,True,0.005,True
data/redteam/factory/edgetts/minnan/edgetts_minnan_zh-TW-YunJheNeural_SC-001193.wav,spoof,RT-EDGETTS-MINNAN,clean,redteam_factory/Edge-TTS,微软服务条款，仅研究评测用途,edgetts,minnan,SC-001193,zh-TW-YunJheNeural,6.5,True,True,0.0,True,0.37538461538461537,True,True,0.032,True
data/redteam/factory/edgetts/minnan/edgetts_minnan_zh-TW-YunJheNeural_SC-001242.wav,spoof,RT-EDGETTS-MINNAN,clean,redteam_factory/Edge-TTS,微软服务条款，仅研究评测用途,edgetts,minnan,SC-001242,zh-TW-YunJheNeural,18.53,True,True,0.0,True,0.34773218142548595,True,True,0.047,True
data/redteam/factory/edgetts/minnan/edgetts_minnan_zh-TW-YunJheNeural_SC-001297.wav,spoof,RT-EDGETTS-MINNAN,clean,redteam_factory/Edge-TTS,微软服务条款，仅研究评测用途,edgetts,minnan,SC-001297,zh-TW-YunJheNeural,13.08,True,True,0.0,True,0.3318042813455658,True,True,0.067,True
data/redteam/factory/edgetts/minnan/edgetts_minnan_zh-TW-YunJheNeural_SC-001454.wav,spoof,RT-EDGETTS-MINNAN,clean,redteam_factory/Edge-TTS,微软服务条款，仅研究评测用途,edgetts,minnan,SC-001454,zh-TW-YunJheNeural,17.38,True,True,0.0,True,0.3444700460829493,True,True,0.009,True
data/redteam/factory/edgetts/minnan/edgetts_minnan_zh-TW-YunJheNeural_SC-001543.wav,spoof,RT-EDGETTS-MINNAN,clean,redteam_factory/Edge-TTS,微软服务条款，仅研究评测用途,edgetts,minnan,SC-001543,zh-TW-YunJheNeural,14.14,True,True,0.0,True,0.3130311614730878,True,True,0.031,True
data/redteam/factory/edgetts/minnan/edgetts_minnan_zh-TW-YunJheNeural_SC-001648.wav,spoof,RT-EDGETTS-MINNAN,clean,redteam_factory/Edge-TTS,微软服务条款，仅研究评测用途,edgetts,minnan,SC-001648,zh-TW-YunJheNeural,7.25,True,True,0.0,True,0.356353591160221,True,True,0.079,True
data/redteam/factory/edgetts/sichuan/edgetts_sichuan_zh-CN-YunxiNeural_SC-000354.wav,spoof,RT-EDGETTS-SICHUAN,clean,redteam_factory/Edge-TTS,微软服务条款，仅研究评测用途,edgetts,sichuan,SC-000354,zh-CN-YunxiNeural,6.94,True,True,0.0,True,0.4479768786127168,True,True,0.002,True
data/redteam/factory/edgetts/sichuan/edgetts_sichuan_zh-CN-YunxiNeural_SC-000448.wav,spoof,RT-EDGETTS-SICHUAN,clean,redteam_factory/Edge-TTS,微软服务条款，仅研究评测用途,edgetts,sichuan,SC-000448,zh-CN-YunxiNeural,10.97,True,True,0.0,True,0.4470802919708029,True,True,0.013,True
data/redteam/factory/edgetts/sichuan/edgetts_sichuan_zh-CN-YunxiNeural_SC-000491.wav,spoof,RT-EDGETTS-SICHUAN,clean,redteam_factory/Edge-TTS,微软服务条款，仅研究评测用途,edgetts,sichuan,SC-000491,zh-CN-YunxiNeural,7.82,True,True,0.0,True,0.4424552429667519,True,True,0.006,True
data/redteam/factory/edgetts/sichuan/edgetts_sichuan_zh-CN-YunxiNeural_SC-000579.wav,spoof,RT-EDGETTS-SICHUAN,clean,redteam_factory/Edge-TTS,微软服务条款，仅研究评测用途,edgetts,sichuan,SC-000579,zh-CN-YunxiNeural,14.9,True,True,0.0,True,0.3946308724832215,True,True,0.006,True
data/redteam/factory/edgetts/sichuan/edgetts_sichuan_zh-CN-YunxiNeural_SC-000657.wav,spoof,RT-EDGETTS-SICHUAN,clean,redteam_factory/Edge-TTS,微软服务条款，仅研究评测用途,edgetts,sichuan,SC-000657,zh-CN-YunxiNeural,12.19,True,True,0.0,True,0.4367816091954023,True,True,0.004,True
data/redteam/factory/edgetts/sichuan/edgetts_sichuan_zh-CN-YunxiNeural_SC-000785.wav,spoof,RT-EDGETTS-SICHUAN,clean,redteam_factory/Edge-TTS,微软服务条款，仅研究评测用途,edgetts,sichuan,SC-000785,zh-CN-YunxiNeural,11.9,True,True,0.0,True,0.3764705882352941,True,True,0.006,True
data/redteam/factory/edgetts/sichuan/edgetts_sichuan_zh-CN-YunxiNeural_SC-000954.wav,spoof,RT-EDGETTS-SICHUAN,clean,redteam_factory/Edge-TTS,微软服务条款，仅研究评测用途,edgetts,sichuan,SC-000954,zh-CN-YunxiNeural,13.85,True,True,0.0,True,0.4060693641618497,True,True,0.007,True
data/redteam/factory/edgetts/sichuan/edgetts_sichuan_zh-CN-YunxiNeural_SC-001116.wav,spoof,RT-EDGETTS-SICHUAN,clean,redteam_factory/Edge-TTS,微软服务条款，仅研究评测用途,edgetts,sichuan,SC-001116,zh-CN-YunxiNeural,11.62,True,True,0.0,True,0.4672413793103448,True,True,0.003,True
data/redteam/factory/edgetts/sichuan/edgetts_sichuan_zh-CN-YunxiNeural_SC-001172.wav,spoof,RT-EDGETTS-SICHUAN,clean,redteam_factory/Edge-TTS,微软服务条款，仅研究评测用途,edgetts,sichuan,SC-001172,zh-CN-YunxiNeural,17.28,True,True,0.0,True,0.3773148148148148,True,True,0.021,True
data/redteam/factory/edgetts/sichuan/edgetts_sichuan_zh-CN-YunxiNeural_SC-001239.wav,spoof,RT-EDGETTS-SICHUAN,clean,redteam_factory/Edge-TTS,微软服务条款，仅研究评测用途,edgetts,sichuan,SC-001239,zh-CN-YunxiNeural,15.0,True,True,0.0,True,0.376,True,True,0.045,True
data/redteam/factory/edgetts/sichuan/edgetts_sichuan_zh-CN-YunxiNeural_SC-001328.wav,spoof,RT-EDGETTS-SICHUAN,clean,redteam_factory/Edge-TTS,微软服务条款，仅研究评测用途,edgetts,sichuan,SC-001328,zh-CN-YunxiNeural,15.74,True,True,0.0,True,0.43964421855146124,True,True,0.002,True
data/redteam/factory/edgetts/sichuan/edgetts_sichuan_zh-CN-YunxiNeural_SC-001391.wav,spoof,RT-EDGETTS-SICHUAN,clean,redteam_factory/Edge-TTS,微软服务条款，仅研究评测用途,edgetts,sichuan,SC-001391,zh-CN-YunxiNeural,10.39,True,True,0.0,True,0.394990366088632,True,True,0.024,True
data/redteam/factory/edgetts/sichuan/edgetts_sichuan_zh-CN-YunxiNeural_SC-001444.wav,spoof,RT-EDGETTS-SICHUAN,clean,redteam_factory/Edge-TTS,微软服务条款，仅研究评测用途,edgetts,sichuan,SC-001444,zh-CN-YunxiNeural,11.28,True,True,0.0,True,0.5,True,True,0.013,True
data/redteam/factory/edgetts/sichuan/edgetts_sichuan_zh-CN-YunxiNeural_SC-001523.wav,spoof,RT-EDGETTS-SICHUAN,clean,redteam_factory/Edge-TTS,微软服务条款，仅研究评测用途,edgetts,sichuan,SC-001523,zh-CN-YunxiNeural,14.9,True,True,0.0,True,0.4671140939597315,True,True,0.013,True
data/redteam/factory/edgetts/sichuan/edgetts_sichuan_zh-CN-XiaoxiaoNeural_SC-000354.wav,spoof,RT-EDGETTS-SICHUAN,clean,redteam_factory/Edge-TTS,微软服务条款，仅研究评测用途,edgetts,sichuan,SC-000354,zh-CN-XiaoxiaoNeural,7.01,True,True,0.0,True,0.3314285714285714,True,True,0.017,True
data/redteam/factory/edgetts/sichuan/edgetts_sichuan_zh-CN-XiaoxiaoNeural_SC-000448.wav,spoof,RT-EDGETTS-SICHUAN,clean,redteam_factory/Edge-TTS,微软服务条款，仅研究评测用途,edgetts,sichuan,SC-000448,zh-CN-XiaoxiaoNeural,10.82,True,True,0.0,True,0.3142329020332717,True,True,0.085,True
data/redteam/factory/edgetts/sichuan/edgetts_sichuan_zh-CN-XiaoxiaoNeural_SC-000491.wav,spoof,RT-EDGETTS-SICHUAN,clean,redteam_factory/Edge-TTS,微软服务条款，仅研究评测用途,edgetts,sichuan,SC-000491,zh-CN-XiaoxiaoNeural,7.94,True,True,0.0,True,0.3148614609571788,True,True,0.059,True
data/redteam/factory/edgetts/sichuan/edgetts_sichuan_zh-CN-XiaoxiaoNeural_SC-000579.wav,spoof,RT-EDGETTS-SICHUAN,clean,redteam_factory/Edge-TTS,微软服务条款，仅研究评测用途,edgetts,sichuan,SC-000579,zh-CN-XiaoxiaoNeural,15.26,True,True,0.0,True,0.2686762778505898,True,True,0.01,True
data/redteam/factory/edgetts/sichuan/edgetts_sichuan_zh-CN-XiaoxiaoNeural_SC-000657.wav,spoof,RT-EDGETTS-SICHUAN,clean,redteam_factory/Edge-TTS,微软服务条款，仅研究评测用途,edgetts,sichuan,SC-000657,zh-CN-XiaoxiaoNeural,11.69,True,True,0.0,True,0.2876712328767123,True,True,0.116,True
data/redteam/factory/edgetts/sichuan/edgetts_sichuan_zh-CN-XiaoxiaoNeural_SC-000785.wav,spoof,RT-EDGETTS-SICHUAN,clean,redteam_factory/Edge-TTS,微软服务条款，仅研究评测用途,edgetts,sichuan,SC-000785,zh-CN-XiaoxiaoNeural,12.77,True,True,0.0,True,0.23981191222570533,True,True,0.247,True
data/redteam/factory/edgetts/sichuan/edgetts_sichuan_zh-CN-XiaoxiaoNeural_SC-000954.wav,spoof,RT-EDGETTS-SICHUAN,clean,redteam_factory/Edge-TTS,微软服务条款，仅研究评测用途,edgetts,sichuan,SC-000954,zh-CN-XiaoxiaoNeural,14.54,True,True,0.0,True,0.2737276478679505,True,True,0.152,True
data/redteam/factory/edgetts/sichuan/edgetts_sichuan_zh-CN-XiaoxiaoNeural_SC-001116.wav,spoof,RT-EDGETTS-SICHUAN,clean,redteam_factory/Edge-TTS,微软服务条款，仅研究评测用途,edgetts,sichuan,SC-001116,zh-CN-XiaoxiaoNeural,10.82,True,True,0.0,True,0.32162661737523107,True,True,0.021,True
data/redteam/factory/edgetts/sichuan/edgetts_sichuan_zh-CN-XiaoxiaoNeural_SC-001172.wav,spoof,RT-EDGETTS-SICHUAN,clean,redteam_factory/Edge-TTS,微软服务条款，仅研究评测用途,edgetts,sichuan,SC-001172,zh-CN-XiaoxiaoNeural,18.38,True,True,0.0,True,0.25571273122959737,True,True,0.074,True
data/redteam/factory/edgetts/sichuan/edgetts_sichuan_zh-CN-XiaoxiaoNeural_SC-001239.wav,spoof,RT-EDGETTS-SICHUAN,clean,redteam_factory/Edge-TTS,微软服务条款，仅研究评测用途,edgetts,sichuan,SC-001239,zh-CN-XiaoxiaoNeural,16.27,True,True,0.0,True,0.24846248462484624,True,True,0.05,True
data/redteam/factory/edgetts/sichuan/edgetts_sichuan_zh-CN-XiaoxiaoNeural_SC-001328.wav,spoof,RT-EDGETTS-SICHUAN,clean,redteam_factory/Edge-TTS,微软服务条款，仅研究评测用途,edgetts,sichuan,SC-001328,zh-CN-XiaoxiaoNeural,16.51,True,True,0.0,True,0.296969696969697,True,True,0.071,True
data/redteam/factory/edgetts/sichuan/edgetts_sichuan_zh-CN-XiaoxiaoNeural_SC-001444.wav,spoof,RT-EDGETTS-SICHUAN,clean,redteam_factory/Edge-TTS,微软服务条款，仅研究评测用途,edgetts,sichuan,SC-001444,zh-CN-XiaoxiaoNeural,11.04,True,True,0.0,True,0.3822463768115942,True,True,0.084,True
data/redteam/factory/edgetts/sichuan/edgetts_sichuan_zh-CN-XiaoxiaoNeural_SC-001523.wav,spoof,RT-EDGETTS-SICHUAN,clean,redteam_factory/Edge-TTS,微软服务条款，仅研究评测用途,edgetts,sichuan,SC-001523,zh-CN-XiaoxiaoNeural,15.1,True,True,0.0,True,0.3196286472148541,True,True,0.226,True
data/redteam/factory/edgetts/cantonese/edgetts_cantonese_zh-HK-HiuMaanNeural_SC-000512.wav,spoof,RT-EDGETTS-CANTONESE,clean,redteam_factory/Edge-TTS,微软服务条款，仅研究评测用途,edgetts,cantonese,SC-000512,zh-HK-HiuMaanNeural,14.81,True,True,0.0,True,0.40945945945945944,True,True,0.006,True
data/redteam/factory/edgetts/cantonese/edgetts_cantonese_zh-HK-HiuMaanNeural_SC-000580.wav,spoof,RT-EDGETTS-CANTONESE,clean,redteam_factory/Edge-TTS,微软服务条款，仅研究评测用途,edgetts,cantonese,SC-000580,zh-HK-HiuMaanNeural,17.09,True,True,0.0,True,0.3629976580796253,True,True,0.004,True
data/redteam/factory/edgetts/cantonese/edgetts_cantonese_zh-HK-HiuMaanNeural_SC-000654.wav,spoof,RT-EDGETTS-CANTONESE,clean,redteam_factory/Edge-TTS,微软服务条款，仅研究评测用途,edgetts,cantonese,SC-000654,zh-HK-HiuMaanNeural,15.79,True,True,0.0,True,0.23574144486692014,True,True,0.005,True
data/redteam/factory/edgetts/cantonese/edgetts_cantonese_zh-HK-HiuMaanNeural_SC-000770.wav,spoof,RT-EDGETTS-CANTONESE,clean,redteam_factory/Edge-TTS,微软服务条款，仅研究评测用途,edgetts,cantonese,SC-000770,zh-HK-HiuMaanNeural,14.09,True,True,0.0,True,0.27982954545454547,True,True,0.015,True
data/redteam/factory/edgetts/cantonese/edgetts_cantonese_zh-HK-HiuMaanNeural_SC-000829.wav,spoof,RT-EDGETTS-CANTONESE,clean,redteam_factory/Edge-TTS,微软服务条款，仅研究评测用途,edgetts,cantonese,SC-000829,zh-HK-HiuMaanNeural,9.89,True,True,0.0,True,0.2591093117408907,True,True,0.081,True
data/redteam/factory/edgetts/cantonese/edgetts_cantonese_zh-HK-HiuMaanNeural_SC-000918.wav,spoof,RT-EDGETTS-CANTONESE,clean,redteam_factory/Edge-TTS,微软服务条款，仅研究评测用途,edgetts,cantonese,SC-000918,zh-HK-HiuMaanNeural,19.54,True,True,0.0,True,0.26331967213114754,True,True,0.02,True
data/redteam/factory/edgetts/cantonese/edgetts_cantonese_zh-HK-HiuMaanNeural_SC-000971.wav,spoof,RT-EDGETTS-CANTONESE,clean,redteam_factory/Edge-TTS,微软服务条款，仅研究评测用途,edgetts,cantonese,SC-000971,zh-HK-HiuMaanNeural,14.06,True,True,0.0,True,0.3627311522048364,True,True,0.005,True
data/redteam/factory/edgetts/cantonese/edgetts_cantonese_zh-HK-HiuMaanNeural_SC-001059.wav,spoof,RT-EDGETTS-CANTONESE,clean,redteam_factory/Edge-TTS,微软服务条款，仅研究评测用途,edgetts,cantonese,SC-001059,zh-HK-HiuMaanNeural,15.65,True,True,0.0,True,0.4053708439897698,True,True,0.025,True
data/redteam/factory/edgetts/cantonese/edgetts_cantonese_zh-HK-HiuMaanNeural_SC-001095.wav,spoof,RT-EDGETTS-CANTONESE,clean,redteam_factory/Edge-TTS,微软服务条款，仅研究评测用途,edgetts,cantonese,SC-001095,zh-HK-HiuMaanNeural,14.71,True,True,0.0,True,0.3238095238095238,True,True,0.002,True
data/redteam/factory/edgetts/cantonese/edgetts_cantonese_zh-HK-HiuMaanNeural_SC-001218.wav,spoof,RT-EDGETTS-CANTONESE,clean,redteam_factory/Edge-TTS,微软服务条款，仅研究评测用途,edgetts,cantonese,SC-001218,zh-HK-HiuMaanNeural,12.84,True,True,0.0,True,0.338006230529595,True,True,0.003,True
data/redteam/factory/edgetts/cantonese/edgetts_cantonese_zh-HK-HiuMaanNeural_SC-001263.wav,spoof,RT-EDGETTS-CANTONESE,clean,redteam_factory/Edge-TTS,微软服务条款，仅研究评测用途,edgetts,cantonese,SC-001263,zh-HK-HiuMaanNeural,16.8,True,True,0.0,True,0.25476190476190474,True,True,0.033,True
data/redteam/factory/edgetts/cantonese/edgetts_cantonese_zh-HK-HiuMaanNeural_SC-001304.wav,spoof,RT-EDGETTS-CANTONESE,clean,redteam_factory/Edge-TTS,微软服务条款，仅研究评测用途,edgetts,cantonese,SC-001304,zh-HK-HiuMaanNeural,19.7,True,True,0.0,True,0.29441624365482233,True,True,0.026,True
data/redteam/factory/edgetts/cantonese/edgetts_cantonese_zh-HK-HiuMaanNeural_SC-001403.wav,spoof,RT-EDGETTS-CANTONESE,clean,redteam_factory/Edge-TTS,微软服务条款，仅研究评测用途,edgetts,cantonese,SC-001403,zh-HK-HiuMaanNeural,17.26,True,True,0.0,True,0.22621809744779584,True,True,0.021,True
data/redteam/factory/edgetts/cantonese/edgetts_cantonese_zh-HK-HiuMaanNeural_SC-001467.wav,spoof,RT-EDGETTS-CANTONESE,clean,redteam_factory/Edge-TTS,微软服务条款，仅研究评测用途,edgetts,cantonese,SC-001467,zh-HK-HiuMaanNeural,13.85,True,True,0.0,True,0.2630057803468208,True,True,0.018,True
data/redteam/factory/edgetts/cantonese/edgetts_cantonese_zh-HK-HiuMaanNeural_SC-001528.wav,spoof,RT-EDGETTS-CANTONESE,clean,redteam_factory/Edge-TTS,微软服务条款，仅研究评测用途,edgetts,cantonese,SC-001528,zh-HK-HiuMaanNeural,15.07,True,True,0.0,True,0.2589641434262948,True,True,0.021,True
data/redteam/factory/edgetts/cantonese/edgetts_cantonese_zh-HK-HiuMaanNeural_SC-001579.wav,spoof,RT-EDGETTS-CANTONESE,clean,redteam_factory/Edge-TTS,微软服务条款，仅研究评测用途,edgetts,cantonese,SC-001579,zh-HK-HiuMaanNeural,18.96,True,True,0.0,True,0.22257383966244726,True,True,0.004,True
data/redteam/factory/edgetts/cantonese/edgetts_cantonese_zh-HK-WanLungNeural_SC-000512.wav,spoof,RT-EDGETTS-CANTONESE,clean,redteam_factory/Edge-TTS,微软服务条款，仅研究评测用途,edgetts,cantonese,SC-000512,zh-HK-WanLungNeural,15.05,True,True,0.0,True,0.43617021276595747,True,True,0.006,True
data/redteam/factory/edgetts/cantonese/edgetts_cantonese_zh-HK-WanLungNeural_SC-000580.wav,spoof,RT-EDGETTS-CANTONESE,clean,redteam_factory/Edge-TTS,微软服务条款，仅研究评测用途,edgetts,cantonese,SC-000580,zh-HK-WanLungNeural,17.06,True,True,0.0,True,0.3892145369284877,True,True,0.005,True
data/redteam/factory/edgetts/cantonese/edgetts_cantonese_zh-HK-WanLungNeural_SC-000654.wav,spoof,RT-EDGETTS-CANTONESE,clean,redteam_factory/Edge-TTS,微软服务条款，仅研究评测用途,edgetts,cantonese,SC-000654,zh-HK-WanLungNeural,15.55,True,True,0.0,True,0.26383526383526384,True,True,0.016,True
data/redteam/factory/edgetts/cantonese/edgetts_cantonese_zh-HK-WanLungNeural_SC-000770.wav,spoof,RT-EDGETTS-CANTONESE,clean,redteam_factory/Edge-TTS,微软服务条款，仅研究评测用途,edgetts,cantonese,SC-000770,zh-HK-WanLungNeural,13.82,True,True,0.0,True,0.30390738060781475,True,True,0.042,True
data/redteam/factory/edgetts/cantonese/edgetts_cantonese_zh-HK-WanLungNeural_SC-000829.wav,spoof,RT-EDGETTS-CANTONESE,clean,redteam_factory/Edge-TTS,微软服务条款，仅研究评测用途,edgetts,cantonese,SC-000829,zh-HK-WanLungNeural,9.62,True,True,0.0,True,0.30353430353430355,True,True,0.004,True
data/redteam/factory/edgetts/cantonese/edgetts_cantonese_zh-HK-WanLungNeural_SC-000918.wav,spoof,RT-EDGETTS-CANTONESE,clean,redteam_factory/Edge-TTS,微软服务条款，仅研究评测用途,edgetts,cantonese,SC-000918,zh-HK-WanLungNeural,19.06,True,True,0.0,True,0.30357142857142855,True,True,0.025,True
data/redteam/factory/edgetts/cantonese/edgetts_cantonese_zh-HK-WanLungNeural_SC-000971.wav,spoof,RT-EDGETTS-CANTONESE,clean,redteam_factory/Edge-TTS,微软服务条款，仅研究评测用途,edgetts,cantonese,SC-000971,zh-HK-WanLungNeural,14.26,True,True,0.0,True,0.3960674157303371,True,True,0.065,True
data/redteam/factory/edgetts/cantonese/edgetts_cantonese_zh-HK-WanLungNeural_SC-001059.wav,spoof,RT-EDGETTS-CANTONESE,clean,redteam_factory/Edge-TTS,微软服务条款，仅研究评测用途,edgetts,cantonese,SC-001059,zh-HK-WanLungNeural,15.46,True,True,0.0,True,0.4261658031088083,True,True,0.017,True
data/redteam/factory/edgetts/cantonese/edgetts_cantonese_zh-HK-WanLungNeural_SC-001095.wav,spoof,RT-EDGETTS-CANTONESE,clean,redteam_factory/Edge-TTS,微软服务条款，仅研究评测用途,edgetts,cantonese,SC-001095,zh-HK-WanLungNeural,14.18,True,True,0.0,True,0.3511988716502116,True,True,0.007,True
data/redteam/factory/edgetts/cantonese/edgetts_cantonese_zh-HK-WanLungNeural_SC-001218.wav,spoof,RT-EDGETTS-CANTONESE,clean,redteam_factory/Edge-TTS,微软服务条款，仅研究评测用途,edgetts,cantonese,SC-001218,zh-HK-WanLungNeural,13.06,True,True,0.0,True,0.36349693251533743,True,True,0.081,True
data/redteam/factory/edgetts/cantonese/edgetts_cantonese_zh-HK-WanLungNeural_SC-001263.wav,spoof,RT-EDGETTS-CANTONESE,clean,redteam_factory/Edge-TTS,微软服务条款，仅研究评测用途,edgetts,cantonese,SC-001263,zh-HK-WanLungNeural,16.63,True,True,0.0,True,0.26714801444043323,True,True,0.02,True
data/redteam/factory/edgetts/cantonese/edgetts_cantonese_zh-HK-WanLungNeural_SC-001304.wav,spoof,RT-EDGETTS-CANTONESE,clean,redteam_factory/Edge-TTS,微软服务条款，仅研究评测用途,edgetts,cantonese,SC-001304,zh-HK-WanLungNeural,19.49,True,True,0.0,True,0.3193018480492813,True,True,0.001,True
data/redteam/factory/edgetts/cantonese/edgetts_cantonese_zh-HK-WanLungNeural_SC-001403.wav,spoof,RT-EDGETTS-CANTONESE,clean,redteam_factory/Edge-TTS,微软服务条款，仅研究评测用途,edgetts,cantonese,SC-001403,zh-HK-WanLungNeural,16.51,True,True,0.0,True,0.2412121212121212,True,True,0.056,True
data/redteam/factory/edgetts/cantonese/edgetts_cantonese_zh-HK-WanLungNeural_SC-001467.wav,spoof,RT-EDGETTS-CANTONESE,clean,redteam_factory/Edge-TTS,微软服务条款，仅研究评测用途,edgetts,cantonese,SC-001467,zh-HK-WanLungNeural,13.7,True,True,0.0,True,0.3167883211678832,True,True,0.009,True
data/redteam/factory/edgetts/cantonese/edgetts_cantonese_zh-HK-WanLungNeural_SC-001528.wav,spoof,RT-EDGETTS-CANTONESE,clean,redteam_factory/Edge-TTS,微软服务条款，仅研究评测用途,edgetts,cantonese,SC-001528,zh-HK-WanLungNeural,14.66,True,True,0.0,True,0.2837653478854025,True,True,0.021,True
data/redteam/factory/edgetts/cantonese/edgetts_cantonese_zh-HK-WanLungNeural_SC-001579.wav,spoof,RT-EDGETTS-CANTONESE,clean,redteam_factory/Edge-TTS,微软服务条款，仅研究评测用途,edgetts,cantonese,SC-001579,zh-HK-WanLungNeural,18.67,True,True,0.0,True,0.25187566988210075,True,True,0.005,True
data/redteam/factory/edgetts/dongbei/edgetts_dongbei_zh-CN-liaoning-XiaobeiNeural_SC-000439.wav,spoof,RT-EDGETTS-DONGBEI,clean,redteam_factory/Edge-TTS,微软服务条款，仅研究评测用途,edgetts,dongbei,SC-000439,zh-CN-liaoning-XiaobeiNeural,10.68,True,True,0.0,True,0.32397003745318353,True,True,0.015,True
data/redteam/factory/edgetts/dongbei/edgetts_dongbei_zh-CN-liaoning-XiaobeiNeural_SC-000538.wav,spoof,RT-EDGETTS-DONGBEI,clean,redteam_factory/Edge-TTS,微软服务条款，仅研究评测用途,edgetts,dongbei,SC-000538,zh-CN-liaoning-XiaobeiNeural,12.55,True,True,0.0,True,0.2759170653907496,True,True,0.137,True
data/redteam/factory/edgetts/dongbei/edgetts_dongbei_zh-CN-liaoning-XiaobeiNeural_SC-000616.wav,spoof,RT-EDGETTS-DONGBEI,clean,redteam_factory/Edge-TTS,微软服务条款，仅研究评测用途,edgetts,dongbei,SC-000616,zh-CN-liaoning-XiaobeiNeural,12.7,True,True,0.0,True,0.3107255520504732,True,True,0.279,True
data/redteam/factory/edgetts/dongbei/edgetts_dongbei_zh-CN-liaoning-XiaobeiNeural_SC-000688.wav,spoof,RT-EDGETTS-DONGBEI,clean,redteam_factory/Edge-TTS,微软服务条款，仅研究评测用途,edgetts,dongbei,SC-000688,zh-CN-liaoning-XiaobeiNeural,15.82,True,True,0.0,True,0.3189873417721519,True,True,0.25,True
data/redteam/factory/edgetts/dongbei/edgetts_dongbei_zh-CN-liaoning-XiaobeiNeural_SC-000850.wav,spoof,RT-EDGETTS-DONGBEI,clean,redteam_factory/Edge-TTS,微软服务条款，仅研究评测用途,edgetts,dongbei,SC-000850,zh-CN-liaoning-XiaobeiNeural,19.42,True,True,0.0,True,0.2958762886597938,True,True,0.009,True
data/redteam/factory/edgetts/dongbei/edgetts_dongbei_zh-CN-liaoning-XiaobeiNeural_SC-000921.wav,spoof,RT-EDGETTS-DONGBEI,clean,redteam_factory/Edge-TTS,微软服务条款，仅研究评测用途,edgetts,dongbei,SC-000921,zh-CN-liaoning-XiaobeiNeural,15.94,True,True,0.0,True,0.30778894472361806,True,True,0.016,True
data/redteam/factory/edgetts/dongbei/edgetts_dongbei_zh-CN-liaoning-XiaobeiNeural_SC-001031.wav,spoof,RT-EDGETTS-DONGBEI,clean,redteam_factory/Edge-TTS,微软服务条款，仅研究评测用途,edgetts,dongbei,SC-001031,zh-CN-liaoning-XiaobeiNeural,10.1,True,True,0.0,True,0.29306930693069305,True,True,0.062,True
data/redteam/factory/edgetts/dongbei/edgetts_dongbei_zh-CN-liaoning-XiaobeiNeural_SC-001100.wav,spoof,RT-EDGETTS-DONGBEI,clean,redteam_factory/Edge-TTS,微软服务条款，仅研究评测用途,edgetts,dongbei,SC-001100,zh-CN-liaoning-XiaobeiNeural,15.34,True,True,0.0,True,0.31723237597911225,True,True,0.004,True
data/redteam/factory/edgetts/dongbei/edgetts_dongbei_zh-CN-liaoning-XiaobeiNeural_SC-001181.wav,spoof,RT-EDGETTS-DONGBEI,clean,redteam_factory/Edge-TTS,微软服务条款，仅研究评测用途,edgetts,dongbei,SC-001181,zh-CN-liaoning-XiaobeiNeural,12.65,True,True,0.0,True,0.3322784810126582,True,True,0.003,True
data/redteam/factory/edgetts/dongbei/edgetts_dongbei_zh-CN-liaoning-XiaobeiNeural_SC-001332.wav,spoof,RT-EDGETTS-DONGBEI,clean,redteam_factory/Edge-TTS,微软服务条款，仅研究评测用途,edgetts,dongbei,SC-001332,zh-CN-liaoning-XiaobeiNeural,17.71,True,True,0.0,True,0.28135593220338984,True,True,0.007,True
data/redteam/factory/edgetts/dongbei/edgetts_dongbei_zh-CN-liaoning-XiaobeiNeural_SC-001379.wav,spoof,RT-EDGETTS-DONGBEI,clean,redteam_factory/Edge-TTS,微软服务条款，仅研究评测用途,edgetts,dongbei,SC-001379,zh-CN-liaoning-XiaobeiNeural,12.36,True,True,0.0,True,0.37702265372168287,True,True,0.112,True
data/redteam/factory/edgetts/dongbei/edgetts_dongbei_zh-CN-liaoning-XiaobeiNeural_SC-001443.wav,spoof,RT-EDGETTS-DONGBEI,clean,redteam_factory/Edge-TTS,微软服务条款，仅研究评测用途,edgetts,dongbei,SC-001443,zh-CN-liaoning-XiaobeiNeural,19.37,True,True,0.0,True,0.28615702479338845,True,True,0.03,True
data/redteam/factory/edgetts/dongbei/edgetts_dongbei_zh-CN-liaoning-XiaobeiNeural_SC-001517.wav,spoof,RT-EDGETTS-DONGBEI,clean,redteam_factory/Edge-TTS,微软服务条款，仅研究评测用途,edgetts,dongbei,SC-001517,zh-CN-liaoning-XiaobeiNeural,9.12,True,True,0.0,True,0.36403508771929827,True,True,0.017,True
data/redteam/factory/edgetts/dongbei/edgetts_dongbei_zh-CN-liaoning-XiaobeiNeural_SC-001601.wav,spoof,RT-EDGETTS-DONGBEI,clean,redteam_factory/Edge-TTS,微软服务条款，仅研究评测用途,edgetts,dongbei,SC-001601,zh-CN-liaoning-XiaobeiNeural,19.13,True,True,0.0,True,0.3179916317991632,True,True,0.01,True
data/redteam/factory/edgetts/dongbei/edgetts_dongbei_zh-CN-liaoning-XiaobeiNeural_SC-001685.wav,spoof,RT-EDGETTS-DONGBEI,clean,redteam_factory/Edge-TTS,微软服务条款，仅研究评测用途,edgetts,dongbei,SC-001685,zh-CN-liaoning-XiaobeiNeural,15.29,True,True,0.0,True,0.28272251308900526,True,True,0.037,True
data/redteam/factory/edgetts/henan/edgetts_henan_zh-CN-shaanxi-XiaoniNeural_SC-000479.wav,spoof,RT-EDGETTS-HENAN,clean,redteam_factory/Edge-TTS,微软服务条款，仅研究评测用途,edgetts,henan,SC-000479,zh-CN-shaanxi-XiaoniNeural,18.98,True,True,0.0,True,0.3340358271865121,True,True,0.022,True
data/redteam/factory/edgetts/henan/edgetts_henan_zh-CN-shaanxi-XiaoniNeural_SC-000566.wav,spoof,RT-EDGETTS-HENAN,clean,redteam_factory/Edge-TTS,微软服务条款，仅研究评测用途,edgetts,henan,SC-000566,zh-CN-shaanxi-XiaoniNeural,10.7,True,True,0.0,True,0.39626168224299063,True,True,0.016,True
data/redteam/factory/edgetts/henan/edgetts_henan_zh-CN-shaanxi-XiaoniNeural_SC-000610.wav,spoof,RT-EDGETTS-HENAN,clean,redteam_factory/Edge-TTS,微软服务条款，仅研究评测用途,edgetts,henan,SC-000610,zh-CN-shaanxi-XiaoniNeural,5.95,True,True,0.0,True,0.45454545454545453,True,True,0.015,True
data/redteam/factory/edgetts/henan/edgetts_henan_zh-CN-shaanxi-XiaoniNeural_SC-000736.wav,spoof,RT-EDGETTS-HENAN,clean,redteam_factory/Edge-TTS,微软服务条款，仅研究评测用途,edgetts,henan,SC-000736,zh-CN-shaanxi-XiaoniNeural,7.44,True,True,0.0,True,0.3870967741935484,True,True,0.046,True
data/redteam/factory/edgetts/henan/edgetts_henan_zh-CN-shaanxi-XiaoniNeural_SC-000895.wav,spoof,RT-EDGETTS-HENAN,clean,redteam_factory/Edge-TTS,微软服务条款，仅研究评测用途,edgetts,henan,SC-000895,zh-CN-shaanxi-XiaoniNeural,10.46,True,True,0.0,True,0.39961759082217974,True,True,0.024,True
data/redteam/factory/edgetts/henan/edgetts_henan_zh-CN-shaanxi-XiaoniNeural_SC-000929.wav,spoof,RT-EDGETTS-HENAN,clean,redteam_factory/Edge-TTS,微软服务条款，仅研究评测用途,edgetts,henan,SC-000929,zh-CN-shaanxi-XiaoniNeural,10.94,True,True,0.0,True,0.3820840950639854,True,True,0.012,True
data/redteam/factory/edgetts/henan/edgetts_henan_zh-CN-shaanxi-XiaoniNeural_SC-001076.wav,spoof,RT-EDGETTS-HENAN,clean,redteam_factory/Edge-TTS,微软服务条款，仅研究评测用途,edgetts,henan,SC-001076,zh-CN-shaanxi-XiaoniNeural,19.49,True,True,0.0,True,0.3336755646817248,True,True,0.032,True
data/redteam/factory/edgetts/henan/edgetts_henan_zh-CN-shaanxi-XiaoniNeural_SC-001216.wav,spoof,RT-EDGETTS-HENAN,clean,redteam_factory/Edge-TTS,微软服务条款，仅研究评测用途,edgetts,henan,SC-001216,zh-CN-shaanxi-XiaoniNeural,12.67,True,True,0.0,True,0.315955766192733,True,True,0.029,True
data/redteam/factory/edgetts/henan/edgetts_henan_zh-CN-shaanxi-XiaoniNeural_SC-001288.wav,spoof,RT-EDGETTS-HENAN,clean,redteam_factory/Edge-TTS,微软服务条款，仅研究评测用途,edgetts,henan,SC-001288,zh-CN-shaanxi-XiaoniNeural,13.3,True,True,0.0,True,0.338855421686747,True,True,0.003,True
data/redteam/factory/edgetts/henan/edgetts_henan_zh-CN-shaanxi-XiaoniNeural_SC-001344.wav,spoof,RT-EDGETTS-HENAN,clean,redteam_factory/Edge-TTS,微软服务条款，仅研究评测用途,edgetts,henan,SC-001344,zh-CN-shaanxi-XiaoniNeural,14.23,True,True,0.0,True,0.3755274261603376,True,True,0.016,True
data/redteam/factory/edgetts/henan/edgetts_henan_zh-CN-shaanxi-XiaoniNeural_SC-001382.wav,spoof,RT-EDGETTS-HENAN,clean,redteam_factory/Edge-TTS,微软服务条款，仅研究评测用途,edgetts,henan,SC-001382,zh-CN-shaanxi-XiaoniNeural,12.86,True,True,0.0,True,0.3483670295489891,True,True,0.043,True
data/redteam/factory/edgetts/henan/edgetts_henan_zh-CN-shaanxi-XiaoniNeural_SC-001533.wav,spoof,RT-EDGETTS-HENAN,clean,redteam_factory/Edge-TTS,微软服务条款，仅研究评测用途,edgetts,henan,SC-001533,zh-CN-shaanxi-XiaoniNeural,19.37,True,True,0.0,True,0.30165289256198347,True,True,0.017,True
data/redteam/factory/edgetts/mandarin/edgetts_mandarin_zh-CN-YunxiNeural_SC-000129.wav,spoof,RT-EDGETTS-MANDARIN,clean,redteam_factory/Edge-TTS,微软服务条款，仅研究评测用途,edgetts,mandarin,SC-000129,zh-CN-YunxiNeural,11.86,True,True,0.0,True,0.3952702702702703,True,True,0.046,True
data/redteam/factory/edgetts/mandarin/edgetts_mandarin_zh-CN-YunxiNeural_SC-000151.wav,spoof,RT-EDGETTS-MANDARIN,clean,redteam_factory/Edge-TTS,微软服务条款，仅研究评测用途,edgetts,mandarin,SC-000151,zh-CN-YunxiNeural,7.8,True,True,0.0,True,0.45384615384615384,True,True,0.004,True
data/redteam/factory/edgetts/mandarin/edgetts_mandarin_zh-CN-YunxiNeural_SC-000168.wav,spoof,RT-EDGETTS-MANDARIN,clean,redteam_factory/Edge-TTS,微软服务条款，仅研究评测用途,edgetts,mandarin,SC-000168,zh-CN-YunxiNeural,11.14,True,True,0.0,True,0.43345323741007197,True,True,0.004,True
data/redteam/factory/edgetts/mandarin/edgetts_mandarin_zh-CN-YunxiNeural_SC-000182.wav,spoof,RT-EDGETTS-MANDARIN,clean,redteam_factory/Edge-TTS,微软服务条款，仅研究评测用途,edgetts,mandarin,SC-000182,zh-CN-YunxiNeural,16.82,True,True,0.0,True,0.4161712247324614,True,True,0.08,True
data/redteam/factory/edgetts/mandarin/edgetts_mandarin_zh-CN-YunxiNeural_SC-000201.wav,spoof,RT-EDGETTS-MANDARIN,clean,redteam_factory/Edge-TTS,微软服务条款，仅研究评测用途,edgetts,mandarin,SC-000201,zh-CN-YunxiNeural,9.14,True,True,0.0,True,0.41575492341356673,True,True,0.004,True
data/redteam/factory/edgetts/mandarin/edgetts_mandarin_zh-CN-YunxiNeural_SC-000223.wav,spoof,RT-EDGETTS-MANDARIN,clean,redteam_factory/Edge-TTS,微软服务条款，仅研究评测用途,edgetts,mandarin,SC-000223,zh-CN-YunxiNeural,8.9,True,True,0.0,True,0.42247191011235957,True,True,0.006,True
data/redteam/factory/edgetts/mandarin/edgetts_mandarin_zh-CN-YunxiNeural_SC-000241.wav,spoof,RT-EDGETTS-MANDARIN,clean,redteam_factory/Edge-TTS,微软服务条款，仅研究评测用途,edgetts,mandarin,SC-000241,zh-CN-YunxiNeural,13.99,True,True,0.0,True,0.3676680972818312,True,True,0.043,True
data/redteam/factory/edgetts/mandarin/edgetts_mandarin_zh-CN-YunxiNeural_SC-000269.wav,spoof,RT-EDGETTS-MANDARIN,clean,redteam_factory/Edge-TTS,微软服务条款，仅研究评测用途,edgetts,mandarin,SC-000269,zh-CN-YunxiNeural,13.92,True,True,0.0,True,0.3994252873563218,True,True,0.003,True
data/redteam/factory/edgetts/mandarin/edgetts_mandarin_zh-CN-YunxiNeural_SC-000290.wav,spoof,RT-EDGETTS-MANDARIN,clean,redteam_factory/Edge-TTS,微软服务条款，仅研究评测用途,edgetts,mandarin,SC-000290,zh-CN-YunxiNeural,11.59,True,True,0.0,True,0.39723661485319517,True,True,0.003,True
data/redteam/factory/edgetts/mandarin/edgetts_mandarin_zh-CN-YunxiNeural_SC-000311.wav,spoof,RT-EDGETTS-MANDARIN,clean,redteam_factory/Edge-TTS,微软服务条款，仅研究评测用途,edgetts,mandarin,SC-000311,zh-CN-YunxiNeural,13.06,True,True,0.0,True,0.4708588957055215,True,True,0.036,True
data/redteam/factory/edgetts/mandarin/edgetts_mandarin_zh-CN-YunxiNeural_SC-000332.wav,spoof,RT-EDGETTS-MANDARIN,clean,redteam_factory/Edge-TTS,微软服务条款，仅研究评测用途,edgetts,mandarin,SC-000332,zh-CN-YunxiNeural,14.09,True,True,0.0,True,0.4474431818181818,True,True,0.005,True
data/redteam/factory/edgetts/mandarin/edgetts_mandarin_zh-CN-YunxiNeural_SC-000371.wav,spoof,RT-EDGETTS-MANDARIN,clean,redteam_factory/Edge-TTS,微软服务条款，仅研究评测用途,edgetts,mandarin,SC-000371,zh-CN-YunxiNeural,19.44,True,True,0.0,True,0.4382716049382716,True,True,0.003,True
data/redteam/factory/edgetts/mandarin/edgetts_mandarin_zh-CN-YunxiNeural_SC-000396.wav,spoof,RT-EDGETTS-MANDARIN,clean,redteam_factory/Edge-TTS,微软服务条款，仅研究评测用途,edgetts,mandarin,SC-000396,zh-CN-YunxiNeural,7.54,True,True,0.0,True,0.4521276595744681,True,True,0.001,True
data/redteam/factory/edgetts/mandarin/edgetts_mandarin_zh-CN-YunxiNeural_SC-000424.wav,spoof,RT-EDGETTS-MANDARIN,clean,redteam_factory/Edge-TTS,微软服务条款，仅研究评测用途,edgetts,mandarin,SC-000424,zh-CN-YunxiNeural,11.93,True,True,0.0,True,0.3624161073825503,True,True,0.023,True
data/redteam/factory/edgetts/mandarin/edgetts_mandarin_zh-CN-YunxiNeural_SC-000468.wav,spoof,RT-EDGETTS-MANDARIN,clean,redteam_factory/Edge-TTS,微软服务条款，仅研究评测用途,edgetts,mandarin,SC-000468,zh-CN-YunxiNeural,15.46,True,True,0.0,True,0.3860103626943005,True,True,0.003,True
data/redteam/factory/edgetts/mandarin/edgetts_mandarin_zh-CN-YunxiNeural_SC-000484.wav,spoof,RT-EDGETTS-MANDARIN,clean,redteam_factory/Edge-TTS,微软服务条款，仅研究评测用途,edgetts,mandarin,SC-000484,zh-CN-YunxiNeural,16.78,True,True,0.0,True,0.3198090692124105,True,True,0.023,True
data/redteam/factory/edgetts/mandarin/edgetts_mandarin_zh-CN-YunxiNeural_SC-000502.wav,spoof,RT-EDGETTS-MANDARIN,clean,redteam_factory/Edge-TTS,微软服务条款，仅研究评测用途,edgetts,mandarin,SC-000502,zh-CN-YunxiNeural,8.5,True,True,0.0,True,0.44339622641509435,True,True,0.022,True
data/redteam/factory/edgetts/mandarin/edgetts_mandarin_zh-CN-XiaoxiaoNeural_SC-000129.wav,spoof,RT-EDGETTS-MANDARIN,clean,redteam_factory/Edge-TTS,微软服务条款，仅研究评测用途,edgetts,mandarin,SC-000129,zh-CN-XiaoxiaoNeural,12.26,True,True,0.0,True,0.2544861337683524,True,True,0.028,True
data/redteam/factory/edgetts/mandarin/edgetts_mandarin_zh-CN-XiaoxiaoNeural_SC-000151.wav,spoof,RT-EDGETTS-MANDARIN,clean,redteam_factory/Edge-TTS,微软服务条款，仅研究评测用途,edgetts,mandarin,SC-000151,zh-CN-XiaoxiaoNeural,7.37,True,True,0.0,True,0.3451086956521739,True,True,0.163,True
data/redteam/factory/edgetts/mandarin/edgetts_mandarin_zh-CN-XiaoxiaoNeural_SC-000168.wav,spoof,RT-EDGETTS-MANDARIN,clean,redteam_factory/Edge-TTS,微软服务条款，仅研究评测用途,edgetts,mandarin,SC-000168,zh-CN-XiaoxiaoNeural,10.82,True,True,0.0,True,0.30129390018484287,True,True,0.026,True
data/redteam/factory/edgetts/mandarin/edgetts_mandarin_zh-CN-XiaoxiaoNeural_SC-000182.wav,spoof,RT-EDGETTS-MANDARIN,clean,redteam_factory/Edge-TTS,微软服务条款，仅研究评测用途,edgetts,mandarin,SC-000182,zh-CN-XiaoxiaoNeural,17.52,True,True,0.0,True,0.2682648401826484,True,True,0.031,True
data/redteam/factory/edgetts/mandarin/edgetts_mandarin_zh-CN-XiaoxiaoNeural_SC-000201.wav,spoof,RT-EDGETTS-MANDARIN,clean,redteam_factory/Edge-TTS,微软服务条款，仅研究评测用途,edgetts,mandarin,SC-000201,zh-CN-XiaoxiaoNeural,9.36,True,True,0.0,True,0.2799145299145299,True,True,0.037,True
data/redteam/factory/edgetts/mandarin/edgetts_mandarin_zh-CN-XiaoxiaoNeural_SC-000241.wav,spoof,RT-EDGETTS-MANDARIN,clean,redteam_factory/Edge-TTS,微软服务条款，仅研究评测用途,edgetts,mandarin,SC-000241,zh-CN-XiaoxiaoNeural,14.88,True,True,0.0,True,0.22043010752688172,True,True,0.287,True
data/redteam/factory/edgetts/mandarin/edgetts_mandarin_zh-CN-XiaoxiaoNeural_SC-000269.wav,spoof,RT-EDGETTS-MANDARIN,clean,redteam_factory/Edge-TTS,微软服务条款，仅研究评测用途,edgetts,mandarin,SC-000269,zh-CN-XiaoxiaoNeural,14.59,True,True,0.0,True,0.262002743484225,True,True,0.013,True
data/redteam/factory/edgetts/mandarin/edgetts_mandarin_zh-CN-XiaoxiaoNeural_SC-000290.wav,spoof,RT-EDGETTS-MANDARIN,clean,redteam_factory/Edge-TTS,微软服务条款，仅研究评测用途,edgetts,mandarin,SC-000290,zh-CN-XiaoxiaoNeural,12.7,True,True,0.0,True,0.2697160883280757,True,True,0.073,True
data/redteam/factory/edgetts/mandarin/edgetts_mandarin_zh-CN-XiaoxiaoNeural_SC-000311.wav,spoof,RT-EDGETTS-MANDARIN,clean,redteam_factory/Edge-TTS,微软服务条款，仅研究评测用途,edgetts,mandarin,SC-000311,zh-CN-XiaoxiaoNeural,12.96,True,True,0.0,True,0.32407407407407407,True,True,0.185,True
data/redteam/factory/edgetts/mandarin/edgetts_mandarin_zh-CN-XiaoxiaoNeural_SC-000332.wav,spoof,RT-EDGETTS-MANDARIN,clean,redteam_factory/Edge-TTS,微软服务条款，仅研究评测用途,edgetts,mandarin,SC-000332,zh-CN-XiaoxiaoNeural,14.09,True,True,0.0,True,0.30823863636363635,True,True,0.1,True
data/redteam/factory/edgetts/mandarin/edgetts_mandarin_zh-CN-XiaoxiaoNeural_SC-000371.wav,spoof,RT-EDGETTS-MANDARIN,clean,redteam_factory/Edge-TTS,微软服务条款，仅研究评测用途,edgetts,mandarin,SC-000371,zh-CN-XiaoxiaoNeural,19.9,True,True,0.0,True,0.3028169014084507,True,True,0.008,True
data/redteam/factory/edgetts/mandarin/edgetts_mandarin_zh-CN-XiaoxiaoNeural_SC-000396.wav,spoof,RT-EDGETTS-MANDARIN,clean,redteam_factory/Edge-TTS,微软服务条款，仅研究评测用途,edgetts,mandarin,SC-000396,zh-CN-XiaoxiaoNeural,7.49,True,True,0.0,True,0.3235294117647059,True,True,0.274,True
data/redteam/factory/edgetts/mandarin/edgetts_mandarin_zh-CN-XiaoxiaoNeural_SC-000450.wav,spoof,RT-EDGETTS-MANDARIN,clean,redteam_factory/Edge-TTS,微软服务条款，仅研究评测用途,edgetts,mandarin,SC-000450,zh-CN-XiaoxiaoNeural,6.77,True,True,0.0,True,0.3224852071005917,True,True,0.226,True
data/redteam/factory/edgetts/mandarin/edgetts_mandarin_zh-CN-XiaoxiaoNeural_SC-000468.wav,spoof,RT-EDGETTS-MANDARIN,clean,redteam_factory/Edge-TTS,微软服务条款，仅研究评测用途,edgetts,mandarin,SC-000468,zh-CN-XiaoxiaoNeural,17.14,True,True,0.0,True,0.2651869158878505,True,True,0.213,True
data/redteam/factory/edgetts/mandarin/edgetts_mandarin_zh-CN-XiaoxiaoNeural_SC-000502.wav,spoof,RT-EDGETTS-MANDARIN,clean,redteam_factory/Edge-TTS,微软服务条款，仅研究评测用途,edgetts,mandarin,SC-000502,zh-CN-XiaoxiaoNeural,8.59,True,True,0.0,True,0.27972027972027974,True,True,0.026,True
data/redteam/factory/edgetts/mandarin/edgetts_mandarin_zh-CN-YunjianNeural_SC-000129.wav,spoof,RT-EDGETTS-MANDARIN,clean,redteam_factory/Edge-TTS,微软服务条款，仅研究评测用途,edgetts,mandarin,SC-000129,zh-CN-YunjianNeural,12.22,True,True,0.0,True,0.2934426229508197,True,True,0.051,True
data/redteam/factory/edgetts/mandarin/edgetts_mandarin_zh-CN-YunjianNeural_SC-000151.wav,spoof,RT-EDGETTS-MANDARIN,clean,redteam_factory/Edge-TTS,微软服务条款，仅研究评测用途,edgetts,mandarin,SC-000151,zh-CN-YunjianNeural,7.73,True,True,0.0,True,0.37823834196891193,True,True,0.012,True
data/redteam/factory/edgetts/mandarin/edgetts_mandarin_zh-CN-YunjianNeural_SC-000168.wav,spoof,RT-EDGETTS-MANDARIN,clean,redteam_factory/Edge-TTS,微软服务条款，仅研究评测用途,edgetts,mandarin,SC-000168,zh-CN-YunjianNeural,11.38,True,True,0.0,True,0.3626760563380282,True,True,0.004,True
data/redteam/factory/edgetts/mandarin/edgetts_mandarin_zh-CN-YunjianNeural_SC-000182.wav,spoof,RT-EDGETTS-MANDARIN,clean,redteam_factory/Edge-TTS,微软服务条款，仅研究评测用途,edgetts,mandarin,SC-000182,zh-CN-YunjianNeural,16.78,True,True,0.0,True,0.2852028639618138,True,True,0.015,True
data/redteam/factory/edgetts/mandarin/edgetts_mandarin_zh-CN-YunjianNeural_SC-000201.wav,spoof,RT-EDGETTS-MANDARIN,clean,redteam_factory/Edge-TTS,微软服务条款，仅研究评测用途,edgetts,mandarin,SC-000201,zh-CN-YunjianNeural,9.19,True,True,0.0,True,0.32679738562091504,True,True,0.028,True
data/redteam/factory/edgetts/mandarin/edgetts_mandarin_zh-CN-YunjianNeural_SC-000223.wav,spoof,RT-EDGETTS-MANDARIN,clean,redteam_factory/Edge-TTS,微软服务条款，仅研究评测用途,edgetts,mandarin,SC-000223,zh-CN-YunjianNeural,8.5,True,True,0.0,True,0.2783018867924528,True,True,0.004,True
data/redteam/factory/edgetts/mandarin/edgetts_mandarin_zh-CN-YunjianNeural_SC-000241.wav,spoof,RT-EDGETTS-MANDARIN,clean,redteam_factory/Edge-TTS,微软服务条款，仅研究评测用途,edgetts,mandarin,SC-000241,zh-CN-YunjianNeural,15.1,True,True,0.0,True,0.259946949602122,True,True,0.076,True
data/redteam/factory/edgetts/mandarin/edgetts_mandarin_zh-CN-YunjianNeural_SC-000269.wav,spoof,RT-EDGETTS-MANDARIN,clean,redteam_factory/Edge-TTS,微软服务条款，仅研究评测用途,edgetts,mandarin,SC-000269,zh-CN-YunjianNeural,14.69,True,True,0.0,True,0.29155313351498635,True,True,0.03,True
data/redteam/factory/edgetts/mandarin/edgetts_mandarin_zh-CN-YunjianNeural_SC-000290.wav,spoof,RT-EDGETTS-MANDARIN,clean,redteam_factory/Edge-TTS,微软服务条款，仅研究评测用途,edgetts,mandarin,SC-000290,zh-CN-YunjianNeural,12.07,True,True,0.0,True,0.296849087893864,True,True,0.009,True
data/redteam/factory/edgetts/mandarin/edgetts_mandarin_zh-CN-YunjianNeural_SC-000311.wav,spoof,RT-EDGETTS-MANDARIN,clean,redteam_factory/Edge-TTS,微软服务条款，仅研究评测用途,edgetts,mandarin,SC-000311,zh-CN-YunjianNeural,13.78,True,True,0.0,True,0.35319767441860467,True,True,0.006,True
data/redteam/factory/edgetts/mandarin/edgetts_mandarin_zh-CN-YunjianNeural_SC-000332.wav,spoof,RT-EDGETTS-MANDARIN,clean,redteam_factory/Edge-TTS,微软服务条款，仅研究评测用途,edgetts,mandarin,SC-000332,zh-CN-YunjianNeural,14.74,True,True,0.0,True,0.34103260869565216,True,True,0.12,True
data/redteam/factory/edgetts/mandarin/edgetts_mandarin_zh-CN-YunjianNeural_SC-000396.wav,spoof,RT-EDGETTS-MANDARIN,clean,redteam_factory/Edge-TTS,微软服务条款，仅研究评测用途,edgetts,mandarin,SC-000396,zh-CN-YunjianNeural,7.66,True,True,0.0,True,0.34554973821989526,True,True,0.006,True
data/redteam/factory/edgetts/mandarin/edgetts_mandarin_zh-CN-YunjianNeural_SC-000424.wav,spoof,RT-EDGETTS-MANDARIN,clean,redteam_factory/Edge-TTS,微软服务条款，仅研究评测用途,edgetts,mandarin,SC-000424,zh-CN-YunjianNeural,11.9,True,True,0.0,True,0.2957983193277311,True,True,0.005,True
data/redteam/factory/edgetts/mandarin/edgetts_mandarin_zh-CN-YunjianNeural_SC-000450.wav,spoof,RT-EDGETTS-MANDARIN,clean,redteam_factory/Edge-TTS,微软服务条款，仅研究评测用途,edgetts,mandarin,SC-000450,zh-CN-YunjianNeural,7.1,True,True,0.0,True,0.3492957746478873,True,True,0.01,True
data/redteam/factory/edgetts/mandarin/edgetts_mandarin_zh-CN-YunjianNeural_SC-000468.wav,spoof,RT-EDGETTS-MANDARIN,clean,redteam_factory/Edge-TTS,微软服务条款，仅研究评测用途,edgetts,mandarin,SC-000468,zh-CN-YunjianNeural,16.25,True,True,0.0,True,0.27832512315270935,True,True,0.013,True
data/redteam/factory/edgetts/mandarin/edgetts_mandarin_zh-CN-YunjianNeural_SC-000484.wav,spoof,RT-EDGETTS-MANDARIN,clean,redteam_factory/Edge-TTS,微软服务条款，仅研究评测用途,edgetts,mandarin,SC-000484,zh-CN-YunjianNeural,18.41,True,True,0.0,True,0.24347826086956523,True,True,0.01,True
data/redteam/factory/edgetts/mandarin/edgetts_mandarin_zh-CN-YunjianNeural_SC-000502.wav,spoof,RT-EDGETTS-MANDARIN,clean,redteam_factory/Edge-TTS,微软服务条款，仅研究评测用途,edgetts,mandarin,SC-000502,zh-CN-YunjianNeural,8.33,True,True,0.0,True,0.3076923076923077,True,True,0.121,True
data/redteam/factory/edgetts/mandarin/edgetts_mandarin_zh-CN-YunyangNeural_SC-000129.wav,spoof,RT-EDGETTS-MANDARIN,clean,redteam_factory/Edge-TTS,微软服务条款，仅研究评测用途,edgetts,mandarin,SC-000129,zh-CN-YunyangNeural,10.94,True,True,0.0,True,0.3217550274223035,True,True,0.03,True
data/redteam/factory/edgetts/mandarin/edgetts_mandarin_zh-CN-YunyangNeural_SC-000151.wav,spoof,RT-EDGETTS-MANDARIN,clean,redteam_factory/Edge-TTS,微软服务条款，仅研究评测用途,edgetts,mandarin,SC-000151,zh-CN-YunyangNeural,7.1,True,True,0.0,True,0.4394366197183099,True,True,0.02,True
data/redteam/factory/edgetts/mandarin/edgetts_mandarin_zh-CN-YunyangNeural_SC-000168.wav,spoof,RT-EDGETTS-MANDARIN,clean,redteam_factory/Edge-TTS,微软服务条款，仅研究评测用途,edgetts,mandarin,SC-000168,zh-CN-YunyangNeural,10.22,True,True,0.0,True,0.37377690802348335,True,True,0.039,True
data/redteam/factory/edgetts/mandarin/edgetts_mandarin_zh-CN-YunyangNeural_SC-000182.wav,spoof,RT-EDGETTS-MANDARIN,clean,redteam_factory/Edge-TTS,微软服务条款，仅研究评测用途,edgetts,mandarin,SC-000182,zh-CN-YunyangNeural,15.82,True,True,0.0,True,0.32531645569620254,True,True,0.033,True
data/redteam/factory/edgetts/mandarin/edgetts_mandarin_zh-CN-YunyangNeural_SC-000201.wav,spoof,RT-EDGETTS-MANDARIN,clean,redteam_factory/Edge-TTS,微软服务条款，仅研究评测用途,edgetts,mandarin,SC-000201,zh-CN-YunyangNeural,8.4,True,True,0.0,True,0.36904761904761907,True,True,0.017,True
data/redteam/factory/edgetts/mandarin/edgetts_mandarin_zh-CN-YunxiNeural_SC-000450.wav,spoof,RT-EDGETTS-MANDARIN,clean,redteam_factory/Edge-TTS,微软服务条款，仅研究评测用途,edgetts,mandarin,SC-000450,zh-CN-YunxiNeural,6.94,True,True,0.0,True,0.430635838150289,True,True,0.007,True
data/redteam/factory/edgetts/mandarin/edgetts_mandarin_zh-CN-YunyangNeural_SC-000223.wav,spoof,RT-EDGETTS-MANDARIN,clean,redteam_factory/Edge-TTS,微软服务条款，仅研究评测用途,edgetts,mandarin,SC-000223,zh-CN-YunyangNeural,8.11,True,True,0.0,True,0.3234567901234568,True,True,0.025,True
data/redteam/factory/edgetts/mandarin/edgetts_mandarin_zh-CN-YunyangNeural_SC-000241.wav,spoof,RT-EDGETTS-MANDARIN,clean,redteam_factory/Edge-TTS,微软服务条款，仅研究评测用途,edgetts,mandarin,SC-000241,zh-CN-YunyangNeural,13.18,True,True,0.0,True,0.2917933130699088,True,True,0.06,True
data/redteam/factory/edgetts/mandarin/edgetts_mandarin_zh-CN-YunyangNeural_SC-000269.wav,spoof,RT-EDGETTS-MANDARIN,clean,redteam_factory/Edge-TTS,微软服务条款，仅研究评测用途,edgetts,mandarin,SC-000269,zh-CN-YunyangNeural,13.15,True,True,0.0,True,0.3059360730593607,True,True,0.01,True
data/redteam/factory/edgetts/mandarin/edgetts_mandarin_zh-CN-YunyangNeural_SC-000290.wav,spoof,RT-EDGETTS-MANDARIN,clean,redteam_factory/Edge-TTS,微软服务条款，仅研究评测用途,edgetts,mandarin,SC-000290,zh-CN-YunyangNeural,11.02,True,True,0.0,True,0.3090909090909091,True,True,0.024,True
data/redteam/factory/edgetts/mandarin/edgetts_mandarin_zh-CN-YunyangNeural_SC-000311.wav,spoof,RT-EDGETTS-MANDARIN,clean,redteam_factory/Edge-TTS,微软服务条款，仅研究评测用途,edgetts,mandarin,SC-000311,zh-CN-YunyangNeural,11.81,True,True,0.0,True,0.37796610169491524,True,True,0.012,True
data/redteam/factory/edgetts/mandarin/edgetts_mandarin_zh-CN-YunyangNeural_SC-000332.wav,spoof,RT-EDGETTS-MANDARIN,clean,redteam_factory/Edge-TTS,微软服务条款，仅研究评测用途,edgetts,mandarin,SC-000332,zh-CN-YunyangNeural,13.08,True,True,0.0,True,0.38990825688073394,True,True,0.007,True
data/redteam/factory/edgetts/mandarin/edgetts_mandarin_zh-CN-YunyangNeural_SC-000371.wav,spoof,RT-EDGETTS-MANDARIN,clean,redteam_factory/Edge-TTS,微软服务条款，仅研究评测用途,edgetts,mandarin,SC-000371,zh-CN-YunyangNeural,17.69,True,True,0.0,True,0.35294117647058826,True,True,0.005,True
data/redteam/factory/edgetts/mandarin/edgetts_mandarin_zh-CN-YunyangNeural_SC-000396.wav,spoof,RT-EDGETTS-MANDARIN,clean,redteam_factory/Edge-TTS,微软服务条款，仅研究评测用途,edgetts,mandarin,SC-000396,zh-CN-YunyangNeural,6.62,True,True,0.0,True,0.36555891238670696,True,True,0.011,True
data/redteam/factory/edgetts/mandarin/edgetts_mandarin_zh-CN-YunyangNeural_SC-000424.wav,spoof,RT-EDGETTS-MANDARIN,clean,redteam_factory/Edge-TTS,微软服务条款，仅研究评测用途,edgetts,mandarin,SC-000424,zh-CN-YunyangNeural,11.16,True,True,0.0,True,0.3118279569892473,True,True,0.028,True
data/redteam/factory/edgetts/mandarin/edgetts_mandarin_zh-CN-YunyangNeural_SC-000450.wav,spoof,RT-EDGETTS-MANDARIN,clean,redteam_factory/Edge-TTS,微软服务条款，仅研究评测用途,edgetts,mandarin,SC-000450,zh-CN-YunyangNeural,6.0,True,True,0.0,True,0.39666666666666667,True,True,0.023,True
data/redteam/factory/edgetts/mandarin/edgetts_mandarin_zh-CN-YunyangNeural_SC-000468.wav,spoof,RT-EDGETTS-MANDARIN,clean,redteam_factory/Edge-TTS,微软服务条款，仅研究评测用途,edgetts,mandarin,SC-000468,zh-CN-YunyangNeural,14.78,True,True,0.0,True,0.30987821380243574,True,True,0.025,True
data/redteam/factory/edgetts/mandarin/edgetts_mandarin_zh-CN-YunyangNeural_SC-000484.wav,spoof,RT-EDGETTS-MANDARIN,clean,redteam_factory/Edge-TTS,微软服务条款，仅研究评测用途,edgetts,mandarin,SC-000484,zh-CN-YunyangNeural,16.58,True,True,0.0,True,0.2629674306393245,True,True,0.027,True
data/redteam/factory/edgetts/mandarin/edgetts_mandarin_zh-CN-YunyangNeural_SC-000502.wav,spoof,RT-EDGETTS-MANDARIN,clean,redteam_factory/Edge-TTS,微软服务条款，仅研究评测用途,edgetts,mandarin,SC-000502,zh-CN-YunyangNeural,7.58,True,True,0.0,True,0.3087071240105541,True,True,0.013,True
data/redteam/factory/edgetts/minnan/edgetts_minnan_zh-TW-HsiaoChenNeural_SC-000703.wav,spoof,RT-EDGETTS-MINNAN,clean,redteam_factory/Edge-TTS,微软服务条款，仅研究评测用途,edgetts,minnan,SC-000703,zh-TW-HsiaoChenNeural,16.51,True,True,0.0,True,0.3054545454545455,True,True,0.12,True
data/redteam/factory/edgetts/minnan/edgetts_minnan_zh-TW-HsiaoChenNeural_SC-000753.wav,spoof,RT-EDGETTS-MINNAN,clean,redteam_factory/Edge-TTS,微软服务条款，仅研究评测用途,edgetts,minnan,SC-000753,zh-TW-HsiaoChenNeural,17.33,True,True,0.0,True,0.33602771362586603,True,True,0.031,True
data/redteam/factory/edgetts/minnan/edgetts_minnan_zh-TW-HsiaoChenNeural_SC-000824.wav,spoof,RT-EDGETTS-MINNAN,clean,redteam_factory/Edge-TTS,微软服务条款，仅研究评测用途,edgetts,minnan,SC-000824,zh-TW-HsiaoChenNeural,13.92,True,True,0.0,True,0.1925287356321839,True,True,0.059,True
data/redteam/factory/edgetts/minnan/edgetts_minnan_zh-TW-HsiaoChenNeural_SC-000866.wav,spoof,RT-EDGETTS-MINNAN,clean,redteam_factory/Edge-TTS,微软服务条款，仅研究评测用途,edgetts,minnan,SC-000866,zh-TW-HsiaoChenNeural,8.5,True,True,0.0,True,0.28773584905660377,True,True,0.12,True
data/redteam/factory/edgetts/minnan/edgetts_minnan_zh-TW-HsiaoChenNeural_SC-000935.wav,spoof,RT-EDGETTS-MINNAN,clean,redteam_factory/Edge-TTS,微软服务条款，仅研究评测用途,edgetts,minnan,SC-000935,zh-TW-HsiaoChenNeural,13.63,True,True,0.0,True,0.27606461086637296,True,True,0.259,True
data/redteam/factory/edgetts/minnan/edgetts_minnan_zh-TW-HsiaoChenNeural_SC-000966.wav,spoof,RT-EDGETTS-MINNAN,clean,redteam_factory/Edge-TTS,微软服务条款，仅研究评测用途,edgetts,minnan,SC-000966,zh-TW-HsiaoChenNeural,16.63,True,True,0.0,True,0.25872442839951865,True,True,0.118,True
data/redteam/factory/edgetts/minnan/edgetts_minnan_zh-TW-HsiaoChenNeural_SC-001093.wav,spoof,RT-EDGETTS-MINNAN,clean,redteam_factory/Edge-TTS,微软服务条款，仅研究评测用途,edgetts,minnan,SC-001093,zh-TW-HsiaoChenNeural,14.95,True,True,0.0,True,0.29451137884872824,True,True,0.095,True
data/redteam/factory/edgetts/minnan/edgetts_minnan_zh-TW-HsiaoChenNeural_SC-001133.wav,spoof,RT-EDGETTS-MINNAN,clean,redteam_factory/Edge-TTS,微软服务条款，仅研究评测用途,edgetts,minnan,SC-001133,zh-TW-HsiaoChenNeural,17.45,True,True,0.0,True,0.2305045871559633,True,True,0.106,True
data/redteam/factory/edgetts/minnan/edgetts_minnan_zh-TW-HsiaoChenNeural_SC-001203.wav,spoof,RT-EDGETTS-MINNAN,clean,redteam_factory/Edge-TTS,微软服务条款，仅研究评测用途,edgetts,minnan,SC-001203,zh-TW-HsiaoChenNeural,18.02,True,True,0.0,True,0.3129855715871254,True,True,0.171,True
data/redteam/factory/edgetts/minnan/edgetts_minnan_zh-TW-HsiaoChenNeural_SC-001302.wav,spoof,RT-EDGETTS-MINNAN,clean,redteam_factory/Edge-TTS,微软服务条款，仅研究评测用途,edgetts,minnan,SC-001302,zh-TW-HsiaoChenNeural,15.55,True,True,0.0,True,0.35006435006435005,True,True,0.127,True
data/redteam/factory/edgetts/minnan/edgetts_minnan_zh-TW-HsiaoChenNeural_SC-001394.wav,spoof,RT-EDGETTS-MINNAN,clean,redteam_factory/Edge-TTS,微软服务条款，仅研究评测用途,edgetts,minnan,SC-001394,zh-TW-HsiaoChenNeural,15.6,True,True,0.0,True,0.3243589743589744,True,True,0.247,True
data/redteam/factory/edgetts/minnan/edgetts_minnan_zh-TW-HsiaoChenNeural_SC-001466.wav,spoof,RT-EDGETTS-MINNAN,clean,redteam_factory/Edge-TTS,微软服务条款，仅研究评测用途,edgetts,minnan,SC-001466,zh-TW-HsiaoChenNeural,17.81,True,True,0.0,True,0.30786516853932583,True,True,0.152,True
data/redteam/factory/edgetts/minnan/edgetts_minnan_zh-TW-HsiaoChenNeural_SC-001582.wav,spoof,RT-EDGETTS-MINNAN,clean,redteam_factory/Edge-TTS,微软服务条款，仅研究评测用途,edgetts,minnan,SC-001582,zh-TW-HsiaoChenNeural,15.43,True,True,0.0,True,0.24773022049286642,True,True,0.008,True
data/redteam/factory/edgetts/minnan/edgetts_minnan_zh-TW-HsiaoChenNeural_SC-001661.wav,spoof,RT-EDGETTS-MINNAN,clean,redteam_factory/Edge-TTS,微软服务条款，仅研究评测用途,edgetts,minnan,SC-001661,zh-TW-HsiaoChenNeural,13.56,True,True,0.0,True,0.28466076696165193,True,True,0.064,True
data/redteam/factory/edgetts/minnan/edgetts_minnan_zh-TW-YunJheNeural_SC-000526.wav,spoof,RT-EDGETTS-MINNAN,clean,redteam_factory/Edge-TTS,微软服务条款，仅研究评测用途,edgetts,minnan,SC-000526,zh-TW-YunJheNeural,9.34,True,True,0.0,True,0.45064377682403434,True,True,0.023,True
data/redteam/factory/edgetts/minnan/edgetts_minnan_zh-TW-YunJheNeural_SC-000571.wav,spoof,RT-EDGETTS-MINNAN,clean,redteam_factory/Edge-TTS,微软服务条款，仅研究评测用途,edgetts,minnan,SC-000571,zh-TW-YunJheNeural,19.08,True,True,0.0,True,0.37631027253668764,True,True,0.008,True
data/redteam/factory/edgetts/minnan/edgetts_minnan_zh-TW-YunJheNeural_SC-000630.wav,spoof,RT-EDGETTS-MINNAN,clean,redteam_factory/Edge-TTS,微软服务条款，仅研究评测用途,edgetts,minnan,SC-000630,zh-TW-YunJheNeural,16.73,True,True,0.0,True,0.28708133971291866,True,True,0.026,True
data/redteam/factory/edgetts/minnan/edgetts_minnan_zh-TW-YunJheNeural_SC-000703.wav,spoof,RT-EDGETTS-MINNAN,clean,redteam_factory/Edge-TTS,微软服务条款，仅研究评测用途,edgetts,minnan,SC-000703,zh-TW-YunJheNeural,15.53,True,True,0.0,True,0.3853092783505155,True,True,0.009,True
data/redteam/factory/edgetts/minnan/edgetts_minnan_zh-TW-YunJheNeural_SC-000753.wav,spoof,RT-EDGETTS-MINNAN,clean,redteam_factory/Edge-TTS,微软服务条款，仅研究评测用途,edgetts,minnan,SC-000753,zh-TW-YunJheNeural,16.3,True,True,0.0,True,0.4226044226044226,True,True,0.007,True
data/redteam/factory/edgetts/minnan/edgetts_minnan_zh-TW-YunJheNeural_SC-000824.wav,spoof,RT-EDGETTS-MINNAN,clean,redteam_factory/Edge-TTS,微软服务条款，仅研究评测用途,edgetts,minnan,SC-000824,zh-TW-YunJheNeural,11.47,True,True,0.0,True,0.2338568935427574,True,True,0.053,True
data/redteam/factory/edgetts/minnan/edgetts_minnan_zh-TW-YunJheNeural_SC-000866.wav,spoof,RT-EDGETTS-MINNAN,clean,redteam_factory/Edge-TTS,微软服务条款，仅研究评测用途,edgetts,minnan,SC-000866,zh-TW-YunJheNeural,7.44,True,True,0.0,True,0.3548387096774194,True,True,0.013,True
data/redteam/factory/edgetts/minnan/edgetts_minnan_zh-TW-YunJheNeural_SC-000935.wav,spoof,RT-EDGETTS-MINNAN,clean,redteam_factory/Edge-TTS,微软服务条款，仅研究评测用途,edgetts,minnan,SC-000935,zh-TW-YunJheNeural,12.26,True,True,0.0,True,0.3621533442088091,True,True,0.025,True
data/redteam/factory/edgetts/minnan/edgetts_minnan_zh-TW-YunJheNeural_SC-000966.wav,spoof,RT-EDGETTS-MINNAN,clean,redteam_factory/Edge-TTS,微软服务条款，仅研究评测用途,edgetts,minnan,SC-000966,zh-TW-YunJheNeural,14.38,True,True,0.0,True,0.3370473537604457,True,True,0.01,True
data/redteam/factory/edgetts/minnan/edgetts_minnan_zh-TW-YunJheNeural_SC-001032.wav,spoof,RT-EDGETTS-MINNAN,clean,redteam_factory/Edge-TTS,微软服务条款，仅研究评测用途,edgetts,minnan,SC-001032,zh-TW-YunJheNeural,18.79,True,True,0.0,True,0.35676251331203407,True,True,0.015,True
data/redteam/factory/edgetts/minnan/edgetts_minnan_zh-TW-YunJheNeural_SC-001093.wav,spoof,RT-EDGETTS-MINNAN,clean,redteam_factory/Edge-TTS,微软服务条款，仅研究评测用途,edgetts,minnan,SC-001093,zh-TW-YunJheNeural,13.8,True,True,0.0,True,0.38405797101449274,True,True,0.035,True
data/redteam/factory/edgetts/minnan/edgetts_minnan_zh-TW-YunJheNeural_SC-001133.wav,spoof,RT-EDGETTS-MINNAN,clean,redteam_factory/Edge-TTS,微软服务条款，仅研究评测用途,edgetts,minnan,SC-001133,zh-TW-YunJheNeural,14.74,True,True,0.0,True,0.27717391304347827,True,True,0.028,True
data/redteam/factory/edgetts/minnan/edgetts_minnan_zh-TW-YunJheNeural_SC-001203.wav,spoof,RT-EDGETTS-MINNAN,clean,redteam_factory/Edge-TTS,微软服务条款，仅研究评测用途,edgetts,minnan,SC-001203,zh-TW-YunJheNeural,16.46,True,True,0.0,True,0.3973268529769137,True,True,0.025,True
data/redteam/factory/edgetts/minnan/edgetts_minnan_zh-TW-YunJheNeural_SC-001257.wav,spoof,RT-EDGETTS-MINNAN,clean,redteam_factory/Edge-TTS,微软服务条款，仅研究评测用途,edgetts,minnan,SC-001257,zh-TW-YunJheNeural,17.78,True,True,0.0,True,0.2688413948256468,True,True,0.007,True
data/redteam/factory/edgetts/minnan/edgetts_minnan_zh-TW-YunJheNeural_SC-001302.wav,spoof,RT-EDGETTS-MINNAN,clean,redteam_factory/Edge-TTS,微软服务条款，仅研究评测用途,edgetts,minnan,SC-001302,zh-TW-YunJheNeural,14.93,True,True,0.0,True,0.4195710455764075,True,True,0.016,True
data/redteam/factory/edgetts/minnan/edgetts_minnan_zh-TW-YunJheNeural_SC-001394.wav,spoof,RT-EDGETTS-MINNAN,clean,redteam_factory/Edge-TTS,微软服务条款，仅研究评测用途,edgetts,minnan,SC-001394,zh-TW-YunJheNeural,14.64,True,True,0.0,True,0.41530054644808745,True,True,0.046,True
data/redteam/factory/edgetts/minnan/edgetts_minnan_zh-TW-YunJheNeural_SC-001466.wav,spoof,RT-EDGETTS-MINNAN,clean,redteam_factory/Edge-TTS,微软服务条款，仅研究评测用途,edgetts,minnan,SC-001466,zh-TW-YunJheNeural,16.61,True,True,0.0,True,0.38795180722891565,True,True,0.033,True
data/redteam/factory/edgetts/minnan/edgetts_minnan_zh-TW-YunJheNeural_SC-001582.wav,spoof,RT-EDGETTS-MINNAN,clean,redteam_factory/Edge-TTS,微软服务条款，仅研究评测用途,edgetts,minnan,SC-001582,zh-TW-YunJheNeural,13.42,True,True,0.0,True,0.32238805970149254,True,True,0.033,True
data/redteam/factory/edgetts/minnan/edgetts_minnan_zh-TW-YunJheNeural_SC-001661.wav,spoof,RT-EDGETTS-MINNAN,clean,redteam_factory/Edge-TTS,微软服务条款，仅研究评测用途,edgetts,minnan,SC-001661,zh-TW-YunJheNeural,12.55,True,True,0.0,True,0.3317384370015949,True,True,0.016,True
data/redteam/factory/edgetts/sichuan/edgetts_sichuan_zh-CN-YunxiNeural_SC-000317.wav,spoof,RT-EDGETTS-SICHUAN,clean,redteam_factory/Edge-TTS,微软服务条款，仅研究评测用途,edgetts,sichuan,SC-000317,zh-CN-YunxiNeural,13.78,True,True,0.0,True,0.41569767441860467,True,True,0.001,True
data/redteam/factory/edgetts/sichuan/edgetts_sichuan_zh-CN-YunxiNeural_SC-000355.wav,spoof,RT-EDGETTS-SICHUAN,clean,redteam_factory/Edge-TTS,微软服务条款，仅研究评测用途,edgetts,sichuan,SC-000355,zh-CN-YunxiNeural,11.74,True,True,0.0,True,0.4334470989761092,True,True,0.009,True
data/redteam/factory/edgetts/sichuan/edgetts_sichuan_zh-CN-YunxiNeural_SC-000383.wav,spoof,RT-EDGETTS-SICHUAN,clean,redteam_factory/Edge-TTS,微软服务条款，仅研究评测用途,edgetts,sichuan,SC-000383,zh-CN-YunxiNeural,12.48,True,True,0.0,True,0.40705128205128205,True,True,0.012,True
data/redteam/factory/edgetts/sichuan/edgetts_sichuan_zh-CN-YunxiNeural_SC-000509.wav,spoof,RT-EDGETTS-SICHUAN,clean,redteam_factory/Edge-TTS,微软服务条款，仅研究评测用途,edgetts,sichuan,SC-000509,zh-CN-YunxiNeural,18.12,True,True,0.0,True,0.44039735099337746,True,True,0.008,True
data/redteam/factory/edgetts/sichuan/edgetts_sichuan_zh-CN-YunxiNeural_SC-000597.wav,spoof,RT-EDGETTS-SICHUAN,clean,redteam_factory/Edge-TTS,微软服务条款，仅研究评测用途,edgetts,sichuan,SC-000597,zh-CN-YunxiNeural,19.94,True,True,0.0,True,0.4202607823470411,True,True,0.004,True
data/redteam/factory/edgetts/sichuan/edgetts_sichuan_zh-CN-YunxiNeural_SC-000659.wav,spoof,RT-EDGETTS-SICHUAN,clean,redteam_factory/Edge-TTS,微软服务条款，仅研究评测用途,edgetts,sichuan,SC-000659,zh-CN-YunxiNeural,14.45,True,True,0.0,True,0.46121883656509693,True,True,0.023,True
data/redteam/factory/edgetts/sichuan/edgetts_sichuan_zh-CN-YunxiNeural_SC-000724.wav,spoof,RT-EDGETTS-SICHUAN,clean,redteam_factory/Edge-TTS,微软服务条款，仅研究评测用途,edgetts,sichuan,SC-000724,zh-CN-YunxiNeural,10.75,True,True,0.0,True,0.3985102420856611,True,True,0.001,True
data/redteam/factory/edgetts/sichuan/edgetts_sichuan_zh-CN-YunxiNeural_SC-000792.wav,spoof,RT-EDGETTS-SICHUAN,clean,redteam_factory/Edge-TTS,微软服务条款，仅研究评测用途,edgetts,sichuan,SC-000792,zh-CN-YunxiNeural,12.1,True,True,0.0,True,0.3824503311258278,True,True,0.008,True
data/redteam/factory/edgetts/sichuan/edgetts_sichuan_zh-CN-YunxiNeural_SC-000891.wav,spoof,RT-EDGETTS-SICHUAN,clean,redteam_factory/Edge-TTS,微软服务条款，仅研究评测用途,edgetts,sichuan,SC-000891,zh-CN-YunxiNeural,11.95,True,True,0.0,True,0.440536013400335,True,True,0.003,True
data/redteam/factory/edgetts/sichuan/edgetts_sichuan_zh-CN-YunxiNeural_SC-000963.wav,spoof,RT-EDGETTS-SICHUAN,clean,redteam_factory/Edge-TTS,微软服务条款，仅研究评测用途,edgetts,sichuan,SC-000963,zh-CN-YunxiNeural,18.7,True,True,0.0,True,0.3436830835117773,True,True,0.021,True
data/redteam/factory/edgetts/sichuan/edgetts_sichuan_zh-CN-YunxiNeural_SC-001126.wav,spoof,RT-EDGETTS-SICHUAN,clean,redteam_factory/Edge-TTS,微软服务条款，仅研究评测用途,edgetts,sichuan,SC-001126,zh-CN-YunxiNeural,15.62,True,True,0.0,True,0.43918053777208704,True,True,0.002,True
data/redteam/factory/edgetts/sichuan/edgetts_sichuan_zh-CN-YunxiNeural_SC-001176.wav,spoof,RT-EDGETTS-SICHUAN,clean,redteam_factory/Edge-TTS,微软服务条款，仅研究评测用途,edgetts,sichuan,SC-001176,zh-CN-YunxiNeural,17.11,True,True,0.0,True,0.41871345029239765,True,True,0.004,True
data/redteam/factory/edgetts/sichuan/edgetts_sichuan_zh-CN-YunxiNeural_SC-001247.wav,spoof,RT-EDGETTS-SICHUAN,clean,redteam_factory/Edge-TTS,微软服务条款，仅研究评测用途,edgetts,sichuan,SC-001247,zh-CN-YunxiNeural,10.08,True,True,0.0,True,0.37896825396825395,True,True,0.003,True
data/redteam/factory/edgetts/sichuan/edgetts_sichuan_zh-CN-YunxiNeural_SC-001339.wav,spoof,RT-EDGETTS-SICHUAN,clean,redteam_factory/Edge-TTS,微软服务条款，仅研究评测用途,edgetts,sichuan,SC-001339,zh-CN-YunxiNeural,8.38,True,True,0.0,True,0.47368421052631576,True,True,0.002,True
data/redteam/factory/edgetts/sichuan/edgetts_sichuan_zh-CN-YunxiNeural_SC-001393.wav,spoof,RT-EDGETTS-SICHUAN,clean,redteam_factory/Edge-TTS,微软服务条款，仅研究评测用途,edgetts,sichuan,SC-001393,zh-CN-YunxiNeural,15.62,True,True,0.0,True,0.3687580025608195,True,True,0.001,True
data/redteam/factory/edgetts/sichuan/edgetts_sichuan_zh-CN-YunxiNeural_SC-001524.wav,spoof,RT-EDGETTS-SICHUAN,clean,redteam_factory/Edge-TTS,微软服务条款，仅研究评测用途,edgetts,sichuan,SC-001524,zh-CN-YunxiNeural,8.11,True,True,0.0,True,0.4419753086419753,True,True,0.006,True
data/redteam/factory/edgetts/sichuan/edgetts_sichuan_zh-CN-XiaoxiaoNeural_SC-000317.wav,spoof,RT-EDGETTS-SICHUAN,clean,redteam_factory/Edge-TTS,微软服务条款，仅研究评测用途,edgetts,sichuan,SC-000317,zh-CN-XiaoxiaoNeural,13.82,True,True,0.0,True,0.276410998552822,True,True,0.237,True
data/redteam/factory/edgetts/sichuan/edgetts_sichuan_zh-CN-XiaoxiaoNeural_SC-000355.wav,spoof,RT-EDGETTS-SICHUAN,clean,redteam_factory/Edge-TTS,微软服务条款，仅研究评测用途,edgetts,sichuan,SC-000355,zh-CN-XiaoxiaoNeural,12.74,True,True,0.0,True,0.2653061224489796,True,True,0.043,True
data/redteam/factory/edgetts/sichuan/edgetts_sichuan_zh-CN-XiaoxiaoNeural_SC-000383.wav,spoof,RT-EDGETTS-SICHUAN,clean,redteam_factory/Edge-TTS,微软服务条款，仅研究评测用途,edgetts,sichuan,SC-000383,zh-CN-XiaoxiaoNeural,12.77,True,True,0.0,True,0.2774294670846395,True,True,0.215,True
data/redteam/factory/edgetts/sichuan/edgetts_sichuan_zh-CN-XiaoxiaoNeural_SC-000597.wav,spoof,RT-EDGETTS-SICHUAN,clean,redteam_factory/Edge-TTS,微软服务条款，仅研究评测用途,edgetts,sichuan,SC-000597,zh-CN-XiaoxiaoNeural,19.73,True,True,0.0,True,0.27281947261663286,True,True,0.132,True
data/redteam/factory/edgetts/sichuan/edgetts_sichuan_zh-CN-XiaoxiaoNeural_SC-000659.wav,spoof,RT-EDGETTS-SICHUAN,clean,redteam_factory/Edge-TTS,微软服务条款，仅研究评测用途,edgetts,sichuan,SC-000659,zh-CN-XiaoxiaoNeural,14.4,True,True,0.0,True,0.31666666666666665,True,True,0.065,True
data/redteam/factory/edgetts/sichuan/edgetts_sichuan_zh-CN-XiaoxiaoNeural_SC-000724.wav,spoof,RT-EDGETTS-SICHUAN,clean,redteam_factory/Edge-TTS,微软服务条款，仅研究评测用途,edgetts,sichuan,SC-000724,zh-CN-XiaoxiaoNeural,11.5,True,True,0.0,True,0.23170731707317074,True,True,0.009,True
data/redteam/factory/edgetts/sichuan/edgetts_sichuan_zh-CN-XiaoxiaoNeural_SC-000792.wav,spoof,RT-EDGETTS-SICHUAN,clean,redteam_factory/Edge-TTS,微软服务条款，仅研究评测用途,edgetts,sichuan,SC-000792,zh-CN-XiaoxiaoNeural,13.06,True,True,0.0,True,0.23466257668711657,True,True,0.185,True
data/redteam/factory/edgetts/sichuan/edgetts_sichuan_zh-CN-XiaoxiaoNeural_SC-000891.wav,spoof,RT-EDGETTS-SICHUAN,clean,redteam_factory/Edge-TTS,微软服务条款，仅研究评测用途,edgetts,sichuan,SC-000891,zh-CN-XiaoxiaoNeural,11.95,True,True,0.0,True,0.2931323283082077,True,True,0.053,True
data/redteam/factory/edgetts/sichuan/edgetts_sichuan_zh-CN-XiaoxiaoNeural_SC-001126.wav,spoof,RT-EDGETTS-SICHUAN,clean,redteam_factory/Edge-TTS,微软服务条款，仅研究评测用途,edgetts,sichuan,SC-001126,zh-CN-XiaoxiaoNeural,15.72,True,True,0.0,True,0.2786259541984733,True,True,0.146,True
data/redteam/factory/edgetts/sichuan/edgetts_sichuan_zh-CN-XiaoxiaoNeural_SC-001176.wav,spoof,RT-EDGETTS-SICHUAN,clean,redteam_factory/Edge-TTS,微软服务条款，仅研究评测用途,edgetts,sichuan,SC-001176,zh-CN-XiaoxiaoNeural,17.57,True,True,0.0,True,0.29157175398633256,True,True,0.037,True
data/redteam/factory/edgetts/sichuan/edgetts_sichuan_zh-CN-XiaoxiaoNeural_SC-001247.wav,spoof,RT-EDGETTS-SICHUAN,clean,redteam_factory/Edge-TTS,微软服务条款，仅研究评测用途,edgetts,sichuan,SC-001247,zh-CN-XiaoxiaoNeural,10.49,True,True,0.0,True,0.25,True,True,0.185,True
data/redteam/factory/edgetts/sichuan/edgetts_sichuan_zh-CN-XiaoxiaoNeural_SC-001339.wav,spoof,RT-EDGETTS-SICHUAN,clean,redteam_factory/Edge-TTS,微软服务条款，仅研究评测用途,edgetts,sichuan,SC-001339,zh-CN-XiaoxiaoNeural,8.21,True,True,0.0,True,0.36341463414634145,True,True,0.165,True
data/redteam/factory/edgetts/sichuan/edgetts_sichuan_zh-CN-XiaoxiaoNeural_SC-001393.wav,spoof,RT-EDGETTS-SICHUAN,clean,redteam_factory/Edge-TTS,微软服务条款，仅研究评测用途,edgetts,sichuan,SC-001393,zh-CN-XiaoxiaoNeural,16.75,True,True,0.0,True,0.23536439665471923,True,True,0.101,True
data/redteam/factory/edgetts/sichuan/edgetts_sichuan_zh-CN-XiaoxiaoNeural_SC-001524.wav,spoof,RT-EDGETTS-SICHUAN,clean,redteam_factory/Edge-TTS,微软服务条款，仅研究评测用途,edgetts,sichuan,SC-001524,zh-CN-XiaoxiaoNeural,8.59,True,True,0.0,True,0.3146853146853147,True,True,0.052,True
data/redteam/factory/edgetts/cantonese/edgetts_cantonese_zh-HK-HiuMaanNeural_SC-000460.wav,spoof,RT-EDGETTS-CANTONESE,clean,redteam_factory/Edge-TTS,微软服务条款，仅研究评测用途,edgetts,cantonese,SC-000460,zh-HK-HiuMaanNeural,14.66,True,True,0.0,True,0.3656207366984993,True,True,0.004,True
data/redteam/factory/edgetts/cantonese/edgetts_cantonese_zh-HK-HiuMaanNeural_SC-000588.wav,spoof,RT-EDGETTS-CANTONESE,clean,redteam_factory/Edge-TTS,微软服务条款，仅研究评测用途,edgetts,cantonese,SC-000588,zh-HK-HiuMaanNeural,14.35,True,True,0.0,True,0.403068340306834,True,True,0.002,True
data/redteam/factory/edgetts/cantonese/edgetts_cantonese_zh-HK-HiuMaanNeural_SC-000714.wav,spoof,RT-EDGETTS-CANTONESE,clean,redteam_factory/Edge-TTS,微软服务条款，仅研究评测用途,edgetts,cantonese,SC-000714,zh-HK-HiuMaanNeural,9.34,True,True,0.0,True,0.23605150214592274,True,True,0.022,True
data/redteam/factory/edgetts/cantonese/edgetts_cantonese_zh-HK-HiuMaanNeural_SC-000842.wav,spoof,RT-EDGETTS-CANTONESE,clean,redteam_factory/Edge-TTS,微软服务条款，仅研究评测用途,edgetts,cantonese,SC-000842,zh-HK-HiuMaanNeural,13.3,True,True,0.0,True,0.3493975903614458,True,True,0.007,True
data/redteam/factory/edgetts/cantonese/edgetts_cantonese_zh-HK-HiuMaanNeural_SC-000924.wav,spoof,RT-EDGETTS-CANTONESE,clean,redteam_factory/Edge-TTS,微软服务条款，仅研究评测用途,edgetts,cantonese,SC-000924,zh-HK-HiuMaanNeural,16.75,True,True,0.0,True,0.24611708482676226,True,True,0.018,True
data/redteam/factory/edgetts/cantonese/edgetts_cantonese_zh-HK-HiuMaanNeural_SC-001062.wav,spoof,RT-EDGETTS-CANTONESE,clean,redteam_factory/Edge-TTS,微软服务条款，仅研究评测用途,edgetts,cantonese,SC-001062,zh-HK-HiuMaanNeural,14.64,True,True,0.0,True,0.34972677595628415,True,True,0.006,True
data/redteam/factory/edgetts/cantonese/edgetts_cantonese_zh-HK-HiuMaanNeural_SC-001109.wav,spoof,RT-EDGETTS-CANTONESE,clean,redteam_factory/Edge-TTS,微软服务条款，仅研究评测用途,edgetts,cantonese,SC-001109,zh-HK-HiuMaanNeural,12.19,True,True,0.0,True,0.32019704433497537,True,True,0.01,True
data/redteam/factory/edgetts/cantonese/edgetts_cantonese_zh-HK-HiuMaanNeural_SC-001169.wav,spoof,RT-EDGETTS-CANTONESE,clean,redteam_factory/Edge-TTS,微软服务条款，仅研究评测用途,edgetts,cantonese,SC-001169,zh-HK-HiuMaanNeural,17.02,True,True,0.0,True,0.2564705882352941,True,True,0.006,True
data/redteam/factory/edgetts/cantonese/edgetts_cantonese_zh-HK-HiuMaanNeural_SC-001223.wav,spoof,RT-EDGETTS-CANTONESE,clean,redteam_factory/Edge-TTS,微软服务条款，仅研究评测用途,edgetts,cantonese,SC-001223,zh-HK-HiuMaanNeural,9.41,True,True,0.0,True,0.25957446808510637,True,True,0.009,True
data/redteam/factory/edgetts/cantonese/edgetts_cantonese_zh-HK-HiuMaanNeural_SC-001277.wav,spoof,RT-EDGETTS-CANTONESE,clean,redteam_factory/Edge-TTS,微软服务条款，仅研究评测用途,edgetts,cantonese,SC-001277,zh-HK-HiuMaanNeural,13.18,True,True,0.0,True,0.2553191489361702,True,True,0.003,True
data/redteam/factory/edgetts/cantonese/edgetts_cantonese_zh-HK-HiuMaanNeural_SC-001331.wav,spoof,RT-EDGETTS-CANTONESE,clean,redteam_factory/Edge-TTS,微软服务条款，仅研究评测用途,edgetts,cantonese,SC-001331,zh-HK-HiuMaanNeural,16.99,True,True,0.0,True,0.2249705535924617,True,True,0.017,True
data/redteam/factory/edgetts/cantonese/edgetts_cantonese_zh-HK-HiuMaanNeural_SC-001471.wav,spoof,RT-EDGETTS-CANTONESE,clean,redteam_factory/Edge-TTS,微软服务条款，仅研究评测用途,edgetts,cantonese,SC-001471,zh-HK-HiuMaanNeural,15.14,True,True,0.0,True,0.202113606340819,True,True,0.055,True
data/redteam/factory/edgetts/cantonese/edgetts_cantonese_zh-HK-HiuMaanNeural_SC-001529.wav,spoof,RT-EDGETTS-CANTONESE,clean,redteam_factory/Edge-TTS,微软服务条款，仅研究评测用途,edgetts,cantonese,SC-001529,zh-HK-HiuMaanNeural,15.26,True,True,0.0,True,0.2817824377457405,True,True,0.01,True
data/redteam/factory/edgetts/cantonese/edgetts_cantonese_zh-HK-HiuMaanNeural_SC-001588.wav,spoof,RT-EDGETTS-CANTONESE,clean,redteam_factory/Edge-TTS,微软服务条款，仅研究评测用途,edgetts,cantonese,SC-001588,zh-HK-HiuMaanNeural,17.66,True,True,0.0,True,0.27746319365798416,True,True,0.008,True
data/redteam/factory/edgetts/cantonese/edgetts_cantonese_zh-HK-WanLungNeural_SC-000460.wav,spoof,RT-EDGETTS-CANTONESE,clean,redteam_factory/Edge-TTS,微软服务条款，仅研究评测用途,edgetts,cantonese,SC-000460,zh-HK-WanLungNeural,14.78,True,True,0.0,True,0.40460081190798375,True,True,0.007,True
data/redteam/factory/edgetts/cantonese/edgetts_cantonese_zh-HK-WanLungNeural_SC-000588.wav,spoof,RT-EDGETTS-CANTONESE,clean,redteam_factory/Edge-TTS,微软服务条款，仅研究评测用途,edgetts,cantonese,SC-000588,zh-HK-WanLungNeural,13.99,True,True,0.0,True,0.4406294706723891,True,True,0.168,True
data/redteam/factory/edgetts/cantonese/edgetts_cantonese_zh-HK-WanLungNeural_SC-000714.wav,spoof,RT-EDGETTS-CANTONESE,clean,redteam_factory/Edge-TTS,微软服务条款，仅研究评测用途,edgetts,cantonese,SC-000714,zh-HK-WanLungNeural,9.12,True,True,0.0,True,0.2850877192982456,True,True,0.037,True
data/redteam/factory/edgetts/cantonese/edgetts_cantonese_zh-HK-WanLungNeural_SC-000842.wav,spoof,RT-EDGETTS-CANTONESE,clean,redteam_factory/Edge-TTS,微软服务条款，仅研究评测用途,edgetts,cantonese,SC-000842,zh-HK-WanLungNeural,13.3,True,True,0.0,True,0.3810240963855422,True,True,0.016,True
data/redteam/factory/edgetts/cantonese/edgetts_cantonese_zh-HK-WanLungNeural_SC-000924.wav,spoof,RT-EDGETTS-CANTONESE,clean,redteam_factory/Edge-TTS,微软服务条款，仅研究评测用途,edgetts,cantonese,SC-000924,zh-HK-WanLungNeural,16.44,True,True,0.0,True,0.2798053527980535,True,True,0.026,True
data/redteam/factory/edgetts/cantonese/edgetts_cantonese_zh-HK-WanLungNeural_SC-001062.wav,spoof,RT-EDGETTS-CANTONESE,clean,redteam_factory/Edge-TTS,微软服务条款，仅研究评测用途,edgetts,cantonese,SC-001062,zh-HK-WanLungNeural,14.86,True,True,0.0,True,0.37331536388140163,True,True,0.002,True
data/redteam/factory/edgetts/cantonese/edgetts_cantonese_zh-HK-WanLungNeural_SC-001109.wav,spoof,RT-EDGETTS-CANTONESE,clean,redteam_factory/Edge-TTS,微软服务条款，仅研究评测用途,edgetts,cantonese,SC-001109,zh-HK-WanLungNeural,12.1,True,True,0.0,True,0.3344370860927152,True,True,0.058,True
data/redteam/factory/edgetts/cantonese/edgetts_cantonese_zh-HK-WanLungNeural_SC-001169.wav,spoof,RT-EDGETTS-CANTONESE,clean,redteam_factory/Edge-TTS,微软服务条款，仅研究评测用途,edgetts,cantonese,SC-001169,zh-HK-WanLungNeural,16.78,True,True,0.0,True,0.2828162291169451,True,True,0.051,True
data/redteam/factory/edgetts/cantonese/edgetts_cantonese_zh-HK-WanLungNeural_SC-001223.wav,spoof,RT-EDGETTS-CANTONESE,clean,redteam_factory/Edge-TTS,微软服务条款，仅研究评测用途,edgetts,cantonese,SC-001223,zh-HK-WanLungNeural,8.98,True,True,0.0,True,0.29464285714285715,True,True,0.004,True
data/redteam/factory/edgetts/cantonese/edgetts_cantonese_zh-HK-WanLungNeural_SC-001277.wav,spoof,RT-EDGETTS-CANTONESE,clean,redteam_factory/Edge-TTS,微软服务条款，仅研究评测用途,edgetts,cantonese,SC-001277,zh-HK-WanLungNeural,12.98,True,True,0.0,True,0.300462249614792,True,True,0.004,True
data/redteam/factory/edgetts/cantonese/edgetts_cantonese_zh-HK-WanLungNeural_SC-001331.wav,spoof,RT-EDGETTS-CANTONESE,clean,redteam_factory/Edge-TTS,微软服务条款，仅研究评测用途,edgetts,cantonese,SC-001331,zh-HK-WanLungNeural,17.02,True,True,0.0,True,0.2635294117647059,True,True,0.019,True
data/redteam/factory/edgetts/cantonese/edgetts_cantonese_zh-HK-WanLungNeural_SC-001471.wav,spoof,RT-EDGETTS-CANTONESE,clean,redteam_factory/Edge-TTS,微软服务条款，仅研究评测用途,edgetts,cantonese,SC-001471,zh-HK-WanLungNeural,14.59,True,True,0.0,True,0.24005486968449932,True,True,0.009,True
data/redteam/factory/edgetts/cantonese/edgetts_cantonese_zh-HK-WanLungNeural_SC-001529.wav,spoof,RT-EDGETTS-CANTONESE,clean,redteam_factory/Edge-TTS,微软服务条款，仅研究评测用途,edgetts,cantonese,SC-001529,zh-HK-WanLungNeural,15.02,True,True,0.0,True,0.3195739014647137,True,True,0.027,True
data/redteam/factory/edgetts/cantonese/edgetts_cantonese_zh-HK-WanLungNeural_SC-001588.wav,spoof,RT-EDGETTS-CANTONESE,clean,redteam_factory/Edge-TTS,微软服务条款，仅研究评测用途,edgetts,cantonese,SC-001588,zh-HK-WanLungNeural,17.81,True,True,0.0,True,0.31235955056179776,True,True,0.267,True
data/redteam/factory/edgetts/dongbei/edgetts_dongbei_zh-CN-liaoning-XiaobeiNeural_SC-000414.wav,spoof,RT-EDGETTS-DONGBEI,clean,redteam_factory/Edge-TTS,微软服务条款，仅研究评测用途,edgetts,dongbei,SC-000414,zh-CN-liaoning-XiaobeiNeural,13.03,True,True,0.0,True,0.30261136712749614,True,True,0.212,True
data/redteam/factory/edgetts/dongbei/edgetts_dongbei_zh-CN-liaoning-XiaobeiNeural_SC-000698.wav,spoof,RT-EDGETTS-DONGBEI,clean,redteam_factory/Edge-TTS,微软服务条款，仅研究评测用途,edgetts,dongbei,SC-000698,zh-CN-liaoning-XiaobeiNeural,14.09,True,True,0.0,True,0.28125,True,True,0.014,True
data/redteam/factory/edgetts/dongbei/edgetts_dongbei_zh-CN-liaoning-XiaobeiNeural_SC-000764.wav,spoof,RT-EDGETTS-DONGBEI,clean,redteam_factory/Edge-TTS,微软服务条款，仅研究评测用途,edgetts,dongbei,SC-000764,zh-CN-liaoning-XiaobeiNeural,10.92,True,True,0.0,True,0.36996336996337,True,True,0.01,True
data/redteam/factory/edgetts/dongbei/edgetts_dongbei_zh-CN-liaoning-XiaobeiNeural_SC-000853.wav,spoof,RT-EDGETTS-DONGBEI,clean,redteam_factory/Edge-TTS,微软服务条款，仅研究评测用途,edgetts,dongbei,SC-000853,zh-CN-liaoning-XiaobeiNeural,18.38,True,True,0.0,True,0.3558215451577802,True,True,0.032,True
data/redteam/factory/edgetts/dongbei/edgetts_dongbei_zh-CN-liaoning-XiaobeiNeural_SC-000931.wav,spoof,RT-EDGETTS-DONGBEI,clean,redteam_factory/Edge-TTS,微软服务条款，仅研究评测用途,edgetts,dongbei,SC-000931,zh-CN-liaoning-XiaobeiNeural,11.02,True,True,0.0,True,0.28545454545454546,True,True,0.029,True
data/redteam/factory/edgetts/dongbei/edgetts_dongbei_zh-CN-liaoning-XiaobeiNeural_SC-001047.wav,spoof,RT-EDGETTS-DONGBEI,clean,redteam_factory/Edge-TTS,微软服务条款，仅研究评测用途,edgetts,dongbei,SC-001047,zh-CN-liaoning-XiaobeiNeural,13.94,True,True,0.0,True,0.3113342898134864,True,True,0.005,True
data/redteam/factory/edgetts/dongbei/edgetts_dongbei_zh-CN-liaoning-XiaobeiNeural_SC-001111.wav,spoof,RT-EDGETTS-DONGBEI,clean,redteam_factory/Edge-TTS,微软服务条款，仅研究评测用途,edgetts,dongbei,SC-001111,zh-CN-liaoning-XiaobeiNeural,8.3,True,True,0.0,True,0.363855421686747,True,True,0.007,True
data/redteam/factory/edgetts/dongbei/edgetts_dongbei_zh-CN-liaoning-XiaobeiNeural_SC-001241.wav,spoof,RT-EDGETTS-DONGBEI,clean,redteam_factory/Edge-TTS,微软服务条款，仅研究评测用途,edgetts,dongbei,SC-001241,zh-CN-liaoning-XiaobeiNeural,15.24,True,True,0.0,True,0.30971128608923887,True,True,0.011,True
data/redteam/factory/edgetts/dongbei/edgetts_dongbei_zh-CN-liaoning-XiaobeiNeural_SC-001335.wav,spoof,RT-EDGETTS-DONGBEI,clean,redteam_factory/Edge-TTS,微软服务条款，仅研究评测用途,edgetts,dongbei,SC-001335,zh-CN-liaoning-XiaobeiNeural,13.82,True,True,0.0,True,0.2981186685962373,True,True,0.018,True
data/redteam/factory/edgetts/dongbei/edgetts_dongbei_zh-CN-liaoning-XiaobeiNeural_SC-001450.wav,spoof,RT-EDGETTS-DONGBEI,clean,redteam_factory/Edge-TTS,微软服务条款，仅研究评测用途,edgetts,dongbei,SC-001450,zh-CN-liaoning-XiaobeiNeural,18.14,True,True,0.0,True,0.24696802646085997,True,True,0.003,True
data/redteam/factory/edgetts/dongbei/edgetts_dongbei_zh-CN-liaoning-XiaobeiNeural_SC-001527.wav,spoof,RT-EDGETTS-DONGBEI,clean,redteam_factory/Edge-TTS,微软服务条款，仅研究评测用途,edgetts,dongbei,SC-001527,zh-CN-liaoning-XiaobeiNeural,18.77,True,True,0.0,True,0.29850746268656714,True,True,0.096,True
data/redteam/factory/edgetts/dongbei/edgetts_dongbei_zh-CN-liaoning-XiaobeiNeural_SC-001613.wav,spoof,RT-EDGETTS-DONGBEI,clean,redteam_factory/Edge-TTS,微软服务条款，仅研究评测用途,edgetts,dongbei,SC-001613,zh-CN-liaoning-XiaobeiNeural,17.45,True,True,0.0,True,0.3130733944954128,True,True,0.061,True
data/redteam/factory/edgetts/henan/edgetts_henan_zh-CN-shaanxi-XiaoniNeural_SC-000425.wav,spoof,RT-EDGETTS-HENAN,clean,redteam_factory/Edge-TTS,微软服务条款，仅研究评测用途,edgetts,henan,SC-000425,zh-CN-shaanxi-XiaoniNeural,18.89,True,True,0.0,True,0.3167372881355932,True,True,0.028,True
data/redteam/factory/edgetts/henan/edgetts_henan_zh-CN-shaanxi-XiaoniNeural_SC-000613.wav,spoof,RT-EDGETTS-HENAN,clean,redteam_factory/Edge-TTS,微软服务条款，仅研究评测用途,edgetts,henan,SC-000613,zh-CN-shaanxi-XiaoniNeural,16.2,True,True,0.0,True,0.33827160493827163,True,True,0.003,True
data/redteam/factory/edgetts/henan/edgetts_henan_zh-CN-shaanxi-XiaoniNeural_SC-000671.wav,spoof,RT-EDGETTS-HENAN,clean,redteam_factory/Edge-TTS,微软服务条款，仅研究评测用途,edgetts,henan,SC-000671,zh-CN-shaanxi-XiaoniNeural,15.7,True,True,0.0,True,0.3354591836734694,True,True,0.13,True
data/redteam/factory/edgetts/henan/edgetts_henan_zh-CN-shaanxi-XiaoniNeural_SC-000737.wav,spoof,RT-EDGETTS-HENAN,clean,redteam_factory/Edge-TTS,微软服务条款，仅研究评测用途,edgetts,henan,SC-000737,zh-CN-shaanxi-XiaoniNeural,16.39,True,True,0.0,True,0.34065934065934067,True,True,0.056,True
data/redteam/factory/edgetts/henan/edgetts_henan_zh-CN-shaanxi-XiaoniNeural_SC-000826.wav,spoof,RT-EDGETTS-HENAN,clean,redteam_factory/Edge-TTS,微软服务条款，仅研究评测用途,edgetts,henan,SC-000826,zh-CN-shaanxi-XiaoniNeural,16.75,True,True,0.0,True,0.33572281959378736,True,True,0.005,True
data/redteam/factory/edgetts/henan/edgetts_henan_zh-CN-shaanxi-XiaoniNeural_SC-000995.wav,spoof,RT-EDGETTS-HENAN,clean,redteam_factory/Edge-TTS,微软服务条款，仅研究评测用途,edgetts,henan,SC-000995,zh-CN-shaanxi-XiaoniNeural,14.45,True,True,0.0,True,0.3684210526315789,True,True,0.022,True
data/redteam/factory/edgetts/henan/edgetts_henan_zh-CN-shaanxi-XiaoniNeural_SC-001081.wav,spoof,RT-EDGETTS-HENAN,clean,redteam_factory/Edge-TTS,微软服务条款，仅研究评测用途,edgetts,henan,SC-001081,zh-CN-shaanxi-XiaoniNeural,14.69,True,True,0.0,True,0.32833787465940056,True,True,0.018,True
data/redteam/factory/edgetts/henan/edgetts_henan_zh-CN-shaanxi-XiaoniNeural_SC-001165.wav,spoof,RT-EDGETTS-HENAN,clean,redteam_factory/Edge-TTS,微软服务条款，仅研究评测用途,edgetts,henan,SC-001165,zh-CN-shaanxi-XiaoniNeural,16.9,True,True,0.0,True,0.34360189573459715,True,True,0.019,True
data/redteam/factory/edgetts/henan/edgetts_henan_zh-CN-shaanxi-XiaoniNeural_SC-001219.wav,spoof,RT-EDGETTS-HENAN,clean,redteam_factory/Edge-TTS,微软服务条款，仅研究评测用途,edgetts,henan,SC-001219,zh-CN-shaanxi-XiaoniNeural,14.23,True,True,0.0,True,0.29957805907172996,True,True,0.008,True
data/redteam/factory/edgetts/henan/edgetts_henan_zh-CN-shaanxi-XiaoniNeural_SC-001290.wav,spoof,RT-EDGETTS-HENAN,clean,redteam_factory/Edge-TTS,微软服务条款，仅研究评测用途,edgetts,henan,SC-001290,zh-CN-shaanxi-XiaoniNeural,17.81,True,True,0.0,True,0.27640449438202247,True,True,0.018,True
data/redteam/factory/edgetts/henan/edgetts_henan_zh-CN-shaanxi-XiaoniNeural_SC-001345.wav,spoof,RT-EDGETTS-HENAN,clean,redteam_factory/Edge-TTS,微软服务条款，仅研究评测用途,edgetts,henan,SC-001345,zh-CN-shaanxi-XiaoniNeural,18.5,True,True,0.0,True,0.33513513513513515,True,True,0.025,True
data/redteam/factory/edgetts/henan/edgetts_henan_zh-CN-shaanxi-XiaoniNeural_SC-001485.wav,spoof,RT-EDGETTS-HENAN,clean,redteam_factory/Edge-TTS,微软服务条款，仅研究评测用途,edgetts,henan,SC-001485,zh-CN-shaanxi-XiaoniNeural,19.73,True,True,0.0,True,0.295131845841785,True,True,0.151,True
data/redteam/factory/edgetts/henan/edgetts_henan_zh-CN-shaanxi-XiaoniNeural_SC-001536.wav,spoof,RT-EDGETTS-HENAN,clean,redteam_factory/Edge-TTS,微软服务条款，仅研究评测用途,edgetts,henan,SC-001536,zh-CN-shaanxi-XiaoniNeural,10.46,True,True,0.0,True,0.27533460803059273,True,True,0.059,True
data/redteam/factory/edgetts/henan/edgetts_henan_zh-CN-shaanxi-XiaoniNeural_SC-001599.wav,spoof,RT-EDGETTS-HENAN,clean,redteam_factory/Edge-TTS,微软服务条款，仅研究评测用途,edgetts,henan,SC-001599,zh-CN-shaanxi-XiaoniNeural,13.61,True,True,0.0,True,0.32794117647058824,True,True,0.017,True
data/redteam/factory/edgetts/mandarin/edgetts_mandarin_zh-CN-YunxiNeural_SC-000132.wav,spoof,RT-EDGETTS-MANDARIN,clean,redteam_factory/Edge-TTS,微软服务条款，仅研究评测用途,edgetts,mandarin,SC-000132,zh-CN-YunxiNeural,9.98,True,True,0.0,True,0.4228456913827655,True,True,0.001,True
data/redteam/factory/edgetts/mandarin/edgetts_mandarin_zh-CN-YunxiNeural_SC-000152.wav,spoof,RT-EDGETTS-MANDARIN,clean,redteam_factory/Edge-TTS,微软服务条款，仅研究评测用途,edgetts,mandarin,SC-000152,zh-CN-YunxiNeural,15.43,True,True,0.0,True,0.4461738002594034,True,True,0.043,True
data/redteam/factory/edgetts/mandarin/edgetts_mandarin_zh-CN-YunxiNeural_SC-000169.wav,spoof,RT-EDGETTS-MANDARIN,clean,redteam_factory/Edge-TTS,微软服务条款，仅研究评测用途,edgetts,mandarin,SC-000169,zh-CN-YunxiNeural,13.2,True,True,0.0,True,0.4075757575757576,True,True,0.005,True
data/redteam/factory/edgetts/mandarin/edgetts_mandarin_zh-CN-YunxiNeural_SC-000184.wav,spoof,RT-EDGETTS-MANDARIN,clean,redteam_factory/Edge-TTS,微软服务条款，仅研究评测用途,edgetts,mandarin,SC-000184,zh-CN-YunxiNeural,9.43,True,True,0.0,True,0.42038216560509556,True,True,0.001,True
data/redteam/factory/edgetts/mandarin/edgetts_mandarin_zh-CN-YunxiNeural_SC-000202.wav,spoof,RT-EDGETTS-MANDARIN,clean,redteam_factory/Edge-TTS,微软服务条款，仅研究评测用途,edgetts,mandarin,SC-000202,zh-CN-YunxiNeural,9.72,True,True,0.0,True,0.41975308641975306,True,True,0.003,True
data/redteam/factory/edgetts/mandarin/edgetts_mandarin_zh-CN-YunxiNeural_SC-000224.wav,spoof,RT-EDGETTS-MANDARIN,clean,redteam_factory/Edge-TTS,微软服务条款，仅研究评测用途,edgetts,mandarin,SC-000224,zh-CN-YunxiNeural,17.14,True,True,0.0,True,0.4158878504672897,True,True,0.022,True
data/redteam/factory/edgetts/mandarin/edgetts_mandarin_zh-CN-YunxiNeural_SC-000242.wav,spoof,RT-EDGETTS-MANDARIN,clean,redteam_factory/Edge-TTS,微软服务条款，仅研究评测用途,edgetts,mandarin,SC-000242,zh-CN-YunxiNeural,14.33,True,True,0.0,True,0.44273743016759776,True,True,0.004,True
data/redteam/factory/edgetts/mandarin/edgetts_mandarin_zh-CN-YunxiNeural_SC-000272.wav,spoof,RT-EDGETTS-MANDARIN,clean,redteam_factory/Edge-TTS,微软服务条款，仅研究评测用途,edgetts,mandarin,SC-000272,zh-CN-YunxiNeural,14.71,True,True,0.0,True,0.4,True,True,0.029,True
data/redteam/factory/edgetts/mandarin/edgetts_mandarin_zh-CN-YunxiNeural_SC-000292.wav,spoof,RT-EDGETTS-MANDARIN,clean,redteam_factory/Edge-TTS,微软服务条款，仅研究评测用途,edgetts,mandarin,SC-000292,zh-CN-YunxiNeural,13.78,True,True,0.0,True,0.42005813953488375,True,True,0.011,True
data/redteam/factory/edgetts/mandarin/edgetts_mandarin_zh-CN-YunxiNeural_SC-000313.wav,spoof,RT-EDGETTS-MANDARIN,clean,redteam_factory/Edge-TTS,微软服务条款，仅研究评测用途,edgetts,mandarin,SC-000313,zh-CN-YunxiNeural,19.01,True,True,0.0,True,0.38421052631578945,True,True,0.078,True
data/redteam/factory/edgetts/mandarin/edgetts_mandarin_zh-CN-YunxiNeural_SC-000356.wav,spoof,RT-EDGETTS-MANDARIN,clean,redteam_factory/Edge-TTS,微软服务条款，仅研究评测用途,edgetts,mandarin,SC-000356,zh-CN-YunxiNeural,11.11,True,True,0.0,True,0.45225225225225224,True,True,0.015,True
data/redteam/factory/edgetts/mandarin/edgetts_mandarin_zh-CN-YunxiNeural_SC-000374.wav,spoof,RT-EDGETTS-MANDARIN,clean,redteam_factory/Edge-TTS,微软服务条款，仅研究评测用途,edgetts,mandarin,SC-000374,zh-CN-YunxiNeural,12.98,True,True,0.0,True,0.4406779661016949,True,True,0.022,True
data/redteam/factory/edgetts/mandarin/edgetts_mandarin_zh-CN-YunxiNeural_SC-000431.wav,spoof,RT-EDGETTS-MANDARIN,clean,redteam_factory/Edge-TTS,微软服务条款，仅研究评测用途,edgetts,mandarin,SC-000431,zh-CN-YunxiNeural,12.14,True,True,0.0,True,0.39373970345963755,True,True,0.179,True
data/redteam/factory/edgetts/mandarin/edgetts_mandarin_zh-CN-YunxiNeural_SC-000452.wav,spoof,RT-EDGETTS-MANDARIN,clean,redteam_factory/Edge-TTS,微软服务条款，仅研究评测用途,edgetts,mandarin,SC-000452,zh-CN-YunxiNeural,12.24,True,True,0.0,True,0.46078431372549017,True,True,0.006,True
data/redteam/factory/edgetts/mandarin/edgetts_mandarin_zh-CN-YunxiNeural_SC-000470.wav,spoof,RT-EDGETTS-MANDARIN,clean,redteam_factory/Edge-TTS,微软服务条款，仅研究评测用途,edgetts,mandarin,SC-000470,zh-CN-YunxiNeural,19.61,True,True,0.0,True,0.37551020408163266,True,True,0.022,True
data/redteam/factory/edgetts/mandarin/edgetts_mandarin_zh-CN-YunxiNeural_SC-000485.wav,spoof,RT-EDGETTS-MANDARIN,clean,redteam_factory/Edge-TTS,微软服务条款，仅研究评测用途,edgetts,mandarin,SC-000485,zh-CN-YunxiNeural,13.13,True,True,0.0,True,0.4329268292682927,True,True,0.002,True
data/redteam/factory/edgetts/mandarin/edgetts_mandarin_zh-CN-YunxiNeural_SC-000506.wav,spoof,RT-EDGETTS-MANDARIN,clean,redteam_factory/Edge-TTS,微软服务条款，仅研究评测用途,edgetts,mandarin,SC-000506,zh-CN-YunxiNeural,12.77,True,True,0.0,True,0.36990595611285265,True,True,0.006,True
data/redteam/factory/edgetts/mandarin/edgetts_mandarin_zh-CN-XiaoxiaoNeural_SC-000132.wav,spoof,RT-EDGETTS-MANDARIN,clean,redteam_factory/Edge-TTS,微软服务条款，仅研究评测用途,edgetts,mandarin,SC-000132,zh-CN-XiaoxiaoNeural,10.22,True,True,0.0,True,0.24266144814090018,True,True,0.116,True
data/redteam/factory/edgetts/mandarin/edgetts_mandarin_zh-CN-XiaoxiaoNeural_SC-000152.wav,spoof,RT-EDGETTS-MANDARIN,clean,redteam_factory/Edge-TTS,微软服务条款，仅研究评测用途,edgetts,mandarin,SC-000152,zh-CN-XiaoxiaoNeural,15.02,True,True,0.0,True,0.3209054593874834,True,True,0.008,True
data/redteam/factory/edgetts/mandarin/edgetts_mandarin_zh-CN-XiaoxiaoNeural_SC-000184.wav,spoof,RT-EDGETTS-MANDARIN,clean,redteam_factory/Edge-TTS,微软服务条款，仅研究评测用途,edgetts,mandarin,SC-000184,zh-CN-XiaoxiaoNeural,9.6,True,True,0.0,True,0.28958333333333336,True,True,0.017,True
data/redteam/factory/edgetts/mandarin/edgetts_mandarin_zh-CN-XiaoxiaoNeural_SC-000202.wav,spoof,RT-EDGETTS-MANDARIN,clean,redteam_factory/Edge-TTS,微软服务条款，仅研究评测用途,edgetts,mandarin,SC-000202,zh-CN-XiaoxiaoNeural,10.15,True,True,0.0,True,0.28007889546351084,True,True,0.071,True
data/redteam/factory/edgetts/mandarin/edgetts_mandarin_zh-CN-XiaoxiaoNeural_SC-000224.wav,spoof,RT-EDGETTS-MANDARIN,clean,redteam_factory/Edge-TTS,微软服务条款，仅研究评测用途,edgetts,mandarin,SC-000224,zh-CN-XiaoxiaoNeural,17.04,True,True,0.0,True,0.27582159624413144,True,True,0.191,True
data/redteam/factory/edgetts/mandarin/edgetts_mandarin_zh-CN-XiaoxiaoNeural_SC-000272.wav,spoof,RT-EDGETTS-MANDARIN,clean,redteam_factory/Edge-TTS,微软服务条款，仅研究评测用途,edgetts,mandarin,SC-000272,zh-CN-XiaoxiaoNeural,15.07,True,True,0.0,True,0.2337317397078353,True,True,0.25,True
data/redteam/factory/edgetts/mandarin/edgetts_mandarin_zh-CN-XiaoxiaoNeural_SC-000292.wav,spoof,RT-EDGETTS-MANDARIN,clean,redteam_factory/Edge-TTS,微软服务条款，仅研究评测用途,edgetts,mandarin,SC-000292,zh-CN-XiaoxiaoNeural,14.23,True,True,0.0,True,0.26863572433192684,True,True,0.133,True
data/redteam/factory/edgetts/mandarin/edgetts_mandarin_zh-CN-XiaoxiaoNeural_SC-000313.wav,spoof,RT-EDGETTS-MANDARIN,clean,redteam_factory/Edge-TTS,微软服务条款，仅研究评测用途,edgetts,mandarin,SC-000313,zh-CN-XiaoxiaoNeural,19.63,True,True,0.0,True,0.25382262996941896,True,True,0.268,True
data/redteam/factory/edgetts/mandarin/edgetts_mandarin_zh-CN-XiaoxiaoNeural_SC-000356.wav,spoof,RT-EDGETTS-MANDARIN,clean,redteam_factory/Edge-TTS,微软服务条款，仅研究评测用途,edgetts,mandarin,SC-000356,zh-CN-XiaoxiaoNeural,10.85,True,True,0.0,True,0.35239852398523985,True,True,0.042,True
data/redteam/factory/edgetts/mandarin/edgetts_mandarin_zh-CN-XiaoxiaoNeural_SC-000397.wav,spoof,RT-EDGETTS-MANDARIN,clean,redteam_factory/Edge-TTS,微软服务条款，仅研究评测用途,edgetts,mandarin,SC-000397,zh-CN-XiaoxiaoNeural,17.21,True,True,0.0,True,0.2941860465116279,True,True,0.199,True
data/redteam/factory/edgetts/mandarin/edgetts_mandarin_zh-CN-XiaoxiaoNeural_SC-000431.wav,spoof,RT-EDGETTS-MANDARIN,clean,redteam_factory/Edge-TTS,微软服务条款，仅研究评测用途,edgetts,mandarin,SC-000431,zh-CN-XiaoxiaoNeural,12.22,True,True,0.0,True,0.260655737704918,True,True,0.226,True
data/redteam/factory/edgetts/mandarin/edgetts_mandarin_zh-CN-XiaoxiaoNeural_SC-000452.wav,spoof,RT-EDGETTS-MANDARIN,clean,redteam_factory/Edge-TTS,微软服务条款，仅研究评测用途,edgetts,mandarin,SC-000452,zh-CN-XiaoxiaoNeural,11.57,True,True,0.0,True,0.3304498269896194,True,True,0.133,True
data/redteam/factory/edgetts/mandarin/edgetts_mandarin_zh-CN-XiaoxiaoNeural_SC-000485.wav,spoof,RT-EDGETTS-MANDARIN,clean,redteam_factory/Edge-TTS,微软服务条款，仅研究评测用途,edgetts,mandarin,SC-000485,zh-CN-XiaoxiaoNeural,12.7,True,True,0.0,True,0.27917981072555204,True,True,0.075,True
data/redteam/factory/edgetts/mandarin/edgetts_mandarin_zh-CN-XiaoxiaoNeural_SC-000506.wav,spoof,RT-EDGETTS-MANDARIN,clean,redteam_factory/Edge-TTS,微软服务条款，仅研究评测用途,edgetts,mandarin,SC-000506,zh-CN-XiaoxiaoNeural,13.54,True,True,0.0,True,0.24260355029585798,True,True,0.206,True
data/redteam/factory/edgetts/mandarin/edgetts_mandarin_zh-CN-YunjianNeural_SC-000132.wav,spoof,RT-EDGETTS-MANDARIN,clean,redteam_factory/Edge-TTS,微软服务条款，仅研究评测用途,edgetts,mandarin,SC-000132,zh-CN-YunjianNeural,9.89,True,True,0.0,True,0.305668016194332,True,True,0.007,True
data/redteam/factory/edgetts/mandarin/edgetts_mandarin_zh-CN-YunjianNeural_SC-000152.wav,spoof,RT-EDGETTS-MANDARIN,clean,redteam_factory/Edge-TTS,微软服务条款，仅研究评测用途,edgetts,mandarin,SC-000152,zh-CN-YunjianNeural,15.41,True,True,0.0,True,0.34805194805194806,True,True,0.036,True
data/redteam/factory/edgetts/mandarin/edgetts_mandarin_zh-CN-YunjianNeural_SC-000169.wav,spoof,RT-EDGETTS-MANDARIN,clean,redteam_factory/Edge-TTS,微软服务条款，仅研究评测用途,edgetts,mandarin,SC-000169,zh-CN-YunjianNeural,13.03,True,True,0.0,True,0.31490015360983103,True,True,0.015,True
data/redteam/factory/edgetts/mandarin/edgetts_mandarin_zh-CN-YunjianNeural_SC-000184.wav,spoof,RT-EDGETTS-MANDARIN,clean,redteam_factory/Edge-TTS,微软服务条款，仅研究评测用途,edgetts,mandarin,SC-000184,zh-CN-YunjianNeural,9.65,True,True,0.0,True,0.3029045643153527,True,True,0.012,True
data/redteam/factory/edgetts/mandarin/edgetts_mandarin_zh-CN-YunjianNeural_SC-000202.wav,spoof,RT-EDGETTS-MANDARIN,clean,redteam_factory/Edge-TTS,微软服务条款，仅研究评测用途,edgetts,mandarin,SC-000202,zh-CN-YunjianNeural,9.65,True,True,0.0,True,0.3215767634854772,True,True,0.01,True
data/redteam/factory/edgetts/mandarin/edgetts_mandarin_zh-CN-YunjianNeural_SC-000224.wav,spoof,RT-EDGETTS-MANDARIN,clean,redteam_factory/Edge-TTS,微软服务条款，仅研究评测用途,edgetts,mandarin,SC-000224,zh-CN-YunjianNeural,16.49,True,True,0.0,True,0.32281553398058255,True,True,0.037,True
data/redteam/factory/edgetts/mandarin/edgetts_mandarin_zh-CN-YunjianNeural_SC-000242.wav,spoof,RT-EDGETTS-MANDARIN,clean,redteam_factory/Edge-TTS,微软服务条款，仅研究评测用途,edgetts,mandarin,SC-000242,zh-CN-YunjianNeural,14.21,True,True,0.0,True,0.3126760563380282,True,True,0.025,True
data/redteam/factory/edgetts/mandarin/edgetts_mandarin_zh-CN-YunjianNeural_SC-000272.wav,spoof,RT-EDGETTS-MANDARIN,clean,redteam_factory/Edge-TTS,微软服务条款，仅研究评测用途,edgetts,mandarin,SC-000272,zh-CN-YunjianNeural,14.54,True,True,0.0,True,0.2668500687757909,True,True,0.033,True
data/redteam/factory/edgetts/mandarin/edgetts_mandarin_zh-CN-YunjianNeural_SC-000292.wav,spoof,RT-EDGETTS-MANDARIN,clean,redteam_factory/Edge-TTS,微软服务条款，仅研究评测用途,edgetts,mandarin,SC-000292,zh-CN-YunjianNeural,14.06,True,True,0.0,True,0.2958748221906117,True,True,0.097,True
data/redteam/factory/edgetts/mandarin/edgetts_mandarin_zh-CN-YunjianNeural_SC-000313.wav,spoof,RT-EDGETTS-MANDARIN,clean,redteam_factory/Edge-TTS,微软服务条款，仅研究评测用途,edgetts,mandarin,SC-000313,zh-CN-YunjianNeural,19.7,True,True,0.0,True,0.29746192893401013,True,True,0.162,True
data/redteam/factory/edgetts/mandarin/edgetts_mandarin_zh-CN-YunjianNeural_SC-000356.wav,spoof,RT-EDGETTS-MANDARIN,clean,redteam_factory/Edge-TTS,微软服务条款，仅研究评测用途,edgetts,mandarin,SC-000356,zh-CN-YunjianNeural,11.06,True,True,0.0,True,0.37613019891500904,True,True,0.095,True
data/redteam/factory/edgetts/mandarin/edgetts_mandarin_zh-CN-YunjianNeural_SC-000374.wav,spoof,RT-EDGETTS-MANDARIN,clean,redteam_factory/Edge-TTS,微软服务条款，仅研究评测用途,edgetts,mandarin,SC-000374,zh-CN-YunjianNeural,13.8,True,True,0.0,True,0.32318840579710145,True,True,0.123,True
data/redteam/factory/edgetts/mandarin/edgetts_mandarin_zh-CN-YunjianNeural_SC-000397.wav,spoof,RT-EDGETTS-MANDARIN,clean,redteam_factory/Edge-TTS,微软服务条款，仅研究评测用途,edgetts,mandarin,SC-000397,zh-CN-YunjianNeural,17.09,True,True,0.0,True,0.3185011709601874,True,True,0.032,True
data/redteam/factory/edgetts/mandarin/edgetts_mandarin_zh-CN-YunjianNeural_SC-000431.wav,spoof,RT-EDGETTS-MANDARIN,clean,redteam_factory/Edge-TTS,微软服务条款，仅研究评测用途,edgetts,mandarin,SC-000431,zh-CN-YunjianNeural,12.17,True,True,0.0,True,0.28125,True,True,0.06,True
data/redteam/factory/edgetts/mandarin/edgetts_mandarin_zh-CN-YunjianNeural_SC-000452.wav,spoof,RT-EDGETTS-MANDARIN,clean,redteam_factory/Edge-TTS,微软服务条款，仅研究评测用途,edgetts,mandarin,SC-000452,zh-CN-YunjianNeural,12.72,True,True,0.0,True,0.3710691823899371,True,True,0.033,True
data/redteam/factory/edgetts/mandarin/edgetts_mandarin_zh-CN-YunjianNeural_SC-000485.wav,spoof,RT-EDGETTS-MANDARIN,clean,redteam_factory/Edge-TTS,微软服务条款，仅研究评测用途,edgetts,mandarin,SC-000485,zh-CN-YunjianNeural,12.84,True,True,0.0,True,0.30218068535825543,True,True,0.007,True
data/redteam/factory/edgetts/mandarin/edgetts_mandarin_zh-CN-YunjianNeural_SC-000506.wav,spoof,RT-EDGETTS-MANDARIN,clean,redteam_factory/Edge-TTS,微软服务条款，仅研究评测用途,edgetts,mandarin,SC-000506,zh-CN-YunjianNeural,13.25,True,True,0.0,True,0.2598187311178248,True,True,0.005,True
data/redteam/factory/edgetts/mandarin/edgetts_mandarin_zh-CN-YunxiNeural_SC-000397.wav,spoof,RT-EDGETTS-MANDARIN,clean,redteam_factory/Edge-TTS,微软服务条款，仅研究评测用途,edgetts,mandarin,SC-000397,zh-CN-YunxiNeural,15.79,True,True,0.0,True,0.4461343472750317,True,True,0.002,True
data/redteam/factory/edgetts/mandarin/edgetts_mandarin_zh-CN-YunyangNeural_SC-000132.wav,spoof,RT-EDGETTS-MANDARIN,clean,redteam_factory/Edge-TTS,微软服务条款，仅研究评测用途,edgetts,mandarin,SC-000132,zh-CN-YunyangNeural,9.05,True,True,0.0,True,0.3053097345132743,True,True,0.007,True
data/redteam/factory/edgetts/mandarin/edgetts_mandarin_zh-CN-YunyangNeural_SC-000152.wav,spoof,RT-EDGETTS-MANDARIN,clean,redteam_factory/Edge-TTS,微软服务条款，仅研究评测用途,edgetts,mandarin,SC-000152,zh-CN-YunyangNeural,13.7,True,True,0.0,True,0.3883211678832117,True,True,0.009,True
data/redteam/factory/edgetts/mandarin/edgetts_mandarin_zh-CN-YunyangNeural_SC-000169.wav,spoof,RT-EDGETTS-MANDARIN,clean,redteam_factory/Edge-TTS,微软服务条款，仅研究评测用途,edgetts,mandarin,SC-000169,zh-CN-YunyangNeural,12.77,True,True,0.0,True,0.3683385579937304,True,True,0.008,True
data/redteam/factory/edgetts/mandarin/edgetts_mandarin_zh-CN-YunyangNeural_SC-000184.wav,spoof,RT-EDGETTS-MANDARIN,clean,redteam_factory/Edge-TTS,微软服务条款，仅研究评测用途,edgetts,mandarin,SC-000184,zh-CN-YunyangNeural,8.35,True,True,0.0,True,0.35251798561151076,True,True,0.015,True
data/redteam/factory/edgetts/mandarin/edgetts_mandarin_zh-CN-YunyangNeural_SC-000202.wav,spoof,RT-EDGETTS-MANDARIN,clean,redteam_factory/Edge-TTS,微软服务条款，仅研究评测用途,edgetts,mandarin,SC-000202,zh-CN-YunyangNeural,8.83,True,True,0.0,True,0.31746031746031744,True,True,0.016,True
data/redteam/factory/edgetts/mandarin/edgetts_mandarin_zh-CN-YunyangNeural_SC-000224.wav,spoof,RT-EDGETTS-MANDARIN,clean,redteam_factory/Edge-TTS,微软服务条款，仅研究评测用途,edgetts,mandarin,SC-000224,zh-CN-YunyangNeural,14.81,True,True,0.0,True,0.35135135135135137,True,True,0.121,True
data/redteam/factory/edgetts/mandarin/edgetts_mandarin_zh-CN-YunyangNeural_SC-000242.wav,spoof,RT-EDGETTS-MANDARIN,clean,redteam_factory/Edge-TTS,微软服务条款，仅研究评测用途,edgetts,mandarin,SC-000242,zh-CN-YunyangNeural,13.3,True,True,0.0,True,0.3629518072289157,True,True,0.018,True
data/redteam/factory/edgetts/mandarin/edgetts_mandarin_zh-CN-YunyangNeural_SC-000272.wav,spoof,RT-EDGETTS-MANDARIN,clean,redteam_factory/Edge-TTS,微软服务条款，仅研究评测用途,edgetts,mandarin,SC-000272,zh-CN-YunyangNeural,13.51,True,True,0.0,True,0.3437037037037037,True,True,0.013,True
data/redteam/factory/edgetts/mandarin/edgetts_mandarin_zh-CN-YunyangNeural_SC-000292.wav,spoof,RT-EDGETTS-MANDARIN,clean,redteam_factory/Edge-TTS,微软服务条款，仅研究评测用途,edgetts,mandarin,SC-000292,zh-CN-YunyangNeural,12.79,True,True,0.0,True,0.3536776212832551,True,True,0.041,True
data/redteam/factory/edgetts/mandarin/edgetts_mandarin_zh-CN-YunyangNeural_SC-000313.wav,spoof,RT-EDGETTS-MANDARIN,clean,redteam_factory/Edge-TTS,微软服务条款，仅研究评测用途,edgetts,mandarin,SC-000313,zh-CN-YunyangNeural,17.66,True,True,0.0,True,0.3057757644394111,True,True,0.008,True
data/redteam/factory/edgetts/mandarin/edgetts_mandarin_zh-CN-YunyangNeural_SC-000356.wav,spoof,RT-EDGETTS-MANDARIN,clean,redteam_factory/Edge-TTS,微软服务条款，仅研究评测用途,edgetts,mandarin,SC-000356,zh-CN-YunyangNeural,10.22,True,True,0.0,True,0.41487279843444225,True,True,0.014,True
data/redteam/factory/edgetts/mandarin/edgetts_mandarin_zh-CN-YunyangNeural_SC-000374.wav,spoof,RT-EDGETTS-MANDARIN,clean,redteam_factory/Edge-TTS,微软服务条款，仅研究评测用途,edgetts,mandarin,SC-000374,zh-CN-YunyangNeural,11.76,True,True,0.0,True,0.3486394557823129,True,True,0.006,True
data/redteam/factory/edgetts/mandarin/edgetts_mandarin_zh-CN-YunyangNeural_SC-000397.wav,spoof,RT-EDGETTS-MANDARIN,clean,redteam_factory/Edge-TTS,微软服务条款，仅研究评测用途,edgetts,mandarin,SC-000397,zh-CN-YunyangNeural,15.41,True,True,0.0,True,0.36233766233766235,True,True,0.007,True
data/redteam/factory/edgetts/mandarin/edgetts_mandarin_zh-CN-YunyangNeural_SC-000431.wav,spoof,RT-EDGETTS-MANDARIN,clean,redteam_factory/Edge-TTS,微软服务条款，仅研究评测用途,edgetts,mandarin,SC-000431,zh-CN-YunyangNeural,10.73,True,True,0.0,True,0.2966417910447761,True,True,0.04,True
data/redteam/factory/edgetts/mandarin/edgetts_mandarin_zh-CN-YunyangNeural_SC-000452.wav,spoof,RT-EDGETTS-MANDARIN,clean,redteam_factory/Edge-TTS,微软服务条款，仅研究评测用途,edgetts,mandarin,SC-000452,zh-CN-YunyangNeural,11.09,True,True,0.0,True,0.3953068592057762,True,True,0.011,True
data/redteam/factory/edgetts/mandarin/edgetts_mandarin_zh-CN-YunyangNeural_SC-000470.wav,spoof,RT-EDGETTS-MANDARIN,clean,redteam_factory/Edge-TTS,微软服务条款，仅研究评测用途,edgetts,mandarin,SC-000470,zh-CN-YunyangNeural,18.38,True,True,0.0,True,0.32426550598476606,True,True,0.026,True
data/redteam/factory/edgetts/mandarin/edgetts_mandarin_zh-CN-YunyangNeural_SC-000485.wav,spoof,RT-EDGETTS-MANDARIN,clean,redteam_factory/Edge-TTS,微软服务条款，仅研究评测用途,edgetts,mandarin,SC-000485,zh-CN-YunyangNeural,11.23,True,True,0.0,True,0.34581105169340465,True,True,0.023,True
data/redteam/factory/edgetts/mandarin/edgetts_mandarin_zh-CN-YunyangNeural_SC-000506.wav,spoof,RT-EDGETTS-MANDARIN,clean,redteam_factory/Edge-TTS,微软服务条款，仅研究评测用途,edgetts,mandarin,SC-000506,zh-CN-YunyangNeural,12.12,True,True,0.0,True,0.30528052805280526,True,True,0.175,True
data/redteam/factory/edgetts/minnan/edgetts_minnan_zh-TW-HsiaoChenNeural_SC-000527.wav,spoof,RT-EDGETTS-MINNAN,clean,redteam_factory/Edge-TTS,微软服务条款，仅研究评测用途,edgetts,minnan,SC-000527,zh-TW-HsiaoChenNeural,15.17,True,True,0.0,True,0.2638522427440633,True,True,0.044,True
data/redteam/factory/edgetts/minnan/edgetts_minnan_zh-TW-HsiaoChenNeural_SC-000767.wav,spoof,RT-EDGETTS-MINNAN,clean,redteam_factory/Edge-TTS,微软服务条款，仅研究评测用途,edgetts,minnan,SC-000767,zh-TW-HsiaoChenNeural,13.15,True,True,0.0,True,0.30441400304414,True,True,0.012,True
data/redteam/factory/edgetts/minnan/edgetts_minnan_zh-TW-HsiaoChenNeural_SC-000830.wav,spoof,RT-EDGETTS-MINNAN,clean,redteam_factory/Edge-TTS,微软服务条款，仅研究评测用途,edgetts,minnan,SC-000830,zh-TW-HsiaoChenNeural,18.22,True,True,0.0,True,0.26043956043956046,True,True,0.029,True
data/redteam/factory/edgetts/minnan/edgetts_minnan_zh-TW-HsiaoChenNeural_SC-000870.wav,spoof,RT-EDGETTS-MINNAN,clean,redteam_factory/Edge-TTS,微软服务条款，仅研究评测用途,edgetts,minnan,SC-000870,zh-TW-HsiaoChenNeural,13.06,True,True,0.0,True,0.294478527607362,True,True,0.009,True
data/redteam/factory/edgetts/minnan/edgetts_minnan_zh-TW-HsiaoChenNeural_SC-001033.wav,spoof,RT-EDGETTS-MINNAN,clean,redteam_factory/Edge-TTS,微软服务条款，仅研究评测用途,edgetts,minnan,SC-001033,zh-TW-HsiaoChenNeural,10.22,True,True,0.0,True,0.22700587084148727,True,True,0.241,True
data/redteam/factory/edgetts/minnan/edgetts_minnan_zh-TW-HsiaoChenNeural_SC-001097.wav,spoof,RT-EDGETTS-MINNAN,clean,redteam_factory/Edge-TTS,微软服务条款，仅研究评测用途,edgetts,minnan,SC-001097,zh-TW-HsiaoChenNeural,13.06,True,True,0.0,True,0.2684049079754601,True,True,0.057,True
data/redteam/factory/edgetts/minnan/edgetts_minnan_zh-TW-HsiaoChenNeural_SC-001134.wav,spoof,RT-EDGETTS-MINNAN,clean,redteam_factory/Edge-TTS,微软服务条款，仅研究评测用途,edgetts,minnan,SC-001134,zh-TW-HsiaoChenNeural,15.72,True,True,0.0,True,0.38676844783715014,True,True,0.011,True
data/redteam/factory/edgetts/minnan/edgetts_minnan_zh-TW-HsiaoChenNeural_SC-001258.wav,spoof,RT-EDGETTS-MINNAN,clean,redteam_factory/Edge-TTS,微软服务条款，仅研究评测用途,edgetts,minnan,SC-001258,zh-TW-HsiaoChenNeural,13.13,True,True,0.0,True,0.24542682926829268,True,True,0.168,True
data/redteam/factory/edgetts/minnan/edgetts_minnan_zh-TW-HsiaoChenNeural_SC-001308.wav,spoof,RT-EDGETTS-MINNAN,clean,redteam_factory/Edge-TTS,微软服务条款，仅研究评测用途,edgetts,minnan,SC-001308,zh-TW-HsiaoChenNeural,14.42,True,True,0.0,True,0.260748959778086,True,True,0.209,True
data/redteam/factory/edgetts/minnan/edgetts_minnan_zh-TW-HsiaoChenNeural_SC-001397.wav,spoof,RT-EDGETTS-MINNAN,clean,redteam_factory/Edge-TTS,微软服务条款，仅研究评测用途,edgetts,minnan,SC-001397,zh-TW-HsiaoChenNeural,19.15,True,True,0.0,True,0.29153605015673983,True,True,0.076,True
data/redteam/factory/edgetts/minnan/edgetts_minnan_zh-TW-HsiaoChenNeural_SC-001583.wav,spoof,RT-EDGETTS-MINNAN,clean,redteam_factory/Edge-TTS,微软服务条款，仅研究评测用途,edgetts,minnan,SC-001583,zh-TW-HsiaoChenNeural,9.46,True,True,0.0,True,0.3432203389830508,True,True,0.075,True
data/redteam/factory/edgetts/minnan/edgetts_minnan_zh-TW-HsiaoChenNeural_SC-001663.wav,spoof,RT-EDGETTS-MINNAN,clean,redteam_factory/Edge-TTS,微软服务条款，仅研究评测用途,edgetts,minnan,SC-001663,zh-TW-HsiaoChenNeural,18.74,True,True,0.0,True,0.2753468516542156,True,True,0.011,True
data/redteam/factory/edgetts/minnan/edgetts_minnan_zh-TW-YunJheNeural_SC-000527.wav,spoof,RT-EDGETTS-MINNAN,clean,redteam_factory/Edge-TTS,微软服务条款，仅研究评测用途,edgetts,minnan,SC-000527,zh-TW-YunJheNeural,13.44,True,True,0.0,True,0.3244047619047619,True,True,0.007,True
data/redteam/factory/edgetts/minnan/edgetts_minnan_zh-TW-YunJheNeural_SC-000574.wav,spoof,RT-EDGETTS-MINNAN,clean,redteam_factory/Edge-TTS,微软服务条款，仅研究评测用途,edgetts,minnan,SC-000574,zh-TW-YunJheNeural,18.5,True,True,0.0,True,0.3654054054054054,True,True,0.003,True
data/redteam/factory/edgetts/minnan/edgetts_minnan_zh-TW-YunJheNeural_SC-000643.wav,spoof,RT-EDGETTS-MINNAN,clean,redteam_factory/Edge-TTS,微软服务条款，仅研究评测用途,edgetts,minnan,SC-000643,zh-TW-YunJheNeural,17.81,True,True,0.0,True,0.3393258426966292,True,True,0.013,True
data/redteam/factory/edgetts/minnan/edgetts_minnan_zh-TW-YunJheNeural_SC-000704.wav,spoof,RT-EDGETTS-MINNAN,clean,redteam_factory/Edge-TTS,微软服务条款，仅研究评测用途,edgetts,minnan,SC-000704,zh-TW-YunJheNeural,11.66,True,True,0.0,True,0.3481989708404803,True,True,0.032,True
data/redteam/factory/edgetts/minnan/edgetts_minnan_zh-TW-YunJheNeural_SC-000767.wav,spoof,RT-EDGETTS-MINNAN,clean,redteam_factory/Edge-TTS,微软服务条款，仅研究评测用途,edgetts,minnan,SC-000767,zh-TW-YunJheNeural,11.88,True,True,0.0,True,0.3771043771043771,True,True,0.029,True
data/redteam/factory/edgetts/minnan/edgetts_minnan_zh-TW-YunJheNeural_SC-000830.wav,spoof,RT-EDGETTS-MINNAN,clean,redteam_factory/Edge-TTS,微软服务条款，仅研究评测用途,edgetts,minnan,SC-000830,zh-TW-YunJheNeural,16.08,True,True,0.0,True,0.3333333333333333,True,True,0.007,True
data/redteam/factory/edgetts/minnan/edgetts_minnan_zh-TW-YunJheNeural_SC-000870.wav,spoof,RT-EDGETTS-MINNAN,clean,redteam_factory/Edge-TTS,微软服务条款，仅研究评测用途,edgetts,minnan,SC-000870,zh-TW-YunJheNeural,11.98,True,True,0.0,True,0.3729096989966555,True,True,0.007,True
data/redteam/factory/edgetts/minnan/edgetts_minnan_zh-TW-YunJheNeural_SC-001033.wav,spoof,RT-EDGETTS-MINNAN,clean,redteam_factory/Edge-TTS,微软服务条款，仅研究评测用途,edgetts,minnan,SC-001033,zh-TW-YunJheNeural,8.9,True,True,0.0,True,0.298876404494382,True,True,0.005,True
data/redteam/factory/edgetts/minnan/edgetts_minnan_zh-TW-YunJheNeural_SC-001097.wav,spoof,RT-EDGETTS-MINNAN,clean,redteam_factory/Edge-TTS,微软服务条款，仅研究评测用途,edgetts,minnan,SC-001097,zh-TW-YunJheNeural,11.76,True,True,0.0,True,0.358843537414966,True,True,0.004,True
data/redteam/factory/edgetts/minnan/edgetts_minnan_zh-TW-YunJheNeural_SC-001134.wav,spoof,RT-EDGETTS-MINNAN,clean,redteam_factory/Edge-TTS,微软服务条款，仅研究评测用途,edgetts,minnan,SC-001134,zh-TW-YunJheNeural,15.62,True,True,0.0,True,0.4622279129321383,True,True,0.004,True
data/redteam/factory/edgetts/minnan/edgetts_minnan_zh-TW-YunJheNeural_SC-001258.wav,spoof,RT-EDGETTS-MINNAN,clean,redteam_factory/Edge-TTS,微软服务条款，仅研究评测用途,edgetts,minnan,SC-001258,zh-TW-YunJheNeural,11.66,True,True,0.0,True,0.32246998284734135,True,True,0.01,True
data/redteam/factory/edgetts/minnan/edgetts_minnan_zh-TW-YunJheNeural_SC-001308.wav,spoof,RT-EDGETTS-MINNAN,clean,redteam_factory/Edge-TTS,微软服务条款，仅研究评测用途,edgetts,minnan,SC-001308,zh-TW-YunJheNeural,12.58,True,True,0.0,True,0.3519108280254777,True,True,0.005,True
data/redteam/factory/edgetts/minnan/edgetts_minnan_zh-TW-YunJheNeural_SC-001397.wav,spoof,RT-EDGETTS-MINNAN,clean,redteam_factory/Edge-TTS,微软服务条款，仅研究评测用途,edgetts,minnan,SC-001397,zh-TW-YunJheNeural,17.66,True,True,0.0,True,0.37032842582106457,True,True,0.013,True
data/redteam/factory/edgetts/minnan/edgetts_minnan_zh-TW-YunJheNeural_SC-001483.wav,spoof,RT-EDGETTS-MINNAN,clean,redteam_factory/Edge-TTS,微软服务条款，仅研究评测用途,edgetts,minnan,SC-001483,zh-TW-YunJheNeural,18.77,True,True,0.0,True,0.34541577825159914,True,True,0.008,True
data/redteam/factory/edgetts/minnan/edgetts_minnan_zh-TW-YunJheNeural_SC-001583.wav,spoof,RT-EDGETTS-MINNAN,clean,redteam_factory/Edge-TTS,微软服务条款，仅研究评测用途,edgetts,minnan,SC-001583,zh-TW-YunJheNeural,8.78,True,True,0.0,True,0.4168564920273349,True,True,0.015,True
data/redteam/factory/edgetts/minnan/edgetts_minnan_zh-TW-YunJheNeural_SC-001663.wav,spoof,RT-EDGETTS-MINNAN,clean,redteam_factory/Edge-TTS,微软服务条款，仅研究评测用途,edgetts,minnan,SC-001663,zh-TW-YunJheNeural,16.46,True,True,0.0,True,0.34386391251518833,True,True,0.009,True
data/redteam/factory/edgetts/sichuan/edgetts_sichuan_zh-CN-YunxiNeural_SC-000319.wav,spoof,RT-EDGETTS-SICHUAN,clean,redteam_factory/Edge-TTS,微软服务条款，仅研究评测用途,edgetts,sichuan,SC-000319,zh-CN-YunxiNeural,8.93,True,True,0.0,True,0.4439461883408072,True,True,0.002,True
data/redteam/factory/edgetts/sichuan/edgetts_sichuan_zh-CN-YunxiNeural_SC-000361.wav,spoof,RT-EDGETTS-SICHUAN,clean,redteam_factory/Edge-TTS,微软服务条款，仅研究评测用途,edgetts,sichuan,SC-000361,zh-CN-YunxiNeural,15.65,True,True,0.0,True,0.4846547314578005,True,True,0.007,True
data/redteam/factory/edgetts/sichuan/edgetts_sichuan_zh-CN-YunxiNeural_SC-000384.wav,spoof,RT-EDGETTS-SICHUAN,clean,redteam_factory/Edge-TTS,微软服务条款，仅研究评测用途,edgetts,sichuan,SC-000384,zh-CN-YunxiNeural,11.83,True,True,0.0,True,0.494077834179357,True,True,0.003,True
data/redteam/factory/edgetts/sichuan/edgetts_sichuan_zh-CN-YunxiNeural_SC-000607.wav,spoof,RT-EDGETTS-SICHUAN,clean,redteam_factory/Edge-TTS,微软服务条款，仅研究评测用途,edgetts,sichuan,SC-000607,zh-CN-YunxiNeural,11.47,True,True,0.0,True,0.3787085514834206,True,True,0.003,True
data/redteam/factory/edgetts/sichuan/edgetts_sichuan_zh-CN-YunxiNeural_SC-000673.wav,spoof,RT-EDGETTS-SICHUAN,clean,redteam_factory/Edge-TTS,微软服务条款，仅研究评测用途,edgetts,sichuan,SC-000673,zh-CN-YunxiNeural,14.33,True,True,0.0,True,0.4092178770949721,True,True,0.005,True
data/redteam/factory/edgetts/sichuan/edgetts_sichuan_zh-CN-YunxiNeural_SC-000799.wav,spoof,RT-EDGETTS-SICHUAN,clean,redteam_factory/Edge-TTS,微软服务条款，仅研究评测用途,edgetts,sichuan,SC-000799,zh-CN-YunxiNeural,12.24,True,True,0.0,True,0.47549019607843135,True,True,0.01,True
data/redteam/factory/edgetts/sichuan/edgetts_sichuan_zh-CN-YunxiNeural_SC-000894.wav,spoof,RT-EDGETTS-SICHUAN,clean,redteam_factory/Edge-TTS,微软服务条款，仅研究评测用途,edgetts,sichuan,SC-000894,zh-CN-YunxiNeural,18.31,True,True,0.0,True,0.4087431693989071,True,True,0.001,True
data/redteam/factory/edgetts/sichuan/edgetts_sichuan_zh-CN-YunxiNeural_SC-000967.wav,spoof,RT-EDGETTS-SICHUAN,clean,redteam_factory/Edge-TTS,微软服务条款，仅研究评测用途,edgetts,sichuan,SC-000967,zh-CN-YunxiNeural,17.62,True,True,0.0,True,0.40795454545454546,True,True,0.011,True
data/redteam/factory/edgetts/sichuan/edgetts_sichuan_zh-CN-YunxiNeural_SC-001040.wav,spoof,RT-EDGETTS-SICHUAN,clean,redteam_factory/Edge-TTS,微软服务条款，仅研究评测用途,edgetts,sichuan,SC-001040,zh-CN-YunxiNeural,15.94,True,True,0.0,True,0.40954773869346733,True,True,0.021,True
data/redteam/factory/edgetts/sichuan/edgetts_sichuan_zh-CN-YunxiNeural_SC-001127.wav,spoof,RT-EDGETTS-SICHUAN,clean,redteam_factory/Edge-TTS,微软服务条款，仅研究评测用途,edgetts,sichuan,SC-001127,zh-CN-YunxiNeural,11.54,True,True,0.0,True,0.4783362218370884,True,True,0.001,True
data/redteam/factory/edgetts/sichuan/edgetts_sichuan_zh-CN-YunxiNeural_SC-001177.wav,spoof,RT-EDGETTS-SICHUAN,clean,redteam_factory/Edge-TTS,微软服务条款，仅研究评测用途,edgetts,sichuan,SC-001177,zh-CN-YunxiNeural,12.36,True,True,0.0,True,0.4336569579288026,True,True,0.235,True
data/redteam/factory/edgetts/sichuan/edgetts_sichuan_zh-CN-YunxiNeural_SC-001249.wav,spoof,RT-EDGETTS-SICHUAN,clean,redteam_factory/Edge-TTS,微软服务条款，仅研究评测用途,edgetts,sichuan,SC-001249,zh-CN-YunxiNeural,12.24,True,True,0.0,True,0.5016339869281046,True,True,0.003,True
data/redteam/factory/edgetts/sichuan/edgetts_sichuan_zh-CN-YunxiNeural_SC-001342.wav,spoof,RT-EDGETTS-SICHUAN,clean,redteam_factory/Edge-TTS,微软服务条款，仅研究评测用途,edgetts,sichuan,SC-001342,zh-CN-YunxiNeural,9.53,True,True,0.0,True,0.5210084033613446,True,True,0.002,True
data/redteam/factory/edgetts/sichuan/edgetts_sichuan_zh-CN-YunxiNeural_SC-001396.wav,spoof,RT-EDGETTS-SICHUAN,clean,redteam_factory/Edge-TTS,微软服务条款，仅研究评测用途,edgetts,sichuan,SC-001396,zh-CN-YunxiNeural,11.78,True,True,0.0,True,0.4091680814940577,True,True,0.034,True
data/redteam/factory/edgetts/sichuan/edgetts_sichuan_zh-CN-YunxiNeural_SC-001457.wav,spoof,RT-EDGETTS-SICHUAN,clean,redteam_factory/Edge-TTS,微软服务条款，仅研究评测用途,edgetts,sichuan,SC-001457,zh-CN-YunxiNeural,19.32,True,True,0.0,True,0.41718426501035194,True,True,0.005,True
data/redteam/factory/edgetts/sichuan/edgetts_sichuan_zh-CN-YunxiNeural_SC-001526.wav,spoof,RT-EDGETTS-SICHUAN,clean,redteam_factory/Edge-TTS,微软服务条款，仅研究评测用途,edgetts,sichuan,SC-001526,zh-CN-YunxiNeural,11.3,True,True,0.0,True,0.46017699115044247,True,True,0.001,True
data/redteam/factory/edgetts/sichuan/edgetts_sichuan_zh-CN-XiaoxiaoNeural_SC-000361.wav,spoof,RT-EDGETTS-SICHUAN,clean,redteam_factory/Edge-TTS,微软服务条款，仅研究评测用途,edgetts,sichuan,SC-000361,zh-CN-XiaoxiaoNeural,16.37,True,True,0.0,True,0.3154034229828851,True,True,0.084,True
data/redteam/factory/edgetts/sichuan/edgetts_sichuan_zh-CN-XiaoxiaoNeural_SC-000384.wav,spoof,RT-EDGETTS-SICHUAN,clean,redteam_factory/Edge-TTS,微软服务条款，仅研究评测用途,edgetts,sichuan,SC-000384,zh-CN-XiaoxiaoNeural,11.42,True,True,0.0,True,0.36777583187390545,True,True,0.003,True
data/redteam/factory/edgetts/sichuan/edgetts_sichuan_zh-CN-XiaoxiaoNeural_SC-000467.wav,spoof,RT-EDGETTS-SICHUAN,clean,redteam_factory/Edge-TTS,微软服务条款，仅研究评测用途,edgetts,sichuan,SC-000467,zh-CN-XiaoxiaoNeural,14.16,True,True,0.0,True,0.3559322033898305,True,True,0.008,True
data/redteam/factory/edgetts/sichuan/edgetts_sichuan_zh-CN-XiaoxiaoNeural_SC-000607.wav,spoof,RT-EDGETTS-SICHUAN,clean,redteam_factory/Edge-TTS,微软服务条款，仅研究评测用途,edgetts,sichuan,SC-000607,zh-CN-XiaoxiaoNeural,11.88,True,True,0.0,True,0.2239057239057239,True,True,0.006,True
data/redteam/factory/edgetts/sichuan/edgetts_sichuan_zh-CN-XiaoxiaoNeural_SC-000673.wav,spoof,RT-EDGETTS-SICHUAN,clean,redteam_factory/Edge-TTS,微软服务条款，仅研究评测用途,edgetts,sichuan,SC-000673,zh-CN-XiaoxiaoNeural,15.24,True,True,0.0,True,0.2874015748031496,True,True,0.011,True
data/redteam/factory/edgetts/sichuan/edgetts_sichuan_zh-CN-XiaoxiaoNeural_SC-000799.wav,spoof,RT-EDGETTS-SICHUAN,clean,redteam_factory/Edge-TTS,微软服务条款，仅研究评测用途,edgetts,sichuan,SC-000799,zh-CN-XiaoxiaoNeural,11.78,True,True,0.0,True,0.36502546689303905,True,True,0.058,True
data/redteam/factory/edgetts/sichuan/edgetts_sichuan_zh-CN-XiaoxiaoNeural_SC-000894.wav,spoof,RT-EDGETTS-SICHUAN,clean,redteam_factory/Edge-TTS,微软服务条款，仅研究评测用途,edgetts,sichuan,SC-000894,zh-CN-XiaoxiaoNeural,19.01,True,True,0.0,True,0.25157894736842107,True,True,0.018,True
data/redteam/factory/edgetts/sichuan/edgetts_sichuan_zh-CN-XiaoxiaoNeural_SC-000967.wav,spoof,RT-EDGETTS-SICHUAN,clean,redteam_factory/Edge-TTS,微软服务条款，仅研究评测用途,edgetts,sichuan,SC-000967,zh-CN-XiaoxiaoNeural,18.0,True,True,0.0,True,0.26666666666666666,True,True,0.044,True
data/redteam/factory/edgetts/sichuan/edgetts_sichuan_zh-CN-XiaoxiaoNeural_SC-001040.wav,spoof,RT-EDGETTS-SICHUAN,clean,redteam_factory/Edge-TTS,微软服务条款，仅研究评测用途,edgetts,sichuan,SC-001040,zh-CN-XiaoxiaoNeural,15.84,True,True,0.0,True,0.27904040404040403,True,True,0.01,True
data/redteam/factory/edgetts/sichuan/edgetts_sichuan_zh-CN-XiaoxiaoNeural_SC-001127.wav,spoof,RT-EDGETTS-SICHUAN,clean,redteam_factory/Edge-TTS,微软服务条款，仅研究评测用途,edgetts,sichuan,SC-001127,zh-CN-XiaoxiaoNeural,10.8,True,True,0.0,True,0.37222222222222223,True,True,0.038,True
data/redteam/factory/edgetts/sichuan/edgetts_sichuan_zh-CN-XiaoxiaoNeural_SC-001177.wav,spoof,RT-EDGETTS-SICHUAN,clean,redteam_factory/Edge-TTS,微软服务条款，仅研究评测用途,edgetts,sichuan,SC-001177,zh-CN-XiaoxiaoNeural,11.95,True,True,0.0,True,0.31993299832495814,True,True,0.013,True
data/redteam/factory/edgetts/sichuan/edgetts_sichuan_zh-CN-XiaoxiaoNeural_SC-001249.wav,spoof,RT-EDGETTS-SICHUAN,clean,redteam_factory/Edge-TTS,微软服务条款，仅研究评测用途,edgetts,sichuan,SC-001249,zh-CN-XiaoxiaoNeural,11.81,True,True,0.0,True,0.37796610169491524,True,True,0.193,True
data/redteam/factory/edgetts/sichuan/edgetts_sichuan_zh-CN-XiaoxiaoNeural_SC-001342.wav,spoof,RT-EDGETTS-SICHUAN,clean,redteam_factory/Edge-TTS,微软服务条款，仅研究评测用途,edgetts,sichuan,SC-001342,zh-CN-XiaoxiaoNeural,9.46,True,True,0.0,True,0.375,True,True,0.046,True
data/redteam/factory/edgetts/sichuan/edgetts_sichuan_zh-CN-XiaoxiaoNeural_SC-001396.wav,spoof,RT-EDGETTS-SICHUAN,clean,redteam_factory/Edge-TTS,微软服务条款，仅研究评测用途,edgetts,sichuan,SC-001396,zh-CN-XiaoxiaoNeural,12.29,True,True,0.0,True,0.23778501628664495,True,True,0.091,True
data/redteam/factory/edgetts/sichuan/edgetts_sichuan_zh-CN-XiaoxiaoNeural_SC-001526.wav,spoof,RT-EDGETTS-SICHUAN,clean,redteam_factory/Edge-TTS,微软服务条款，仅研究评测用途,edgetts,sichuan,SC-001526,zh-CN-XiaoxiaoNeural,11.81,True,True,0.0,True,0.33559322033898303,True,True,0.038,True
data/redteam/factory/edgetts/cantonese/edgetts_cantonese_zh-HK-HiuMaanNeural_SC-000487.wav,spoof,RT-EDGETTS-CANTONESE,clean,redteam_factory/Edge-TTS,微软服务条款，仅研究评测用途,edgetts,cantonese,SC-000487,zh-HK-HiuMaanNeural,11.42,True,True,0.0,True,0.276707530647986,True,True,0.038,True
data/redteam/factory/edgetts/cantonese/edgetts_cantonese_zh-HK-HiuMaanNeural_SC-000523.wav,spoof,RT-EDGETTS-CANTONESE,clean,redteam_factory/Edge-TTS,微软服务条款，仅研究评测用途,edgetts,cantonese,SC-000523,zh-HK-HiuMaanNeural,19.94,True,True,0.0,True,0.20361083249749248,True,True,0.029,True
data/redteam/factory/edgetts/cantonese/edgetts_cantonese_zh-HK-HiuMaanNeural_SC-000679.wav,spoof,RT-EDGETTS-CANTONESE,clean,redteam_factory/Edge-TTS,微软服务条款，仅研究评测用途,edgetts,cantonese,SC-000679,zh-HK-HiuMaanNeural,15.19,True,True,0.0,True,0.22266139657444006,True,True,0.034,True
data/redteam/factory/edgetts/cantonese/edgetts_cantonese_zh-HK-HiuMaanNeural_SC-000716.wav,spoof,RT-EDGETTS-CANTONESE,clean,redteam_factory/Edge-TTS,微软服务条款，仅研究评测用途,edgetts,cantonese,SC-000716,zh-HK-HiuMaanNeural,15.22,True,True,0.0,True,0.30394736842105263,True,True,0.014,True
data/redteam/factory/edgetts/cantonese/edgetts_cantonese_zh-HK-HiuMaanNeural_SC-000793.wav,spoof,RT-EDGETTS-CANTONESE,clean,redteam_factory/Edge-TTS,微软服务条款，仅研究评测用途,edgetts,cantonese,SC-000793,zh-HK-HiuMaanNeural,8.02,True,True,0.0,True,0.3925,True,True,0.001,True
data/redteam/factory/edgetts/cantonese/edgetts_cantonese_zh-HK-HiuMaanNeural_SC-000872.wav,spoof,RT-EDGETTS-CANTONESE,clean,redteam_factory/Edge-TTS,微软服务条款，仅研究评测用途,edgetts,cantonese,SC-000872,zh-HK-HiuMaanNeural,16.01,True,True,0.0,True,0.29,True,True,0.004,True
data/redteam/factory/edgetts/cantonese/edgetts_cantonese_zh-HK-HiuMaanNeural_SC-000928.wav,spoof,RT-EDGETTS-CANTONESE,clean,redteam_factory/Edge-TTS,微软服务条款，仅研究评测用途,edgetts,cantonese,SC-000928,zh-HK-HiuMaanNeural,18.67,True,True,0.0,True,0.2647374062165059,True,True,0.011,True
data/redteam/factory/edgetts/cantonese/edgetts_cantonese_zh-HK-HiuMaanNeural_SC-001068.wav,spoof,RT-EDGETTS-CANTONESE,clean,redteam_factory/Edge-TTS,微软服务条款，仅研究评测用途,edgetts,cantonese,SC-001068,zh-HK-HiuMaanNeural,9.1,True,True,0.0,True,0.33480176211453744,True,True,0.016,True
data/redteam/factory/edgetts/cantonese/edgetts_cantonese_zh-HK-HiuMaanNeural_SC-001118.wav,spoof,RT-EDGETTS-CANTONESE,clean,redteam_factory/Edge-TTS,微软服务条款，仅研究评测用途,edgetts,cantonese,SC-001118,zh-HK-HiuMaanNeural,12.89,True,True,0.0,True,0.31832298136645965,True,True,0.002,True
data/redteam/factory/edgetts/cantonese/edgetts_cantonese_zh-HK-HiuMaanNeural_SC-001226.wav,spoof,RT-EDGETTS-CANTONESE,clean,redteam_factory/Edge-TTS,微软服务条款，仅研究评测用途,edgetts,cantonese,SC-001226,zh-HK-HiuMaanNeural,14.74,True,True,0.0,True,0.22282608695652173,True,True,0.09,True
data/redteam/factory/edgetts/cantonese/edgetts_cantonese_zh-HK-HiuMaanNeural_SC-001280.wav,spoof,RT-EDGETTS-CANTONESE,clean,redteam_factory/Edge-TTS,微软服务条款，仅研究评测用途,edgetts,cantonese,SC-001280,zh-HK-HiuMaanNeural,16.58,True,True,0.0,True,0.22798552472858866,True,True,0.006,True
data/redteam/factory/edgetts/cantonese/edgetts_cantonese_zh-HK-HiuMaanNeural_SC-001445.wav,spoof,RT-EDGETTS-CANTONESE,clean,redteam_factory/Edge-TTS,微软服务条款，仅研究评测用途,edgetts,cantonese,SC-001445,zh-HK-HiuMaanNeural,16.99,True,True,0.0,True,0.28150765606595995,True,True,0.029,True
data/redteam/factory/edgetts/cantonese/edgetts_cantonese_zh-HK-HiuMaanNeural_SC-001473.wav,spoof,RT-EDGETTS-CANTONESE,clean,redteam_factory/Edge-TTS,微软服务条款，仅研究评测用途,edgetts,cantonese,SC-001473,zh-HK-HiuMaanNeural,19.37,True,True,0.0,True,0.28615702479338845,True,True,0.003,True
data/redteam/factory/edgetts/cantonese/edgetts_cantonese_zh-HK-HiuMaanNeural_SC-001606.wav,spoof,RT-EDGETTS-CANTONESE,clean,redteam_factory/Edge-TTS,微软服务条款，仅研究评测用途,edgetts,cantonese,SC-001606,zh-HK-HiuMaanNeural,11.18,True,True,0.0,True,0.23971377459749552,True,True,0.004,True
data/redteam/factory/edgetts/cantonese/edgetts_cantonese_zh-HK-WanLungNeural_SC-000487.wav,spoof,RT-EDGETTS-CANTONESE,clean,redteam_factory/Edge-TTS,微软服务条款，仅研究评测用途,edgetts,cantonese,SC-000487,zh-HK-WanLungNeural,11.16,True,True,0.0,True,0.32437275985663083,True,True,0.01,True
data/redteam/factory/edgetts/cantonese/edgetts_cantonese_zh-HK-WanLungNeural_SC-000523.wav,spoof,RT-EDGETTS-CANTONESE,clean,redteam_factory/Edge-TTS,微软服务条款，仅研究评测用途,edgetts,cantonese,SC-000523,zh-HK-WanLungNeural,19.25,True,True,0.0,True,0.22245322245322247,True,True,0.061,True
data/redteam/factory/edgetts/cantonese/edgetts_cantonese_zh-HK-WanLungNeural_SC-000679.wav,spoof,RT-EDGETTS-CANTONESE,clean,redteam_factory/Edge-TTS,微软服务条款，仅研究评测用途,edgetts,cantonese,SC-000679,zh-HK-WanLungNeural,14.81,True,True,0.0,True,0.2472972972972973,True,True,0.039,True
data/redteam/factory/edgetts/cantonese/edgetts_cantonese_zh-HK-WanLungNeural_SC-000716.wav,spoof,RT-EDGETTS-CANTONESE,clean,redteam_factory/Edge-TTS,微软服务条款，仅研究评测用途,edgetts,cantonese,SC-000716,zh-HK-WanLungNeural,15.5,True,True,0.0,True,0.352258064516129,True,True,0.023,True
data/redteam/factory/edgetts/cantonese/edgetts_cantonese_zh-HK-WanLungNeural_SC-000793.wav,spoof,RT-EDGETTS-CANTONESE,clean,redteam_factory/Edge-TTS,微软服务条款，仅研究评测用途,edgetts,cantonese,SC-000793,zh-HK-WanLungNeural,8.3,True,True,0.0,True,0.4457831325301205,True,True,0.001,True
data/redteam/factory/edgetts/cantonese/edgetts_cantonese_zh-HK-WanLungNeural_SC-000872.wav,spoof,RT-EDGETTS-CANTONESE,clean,redteam_factory/Edge-TTS,微软服务条款，仅研究评测用途,edgetts,cantonese,SC-000872,zh-HK-WanLungNeural,16.25,True,True,0.0,True,0.32389162561576357,True,True,0.005,True
data/redteam/factory/edgetts/cantonese/edgetts_cantonese_zh-HK-WanLungNeural_SC-000928.wav,spoof,RT-EDGETTS-CANTONESE,clean,redteam_factory/Edge-TTS,微软服务条款，仅研究评测用途,edgetts,cantonese,SC-000928,zh-HK-WanLungNeural,18.58,True,True,0.0,True,0.27586206896551724,True,True,0.022,True
data/redteam/factory/edgetts/cantonese/edgetts_cantonese_zh-HK-WanLungNeural_SC-001068.wav,spoof,RT-EDGETTS-CANTONESE,clean,redteam_factory/Edge-TTS,微软服务条款，仅研究评测用途,edgetts,cantonese,SC-001068,zh-HK-WanLungNeural,9.0,True,True,0.0,True,0.3711111111111111,True,True,0.01,True
data/redteam/factory/edgetts/cantonese/edgetts_cantonese_zh-HK-WanLungNeural_SC-001118.wav,spoof,RT-EDGETTS-CANTONESE,clean,redteam_factory/Edge-TTS,微软服务条款，仅研究评测用途,edgetts,cantonese,SC-001118,zh-HK-WanLungNeural,13.01,True,True,0.0,True,0.36,True,True,0.006,True
data/redteam/factory/edgetts/cantonese/edgetts_cantonese_zh-HK-WanLungNeural_SC-001226.wav,spoof,RT-EDGETTS-CANTONESE,clean,redteam_factory/Edge-TTS,微软服务条款，仅研究评测用途,edgetts,cantonese,SC-001226,zh-HK-WanLungNeural,14.35,True,True,0.0,True,0.26359832635983266,True,True,0.057,True
data/redteam/factory/edgetts/cantonese/edgetts_cantonese_zh-HK-WanLungNeural_SC-001280.wav,spoof,RT-EDGETTS-CANTONESE,clean,redteam_factory/Edge-TTS,微软服务条款，仅研究评测用途,edgetts,cantonese,SC-001280,zh-HK-WanLungNeural,16.15,True,True,0.0,True,0.2701363073110285,True,True,0.053,True
data/redteam/factory/edgetts/cantonese/edgetts_cantonese_zh-HK-WanLungNeural_SC-001445.wav,spoof,RT-EDGETTS-CANTONESE,clean,redteam_factory/Edge-TTS,微软服务条款，仅研究评测用途,edgetts,cantonese,SC-001445,zh-HK-WanLungNeural,16.87,True,True,0.0,True,0.30723606168446027,True,True,0.096,True
data/redteam/factory/edgetts/cantonese/edgetts_cantonese_zh-HK-WanLungNeural_SC-001473.wav,spoof,RT-EDGETTS-CANTONESE,clean,redteam_factory/Edge-TTS,微软服务条款，仅研究评测用途,edgetts,cantonese,SC-001473,zh-HK-WanLungNeural,19.9,True,True,0.0,True,0.3148893360160966,True,True,0.041,True
data/redteam/factory/edgetts/cantonese/edgetts_cantonese_zh-HK-WanLungNeural_SC-001606.wav,spoof,RT-EDGETTS-CANTONESE,clean,redteam_factory/Edge-TTS,微软服务条款，仅研究评测用途,edgetts,cantonese,SC-001606,zh-HK-WanLungNeural,11.14,True,True,0.0,True,0.2805755395683453,True,True,0.037,True
data/redteam/factory/edgetts/dongbei/edgetts_dongbei_zh-CN-liaoning-XiaobeiNeural_SC-000415.wav,spoof,RT-EDGETTS-DONGBEI,clean,redteam_factory/Edge-TTS,微软服务条款，仅研究评测用途,edgetts,dongbei,SC-000415,zh-CN-liaoning-XiaobeiNeural,16.8,True,True,0.0,True,0.3047619047619048,True,True,0.217,True
data/redteam/factory/edgetts/dongbei/edgetts_dongbei_zh-CN-liaoning-XiaobeiNeural_SC-000544.wav,spoof,RT-EDGETTS-DONGBEI,clean,redteam_factory/Edge-TTS,微软服务条款，仅研究评测用途,edgetts,dongbei,SC-000544,zh-CN-liaoning-XiaobeiNeural,11.69,True,True,0.0,True,0.3339041095890411,True,True,0.03,True
data/redteam/factory/edgetts/dongbei/edgetts_dongbei_zh-CN-liaoning-XiaobeiNeural_SC-000640.wav,spoof,RT-EDGETTS-DONGBEI,clean,redteam_factory/Edge-TTS,微软服务条款，仅研究评测用途,edgetts,dongbei,SC-000640,zh-CN-liaoning-XiaobeiNeural,12.91,True,True,0.0,True,0.3705426356589147,True,True,0.051,True
data/redteam/factory/edgetts/dongbei/edgetts_dongbei_zh-CN-liaoning-XiaobeiNeural_SC-000707.wav,spoof,RT-EDGETTS-DONGBEI,clean,redteam_factory/Edge-TTS,微软服务条款，仅研究评测用途,edgetts,dongbei,SC-000707,zh-CN-liaoning-XiaobeiNeural,18.82,True,True,0.0,True,0.30531914893617024,True,True,0.075,True
data/redteam/factory/edgetts/dongbei/edgetts_dongbei_zh-CN-liaoning-XiaobeiNeural_SC-000778.wav,spoof,RT-EDGETTS-DONGBEI,clean,redteam_factory/Edge-TTS,微软服务条款，仅研究评测用途,edgetts,dongbei,SC-000778,zh-CN-liaoning-XiaobeiNeural,9.05,True,True,0.0,True,0.33185840707964603,True,True,0.004,True
data/redteam/factory/edgetts/dongbei/edgetts_dongbei_zh-CN-liaoning-XiaobeiNeural_SC-000861.wav,spoof,RT-EDGETTS-DONGBEI,clean,redteam_factory/Edge-TTS,微软服务条款，仅研究评测用途,edgetts,dongbei,SC-000861,zh-CN-liaoning-XiaobeiNeural,15.55,True,True,0.0,True,0.29987129987129985,True,True,0.067,True
data/redteam/factory/edgetts/dongbei/edgetts_dongbei_zh-CN-liaoning-XiaobeiNeural_SC-000939.wav,spoof,RT-EDGETTS-DONGBEI,clean,redteam_factory/Edge-TTS,微软服务条款，仅研究评测用途,edgetts,dongbei,SC-000939,zh-CN-liaoning-XiaobeiNeural,11.3,True,True,0.0,True,0.3008849557522124,True,True,0.061,True
data/redteam/factory/edgetts/dongbei/edgetts_dongbei_zh-CN-liaoning-XiaobeiNeural_SC-001050.wav,spoof,RT-EDGETTS-DONGBEI,clean,redteam_factory/Edge-TTS,微软服务条款，仅研究评测用途,edgetts,dongbei,SC-001050,zh-CN-liaoning-XiaobeiNeural,18.82,True,True,0.0,True,0.27872340425531916,True,True,0.005,True
data/redteam/factory/edgetts/dongbei/edgetts_dongbei_zh-CN-liaoning-XiaobeiNeural_SC-001211.wav,spoof,RT-EDGETTS-DONGBEI,clean,redteam_factory/Edge-TTS,微软服务条款，仅研究评测用途,edgetts,dongbei,SC-001211,zh-CN-liaoning-XiaobeiNeural,15.86,True,True,0.0,True,0.2938209331651955,True,True,0.006,True
data/redteam/factory/edgetts/dongbei/edgetts_dongbei_zh-CN-liaoning-XiaobeiNeural_SC-001253.wav,spoof,RT-EDGETTS-DONGBEI,clean,redteam_factory/Edge-TTS,微软服务条款，仅研究评测用途,edgetts,dongbei,SC-001253,zh-CN-liaoning-XiaobeiNeural,13.44,True,True,0.0,True,0.3392857142857143,True,True,0.002,True
data/redteam/factory/edgetts/dongbei/edgetts_dongbei_zh-CN-liaoning-XiaobeiNeural_SC-001338.wav,spoof,RT-EDGETTS-DONGBEI,clean,redteam_factory/Edge-TTS,微软服务条款，仅研究评测用途,edgetts,dongbei,SC-001338,zh-CN-liaoning-XiaobeiNeural,16.46,True,True,0.0,True,0.31227217496962334,True,True,0.007,True
data/redteam/factory/edgetts/dongbei/edgetts_dongbei_zh-CN-liaoning-XiaobeiNeural_SC-001455.wav,spoof,RT-EDGETTS-DONGBEI,clean,redteam_factory/Edge-TTS,微软服务条款，仅研究评测用途,edgetts,dongbei,SC-001455,zh-CN-liaoning-XiaobeiNeural,19.66,True,True,0.0,True,0.28105906313645623,True,True,0.004,True
data/redteam/factory/edgetts/dongbei/edgetts_dongbei_zh-CN-liaoning-XiaobeiNeural_SC-001625.wav,spoof,RT-EDGETTS-DONGBEI,clean,redteam_factory/Edge-TTS,微软服务条款，仅研究评测用途,edgetts,dongbei,SC-001625,zh-CN-liaoning-XiaobeiNeural,16.99,True,True,0.0,True,0.30153121319199055,True,True,0.005,True
data/redteam/factory/edgetts/dongbei/edgetts_dongbei_zh-CN-liaoning-XiaobeiNeural_SC-001665.wav,spoof,RT-EDGETTS-DONGBEI,clean,redteam_factory/Edge-TTS,微软服务条款，仅研究评测用途,edgetts,dongbei,SC-001665,zh-CN-liaoning-XiaobeiNeural,15.29,True,True,0.0,True,0.34293193717277487,True,True,0.057,True
data/redteam/factory/edgetts/dongbei/edgetts_dongbei_zh-CN-liaoning-XiaobeiNeural_SC-001688.wav,spoof,RT-EDGETTS-DONGBEI,clean,redteam_factory/Edge-TTS,微软服务条款，仅研究评测用途,edgetts,dongbei,SC-001688,zh-CN-liaoning-XiaobeiNeural,19.06,True,True,0.0,True,0.28256302521008403,True,True,0.004,True
data/redteam/factory/edgetts/henan/edgetts_henan_zh-CN-shaanxi-XiaoniNeural_SC-000500.wav,spoof,RT-EDGETTS-HENAN,clean,redteam_factory/Edge-TTS,微软服务条款，仅研究评测用途,edgetts,henan,SC-000500,zh-CN-shaanxi-XiaoniNeural,16.7,True,True,0.0,True,0.3377245508982036,True,True,0.006,True
data/redteam/factory/edgetts/henan/edgetts_henan_zh-CN-shaanxi-XiaoniNeural_SC-000582.wav,spoof,RT-EDGETTS-HENAN,clean,redteam_factory/Edge-TTS,微软服务条款，仅研究评测用途,edgetts,henan,SC-000582,zh-CN-shaanxi-XiaoniNeural,7.08,True,True,0.0,True,0.3785310734463277,True,True,0.015,True
data/redteam/factory/edgetts/henan/edgetts_henan_zh-CN-shaanxi-XiaoniNeural_SC-000676.wav,spoof,RT-EDGETTS-HENAN,clean,redteam_factory/Edge-TTS,微软服务条款，仅研究评测用途,edgetts,henan,SC-000676,zh-CN-shaanxi-XiaoniNeural,8.9,True,True,0.0,True,0.34831460674157305,True,True,0.001,True
data/redteam/factory/edgetts/henan/edgetts_henan_zh-CN-shaanxi-XiaoniNeural_SC-000837.wav,spoof,RT-EDGETTS-HENAN,clean,redteam_factory/Edge-TTS,微软服务条款，仅研究评测用途,edgetts,henan,SC-000837,zh-CN-shaanxi-XiaoniNeural,6.6,True,True,0.0,True,0.34545454545454546,True,True,0.013,True
data/redteam/factory/edgetts/henan/edgetts_henan_zh-CN-shaanxi-XiaoniNeural_SC-000902.wav,spoof,RT-EDGETTS-HENAN,clean,redteam_factory/Edge-TTS,微软服务条款，仅研究评测用途,edgetts,henan,SC-000902,zh-CN-shaanxi-XiaoniNeural,18.58,True,True,0.0,True,0.3114224137931034,True,True,0.003,True
data/redteam/factory/edgetts/henan/edgetts_henan_zh-CN-shaanxi-XiaoniNeural_SC-000938.wav,spoof,RT-EDGETTS-HENAN,clean,redteam_factory/Edge-TTS,微软服务条款，仅研究评测用途,edgetts,henan,SC-000938,zh-CN-shaanxi-XiaoniNeural,17.28,True,True,0.0,True,0.2789351851851852,True,True,0.134,True
data/redteam/factory/edgetts/henan/edgetts_henan_zh-CN-shaanxi-XiaoniNeural_SC-001000.wav,spoof,RT-EDGETTS-HENAN,clean,redteam_factory/Edge-TTS,微软服务条款，仅研究评测用途,edgetts,henan,SC-001000,zh-CN-shaanxi-XiaoniNeural,16.61,True,True,0.0,True,0.2710843373493976,True,True,0.138,True
data/redteam/factory/edgetts/henan/edgetts_henan_zh-CN-shaanxi-XiaoniNeural_SC-001096.wav,spoof,RT-EDGETTS-HENAN,clean,redteam_factory/Edge-TTS,微软服务条款，仅研究评测用途,edgetts,henan,SC-001096,zh-CN-shaanxi-XiaoniNeural,16.34,True,True,0.0,True,0.3011015911872705,True,True,0.002,True
data/redteam/factory/edgetts/henan/edgetts_henan_zh-CN-shaanxi-XiaoniNeural_SC-001307.wav,spoof,RT-EDGETTS-HENAN,clean,redteam_factory/Edge-TTS,微软服务条款，仅研究评测用途,edgetts,henan,SC-001307,zh-CN-shaanxi-XiaoniNeural,19.9,True,True,0.0,True,0.28772635814889336,True,True,0.008,True
data/redteam/factory/edgetts/henan/edgetts_henan_zh-CN-shaanxi-XiaoniNeural_SC-001410.wav,spoof,RT-EDGETTS-HENAN,clean,redteam_factory/Edge-TTS,微软服务条款，仅研究评测用途,edgetts,henan,SC-001410,zh-CN-shaanxi-XiaoniNeural,16.39,True,True,0.0,True,0.31013431013431014,True,True,0.221,True
data/redteam/factory/edgetts/henan/edgetts_henan_zh-CN-shaanxi-XiaoniNeural_SC-001488.wav,spoof,RT-EDGETTS-HENAN,clean,redteam_factory/Edge-TTS,微软服务条款，仅研究评测用途,edgetts,henan,SC-001488,zh-CN-shaanxi-XiaoniNeural,11.3,True,True,0.0,True,0.3345132743362832,True,True,0.12,True
data/redteam/factory/edgetts/henan/edgetts_henan_zh-CN-shaanxi-XiaoniNeural_SC-001550.wav,spoof,RT-EDGETTS-HENAN,clean,redteam_factory/Edge-TTS,微软服务条款，仅研究评测用途,edgetts,henan,SC-001550,zh-CN-shaanxi-XiaoniNeural,13.22,True,True,0.0,True,0.3101361573373676,True,True,0.083,True
data/redteam/factory/edgetts/henan/edgetts_henan_zh-CN-shaanxi-XiaoniNeural_SC-001614.wav,spoof,RT-EDGETTS-HENAN,clean,redteam_factory/Edge-TTS,微软服务条款，仅研究评测用途,edgetts,henan,SC-001614,zh-CN-shaanxi-XiaoniNeural,12.72,True,True,0.0,True,0.30660377358490565,True,True,0.007,True
data/redteam/factory/edgetts/mandarin/edgetts_mandarin_zh-CN-YunxiNeural_SC-000133.wav,spoof,RT-EDGETTS-MANDARIN,clean,redteam_factory/Edge-TTS,微软服务条款，仅研究评测用途,edgetts,mandarin,SC-000133,zh-CN-YunxiNeural,8.02,True,True,0.0,True,0.4925,True,True,0.015,True
data/redteam/factory/edgetts/mandarin/edgetts_mandarin_zh-CN-YunxiNeural_SC-000153.wav,spoof,RT-EDGETTS-MANDARIN,clean,redteam_factory/Edge-TTS,微软服务条款，仅研究评测用途,edgetts,mandarin,SC-000153,zh-CN-YunxiNeural,8.06,True,True,0.0,True,0.4094292803970223,True,True,0.012,True
data/redteam/factory/edgetts/mandarin/edgetts_mandarin_zh-CN-YunxiNeural_SC-000171.wav,spoof,RT-EDGETTS-MANDARIN,clean,redteam_factory/Edge-TTS,微软服务条款，仅研究评测用途,edgetts,mandarin,SC-000171,zh-CN-YunxiNeural,12.43,True,True,0.0,True,0.4057971014492754,True,True,0.007,True
data/redteam/factory/edgetts/mandarin/edgetts_mandarin_zh-CN-YunxiNeural_SC-000185.wav,spoof,RT-EDGETTS-MANDARIN,clean,redteam_factory/Edge-TTS,微软服务条款，仅研究评测用途,edgetts,mandarin,SC-000185,zh-CN-YunxiNeural,13.51,True,True,0.0,True,0.3925925925925926,True,True,0.002,True
data/redteam/factory/edgetts/mandarin/edgetts_mandarin_zh-CN-YunxiNeural_SC-000204.wav,spoof,RT-EDGETTS-MANDARIN,clean,redteam_factory/Edge-TTS,微软服务条款，仅研究评测用途,edgetts,mandarin,SC-000204,zh-CN-YunxiNeural,19.44,True,True,0.0,True,0.39094650205761317,True,True,0.02,True
data/redteam/factory/edgetts/mandarin/edgetts_mandarin_zh-CN-YunxiNeural_SC-000227.wav,spoof,RT-EDGETTS-MANDARIN,clean,redteam_factory/Edge-TTS,微软服务条款，仅研究评测用途,edgetts,mandarin,SC-000227,zh-CN-YunxiNeural,11.18,True,True,0.0,True,0.37924865831842575,True,True,0.028,True
data/redteam/factory/edgetts/mandarin/edgetts_mandarin_zh-CN-YunxiNeural_SC-000253.wav,spoof,RT-EDGETTS-MANDARIN,clean,redteam_factory/Edge-TTS,微软服务条款，仅研究评测用途,edgetts,mandarin,SC-000253,zh-CN-YunxiNeural,12.98,True,True,0.0,True,0.423728813559322,True,True,0.012,True
data/redteam/factory/edgetts/mandarin/edgetts_mandarin_zh-CN-YunxiNeural_SC-000276.wav,spoof,RT-EDGETTS-MANDARIN,clean,redteam_factory/Edge-TTS,微软服务条款，仅研究评测用途,edgetts,mandarin,SC-000276,zh-CN-YunxiNeural,11.98,True,True,0.0,True,0.43812709030100333,True,True,0.002,True
data/redteam/factory/edgetts/mandarin/edgetts_mandarin_zh-CN-YunxiNeural_SC-000300.wav,spoof,RT-EDGETTS-MANDARIN,clean,redteam_factory/Edge-TTS,微软服务条款，仅研究评测用途,edgetts,mandarin,SC-000300,zh-CN-YunxiNeural,9.05,True,True,0.0,True,0.5132743362831859,True,True,0.025,True
data/redteam/factory/edgetts/mandarin/edgetts_mandarin_zh-CN-YunxiNeural_SC-000314.wav,spoof,RT-EDGETTS-MANDARIN,clean,redteam_factory/Edge-TTS,微软服务条款，仅研究评测用途,edgetts,mandarin,SC-000314,zh-CN-YunxiNeural,7.7,True,True,0.0,True,0.43896103896103894,True,True,0.01,True
data/redteam/factory/edgetts/mandarin/edgetts_mandarin_zh-CN-YunxiNeural_SC-000336.wav,spoof,RT-EDGETTS-MANDARIN,clean,redteam_factory/Edge-TTS,微软服务条款，仅研究评测用途,edgetts,mandarin,SC-000336,zh-CN-YunxiNeural,12.94,True,True,0.0,True,0.4628482972136223,True,True,0.009,True
data/redteam/factory/edgetts/mandarin/edgetts_mandarin_zh-CN-YunxiNeural_SC-000357.wav,spoof,RT-EDGETTS-MANDARIN,clean,redteam_factory/Edge-TTS,微软服务条款，仅研究评测用途,edgetts,mandarin,SC-000357,zh-CN-YunxiNeural,12.17,True,True,0.0,True,0.4555921052631579,True,True,0.007,True
data/redteam/factory/edgetts/mandarin/edgetts_mandarin_zh-CN-YunxiNeural_SC-000376.wav,spoof,RT-EDGETTS-MANDARIN,clean,redteam_factory/Edge-TTS,微软服务条款，仅研究评测用途,edgetts,mandarin,SC-000376,zh-CN-YunxiNeural,14.54,True,True,0.0,True,0.437414030261348,True,True,0.012,True
data/redteam/factory/edgetts/mandarin/edgetts_mandarin_zh-CN-YunxiNeural_SC-000398.wav,spoof,RT-EDGETTS-MANDARIN,clean,redteam_factory/Edge-TTS,微软服务条款，仅研究评测用途,edgetts,mandarin,SC-000398,zh-CN-YunxiNeural,10.7,True,True,0.0,True,0.4392523364485981,True,True,0.01,True
data/redteam/factory/edgetts/mandarin/edgetts_mandarin_zh-CN-YunxiNeural_SC-000433.wav,spoof,RT-EDGETTS-MANDARIN,clean,redteam_factory/Edge-TTS,微软服务条款，仅研究评测用途,edgetts,mandarin,SC-000433,zh-CN-YunxiNeural,13.06,True,True,0.0,True,0.45245398773006135,True,True,0.016,True
data/redteam/factory/edgetts/mandarin/edgetts_mandarin_zh-CN-YunxiNeural_SC-000453.wav,spoof,RT-EDGETTS-MANDARIN,clean,redteam_factory/Edge-TTS,微软服务条款，仅研究评测用途,edgetts,mandarin,SC-000453,zh-CN-YunxiNeural,12.79,True,True,0.0,True,0.46322378716744916,True,True,0.003,True
data/redteam/factory/edgetts/mandarin/edgetts_mandarin_zh-CN-YunxiNeural_SC-000471.wav,spoof,RT-EDGETTS-MANDARIN,clean,redteam_factory/Edge-TTS,微软服务条款，仅研究评测用途,edgetts,mandarin,SC-000471,zh-CN-YunxiNeural,13.46,True,True,0.0,True,0.46805349182763745,True,True,0.003,True
data/redteam/factory/edgetts/mandarin/edgetts_mandarin_zh-CN-YunxiNeural_SC-000486.wav,spoof,RT-EDGETTS-MANDARIN,clean,redteam_factory/Edge-TTS,微软服务条款，仅研究评测用途,edgetts,mandarin,SC-000486,zh-CN-YunxiNeural,16.82,True,True,0.0,True,0.4161712247324614,True,True,0.157,True
data/redteam/factory/edgetts/mandarin/edgetts_mandarin_zh-CN-XiaoxiaoNeural_SC-000133.wav,spoof,RT-EDGETTS-MANDARIN,clean,redteam_factory/Edge-TTS,微软服务条款，仅研究评测用途,edgetts,mandarin,SC-000133,zh-CN-XiaoxiaoNeural,7.27,True,True,0.0,True,0.36639118457300274,True,True,0.091,True
data/redteam/factory/edgetts/mandarin/edgetts_mandarin_zh-CN-XiaoxiaoNeural_SC-000153.wav,spoof,RT-EDGETTS-MANDARIN,clean,redteam_factory/Edge-TTS,微软服务条款，仅研究评测用途,edgetts,mandarin,SC-000153,zh-CN-XiaoxiaoNeural,8.69,True,True,0.0,True,0.2304147465437788,True,True,0.023,True
data/redteam/factory/edgetts/mandarin/edgetts_mandarin_zh-CN-XiaoxiaoNeural_SC-000171.wav,spoof,RT-EDGETTS-MANDARIN,clean,redteam_factory/Edge-TTS,微软服务条款，仅研究评测用途,edgetts,mandarin,SC-000171,zh-CN-XiaoxiaoNeural,12.36,True,True,0.0,True,0.29449838187702265,True,True,0.29,True
data/redteam/factory/edgetts/mandarin/edgetts_mandarin_zh-CN-XiaoxiaoNeural_SC-000185.wav,spoof,RT-EDGETTS-MANDARIN,clean,redteam_factory/Edge-TTS,微软服务条款，仅研究评测用途,edgetts,mandarin,SC-000185,zh-CN-XiaoxiaoNeural,14.09,True,True,0.0,True,0.2727272727272727,True,True,0.157,True
data/redteam/factory/edgetts/mandarin/edgetts_mandarin_zh-CN-XiaoxiaoNeural_SC-000227.wav,spoof,RT-EDGETTS-MANDARIN,clean,redteam_factory/Edge-TTS,微软服务条款，仅研究评测用途,edgetts,mandarin,SC-000227,zh-CN-XiaoxiaoNeural,11.59,True,True,0.0,True,0.25734024179620035,True,True,0.025,True
data/redteam/factory/edgetts/mandarin/edgetts_mandarin_zh-CN-XiaoxiaoNeural_SC-000253.wav,spoof,RT-EDGETTS-MANDARIN,clean,redteam_factory/Edge-TTS,微软服务条款，仅研究评测用途,edgetts,mandarin,SC-000253,zh-CN-XiaoxiaoNeural,13.78,True,True,0.0,True,0.2688953488372093,True,True,0.12,True
data/redteam/factory/edgetts/mandarin/edgetts_mandarin_zh-CN-XiaoxiaoNeural_SC-000276.wav,spoof,RT-EDGETTS-MANDARIN,clean,redteam_factory/Edge-TTS,微软服务条款，仅研究评测用途,edgetts,mandarin,SC-000276,zh-CN-XiaoxiaoNeural,12.1,True,True,0.0,True,0.31788079470198677,True,True,0.149,True
data/redteam/factory/edgetts/mandarin/edgetts_mandarin_zh-CN-XiaoxiaoNeural_SC-000300.wav,spoof,RT-EDGETTS-MANDARIN,clean,redteam_factory/Edge-TTS,微软服务条款，仅研究评测用途,edgetts,mandarin,SC-000300,zh-CN-XiaoxiaoNeural,8.62,True,True,1.4507892293407614e-05,True,0.3883720930232558,True,True,0.044,True
data/redteam/factory/edgetts/mandarin/edgetts_mandarin_zh-CN-XiaoxiaoNeural_SC-000314.wav,spoof,RT-EDGETTS-MANDARIN,clean,redteam_factory/Edge-TTS,微软服务条款，仅研究评测用途,edgetts,mandarin,SC-000314,zh-CN-XiaoxiaoNeural,7.73,True,True,0.0,True,0.29533678756476683,True,True,0.044,True
data/redteam/factory/edgetts/mandarin/edgetts_mandarin_zh-CN-XiaoxiaoNeural_SC-000336.wav,spoof,RT-EDGETTS-MANDARIN,clean,redteam_factory/Edge-TTS,微软服务条款，仅研究评测用途,edgetts,mandarin,SC-000336,zh-CN-XiaoxiaoNeural,12.74,True,True,0.0,True,0.32653061224489793,True,True,0.193,True
data/redteam/factory/edgetts/mandarin/edgetts_mandarin_zh-CN-XiaoxiaoNeural_SC-000357.wav,spoof,RT-EDGETTS-MANDARIN,clean,redteam_factory/Edge-TTS,微软服务条款，仅研究评测用途,edgetts,mandarin,SC-000357,zh-CN-XiaoxiaoNeural,12.72,True,True,0.0,True,0.3160377358490566,True,True,0.226,True
data/redteam/factory/edgetts/mandarin/edgetts_mandarin_zh-CN-XiaoxiaoNeural_SC-000376.wav,spoof,RT-EDGETTS-MANDARIN,clean,redteam_factory/Edge-TTS,微软服务条款，仅研究评测用途,edgetts,mandarin,SC-000376,zh-CN-XiaoxiaoNeural,14.54,True,True,0.0,True,0.31361760660247595,True,True,0.033,True
data/redteam/factory/edgetts/mandarin/edgetts_mandarin_zh-CN-XiaoxiaoNeural_SC-000433.wav,spoof,RT-EDGETTS-MANDARIN,clean,redteam_factory/Edge-TTS,微软服务条款，仅研究评测用途,edgetts,mandarin,SC-000433,zh-CN-XiaoxiaoNeural,12.58,True,True,0.0,True,0.35828025477707004,True,True,0.118,True
data/redteam/factory/edgetts/mandarin/edgetts_mandarin_zh-CN-XiaoxiaoNeural_SC-000453.wav,spoof,RT-EDGETTS-MANDARIN,clean,redteam_factory/Edge-TTS,微软服务条款，仅研究评测用途,edgetts,mandarin,SC-000453,zh-CN-XiaoxiaoNeural,12.98,True,True,0.0,True,0.28197226502311246,True,True,0.006,True
data/redteam/factory/edgetts/mandarin/edgetts_mandarin_zh-CN-XiaoxiaoNeural_SC-000471.wav,spoof,RT-EDGETTS-MANDARIN,clean,redteam_factory/Edge-TTS,微软服务条款，仅研究评测用途,edgetts,mandarin,SC-000471,zh-CN-XiaoxiaoNeural,13.08,True,True,0.0,True,0.3149847094801223,True,True,0.095,True
data/redteam/factory/edgetts/mandarin/edgetts_mandarin_zh-CN-XiaoxiaoNeural_SC-000486.wav,spoof,RT-EDGETTS-MANDARIN,clean,redteam_factory/Edge-TTS,微软服务条款，仅研究评测用途,edgetts,mandarin,SC-000486,zh-CN-XiaoxiaoNeural,17.93,True,True,0.0,True,0.27901785714285715,True,True,0.188,True
data/redteam/factory/edgetts/mandarin/edgetts_mandarin_zh-CN-YunjianNeural_SC-000133.wav,spoof,RT-EDGETTS-MANDARIN,clean,redteam_factory/Edge-TTS,微软服务条款，仅研究评测用途,edgetts,mandarin,SC-000133,zh-CN-YunjianNeural,7.51,True,True,0.0,True,0.37866666666666665,True,True,0.171,True
data/redteam/factory/edgetts/mandarin/edgetts_mandarin_zh-CN-YunjianNeural_SC-000153.wav,spoof,RT-EDGETTS-MANDARIN,clean,redteam_factory/Edge-TTS,微软服务条款，仅研究评测用途,edgetts,mandarin,SC-000153,zh-CN-YunjianNeural,8.54,True,True,0.0,True,0.2786885245901639,True,True,0.007,True
data/redteam/factory/edgetts/mandarin/edgetts_mandarin_zh-CN-YunjianNeural_SC-000171.wav,spoof,RT-EDGETTS-MANDARIN,clean,redteam_factory/Edge-TTS,微软服务条款，仅研究评测用途,edgetts,mandarin,SC-000171,zh-CN-YunjianNeural,12.34,True,True,0.0,True,0.3198051948051948,True,True,0.046,True
data/redteam/factory/edgetts/mandarin/edgetts_mandarin_zh-CN-YunjianNeural_SC-000185.wav,spoof,RT-EDGETTS-MANDARIN,clean,redteam_factory/Edge-TTS,微软服务条款，仅研究评测用途,edgetts,mandarin,SC-000185,zh-CN-YunjianNeural,13.7,True,True,0.0,True,0.2832116788321168,True,True,0.01,True
data/redteam/factory/edgetts/mandarin/edgetts_mandarin_zh-CN-YunjianNeural_SC-000227.wav,spoof,RT-EDGETTS-MANDARIN,clean,redteam_factory/Edge-TTS,微软服务条款，仅研究评测用途,edgetts,mandarin,SC-000227,zh-CN-YunjianNeural,11.93,True,True,0.0,True,0.27684563758389263,True,True,0.051,True
data/redteam/factory/edgetts/mandarin/edgetts_mandarin_zh-CN-YunjianNeural_SC-000253.wav,spoof,RT-EDGETTS-MANDARIN,clean,redteam_factory/Edge-TTS,微软服务条款，仅研究评测用途,edgetts,mandarin,SC-000253,zh-CN-YunjianNeural,13.34,True,True,0.0,True,0.30134932533733133,True,True,0.01,True
data/redteam/factory/edgetts/mandarin/edgetts_mandarin_zh-CN-YunjianNeural_SC-000276.wav,spoof,RT-EDGETTS-MANDARIN,clean,redteam_factory/Edge-TTS,微软服务条款，仅研究评测用途,edgetts,mandarin,SC-000276,zh-CN-YunjianNeural,12.19,True,True,0.0,True,0.3284072249589491,True,True,0.18,True
data/redteam/factory/edgetts/mandarin/edgetts_mandarin_zh-CN-YunjianNeural_SC-000300.wav,spoof,RT-EDGETTS-MANDARIN,clean,redteam_factory/Edge-TTS,微软服务条款，仅研究评测用途,edgetts,mandarin,SC-000300,zh-CN-YunjianNeural,8.69,True,True,0.0,True,0.42626728110599077,True,True,0.069,True
data/redteam/factory/edgetts/mandarin/edgetts_mandarin_zh-CN-YunjianNeural_SC-000314.wav,spoof,RT-EDGETTS-MANDARIN,clean,redteam_factory/Edge-TTS,微软服务条款，仅研究评测用途,edgetts,mandarin,SC-000314,zh-CN-YunjianNeural,8.04,True,True,0.0,True,0.3482587064676617,True,True,0.01,True
data/redteam/factory/edgetts/mandarin/edgetts_mandarin_zh-CN-YunjianNeural_SC-000336.wav,spoof,RT-EDGETTS-MANDARIN,clean,redteam_factory/Edge-TTS,微软服务条款，仅研究评测用途,edgetts,mandarin,SC-000336,zh-CN-YunjianNeural,13.06,True,True,0.0,True,0.34202453987730064,True,True,0.082,True
data/redteam/factory/edgetts/mandarin/edgetts_mandarin_zh-CN-YunjianNeural_SC-000357.wav,spoof,RT-EDGETTS-MANDARIN,clean,redteam_factory/Edge-TTS,微软服务条款，仅研究评测用途,edgetts,mandarin,SC-000357,zh-CN-YunjianNeural,12.53,True,True,0.0,True,0.36900958466453676,True,True,0.035,True
data/redteam/factory/edgetts/mandarin/edgetts_mandarin_zh-CN-YunjianNeural_SC-000376.wav,spoof,RT-EDGETTS-MANDARIN,clean,redteam_factory/Edge-TTS,微软服务条款，仅研究评测用途,edgetts,mandarin,SC-000376,zh-CN-YunjianNeural,15.0,True,True,0.0,True,0.336,True,True,0.004,True
data/redteam/factory/edgetts/mandarin/edgetts_mandarin_zh-CN-YunjianNeural_SC-000398.wav,spoof,RT-EDGETTS-MANDARIN,clean,redteam_factory/Edge-TTS,微软服务条款，仅研究评测用途,edgetts,mandarin,SC-000398,zh-CN-YunjianNeural,11.26,True,True,0.0,True,0.33807829181494664,True,True,0.01,True
data/redteam/factory/edgetts/mandarin/edgetts_mandarin_zh-CN-YunjianNeural_SC-000433.wav,spoof,RT-EDGETTS-MANDARIN,clean,redteam_factory/Edge-TTS,微软服务条款，仅研究评测用途,edgetts,mandarin,SC-000433,zh-CN-YunjianNeural,13.22,True,True,0.0,True,0.3691376701966717,True,True,0.023,True
data/redteam/factory/edgetts/mandarin/edgetts_mandarin_zh-CN-YunjianNeural_SC-000453.wav,spoof,RT-EDGETTS-MANDARIN,clean,redteam_factory/Edge-TTS,微软服务条款，仅研究评测用途,edgetts,mandarin,SC-000453,zh-CN-YunjianNeural,13.15,True,True,0.0,True,0.3211567732115677,True,True,0.006,True
data/redteam/factory/edgetts/mandarin/edgetts_mandarin_zh-CN-YunjianNeural_SC-000471.wav,spoof,RT-EDGETTS-MANDARIN,clean,redteam_factory/Edge-TTS,微软服务条款，仅研究评测用途,edgetts,mandarin,SC-000471,zh-CN-YunjianNeural,13.03,True,True,0.0,True,0.3379416282642089,True,True,0.007,True
data/redteam/factory/edgetts/mandarin/edgetts_mandarin_zh-CN-YunjianNeural_SC-000486.wav,spoof,RT-EDGETTS-MANDARIN,clean,redteam_factory/Edge-TTS,微软服务条款，仅研究评测用途,edgetts,mandarin,SC-000486,zh-CN-YunjianNeural,17.14,True,True,0.0,True,0.2955607476635514,True,True,0.008,True
data/redteam/factory/edgetts/mandarin/edgetts_mandarin_zh-CN-YunyangNeural_SC-000133.wav,spoof,RT-EDGETTS-MANDARIN,clean,redteam_factory/Edge-TTS,微软服务条款，仅研究评测用途,edgetts,mandarin,SC-000133,zh-CN-YunyangNeural,6.77,True,True,0.0,True,0.40236686390532544,True,True,0.01,True
data/redteam/factory/edgetts/mandarin/edgetts_mandarin_zh-CN-YunyangNeural_SC-000153.wav,spoof,RT-EDGETTS-MANDARIN,clean,redteam_factory/Edge-TTS,微软服务条款，仅研究评测用途,edgetts,mandarin,SC-000153,zh-CN-YunyangNeural,7.9,True,True,0.0,True,0.3020304568527919,True,True,0.035,True
data/redteam/factory/edgetts/mandarin/edgetts_mandarin_zh-CN-YunyangNeural_SC-000171.wav,spoof,RT-EDGETTS-MANDARIN,clean,redteam_factory/Edge-TTS,微软服务条款，仅研究评测用途,edgetts,mandarin,SC-000171,zh-CN-YunyangNeural,10.82,True,True,0.0,True,0.33086876155268025,True,True,0.094,True
data/redteam/factory/edgetts/mandarin/edgetts_mandarin_zh-CN-YunyangNeural_SC-000185.wav,spoof,RT-EDGETTS-MANDARIN,clean,redteam_factory/Edge-TTS,微软服务条款，仅研究评测用途,edgetts,mandarin,SC-000185,zh-CN-YunyangNeural,12.89,True,True,0.0,True,0.3136645962732919,True,True,0.01,True
data/redteam/factory/edgetts/mandarin/edgetts_mandarin_zh-CN-YunyangNeural_SC-000204.wav,spoof,RT-EDGETTS-MANDARIN,clean,redteam_factory/Edge-TTS,微软服务条款，仅研究评测用途,edgetts,mandarin,SC-000204,zh-CN-YunyangNeural,18.43,True,True,0.0,True,0.31487513572204123,True,True,0.007,True
data/redteam/factory/edgetts/mandarin/edgetts_mandarin_zh-CN-YunyangNeural_SC-000227.wav,spoof,RT-EDGETTS-MANDARIN,clean,redteam_factory/Edge-TTS,微软服务条款，仅研究评测用途,edgetts,mandarin,SC-000227,zh-CN-YunyangNeural,10.7,True,True,0.0,True,0.34392523364485983,True,True,0.133,True
data/redteam/factory/edgetts/mandarin/edgetts_mandarin_zh-CN-YunyangNeural_SC-000253.wav,spoof,RT-EDGETTS-MANDARIN,clean,redteam_factory/Edge-TTS,微软服务条款，仅研究评测用途,edgetts,mandarin,SC-000253,zh-CN-YunyangNeural,12.19,True,True,0.0,True,0.3464696223316913,True,True,0.02,True
data/redteam/factory/edgetts/mandarin/edgetts_mandarin_zh-CN-YunyangNeural_SC-000276.wav,spoof,RT-EDGETTS-MANDARIN,clean,redteam_factory/Edge-TTS,微软服务条款，仅研究评测用途,edgetts,mandarin,SC-000276,zh-CN-YunyangNeural,10.87,True,True,0.0,True,0.35543278084714547,True,True,0.017,True
data/redteam/factory/edgetts/mandarin/edgetts_mandarin_zh-CN-YunyangNeural_SC-000300.wav,spoof,RT-EDGETTS-MANDARIN,clean,redteam_factory/Edge-TTS,微软服务条款，仅研究评测用途,edgetts,mandarin,SC-000300,zh-CN-YunyangNeural,7.78,True,True,0.0,True,0.43041237113402064,True,True,0.003,True
data/redteam/factory/edgetts/mandarin/edgetts_mandarin_zh-CN-YunyangNeural_SC-000314.wav,spoof,RT-EDGETTS-MANDARIN,clean,redteam_factory/Edge-TTS,微软服务条款，仅研究评测用途,edgetts,mandarin,SC-000314,zh-CN-YunyangNeural,7.25,True,True,0.0,True,0.3784530386740331,True,True,0.022,True
data/redteam/factory/edgetts/mandarin/edgetts_mandarin_zh-CN-YunyangNeural_SC-000336.wav,spoof,RT-EDGETTS-MANDARIN,clean,redteam_factory/Edge-TTS,微软服务条款，仅研究评测用途,edgetts,mandarin,SC-000336,zh-CN-YunyangNeural,12.02,True,True,0.0,True,0.36605657237936773,True,True,0.013,True
data/redteam/factory/edgetts/mandarin/edgetts_mandarin_zh-CN-YunyangNeural_SC-000357.wav,spoof,RT-EDGETTS-MANDARIN,clean,redteam_factory/Edge-TTS,微软服务条款，仅研究评测用途,edgetts,mandarin,SC-000357,zh-CN-YunyangNeural,11.18,True,True,0.0,True,0.3667262969588551,True,True,0.01,True
data/redteam/factory/edgetts/mandarin/edgetts_mandarin_zh-CN-YunyangNeural_SC-000376.wav,spoof,RT-EDGETTS-MANDARIN,clean,redteam_factory/Edge-TTS,微软服务条款，仅研究评测用途,edgetts,mandarin,SC-000376,zh-CN-YunyangNeural,13.46,True,True,0.0,True,0.37147102526002973,True,True,0.016,True
data/redteam/factory/edgetts/mandarin/edgetts_mandarin_zh-CN-YunyangNeural_SC-000398.wav,spoof,RT-EDGETTS-MANDARIN,clean,redteam_factory/Edge-TTS,微软服务条款，仅研究评测用途,edgetts,mandarin,SC-000398,zh-CN-YunyangNeural,9.74,True,True,0.0,True,0.35728952772073924,True,True,0.066,True
data/redteam/factory/edgetts/mandarin/edgetts_mandarin_zh-CN-YunyangNeural_SC-000453.wav,spoof,RT-EDGETTS-MANDARIN,clean,redteam_factory/Edge-TTS,微软服务条款，仅研究评测用途,edgetts,mandarin,SC-000453,zh-CN-YunyangNeural,11.21,True,True,0.0,True,0.3392857142857143,True,True,0.008,True
data/redteam/factory/edgetts/mandarin/edgetts_mandarin_zh-CN-YunyangNeural_SC-000471.wav,spoof,RT-EDGETTS-MANDARIN,clean,redteam_factory/Edge-TTS,微软服务条款，仅研究评测用途,edgetts,mandarin,SC-000471,zh-CN-YunyangNeural,11.52,True,True,0.0,True,0.3923611111111111,True,True,0.013,True
data/redteam/factory/edgetts/mandarin/edgetts_mandarin_zh-CN-YunyangNeural_SC-000486.wav,spoof,RT-EDGETTS-MANDARIN,clean,redteam_factory/Edge-TTS,微软服务条款，仅研究评测用途,edgetts,mandarin,SC-000486,zh-CN-YunyangNeural,15.48,True,True,0.0,True,0.3242894056847545,True,True,0.111,True
data/redteam/factory/edgetts/mandarin/edgetts_mandarin_zh-CN-YunyangNeural_SC-000507.wav,spoof,RT-EDGETTS-MANDARIN,clean,redteam_factory/Edge-TTS,微软服务条款，仅研究评测用途,edgetts,mandarin,SC-000507,zh-CN-YunyangNeural,19.2,True,True,0.0,True,0.33125,True,True,0.034,True
data/redteam/factory/edgetts/minnan/edgetts_minnan_zh-TW-HsiaoChenNeural_SC-000594.wav,spoof,RT-EDGETTS-MINNAN,clean,redteam_factory/Edge-TTS,微软服务条款，仅研究评测用途,edgetts,minnan,SC-000594,zh-TW-HsiaoChenNeural,8.74,True,True,0.0,True,0.2889908256880734,True,True,0.129,True
data/redteam/factory/edgetts/minnan/edgetts_minnan_zh-TW-HsiaoChenNeural_SC-000648.wav,spoof,RT-EDGETTS-MINNAN,clean,redteam_factory/Edge-TTS,微软服务条款，仅研究评测用途,edgetts,minnan,SC-000648,zh-TW-HsiaoChenNeural,15.19,True,True,0.0,True,0.32938076416337286,True,True,0.018,True
data/redteam/factory/edgetts/minnan/edgetts_minnan_zh-TW-HsiaoChenNeural_SC-000705.wav,spoof,RT-EDGETTS-MINNAN,clean,redteam_factory/Edge-TTS,微软服务条款，仅研究评测用途,edgetts,minnan,SC-000705,zh-TW-HsiaoChenNeural,15.26,True,True,0.0,True,0.2817824377457405,True,True,0.15,True
data/redteam/factory/edgetts/minnan/edgetts_minnan_zh-TW-HsiaoChenNeural_SC-000772.wav,spoof,RT-EDGETTS-MINNAN,clean,redteam_factory/Edge-TTS,微软服务条款，仅研究评测用途,edgetts,minnan,SC-000772,zh-TW-HsiaoChenNeural,13.58,True,True,0.0,True,0.3696612665684831,True,True,0.002,True
data/redteam/factory/edgetts/minnan/edgetts_minnan_zh-TW-HsiaoChenNeural_SC-000980.wav,spoof,RT-EDGETTS-MINNAN,clean,redteam_factory/Edge-TTS,微软服务条款，仅研究评测用途,edgetts,minnan,SC-000980,zh-TW-HsiaoChenNeural,13.75,True,True,0.0,True,0.2940320232896652,True,True,0.014,True
data/redteam/factory/edgetts/minnan/edgetts_minnan_zh-TW-HsiaoChenNeural_SC-001098.wav,spoof,RT-EDGETTS-MINNAN,clean,redteam_factory/Edge-TTS,微软服务条款，仅研究评测用途,edgetts,minnan,SC-001098,zh-TW-HsiaoChenNeural,15.12,True,True,0.0,True,0.21296296296296297,True,True,0.164,True
data/redteam/factory/edgetts/minnan/edgetts_minnan_zh-TW-HsiaoChenNeural_SC-001136.wav,spoof,RT-EDGETTS-MINNAN,clean,redteam_factory/Edge-TTS,微软服务条款，仅研究评测用途,edgetts,minnan,SC-001136,zh-TW-HsiaoChenNeural,7.78,True,True,0.0,True,0.37371134020618557,True,True,0.043,True
data/redteam/factory/edgetts/minnan/edgetts_minnan_zh-TW-HsiaoChenNeural_SC-001220.wav,spoof,RT-EDGETTS-MINNAN,clean,redteam_factory/Edge-TTS,微软服务条款，仅研究评测用途,edgetts,minnan,SC-001220,zh-TW-HsiaoChenNeural,18.41,True,True,0.0,True,0.266304347826087,True,True,0.139,True
data/redteam/factory/edgetts/minnan/edgetts_minnan_zh-TW-HsiaoChenNeural_SC-001264.wav,spoof,RT-EDGETTS-MINNAN,clean,redteam_factory/Edge-TTS,微软服务条款，仅研究评测用途,edgetts,minnan,SC-001264,zh-TW-HsiaoChenNeural,13.06,True,True,0.0,True,0.38650306748466257,True,True,0.138,True
data/redteam/factory/edgetts/minnan/edgetts_minnan_zh-TW-HsiaoChenNeural_SC-001311.wav,spoof,RT-EDGETTS-MINNAN,clean,redteam_factory/Edge-TTS,微软服务条款，仅研究评测用途,edgetts,minnan,SC-001311,zh-TW-HsiaoChenNeural,8.09,True,True,0.0,True,0.2995049504950495,True,True,0.104,True
data/redteam/factory/edgetts/minnan/edgetts_minnan_zh-TW-HsiaoChenNeural_SC-001414.wav,spoof,RT-EDGETTS-MINNAN,clean,redteam_factory/Edge-TTS,微软服务条款，仅研究评测用途,edgetts,minnan,SC-001414,zh-TW-HsiaoChenNeural,17.59,True,True,0.0,True,0.25369738339021614,True,True,0.04,True
data/redteam/factory/edgetts/minnan/edgetts_minnan_zh-TW-HsiaoChenNeural_SC-001484.wav,spoof,RT-EDGETTS-MINNAN,clean,redteam_factory/Edge-TTS,微软服务条款，仅研究评测用途,edgetts,minnan,SC-001484,zh-TW-HsiaoChenNeural,12.53,True,True,0.0,True,0.2971246006389776,True,True,0.198,True
data/redteam/factory/edgetts/minnan/edgetts_minnan_zh-TW-HsiaoChenNeural_SC-001589.wav,spoof,RT-EDGETTS-MINNAN,clean,redteam_factory/Edge-TTS,微软服务条款，仅研究评测用途,edgetts,minnan,SC-001589,zh-TW-HsiaoChenNeural,15.43,True,True,0.0,True,0.24643320363164722,True,True,0.031,True
data/redteam/factory/edgetts/minnan/edgetts_minnan_zh-TW-HsiaoChenNeural_SC-001677.wav,spoof,RT-EDGETTS-MINNAN,clean,redteam_factory/Edge-TTS,微软服务条款，仅研究评测用途,edgetts,minnan,SC-001677,zh-TW-HsiaoChenNeural,18.29,True,True,0.0,True,0.27461706783369805,True,True,0.034,True
data/redteam/factory/edgetts/minnan/edgetts_minnan_zh-TW-YunJheNeural_SC-000532.wav,spoof,RT-EDGETTS-MINNAN,clean,redteam_factory/Edge-TTS,微软服务条款，仅研究评测用途,edgetts,minnan,SC-000532,zh-TW-YunJheNeural,15.24,True,True,0.0,True,0.37926509186351703,True,True,0.023,True
data/redteam/factory/edgetts/minnan/edgetts_minnan_zh-TW-YunJheNeural_SC-000594.wav,spoof,RT-EDGETTS-MINNAN,clean,redteam_factory/Edge-TTS,微软服务条款，仅研究评测用途,edgetts,minnan,SC-000594,zh-TW-YunJheNeural,7.94,True,True,0.0,True,0.3501259445843829,True,True,0.013,True
data/redteam/factory/edgetts/minnan/edgetts_minnan_zh-TW-YunJheNeural_SC-000648.wav,spoof,RT-EDGETTS-MINNAN,clean,redteam_factory/Edge-TTS,微软服务条款，仅研究评测用途,edgetts,minnan,SC-000648,zh-TW-YunJheNeural,14.33,True,True,0.0,True,0.42178770949720673,True,True,0.069,True
data/redteam/factory/edgetts/minnan/edgetts_minnan_zh-TW-YunJheNeural_SC-000705.wav,spoof,RT-EDGETTS-MINNAN,clean,redteam_factory/Edge-TTS,微软服务条款，仅研究评测用途,edgetts,minnan,SC-000705,zh-TW-YunJheNeural,13.25,True,True,0.0,True,0.3580060422960725,True,True,0.006,True
data/redteam/factory/edgetts/minnan/edgetts_minnan_zh-TW-YunJheNeural_SC-000772.wav,spoof,RT-EDGETTS-MINNAN,clean,redteam_factory/Edge-TTS,微软服务条款，仅研究评测用途,edgetts,minnan,SC-000772,zh-TW-YunJheNeural,12.94,True,True,0.0,True,0.4520123839009288,True,True,0.018,True
data/redteam/factory/edgetts/minnan/edgetts_minnan_zh-TW-YunJheNeural_SC-000834.wav,spoof,RT-EDGETTS-MINNAN,clean,redteam_factory/Edge-TTS,微软服务条款，仅研究评测用途,edgetts,minnan,SC-000834,zh-TW-YunJheNeural,15.91,True,True,0.0,True,0.31069182389937106,True,True,0.013,True
data/redteam/factory/edgetts/minnan/edgetts_minnan_zh-TW-YunJheNeural_SC-000880.wav,spoof,RT-EDGETTS-MINNAN,clean,redteam_factory/Edge-TTS,微软服务条款，仅研究评测用途,edgetts,minnan,SC-000880,zh-TW-YunJheNeural,12.91,True,True,0.0,True,0.4015503875968992,True,True,0.005,True
data/redteam/factory/edgetts/minnan/edgetts_minnan_zh-TW-YunJheNeural_SC-000980.wav,spoof,RT-EDGETTS-MINNAN,clean,redteam_factory/Edge-TTS,微软服务条款，仅研究评测用途,edgetts,minnan,SC-000980,zh-TW-YunJheNeural,12.7,True,True,0.0,True,0.3627760252365931,True,True,0.006,True
data/redteam/factory/edgetts/minnan/edgetts_minnan_zh-TW-YunJheNeural_SC-001034.wav,spoof,RT-EDGETTS-MINNAN,clean,redteam_factory/Edge-TTS,微软服务条款，仅研究评测用途,edgetts,minnan,SC-001034,zh-TW-YunJheNeural,19.97,True,True,0.0,True,0.3346693386773547,True,True,0.018,True
data/redteam/factory/edgetts/minnan/edgetts_minnan_zh-TW-YunJheNeural_SC-001098.wav,spoof,RT-EDGETTS-MINNAN,clean,redteam_factory/Edge-TTS,微软服务条款，仅研究评测用途,edgetts,minnan,SC-001098,zh-TW-YunJheNeural,12.84,True,True,0.0,True,0.2601246105919003,True,True,0.005,True
data/redteam/factory/edgetts/minnan/edgetts_minnan_zh-TW-YunJheNeural_SC-001136.wav,spoof,RT-EDGETTS-MINNAN,clean,redteam_factory/Edge-TTS,微软服务条款，仅研究评测用途,edgetts,minnan,SC-001136,zh-TW-YunJheNeural,7.44,True,True,0.0,True,0.4543010752688172,True,True,0.002,True
data/redteam/factory/edgetts/minnan/edgetts_minnan_zh-TW-YunJheNeural_SC-001220.wav,spoof,RT-EDGETTS-MINNAN,clean,redteam_factory/Edge-TTS,微软服务条款，仅研究评测用途,edgetts,minnan,SC-001220,zh-TW-YunJheNeural,16.58,True,True,0.0,True,0.3281061519903498,True,True,0.002,True
data/redteam/factory/edgetts/minnan/edgetts_minnan_zh-TW-YunJheNeural_SC-001264.wav,spoof,RT-EDGETTS-MINNAN,clean,redteam_factory/Edge-TTS,微软服务条款，仅研究评测用途,edgetts,minnan,SC-001264,zh-TW-YunJheNeural,12.7,True,True,0.0,True,0.47634069400630913,True,True,0.008,True
data/redteam/factory/edgetts/minnan/edgetts_minnan_zh-TW-YunJheNeural_SC-001311.wav,spoof,RT-EDGETTS-MINNAN,clean,redteam_factory/Edge-TTS,微软服务条款，仅研究评测用途,edgetts,minnan,SC-001311,zh-TW-YunJheNeural,7.06,True,True,0.0,True,0.36079545454545453,True,True,0.009,True
data/redteam/factory/edgetts/minnan/edgetts_minnan_zh-TW-YunJheNeural_SC-001414.wav,spoof,RT-EDGETTS-MINNAN,clean,redteam_factory/Edge-TTS,微软服务条款，仅研究评测用途,edgetts,minnan,SC-001414,zh-TW-YunJheNeural,15.58,True,True,0.0,True,0.32005141388174807,True,True,0.014,True
data/redteam/factory/edgetts/minnan/edgetts_minnan_zh-TW-YunJheNeural_SC-001484.wav,spoof,RT-EDGETTS-MINNAN,clean,redteam_factory/Edge-TTS,微软服务条款，仅研究评测用途,edgetts,minnan,SC-001484,zh-TW-YunJheNeural,11.47,True,True,0.0,True,0.37347294938917974,True,True,0.024,True
data/redteam/factory/edgetts/minnan/edgetts_minnan_zh-TW-YunJheNeural_SC-001589.wav,spoof,RT-EDGETTS-MINNAN,clean,redteam_factory/Edge-TTS,微软服务条款，仅研究评测用途,edgetts,minnan,SC-001589,zh-TW-YunJheNeural,13.78,True,True,0.0,True,0.3125,True,True,0.01,True
data/redteam/factory/edgetts/minnan/edgetts_minnan_zh-TW-YunJheNeural_SC-001677.wav,spoof,RT-EDGETTS-MINNAN,clean,redteam_factory/Edge-TTS,微软服务条款，仅研究评测用途,edgetts,minnan,SC-001677,zh-TW-YunJheNeural,16.37,True,True,0.0,True,0.35574572127139364,True,True,0.012,True
data/redteam/factory/edgetts/sichuan/edgetts_sichuan_zh-CN-YunxiNeural_SC-000320.wav,spoof,RT-EDGETTS-SICHUAN,clean,redteam_factory/Edge-TTS,微软服务条款，仅研究评测用途,edgetts,sichuan,SC-000320,zh-CN-YunxiNeural,18.1,True,True,0.0,True,0.41814159292035397,True,True,0.043,True
data/redteam/factory/edgetts/sichuan/edgetts_sichuan_zh-CN-YunxiNeural_SC-000372.wav,spoof,RT-EDGETTS-SICHUAN,clean,redteam_factory/Edge-TTS,微软服务条款，仅研究评测用途,edgetts,sichuan,SC-000372,zh-CN-YunxiNeural,12.84,True,True,0.0,True,0.4127725856697819,True,True,0.003,True
data/redteam/factory/edgetts/sichuan/edgetts_sichuan_zh-CN-YunxiNeural_SC-000390.wav,spoof,RT-EDGETTS-SICHUAN,clean,redteam_factory/Edge-TTS,微软服务条款，仅研究评测用途,edgetts,sichuan,SC-000390,zh-CN-YunxiNeural,17.28,True,True,0.0,True,0.39814814814814814,True,True,0.01,True
data/redteam/factory/edgetts/sichuan/edgetts_sichuan_zh-CN-YunxiNeural_SC-000469.wav,spoof,RT-EDGETTS-SICHUAN,clean,redteam_factory/Edge-TTS,微软服务条款，仅研究评测用途,edgetts,sichuan,SC-000469,zh-CN-YunxiNeural,12.77,True,True,0.0,True,0.4216300940438871,True,True,0.024,True
data/redteam/factory/edgetts/sichuan/edgetts_sichuan_zh-CN-YunxiNeural_SC-000535.wav,spoof,RT-EDGETTS-SICHUAN,clean,redteam_factory/Edge-TTS,微软服务条款，仅研究评测用途,edgetts,sichuan,SC-000535,zh-CN-YunxiNeural,16.22,True,True,0.0,True,0.39457459926017263,True,True,0.001,True
data/redteam/factory/edgetts/sichuan/edgetts_sichuan_zh-CN-YunxiNeural_SC-000615.wav,spoof,RT-EDGETTS-SICHUAN,clean,redteam_factory/Edge-TTS,微软服务条款，仅研究评测用途,edgetts,sichuan,SC-000615,zh-CN-YunxiNeural,17.21,True,True,0.0,True,0.4558139534883721,True,True,0.012,True
data/redteam/factory/edgetts/sichuan/edgetts_sichuan_zh-CN-YunxiNeural_SC-000675.wav,spoof,RT-EDGETTS-SICHUAN,clean,redteam_factory/Edge-TTS,微软服务条款，仅研究评测用途,edgetts,sichuan,SC-000675,zh-CN-YunxiNeural,17.71,True,True,0.0,True,0.4463276836158192,True,True,0.014,True
data/redteam/factory/edgetts/sichuan/edgetts_sichuan_zh-CN-YunxiNeural_SC-000979.wav,spoof,RT-EDGETTS-SICHUAN,clean,redteam_factory/Edge-TTS,微软服务条款，仅研究评测用途,edgetts,sichuan,SC-000979,zh-CN-YunxiNeural,11.83,True,True,0.0,True,0.43147208121827413,True,True,0.005,True
data/redteam/factory/edgetts/sichuan/edgetts_sichuan_zh-CN-YunxiNeural_SC-001041.wav,spoof,RT-EDGETTS-SICHUAN,clean,redteam_factory/Edge-TTS,微软服务条款，仅研究评测用途,edgetts,sichuan,SC-001041,zh-CN-YunxiNeural,6.98,True,True,0.0,True,0.4813753581661891,True,True,0.065,True
data/redteam/factory/edgetts/sichuan/edgetts_sichuan_zh-CN-YunxiNeural_SC-001138.wav,spoof,RT-EDGETTS-SICHUAN,clean,redteam_factory/Edge-TTS,微软服务条款，仅研究评测用途,edgetts,sichuan,SC-001138,zh-CN-YunxiNeural,13.97,True,True,0.0,True,0.38108882521489973,True,True,0.025,True
data/redteam/factory/edgetts/sichuan/edgetts_sichuan_zh-CN-YunxiNeural_SC-001195.wav,spoof,RT-EDGETTS-SICHUAN,clean,redteam_factory/Edge-TTS,微软服务条款，仅研究评测用途,edgetts,sichuan,SC-001195,zh-CN-YunxiNeural,12.24,True,True,0.0,True,0.44281045751633985,True,True,0.008,True
data/redteam/factory/edgetts/sichuan/edgetts_sichuan_zh-CN-YunxiNeural_SC-001252.wav,spoof,RT-EDGETTS-SICHUAN,clean,redteam_factory/Edge-TTS,微软服务条款，仅研究评测用途,edgetts,sichuan,SC-001252,zh-CN-YunxiNeural,18.65,True,True,0.0,True,0.4034334763948498,True,True,0.016,True
data/redteam/factory/edgetts/sichuan/edgetts_sichuan_zh-CN-YunxiNeural_SC-001351.wav,spoof,RT-EDGETTS-SICHUAN,clean,redteam_factory/Edge-TTS,微软服务条款，仅研究评测用途,edgetts,sichuan,SC-001351,zh-CN-YunxiNeural,17.28,True,True,0.0,True,0.4270833333333333,True,True,0.01,True
data/redteam/factory/edgetts/sichuan/edgetts_sichuan_zh-CN-YunxiNeural_SC-001404.wav,spoof,RT-EDGETTS-SICHUAN,clean,redteam_factory/Edge-TTS,微软服务条款，仅研究评测用途,edgetts,sichuan,SC-001404,zh-CN-YunxiNeural,11.3,True,True,0.0,True,0.45132743362831856,True,True,0.007,True
data/redteam/factory/edgetts/sichuan/edgetts_sichuan_zh-CN-YunxiNeural_SC-001464.wav,spoof,RT-EDGETTS-SICHUAN,clean,redteam_factory/Edge-TTS,微软服务条款，仅研究评测用途,edgetts,sichuan,SC-001464,zh-CN-YunxiNeural,10.92,True,True,0.0,True,0.4835164835164835,True,True,0.024,True
data/redteam/factory/edgetts/sichuan/edgetts_sichuan_zh-CN-YunxiNeural_SC-001535.wav,spoof,RT-EDGETTS-SICHUAN,clean,redteam_factory/Edge-TTS,微软服务条款，仅研究评测用途,edgetts,sichuan,SC-001535,zh-CN-YunxiNeural,15.26,True,True,0.0,True,0.34338138925294887,True,True,0.007,True
data/redteam/factory/edgetts/sichuan/edgetts_sichuan_zh-CN-XiaoxiaoNeural_SC-000320.wav,spoof,RT-EDGETTS-SICHUAN,clean,redteam_factory/Edge-TTS,微软服务条款，仅研究评测用途,edgetts,sichuan,SC-000320,zh-CN-XiaoxiaoNeural,19.63,True,True,0.0,True,0.2823649337410805,True,True,0.023,True
data/redteam/factory/edgetts/sichuan/edgetts_sichuan_zh-CN-XiaoxiaoNeural_SC-000372.wav,spoof,RT-EDGETTS-SICHUAN,clean,redteam_factory/Edge-TTS,微软服务条款，仅研究评测用途,edgetts,sichuan,SC-000372,zh-CN-XiaoxiaoNeural,12.82,True,True,0.0,True,0.3015625,True,True,0.024,True
data/redteam/factory/edgetts/sichuan/edgetts_sichuan_zh-CN-XiaoxiaoNeural_SC-000390.wav,spoof,RT-EDGETTS-SICHUAN,clean,redteam_factory/Edge-TTS,微软服务条款，仅研究评测用途,edgetts,sichuan,SC-000390,zh-CN-XiaoxiaoNeural,18.43,True,True,0.0,True,0.26492942453854507,True,True,0.008,True
data/redteam/factory/edgetts/sichuan/edgetts_sichuan_zh-CN-XiaoxiaoNeural_SC-000535.wav,spoof,RT-EDGETTS-SICHUAN,clean,redteam_factory/Edge-TTS,微软服务条款，仅研究评测用途,edgetts,sichuan,SC-000535,zh-CN-XiaoxiaoNeural,16.87,True,True,0.0,True,0.27402135231316727,True,True,0.121,True
data/redteam/factory/edgetts/sichuan/edgetts_sichuan_zh-CN-XiaoxiaoNeural_SC-000615.wav,spoof,RT-EDGETTS-SICHUAN,clean,redteam_factory/Edge-TTS,微软服务条款，仅研究评测用途,edgetts,sichuan,SC-000615,zh-CN-XiaoxiaoNeural,17.93,True,True,0.0,True,0.31026785714285715,True,True,0.072,True
data/redteam/factory/edgetts/sichuan/edgetts_sichuan_zh-CN-XiaoxiaoNeural_SC-000675.wav,spoof,RT-EDGETTS-SICHUAN,clean,redteam_factory/Edge-TTS,微软服务条款，仅研究评测用途,edgetts,sichuan,SC-000675,zh-CN-XiaoxiaoNeural,17.98,True,True,0.0,True,0.28619153674832964,True,True,0.116,True
data/redteam/factory/edgetts/sichuan/edgetts_sichuan_zh-CN-XiaoxiaoNeural_SC-000745.wav,spoof,RT-EDGETTS-SICHUAN,clean,redteam_factory/Edge-TTS,微软服务条款，仅研究评测用途,edgetts,sichuan,SC-000745,zh-CN-XiaoxiaoNeural,18.19,True,True,0.0,True,0.2662266226622662,True,True,0.178,True
data/redteam/factory/edgetts/sichuan/edgetts_sichuan_zh-CN-XiaoxiaoNeural_SC-000979.wav,spoof,RT-EDGETTS-SICHUAN,clean,redteam_factory/Edge-TTS,微软服务条款，仅研究评测用途,edgetts,sichuan,SC-000979,zh-CN-XiaoxiaoNeural,11.64,True,True,0.0,True,0.32989690721649484,True,True,0.011,True
data/redteam/factory/edgetts/sichuan/edgetts_sichuan_zh-CN-XiaoxiaoNeural_SC-001041.wav,spoof,RT-EDGETTS-SICHUAN,clean,redteam_factory/Edge-TTS,微软服务条款，仅研究评测用途,edgetts,sichuan,SC-001041,zh-CN-XiaoxiaoNeural,6.94,True,True,0.0,True,0.36416184971098264,True,True,0.11,True
data/redteam/factory/edgetts/sichuan/edgetts_sichuan_zh-CN-XiaoxiaoNeural_SC-001138.wav,spoof,RT-EDGETTS-SICHUAN,clean,redteam_factory/Edge-TTS,微软服务条款，仅研究评测用途,edgetts,sichuan,SC-001138,zh-CN-XiaoxiaoNeural,14.59,True,True,0.0,True,0.24691358024691357,True,True,0.091,True
data/redteam/factory/edgetts/sichuan/edgetts_sichuan_zh-CN-XiaoxiaoNeural_SC-001195.wav,spoof,RT-EDGETTS-SICHUAN,clean,redteam_factory/Edge-TTS,微软服务条款，仅研究评测用途,edgetts,sichuan,SC-001195,zh-CN-XiaoxiaoNeural,12.05,True,True,0.0,True,0.3388704318936877,True,True,0.133,True
data/redteam/factory/edgetts/sichuan/edgetts_sichuan_zh-CN-XiaoxiaoNeural_SC-001351.wav,spoof,RT-EDGETTS-SICHUAN,clean,redteam_factory/Edge-TTS,微软服务条款，仅研究评测用途,edgetts,sichuan,SC-001351,zh-CN-XiaoxiaoNeural,17.11,True,True,0.0,True,0.2783625730994152,True,True,0.048,True
data/redteam/factory/edgetts/sichuan/edgetts_sichuan_zh-CN-XiaoxiaoNeural_SC-001404.wav,spoof,RT-EDGETTS-SICHUAN,clean,redteam_factory/Edge-TTS,微软服务条款，仅研究评测用途,edgetts,sichuan,SC-001404,zh-CN-XiaoxiaoNeural,10.8,True,True,0.0,True,0.34074074074074073,True,True,0.005,True
data/redteam/factory/edgetts/sichuan/edgetts_sichuan_zh-CN-XiaoxiaoNeural_SC-001464.wav,spoof,RT-EDGETTS-SICHUAN,clean,redteam_factory/Edge-TTS,微软服务条款，仅研究评测用途,edgetts,sichuan,SC-001464,zh-CN-XiaoxiaoNeural,10.42,True,True,0.0,True,0.3596153846153846,True,True,0.008,True
data/redteam/factory/edgetts/sichuan/edgetts_sichuan_zh-CN-XiaoxiaoNeural_SC-001535.wav,spoof,RT-EDGETTS-SICHUAN,clean,redteam_factory/Edge-TTS,微软服务条款，仅研究评测用途,edgetts,sichuan,SC-001535,zh-CN-XiaoxiaoNeural,17.69,True,True,0.0,True,0.23755656108597284,True,True,0.095,True
data/redteam/factory/edgetts/cantonese/edgetts_cantonese_zh-HK-HiuMaanNeural_SC-000489.wav,spoof,RT-EDGETTS-CANTONESE,clean,redteam_factory/Edge-TTS,微软服务条款，仅研究评测用途,edgetts,cantonese,SC-000489,zh-HK-HiuMaanNeural,11.38,True,True,0.0,True,0.32922535211267606,True,True,0.027,True
data/redteam/factory/edgetts/cantonese/edgetts_cantonese_zh-HK-HiuMaanNeural_SC-000603.wav,spoof,RT-EDGETTS-CANTONESE,clean,redteam_factory/Edge-TTS,微软服务条款，仅研究评测用途,edgetts,cantonese,SC-000603,zh-HK-HiuMaanNeural,19.37,True,True,0.0,True,0.2902892561983471,True,True,0.001,True
data/redteam/factory/edgetts/cantonese/edgetts_cantonese_zh-HK-HiuMaanNeural_SC-000686.wav,spoof,RT-EDGETTS-CANTONESE,clean,redteam_factory/Edge-TTS,微软服务条款，仅研究评测用途,edgetts,cantonese,SC-000686,zh-HK-HiuMaanNeural,13.85,True,True,0.0,True,0.3829479768786127,True,True,0.005,True
data/redteam/factory/edgetts/cantonese/edgetts_cantonese_zh-HK-HiuMaanNeural_SC-000718.wav,spoof,RT-EDGETTS-CANTONESE,clean,redteam_factory/Edge-TTS,微软服务条款，仅研究评测用途,edgetts,cantonese,SC-000718,zh-HK-HiuMaanNeural,9.62,True,True,0.0,True,0.20582120582120583,True,True,0.064,True
data/redteam/factory/edgetts/cantonese/edgetts_cantonese_zh-HK-HiuMaanNeural_SC-000798.wav,spoof,RT-EDGETTS-CANTONESE,clean,redteam_factory/Edge-TTS,微软服务条款，仅研究评测用途,edgetts,cantonese,SC-000798,zh-HK-HiuMaanNeural,17.62,True,True,0.0,True,0.2125,True,True,0.055,True
data/redteam/factory/edgetts/cantonese/edgetts_cantonese_zh-HK-HiuMaanNeural_SC-000874.wav,spoof,RT-EDGETTS-CANTONESE,clean,redteam_factory/Edge-TTS,微软服务条款，仅研究评测用途,edgetts,cantonese,SC-000874,zh-HK-HiuMaanNeural,15.94,True,True,0.0,True,0.23743718592964824,True,True,0.006,True
data/redteam/factory/edgetts/cantonese/edgetts_cantonese_zh-HK-HiuMaanNeural_SC-000942.wav,spoof,RT-EDGETTS-CANTONESE,clean,redteam_factory/Edge-TTS,微软服务条款，仅研究评测用途,edgetts,cantonese,SC-000942,zh-HK-HiuMaanNeural,12.46,True,True,0.0,True,0.2845659163987138,True,True,0.036,True
data/redteam/factory/edgetts/cantonese/edgetts_cantonese_zh-HK-HiuMaanNeural_SC-001005.wav,spoof,RT-EDGETTS-CANTONESE,clean,redteam_factory/Edge-TTS,微软服务条款，仅研究评测用途,edgetts,cantonese,SC-001005,zh-HK-HiuMaanNeural,13.94,True,True,0.0,True,0.24533715925394547,True,True,0.012,True
data/redteam/factory/edgetts/cantonese/edgetts_cantonese_zh-HK-HiuMaanNeural_SC-001069.wav,spoof,RT-EDGETTS-CANTONESE,clean,redteam_factory/Edge-TTS,微软服务条款，仅研究评测用途,edgetts,cantonese,SC-001069,zh-HK-HiuMaanNeural,16.8,True,True,0.0,True,0.28095238095238095,True,True,0.024,True
data/redteam/factory/edgetts/cantonese/edgetts_cantonese_zh-HK-HiuMaanNeural_SC-001122.wav,spoof,RT-EDGETTS-CANTONESE,clean,redteam_factory/Edge-TTS,微软服务条款，仅研究评测用途,edgetts,cantonese,SC-001122,zh-HK-HiuMaanNeural,12.94,True,True,0.0,True,0.2647058823529412,True,True,0.027,True
data/redteam/factory/edgetts/cantonese/edgetts_cantonese_zh-HK-HiuMaanNeural_SC-001188.wav,spoof,RT-EDGETTS-CANTONESE,clean,redteam_factory/Edge-TTS,微软服务条款，仅研究评测用途,edgetts,cantonese,SC-001188,zh-HK-HiuMaanNeural,19.27,True,True,0.0,True,0.27414330218068533,True,True,0.005,True
data/redteam/factory/edgetts/cantonese/edgetts_cantonese_zh-HK-HiuMaanNeural_SC-001283.wav,spoof,RT-EDGETTS-CANTONESE,clean,redteam_factory/Edge-TTS,微软服务条款，仅研究评测用途,edgetts,cantonese,SC-001283,zh-HK-HiuMaanNeural,13.2,True,True,0.0,True,0.26212121212121214,True,True,0.014,True
data/redteam/factory/edgetts/cantonese/edgetts_cantonese_zh-HK-HiuMaanNeural_SC-001347.wav,spoof,RT-EDGETTS-CANTONESE,clean,redteam_factory/Edge-TTS,微软服务条款，仅研究评测用途,edgetts,cantonese,SC-001347,zh-HK-HiuMaanNeural,15.55,True,True,0.0,True,0.25868725868725867,True,True,0.01,True
data/redteam/factory/edgetts/cantonese/edgetts_cantonese_zh-HK-HiuMaanNeural_SC-001482.wav,spoof,RT-EDGETTS-CANTONESE,clean,redteam_factory/Edge-TTS,微软服务条款，仅研究评测用途,edgetts,cantonese,SC-001482,zh-HK-HiuMaanNeural,13.2,True,True,0.0,True,0.3409090909090909,True,True,0.002,True
data/redteam/factory/edgetts/cantonese/edgetts_cantonese_zh-HK-HiuMaanNeural_SC-001541.wav,spoof,RT-EDGETTS-CANTONESE,clean,redteam_factory/Edge-TTS,微软服务条款，仅研究评测用途,edgetts,cantonese,SC-001541,zh-HK-HiuMaanNeural,18.84,True,True,0.0,True,0.2218683651804671,True,True,0.014,True
data/redteam/factory/edgetts/cantonese/edgetts_cantonese_zh-HK-HiuMaanNeural_SC-001607.wav,spoof,RT-EDGETTS-CANTONESE,clean,redteam_factory/Edge-TTS,微软服务条款，仅研究评测用途,edgetts,cantonese,SC-001607,zh-HK-HiuMaanNeural,17.23,True,True,0.0,True,0.2450638792102207,True,True,0.008,True
data/redteam/factory/edgetts/cantonese/edgetts_cantonese_zh-HK-WanLungNeural_SC-000489.wav,spoof,RT-EDGETTS-CANTONESE,clean,redteam_factory/Edge-TTS,微软服务条款，仅研究评测用途,edgetts,cantonese,SC-000489,zh-HK-WanLungNeural,11.35,True,True,0.0,True,0.37213403880070545,True,True,0.125,True
data/redteam/factory/edgetts/cantonese/edgetts_cantonese_zh-HK-WanLungNeural_SC-000603.wav,spoof,RT-EDGETTS-CANTONESE,clean,redteam_factory/Edge-TTS,微软服务条款，仅研究评测用途,edgetts,cantonese,SC-000603,zh-HK-WanLungNeural,19.32,True,True,0.0,True,0.3188405797101449,True,True,0.007,True
data/redteam/factory/edgetts/cantonese/edgetts_cantonese_zh-HK-WanLungNeural_SC-000686.wav,spoof,RT-EDGETTS-CANTONESE,clean,redteam_factory/Edge-TTS,微软服务条款，仅研究评测用途,edgetts,cantonese,SC-000686,zh-HK-WanLungNeural,13.94,True,True,0.0,True,0.41606886657101866,True,True,0.002,True
data/redteam/factory/edgetts/cantonese/edgetts_cantonese_zh-HK-WanLungNeural_SC-000718.wav,spoof,RT-EDGETTS-CANTONESE,clean,redteam_factory/Edge-TTS,微软服务条款，仅研究评测用途,edgetts,cantonese,SC-000718,zh-HK-WanLungNeural,9.79,True,True,0.0,True,0.25766871165644173,True,True,0.028,True
data/redteam/factory/edgetts/cantonese/edgetts_cantonese_zh-HK-WanLungNeural_SC-000798.wav,spoof,RT-EDGETTS-CANTONESE,clean,redteam_factory/Edge-TTS,微软服务条款，仅研究评测用途,edgetts,cantonese,SC-000798,zh-HK-WanLungNeural,17.33,True,True,0.0,True,0.2540415704387991,True,True,0.01,True
data/redteam/factory/edgetts/cantonese/edgetts_cantonese_zh-HK-WanLungNeural_SC-000874.wav,spoof,RT-EDGETTS-CANTONESE,clean,redteam_factory/Edge-TTS,微软服务条款，仅研究评测用途,edgetts,cantonese,SC-000874,zh-HK-WanLungNeural,15.82,True,True,0.0,True,0.2683544303797468,True,True,0.011,True
data/redteam/factory/edgetts/cantonese/edgetts_cantonese_zh-HK-WanLungNeural_SC-000942.wav,spoof,RT-EDGETTS-CANTONESE,clean,redteam_factory/Edge-TTS,微软服务条款，仅研究评测用途,edgetts,cantonese,SC-000942,zh-HK-WanLungNeural,12.14,True,True,0.0,True,0.31795716639209226,True,True,0.008,True
data/redteam/factory/edgetts/cantonese/edgetts_cantonese_zh-HK-WanLungNeural_SC-001005.wav,spoof,RT-EDGETTS-CANTONESE,clean,redteam_factory/Edge-TTS,微软服务条款，仅研究评测用途,edgetts,cantonese,SC-001005,zh-HK-WanLungNeural,13.66,True,True,0.0,True,0.29178885630498536,True,True,0.017,True
data/redteam/factory/edgetts/cantonese/edgetts_cantonese_zh-HK-WanLungNeural_SC-001069.wav,spoof,RT-EDGETTS-CANTONESE,clean,redteam_factory/Edge-TTS,微软服务条款，仅研究评测用途,edgetts,cantonese,SC-001069,zh-HK-WanLungNeural,16.58,True,True,0.0,True,0.30759951749095293,True,True,0.051,True
data/redteam/factory/edgetts/cantonese/edgetts_cantonese_zh-HK-WanLungNeural_SC-001122.wav,spoof,RT-EDGETTS-CANTONESE,clean,redteam_factory/Edge-TTS,微软服务条款，仅研究评测用途,edgetts,cantonese,SC-001122,zh-HK-WanLungNeural,13.01,True,True,0.0,True,0.29384615384615387,True,True,0.038,True
data/redteam/factory/edgetts/cantonese/edgetts_cantonese_zh-HK-WanLungNeural_SC-001188.wav,spoof,RT-EDGETTS-CANTONESE,clean,redteam_factory/Edge-TTS,微软服务条款，仅研究评测用途,edgetts,cantonese,SC-001188,zh-HK-WanLungNeural,18.65,True,True,0.0,True,0.30579399141630903,True,True,0.013,True
data/redteam/factory/edgetts/cantonese/edgetts_cantonese_zh-HK-WanLungNeural_SC-001283.wav,spoof,RT-EDGETTS-CANTONESE,clean,redteam_factory/Edge-TTS,微软服务条款，仅研究评测用途,edgetts,cantonese,SC-001283,zh-HK-WanLungNeural,13.56,True,True,0.0,True,0.3141592920353982,True,True,0.036,True
data/redteam/factory/edgetts/cantonese/edgetts_cantonese_zh-HK-WanLungNeural_SC-001347.wav,spoof,RT-EDGETTS-CANTONESE,clean,redteam_factory/Edge-TTS,微软服务条款，仅研究评测用途,edgetts,cantonese,SC-001347,zh-HK-WanLungNeural,14.98,True,True,0.0,True,0.27540106951871657,True,True,0.015,True
data/redteam/factory/edgetts/cantonese/edgetts_cantonese_zh-HK-WanLungNeural_SC-001482.wav,spoof,RT-EDGETTS-CANTONESE,clean,redteam_factory/Edge-TTS,微软服务条款，仅研究评测用途,edgetts,cantonese,SC-001482,zh-HK-WanLungNeural,13.34,True,True,0.0,True,0.3778110944527736,True,True,0.005,True
data/redteam/factory/edgetts/cantonese/edgetts_cantonese_zh-HK-WanLungNeural_SC-001541.wav,spoof,RT-EDGETTS-CANTONESE,clean,redteam_factory/Edge-TTS,微软服务条款，仅研究评测用途,edgetts,cantonese,SC-001541,zh-HK-WanLungNeural,18.36,True,True,0.0,True,0.2494553376906318,True,True,0.016,True
data/redteam/factory/edgetts/cantonese/edgetts_cantonese_zh-HK-WanLungNeural_SC-001607.wav,spoof,RT-EDGETTS-CANTONESE,clean,redteam_factory/Edge-TTS,微软服务条款，仅研究评测用途,edgetts,cantonese,SC-001607,zh-HK-WanLungNeural,16.63,True,True,0.0,True,0.27075812274368233,True,True,0.017,True
data/redteam/factory/edgetts/dongbei/edgetts_dongbei_zh-CN-liaoning-XiaobeiNeural_SC-000416.wav,spoof,RT-EDGETTS-DONGBEI,clean,redteam_factory/Edge-TTS,微软服务条款，仅研究评测用途,edgetts,dongbei,SC-000416,zh-CN-liaoning-XiaobeiNeural,9.77,True,True,0.0,True,0.38934426229508196,True,True,0.011,True
data/redteam/factory/edgetts/dongbei/edgetts_dongbei_zh-CN-liaoning-XiaobeiNeural_SC-000477.wav,spoof,RT-EDGETTS-DONGBEI,clean,redteam_factory/Edge-TTS,微软服务条款，仅研究评测用途,edgetts,dongbei,SC-000477,zh-CN-liaoning-XiaobeiNeural,7.34,True,True,0.0,True,0.35149863760217986,True,True,0.028,True
data/redteam/factory/edgetts/dongbei/edgetts_dongbei_zh-CN-liaoning-XiaobeiNeural_SC-000558.wav,spoof,RT-EDGETTS-DONGBEI,clean,redteam_factory/Edge-TTS,微软服务条款，仅研究评测用途,edgetts,dongbei,SC-000558,zh-CN-liaoning-XiaobeiNeural,12.74,True,True,0.0,True,0.32967032967032966,True,True,0.013,True
data/redteam/factory/edgetts/dongbei/edgetts_dongbei_zh-CN-liaoning-XiaobeiNeural_SC-000710.wav,spoof,RT-EDGETTS-DONGBEI,clean,redteam_factory/Edge-TTS,微软服务条款，仅研究评测用途,edgetts,dongbei,SC-000710,zh-CN-liaoning-XiaobeiNeural,16.82,True,True,0.0,True,0.31747919143876335,True,True,0.016,True
data/redteam/factory/edgetts/dongbei/edgetts_dongbei_zh-CN-liaoning-XiaobeiNeural_SC-000869.wav,spoof,RT-EDGETTS-DONGBEI,clean,redteam_factory/Edge-TTS,微软服务条款，仅研究评测用途,edgetts,dongbei,SC-000869,zh-CN-liaoning-XiaobeiNeural,15.84,True,True,0.0,True,0.28535353535353536,True,True,0.036,True
data/redteam/factory/edgetts/dongbei/edgetts_dongbei_zh-CN-liaoning-XiaobeiNeural_SC-001051.wav,spoof,RT-EDGETTS-DONGBEI,clean,redteam_factory/Edge-TTS,微软服务条款，仅研究评测用途,edgetts,dongbei,SC-001051,zh-CN-liaoning-XiaobeiNeural,11.14,True,True,0.0,True,0.3669064748201439,True,True,0.005,True
data/redteam/factory/edgetts/dongbei/edgetts_dongbei_zh-CN-liaoning-XiaobeiNeural_SC-001212.wav,spoof,RT-EDGETTS-DONGBEI,clean,redteam_factory/Edge-TTS,微软服务条款，仅研究评测用途,edgetts,dongbei,SC-001212,zh-CN-liaoning-XiaobeiNeural,13.22,True,True,0.0,True,0.3177004538577912,True,True,0.009,True
data/redteam/factory/edgetts/dongbei/edgetts_dongbei_zh-CN-liaoning-XiaobeiNeural_SC-001259.wav,spoof,RT-EDGETTS-DONGBEI,clean,redteam_factory/Edge-TTS,微软服务条款，仅研究评测用途,edgetts,dongbei,SC-001259,zh-CN-liaoning-XiaobeiNeural,17.18,True,True,0.0,True,0.30267753201396974,True,True,0.024,True
data/redteam/factory/edgetts/dongbei/edgetts_dongbei_zh-CN-liaoning-XiaobeiNeural_SC-001426.wav,spoof,RT-EDGETTS-DONGBEI,clean,redteam_factory/Edge-TTS,微软服务条款，仅研究评测用途,edgetts,dongbei,SC-001426,zh-CN-liaoning-XiaobeiNeural,14.23,True,True,0.0,True,0.29957805907172996,True,True,0.039,True
data/redteam/factory/edgetts/dongbei/edgetts_dongbei_zh-CN-liaoning-XiaobeiNeural_SC-001469.wav,spoof,RT-EDGETTS-DONGBEI,clean,redteam_factory/Edge-TTS,微软服务条款，仅研究评测用途,edgetts,dongbei,SC-001469,zh-CN-liaoning-XiaobeiNeural,18.41,True,True,0.0,True,0.3076086956521739,True,True,0.129,True
data/redteam/factory/edgetts/dongbei/edgetts_dongbei_zh-CN-liaoning-XiaobeiNeural_SC-001542.wav,spoof,RT-EDGETTS-DONGBEI,clean,redteam_factory/Edge-TTS,微软服务条款，仅研究评测用途,edgetts,dongbei,SC-001542,zh-CN-liaoning-XiaobeiNeural,16.32,True,True,0.0,True,0.3235294117647059,True,True,0.01,True
data/redteam/factory/edgetts/dongbei/edgetts_dongbei_zh-CN-liaoning-XiaobeiNeural_SC-001668.wav,spoof,RT-EDGETTS-DONGBEI,clean,redteam_factory/Edge-TTS,微软服务条款，仅研究评测用途,edgetts,dongbei,SC-001668,zh-CN-liaoning-XiaobeiNeural,13.92,True,True,0.0,True,0.34913793103448276,True,True,0.007,True
data/redteam/factory/edgetts/dongbei/edgetts_dongbei_zh-CN-liaoning-XiaobeiNeural_SC-001698.wav,spoof,RT-EDGETTS-DONGBEI,clean,redteam_factory/Edge-TTS,微软服务条款，仅研究评测用途,edgetts,dongbei,SC-001698,zh-CN-liaoning-XiaobeiNeural,17.21,True,True,0.0,True,0.3023255813953488,True,True,0.106,True
data/redteam/factory/edgetts/henan/edgetts_henan_zh-CN-shaanxi-XiaoniNeural_SC-000590.wav,spoof,RT-EDGETTS-HENAN,clean,redteam_factory/Edge-TTS,微软服务条款，仅研究评测用途,edgetts,henan,SC-000590,zh-CN-shaanxi-XiaoniNeural,9.7,True,True,0.0,True,0.3512396694214876,True,True,0.012,True
data/redteam/factory/edgetts/henan/edgetts_henan_zh-CN-shaanxi-XiaoniNeural_SC-000680.wav,spoof,RT-EDGETTS-HENAN,clean,redteam_factory/Edge-TTS,微软服务条款，仅研究评测用途,edgetts,henan,SC-000680,zh-CN-shaanxi-XiaoniNeural,13.3,True,True,0.0,True,0.32228915662650603,True,True,0.039,True
data/redteam/factory/edgetts/henan/edgetts_henan_zh-CN-shaanxi-XiaoniNeural_SC-000847.wav,spoof,RT-EDGETTS-HENAN,clean,redteam_factory/Edge-TTS,微软服务条款，仅研究评测用途,edgetts,henan,SC-000847,zh-CN-shaanxi-XiaoniNeural,11.38,True,True,0.0,True,0.2517605633802817,True,True,0.027,True
data/redteam/factory/edgetts/henan/edgetts_henan_zh-CN-shaanxi-XiaoniNeural_SC-000959.wav,spoof,RT-EDGETTS-HENAN,clean,redteam_factory/Edge-TTS,微软服务条款，仅研究评测用途,edgetts,henan,SC-000959,zh-CN-shaanxi-XiaoniNeural,19.13,True,True,0.0,True,0.2803347280334728,True,True,0.032,True
data/redteam/factory/edgetts/henan/edgetts_henan_zh-CN-shaanxi-XiaoniNeural_SC-001029.wav,spoof,RT-EDGETTS-HENAN,clean,redteam_factory/Edge-TTS,微软服务条款，仅研究评测用途,edgetts,henan,SC-001029,zh-CN-shaanxi-XiaoniNeural,13.42,True,True,0.0,True,0.31343283582089554,True,True,0.06,True
data/redteam/factory/edgetts/henan/edgetts_henan_zh-CN-shaanxi-XiaoniNeural_SC-001101.wav,spoof,RT-EDGETTS-HENAN,clean,redteam_factory/Edge-TTS,微软服务条款，仅研究评测用途,edgetts,henan,SC-001101,zh-CN-shaanxi-XiaoniNeural,16.54,True,True,0.0,True,0.3583535108958838,True,True,0.023,True
data/redteam/factory/edgetts/henan/edgetts_henan_zh-CN-shaanxi-XiaoniNeural_SC-001183.wav,spoof,RT-EDGETTS-HENAN,clean,redteam_factory/Edge-TTS,微软服务条款，仅研究评测用途,edgetts,henan,SC-001183,zh-CN-shaanxi-XiaoniNeural,12.86,True,True,0.0,True,0.3545878693623639,True,True,0.038,True
data/redteam/factory/edgetts/henan/edgetts_henan_zh-CN-shaanxi-XiaoniNeural_SC-001228.wav,spoof,RT-EDGETTS-HENAN,clean,redteam_factory/Edge-TTS,微软服务条款，仅研究评测用途,edgetts,henan,SC-001228,zh-CN-shaanxi-XiaoniNeural,19.92,True,True,0.0,True,0.26706827309236947,True,True,0.051,True
data/redteam/factory/edgetts/henan/edgetts_henan_zh-CN-shaanxi-XiaoniNeural_SC-001353.wav,spoof,RT-EDGETTS-HENAN,clean,redteam_factory/Edge-TTS,微软服务条款，仅研究评测用途,edgetts,henan,SC-001353,zh-CN-shaanxi-XiaoniNeural,8.3,True,True,0.0,True,0.3855421686746988,True,True,0.014,True
data/redteam/factory/edgetts/henan/edgetts_henan_zh-CN-shaanxi-XiaoniNeural_SC-001420.wav,spoof,RT-EDGETTS-HENAN,clean,redteam_factory/Edge-TTS,微软服务条款，仅研究评测用途,edgetts,henan,SC-001420,zh-CN-shaanxi-XiaoniNeural,15.89,True,True,0.0,True,0.30856423173803527,True,True,0.122,True
data/redteam/factory/edgetts/henan/edgetts_henan_zh-CN-shaanxi-XiaoniNeural_SC-001492.wav,spoof,RT-EDGETTS-HENAN,clean,redteam_factory/Edge-TTS,微软服务条款，仅研究评测用途,edgetts,henan,SC-001492,zh-CN-shaanxi-XiaoniNeural,8.14,True,True,0.0,True,0.37192118226600984,True,True,0.002,True
data/redteam/factory/edgetts/henan/edgetts_henan_zh-CN-shaanxi-XiaoniNeural_SC-001552.wav,spoof,RT-EDGETTS-HENAN,clean,redteam_factory/Edge-TTS,微软服务条款，仅研究评测用途,edgetts,henan,SC-001552,zh-CN-shaanxi-XiaoniNeural,18.24,True,True,0.0,True,0.3223684210526316,True,True,0.01,True
data/redteam/factory/edgetts/mandarin/edgetts_mandarin_zh-CN-YunxiNeural_SC-000134.wav,spoof,RT-EDGETTS-MANDARIN,clean,redteam_factory/Edge-TTS,微软服务条款，仅研究评测用途,edgetts,mandarin,SC-000134,zh-CN-YunxiNeural,8.93,True,True,0.0,True,0.4327354260089686,True,True,0.003,True
data/redteam/factory/edgetts/mandarin/edgetts_mandarin_zh-CN-YunxiNeural_SC-000158.wav,spoof,RT-EDGETTS-MANDARIN,clean,redteam_factory/Edge-TTS,微软服务条款，仅研究评测用途,edgetts,mandarin,SC-000158,zh-CN-YunxiNeural,8.26,True,True,0.0,True,0.47572815533980584,True,True,0.001,True
data/redteam/factory/edgetts/mandarin/edgetts_mandarin_zh-CN-YunxiNeural_SC-000173.wav,spoof,RT-EDGETTS-MANDARIN,clean,redteam_factory/Edge-TTS,微软服务条款，仅研究评测用途,edgetts,mandarin,SC-000173,zh-CN-YunxiNeural,12.86,True,True,0.0,True,0.4059097978227061,True,True,0.002,True
data/redteam/factory/edgetts/mandarin/edgetts_mandarin_zh-CN-YunxiNeural_SC-000189.wav,spoof,RT-EDGETTS-MANDARIN,clean,redteam_factory/Edge-TTS,微软服务条款，仅研究评测用途,edgetts,mandarin,SC-000189,zh-CN-YunxiNeural,14.02,True,True,0.0,True,0.37285714285714283,True,True,0.053,True
data/redteam/factory/edgetts/mandarin/edgetts_mandarin_zh-CN-YunxiNeural_SC-000213.wav,spoof,RT-EDGETTS-MANDARIN,clean,redteam_factory/Edge-TTS,微软服务条款，仅研究评测用途,edgetts,mandarin,SC-000213,zh-CN-YunxiNeural,10.03,True,True,0.0,True,0.4491017964071856,True,True,0.028,True
data/redteam/factory/edgetts/mandarin/edgetts_mandarin_zh-CN-YunxiNeural_SC-000230.wav,spoof,RT-EDGETTS-MANDARIN,clean,redteam_factory/Edge-TTS,微软服务条款，仅研究评测用途,edgetts,mandarin,SC-000230,zh-CN-YunxiNeural,11.02,True,True,0.0,True,0.4072727272727273,True,True,0.002,True
data/redteam/factory/edgetts/mandarin/edgetts_mandarin_zh-CN-YunxiNeural_SC-000260.wav,spoof,RT-EDGETTS-MANDARIN,clean,redteam_factory/Edge-TTS,微软服务条款，仅研究评测用途,edgetts,mandarin,SC-000260,zh-CN-YunxiNeural,8.3,True,True,0.0,True,0.43614457831325304,True,True,0.014,True
data/redteam/factory/edgetts/mandarin/edgetts_mandarin_zh-CN-YunxiNeural_SC-000279.wav,spoof,RT-EDGETTS-MANDARIN,clean,redteam_factory/Edge-TTS,微软服务条款，仅研究评测用途,edgetts,mandarin,SC-000279,zh-CN-YunxiNeural,13.97,True,True,0.0,True,0.3667621776504298,True,True,0.024,True
data/redteam/factory/edgetts/mandarin/edgetts_mandarin_zh-CN-YunxiNeural_SC-000301.wav,spoof,RT-EDGETTS-MANDARIN,clean,redteam_factory/Edge-TTS,微软服务条款，仅研究评测用途,edgetts,mandarin,SC-000301,zh-CN-YunxiNeural,9.53,True,True,0.0,True,0.4726890756302521,True,True,0.01,True
data/redteam/factory/edgetts/mandarin/edgetts_mandarin_zh-CN-YunxiNeural_SC-000318.wav,spoof,RT-EDGETTS-MANDARIN,clean,redteam_factory/Edge-TTS,微软服务条款，仅研究评测用途,edgetts,mandarin,SC-000318,zh-CN-YunxiNeural,11.78,True,True,0.0,True,0.45161290322580644,True,True,0.017,True
data/redteam/factory/edgetts/mandarin/edgetts_mandarin_zh-CN-YunxiNeural_SC-000337.wav,spoof,RT-EDGETTS-MANDARIN,clean,redteam_factory/Edge-TTS,微软服务条款，仅研究评测用途,edgetts,mandarin,SC-000337,zh-CN-YunxiNeural,16.34,True,True,0.0,True,0.408812729498164,True,True,0.001,True
data/redteam/factory/edgetts/mandarin/edgetts_mandarin_zh-CN-YunxiNeural_SC-000359.wav,spoof,RT-EDGETTS-MANDARIN,clean,redteam_factory/Edge-TTS,微软服务条款，仅研究评测用途,edgetts,mandarin,SC-000359,zh-CN-YunxiNeural,18.98,True,True,0.0,True,0.3951527924130664,True,True,0.028,True
data/redteam/factory/edgetts/mandarin/edgetts_mandarin_zh-CN-YunxiNeural_SC-000377.wav,spoof,RT-EDGETTS-MANDARIN,clean,redteam_factory/Edge-TTS,微软服务条款，仅研究评测用途,edgetts,mandarin,SC-000377,zh-CN-YunxiNeural,15.26,True,True,0.0,True,0.381389252948886,True,True,0.048,True
data/redteam/factory/edgetts/mandarin/edgetts_mandarin_zh-CN-YunxiNeural_SC-000400.wav,spoof,RT-EDGETTS-MANDARIN,clean,redteam_factory/Edge-TTS,微软服务条款，仅研究评测用途,edgetts,mandarin,SC-000400,zh-CN-YunxiNeural,13.25,True,True,0.0,True,0.3942598187311178,True,True,0.017,True
data/redteam/factory/edgetts/mandarin/edgetts_mandarin_zh-CN-YunxiNeural_SC-000435.wav,spoof,RT-EDGETTS-MANDARIN,clean,redteam_factory/Edge-TTS,微软服务条款，仅研究评测用途,edgetts,mandarin,SC-000435,zh-CN-YunxiNeural,12.62,True,True,0.0,True,0.40570522979397783,True,True,0.008,True
data/redteam/factory/edgetts/mandarin/edgetts_mandarin_zh-CN-YunxiNeural_SC-000473.wav,spoof,RT-EDGETTS-MANDARIN,clean,redteam_factory/Edge-TTS,微软服务条款，仅研究评测用途,edgetts,mandarin,SC-000473,zh-CN-YunxiNeural,8.18,True,True,0.0,True,0.43031784841075793,True,True,0.039,True
data/redteam/factory/edgetts/mandarin/edgetts_mandarin_zh-CN-YunxiNeural_SC-000488.wav,spoof,RT-EDGETTS-MANDARIN,clean,redteam_factory/Edge-TTS,微软服务条款，仅研究评测用途,edgetts,mandarin,SC-000488,zh-CN-YunxiNeural,19.51,True,True,0.0,True,0.438974358974359,True,True,0.023,True
data/redteam/factory/edgetts/mandarin/edgetts_mandarin_zh-CN-YunxiNeural_SC-000510.wav,spoof,RT-EDGETTS-MANDARIN,clean,redteam_factory/Edge-TTS,微软服务条款，仅研究评测用途,edgetts,mandarin,SC-000510,zh-CN-YunxiNeural,11.93,True,True,0.0,True,0.4395973154362416,True,True,0.004,True
data/redteam/factory/edgetts/mandarin/edgetts_mandarin_zh-CN-XiaoxiaoNeural_SC-000134.wav,spoof,RT-EDGETTS-MANDARIN,clean,redteam_factory/Edge-TTS,微软服务条款，仅研究评测用途,edgetts,mandarin,SC-000134,zh-CN-XiaoxiaoNeural,9.31,True,True,0.0,True,0.3118279569892473,True,True,0.087,True
data/redteam/factory/edgetts/mandarin/edgetts_mandarin_zh-CN-XiaoxiaoNeural_SC-000158.wav,spoof,RT-EDGETTS-MANDARIN,clean,redteam_factory/Edge-TTS,微软服务条款，仅研究评测用途,edgetts,mandarin,SC-000158,zh-CN-XiaoxiaoNeural,7.85,True,True,0.0,True,0.3622448979591837,True,True,0.106,True
data/redteam/factory/edgetts/mandarin/edgetts_mandarin_zh-CN-XiaoxiaoNeural_SC-000173.wav,spoof,RT-EDGETTS-MANDARIN,clean,redteam_factory/Edge-TTS,微软服务条款，仅研究评测用途,edgetts,mandarin,SC-000173,zh-CN-XiaoxiaoNeural,13.08,True,True,0.0,True,0.27675840978593275,True,True,0.128,True
data/redteam/factory/edgetts/mandarin/edgetts_mandarin_zh-CN-XiaoxiaoNeural_SC-000213.wav,spoof,RT-EDGETTS-MANDARIN,clean,redteam_factory/Edge-TTS,微软服务条款，仅研究评测用途,edgetts,mandarin,SC-000213,zh-CN-XiaoxiaoNeural,9.55,True,True,0.0,True,0.36268343815513626,True,True,0.033,True
data/redteam/factory/edgetts/mandarin/edgetts_mandarin_zh-CN-XiaoxiaoNeural_SC-000230.wav,spoof,RT-EDGETTS-MANDARIN,clean,redteam_factory/Edge-TTS,微软服务条款，仅研究评测用途,edgetts,mandarin,SC-000230,zh-CN-XiaoxiaoNeural,11.42,True,True,0.0,True,0.2819614711033275,True,True,0.005,True
data/redteam/factory/edgetts/mandarin/edgetts_mandarin_zh-CN-XiaoxiaoNeural_SC-000260.wav,spoof,RT-EDGETTS-MANDARIN,clean,redteam_factory/Edge-TTS,微软服务条款，仅研究评测用途,edgetts,mandarin,SC-000260,zh-CN-XiaoxiaoNeural,8.66,True,True,0.0,True,0.34872979214780603,True,True,0.038,True
data/redteam/factory/edgetts/mandarin/edgetts_mandarin_zh-CN-XiaoxiaoNeural_SC-000318.wav,spoof,RT-EDGETTS-MANDARIN,clean,redteam_factory/Edge-TTS,微软服务条款，仅研究评测用途,edgetts,mandarin,SC-000318,zh-CN-XiaoxiaoNeural,11.28,True,True,0.0,True,0.29609929078014185,True,True,0.157,True
data/redteam/factory/edgetts/mandarin/edgetts_mandarin_zh-CN-XiaoxiaoNeural_SC-000337.wav,spoof,RT-EDGETTS-MANDARIN,clean,redteam_factory/Edge-TTS,微软服务条款，仅研究评测用途,edgetts,mandarin,SC-000337,zh-CN-XiaoxiaoNeural,16.44,True,True,0.0,True,0.24452554744525548,True,True,0.076,True
data/redteam/factory/edgetts/mandarin/edgetts_mandarin_zh-CN-XiaoxiaoNeural_SC-000359.wav,spoof,RT-EDGETTS-MANDARIN,clean,redteam_factory/Edge-TTS,微软服务条款，仅研究评测用途,edgetts,mandarin,SC-000359,zh-CN-XiaoxiaoNeural,19.92,True,True,0.0,True,0.2791164658634538,True,True,0.214,True
data/redteam/factory/edgetts/mandarin/edgetts_mandarin_zh-CN-XiaoxiaoNeural_SC-000377.wav,spoof,RT-EDGETTS-MANDARIN,clean,redteam_factory/Edge-TTS,微软服务条款，仅研究评测用途,edgetts,mandarin,SC-000377,zh-CN-XiaoxiaoNeural,16.85,True,True,0.0,True,0.24584323040380046,True,True,0.038,True
data/redteam/factory/edgetts/mandarin/edgetts_mandarin_zh-CN-XiaoxiaoNeural_SC-000400.wav,spoof,RT-EDGETTS-MANDARIN,clean,redteam_factory/Edge-TTS,微软服务条款，仅研究评测用途,edgetts,mandarin,SC-000400,zh-CN-XiaoxiaoNeural,14.28,True,True,0.0,True,0.27170868347338933,True,True,0.228,True
data/redteam/factory/edgetts/mandarin/edgetts_mandarin_zh-CN-XiaoxiaoNeural_SC-000435.wav,spoof,RT-EDGETTS-MANDARIN,clean,redteam_factory/Edge-TTS,微软服务条款，仅研究评测用途,edgetts,mandarin,SC-000435,zh-CN-XiaoxiaoNeural,13.8,True,True,0.0,True,0.2710144927536232,True,True,0.181,True
data/redteam/factory/edgetts/mandarin/edgetts_mandarin_zh-CN-XiaoxiaoNeural_SC-000473.wav,spoof,RT-EDGETTS-MANDARIN,clean,redteam_factory/Edge-TTS,微软服务条款，仅研究评测用途,edgetts,mandarin,SC-000473,zh-CN-XiaoxiaoNeural,7.92,True,True,0.0,True,0.3005050505050505,True,True,0.05,True
data/redteam/factory/edgetts/mandarin/edgetts_mandarin_zh-CN-YunjianNeural_SC-000134.wav,spoof,RT-EDGETTS-MANDARIN,clean,redteam_factory/Edge-TTS,微软服务条款，仅研究评测用途,edgetts,mandarin,SC-000134,zh-CN-YunjianNeural,9.38,True,True,0.0,True,0.326226012793177,True,True,0.017,True
data/redteam/factory/edgetts/mandarin/edgetts_mandarin_zh-CN-YunjianNeural_SC-000158.wav,spoof,RT-EDGETTS-MANDARIN,clean,redteam_factory/Edge-TTS,微软服务条款，仅研究评测用途,edgetts,mandarin,SC-000158,zh-CN-YunjianNeural,8.26,True,True,0.0,True,0.38106796116504854,True,True,0.037,True
data/redteam/factory/edgetts/mandarin/edgetts_mandarin_zh-CN-YunjianNeural_SC-000173.wav,spoof,RT-EDGETTS-MANDARIN,clean,redteam_factory/Edge-TTS,微软服务条款，仅研究评测用途,edgetts,mandarin,SC-000173,zh-CN-YunjianNeural,13.75,True,True,0.0,True,0.2940320232896652,True,True,0.034,True
data/redteam/factory/edgetts/mandarin/edgetts_mandarin_zh-CN-YunjianNeural_SC-000189.wav,spoof,RT-EDGETTS-MANDARIN,clean,redteam_factory/Edge-TTS,微软服务条款，仅研究评测用途,edgetts,mandarin,SC-000189,zh-CN-YunjianNeural,13.61,True,True,0.0,True,0.25735294117647056,True,True,0.044,True
data/redteam/factory/edgetts/mandarin/edgetts_mandarin_zh-CN-YunjianNeural_SC-000213.wav,spoof,RT-EDGETTS-MANDARIN,clean,redteam_factory/Edge-TTS,微软服务条款，仅研究评测用途,edgetts,mandarin,SC-000213,zh-CN-YunjianNeural,9.58,True,True,0.0,True,0.38702928870292885,True,True,0.014,True
data/redteam/factory/edgetts/mandarin/edgetts_mandarin_zh-CN-YunjianNeural_SC-000230.wav,spoof,RT-EDGETTS-MANDARIN,clean,redteam_factory/Edge-TTS,微软服务条款，仅研究评测用途,edgetts,mandarin,SC-000230,zh-CN-YunjianNeural,11.26,True,True,0.0,True,0.31494661921708184,True,True,0.006,True
data/redteam/factory/edgetts/mandarin/edgetts_mandarin_zh-CN-YunjianNeural_SC-000260.wav,spoof,RT-EDGETTS-MANDARIN,clean,redteam_factory/Edge-TTS,微软服务条款，仅研究评测用途,edgetts,mandarin,SC-000260,zh-CN-YunjianNeural,8.78,True,True,0.0,True,0.34851936218678814,True,True,0.026,True
data/redteam/factory/edgetts/mandarin/edgetts_mandarin_zh-CN-YunjianNeural_SC-000279.wav,spoof,RT-EDGETTS-MANDARIN,clean,redteam_factory/Edge-TTS,微软服务条款，仅研究评测用途,edgetts,mandarin,SC-000279,zh-CN-YunjianNeural,14.21,True,True,0.0,True,0.2774647887323944,True,True,0.214,True
data/redteam/factory/edgetts/mandarin/edgetts_mandarin_zh-CN-YunjianNeural_SC-000301.wav,spoof,RT-EDGETTS-MANDARIN,clean,redteam_factory/Edge-TTS,微软服务条款，仅研究评测用途,edgetts,mandarin,SC-000301,zh-CN-YunjianNeural,10.32,True,True,0.0,True,0.3507751937984496,True,True,0.01,True
data/redteam/factory/edgetts/mandarin/edgetts_mandarin_zh-CN-YunjianNeural_SC-000318.wav,spoof,RT-EDGETTS-MANDARIN,clean,redteam_factory/Edge-TTS,微软服务条款，仅研究评测用途,edgetts,mandarin,SC-000318,zh-CN-YunjianNeural,11.62,True,True,0.0,True,0.3396551724137931,True,True,0.07,True
data/redteam/factory/edgetts/mandarin/edgetts_mandarin_zh-CN-YunjianNeural_SC-000337.wav,spoof,RT-EDGETTS-MANDARIN,clean,redteam_factory/Edge-TTS,微软服务条款，仅研究评测用途,edgetts,mandarin,SC-000337,zh-CN-YunjianNeural,16.13,True,True,0.0,True,0.2853598014888337,True,True,0.012,True
data/redteam/factory/edgetts/mandarin/edgetts_mandarin_zh-CN-YunjianNeural_SC-000359.wav,spoof,RT-EDGETTS-MANDARIN,clean,redteam_factory/Edge-TTS,微软服务条款，仅研究评测用途,edgetts,mandarin,SC-000359,zh-CN-YunjianNeural,19.08,True,True,0.0,True,0.3018867924528302,True,True,0.044,True
data/redteam/factory/edgetts/mandarin/edgetts_mandarin_zh-CN-YunjianNeural_SC-000377.wav,spoof,RT-EDGETTS-MANDARIN,clean,redteam_factory/Edge-TTS,微软服务条款，仅研究评测用途,edgetts,mandarin,SC-000377,zh-CN-YunjianNeural,15.43,True,True,0.0,True,0.2775616083009079,True,True,0.004,True
data/redteam/factory/edgetts/mandarin/edgetts_mandarin_zh-CN-YunjianNeural_SC-000400.wav,spoof,RT-EDGETTS-MANDARIN,clean,redteam_factory/Edge-TTS,微软服务条款，仅研究评测用途,edgetts,mandarin,SC-000400,zh-CN-YunjianNeural,13.7,True,True,0.0,True,0.29927007299270075,True,True,0.006,True
data/redteam/factory/edgetts/mandarin/edgetts_mandarin_zh-CN-YunjianNeural_SC-000435.wav,spoof,RT-EDGETTS-MANDARIN,clean,redteam_factory/Edge-TTS,微软服务条款，仅研究评测用途,edgetts,mandarin,SC-000435,zh-CN-YunjianNeural,13.18,True,True,0.0,True,0.2933130699088146,True,True,0.016,True
data/redteam/factory/edgetts/mandarin/edgetts_mandarin_zh-CN-YunjianNeural_SC-000473.wav,spoof,RT-EDGETTS-MANDARIN,clean,redteam_factory/Edge-TTS,微软服务条款，仅研究评测用途,edgetts,mandarin,SC-000473,zh-CN-YunjianNeural,7.61,True,True,0.0,True,0.35526315789473684,True,True,0.012,True
data/redteam/factory/edgetts/mandarin/edgetts_mandarin_zh-CN-YunjianNeural_SC-000488.wav,spoof,RT-EDGETTS-MANDARIN,clean,redteam_factory/Edge-TTS,微软服务条款，仅研究评测用途,edgetts,mandarin,SC-000488,zh-CN-YunjianNeural,19.63,True,True,0.0,True,0.30784913353720694,True,True,0.021,True
data/redteam/factory/edgetts/mandarin/edgetts_mandarin_zh-CN-YunjianNeural_SC-000510.wav,spoof,RT-EDGETTS-MANDARIN,clean,redteam_factory/Edge-TTS,微软服务条款，仅研究评测用途,edgetts,mandarin,SC-000510,zh-CN-YunjianNeural,11.81,True,True,0.0,True,0.31864406779661014,True,True,0.026,True
data/redteam/factory/edgetts/mandarin/edgetts_mandarin_zh-CN-YunyangNeural_SC-000134.wav,spoof,RT-EDGETTS-MANDARIN,clean,redteam_factory/Edge-TTS,微软服务条款，仅研究评测用途,edgetts,mandarin,SC-000134,zh-CN-YunyangNeural,8.09,True,True,0.0,True,0.36386138613861385,True,True,0.052,True
data/redteam/factory/edgetts/mandarin/edgetts_mandarin_zh-CN-YunyangNeural_SC-000158.wav,spoof,RT-EDGETTS-MANDARIN,clean,redteam_factory/Edge-TTS,微软服务条款，仅研究评测用途,edgetts,mandarin,SC-000158,zh-CN-YunyangNeural,6.72,True,True,0.0,True,0.4107142857142857,True,True,0.062,True
data/redteam/factory/edgetts/mandarin/edgetts_mandarin_zh-CN-YunyangNeural_SC-000173.wav,spoof,RT-EDGETTS-MANDARIN,clean,redteam_factory/Edge-TTS,微软服务条款，仅研究评测用途,edgetts,mandarin,SC-000173,zh-CN-YunyangNeural,12.38,True,True,0.0,True,0.3441033925686591,True,True,0.048,True
data/redteam/factory/edgetts/mandarin/edgetts_mandarin_zh-CN-YunyangNeural_SC-000189.wav,spoof,RT-EDGETTS-MANDARIN,clean,redteam_factory/Edge-TTS,微软服务条款，仅研究评测用途,edgetts,mandarin,SC-000189,zh-CN-YunyangNeural,12.82,True,True,0.0,True,0.309375,True,True,0.04,True
data/redteam/factory/edgetts/mandarin/edgetts_mandarin_zh-CN-YunyangNeural_SC-000213.wav,spoof,RT-EDGETTS-MANDARIN,clean,redteam_factory/Edge-TTS,微软服务条款，仅研究评测用途,edgetts,mandarin,SC-000213,zh-CN-YunyangNeural,9.0,True,True,0.0,True,0.4,True,True,0.008,True
data/redteam/factory/edgetts/mandarin/edgetts_mandarin_zh-CN-YunyangNeural_SC-000230.wav,spoof,RT-EDGETTS-MANDARIN,clean,redteam_factory/Edge-TTS,微软服务条款，仅研究评测用途,edgetts,mandarin,SC-000230,zh-CN-YunyangNeural,10.49,True,True,0.0,True,0.30916030534351147,True,True,0.01,True
data/redteam/factory/edgetts/mandarin/edgetts_mandarin_zh-CN-YunyangNeural_SC-000260.wav,spoof,RT-EDGETTS-MANDARIN,clean,redteam_factory/Edge-TTS,微软服务条款，仅研究评测用途,edgetts,mandarin,SC-000260,zh-CN-YunyangNeural,7.73,True,True,0.0,True,0.38082901554404147,True,True,0.197,True
data/redteam/factory/edgetts/mandarin/edgetts_mandarin_zh-CN-YunyangNeural_SC-000301.wav,spoof,RT-EDGETTS-MANDARIN,clean,redteam_factory/Edge-TTS,微软服务条款，仅研究评测用途,edgetts,mandarin,SC-000301,zh-CN-YunyangNeural,9.07,True,True,0.0,True,0.37969094922737306,True,True,0.013,True
data/redteam/factory/edgetts/mandarin/edgetts_mandarin_zh-CN-YunyangNeural_SC-000318.wav,spoof,RT-EDGETTS-MANDARIN,clean,redteam_factory/Edge-TTS,微软服务条款，仅研究评测用途,edgetts,mandarin,SC-000318,zh-CN-YunyangNeural,10.06,True,True,0.0,True,0.3565737051792829,True,True,0.115,True
data/redteam/factory/edgetts/mandarin/edgetts_mandarin_zh-CN-YunyangNeural_SC-000337.wav,spoof,RT-EDGETTS-MANDARIN,clean,redteam_factory/Edge-TTS,微软服务条款，仅研究评测用途,edgetts,mandarin,SC-000337,zh-CN-YunyangNeural,14.57,True,True,0.0,True,0.33791208791208793,True,True,0.009,True
data/redteam/factory/edgetts/mandarin/edgetts_mandarin_zh-CN-YunyangNeural_SC-000359.wav,spoof,RT-EDGETTS-MANDARIN,clean,redteam_factory/Edge-TTS,微软服务条款，仅研究评测用途,edgetts,mandarin,SC-000359,zh-CN-YunyangNeural,17.74,True,True,0.0,True,0.32505643340857787,True,True,0.128,True
data/redteam/factory/edgetts/mandarin/edgetts_mandarin_zh-CN-YunyangNeural_SC-000377.wav,spoof,RT-EDGETTS-MANDARIN,clean,redteam_factory/Edge-TTS,微软服务条款，仅研究评测用途,edgetts,mandarin,SC-000377,zh-CN-YunyangNeural,13.97,True,True,0.0,True,0.30945558739255014,True,True,0.01,True
data/redteam/factory/edgetts/mandarin/edgetts_mandarin_zh-CN-YunyangNeural_SC-000400.wav,spoof,RT-EDGETTS-MANDARIN,clean,redteam_factory/Edge-TTS,微软服务条款，仅研究评测用途,edgetts,mandarin,SC-000400,zh-CN-YunyangNeural,13.06,True,True,0.0,True,0.3343558282208589,True,True,0.032,True
data/redteam/factory/edgetts/mandarin/edgetts_mandarin_zh-CN-YunyangNeural_SC-000435.wav,spoof,RT-EDGETTS-MANDARIN,clean,redteam_factory/Edge-TTS,微软服务条款，仅研究评测用途,edgetts,mandarin,SC-000435,zh-CN-YunyangNeural,12.7,True,True,0.0,True,0.31703470031545744,True,True,0.168,True
data/redteam/factory/edgetts/mandarin/edgetts_mandarin_zh-CN-YunyangNeural_SC-000455.wav,spoof,RT-EDGETTS-MANDARIN,clean,redteam_factory/Edge-TTS,微软服务条款，仅研究评测用途,edgetts,mandarin,SC-000455,zh-CN-YunyangNeural,19.51,True,True,0.0,True,0.3076923076923077,True,True,0.098,True
data/redteam/factory/edgetts/mandarin/edgetts_mandarin_zh-CN-YunyangNeural_SC-000473.wav,spoof,RT-EDGETTS-MANDARIN,clean,redteam_factory/Edge-TTS,微软服务条款，仅研究评测用途,edgetts,mandarin,SC-000473,zh-CN-YunyangNeural,6.74,True,True,0.0,True,0.3560830860534125,True,True,0.039,True
data/redteam/factory/edgetts/mandarin/edgetts_mandarin_zh-CN-YunyangNeural_SC-000488.wav,spoof,RT-EDGETTS-MANDARIN,clean,redteam_factory/Edge-TTS,微软服务条款，仅研究评测用途,edgetts,mandarin,SC-000488,zh-CN-YunyangNeural,17.69,True,True,0.0,True,0.3495475113122172,True,True,0.115,True
data/redteam/factory/edgetts/mandarin/edgetts_mandarin_zh-CN-YunyangNeural_SC-000510.wav,spoof,RT-EDGETTS-MANDARIN,clean,redteam_factory/Edge-TTS,微软服务条款，仅研究评测用途,edgetts,mandarin,SC-000510,zh-CN-YunyangNeural,10.75,True,True,0.0,True,0.3538175046554935,True,True,0.051,True
data/redteam/factory/edgetts/minnan/edgetts_minnan_zh-TW-HsiaoChenNeural_SC-000836.wav,spoof,RT-EDGETTS-MINNAN,clean,redteam_factory/Edge-TTS,微软服务条款，仅研究评测用途,edgetts,minnan,SC-000836,zh-TW-HsiaoChenNeural,16.85,True,True,0.0,True,0.2684085510688836,True,True,0.193,True
data/redteam/factory/edgetts/minnan/edgetts_minnan_zh-TW-HsiaoChenNeural_SC-001045.wav,spoof,RT-EDGETTS-MINNAN,clean,redteam_factory/Edge-TTS,微软服务条款，仅研究评测用途,edgetts,minnan,SC-001045,zh-TW-HsiaoChenNeural,9.77,True,True,0.0,True,0.2520491803278688,True,True,0.021,True
data/redteam/factory/edgetts/minnan/edgetts_minnan_zh-TW-HsiaoChenNeural_SC-001103.wav,spoof,RT-EDGETTS-MINNAN,clean,redteam_factory/Edge-TTS,微软服务条款，仅研究评测用途,edgetts,minnan,SC-001103,zh-TW-HsiaoChenNeural,9.12,True,True,0.0,True,0.35964912280701755,True,True,0.199,True
data/redteam/factory/edgetts/minnan/edgetts_minnan_zh-TW-HsiaoChenNeural_SC-001227.wav,spoof,RT-EDGETTS-MINNAN,clean,redteam_factory/Edge-TTS,微软服务条款，仅研究评测用途,edgetts,minnan,SC-001227,zh-TW-HsiaoChenNeural,10.37,True,True,0.0,True,0.277992277992278,True,True,0.042,True
data/redteam/factory/edgetts/minnan/edgetts_minnan_zh-TW-HsiaoChenNeural_SC-001266.wav,spoof,RT-EDGETTS-MINNAN,clean,redteam_factory/Edge-TTS,微软服务条款，仅研究评测用途,edgetts,minnan,SC-001266,zh-TW-HsiaoChenNeural,11.26,True,True,0.0,True,0.27580071174377224,True,True,0.157,True
data/redteam/factory/edgetts/minnan/edgetts_minnan_zh-TW-HsiaoChenNeural_SC-001346.wav,spoof,RT-EDGETTS-MINNAN,clean,redteam_factory/Edge-TTS,微软服务条款，仅研究评测用途,edgetts,minnan,SC-001346,zh-TW-HsiaoChenNeural,10.01,True,True,0.0,True,0.256,True,True,0.071,True
data/redteam/factory/edgetts/minnan/edgetts_minnan_zh-TW-HsiaoChenNeural_SC-001415.wav,spoof,RT-EDGETTS-MINNAN,clean,redteam_factory/Edge-TTS,微软服务条款，仅研究评测用途,edgetts,minnan,SC-001415,zh-TW-HsiaoChenNeural,18.65,True,True,0.0,True,0.26824034334763946,True,True,0.13,True
data/redteam/factory/edgetts/minnan/edgetts_minnan_zh-TW-HsiaoChenNeural_SC-001610.wav,spoof,RT-EDGETTS-MINNAN,clean,redteam_factory/Edge-TTS,微软服务条款，仅研究评测用途,edgetts,minnan,SC-001610,zh-TW-HsiaoChenNeural,9.22,True,True,0.0,True,0.3760869565217391,True,True,0.207,True
data/redteam/factory/edgetts/minnan/edgetts_minnan_zh-TW-HsiaoChenNeural_SC-001691.wav,spoof,RT-EDGETTS-MINNAN,clean,redteam_factory/Edge-TTS,微软服务条款，仅研究评测用途,edgetts,minnan,SC-001691,zh-TW-HsiaoChenNeural,16.25,True,True,0.0,True,0.3411330049261084,True,True,0.011,True
data/redteam/factory/edgetts/minnan/edgetts_minnan_zh-TW-YunJheNeural_SC-000536.wav,spoof,RT-EDGETTS-MINNAN,clean,redteam_factory/Edge-TTS,微软服务条款，仅研究评测用途,edgetts,minnan,SC-000536,zh-TW-YunJheNeural,11.11,True,True,0.0,True,0.4072072072072072,True,True,0.003,True
data/redteam/factory/edgetts/minnan/edgetts_minnan_zh-TW-YunJheNeural_SC-000605.wav,spoof,RT-EDGETTS-MINNAN,clean,redteam_factory/Edge-TTS,微软服务条款，仅研究评测用途,edgetts,minnan,SC-000605,zh-TW-YunJheNeural,16.32,True,True,0.0,True,0.29534313725490197,True,True,0.102,True
data/redteam/factory/edgetts/minnan/edgetts_minnan_zh-TW-YunJheNeural_SC-000653.wav,spoof,RT-EDGETTS-MINNAN,clean,redteam_factory/Edge-TTS,微软服务条款，仅研究评测用途,edgetts,minnan,SC-000653,zh-TW-YunJheNeural,19.66,True,True,0.0,True,0.32790224032586557,True,True,0.024,True
data/redteam/factory/edgetts/minnan/edgetts_minnan_zh-TW-YunJheNeural_SC-000790.wav,spoof,RT-EDGETTS-MINNAN,clean,redteam_factory/Edge-TTS,微软服务条款，仅研究评测用途,edgetts,minnan,SC-000790,zh-TW-YunJheNeural,15.58,True,True,0.0,True,0.31876606683804626,True,True,0.043,True
data/redteam/factory/edgetts/minnan/edgetts_minnan_zh-TW-YunJheNeural_SC-000836.wav,spoof,RT-EDGETTS-MINNAN,clean,redteam_factory/Edge-TTS,微软服务条款，仅研究评测用途,edgetts,minnan,SC-000836,zh-TW-YunJheNeural,14.93,True,True,0.0,True,0.33378016085790885,True,True,0.022,True
data/redteam/factory/edgetts/minnan/edgetts_minnan_zh-TW-YunJheNeural_SC-000881.wav,spoof,RT-EDGETTS-MINNAN,clean,redteam_factory/Edge-TTS,微软服务条款，仅研究评测用途,edgetts,minnan,SC-000881,zh-TW-YunJheNeural,19.73,True,True,0.0,True,0.36105476673427994,True,True,0.079,True
data/redteam/factory/edgetts/minnan/edgetts_minnan_zh-TW-YunJheNeural_SC-000982.wav,spoof,RT-EDGETTS-MINNAN,clean,redteam_factory/Edge-TTS,微软服务条款，仅研究评测用途,edgetts,minnan,SC-000982,zh-TW-YunJheNeural,19.37,True,True,0.0,True,0.33884297520661155,True,True,0.028,True
data/redteam/factory/edgetts/minnan/edgetts_minnan_zh-TW-YunJheNeural_SC-001045.wav,spoof,RT-EDGETTS-MINNAN,clean,redteam_factory/Edge-TTS,微软服务条款，仅研究评测用途,edgetts,minnan,SC-001045,zh-TW-YunJheNeural,8.4,True,True,0.0,True,0.32142857142857145,True,True,0.021,True
data/redteam/factory/edgetts/minnan/edgetts_minnan_zh-TW-YunJheNeural_SC-001103.wav,spoof,RT-EDGETTS-MINNAN,clean,redteam_factory/Edge-TTS,微软服务条款，仅研究评测用途,edgetts,minnan,SC-001103,zh-TW-YunJheNeural,8.62,True,True,0.0,True,0.4511627906976744,True,True,0.008,True
data/redteam/factory/edgetts/minnan/edgetts_minnan_zh-TW-YunJheNeural_SC-001227.wav,spoof,RT-EDGETTS-MINNAN,clean,redteam_factory/Edge-TTS,微软服务条款，仅研究评测用途,edgetts,minnan,SC-001227,zh-TW-YunJheNeural,9.38,True,True,0.0,True,0.3773987206823028,True,True,0.005,True
data/redteam/factory/edgetts/minnan/edgetts_minnan_zh-TW-YunJheNeural_SC-001266.wav,spoof,RT-EDGETTS-MINNAN,clean,redteam_factory/Edge-TTS,微软服务条款，仅研究评测用途,edgetts,minnan,SC-001266,zh-TW-YunJheNeural,10.01,True,True,0.0,True,0.358,True,True,0.024,True
data/redteam/factory/edgetts/minnan/edgetts_minnan_zh-TW-YunJheNeural_SC-001346.wav,spoof,RT-EDGETTS-MINNAN,clean,redteam_factory/Edge-TTS,微软服务条款，仅研究评测用途,edgetts,minnan,SC-001346,zh-TW-YunJheNeural,8.71,True,True,0.0,True,0.32413793103448274,True,True,0.022,True
data/redteam/factory/edgetts/minnan/edgetts_minnan_zh-TW-YunJheNeural_SC-001415.wav,spoof,RT-EDGETTS-MINNAN,clean,redteam_factory/Edge-TTS,微软服务条款，仅研究评测用途,edgetts,minnan,SC-001415,zh-TW-YunJheNeural,16.73,True,True,0.0,True,0.3480861244019139,True,True,0.082,True
data/redteam/factory/edgetts/minnan/edgetts_minnan_zh-TW-YunJheNeural_SC-001610.wav,spoof,RT-EDGETTS-MINNAN,clean,redteam_factory/Edge-TTS,微软服务条款，仅研究评测用途,edgetts,minnan,SC-001610,zh-TW-YunJheNeural,8.5,True,True,0.0,True,0.455188679245283,True,True,0.009,True
data/redteam/factory/edgetts/minnan/edgetts_minnan_zh-TW-YunJheNeural_SC-001691.wav,spoof,RT-EDGETTS-MINNAN,clean,redteam_factory/Edge-TTS,微软服务条款，仅研究评测用途,edgetts,minnan,SC-001691,zh-TW-YunJheNeural,15.41,True,True,0.0,True,0.42077922077922075,True,True,0.001,True
data/redteam/factory/edgetts/sichuan/edgetts_sichuan_zh-CN-YunxiNeural_SC-000330.wav,spoof,RT-EDGETTS-SICHUAN,clean,redteam_factory/Edge-TTS,微软服务条款，仅研究评测用途,edgetts,sichuan,SC-000330,zh-CN-YunxiNeural,12.48,True,True,0.0,True,0.38782051282051283,True,True,0.028,True
data/redteam/factory/edgetts/sichuan/edgetts_sichuan_zh-CN-YunxiNeural_SC-000472.wav,spoof,RT-EDGETTS-SICHUAN,clean,redteam_factory/Edge-TTS,微软服务条款，仅研究评测用途,edgetts,sichuan,SC-000472,zh-CN-YunxiNeural,19.8,True,True,0.0,True,0.37272727272727274,True,True,0.02,True
data/redteam/factory/edgetts/sichuan/edgetts_sichuan_zh-CN-YunxiNeural_SC-000622.wav,spoof,RT-EDGETTS-SICHUAN,clean,redteam_factory/Edge-TTS,微软服务条款，仅研究评测用途,edgetts,sichuan,SC-000622,zh-CN-YunxiNeural,7.18,True,True,0.0,True,0.48044692737430167,True,True,0.002,True
data/redteam/factory/edgetts/sichuan/edgetts_sichuan_zh-CN-YunxiNeural_SC-000831.wav,spoof,RT-EDGETTS-SICHUAN,clean,redteam_factory/Edge-TTS,微软服务条款，仅研究评测用途,edgetts,sichuan,SC-000831,zh-CN-YunxiNeural,10.94,True,True,0.0,True,0.46983546617915906,True,True,0.005,True
data/redteam/factory/edgetts/sichuan/edgetts_sichuan_zh-CN-YunxiNeural_SC-000901.wav,spoof,RT-EDGETTS-SICHUAN,clean,redteam_factory/Edge-TTS,微软服务条款，仅研究评测用途,edgetts,sichuan,SC-000901,zh-CN-YunxiNeural,11.47,True,True,0.0,True,0.3682373472949389,True,True,0.009,True
data/redteam/factory/edgetts/sichuan/edgetts_sichuan_zh-CN-YunxiNeural_SC-001055.wav,spoof,RT-EDGETTS-SICHUAN,clean,redteam_factory/Edge-TTS,微软服务条款，仅研究评测用途,edgetts,sichuan,SC-001055,zh-CN-YunxiNeural,10.63,True,True,0.0,True,0.423728813559322,True,True,0.006,True
data/redteam/factory/edgetts/sichuan/edgetts_sichuan_zh-CN-YunxiNeural_SC-001150.wav,spoof,RT-EDGETTS-SICHUAN,clean,redteam_factory/Edge-TTS,微软服务条款，仅研究评测用途,edgetts,sichuan,SC-001150,zh-CN-YunxiNeural,14.95,True,True,0.0,True,0.4725568942436412,True,True,0.007,True
data/redteam/factory/edgetts/sichuan/edgetts_sichuan_zh-CN-YunxiNeural_SC-001205.wav,spoof,RT-EDGETTS-SICHUAN,clean,redteam_factory/Edge-TTS,微软服务条款，仅研究评测用途,edgetts,sichuan,SC-001205,zh-CN-YunxiNeural,19.94,True,True,0.0,True,0.42527582748244735,True,True,0.003,True
data/redteam/factory/edgetts/sichuan/edgetts_sichuan_zh-CN-YunxiNeural_SC-001296.wav,spoof,RT-EDGETTS-SICHUAN,clean,redteam_factory/Edge-TTS,微软服务条款，仅研究评测用途,edgetts,sichuan,SC-001296,zh-CN-YunxiNeural,13.7,True,True,0.0,True,0.4218978102189781,True,True,0.001,True
data/redteam/factory/edgetts/sichuan/edgetts_sichuan_zh-CN-YunxiNeural_SC-001369.wav,spoof,RT-EDGETTS-SICHUAN,clean,redteam_factory/Edge-TTS,微软服务条款，仅研究评测用途,edgetts,sichuan,SC-001369,zh-CN-YunxiNeural,12.6,True,True,0.0,True,0.3888888888888889,True,True,0.006,True
data/redteam/factory/edgetts/sichuan/edgetts_sichuan_zh-CN-YunxiNeural_SC-001411.wav,spoof,RT-EDGETTS-SICHUAN,clean,redteam_factory/Edge-TTS,微软服务条款，仅研究评测用途,edgetts,sichuan,SC-001411,zh-CN-YunxiNeural,16.97,True,True,0.0,True,0.4080188679245283,True,True,0.004,True
data/redteam/factory/edgetts/sichuan/edgetts_sichuan_zh-CN-YunxiNeural_SC-001474.wav,spoof,RT-EDGETTS-SICHUAN,clean,redteam_factory/Edge-TTS,微软服务条款，仅研究评测用途,edgetts,sichuan,SC-001474,zh-CN-YunxiNeural,12.29,True,True,0.0,True,0.4804560260586319,True,True,0.021,True
data/redteam/factory/edgetts/sichuan/edgetts_sichuan_zh-CN-YunxiNeural_SC-001540.wav,spoof,RT-EDGETTS-SICHUAN,clean,redteam_factory/Edge-TTS,微软服务条款，仅研究评测用途,edgetts,sichuan,SC-001540,zh-CN-YunxiNeural,9.31,True,True,0.0,True,0.42795698924731185,True,True,0.041,True
data/redteam/factory/edgetts/sichuan/edgetts_sichuan_zh-CN-XiaoxiaoNeural_SC-000330.wav,spoof,RT-EDGETTS-SICHUAN,clean,redteam_factory/Edge-TTS,微软服务条款，仅研究评测用途,edgetts,sichuan,SC-000330,zh-CN-XiaoxiaoNeural,12.43,True,True,0.0,True,0.286634460547504,True,True,0.229,True
data/redteam/factory/edgetts/sichuan/edgetts_sichuan_zh-CN-XiaoxiaoNeural_SC-000622.wav,spoof,RT-EDGETTS-SICHUAN,clean,redteam_factory/Edge-TTS,微软服务条款，仅研究评测用途,edgetts,sichuan,SC-000622,zh-CN-XiaoxiaoNeural,7.18,True,True,0.0,True,0.329608938547486,True,True,0.096,True
data/redteam/factory/edgetts/sichuan/edgetts_sichuan_zh-CN-XiaoxiaoNeural_SC-000751.wav,spoof,RT-EDGETTS-SICHUAN,clean,redteam_factory/Edge-TTS,微软服务条款，仅研究评测用途,edgetts,sichuan,SC-000751,zh-CN-XiaoxiaoNeural,9.41,True,True,0.0,True,0.2723404255319149,True,True,0.05,True
data/redteam/factory/edgetts/sichuan/edgetts_sichuan_zh-CN-XiaoxiaoNeural_SC-000831.wav,spoof,RT-EDGETTS-SICHUAN,clean,redteam_factory/Edge-TTS,微软服务条款，仅研究评测用途,edgetts,sichuan,SC-000831,zh-CN-XiaoxiaoNeural,10.99,True,True,0.0,True,0.3205828779599271,True,True,0.079,True
data/redteam/factory/edgetts/sichuan/edgetts_sichuan_zh-CN-XiaoxiaoNeural_SC-000901.wav,spoof,RT-EDGETTS-SICHUAN,clean,redteam_factory/Edge-TTS,微软服务条款，仅研究评测用途,edgetts,sichuan,SC-000901,zh-CN-XiaoxiaoNeural,11.5,True,True,0.0,True,0.24390243902439024,True,True,0.101,True
data/redteam/factory/edgetts/sichuan/edgetts_sichuan_zh-CN-XiaoxiaoNeural_SC-001055.wav,spoof,RT-EDGETTS-SICHUAN,clean,redteam_factory/Edge-TTS,微软服务条款，仅研究评测用途,edgetts,sichuan,SC-001055,zh-CN-XiaoxiaoNeural,11.26,True,True,0.0,True,0.298932384341637,True,True,0.168,True
data/redteam/factory/edgetts/sichuan/edgetts_sichuan_zh-CN-XiaoxiaoNeural_SC-001150.wav,spoof,RT-EDGETTS-SICHUAN,clean,redteam_factory/Edge-TTS,微软服务条款，仅研究评测用途,edgetts,sichuan,SC-001150,zh-CN-XiaoxiaoNeural,14.26,True,True,0.0,True,0.35814606741573035,True,True,0.141,True
data/redteam/factory/edgetts/sichuan/edgetts_sichuan_zh-CN-XiaoxiaoNeural_SC-001296.wav,spoof,RT-EDGETTS-SICHUAN,clean,redteam_factory/Edge-TTS,微软服务条款，仅研究评测用途,edgetts,sichuan,SC-001296,zh-CN-XiaoxiaoNeural,14.57,True,True,0.0,True,0.2623626373626374,True,True,0.005,True
data/redteam/factory/edgetts/sichuan/edgetts_sichuan_zh-CN-XiaoxiaoNeural_SC-001369.wav,spoof,RT-EDGETTS-SICHUAN,clean,redteam_factory/Edge-TTS,微软服务条款，仅研究评测用途,edgetts,sichuan,SC-001369,zh-CN-XiaoxiaoNeural,12.84,True,True,0.0,True,0.24610591900311526,True,True,0.002,True
data/redteam/factory/edgetts/sichuan/edgetts_sichuan_zh-CN-XiaoxiaoNeural_SC-001411.wav,spoof,RT-EDGETTS-SICHUAN,clean,redteam_factory/Edge-TTS,微软服务条款，仅研究评测用途,edgetts,sichuan,SC-001411,zh-CN-XiaoxiaoNeural,17.71,True,True,0.0,True,0.27570621468926554,True,True,0.014,True
data/redteam/factory/edgetts/sichuan/edgetts_sichuan_zh-CN-XiaoxiaoNeural_SC-001474.wav,spoof,RT-EDGETTS-SICHUAN,clean,redteam_factory/Edge-TTS,微软服务条款，仅研究评测用途,edgetts,sichuan,SC-001474,zh-CN-XiaoxiaoNeural,11.26,True,True,0.0,True,0.34519572953736655,True,True,0.033,True
data/redteam/factory/edgetts/sichuan/edgetts_sichuan_zh-CN-XiaoxiaoNeural_SC-001540.wav,spoof,RT-EDGETTS-SICHUAN,clean,redteam_factory/Edge-TTS,微软服务条款，仅研究评测用途,edgetts,sichuan,SC-001540,zh-CN-XiaoxiaoNeural,9.86,True,True,0.0,True,0.30425963488843816,True,True,0.281,True
data/redteam/factory/edgetts/cantonese/edgetts_cantonese_zh-HK-HiuMaanNeural_SC-000556.wav,spoof,RT-EDGETTS-CANTONESE,clean,redteam_factory/Edge-TTS,微软服务条款，仅研究评测用途,edgetts,cantonese,SC-000556,zh-HK-HiuMaanNeural,10.82,True,True,0.0,True,0.30129390018484287,True,True,0.027,True
data/redteam/factory/edgetts/cantonese/edgetts_cantonese_zh-HK-HiuMaanNeural_SC-000801.wav,spoof,RT-EDGETTS-CANTONESE,clean,redteam_factory/Edge-TTS,微软服务条款，仅研究评测用途,edgetts,cantonese,SC-000801,zh-HK-HiuMaanNeural,12.36,True,True,0.0,True,0.2896440129449838,True,True,0.011,True
data/redteam/factory/edgetts/cantonese/edgetts_cantonese_zh-HK-HiuMaanNeural_SC-000885.wav,spoof,RT-EDGETTS-CANTONESE,clean,redteam_factory/Edge-TTS,微软服务条款，仅研究评测用途,edgetts,cantonese,SC-000885,zh-HK-HiuMaanNeural,18.38,True,True,0.0,True,0.27747551686615884,True,True,0.006,True
data/redteam/factory/edgetts/cantonese/edgetts_cantonese_zh-HK-HiuMaanNeural_SC-000948.wav,spoof,RT-EDGETTS-CANTONESE,clean,redteam_factory/Edge-TTS,微软服务条款，仅研究评测用途,edgetts,cantonese,SC-000948,zh-HK-HiuMaanNeural,9.77,True,True,0.0,True,0.39549180327868855,True,True,0.023,True
data/redteam/factory/edgetts/cantonese/edgetts_cantonese_zh-HK-HiuMaanNeural_SC-001014.wav,spoof,RT-EDGETTS-CANTONESE,clean,redteam_factory/Edge-TTS,微软服务条款，仅研究评测用途,edgetts,cantonese,SC-001014,zh-HK-HiuMaanNeural,12.89,True,True,0.0,True,0.2406832298136646,True,True,0.007,True
data/redteam/factory/edgetts/cantonese/edgetts_cantonese_zh-HK-HiuMaanNeural_SC-001129.wav,spoof,RT-EDGETTS-CANTONESE,clean,redteam_factory/Edge-TTS,微软服务条款，仅研究评测用途,edgetts,cantonese,SC-001129,zh-HK-HiuMaanNeural,10.44,True,True,0.0,True,0.32375478927203066,True,True,0.009,True
data/redteam/factory/edgetts/cantonese/edgetts_cantonese_zh-HK-HiuMaanNeural_SC-001191.wav,spoof,RT-EDGETTS-CANTONESE,clean,redteam_factory/Edge-TTS,微软服务条款，仅研究评测用途,edgetts,cantonese,SC-001191,zh-HK-HiuMaanNeural,12.22,True,True,0.0,True,0.35081967213114756,True,True,0.107,True
data/redteam/factory/edgetts/cantonese/edgetts_cantonese_zh-HK-HiuMaanNeural_SC-001251.wav,spoof,RT-EDGETTS-CANTONESE,clean,redteam_factory/Edge-TTS,微软服务条款，仅研究评测用途,edgetts,cantonese,SC-001251,zh-HK-HiuMaanNeural,9.58,True,True,0.0,True,0.3472803347280335,True,True,0.016,True
data/redteam/factory/edgetts/cantonese/edgetts_cantonese_zh-HK-HiuMaanNeural_SC-001350.wav,spoof,RT-EDGETTS-CANTONESE,clean,redteam_factory/Edge-TTS,微软服务条款，仅研究评测用途,edgetts,cantonese,SC-001350,zh-HK-HiuMaanNeural,19.34,True,True,0.0,True,0.23061013443640124,True,True,0.007,True
data/redteam/factory/edgetts/cantonese/edgetts_cantonese_zh-HK-HiuMaanNeural_SC-001452.wav,spoof,RT-EDGETTS-CANTONESE,clean,redteam_factory/Edge-TTS,微软服务条款，仅研究评测用途,edgetts,cantonese,SC-001452,zh-HK-HiuMaanNeural,19.13,True,True,0.0,True,0.3723849372384937,True,True,0.003,True
data/redteam/factory/edgetts/cantonese/edgetts_cantonese_zh-HK-HiuMaanNeural_SC-001489.wav,spoof,RT-EDGETTS-CANTONESE,clean,redteam_factory/Edge-TTS,微软服务条款，仅研究评测用途,edgetts,cantonese,SC-001489,zh-HK-HiuMaanNeural,16.56,True,True,0.0,True,0.22342995169082125,True,True,0.007,True
data/redteam/factory/edgetts/cantonese/edgetts_cantonese_zh-HK-HiuMaanNeural_SC-001544.wav,spoof,RT-EDGETTS-CANTONESE,clean,redteam_factory/Edge-TTS,微软服务条款，仅研究评测用途,edgetts,cantonese,SC-001544,zh-HK-HiuMaanNeural,12.26,True,True,0.0,True,0.2707993474714519,True,True,0.011,True
data/redteam/factory/edgetts/cantonese/edgetts_cantonese_zh-HK-HiuMaanNeural_SC-001611.wav,spoof,RT-EDGETTS-CANTONESE,clean,redteam_factory/Edge-TTS,微软服务条款，仅研究评测用途,edgetts,cantonese,SC-001611,zh-HK-HiuMaanNeural,18.94,True,True,0.0,True,0.23678646934460887,True,True,0.002,True
data/redteam/factory/edgetts/cantonese/edgetts_cantonese_zh-HK-WanLungNeural_SC-000556.wav,spoof,RT-EDGETTS-CANTONESE,clean,redteam_factory/Edge-TTS,微软服务条款，仅研究评测用途,edgetts,cantonese,SC-000556,zh-HK-WanLungNeural,10.73,True,True,0.0,True,0.34701492537313433,True,True,0.024,True
data/redteam/factory/edgetts/cantonese/edgetts_cantonese_zh-HK-WanLungNeural_SC-000801.wav,spoof,RT-EDGETTS-CANTONESE,clean,redteam_factory/Edge-TTS,微软服务条款，仅研究评测用途,edgetts,cantonese,SC-000801,zh-HK-WanLungNeural,12.26,True,True,0.0,True,0.3262642740619902,True,True,0.014,True
data/redteam/factory/edgetts/cantonese/edgetts_cantonese_zh-HK-WanLungNeural_SC-000885.wav,spoof,RT-EDGETTS-CANTONESE,clean,redteam_factory/Edge-TTS,微软服务条款，仅研究评测用途,edgetts,cantonese,SC-000885,zh-HK-WanLungNeural,18.43,True,True,0.0,True,0.3127035830618892,True,True,0.019,True
data/redteam/factory/edgetts/cantonese/edgetts_cantonese_zh-HK-WanLungNeural_SC-000948.wav,spoof,RT-EDGETTS-CANTONESE,clean,redteam_factory/Edge-TTS,微软服务条款，仅研究评测用途,edgetts,cantonese,SC-000948,zh-HK-WanLungNeural,9.58,True,True,0.0,True,0.4246861924686193,True,True,0.018,True
data/redteam/factory/edgetts/cantonese/edgetts_cantonese_zh-HK-WanLungNeural_SC-001014.wav,spoof,RT-EDGETTS-CANTONESE,clean,redteam_factory/Edge-TTS,微软服务条款，仅研究评测用途,edgetts,cantonese,SC-001014,zh-HK-WanLungNeural,12.58,True,True,0.0,True,0.2770700636942675,True,True,0.006,True
data/redteam/factory/edgetts/cantonese/edgetts_cantonese_zh-HK-WanLungNeural_SC-001129.wav,spoof,RT-EDGETTS-CANTONESE,clean,redteam_factory/Edge-TTS,微软服务条款，仅研究评测用途,edgetts,cantonese,SC-001129,zh-HK-WanLungNeural,10.66,True,True,0.0,True,0.3609022556390977,True,True,0.153,True
data/redteam/factory/edgetts/cantonese/edgetts_cantonese_zh-HK-WanLungNeural_SC-001191.wav,spoof,RT-EDGETTS-CANTONESE,clean,redteam_factory/Edge-TTS,微软服务条款，仅研究评测用途,edgetts,cantonese,SC-001191,zh-HK-WanLungNeural,12.41,True,True,0.0,True,0.4,True,True,0.043,True
data/redteam/factory/edgetts/cantonese/edgetts_cantonese_zh-HK-WanLungNeural_SC-001251.wav,spoof,RT-EDGETTS-CANTONESE,clean,redteam_factory/Edge-TTS,微软服务条款，仅研究评测用途,edgetts,cantonese,SC-001251,zh-HK-WanLungNeural,9.7,True,True,0.0,True,0.3884297520661157,True,True,0.01,True
data/redteam/factory/edgetts/cantonese/edgetts_cantonese_zh-HK-WanLungNeural_SC-001350.wav,spoof,RT-EDGETTS-CANTONESE,clean,redteam_factory/Edge-TTS,微软服务条款，仅研究评测用途,edgetts,cantonese,SC-001350,zh-HK-WanLungNeural,19.1,True,True,0.0,True,0.2523560209424084,True,True,0.003,True
data/redteam/factory/edgetts/cantonese/edgetts_cantonese_zh-HK-WanLungNeural_SC-001452.wav,spoof,RT-EDGETTS-CANTONESE,clean,redteam_factory/Edge-TTS,微软服务条款，仅研究评测用途,edgetts,cantonese,SC-001452,zh-HK-WanLungNeural,19.37,True,True,0.0,True,0.4142561983471074,True,True,0.001,True
data/redteam/factory/edgetts/cantonese/edgetts_cantonese_zh-HK-WanLungNeural_SC-001489.wav,spoof,RT-EDGETTS-CANTONESE,clean,redteam_factory/Edge-TTS,微软服务条款，仅研究评测用途,edgetts,cantonese,SC-001489,zh-HK-WanLungNeural,16.3,True,True,0.0,True,0.24324324324324326,True,True,0.003,True
data/redteam/factory/edgetts/cantonese/edgetts_cantonese_zh-HK-WanLungNeural_SC-001544.wav,spoof,RT-EDGETTS-CANTONESE,clean,redteam_factory/Edge-TTS,微软服务条款，仅研究评测用途,edgetts,cantonese,SC-001544,zh-HK-WanLungNeural,11.86,True,True,0.0,True,0.28547297297297297,True,True,0.035,True
data/redteam/factory/edgetts/cantonese/edgetts_cantonese_zh-HK-WanLungNeural_SC-001611.wav,spoof,RT-EDGETTS-CANTONESE,clean,redteam_factory/Edge-TTS,微软服务条款，仅研究评测用途,edgetts,cantonese,SC-001611,zh-HK-WanLungNeural,18.17,True,True,0.0,True,0.2643171806167401,True,True,0.002,True
data/redteam/factory/edgetts/dongbei/edgetts_dongbei_zh-CN-liaoning-XiaobeiNeural_SC-000417.wav,spoof,RT-EDGETTS-DONGBEI,clean,redteam_factory/Edge-TTS,微软服务条款，仅研究评测用途,edgetts,dongbei,SC-000417,zh-CN-liaoning-XiaobeiNeural,19.34,True,True,0.0,True,0.2688728024819028,True,True,0.011,True
data/redteam/factory/edgetts/dongbei/edgetts_dongbei_zh-CN-liaoning-XiaobeiNeural_SC-000492.wav,spoof,RT-EDGETTS-DONGBEI,clean,redteam_factory/Edge-TTS,微软服务条款，仅研究评测用途,edgetts,dongbei,SC-000492,zh-CN-liaoning-XiaobeiNeural,17.66,True,True,0.0,True,0.29105322763306907,True,True,0.095,True
data/redteam/factory/edgetts/dongbei/edgetts_dongbei_zh-CN-liaoning-XiaobeiNeural_SC-000570.wav,spoof,RT-EDGETTS-DONGBEI,clean,redteam_factory/Edge-TTS,微软服务条款，仅研究评测用途,edgetts,dongbei,SC-000570,zh-CN-liaoning-XiaobeiNeural,13.75,True,True,0.0,True,0.314410480349345,True,True,0.003,True
data/redteam/factory/edgetts/dongbei/edgetts_dongbei_zh-CN-liaoning-XiaobeiNeural_SC-000720.wav,spoof,RT-EDGETTS-DONGBEI,clean,redteam_factory/Edge-TTS,微软服务条款，仅研究评测用途,edgetts,dongbei,SC-000720,zh-CN-liaoning-XiaobeiNeural,13.51,True,True,0.0,True,0.33185185185185184,True,True,0.03,True
data/redteam/factory/edgetts/dongbei/edgetts_dongbei_zh-CN-liaoning-XiaobeiNeural_SC-000787.wav,spoof,RT-EDGETTS-DONGBEI,clean,redteam_factory/Edge-TTS,微软服务条款，仅研究评测用途,edgetts,dongbei,SC-000787,zh-CN-liaoning-XiaobeiNeural,14.4,True,True,0.0,True,0.325,True,True,0.02,True
data/redteam/factory/edgetts/dongbei/edgetts_dongbei_zh-CN-liaoning-XiaobeiNeural_SC-000975.wav,spoof,RT-EDGETTS-DONGBEI,clean,redteam_factory/Edge-TTS,微软服务条款，仅研究评测用途,edgetts,dongbei,SC-000975,zh-CN-liaoning-XiaobeiNeural,16.97,True,True,0.0,True,0.3313679245283019,True,True,0.139,True
data/redteam/factory/edgetts/dongbei/edgetts_dongbei_zh-CN-liaoning-XiaobeiNeural_SC-001064.wav,spoof,RT-EDGETTS-DONGBEI,clean,redteam_factory/Edge-TTS,微软服务条款，仅研究评测用途,edgetts,dongbei,SC-001064,zh-CN-liaoning-XiaobeiNeural,14.42,True,True,0.0,True,0.2621359223300971,True,True,0.019,True
data/redteam/factory/edgetts/dongbei/edgetts_dongbei_zh-CN-liaoning-XiaobeiNeural_SC-001221.wav,spoof,RT-EDGETTS-DONGBEI,clean,redteam_factory/Edge-TTS,微软服务条款，仅研究评测用途,edgetts,dongbei,SC-001221,zh-CN-liaoning-XiaobeiNeural,9.43,True,True,0.0,True,0.33121019108280253,True,True,0.034,True
data/redteam/factory/edgetts/dongbei/edgetts_dongbei_zh-CN-liaoning-XiaobeiNeural_SC-001285.wav,spoof,RT-EDGETTS-DONGBEI,clean,redteam_factory/Edge-TTS,微软服务条款，仅研究评测用途,edgetts,dongbei,SC-001285,zh-CN-liaoning-XiaobeiNeural,9.62,True,True,0.0,True,0.3700623700623701,True,True,0.024,True
data/redteam/factory/edgetts/dongbei/edgetts_dongbei_zh-CN-liaoning-XiaobeiNeural_SC-001429.wav,spoof,RT-EDGETTS-DONGBEI,clean,redteam_factory/Edge-TTS,微软服务条款，仅研究评测用途,edgetts,dongbei,SC-001429,zh-CN-liaoning-XiaobeiNeural,17.64,True,True,0.0,True,0.3321995464852608,True,True,0.259,True
data/redteam/factory/edgetts/dongbei/edgetts_dongbei_zh-CN-liaoning-XiaobeiNeural_SC-001490.wav,spoof,RT-EDGETTS-DONGBEI,clean,redteam_factory/Edge-TTS,微软服务条款，仅研究评测用途,edgetts,dongbei,SC-001490,zh-CN-liaoning-XiaobeiNeural,13.68,True,True,0.0,True,0.3084795321637427,True,True,0.011,True
data/redteam/factory/edgetts/dongbei/edgetts_dongbei_zh-CN-liaoning-XiaobeiNeural_SC-001671.wav,spoof,RT-EDGETTS-DONGBEI,clean,redteam_factory/Edge-TTS,微软服务条款，仅研究评测用途,edgetts,dongbei,SC-001671,zh-CN-liaoning-XiaobeiNeural,14.59,True,True,0.0,True,0.27983539094650206,True,True,0.006,True
data/redteam/factory/edgetts/dongbei/edgetts_dongbei_zh-CN-liaoning-XiaobeiNeural_SC-001700.wav,spoof,RT-EDGETTS-DONGBEI,clean,redteam_factory/Edge-TTS,微软服务条款，仅研究评测用途,edgetts,dongbei,SC-001700,zh-CN-liaoning-XiaobeiNeural,15.46,True,True,0.0,True,0.3380829015544041,True,True,0.026,True
data/redteam/factory/edgetts/henan/edgetts_henan_zh-CN-shaanxi-XiaoniNeural_SC-000441.wav,spoof,RT-EDGETTS-HENAN,clean,redteam_factory/Edge-TTS,微软服务条款，仅研究评测用途,edgetts,henan,SC-000441,zh-CN-shaanxi-XiaoniNeural,17.69,True,True,0.0,True,0.32918552036199095,True,True,0.151,True
data/redteam/factory/edgetts/henan/edgetts_henan_zh-CN-shaanxi-XiaoniNeural_SC-000521.wav,spoof,RT-EDGETTS-HENAN,clean,redteam_factory/Edge-TTS,微软服务条款，仅研究评测用途,edgetts,henan,SC-000521,zh-CN-shaanxi-XiaoniNeural,15.38,True,True,0.0,True,0.32639791937581275,True,True,0.066,True
data/redteam/factory/edgetts/henan/edgetts_henan_zh-CN-shaanxi-XiaoniNeural_SC-000596.wav,spoof,RT-EDGETTS-HENAN,clean,redteam_factory/Edge-TTS,微软服务条款，仅研究评测用途,edgetts,henan,SC-000596,zh-CN-shaanxi-XiaoniNeural,12.86,True,True,0.0,True,0.3234836702954899,True,True,0.228,True
data/redteam/factory/edgetts/henan/edgetts_henan_zh-CN-shaanxi-XiaoniNeural_SC-000634.wav,spoof,RT-EDGETTS-HENAN,clean,redteam_factory/Edge-TTS,微软服务条款，仅研究评测用途,edgetts,henan,SC-000634,zh-CN-shaanxi-XiaoniNeural,10.37,True,True,0.0,True,0.29343629343629346,True,True,0.044,True
data/redteam/factory/edgetts/henan/edgetts_henan_zh-CN-shaanxi-XiaoniNeural_SC-000795.wav,spoof,RT-EDGETTS-HENAN,clean,redteam_factory/Edge-TTS,微软服务条款，仅研究评测用途,edgetts,henan,SC-000795,zh-CN-shaanxi-XiaoniNeural,12.84,True,True,0.0,True,0.3925233644859813,True,True,0.031,True
data/redteam/factory/edgetts/henan/edgetts_henan_zh-CN-shaanxi-XiaoniNeural_SC-000848.wav,spoof,RT-EDGETTS-HENAN,clean,redteam_factory/Edge-TTS,微软服务条款，仅研究评测用途,edgetts,henan,SC-000848,zh-CN-shaanxi-XiaoniNeural,18.77,True,True,0.0,True,0.25692963752665243,True,True,0.217,True
data/redteam/factory/edgetts/henan/edgetts_henan_zh-CN-shaanxi-XiaoniNeural_SC-000969.wav,spoof,RT-EDGETTS-HENAN,clean,redteam_factory/Edge-TTS,微软服务条款，仅研究评测用途,edgetts,henan,SC-000969,zh-CN-shaanxi-XiaoniNeural,14.69,True,True,0.0,True,0.3419618528610354,True,True,0.062,True
data/redteam/factory/edgetts/henan/edgetts_henan_zh-CN-shaanxi-XiaoniNeural_SC-001185.wav,spoof,RT-EDGETTS-HENAN,clean,redteam_factory/Edge-TTS,微软服务条款，仅研究评测用途,edgetts,henan,SC-001185,zh-CN-shaanxi-XiaoniNeural,17.83,True,True,0.0,True,0.33557800224466894,True,True,0.005,True
data/redteam/factory/edgetts/henan/edgetts_henan_zh-CN-shaanxi-XiaoniNeural_SC-001232.wav,spoof,RT-EDGETTS-HENAN,clean,redteam_factory/Edge-TTS,微软服务条款，仅研究评测用途,edgetts,henan,SC-001232,zh-CN-shaanxi-XiaoniNeural,14.26,True,True,0.0,True,0.34269662921348315,True,True,0.003,True
data/redteam/factory/edgetts/henan/edgetts_henan_zh-CN-shaanxi-XiaoniNeural_SC-001316.wav,spoof,RT-EDGETTS-HENAN,clean,redteam_factory/Edge-TTS,微软服务条款，仅研究评测用途,edgetts,henan,SC-001316,zh-CN-shaanxi-XiaoniNeural,16.27,True,True,0.0,True,0.3087330873308733,True,True,0.157,True
data/redteam/factory/edgetts/henan/edgetts_henan_zh-CN-shaanxi-XiaoniNeural_SC-001355.wav,spoof,RT-EDGETTS-HENAN,clean,redteam_factory/Edge-TTS,微软服务条款，仅研究评测用途,edgetts,henan,SC-001355,zh-CN-shaanxi-XiaoniNeural,11.33,True,True,0.0,True,0.37279151943462896,True,True,0.052,True
data/redteam/factory/edgetts/henan/edgetts_henan_zh-CN-shaanxi-XiaoniNeural_SC-001424.wav,spoof,RT-EDGETTS-HENAN,clean,redteam_factory/Edge-TTS,微软服务条款，仅研究评测用途,edgetts,henan,SC-001424,zh-CN-shaanxi-XiaoniNeural,18.65,True,True,0.0,True,0.26716738197424894,True,True,0.033,True
data/redteam/factory/edgetts/henan/edgetts_henan_zh-CN-shaanxi-XiaoniNeural_SC-001509.wav,spoof,RT-EDGETTS-HENAN,clean,redteam_factory/Edge-TTS,微软服务条款，仅研究评测用途,edgetts,henan,SC-001509,zh-CN-shaanxi-XiaoniNeural,13.39,True,True,0.0,True,0.4155455904334828,True,True,0.065,True
data/redteam/factory/edgetts/henan/edgetts_henan_zh-CN-shaanxi-XiaoniNeural_SC-001553.wav,spoof,RT-EDGETTS-HENAN,clean,redteam_factory/Edge-TTS,微软服务条款，仅研究评测用途,edgetts,henan,SC-001553,zh-CN-shaanxi-XiaoniNeural,10.51,True,True,0.0,True,0.3961904761904762,True,True,0.109,True
data/redteam/factory/edgetts/henan/edgetts_henan_zh-CN-shaanxi-XiaoniNeural_SC-001631.wav,spoof,RT-EDGETTS-HENAN,clean,redteam_factory/Edge-TTS,微软服务条款，仅研究评测用途,edgetts,henan,SC-001631,zh-CN-shaanxi-XiaoniNeural,14.5,True,True,0.0,True,0.3411602209944751,True,True,0.019,True
data/redteam/factory/edgetts/mandarin/edgetts_mandarin_zh-CN-YunxiNeural_SC-000135.wav,spoof,RT-EDGETTS-MANDARIN,clean,redteam_factory/Edge-TTS,微软服务条款，仅研究评测用途,edgetts,mandarin,SC-000135,zh-CN-YunxiNeural,9.43,True,True,0.0,True,0.46284501061571126,True,True,0.002,True
data/redteam/factory/edgetts/mandarin/edgetts_mandarin_zh-CN-YunxiNeural_SC-000175.wav,spoof,RT-EDGETTS-MANDARIN,clean,redteam_factory/Edge-TTS,微软服务条款，仅研究评测用途,edgetts,mandarin,SC-000175,zh-CN-YunxiNeural,11.5,True,True,0.0,True,0.397212543554007,True,True,0.015,True
data/redteam/factory/edgetts/mandarin/edgetts_mandarin_zh-CN-YunxiNeural_SC-000190.wav,spoof,RT-EDGETTS-MANDARIN,clean,redteam_factory/Edge-TTS,微软服务条款，仅研究评测用途,edgetts,mandarin,SC-000190,zh-CN-YunxiNeural,10.1,True,True,0.0,True,0.4316831683168317,True,True,0.003,True
data/redteam/factory/edgetts/mandarin/edgetts_mandarin_zh-CN-YunxiNeural_SC-000214.wav,spoof,RT-EDGETTS-MANDARIN,clean,redteam_factory/Edge-TTS,微软服务条款，仅研究评测用途,edgetts,mandarin,SC-000214,zh-CN-YunxiNeural,13.1,True,True,0.0,True,0.433587786259542,True,True,0.003,True
data/redteam/factory/edgetts/mandarin/edgetts_mandarin_zh-CN-YunxiNeural_SC-000234.wav,spoof,RT-EDGETTS-MANDARIN,clean,redteam_factory/Edge-TTS,微软服务条款，仅研究评测用途,edgetts,mandarin,SC-000234,zh-CN-YunxiNeural,13.7,True,True,0.0,True,0.4321167883211679,True,True,0.01,True
data/redteam/factory/edgetts/mandarin/edgetts_mandarin_zh-CN-YunxiNeural_SC-000261.wav,spoof,RT-EDGETTS-MANDARIN,clean,redteam_factory/Edge-TTS,微软服务条款，仅研究评测用途,edgetts,mandarin,SC-000261,zh-CN-YunxiNeural,13.8,True,True,0.0,True,0.3652173913043478,True,True,0.001,True
data/redteam/factory/edgetts/mandarin/edgetts_mandarin_zh-CN-YunxiNeural_SC-000280.wav,spoof,RT-EDGETTS-MANDARIN,clean,redteam_factory/Edge-TTS,微软服务条款，仅研究评测用途,edgetts,mandarin,SC-000280,zh-CN-YunxiNeural,9.48,True,True,0.0,True,0.459915611814346,True,True,0.027,True
data/redteam/factory/edgetts/mandarin/edgetts_mandarin_zh-CN-YunxiNeural_SC-000304.wav,spoof,RT-EDGETTS-MANDARIN,clean,redteam_factory/Edge-TTS,微软服务条款，仅研究评测用途,edgetts,mandarin,SC-000304,zh-CN-YunxiNeural,18.65,True,True,0.0,True,0.3218884120171674,True,True,0.097,True
data/redteam/factory/edgetts/mandarin/edgetts_mandarin_zh-CN-YunxiNeural_SC-000324.wav,spoof,RT-EDGETTS-MANDARIN,clean,redteam_factory/Edge-TTS,微软服务条款，仅研究评测用途,edgetts,mandarin,SC-000324,zh-CN-YunxiNeural,14.14,True,True,0.0,True,0.4376770538243626,True,True,0.001,True
data/redteam/factory/edgetts/mandarin/edgetts_mandarin_zh-CN-YunxiNeural_SC-000340.wav,spoof,RT-EDGETTS-MANDARIN,clean,redteam_factory/Edge-TTS,微软服务条款，仅研究评测用途,edgetts,mandarin,SC-000340,zh-CN-YunxiNeural,12.5,True,True,0.0,True,0.4016,True,True,0.005,True
data/redteam/factory/edgetts/mandarin/edgetts_mandarin_zh-CN-YunxiNeural_SC-000360.wav,spoof,RT-EDGETTS-MANDARIN,clean,redteam_factory/Edge-TTS,微软服务条款，仅研究评测用途,edgetts,mandarin,SC-000360,zh-CN-YunxiNeural,13.15,True,True,0.0,True,0.4672754946727549,True,True,0.02,True
data/redteam/factory/edgetts/mandarin/edgetts_mandarin_zh-CN-YunxiNeural_SC-000378.wav,spoof,RT-EDGETTS-MANDARIN,clean,redteam_factory/Edge-TTS,微软服务条款，仅研究评测用途,edgetts,mandarin,SC-000378,zh-CN-YunxiNeural,14.54,True,True,0.0,True,0.4016506189821183,True,True,0.005,True
data/redteam/factory/edgetts/mandarin/edgetts_mandarin_zh-CN-YunxiNeural_SC-000401.wav,spoof,RT-EDGETTS-MANDARIN,clean,redteam_factory/Edge-TTS,微软服务条款，仅研究评测用途,edgetts,mandarin,SC-000401,zh-CN-YunxiNeural,19.34,True,True,0.0,True,0.3960703205791106,True,True,0.009,True
data/redteam/factory/edgetts/mandarin/edgetts_mandarin_zh-CN-YunxiNeural_SC-000437.wav,spoof,RT-EDGETTS-MANDARIN,clean,redteam_factory/Edge-TTS,微软服务条款，仅研究评测用途,edgetts,mandarin,SC-000437,zh-CN-YunxiNeural,11.5,True,True,0.0,True,0.4547038327526132,True,True,0.005,True
data/redteam/factory/edgetts/mandarin/edgetts_mandarin_zh-CN-YunxiNeural_SC-000456.wav,spoof,RT-EDGETTS-MANDARIN,clean,redteam_factory/Edge-TTS,微软服务条款，仅研究评测用途,edgetts,mandarin,SC-000456,zh-CN-YunxiNeural,15.26,True,True,0.0,True,0.4705111402359109,True,True,0.009,True
data/redteam/factory/edgetts/mandarin/edgetts_mandarin_zh-CN-YunxiNeural_SC-000493.wav,spoof,RT-EDGETTS-MANDARIN,clean,redteam_factory/Edge-TTS,微软服务条款，仅研究评测用途,edgetts,mandarin,SC-000493,zh-CN-YunxiNeural,17.26,True,True,0.0,True,0.4419953596287703,True,True,0.021,True
data/redteam/factory/edgetts/mandarin/edgetts_mandarin_zh-CN-XiaoxiaoNeural_SC-000135.wav,spoof,RT-EDGETTS-MANDARIN,clean,redteam_factory/Edge-TTS,微软服务条款，仅研究评测用途,edgetts,mandarin,SC-000135,zh-CN-XiaoxiaoNeural,9.84,True,True,0.0,True,0.29065040650406504,True,True,0.154,True
data/redteam/factory/edgetts/mandarin/edgetts_mandarin_zh-CN-XiaoxiaoNeural_SC-000214.wav,spoof,RT-EDGETTS-MANDARIN,clean,redteam_factory/Edge-TTS,微软服务条款，仅研究评测用途,edgetts,mandarin,SC-000214,zh-CN-XiaoxiaoNeural,13.73,True,True,0.0,True,0.32215743440233235,True,True,0.097,True
data/redteam/factory/edgetts/mandarin/edgetts_mandarin_zh-CN-XiaoxiaoNeural_SC-000234.wav,spoof,RT-EDGETTS-MANDARIN,clean,redteam_factory/Edge-TTS,微软服务条款，仅研究评测用途,edgetts,mandarin,SC-000234,zh-CN-XiaoxiaoNeural,14.93,True,True,0.0,True,0.2935656836461126,True,True,0.226,True
data/redteam/factory/edgetts/mandarin/edgetts_mandarin_zh-CN-XiaoxiaoNeural_SC-000280.wav,spoof,RT-EDGETTS-MANDARIN,clean,redteam_factory/Edge-TTS,微软服务条款，仅研究评测用途,edgetts,mandarin,SC-000280,zh-CN-XiaoxiaoNeural,9.46,True,True,0.0,True,0.3199152542372881,True,True,0.231,True
data/redteam/factory/edgetts/mandarin/edgetts_mandarin_zh-CN-XiaoxiaoNeural_SC-000340.wav,spoof,RT-EDGETTS-MANDARIN,clean,redteam_factory/Edge-TTS,微软服务条款，仅研究评测用途,edgetts,mandarin,SC-000340,zh-CN-XiaoxiaoNeural,12.43,True,True,0.0,True,0.286634460547504,True,True,0.142,True
data/redteam/factory/edgetts/mandarin/edgetts_mandarin_zh-CN-XiaoxiaoNeural_SC-000360.wav,spoof,RT-EDGETTS-MANDARIN,clean,redteam_factory/Edge-TTS,微软服务条款，仅研究评测用途,edgetts,mandarin,SC-000360,zh-CN-XiaoxiaoNeural,12.65,True,True,0.0,True,0.3212025316455696,True,True,0.296,True
data/redteam/factory/edgetts/mandarin/edgetts_mandarin_zh-CN-XiaoxiaoNeural_SC-000378.wav,spoof,RT-EDGETTS-MANDARIN,clean,redteam_factory/Edge-TTS,微软服务条款，仅研究评测用途,edgetts,mandarin,SC-000378,zh-CN-XiaoxiaoNeural,15.22,True,True,0.0,True,0.25263157894736843,True,True,0.094,True
data/redteam/factory/edgetts/mandarin/edgetts_mandarin_zh-CN-XiaoxiaoNeural_SC-000437.wav,spoof,RT-EDGETTS-MANDARIN,clean,redteam_factory/Edge-TTS,微软服务条款，仅研究评测用途,edgetts,mandarin,SC-000437,zh-CN-XiaoxiaoNeural,11.02,True,True,0.0,True,0.3327272727272727,True,True,0.011,True
data/redteam/factory/edgetts/mandarin/edgetts_mandarin_zh-CN-XiaoxiaoNeural_SC-000456.wav,spoof,RT-EDGETTS-MANDARIN,clean,redteam_factory/Edge-TTS,微软服务条款，仅研究评测用途,edgetts,mandarin,SC-000456,zh-CN-XiaoxiaoNeural,15.36,True,True,0.0,True,0.31640625,True,True,0.003,True
data/redteam/factory/edgetts/mandarin/edgetts_mandarin_zh-CN-XiaoxiaoNeural_SC-000493.wav,spoof,RT-EDGETTS-MANDARIN,clean,redteam_factory/Edge-TTS,微软服务条款，仅研究评测用途,edgetts,mandarin,SC-000493,zh-CN-XiaoxiaoNeural,18.17,True,True,0.0,True,0.289647577092511,True,True,0.276,True
data/redteam/factory/edgetts/mandarin/edgetts_mandarin_zh-CN-YunjianNeural_SC-000135.wav,spoof,RT-EDGETTS-MANDARIN,clean,redteam_factory/Edge-TTS,微软服务条款，仅研究评测用途,edgetts,mandarin,SC-000135,zh-CN-YunjianNeural,9.55,True,True,0.0,True,0.31446540880503143,True,True,0.118,True
data/redteam/factory/edgetts/mandarin/edgetts_mandarin_zh-CN-YunjianNeural_SC-000175.wav,spoof,RT-EDGETTS-MANDARIN,clean,redteam_factory/Edge-TTS,微软服务条款，仅研究评测用途,edgetts,mandarin,SC-000175,zh-CN-YunjianNeural,12.14,True,True,0.0,True,0.2899505766062603,True,True,0.024,True
data/redteam/factory/edgetts/mandarin/edgetts_mandarin_zh-CN-YunjianNeural_SC-000190.wav,spoof,RT-EDGETTS-MANDARIN,clean,redteam_factory/Edge-TTS,微软服务条款，仅研究评测用途,edgetts,mandarin,SC-000190,zh-CN-YunjianNeural,10.37,True,True,0.0,True,0.3166023166023166,True,True,0.014,True
data/redteam/factory/edgetts/mandarin/edgetts_mandarin_zh-CN-YunjianNeural_SC-000214.wav,spoof,RT-EDGETTS-MANDARIN,clean,redteam_factory/Edge-TTS,微软服务条款，仅研究评测用途,edgetts,mandarin,SC-000214,zh-CN-YunjianNeural,13.85,True,True,0.0,True,0.3453757225433526,True,True,0.011,True
data/redteam/factory/edgetts/mandarin/edgetts_mandarin_zh-CN-YunjianNeural_SC-000234.wav,spoof,RT-EDGETTS-MANDARIN,clean,redteam_factory/Edge-TTS,微软服务条款，仅研究评测用途,edgetts,mandarin,SC-000234,zh-CN-YunjianNeural,14.59,True,True,0.0,True,0.3497942386831276,True,True,0.086,True
data/redteam/factory/edgetts/mandarin/edgetts_mandarin_zh-CN-YunjianNeural_SC-000261.wav,spoof,RT-EDGETTS-MANDARIN,clean,redteam_factory/Edge-TTS,微软服务条款，仅研究评测用途,edgetts,mandarin,SC-000261,zh-CN-YunjianNeural,13.73,True,True,0.0,True,0.2696793002915452,True,True,0.005,True
data/redteam/factory/edgetts/mandarin/edgetts_mandarin_zh-CN-YunjianNeural_SC-000280.wav,spoof,RT-EDGETTS-MANDARIN,clean,redteam_factory/Edge-TTS,微软服务条款，仅研究评测用途,edgetts,mandarin,SC-000280,zh-CN-YunjianNeural,9.91,True,True,0.0,True,0.3595959595959596,True,True,0.016,True
data/redteam/factory/edgetts/mandarin/edgetts_mandarin_zh-CN-YunjianNeural_SC-000304.wav,spoof,RT-EDGETTS-MANDARIN,clean,redteam_factory/Edge-TTS,微软服务条款，仅研究评测用途,edgetts,mandarin,SC-000304,zh-CN-YunjianNeural,19.63,True,True,0.0,True,0.23955147808358818,True,True,0.018,True
data/redteam/factory/edgetts/mandarin/edgetts_mandarin_zh-CN-YunjianNeural_SC-000324.wav,spoof,RT-EDGETTS-MANDARIN,clean,redteam_factory/Edge-TTS,微软服务条款，仅研究评测用途,edgetts,mandarin,SC-000324,zh-CN-YunjianNeural,14.18,True,True,0.0,True,0.34837799717912554,True,True,0.01,True
data/redteam/factory/edgetts/mandarin/edgetts_mandarin_zh-CN-YunjianNeural_SC-000340.wav,spoof,RT-EDGETTS-MANDARIN,clean,redteam_factory/Edge-TTS,微软服务条款，仅研究评测用途,edgetts,mandarin,SC-000340,zh-CN-YunjianNeural,13.01,True,True,0.0,True,0.3169230769230769,True,True,0.045,True
data/redteam/factory/edgetts/mandarin/edgetts_mandarin_zh-CN-YunjianNeural_SC-000360.wav,spoof,RT-EDGETTS-MANDARIN,clean,redteam_factory/Edge-TTS,微软服务条款，仅研究评测用途,edgetts,mandarin,SC-000360,zh-CN-YunjianNeural,13.13,True,True,0.0,True,0.3490853658536585,True,True,0.005,True
data/redteam/factory/edgetts/mandarin/edgetts_mandarin_zh-CN-YunjianNeural_SC-000378.wav,spoof,RT-EDGETTS-MANDARIN,clean,redteam_factory/Edge-TTS,微软服务条款，仅研究评测用途,edgetts,mandarin,SC-000378,zh-CN-YunjianNeural,14.52,True,True,0.0,True,0.2796143250688705,True,True,0.021,True
data/redteam/factory/edgetts/mandarin/edgetts_mandarin_zh-CN-YunjianNeural_SC-000401.wav,spoof,RT-EDGETTS-MANDARIN,clean,redteam_factory/Edge-TTS,微软服务条款，仅研究评测用途,edgetts,mandarin,SC-000401,zh-CN-YunjianNeural,19.97,True,True,0.0,True,0.2785571142284569,True,True,0.006,True
data/redteam/factory/edgetts/mandarin/edgetts_mandarin_zh-CN-YunjianNeural_SC-000437.wav,spoof,RT-EDGETTS-MANDARIN,clean,redteam_factory/Edge-TTS,微软服务条款，仅研究评测用途,edgetts,mandarin,SC-000437,zh-CN-YunjianNeural,11.4,True,True,0.0,True,0.356140350877193,True,True,0.003,True
data/redteam/factory/edgetts/mandarin/edgetts_mandarin_zh-CN-YunjianNeural_SC-000456.wav,spoof,RT-EDGETTS-MANDARIN,clean,redteam_factory/Edge-TTS,微软服务条款，仅研究评测用途,edgetts,mandarin,SC-000456,zh-CN-YunjianNeural,15.38,True,True,0.0,True,0.3368010403120936,True,True,0.012,True
data/redteam/factory/edgetts/mandarin/edgetts_mandarin_zh-CN-YunjianNeural_SC-000493.wav,spoof,RT-EDGETTS-MANDARIN,clean,redteam_factory/Edge-TTS,微软服务条款，仅研究评测用途,edgetts,mandarin,SC-000493,zh-CN-YunjianNeural,17.3,True,True,0.0,True,0.3213872832369942,True,True,0.055,True
data/redteam/factory/edgetts/mandarin/edgetts_mandarin_zh-CN-YunyangNeural_SC-000135.wav,spoof,RT-EDGETTS-MANDARIN,clean,redteam_factory/Edge-TTS,微软服务条款，仅研究评测用途,edgetts,mandarin,SC-000135,zh-CN-YunyangNeural,8.62,True,True,0.0,True,0.3627906976744186,True,True,0.024,True
data/redteam/factory/edgetts/mandarin/edgetts_mandarin_zh-CN-YunyangNeural_SC-000175.wav,spoof,RT-EDGETTS-MANDARIN,clean,redteam_factory/Edge-TTS,微软服务条款，仅研究评测用途,edgetts,mandarin,SC-000175,zh-CN-YunyangNeural,10.92,True,True,0.0,True,0.36446886446886445,True,True,0.059,True
data/redteam/factory/edgetts/mandarin/edgetts_mandarin_zh-CN-YunyangNeural_SC-000190.wav,spoof,RT-EDGETTS-MANDARIN,clean,redteam_factory/Edge-TTS,微软服务条款，仅研究评测用途,edgetts,mandarin,SC-000190,zh-CN-YunyangNeural,8.88,True,True,0.0,True,0.36486486486486486,True,True,0.03,True
data/redteam/factory/edgetts/mandarin/edgetts_mandarin_zh-CN-YunyangNeural_SC-000214.wav,spoof,RT-EDGETTS-MANDARIN,clean,redteam_factory/Edge-TTS,微软服务条款，仅研究评测用途,edgetts,mandarin,SC-000214,zh-CN-YunyangNeural,11.98,True,True,0.0,True,0.3712374581939799,True,True,0.005,True
data/redteam/factory/edgetts/mandarin/edgetts_mandarin_zh-CN-YunyangNeural_SC-000234.wav,spoof,RT-EDGETTS-MANDARIN,clean,redteam_factory/Edge-TTS,微软服务条款，仅研究评测用途,edgetts,mandarin,SC-000234,zh-CN-YunyangNeural,13.66,True,True,0.0,True,0.36656891495601174,True,True,0.007,True
data/redteam/factory/edgetts/mandarin/edgetts_mandarin_zh-CN-YunyangNeural_SC-000261.wav,spoof,RT-EDGETTS-MANDARIN,clean,redteam_factory/Edge-TTS,微软服务条款，仅研究评测用途,edgetts,mandarin,SC-000261,zh-CN-YunyangNeural,12.74,True,True,0.0,True,0.28885400313971743,True,True,0.005,True
data/redteam/factory/edgetts/mandarin/edgetts_mandarin_zh-CN-YunyangNeural_SC-000280.wav,spoof,RT-EDGETTS-MANDARIN,clean,redteam_factory/Edge-TTS,微软服务条款，仅研究评测用途,edgetts,mandarin,SC-000280,zh-CN-YunyangNeural,8.33,True,True,0.0,True,0.3629807692307692,True,True,0.005,True
data/redteam/factory/edgetts/mandarin/edgetts_mandarin_zh-CN-YunyangNeural_SC-000304.wav,spoof,RT-EDGETTS-MANDARIN,clean,redteam_factory/Edge-TTS,微软服务条款，仅研究评测用途,edgetts,mandarin,SC-000304,zh-CN-YunyangNeural,18.67,True,True,0.0,True,0.2733118971061093,True,True,0.12,True
data/redteam/factory/edgetts/mandarin/edgetts_mandarin_zh-CN-YunyangNeural_SC-000324.wav,spoof,RT-EDGETTS-MANDARIN,clean,redteam_factory/Edge-TTS,微软服务条款，仅研究评测用途,edgetts,mandarin,SC-000324,zh-CN-YunyangNeural,12.36,True,True,0.0,True,0.33818770226537215,True,True,0.011,True
data/redteam/factory/edgetts/mandarin/edgetts_mandarin_zh-CN-YunyangNeural_SC-000340.wav,spoof,RT-EDGETTS-MANDARIN,clean,redteam_factory/Edge-TTS,微软服务条款，仅研究评测用途,edgetts,mandarin,SC-000340,zh-CN-YunyangNeural,11.57,True,True,0.0,True,0.3615916955017301,True,True,0.021,True
data/redteam/factory/edgetts/mandarin/edgetts_mandarin_zh-CN-YunyangNeural_SC-000360.wav,spoof,RT-EDGETTS-MANDARIN,clean,redteam_factory/Edge-TTS,微软服务条款，仅研究评测用途,edgetts,mandarin,SC-000360,zh-CN-YunyangNeural,11.62,True,True,0.0,True,0.35344827586206895,True,True,0.081,True
data/redteam/factory/edgetts/mandarin/edgetts_mandarin_zh-CN-YunyangNeural_SC-000378.wav,spoof,RT-EDGETTS-MANDARIN,clean,redteam_factory/Edge-TTS,微软服务条款，仅研究评测用途,edgetts,mandarin,SC-000378,zh-CN-YunyangNeural,13.51,True,True,0.0,True,0.32296296296296295,True,True,0.16,True
data/redteam/factory/edgetts/mandarin/edgetts_mandarin_zh-CN-YunyangNeural_SC-000401.wav,spoof,RT-EDGETTS-MANDARIN,clean,redteam_factory/Edge-TTS,微软服务条款，仅研究评测用途,edgetts,mandarin,SC-000401,zh-CN-YunyangNeural,18.34,True,True,0.0,True,0.3351528384279476,True,True,0.044,True
data/redteam/factory/edgetts/mandarin/edgetts_mandarin_zh-CN-YunyangNeural_SC-000437.wav,spoof,RT-EDGETTS-MANDARIN,clean,redteam_factory/Edge-TTS,微软服务条款，仅研究评测用途,edgetts,mandarin,SC-000437,zh-CN-YunyangNeural,10.56,True,True,0.0,True,0.38636363636363635,True,True,0.182,True
data/redteam/factory/edgetts/mandarin/edgetts_mandarin_zh-CN-YunyangNeural_SC-000493.wav,spoof,RT-EDGETTS-MANDARIN,clean,redteam_factory/Edge-TTS,微软服务条款，仅研究评测用途,edgetts,mandarin,SC-000493,zh-CN-YunyangNeural,15.46,True,True,0.0,True,0.36528497409326427,True,True,0.063,True
data/redteam/factory/edgetts/minnan/edgetts_minnan_zh-TW-HsiaoChenNeural_SC-000612.wav,spoof,RT-EDGETTS-MINNAN,clean,redteam_factory/Edge-TTS,微软服务条款，仅研究评测用途,edgetts,minnan,SC-000612,zh-TW-HsiaoChenNeural,14.26,True,True,0.0,True,0.3146067415730337,True,True,0.005,True
data/redteam/factory/edgetts/minnan/edgetts_minnan_zh-TW-HsiaoChenNeural_SC-000670.wav,spoof,RT-EDGETTS-MINNAN,clean,redteam_factory/Edge-TTS,微软服务条款，仅研究评测用途,edgetts,minnan,SC-000670,zh-TW-HsiaoChenNeural,17.42,True,True,0.0,True,0.2881745120551091,True,True,0.072,True
data/redteam/factory/edgetts/minnan/edgetts_minnan_zh-TW-HsiaoChenNeural_SC-000882.wav,spoof,RT-EDGETTS-MINNAN,clean,redteam_factory/Edge-TTS,微软服务条款，仅研究评测用途,edgetts,minnan,SC-000882,zh-TW-HsiaoChenNeural,10.92,True,True,0.0,True,0.30952380952380953,True,True,0.072,True
data/redteam/factory/edgetts/minnan/edgetts_minnan_zh-TW-HsiaoChenNeural_SC-000951.wav,spoof,RT-EDGETTS-MINNAN,clean,redteam_factory/Edge-TTS,微软服务条款，仅研究评测用途,edgetts,minnan,SC-000951,zh-TW-HsiaoChenNeural,15.77,True,True,0.0,True,0.22208121827411167,True,True,0.008,True
data/redteam/factory/edgetts/minnan/edgetts_minnan_zh-TW-HsiaoChenNeural_SC-001049.wav,spoof,RT-EDGETTS-MINNAN,clean,redteam_factory/Edge-TTS,微软服务条款，仅研究评测用途,edgetts,minnan,SC-001049,zh-TW-HsiaoChenNeural,14.81,True,True,0.0,True,0.2851351351351351,True,True,0.014,True
data/redteam/factory/edgetts/minnan/edgetts_minnan_zh-TW-HsiaoChenNeural_SC-001105.wav,spoof,RT-EDGETTS-MINNAN,clean,redteam_factory/Edge-TTS,微软服务条款，仅研究评测用途,edgetts,minnan,SC-001105,zh-TW-HsiaoChenNeural,16.13,True,True,0.0,True,0.31265508684863524,True,True,0.182,True
data/redteam/factory/edgetts/minnan/edgetts_minnan_zh-TW-HsiaoChenNeural_SC-001229.wav,spoof,RT-EDGETTS-MINNAN,clean,redteam_factory/Edge-TTS,微软服务条款，仅研究评测用途,edgetts,minnan,SC-001229,zh-TW-HsiaoChenNeural,15.38,True,True,0.0,True,0.22756827048114434,True,True,0.049,True
data/redteam/factory/edgetts/minnan/edgetts_minnan_zh-TW-HsiaoChenNeural_SC-001348.wav,spoof,RT-EDGETTS-MINNAN,clean,redteam_factory/Edge-TTS,微软服务条款，仅研究评测用途,edgetts,minnan,SC-001348,zh-TW-HsiaoChenNeural,15.89,True,True,0.0,True,0.2959697732997481,True,True,0.28,True
data/redteam/factory/edgetts/minnan/edgetts_minnan_zh-TW-HsiaoChenNeural_SC-001695.wav,spoof,RT-EDGETTS-MINNAN,clean,redteam_factory/Edge-TTS,微软服务条款，仅研究评测用途,edgetts,minnan,SC-001695,zh-TW-HsiaoChenNeural,14.18,True,True,0.0,True,0.3385049365303244,True,True,0.047,True
data/redteam/factory/edgetts/minnan/edgetts_minnan_zh-TW-YunJheNeural_SC-000612.wav,spoof,RT-EDGETTS-MINNAN,clean,redteam_factory/Edge-TTS,微软服务条款，仅研究评测用途,edgetts,minnan,SC-000612,zh-TW-YunJheNeural,13.13,True,True,0.0,True,0.3978658536585366,True,True,0.003,True
data/redteam/factory/edgetts/minnan/edgetts_minnan_zh-TW-YunJheNeural_SC-000670.wav,spoof,RT-EDGETTS-MINNAN,clean,redteam_factory/Edge-TTS,微软服务条款，仅研究评测用途,edgetts,minnan,SC-000670,zh-TW-YunJheNeural,15.74,True,True,0.0,True,0.3646759847522236,True,True,0.016,True
data/redteam/factory/edgetts/minnan/edgetts_minnan_zh-TW-YunJheNeural_SC-000721.wav,spoof,RT-EDGETTS-MINNAN,clean,redteam_factory/Edge-TTS,微软服务条款，仅研究评测用途,edgetts,minnan,SC-000721,zh-TW-YunJheNeural,10.22,True,True,0.0,True,0.33659491193737767,True,True,0.011,True
data/redteam/factory/edgetts/minnan/edgetts_minnan_zh-TW-YunJheNeural_SC-000791.wav,spoof,RT-EDGETTS-MINNAN,clean,redteam_factory/Edge-TTS,微软服务条款，仅研究评测用途,edgetts,minnan,SC-000791,zh-TW-YunJheNeural,11.59,True,True,0.0,True,0.4162348877374784,True,True,0.029,True
data/redteam/factory/edgetts/minnan/edgetts_minnan_zh-TW-YunJheNeural_SC-000882.wav,spoof,RT-EDGETTS-MINNAN,clean,redteam_factory/Edge-TTS,微软服务条款，仅研究评测用途,edgetts,minnan,SC-000882,zh-TW-YunJheNeural,9.94,True,True,0.0,True,0.4092741935483871,True,True,0.011,True
data/redteam/factory/edgetts/minnan/edgetts_minnan_zh-TW-YunJheNeural_SC-000951.wav,spoof,RT-EDGETTS-MINNAN,clean,redteam_factory/Edge-TTS,微软服务条款，仅研究评测用途,edgetts,minnan,SC-000951,zh-TW-YunJheNeural,13.39,True,True,0.0,True,0.28101644245142005,True,True,0.016,True
data/redteam/factory/edgetts/minnan/edgetts_minnan_zh-TW-YunJheNeural_SC-001006.wav,spoof,RT-EDGETTS-MINNAN,clean,redteam_factory/Edge-TTS,微软服务条款，仅研究评测用途,edgetts,minnan,SC-001006,zh-TW-YunJheNeural,19.34,True,True,0.0,True,0.33815925542916236,True,True,0.011,True
data/redteam/factory/edgetts/minnan/edgetts_minnan_zh-TW-YunJheNeural_SC-001049.wav,spoof,RT-EDGETTS-MINNAN,clean,redteam_factory/Edge-TTS,微软服务条款，仅研究评测用途,edgetts,minnan,SC-001049,zh-TW-YunJheNeural,13.46,True,True,0.0,True,0.36701337295690933,True,True,0.014,True
data/redteam/factory/edgetts/minnan/edgetts_minnan_zh-TW-YunJheNeural_SC-001105.wav,spoof,RT-EDGETTS-MINNAN,clean,redteam_factory/Edge-TTS,微软服务条款，仅研究评测用途,edgetts,minnan,SC-001105,zh-TW-YunJheNeural,14.93,True,True,0.0,True,0.3941018766756032,True,True,0.017,True
data/redteam/factory/edgetts/minnan/edgetts_minnan_zh-TW-YunJheNeural_SC-001229.wav,spoof,RT-EDGETTS-MINNAN,clean,redteam_factory/Edge-TTS,微软服务条款，仅研究评测用途,edgetts,minnan,SC-001229,zh-TW-YunJheNeural,13.25,True,True,0.0,True,0.28851963746223563,True,True,0.011,True
data/redteam/factory/edgetts/minnan/edgetts_minnan_zh-TW-YunJheNeural_SC-001348.wav,spoof,RT-EDGETTS-MINNAN,clean,redteam_factory/Edge-TTS,微软服务条款，仅研究评测用途,edgetts,minnan,SC-001348,zh-TW-YunJheNeural,14.52,True,True,0.0,True,0.3677685950413223,True,True,0.008,True
data/redteam/factory/edgetts/minnan/edgetts_minnan_zh-TW-YunJheNeural_SC-001439.wav,spoof,RT-EDGETTS-MINNAN,clean,redteam_factory/Edge-TTS,微软服务条款，仅研究评测用途,edgetts,minnan,SC-001439,zh-TW-YunJheNeural,16.87,True,True,0.0,True,0.3914590747330961,True,True,0.03,True
data/redteam/factory/edgetts/minnan/edgetts_minnan_zh-TW-YunJheNeural_SC-001513.wav,spoof,RT-EDGETTS-MINNAN,clean,redteam_factory/Edge-TTS,微软服务条款，仅研究评测用途,edgetts,minnan,SC-001513,zh-TW-YunJheNeural,19.92,True,True,0.0,True,0.3373493975903614,True,True,0.005,True
data/redteam/factory/edgetts/minnan/edgetts_minnan_zh-TW-YunJheNeural_SC-001619.wav,spoof,RT-EDGETTS-MINNAN,clean,redteam_factory/Edge-TTS,微软服务条款，仅研究评测用途,edgetts,minnan,SC-001619,zh-TW-YunJheNeural,18.79,True,True,0.0,True,0.3450479233226837,True,True,0.021,True
data/redteam/factory/edgetts/minnan/edgetts_minnan_zh-TW-YunJheNeural_SC-001695.wav,spoof,RT-EDGETTS-MINNAN,clean,redteam_factory/Edge-TTS,微软服务条款，仅研究评测用途,edgetts,minnan,SC-001695,zh-TW-YunJheNeural,13.63,True,True,0.0,True,0.42290748898678415,True,True,0.002,True
data/redteam/factory/edgetts/sichuan/edgetts_sichuan_zh-CN-YunxiNeural_SC-000342.wav,spoof,RT-EDGETTS-SICHUAN,clean,redteam_factory/Edge-TTS,微软服务条款，仅研究评测用途,edgetts,sichuan,SC-000342,zh-CN-YunxiNeural,11.04,True,True,0.0,True,0.4221014492753623,True,True,0.011,True
data/redteam/factory/edgetts/sichuan/edgetts_sichuan_zh-CN-YunxiNeural_SC-000475.wav,spoof,RT-EDGETTS-SICHUAN,clean,redteam_factory/Edge-TTS,微软服务条款，仅研究评测用途,edgetts,sichuan,SC-000475,zh-CN-YunxiNeural,11.86,True,True,0.0,True,0.5101351351351351,True,True,0.046,True
data/redteam/factory/edgetts/sichuan/edgetts_sichuan_zh-CN-YunxiNeural_SC-000684.wav,spoof,RT-EDGETTS-SICHUAN,clean,redteam_factory/Edge-TTS,微软服务条款，仅研究评测用途,edgetts,sichuan,SC-000684,zh-CN-YunxiNeural,9.12,True,True,0.0,True,0.3815789473684211,True,True,0.002,True
data/redteam/factory/edgetts/sichuan/edgetts_sichuan_zh-CN-YunxiNeural_SC-000835.wav,spoof,RT-EDGETTS-SICHUAN,clean,redteam_factory/Edge-TTS,微软服务条款，仅研究评测用途,edgetts,sichuan,SC-000835,zh-CN-YunxiNeural,13.54,True,True,0.0,True,0.3890532544378698,True,True,0.029,True
data/redteam/factory/edgetts/sichuan/edgetts_sichuan_zh-CN-YunxiNeural_SC-000907.wav,spoof,RT-EDGETTS-SICHUAN,clean,redteam_factory/Edge-TTS,微软服务条款，仅研究评测用途,edgetts,sichuan,SC-000907,zh-CN-YunxiNeural,11.93,True,True,0.0,True,0.4446308724832215,True,True,0.008,True
data/redteam/factory/edgetts/sichuan/edgetts_sichuan_zh-CN-YunxiNeural_SC-001057.wav,spoof,RT-EDGETTS-SICHUAN,clean,redteam_factory/Edge-TTS,微软服务条款，仅研究评测用途,edgetts,sichuan,SC-001057,zh-CN-YunxiNeural,14.66,True,True,0.0,True,0.37789904502046384,True,True,0.002,True
data/redteam/factory/edgetts/sichuan/edgetts_sichuan_zh-CN-YunxiNeural_SC-001154.wav,spoof,RT-EDGETTS-SICHUAN,clean,redteam_factory/Edge-TTS,微软服务条款，仅研究评测用途,edgetts,sichuan,SC-001154,zh-CN-YunxiNeural,13.1,True,True,0.0,True,0.46412213740458014,True,True,0.002,True
data/redteam/factory/edgetts/sichuan/edgetts_sichuan_zh-CN-YunxiNeural_SC-001210.wav,spoof,RT-EDGETTS-SICHUAN,clean,redteam_factory/Edge-TTS,微软服务条款，仅研究评测用途,edgetts,sichuan,SC-001210,zh-CN-YunxiNeural,13.7,True,True,0.0,True,0.4569343065693431,True,True,0.079,True
data/redteam/factory/edgetts/sichuan/edgetts_sichuan_zh-CN-YunxiNeural_SC-001314.wav,spoof,RT-EDGETTS-SICHUAN,clean,redteam_factory/Edge-TTS,微软服务条款，仅研究评测用途,edgetts,sichuan,SC-001314,zh-CN-YunxiNeural,12.79,True,True,0.0,True,0.4788732394366197,True,True,0.006,True
data/redteam/factory/edgetts/sichuan/edgetts_sichuan_zh-CN-YunxiNeural_SC-001375.wav,spoof,RT-EDGETTS-SICHUAN,clean,redteam_factory/Edge-TTS,微软服务条款，仅研究评测用途,edgetts,sichuan,SC-001375,zh-CN-YunxiNeural,10.46,True,True,0.0,True,0.47036328871892924,True,True,0.017,True
data/redteam/factory/edgetts/sichuan/edgetts_sichuan_zh-CN-YunxiNeural_SC-001412.wav,spoof,RT-EDGETTS-SICHUAN,clean,redteam_factory/Edge-TTS,微软服务条款，仅研究评测用途,edgetts,sichuan,SC-001412,zh-CN-YunxiNeural,15.62,True,True,0.0,True,0.4174135723431498,True,True,0.003,True
data/redteam/factory/edgetts/sichuan/edgetts_sichuan_zh-CN-YunxiNeural_SC-001486.wav,spoof,RT-EDGETTS-SICHUAN,clean,redteam_factory/Edge-TTS,微软服务条款，仅研究评测用途,edgetts,sichuan,SC-001486,zh-CN-YunxiNeural,12.79,True,True,0.0,True,0.4303599374021909,True,True,0.003,True
data/redteam/factory/edgetts/sichuan/edgetts_sichuan_zh-CN-YunxiNeural_SC-001557.wav,spoof,RT-EDGETTS-SICHUAN,clean,redteam_factory/Edge-TTS,微软服务条款，仅研究评测用途,edgetts,sichuan,SC-001557,zh-CN-YunxiNeural,16.9,True,True,0.0,True,0.42417061611374407,True,True,0.006,True
data/redteam/factory/edgetts/sichuan/edgetts_sichuan_zh-CN-XiaoxiaoNeural_SC-000342.wav,spoof,RT-EDGETTS-SICHUAN,clean,redteam_factory/Edge-TTS,微软服务条款，仅研究评测用途,edgetts,sichuan,SC-000342,zh-CN-XiaoxiaoNeural,11.21,True,True,0.0,True,0.2732142857142857,True,True,0.025,True
data/redteam/factory/edgetts/sichuan/edgetts_sichuan_zh-CN-XiaoxiaoNeural_SC-000475.wav,spoof,RT-EDGETTS-SICHUAN,clean,redteam_factory/Edge-TTS,微软服务条款，仅研究评测用途,edgetts,sichuan,SC-000475,zh-CN-XiaoxiaoNeural,10.92,True,True,0.0,True,0.37362637362637363,True,True,0.221,True
data/redteam/factory/edgetts/sichuan/edgetts_sichuan_zh-CN-XiaoxiaoNeural_SC-000684.wav,spoof,RT-EDGETTS-SICHUAN,clean,redteam_factory/Edge-TTS,微软服务条款，仅研究评测用途,edgetts,sichuan,SC-000684,zh-CN-XiaoxiaoNeural,9.98,True,True,0.0,True,0.22044088176352705,True,True,0.053,True
data/redteam/factory/edgetts/sichuan/edgetts_sichuan_zh-CN-XiaoxiaoNeural_SC-000835.wav,spoof,RT-EDGETTS-SICHUAN,clean,redteam_factory/Edge-TTS,微软服务条款，仅研究评测用途,edgetts,sichuan,SC-000835,zh-CN-XiaoxiaoNeural,13.54,True,True,0.0,True,0.2411242603550296,True,True,0.215,True
data/redteam/factory/edgetts/sichuan/edgetts_sichuan_zh-CN-XiaoxiaoNeural_SC-000907.wav,spoof,RT-EDGETTS-SICHUAN,clean,redteam_factory/Edge-TTS,微软服务条款，仅研究评测用途,edgetts,sichuan,SC-000907,zh-CN-XiaoxiaoNeural,11.74,True,True,0.0,True,0.3242320819112628,True,True,0.018,True
data/redteam/factory/edgetts/sichuan/edgetts_sichuan_zh-CN-XiaoxiaoNeural_SC-001057.wav,spoof,RT-EDGETTS-SICHUAN,clean,redteam_factory/Edge-TTS,微软服务条款，仅研究评测用途,edgetts,sichuan,SC-001057,zh-CN-XiaoxiaoNeural,14.86,True,True,0.0,True,0.24393530997304583,True,True,0.052,True
data/redteam/factory/edgetts/sichuan/edgetts_sichuan_zh-CN-XiaoxiaoNeural_SC-001154.wav,spoof,RT-EDGETTS-SICHUAN,clean,redteam_factory/Edge-TTS,微软服务条款，仅研究评测用途,edgetts,sichuan,SC-001154,zh-CN-XiaoxiaoNeural,13.44,True,True,0.0,True,0.30357142857142855,True,True,0.017,True
data/redteam/factory/edgetts/sichuan/edgetts_sichuan_zh-CN-XiaoxiaoNeural_SC-001210.wav,spoof,RT-EDGETTS-SICHUAN,clean,redteam_factory/Edge-TTS,微软服务条款，仅研究评测用途,edgetts,sichuan,SC-001210,zh-CN-XiaoxiaoNeural,13.54,True,True,0.0,True,0.33727810650887574,True,True,0.089,True
data/redteam/factory/edgetts/sichuan/edgetts_sichuan_zh-CN-XiaoxiaoNeural_SC-001314.wav,spoof,RT-EDGETTS-SICHUAN,clean,redteam_factory/Edge-TTS,微软服务条款，仅研究评测用途,edgetts,sichuan,SC-001314,zh-CN-XiaoxiaoNeural,12.53,True,True,0.0,True,0.329073482428115,True,True,0.006,True
data/redteam/factory/edgetts/sichuan/edgetts_sichuan_zh-CN-XiaoxiaoNeural_SC-001375.wav,spoof,RT-EDGETTS-SICHUAN,clean,redteam_factory/Edge-TTS,微软服务条款，仅研究评测用途,edgetts,sichuan,SC-001375,zh-CN-XiaoxiaoNeural,10.03,True,True,0.0,True,0.3373253493013972,True,True,0.03,True
data/redteam/factory/edgetts/sichuan/edgetts_sichuan_zh-CN-XiaoxiaoNeural_SC-001486.wav,spoof,RT-EDGETTS-SICHUAN,clean,redteam_factory/Edge-TTS,微软服务条款，仅研究评测用途,edgetts,sichuan,SC-001486,zh-CN-XiaoxiaoNeural,12.29,True,True,0.0,True,0.28501628664495116,True,True,0.131,True
data/redteam/factory/edgetts/sichuan/edgetts_sichuan_zh-CN-XiaoxiaoNeural_SC-001557.wav,spoof,RT-EDGETTS-SICHUAN,clean,redteam_factory/Edge-TTS,微软服务条款，仅研究评测用途,edgetts,sichuan,SC-001557,zh-CN-XiaoxiaoNeural,17.54,True,True,0.0,True,0.2953249714937286,True,True,0.017,True
data/redteam/factory/edgetts/cantonese/edgetts_cantonese_zh-HK-HiuMaanNeural_SC-000494.wav,spoof,RT-EDGETTS-CANTONESE,clean,redteam_factory/Edge-TTS,微软服务条款，仅研究评测用途,edgetts,cantonese,SC-000494,zh-HK-HiuMaanNeural,7.01,True,True,0.0,True,0.3,True,True,0.034,True
data/redteam/factory/edgetts/cantonese/edgetts_cantonese_zh-HK-HiuMaanNeural_SC-000557.wav,spoof,RT-EDGETTS-CANTONESE,clean,redteam_factory/Edge-TTS,微软服务条款，仅研究评测用途,edgetts,cantonese,SC-000557,zh-HK-HiuMaanNeural,17.18,True,True,0.0,True,0.27939464493597205,True,True,0.011,True
data/redteam/factory/edgetts/cantonese/edgetts_cantonese_zh-HK-HiuMaanNeural_SC-000639.wav,spoof,RT-EDGETTS-CANTONESE,clean,redteam_factory/Edge-TTS,微软服务条款，仅研究评测用途,edgetts,cantonese,SC-000639,zh-HK-HiuMaanNeural,16.73,True,True,0.0,True,0.25598086124401914,True,True,0.014,True
data/redteam/factory/edgetts/cantonese/edgetts_cantonese_zh-HK-HiuMaanNeural_SC-000690.wav,spoof,RT-EDGETTS-CANTONESE,clean,redteam_factory/Edge-TTS,微软服务条款，仅研究评测用途,edgetts,cantonese,SC-000690,zh-HK-HiuMaanNeural,15.7,True,True,0.0,True,0.3010204081632653,True,True,0.008,True
data/redteam/factory/edgetts/cantonese/edgetts_cantonese_zh-HK-HiuMaanNeural_SC-000759.wav,spoof,RT-EDGETTS-CANTONESE,clean,redteam_factory/Edge-TTS,微软服务条款，仅研究评测用途,edgetts,cantonese,SC-000759,zh-HK-HiuMaanNeural,9.22,True,True,0.0,True,0.2326086956521739,True,True,0.011,True
data/redteam/factory/edgetts/cantonese/edgetts_cantonese_zh-HK-HiuMaanNeural_SC-000803.wav,spoof,RT-EDGETTS-CANTONESE,clean,redteam_factory/Edge-TTS,微软服务条款，仅研究评测用途,edgetts,cantonese,SC-000803,zh-HK-HiuMaanNeural,17.59,True,True,0.0,True,0.3640500568828214,True,True,0.001,True
data/redteam/factory/edgetts/cantonese/edgetts_cantonese_zh-HK-HiuMaanNeural_SC-000886.wav,spoof,RT-EDGETTS-CANTONESE,clean,redteam_factory/Edge-TTS,微软服务条款，仅研究评测用途,edgetts,cantonese,SC-000886,zh-HK-HiuMaanNeural,16.51,True,True,0.0,True,0.25212121212121213,True,True,0.01,True
data/redteam/factory/edgetts/cantonese/edgetts_cantonese_zh-HK-HiuMaanNeural_SC-000950.wav,spoof,RT-EDGETTS-CANTONESE,clean,redteam_factory/Edge-TTS,微软服务条款，仅研究评测用途,edgetts,cantonese,SC-000950,zh-HK-HiuMaanNeural,10.37,True,True,0.0,True,0.31467181467181465,True,True,0.031,True
data/redteam/factory/edgetts/cantonese/edgetts_cantonese_zh-HK-HiuMaanNeural_SC-001025.wav,spoof,RT-EDGETTS-CANTONESE,clean,redteam_factory/Edge-TTS,微软服务条款，仅研究评测用途,edgetts,cantonese,SC-001025,zh-HK-HiuMaanNeural,12.89,True,True,0.0,True,0.2670807453416149,True,True,0.007,True
data/redteam/factory/edgetts/cantonese/edgetts_cantonese_zh-HK-HiuMaanNeural_SC-001135.wav,spoof,RT-EDGETTS-CANTONESE,clean,redteam_factory/Edge-TTS,微软服务条款，仅研究评测用途,edgetts,cantonese,SC-001135,zh-HK-HiuMaanNeural,13.25,True,True,0.0,True,0.21299093655589124,True,True,0.013,True
data/redteam/factory/edgetts/cantonese/edgetts_cantonese_zh-HK-HiuMaanNeural_SC-001255.wav,spoof,RT-EDGETTS-CANTONESE,clean,redteam_factory/Edge-TTS,微软服务条款，仅研究评测用途,edgetts,cantonese,SC-001255,zh-HK-HiuMaanNeural,14.45,True,True,0.0,True,0.23822714681440443,True,True,0.011,True
data/redteam/factory/edgetts/cantonese/edgetts_cantonese_zh-HK-HiuMaanNeural_SC-001293.wav,spoof,RT-EDGETTS-CANTONESE,clean,redteam_factory/Edge-TTS,微软服务条款，仅研究评测用途,edgetts,cantonese,SC-001293,zh-HK-HiuMaanNeural,9.29,True,True,0.0,True,0.3275862068965517,True,True,0.067,True
data/redteam/factory/edgetts/cantonese/edgetts_cantonese_zh-HK-HiuMaanNeural_SC-001377.wav,spoof,RT-EDGETTS-CANTONESE,clean,redteam_factory/Edge-TTS,微软服务条款，仅研究评测用途,edgetts,cantonese,SC-001377,zh-HK-HiuMaanNeural,11.81,True,True,0.0,True,0.26949152542372884,True,True,0.001,True
data/redteam/factory/edgetts/cantonese/edgetts_cantonese_zh-HK-HiuMaanNeural_SC-001456.wav,spoof,RT-EDGETTS-CANTONESE,clean,redteam_factory/Edge-TTS,微软服务条款，仅研究评测用途,edgetts,cantonese,SC-001456,zh-HK-HiuMaanNeural,12.0,True,True,0.0,True,0.24666666666666667,True,True,0.004,True
data/redteam/factory/edgetts/cantonese/edgetts_cantonese_zh-HK-HiuMaanNeural_SC-001498.wav,spoof,RT-EDGETTS-CANTONESE,clean,redteam_factory/Edge-TTS,微软服务条款，仅研究评测用途,edgetts,cantonese,SC-001498,zh-HK-HiuMaanNeural,15.0,True,True,0.0,True,0.24133333333333334,True,True,0.003,True
data/redteam/factory/edgetts/cantonese/edgetts_cantonese_zh-HK-HiuMaanNeural_SC-001555.wav,spoof,RT-EDGETTS-CANTONESE,clean,redteam_factory/Edge-TTS,微软服务条款，仅研究评测用途,edgetts,cantonese,SC-001555,zh-HK-HiuMaanNeural,16.37,True,True,0.0,True,0.2726161369193154,True,True,0.002,True
data/redteam/factory/edgetts/cantonese/edgetts_cantonese_zh-HK-HiuMaanNeural_SC-001615.wav,spoof,RT-EDGETTS-CANTONESE,clean,redteam_factory/Edge-TTS,微软服务条款，仅研究评测用途,edgetts,cantonese,SC-001615,zh-HK-HiuMaanNeural,15.46,True,True,0.0,True,0.24481865284974094,True,True,0.004,True
data/redteam/factory/edgetts/cantonese/edgetts_cantonese_zh-HK-WanLungNeural_SC-000494.wav,spoof,RT-EDGETTS-CANTONESE,clean,redteam_factory/Edge-TTS,微软服务条款，仅研究评测用途,edgetts,cantonese,SC-000494,zh-HK-WanLungNeural,6.89,True,True,0.0,True,0.35174418604651164,True,True,0.037,True
data/redteam/factory/edgetts/cantonese/edgetts_cantonese_zh-HK-WanLungNeural_SC-000557.wav,spoof,RT-EDGETTS-CANTONESE,clean,redteam_factory/Edge-TTS,微软服务条款，仅研究评测用途,edgetts,cantonese,SC-000557,zh-HK-WanLungNeural,16.13,True,True,0.0,True,0.2903225806451613,True,True,0.141,True
data/redteam/factory/edgetts/cantonese/edgetts_cantonese_zh-HK-WanLungNeural_SC-000639.wav,spoof,RT-EDGETTS-CANTONESE,clean,redteam_factory/Edge-TTS,微软服务条款，仅研究评测用途,edgetts,cantonese,SC-000639,zh-HK-WanLungNeural,16.46,True,True,0.0,True,0.29526123936816523,True,True,0.005,True
data/redteam/factory/edgetts/cantonese/edgetts_cantonese_zh-HK-WanLungNeural_SC-000690.wav,spoof,RT-EDGETTS-CANTONESE,clean,redteam_factory/Edge-TTS,微软服务条款，仅研究评测用途,edgetts,cantonese,SC-000690,zh-HK-WanLungNeural,15.77,True,True,0.0,True,0.3286802030456853,True,True,0.028,True
data/redteam/factory/edgetts/cantonese/edgetts_cantonese_zh-HK-WanLungNeural_SC-000759.wav,spoof,RT-EDGETTS-CANTONESE,clean,redteam_factory/Edge-TTS,微软服务条款，仅研究评测用途,edgetts,cantonese,SC-000759,zh-HK-WanLungNeural,9.0,True,True,0.0,True,0.2777777777777778,True,True,0.052,True
data/redteam/factory/edgetts/cantonese/edgetts_cantonese_zh-HK-WanLungNeural_SC-000803.wav,spoof,RT-EDGETTS-CANTONESE,clean,redteam_factory/Edge-TTS,微软服务条款，仅研究评测用途,edgetts,cantonese,SC-000803,zh-HK-WanLungNeural,17.23,True,True,0.0,True,0.38443670150987225,True,True,0.007,True
data/redteam/factory/edgetts/cantonese/edgetts_cantonese_zh-HK-WanLungNeural_SC-000886.wav,spoof,RT-EDGETTS-CANTONESE,clean,redteam_factory/Edge-TTS,微软服务条款，仅研究评测用途,edgetts,cantonese,SC-000886,zh-HK-WanLungNeural,16.03,True,True,0.0,True,0.2808988764044944,True,True,0.014,True
data/redteam/factory/edgetts/cantonese/edgetts_cantonese_zh-HK-WanLungNeural_SC-000950.wav,spoof,RT-EDGETTS-CANTONESE,clean,redteam_factory/Edge-TTS,微软服务条款，仅研究评测用途,edgetts,cantonese,SC-000950,zh-HK-WanLungNeural,10.08,True,True,0.0,True,0.3373015873015873,True,True,0.053,True
data/redteam/factory/edgetts/cantonese/edgetts_cantonese_zh-HK-WanLungNeural_SC-001025.wav,spoof,RT-EDGETTS-CANTONESE,clean,redteam_factory/Edge-TTS,微软服务条款，仅研究评测用途,edgetts,cantonese,SC-001025,zh-HK-WanLungNeural,12.72,True,True,0.0,True,0.30974842767295596,True,True,0.013,True
data/redteam/factory/edgetts/cantonese/edgetts_cantonese_zh-HK-WanLungNeural_SC-001135.wav,spoof,RT-EDGETTS-CANTONESE,clean,redteam_factory/Edge-TTS,微软服务条款，仅研究评测用途,edgetts,cantonese,SC-001135,zh-HK-WanLungNeural,12.94,True,True,0.0,True,0.23219814241486067,True,True,0.013,True
data/redteam/factory/edgetts/cantonese/edgetts_cantonese_zh-HK-WanLungNeural_SC-001255.wav,spoof,RT-EDGETTS-CANTONESE,clean,redteam_factory/Edge-TTS,微软服务条款，仅研究评测用途,edgetts,cantonese,SC-001255,zh-HK-WanLungNeural,14.14,True,True,0.0,True,0.26487252124645894,True,True,0.01,True
data/redteam/factory/edgetts/cantonese/edgetts_cantonese_zh-HK-WanLungNeural_SC-001293.wav,spoof,RT-EDGETTS-CANTONESE,clean,redteam_factory/Edge-TTS,微软服务条款，仅研究评测用途,edgetts,cantonese,SC-001293,zh-HK-WanLungNeural,9.19,True,True,0.0,True,0.3638344226579521,True,True,0.037,True
data/redteam/factory/edgetts/cantonese/edgetts_cantonese_zh-HK-WanLungNeural_SC-001377.wav,spoof,RT-EDGETTS-CANTONESE,clean,redteam_factory/Edge-TTS,微软服务条款，仅研究评测用途,edgetts,cantonese,SC-001377,zh-HK-WanLungNeural,11.83,True,True,0.0,True,0.311336717428088,True,True,0.008,True
data/redteam/factory/edgetts/cantonese/edgetts_cantonese_zh-HK-WanLungNeural_SC-001456.wav,spoof,RT-EDGETTS-CANTONESE,clean,redteam_factory/Edge-TTS,微软服务条款，仅研究评测用途,edgetts,cantonese,SC-001456,zh-HK-WanLungNeural,11.88,True,True,0.0,True,0.28619528619528617,True,True,0.006,True
data/redteam/factory/edgetts/cantonese/edgetts_cantonese_zh-HK-WanLungNeural_SC-001498.wav,spoof,RT-EDGETTS-CANTONESE,clean,redteam_factory/Edge-TTS,微软服务条款，仅研究评测用途,edgetts,cantonese,SC-001498,zh-HK-WanLungNeural,14.86,True,True,0.0,True,0.2884097035040431,True,True,0.013,True
data/redteam/factory/edgetts/cantonese/edgetts_cantonese_zh-HK-WanLungNeural_SC-001555.wav,spoof,RT-EDGETTS-CANTONESE,clean,redteam_factory/Edge-TTS,微软服务条款，仅研究评测用途,edgetts,cantonese,SC-001555,zh-HK-WanLungNeural,16.06,True,True,0.0,True,0.3179551122194514,True,True,0.014,True
data/redteam/factory/edgetts/cantonese/edgetts_cantonese_zh-HK-WanLungNeural_SC-001615.wav,spoof,RT-EDGETTS-CANTONESE,clean,redteam_factory/Edge-TTS,微软服务条款，仅研究评测用途,edgetts,cantonese,SC-001615,zh-HK-WanLungNeural,15.48,True,True,0.0,True,0.2739018087855297,True,True,0.007,True
data/redteam/factory/edgetts/dongbei/edgetts_dongbei_zh-CN-liaoning-XiaobeiNeural_SC-000428.wav,spoof,RT-EDGETTS-DONGBEI,clean,redteam_factory/Edge-TTS,微软服务条款，仅研究评测用途,edgetts,dongbei,SC-000428,zh-CN-liaoning-XiaobeiNeural,10.61,True,True,0.0,True,0.39622641509433965,True,True,0.187,True
data/redteam/factory/edgetts/dongbei/edgetts_dongbei_zh-CN-liaoning-XiaobeiNeural_SC-000503.wav,spoof,RT-EDGETTS-DONGBEI,clean,redteam_factory/Edge-TTS,微软服务条款，仅研究评测用途,edgetts,dongbei,SC-000503,zh-CN-liaoning-XiaobeiNeural,17.64,True,True,0.0,True,0.36167800453514737,True,True,0.017,True
data/redteam/factory/edgetts/dongbei/edgetts_dongbei_zh-CN-liaoning-XiaobeiNeural_SC-000608.wav,spoof,RT-EDGETTS-DONGBEI,clean,redteam_factory/Edge-TTS,微软服务条款，仅研究评测用途,edgetts,dongbei,SC-000608,zh-CN-liaoning-XiaobeiNeural,18.84,True,True,0.0,True,0.3227176220806794,True,True,0.008,True
data/redteam/factory/edgetts/dongbei/edgetts_dongbei_zh-CN-liaoning-XiaobeiNeural_SC-000669.wav,spoof,RT-EDGETTS-DONGBEI,clean,redteam_factory/Edge-TTS,微软服务条款，仅研究评测用途,edgetts,dongbei,SC-000669,zh-CN-liaoning-XiaobeiNeural,16.18,True,True,0.0,True,0.27103960396039606,True,True,0.024,True
data/redteam/factory/edgetts/dongbei/edgetts_dongbei_zh-CN-liaoning-XiaobeiNeural_SC-000731.wav,spoof,RT-EDGETTS-DONGBEI,clean,redteam_factory/Edge-TTS,微软服务条款，仅研究评测用途,edgetts,dongbei,SC-000731,zh-CN-liaoning-XiaobeiNeural,17.9,True,True,0.0,True,0.3039106145251397,True,True,0.019,True
data/redteam/factory/edgetts/dongbei/edgetts_dongbei_zh-CN-liaoning-XiaobeiNeural_SC-000890.wav,spoof,RT-EDGETTS-DONGBEI,clean,redteam_factory/Edge-TTS,微软服务条款，仅研究评测用途,edgetts,dongbei,SC-000890,zh-CN-liaoning-XiaobeiNeural,18.31,True,True,0.0,True,0.35956284153005463,True,True,0.007,True
data/redteam/factory/edgetts/dongbei/edgetts_dongbei_zh-CN-liaoning-XiaobeiNeural_SC-001131.wav,spoof,RT-EDGETTS-DONGBEI,clean,redteam_factory/Edge-TTS,微软服务条款，仅研究评测用途,edgetts,dongbei,SC-001131,zh-CN-liaoning-XiaobeiNeural,17.42,True,True,0.0,True,0.3008036739380023,True,True,0.003,True
data/redteam/factory/edgetts/dongbei/edgetts_dongbei_zh-CN-liaoning-XiaobeiNeural_SC-001225.wav,spoof,RT-EDGETTS-DONGBEI,clean,redteam_factory/Edge-TTS,微软服务条款，仅研究评测用途,edgetts,dongbei,SC-001225,zh-CN-liaoning-XiaobeiNeural,17.52,True,True,0.0,True,0.2819634703196347,True,True,0.139,True
data/redteam/factory/edgetts/dongbei/edgetts_dongbei_zh-CN-liaoning-XiaobeiNeural_SC-001436.wav,spoof,RT-EDGETTS-DONGBEI,clean,redteam_factory/Edge-TTS,微软服务条款，仅研究评测用途,edgetts,dongbei,SC-001436,zh-CN-liaoning-XiaobeiNeural,14.45,True,True,0.0,True,0.34210526315789475,True,True,0.055,True
data/redteam/factory/edgetts/dongbei/edgetts_dongbei_zh-CN-liaoning-XiaobeiNeural_SC-001496.wav,spoof,RT-EDGETTS-DONGBEI,clean,redteam_factory/Edge-TTS,微软服务条款，仅研究评测用途,edgetts,dongbei,SC-001496,zh-CN-liaoning-XiaobeiNeural,18.29,True,True,0.0,True,0.31291028446389496,True,True,0.047,True
data/redteam/factory/edgetts/dongbei/edgetts_dongbei_zh-CN-liaoning-XiaobeiNeural_SC-001554.wav,spoof,RT-EDGETTS-DONGBEI,clean,redteam_factory/Edge-TTS,微软服务条款，仅研究评测用途,edgetts,dongbei,SC-001554,zh-CN-liaoning-XiaobeiNeural,17.4,True,True,0.0,True,0.3390804597701149,True,True,0.083,True
data/redteam/factory/edgetts/dongbei/edgetts_dongbei_zh-CN-liaoning-XiaobeiNeural_SC-001637.wav,spoof,RT-EDGETTS-DONGBEI,clean,redteam_factory/Edge-TTS,微软服务条款，仅研究评测用途,edgetts,dongbei,SC-001637,zh-CN-liaoning-XiaobeiNeural,14.78,True,True,0.0,True,0.34370771312584575,True,True,0.037,True
data/redteam/factory/edgetts/dongbei/edgetts_dongbei_zh-CN-liaoning-XiaobeiNeural_SC-001704.wav,spoof,RT-EDGETTS-DONGBEI,clean,redteam_factory/Edge-TTS,微软服务条款，仅研究评测用途,edgetts,dongbei,SC-001704,zh-CN-liaoning-XiaobeiNeural,19.49,True,True,0.0,True,0.2946611909650924,True,True,0.022,True
data/redteam/factory/edgetts/henan/edgetts_henan_zh-CN-shaanxi-XiaoniNeural_SC-000529.wav,spoof,RT-EDGETTS-HENAN,clean,redteam_factory/Edge-TTS,微软服务条款，仅研究评测用途,edgetts,henan,SC-000529,zh-CN-shaanxi-XiaoniNeural,13.63,True,True,0.0,True,0.2922173274596182,True,True,0.009,True
data/redteam/factory/edgetts/henan/edgetts_henan_zh-CN-shaanxi-XiaoniNeural_SC-000796.wav,spoof,RT-EDGETTS-HENAN,clean,redteam_factory/Edge-TTS,微软服务条款，仅研究评测用途,edgetts,henan,SC-000796,zh-CN-shaanxi-XiaoniNeural,12.31,True,True,0.0,True,0.3024390243902439,True,True,0.01,True
data/redteam/factory/edgetts/henan/edgetts_henan_zh-CN-shaanxi-XiaoniNeural_SC-000851.wav,spoof,RT-EDGETTS-HENAN,clean,redteam_factory/Edge-TTS,微软服务条款，仅研究评测用途,edgetts,henan,SC-000851,zh-CN-shaanxi-XiaoniNeural,12.77,True,True,0.0,True,0.31504702194357365,True,True,0.01,True
data/redteam/factory/edgetts/henan/edgetts_henan_zh-CN-shaanxi-XiaoniNeural_SC-000973.wav,spoof,RT-EDGETTS-HENAN,clean,redteam_factory/Edge-TTS,微软服务条款，仅研究评测用途,edgetts,henan,SC-000973,zh-CN-shaanxi-XiaoniNeural,18.5,True,True,0.0,True,0.32,True,True,0.002,True
data/redteam/factory/edgetts/henan/edgetts_henan_zh-CN-shaanxi-XiaoniNeural_SC-001066.wav,spoof,RT-EDGETTS-HENAN,clean,redteam_factory/Edge-TTS,微软服务条款，仅研究评测用途,edgetts,henan,SC-001066,zh-CN-shaanxi-XiaoniNeural,14.86,True,True,0.0,True,0.3557951482479784,True,True,0.017,True
data/redteam/factory/edgetts/henan/edgetts_henan_zh-CN-shaanxi-XiaoniNeural_SC-001114.wav,spoof,RT-EDGETTS-HENAN,clean,redteam_factory/Edge-TTS,微软服务条款，仅研究评测用途,edgetts,henan,SC-001114,zh-CN-shaanxi-XiaoniNeural,10.75,True,True,0.0,True,0.3016759776536313,True,True,0.053,True
data/redteam/factory/edgetts/henan/edgetts_henan_zh-CN-shaanxi-XiaoniNeural_SC-001197.wav,spoof,RT-EDGETTS-HENAN,clean,redteam_factory/Edge-TTS,微软服务条款，仅研究评测用途,edgetts,henan,SC-001197,zh-CN-shaanxi-XiaoniNeural,7.46,True,True,0.0,True,0.3753351206434316,True,True,0.03,True
data/redteam/factory/edgetts/henan/edgetts_henan_zh-CN-shaanxi-XiaoniNeural_SC-001254.wav,spoof,RT-EDGETTS-HENAN,clean,redteam_factory/Edge-TTS,微软服务条款，仅研究评测用途,edgetts,henan,SC-001254,zh-CN-shaanxi-XiaoniNeural,7.1,True,True,0.0,True,0.36338028169014086,True,True,0.004,True
data/redteam/factory/edgetts/henan/edgetts_henan_zh-CN-shaanxi-XiaoniNeural_SC-001325.wav,spoof,RT-EDGETTS-HENAN,clean,redteam_factory/Edge-TTS,微软服务条款，仅研究评测用途,edgetts,henan,SC-001325,zh-CN-shaanxi-XiaoniNeural,13.75,True,True,0.0,True,0.37409024745269287,True,True,0.042,True
data/redteam/factory/edgetts/henan/edgetts_henan_zh-CN-shaanxi-XiaoniNeural_SC-001646.wav,spoof,RT-EDGETTS-HENAN,clean,redteam_factory/Edge-TTS,微软服务条款，仅研究评测用途,edgetts,henan,SC-001646,zh-CN-shaanxi-XiaoniNeural,14.11,True,True,0.0,True,0.34184397163120567,True,True,0.013,True
data/redteam/factory/edgetts/mandarin/edgetts_mandarin_zh-CN-YunxiNeural_SC-000136.wav,spoof,RT-EDGETTS-MANDARIN,clean,redteam_factory/Edge-TTS,微软服务条款，仅研究评测用途,edgetts,mandarin,SC-000136,zh-CN-YunxiNeural,10.18,True,True,0.0,True,0.4409448818897638,True,True,0.005,True
data/redteam/factory/edgetts/mandarin/edgetts_mandarin_zh-CN-YunxiNeural_SC-000163.wav,spoof,RT-EDGETTS-MANDARIN,clean,redteam_factory/Edge-TTS,微软服务条款，仅研究评测用途,edgetts,mandarin,SC-000163,zh-CN-YunxiNeural,10.49,True,True,0.0,True,0.4770992366412214,True,True,0.017,True
data/redteam/factory/edgetts/mandarin/edgetts_mandarin_zh-CN-YunxiNeural_SC-000176.wav,spoof,RT-EDGETTS-MANDARIN,clean,redteam_factory/Edge-TTS,微软服务条款，仅研究评测用途,edgetts,mandarin,SC-000176,zh-CN-YunxiNeural,10.3,True,True,0.0,True,0.4708171206225681,True,True,0.007,True
data/redteam/factory/edgetts/mandarin/edgetts_mandarin_zh-CN-YunxiNeural_SC-000193.wav,spoof,RT-EDGETTS-MANDARIN,clean,redteam_factory/Edge-TTS,微软服务条款，仅研究评测用途,edgetts,mandarin,SC-000193,zh-CN-YunxiNeural,11.04,True,True,0.0,True,0.46195652173913043,True,True,0.014,True
data/redteam/factory/edgetts/mandarin/edgetts_mandarin_zh-CN-YunxiNeural_SC-000216.wav,spoof,RT-EDGETTS-MANDARIN,clean,redteam_factory/Edge-TTS,微软服务条款，仅研究评测用途,edgetts,mandarin,SC-000216,zh-CN-YunxiNeural,9.48,True,True,0.0,True,0.46624472573839665,True,True,0.003,True
data/redteam/factory/edgetts/mandarin/edgetts_mandarin_zh-CN-YunxiNeural_SC-000262.wav,spoof,RT-EDGETTS-MANDARIN,clean,redteam_factory/Edge-TTS,微软服务条款，仅研究评测用途,edgetts,mandarin,SC-000262,zh-CN-YunxiNeural,11.57,True,True,0.0,True,0.4100346020761246,True,True,0.001,True
data/redteam/factory/edgetts/mandarin/edgetts_mandarin_zh-CN-YunxiNeural_SC-000283.wav,spoof,RT-EDGETTS-MANDARIN,clean,redteam_factory/Edge-TTS,微软服务条款，仅研究评测用途,edgetts,mandarin,SC-000283,zh-CN-YunxiNeural,12.34,True,True,0.0,True,0.4659090909090909,True,True,0.019,True
data/redteam/factory/edgetts/mandarin/edgetts_mandarin_zh-CN-YunxiNeural_SC-000308.wav,spoof,RT-EDGETTS-MANDARIN,clean,redteam_factory/Edge-TTS,微软服务条款，仅研究评测用途,edgetts,mandarin,SC-000308,zh-CN-YunxiNeural,17.74,True,True,0.0,True,0.3544018058690745,True,True,0.002,True
data/redteam/factory/edgetts/mandarin/edgetts_mandarin_zh-CN-YunxiNeural_SC-000325.wav,spoof,RT-EDGETTS-MANDARIN,clean,redteam_factory/Edge-TTS,微软服务条款，仅研究评测用途,edgetts,mandarin,SC-000325,zh-CN-YunxiNeural,7.82,True,True,0.0,True,0.38107416879795397,True,True,0.008,True
data/redteam/factory/edgetts/mandarin/edgetts_mandarin_zh-CN-YunxiNeural_SC-000364.wav,spoof,RT-EDGETTS-MANDARIN,clean,redteam_factory/Edge-TTS,微软服务条款，仅研究评测用途,edgetts,mandarin,SC-000364,zh-CN-YunxiNeural,10.85,True,True,0.0,True,0.470479704797048,True,True,0.045,True
data/redteam/factory/edgetts/mandarin/edgetts_mandarin_zh-CN-YunxiNeural_SC-000382.wav,spoof,RT-EDGETTS-MANDARIN,clean,redteam_factory/Edge-TTS,微软服务条款，仅研究评测用途,edgetts,mandarin,SC-000382,zh-CN-YunxiNeural,12.72,True,True,0.0,True,0.4088050314465409,True,True,0.0,True
data/redteam/factory/edgetts/mandarin/edgetts_mandarin_zh-CN-YunxiNeural_SC-000403.wav,spoof,RT-EDGETTS-MANDARIN,clean,redteam_factory/Edge-TTS,微软服务条款，仅研究评测用途,edgetts,mandarin,SC-000403,zh-CN-YunxiNeural,16.94,True,True,0.0,True,0.4132231404958678,True,True,0.005,True
data/redteam/factory/edgetts/mandarin/edgetts_mandarin_zh-CN-YunxiNeural_SC-000461.wav,spoof,RT-EDGETTS-MANDARIN,clean,redteam_factory/Edge-TTS,微软服务条款，仅研究评测用途,edgetts,mandarin,SC-000461,zh-CN-YunxiNeural,12.58,True,True,0.0,True,0.4538216560509554,True,True,0.009,True
data/redteam/factory/edgetts/mandarin/edgetts_mandarin_zh-CN-YunxiNeural_SC-000476.wav,spoof,RT-EDGETTS-MANDARIN,clean,redteam_factory/Edge-TTS,微软服务条款，仅研究评测用途,edgetts,mandarin,SC-000476,zh-CN-YunxiNeural,15.91,True,True,0.0,True,0.4,True,True,0.001,True
data/redteam/factory/edgetts/mandarin/edgetts_mandarin_zh-CN-YunxiNeural_SC-000496.wav,spoof,RT-EDGETTS-MANDARIN,clean,redteam_factory/Edge-TTS,微软服务条款，仅研究评测用途,edgetts,mandarin,SC-000496,zh-CN-YunxiNeural,15.96,True,True,0.0,True,0.45112781954887216,True,True,0.02,True
data/redteam/factory/edgetts/mandarin/edgetts_mandarin_zh-CN-YunxiNeural_SC-000514.wav,spoof,RT-EDGETTS-MANDARIN,clean,redteam_factory/Edge-TTS,微软服务条款，仅研究评测用途,edgetts,mandarin,SC-000514,zh-CN-YunxiNeural,14.09,True,True,0.0,True,0.4588068181818182,True,True,0.011,True
data/redteam/factory/edgetts/mandarin/edgetts_mandarin_zh-CN-XiaoxiaoNeural_SC-000136.wav,spoof,RT-EDGETTS-MANDARIN,clean,redteam_factory/Edge-TTS,微软服务条款，仅研究评测用途,edgetts,mandarin,SC-000136,zh-CN-XiaoxiaoNeural,9.77,True,True,0.0,True,0.2581967213114754,True,True,0.157,True
data/redteam/factory/edgetts/mandarin/edgetts_mandarin_zh-CN-XiaoxiaoNeural_SC-000176.wav,spoof,RT-EDGETTS-MANDARIN,clean,redteam_factory/Edge-TTS,微软服务条款，仅研究评测用途,edgetts,mandarin,SC-000176,zh-CN-XiaoxiaoNeural,9.74,True,True,0.0,True,0.3675564681724846,True,True,0.185,True
data/redteam/factory/edgetts/mandarin/edgetts_mandarin_zh-CN-XiaoxiaoNeural_SC-000193.wav,spoof,RT-EDGETTS-MANDARIN,clean,redteam_factory/Edge-TTS,微软服务条款，仅研究评测用途,edgetts,mandarin,SC-000193,zh-CN-XiaoxiaoNeural,10.54,True,True,0.0,True,0.33079847908745247,True,True,0.02,True
data/redteam/factory/edgetts/mandarin/edgetts_mandarin_zh-CN-XiaoxiaoNeural_SC-000216.wav,spoof,RT-EDGETTS-MANDARIN,clean,redteam_factory/Edge-TTS,微软服务条款，仅研究评测用途,edgetts,mandarin,SC-000216,zh-CN-XiaoxiaoNeural,8.86,True,True,0.0,True,0.27601809954751133,True,True,0.145,True
data/redteam/factory/edgetts/mandarin/edgetts_mandarin_zh-CN-XiaoxiaoNeural_SC-000262.wav,spoof,RT-EDGETTS-MANDARIN,clean,redteam_factory/Edge-TTS,微软服务条款，仅研究评测用途,edgetts,mandarin,SC-000262,zh-CN-XiaoxiaoNeural,11.93,True,True,0.0,True,0.2600671140939597,True,True,0.056,True
data/redteam/factory/edgetts/mandarin/edgetts_mandarin_zh-CN-XiaoxiaoNeural_SC-000283.wav,spoof,RT-EDGETTS-MANDARIN,clean,redteam_factory/Edge-TTS,微软服务条款，仅研究评测用途,edgetts,mandarin,SC-000283,zh-CN-XiaoxiaoNeural,12.05,True,True,0.0,True,0.3521594684385382,True,True,0.029,True
data/redteam/factory/edgetts/mandarin/edgetts_mandarin_zh-CN-XiaoxiaoNeural_SC-000308.wav,spoof,RT-EDGETTS-MANDARIN,clean,redteam_factory/Edge-TTS,微软服务条款，仅研究评测用途,edgetts,mandarin,SC-000308,zh-CN-XiaoxiaoNeural,18.96,True,True,0.0,True,0.23417721518987342,True,True,0.079,True
data/redteam/factory/edgetts/mandarin/edgetts_mandarin_zh-CN-XiaoxiaoNeural_SC-000325.wav,spoof,RT-EDGETTS-MANDARIN,clean,redteam_factory/Edge-TTS,微软服务条款，仅研究评测用途,edgetts,mandarin,SC-000325,zh-CN-XiaoxiaoNeural,8.23,True,True,0.0,True,0.26277372262773724,True,True,0.107,True
data/redteam/factory/edgetts/mandarin/edgetts_mandarin_zh-CN-XiaoxiaoNeural_SC-000364.wav,spoof,RT-EDGETTS-MANDARIN,clean,redteam_factory/Edge-TTS,微软服务条款，仅研究评测用途,edgetts,mandarin,SC-000364,zh-CN-XiaoxiaoNeural,10.8,True,True,0.0,True,0.3314814814814815,True,True,0.078,True
data/redteam/factory/edgetts/mandarin/edgetts_mandarin_zh-CN-XiaoxiaoNeural_SC-000382.wav,spoof,RT-EDGETTS-MANDARIN,clean,redteam_factory/Edge-TTS,微软服务条款，仅研究评测用途,edgetts,mandarin,SC-000382,zh-CN-XiaoxiaoNeural,12.7,True,True,0.0,True,0.24290220820189273,True,True,0.029,True
data/redteam/factory/edgetts/mandarin/edgetts_mandarin_zh-CN-XiaoxiaoNeural_SC-000403.wav,spoof,RT-EDGETTS-MANDARIN,clean,redteam_factory/Edge-TTS,微软服务条款，仅研究评测用途,edgetts,mandarin,SC-000403,zh-CN-XiaoxiaoNeural,18.02,True,True,0.0,True,0.2641509433962264,True,True,0.04,True
data/redteam/factory/edgetts/mandarin/edgetts_mandarin_zh-CN-XiaoxiaoNeural_SC-000476.wav,spoof,RT-EDGETTS-MANDARIN,clean,redteam_factory/Edge-TTS,微软服务条款，仅研究评测用途,edgetts,mandarin,SC-000476,zh-CN-XiaoxiaoNeural,17.14,True,True,0.0,True,0.2733644859813084,True,True,0.024,True
data/redteam/factory/edgetts/mandarin/edgetts_mandarin_zh-CN-XiaoxiaoNeural_SC-000496.wav,spoof,RT-EDGETTS-MANDARIN,clean,redteam_factory/Edge-TTS,微软服务条款，仅研究评测用途,edgetts,mandarin,SC-000496,zh-CN-XiaoxiaoNeural,16.37,True,True,0.0,True,0.3276283618581907,True,True,0.033,True
data/redteam/factory/edgetts/mandarin/edgetts_mandarin_zh-CN-XiaoxiaoNeural_SC-000514.wav,spoof,RT-EDGETTS-MANDARIN,clean,redteam_factory/Edge-TTS,微软服务条款，仅研究评测用途,edgetts,mandarin,SC-000514,zh-CN-XiaoxiaoNeural,13.85,True,True,0.0,True,0.2976878612716763,True,True,0.036,True
data/redteam/factory/edgetts/mandarin/edgetts_mandarin_zh-CN-YunjianNeural_SC-000136.wav,spoof,RT-EDGETTS-MANDARIN,clean,redteam_factory/Edge-TTS,微软服务条款，仅研究评测用途,edgetts,mandarin,SC-000136,zh-CN-YunjianNeural,10.01,True,True,0.0,True,0.308,True,True,0.122,True
data/redteam/factory/edgetts/mandarin/edgetts_mandarin_zh-CN-YunjianNeural_SC-000163.wav,spoof,RT-EDGETTS-MANDARIN,clean,redteam_factory/Edge-TTS,微软服务条款，仅研究评测用途,edgetts,mandarin,SC-000163,zh-CN-YunjianNeural,10.34,True,True,0.0,True,0.36750483558994196,True,True,0.135,True
data/redteam/factory/edgetts/mandarin/edgetts_mandarin_zh-CN-YunjianNeural_SC-000176.wav,spoof,RT-EDGETTS-MANDARIN,clean,redteam_factory/Edge-TTS,微软服务条款，仅研究评测用途,edgetts,mandarin,SC-000176,zh-CN-YunjianNeural,10.49,True,True,0.0,True,0.3988549618320611,True,True,0.002,True
data/redteam/factory/edgetts/mandarin/edgetts_mandarin_zh-CN-YunjianNeural_SC-000193.wav,spoof,RT-EDGETTS-MANDARIN,clean,redteam_factory/Edge-TTS,微软服务条款，仅研究评测用途,edgetts,mandarin,SC-000193,zh-CN-YunjianNeural,11.04,True,True,0.0,True,0.358695652173913,True,True,0.046,True
data/redteam/factory/edgetts/mandarin/edgetts_mandarin_zh-CN-YunjianNeural_SC-000216.wav,spoof,RT-EDGETTS-MANDARIN,clean,redteam_factory/Edge-TTS,微软服务条款，仅研究评测用途,edgetts,mandarin,SC-000216,zh-CN-YunjianNeural,9.19,True,True,0.0,True,0.3420479302832244,True,True,0.051,True
data/redteam/factory/edgetts/mandarin/edgetts_mandarin_zh-CN-YunjianNeural_SC-000262.wav,spoof,RT-EDGETTS-MANDARIN,clean,redteam_factory/Edge-TTS,微软服务条款，仅研究评测用途,edgetts,mandarin,SC-000262,zh-CN-YunjianNeural,11.5,True,True,0.0,True,0.29442508710801396,True,True,0.009,True
data/redteam/factory/edgetts/mandarin/edgetts_mandarin_zh-CN-YunjianNeural_SC-000283.wav,spoof,RT-EDGETTS-MANDARIN,clean,redteam_factory/Edge-TTS,微软服务条款，仅研究评测用途,edgetts,mandarin,SC-000283,zh-CN-YunjianNeural,12.29,True,True,0.0,True,0.38599348534201955,True,True,0.007,True
data/redteam/factory/edgetts/mandarin/edgetts_mandarin_zh-CN-YunjianNeural_SC-000308.wav,spoof,RT-EDGETTS-MANDARIN,clean,redteam_factory/Edge-TTS,微软服务条款，仅研究评测用途,edgetts,mandarin,SC-000308,zh-CN-YunjianNeural,18.26,True,True,0.0,True,0.25848849945235486,True,True,0.034,True
data/redteam/factory/edgetts/mandarin/edgetts_mandarin_zh-CN-YunjianNeural_SC-000325.wav,spoof,RT-EDGETTS-MANDARIN,clean,redteam_factory/Edge-TTS,微软服务条款，仅研究评测用途,edgetts,mandarin,SC-000325,zh-CN-YunjianNeural,8.26,True,True,0.0,True,0.28883495145631066,True,True,0.007,True
data/redteam/factory/edgetts/mandarin/edgetts_mandarin_zh-CN-YunjianNeural_SC-000364.wav,spoof,RT-EDGETTS-MANDARIN,clean,redteam_factory/Edge-TTS,微软服务条款，仅研究评测用途,edgetts,mandarin,SC-000364,zh-CN-YunjianNeural,10.85,True,True,0.0,True,0.36900369003690037,True,True,0.008,True
data/redteam/factory/edgetts/mandarin/edgetts_mandarin_zh-CN-YunjianNeural_SC-000382.wav,spoof,RT-EDGETTS-MANDARIN,clean,redteam_factory/Edge-TTS,微软服务条款，仅研究评测用途,edgetts,mandarin,SC-000382,zh-CN-YunjianNeural,12.29,True,True,0.0,True,0.2947882736156352,True,True,0.008,True
data/redteam/factory/edgetts/mandarin/edgetts_mandarin_zh-CN-YunjianNeural_SC-000403.wav,spoof,RT-EDGETTS-MANDARIN,clean,redteam_factory/Edge-TTS,微软服务条款，仅研究评测用途,edgetts,mandarin,SC-000403,zh-CN-YunjianNeural,17.64,True,True,0.0,True,0.31179138321995464,True,True,0.014,True
data/redteam/factory/edgetts/mandarin/edgetts_mandarin_zh-CN-YunjianNeural_SC-000461.wav,spoof,RT-EDGETTS-MANDARIN,clean,redteam_factory/Edge-TTS,微软服务条款，仅研究评测用途,edgetts,mandarin,SC-000461,zh-CN-YunjianNeural,12.74,True,True,0.0,True,0.30612244897959184,True,True,0.007,True
data/redteam/factory/edgetts/mandarin/edgetts_mandarin_zh-CN-YunjianNeural_SC-000476.wav,spoof,RT-EDGETTS-MANDARIN,clean,redteam_factory/Edge-TTS,微软服务条款，仅研究评测用途,edgetts,mandarin,SC-000476,zh-CN-YunjianNeural,16.39,True,True,0.0,True,0.3125763125763126,True,True,0.029,True
data/redteam/factory/edgetts/mandarin/edgetts_mandarin_zh-CN-YunjianNeural_SC-000496.wav,spoof,RT-EDGETTS-MANDARIN,clean,redteam_factory/Edge-TTS,微软服务条款，仅研究评测用途,edgetts,mandarin,SC-000496,zh-CN-YunjianNeural,15.65,True,True,0.0,True,0.3695652173913043,True,True,0.019,True
data/redteam/factory/edgetts/mandarin/edgetts_mandarin_zh-CN-YunjianNeural_SC-000514.wav,spoof,RT-EDGETTS-MANDARIN,clean,redteam_factory/Edge-TTS,微软服务条款，仅研究评测用途,edgetts,mandarin,SC-000514,zh-CN-YunjianNeural,14.02,True,True,0.0,True,0.31285714285714283,True,True,0.047,True
data/redteam/factory/edgetts/mandarin/edgetts_mandarin_zh-CN-YunyangNeural_SC-000136.wav,spoof,RT-EDGETTS-MANDARIN,clean,redteam_factory/Edge-TTS,微软服务条款，仅研究评测用途,edgetts,mandarin,SC-000136,zh-CN-YunyangNeural,8.78,True,True,0.0,True,0.2938496583143508,True,True,0.096,True
data/redteam/factory/edgetts/mandarin/edgetts_mandarin_zh-CN-YunyangNeural_SC-000163.wav,spoof,RT-EDGETTS-MANDARIN,clean,redteam_factory/Edge-TTS,微软服务条款，仅研究评测用途,edgetts,mandarin,SC-000163,zh-CN-YunyangNeural,9.26,True,True,0.0,True,0.38660907127429806,True,True,0.069,True
data/redteam/factory/edgetts/mandarin/edgetts_mandarin_zh-CN-YunyangNeural_SC-000176.wav,spoof,RT-EDGETTS-MANDARIN,clean,redteam_factory/Edge-TTS,微软服务条款，仅研究评测用途,edgetts,mandarin,SC-000176,zh-CN-YunyangNeural,9.55,True,True,0.0,True,0.4129979035639413,True,True,0.003,True
data/redteam/factory/edgetts/mandarin/edgetts_mandarin_zh-CN-YunyangNeural_SC-000193.wav,spoof,RT-EDGETTS-MANDARIN,clean,redteam_factory/Edge-TTS,微软服务条款，仅研究评测用途,edgetts,mandarin,SC-000193,zh-CN-YunyangNeural,9.79,True,True,0.0,True,0.3967280163599182,True,True,0.025,True
data/redteam/factory/edgetts/mandarin/edgetts_mandarin_zh-CN-YunyangNeural_SC-000216.wav,spoof,RT-EDGETTS-MANDARIN,clean,redteam_factory/Edge-TTS,微软服务条款，仅研究评测用途,edgetts,mandarin,SC-000216,zh-CN-YunyangNeural,8.42,True,True,0.0,True,0.39429928741092635,True,True,0.032,True
data/redteam/factory/edgetts/mandarin/edgetts_mandarin_zh-CN-YunyangNeural_SC-000235.wav,spoof,RT-EDGETTS-MANDARIN,clean,redteam_factory/Edge-TTS,微软服务条款，仅研究评测用途,edgetts,mandarin,SC-000235,zh-CN-YunyangNeural,18.34,True,True,0.0,True,0.3318777292576419,True,True,0.015,True
data/redteam/factory/edgetts/mandarin/edgetts_mandarin_zh-CN-YunyangNeural_SC-000262.wav,spoof,RT-EDGETTS-MANDARIN,clean,redteam_factory/Edge-TTS,微软服务条款，仅研究评测用途,edgetts,mandarin,SC-000262,zh-CN-YunyangNeural,10.99,True,True,0.0,True,0.3333333333333333,True,True,0.002,True
data/redteam/factory/edgetts/mandarin/edgetts_mandarin_zh-CN-YunyangNeural_SC-000283.wav,spoof,RT-EDGETTS-MANDARIN,clean,redteam_factory/Edge-TTS,微软服务条款，仅研究评测用途,edgetts,mandarin,SC-000283,zh-CN-YunyangNeural,11.33,True,True,0.0,True,0.40636042402826855,True,True,0.056,True
data/redteam/factory/edgetts/mandarin/edgetts_mandarin_zh-CN-YunyangNeural_SC-000308.wav,spoof,RT-EDGETTS-MANDARIN,clean,redteam_factory/Edge-TTS,微软服务条款，仅研究评测用途,edgetts,mandarin,SC-000308,zh-CN-YunyangNeural,16.78,True,True,0.0,True,0.29594272076372313,True,True,0.144,True
data/redteam/factory/edgetts/mandarin/edgetts_mandarin_zh-CN-YunyangNeural_SC-000325.wav,spoof,RT-EDGETTS-MANDARIN,clean,redteam_factory/Edge-TTS,微软服务条款，仅研究评测用途,edgetts,mandarin,SC-000325,zh-CN-YunyangNeural,7.56,True,True,0.0,True,0.30687830687830686,True,True,0.011,True
data/redteam/factory/edgetts/mandarin/edgetts_mandarin_zh-CN-YunyangNeural_SC-000364.wav,spoof,RT-EDGETTS-MANDARIN,clean,redteam_factory/Edge-TTS,微软服务条款，仅研究评测用途,edgetts,mandarin,SC-000364,zh-CN-YunyangNeural,10.15,True,True,0.0,True,0.39250493096646943,True,True,0.003,True
data/redteam/factory/edgetts/mandarin/edgetts_mandarin_zh-CN-YunyangNeural_SC-000382.wav,spoof,RT-EDGETTS-MANDARIN,clean,redteam_factory/Edge-TTS,微软服务条款，仅研究评测用途,edgetts,mandarin,SC-000382,zh-CN-YunyangNeural,11.02,True,True,0.0,True,0.3,True,True,0.064,True
data/redteam/factory/edgetts/mandarin/edgetts_mandarin_zh-CN-YunyangNeural_SC-000403.wav,spoof,RT-EDGETTS-MANDARIN,clean,redteam_factory/Edge-TTS,微软服务条款，仅研究评测用途,edgetts,mandarin,SC-000403,zh-CN-YunyangNeural,15.79,True,True,0.0,True,0.34220532319391633,True,True,0.02,True
data/redteam/factory/edgetts/mandarin/edgetts_mandarin_zh-CN-YunyangNeural_SC-000461.wav,spoof,RT-EDGETTS-MANDARIN,clean,redteam_factory/Edge-TTS,微软服务条款，仅研究评测用途,edgetts,mandarin,SC-000461,zh-CN-YunyangNeural,11.28,True,True,0.0,True,0.3421985815602837,True,True,0.011,True
data/redteam/factory/edgetts/mandarin/edgetts_mandarin_zh-CN-YunyangNeural_SC-000476.wav,spoof,RT-EDGETTS-MANDARIN,clean,redteam_factory/Edge-TTS,微软服务条款，仅研究评测用途,edgetts,mandarin,SC-000476,zh-CN-YunyangNeural,14.95,True,True,0.0,True,0.3279785809906292,True,True,0.045,True
data/redteam/factory/edgetts/mandarin/edgetts_mandarin_zh-CN-YunyangNeural_SC-000496.wav,spoof,RT-EDGETTS-MANDARIN,clean,redteam_factory/Edge-TTS,微软服务条款，仅研究评测用途,edgetts,mandarin,SC-000496,zh-CN-YunyangNeural,14.74,True,True,0.0,True,0.3858695652173913,True,True,0.03,True
data/redteam/factory/edgetts/mandarin/edgetts_mandarin_zh-CN-YunyangNeural_SC-000514.wav,spoof,RT-EDGETTS-MANDARIN,clean,redteam_factory/Edge-TTS,微软服务条款，仅研究评测用途,edgetts,mandarin,SC-000514,zh-CN-YunyangNeural,12.41,True,True,0.0,True,0.32903225806451614,True,True,0.026,True
data/redteam/factory/edgetts/minnan/edgetts_minnan_zh-TW-HsiaoChenNeural_SC-000546.wav,spoof,RT-EDGETTS-MINNAN,clean,redteam_factory/Edge-TTS,微软服务条款，仅研究评测用途,edgetts,minnan,SC-000546,zh-TW-HsiaoChenNeural,14.47,True,True,0.0,True,0.30982019363762103,True,True,0.076,True
data/redteam/factory/edgetts/minnan/edgetts_minnan_zh-TW-HsiaoChenNeural_SC-000614.wav,spoof,RT-EDGETTS-MINNAN,clean,redteam_factory/Edge-TTS,微软服务条款，仅研究评测用途,edgetts,minnan,SC-000614,zh-TW-HsiaoChenNeural,7.78,True,True,0.0,True,0.32989690721649484,True,True,0.198,True
data/redteam/factory/edgetts/minnan/edgetts_minnan_zh-TW-HsiaoChenNeural_SC-000723.wav,spoof,RT-EDGETTS-MINNAN,clean,redteam_factory/Edge-TTS,微软服务条款，仅研究评测用途,edgetts,minnan,SC-000723,zh-TW-HsiaoChenNeural,18.94,True,True,0.0,True,0.42177589852008457,True,True,0.004,True
data/redteam/factory/edgetts/minnan/edgetts_minnan_zh-TW-HsiaoChenNeural_SC-000845.wav,spoof,RT-EDGETTS-MINNAN,clean,redteam_factory/Edge-TTS,微软服务条款，仅研究评测用途,edgetts,minnan,SC-000845,zh-TW-HsiaoChenNeural,15.82,True,True,0.0,True,0.4518987341772152,True,True,0.091,True
data/redteam/factory/edgetts/minnan/edgetts_minnan_zh-TW-HsiaoChenNeural_SC-000958.wav,spoof,RT-EDGETTS-MINNAN,clean,redteam_factory/Edge-TTS,微软服务条款，仅研究评测用途,edgetts,minnan,SC-000958,zh-TW-HsiaoChenNeural,8.5,True,True,0.0,True,0.27358490566037735,True,True,0.018,True
data/redteam/factory/edgetts/minnan/edgetts_minnan_zh-TW-HsiaoChenNeural_SC-001010.wav,spoof,RT-EDGETTS-MINNAN,clean,redteam_factory/Edge-TTS,微软服务条款，仅研究评测用途,edgetts,minnan,SC-001010,zh-TW-HsiaoChenNeural,16.08,True,True,0.0,True,0.208955223880597,True,True,0.01,True
data/redteam/factory/edgetts/minnan/edgetts_minnan_zh-TW-HsiaoChenNeural_SC-001074.wav,spoof,RT-EDGETTS-MINNAN,clean,redteam_factory/Edge-TTS,微软服务条款，仅研究评测用途,edgetts,minnan,SC-001074,zh-TW-HsiaoChenNeural,18.12,True,True,0.0,True,0.27704194260485654,True,True,0.01,True
data/redteam/factory/edgetts/minnan/edgetts_minnan_zh-TW-HsiaoChenNeural_SC-001187.wav,spoof,RT-EDGETTS-MINNAN,clean,redteam_factory/Edge-TTS,微软服务条款，仅研究评测用途,edgetts,minnan,SC-001187,zh-TW-HsiaoChenNeural,10.44,True,True,0.0,True,0.29118773946360155,True,True,0.194,True
data/redteam/factory/edgetts/minnan/edgetts_minnan_zh-TW-HsiaoChenNeural_SC-001279.wav,spoof,RT-EDGETTS-MINNAN,clean,redteam_factory/Edge-TTS,微软服务条款，仅研究评测用途,edgetts,minnan,SC-001279,zh-TW-HsiaoChenNeural,11.69,True,True,0.0,True,0.4143835616438356,True,True,0.004,True
data/redteam/factory/edgetts/minnan/edgetts_minnan_zh-TW-HsiaoChenNeural_SC-001373.wav,spoof,RT-EDGETTS-MINNAN,clean,redteam_factory/Edge-TTS,微软服务条款，仅研究评测用途,edgetts,minnan,SC-001373,zh-TW-HsiaoChenNeural,7.97,True,True,0.0,True,0.3869346733668342,True,True,0.092,True
data/redteam/factory/edgetts/minnan/edgetts_minnan_zh-TW-HsiaoChenNeural_SC-001634.wav,spoof,RT-EDGETTS-MINNAN,clean,redteam_factory/Edge-TTS,微软服务条款，仅研究评测用途,edgetts,minnan,SC-001634,zh-TW-HsiaoChenNeural,14.38,True,True,0.0,True,0.20055710306406685,True,True,0.068,True
data/redteam/factory/edgetts/minnan/edgetts_minnan_zh-TW-HsiaoChenNeural_SC-001712.wav,spoof,RT-EDGETTS-MINNAN,clean,redteam_factory/Edge-TTS,微软服务条款，仅研究评测用途,edgetts,minnan,SC-001712,zh-TW-HsiaoChenNeural,14.47,True,True,0.0,True,0.38589211618257263,True,True,0.024,True
data/redteam/factory/edgetts/minnan/edgetts_minnan_zh-TW-YunJheNeural_SC-000546.wav,spoof,RT-EDGETTS-MINNAN,clean,redteam_factory/Edge-TTS,微软服务条款，仅研究评测用途,edgetts,minnan,SC-000546,zh-TW-YunJheNeural,13.03,True,True,0.0,True,0.3932411674347158,True,True,0.022,True
data/redteam/factory/edgetts/minnan/edgetts_minnan_zh-TW-YunJheNeural_SC-000614.wav,spoof,RT-EDGETTS-MINNAN,clean,redteam_factory/Edge-TTS,微软服务条款，仅研究评测用途,edgetts,minnan,SC-000614,zh-TW-YunJheNeural,7.22,True,True,0.0,True,0.3850415512465374,True,True,0.03,True
data/redteam/factory/edgetts/minnan/edgetts_minnan_zh-TW-YunJheNeural_SC-000723.wav,spoof,RT-EDGETTS-MINNAN,clean,redteam_factory/Edge-TTS,微软服务条款，仅研究评测用途,edgetts,minnan,SC-000723,zh-TW-YunJheNeural,19.03,True,True,0.0,True,0.5068349106203995,True,True,0.015,True
data/redteam/factory/edgetts/minnan/edgetts_minnan_zh-TW-YunJheNeural_SC-000797.wav,spoof,RT-EDGETTS-MINNAN,clean,redteam_factory/Edge-TTS,微软服务条款，仅研究评测用途,edgetts,minnan,SC-000797,zh-TW-YunJheNeural,8.9,True,True,0.0,True,0.4606741573033708,True,True,0.017,True
data/redteam/factory/edgetts/minnan/edgetts_minnan_zh-TW-YunJheNeural_SC-000845.wav,spoof,RT-EDGETTS-MINNAN,clean,redteam_factory/Edge-TTS,微软服务条款，仅研究评测用途,edgetts,minnan,SC-000845,zh-TW-YunJheNeural,16.1,True,True,0.0,True,0.5354037267080746,True,True,0.093,True
data/redteam/factory/edgetts/minnan/edgetts_minnan_zh-TW-YunJheNeural_SC-000883.wav,spoof,RT-EDGETTS-MINNAN,clean,redteam_factory/Edge-TTS,微软服务条款，仅研究评测用途,edgetts,minnan,SC-000883,zh-TW-YunJheNeural,19.51,True,True,0.0,True,0.3333333333333333,True,True,0.008,True
data/redteam/factory/edgetts/minnan/edgetts_minnan_zh-TW-YunJheNeural_SC-000958.wav,spoof,RT-EDGETTS-MINNAN,clean,redteam_factory/Edge-TTS,微软服务条款，仅研究评测用途,edgetts,minnan,SC-000958,zh-TW-YunJheNeural,7.44,True,True,0.0,True,0.3279569892473118,True,True,0.026,True
data/redteam/factory/edgetts/minnan/edgetts_minnan_zh-TW-YunJheNeural_SC-001010.wav,spoof,RT-EDGETTS-MINNAN,clean,redteam_factory/Edge-TTS,微软服务条款，仅研究评测用途,edgetts,minnan,SC-001010,zh-TW-YunJheNeural,13.82,True,True,0.0,True,0.2735166425470333,True,True,0.02,True
data/redteam/factory/edgetts/minnan/edgetts_minnan_zh-TW-YunJheNeural_SC-001074.wav,spoof,RT-EDGETTS-MINNAN,clean,redteam_factory/Edge-TTS,微软服务条款，仅研究评测用途,edgetts,minnan,SC-001074,zh-TW-YunJheNeural,16.63,True,True,0.0,True,0.35138387484957884,True,True,0.008,True
data/redteam/factory/edgetts/minnan/edgetts_minnan_zh-TW-YunJheNeural_SC-001110.wav,spoof,RT-EDGETTS-MINNAN,clean,redteam_factory/Edge-TTS,微软服务条款，仅研究评测用途,edgetts,minnan,SC-001110,zh-TW-YunJheNeural,18.91,True,True,0.0,True,0.32275132275132273,True,True,0.013,True
data/redteam/factory/edgetts/minnan/edgetts_minnan_zh-TW-YunJheNeural_SC-001187.wav,spoof,RT-EDGETTS-MINNAN,clean,redteam_factory/Edge-TTS,微软服务条款，仅研究评测用途,edgetts,minnan,SC-001187,zh-TW-YunJheNeural,9.6,True,True,0.0,True,0.39166666666666666,True,True,0.035,True
data/redteam/factory/edgetts/minnan/edgetts_minnan_zh-TW-YunJheNeural_SC-001237.wav,spoof,RT-EDGETTS-MINNAN,clean,redteam_factory/Edge-TTS,微软服务条款，仅研究评测用途,edgetts,minnan,SC-001237,zh-TW-YunJheNeural,14.16,True,True,0.0,True,0.4265536723163842,True,True,0.004,True
data/redteam/factory/edgetts/minnan/edgetts_minnan_zh-TW-YunJheNeural_SC-001279.wav,spoof,RT-EDGETTS-MINNAN,clean,redteam_factory/Edge-TTS,微软服务条款，仅研究评测用途,edgetts,minnan,SC-001279,zh-TW-YunJheNeural,11.3,True,True,0.0,True,0.5132743362831859,True,True,0.001,True
data/redteam/factory/edgetts/minnan/edgetts_minnan_zh-TW-YunJheNeural_SC-001373.wav,spoof,RT-EDGETTS-MINNAN,clean,redteam_factory/Edge-TTS,微软服务条款，仅研究评测用途,edgetts,minnan,SC-001373,zh-TW-YunJheNeural,7.68,True,True,0.0,True,0.4609375,True,True,0.005,True
data/redteam/factory/edgetts/minnan/edgetts_minnan_zh-TW-YunJheNeural_SC-001441.wav,spoof,RT-EDGETTS-MINNAN,clean,redteam_factory/Edge-TTS,微软服务条款，仅研究评测用途,edgetts,minnan,SC-001441,zh-TW-YunJheNeural,18.94,True,True,0.0,True,0.3012684989429176,True,True,0.019,True
data/redteam/factory/edgetts/minnan/edgetts_minnan_zh-TW-YunJheNeural_SC-001634.wav,spoof,RT-EDGETTS-MINNAN,clean,redteam_factory/Edge-TTS,微软服务条款，仅研究评测用途,edgetts,minnan,SC-001634,zh-TW-YunJheNeural,12.02,True,True,0.0,True,0.2579034941763727,True,True,0.011,True
data/redteam/factory/edgetts/minnan/edgetts_minnan_zh-TW-YunJheNeural_SC-001712.wav,spoof,RT-EDGETTS-MINNAN,clean,redteam_factory/Edge-TTS,微软服务条款，仅研究评测用途,edgetts,minnan,SC-001712,zh-TW-YunJheNeural,14.4,True,True,0.0,True,0.4722222222222222,True,True,0.017,True
data/redteam/factory/edgetts/sichuan/edgetts_sichuan_zh-CN-YunxiNeural_SC-000348.wav,spoof,RT-EDGETTS-SICHUAN,clean,redteam_factory/Edge-TTS,微软服务条款，仅研究评测用途,edgetts,sichuan,SC-000348,zh-CN-YunxiNeural,13.92,True,True,0.0,True,0.41235632183908044,True,True,0.007,True
data/redteam/factory/edgetts/sichuan/edgetts_sichuan_zh-CN-YunxiNeural_SC-000481.wav,spoof,RT-EDGETTS-SICHUAN,clean,redteam_factory/Edge-TTS,微软服务条款，仅研究评测用途,edgetts,sichuan,SC-000481,zh-CN-YunxiNeural,14.11,True,True,0.0,True,0.451063829787234,True,True,0.009,True
data/redteam/factory/edgetts/sichuan/edgetts_sichuan_zh-CN-YunxiNeural_SC-000559.wav,spoof,RT-EDGETTS-SICHUAN,clean,redteam_factory/Edge-TTS,微软服务条款，仅研究评测用途,edgetts,sichuan,SC-000559,zh-CN-YunxiNeural,15.96,True,True,0.0,True,0.4273182957393484,True,True,0.031,True
data/redteam/factory/edgetts/sichuan/edgetts_sichuan_zh-CN-YunxiNeural_SC-000632.wav,spoof,RT-EDGETTS-SICHUAN,clean,redteam_factory/Edge-TTS,微软服务条款，仅研究评测用途,edgetts,sichuan,SC-000632,zh-CN-YunxiNeural,15.05,True,True,0.0,True,0.44680851063829785,True,True,0.027,True
data/redteam/factory/edgetts/sichuan/edgetts_sichuan_zh-CN-YunxiNeural_SC-000687.wav,spoof,RT-EDGETTS-SICHUAN,clean,redteam_factory/Edge-TTS,微软服务条款，仅研究评测用途,edgetts,sichuan,SC-000687,zh-CN-YunxiNeural,18.74,True,True,0.0,True,0.384204909284952,True,True,0.004,True
data/redteam/factory/edgetts/sichuan/edgetts_sichuan_zh-CN-YunxiNeural_SC-000757.wav,spoof,RT-EDGETTS-SICHUAN,clean,redteam_factory/Edge-TTS,微软服务条款，仅研究评测用途,edgetts,sichuan,SC-000757,zh-CN-YunxiNeural,11.23,True,True,0.0,True,0.44028520499108736,True,True,0.003,True
data/redteam/factory/edgetts/sichuan/edgetts_sichuan_zh-CN-YunxiNeural_SC-000849.wav,spoof,RT-EDGETTS-SICHUAN,clean,redteam_factory/Edge-TTS,微软服务条款，仅研究评测用途,edgetts,sichuan,SC-000849,zh-CN-YunxiNeural,13.32,True,True,0.0,True,0.4744744744744745,True,True,0.004,True
data/redteam/factory/edgetts/sichuan/edgetts_sichuan_zh-CN-YunxiNeural_SC-000927.wav,spoof,RT-EDGETTS-SICHUAN,clean,redteam_factory/Edge-TTS,微软服务条款，仅研究评测用途,edgetts,sichuan,SC-000927,zh-CN-YunxiNeural,8.98,True,True,0.0,True,0.4107142857142857,True,True,0.002,True
data/redteam/factory/edgetts/sichuan/edgetts_sichuan_zh-CN-YunxiNeural_SC-001161.wav,spoof,RT-EDGETTS-SICHUAN,clean,redteam_factory/Edge-TTS,微软服务条款，仅研究评测用途,edgetts,sichuan,SC-001161,zh-CN-YunxiNeural,12.36,True,True,0.0,True,0.4190938511326861,True,True,0.001,True
data/redteam/factory/edgetts/sichuan/edgetts_sichuan_zh-CN-YunxiNeural_SC-001233.wav,spoof,RT-EDGETTS-SICHUAN,clean,redteam_factory/Edge-TTS,微软服务条款，仅研究评测用途,edgetts,sichuan,SC-001233,zh-CN-YunxiNeural,9.05,True,True,0.0,True,0.4778761061946903,True,True,0.007,True
data/redteam/factory/edgetts/sichuan/edgetts_sichuan_zh-CN-YunxiNeural_SC-001323.wav,spoof,RT-EDGETTS-SICHUAN,clean,redteam_factory/Edge-TTS,微软服务条款，仅研究评测用途,edgetts,sichuan,SC-001323,zh-CN-YunxiNeural,8.71,True,True,0.0,True,0.4781609195402299,True,True,0.012,True
data/redteam/factory/edgetts/sichuan/edgetts_sichuan_zh-CN-YunxiNeural_SC-001384.wav,spoof,RT-EDGETTS-SICHUAN,clean,redteam_factory/Edge-TTS,微软服务条款，仅研究评测用途,edgetts,sichuan,SC-001384,zh-CN-YunxiNeural,10.51,True,True,0.0,True,0.43238095238095237,True,True,0.004,True
data/redteam/factory/edgetts/sichuan/edgetts_sichuan_zh-CN-YunxiNeural_SC-001432.wav,spoof,RT-EDGETTS-SICHUAN,clean,redteam_factory/Edge-TTS,微软服务条款，仅研究评测用途,edgetts,sichuan,SC-001432,zh-CN-YunxiNeural,13.44,True,True,0.0,True,0.48214285714285715,True,True,0.045,True
data/redteam/factory/edgetts/sichuan/edgetts_sichuan_zh-CN-YunxiNeural_SC-001491.wav,spoof,RT-EDGETTS-SICHUAN,clean,redteam_factory/Edge-TTS,微软服务条款，仅研究评测用途,edgetts,sichuan,SC-001491,zh-CN-YunxiNeural,10.2,True,True,0.0,True,0.4,True,True,0.066,True
data/redteam/factory/edgetts/sichuan/edgetts_sichuan_zh-CN-YunxiNeural_SC-001558.wav,spoof,RT-EDGETTS-SICHUAN,clean,redteam_factory/Edge-TTS,微软服务条款，仅研究评测用途,edgetts,sichuan,SC-001558,zh-CN-YunxiNeural,12.12,True,True,0.0,True,0.4042904290429043,True,True,0.014,True
data/redteam/factory/edgetts/sichuan/edgetts_sichuan_zh-CN-XiaoxiaoNeural_SC-000348.wav,spoof,RT-EDGETTS-SICHUAN,clean,redteam_factory/Edge-TTS,微软服务条款，仅研究评测用途,edgetts,sichuan,SC-000348,zh-CN-XiaoxiaoNeural,13.68,True,True,0.0,True,0.30409356725146197,True,True,0.249,True
data/redteam/factory/edgetts/sichuan/edgetts_sichuan_zh-CN-XiaoxiaoNeural_SC-000481.wav,spoof,RT-EDGETTS-SICHUAN,clean,redteam_factory/Edge-TTS,微软服务条款，仅研究评测用途,edgetts,sichuan,SC-000481,zh-CN-XiaoxiaoNeural,13.9,True,True,0.0,True,0.34293948126801155,True,True,0.007,True
data/redteam/factory/edgetts/sichuan/edgetts_sichuan_zh-CN-XiaoxiaoNeural_SC-000559.wav,spoof,RT-EDGETTS-SICHUAN,clean,redteam_factory/Edge-TTS,微软服务条款，仅研究评测用途,edgetts,sichuan,SC-000559,zh-CN-XiaoxiaoNeural,16.87,True,True,0.0,True,0.2918149466192171,True,True,0.026,True
data/redteam/factory/edgetts/sichuan/edgetts_sichuan_zh-CN-XiaoxiaoNeural_SC-000632.wav,spoof,RT-EDGETTS-SICHUAN,clean,redteam_factory/Edge-TTS,微软服务条款，仅研究评测用途,edgetts,sichuan,SC-000632,zh-CN-XiaoxiaoNeural,14.71,True,True,0.0,True,0.34965986394557824,True,True,0.004,True
data/redteam/factory/edgetts/sichuan/edgetts_sichuan_zh-CN-XiaoxiaoNeural_SC-000687.wav,spoof,RT-EDGETTS-SICHUAN,clean,redteam_factory/Edge-TTS,微软服务条款，仅研究评测用途,edgetts,sichuan,SC-000687,zh-CN-XiaoxiaoNeural,19.1,True,True,0.0,True,0.24397905759162303,True,True,0.022,True
data/redteam/factory/edgetts/sichuan/edgetts_sichuan_zh-CN-XiaoxiaoNeural_SC-000757.wav,spoof,RT-EDGETTS-SICHUAN,clean,redteam_factory/Edge-TTS,微软服务条款，仅研究评测用途,edgetts,sichuan,SC-000757,zh-CN-XiaoxiaoNeural,11.95,True,True,0.0,True,0.30318257956448913,True,True,0.284,True
data/redteam/factory/edgetts/sichuan/edgetts_sichuan_zh-CN-XiaoxiaoNeural_SC-000849.wav,spoof,RT-EDGETTS-SICHUAN,clean,redteam_factory/Edge-TTS,微软服务条款，仅研究评测用途,edgetts,sichuan,SC-000849,zh-CN-XiaoxiaoNeural,13.03,True,True,0.0,True,0.3456221198156682,True,True,0.2,True
data/redteam/factory/edgetts/sichuan/edgetts_sichuan_zh-CN-XiaoxiaoNeural_SC-000927.wav,spoof,RT-EDGETTS-SICHUAN,clean,redteam_factory/Edge-TTS,微软服务条款，仅研究评测用途,edgetts,sichuan,SC-000927,zh-CN-XiaoxiaoNeural,9.05,True,True,0.0,True,0.2411504424778761,True,True,0.213,True
data/redteam/factory/edgetts/sichuan/edgetts_sichuan_zh-CN-XiaoxiaoNeural_SC-001161.wav,spoof,RT-EDGETTS-SICHUAN,clean,redteam_factory/Edge-TTS,微软服务条款，仅研究评测用途,edgetts,sichuan,SC-001161,zh-CN-XiaoxiaoNeural,12.5,True,True,0.0,True,0.3136,True,True,0.082,True
data/redteam/factory/edgetts/sichuan/edgetts_sichuan_zh-CN-XiaoxiaoNeural_SC-001233.wav,spoof,RT-EDGETTS-SICHUAN,clean,redteam_factory/Edge-TTS,微软服务条款，仅研究评测用途,edgetts,sichuan,SC-001233,zh-CN-XiaoxiaoNeural,9.62,True,True,0.0,True,0.3076923076923077,True,True,0.015,True
data/redteam/factory/edgetts/sichuan/edgetts_sichuan_zh-CN-XiaoxiaoNeural_SC-001323.wav,spoof,RT-EDGETTS-SICHUAN,clean,redteam_factory/Edge-TTS,微软服务条款，仅研究评测用途,edgetts,sichuan,SC-001323,zh-CN-XiaoxiaoNeural,8.35,True,True,0.0,True,0.37170263788968827,True,True,0.046,True
data/redteam/factory/edgetts/sichuan/edgetts_sichuan_zh-CN-XiaoxiaoNeural_SC-001384.wav,spoof,RT-EDGETTS-SICHUAN,clean,redteam_factory/Edge-TTS,微软服务条款，仅研究评测用途,edgetts,sichuan,SC-001384,zh-CN-XiaoxiaoNeural,10.56,True,True,0.0,True,0.2689393939393939,True,True,0.082,True
data/redteam/factory/edgetts/sichuan/edgetts_sichuan_zh-CN-XiaoxiaoNeural_SC-001491.wav,spoof,RT-EDGETTS-SICHUAN,clean,redteam_factory/Edge-TTS,微软服务条款，仅研究评测用途,edgetts,sichuan,SC-001491,zh-CN-XiaoxiaoNeural,10.99,True,True,0.0,True,0.2459016393442623,True,True,0.265,True
data/redteam/factory/edgetts/sichuan/edgetts_sichuan_zh-CN-XiaoxiaoNeural_SC-001558.wav,spoof,RT-EDGETTS-SICHUAN,clean,redteam_factory/Edge-TTS,微软服务条款，仅研究评测用途,edgetts,sichuan,SC-001558,zh-CN-XiaoxiaoNeural,11.98,True,True,0.0,True,0.2792642140468227,True,True,0.16,True
data/redteam/factory/edgetts/cantonese/edgetts_cantonese_zh-HK-HiuMaanNeural_SC-000495.wav,spoof,RT-EDGETTS-CANTONESE,clean,redteam_factory/Edge-TTS,微软服务条款，仅研究评测用途,edgetts,cantonese,SC-000495,zh-HK-HiuMaanNeural,18.5,True,True,0.0,True,0.22594594594594594,True,True,0.111,True
data/redteam/factory/edgetts/cantonese/edgetts_cantonese_zh-HK-HiuMaanNeural_SC-000649.wav,spoof,RT-EDGETTS-CANTONESE,clean,redteam_factory/Edge-TTS,微软服务条款，仅研究评测用途,edgetts,cantonese,SC-000649,zh-HK-HiuMaanNeural,13.63,True,True,0.0,True,0.21879588839941264,True,True,0.007,True
data/redteam/factory/edgetts/cantonese/edgetts_cantonese_zh-HK-HiuMaanNeural_SC-000695.wav,spoof,RT-EDGETTS-CANTONESE,clean,redteam_factory/Edge-TTS,微软服务条款，仅研究评测用途,edgetts,cantonese,SC-000695,zh-HK-HiuMaanNeural,14.09,True,True,0.0,True,0.2528409090909091,True,True,0.029,True
data/redteam/factory/edgetts/cantonese/edgetts_cantonese_zh-HK-HiuMaanNeural_SC-000760.wav,spoof,RT-EDGETTS-CANTONESE,clean,redteam_factory/Edge-TTS,微软服务条款，仅研究评测用途,edgetts,cantonese,SC-000760,zh-HK-HiuMaanNeural,19.51,True,True,0.0,True,0.23487179487179488,True,True,0.003,True
data/redteam/factory/edgetts/cantonese/edgetts_cantonese_zh-HK-HiuMaanNeural_SC-000912.wav,spoof,RT-EDGETTS-CANTONESE,clean,redteam_factory/Edge-TTS,微软服务条款，仅研究评测用途,edgetts,cantonese,SC-000912,zh-HK-HiuMaanNeural,18.07,True,True,0.0,True,0.2779623477297896,True,True,0.035,True
data/redteam/factory/edgetts/cantonese/edgetts_cantonese_zh-HK-HiuMaanNeural_SC-000953.wav,spoof,RT-EDGETTS-CANTONESE,clean,redteam_factory/Edge-TTS,微软服务条款，仅研究评测用途,edgetts,cantonese,SC-000953,zh-HK-HiuMaanNeural,14.04,True,True,0.0,True,0.23646723646723647,True,True,0.062,True
data/redteam/factory/edgetts/cantonese/edgetts_cantonese_zh-HK-HiuMaanNeural_SC-001085.wav,spoof,RT-EDGETTS-CANTONESE,clean,redteam_factory/Edge-TTS,微软服务条款，仅研究评测用途,edgetts,cantonese,SC-001085,zh-HK-HiuMaanNeural,12.58,True,True,0.0,True,0.3662420382165605,True,True,0.004,True
data/redteam/factory/edgetts/cantonese/edgetts_cantonese_zh-HK-HiuMaanNeural_SC-001142.wav,spoof,RT-EDGETTS-CANTONESE,clean,redteam_factory/Edge-TTS,微软服务条款，仅研究评测用途,edgetts,cantonese,SC-001142,zh-HK-HiuMaanNeural,12.22,True,True,0.0,True,0.28852459016393445,True,True,0.013,True
data/redteam/factory/edgetts/cantonese/edgetts_cantonese_zh-HK-HiuMaanNeural_SC-001260.wav,spoof,RT-EDGETTS-CANTONESE,clean,redteam_factory/Edge-TTS,微软服务条款，仅研究评测用途,edgetts,cantonese,SC-001260,zh-HK-HiuMaanNeural,13.22,True,True,0.0,True,0.3388804841149773,True,True,0.019,True
data/redteam/factory/edgetts/cantonese/edgetts_cantonese_zh-HK-HiuMaanNeural_SC-001388.wav,spoof,RT-EDGETTS-CANTONESE,clean,redteam_factory/Edge-TTS,微软服务条款，仅研究评测用途,edgetts,cantonese,SC-001388,zh-HK-HiuMaanNeural,10.2,True,True,0.0,True,0.22745098039215686,True,True,0.041,True
data/redteam/factory/edgetts/cantonese/edgetts_cantonese_zh-HK-HiuMaanNeural_SC-001459.wav,spoof,RT-EDGETTS-CANTONESE,clean,redteam_factory/Edge-TTS,微软服务条款，仅研究评测用途,edgetts,cantonese,SC-001459,zh-HK-HiuMaanNeural,14.52,True,True,0.0,True,0.2796143250688705,True,True,0.003,True
data/redteam/factory/edgetts/cantonese/edgetts_cantonese_zh-HK-HiuMaanNeural_SC-001507.wav,spoof,RT-EDGETTS-CANTONESE,clean,redteam_factory/Edge-TTS,微软服务条款，仅研究评测用途,edgetts,cantonese,SC-001507,zh-HK-HiuMaanNeural,12.22,True,True,0.0,True,0.22131147540983606,True,True,0.013,True
data/redteam/factory/edgetts/cantonese/edgetts_cantonese_zh-HK-HiuMaanNeural_SC-001562.wav,spoof,RT-EDGETTS-CANTONESE,clean,redteam_factory/Edge-TTS,微软服务条款，仅研究评测用途,edgetts,cantonese,SC-001562,zh-HK-HiuMaanNeural,9.55,True,True,0.0,True,0.23689727463312368,True,True,0.043,True
data/redteam/factory/edgetts/cantonese/edgetts_cantonese_zh-HK-WanLungNeural_SC-000495.wav,spoof,RT-EDGETTS-CANTONESE,clean,redteam_factory/Edge-TTS,微软服务条款，仅研究评测用途,edgetts,cantonese,SC-000495,zh-HK-WanLungNeural,17.88,True,True,0.0,True,0.24384787472035793,True,True,0.022,True
data/redteam/factory/edgetts/cantonese/edgetts_cantonese_zh-HK-WanLungNeural_SC-000649.wav,spoof,RT-EDGETTS-CANTONESE,clean,redteam_factory/Edge-TTS,微软服务条款，仅研究评测用途,edgetts,cantonese,SC-000649,zh-HK-WanLungNeural,13.58,True,True,0.0,True,0.2547864506627393,True,True,0.005,True
data/redteam/factory/edgetts/cantonese/edgetts_cantonese_zh-HK-WanLungNeural_SC-000695.wav,spoof,RT-EDGETTS-CANTONESE,clean,redteam_factory/Edge-TTS,微软服务条款，仅研究评测用途,edgetts,cantonese,SC-000695,zh-HK-WanLungNeural,13.63,True,True,0.0,True,0.2775330396475771,True,True,0.045,True
data/redteam/factory/edgetts/cantonese/edgetts_cantonese_zh-HK-WanLungNeural_SC-000760.wav,spoof,RT-EDGETTS-CANTONESE,clean,redteam_factory/Edge-TTS,微软服务条款，仅研究评测用途,edgetts,cantonese,SC-000760,zh-HK-WanLungNeural,19.51,True,True,0.0,True,0.27384615384615385,True,True,0.022,True
data/redteam/factory/edgetts/cantonese/edgetts_cantonese_zh-HK-WanLungNeural_SC-000912.wav,spoof,RT-EDGETTS-CANTONESE,clean,redteam_factory/Edge-TTS,微软服务条款，仅研究评测用途,edgetts,cantonese,SC-000912,zh-HK-WanLungNeural,18.1,True,True,0.0,True,0.3196902654867257,True,True,0.008,True
data/redteam/factory/edgetts/cantonese/edgetts_cantonese_zh-HK-WanLungNeural_SC-000953.wav,spoof,RT-EDGETTS-CANTONESE,clean,redteam_factory/Edge-TTS,微软服务条款，仅研究评测用途,edgetts,cantonese,SC-000953,zh-HK-WanLungNeural,13.56,True,True,0.0,True,0.2669616519174041,True,True,0.016,True
data/redteam/factory/edgetts/cantonese/edgetts_cantonese_zh-HK-WanLungNeural_SC-001085.wav,spoof,RT-EDGETTS-CANTONESE,clean,redteam_factory/Edge-TTS,微软服务条款，仅研究评测用途,edgetts,cantonese,SC-001085,zh-HK-WanLungNeural,12.55,True,True,0.0,True,0.3875598086124402,True,True,0.037,True
data/redteam/factory/edgetts/cantonese/edgetts_cantonese_zh-HK-WanLungNeural_SC-001142.wav,spoof,RT-EDGETTS-CANTONESE,clean,redteam_factory/Edge-TTS,微软服务条款，仅研究评测用途,edgetts,cantonese,SC-001142,zh-HK-WanLungNeural,12.26,True,True,0.0,True,0.3295269168026101,True,True,0.007,True
data/redteam/factory/edgetts/cantonese/edgetts_cantonese_zh-HK-WanLungNeural_SC-001260.wav,spoof,RT-EDGETTS-CANTONESE,clean,redteam_factory/Edge-TTS,微软服务条款，仅研究评测用途,edgetts,cantonese,SC-001260,zh-HK-WanLungNeural,12.74,True,True,0.0,True,0.3563579277864992,True,True,0.003,True
data/redteam/factory/edgetts/cantonese/edgetts_cantonese_zh-HK-WanLungNeural_SC-001388.wav,spoof,RT-EDGETTS-CANTONESE,clean,redteam_factory/Edge-TTS,微软服务条款，仅研究评测用途,edgetts,cantonese,SC-001388,zh-HK-WanLungNeural,10.42,True,True,0.0,True,0.2653846153846154,True,True,0.051,True
data/redteam/factory/edgetts/cantonese/edgetts_cantonese_zh-HK-WanLungNeural_SC-001459.wav,spoof,RT-EDGETTS-CANTONESE,clean,redteam_factory/Edge-TTS,微软服务条款，仅研究评测用途,edgetts,cantonese,SC-001459,zh-HK-WanLungNeural,14.33,True,True,0.0,True,0.31145251396648044,True,True,0.09,True
data/redteam/factory/edgetts/cantonese/edgetts_cantonese_zh-HK-WanLungNeural_SC-001507.wav,spoof,RT-EDGETTS-CANTONESE,clean,redteam_factory/Edge-TTS,微软服务条款，仅研究评测用途,edgetts,cantonese,SC-001507,zh-HK-WanLungNeural,12.22,True,True,0.0,True,0.2540983606557377,True,True,0.01,True
data/redteam/factory/edgetts/cantonese/edgetts_cantonese_zh-HK-WanLungNeural_SC-001562.wav,spoof,RT-EDGETTS-CANTONESE,clean,redteam_factory/Edge-TTS,微软服务条款，仅研究评测用途,edgetts,cantonese,SC-001562,zh-HK-WanLungNeural,9.58,True,True,0.0,True,0.2907949790794979,True,True,0.019,True
data/redteam/factory/edgetts/dongbei/edgetts_dongbei_zh-CN-liaoning-XiaobeiNeural_SC-000505.wav,spoof,RT-EDGETTS-DONGBEI,clean,redteam_factory/Edge-TTS,微软服务条款，仅研究评测用途,edgetts,dongbei,SC-000505,zh-CN-liaoning-XiaobeiNeural,12.58,True,True,0.0,True,0.3487261146496815,True,True,0.012,True
data/redteam/factory/edgetts/dongbei/edgetts_dongbei_zh-CN-liaoning-XiaobeiNeural_SC-000678.wav,spoof,RT-EDGETTS-DONGBEI,clean,redteam_factory/Edge-TTS,微软服务条款，仅研究评测用途,edgetts,dongbei,SC-000678,zh-CN-liaoning-XiaobeiNeural,13.13,True,True,0.0,True,0.3170731707317073,True,True,0.03,True
data/redteam/factory/edgetts/dongbei/edgetts_dongbei_zh-CN-liaoning-XiaobeiNeural_SC-000747.wav,spoof,RT-EDGETTS-DONGBEI,clean,redteam_factory/Edge-TTS,微软服务条款，仅研究评测用途,edgetts,dongbei,SC-000747,zh-CN-liaoning-XiaobeiNeural,18.02,True,True,0.0,True,0.2974472807991121,True,True,0.01,True
data/redteam/factory/edgetts/dongbei/edgetts_dongbei_zh-CN-liaoning-XiaobeiNeural_SC-000839.wav,spoof,RT-EDGETTS-DONGBEI,clean,redteam_factory/Edge-TTS,微软服务条款，仅研究评测用途,edgetts,dongbei,SC-000839,zh-CN-liaoning-XiaobeiNeural,16.82,True,True,0.0,True,0.28656361474435194,True,True,0.035,True
data/redteam/factory/edgetts/dongbei/edgetts_dongbei_zh-CN-liaoning-XiaobeiNeural_SC-000909.wav,spoof,RT-EDGETTS-DONGBEI,clean,redteam_factory/Edge-TTS,微软服务条款，仅研究评测用途,edgetts,dongbei,SC-000909,zh-CN-liaoning-XiaobeiNeural,15.53,True,True,0.0,True,0.25644329896907214,True,True,0.026,True
data/redteam/factory/edgetts/dongbei/edgetts_dongbei_zh-CN-liaoning-XiaobeiNeural_SC-000990.wav,spoof,RT-EDGETTS-DONGBEI,clean,redteam_factory/Edge-TTS,微软服务条款，仅研究评测用途,edgetts,dongbei,SC-000990,zh-CN-liaoning-XiaobeiNeural,18.26,True,True,0.0,True,0.33406352683461116,True,True,0.006,True
data/redteam/factory/edgetts/dongbei/edgetts_dongbei_zh-CN-liaoning-XiaobeiNeural_SC-001146.wav,spoof,RT-EDGETTS-DONGBEI,clean,redteam_factory/Edge-TTS,微软服务条款，仅研究评测用途,edgetts,dongbei,SC-001146,zh-CN-liaoning-XiaobeiNeural,13.99,True,True,0.0,True,0.33047210300429186,True,True,0.005,True
data/redteam/factory/edgetts/dongbei/edgetts_dongbei_zh-CN-liaoning-XiaobeiNeural_SC-001370.wav,spoof,RT-EDGETTS-DONGBEI,clean,redteam_factory/Edge-TTS,微软服务条款，仅研究评测用途,edgetts,dongbei,SC-001370,zh-CN-liaoning-XiaobeiNeural,15.43,True,True,0.0,True,0.25810635538262,True,True,0.012,True
data/redteam/factory/edgetts/dongbei/edgetts_dongbei_zh-CN-liaoning-XiaobeiNeural_SC-001437.wav,spoof,RT-EDGETTS-DONGBEI,clean,redteam_factory/Edge-TTS,微软服务条款，仅研究评测用途,edgetts,dongbei,SC-001437,zh-CN-liaoning-XiaobeiNeural,13.03,True,True,0.0,True,0.3302611367127496,True,True,0.082,True
data/redteam/factory/edgetts/dongbei/edgetts_dongbei_zh-CN-liaoning-XiaobeiNeural_SC-001570.wav,spoof,RT-EDGETTS-DONGBEI,clean,redteam_factory/Edge-TTS,微软服务条款，仅研究评测用途,edgetts,dongbei,SC-001570,zh-CN-liaoning-XiaobeiNeural,13.78,True,True,0.0,True,0.3430232558139535,True,True,0.032,True
data/redteam/factory/edgetts/dongbei/edgetts_dongbei_zh-CN-liaoning-XiaobeiNeural_SC-001710.wav,spoof,RT-EDGETTS-DONGBEI,clean,redteam_factory/Edge-TTS,微软服务条款，仅研究评测用途,edgetts,dongbei,SC-001710,zh-CN-liaoning-XiaobeiNeural,16.1,True,True,0.0,True,0.29440993788819875,True,True,0.063,True
data/redteam/factory/edgetts/henan/edgetts_henan_zh-CN-shaanxi-XiaoniNeural_SC-000454.wav,spoof,RT-EDGETTS-HENAN,clean,redteam_factory/Edge-TTS,微软服务条款，仅研究评测用途,edgetts,henan,SC-000454,zh-CN-shaanxi-XiaoniNeural,9.65,True,True,0.0,True,0.37344398340248963,True,True,0.005,True
data/redteam/factory/edgetts/henan/edgetts_henan_zh-CN-shaanxi-XiaoniNeural_SC-000600.wav,spoof,RT-EDGETTS-HENAN,clean,redteam_factory/Edge-TTS,微软服务条款，仅研究评测用途,edgetts,henan,SC-000600,zh-CN-shaanxi-XiaoniNeural,11.45,True,True,0.0,True,0.32867132867132864,True,True,0.023,True
data/redteam/factory/edgetts/henan/edgetts_henan_zh-CN-shaanxi-XiaoniNeural_SC-000638.wav,spoof,RT-EDGETTS-HENAN,clean,redteam_factory/Edge-TTS,微软服务条款，仅研究评测用途,edgetts,henan,SC-000638,zh-CN-shaanxi-XiaoniNeural,10.01,True,True,0.0,True,0.324,True,True,0.081,True
data/redteam/factory/edgetts/henan/edgetts_henan_zh-CN-shaanxi-XiaoniNeural_SC-000732.wav,spoof,RT-EDGETTS-HENAN,clean,redteam_factory/Edge-TTS,微软服务条款，仅研究评测用途,edgetts,henan,SC-000732,zh-CN-shaanxi-XiaoniNeural,7.97,True,True,0.0,True,0.37185929648241206,True,True,0.004,True
data/redteam/factory/edgetts/henan/edgetts_henan_zh-CN-shaanxi-XiaoniNeural_SC-000805.wav,spoof,RT-EDGETTS-HENAN,clean,redteam_factory/Edge-TTS,微软服务条款，仅研究评测用途,edgetts,henan,SC-000805,zh-CN-shaanxi-XiaoniNeural,7.61,True,True,0.0,True,0.39210526315789473,True,True,0.045,True
data/redteam/factory/edgetts/henan/edgetts_henan_zh-CN-shaanxi-XiaoniNeural_SC-000859.wav,spoof,RT-EDGETTS-HENAN,clean,redteam_factory/Edge-TTS,微软服务条款，仅研究评测用途,edgetts,henan,SC-000859,zh-CN-shaanxi-XiaoniNeural,14.38,True,True,0.0,True,0.3384401114206128,True,True,0.051,True
data/redteam/factory/edgetts/henan/edgetts_henan_zh-CN-shaanxi-XiaoniNeural_SC-000917.wav,spoof,RT-EDGETTS-HENAN,clean,redteam_factory/Edge-TTS,微软服务条款，仅研究评测用途,edgetts,henan,SC-000917,zh-CN-shaanxi-XiaoniNeural,7.58,True,True,0.0,True,0.3324538258575198,True,True,0.003,True
data/redteam/factory/edgetts/henan/edgetts_henan_zh-CN-shaanxi-XiaoniNeural_SC-001071.wav,spoof,RT-EDGETTS-HENAN,clean,redteam_factory/Edge-TTS,微软服务条款，仅研究评测用途,edgetts,henan,SC-001071,zh-CN-shaanxi-XiaoniNeural,15.74,True,True,0.0,True,0.29733163913595934,True,True,0.003,True
data/redteam/factory/edgetts/henan/edgetts_henan_zh-CN-shaanxi-XiaoniNeural_SC-001120.wav,spoof,RT-EDGETTS-HENAN,clean,redteam_factory/Edge-TTS,微软服务条款，仅研究评测用途,edgetts,henan,SC-001120,zh-CN-shaanxi-XiaoniNeural,14.11,True,True,0.0,True,0.375886524822695,True,True,0.035,True
data/redteam/factory/edgetts/henan/edgetts_henan_zh-CN-shaanxi-XiaoniNeural_SC-001202.wav,spoof,RT-EDGETTS-HENAN,clean,redteam_factory/Edge-TTS,微软服务条款，仅研究评测用途,edgetts,henan,SC-001202,zh-CN-shaanxi-XiaoniNeural,14.78,True,True,0.0,True,0.35994587280108253,True,True,0.007,True
data/redteam/factory/edgetts/henan/edgetts_henan_zh-CN-shaanxi-XiaoniNeural_SC-001278.wav,spoof,RT-EDGETTS-HENAN,clean,redteam_factory/Edge-TTS,微软服务条款，仅研究评测用途,edgetts,henan,SC-001278,zh-CN-shaanxi-XiaoniNeural,18.48,True,True,0.0,True,0.30844155844155846,True,True,0.012,True
data/redteam/factory/edgetts/henan/edgetts_henan_zh-CN-shaanxi-XiaoniNeural_SC-001326.wav,spoof,RT-EDGETTS-HENAN,clean,redteam_factory/Edge-TTS,微软服务条款，仅研究评测用途,edgetts,henan,SC-001326,zh-CN-shaanxi-XiaoniNeural,19.18,True,True,0.0,True,0.325678496868476,True,True,0.013,True
data/redteam/factory/edgetts/henan/edgetts_henan_zh-CN-shaanxi-XiaoniNeural_SC-001380.wav,spoof,RT-EDGETTS-HENAN,clean,redteam_factory/Edge-TTS,微软服务条款，仅研究评测用途,edgetts,henan,SC-001380,zh-CN-shaanxi-XiaoniNeural,16.13,True,True,0.0,True,0.34863523573200994,True,True,0.012,True
data/redteam/factory/edgetts/henan/edgetts_henan_zh-CN-shaanxi-XiaoniNeural_SC-001458.wav,spoof,RT-EDGETTS-HENAN,clean,redteam_factory/Edge-TTS,微软服务条款，仅研究评测用途,edgetts,henan,SC-001458,zh-CN-shaanxi-XiaoniNeural,8.23,True,True,0.0,True,0.3333333333333333,True,True,0.019,True
data/redteam/factory/edgetts/henan/edgetts_henan_zh-CN-shaanxi-XiaoniNeural_SC-001515.wav,spoof,RT-EDGETTS-HENAN,clean,redteam_factory/Edge-TTS,微软服务条款，仅研究评测用途,edgetts,henan,SC-001515,zh-CN-shaanxi-XiaoniNeural,11.09,True,True,0.0,True,0.33935018050541516,True,True,0.002,True
data/redteam/factory/edgetts/henan/edgetts_henan_zh-CN-shaanxi-XiaoniNeural_SC-001567.wav,spoof,RT-EDGETTS-HENAN,clean,redteam_factory/Edge-TTS,微软服务条款，仅研究评测用途,edgetts,henan,SC-001567,zh-CN-shaanxi-XiaoniNeural,14.09,True,True,0.0,True,0.3977272727272727,True,True,0.01,True
data/redteam/factory/edgetts/henan/edgetts_henan_zh-CN-shaanxi-XiaoniNeural_SC-001653.wav,spoof,RT-EDGETTS-HENAN,clean,redteam_factory/Edge-TTS,微软服务条款，仅研究评测用途,edgetts,henan,SC-001653,zh-CN-shaanxi-XiaoniNeural,11.26,True,True,0.0,True,0.3540925266903915,True,True,0.002,True
data/redteam/factory/sovits_api/sichuan/sovits_api_sichuan_ref_boot_edgetts_sichuan_zh-CN-XiaoxiaoNeural_SC-000010_SC-000010.wav,spoof,RT-SOVITS-SICHUAN,clean,"redteam_factory/GPT-SoVITS(v2 API, GPU 批处理)",MIT,sovits_api,sichuan,SC-000010,ref_boot_edgetts_sichuan_zh-CN-XiaoxiaoNeural_SC-000010,11.76,True,True,0.0,True,0.3877551020408163,True,True,0.003,True
data/redteam/factory/sovits_api/sichuan/sovits_api_sichuan_ref_boot_edgetts_sichuan_zh-CN-XiaoxiaoNeural_SC-000010_SC-000029.wav,spoof,RT-SOVITS-SICHUAN,clean,"redteam_factory/GPT-SoVITS(v2 API, GPU 批处理)",MIT,sovits_api,sichuan,SC-000029,ref_boot_edgetts_sichuan_zh-CN-XiaoxiaoNeural_SC-000010,12.2,True,True,0.0,True,0.3918032786885246,True,True,0.033,True
data/redteam/factory/sovits_api/sichuan/sovits_api_sichuan_ref_boot_edgetts_sichuan_zh-CN-YunxiNeural_SC-000010_SC-000010.wav,spoof,RT-SOVITS-SICHUAN,clean,"redteam_factory/GPT-SoVITS(v2 API, GPU 批处理)",MIT,sovits_api,sichuan,SC-000010,ref_boot_edgetts_sichuan_zh-CN-YunxiNeural_SC-000010,9.4,True,True,0.0,True,0.3617021276595745,True,True,0.02,True
data/redteam/factory/sovits_api/sichuan/sovits_api_sichuan_ref_boot_edgetts_sichuan_zh-CN-YunxiNeural_SC-000010_SC-000029.wav,spoof,RT-SOVITS-SICHUAN,clean,"redteam_factory/GPT-SoVITS(v2 API, GPU 批处理)",MIT,sovits_api,sichuan,SC-000029,ref_boot_edgetts_sichuan_zh-CN-YunxiNeural_SC-000010,11.96,True,True,0.0,True,0.44816053511705684,True,True,0.028,True
data/redteam/factory/sovits_api/mandarin/sovits_api_mandarin_ref_boot_edgetts_mandarin_zh-CN-YunjianNeural_SC-000007_seg8s_SC-000007.wav,spoof,RT-SOVITS-MANDARIN,clean,"redteam_factory/GPT-SoVITS(v2 API, GPU 批处理)",MIT,sovits_api,mandarin,SC-000007,ref_boot_edgetts_mandarin_zh-CN-YunjianNeural_SC-000007_seg8s,18.38,True,True,0.0,True,0.34929270946681173,True,True,0.009,True
data/redteam/factory/sovits_api/minnan/sovits_api_minnan_ref_boot_edgetts_minnan_zh-TW-HsiaoChenNeural_SC-000001_SC-000001.wav,spoof,RT-SOVITS-MINNAN,clean,"redteam_factory/GPT-SoVITS(v2 API, GPU 批处理)",MIT,sovits_api,minnan,SC-000001,ref_boot_edgetts_minnan_zh-TW-HsiaoChenNeural_SC-000001,8.16,True,True,0.0,True,0.28921568627450983,True,True,0.035,True
data/redteam/factory/sovits_api/minnan/sovits_api_minnan_ref_boot_edgetts_minnan_zh-TW-YunJheNeural_SC-000001_SC-000001.wav,spoof,RT-SOVITS-MINNAN,clean,"redteam_factory/GPT-SoVITS(v2 API, GPU 批处理)",MIT,sovits_api,minnan,SC-000001,ref_boot_edgetts_minnan_zh-TW-YunJheNeural_SC-000001,7.32,True,True,0.0,True,0.3524590163934426,True,True,0.043,True
data/redteam/factory/sovits_api/cantonese/sovits_api_cantonese_ref_boot_edgetts_cantonese_zh-HK-HiuMaanNeural_SC-000005_seg8s_SC-000005.wav,spoof,RT-SOVITS-CANTONESE,clean,"redteam_factory/GPT-SoVITS(v2 API, GPU 批处理)",MIT,sovits_api,cantonese,SC-000005,ref_boot_edgetts_cantonese_zh-HK-HiuMaanNeural_SC-000005_seg8s,15.92,True,True,0.0,True,0.32914572864321606,True,True,0.017,True
data/redteam/factory/sovits_api/cantonese/sovits_api_cantonese_ref_boot_edgetts_cantonese_zh-HK-WanLungNeural_SC-000005_seg8s_SC-000005.wav,spoof,RT-SOVITS-CANTONESE,clean,"redteam_factory/GPT-SoVITS(v2 API, GPU 批处理)",MIT,sovits_api,cantonese,SC-000005,ref_boot_edgetts_cantonese_zh-HK-WanLungNeural_SC-000005_seg8s,16.88,True,True,0.0,True,0.3755924170616114,True,True,0.016,True
data/redteam/factory/sovits_api/dongbei/sovits_api_dongbei_ref_boot_edgetts_dongbei_zh-CN-liaoning-XiaobeiNeural_SC-000002_seg8s_SC-000002.wav,spoof,RT-SOVITS-DONGBEI,clean,"redteam_factory/GPT-SoVITS(v2 API, GPU 批处理)",MIT,sovits_api,dongbei,SC-000002,ref_boot_edgetts_dongbei_zh-CN-liaoning-XiaobeiNeural_SC-000002_seg8s,19.82,True,True,0.0,True,0.42684157416750756,True,True,0.009,True
data/redteam/factory/sovits_api/mandarin/sovits_api_mandarin_ref_boot_edgetts_mandarin_zh-CN-XiaoxiaoNeural_SC-000007_seg8s_SC-000011.wav,spoof,RT-SOVITS-MANDARIN,clean,"redteam_factory/GPT-SoVITS(v2 API, GPU 批处理)",MIT,sovits_api,mandarin,SC-000011,ref_boot_edgetts_mandarin_zh-CN-XiaoxiaoNeural_SC-000007_seg8s,16.44,True,True,0.0,True,0.3771289537712895,True,True,0.22,True
data/redteam/factory/sovits_api/mandarin/sovits_api_mandarin_ref_boot_edgetts_mandarin_zh-CN-XiaoxiaoNeural_SC-000007_seg8s_SC-000016.wav,spoof,RT-SOVITS-MANDARIN,clean,"redteam_factory/GPT-SoVITS(v2 API, GPU 批处理)",MIT,sovits_api,mandarin,SC-000016,ref_boot_edgetts_mandarin_zh-CN-XiaoxiaoNeural_SC-000007_seg8s,6.98,True,True,0.0,True,0.3151862464183381,True,True,0.141,True
data/redteam/factory/sovits_api/mandarin/sovits_api_mandarin_ref_boot_edgetts_mandarin_zh-CN-YunjianNeural_SC-000007_seg8s_SC-000011.wav,spoof,RT-SOVITS-MANDARIN,clean,"redteam_factory/GPT-SoVITS(v2 API, GPU 批处理)",MIT,sovits_api,mandarin,SC-000011,ref_boot_edgetts_mandarin_zh-CN-YunjianNeural_SC-000007_seg8s,15.64,True,True,0.0,True,0.3593350383631714,True,True,0.012,True
data/redteam/factory/sovits_api/mandarin/sovits_api_mandarin_ref_boot_edgetts_mandarin_zh-CN-YunjianNeural_SC-000007_seg8s_SC-000012.wav,spoof,RT-SOVITS-MANDARIN,clean,"redteam_factory/GPT-SoVITS(v2 API, GPU 批处理)",MIT,sovits_api,mandarin,SC-000012,ref_boot_edgetts_mandarin_zh-CN-YunjianNeural_SC-000007_seg8s,14.38,True,True,0.0,True,0.3463143254520167,True,True,0.003,True
data/redteam/factory/sovits_api/mandarin/sovits_api_mandarin_ref_boot_edgetts_mandarin_zh-CN-YunjianNeural_SC-000007_seg8s_SC-000016.wav,spoof,RT-SOVITS-MANDARIN,clean,"redteam_factory/GPT-SoVITS(v2 API, GPU 批处理)",MIT,sovits_api,mandarin,SC-000016,ref_boot_edgetts_mandarin_zh-CN-YunjianNeural_SC-000007_seg8s,6.94,True,True,0.0,True,0.3256484149855908,True,True,0.01,True
data/redteam/factory/sovits_api/mandarin/sovits_api_mandarin_ref_boot_edgetts_mandarin_zh-CN-YunjianNeural_SC-000007_seg8s_SC-000019.wav,spoof,RT-SOVITS-MANDARIN,clean,"redteam_factory/GPT-SoVITS(v2 API, GPU 批处理)",MIT,sovits_api,mandarin,SC-000019,ref_boot_edgetts_mandarin_zh-CN-YunjianNeural_SC-000007_seg8s,16.68,True,True,0.0,True,0.33213429256594723,True,True,0.011,True
data/redteam/factory/sovits_api/mandarin/sovits_api_mandarin_ref_boot_edgetts_mandarin_zh-CN-YunxiNeural_SC-000007_seg8s_SC-000011.wav,spoof,RT-SOVITS-MANDARIN,clean,"redteam_factory/GPT-SoVITS(v2 API, GPU 批处理)",MIT,sovits_api,mandarin,SC-000011,ref_boot_edgetts_mandarin_zh-CN-YunxiNeural_SC-000007_seg8s,14.96,True,True,0.0,True,0.40240641711229946,True,True,0.052,True
data/redteam/factory/sovits_api/mandarin/sovits_api_mandarin_ref_boot_edgetts_mandarin_zh-CN-YunxiNeural_SC-000007_seg8s_SC-000012.wav,spoof,RT-SOVITS-MANDARIN,clean,"redteam_factory/GPT-SoVITS(v2 API, GPU 批处理)",MIT,sovits_api,mandarin,SC-000012,ref_boot_edgetts_mandarin_zh-CN-YunxiNeural_SC-000007_seg8s,15.14,True,True,0.0,True,0.3949801849405548,True,True,0.032,True
data/redteam/factory/sovits_api/mandarin/sovits_api_mandarin_ref_boot_edgetts_mandarin_zh-CN-YunxiNeural_SC-000007_seg8s_SC-000016.wav,spoof,RT-SOVITS-MANDARIN,clean,"redteam_factory/GPT-SoVITS(v2 API, GPU 批处理)",MIT,sovits_api,mandarin,SC-000016,ref_boot_edgetts_mandarin_zh-CN-YunxiNeural_SC-000007_seg8s,7.7,True,True,0.0,True,0.36363636363636365,True,True,0.024,True
data/redteam/factory/sovits_api/mandarin/sovits_api_mandarin_ref_boot_edgetts_mandarin_zh-CN-YunxiNeural_SC-000007_seg8s_SC-000019.wav,spoof,RT-SOVITS-MANDARIN,clean,"redteam_factory/GPT-SoVITS(v2 API, GPU 批处理)",MIT,sovits_api,mandarin,SC-000019,ref_boot_edgetts_mandarin_zh-CN-YunxiNeural_SC-000007_seg8s,19.16,True,True,0.0,True,0.40292275574112735,True,True,0.011,True
data/redteam/factory/sovits_api/minnan/sovits_api_minnan_ref_boot_edgetts_minnan_zh-TW-HsiaoChenNeural_SC-000001_SC-000003.wav,spoof,RT-SOVITS-MINNAN,clean,"redteam_factory/GPT-SoVITS(v2 API, GPU 批处理)",MIT,sovits_api,minnan,SC-000003,ref_boot_edgetts_minnan_zh-TW-HsiaoChenNeural_SC-000001,10.82,True,True,0.0,True,0.21626617375231053,True,True,0.028,True
data/redteam/factory/sovits_api/minnan/sovits_api_minnan_ref_boot_edgetts_minnan_zh-TW-HsiaoChenNeural_SC-000001_SC-000004.wav,spoof,RT-SOVITS-MINNAN,clean,"redteam_factory/GPT-SoVITS(v2 API, GPU 批处理)",MIT,sovits_api,minnan,SC-000004,ref_boot_edgetts_minnan_zh-TW-HsiaoChenNeural_SC-000001,9.88,True,True,0.0,True,0.3825910931174089,True,True,0.004,True
data/redteam/factory/sovits_api/minnan/sovits_api_minnan_ref_boot_edgetts_minnan_zh-TW-HsiaoChenNeural_SC-000001_SC-000006.wav,spoof,RT-SOVITS-MINNAN,clean,"redteam_factory/GPT-SoVITS(v2 API, GPU 批处理)",MIT,sovits_api,minnan,SC-000006,ref_boot_edgetts_minnan_zh-TW-HsiaoChenNeural_SC-000001,12.56,True,True,0.0,True,0.37898089171974525,True,True,0.004,True
data/redteam/factory/sovits_api/minnan/sovits_api_minnan_ref_boot_edgetts_minnan_zh-TW-HsiaoChenNeural_SC-000001_SC-000020.wav,spoof,RT-SOVITS-MINNAN,clean,"redteam_factory/GPT-SoVITS(v2 API, GPU 批处理)",MIT,sovits_api,minnan,SC-000020,ref_boot_edgetts_minnan_zh-TW-HsiaoChenNeural_SC-000001,16.02,True,True,0.0,True,0.27091136079900124,True,True,0.044,True
data/redteam/factory/sovits_api/minnan/sovits_api_minnan_ref_boot_edgetts_minnan_zh-TW-YunJheNeural_SC-000001_SC-000003.wav,spoof,RT-SOVITS-MINNAN,clean,"redteam_factory/GPT-SoVITS(v2 API, GPU 批处理)",MIT,sovits_api,minnan,SC-000003,ref_boot_edgetts_minnan_zh-TW-YunJheNeural_SC-000001,10.94,True,True,0.0,True,0.28884826325411334,True,True,0.015,True
data/redteam/factory/sovits_api/minnan/sovits_api_minnan_ref_boot_edgetts_minnan_zh-TW-YunJheNeural_SC-000001_SC-000004.wav,spoof,RT-SOVITS-MINNAN,clean,"redteam_factory/GPT-SoVITS(v2 API, GPU 批处理)",MIT,sovits_api,minnan,SC-000004,ref_boot_edgetts_minnan_zh-TW-YunJheNeural_SC-000001,9.64,True,True,0.0,True,0.31950207468879666,True,True,0.004,True
data/redteam/factory/sovits_api/minnan/sovits_api_minnan_ref_boot_edgetts_minnan_zh-TW-YunJheNeural_SC-000001_SC-000006.wav,spoof,RT-SOVITS-MINNAN,clean,"redteam_factory/GPT-SoVITS(v2 API, GPU 批处理)",MIT,sovits_api,minnan,SC-000006,ref_boot_edgetts_minnan_zh-TW-YunJheNeural_SC-000001,13.08,True,True,0.0,True,0.40519877675840976,True,True,0.057,True
data/redteam/factory/sovits_api/minnan/sovits_api_minnan_ref_boot_edgetts_minnan_zh-TW-YunJheNeural_SC-000001_SC-000020.wav,spoof,RT-SOVITS-MINNAN,clean,"redteam_factory/GPT-SoVITS(v2 API, GPU 批处理)",MIT,sovits_api,minnan,SC-000020,ref_boot_edgetts_minnan_zh-TW-YunJheNeural_SC-000001,16.06,True,True,0.0,True,0.29514321295143214,True,True,0.06,True
data/redteam/factory/sovits_api/sichuan/sovits_api_sichuan_ref_boot_edgetts_sichuan_zh-CN-XiaoxiaoNeural_SC-000010_SC-000062.wav,spoof,RT-SOVITS-SICHUAN,clean,"redteam_factory/GPT-SoVITS(v2 API, GPU 批处理)",MIT,sovits_api,sichuan,SC-000062,ref_boot_edgetts_sichuan_zh-CN-XiaoxiaoNeural_SC-000010,9.24,True,True,0.0,True,0.3484848484848485,True,True,0.095,True
data/redteam/factory/sovits_api/sichuan/sovits_api_sichuan_ref_boot_edgetts_sichuan_zh-CN-YunxiNeural_SC-000010_SC-000062.wav,spoof,RT-SOVITS-SICHUAN,clean,"redteam_factory/GPT-SoVITS(v2 API, GPU 批处理)",MIT,sovits_api,sichuan,SC-000062,ref_boot_edgetts_sichuan_zh-CN-YunxiNeural_SC-000010,11.6,True,True,0.0,True,0.47758620689655173,True,True,0.007,True
data/redteam/factory/sovits_api/sichuan/sovits_api_sichuan_ref_boot_edgetts_sichuan_zh-CN-YunxiNeural_SC-000010_SC-000066.wav,spoof,RT-SOVITS-SICHUAN,clean,"redteam_factory/GPT-SoVITS(v2 API, GPU 批处理)",MIT,sovits_api,sichuan,SC-000066,ref_boot_edgetts_sichuan_zh-CN-YunxiNeural_SC-000010,9.32,True,True,0.0,True,0.4270386266094421,True,True,0.034,True
data/redteam/factory/sovits_api/cantonese/sovits_api_cantonese_ref_boot_edgetts_cantonese_zh-HK-HiuMaanNeural_SC-000005_seg8s_SC-000008.wav,spoof,RT-SOVITS-CANTONESE,clean,"redteam_factory/GPT-SoVITS(v2 API, GPU 批处理)",MIT,sovits_api,cantonese,SC-000008,ref_boot_edgetts_cantonese_zh-HK-HiuMaanNeural_SC-000005_seg8s,8.24,True,True,0.0,True,0.2936893203883495,True,True,0.029,True
data/redteam/factory/sovits_api/cantonese/sovits_api_cantonese_ref_boot_edgetts_cantonese_zh-HK-HiuMaanNeural_SC-000005_seg8s_SC-000014.wav,spoof,RT-SOVITS-CANTONESE,clean,"redteam_factory/GPT-SoVITS(v2 API, GPU 批处理)",MIT,sovits_api,cantonese,SC-000014,ref_boot_edgetts_cantonese_zh-HK-HiuMaanNeural_SC-000005_seg8s,11.96,True,True,0.0,True,0.32608695652173914,True,True,0.009,True
data/redteam/factory/sovits_api/cantonese/sovits_api_cantonese_ref_boot_edgetts_cantonese_zh-HK-HiuMaanNeural_SC-000005_seg8s_SC-000015.wav,spoof,RT-SOVITS-CANTONESE,clean,"redteam_factory/GPT-SoVITS(v2 API, GPU 批处理)",MIT,sovits_api,cantonese,SC-000015,ref_boot_edgetts_cantonese_zh-HK-HiuMaanNeural_SC-000005_seg8s,13.52,True,True,0.0,True,0.2943786982248521,True,True,0.005,True
data/redteam/factory/sovits_api/cantonese/sovits_api_cantonese_ref_boot_edgetts_cantonese_zh-HK-HiuMaanNeural_SC-000005_seg8s_SC-000018.wav,spoof,RT-SOVITS-CANTONESE,clean,"redteam_factory/GPT-SoVITS(v2 API, GPU 批处理)",MIT,sovits_api,cantonese,SC-000018,ref_boot_edgetts_cantonese_zh-HK-HiuMaanNeural_SC-000005_seg8s,15.4,True,True,0.0,True,0.3220779220779221,True,True,0.006,True
data/redteam/factory/sovits_api/cantonese/sovits_api_cantonese_ref_boot_edgetts_cantonese_zh-HK-WanLungNeural_SC-000005_seg8s_SC-000008.wav,spoof,RT-SOVITS-CANTONESE,clean,"redteam_factory/GPT-SoVITS(v2 API, GPU 批处理)",MIT,sovits_api,cantonese,SC-000008,ref_boot_edgetts_cantonese_zh-HK-WanLungNeural_SC-000005_seg8s,9.8,True,True,0.0,True,0.32448979591836735,True,True,0.013,True
data/redteam/factory/sovits_api/cantonese/sovits_api_cantonese_ref_boot_edgetts_cantonese_zh-HK-WanLungNeural_SC-000005_seg8s_SC-000014.wav,spoof,RT-SOVITS-CANTONESE,clean,"redteam_factory/GPT-SoVITS(v2 API, GPU 批处理)",MIT,sovits_api,cantonese,SC-000014,ref_boot_edgetts_cantonese_zh-HK-WanLungNeural_SC-000005_seg8s,10.0,True,True,0.0,True,0.266,True,True,0.049,True
data/redteam/factory/sovits_api/cantonese/sovits_api_cantonese_ref_boot_edgetts_cantonese_zh-HK-WanLungNeural_SC-000005_seg8s_SC-000015.wav,spoof,RT-SOVITS-CANTONESE,clean,"redteam_factory/GPT-SoVITS(v2 API, GPU 批处理)",MIT,sovits_api,cantonese,SC-000015,ref_boot_edgetts_cantonese_zh-HK-WanLungNeural_SC-000005_seg8s,11.6,True,True,0.0,True,0.30344827586206896,True,True,0.011,True
data/redteam/factory/sovits_api/cantonese/sovits_api_cantonese_ref_boot_edgetts_cantonese_zh-HK-WanLungNeural_SC-000005_seg8s_SC-000018.wav,spoof,RT-SOVITS-CANTONESE,clean,"redteam_factory/GPT-SoVITS(v2 API, GPU 批处理)",MIT,sovits_api,cantonese,SC-000018,ref_boot_edgetts_cantonese_zh-HK-WanLungNeural_SC-000005_seg8s,14.64,True,True,0.0,True,0.3702185792349727,True,True,0.007,True
data/redteam/factory/sovits_api/dongbei/sovits_api_dongbei_ref_boot_edgetts_dongbei_zh-CN-liaoning-XiaobeiNeural_SC-000002_seg8s_SC-000013.wav,spoof,RT-SOVITS-DONGBEI,clean,"redteam_factory/GPT-SoVITS(v2 API, GPU 批处理)",MIT,sovits_api,dongbei,SC-000013,ref_boot_edgetts_dongbei_zh-CN-liaoning-XiaobeiNeural_SC-000002_seg8s,13.52,True,True,0.0,True,0.35502958579881655,True,True,0.186,True
data/redteam/factory/sovits_api/dongbei/sovits_api_dongbei_ref_boot_edgetts_dongbei_zh-CN-liaoning-XiaobeiNeural_SC-000002_seg8s_SC-000021.wav,spoof,RT-SOVITS-DONGBEI,clean,"redteam_factory/GPT-SoVITS(v2 API, GPU 批处理)",MIT,sovits_api,dongbei,SC-000021,ref_boot_edgetts_dongbei_zh-CN-liaoning-XiaobeiNeural_SC-000002_seg8s,15.28,True,True,0.0,True,0.38089005235602097,True,True,0.059,True
data/redteam/factory/sovits_api/dongbei/sovits_api_dongbei_ref_boot_edgetts_dongbei_zh-CN-liaoning-XiaobeiNeural_SC-000002_seg8s_SC-000031.wav,spoof,RT-SOVITS-DONGBEI,clean,"redteam_factory/GPT-SoVITS(v2 API, GPU 批处理)",MIT,sovits_api,dongbei,SC-000031,ref_boot_edgetts_dongbei_zh-CN-liaoning-XiaobeiNeural_SC-000002_seg8s,14.06,True,True,0.0,True,0.41963015647226176,True,True,0.044,True
data/redteam/factory/sovits_api/henan/sovits_api_henan_ref_boot_edgetts_henan_zh-CN-shaanxi-XiaoniNeural_SC-000009_seg8s_SC-000025.wav,spoof,RT-SOVITS-HENAN,clean,"redteam_factory/GPT-SoVITS(v2 API, GPU 批处理)",MIT,sovits_api,henan,SC-000025,ref_boot_edgetts_henan_zh-CN-shaanxi-XiaoniNeural_SC-000009_seg8s,17.12,True,True,0.0,True,0.352803738317757,True,True,0.023,True
data/redteam/factory/sovits_api/henan/sovits_api_henan_ref_boot_edgetts_henan_zh-CN-shaanxi-XiaoniNeural_SC-000009_seg8s_SC-000028.wav,spoof,RT-SOVITS-HENAN,clean,"redteam_factory/GPT-SoVITS(v2 API, GPU 批处理)",MIT,sovits_api,henan,SC-000028,ref_boot_edgetts_henan_zh-CN-shaanxi-XiaoniNeural_SC-000009_seg8s,15.82,True,True,0.0,True,0.33375474083438683,True,True,0.045,True
data/redteam/factory/sovits_api/henan/sovits_api_henan_ref_boot_edgetts_henan_zh-CN-shaanxi-XiaoniNeural_SC-000009_seg8s_SC-000033.wav,spoof,RT-SOVITS-HENAN,clean,"redteam_factory/GPT-SoVITS(v2 API, GPU 批处理)",MIT,sovits_api,henan,SC-000033,ref_boot_edgetts_henan_zh-CN-shaanxi-XiaoniNeural_SC-000009_seg8s,10.86,True,True,0.0,True,0.5009208103130756,True,True,0.013,True
data/redteam/factory/sovits_api/mandarin/sovits_api_mandarin_ref_boot_edgetts_mandarin_zh-CN-XiaoxiaoNeural_SC-000007_seg8s_SC-000022.wav,spoof,RT-SOVITS-MANDARIN,clean,"redteam_factory/GPT-SoVITS(v2 API, GPU 批处理)",MIT,sovits_api,mandarin,SC-000022,ref_boot_edgetts_mandarin_zh-CN-XiaoxiaoNeural_SC-000007_seg8s,17.2,True,True,0.0,True,0.31511627906976747,True,True,0.019,True
data/redteam/factory/sovits_api/mandarin/sovits_api_mandarin_ref_boot_edgetts_mandarin_zh-CN-XiaoxiaoNeural_SC-000007_seg8s_SC-000026.wav,spoof,RT-SOVITS-MANDARIN,clean,"redteam_factory/GPT-SoVITS(v2 API, GPU 批处理)",MIT,sovits_api,mandarin,SC-000026,ref_boot_edgetts_mandarin_zh-CN-XiaoxiaoNeural_SC-000007_seg8s,13.66,True,True,0.0,True,0.31332357247437775,True,True,0.02,True
data/redteam/factory/sovits_api/mandarin/sovits_api_mandarin_ref_boot_edgetts_mandarin_zh-CN-XiaoxiaoNeural_SC-000007_seg8s_SC-000027.wav,spoof,RT-SOVITS-MANDARIN,clean,"redteam_factory/GPT-SoVITS(v2 API, GPU 批处理)",MIT,sovits_api,mandarin,SC-000027,ref_boot_edgetts_mandarin_zh-CN-XiaoxiaoNeural_SC-000007_seg8s,8.04,True,True,0.0,True,0.3855721393034826,True,True,0.087,True
data/redteam/factory/sovits_api/mandarin/sovits_api_mandarin_ref_boot_edgetts_mandarin_zh-CN-XiaoxiaoNeural_SC-000007_seg8s_SC-000035.wav,spoof,RT-SOVITS-MANDARIN,clean,"redteam_factory/GPT-SoVITS(v2 API, GPU 批处理)",MIT,sovits_api,mandarin,SC-000035,ref_boot_edgetts_mandarin_zh-CN-XiaoxiaoNeural_SC-000007_seg8s,14.2,True,True,0.0,True,0.3563380281690141,True,True,0.053,True
data/redteam/factory/sovits_api/mandarin/sovits_api_mandarin_ref_boot_edgetts_mandarin_zh-CN-XiaoxiaoNeural_SC-000007_seg8s_SC-000044.wav,spoof,RT-SOVITS-MANDARIN,clean,"redteam_factory/GPT-SoVITS(v2 API, GPU 批处理)",MIT,sovits_api,mandarin,SC-000044,ref_boot_edgetts_mandarin_zh-CN-XiaoxiaoNeural_SC-000007_seg8s,8.44,True,True,0.0,True,0.25829383886255924,True,True,0.268,True
data/redteam/factory/sovits_api/mandarin/sovits_api_mandarin_ref_boot_edgetts_mandarin_zh-CN-XiaoxiaoNeural_SC-000007_seg8s_SC-000047.wav,spoof,RT-SOVITS-MANDARIN,clean,"redteam_factory/GPT-SoVITS(v2 API, GPU 批处理)",MIT,sovits_api,mandarin,SC-000047,ref_boot_edgetts_mandarin_zh-CN-XiaoxiaoNeural_SC-000007_seg8s,10.74,True,True,0.0,True,0.3054003724394786,True,True,0.005,True
data/redteam/factory/sovits_api/mandarin/sovits_api_mandarin_ref_boot_edgetts_mandarin_zh-CN-XiaoxiaoNeural_SC-000007_seg8s_SC-000050.wav,spoof,RT-SOVITS-MANDARIN,clean,"redteam_factory/GPT-SoVITS(v2 API, GPU 批处理)",MIT,sovits_api,mandarin,SC-000050,ref_boot_edgetts_mandarin_zh-CN-XiaoxiaoNeural_SC-000007_seg8s,11.16,True,True,0.0,True,0.2867383512544803,True,True,0.074,True
data/redteam/factory/sovits_api/mandarin/sovits_api_mandarin_ref_boot_edgetts_mandarin_zh-CN-XiaoxiaoNeural_SC-000007_seg8s_SC-000074.wav,spoof,RT-SOVITS-MANDARIN,clean,"redteam_factory/GPT-SoVITS(v2 API, GPU 批处理)",MIT,sovits_api,mandarin,SC-000074,ref_boot_edgetts_mandarin_zh-CN-XiaoxiaoNeural_SC-000007_seg8s,10.34,True,True,0.0,True,0.27079303675048355,True,True,0.085,True
data/redteam/factory/sovits_api/mandarin/sovits_api_mandarin_ref_boot_edgetts_mandarin_zh-CN-XiaoxiaoNeural_SC-000007_seg8s_SC-000077.wav,spoof,RT-SOVITS-MANDARIN,clean,"redteam_factory/GPT-SoVITS(v2 API, GPU 批处理)",MIT,sovits_api,mandarin,SC-000077,ref_boot_edgetts_mandarin_zh-CN-XiaoxiaoNeural_SC-000007_seg8s,11.22,True,True,0.0,True,0.34402852049910876,True,True,0.182,True
data/redteam/factory/sovits_api/mandarin/sovits_api_mandarin_ref_boot_edgetts_mandarin_zh-CN-XiaoxiaoNeural_SC-000007_seg8s_SC-000082.wav,spoof,RT-SOVITS-MANDARIN,clean,"redteam_factory/GPT-SoVITS(v2 API, GPU 批处理)",MIT,sovits_api,mandarin,SC-000082,ref_boot_edgetts_mandarin_zh-CN-XiaoxiaoNeural_SC-000007_seg8s,11.42,True,True,0.0,True,0.3660245183887916,True,True,0.27,True
data/redteam/factory/sovits_api/mandarin/sovits_api_mandarin_ref_boot_edgetts_mandarin_zh-CN-XiaoxiaoNeural_SC-000007_seg8s_SC-000085.wav,spoof,RT-SOVITS-MANDARIN,clean,"redteam_factory/GPT-SoVITS(v2 API, GPU 批处理)",MIT,sovits_api,mandarin,SC-000085,ref_boot_edgetts_mandarin_zh-CN-XiaoxiaoNeural_SC-000007_seg8s,7.42,True,True,0.0,True,0.2776280323450135,True,True,0.052,True
data/redteam/factory/sovits_api/mandarin/sovits_api_mandarin_ref_boot_edgetts_mandarin_zh-CN-XiaoxiaoNeural_SC-000007_seg8s_SC-000086.wav,spoof,RT-SOVITS-MANDARIN,clean,"redteam_factory/GPT-SoVITS(v2 API, GPU 批处理)",MIT,sovits_api,mandarin,SC-000086,ref_boot_edgetts_mandarin_zh-CN-XiaoxiaoNeural_SC-000007_seg8s,19.1,True,True,0.0,True,0.27225130890052357,True,True,0.077,True
data/redteam/factory/sovits_api/mandarin/sovits_api_mandarin_ref_boot_edgetts_mandarin_zh-CN-XiaoxiaoNeural_SC-000007_seg8s_SC-000089.wav,spoof,RT-SOVITS-MANDARIN,clean,"redteam_factory/GPT-SoVITS(v2 API, GPU 批处理)",MIT,sovits_api,mandarin,SC-000089,ref_boot_edgetts_mandarin_zh-CN-XiaoxiaoNeural_SC-000007_seg8s,18.82,True,True,0.0,True,0.3432518597236982,True,True,0.063,True
data/redteam/factory/sovits_api/mandarin/sovits_api_mandarin_ref_boot_edgetts_mandarin_zh-CN-XiaoxiaoNeural_SC-000007_seg8s_SC-000091.wav,spoof,RT-SOVITS-MANDARIN,clean,"redteam_factory/GPT-SoVITS(v2 API, GPU 批处理)",MIT,sovits_api,mandarin,SC-000091,ref_boot_edgetts_mandarin_zh-CN-XiaoxiaoNeural_SC-000007_seg8s,12.38,True,True,0.0,True,0.30048465266558966,True,True,0.026,True
data/redteam/factory/sovits_api/mandarin/sovits_api_mandarin_ref_boot_edgetts_mandarin_zh-CN-XiaoxiaoNeural_SC-000007_seg8s_SC-000093.wav,spoof,RT-SOVITS-MANDARIN,clean,"redteam_factory/GPT-SoVITS(v2 API, GPU 批处理)",MIT,sovits_api,mandarin,SC-000093,ref_boot_edgetts_mandarin_zh-CN-XiaoxiaoNeural_SC-000007_seg8s,16.1,True,True,0.0,True,0.2683229813664596,True,True,0.286,True
data/redteam/factory/sovits_api/mandarin/sovits_api_mandarin_ref_boot_edgetts_mandarin_zh-CN-XiaoxiaoNeural_SC-000007_seg8s_SC-000095.wav,spoof,RT-SOVITS-MANDARIN,clean,"redteam_factory/GPT-SoVITS(v2 API, GPU 批处理)",MIT,sovits_api,mandarin,SC-000095,ref_boot_edgetts_mandarin_zh-CN-XiaoxiaoNeural_SC-000007_seg8s,14.42,True,True,0.0,True,0.30513176144244103,True,True,0.135,True
data/redteam/factory/sovits_api/mandarin/sovits_api_mandarin_ref_boot_edgetts_mandarin_zh-CN-XiaoxiaoNeural_SC-000007_seg8s_SC-000096.wav,spoof,RT-SOVITS-MANDARIN,clean,"redteam_factory/GPT-SoVITS(v2 API, GPU 批处理)",MIT,sovits_api,mandarin,SC-000096,ref_boot_edgetts_mandarin_zh-CN-XiaoxiaoNeural_SC-000007_seg8s,17.0,True,True,0.0,True,0.3764705882352941,True,True,0.236,True
data/redteam/factory/sovits_api/mandarin/sovits_api_mandarin_ref_boot_edgetts_mandarin_zh-CN-YunjianNeural_SC-000007_seg8s_SC-000022.wav,spoof,RT-SOVITS-MANDARIN,clean,"redteam_factory/GPT-SoVITS(v2 API, GPU 批处理)",MIT,sovits_api,mandarin,SC-000022,ref_boot_edgetts_mandarin_zh-CN-YunjianNeural_SC-000007_seg8s,13.32,True,True,0.0,True,0.3138138138138138,True,True,0.018,True
data/redteam/factory/sovits_api/mandarin/sovits_api_mandarin_ref_boot_edgetts_mandarin_zh-CN-YunjianNeural_SC-000007_seg8s_SC-000026.wav,spoof,RT-SOVITS-MANDARIN,clean,"redteam_factory/GPT-SoVITS(v2 API, GPU 批处理)",MIT,sovits_api,mandarin,SC-000026,ref_boot_edgetts_mandarin_zh-CN-YunjianNeural_SC-000007_seg8s,14.42,True,True,0.0,True,0.37309292649098474,True,True,0.002,True
data/redteam/factory/sovits_api/mandarin/sovits_api_mandarin_ref_boot_edgetts_mandarin_zh-CN-YunjianNeural_SC-000007_seg8s_SC-000027.wav,spoof,RT-SOVITS-MANDARIN,clean,"redteam_factory/GPT-SoVITS(v2 API, GPU 批处理)",MIT,sovits_api,mandarin,SC-000027,ref_boot_edgetts_mandarin_zh-CN-YunjianNeural_SC-000007_seg8s,7.32,True,True,0.0,True,0.40710382513661203,True,True,0.004,True
data/redteam/factory/sovits_api/mandarin/sovits_api_mandarin_ref_boot_edgetts_mandarin_zh-CN-YunjianNeural_SC-000007_seg8s_SC-000030.wav,spoof,RT-SOVITS-MANDARIN,clean,"redteam_factory/GPT-SoVITS(v2 API, GPU 批处理)",MIT,sovits_api,mandarin,SC-000030,ref_boot_edgetts_mandarin_zh-CN-YunjianNeural_SC-000007_seg8s,16.06,True,True,0.0,True,0.37484433374844334,True,True,0.005,True
data/redteam/factory/sovits_api/mandarin/sovits_api_mandarin_ref_boot_edgetts_mandarin_zh-CN-YunjianNeural_SC-000007_seg8s_SC-000034.wav,spoof,RT-SOVITS-MANDARIN,clean,"redteam_factory/GPT-SoVITS(v2 API, GPU 批处理)",MIT,sovits_api,mandarin,SC-000034,ref_boot_edgetts_mandarin_zh-CN-YunjianNeural_SC-000007_seg8s,12.54,True,True,0.0,True,0.3413078149920255,True,True,0.033,True
data/redteam/factory/sovits_api/mandarin/sovits_api_mandarin_ref_boot_edgetts_mandarin_zh-CN-YunjianNeural_SC-000007_seg8s_SC-000035.wav,spoof,RT-SOVITS-MANDARIN,clean,"redteam_factory/GPT-SoVITS(v2 API, GPU 批处理)",MIT,sovits_api,mandarin,SC-000035,ref_boot_edgetts_mandarin_zh-CN-YunjianNeural_SC-000007_seg8s,10.36,True,True,0.0,True,0.3764478764478765,True,True,0.041,True
data/redteam/factory/sovits_api/mandarin/sovits_api_mandarin_ref_boot_edgetts_mandarin_zh-CN-YunjianNeural_SC-000007_seg8s_SC-000041.wav,spoof,RT-SOVITS-MANDARIN,clean,"redteam_factory/GPT-SoVITS(v2 API, GPU 批处理)",MIT,sovits_api,mandarin,SC-000041,ref_boot_edgetts_mandarin_zh-CN-YunjianNeural_SC-000007_seg8s,9.52,True,True,0.0,True,0.33613445378151263,True,True,0.01,True
data/redteam/factory/sovits_api/mandarin/sovits_api_mandarin_ref_boot_edgetts_mandarin_zh-CN-YunjianNeural_SC-000007_seg8s_SC-000044.wav,spoof,RT-SOVITS-MANDARIN,clean,"redteam_factory/GPT-SoVITS(v2 API, GPU 批处理)",MIT,sovits_api,mandarin,SC-000044,ref_boot_edgetts_mandarin_zh-CN-YunjianNeural_SC-000007_seg8s,10.52,True,True,0.0,True,0.33269961977186313,True,True,0.012,True
data/redteam/factory/sovits_api/mandarin/sovits_api_mandarin_ref_boot_edgetts_mandarin_zh-CN-YunjianNeural_SC-000007_seg8s_SC-000045.wav,spoof,RT-SOVITS-MANDARIN,clean,"redteam_factory/GPT-SoVITS(v2 API, GPU 批处理)",MIT,sovits_api,mandarin,SC-000045,ref_boot_edgetts_mandarin_zh-CN-YunjianNeural_SC-000007_seg8s,10.36,True,True,0.0,True,0.3166023166023166,True,True,0.027,True
data/redteam/factory/sovits_api/mandarin/sovits_api_mandarin_ref_boot_edgetts_mandarin_zh-CN-YunjianNeural_SC-000007_seg8s_SC-000046.wav,spoof,RT-SOVITS-MANDARIN,clean,"redteam_factory/GPT-SoVITS(v2 API, GPU 批处理)",MIT,sovits_api,mandarin,SC-000046,ref_boot_edgetts_mandarin_zh-CN-YunjianNeural_SC-000007_seg8s,18.24,True,True,0.0,True,0.37390350877192985,True,True,0.013,True
data/redteam/factory/sovits_api/mandarin/sovits_api_mandarin_ref_boot_edgetts_mandarin_zh-CN-YunjianNeural_SC-000007_seg8s_SC-000047.wav,spoof,RT-SOVITS-MANDARIN,clean,"redteam_factory/GPT-SoVITS(v2 API, GPU 批处理)",MIT,sovits_api,mandarin,SC-000047,ref_boot_edgetts_mandarin_zh-CN-YunjianNeural_SC-000007_seg8s,10.22,True,True,0.0,True,0.41487279843444225,True,True,0.005,True
data/redteam/factory/sovits_api/mandarin/sovits_api_mandarin_ref_boot_edgetts_mandarin_zh-CN-YunjianNeural_SC-000007_seg8s_SC-000050.wav,spoof,RT-SOVITS-MANDARIN,clean,"redteam_factory/GPT-SoVITS(v2 API, GPU 批处理)",MIT,sovits_api,mandarin,SC-000050,ref_boot_edgetts_mandarin_zh-CN-YunjianNeural_SC-000007_seg8s,8.72,True,True,0.0,True,0.29128440366972475,True,True,0.076,True
data/redteam/factory/sovits_api/mandarin/sovits_api_mandarin_ref_boot_edgetts_mandarin_zh-CN-YunjianNeural_SC-000007_seg8s_SC-000053.wav,spoof,RT-SOVITS-MANDARIN,clean,"redteam_factory/GPT-SoVITS(v2 API, GPU 批处理)",MIT,sovits_api,mandarin,SC-000053,ref_boot_edgetts_mandarin_zh-CN-YunjianNeural_SC-000007_seg8s,6.22,True,True,0.0,True,0.4887459807073955,True,True,0.0,True
data/redteam/factory/sovits_api/mandarin/sovits_api_mandarin_ref_boot_edgetts_mandarin_zh-CN-YunjianNeural_SC-000007_seg8s_SC-000057.wav,spoof,RT-SOVITS-MANDARIN,clean,"redteam_factory/GPT-SoVITS(v2 API, GPU 批处理)",MIT,sovits_api,mandarin,SC-000057,ref_boot_edgetts_mandarin_zh-CN-YunjianNeural_SC-000007_seg8s,10.32,True,True,0.0,True,0.36046511627906974,True,True,0.1,True
data/redteam/factory/sovits_api/mandarin/sovits_api_mandarin_ref_boot_edgetts_mandarin_zh-CN-YunjianNeural_SC-000007_seg8s_SC-000058.wav,spoof,RT-SOVITS-MANDARIN,clean,"redteam_factory/GPT-SoVITS(v2 API, GPU 批处理)",MIT,sovits_api,mandarin,SC-000058,ref_boot_edgetts_mandarin_zh-CN-YunjianNeural_SC-000007_seg8s,14.1,True,True,0.0,True,0.37872340425531914,True,True,0.007,True
data/redteam/factory/sovits_api/mandarin/sovits_api_mandarin_ref_boot_edgetts_mandarin_zh-CN-YunjianNeural_SC-000007_seg8s_SC-000060.wav,spoof,RT-SOVITS-MANDARIN,clean,"redteam_factory/GPT-SoVITS(v2 API, GPU 批处理)",MIT,sovits_api,mandarin,SC-000060,ref_boot_edgetts_mandarin_zh-CN-YunjianNeural_SC-000007_seg8s,10.22,True,True,0.0,True,0.38551859099804303,True,True,0.018,True
data/redteam/factory/sovits_api/mandarin/sovits_api_mandarin_ref_boot_edgetts_mandarin_zh-CN-YunjianNeural_SC-000007_seg8s_SC-000065.wav,spoof,RT-SOVITS-MANDARIN,clean,"redteam_factory/GPT-SoVITS(v2 API, GPU 批处理)",MIT,sovits_api,mandarin,SC-000065,ref_boot_edgetts_mandarin_zh-CN-YunjianNeural_SC-000007_seg8s,13.36,True,True,0.0,True,0.344311377245509,True,True,0.004,True
data/redteam/factory/sovits_api/mandarin/sovits_api_mandarin_ref_boot_edgetts_mandarin_zh-CN-YunjianNeural_SC-000007_seg8s_SC-000070.wav,spoof,RT-SOVITS-MANDARIN,clean,"redteam_factory/GPT-SoVITS(v2 API, GPU 批处理)",MIT,sovits_api,mandarin,SC-000070,ref_boot_edgetts_mandarin_zh-CN-YunjianNeural_SC-000007_seg8s,13.76,True,True,0.0,True,0.39680232558139533,True,True,0.028,True
data/redteam/factory/sovits_api/mandarin/sovits_api_mandarin_ref_boot_edgetts_mandarin_zh-CN-YunjianNeural_SC-000007_seg8s_SC-000072.wav,spoof,RT-SOVITS-MANDARIN,clean,"redteam_factory/GPT-SoVITS(v2 API, GPU 批处理)",MIT,sovits_api,mandarin,SC-000072,ref_boot_edgetts_mandarin_zh-CN-YunjianNeural_SC-000007_seg8s,10.22,True,True,0.0,True,0.30528375733855184,True,True,0.003,True
data/redteam/factory/sovits_api/mandarin/sovits_api_mandarin_ref_boot_edgetts_mandarin_zh-CN-YunjianNeural_SC-000007_seg8s_SC-000074.wav,spoof,RT-SOVITS-MANDARIN,clean,"redteam_factory/GPT-SoVITS(v2 API, GPU 批处理)",MIT,sovits_api,mandarin,SC-000074,ref_boot_edgetts_mandarin_zh-CN-YunjianNeural_SC-000007_seg8s,11.3,True,True,0.0,True,0.3415929203539823,True,True,0.005,True
data/redteam/factory/sovits_api/mandarin/sovits_api_mandarin_ref_boot_edgetts_mandarin_zh-CN-YunjianNeural_SC-000007_seg8s_SC-000077.wav,spoof,RT-SOVITS-MANDARIN,clean,"redteam_factory/GPT-SoVITS(v2 API, GPU 批处理)",MIT,sovits_api,mandarin,SC-000077,ref_boot_edgetts_mandarin_zh-CN-YunjianNeural_SC-000007_seg8s,10.02,True,True,0.0,True,0.3093812375249501,True,True,0.141,True
data/redteam/factory/sovits_api/mandarin/sovits_api_mandarin_ref_boot_edgetts_mandarin_zh-CN-YunjianNeural_SC-000007_seg8s_SC-000082.wav,spoof,RT-SOVITS-MANDARIN,clean,"redteam_factory/GPT-SoVITS(v2 API, GPU 批处理)",MIT,sovits_api,mandarin,SC-000082,ref_boot_edgetts_mandarin_zh-CN-YunjianNeural_SC-000007_seg8s,10.82,True,True,0.0,True,0.4879852125693161,True,True,0.015,True
data/redteam/factory/sovits_api/mandarin/sovits_api_mandarin_ref_boot_edgetts_mandarin_zh-CN-YunjianNeural_SC-000007_seg8s_SC-000083.wav,spoof,RT-SOVITS-MANDARIN,clean,"redteam_factory/GPT-SoVITS(v2 API, GPU 批处理)",MIT,sovits_api,mandarin,SC-000083,ref_boot_edgetts_mandarin_zh-CN-YunjianNeural_SC-000007_seg8s,15.8,True,True,0.0,True,0.41645569620253164,True,True,0.004,True
data/redteam/factory/sovits_api/mandarin/sovits_api_mandarin_ref_boot_edgetts_mandarin_zh-CN-YunjianNeural_SC-000007_seg8s_SC-000085.wav,spoof,RT-SOVITS-MANDARIN,clean,"redteam_factory/GPT-SoVITS(v2 API, GPU 批处理)",MIT,sovits_api,mandarin,SC-000085,ref_boot_edgetts_mandarin_zh-CN-YunjianNeural_SC-000007_seg8s,7.14,True,True,0.0,True,0.30532212885154064,True,True,0.012,True
data/redteam/factory/sovits_api/mandarin/sovits_api_mandarin_ref_boot_edgetts_mandarin_zh-CN-YunjianNeural_SC-000007_seg8s_SC-000086.wav,spoof,RT-SOVITS-MANDARIN,clean,"redteam_factory/GPT-SoVITS(v2 API, GPU 批处理)",MIT,sovits_api,mandarin,SC-000086,ref_boot_edgetts_mandarin_zh-CN-YunjianNeural_SC-000007_seg8s,17.74,True,True,0.0,True,0.2773393461104848,True,True,0.034,True
data/redteam/factory/sovits_api/mandarin/sovits_api_mandarin_ref_boot_edgetts_mandarin_zh-CN-YunjianNeural_SC-000007_seg8s_SC-000089.wav,spoof,RT-SOVITS-MANDARIN,clean,"redteam_factory/GPT-SoVITS(v2 API, GPU 批处理)",MIT,sovits_api,mandarin,SC-000089,ref_boot_edgetts_mandarin_zh-CN-YunjianNeural_SC-000007_seg8s,19.9,True,True,0.0,True,0.3507537688442211,True,True,0.023,True
data/redteam/factory/sovits_api/mandarin/sovits_api_mandarin_ref_boot_edgetts_mandarin_zh-CN-YunjianNeural_SC-000007_seg8s_SC-000091.wav,spoof,RT-SOVITS-MANDARIN,clean,"redteam_factory/GPT-SoVITS(v2 API, GPU 批处理)",MIT,sovits_api,mandarin,SC-000091,ref_boot_edgetts_mandarin_zh-CN-YunjianNeural_SC-000007_seg8s,10.78,True,True,0.0,True,0.31539888682745826,True,True,0.02,True
data/redteam/factory/sovits_api/mandarin/sovits_api_mandarin_ref_boot_edgetts_mandarin_zh-CN-YunjianNeural_SC-000007_seg8s_SC-000092.wav,spoof,RT-SOVITS-MANDARIN,clean,"redteam_factory/GPT-SoVITS(v2 API, GPU 批处理)",MIT,sovits_api,mandarin,SC-000092,ref_boot_edgetts_mandarin_zh-CN-YunjianNeural_SC-000007_seg8s,15.18,True,True,0.0,True,0.33992094861660077,True,True,0.002,True
data/redteam/factory/sovits_api/mandarin/sovits_api_mandarin_ref_boot_edgetts_mandarin_zh-CN-YunjianNeural_SC-000007_seg8s_SC-000093.wav,spoof,RT-SOVITS-MANDARIN,clean,"redteam_factory/GPT-SoVITS(v2 API, GPU 批处理)",MIT,sovits_api,mandarin,SC-000093,ref_boot_edgetts_mandarin_zh-CN-YunjianNeural_SC-000007_seg8s,19.3,True,True,0.0,True,0.28704663212435233,True,True,0.004,True
data/redteam/factory/sovits_api/mandarin/sovits_api_mandarin_ref_boot_edgetts_mandarin_zh-CN-YunjianNeural_SC-000007_seg8s_SC-000095.wav,spoof,RT-SOVITS-MANDARIN,clean,"redteam_factory/GPT-SoVITS(v2 API, GPU 批处理)",MIT,sovits_api,mandarin,SC-000095,ref_boot_edgetts_mandarin_zh-CN-YunjianNeural_SC-000007_seg8s,14.5,True,True,0.0,True,0.3213793103448276,True,True,0.024,True
data/redteam/factory/sovits_api/mandarin/sovits_api_mandarin_ref_boot_edgetts_mandarin_zh-CN-YunjianNeural_SC-000007_seg8s_SC-000096.wav,spoof,RT-SOVITS-MANDARIN,clean,"redteam_factory/GPT-SoVITS(v2 API, GPU 批处理)",MIT,sovits_api,mandarin,SC-000096,ref_boot_edgetts_mandarin_zh-CN-YunjianNeural_SC-000007_seg8s,16.2,True,True,0.0,True,0.39753086419753086,True,True,0.014,True
data/redteam/factory/sovits_api/mandarin/sovits_api_mandarin_ref_boot_edgetts_mandarin_zh-CN-YunxiNeural_SC-000007_seg8s_SC-000022.wav,spoof,RT-SOVITS-MANDARIN,clean,"redteam_factory/GPT-SoVITS(v2 API, GPU 批处理)",MIT,sovits_api,mandarin,SC-000022,ref_boot_edgetts_mandarin_zh-CN-YunxiNeural_SC-000007_seg8s,13.52,True,True,0.0,True,0.39644970414201186,True,True,0.008,True
data/redteam/factory/sovits_api/mandarin/sovits_api_mandarin_ref_boot_edgetts_mandarin_zh-CN-YunxiNeural_SC-000007_seg8s_SC-000026.wav,spoof,RT-SOVITS-MANDARIN,clean,"redteam_factory/GPT-SoVITS(v2 API, GPU 批处理)",MIT,sovits_api,mandarin,SC-000026,ref_boot_edgetts_mandarin_zh-CN-YunxiNeural_SC-000007_seg8s,13.66,True,True,0.0,True,0.39092240117130306,True,True,0.004,True
data/redteam/factory/sovits_api/mandarin/sovits_api_mandarin_ref_boot_edgetts_mandarin_zh-CN-YunxiNeural_SC-000007_seg8s_SC-000027.wav,spoof,RT-SOVITS-MANDARIN,clean,"redteam_factory/GPT-SoVITS(v2 API, GPU 批处理)",MIT,sovits_api,mandarin,SC-000027,ref_boot_edgetts_mandarin_zh-CN-YunxiNeural_SC-000007_seg8s,8.84,True,True,0.0,True,0.4796380090497738,True,True,0.005,True
data/redteam/factory/sovits_api/mandarin/sovits_api_mandarin_ref_boot_edgetts_mandarin_zh-CN-YunxiNeural_SC-000007_seg8s_SC-000030.wav,spoof,RT-SOVITS-MANDARIN,clean,"redteam_factory/GPT-SoVITS(v2 API, GPU 批处理)",MIT,sovits_api,mandarin,SC-000030,ref_boot_edgetts_mandarin_zh-CN-YunxiNeural_SC-000007_seg8s,12.9,True,True,0.0,True,0.3457364341085271,True,True,0.012,True
data/redteam/factory/sovits_api/mandarin/sovits_api_mandarin_ref_boot_edgetts_mandarin_zh-CN-YunxiNeural_SC-000007_seg8s_SC-000034.wav,spoof,RT-SOVITS-MANDARIN,clean,"redteam_factory/GPT-SoVITS(v2 API, GPU 批处理)",MIT,sovits_api,mandarin,SC-000034,ref_boot_edgetts_mandarin_zh-CN-YunxiNeural_SC-000007_seg8s,12.62,True,True,0.0,True,0.329635499207607,True,True,0.014,True
data/redteam/factory/sovits_api/mandarin/sovits_api_mandarin_ref_boot_edgetts_mandarin_zh-CN-YunxiNeural_SC-000007_seg8s_SC-000035.wav,spoof,RT-SOVITS-MANDARIN,clean,"redteam_factory/GPT-SoVITS(v2 API, GPU 批处理)",MIT,sovits_api,mandarin,SC-000035,ref_boot_edgetts_mandarin_zh-CN-YunxiNeural_SC-000007_seg8s,13.92,True,True,0.0,True,0.40373563218390807,True,True,0.017,True
data/redteam/factory/sovits_api/mandarin/sovits_api_mandarin_ref_boot_edgetts_mandarin_zh-CN-YunxiNeural_SC-000007_seg8s_SC-000037.wav,spoof,RT-SOVITS-MANDARIN,clean,"redteam_factory/GPT-SoVITS(v2 API, GPU 批处理)",MIT,sovits_api,mandarin,SC-000037,ref_boot_edgetts_mandarin_zh-CN-YunxiNeural_SC-000007_seg8s,18.94,True,True,0.0,True,0.33157338965153116,True,True,0.087,True
data/redteam/factory/sovits_api/mandarin/sovits_api_mandarin_ref_boot_edgetts_mandarin_zh-CN-YunxiNeural_SC-000007_seg8s_SC-000041.wav,spoof,RT-SOVITS-MANDARIN,clean,"redteam_factory/GPT-SoVITS(v2 API, GPU 批处理)",MIT,sovits_api,mandarin,SC-000041,ref_boot_edgetts_mandarin_zh-CN-YunxiNeural_SC-000007_seg8s,8.84,True,True,0.0,True,0.3552036199095023,True,True,0.02,True
data/redteam/factory/sovits_api/mandarin/sovits_api_mandarin_ref_boot_edgetts_mandarin_zh-CN-YunxiNeural_SC-000007_seg8s_SC-000044.wav,spoof,RT-SOVITS-MANDARIN,clean,"redteam_factory/GPT-SoVITS(v2 API, GPU 批处理)",MIT,sovits_api,mandarin,SC-000044,ref_boot_edgetts_mandarin_zh-CN-YunxiNeural_SC-000007_seg8s,9.68,True,True,0.0,True,0.3347107438016529,True,True,0.042,True
data/redteam/factory/sovits_api/mandarin/sovits_api_mandarin_ref_boot_edgetts_mandarin_zh-CN-YunxiNeural_SC-000007_seg8s_SC-000045.wav,spoof,RT-SOVITS-MANDARIN,clean,"redteam_factory/GPT-SoVITS(v2 API, GPU 批处理)",MIT,sovits_api,mandarin,SC-000045,ref_boot_edgetts_mandarin_zh-CN-YunxiNeural_SC-000007_seg8s,8.84,True,True,0.0,True,0.33031674208144796,True,True,0.021,True
data/redteam/factory/sovits_api/mandarin/sovits_api_mandarin_ref_boot_edgetts_mandarin_zh-CN-YunxiNeural_SC-000007_seg8s_SC-000046.wav,spoof,RT-SOVITS-MANDARIN,clean,"redteam_factory/GPT-SoVITS(v2 API, GPU 批处理)",MIT,sovits_api,mandarin,SC-000046,ref_boot_edgetts_mandarin_zh-CN-YunxiNeural_SC-000007_seg8s,14.68,True,True,0.0,True,0.385558583106267,True,True,0.039,True
data/redteam/factory/sovits_api/mandarin/sovits_api_mandarin_ref_boot_edgetts_mandarin_zh-CN-YunxiNeural_SC-000007_seg8s_SC-000047.wav,spoof,RT-SOVITS-MANDARIN,clean,"redteam_factory/GPT-SoVITS(v2 API, GPU 批处理)",MIT,sovits_api,mandarin,SC-000047,ref_boot_edgetts_mandarin_zh-CN-YunxiNeural_SC-000007_seg8s,8.62,True,True,0.0,True,0.37122969837587005,True,True,0.017,True
data/redteam/factory/sovits_api/mandarin/sovits_api_mandarin_ref_boot_edgetts_mandarin_zh-CN-YunxiNeural_SC-000007_seg8s_SC-000050.wav,spoof,RT-SOVITS-MANDARIN,clean,"redteam_factory/GPT-SoVITS(v2 API, GPU 批处理)",MIT,sovits_api,mandarin,SC-000050,ref_boot_edgetts_mandarin_zh-CN-YunxiNeural_SC-000007_seg8s,8.52,True,True,0.0,True,0.31220657276995306,True,True,0.037,True
data/redteam/factory/sovits_api/mandarin/sovits_api_mandarin_ref_boot_edgetts_mandarin_zh-CN-YunxiNeural_SC-000007_seg8s_SC-000057.wav,spoof,RT-SOVITS-MANDARIN,clean,"redteam_factory/GPT-SoVITS(v2 API, GPU 批处理)",MIT,sovits_api,mandarin,SC-000057,ref_boot_edgetts_mandarin_zh-CN-YunxiNeural_SC-000007_seg8s,9.8,True,True,0.0,True,0.35714285714285715,True,True,0.089,True
data/redteam/factory/sovits_api/mandarin/sovits_api_mandarin_ref_boot_edgetts_mandarin_zh-CN-YunxiNeural_SC-000007_seg8s_SC-000058.wav,spoof,RT-SOVITS-MANDARIN,clean,"redteam_factory/GPT-SoVITS(v2 API, GPU 批处理)",MIT,sovits_api,mandarin,SC-000058,ref_boot_edgetts_mandarin_zh-CN-YunxiNeural_SC-000007_seg8s,13.7,True,True,0.0,True,0.3970802919708029,True,True,0.021,True
data/redteam/factory/sovits_api/mandarin/sovits_api_mandarin_ref_boot_edgetts_mandarin_zh-CN-YunxiNeural_SC-000007_seg8s_SC-000060.wav,spoof,RT-SOVITS-MANDARIN,clean,"redteam_factory/GPT-SoVITS(v2 API, GPU 批处理)",MIT,sovits_api,mandarin,SC-000060,ref_boot_edgetts_mandarin_zh-CN-YunxiNeural_SC-000007_seg8s,10.18,True,True,0.0,True,0.4204322200392927,True,True,0.018,True
data/redteam/factory/sovits_api/mandarin/sovits_api_mandarin_ref_boot_edgetts_mandarin_zh-CN-YunxiNeural_SC-000007_seg8s_SC-000065.wav,spoof,RT-SOVITS-MANDARIN,clean,"redteam_factory/GPT-SoVITS(v2 API, GPU 批处理)",MIT,sovits_api,mandarin,SC-000065,ref_boot_edgetts_mandarin_zh-CN-YunxiNeural_SC-000007_seg8s,13.56,True,True,0.0,True,0.3997050147492625,True,True,0.064,True
data/redteam/factory/sovits_api/mandarin/sovits_api_mandarin_ref_boot_edgetts_mandarin_zh-CN-YunxiNeural_SC-000007_seg8s_SC-000069.wav,spoof,RT-SOVITS-MANDARIN,clean,"redteam_factory/GPT-SoVITS(v2 API, GPU 批处理)",MIT,sovits_api,mandarin,SC-000069,ref_boot_edgetts_mandarin_zh-CN-YunxiNeural_SC-000007_seg8s,20.0,True,True,0.0,True,0.331,True,True,0.003,True
data/redteam/factory/sovits_api/mandarin/sovits_api_mandarin_ref_boot_edgetts_mandarin_zh-CN-YunxiNeural_SC-000007_seg8s_SC-000070.wav,spoof,RT-SOVITS-MANDARIN,clean,"redteam_factory/GPT-SoVITS(v2 API, GPU 批处理)",MIT,sovits_api,mandarin,SC-000070,ref_boot_edgetts_mandarin_zh-CN-YunxiNeural_SC-000007_seg8s,13.56,True,True,0.0,True,0.415929203539823,True,True,0.017,True
data/redteam/factory/sovits_api/mandarin/sovits_api_mandarin_ref_boot_edgetts_mandarin_zh-CN-YunxiNeural_SC-000007_seg8s_SC-000072.wav,spoof,RT-SOVITS-MANDARIN,clean,"redteam_factory/GPT-SoVITS(v2 API, GPU 批处理)",MIT,sovits_api,mandarin,SC-000072,ref_boot_edgetts_mandarin_zh-CN-YunxiNeural_SC-000007_seg8s,10.3,True,True,0.0,True,0.3533980582524272,True,True,0.006,True
data/redteam/factory/sovits_api/mandarin/sovits_api_mandarin_ref_boot_edgetts_mandarin_zh-CN-YunxiNeural_SC-000007_seg8s_SC-000074.wav,spoof,RT-SOVITS-MANDARIN,clean,"redteam_factory/GPT-SoVITS(v2 API, GPU 批处理)",MIT,sovits_api,mandarin,SC-000074,ref_boot_edgetts_mandarin_zh-CN-YunxiNeural_SC-000007_seg8s,10.74,True,True,0.0,True,0.38361266294227186,True,True,0.112,True
data/redteam/factory/sovits_api/mandarin/sovits_api_mandarin_ref_boot_edgetts_mandarin_zh-CN-YunxiNeural_SC-000007_seg8s_SC-000077.wav,spoof,RT-SOVITS-MANDARIN,clean,"redteam_factory/GPT-SoVITS(v2 API, GPU 批处理)",MIT,sovits_api,mandarin,SC-000077,ref_boot_edgetts_mandarin_zh-CN-YunxiNeural_SC-000007_seg8s,11.46,True,True,0.0,True,0.37521815008726006,True,True,0.09,True
data/redteam/factory/sovits_api/mandarin/sovits_api_mandarin_ref_boot_edgetts_mandarin_zh-CN-YunxiNeural_SC-000007_seg8s_SC-000082.wav,spoof,RT-SOVITS-MANDARIN,clean,"redteam_factory/GPT-SoVITS(v2 API, GPU 批处理)",MIT,sovits_api,mandarin,SC-000082,ref_boot_edgetts_mandarin_zh-CN-YunxiNeural_SC-000007_seg8s,12.5,True,True,0.0,True,0.4496,True,True,0.008,True
data/redteam/factory/sovits_api/mandarin/sovits_api_mandarin_ref_boot_edgetts_mandarin_zh-CN-YunxiNeural_SC-000007_seg8s_SC-000083.wav,spoof,RT-SOVITS-MANDARIN,clean,"redteam_factory/GPT-SoVITS(v2 API, GPU 批处理)",MIT,sovits_api,mandarin,SC-000083,ref_boot_edgetts_mandarin_zh-CN-YunxiNeural_SC-000007_seg8s,15.48,True,True,0.0,True,0.3708010335917313,True,True,0.051,True
data/redteam/factory/sovits_api/mandarin/sovits_api_mandarin_ref_boot_edgetts_mandarin_zh-CN-YunxiNeural_SC-000007_seg8s_SC-000085.wav,spoof,RT-SOVITS-MANDARIN,clean,"redteam_factory/GPT-SoVITS(v2 API, GPU 批处理)",MIT,sovits_api,mandarin,SC-000085,ref_boot_edgetts_mandarin_zh-CN-YunxiNeural_SC-000007_seg8s,7.26,True,True,0.0,True,0.33884297520661155,True,True,0.06,True
data/redteam/factory/sovits_api/mandarin/sovits_api_mandarin_ref_boot_edgetts_mandarin_zh-CN-YunxiNeural_SC-000007_seg8s_SC-000089.wav,spoof,RT-SOVITS-MANDARIN,clean,"redteam_factory/GPT-SoVITS(v2 API, GPU 批处理)",MIT,sovits_api,mandarin,SC-000089,ref_boot_edgetts_mandarin_zh-CN-YunxiNeural_SC-000007_seg8s,19.18,True,True,0.0,True,0.3660062565172054,True,True,0.038,True
data/redteam/factory/sovits_api/mandarin/sovits_api_mandarin_ref_boot_edgetts_mandarin_zh-CN-YunxiNeural_SC-000007_seg8s_SC-000091.wav,spoof,RT-SOVITS-MANDARIN,clean,"redteam_factory/GPT-SoVITS(v2 API, GPU 批处理)",MIT,sovits_api,mandarin,SC-000091,ref_boot_edgetts_mandarin_zh-CN-YunxiNeural_SC-000007_seg8s,14.18,True,True,0.0,True,0.39633286318758815,True,True,0.279,True
data/redteam/factory/sovits_api/mandarin/sovits_api_mandarin_ref_boot_edgetts_mandarin_zh-CN-YunxiNeural_SC-000007_seg8s_SC-000092.wav,spoof,RT-SOVITS-MANDARIN,clean,"redteam_factory/GPT-SoVITS(v2 API, GPU 批处理)",MIT,sovits_api,mandarin,SC-000092,ref_boot_edgetts_mandarin_zh-CN-YunxiNeural_SC-000007_seg8s,13.94,True,True,0.0,True,0.2998565279770445,True,True,0.005,True
data/redteam/factory/sovits_api/mandarin/sovits_api_mandarin_ref_boot_edgetts_mandarin_zh-CN-YunxiNeural_SC-000007_seg8s_SC-000093.wav,spoof,RT-SOVITS-MANDARIN,clean,"redteam_factory/GPT-SoVITS(v2 API, GPU 批处理)",MIT,sovits_api,mandarin,SC-000093,ref_boot_edgetts_mandarin_zh-CN-YunxiNeural_SC-000007_seg8s,18.18,True,True,0.0,True,0.3432343234323432,True,True,0.013,True
data/redteam/factory/sovits_api/mandarin/sovits_api_mandarin_ref_boot_edgetts_mandarin_zh-CN-YunxiNeural_SC-000007_seg8s_SC-000095.wav,spoof,RT-SOVITS-MANDARIN,clean,"redteam_factory/GPT-SoVITS(v2 API, GPU 批处理)",MIT,sovits_api,mandarin,SC-000095,ref_boot_edgetts_mandarin_zh-CN-YunxiNeural_SC-000007_seg8s,15.06,True,True,0.0,True,0.3598937583001328,True,True,0.01,True
data/redteam/factory/sovits_api/mandarin/sovits_api_mandarin_ref_boot_edgetts_mandarin_zh-CN-YunxiNeural_SC-000007_seg8s_SC-000096.wav,spoof,RT-SOVITS-MANDARIN,clean,"redteam_factory/GPT-SoVITS(v2 API, GPU 批处理)",MIT,sovits_api,mandarin,SC-000096,ref_boot_edgetts_mandarin_zh-CN-YunxiNeural_SC-000007_seg8s,18.32,True,True,0.0,True,0.3875545851528384,True,True,0.011,True
data/redteam/factory/sovits_api/minnan/sovits_api_minnan_ref_boot_edgetts_minnan_zh-TW-HsiaoChenNeural_SC-000001_SC-000023.wav,spoof,RT-SOVITS-MINNAN,clean,"redteam_factory/GPT-SoVITS(v2 API, GPU 批处理)",MIT,sovits_api,minnan,SC-000023,ref_boot_edgetts_minnan_zh-TW-HsiaoChenNeural_SC-000001,9.78,True,True,0.0,True,0.35991820040899797,True,True,0.001,True
data/redteam/factory/sovits_api/minnan/sovits_api_minnan_ref_boot_edgetts_minnan_zh-TW-HsiaoChenNeural_SC-000001_SC-000054.wav,spoof,RT-SOVITS-MINNAN,clean,"redteam_factory/GPT-SoVITS(v2 API, GPU 批处理)",MIT,sovits_api,minnan,SC-000054,ref_boot_edgetts_minnan_zh-TW-HsiaoChenNeural_SC-000001,13.06,True,True,0.0,True,0.3430321592649311,True,True,0.092,True
data/redteam/factory/sovits_api/minnan/sovits_api_minnan_ref_boot_edgetts_minnan_zh-TW-HsiaoChenNeural_SC-000001_SC-000055.wav,spoof,RT-SOVITS-MINNAN,clean,"redteam_factory/GPT-SoVITS(v2 API, GPU 批处理)",MIT,sovits_api,minnan,SC-000055,ref_boot_edgetts_minnan_zh-TW-HsiaoChenNeural_SC-000001,10.36,True,True,0.0,True,0.42277992277992277,True,True,0.037,True
data/redteam/factory/sovits_api/minnan/sovits_api_minnan_ref_boot_edgetts_minnan_zh-TW-HsiaoChenNeural_SC-000001_SC-000059.wav,spoof,RT-SOVITS-MINNAN,clean,"redteam_factory/GPT-SoVITS(v2 API, GPU 批处理)",MIT,sovits_api,minnan,SC-000059,ref_boot_edgetts_minnan_zh-TW-HsiaoChenNeural_SC-000001,13.84,True,True,0.0,True,0.2846820809248555,True,True,0.001,True
data/redteam/factory/sovits_api/minnan/sovits_api_minnan_ref_boot_edgetts_minnan_zh-TW-HsiaoChenNeural_SC-000001_SC-000063.wav,spoof,RT-SOVITS-MINNAN,clean,"redteam_factory/GPT-SoVITS(v2 API, GPU 批处理)",MIT,sovits_api,minnan,SC-000063,ref_boot_edgetts_minnan_zh-TW-HsiaoChenNeural_SC-000001,17.22,True,True,0.0,True,0.19279907084785133,True,True,0.049,True
data/redteam/factory/sovits_api/minnan/sovits_api_minnan_ref_boot_edgetts_minnan_zh-TW-HsiaoChenNeural_SC-000001_SC-000071.wav,spoof,RT-SOVITS-MINNAN,clean,"redteam_factory/GPT-SoVITS(v2 API, GPU 批处理)",MIT,sovits_api,minnan,SC-000071,ref_boot_edgetts_minnan_zh-TW-HsiaoChenNeural_SC-000001,17.84,True,True,0.0,True,0.36434977578475336,True,True,0.033,True
data/redteam/factory/sovits_api/minnan/sovits_api_minnan_ref_boot_edgetts_minnan_zh-TW-HsiaoChenNeural_SC-000001_SC-000130.wav,spoof,RT-SOVITS-MINNAN,clean,"redteam_factory/GPT-SoVITS(v2 API, GPU 批处理)",MIT,sovits_api,minnan,SC-000130,ref_boot_edgetts_minnan_zh-TW-HsiaoChenNeural_SC-000001,12.96,True,True,0.0,True,0.3611111111111111,True,True,0.018,True
data/redteam/factory/sovits_api/minnan/sovits_api_minnan_ref_boot_edgetts_minnan_zh-TW-HsiaoChenNeural_SC-000001_SC-000156.wav,spoof,RT-SOVITS-MINNAN,clean,"redteam_factory/GPT-SoVITS(v2 API, GPU 批处理)",MIT,sovits_api,minnan,SC-000156,ref_boot_edgetts_minnan_zh-TW-HsiaoChenNeural_SC-000001,19.4,True,True,0.0,True,0.35360824742268043,True,True,0.03,True
data/redteam/factory/sovits_api/minnan/sovits_api_minnan_ref_boot_edgetts_minnan_zh-TW-HsiaoChenNeural_SC-000001_SC-000192.wav,spoof,RT-SOVITS-MINNAN,clean,"redteam_factory/GPT-SoVITS(v2 API, GPU 批处理)",MIT,sovits_api,minnan,SC-000192,ref_boot_edgetts_minnan_zh-TW-HsiaoChenNeural_SC-000001,16.18,True,True,0.0,True,0.3016069221260816,True,True,0.179,True
data/redteam/factory/sovits_api/minnan/sovits_api_minnan_ref_boot_edgetts_minnan_zh-TW-HsiaoChenNeural_SC-000001_SC-000196.wav,spoof,RT-SOVITS-MINNAN,clean,"redteam_factory/GPT-SoVITS(v2 API, GPU 批处理)",MIT,sovits_api,minnan,SC-000196,ref_boot_edgetts_minnan_zh-TW-HsiaoChenNeural_SC-000001,16.32,True,True,0.0,True,0.24509803921568626,True,True,0.024,True
data/redteam/factory/sovits_api/minnan/sovits_api_minnan_ref_boot_edgetts_minnan_zh-TW-HsiaoChenNeural_SC-000001_SC-000207.wav,spoof,RT-SOVITS-MINNAN,clean,"redteam_factory/GPT-SoVITS(v2 API, GPU 批处理)",MIT,sovits_api,minnan,SC-000207,ref_boot_edgetts_minnan_zh-TW-HsiaoChenNeural_SC-000001,9.5,True,True,0.0,True,0.25894736842105265,True,True,0.024,True
data/redteam/factory/sovits_api/minnan/sovits_api_minnan_ref_boot_edgetts_minnan_zh-TW-HsiaoChenNeural_SC-000001_SC-000229.wav,spoof,RT-SOVITS-MINNAN,clean,"redteam_factory/GPT-SoVITS(v2 API, GPU 批处理)",MIT,sovits_api,minnan,SC-000229,ref_boot_edgetts_minnan_zh-TW-HsiaoChenNeural_SC-000001,11.64,True,True,0.0,True,0.3556701030927835,True,True,0.023,True
data/redteam/factory/sovits_api/minnan/sovits_api_minnan_ref_boot_edgetts_minnan_zh-TW-HsiaoChenNeural_SC-000001_SC-000237.wav,spoof,RT-SOVITS-MINNAN,clean,"redteam_factory/GPT-SoVITS(v2 API, GPU 批处理)",MIT,sovits_api,minnan,SC-000237,ref_boot_edgetts_minnan_zh-TW-HsiaoChenNeural_SC-000001,8.6,True,True,0.0,True,0.27674418604651163,True,True,0.001,True
data/redteam/factory/sovits_api/minnan/sovits_api_minnan_ref_boot_edgetts_minnan_zh-TW-HsiaoChenNeural_SC-000001_SC-000257.wav,spoof,RT-SOVITS-MINNAN,clean,"redteam_factory/GPT-SoVITS(v2 API, GPU 批处理)",MIT,sovits_api,minnan,SC-000257,ref_boot_edgetts_minnan_zh-TW-HsiaoChenNeural_SC-000001,16.1,True,True,0.0,True,0.3577639751552795,True,True,0.001,True
data/redteam/factory/sovits_api/minnan/sovits_api_minnan_ref_boot_edgetts_minnan_zh-TW-HsiaoChenNeural_SC-000001_SC-000282.wav,spoof,RT-SOVITS-MINNAN,clean,"redteam_factory/GPT-SoVITS(v2 API, GPU 批处理)",MIT,sovits_api,minnan,SC-000282,ref_boot_edgetts_minnan_zh-TW-HsiaoChenNeural_SC-000001,18.56,True,True,0.0,True,0.37823275862068967,True,True,0.093,True
data/redteam/factory/sovits_api/minnan/sovits_api_minnan_ref_boot_edgetts_minnan_zh-TW-HsiaoChenNeural_SC-000001_SC-000316.wav,spoof,RT-SOVITS-MINNAN,clean,"redteam_factory/GPT-SoVITS(v2 API, GPU 批处理)",MIT,sovits_api,minnan,SC-000316,ref_boot_edgetts_minnan_zh-TW-HsiaoChenNeural_SC-000001,11.98,True,True,0.0,True,0.34223706176961605,True,True,0.107,True
data/redteam/factory/sovits_api/minnan/sovits_api_minnan_ref_boot_edgetts_minnan_zh-TW-HsiaoChenNeural_SC-000001_SC-000323.wav,spoof,RT-SOVITS-MINNAN,clean,"redteam_factory/GPT-SoVITS(v2 API, GPU 批处理)",MIT,sovits_api,minnan,SC-000323,ref_boot_edgetts_minnan_zh-TW-HsiaoChenNeural_SC-000001,17.3,True,True,0.0,True,0.3213872832369942,True,True,0.002,True
data/redteam/factory/sovits_api/minnan/sovits_api_minnan_ref_boot_edgetts_minnan_zh-TW-HsiaoChenNeural_SC-000001_SC-000350.wav,spoof,RT-SOVITS-MINNAN,clean,"redteam_factory/GPT-SoVITS(v2 API, GPU 批处理)",MIT,sovits_api,minnan,SC-000350,ref_boot_edgetts_minnan_zh-TW-HsiaoChenNeural_SC-000001,15.88,True,True,0.0,True,0.2871536523929471,True,True,0.06,True
data/redteam/factory/sovits_api/minnan/sovits_api_minnan_ref_boot_edgetts_minnan_zh-TW-HsiaoChenNeural_SC-000001_SC-000363.wav,spoof,RT-SOVITS-MINNAN,clean,"redteam_factory/GPT-SoVITS(v2 API, GPU 批处理)",MIT,sovits_api,minnan,SC-000363,ref_boot_edgetts_minnan_zh-TW-HsiaoChenNeural_SC-000001,15.3,True,True,0.0,True,0.31241830065359477,True,True,0.004,True
data/redteam/factory/sovits_api/minnan/sovits_api_minnan_ref_boot_edgetts_minnan_zh-TW-HsiaoChenNeural_SC-000001_SC-000387.wav,spoof,RT-SOVITS-MINNAN,clean,"redteam_factory/GPT-SoVITS(v2 API, GPU 批处理)",MIT,sovits_api,minnan,SC-000387,ref_boot_edgetts_minnan_zh-TW-HsiaoChenNeural_SC-000001,10.96,True,True,0.0,True,0.28284671532846717,True,True,0.208,True
data/redteam/factory/sovits_api/minnan/sovits_api_minnan_ref_boot_edgetts_minnan_zh-TW-HsiaoChenNeural_SC-000001_SC-000391.wav,spoof,RT-SOVITS-MINNAN,clean,"redteam_factory/GPT-SoVITS(v2 API, GPU 批处理)",MIT,sovits_api,minnan,SC-000391,ref_boot_edgetts_minnan_zh-TW-HsiaoChenNeural_SC-000001,13.16,True,True,0.0,True,0.31155015197568386,True,True,0.009,True
data/redteam/factory/sovits_api/minnan/sovits_api_minnan_ref_boot_edgetts_minnan_zh-TW-HsiaoChenNeural_SC-000001_SC-000392.wav,spoof,RT-SOVITS-MINNAN,clean,"redteam_factory/GPT-SoVITS(v2 API, GPU 批处理)",MIT,sovits_api,minnan,SC-000392,ref_boot_edgetts_minnan_zh-TW-HsiaoChenNeural_SC-000001,14.86,True,True,0.0,True,0.30148048452220727,True,True,0.006,True
data/redteam/factory/sovits_api/minnan/sovits_api_minnan_ref_boot_edgetts_minnan_zh-TW-HsiaoChenNeural_SC-000001_SC-000394.wav,spoof,RT-SOVITS-MINNAN,clean,"redteam_factory/GPT-SoVITS(v2 API, GPU 批处理)",MIT,sovits_api,minnan,SC-000394,ref_boot_edgetts_minnan_zh-TW-HsiaoChenNeural_SC-000001,15.98,True,True,0.0,True,0.3053817271589487,True,True,0.095,True
data/redteam/factory/sovits_api/minnan/sovits_api_minnan_ref_boot_edgetts_minnan_zh-TW-HsiaoChenNeural_SC-000001_SC-000406.wav,spoof,RT-SOVITS-MINNAN,clean,"redteam_factory/GPT-SoVITS(v2 API, GPU 批处理)",MIT,sovits_api,minnan,SC-000406,ref_boot_edgetts_minnan_zh-TW-HsiaoChenNeural_SC-000001,14.84,True,True,0.0,True,0.31266846361185985,True,True,0.11,True
data/redteam/factory/sovits_api/minnan/sovits_api_minnan_ref_boot_edgetts_minnan_zh-TW-HsiaoChenNeural_SC-000001_SC-000412.wav,spoof,RT-SOVITS-MINNAN,clean,"redteam_factory/GPT-SoVITS(v2 API, GPU 批处理)",MIT,sovits_api,minnan,SC-000412,ref_boot_edgetts_minnan_zh-TW-HsiaoChenNeural_SC-000001,15.76,True,True,0.0,True,0.31852791878172587,True,True,0.072,True
data/redteam/factory/sovits_api/minnan/sovits_api_minnan_ref_boot_edgetts_minnan_zh-TW-HsiaoChenNeural_SC-000001_SC-000421.wav,spoof,RT-SOVITS-MINNAN,clean,"redteam_factory/GPT-SoVITS(v2 API, GPU 批处理)",MIT,sovits_api,minnan,SC-000421,ref_boot_edgetts_minnan_zh-TW-HsiaoChenNeural_SC-000001,19.84,True,True,0.0,True,0.3548387096774194,True,True,0.033,True
data/redteam/factory/sovits_api/minnan/sovits_api_minnan_ref_boot_edgetts_minnan_zh-TW-YunJheNeural_SC-000001_SC-000023.wav,spoof,RT-SOVITS-MINNAN,clean,"redteam_factory/GPT-SoVITS(v2 API, GPU 批处理)",MIT,sovits_api,minnan,SC-000023,ref_boot_edgetts_minnan_zh-TW-YunJheNeural_SC-000001,9.58,True,True,0.0,True,0.31524008350730687,True,True,0.263,True
data/redteam/factory/sovits_api/minnan/sovits_api_minnan_ref_boot_edgetts_minnan_zh-TW-YunJheNeural_SC-000001_SC-000054.wav,spoof,RT-SOVITS-MINNAN,clean,"redteam_factory/GPT-SoVITS(v2 API, GPU 批处理)",MIT,sovits_api,minnan,SC-000054,ref_boot_edgetts_minnan_zh-TW-YunJheNeural_SC-000001,12.58,True,True,0.0,True,0.38950715421303655,True,True,0.012,True
data/redteam/factory/sovits_api/minnan/sovits_api_minnan_ref_boot_edgetts_minnan_zh-TW-YunJheNeural_SC-000001_SC-000055.wav,spoof,RT-SOVITS-MINNAN,clean,"redteam_factory/GPT-SoVITS(v2 API, GPU 批处理)",MIT,sovits_api,minnan,SC-000055,ref_boot_edgetts_minnan_zh-TW-YunJheNeural_SC-000001,9.32,True,True,0.0,True,0.33476394849785407,True,True,0.157,True
data/redteam/factory/sovits_api/minnan/sovits_api_minnan_ref_boot_edgetts_minnan_zh-TW-YunJheNeural_SC-000001_SC-000059.wav,spoof,RT-SOVITS-MINNAN,clean,"redteam_factory/GPT-SoVITS(v2 API, GPU 批处理)",MIT,sovits_api,minnan,SC-000059,ref_boot_edgetts_minnan_zh-TW-YunJheNeural_SC-000001,14.36,True,True,0.0,True,0.3008356545961003,True,True,0.023,True
data/redteam/factory/sovits_api/minnan/sovits_api_minnan_ref_boot_edgetts_minnan_zh-TW-YunJheNeural_SC-000001_SC-000063.wav,spoof,RT-SOVITS-MINNAN,clean,"redteam_factory/GPT-SoVITS(v2 API, GPU 批处理)",MIT,sovits_api,minnan,SC-000063,ref_boot_edgetts_minnan_zh-TW-YunJheNeural_SC-000001,14.98,True,True,0.0,True,0.08678237650200267,True,True,0.085,True
data/redteam/factory/sovits_api/minnan/sovits_api_minnan_ref_boot_edgetts_minnan_zh-TW-YunJheNeural_SC-000001_SC-000071.wav,spoof,RT-SOVITS-MINNAN,clean,"redteam_factory/GPT-SoVITS(v2 API, GPU 批处理)",MIT,sovits_api,minnan,SC-000071,ref_boot_edgetts_minnan_zh-TW-YunJheNeural_SC-000001,18.08,True,True,0.0,True,0.38163716814159293,True,True,0.012,True
data/redteam/factory/sovits_api/minnan/sovits_api_minnan_ref_boot_edgetts_minnan_zh-TW-YunJheNeural_SC-000001_SC-000080.wav,spoof,RT-SOVITS-MINNAN,clean,"redteam_factory/GPT-SoVITS(v2 API, GPU 批处理)",MIT,sovits_api,minnan,SC-000080,ref_boot_edgetts_minnan_zh-TW-YunJheNeural_SC-000001,16.02,True,True,0.0,True,0.28963795255930086,True,True,0.102,True
data/redteam/factory/sovits_api/minnan/sovits_api_minnan_ref_boot_edgetts_minnan_zh-TW-YunJheNeural_SC-000001_SC-000130.wav,spoof,RT-SOVITS-MINNAN,clean,"redteam_factory/GPT-SoVITS(v2 API, GPU 批处理)",MIT,sovits_api,minnan,SC-000130,ref_boot_edgetts_minnan_zh-TW-YunJheNeural_SC-000001,9.72,True,True,0.0,True,0.35802469135802467,True,True,0.005,True
data/redteam/factory/sovits_api/minnan/sovits_api_minnan_ref_boot_edgetts_minnan_zh-TW-YunJheNeural_SC-000001_SC-000156.wav,spoof,RT-SOVITS-MINNAN,clean,"redteam_factory/GPT-SoVITS(v2 API, GPU 批处理)",MIT,sovits_api,minnan,SC-000156,ref_boot_edgetts_minnan_zh-TW-YunJheNeural_SC-000001,16.76,True,True,0.0,True,0.36754176610978523,True,True,0.023,True
data/redteam/factory/sovits_api/minnan/sovits_api_minnan_ref_boot_edgetts_minnan_zh-TW-YunJheNeural_SC-000001_SC-000192.wav,spoof,RT-SOVITS-MINNAN,clean,"redteam_factory/GPT-SoVITS(v2 API, GPU 批处理)",MIT,sovits_api,minnan,SC-000192,ref_boot_edgetts_minnan_zh-TW-YunJheNeural_SC-000001,17.38,True,True,0.0,True,0.35443037974683544,True,True,0.032,True
data/redteam/factory/sovits_api/minnan/sovits_api_minnan_ref_boot_edgetts_minnan_zh-TW-YunJheNeural_SC-000001_SC-000196.wav,spoof,RT-SOVITS-MINNAN,clean,"redteam_factory/GPT-SoVITS(v2 API, GPU 批处理)",MIT,sovits_api,minnan,SC-000196,ref_boot_edgetts_minnan_zh-TW-YunJheNeural_SC-000001,14.36,True,True,0.0,True,0.2785515320334262,True,True,0.29,True
data/redteam/factory/sovits_api/minnan/sovits_api_minnan_ref_boot_edgetts_minnan_zh-TW-YunJheNeural_SC-000001_SC-000207.wav,spoof,RT-SOVITS-MINNAN,clean,"redteam_factory/GPT-SoVITS(v2 API, GPU 批处理)",MIT,sovits_api,minnan,SC-000207,ref_boot_edgetts_minnan_zh-TW-YunJheNeural_SC-000001,9.58,True,True,0.0,True,0.2839248434237996,True,True,0.01,True
data/redteam/factory/sovits_api/minnan/sovits_api_minnan_ref_boot_edgetts_minnan_zh-TW-YunJheNeural_SC-000001_SC-000229.wav,spoof,RT-SOVITS-MINNAN,clean,"redteam_factory/GPT-SoVITS(v2 API, GPU 批处理)",MIT,sovits_api,minnan,SC-000229,ref_boot_edgetts_minnan_zh-TW-YunJheNeural_SC-000001,10.44,True,True,0.0,True,0.3793103448275862,True,True,0.09,True
data/redteam/factory/sovits_api/minnan/sovits_api_minnan_ref_boot_edgetts_minnan_zh-TW-YunJheNeural_SC-000001_SC-000237.wav,spoof,RT-SOVITS-MINNAN,clean,"redteam_factory/GPT-SoVITS(v2 API, GPU 批处理)",MIT,sovits_api,minnan,SC-000237,ref_boot_edgetts_minnan_zh-TW-YunJheNeural_SC-000001,8.96,True,True,0.0,True,0.3482142857142857,True,True,0.078,True
data/redteam/factory/sovits_api/minnan/sovits_api_minnan_ref_boot_edgetts_minnan_zh-TW-YunJheNeural_SC-000001_SC-000257.wav,spoof,RT-SOVITS-MINNAN,clean,"redteam_factory/GPT-SoVITS(v2 API, GPU 批处理)",MIT,sovits_api,minnan,SC-000257,ref_boot_edgetts_minnan_zh-TW-YunJheNeural_SC-000001,16.02,True,True,0.0,True,0.39076154806491886,True,True,0.04,True
data/redteam/factory/sovits_api/minnan/sovits_api_minnan_ref_boot_edgetts_minnan_zh-TW-YunJheNeural_SC-000001_SC-000316.wav,spoof,RT-SOVITS-MINNAN,clean,"redteam_factory/GPT-SoVITS(v2 API, GPU 批处理)",MIT,sovits_api,minnan,SC-000316,ref_boot_edgetts_minnan_zh-TW-YunJheNeural_SC-000001,10.5,True,True,0.0,True,0.2857142857142857,True,True,0.006,True
data/redteam/factory/sovits_api/minnan/sovits_api_minnan_ref_boot_edgetts_minnan_zh-TW-YunJheNeural_SC-000001_SC-000323.wav,spoof,RT-SOVITS-MINNAN,clean,"redteam_factory/GPT-SoVITS(v2 API, GPU 批处理)",MIT,sovits_api,minnan,SC-000323,ref_boot_edgetts_minnan_zh-TW-YunJheNeural_SC-000001,18.06,True,True,0.0,True,0.31118493909191586,True,True,0.046,True
data/redteam/factory/sovits_api/minnan/sovits_api_minnan_ref_boot_edgetts_minnan_zh-TW-YunJheNeural_SC-000001_SC-000350.wav,spoof,RT-SOVITS-MINNAN,clean,"redteam_factory/GPT-SoVITS(v2 API, GPU 批处理)",MIT,sovits_api,minnan,SC-000350,ref_boot_edgetts_minnan_zh-TW-YunJheNeural_SC-000001,14.84,True,True,0.0,True,0.3221024258760108,True,True,0.008,True
data/redteam/factory/sovits_api/minnan/sovits_api_minnan_ref_boot_edgetts_minnan_zh-TW-YunJheNeural_SC-000001_SC-000363.wav,spoof,RT-SOVITS-MINNAN,clean,"redteam_factory/GPT-SoVITS(v2 API, GPU 批处理)",MIT,sovits_api,minnan,SC-000363,ref_boot_edgetts_minnan_zh-TW-YunJheNeural_SC-000001,17.34,True,True,0.0,True,0.3414071510957324,True,True,0.045,True
data/redteam/factory/sovits_api/minnan/sovits_api_minnan_ref_boot_edgetts_minnan_zh-TW-YunJheNeural_SC-000001_SC-000387.wav,spoof,RT-SOVITS-MINNAN,clean,"redteam_factory/GPT-SoVITS(v2 API, GPU 批处理)",MIT,sovits_api,minnan,SC-000387,ref_boot_edgetts_minnan_zh-TW-YunJheNeural_SC-000001,11.92,True,True,0.0,True,0.36577181208053694,True,True,0.017,True
data/redteam/factory/sovits_api/minnan/sovits_api_minnan_ref_boot_edgetts_minnan_zh-TW-YunJheNeural_SC-000001_SC-000391.wav,spoof,RT-SOVITS-MINNAN,clean,"redteam_factory/GPT-SoVITS(v2 API, GPU 批处理)",MIT,sovits_api,minnan,SC-000391,ref_boot_edgetts_minnan_zh-TW-YunJheNeural_SC-000001,12.88,True,True,0.0,True,0.31521739130434784,True,True,0.01,True
data/redteam/factory/sovits_api/minnan/sovits_api_minnan_ref_boot_edgetts_minnan_zh-TW-YunJheNeural_SC-000001_SC-000392.wav,spoof,RT-SOVITS-MINNAN,clean,"redteam_factory/GPT-SoVITS(v2 API, GPU 批处理)",MIT,sovits_api,minnan,SC-000392,ref_boot_edgetts_minnan_zh-TW-YunJheNeural_SC-000001,15.86,True,True,0.0,True,0.32156368221941994,True,True,0.067,True
data/redteam/factory/sovits_api/minnan/sovits_api_minnan_ref_boot_edgetts_minnan_zh-TW-YunJheNeural_SC-000001_SC-000394.wav,spoof,RT-SOVITS-MINNAN,clean,"redteam_factory/GPT-SoVITS(v2 API, GPU 批处理)",MIT,sovits_api,minnan,SC-000394,ref_boot_edgetts_minnan_zh-TW-YunJheNeural_SC-000001,14.78,True,True,0.0,True,0.29499323410013534,True,True,0.009,True
data/redteam/factory/sovits_api/minnan/sovits_api_minnan_ref_boot_edgetts_minnan_zh-TW-YunJheNeural_SC-000001_SC-000406.wav,spoof,RT-SOVITS-MINNAN,clean,"redteam_factory/GPT-SoVITS(v2 API, GPU 批处理)",MIT,sovits_api,minnan,SC-000406,ref_boot_edgetts_minnan_zh-TW-YunJheNeural_SC-000001,17.44,True,True,0.0,True,0.3738532110091743,True,True,0.014,True
data/redteam/factory/sovits_api/minnan/sovits_api_minnan_ref_boot_edgetts_minnan_zh-TW-YunJheNeural_SC-000001_SC-000412.wav,spoof,RT-SOVITS-MINNAN,clean,"redteam_factory/GPT-SoVITS(v2 API, GPU 批处理)",MIT,sovits_api,minnan,SC-000412,ref_boot_edgetts_minnan_zh-TW-YunJheNeural_SC-000001,16.16,True,True,0.0,True,0.35396039603960394,True,True,0.005,True
data/redteam/factory/sovits_api/minnan/sovits_api_minnan_ref_boot_edgetts_minnan_zh-TW-YunJheNeural_SC-000001_SC-000421.wav,spoof,RT-SOVITS-MINNAN,clean,"redteam_factory/GPT-SoVITS(v2 API, GPU 批处理)",MIT,sovits_api,minnan,SC-000421,ref_boot_edgetts_minnan_zh-TW-YunJheNeural_SC-000001,18.92,True,True,0.0,True,0.3266384778012685,True,True,0.006,True
data/redteam/factory/sovits_api/minnan/sovits_api_minnan_ref_boot_edgetts_minnan_zh-TW-YunJheNeural_SC-000001_SC-000422.wav,spoof,RT-SOVITS-MINNAN,clean,"redteam_factory/GPT-SoVITS(v2 API, GPU 批处理)",MIT,sovits_api,minnan,SC-000422,ref_boot_edgetts_minnan_zh-TW-YunJheNeural_SC-000001,11.12,True,True,0.0,True,0.3255395683453237,True,True,0.008,True
data/redteam/factory/sovits_api/sichuan/sovits_api_sichuan_ref_boot_edgetts_sichuan_zh-CN-XiaoxiaoNeural_SC-000010_SC-000076.wav,spoof,RT-SOVITS-SICHUAN,clean,"redteam_factory/GPT-SoVITS(v2 API, GPU 批处理)",MIT,sovits_api,sichuan,SC-000076,ref_boot_edgetts_sichuan_zh-CN-XiaoxiaoNeural_SC-000010,10.28,True,True,0.0,True,0.3424124513618677,True,True,0.014,True
data/redteam/factory/sovits_api/sichuan/sovits_api_sichuan_ref_boot_edgetts_sichuan_zh-CN-XiaoxiaoNeural_SC-000010_SC-000099.wav,spoof,RT-SOVITS-SICHUAN,clean,"redteam_factory/GPT-SoVITS(v2 API, GPU 批处理)",MIT,sovits_api,sichuan,SC-000099,ref_boot_edgetts_sichuan_zh-CN-XiaoxiaoNeural_SC-000010,11.88,True,True,0.0,True,0.26430976430976433,True,True,0.043,True
data/redteam/factory/sovits_api/sichuan/sovits_api_sichuan_ref_boot_edgetts_sichuan_zh-CN-XiaoxiaoNeural_SC-000010_SC-000107.wav,spoof,RT-SOVITS-SICHUAN,clean,"redteam_factory/GPT-SoVITS(v2 API, GPU 批处理)",MIT,sovits_api,sichuan,SC-000107,ref_boot_edgetts_sichuan_zh-CN-XiaoxiaoNeural_SC-000010,10.58,True,True,0.0,True,0.31758034026465026,True,True,0.01,True
data/redteam/factory/sovits_api/sichuan/sovits_api_sichuan_ref_boot_edgetts_sichuan_zh-CN-XiaoxiaoNeural_SC-000010_SC-000118.wav,spoof,RT-SOVITS-SICHUAN,clean,"redteam_factory/GPT-SoVITS(v2 API, GPU 批处理)",MIT,sovits_api,sichuan,SC-000118,ref_boot_edgetts_sichuan_zh-CN-XiaoxiaoNeural_SC-000010,12.84,True,True,0.0,True,0.32554517133956384,True,True,0.141,True
data/redteam/factory/sovits_api/sichuan/sovits_api_sichuan_ref_boot_edgetts_sichuan_zh-CN-XiaoxiaoNeural_SC-000010_SC-000125.wav,spoof,RT-SOVITS-SICHUAN,clean,"redteam_factory/GPT-SoVITS(v2 API, GPU 批处理)",MIT,sovits_api,sichuan,SC-000125,ref_boot_edgetts_sichuan_zh-CN-XiaoxiaoNeural_SC-000010,10.14,True,True,0.0,True,0.3155818540433925,True,True,0.038,True
data/redteam/factory/sovits_api/sichuan/sovits_api_sichuan_ref_boot_edgetts_sichuan_zh-CN-XiaoxiaoNeural_SC-000010_SC-000127.wav,spoof,RT-SOVITS-SICHUAN,clean,"redteam_factory/GPT-SoVITS(v2 API, GPU 批处理)",MIT,sovits_api,sichuan,SC-000127,ref_boot_edgetts_sichuan_zh-CN-XiaoxiaoNeural_SC-000010,11.94,True,True,0.0,True,0.2948073701842546,True,True,0.02,True
data/redteam/factory/sovits_api/sichuan/sovits_api_sichuan_ref_boot_edgetts_sichuan_zh-CN-XiaoxiaoNeural_SC-000010_SC-000144.wav,spoof,RT-SOVITS-SICHUAN,clean,"redteam_factory/GPT-SoVITS(v2 API, GPU 批处理)",MIT,sovits_api,sichuan,SC-000144,ref_boot_edgetts_sichuan_zh-CN-XiaoxiaoNeural_SC-000010,6.7,True,True,0.0,True,0.25671641791044775,True,True,0.032,True
data/redteam/factory/sovits_api/sichuan/sovits_api_sichuan_ref_boot_edgetts_sichuan_zh-CN-XiaoxiaoNeural_SC-000010_SC-000172.wav,spoof,RT-SOVITS-SICHUAN,clean,"redteam_factory/GPT-SoVITS(v2 API, GPU 批处理)",MIT,sovits_api,sichuan,SC-000172,ref_boot_edgetts_sichuan_zh-CN-XiaoxiaoNeural_SC-000010,13.14,True,True,0.0,True,0.3866057838660578,True,True,0.003,True
data/redteam/factory/sovits_api/sichuan/sovits_api_sichuan_ref_boot_edgetts_sichuan_zh-CN-XiaoxiaoNeural_SC-000010_SC-000177.wav,spoof,RT-SOVITS-SICHUAN,clean,"redteam_factory/GPT-SoVITS(v2 API, GPU 批处理)",MIT,sovits_api,sichuan,SC-000177,ref_boot_edgetts_sichuan_zh-CN-XiaoxiaoNeural_SC-000010,18.34,True,True,0.0,True,0.3336968375136314,True,True,0.011,True
data/redteam/factory/sovits_api/sichuan/sovits_api_sichuan_ref_boot_edgetts_sichuan_zh-CN-XiaoxiaoNeural_SC-000010_SC-000178.wav,spoof,RT-SOVITS-SICHUAN,clean,"redteam_factory/GPT-SoVITS(v2 API, GPU 批处理)",MIT,sovits_api,sichuan,SC-000178,ref_boot_edgetts_sichuan_zh-CN-XiaoxiaoNeural_SC-000010,10.98,True,True,0.0,True,0.3132969034608379,True,True,0.009,True
data/redteam/factory/sovits_api/sichuan/sovits_api_sichuan_ref_boot_edgetts_sichuan_zh-CN-XiaoxiaoNeural_SC-000010_SC-000179.wav,spoof,RT-SOVITS-SICHUAN,clean,"redteam_factory/GPT-SoVITS(v2 API, GPU 批处理)",MIT,sovits_api,sichuan,SC-000179,ref_boot_edgetts_sichuan_zh-CN-XiaoxiaoNeural_SC-000010,9.92,True,True,0.0,True,0.3629032258064516,True,True,0.005,True
data/redteam/factory/sovits_api/sichuan/sovits_api_sichuan_ref_boot_edgetts_sichuan_zh-CN-XiaoxiaoNeural_SC-000010_SC-000186.wav,spoof,RT-SOVITS-SICHUAN,clean,"redteam_factory/GPT-SoVITS(v2 API, GPU 批处理)",MIT,sovits_api,sichuan,SC-000186,ref_boot_edgetts_sichuan_zh-CN-XiaoxiaoNeural_SC-000010,15.92,True,True,0.0,True,0.38567839195979897,True,True,0.022,True
data/redteam/factory/sovits_api/sichuan/sovits_api_sichuan_ref_boot_edgetts_sichuan_zh-CN-XiaoxiaoNeural_SC-000010_SC-000188.wav,spoof,RT-SOVITS-SICHUAN,clean,"redteam_factory/GPT-SoVITS(v2 API, GPU 批处理)",MIT,sovits_api,sichuan,SC-000188,ref_boot_edgetts_sichuan_zh-CN-XiaoxiaoNeural_SC-000010,13.0,True,True,0.0,True,0.38153846153846155,True,True,0.046,True
data/redteam/factory/sovits_api/sichuan/sovits_api_sichuan_ref_boot_edgetts_sichuan_zh-CN-XiaoxiaoNeural_SC-000010_SC-000199.wav,spoof,RT-SOVITS-SICHUAN,clean,"redteam_factory/GPT-SoVITS(v2 API, GPU 批处理)",MIT,sovits_api,sichuan,SC-000199,ref_boot_edgetts_sichuan_zh-CN-XiaoxiaoNeural_SC-000010,13.34,True,True,0.0,True,0.31634182908545727,True,True,0.079,True
data/redteam/factory/sovits_api/sichuan/sovits_api_sichuan_ref_boot_edgetts_sichuan_zh-CN-XiaoxiaoNeural_SC-000010_SC-000205.wav,spoof,RT-SOVITS-SICHUAN,clean,"redteam_factory/GPT-SoVITS(v2 API, GPU 批处理)",MIT,sovits_api,sichuan,SC-000205,ref_boot_edgetts_sichuan_zh-CN-XiaoxiaoNeural_SC-000010,10.64,True,True,0.0,True,0.29887218045112784,True,True,0.005,True
data/redteam/factory/sovits_api/sichuan/sovits_api_sichuan_ref_boot_edgetts_sichuan_zh-CN-XiaoxiaoNeural_SC-000010_SC-000210.wav,spoof,RT-SOVITS-SICHUAN,clean,"redteam_factory/GPT-SoVITS(v2 API, GPU 批处理)",MIT,sovits_api,sichuan,SC-000210,ref_boot_edgetts_sichuan_zh-CN-XiaoxiaoNeural_SC-000010,10.72,True,True,0.0,True,0.3283582089552239,True,True,0.013,True
data/redteam/factory/sovits_api/sichuan/sovits_api_sichuan_ref_boot_edgetts_sichuan_zh-CN-XiaoxiaoNeural_SC-000010_SC-000211.wav,spoof,RT-SOVITS-SICHUAN,clean,"redteam_factory/GPT-SoVITS(v2 API, GPU 批处理)",MIT,sovits_api,sichuan,SC-000211,ref_boot_edgetts_sichuan_zh-CN-XiaoxiaoNeural_SC-000010,5.92,True,True,0.0,True,0.3581081081081081,True,True,0.013,True
data/redteam/factory/sovits_api/sichuan/sovits_api_sichuan_ref_boot_edgetts_sichuan_zh-CN-XiaoxiaoNeural_SC-000010_SC-000212.wav,spoof,RT-SOVITS-SICHUAN,clean,"redteam_factory/GPT-SoVITS(v2 API, GPU 批处理)",MIT,sovits_api,sichuan,SC-000212,ref_boot_edgetts_sichuan_zh-CN-XiaoxiaoNeural_SC-000010,14.6,True,True,0.0,True,0.28904109589041094,True,True,0.021,True
data/redteam/factory/sovits_api/sichuan/sovits_api_sichuan_ref_boot_edgetts_sichuan_zh-CN-XiaoxiaoNeural_SC-000010_SC-000222.wav,spoof,RT-SOVITS-SICHUAN,clean,"redteam_factory/GPT-SoVITS(v2 API, GPU 批处理)",MIT,sovits_api,sichuan,SC-000222,ref_boot_edgetts_sichuan_zh-CN-XiaoxiaoNeural_SC-000010,12.08,True,True,0.0,True,0.3675496688741722,True,True,0.066,True
data/redteam/factory/sovits_api/sichuan/sovits_api_sichuan_ref_boot_edgetts_sichuan_zh-CN-XiaoxiaoNeural_SC-000010_SC-000232.wav,spoof,RT-SOVITS-SICHUAN,clean,"redteam_factory/GPT-SoVITS(v2 API, GPU 批处理)",MIT,sovits_api,sichuan,SC-000232,ref_boot_edgetts_sichuan_zh-CN-XiaoxiaoNeural_SC-000010,15.42,True,True,0.0,True,0.3164721141374838,True,True,0.012,True
data/redteam/factory/sovits_api/sichuan/sovits_api_sichuan_ref_boot_edgetts_sichuan_zh-CN-XiaoxiaoNeural_SC-000010_SC-000244.wav,spoof,RT-SOVITS-SICHUAN,clean,"redteam_factory/GPT-SoVITS(v2 API, GPU 批处理)",MIT,sovits_api,sichuan,SC-000244,ref_boot_edgetts_sichuan_zh-CN-XiaoxiaoNeural_SC-000010,12.34,True,True,0.0,True,0.32576985413290116,True,True,0.012,True
data/redteam/factory/sovits_api/sichuan/sovits_api_sichuan_ref_boot_edgetts_sichuan_zh-CN-XiaoxiaoNeural_SC-000010_SC-000249.wav,spoof,RT-SOVITS-SICHUAN,clean,"redteam_factory/GPT-SoVITS(v2 API, GPU 批处理)",MIT,sovits_api,sichuan,SC-000249,ref_boot_edgetts_sichuan_zh-CN-XiaoxiaoNeural_SC-000010,10.08,True,True,0.0,True,0.3630952380952381,True,True,0.03,True
data/redteam/factory/sovits_api/sichuan/sovits_api_sichuan_ref_boot_edgetts_sichuan_zh-CN-XiaoxiaoNeural_SC-000010_SC-000252.wav,spoof,RT-SOVITS-SICHUAN,clean,"redteam_factory/GPT-SoVITS(v2 API, GPU 批处理)",MIT,sovits_api,sichuan,SC-000252,ref_boot_edgetts_sichuan_zh-CN-XiaoxiaoNeural_SC-000010,13.98,True,True,0.0,True,0.38197424892703863,True,True,0.01,True
data/redteam/factory/sovits_api/sichuan/sovits_api_sichuan_ref_boot_edgetts_sichuan_zh-CN-XiaoxiaoNeural_SC-000010_SC-000254.wav,spoof,RT-SOVITS-SICHUAN,clean,"redteam_factory/GPT-SoVITS(v2 API, GPU 批处理)",MIT,sovits_api,sichuan,SC-000254,ref_boot_edgetts_sichuan_zh-CN-XiaoxiaoNeural_SC-000010,8.48,True,True,0.0,True,0.45047169811320753,True,True,0.024,True
data/redteam/factory/sovits_api/sichuan/sovits_api_sichuan_ref_boot_edgetts_sichuan_zh-CN-XiaoxiaoNeural_SC-000010_SC-000259.wav,spoof,RT-SOVITS-SICHUAN,clean,"redteam_factory/GPT-SoVITS(v2 API, GPU 批处理)",MIT,sovits_api,sichuan,SC-000259,ref_boot_edgetts_sichuan_zh-CN-XiaoxiaoNeural_SC-000010,17.76,True,True,0.0,True,0.42004504504504503,True,True,0.025,True
data/redteam/factory/sovits_api/sichuan/sovits_api_sichuan_ref_boot_edgetts_sichuan_zh-CN-XiaoxiaoNeural_SC-000010_SC-000263.wav,spoof,RT-SOVITS-SICHUAN,clean,"redteam_factory/GPT-SoVITS(v2 API, GPU 批处理)",MIT,sovits_api,sichuan,SC-000263,ref_boot_edgetts_sichuan_zh-CN-XiaoxiaoNeural_SC-000010,17.76,True,True,0.0,True,0.34684684684684686,True,True,0.006,True
data/redteam/factory/sovits_api/sichuan/sovits_api_sichuan_ref_boot_edgetts_sichuan_zh-CN-XiaoxiaoNeural_SC-000010_SC-000266.wav,spoof,RT-SOVITS-SICHUAN,clean,"redteam_factory/GPT-SoVITS(v2 API, GPU 批处理)",MIT,sovits_api,sichuan,SC-000266,ref_boot_edgetts_sichuan_zh-CN-XiaoxiaoNeural_SC-000010,17.06,True,True,0.0,True,0.35873388042203985,True,True,0.037,True
data/redteam/factory/sovits_api/sichuan/sovits_api_sichuan_ref_boot_edgetts_sichuan_zh-CN-XiaoxiaoNeural_SC-000010_SC-000268.wav,spoof,RT-SOVITS-SICHUAN,clean,"redteam_factory/GPT-SoVITS(v2 API, GPU 批处理)",MIT,sovits_api,sichuan,SC-000268,ref_boot_edgetts_sichuan_zh-CN-XiaoxiaoNeural_SC-000010,9.74,True,True,0.0,True,0.38193018480492813,True,True,0.068,True
data/redteam/factory/sovits_api/sichuan/sovits_api_sichuan_ref_boot_edgetts_sichuan_zh-CN-XiaoxiaoNeural_SC-000010_SC-000271.wav,spoof,RT-SOVITS-SICHUAN,clean,"redteam_factory/GPT-SoVITS(v2 API, GPU 批处理)",MIT,sovits_api,sichuan,SC-000271,ref_boot_edgetts_sichuan_zh-CN-XiaoxiaoNeural_SC-000010,10.94,True,True,0.0,True,0.48811700182815354,True,True,0.016,True
data/redteam/factory/sovits_api/sichuan/sovits_api_sichuan_ref_boot_edgetts_sichuan_zh-CN-XiaoxiaoNeural_SC-000010_SC-000278.wav,spoof,RT-SOVITS-SICHUAN,clean,"redteam_factory/GPT-SoVITS(v2 API, GPU 批处理)",MIT,sovits_api,sichuan,SC-000278,ref_boot_edgetts_sichuan_zh-CN-XiaoxiaoNeural_SC-000010,10.58,True,True,0.0,True,0.3705103969754253,True,True,0.094,True
data/redteam/factory/sovits_api/sichuan/sovits_api_sichuan_ref_boot_edgetts_sichuan_zh-CN-YunxiNeural_SC-000010_SC-000076.wav,spoof,RT-SOVITS-SICHUAN,clean,"redteam_factory/GPT-SoVITS(v2 API, GPU 批处理)",MIT,sovits_api,sichuan,SC-000076,ref_boot_edgetts_sichuan_zh-CN-YunxiNeural_SC-000010,10.96,True,True,0.0,True,0.34306569343065696,True,True,0.009,True
data/redteam/factory/sovits_api/sichuan/sovits_api_sichuan_ref_boot_edgetts_sichuan_zh-CN-YunxiNeural_SC-000010_SC-000099.wav,spoof,RT-SOVITS-SICHUAN,clean,"redteam_factory/GPT-SoVITS(v2 API, GPU 批处理)",MIT,sovits_api,sichuan,SC-000099,ref_boot_edgetts_sichuan_zh-CN-YunxiNeural_SC-000010,12.28,True,True,0.0,True,0.36319218241042345,True,True,0.015,True
data/redteam/factory/sovits_api/sichuan/sovits_api_sichuan_ref_boot_edgetts_sichuan_zh-CN-YunxiNeural_SC-000010_SC-000107.wav,spoof,RT-SOVITS-SICHUAN,clean,"redteam_factory/GPT-SoVITS(v2 API, GPU 批处理)",MIT,sovits_api,sichuan,SC-000107,ref_boot_edgetts_sichuan_zh-CN-YunxiNeural_SC-000010,9.3,True,True,0.0,True,0.38924731182795697,True,True,0.006,True
data/redteam/factory/sovits_api/sichuan/sovits_api_sichuan_ref_boot_edgetts_sichuan_zh-CN-YunxiNeural_SC-000010_SC-000118.wav,spoof,RT-SOVITS-SICHUAN,clean,"redteam_factory/GPT-SoVITS(v2 API, GPU 批处理)",MIT,sovits_api,sichuan,SC-000118,ref_boot_edgetts_sichuan_zh-CN-YunxiNeural_SC-000010,13.32,True,True,0.0,True,0.37537537537537535,True,True,0.005,True
data/redteam/factory/sovits_api/sichuan/sovits_api_sichuan_ref_boot_edgetts_sichuan_zh-CN-YunxiNeural_SC-000010_SC-000125.wav,spoof,RT-SOVITS-SICHUAN,clean,"redteam_factory/GPT-SoVITS(v2 API, GPU 批处理)",MIT,sovits_api,sichuan,SC-000125,ref_boot_edgetts_sichuan_zh-CN-YunxiNeural_SC-000010,10.66,True,True,0.0,True,0.3808630393996248,True,True,0.007,True
data/redteam/factory/sovits_api/sichuan/sovits_api_sichuan_ref_boot_edgetts_sichuan_zh-CN-YunxiNeural_SC-000010_SC-000127.wav,spoof,RT-SOVITS-SICHUAN,clean,"redteam_factory/GPT-SoVITS(v2 API, GPU 批处理)",MIT,sovits_api,sichuan,SC-000127,ref_boot_edgetts_sichuan_zh-CN-YunxiNeural_SC-000010,12.46,True,True,0.0,True,0.36757624398073835,True,True,0.013,True
data/redteam/factory/sovits_api/sichuan/sovits_api_sichuan_ref_boot_edgetts_sichuan_zh-CN-YunxiNeural_SC-000010_SC-000144.wav,spoof,RT-SOVITS-SICHUAN,clean,"redteam_factory/GPT-SoVITS(v2 API, GPU 批处理)",MIT,sovits_api,sichuan,SC-000144,ref_boot_edgetts_sichuan_zh-CN-YunxiNeural_SC-000010,7.86,True,True,0.0,True,0.31297709923664124,True,True,0.017,True
data/redteam/factory/sovits_api/sichuan/sovits_api_sichuan_ref_boot_edgetts_sichuan_zh-CN-YunxiNeural_SC-000010_SC-000172.wav,spoof,RT-SOVITS-SICHUAN,clean,"redteam_factory/GPT-SoVITS(v2 API, GPU 批处理)",MIT,sovits_api,sichuan,SC-000172,ref_boot_edgetts_sichuan_zh-CN-YunxiNeural_SC-000010,11.22,True,True,0.0,True,0.42602495543672014,True,True,0.003,True
data/redteam/factory/sovits_api/sichuan/sovits_api_sichuan_ref_boot_edgetts_sichuan_zh-CN-YunxiNeural_SC-000010_SC-000177.wav,spoof,RT-SOVITS-SICHUAN,clean,"redteam_factory/GPT-SoVITS(v2 API, GPU 批处理)",MIT,sovits_api,sichuan,SC-000177,ref_boot_edgetts_sichuan_zh-CN-YunxiNeural_SC-000010,18.38,True,True,0.0,True,0.39934711643090315,True,True,0.006,True
data/redteam/factory/sovits_api/sichuan/sovits_api_sichuan_ref_boot_edgetts_sichuan_zh-CN-YunxiNeural_SC-000010_SC-000178.wav,spoof,RT-SOVITS-SICHUAN,clean,"redteam_factory/GPT-SoVITS(v2 API, GPU 批处理)",MIT,sovits_api,sichuan,SC-000178,ref_boot_edgetts_sichuan_zh-CN-YunxiNeural_SC-000010,10.62,True,True,0.0,True,0.384180790960452,True,True,0.006,True
data/redteam/factory/sovits_api/sichuan/sovits_api_sichuan_ref_boot_edgetts_sichuan_zh-CN-YunxiNeural_SC-000010_SC-000179.wav,spoof,RT-SOVITS-SICHUAN,clean,"redteam_factory/GPT-SoVITS(v2 API, GPU 批处理)",MIT,sovits_api,sichuan,SC-000179,ref_boot_edgetts_sichuan_zh-CN-YunxiNeural_SC-000010,10.52,True,True,0.0,True,0.44866920152091255,True,True,0.002,True
data/redteam/factory/sovits_api/sichuan/sovits_api_sichuan_ref_boot_edgetts_sichuan_zh-CN-YunxiNeural_SC-000010_SC-000186.wav,spoof,RT-SOVITS-SICHUAN,clean,"redteam_factory/GPT-SoVITS(v2 API, GPU 批处理)",MIT,sovits_api,sichuan,SC-000186,ref_boot_edgetts_sichuan_zh-CN-YunxiNeural_SC-000010,15.28,True,True,0.0,True,0.4201570680628272,True,True,0.121,True
data/redteam/factory/sovits_api/sichuan/sovits_api_sichuan_ref_boot_edgetts_sichuan_zh-CN-YunxiNeural_SC-000010_SC-000188.wav,spoof,RT-SOVITS-SICHUAN,clean,"redteam_factory/GPT-SoVITS(v2 API, GPU 批处理)",MIT,sovits_api,sichuan,SC-000188,ref_boot_edgetts_sichuan_zh-CN-YunxiNeural_SC-000010,10.48,True,True,0.0,True,0.41603053435114506,True,True,0.009,True
data/redteam/factory/sovits_api/sichuan/sovits_api_sichuan_ref_boot_edgetts_sichuan_zh-CN-YunxiNeural_SC-000010_SC-000199.wav,spoof,RT-SOVITS-SICHUAN,clean,"redteam_factory/GPT-SoVITS(v2 API, GPU 批处理)",MIT,sovits_api,sichuan,SC-000199,ref_boot_edgetts_sichuan_zh-CN-YunxiNeural_SC-000010,12.78,True,True,0.0,True,0.3599374021909233,True,True,0.008,True
data/redteam/factory/sovits_api/sichuan/sovits_api_sichuan_ref_boot_edgetts_sichuan_zh-CN-YunxiNeural_SC-000010_SC-000205.wav,spoof,RT-SOVITS-SICHUAN,clean,"redteam_factory/GPT-SoVITS(v2 API, GPU 批处理)",MIT,sovits_api,sichuan,SC-000205,ref_boot_edgetts_sichuan_zh-CN-YunxiNeural_SC-000010,8.56,True,True,0.0,True,0.34579439252336447,True,True,0.009,True
data/redteam/factory/sovits_api/sichuan/sovits_api_sichuan_ref_boot_edgetts_sichuan_zh-CN-YunxiNeural_SC-000010_SC-000210.wav,spoof,RT-SOVITS-SICHUAN,clean,"redteam_factory/GPT-SoVITS(v2 API, GPU 批处理)",MIT,sovits_api,sichuan,SC-000210,ref_boot_edgetts_sichuan_zh-CN-YunxiNeural_SC-000010,11.52,True,True,0.0,True,0.3854166666666667,True,True,0.005,True
data/redteam/factory/sovits_api/sichuan/sovits_api_sichuan_ref_boot_edgetts_sichuan_zh-CN-YunxiNeural_SC-000010_SC-000211.wav,spoof,RT-SOVITS-SICHUAN,clean,"redteam_factory/GPT-SoVITS(v2 API, GPU 批处理)",MIT,sovits_api,sichuan,SC-000211,ref_boot_edgetts_sichuan_zh-CN-YunxiNeural_SC-000010,5.0,True,True,0.0,True,0.428,True,True,0.007,True
data/redteam/factory/sovits_api/sichuan/sovits_api_sichuan_ref_boot_edgetts_sichuan_zh-CN-YunxiNeural_SC-000010_SC-000212.wav,spoof,RT-SOVITS-SICHUAN,clean,"redteam_factory/GPT-SoVITS(v2 API, GPU 批处理)",MIT,sovits_api,sichuan,SC-000212,ref_boot_edgetts_sichuan_zh-CN-YunxiNeural_SC-000010,14.72,True,True,0.0,True,0.38179347826086957,True,True,0.008,True
data/redteam/factory/sovits_api/sichuan/sovits_api_sichuan_ref_boot_edgetts_sichuan_zh-CN-YunxiNeural_SC-000010_SC-000215.wav,spoof,RT-SOVITS-SICHUAN,clean,"redteam_factory/GPT-SoVITS(v2 API, GPU 批处理)",MIT,sovits_api,sichuan,SC-000215,ref_boot_edgetts_sichuan_zh-CN-YunxiNeural_SC-000010,17.7,True,True,0.0,True,0.37401129943502825,True,True,0.116,True
data/redteam/factory/sovits_api/sichuan/sovits_api_sichuan_ref_boot_edgetts_sichuan_zh-CN-YunxiNeural_SC-000010_SC-000222.wav,spoof,RT-SOVITS-SICHUAN,clean,"redteam_factory/GPT-SoVITS(v2 API, GPU 批处理)",MIT,sovits_api,sichuan,SC-000222,ref_boot_edgetts_sichuan_zh-CN-YunxiNeural_SC-000010,12.88,True,True,0.0,True,0.4503105590062112,True,True,0.007,True
data/redteam/factory/sovits_api/sichuan/sovits_api_sichuan_ref_boot_edgetts_sichuan_zh-CN-YunxiNeural_SC-000010_SC-000232.wav,spoof,RT-SOVITS-SICHUAN,clean,"redteam_factory/GPT-SoVITS(v2 API, GPU 批处理)",MIT,sovits_api,sichuan,SC-000232,ref_boot_edgetts_sichuan_zh-CN-YunxiNeural_SC-000010,16.14,True,True,0.0,True,0.36059479553903345,True,True,0.002,True
data/redteam/factory/sovits_api/sichuan/sovits_api_sichuan_ref_boot_edgetts_sichuan_zh-CN-YunxiNeural_SC-000010_SC-000244.wav,spoof,RT-SOVITS-SICHUAN,clean,"redteam_factory/GPT-SoVITS(v2 API, GPU 批处理)",MIT,sovits_api,sichuan,SC-000244,ref_boot_edgetts_sichuan_zh-CN-YunxiNeural_SC-000010,13.66,True,True,0.0,True,0.39824304538799415,True,True,0.058,True
data/redteam/factory/sovits_api/sichuan/sovits_api_sichuan_ref_boot_edgetts_sichuan_zh-CN-YunxiNeural_SC-000010_SC-000249.wav,spoof,RT-SOVITS-SICHUAN,clean,"redteam_factory/GPT-SoVITS(v2 API, GPU 批处理)",MIT,sovits_api,sichuan,SC-000249,ref_boot_edgetts_sichuan_zh-CN-YunxiNeural_SC-000010,9.96,True,True,0.0,True,0.41967871485943775,True,True,0.019,True
data/redteam/factory/sovits_api/sichuan/sovits_api_sichuan_ref_boot_edgetts_sichuan_zh-CN-YunxiNeural_SC-000010_SC-000252.wav,spoof,RT-SOVITS-SICHUAN,clean,"redteam_factory/GPT-SoVITS(v2 API, GPU 批处理)",MIT,sovits_api,sichuan,SC-000252,ref_boot_edgetts_sichuan_zh-CN-YunxiNeural_SC-000010,12.1,True,True,0.0,True,0.42479338842975206,True,True,0.028,True
data/redteam/factory/sovits_api/sichuan/sovits_api_sichuan_ref_boot_edgetts_sichuan_zh-CN-YunxiNeural_SC-000010_SC-000254.wav,spoof,RT-SOVITS-SICHUAN,clean,"redteam_factory/GPT-SoVITS(v2 API, GPU 批处理)",MIT,sovits_api,sichuan,SC-000254,ref_boot_edgetts_sichuan_zh-CN-YunxiNeural_SC-000010,6.52,True,True,0.0,True,0.4539877300613497,True,True,0.046,True
data/redteam/factory/sovits_api/sichuan/sovits_api_sichuan_ref_boot_edgetts_sichuan_zh-CN-YunxiNeural_SC-000010_SC-000259.wav,spoof,RT-SOVITS-SICHUAN,clean,"redteam_factory/GPT-SoVITS(v2 API, GPU 批处理)",MIT,sovits_api,sichuan,SC-000259,ref_boot_edgetts_sichuan_zh-CN-YunxiNeural_SC-000010,15.92,True,True,0.0,True,0.46733668341708545,True,True,0.006,True
data/redteam/factory/sovits_api/sichuan/sovits_api_sichuan_ref_boot_edgetts_sichuan_zh-CN-YunxiNeural_SC-000010_SC-000263.wav,spoof,RT-SOVITS-SICHUAN,clean,"redteam_factory/GPT-SoVITS(v2 API, GPU 批处理)",MIT,sovits_api,sichuan,SC-000263,ref_boot_edgetts_sichuan_zh-CN-YunxiNeural_SC-000010,17.8,True,True,0.0,True,0.3831460674157303,True,True,0.018,True
data/redteam/factory/sovits_api/sichuan/sovits_api_sichuan_ref_boot_edgetts_sichuan_zh-CN-YunxiNeural_SC-000010_SC-000266.wav,spoof,RT-SOVITS-SICHUAN,clean,"redteam_factory/GPT-SoVITS(v2 API, GPU 批处理)",MIT,sovits_api,sichuan,SC-000266,ref_boot_edgetts_sichuan_zh-CN-YunxiNeural_SC-000010,17.94,True,True,0.0,True,0.4214046822742475,True,True,0.013,True
data/redteam/factory/sovits_api/sichuan/sovits_api_sichuan_ref_boot_edgetts_sichuan_zh-CN-YunxiNeural_SC-000010_SC-000268.wav,spoof,RT-SOVITS-SICHUAN,clean,"redteam_factory/GPT-SoVITS(v2 API, GPU 批处理)",MIT,sovits_api,sichuan,SC-000268,ref_boot_edgetts_sichuan_zh-CN-YunxiNeural_SC-000010,11.14,True,True,0.0,True,0.42908438061041293,True,True,0.017,True
data/redteam/factory/sovits_api/sichuan/sovits_api_sichuan_ref_boot_edgetts_sichuan_zh-CN-YunxiNeural_SC-000010_SC-000271.wav,spoof,RT-SOVITS-SICHUAN,clean,"redteam_factory/GPT-SoVITS(v2 API, GPU 批处理)",MIT,sovits_api,sichuan,SC-000271,ref_boot_edgetts_sichuan_zh-CN-YunxiNeural_SC-000010,9.14,True,True,0.0,True,0.4682713347921225,True,True,0.298,True
data/redteam/factory/sovits_api/sichuan/sovits_api_sichuan_ref_boot_edgetts_sichuan_zh-CN-YunxiNeural_SC-000010_SC-000278.wav,spoof,RT-SOVITS-SICHUAN,clean,"redteam_factory/GPT-SoVITS(v2 API, GPU 批处理)",MIT,sovits_api,sichuan,SC-000278,ref_boot_edgetts_sichuan_zh-CN-YunxiNeural_SC-000010,12.42,True,True,0.0,True,0.3977455716586151,True,True,0.049,True
data/redteam/factory/sovits_api/cantonese/sovits_api_cantonese_ref_boot_edgetts_cantonese_zh-HK-HiuMaanNeural_SC-000005_seg8s_SC-000040.wav,spoof,RT-SOVITS-CANTONESE,clean,"redteam_factory/GPT-SoVITS(v2 API, GPU 批处理)",MIT,sovits_api,cantonese,SC-000040,ref_boot_edgetts_cantonese_zh-HK-HiuMaanNeural_SC-000005_seg8s,6.58,True,True,0.0,True,0.331306990881459,True,True,0.021,True
data/redteam/factory/sovits_api/cantonese/sovits_api_cantonese_ref_boot_edgetts_cantonese_zh-HK-HiuMaanNeural_SC-000005_seg8s_SC-000049.wav,spoof,RT-SOVITS-CANTONESE,clean,"redteam_factory/GPT-SoVITS(v2 API, GPU 批处理)",MIT,sovits_api,cantonese,SC-000049,ref_boot_edgetts_cantonese_zh-HK-HiuMaanNeural_SC-000005_seg8s,11.16,True,True,0.0,True,0.2939068100358423,True,True,0.012,True
data/redteam/factory/sovits_api/cantonese/sovits_api_cantonese_ref_boot_edgetts_cantonese_zh-HK-HiuMaanNeural_SC-000005_seg8s_SC-000052.wav,spoof,RT-SOVITS-CANTONESE,clean,"redteam_factory/GPT-SoVITS(v2 API, GPU 批处理)",MIT,sovits_api,cantonese,SC-000052,ref_boot_edgetts_cantonese_zh-HK-HiuMaanNeural_SC-000005_seg8s,14.86,True,True,0.0,True,0.360699865410498,True,True,0.022,True
data/redteam/factory/sovits_api/cantonese/sovits_api_cantonese_ref_boot_edgetts_cantonese_zh-HK-HiuMaanNeural_SC-000005_seg8s_SC-000079.wav,spoof,RT-SOVITS-CANTONESE,clean,"redteam_factory/GPT-SoVITS(v2 API, GPU 批处理)",MIT,sovits_api,cantonese,SC-000079,ref_boot_edgetts_cantonese_zh-HK-HiuMaanNeural_SC-000005_seg8s,7.0,True,True,0.0,True,0.3628571428571429,True,True,0.015,True
data/redteam/factory/sovits_api/cantonese/sovits_api_cantonese_ref_boot_edgetts_cantonese_zh-HK-HiuMaanNeural_SC-000005_seg8s_SC-000094.wav,spoof,RT-SOVITS-CANTONESE,clean,"redteam_factory/GPT-SoVITS(v2 API, GPU 批处理)",MIT,sovits_api,cantonese,SC-000094,ref_boot_edgetts_cantonese_zh-HK-HiuMaanNeural_SC-000005_seg8s,13.8,True,True,0.0,True,0.2927536231884058,True,True,0.012,True
data/redteam/factory/sovits_api/cantonese/sovits_api_cantonese_ref_boot_edgetts_cantonese_zh-HK-HiuMaanNeural_SC-000005_seg8s_SC-000109.wav,spoof,RT-SOVITS-CANTONESE,clean,"redteam_factory/GPT-SoVITS(v2 API, GPU 批处理)",MIT,sovits_api,cantonese,SC-000109,ref_boot_edgetts_cantonese_zh-HK-HiuMaanNeural_SC-000005_seg8s,12.18,True,True,0.0,True,0.40558292282430214,True,True,0.002,True
data/redteam/factory/sovits_api/cantonese/sovits_api_cantonese_ref_boot_edgetts_cantonese_zh-HK-HiuMaanNeural_SC-000005_seg8s_SC-000112.wav,spoof,RT-SOVITS-CANTONESE,clean,"redteam_factory/GPT-SoVITS(v2 API, GPU 批处理)",MIT,sovits_api,cantonese,SC-000112,ref_boot_edgetts_cantonese_zh-HK-HiuMaanNeural_SC-000005_seg8s,6.32,True,True,0.0,True,0.35443037974683544,True,True,0.062,True
data/redteam/factory/sovits_api/cantonese/sovits_api_cantonese_ref_boot_edgetts_cantonese_zh-HK-HiuMaanNeural_SC-000005_seg8s_SC-000119.wav,spoof,RT-SOVITS-CANTONESE,clean,"redteam_factory/GPT-SoVITS(v2 API, GPU 批处理)",MIT,sovits_api,cantonese,SC-000119,ref_boot_edgetts_cantonese_zh-HK-HiuMaanNeural_SC-000005_seg8s,7.48,True,True,0.0,True,0.3074866310160428,True,True,0.022,True
data/redteam/factory/sovits_api/cantonese/sovits_api_cantonese_ref_boot_edgetts_cantonese_zh-HK-HiuMaanNeural_SC-000005_seg8s_SC-000140.wav,spoof,RT-SOVITS-CANTONESE,clean,"redteam_factory/GPT-SoVITS(v2 API, GPU 批处理)",MIT,sovits_api,cantonese,SC-000140,ref_boot_edgetts_cantonese_zh-HK-HiuMaanNeural_SC-000005_seg8s,8.44,True,True,0.0,True,0.23933649289099526,True,True,0.062,True
data/redteam/factory/sovits_api/cantonese/sovits_api_cantonese_ref_boot_edgetts_cantonese_zh-HK-HiuMaanNeural_SC-000005_seg8s_SC-000142.wav,spoof,RT-SOVITS-CANTONESE,clean,"redteam_factory/GPT-SoVITS(v2 API, GPU 批处理)",MIT,sovits_api,cantonese,SC-000142,ref_boot_edgetts_cantonese_zh-HK-HiuMaanNeural_SC-000005_seg8s,12.0,True,True,0.0,True,0.37166666666666665,True,True,0.004,True
data/redteam/factory/sovits_api/cantonese/sovits_api_cantonese_ref_boot_edgetts_cantonese_zh-HK-HiuMaanNeural_SC-000005_seg8s_SC-000145.wav,spoof,RT-SOVITS-CANTONESE,clean,"redteam_factory/GPT-SoVITS(v2 API, GPU 批处理)",MIT,sovits_api,cantonese,SC-000145,ref_boot_edgetts_cantonese_zh-HK-HiuMaanNeural_SC-000005_seg8s,17.22,True,True,0.0,True,0.29036004645760743,True,True,0.018,True
data/redteam/factory/sovits_api/cantonese/sovits_api_cantonese_ref_boot_edgetts_cantonese_zh-HK-HiuMaanNeural_SC-000005_seg8s_SC-000155.wav,spoof,RT-SOVITS-CANTONESE,clean,"redteam_factory/GPT-SoVITS(v2 API, GPU 批处理)",MIT,sovits_api,cantonese,SC-000155,ref_boot_edgetts_cantonese_zh-HK-HiuMaanNeural_SC-000005_seg8s,8.36,True,True,0.0,True,0.4090909090909091,True,True,0.007,True
data/redteam/factory/sovits_api/cantonese/sovits_api_cantonese_ref_boot_edgetts_cantonese_zh-HK-HiuMaanNeural_SC-000005_seg8s_SC-000187.wav,spoof,RT-SOVITS-CANTONESE,clean,"redteam_factory/GPT-SoVITS(v2 API, GPU 批处理)",MIT,sovits_api,cantonese,SC-000187,ref_boot_edgetts_cantonese_zh-HK-HiuMaanNeural_SC-000005_seg8s,14.16,True,True,0.0,True,0.327683615819209,True,True,0.034,True
data/redteam/factory/sovits_api/cantonese/sovits_api_cantonese_ref_boot_edgetts_cantonese_zh-HK-HiuMaanNeural_SC-000005_seg8s_SC-000191.wav,spoof,RT-SOVITS-CANTONESE,clean,"redteam_factory/GPT-SoVITS(v2 API, GPU 批处理)",MIT,sovits_api,cantonese,SC-000191,ref_boot_edgetts_cantonese_zh-HK-HiuMaanNeural_SC-000005_seg8s,11.48,True,True,0.0,True,0.3344947735191638,True,True,0.013,True
data/redteam/factory/sovits_api/cantonese/sovits_api_cantonese_ref_boot_edgetts_cantonese_zh-HK-HiuMaanNeural_SC-000005_seg8s_SC-000197.wav,spoof,RT-SOVITS-CANTONESE,clean,"redteam_factory/GPT-SoVITS(v2 API, GPU 批处理)",MIT,sovits_api,cantonese,SC-000197,ref_boot_edgetts_cantonese_zh-HK-HiuMaanNeural_SC-000005_seg8s,9.6,True,True,0.0,True,0.4125,True,True,0.023,True
data/redteam/factory/sovits_api/cantonese/sovits_api_cantonese_ref_boot_edgetts_cantonese_zh-HK-HiuMaanNeural_SC-000005_seg8s_SC-000209.wav,spoof,RT-SOVITS-CANTONESE,clean,"redteam_factory/GPT-SoVITS(v2 API, GPU 批处理)",MIT,sovits_api,cantonese,SC-000209,ref_boot_edgetts_cantonese_zh-HK-HiuMaanNeural_SC-000005_seg8s,16.18,True,True,0.0,True,0.3695920889987639,True,True,0.006,True
data/redteam/factory/sovits_api/cantonese/sovits_api_cantonese_ref_boot_edgetts_cantonese_zh-HK-HiuMaanNeural_SC-000005_seg8s_SC-000239.wav,spoof,RT-SOVITS-CANTONESE,clean,"redteam_factory/GPT-SoVITS(v2 API, GPU 批处理)",MIT,sovits_api,cantonese,SC-000239,ref_boot_edgetts_cantonese_zh-HK-HiuMaanNeural_SC-000005_seg8s,16.38,True,True,0.0,True,0.3601953601953602,True,True,0.014,True
data/redteam/factory/sovits_api/cantonese/sovits_api_cantonese_ref_boot_edgetts_cantonese_zh-HK-HiuMaanNeural_SC-000005_seg8s_SC-000246.wav,spoof,RT-SOVITS-CANTONESE,clean,"redteam_factory/GPT-SoVITS(v2 API, GPU 批处理)",MIT,sovits_api,cantonese,SC-000246,ref_boot_edgetts_cantonese_zh-HK-HiuMaanNeural_SC-000005_seg8s,8.06,True,True,0.0,True,0.2679900744416873,True,True,0.012,True
data/redteam/factory/sovits_api/cantonese/sovits_api_cantonese_ref_boot_edgetts_cantonese_zh-HK-HiuMaanNeural_SC-000005_seg8s_SC-000247.wav,spoof,RT-SOVITS-CANTONESE,clean,"redteam_factory/GPT-SoVITS(v2 API, GPU 批处理)",MIT,sovits_api,cantonese,SC-000247,ref_boot_edgetts_cantonese_zh-HK-HiuMaanNeural_SC-000005_seg8s,14.0,True,True,0.0,True,0.34714285714285714,True,True,0.012,True
data/redteam/factory/sovits_api/cantonese/sovits_api_cantonese_ref_boot_edgetts_cantonese_zh-HK-HiuMaanNeural_SC-000005_seg8s_SC-000248.wav,spoof,RT-SOVITS-CANTONESE,clean,"redteam_factory/GPT-SoVITS(v2 API, GPU 批处理)",MIT,sovits_api,cantonese,SC-000248,ref_boot_edgetts_cantonese_zh-HK-HiuMaanNeural_SC-000005_seg8s,10.86,True,True,0.0,True,0.3572744014732965,True,True,0.005,True
data/redteam/factory/sovits_api/cantonese/sovits_api_cantonese_ref_boot_edgetts_cantonese_zh-HK-HiuMaanNeural_SC-000005_seg8s_SC-000258.wav,spoof,RT-SOVITS-CANTONESE,clean,"redteam_factory/GPT-SoVITS(v2 API, GPU 批处理)",MIT,sovits_api,cantonese,SC-000258,ref_boot_edgetts_cantonese_zh-HK-HiuMaanNeural_SC-000005_seg8s,8.62,True,True,0.0,True,0.1531322505800464,True,True,0.005,True
data/redteam/factory/sovits_api/cantonese/sovits_api_cantonese_ref_boot_edgetts_cantonese_zh-HK-HiuMaanNeural_SC-000005_seg8s_SC-000277.wav,spoof,RT-SOVITS-CANTONESE,clean,"redteam_factory/GPT-SoVITS(v2 API, GPU 批处理)",MIT,sovits_api,cantonese,SC-000277,ref_boot_edgetts_cantonese_zh-HK-HiuMaanNeural_SC-000005_seg8s,15.26,True,True,0.0,True,0.3106159895150721,True,True,0.02,True
data/redteam/factory/sovits_api/cantonese/sovits_api_cantonese_ref_boot_edgetts_cantonese_zh-HK-HiuMaanNeural_SC-000005_seg8s_SC-000281.wav,spoof,RT-SOVITS-CANTONESE,clean,"redteam_factory/GPT-SoVITS(v2 API, GPU 批处理)",MIT,sovits_api,cantonese,SC-000281,ref_boot_edgetts_cantonese_zh-HK-HiuMaanNeural_SC-000005_seg8s,19.32,True,True,0.0,True,0.386128364389234,True,True,0.004,True
data/redteam/factory/sovits_api/cantonese/sovits_api_cantonese_ref_boot_edgetts_cantonese_zh-HK-HiuMaanNeural_SC-000005_seg8s_SC-000285.wav,spoof,RT-SOVITS-CANTONESE,clean,"redteam_factory/GPT-SoVITS(v2 API, GPU 批处理)",MIT,sovits_api,cantonese,SC-000285,ref_boot_edgetts_cantonese_zh-HK-HiuMaanNeural_SC-000005_seg8s,9.24,True,True,0.0,True,0.3181818181818182,True,True,0.02,True
data/redteam/factory/sovits_api/cantonese/sovits_api_cantonese_ref_boot_edgetts_cantonese_zh-HK-HiuMaanNeural_SC-000005_seg8s_SC-000296.wav,spoof,RT-SOVITS-CANTONESE,clean,"redteam_factory/GPT-SoVITS(v2 API, GPU 批处理)",MIT,sovits_api,cantonese,SC-000296,ref_boot_edgetts_cantonese_zh-HK-HiuMaanNeural_SC-000005_seg8s,12.52,True,True,0.0,True,0.3402555910543131,True,True,0.009,True
data/redteam/factory/sovits_api/cantonese/sovits_api_cantonese_ref_boot_edgetts_cantonese_zh-HK-HiuMaanNeural_SC-000005_seg8s_SC-000305.wav,spoof,RT-SOVITS-CANTONESE,clean,"redteam_factory/GPT-SoVITS(v2 API, GPU 批处理)",MIT,sovits_api,cantonese,SC-000305,ref_boot_edgetts_cantonese_zh-HK-HiuMaanNeural_SC-000005_seg8s,14.7,True,True,0.0,True,0.31020408163265306,True,True,0.005,True
data/redteam/factory/sovits_api/cantonese/sovits_api_cantonese_ref_boot_edgetts_cantonese_zh-HK-HiuMaanNeural_SC-000005_seg8s_SC-000312.wav,spoof,RT-SOVITS-CANTONESE,clean,"redteam_factory/GPT-SoVITS(v2 API, GPU 批处理)",MIT,sovits_api,cantonese,SC-000312,ref_boot_edgetts_cantonese_zh-HK-HiuMaanNeural_SC-000005_seg8s,11.78,True,True,0.0,True,0.3463497453310696,True,True,0.003,True
data/redteam/factory/sovits_api/cantonese/sovits_api_cantonese_ref_boot_edgetts_cantonese_zh-HK-HiuMaanNeural_SC-000005_seg8s_SC-000329.wav,spoof,RT-SOVITS-CANTONESE,clean,"redteam_factory/GPT-SoVITS(v2 API, GPU 批处理)",MIT,sovits_api,cantonese,SC-000329,ref_boot_edgetts_cantonese_zh-HK-HiuMaanNeural_SC-000005_seg8s,11.32,True,True,0.0,True,0.3339222614840989,True,True,0.028,True
data/redteam/factory/sovits_api/cantonese/sovits_api_cantonese_ref_boot_edgetts_cantonese_zh-HK-WanLungNeural_SC-000005_seg8s_SC-000040.wav,spoof,RT-SOVITS-CANTONESE,clean,"redteam_factory/GPT-SoVITS(v2 API, GPU 批处理)",MIT,sovits_api,cantonese,SC-000040,ref_boot_edgetts_cantonese_zh-HK-WanLungNeural_SC-000005_seg8s,7.7,True,True,0.0,True,0.3220779220779221,True,True,0.048,True
data/redteam/factory/sovits_api/cantonese/sovits_api_cantonese_ref_boot_edgetts_cantonese_zh-HK-WanLungNeural_SC-000005_seg8s_SC-000049.wav,spoof,RT-SOVITS-CANTONESE,clean,"redteam_factory/GPT-SoVITS(v2 API, GPU 批处理)",MIT,sovits_api,cantonese,SC-000049,ref_boot_edgetts_cantonese_zh-HK-WanLungNeural_SC-000005_seg8s,13.68,True,True,0.0,True,0.3347953216374269,True,True,0.005,True
data/redteam/factory/sovits_api/cantonese/sovits_api_cantonese_ref_boot_edgetts_cantonese_zh-HK-WanLungNeural_SC-000005_seg8s_SC-000052.wav,spoof,RT-SOVITS-CANTONESE,clean,"redteam_factory/GPT-SoVITS(v2 API, GPU 批处理)",MIT,sovits_api,cantonese,SC-000052,ref_boot_edgetts_cantonese_zh-HK-WanLungNeural_SC-000005_seg8s,15.98,True,True,0.0,True,0.36295369211514394,True,True,0.002,True
data/redteam/factory/sovits_api/cantonese/sovits_api_cantonese_ref_boot_edgetts_cantonese_zh-HK-WanLungNeural_SC-000005_seg8s_SC-000079.wav,spoof,RT-SOVITS-CANTONESE,clean,"redteam_factory/GPT-SoVITS(v2 API, GPU 批处理)",MIT,sovits_api,cantonese,SC-000079,ref_boot_edgetts_cantonese_zh-HK-WanLungNeural_SC-000005_seg8s,7.2,True,True,0.0,True,0.3861111111111111,True,True,0.015,True
data/redteam/factory/sovits_api/cantonese/sovits_api_cantonese_ref_boot_edgetts_cantonese_zh-HK-WanLungNeural_SC-000005_seg8s_SC-000094.wav,spoof,RT-SOVITS-CANTONESE,clean,"redteam_factory/GPT-SoVITS(v2 API, GPU 批处理)",MIT,sovits_api,cantonese,SC-000094,ref_boot_edgetts_cantonese_zh-HK-WanLungNeural_SC-000005_seg8s,15.48,True,True,0.0,True,0.30103359173126615,True,True,0.01,True
data/redteam/factory/sovits_api/cantonese/sovits_api_cantonese_ref_boot_edgetts_cantonese_zh-HK-WanLungNeural_SC-000005_seg8s_SC-000109.wav,spoof,RT-SOVITS-CANTONESE,clean,"redteam_factory/GPT-SoVITS(v2 API, GPU 批处理)",MIT,sovits_api,cantonese,SC-000109,ref_boot_edgetts_cantonese_zh-HK-WanLungNeural_SC-000005_seg8s,12.22,True,True,0.0,True,0.35842880523731585,True,True,0.005,True
data/redteam/factory/sovits_api/cantonese/sovits_api_cantonese_ref_boot_edgetts_cantonese_zh-HK-WanLungNeural_SC-000005_seg8s_SC-000112.wav,spoof,RT-SOVITS-CANTONESE,clean,"redteam_factory/GPT-SoVITS(v2 API, GPU 批处理)",MIT,sovits_api,cantonese,SC-000112,ref_boot_edgetts_cantonese_zh-HK-WanLungNeural_SC-000005_seg8s,6.52,True,True,0.0,True,0.3343558282208589,True,True,0.006,True
data/redteam/factory/sovits_api/cantonese/sovits_api_cantonese_ref_boot_edgetts_cantonese_zh-HK-WanLungNeural_SC-000005_seg8s_SC-000119.wav,spoof,RT-SOVITS-CANTONESE,clean,"redteam_factory/GPT-SoVITS(v2 API, GPU 批处理)",MIT,sovits_api,cantonese,SC-000119,ref_boot_edgetts_cantonese_zh-HK-WanLungNeural_SC-000005_seg8s,6.8,True,True,0.0,True,0.3088235294117647,True,True,0.24,True
data/redteam/factory/sovits_api/cantonese/sovits_api_cantonese_ref_boot_edgetts_cantonese_zh-HK-WanLungNeural_SC-000005_seg8s_SC-000131.wav,spoof,RT-SOVITS-CANTONESE,clean,"redteam_factory/GPT-SoVITS(v2 API, GPU 批处理)",MIT,sovits_api,cantonese,SC-000131,ref_boot_edgetts_cantonese_zh-HK-WanLungNeural_SC-000005_seg8s,19.34,True,True,0.0,True,0.32368148914167527,True,True,0.015,True
data/redteam/factory/sovits_api/cantonese/sovits_api_cantonese_ref_boot_edgetts_cantonese_zh-HK-WanLungNeural_SC-000005_seg8s_SC-000140.wav,spoof,RT-SOVITS-CANTONESE,clean,"redteam_factory/GPT-SoVITS(v2 API, GPU 批处理)",MIT,sovits_api,cantonese,SC-000140,ref_boot_edgetts_cantonese_zh-HK-WanLungNeural_SC-000005_seg8s,6.48,True,True,0.0,True,0.24382716049382716,True,True,0.029,True
data/redteam/factory/sovits_api/cantonese/sovits_api_cantonese_ref_boot_edgetts_cantonese_zh-HK-WanLungNeural_SC-000005_seg8s_SC-000142.wav,spoof,RT-SOVITS-CANTONESE,clean,"redteam_factory/GPT-SoVITS(v2 API, GPU 批处理)",MIT,sovits_api,cantonese,SC-000142,ref_boot_edgetts_cantonese_zh-HK-WanLungNeural_SC-000005_seg8s,8.8,True,True,0.0,True,0.30454545454545456,True,True,0.018,True
data/redteam/factory/sovits_api/cantonese/sovits_api_cantonese_ref_boot_edgetts_cantonese_zh-HK-WanLungNeural_SC-000005_seg8s_SC-000145.wav,spoof,RT-SOVITS-CANTONESE,clean,"redteam_factory/GPT-SoVITS(v2 API, GPU 批处理)",MIT,sovits_api,cantonese,SC-000145,ref_boot_edgetts_cantonese_zh-HK-WanLungNeural_SC-000005_seg8s,14.3,True,True,0.0,True,0.2881118881118881,True,True,0.021,True
data/redteam/factory/sovits_api/cantonese/sovits_api_cantonese_ref_boot_edgetts_cantonese_zh-HK-WanLungNeural_SC-000005_seg8s_SC-000155.wav,spoof,RT-SOVITS-CANTONESE,clean,"redteam_factory/GPT-SoVITS(v2 API, GPU 批处理)",MIT,sovits_api,cantonese,SC-000155,ref_boot_edgetts_cantonese_zh-HK-WanLungNeural_SC-000005_seg8s,6.16,True,True,0.0,True,0.33766233766233766,True,True,0.086,True
data/redteam/factory/sovits_api/cantonese/sovits_api_cantonese_ref_boot_edgetts_cantonese_zh-HK-WanLungNeural_SC-000005_seg8s_SC-000187.wav,spoof,RT-SOVITS-CANTONESE,clean,"redteam_factory/GPT-SoVITS(v2 API, GPU 批处理)",MIT,sovits_api,cantonese,SC-000187,ref_boot_edgetts_cantonese_zh-HK-WanLungNeural_SC-000005_seg8s,16.24,True,True,0.0,True,0.3263546798029557,True,True,0.004,True
data/redteam/factory/sovits_api/cantonese/sovits_api_cantonese_ref_boot_edgetts_cantonese_zh-HK-WanLungNeural_SC-000005_seg8s_SC-000191.wav,spoof,RT-SOVITS-CANTONESE,clean,"redteam_factory/GPT-SoVITS(v2 API, GPU 批处理)",MIT,sovits_api,cantonese,SC-000191,ref_boot_edgetts_cantonese_zh-HK-WanLungNeural_SC-000005_seg8s,12.56,True,True,0.0,True,0.37101910828025475,True,True,0.085,True
data/redteam/factory/sovits_api/cantonese/sovits_api_cantonese_ref_boot_edgetts_cantonese_zh-HK-WanLungNeural_SC-000005_seg8s_SC-000197.wav,spoof,RT-SOVITS-CANTONESE,clean,"redteam_factory/GPT-SoVITS(v2 API, GPU 批处理)",MIT,sovits_api,cantonese,SC-000197,ref_boot_edgetts_cantonese_zh-HK-WanLungNeural_SC-000005_seg8s,10.16,True,True,0.0,True,0.4507874015748031,True,True,0.002,True
data/redteam/factory/sovits_api/cantonese/sovits_api_cantonese_ref_boot_edgetts_cantonese_zh-HK-WanLungNeural_SC-000005_seg8s_SC-000209.wav,spoof,RT-SOVITS-CANTONESE,clean,"redteam_factory/GPT-SoVITS(v2 API, GPU 批处理)",MIT,sovits_api,cantonese,SC-000209,ref_boot_edgetts_cantonese_zh-HK-WanLungNeural_SC-000005_seg8s,17.42,True,True,0.0,True,0.35361653272101035,True,True,0.011,True
data/redteam/factory/sovits_api/cantonese/sovits_api_cantonese_ref_boot_edgetts_cantonese_zh-HK-WanLungNeural_SC-000005_seg8s_SC-000239.wav,spoof,RT-SOVITS-CANTONESE,clean,"redteam_factory/GPT-SoVITS(v2 API, GPU 批处理)",MIT,sovits_api,cantonese,SC-000239,ref_boot_edgetts_cantonese_zh-HK-WanLungNeural_SC-000005_seg8s,15.46,True,True,0.0,True,0.351875808538163,True,True,0.01,True
data/redteam/factory/sovits_api/cantonese/sovits_api_cantonese_ref_boot_edgetts_cantonese_zh-HK-WanLungNeural_SC-000005_seg8s_SC-000246.wav,spoof,RT-SOVITS-CANTONESE,clean,"redteam_factory/GPT-SoVITS(v2 API, GPU 批处理)",MIT,sovits_api,cantonese,SC-000246,ref_boot_edgetts_cantonese_zh-HK-WanLungNeural_SC-000005_seg8s,8.7,True,True,0.0,True,0.31724137931034485,True,True,0.008,True
data/redteam/factory/sovits_api/cantonese/sovits_api_cantonese_ref_boot_edgetts_cantonese_zh-HK-WanLungNeural_SC-000005_seg8s_SC-000247.wav,spoof,RT-SOVITS-CANTONESE,clean,"redteam_factory/GPT-SoVITS(v2 API, GPU 批处理)",MIT,sovits_api,cantonese,SC-000247,ref_boot_edgetts_cantonese_zh-HK-WanLungNeural_SC-000005_seg8s,13.96,True,True,0.0,True,0.3209169054441261,True,True,0.014,True
data/redteam/factory/sovits_api/cantonese/sovits_api_cantonese_ref_boot_edgetts_cantonese_zh-HK-WanLungNeural_SC-000005_seg8s_SC-000248.wav,spoof,RT-SOVITS-CANTONESE,clean,"redteam_factory/GPT-SoVITS(v2 API, GPU 批处理)",MIT,sovits_api,cantonese,SC-000248,ref_boot_edgetts_cantonese_zh-HK-WanLungNeural_SC-000005_seg8s,10.38,True,True,0.0,True,0.36608863198458574,True,True,0.004,True
data/redteam/factory/sovits_api/cantonese/sovits_api_cantonese_ref_boot_edgetts_cantonese_zh-HK-WanLungNeural_SC-000005_seg8s_SC-000258.wav,spoof,RT-SOVITS-CANTONESE,clean,"redteam_factory/GPT-SoVITS(v2 API, GPU 批处理)",MIT,sovits_api,cantonese,SC-000258,ref_boot_edgetts_cantonese_zh-HK-WanLungNeural_SC-000005_seg8s,9.3,True,True,0.0,True,0.2,True,True,0.005,True
data/redteam/factory/sovits_api/cantonese/sovits_api_cantonese_ref_boot_edgetts_cantonese_zh-HK-WanLungNeural_SC-000005_seg8s_SC-000277.wav,spoof,RT-SOVITS-CANTONESE,clean,"redteam_factory/GPT-SoVITS(v2 API, GPU 批处理)",MIT,sovits_api,cantonese,SC-000277,ref_boot_edgetts_cantonese_zh-HK-WanLungNeural_SC-000005_seg8s,16.62,True,True,0.0,True,0.39229843561973526,True,True,0.004,True
data/redteam/factory/sovits_api/cantonese/sovits_api_cantonese_ref_boot_edgetts_cantonese_zh-HK-WanLungNeural_SC-000005_seg8s_SC-000281.wav,spoof,RT-SOVITS-CANTONESE,clean,"redteam_factory/GPT-SoVITS(v2 API, GPU 批处理)",MIT,sovits_api,cantonese,SC-000281,ref_boot_edgetts_cantonese_zh-HK-WanLungNeural_SC-000005_seg8s,15.36,True,True,0.0,True,0.3489583333333333,True,True,0.012,True
data/redteam/factory/sovits_api/cantonese/sovits_api_cantonese_ref_boot_edgetts_cantonese_zh-HK-WanLungNeural_SC-000005_seg8s_SC-000285.wav,spoof,RT-SOVITS-CANTONESE,clean,"redteam_factory/GPT-SoVITS(v2 API, GPU 批处理)",MIT,sovits_api,cantonese,SC-000285,ref_boot_edgetts_cantonese_zh-HK-WanLungNeural_SC-000005_seg8s,11.28,True,True,0.0,True,0.33865248226950356,True,True,0.006,True
data/redteam/factory/sovits_api/cantonese/sovits_api_cantonese_ref_boot_edgetts_cantonese_zh-HK-WanLungNeural_SC-000005_seg8s_SC-000296.wav,spoof,RT-SOVITS-CANTONESE,clean,"redteam_factory/GPT-SoVITS(v2 API, GPU 批处理)",MIT,sovits_api,cantonese,SC-000296,ref_boot_edgetts_cantonese_zh-HK-WanLungNeural_SC-000005_seg8s,12.84,True,True,0.0,True,0.3613707165109034,True,True,0.03,True
data/redteam/factory/sovits_api/cantonese/sovits_api_cantonese_ref_boot_edgetts_cantonese_zh-HK-WanLungNeural_SC-000005_seg8s_SC-000305.wav,spoof,RT-SOVITS-CANTONESE,clean,"redteam_factory/GPT-SoVITS(v2 API, GPU 批处理)",MIT,sovits_api,cantonese,SC-000305,ref_boot_edgetts_cantonese_zh-HK-WanLungNeural_SC-000005_seg8s,16.58,True,True,0.0,True,0.3413751507840772,True,True,0.025,True
data/redteam/factory/sovits_api/cantonese/sovits_api_cantonese_ref_boot_edgetts_cantonese_zh-HK-WanLungNeural_SC-000005_seg8s_SC-000312.wav,spoof,RT-SOVITS-CANTONESE,clean,"redteam_factory/GPT-SoVITS(v2 API, GPU 批处理)",MIT,sovits_api,cantonese,SC-000312,ref_boot_edgetts_cantonese_zh-HK-WanLungNeural_SC-000005_seg8s,13.74,True,True,0.0,True,0.4002911208151383,True,True,0.002,True
data/redteam/factory/sovits_api/cantonese/sovits_api_cantonese_ref_boot_edgetts_cantonese_zh-HK-WanLungNeural_SC-000005_seg8s_SC-000329.wav,spoof,RT-SOVITS-CANTONESE,clean,"redteam_factory/GPT-SoVITS(v2 API, GPU 批处理)",MIT,sovits_api,cantonese,SC-000329,ref_boot_edgetts_cantonese_zh-HK-WanLungNeural_SC-000005_seg8s,14.92,True,True,0.0,True,0.4262734584450402,True,True,0.004,True
data/redteam/factory/sovits_api/dongbei/sovits_api_dongbei_ref_boot_edgetts_dongbei_zh-CN-liaoning-XiaobeiNeural_SC-000002_seg8s_SC-000032.wav,spoof,RT-SOVITS-DONGBEI,clean,"redteam_factory/GPT-SoVITS(v2 API, GPU 批处理)",MIT,sovits_api,dongbei,SC-000032,ref_boot_edgetts_dongbei_zh-CN-liaoning-XiaobeiNeural_SC-000002_seg8s,11.48,True,True,0.0,True,0.3310104529616725,True,True,0.024,True
data/redteam/factory/sovits_api/dongbei/sovits_api_dongbei_ref_boot_edgetts_dongbei_zh-CN-liaoning-XiaobeiNeural_SC-000002_seg8s_SC-000043.wav,spoof,RT-SOVITS-DONGBEI,clean,"redteam_factory/GPT-SoVITS(v2 API, GPU 批处理)",MIT,sovits_api,dongbei,SC-000043,ref_boot_edgetts_dongbei_zh-CN-liaoning-XiaobeiNeural_SC-000002_seg8s,11.48,True,True,0.0,True,0.3641114982578397,True,True,0.01,True
data/redteam/factory/sovits_api/dongbei/sovits_api_dongbei_ref_boot_edgetts_dongbei_zh-CN-liaoning-XiaobeiNeural_SC-000002_seg8s_SC-000051.wav,spoof,RT-SOVITS-DONGBEI,clean,"redteam_factory/GPT-SoVITS(v2 API, GPU 批处理)",MIT,sovits_api,dongbei,SC-000051,ref_boot_edgetts_dongbei_zh-CN-liaoning-XiaobeiNeural_SC-000002_seg8s,15.5,True,True,0.0,True,0.3367741935483871,True,True,0.007,True
data/redteam/factory/sovits_api/dongbei/sovits_api_dongbei_ref_boot_edgetts_dongbei_zh-CN-liaoning-XiaobeiNeural_SC-000002_seg8s_SC-000061.wav,spoof,RT-SOVITS-DONGBEI,clean,"redteam_factory/GPT-SoVITS(v2 API, GPU 批处理)",MIT,sovits_api,dongbei,SC-000061,ref_boot_edgetts_dongbei_zh-CN-liaoning-XiaobeiNeural_SC-000002_seg8s,12.64,True,True,0.0,True,0.25316455696202533,True,True,0.01,True
data/redteam/factory/sovits_api/dongbei/sovits_api_dongbei_ref_boot_edgetts_dongbei_zh-CN-liaoning-XiaobeiNeural_SC-000002_seg8s_SC-000078.wav,spoof,RT-SOVITS-DONGBEI,clean,"redteam_factory/GPT-SoVITS(v2 API, GPU 批处理)",MIT,sovits_api,dongbei,SC-000078,ref_boot_edgetts_dongbei_zh-CN-liaoning-XiaobeiNeural_SC-000002_seg8s,8.96,True,True,0.0,True,0.4375,True,True,0.019,True
data/redteam/factory/sovits_api/dongbei/sovits_api_dongbei_ref_boot_edgetts_dongbei_zh-CN-liaoning-XiaobeiNeural_SC-000002_seg8s_SC-000081.wav,spoof,RT-SOVITS-DONGBEI,clean,"redteam_factory/GPT-SoVITS(v2 API, GPU 批处理)",MIT,sovits_api,dongbei,SC-000081,ref_boot_edgetts_dongbei_zh-CN-liaoning-XiaobeiNeural_SC-000002_seg8s,9.64,True,True,0.0,True,0.3755186721991701,True,True,0.012,True
data/redteam/factory/sovits_api/dongbei/sovits_api_dongbei_ref_boot_edgetts_dongbei_zh-CN-liaoning-XiaobeiNeural_SC-000002_seg8s_SC-000084.wav,spoof,RT-SOVITS-DONGBEI,clean,"redteam_factory/GPT-SoVITS(v2 API, GPU 批处理)",MIT,sovits_api,dongbei,SC-000084,ref_boot_edgetts_dongbei_zh-CN-liaoning-XiaobeiNeural_SC-000002_seg8s,16.1,True,True,0.0,True,0.3440993788819876,True,True,0.099,True
data/redteam/factory/sovits_api/dongbei/sovits_api_dongbei_ref_boot_edgetts_dongbei_zh-CN-liaoning-XiaobeiNeural_SC-000002_seg8s_SC-000087.wav,spoof,RT-SOVITS-DONGBEI,clean,"redteam_factory/GPT-SoVITS(v2 API, GPU 批处理)",MIT,sovits_api,dongbei,SC-000087,ref_boot_edgetts_dongbei_zh-CN-liaoning-XiaobeiNeural_SC-000002_seg8s,8.32,True,True,0.0,True,0.34134615384615385,True,True,0.006,True
data/redteam/factory/sovits_api/dongbei/sovits_api_dongbei_ref_boot_edgetts_dongbei_zh-CN-liaoning-XiaobeiNeural_SC-000002_seg8s_SC-000102.wav,spoof,RT-SOVITS-DONGBEI,clean,"redteam_factory/GPT-SoVITS(v2 API, GPU 批处理)",MIT,sovits_api,dongbei,SC-000102,ref_boot_edgetts_dongbei_zh-CN-liaoning-XiaobeiNeural_SC-000002_seg8s,9.48,True,True,0.0,True,0.39029535864978904,True,True,0.005,True
data/redteam/factory/sovits_api/dongbei/sovits_api_dongbei_ref_boot_edgetts_dongbei_zh-CN-liaoning-XiaobeiNeural_SC-000002_seg8s_SC-000111.wav,spoof,RT-SOVITS-DONGBEI,clean,"redteam_factory/GPT-SoVITS(v2 API, GPU 批处理)",MIT,sovits_api,dongbei,SC-000111,ref_boot_edgetts_dongbei_zh-CN-liaoning-XiaobeiNeural_SC-000002_seg8s,11.36,True,True,0.0,True,0.4014084507042254,True,True,0.056,True
data/redteam/factory/sovits_api/dongbei/sovits_api_dongbei_ref_boot_edgetts_dongbei_zh-CN-liaoning-XiaobeiNeural_SC-000002_seg8s_SC-000113.wav,spoof,RT-SOVITS-DONGBEI,clean,"redteam_factory/GPT-SoVITS(v2 API, GPU 批处理)",MIT,sovits_api,dongbei,SC-000113,ref_boot_edgetts_dongbei_zh-CN-liaoning-XiaobeiNeural_SC-000002_seg8s,17.72,True,True,0.0,True,0.3160270880361174,True,True,0.027,True
data/redteam/factory/sovits_api/dongbei/sovits_api_dongbei_ref_boot_edgetts_dongbei_zh-CN-liaoning-XiaobeiNeural_SC-000002_seg8s_SC-000126.wav,spoof,RT-SOVITS-DONGBEI,clean,"redteam_factory/GPT-SoVITS(v2 API, GPU 批处理)",MIT,sovits_api,dongbei,SC-000126,ref_boot_edgetts_dongbei_zh-CN-liaoning-XiaobeiNeural_SC-000002_seg8s,12.72,True,True,0.0,True,0.3867924528301887,True,True,0.123,True
data/redteam/factory/sovits_api/dongbei/sovits_api_dongbei_ref_boot_edgetts_dongbei_zh-CN-liaoning-XiaobeiNeural_SC-000002_seg8s_SC-000141.wav,spoof,RT-SOVITS-DONGBEI,clean,"redteam_factory/GPT-SoVITS(v2 API, GPU 批处理)",MIT,sovits_api,dongbei,SC-000141,ref_boot_edgetts_dongbei_zh-CN-liaoning-XiaobeiNeural_SC-000002_seg8s,16.72,True,True,0.0,True,0.3492822966507177,True,True,0.023,True
data/redteam/factory/sovits_api/dongbei/sovits_api_dongbei_ref_boot_edgetts_dongbei_zh-CN-liaoning-XiaobeiNeural_SC-000002_seg8s_SC-000148.wav,spoof,RT-SOVITS-DONGBEI,clean,"redteam_factory/GPT-SoVITS(v2 API, GPU 批处理)",MIT,sovits_api,dongbei,SC-000148,ref_boot_edgetts_dongbei_zh-CN-liaoning-XiaobeiNeural_SC-000002_seg8s,19.68,True,True,0.0,True,0.2997967479674797,True,True,0.024,True
data/redteam/factory/sovits_api/dongbei/sovits_api_dongbei_ref_boot_edgetts_dongbei_zh-CN-liaoning-XiaobeiNeural_SC-000002_seg8s_SC-000149.wav,spoof,RT-SOVITS-DONGBEI,clean,"redteam_factory/GPT-SoVITS(v2 API, GPU 批处理)",MIT,sovits_api,dongbei,SC-000149,ref_boot_edgetts_dongbei_zh-CN-liaoning-XiaobeiNeural_SC-000002_seg8s,11.42,True,True,0.0,True,0.36252189141856395,True,True,0.037,True
data/redteam/factory/sovits_api/dongbei/sovits_api_dongbei_ref_boot_edgetts_dongbei_zh-CN-liaoning-XiaobeiNeural_SC-000002_seg8s_SC-000157.wav,spoof,RT-SOVITS-DONGBEI,clean,"redteam_factory/GPT-SoVITS(v2 API, GPU 批处理)",MIT,sovits_api,dongbei,SC-000157,ref_boot_edgetts_dongbei_zh-CN-liaoning-XiaobeiNeural_SC-000002_seg8s,10.02,True,True,0.0,True,0.3932135728542914,True,True,0.036,True
data/redteam/factory/sovits_api/dongbei/sovits_api_dongbei_ref_boot_edgetts_dongbei_zh-CN-liaoning-XiaobeiNeural_SC-000002_seg8s_SC-000161.wav,spoof,RT-SOVITS-DONGBEI,clean,"redteam_factory/GPT-SoVITS(v2 API, GPU 批处理)",MIT,sovits_api,dongbei,SC-000161,ref_boot_edgetts_dongbei_zh-CN-liaoning-XiaobeiNeural_SC-000002_seg8s,8.2,True,True,0.0,True,0.37317073170731707,True,True,0.008,True
data/redteam/factory/sovits_api/dongbei/sovits_api_dongbei_ref_boot_edgetts_dongbei_zh-CN-liaoning-XiaobeiNeural_SC-000002_seg8s_SC-000162.wav,spoof,RT-SOVITS-DONGBEI,clean,"redteam_factory/GPT-SoVITS(v2 API, GPU 批处理)",MIT,sovits_api,dongbei,SC-000162,ref_boot_edgetts_dongbei_zh-CN-liaoning-XiaobeiNeural_SC-000002_seg8s,8.44,True,True,0.0,True,0.2843601895734597,True,True,0.023,True
data/redteam/factory/sovits_api/dongbei/sovits_api_dongbei_ref_boot_edgetts_dongbei_zh-CN-liaoning-XiaobeiNeural_SC-000002_seg8s_SC-000167.wav,spoof,RT-SOVITS-DONGBEI,clean,"redteam_factory/GPT-SoVITS(v2 API, GPU 批处理)",MIT,sovits_api,dongbei,SC-000167,ref_boot_edgetts_dongbei_zh-CN-liaoning-XiaobeiNeural_SC-000002_seg8s,14.06,True,True,0.0,True,0.3328591749644381,True,True,0.092,True
data/redteam/factory/sovits_api/dongbei/sovits_api_dongbei_ref_boot_edgetts_dongbei_zh-CN-liaoning-XiaobeiNeural_SC-000002_seg8s_SC-000174.wav,spoof,RT-SOVITS-DONGBEI,clean,"redteam_factory/GPT-SoVITS(v2 API, GPU 批处理)",MIT,sovits_api,dongbei,SC-000174,ref_boot_edgetts_dongbei_zh-CN-liaoning-XiaobeiNeural_SC-000002_seg8s,12.04,True,True,0.0,True,0.3787375415282392,True,True,0.042,True
data/redteam/factory/sovits_api/dongbei/sovits_api_dongbei_ref_boot_edgetts_dongbei_zh-CN-liaoning-XiaobeiNeural_SC-000002_seg8s_SC-000200.wav,spoof,RT-SOVITS-DONGBEI,clean,"redteam_factory/GPT-SoVITS(v2 API, GPU 批处理)",MIT,sovits_api,dongbei,SC-000200,ref_boot_edgetts_dongbei_zh-CN-liaoning-XiaobeiNeural_SC-000002_seg8s,17.96,True,True,0.0,True,0.3986636971046771,True,True,0.03,True
data/redteam/factory/sovits_api/dongbei/sovits_api_dongbei_ref_boot_edgetts_dongbei_zh-CN-liaoning-XiaobeiNeural_SC-000002_seg8s_SC-000206.wav,spoof,RT-SOVITS-DONGBEI,clean,"redteam_factory/GPT-SoVITS(v2 API, GPU 批处理)",MIT,sovits_api,dongbei,SC-000206,ref_boot_edgetts_dongbei_zh-CN-liaoning-XiaobeiNeural_SC-000002_seg8s,9.88,True,True,0.0,True,0.3299595141700405,True,True,0.013,True
data/redteam/factory/sovits_api/dongbei/sovits_api_dongbei_ref_boot_edgetts_dongbei_zh-CN-liaoning-XiaobeiNeural_SC-000002_seg8s_SC-000226.wav,spoof,RT-SOVITS-DONGBEI,clean,"redteam_factory/GPT-SoVITS(v2 API, GPU 批处理)",MIT,sovits_api,dongbei,SC-000226,ref_boot_edgetts_dongbei_zh-CN-liaoning-XiaobeiNeural_SC-000002_seg8s,12.32,True,True,0.0,True,0.4042207792207792,True,True,0.014,True
data/redteam/factory/sovits_api/dongbei/sovits_api_dongbei_ref_boot_edgetts_dongbei_zh-CN-liaoning-XiaobeiNeural_SC-000002_seg8s_SC-000243.wav,spoof,RT-SOVITS-DONGBEI,clean,"redteam_factory/GPT-SoVITS(v2 API, GPU 批处理)",MIT,sovits_api,dongbei,SC-000243,ref_boot_edgetts_dongbei_zh-CN-liaoning-XiaobeiNeural_SC-000002_seg8s,10.58,True,True,0.0,True,0.3534971644612476,True,True,0.05,True
data/redteam/factory/sovits_api/dongbei/sovits_api_dongbei_ref_boot_edgetts_dongbei_zh-CN-liaoning-XiaobeiNeural_SC-000002_seg8s_SC-000256.wav,spoof,RT-SOVITS-DONGBEI,clean,"redteam_factory/GPT-SoVITS(v2 API, GPU 批处理)",MIT,sovits_api,dongbei,SC-000256,ref_boot_edgetts_dongbei_zh-CN-liaoning-XiaobeiNeural_SC-000002_seg8s,13.92,True,True,0.0,True,0.34626436781609193,True,True,0.04,True
data/redteam/factory/sovits_api/dongbei/sovits_api_dongbei_ref_boot_edgetts_dongbei_zh-CN-liaoning-XiaobeiNeural_SC-000002_seg8s_SC-000270.wav,spoof,RT-SOVITS-DONGBEI,clean,"redteam_factory/GPT-SoVITS(v2 API, GPU 批处理)",MIT,sovits_api,dongbei,SC-000270,ref_boot_edgetts_dongbei_zh-CN-liaoning-XiaobeiNeural_SC-000002_seg8s,14.08,True,True,0.0,True,0.421875,True,True,0.039,True
data/redteam/factory/sovits_api/dongbei/sovits_api_dongbei_ref_boot_edgetts_dongbei_zh-CN-liaoning-XiaobeiNeural_SC-000002_seg8s_SC-000273.wav,spoof,RT-SOVITS-DONGBEI,clean,"redteam_factory/GPT-SoVITS(v2 API, GPU 批处理)",MIT,sovits_api,dongbei,SC-000273,ref_boot_edgetts_dongbei_zh-CN-liaoning-XiaobeiNeural_SC-000002_seg8s,9.16,True,True,0.0,True,0.38427947598253276,True,True,0.01,True
data/redteam/factory/sovits_api/dongbei/sovits_api_dongbei_ref_boot_edgetts_dongbei_zh-CN-liaoning-XiaobeiNeural_SC-000002_seg8s_SC-000275.wav,spoof,RT-SOVITS-DONGBEI,clean,"redteam_factory/GPT-SoVITS(v2 API, GPU 批处理)",MIT,sovits_api,dongbei,SC-000275,ref_boot_edgetts_dongbei_zh-CN-liaoning-XiaobeiNeural_SC-000002_seg8s,6.02,True,True,0.0,True,0.4318936877076412,True,True,0.013,True
data/redteam/factory/sovits_api/dongbei/sovits_api_dongbei_ref_boot_edgetts_dongbei_zh-CN-liaoning-XiaobeiNeural_SC-000002_seg8s_SC-000288.wav,spoof,RT-SOVITS-DONGBEI,clean,"redteam_factory/GPT-SoVITS(v2 API, GPU 批处理)",MIT,sovits_api,dongbei,SC-000288,ref_boot_edgetts_dongbei_zh-CN-liaoning-XiaobeiNeural_SC-000002_seg8s,12.86,True,True,0.0,True,0.2986003110419907,True,True,0.092,True
data/redteam/factory/sovits_api/henan/sovits_api_henan_ref_boot_edgetts_henan_zh-CN-shaanxi-XiaoniNeural_SC-000009_seg8s_SC-000038.wav,spoof,RT-SOVITS-HENAN,clean,"redteam_factory/GPT-SoVITS(v2 API, GPU 批处理)",MIT,sovits_api,henan,SC-000038,ref_boot_edgetts_henan_zh-CN-shaanxi-XiaoniNeural_SC-000009_seg8s,15.26,True,True,0.0,True,0.29882044560943644,True,True,0.011,True
data/redteam/factory/sovits_api/henan/sovits_api_henan_ref_boot_edgetts_henan_zh-CN-shaanxi-XiaoniNeural_SC-000009_seg8s_SC-000039.wav,spoof,RT-SOVITS-HENAN,clean,"redteam_factory/GPT-SoVITS(v2 API, GPU 批处理)",MIT,sovits_api,henan,SC-000039,ref_boot_edgetts_henan_zh-CN-shaanxi-XiaoniNeural_SC-000009_seg8s,17.62,True,True,0.0,True,0.3507377979568672,True,True,0.022,True
data/redteam/factory/sovits_api/henan/sovits_api_henan_ref_boot_edgetts_henan_zh-CN-shaanxi-XiaoniNeural_SC-000009_seg8s_SC-000064.wav,spoof,RT-SOVITS-HENAN,clean,"redteam_factory/GPT-SoVITS(v2 API, GPU 批处理)",MIT,sovits_api,henan,SC-000064,ref_boot_edgetts_henan_zh-CN-shaanxi-XiaoniNeural_SC-000009_seg8s,18.82,True,True,0.0,True,0.31243358129649307,True,True,0.077,True
data/redteam/factory/sovits_api/henan/sovits_api_henan_ref_boot_edgetts_henan_zh-CN-shaanxi-XiaoniNeural_SC-000009_seg8s_SC-000067.wav,spoof,RT-SOVITS-HENAN,clean,"redteam_factory/GPT-SoVITS(v2 API, GPU 批处理)",MIT,sovits_api,henan,SC-000067,ref_boot_edgetts_henan_zh-CN-shaanxi-XiaoniNeural_SC-000009_seg8s,14.58,True,True,0.0,True,0.2935528120713306,True,True,0.014,True
data/redteam/factory/sovits_api/henan/sovits_api_henan_ref_boot_edgetts_henan_zh-CN-shaanxi-XiaoniNeural_SC-000009_seg8s_SC-000068.wav,spoof,RT-SOVITS-HENAN,clean,"redteam_factory/GPT-SoVITS(v2 API, GPU 批处理)",MIT,sovits_api,henan,SC-000068,ref_boot_edgetts_henan_zh-CN-shaanxi-XiaoniNeural_SC-000009_seg8s,11.22,True,True,0.0,True,0.2994652406417112,True,True,0.018,True
data/redteam/factory/sovits_api/henan/sovits_api_henan_ref_boot_edgetts_henan_zh-CN-shaanxi-XiaoniNeural_SC-000009_seg8s_SC-000073.wav,spoof,RT-SOVITS-HENAN,clean,"redteam_factory/GPT-SoVITS(v2 API, GPU 批处理)",MIT,sovits_api,henan,SC-000073,ref_boot_edgetts_henan_zh-CN-shaanxi-XiaoniNeural_SC-000009_seg8s,13.1,True,True,0.0,True,0.2778625954198473,True,True,0.116,True
data/redteam/factory/sovits_api/henan/sovits_api_henan_ref_boot_edgetts_henan_zh-CN-shaanxi-XiaoniNeural_SC-000009_seg8s_SC-000088.wav,spoof,RT-SOVITS-HENAN,clean,"redteam_factory/GPT-SoVITS(v2 API, GPU 批处理)",MIT,sovits_api,henan,SC-000088,ref_boot_edgetts_henan_zh-CN-shaanxi-XiaoniNeural_SC-000009_seg8s,13.24,True,True,0.0,True,0.3293051359516616,True,True,0.064,True
data/redteam/factory/sovits_api/henan/sovits_api_henan_ref_boot_edgetts_henan_zh-CN-shaanxi-XiaoniNeural_SC-000009_seg8s_SC-000101.wav,spoof,RT-SOVITS-HENAN,clean,"redteam_factory/GPT-SoVITS(v2 API, GPU 批处理)",MIT,sovits_api,henan,SC-000101,ref_boot_edgetts_henan_zh-CN-shaanxi-XiaoniNeural_SC-000009_seg8s,11.4,True,True,0.0,True,0.3087719298245614,True,True,0.022,True
data/redteam/factory/sovits_api/henan/sovits_api_henan_ref_boot_edgetts_henan_zh-CN-shaanxi-XiaoniNeural_SC-000009_seg8s_SC-000108.wav,spoof,RT-SOVITS-HENAN,clean,"redteam_factory/GPT-SoVITS(v2 API, GPU 批处理)",MIT,sovits_api,henan,SC-000108,ref_boot_edgetts_henan_zh-CN-shaanxi-XiaoniNeural_SC-000009_seg8s,8.16,True,True,0.0,True,0.38235294117647056,True,True,0.062,True
data/redteam/factory/sovits_api/henan/sovits_api_henan_ref_boot_edgetts_henan_zh-CN-shaanxi-XiaoniNeural_SC-000009_seg8s_SC-000122.wav,spoof,RT-SOVITS-HENAN,clean,"redteam_factory/GPT-SoVITS(v2 API, GPU 批处理)",MIT,sovits_api,henan,SC-000122,ref_boot_edgetts_henan_zh-CN-shaanxi-XiaoniNeural_SC-000009_seg8s,13.6,True,True,0.0,True,0.3558823529411765,True,True,0.03,True
data/redteam/factory/sovits_api/henan/sovits_api_henan_ref_boot_edgetts_henan_zh-CN-shaanxi-XiaoniNeural_SC-000009_seg8s_SC-000128.wav,spoof,RT-SOVITS-HENAN,clean,"redteam_factory/GPT-SoVITS(v2 API, GPU 批处理)",MIT,sovits_api,henan,SC-000128,ref_boot_edgetts_henan_zh-CN-shaanxi-XiaoniNeural_SC-000009_seg8s,15.76,True,True,0.0,True,0.2880710659898477,True,True,0.015,True
data/redteam/factory/sovits_api/henan/sovits_api_henan_ref_boot_edgetts_henan_zh-CN-shaanxi-XiaoniNeural_SC-000009_seg8s_SC-000147.wav,spoof,RT-SOVITS-HENAN,clean,"redteam_factory/GPT-SoVITS(v2 API, GPU 批处理)",MIT,sovits_api,henan,SC-000147,ref_boot_edgetts_henan_zh-CN-shaanxi-XiaoniNeural_SC-000009_seg8s,14.46,True,True,0.0,True,0.28492392807745504,True,True,0.078,True
data/redteam/factory/sovits_api/henan/sovits_api_henan_ref_boot_edgetts_henan_zh-CN-shaanxi-XiaoniNeural_SC-000009_seg8s_SC-000160.wav,spoof,RT-SOVITS-HENAN,clean,"redteam_factory/GPT-SoVITS(v2 API, GPU 批处理)",MIT,sovits_api,henan,SC-000160,ref_boot_edgetts_henan_zh-CN-shaanxi-XiaoniNeural_SC-000009_seg8s,16.86,True,True,0.0,True,0.3736654804270463,True,True,0.216,True
data/redteam/factory/sovits_api/henan/sovits_api_henan_ref_boot_edgetts_henan_zh-CN-shaanxi-XiaoniNeural_SC-000009_seg8s_SC-000170.wav,spoof,RT-SOVITS-HENAN,clean,"redteam_factory/GPT-SoVITS(v2 API, GPU 批处理)",MIT,sovits_api,henan,SC-000170,ref_boot_edgetts_henan_zh-CN-shaanxi-XiaoniNeural_SC-000009_seg8s,10.96,True,True,0.0,True,0.2664233576642336,True,True,0.034,True
data/redteam/factory/sovits_api/henan/sovits_api_henan_ref_boot_edgetts_henan_zh-CN-shaanxi-XiaoniNeural_SC-000009_seg8s_SC-000183.wav,spoof,RT-SOVITS-HENAN,clean,"redteam_factory/GPT-SoVITS(v2 API, GPU 批处理)",MIT,sovits_api,henan,SC-000183,ref_boot_edgetts_henan_zh-CN-shaanxi-XiaoniNeural_SC-000009_seg8s,14.94,True,True,0.0,True,0.34002677376171353,True,True,0.03,True
data/redteam/factory/sovits_api/henan/sovits_api_henan_ref_boot_edgetts_henan_zh-CN-shaanxi-XiaoniNeural_SC-000009_seg8s_SC-000195.wav,spoof,RT-SOVITS-HENAN,clean,"redteam_factory/GPT-SoVITS(v2 API, GPU 批处理)",MIT,sovits_api,henan,SC-000195,ref_boot_edgetts_henan_zh-CN-shaanxi-XiaoniNeural_SC-000009_seg8s,13.94,True,True,0.0,True,0.32711621233859395,True,True,0.069,True
data/redteam/factory/sovits_api/henan/sovits_api_henan_ref_boot_edgetts_henan_zh-CN-shaanxi-XiaoniNeural_SC-000009_seg8s_SC-000203.wav,spoof,RT-SOVITS-HENAN,clean,"redteam_factory/GPT-SoVITS(v2 API, GPU 批处理)",MIT,sovits_api,henan,SC-000203,ref_boot_edgetts_henan_zh-CN-shaanxi-XiaoniNeural_SC-000009_seg8s,9.08,True,True,0.0,True,0.28634361233480177,True,True,0.245,True
data/redteam/factory/sovits_api/henan/sovits_api_henan_ref_boot_edgetts_henan_zh-CN-shaanxi-XiaoniNeural_SC-000009_seg8s_SC-000208.wav,spoof,RT-SOVITS-HENAN,clean,"redteam_factory/GPT-SoVITS(v2 API, GPU 批处理)",MIT,sovits_api,henan,SC-000208,ref_boot_edgetts_henan_zh-CN-shaanxi-XiaoniNeural_SC-000009_seg8s,14.12,True,True,0.0,True,0.3130311614730878,True,True,0.026,True
data/redteam/factory/sovits_api/henan/sovits_api_henan_ref_boot_edgetts_henan_zh-CN-shaanxi-XiaoniNeural_SC-000009_seg8s_SC-000217.wav,spoof,RT-SOVITS-HENAN,clean,"redteam_factory/GPT-SoVITS(v2 API, GPU 批处理)",MIT,sovits_api,henan,SC-000217,ref_boot_edgetts_henan_zh-CN-shaanxi-XiaoniNeural_SC-000009_seg8s,7.14,True,True,0.0,True,0.1876750700280112,True,True,0.199,True
data/redteam/factory/sovits_api/henan/sovits_api_henan_ref_boot_edgetts_henan_zh-CN-shaanxi-XiaoniNeural_SC-000009_seg8s_SC-000221.wav,spoof,RT-SOVITS-HENAN,clean,"redteam_factory/GPT-SoVITS(v2 API, GPU 批处理)",MIT,sovits_api,henan,SC-000221,ref_boot_edgetts_henan_zh-CN-shaanxi-XiaoniNeural_SC-000009_seg8s,19.14,True,True,0.0,True,0.19435736677115986,True,True,0.099,True
data/redteam/factory/sovits_api/henan/sovits_api_henan_ref_boot_edgetts_henan_zh-CN-shaanxi-XiaoniNeural_SC-000009_seg8s_SC-000233.wav,spoof,RT-SOVITS-HENAN,clean,"redteam_factory/GPT-SoVITS(v2 API, GPU 批处理)",MIT,sovits_api,henan,SC-000233,ref_boot_edgetts_henan_zh-CN-shaanxi-XiaoniNeural_SC-000009_seg8s,15.22,True,True,0.0,True,0.38107752956636004,True,True,0.031,True
data/redteam/factory/sovits_api/henan/sovits_api_henan_ref_boot_edgetts_henan_zh-CN-shaanxi-XiaoniNeural_SC-000009_seg8s_SC-000240.wav,spoof,RT-SOVITS-HENAN,clean,"redteam_factory/GPT-SoVITS(v2 API, GPU 批处理)",MIT,sovits_api,henan,SC-000240,ref_boot_edgetts_henan_zh-CN-shaanxi-XiaoniNeural_SC-000009_seg8s,9.6,True,True,0.0,True,0.29791666666666666,True,True,0.051,True
data/redteam/factory/sovits_api/henan/sovits_api_henan_ref_boot_edgetts_henan_zh-CN-shaanxi-XiaoniNeural_SC-000009_seg8s_SC-000250.wav,spoof,RT-SOVITS-HENAN,clean,"redteam_factory/GPT-SoVITS(v2 API, GPU 批处理)",MIT,sovits_api,henan,SC-000250,ref_boot_edgetts_henan_zh-CN-shaanxi-XiaoniNeural_SC-000009_seg8s,10.86,True,True,0.0,True,0.36279926335174956,True,True,0.015,True
data/redteam/factory/sovits_api/henan/sovits_api_henan_ref_boot_edgetts_henan_zh-CN-shaanxi-XiaoniNeural_SC-000009_seg8s_SC-000274.wav,spoof,RT-SOVITS-HENAN,clean,"redteam_factory/GPT-SoVITS(v2 API, GPU 批处理)",MIT,sovits_api,henan,SC-000274,ref_boot_edgetts_henan_zh-CN-shaanxi-XiaoniNeural_SC-000009_seg8s,13.22,True,True,0.0,True,0.3373676248108926,True,True,0.048,True
data/redteam/factory/sovits_api/henan/sovits_api_henan_ref_boot_edgetts_henan_zh-CN-shaanxi-XiaoniNeural_SC-000009_seg8s_SC-000284.wav,spoof,RT-SOVITS-HENAN,clean,"redteam_factory/GPT-SoVITS(v2 API, GPU 批处理)",MIT,sovits_api,henan,SC-000284,ref_boot_edgetts_henan_zh-CN-shaanxi-XiaoniNeural_SC-000009_seg8s,13.7,True,True,0.0,True,0.22773722627737225,True,True,0.118,True
data/redteam/factory/sovits_api/henan/sovits_api_henan_ref_boot_edgetts_henan_zh-CN-shaanxi-XiaoniNeural_SC-000009_seg8s_SC-000321.wav,spoof,RT-SOVITS-HENAN,clean,"redteam_factory/GPT-SoVITS(v2 API, GPU 批处理)",MIT,sovits_api,henan,SC-000321,ref_boot_edgetts_henan_zh-CN-shaanxi-XiaoniNeural_SC-000009_seg8s,9.72,True,True,0.0,True,0.35185185185185186,True,True,0.106,True
data/redteam/factory/sovits_api/henan/sovits_api_henan_ref_boot_edgetts_henan_zh-CN-shaanxi-XiaoniNeural_SC-000009_seg8s_SC-000322.wav,spoof,RT-SOVITS-HENAN,clean,"redteam_factory/GPT-SoVITS(v2 API, GPU 批处理)",MIT,sovits_api,henan,SC-000322,ref_boot_edgetts_henan_zh-CN-shaanxi-XiaoniNeural_SC-000009_seg8s,16.94,True,True,0.0,True,0.3447461629279811,True,True,0.013,True
data/redteam/factory/sovits_api/henan/sovits_api_henan_ref_boot_edgetts_henan_zh-CN-shaanxi-XiaoniNeural_SC-000009_seg8s_SC-000334.wav,spoof,RT-SOVITS-HENAN,clean,"redteam_factory/GPT-SoVITS(v2 API, GPU 批处理)",MIT,sovits_api,henan,SC-000334,ref_boot_edgetts_henan_zh-CN-shaanxi-XiaoniNeural_SC-000009_seg8s,10.5,True,True,0.0,True,0.2838095238095238,True,True,0.242,True
data/redteam/factory/sovits_api/henan/sovits_api_henan_ref_boot_edgetts_henan_zh-CN-shaanxi-XiaoniNeural_SC-000009_seg8s_SC-000338.wav,spoof,RT-SOVITS-HENAN,clean,"redteam_factory/GPT-SoVITS(v2 API, GPU 批处理)",MIT,sovits_api,henan,SC-000338,ref_boot_edgetts_henan_zh-CN-shaanxi-XiaoniNeural_SC-000009_seg8s,10.7,True,True,0.0,True,0.2485981308411215,True,True,0.038,True
