path,label,attack_id,channel,source,license,engine,dialect,script_id,speaker_ref,duration_s
data/redteam/factory/edgetts/mandarin/edgetts_mandarin_zh-CN-YunxiNeural_SC-000007.wav,spoof,RT-EDGETTS-MANDARIN,clean,redteam_factory/Edge-TTS,微软服务条款，仅研究评测用途,edgetts,mandarin,SC-000007,zh-CN-YunxiNeural,
data/redteam/factory/edgetts/mandarin/edgetts_mandarin_zh-CN-YunxiNeural_SC-000007.phone8k.wav,spoof,RT-EDGETTS-MANDARIN,phone8k,redteam_factory/Edge-TTS,微软服务条款，仅研究评测用途,edgetts,mandarin,SC-000007,zh-CN-YunxiNeural,
data/redteam/factory/edgetts/mandarin/edgetts_mandarin_zh-CN-YunxiNeural_SC-000007.mp3_16k.mp3,spoof,RT-EDGETTS-MANDARIN,mp3_16k,redteam_factory/Edge-TTS,微软服务条款，仅研究评测用途,edgetts,mandarin,SC-000007,zh-CN-YunxiNeural,
data/redteam/factory/edgetts/mandarin/edgetts_mandarin_zh-CN-YunxiNeural_SC-000007.amr.wav,spoof,RT-EDGETTS-MANDARIN,amr,redteam_factory/Edge-TTS,微软服务条款，仅研究评测用途,edgetts,mandarin,SC-000007,zh-CN-YunxiNeural,
data/redteam/factory/edgetts/mandarin/edgetts_mandarin_zh-CN-YunxiNeural_SC-000007.noise.wav,spoof,RT-EDGETTS-MANDARIN,noise,redteam_factory/Edge-TTS,微软服务条款，仅研究评测用途,edgetts,mandarin,SC-000007,zh-CN-YunxiNeural,
data/redteam/factory/edgetts/mandarin/edgetts_mandarin_zh-CN-YunxiNeural_SC-000012.wav,spoof,RT-EDGETTS-MANDARIN,clean,redteam_factory/Edge-TTS,微软服务条款，仅研究评测用途,edgetts,mandarin,SC-000012,zh-CN-YunxiNeural,
data/redteam/factory/edgetts/mandarin/edgetts_mandarin_zh-CN-YunxiNeural_SC-000012.phone8k.wav,spoof,RT-EDGETTS-MANDARIN,phone8k,redteam_factory/Edge-TTS,微软服务条款，仅研究评测用途,edgetts,mandarin,SC-000012,zh-CN-YunxiNeural,
data/redteam/factory/edgetts/mandarin/edgetts_mandarin_zh-CN-YunxiNeural_SC-000012.mp3_16k.mp3,spoof,RT-EDGETTS-MANDARIN,mp3_16k,redteam_factory/Edge-TTS,微软服务条款，仅研究评测用途,edgetts,mandarin,SC-000012,zh-CN-YunxiNeural,
data/redteam/factory/edgetts/mandarin/edgetts_mandarin_zh-CN-YunxiNeural_SC-000012.amr.wav,spoof,RT-EDGETTS-MANDARIN,amr,redteam_factory/Edge-TTS,微软服务条款，仅研究评测用途,edgetts,mandarin,SC-000012,zh-CN-YunxiNeural,
data/redteam/factory/edgetts/mandarin/edgetts_mandarin_zh-CN-YunxiNeural_SC-000012.noise.wav,spoof,RT-EDGETTS-MANDARIN,noise,redteam_factory/Edge-TTS,微软服务条款，仅研究评测用途,edgetts,mandarin,SC-000012,zh-CN-YunxiNeural,
data/redteam/factory/edgetts/mandarin/edgetts_mandarin_zh-CN-YunxiNeural_SC-000016.wav,spoof,RT-EDGETTS-MANDARIN,clean,redteam_factory/Edge-TTS,微软服务条款，仅研究评测用途,edgetts,mandarin,SC-000016,zh-CN-YunxiNeural,
data/redteam/factory/edgetts/mandarin/edgetts_mandarin_zh-CN-YunxiNeural_SC-000016.phone8k.wav,spoof,RT-EDGETTS-MANDARIN,phone8k,redteam_factory/Edge-TTS,微软服务条款，仅研究评测用途,edgetts,mandarin,SC-000016,zh-CN-YunxiNeural,
data/redteam/factory/edgetts/mandarin/edgetts_mandarin_zh-CN-YunxiNeural_SC-000016.mp3_16k.mp3,spoof,RT-EDGETTS-MANDARIN,mp3_16k,redteam_factory/Edge-TTS,微软服务条款，仅研究评测用途,edgetts,mandarin,SC-000016,zh-CN-YunxiNeural,
data/redteam/factory/edgetts/mandarin/edgetts_mandarin_zh-CN-YunxiNeural_SC-000016.amr.wav,spoof,RT-EDGETTS-MANDARIN,amr,redteam_factory/Edge-TTS,微软服务条款，仅研究评测用途,edgetts,mandarin,SC-000016,zh-CN-YunxiNeural,
data/redteam/factory/edgetts/mandarin/edgetts_mandarin_zh-CN-YunxiNeural_SC-000016.noise.wav,spoof,RT-EDGETTS-MANDARIN,noise,redteam_factory/Edge-TTS,微软服务条款，仅研究评测用途,edgetts,mandarin,SC-000016,zh-CN-YunxiNeural,
data/redteam/factory/edgetts/mandarin/edgetts_mandarin_zh-CN-YunxiNeural_SC-000019.wav,spoof,RT-EDGETTS-MANDARIN,clean,redteam_factory/Edge-TTS,微软服务条款，仅研究评测用途,edgetts,mandarin,SC-000019,zh-CN-YunxiNeural,
data/redteam/factory/edgetts/mandarin/edgetts_mandarin_zh-CN-YunxiNeural_SC-000019.phone8k.wav,spoof,RT-EDGETTS-MANDARIN,phone8k,redteam_factory/Edge-TTS,微软服务条款，仅研究评测用途,edgetts,mandarin,SC-000019,zh-CN-YunxiNeural,
data/redteam/factory/edgetts/mandarin/edgetts_mandarin_zh-CN-YunxiNeural_SC-000019.mp3_16k.mp3,spoof,RT-EDGETTS-MANDARIN,mp3_16k,redteam_factory/Edge-TTS,微软服务条款，仅研究评测用途,edgetts,mandarin,SC-000019,zh-CN-YunxiNeural,
data/redteam/factory/edgetts/mandarin/edgetts_mandarin_zh-CN-YunxiNeural_SC-000019.amr.wav,spoof,RT-EDGETTS-MANDARIN,amr,redteam_factory/Edge-TTS,微软服务条款，仅研究评测用途,edgetts,mandarin,SC-000019,zh-CN-YunxiNeural,
data/redteam/factory/edgetts/mandarin/edgetts_mandarin_zh-CN-YunxiNeural_SC-000019.noise.wav,spoof,RT-EDGETTS-MANDARIN,noise,redteam_factory/Edge-TTS,微软服务条款，仅研究评测用途,edgetts,mandarin,SC-000019,zh-CN-YunxiNeural,
data/redteam/factory/edgetts/mandarin/edgetts_mandarin_zh-CN-YunxiNeural_SC-000022.wav,spoof,RT-EDGETTS-MANDARIN,clean,redteam_factory/Edge-TTS,微软服务条款，仅研究评测用途,edgetts,mandarin,SC-000022,zh-CN-YunxiNeural,
data/redteam/factory/edgetts/mandarin/edgetts_mandarin_zh-CN-YunxiNeural_SC-000022.phone8k.wav,spoof,RT-EDGETTS-MANDARIN,phone8k,redteam_factory/Edge-TTS,微软服务条款，仅研究评测用途,edgetts,mandarin,SC-000022,zh-CN-YunxiNeural,
data/redteam/factory/edgetts/mandarin/edgetts_mandarin_zh-CN-YunxiNeural_SC-000022.mp3_16k.mp3,spoof,RT-EDGETTS-MANDARIN,mp3_16k,redteam_factory/Edge-TTS,微软服务条款，仅研究评测用途,edgetts,mandarin,SC-000022,zh-CN-YunxiNeural,
data/redteam/factory/edgetts/mandarin/edgetts_mandarin_zh-CN-YunxiNeural_SC-000022.amr.wav,spoof,RT-EDGETTS-MANDARIN,amr,redteam_factory/Edge-TTS,微软服务条款，仅研究评测用途,edgetts,mandarin,SC-000022,zh-CN-YunxiNeural,
data/redteam/factory/edgetts/mandarin/edgetts_mandarin_zh-CN-YunxiNeural_SC-000022.noise.wav,spoof,RT-EDGETTS-MANDARIN,noise,redteam_factory/Edge-TTS,微软服务条款，仅研究评测用途,edgetts,mandarin,SC-000022,zh-CN-YunxiNeural,
data/redteam/factory/edgetts/mandarin/edgetts_mandarin_zh-CN-YunxiNeural_SC-000027.wav,spoof,RT-EDGETTS-MANDARIN,clean,redteam_factory/Edge-TTS,微软服务条款，仅研究评测用途,edgetts,mandarin,SC-000027,zh-CN-YunxiNeural,
data/redteam/factory/edgetts/mandarin/edgetts_mandarin_zh-CN-YunxiNeural_SC-000027.phone8k.wav,spoof,RT-EDGETTS-MANDARIN,phone8k,redteam_factory/Edge-TTS,微软服务条款，仅研究评测用途,edgetts,mandarin,SC-000027,zh-CN-YunxiNeural,
data/redteam/factory/edgetts/mandarin/edgetts_mandarin_zh-CN-YunxiNeural_SC-000027.mp3_16k.mp3,spoof,RT-EDGETTS-MANDARIN,mp3_16k,redteam_factory/Edge-TTS,微软服务条款，仅研究评测用途,edgetts,mandarin,SC-000027,zh-CN-YunxiNeural,
data/redteam/factory/edgetts/mandarin/edgetts_mandarin_zh-CN-YunxiNeural_SC-000027.amr.wav,spoof,RT-EDGETTS-MANDARIN,amr,redteam_factory/Edge-TTS,微软服务条款，仅研究评测用途,edgetts,mandarin,SC-000027,zh-CN-YunxiNeural,
data/redteam/factory/edgetts/mandarin/edgetts_mandarin_zh-CN-YunxiNeural_SC-000027.noise.wav,spoof,RT-EDGETTS-MANDARIN,noise,redteam_factory/Edge-TTS,微软服务条款，仅研究评测用途,edgetts,mandarin,SC-000027,zh-CN-YunxiNeural,
data/redteam/factory/edgetts/mandarin/edgetts_mandarin_zh-CN-YunxiNeural_SC-000001.wav,spoof,RT-EDGETTS-MANDARIN,clean,redteam_factory/Edge-TTS,微软服务条款，仅研究评测用途,edgetts,mandarin,SC-000001,zh-CN-YunxiNeural,
data/redteam/factory/edgetts/mandarin/edgetts_mandarin_zh-CN-YunxiNeural_SC-000001.phone8k.wav,spoof,RT-EDGETTS-MANDARIN,phone8k,redteam_factory/Edge-TTS,微软服务条款，仅研究评测用途,edgetts,mandarin,SC-000001,zh-CN-YunxiNeural,
data/redteam/factory/edgetts/mandarin/edgetts_mandarin_zh-CN-YunxiNeural_SC-000001.mp3_16k.mp3,spoof,RT-EDGETTS-MANDARIN,mp3_16k,redteam_factory/Edge-TTS,微软服务条款，仅研究评测用途,edgetts,mandarin,SC-000001,zh-CN-YunxiNeural,
data/redteam/factory/edgetts/mandarin/edgetts_mandarin_zh-CN-YunxiNeural_SC-000001.amr.wav,spoof,RT-EDGETTS-MANDARIN,amr,redteam_factory/Edge-TTS,微软服务条款，仅研究评测用途,edgetts,mandarin,SC-000001,zh-CN-YunxiNeural,
data/redteam/factory/edgetts/mandarin/edgetts_mandarin_zh-CN-YunxiNeural_SC-000001.noise.wav,spoof,RT-EDGETTS-MANDARIN,noise,redteam_factory/Edge-TTS,微软服务条款，仅研究评测用途,edgetts,mandarin,SC-000001,zh-CN-YunxiNeural,
data/redteam/factory/edgetts/mandarin/edgetts_mandarin_zh-CN-YunxiNeural_SC-000002.wav,spoof,RT-EDGETTS-MANDARIN,clean,redteam_factory/Edge-TTS,微软服务条款，仅研究评测用途,edgetts,mandarin,SC-000002,zh-CN-YunxiNeural,
data/redteam/factory/edgetts/mandarin/edgetts_mandarin_zh-CN-YunxiNeural_SC-000002.phone8k.wav,spoof,RT-EDGETTS-MANDARIN,phone8k,redteam_factory/Edge-TTS,微软服务条款，仅研究评测用途,edgetts,mandarin,SC-000002,zh-CN-YunxiNeural,
data/redteam/factory/edgetts/mandarin/edgetts_mandarin_zh-CN-YunxiNeural_SC-000002.mp3_16k.mp3,spoof,RT-EDGETTS-MANDARIN,mp3_16k,redteam_factory/Edge-TTS,微软服务条款，仅研究评测用途,edgetts,mandarin,SC-000002,zh-CN-YunxiNeural,
data/redteam/factory/edgetts/mandarin/edgetts_mandarin_zh-CN-YunxiNeural_SC-000002.amr.wav,spoof,RT-EDGETTS-MANDARIN,amr,redteam_factory/Edge-TTS,微软服务条款，仅研究评测用途,edgetts,mandarin,SC-000002,zh-CN-YunxiNeural,
data/redteam/factory/edgetts/mandarin/edgetts_mandarin_zh-CN-YunxiNeural_SC-000002.noise.wav,spoof,RT-EDGETTS-MANDARIN,noise,redteam_factory/Edge-TTS,微软服务条款，仅研究评测用途,edgetts,mandarin,SC-000002,zh-CN-YunxiNeural,
data/redteam/factory/edgetts/mandarin/edgetts_mandarin_zh-CN-YunxiNeural_SC-000003.wav,spoof,RT-EDGETTS-MANDARIN,clean,redteam_factory/Edge-TTS,微软服务条款，仅研究评测用途,edgetts,mandarin,SC-000003,zh-CN-YunxiNeural,
data/redteam/factory/edgetts/mandarin/edgetts_mandarin_zh-CN-YunxiNeural_SC-000003.phone8k.wav,spoof,RT-EDGETTS-MANDARIN,phone8k,redteam_factory/Edge-TTS,微软服务条款，仅研究评测用途,edgetts,mandarin,SC-000003,zh-CN-YunxiNeural,
data/redteam/factory/edgetts/mandarin/edgetts_mandarin_zh-CN-YunxiNeural_SC-000003.mp3_16k.mp3,spoof,RT-EDGETTS-MANDARIN,mp3_16k,redteam_factory/Edge-TTS,微软服务条款，仅研究评测用途,edgetts,mandarin,SC-000003,zh-CN-YunxiNeural,
data/redteam/factory/edgetts/mandarin/edgetts_mandarin_zh-CN-YunxiNeural_SC-000003.amr.wav,spoof,RT-EDGETTS-MANDARIN,amr,redteam_factory/Edge-TTS,微软服务条款，仅研究评测用途,edgetts,mandarin,SC-000003,zh-CN-YunxiNeural,
data/redteam/factory/edgetts/mandarin/edgetts_mandarin_zh-CN-YunxiNeural_SC-000003.noise.wav,spoof,RT-EDGETTS-MANDARIN,noise,redteam_factory/Edge-TTS,微软服务条款，仅研究评测用途,edgetts,mandarin,SC-000003,zh-CN-YunxiNeural,
data/redteam/factory/edgetts/mandarin/edgetts_mandarin_zh-CN-YunxiNeural_SC-000004.wav,spoof,RT-EDGETTS-MANDARIN,clean,redteam_factory/Edge-TTS,微软服务条款，仅研究评测用途,edgetts,mandarin,SC-000004,zh-CN-YunxiNeural,
data/redteam/factory/edgetts/mandarin/edgetts_mandarin_zh-CN-YunxiNeural_SC-000004.phone8k.wav,spoof,RT-EDGETTS-MANDARIN,phone8k,redteam_factory/Edge-TTS,微软服务条款，仅研究评测用途,edgetts,mandarin,SC-000004,zh-CN-YunxiNeural,
data/redteam/factory/edgetts/mandarin/edgetts_mandarin_zh-CN-YunxiNeural_SC-000004.mp3_16k.mp3,spoof,RT-EDGETTS-MANDARIN,mp3_16k,redteam_factory/Edge-TTS,微软服务条款，仅研究评测用途,edgetts,mandarin,SC-000004,zh-CN-YunxiNeural,
data/redteam/factory/edgetts/mandarin/edgetts_mandarin_zh-CN-YunxiNeural_SC-000004.amr.wav,spoof,RT-EDGETTS-MANDARIN,amr,redteam_factory/Edge-TTS,微软服务条款，仅研究评测用途,edgetts,mandarin,SC-000004,zh-CN-YunxiNeural,
data/redteam/factory/edgetts/mandarin/edgetts_mandarin_zh-CN-YunxiNeural_SC-000004.noise.wav,spoof,RT-EDGETTS-MANDARIN,noise,redteam_factory/Edge-TTS,微软服务条款，仅研究评测用途,edgetts,mandarin,SC-000004,zh-CN-YunxiNeural,
data/redteam/factory/edgetts/mandarin/edgetts_mandarin_zh-CN-YunxiNeural_SC-000006.wav,spoof,RT-EDGETTS-MANDARIN,clean,redteam_factory/Edge-TTS,微软服务条款，仅研究评测用途,edgetts,mandarin,SC-000006,zh-CN-YunxiNeural,
data/redteam/factory/edgetts/mandarin/edgetts_mandarin_zh-CN-YunxiNeural_SC-000006.phone8k.wav,spoof,RT-EDGETTS-MANDARIN,phone8k,redteam_factory/Edge-TTS,微软服务条款，仅研究评测用途,edgetts,mandarin,SC-000006,zh-CN-YunxiNeural,
data/redteam/factory/edgetts/mandarin/edgetts_mandarin_zh-CN-YunxiNeural_SC-000006.mp3_16k.mp3,spoof,RT-EDGETTS-MANDARIN,mp3_16k,redteam_factory/Edge-TTS,微软服务条款，仅研究评测用途,edgetts,mandarin,SC-000006,zh-CN-YunxiNeural,
data/redteam/factory/edgetts/mandarin/edgetts_mandarin_zh-CN-YunxiNeural_SC-000006.amr.wav,spoof,RT-EDGETTS-MANDARIN,amr,redteam_factory/Edge-TTS,微软服务条款，仅研究评测用途,edgetts,mandarin,SC-000006,zh-CN-YunxiNeural,
data/redteam/factory/edgetts/mandarin/edgetts_mandarin_zh-CN-YunxiNeural_SC-000006.noise.wav,spoof,RT-EDGETTS-MANDARIN,noise,redteam_factory/Edge-TTS,微软服务条款，仅研究评测用途,edgetts,mandarin,SC-000006,zh-CN-YunxiNeural,
data/redteam/factory/edgetts/mandarin/edgetts_mandarin_zh-CN-YunxiNeural_SC-000008.wav,spoof,RT-EDGETTS-MANDARIN,clean,redteam_factory/Edge-TTS,微软服务条款，仅研究评测用途,edgetts,mandarin,SC-000008,zh-CN-YunxiNeural,
data/redteam/factory/edgetts/mandarin/edgetts_mandarin_zh-CN-YunxiNeural_SC-000008.phone8k.wav,spoof,RT-EDGETTS-MANDARIN,phone8k,redteam_factory/Edge-TTS,微软服务条款，仅研究评测用途,edgetts,mandarin,SC-000008,zh-CN-YunxiNeural,
data/redteam/factory/edgetts/mandarin/edgetts_mandarin_zh-CN-YunxiNeural_SC-000008.mp3_16k.mp3,spoof,RT-EDGETTS-MANDARIN,mp3_16k,redteam_factory/Edge-TTS,微软服务条款，仅研究评测用途,edgetts,mandarin,SC-000008,zh-CN-YunxiNeural,
data/redteam/factory/edgetts/mandarin/edgetts_mandarin_zh-CN-YunxiNeural_SC-000008.amr.wav,spoof,RT-EDGETTS-MANDARIN,amr,redteam_factory/Edge-TTS,微软服务条款，仅研究评测用途,edgetts,mandarin,SC-000008,zh-CN-YunxiNeural,
data/redteam/factory/edgetts/mandarin/edgetts_mandarin_zh-CN-YunxiNeural_SC-000008.noise.wav,spoof,RT-EDGETTS-MANDARIN,noise,redteam_factory/Edge-TTS,微软服务条款，仅研究评测用途,edgetts,mandarin,SC-000008,zh-CN-YunxiNeural,
data/redteam/factory/edgetts/mandarin/edgetts_mandarin_zh-CN-YunxiNeural_SC-000009.wav,spoof,RT-EDGETTS-MANDARIN,clean,redteam_factory/Edge-TTS,微软服务条款，仅研究评测用途,edgetts,mandarin,SC-000009,zh-CN-YunxiNeural,
data/redteam/factory/edgetts/mandarin/edgetts_mandarin_zh-CN-YunxiNeural_SC-000009.phone8k.wav,spoof,RT-EDGETTS-MANDARIN,phone8k,redteam_factory/Edge-TTS,微软服务条款，仅研究评测用途,edgetts,mandarin,SC-000009,zh-CN-YunxiNeural,
data/redteam/factory/edgetts/mandarin/edgetts_mandarin_zh-CN-YunxiNeural_SC-000009.mp3_16k.mp3,spoof,RT-EDGETTS-MANDARIN,mp3_16k,redteam_factory/Edge-TTS,微软服务条款，仅研究评测用途,edgetts,mandarin,SC-000009,zh-CN-YunxiNeural,
data/redteam/factory/edgetts/mandarin/edgetts_mandarin_zh-CN-YunxiNeural_SC-000009.amr.wav,spoof,RT-EDGETTS-MANDARIN,amr,redteam_factory/Edge-TTS,微软服务条款，仅研究评测用途,edgetts,mandarin,SC-000009,zh-CN-YunxiNeural,
data/redteam/factory/edgetts/mandarin/edgetts_mandarin_zh-CN-YunxiNeural_SC-000009.noise.wav,spoof,RT-EDGETTS-MANDARIN,noise,redteam_factory/Edge-TTS,微软服务条款，仅研究评测用途,edgetts,mandarin,SC-000009,zh-CN-YunxiNeural,
data/redteam/factory/edgetts/mandarin/edgetts_mandarin_zh-CN-YunxiNeural_SC-000010.wav,spoof,RT-EDGETTS-MANDARIN,clean,redteam_factory/Edge-TTS,微软服务条款，仅研究评测用途,edgetts,mandarin,SC-000010,zh-CN-YunxiNeural,
data/redteam/factory/edgetts/mandarin/edgetts_mandarin_zh-CN-YunxiNeural_SC-000010.phone8k.wav,spoof,RT-EDGETTS-MANDARIN,phone8k,redteam_factory/Edge-TTS,微软服务条款，仅研究评测用途,edgetts,mandarin,SC-000010,zh-CN-YunxiNeural,
data/redteam/factory/edgetts/mandarin/edgetts_mandarin_zh-CN-YunxiNeural_SC-000010.mp3_16k.mp3,spoof,RT-EDGETTS-MANDARIN,mp3_16k,redteam_factory/Edge-TTS,微软服务条款，仅研究评测用途,edgetts,mandarin,SC-000010,zh-CN-YunxiNeural,
data/redteam/factory/edgetts/mandarin/edgetts_mandarin_zh-CN-YunxiNeural_SC-000010.amr.wav,spoof,RT-EDGETTS-MANDARIN,amr,redteam_factory/Edge-TTS,微软服务条款，仅研究评测用途,edgetts,mandarin,SC-000010,zh-CN-YunxiNeural,
data/redteam/factory/edgetts/mandarin/edgetts_mandarin_zh-CN-YunxiNeural_SC-000010.noise.wav,spoof,RT-EDGETTS-MANDARIN,noise,redteam_factory/Edge-TTS,微软服务条款，仅研究评测用途,edgetts,mandarin,SC-000010,zh-CN-YunxiNeural,
data/redteam/factory/edgetts/mandarin/edgetts_mandarin_zh-CN-YunxiNeural_SC-000013.wav,spoof,RT-EDGETTS-MANDARIN,clean,redteam_factory/Edge-TTS,微软服务条款，仅研究评测用途,edgetts,mandarin,SC-000013,zh-CN-YunxiNeural,
data/redteam/factory/edgetts/mandarin/edgetts_mandarin_zh-CN-YunxiNeural_SC-000013.phone8k.wav,spoof,RT-EDGETTS-MANDARIN,phone8k,redteam_factory/Edge-TTS,微软服务条款，仅研究评测用途,edgetts,mandarin,SC-000013,zh-CN-YunxiNeural,
data/redteam/factory/edgetts/mandarin/edgetts_mandarin_zh-CN-YunxiNeural_SC-000013.mp3_16k.mp3,spoof,RT-EDGETTS-MANDARIN,mp3_16k,redteam_factory/Edge-TTS,微软服务条款，仅研究评测用途,edgetts,mandarin,SC-000013,zh-CN-YunxiNeural,
data/redteam/factory/edgetts/mandarin/edgetts_mandarin_zh-CN-YunxiNeural_SC-000013.amr.wav,spoof,RT-EDGETTS-MANDARIN,amr,redteam_factory/Edge-TTS,微软服务条款，仅研究评测用途,edgetts,mandarin,SC-000013,zh-CN-YunxiNeural,
data/redteam/factory/edgetts/mandarin/edgetts_mandarin_zh-CN-YunxiNeural_SC-000013.noise.wav,spoof,RT-EDGETTS-MANDARIN,noise,redteam_factory/Edge-TTS,微软服务条款，仅研究评测用途,edgetts,mandarin,SC-000013,zh-CN-YunxiNeural,
data/redteam/factory/edgetts/mandarin/edgetts_mandarin_zh-CN-YunxiNeural_SC-000014.wav,spoof,RT-EDGETTS-MANDARIN,clean,redteam_factory/Edge-TTS,微软服务条款，仅研究评测用途,edgetts,mandarin,SC-000014,zh-CN-YunxiNeural,
data/redteam/factory/edgetts/mandarin/edgetts_mandarin_zh-CN-YunxiNeural_SC-000014.phone8k.wav,spoof,RT-EDGETTS-MANDARIN,phone8k,redteam_factory/Edge-TTS,微软服务条款，仅研究评测用途,edgetts,mandarin,SC-000014,zh-CN-YunxiNeural,
data/redteam/factory/edgetts/mandarin/edgetts_mandarin_zh-CN-YunxiNeural_SC-000014.mp3_16k.mp3,spoof,RT-EDGETTS-MANDARIN,mp3_16k,redteam_factory/Edge-TTS,微软服务条款，仅研究评测用途,edgetts,mandarin,SC-000014,zh-CN-YunxiNeural,
data/redteam/factory/edgetts/mandarin/edgetts_mandarin_zh-CN-YunxiNeural_SC-000014.amr.wav,spoof,RT-EDGETTS-MANDARIN,amr,redteam_factory/Edge-TTS,微软服务条款，仅研究评测用途,edgetts,mandarin,SC-000014,zh-CN-YunxiNeural,
data/redteam/factory/edgetts/mandarin/edgetts_mandarin_zh-CN-YunxiNeural_SC-000014.noise.wav,spoof,RT-EDGETTS-MANDARIN,noise,redteam_factory/Edge-TTS,微软服务条款，仅研究评测用途,edgetts,mandarin,SC-000014,zh-CN-YunxiNeural,
data/redteam/factory/edgetts/mandarin/edgetts_mandarin_zh-CN-YunxiNeural_SC-000015.wav,spoof,RT-EDGETTS-MANDARIN,clean,redteam_factory/Edge-TTS,微软服务条款，仅研究评测用途,edgetts,mandarin,SC-000015,zh-CN-YunxiNeural,
data/redteam/factory/edgetts/mandarin/edgetts_mandarin_zh-CN-YunxiNeural_SC-000015.phone8k.wav,spoof,RT-EDGETTS-MANDARIN,phone8k,redteam_factory/Edge-TTS,微软服务条款，仅研究评测用途,edgetts,mandarin,SC-000015,zh-CN-YunxiNeural,
data/redteam/factory/edgetts/mandarin/edgetts_mandarin_zh-CN-YunxiNeural_SC-000015.mp3_16k.mp3,spoof,RT-EDGETTS-MANDARIN,mp3_16k,redteam_factory/Edge-TTS,微软服务条款，仅研究评测用途,edgetts,mandarin,SC-000015,zh-CN-YunxiNeural,
data/redteam/factory/edgetts/mandarin/edgetts_mandarin_zh-CN-YunxiNeural_SC-000015.amr.wav,spoof,RT-EDGETTS-MANDARIN,amr,redteam_factory/Edge-TTS,微软服务条款，仅研究评测用途,edgetts,mandarin,SC-000015,zh-CN-YunxiNeural,
data/redteam/factory/edgetts/mandarin/edgetts_mandarin_zh-CN-YunxiNeural_SC-000015.noise.wav,spoof,RT-EDGETTS-MANDARIN,noise,redteam_factory/Edge-TTS,微软服务条款，仅研究评测用途,edgetts,mandarin,SC-000015,zh-CN-YunxiNeural,
data/redteam/factory/edgetts/mandarin/edgetts_mandarin_zh-CN-YunxiNeural_SC-000017.wav,spoof,RT-EDGETTS-MANDARIN,clean,redteam_factory/Edge-TTS,微软服务条款，仅研究评测用途,edgetts,mandarin,SC-000017,zh-CN-YunxiNeural,
data/redteam/factory/edgetts/mandarin/edgetts_mandarin_zh-CN-YunxiNeural_SC-000017.phone8k.wav,spoof,RT-EDGETTS-MANDARIN,phone8k,redteam_factory/Edge-TTS,微软服务条款，仅研究评测用途,edgetts,mandarin,SC-000017,zh-CN-YunxiNeural,
data/redteam/factory/edgetts/mandarin/edgetts_mandarin_zh-CN-YunxiNeural_SC-000017.mp3_16k.mp3,spoof,RT-EDGETTS-MANDARIN,mp3_16k,redteam_factory/Edge-TTS,微软服务条款，仅研究评测用途,edgetts,mandarin,SC-000017,zh-CN-YunxiNeural,
data/redteam/factory/edgetts/mandarin/edgetts_mandarin_zh-CN-YunxiNeural_SC-000017.amr.wav,spoof,RT-EDGETTS-MANDARIN,amr,redteam_factory/Edge-TTS,微软服务条款，仅研究评测用途,edgetts,mandarin,SC-000017,zh-CN-YunxiNeural,
data/redteam/factory/edgetts/mandarin/edgetts_mandarin_zh-CN-YunxiNeural_SC-000017.noise.wav,spoof,RT-EDGETTS-MANDARIN,noise,redteam_factory/Edge-TTS,微软服务条款，仅研究评测用途,edgetts,mandarin,SC-000017,zh-CN-YunxiNeural,
data/redteam/factory/edgetts/mandarin/edgetts_mandarin_zh-CN-YunxiNeural_SC-000023.wav,spoof,RT-EDGETTS-MANDARIN,clean,redteam_factory/Edge-TTS,微软服务条款，仅研究评测用途,edgetts,mandarin,SC-000023,zh-CN-YunxiNeural,
data/redteam/factory/edgetts/mandarin/edgetts_mandarin_zh-CN-YunxiNeural_SC-000023.phone8k.wav,spoof,RT-EDGETTS-MANDARIN,phone8k,redteam_factory/Edge-TTS,微软服务条款，仅研究评测用途,edgetts,mandarin,SC-000023,zh-CN-YunxiNeural,
data/redteam/factory/edgetts/mandarin/edgetts_mandarin_zh-CN-YunxiNeural_SC-000023.mp3_16k.mp3,spoof,RT-EDGETTS-MANDARIN,mp3_16k,redteam_factory/Edge-TTS,微软服务条款，仅研究评测用途,edgetts,mandarin,SC-000023,zh-CN-YunxiNeural,
data/redteam/factory/edgetts/mandarin/edgetts_mandarin_zh-CN-YunxiNeural_SC-000023.amr.wav,spoof,RT-EDGETTS-MANDARIN,amr,redteam_factory/Edge-TTS,微软服务条款，仅研究评测用途,edgetts,mandarin,SC-000023,zh-CN-YunxiNeural,
data/redteam/factory/edgetts/mandarin/edgetts_mandarin_zh-CN-YunxiNeural_SC-000023.noise.wav,spoof,RT-EDGETTS-MANDARIN,noise,redteam_factory/Edge-TTS,微软服务条款，仅研究评测用途,edgetts,mandarin,SC-000023,zh-CN-YunxiNeural,
data/redteam/factory/edgetts/mandarin/edgetts_mandarin_zh-CN-YunxiNeural_SC-000029.wav,spoof,RT-EDGETTS-MANDARIN,clean,redteam_factory/Edge-TTS,微软服务条款，仅研究评测用途,edgetts,mandarin,SC-000029,zh-CN-YunxiNeural,
data/redteam/factory/edgetts/mandarin/edgetts_mandarin_zh-CN-YunxiNeural_SC-000029.phone8k.wav,spoof,RT-EDGETTS-MANDARIN,phone8k,redteam_factory/Edge-TTS,微软服务条款，仅研究评测用途,edgetts,mandarin,SC-000029,zh-CN-YunxiNeural,
data/redteam/factory/edgetts/mandarin/edgetts_mandarin_zh-CN-YunxiNeural_SC-000029.mp3_16k.mp3,spoof,RT-EDGETTS-MANDARIN,mp3_16k,redteam_factory/Edge-TTS,微软服务条款，仅研究评测用途,edgetts,mandarin,SC-000029,zh-CN-YunxiNeural,
data/redteam/factory/edgetts/mandarin/edgetts_mandarin_zh-CN-YunxiNeural_SC-000029.amr.wav,spoof,RT-EDGETTS-MANDARIN,amr,redteam_factory/Edge-TTS,微软服务条款，仅研究评测用途,edgetts,mandarin,SC-000029,zh-CN-YunxiNeural,
data/redteam/factory/edgetts/mandarin/edgetts_mandarin_zh-CN-YunxiNeural_SC-000029.noise.wav,spoof,RT-EDGETTS-MANDARIN,noise,redteam_factory/Edge-TTS,微软服务条款，仅研究评测用途,edgetts,mandarin,SC-000029,zh-CN-YunxiNeural,
data/redteam/factory/edgetts/mandarin/edgetts_mandarin_zh-CN-XiaoxiaoNeural_SC-000007.wav,spoof,RT-EDGETTS-MANDARIN,clean,redteam_factory/Edge-TTS,微软服务条款，仅研究评测用途,edgetts,mandarin,SC-000007,zh-CN-XiaoxiaoNeural,
data/redteam/factory/edgetts/mandarin/edgetts_mandarin_zh-CN-XiaoxiaoNeural_SC-000007.phone8k.wav,spoof,RT-EDGETTS-MANDARIN,phone8k,redteam_factory/Edge-TTS,微软服务条款，仅研究评测用途,edgetts,mandarin,SC-000007,zh-CN-XiaoxiaoNeural,
data/redteam/factory/edgetts/mandarin/edgetts_mandarin_zh-CN-XiaoxiaoNeural_SC-000007.mp3_16k.mp3,spoof,RT-EDGETTS-MANDARIN,mp3_16k,redteam_factory/Edge-TTS,微软服务条款，仅研究评测用途,edgetts,mandarin,SC-000007,zh-CN-XiaoxiaoNeural,
data/redteam/factory/edgetts/mandarin/edgetts_mandarin_zh-CN-XiaoxiaoNeural_SC-000007.amr.wav,spoof,RT-EDGETTS-MANDARIN,amr,redteam_factory/Edge-TTS,微软服务条款，仅研究评测用途,edgetts,mandarin,SC-000007,zh-CN-XiaoxiaoNeural,
data/redteam/factory/edgetts/mandarin/edgetts_mandarin_zh-CN-XiaoxiaoNeural_SC-000007.noise.wav,spoof,RT-EDGETTS-MANDARIN,noise,redteam_factory/Edge-TTS,微软服务条款，仅研究评测用途,edgetts,mandarin,SC-000007,zh-CN-XiaoxiaoNeural,
data/redteam/factory/edgetts/mandarin/edgetts_mandarin_zh-CN-XiaoxiaoNeural_SC-000011.wav,spoof,RT-EDGETTS-MANDARIN,clean,redteam_factory/Edge-TTS,微软服务条款，仅研究评测用途,edgetts,mandarin,SC-000011,zh-CN-XiaoxiaoNeural,
data/redteam/factory/edgetts/mandarin/edgetts_mandarin_zh-CN-XiaoxiaoNeural_SC-000011.phone8k.wav,spoof,RT-EDGETTS-MANDARIN,phone8k,redteam_factory/Edge-TTS,微软服务条款，仅研究评测用途,edgetts,mandarin,SC-000011,zh-CN-XiaoxiaoNeural,
data/redteam/factory/edgetts/mandarin/edgetts_mandarin_zh-CN-XiaoxiaoNeural_SC-000011.mp3_16k.mp3,spoof,RT-EDGETTS-MANDARIN,mp3_16k,redteam_factory/Edge-TTS,微软服务条款，仅研究评测用途,edgetts,mandarin,SC-000011,zh-CN-XiaoxiaoNeural,
data/redteam/factory/edgetts/mandarin/edgetts_mandarin_zh-CN-XiaoxiaoNeural_SC-000011.amr.wav,spoof,RT-EDGETTS-MANDARIN,amr,redteam_factory/Edge-TTS,微软服务条款，仅研究评测用途,edgetts,mandarin,SC-000011,zh-CN-XiaoxiaoNeural,
data/redteam/factory/edgetts/mandarin/edgetts_mandarin_zh-CN-XiaoxiaoNeural_SC-000011.noise.wav,spoof,RT-EDGETTS-MANDARIN,noise,redteam_factory/Edge-TTS,微软服务条款，仅研究评测用途,edgetts,mandarin,SC-000011,zh-CN-XiaoxiaoNeural,
data/redteam/factory/edgetts/mandarin/edgetts_mandarin_zh-CN-XiaoxiaoNeural_SC-000012.wav,spoof,RT-EDGETTS-MANDARIN,clean,redteam_factory/Edge-TTS,微软服务条款，仅研究评测用途,edgetts,mandarin,SC-000012,zh-CN-XiaoxiaoNeural,
data/redteam/factory/edgetts/mandarin/edgetts_mandarin_zh-CN-XiaoxiaoNeural_SC-000012.phone8k.wav,spoof,RT-EDGETTS-MANDARIN,phone8k,redteam_factory/Edge-TTS,微软服务条款，仅研究评测用途,edgetts,mandarin,SC-000012,zh-CN-XiaoxiaoNeural,
data/redteam/factory/edgetts/mandarin/edgetts_mandarin_zh-CN-XiaoxiaoNeural_SC-000012.mp3_16k.mp3,spoof,RT-EDGETTS-MANDARIN,mp3_16k,redteam_factory/Edge-TTS,微软服务条款，仅研究评测用途,edgetts,mandarin,SC-000012,zh-CN-XiaoxiaoNeural,
data/redteam/factory/edgetts/mandarin/edgetts_mandarin_zh-CN-XiaoxiaoNeural_SC-000012.amr.wav,spoof,RT-EDGETTS-MANDARIN,amr,redteam_factory/Edge-TTS,微软服务条款，仅研究评测用途,edgetts,mandarin,SC-000012,zh-CN-XiaoxiaoNeural,
data/redteam/factory/edgetts/mandarin/edgetts_mandarin_zh-CN-XiaoxiaoNeural_SC-000012.noise.wav,spoof,RT-EDGETTS-MANDARIN,noise,redteam_factory/Edge-TTS,微软服务条款，仅研究评测用途,edgetts,mandarin,SC-000012,zh-CN-XiaoxiaoNeural,
data/redteam/factory/edgetts/mandarin/edgetts_mandarin_zh-CN-XiaoxiaoNeural_SC-000016.wav,spoof,RT-EDGETTS-MANDARIN,clean,redteam_factory/Edge-TTS,微软服务条款，仅研究评测用途,edgetts,mandarin,SC-000016,zh-CN-XiaoxiaoNeural,
data/redteam/factory/edgetts/mandarin/edgetts_mandarin_zh-CN-XiaoxiaoNeural_SC-000016.phone8k.wav,spoof,RT-EDGETTS-MANDARIN,phone8k,redteam_factory/Edge-TTS,微软服务条款，仅研究评测用途,edgetts,mandarin,SC-000016,zh-CN-XiaoxiaoNeural,
data/redteam/factory/edgetts/mandarin/edgetts_mandarin_zh-CN-XiaoxiaoNeural_SC-000016.mp3_16k.mp3,spoof,RT-EDGETTS-MANDARIN,mp3_16k,redteam_factory/Edge-TTS,微软服务条款，仅研究评测用途,edgetts,mandarin,SC-000016,zh-CN-XiaoxiaoNeural,
data/redteam/factory/edgetts/mandarin/edgetts_mandarin_zh-CN-XiaoxiaoNeural_SC-000016.amr.wav,spoof,RT-EDGETTS-MANDARIN,amr,redteam_factory/Edge-TTS,微软服务条款，仅研究评测用途,edgetts,mandarin,SC-000016,zh-CN-XiaoxiaoNeural,
data/redteam/factory/edgetts/mandarin/edgetts_mandarin_zh-CN-XiaoxiaoNeural_SC-000016.noise.wav,spoof,RT-EDGETTS-MANDARIN,noise,redteam_factory/Edge-TTS,微软服务条款，仅研究评测用途,edgetts,mandarin,SC-000016,zh-CN-XiaoxiaoNeural,
data/redteam/factory/edgetts/mandarin/edgetts_mandarin_zh-CN-XiaoxiaoNeural_SC-000019.wav,spoof,RT-EDGETTS-MANDARIN,clean,redteam_factory/Edge-TTS,微软服务条款，仅研究评测用途,edgetts,mandarin,SC-000019,zh-CN-XiaoxiaoNeural,
data/redteam/factory/edgetts/mandarin/edgetts_mandarin_zh-CN-XiaoxiaoNeural_SC-000019.phone8k.wav,spoof,RT-EDGETTS-MANDARIN,phone8k,redteam_factory/Edge-TTS,微软服务条款，仅研究评测用途,edgetts,mandarin,SC-000019,zh-CN-XiaoxiaoNeural,
data/redteam/factory/edgetts/mandarin/edgetts_mandarin_zh-CN-XiaoxiaoNeural_SC-000019.mp3_16k.mp3,spoof,RT-EDGETTS-MANDARIN,mp3_16k,redteam_factory/Edge-TTS,微软服务条款，仅研究评测用途,edgetts,mandarin,SC-000019,zh-CN-XiaoxiaoNeural,
data/redteam/factory/edgetts/mandarin/edgetts_mandarin_zh-CN-XiaoxiaoNeural_SC-000019.amr.wav,spoof,RT-EDGETTS-MANDARIN,amr,redteam_factory/Edge-TTS,微软服务条款，仅研究评测用途,edgetts,mandarin,SC-000019,zh-CN-XiaoxiaoNeural,
data/redteam/factory/edgetts/mandarin/edgetts_mandarin_zh-CN-XiaoxiaoNeural_SC-000019.noise.wav,spoof,RT-EDGETTS-MANDARIN,noise,redteam_factory/Edge-TTS,微软服务条款，仅研究评测用途,edgetts,mandarin,SC-000019,zh-CN-XiaoxiaoNeural,
data/redteam/factory/edgetts/mandarin/edgetts_mandarin_zh-CN-XiaoxiaoNeural_SC-000022.wav,spoof,RT-EDGETTS-MANDARIN,clean,redteam_factory/Edge-TTS,微软服务条款，仅研究评测用途,edgetts,mandarin,SC-000022,zh-CN-XiaoxiaoNeural,
data/redteam/factory/edgetts/mandarin/edgetts_mandarin_zh-CN-XiaoxiaoNeural_SC-000022.phone8k.wav,spoof,RT-EDGETTS-MANDARIN,phone8k,redteam_factory/Edge-TTS,微软服务条款，仅研究评测用途,edgetts,mandarin,SC-000022,zh-CN-XiaoxiaoNeural,
data/redteam/factory/edgetts/mandarin/edgetts_mandarin_zh-CN-XiaoxiaoNeural_SC-000022.mp3_16k.mp3,spoof,RT-EDGETTS-MANDARIN,mp3_16k,redteam_factory/Edge-TTS,微软服务条款，仅研究评测用途,edgetts,mandarin,SC-000022,zh-CN-XiaoxiaoNeural,
data/redteam/factory/edgetts/mandarin/edgetts_mandarin_zh-CN-XiaoxiaoNeural_SC-000022.amr.wav,spoof,RT-EDGETTS-MANDARIN,amr,redteam_factory/Edge-TTS,微软服务条款，仅研究评测用途,edgetts,mandarin,SC-000022,zh-CN-XiaoxiaoNeural,
data/redteam/factory/edgetts/mandarin/edgetts_mandarin_zh-CN-XiaoxiaoNeural_SC-000022.noise.wav,spoof,RT-EDGETTS-MANDARIN,noise,redteam_factory/Edge-TTS,微软服务条款，仅研究评测用途,edgetts,mandarin,SC-000022,zh-CN-XiaoxiaoNeural,
data/redteam/factory/edgetts/mandarin/edgetts_mandarin_zh-CN-XiaoxiaoNeural_SC-000026.wav,spoof,RT-EDGETTS-MANDARIN,clean,redteam_factory/Edge-TTS,微软服务条款，仅研究评测用途,edgetts,mandarin,SC-000026,zh-CN-XiaoxiaoNeural,
data/redteam/factory/edgetts/mandarin/edgetts_mandarin_zh-CN-XiaoxiaoNeural_SC-000026.phone8k.wav,spoof,RT-EDGETTS-MANDARIN,phone8k,redteam_factory/Edge-TTS,微软服务条款，仅研究评测用途,edgetts,mandarin,SC-000026,zh-CN-XiaoxiaoNeural,
data/redteam/factory/edgetts/mandarin/edgetts_mandarin_zh-CN-XiaoxiaoNeural_SC-000026.mp3_16k.mp3,spoof,RT-EDGETTS-MANDARIN,mp3_16k,redteam_factory/Edge-TTS,微软服务条款，仅研究评测用途,edgetts,mandarin,SC-000026,zh-CN-XiaoxiaoNeural,
data/redteam/factory/edgetts/mandarin/edgetts_mandarin_zh-CN-XiaoxiaoNeural_SC-000026.amr.wav,spoof,RT-EDGETTS-MANDARIN,amr,redteam_factory/Edge-TTS,微软服务条款，仅研究评测用途,edgetts,mandarin,SC-000026,zh-CN-XiaoxiaoNeural,
data/redteam/factory/edgetts/mandarin/edgetts_mandarin_zh-CN-XiaoxiaoNeural_SC-000026.noise.wav,spoof,RT-EDGETTS-MANDARIN,noise,redteam_factory/Edge-TTS,微软服务条款，仅研究评测用途,edgetts,mandarin,SC-000026,zh-CN-XiaoxiaoNeural,
data/redteam/factory/edgetts/mandarin/edgetts_mandarin_zh-CN-XiaoxiaoNeural_SC-000027.wav,spoof,RT-EDGETTS-MANDARIN,clean,redteam_factory/Edge-TTS,微软服务条款，仅研究评测用途,edgetts,mandarin,SC-000027,zh-CN-XiaoxiaoNeural,
data/redteam/factory/edgetts/mandarin/edgetts_mandarin_zh-CN-XiaoxiaoNeural_SC-000027.phone8k.wav,spoof,RT-EDGETTS-MANDARIN,phone8k,redteam_factory/Edge-TTS,微软服务条款，仅研究评测用途,edgetts,mandarin,SC-000027,zh-CN-XiaoxiaoNeural,
data/redteam/factory/edgetts/mandarin/edgetts_mandarin_zh-CN-XiaoxiaoNeural_SC-000027.mp3_16k.mp3,spoof,RT-EDGETTS-MANDARIN,mp3_16k,redteam_factory/Edge-TTS,微软服务条款，仅研究评测用途,edgetts,mandarin,SC-000027,zh-CN-XiaoxiaoNeural,
data/redteam/factory/edgetts/mandarin/edgetts_mandarin_zh-CN-XiaoxiaoNeural_SC-000027.amr.wav,spoof,RT-EDGETTS-MANDARIN,amr,redteam_factory/Edge-TTS,微软服务条款，仅研究评测用途,edgetts,mandarin,SC-000027,zh-CN-XiaoxiaoNeural,
data/redteam/factory/edgetts/mandarin/edgetts_mandarin_zh-CN-XiaoxiaoNeural_SC-000027.noise.wav,spoof,RT-EDGETTS-MANDARIN,noise,redteam_factory/Edge-TTS,微软服务条款，仅研究评测用途,edgetts,mandarin,SC-000027,zh-CN-XiaoxiaoNeural,
data/redteam/factory/edgetts/mandarin/edgetts_mandarin_zh-CN-XiaoxiaoNeural_SC-000001.wav,spoof,RT-EDGETTS-MANDARIN,clean,redteam_factory/Edge-TTS,微软服务条款，仅研究评测用途,edgetts,mandarin,SC-000001,zh-CN-XiaoxiaoNeural,
data/redteam/factory/edgetts/mandarin/edgetts_mandarin_zh-CN-XiaoxiaoNeural_SC-000001.phone8k.wav,spoof,RT-EDGETTS-MANDARIN,phone8k,redteam_factory/Edge-TTS,微软服务条款，仅研究评测用途,edgetts,mandarin,SC-000001,zh-CN-XiaoxiaoNeural,
data/redteam/factory/edgetts/mandarin/edgetts_mandarin_zh-CN-XiaoxiaoNeural_SC-000001.mp3_16k.mp3,spoof,RT-EDGETTS-MANDARIN,mp3_16k,redteam_factory/Edge-TTS,微软服务条款，仅研究评测用途,edgetts,mandarin,SC-000001,zh-CN-XiaoxiaoNeural,
data/redteam/factory/edgetts/mandarin/edgetts_mandarin_zh-CN-XiaoxiaoNeural_SC-000001.amr.wav,spoof,RT-EDGETTS-MANDARIN,amr,redteam_factory/Edge-TTS,微软服务条款，仅研究评测用途,edgetts,mandarin,SC-000001,zh-CN-XiaoxiaoNeural,
data/redteam/factory/edgetts/mandarin/edgetts_mandarin_zh-CN-XiaoxiaoNeural_SC-000001.noise.wav,spoof,RT-EDGETTS-MANDARIN,noise,redteam_factory/Edge-TTS,微软服务条款，仅研究评测用途,edgetts,mandarin,SC-000001,zh-CN-XiaoxiaoNeural,
data/redteam/factory/edgetts/mandarin/edgetts_mandarin_zh-CN-XiaoxiaoNeural_SC-000002.wav,spoof,RT-EDGETTS-MANDARIN,clean,redteam_factory/Edge-TTS,微软服务条款，仅研究评测用途,edgetts,mandarin,SC-000002,zh-CN-XiaoxiaoNeural,
data/redteam/factory/edgetts/mandarin/edgetts_mandarin_zh-CN-XiaoxiaoNeural_SC-000002.phone8k.wav,spoof,RT-EDGETTS-MANDARIN,phone8k,redteam_factory/Edge-TTS,微软服务条款，仅研究评测用途,edgetts,mandarin,SC-000002,zh-CN-XiaoxiaoNeural,
data/redteam/factory/edgetts/mandarin/edgetts_mandarin_zh-CN-XiaoxiaoNeural_SC-000002.mp3_16k.mp3,spoof,RT-EDGETTS-MANDARIN,mp3_16k,redteam_factory/Edge-TTS,微软服务条款，仅研究评测用途,edgetts,mandarin,SC-000002,zh-CN-XiaoxiaoNeural,
data/redteam/factory/edgetts/mandarin/edgetts_mandarin_zh-CN-XiaoxiaoNeural_SC-000002.amr.wav,spoof,RT-EDGETTS-MANDARIN,amr,redteam_factory/Edge-TTS,微软服务条款，仅研究评测用途,edgetts,mandarin,SC-000002,zh-CN-XiaoxiaoNeural,
data/redteam/factory/edgetts/mandarin/edgetts_mandarin_zh-CN-XiaoxiaoNeural_SC-000002.noise.wav,spoof,RT-EDGETTS-MANDARIN,noise,redteam_factory/Edge-TTS,微软服务条款，仅研究评测用途,edgetts,mandarin,SC-000002,zh-CN-XiaoxiaoNeural,
data/redteam/factory/edgetts/mandarin/edgetts_mandarin_zh-CN-XiaoxiaoNeural_SC-000003.wav,spoof,RT-EDGETTS-MANDARIN,clean,redteam_factory/Edge-TTS,微软服务条款，仅研究评测用途,edgetts,mandarin,SC-000003,zh-CN-XiaoxiaoNeural,
data/redteam/factory/edgetts/mandarin/edgetts_mandarin_zh-CN-XiaoxiaoNeural_SC-000003.phone8k.wav,spoof,RT-EDGETTS-MANDARIN,phone8k,redteam_factory/Edge-TTS,微软服务条款，仅研究评测用途,edgetts,mandarin,SC-000003,zh-CN-XiaoxiaoNeural,
data/redteam/factory/edgetts/mandarin/edgetts_mandarin_zh-CN-XiaoxiaoNeural_SC-000003.mp3_16k.mp3,spoof,RT-EDGETTS-MANDARIN,mp3_16k,redteam_factory/Edge-TTS,微软服务条款，仅研究评测用途,edgetts,mandarin,SC-000003,zh-CN-XiaoxiaoNeural,
data/redteam/factory/edgetts/mandarin/edgetts_mandarin_zh-CN-XiaoxiaoNeural_SC-000003.amr.wav,spoof,RT-EDGETTS-MANDARIN,amr,redteam_factory/Edge-TTS,微软服务条款，仅研究评测用途,edgetts,mandarin,SC-000003,zh-CN-XiaoxiaoNeural,
data/redteam/factory/edgetts/mandarin/edgetts_mandarin_zh-CN-XiaoxiaoNeural_SC-000003.noise.wav,spoof,RT-EDGETTS-MANDARIN,noise,redteam_factory/Edge-TTS,微软服务条款，仅研究评测用途,edgetts,mandarin,SC-000003,zh-CN-XiaoxiaoNeural,
data/redteam/factory/edgetts/mandarin/edgetts_mandarin_zh-CN-XiaoxiaoNeural_SC-000004.wav,spoof,RT-EDGETTS-MANDARIN,clean,redteam_factory/Edge-TTS,微软服务条款，仅研究评测用途,edgetts,mandarin,SC-000004,zh-CN-XiaoxiaoNeural,
data/redteam/factory/edgetts/mandarin/edgetts_mandarin_zh-CN-XiaoxiaoNeural_SC-000004.phone8k.wav,spoof,RT-EDGETTS-MANDARIN,phone8k,redteam_factory/Edge-TTS,微软服务条款，仅研究评测用途,edgetts,mandarin,SC-000004,zh-CN-XiaoxiaoNeural,
data/redteam/factory/edgetts/mandarin/edgetts_mandarin_zh-CN-XiaoxiaoNeural_SC-000004.mp3_16k.mp3,spoof,RT-EDGETTS-MANDARIN,mp3_16k,redteam_factory/Edge-TTS,微软服务条款，仅研究评测用途,edgetts,mandarin,SC-000004,zh-CN-XiaoxiaoNeural,
data/redteam/factory/edgetts/mandarin/edgetts_mandarin_zh-CN-XiaoxiaoNeural_SC-000004.amr.wav,spoof,RT-EDGETTS-MANDARIN,amr,redteam_factory/Edge-TTS,微软服务条款，仅研究评测用途,edgetts,mandarin,SC-000004,zh-CN-XiaoxiaoNeural,
data/redteam/factory/edgetts/mandarin/edgetts_mandarin_zh-CN-XiaoxiaoNeural_SC-000004.noise.wav,spoof,RT-EDGETTS-MANDARIN,noise,redteam_factory/Edge-TTS,微软服务条款，仅研究评测用途,edgetts,mandarin,SC-000004,zh-CN-XiaoxiaoNeural,
data/redteam/factory/edgetts/mandarin/edgetts_mandarin_zh-CN-XiaoxiaoNeural_SC-000005.wav,spoof,RT-EDGETTS-MANDARIN,clean,redteam_factory/Edge-TTS,微软服务条款，仅研究评测用途,edgetts,mandarin,SC-000005,zh-CN-XiaoxiaoNeural,
data/redteam/factory/edgetts/mandarin/edgetts_mandarin_zh-CN-XiaoxiaoNeural_SC-000005.phone8k.wav,spoof,RT-EDGETTS-MANDARIN,phone8k,redteam_factory/Edge-TTS,微软服务条款，仅研究评测用途,edgetts,mandarin,SC-000005,zh-CN-XiaoxiaoNeural,
data/redteam/factory/edgetts/mandarin/edgetts_mandarin_zh-CN-XiaoxiaoNeural_SC-000005.mp3_16k.mp3,spoof,RT-EDGETTS-MANDARIN,mp3_16k,redteam_factory/Edge-TTS,微软服务条款，仅研究评测用途,edgetts,mandarin,SC-000005,zh-CN-XiaoxiaoNeural,
data/redteam/factory/edgetts/mandarin/edgetts_mandarin_zh-CN-XiaoxiaoNeural_SC-000005.amr.wav,spoof,RT-EDGETTS-MANDARIN,amr,redteam_factory/Edge-TTS,微软服务条款，仅研究评测用途,edgetts,mandarin,SC-000005,zh-CN-XiaoxiaoNeural,
data/redteam/factory/edgetts/mandarin/edgetts_mandarin_zh-CN-XiaoxiaoNeural_SC-000005.noise.wav,spoof,RT-EDGETTS-MANDARIN,noise,redteam_factory/Edge-TTS,微软服务条款，仅研究评测用途,edgetts,mandarin,SC-000005,zh-CN-XiaoxiaoNeural,
data/redteam/factory/edgetts/mandarin/edgetts_mandarin_zh-CN-XiaoxiaoNeural_SC-000006.wav,spoof,RT-EDGETTS-MANDARIN,clean,redteam_factory/Edge-TTS,微软服务条款，仅研究评测用途,edgetts,mandarin,SC-000006,zh-CN-XiaoxiaoNeural,
data/redteam/factory/edgetts/mandarin/edgetts_mandarin_zh-CN-XiaoxiaoNeural_SC-000006.phone8k.wav,spoof,RT-EDGETTS-MANDARIN,phone8k,redteam_factory/Edge-TTS,微软服务条款，仅研究评测用途,edgetts,mandarin,SC-000006,zh-CN-XiaoxiaoNeural,
data/redteam/factory/edgetts/mandarin/edgetts_mandarin_zh-CN-XiaoxiaoNeural_SC-000006.mp3_16k.mp3,spoof,RT-EDGETTS-MANDARIN,mp3_16k,redteam_factory/Edge-TTS,微软服务条款，仅研究评测用途,edgetts,mandarin,SC-000006,zh-CN-XiaoxiaoNeural,
data/redteam/factory/edgetts/mandarin/edgetts_mandarin_zh-CN-XiaoxiaoNeural_SC-000006.amr.wav,spoof,RT-EDGETTS-MANDARIN,amr,redteam_factory/Edge-TTS,微软服务条款，仅研究评测用途,edgetts,mandarin,SC-000006,zh-CN-XiaoxiaoNeural,
data/redteam/factory/edgetts/mandarin/edgetts_mandarin_zh-CN-XiaoxiaoNeural_SC-000006.noise.wav,spoof,RT-EDGETTS-MANDARIN,noise,redteam_factory/Edge-TTS,微软服务条款，仅研究评测用途,edgetts,mandarin,SC-000006,zh-CN-XiaoxiaoNeural,
data/redteam/factory/edgetts/mandarin/edgetts_mandarin_zh-CN-XiaoxiaoNeural_SC-000008.wav,spoof,RT-EDGETTS-MANDARIN,clean,redteam_factory/Edge-TTS,微软服务条款，仅研究评测用途,edgetts,mandarin,SC-000008,zh-CN-XiaoxiaoNeural,
data/redteam/factory/edgetts/mandarin/edgetts_mandarin_zh-CN-XiaoxiaoNeural_SC-000008.phone8k.wav,spoof,RT-EDGETTS-MANDARIN,phone8k,redteam_factory/Edge-TTS,微软服务条款，仅研究评测用途,edgetts,mandarin,SC-000008,zh-CN-XiaoxiaoNeural,
data/redteam/factory/edgetts/mandarin/edgetts_mandarin_zh-CN-XiaoxiaoNeural_SC-000008.mp3_16k.mp3,spoof,RT-EDGETTS-MANDARIN,mp3_16k,redteam_factory/Edge-TTS,微软服务条款，仅研究评测用途,edgetts,mandarin,SC-000008,zh-CN-XiaoxiaoNeural,
data/redteam/factory/edgetts/mandarin/edgetts_mandarin_zh-CN-XiaoxiaoNeural_SC-000008.amr.wav,spoof,RT-EDGETTS-MANDARIN,amr,redteam_factory/Edge-TTS,微软服务条款，仅研究评测用途,edgetts,mandarin,SC-000008,zh-CN-XiaoxiaoNeural,
data/redteam/factory/edgetts/mandarin/edgetts_mandarin_zh-CN-XiaoxiaoNeural_SC-000008.noise.wav,spoof,RT-EDGETTS-MANDARIN,noise,redteam_factory/Edge-TTS,微软服务条款，仅研究评测用途,edgetts,mandarin,SC-000008,zh-CN-XiaoxiaoNeural,
data/redteam/factory/edgetts/mandarin/edgetts_mandarin_zh-CN-XiaoxiaoNeural_SC-000009.wav,spoof,RT-EDGETTS-MANDARIN,clean,redteam_factory/Edge-TTS,微软服务条款，仅研究评测用途,edgetts,mandarin,SC-000009,zh-CN-XiaoxiaoNeural,
data/redteam/factory/edgetts/mandarin/edgetts_mandarin_zh-CN-XiaoxiaoNeural_SC-000009.phone8k.wav,spoof,RT-EDGETTS-MANDARIN,phone8k,redteam_factory/Edge-TTS,微软服务条款，仅研究评测用途,edgetts,mandarin,SC-000009,zh-CN-XiaoxiaoNeural,
data/redteam/factory/edgetts/mandarin/edgetts_mandarin_zh-CN-XiaoxiaoNeural_SC-000009.mp3_16k.mp3,spoof,RT-EDGETTS-MANDARIN,mp3_16k,redteam_factory/Edge-TTS,微软服务条款，仅研究评测用途,edgetts,mandarin,SC-000009,zh-CN-XiaoxiaoNeural,
data/redteam/factory/edgetts/mandarin/edgetts_mandarin_zh-CN-XiaoxiaoNeural_SC-000009.amr.wav,spoof,RT-EDGETTS-MANDARIN,amr,redteam_factory/Edge-TTS,微软服务条款，仅研究评测用途,edgetts,mandarin,SC-000009,zh-CN-XiaoxiaoNeural,
data/redteam/factory/edgetts/mandarin/edgetts_mandarin_zh-CN-XiaoxiaoNeural_SC-000009.noise.wav,spoof,RT-EDGETTS-MANDARIN,noise,redteam_factory/Edge-TTS,微软服务条款，仅研究评测用途,edgetts,mandarin,SC-000009,zh-CN-XiaoxiaoNeural,
data/redteam/factory/edgetts/mandarin/edgetts_mandarin_zh-CN-XiaoxiaoNeural_SC-000010.wav,spoof,RT-EDGETTS-MANDARIN,clean,redteam_factory/Edge-TTS,微软服务条款，仅研究评测用途,edgetts,mandarin,SC-000010,zh-CN-XiaoxiaoNeural,
data/redteam/factory/edgetts/mandarin/edgetts_mandarin_zh-CN-XiaoxiaoNeural_SC-000010.phone8k.wav,spoof,RT-EDGETTS-MANDARIN,phone8k,redteam_factory/Edge-TTS,微软服务条款，仅研究评测用途,edgetts,mandarin,SC-000010,zh-CN-XiaoxiaoNeural,
data/redteam/factory/edgetts/mandarin/edgetts_mandarin_zh-CN-XiaoxiaoNeural_SC-000010.mp3_16k.mp3,spoof,RT-EDGETTS-MANDARIN,mp3_16k,redteam_factory/Edge-TTS,微软服务条款，仅研究评测用途,edgetts,mandarin,SC-000010,zh-CN-XiaoxiaoNeural,
data/redteam/factory/edgetts/mandarin/edgetts_mandarin_zh-CN-XiaoxiaoNeural_SC-000010.amr.wav,spoof,RT-EDGETTS-MANDARIN,amr,redteam_factory/Edge-TTS,微软服务条款，仅研究评测用途,edgetts,mandarin,SC-000010,zh-CN-XiaoxiaoNeural,
data/redteam/factory/edgetts/mandarin/edgetts_mandarin_zh-CN-XiaoxiaoNeural_SC-000010.noise.wav,spoof,RT-EDGETTS-MANDARIN,noise,redteam_factory/Edge-TTS,微软服务条款，仅研究评测用途,edgetts,mandarin,SC-000010,zh-CN-XiaoxiaoNeural,
data/redteam/factory/edgetts/mandarin/edgetts_mandarin_zh-CN-YunxiNeural_SC-000011.wav,spoof,RT-EDGETTS-MANDARIN,clean,redteam_factory/Edge-TTS,微软服务条款，仅研究评测用途,edgetts,mandarin,SC-000011,zh-CN-YunxiNeural,
data/redteam/factory/edgetts/mandarin/edgetts_mandarin_zh-CN-YunxiNeural_SC-000011.phone8k.wav,spoof,RT-EDGETTS-MANDARIN,phone8k,redteam_factory/Edge-TTS,微软服务条款，仅研究评测用途,edgetts,mandarin,SC-000011,zh-CN-YunxiNeural,
data/redteam/factory/edgetts/mandarin/edgetts_mandarin_zh-CN-YunxiNeural_SC-000011.mp3_16k.mp3,spoof,RT-EDGETTS-MANDARIN,mp3_16k,redteam_factory/Edge-TTS,微软服务条款，仅研究评测用途,edgetts,mandarin,SC-000011,zh-CN-YunxiNeural,
data/redteam/factory/edgetts/mandarin/edgetts_mandarin_zh-CN-YunxiNeural_SC-000011.amr.wav,spoof,RT-EDGETTS-MANDARIN,amr,redteam_factory/Edge-TTS,微软服务条款，仅研究评测用途,edgetts,mandarin,SC-000011,zh-CN-YunxiNeural,
data/redteam/factory/edgetts/mandarin/edgetts_mandarin_zh-CN-YunxiNeural_SC-000011.noise.wav,spoof,RT-EDGETTS-MANDARIN,noise,redteam_factory/Edge-TTS,微软服务条款，仅研究评测用途,edgetts,mandarin,SC-000011,zh-CN-YunxiNeural,
data/redteam/factory/edgetts/mandarin/edgetts_mandarin_zh-CN-YunxiNeural_SC-000026.wav,spoof,RT-EDGETTS-MANDARIN,clean,redteam_factory/Edge-TTS,微软服务条款，仅研究评测用途,edgetts,mandarin,SC-000026,zh-CN-YunxiNeural,
data/redteam/factory/edgetts/mandarin/edgetts_mandarin_zh-CN-YunxiNeural_SC-000026.phone8k.wav,spoof,RT-EDGETTS-MANDARIN,phone8k,redteam_factory/Edge-TTS,微软服务条款，仅研究评测用途,edgetts,mandarin,SC-000026,zh-CN-YunxiNeural,
data/redteam/factory/edgetts/mandarin/edgetts_mandarin_zh-CN-YunxiNeural_SC-000026.mp3_16k.mp3,spoof,RT-EDGETTS-MANDARIN,mp3_16k,redteam_factory/Edge-TTS,微软服务条款，仅研究评测用途,edgetts,mandarin,SC-000026,zh-CN-YunxiNeural,
data/redteam/factory/edgetts/mandarin/edgetts_mandarin_zh-CN-YunxiNeural_SC-000026.amr.wav,spoof,RT-EDGETTS-MANDARIN,amr,redteam_factory/Edge-TTS,微软服务条款，仅研究评测用途,edgetts,mandarin,SC-000026,zh-CN-YunxiNeural,
data/redteam/factory/edgetts/mandarin/edgetts_mandarin_zh-CN-YunxiNeural_SC-000026.noise.wav,spoof,RT-EDGETTS-MANDARIN,noise,redteam_factory/Edge-TTS,微软服务条款，仅研究评测用途,edgetts,mandarin,SC-000026,zh-CN-YunxiNeural,
data/redteam/factory/edgetts/mandarin/edgetts_mandarin_zh-CN-YunxiNeural_SC-000005.wav,spoof,RT-EDGETTS-MANDARIN,clean,redteam_factory/Edge-TTS,微软服务条款，仅研究评测用途,edgetts,mandarin,SC-000005,zh-CN-YunxiNeural,
data/redteam/factory/edgetts/mandarin/edgetts_mandarin_zh-CN-YunxiNeural_SC-000005.phone8k.wav,spoof,RT-EDGETTS-MANDARIN,phone8k,redteam_factory/Edge-TTS,微软服务条款，仅研究评测用途,edgetts,mandarin,SC-000005,zh-CN-YunxiNeural,
data/redteam/factory/edgetts/mandarin/edgetts_mandarin_zh-CN-YunxiNeural_SC-000005.mp3_16k.mp3,spoof,RT-EDGETTS-MANDARIN,mp3_16k,redteam_factory/Edge-TTS,微软服务条款，仅研究评测用途,edgetts,mandarin,SC-000005,zh-CN-YunxiNeural,
data/redteam/factory/edgetts/mandarin/edgetts_mandarin_zh-CN-YunxiNeural_SC-000005.amr.wav,spoof,RT-EDGETTS-MANDARIN,amr,redteam_factory/Edge-TTS,微软服务条款，仅研究评测用途,edgetts,mandarin,SC-000005,zh-CN-YunxiNeural,
data/redteam/factory/edgetts/mandarin/edgetts_mandarin_zh-CN-YunxiNeural_SC-000005.noise.wav,spoof,RT-EDGETTS-MANDARIN,noise,redteam_factory/Edge-TTS,微软服务条款，仅研究评测用途,edgetts,mandarin,SC-000005,zh-CN-YunxiNeural,
data/redteam/factory/edgetts/mandarin/edgetts_mandarin_zh-CN-YunxiNeural_SC-000018.wav,spoof,RT-EDGETTS-MANDARIN,clean,redteam_factory/Edge-TTS,微软服务条款，仅研究评测用途,edgetts,mandarin,SC-000018,zh-CN-YunxiNeural,
data/redteam/factory/edgetts/mandarin/edgetts_mandarin_zh-CN-YunxiNeural_SC-000018.phone8k.wav,spoof,RT-EDGETTS-MANDARIN,phone8k,redteam_factory/Edge-TTS,微软服务条款，仅研究评测用途,edgetts,mandarin,SC-000018,zh-CN-YunxiNeural,
data/redteam/factory/edgetts/mandarin/edgetts_mandarin_zh-CN-YunxiNeural_SC-000018.mp3_16k.mp3,spoof,RT-EDGETTS-MANDARIN,mp3_16k,redteam_factory/Edge-TTS,微软服务条款，仅研究评测用途,edgetts,mandarin,SC-000018,zh-CN-YunxiNeural,
data/redteam/factory/edgetts/mandarin/edgetts_mandarin_zh-CN-YunxiNeural_SC-000018.amr.wav,spoof,RT-EDGETTS-MANDARIN,amr,redteam_factory/Edge-TTS,微软服务条款，仅研究评测用途,edgetts,mandarin,SC-000018,zh-CN-YunxiNeural,
data/redteam/factory/edgetts/mandarin/edgetts_mandarin_zh-CN-YunxiNeural_SC-000018.noise.wav,spoof,RT-EDGETTS-MANDARIN,noise,redteam_factory/Edge-TTS,微软服务条款，仅研究评测用途,edgetts,mandarin,SC-000018,zh-CN-YunxiNeural,
data/redteam/factory/edgetts/mandarin/edgetts_mandarin_zh-CN-YunxiNeural_SC-000020.wav,spoof,RT-EDGETTS-MANDARIN,clean,redteam_factory/Edge-TTS,微软服务条款，仅研究评测用途,edgetts,mandarin,SC-000020,zh-CN-YunxiNeural,
data/redteam/factory/edgetts/mandarin/edgetts_mandarin_zh-CN-YunxiNeural_SC-000020.phone8k.wav,spoof,RT-EDGETTS-MANDARIN,phone8k,redteam_factory/Edge-TTS,微软服务条款，仅研究评测用途,edgetts,mandarin,SC-000020,zh-CN-YunxiNeural,
data/redteam/factory/edgetts/mandarin/edgetts_mandarin_zh-CN-YunxiNeural_SC-000020.mp3_16k.mp3,spoof,RT-EDGETTS-MANDARIN,mp3_16k,redteam_factory/Edge-TTS,微软服务条款，仅研究评测用途,edgetts,mandarin,SC-000020,zh-CN-YunxiNeural,
data/redteam/factory/edgetts/mandarin/edgetts_mandarin_zh-CN-YunxiNeural_SC-000020.amr.wav,spoof,RT-EDGETTS-MANDARIN,amr,redteam_factory/Edge-TTS,微软服务条款，仅研究评测用途,edgetts,mandarin,SC-000020,zh-CN-YunxiNeural,
data/redteam/factory/edgetts/mandarin/edgetts_mandarin_zh-CN-YunxiNeural_SC-000020.noise.wav,spoof,RT-EDGETTS-MANDARIN,noise,redteam_factory/Edge-TTS,微软服务条款，仅研究评测用途,edgetts,mandarin,SC-000020,zh-CN-YunxiNeural,
data/redteam/factory/edgetts/mandarin/edgetts_mandarin_zh-CN-YunxiNeural_SC-000021.wav,spoof,RT-EDGETTS-MANDARIN,clean,redteam_factory/Edge-TTS,微软服务条款，仅研究评测用途,edgetts,mandarin,SC-000021,zh-CN-YunxiNeural,
data/redteam/factory/edgetts/mandarin/edgetts_mandarin_zh-CN-YunxiNeural_SC-000021.phone8k.wav,spoof,RT-EDGETTS-MANDARIN,phone8k,redteam_factory/Edge-TTS,微软服务条款，仅研究评测用途,edgetts,mandarin,SC-000021,zh-CN-YunxiNeural,
data/redteam/factory/edgetts/mandarin/edgetts_mandarin_zh-CN-YunxiNeural_SC-000021.mp3_16k.mp3,spoof,RT-EDGETTS-MANDARIN,mp3_16k,redteam_factory/Edge-TTS,微软服务条款，仅研究评测用途,edgetts,mandarin,SC-000021,zh-CN-YunxiNeural,
data/redteam/factory/edgetts/mandarin/edgetts_mandarin_zh-CN-YunxiNeural_SC-000021.amr.wav,spoof,RT-EDGETTS-MANDARIN,amr,redteam_factory/Edge-TTS,微软服务条款，仅研究评测用途,edgetts,mandarin,SC-000021,zh-CN-YunxiNeural,
data/redteam/factory/edgetts/mandarin/edgetts_mandarin_zh-CN-YunxiNeural_SC-000021.noise.wav,spoof,RT-EDGETTS-MANDARIN,noise,redteam_factory/Edge-TTS,微软服务条款，仅研究评测用途,edgetts,mandarin,SC-000021,zh-CN-YunxiNeural,
data/redteam/factory/edgetts/mandarin/edgetts_mandarin_zh-CN-YunxiNeural_SC-000024.wav,spoof,RT-EDGETTS-MANDARIN,clean,redteam_factory/Edge-TTS,微软服务条款，仅研究评测用途,edgetts,mandarin,SC-000024,zh-CN-YunxiNeural,
data/redteam/factory/edgetts/mandarin/edgetts_mandarin_zh-CN-YunxiNeural_SC-000024.phone8k.wav,spoof,RT-EDGETTS-MANDARIN,phone8k,redteam_factory/Edge-TTS,微软服务条款，仅研究评测用途,edgetts,mandarin,SC-000024,zh-CN-YunxiNeural,
data/redteam/factory/edgetts/mandarin/edgetts_mandarin_zh-CN-YunxiNeural_SC-000024.mp3_16k.mp3,spoof,RT-EDGETTS-MANDARIN,mp3_16k,redteam_factory/Edge-TTS,微软服务条款，仅研究评测用途,edgetts,mandarin,SC-000024,zh-CN-YunxiNeural,
data/redteam/factory/edgetts/mandarin/edgetts_mandarin_zh-CN-YunxiNeural_SC-000024.amr.wav,spoof,RT-EDGETTS-MANDARIN,amr,redteam_factory/Edge-TTS,微软服务条款，仅研究评测用途,edgetts,mandarin,SC-000024,zh-CN-YunxiNeural,
data/redteam/factory/edgetts/mandarin/edgetts_mandarin_zh-CN-YunxiNeural_SC-000024.noise.wav,spoof,RT-EDGETTS-MANDARIN,noise,redteam_factory/Edge-TTS,微软服务条款，仅研究评测用途,edgetts,mandarin,SC-000024,zh-CN-YunxiNeural,
data/redteam/factory/edgetts/mandarin/edgetts_mandarin_zh-CN-YunxiNeural_SC-000025.wav,spoof,RT-EDGETTS-MANDARIN,clean,redteam_factory/Edge-TTS,微软服务条款，仅研究评测用途,edgetts,mandarin,SC-000025,zh-CN-YunxiNeural,
data/redteam/factory/edgetts/mandarin/edgetts_mandarin_zh-CN-YunxiNeural_SC-000025.phone8k.wav,spoof,RT-EDGETTS-MANDARIN,phone8k,redteam_factory/Edge-TTS,微软服务条款，仅研究评测用途,edgetts,mandarin,SC-000025,zh-CN-YunxiNeural,
data/redteam/factory/edgetts/mandarin/edgetts_mandarin_zh-CN-YunxiNeural_SC-000025.mp3_16k.mp3,spoof,RT-EDGETTS-MANDARIN,mp3_16k,redteam_factory/Edge-TTS,微软服务条款，仅研究评测用途,edgetts,mandarin,SC-000025,zh-CN-YunxiNeural,
data/redteam/factory/edgetts/mandarin/edgetts_mandarin_zh-CN-YunxiNeural_SC-000025.amr.wav,spoof,RT-EDGETTS-MANDARIN,amr,redteam_factory/Edge-TTS,微软服务条款，仅研究评测用途,edgetts,mandarin,SC-000025,zh-CN-YunxiNeural,
data/redteam/factory/edgetts/mandarin/edgetts_mandarin_zh-CN-YunxiNeural_SC-000025.noise.wav,spoof,RT-EDGETTS-MANDARIN,noise,redteam_factory/Edge-TTS,微软服务条款，仅研究评测用途,edgetts,mandarin,SC-000025,zh-CN-YunxiNeural,
data/redteam/factory/edgetts/mandarin/edgetts_mandarin_zh-CN-YunxiNeural_SC-000028.wav,spoof,RT-EDGETTS-MANDARIN,clean,redteam_factory/Edge-TTS,微软服务条款，仅研究评测用途,edgetts,mandarin,SC-000028,zh-CN-YunxiNeural,
data/redteam/factory/edgetts/mandarin/edgetts_mandarin_zh-CN-YunxiNeural_SC-000028.phone8k.wav,spoof,RT-EDGETTS-MANDARIN,phone8k,redteam_factory/Edge-TTS,微软服务条款，仅研究评测用途,edgetts,mandarin,SC-000028,zh-CN-YunxiNeural,
data/redteam/factory/edgetts/mandarin/edgetts_mandarin_zh-CN-YunxiNeural_SC-000028.mp3_16k.mp3,spoof,RT-EDGETTS-MANDARIN,mp3_16k,redteam_factory/Edge-TTS,微软服务条款，仅研究评测用途,edgetts,mandarin,SC-000028,zh-CN-YunxiNeural,
data/redteam/factory/edgetts/mandarin/edgetts_mandarin_zh-CN-YunxiNeural_SC-000028.amr.wav,spoof,RT-EDGETTS-MANDARIN,amr,redteam_factory/Edge-TTS,微软服务条款，仅研究评测用途,edgetts,mandarin,SC-000028,zh-CN-YunxiNeural,
data/redteam/factory/edgetts/mandarin/edgetts_mandarin_zh-CN-YunxiNeural_SC-000028.noise.wav,spoof,RT-EDGETTS-MANDARIN,noise,redteam_factory/Edge-TTS,微软服务条款，仅研究评测用途,edgetts,mandarin,SC-000028,zh-CN-YunxiNeural,
data/redteam/factory/edgetts/mandarin/edgetts_mandarin_zh-CN-XiaoxiaoNeural_SC-000014.wav,spoof,RT-EDGETTS-MANDARIN,clean,redteam_factory/Edge-TTS,微软服务条款，仅研究评测用途,edgetts,mandarin,SC-000014,zh-CN-XiaoxiaoNeural,
data/redteam/factory/edgetts/mandarin/edgetts_mandarin_zh-CN-XiaoxiaoNeural_SC-000014.phone8k.wav,spoof,RT-EDGETTS-MANDARIN,phone8k,redteam_factory/Edge-TTS,微软服务条款，仅研究评测用途,edgetts,mandarin,SC-000014,zh-CN-XiaoxiaoNeural,
data/redteam/factory/edgetts/mandarin/edgetts_mandarin_zh-CN-XiaoxiaoNeural_SC-000014.mp3_16k.mp3,spoof,RT-EDGETTS-MANDARIN,mp3_16k,redteam_factory/Edge-TTS,微软服务条款，仅研究评测用途,edgetts,mandarin,SC-000014,zh-CN-XiaoxiaoNeural,
data/redteam/factory/edgetts/mandarin/edgetts_mandarin_zh-CN-XiaoxiaoNeural_SC-000014.amr.wav,spoof,RT-EDGETTS-MANDARIN,amr,redteam_factory/Edge-TTS,微软服务条款，仅研究评测用途,edgetts,mandarin,SC-000014,zh-CN-XiaoxiaoNeural,
data/redteam/factory/edgetts/mandarin/edgetts_mandarin_zh-CN-XiaoxiaoNeural_SC-000014.noise.wav,spoof,RT-EDGETTS-MANDARIN,noise,redteam_factory/Edge-TTS,微软服务条款，仅研究评测用途,edgetts,mandarin,SC-000014,zh-CN-XiaoxiaoNeural,
data/redteam/factory/edgetts/mandarin/edgetts_mandarin_zh-CN-XiaoxiaoNeural_SC-000015.wav,spoof,RT-EDGETTS-MANDARIN,clean,redteam_factory/Edge-TTS,微软服务条款，仅研究评测用途,edgetts,mandarin,SC-000015,zh-CN-XiaoxiaoNeural,
data/redteam/factory/edgetts/mandarin/edgetts_mandarin_zh-CN-XiaoxiaoNeural_SC-000015.phone8k.wav,spoof,RT-EDGETTS-MANDARIN,phone8k,redteam_factory/Edge-TTS,微软服务条款，仅研究评测用途,edgetts,mandarin,SC-000015,zh-CN-XiaoxiaoNeural,
data/redteam/factory/edgetts/mandarin/edgetts_mandarin_zh-CN-XiaoxiaoNeural_SC-000015.mp3_16k.mp3,spoof,RT-EDGETTS-MANDARIN,mp3_16k,redteam_factory/Edge-TTS,微软服务条款，仅研究评测用途,edgetts,mandarin,SC-000015,zh-CN-XiaoxiaoNeural,
data/redteam/factory/edgetts/mandarin/edgetts_mandarin_zh-CN-XiaoxiaoNeural_SC-000015.amr.wav,spoof,RT-EDGETTS-MANDARIN,amr,redteam_factory/Edge-TTS,微软服务条款，仅研究评测用途,edgetts,mandarin,SC-000015,zh-CN-XiaoxiaoNeural,
data/redteam/factory/edgetts/mandarin/edgetts_mandarin_zh-CN-XiaoxiaoNeural_SC-000015.noise.wav,spoof,RT-EDGETTS-MANDARIN,noise,redteam_factory/Edge-TTS,微软服务条款，仅研究评测用途,edgetts,mandarin,SC-000015,zh-CN-XiaoxiaoNeural,
data/redteam/factory/edgetts/mandarin/edgetts_mandarin_zh-CN-XiaoxiaoNeural_SC-000017.wav,spoof,RT-EDGETTS-MANDARIN,clean,redteam_factory/Edge-TTS,微软服务条款，仅研究评测用途,edgetts,mandarin,SC-000017,zh-CN-XiaoxiaoNeural,
data/redteam/factory/edgetts/mandarin/edgetts_mandarin_zh-CN-XiaoxiaoNeural_SC-000017.phone8k.wav,spoof,RT-EDGETTS-MANDARIN,phone8k,redteam_factory/Edge-TTS,微软服务条款，仅研究评测用途,edgetts,mandarin,SC-000017,zh-CN-XiaoxiaoNeural,
data/redteam/factory/edgetts/mandarin/edgetts_mandarin_zh-CN-XiaoxiaoNeural_SC-000017.mp3_16k.mp3,spoof,RT-EDGETTS-MANDARIN,mp3_16k,redteam_factory/Edge-TTS,微软服务条款，仅研究评测用途,edgetts,mandarin,SC-000017,zh-CN-XiaoxiaoNeural,
data/redteam/factory/edgetts/mandarin/edgetts_mandarin_zh-CN-XiaoxiaoNeural_SC-000017.amr.wav,spoof,RT-EDGETTS-MANDARIN,amr,redteam_factory/Edge-TTS,微软服务条款，仅研究评测用途,edgetts,mandarin,SC-000017,zh-CN-XiaoxiaoNeural,
data/redteam/factory/edgetts/mandarin/edgetts_mandarin_zh-CN-XiaoxiaoNeural_SC-000017.noise.wav,spoof,RT-EDGETTS-MANDARIN,noise,redteam_factory/Edge-TTS,微软服务条款，仅研究评测用途,edgetts,mandarin,SC-000017,zh-CN-XiaoxiaoNeural,
data/redteam/factory/edgetts/mandarin/edgetts_mandarin_zh-CN-XiaoxiaoNeural_SC-000018.wav,spoof,RT-EDGETTS-MANDARIN,clean,redteam_factory/Edge-TTS,微软服务条款，仅研究评测用途,edgetts,mandarin,SC-000018,zh-CN-XiaoxiaoNeural,
data/redteam/factory/edgetts/mandarin/edgetts_mandarin_zh-CN-XiaoxiaoNeural_SC-000018.phone8k.wav,spoof,RT-EDGETTS-MANDARIN,phone8k,redteam_factory/Edge-TTS,微软服务条款，仅研究评测用途,edgetts,mandarin,SC-000018,zh-CN-XiaoxiaoNeural,
data/redteam/factory/edgetts/mandarin/edgetts_mandarin_zh-CN-XiaoxiaoNeural_SC-000018.mp3_16k.mp3,spoof,RT-EDGETTS-MANDARIN,mp3_16k,redteam_factory/Edge-TTS,微软服务条款，仅研究评测用途,edgetts,mandarin,SC-000018,zh-CN-XiaoxiaoNeural,
data/redteam/factory/edgetts/mandarin/edgetts_mandarin_zh-CN-XiaoxiaoNeural_SC-000018.amr.wav,spoof,RT-EDGETTS-MANDARIN,amr,redteam_factory/Edge-TTS,微软服务条款，仅研究评测用途,edgetts,mandarin,SC-000018,zh-CN-XiaoxiaoNeural,
data/redteam/factory/edgetts/mandarin/edgetts_mandarin_zh-CN-XiaoxiaoNeural_SC-000018.noise.wav,spoof,RT-EDGETTS-MANDARIN,noise,redteam_factory/Edge-TTS,微软服务条款，仅研究评测用途,edgetts,mandarin,SC-000018,zh-CN-XiaoxiaoNeural,
data/redteam/factory/edgetts/mandarin/edgetts_mandarin_zh-CN-XiaoxiaoNeural_SC-000020.wav,spoof,RT-EDGETTS-MANDARIN,clean,redteam_factory/Edge-TTS,微软服务条款，仅研究评测用途,edgetts,mandarin,SC-000020,zh-CN-XiaoxiaoNeural,
data/redteam/factory/edgetts/mandarin/edgetts_mandarin_zh-CN-XiaoxiaoNeural_SC-000020.phone8k.wav,spoof,RT-EDGETTS-MANDARIN,phone8k,redteam_factory/Edge-TTS,微软服务条款，仅研究评测用途,edgetts,mandarin,SC-000020,zh-CN-XiaoxiaoNeural,
data/redteam/factory/edgetts/mandarin/edgetts_mandarin_zh-CN-XiaoxiaoNeural_SC-000020.mp3_16k.mp3,spoof,RT-EDGETTS-MANDARIN,mp3_16k,redteam_factory/Edge-TTS,微软服务条款，仅研究评测用途,edgetts,mandarin,SC-000020,zh-CN-XiaoxiaoNeural,
data/redteam/factory/edgetts/mandarin/edgetts_mandarin_zh-CN-XiaoxiaoNeural_SC-000020.amr.wav,spoof,RT-EDGETTS-MANDARIN,amr,redteam_factory/Edge-TTS,微软服务条款，仅研究评测用途,edgetts,mandarin,SC-000020,zh-CN-XiaoxiaoNeural,
data/redteam/factory/edgetts/mandarin/edgetts_mandarin_zh-CN-XiaoxiaoNeural_SC-000020.noise.wav,spoof,RT-EDGETTS-MANDARIN,noise,redteam_factory/Edge-TTS,微软服务条款，仅研究评测用途,edgetts,mandarin,SC-000020,zh-CN-XiaoxiaoNeural,
data/redteam/factory/edgetts/mandarin/edgetts_mandarin_zh-CN-XiaoxiaoNeural_SC-000021.wav,spoof,RT-EDGETTS-MANDARIN,clean,redteam_factory/Edge-TTS,微软服务条款，仅研究评测用途,edgetts,mandarin,SC-000021,zh-CN-XiaoxiaoNeural,
data/redteam/factory/edgetts/mandarin/edgetts_mandarin_zh-CN-XiaoxiaoNeural_SC-000021.phone8k.wav,spoof,RT-EDGETTS-MANDARIN,phone8k,redteam_factory/Edge-TTS,微软服务条款，仅研究评测用途,edgetts,mandarin,SC-000021,zh-CN-XiaoxiaoNeural,
data/redteam/factory/edgetts/mandarin/edgetts_mandarin_zh-CN-XiaoxiaoNeural_SC-000021.mp3_16k.mp3,spoof,RT-EDGETTS-MANDARIN,mp3_16k,redteam_factory/Edge-TTS,微软服务条款，仅研究评测用途,edgetts,mandarin,SC-000021,zh-CN-XiaoxiaoNeural,
data/redteam/factory/edgetts/mandarin/edgetts_mandarin_zh-CN-XiaoxiaoNeural_SC-000021.amr.wav,spoof,RT-EDGETTS-MANDARIN,amr,redteam_factory/Edge-TTS,微软服务条款，仅研究评测用途,edgetts,mandarin,SC-000021,zh-CN-XiaoxiaoNeural,
data/redteam/factory/edgetts/mandarin/edgetts_mandarin_zh-CN-XiaoxiaoNeural_SC-000021.noise.wav,spoof,RT-EDGETTS-MANDARIN,noise,redteam_factory/Edge-TTS,微软服务条款，仅研究评测用途,edgetts,mandarin,SC-000021,zh-CN-XiaoxiaoNeural,
data/redteam/factory/edgetts/mandarin/edgetts_mandarin_zh-CN-XiaoxiaoNeural_SC-000023.wav,spoof,RT-EDGETTS-MANDARIN,clean,redteam_factory/Edge-TTS,微软服务条款，仅研究评测用途,edgetts,mandarin,SC-000023,zh-CN-XiaoxiaoNeural,
data/redteam/factory/edgetts/mandarin/edgetts_mandarin_zh-CN-XiaoxiaoNeural_SC-000023.phone8k.wav,spoof,RT-EDGETTS-MANDARIN,phone8k,redteam_factory/Edge-TTS,微软服务条款，仅研究评测用途,edgetts,mandarin,SC-000023,zh-CN-XiaoxiaoNeural,
data/redteam/factory/edgetts/mandarin/edgetts_mandarin_zh-CN-XiaoxiaoNeural_SC-000023.mp3_16k.mp3,spoof,RT-EDGETTS-MANDARIN,mp3_16k,redteam_factory/Edge-TTS,微软服务条款，仅研究评测用途,edgetts,mandarin,SC-000023,zh-CN-XiaoxiaoNeural,
data/redteam/factory/edgetts/mandarin/edgetts_mandarin_zh-CN-XiaoxiaoNeural_SC-000023.amr.wav,spoof,RT-EDGETTS-MANDARIN,amr,redteam_factory/Edge-TTS,微软服务条款，仅研究评测用途,edgetts,mandarin,SC-000023,zh-CN-XiaoxiaoNeural,
data/redteam/factory/edgetts/mandarin/edgetts_mandarin_zh-CN-XiaoxiaoNeural_SC-000023.noise.wav,spoof,RT-EDGETTS-MANDARIN,noise,redteam_factory/Edge-TTS,微软服务条款，仅研究评测用途,edgetts,mandarin,SC-000023,zh-CN-XiaoxiaoNeural,
data/redteam/factory/edgetts/mandarin/edgetts_mandarin_zh-CN-XiaoxiaoNeural_SC-000024.wav,spoof,RT-EDGETTS-MANDARIN,clean,redteam_factory/Edge-TTS,微软服务条款，仅研究评测用途,edgetts,mandarin,SC-000024,zh-CN-XiaoxiaoNeural,
data/redteam/factory/edgetts/mandarin/edgetts_mandarin_zh-CN-XiaoxiaoNeural_SC-000024.phone8k.wav,spoof,RT-EDGETTS-MANDARIN,phone8k,redteam_factory/Edge-TTS,微软服务条款，仅研究评测用途,edgetts,mandarin,SC-000024,zh-CN-XiaoxiaoNeural,
data/redteam/factory/edgetts/mandarin/edgetts_mandarin_zh-CN-XiaoxiaoNeural_SC-000024.mp3_16k.mp3,spoof,RT-EDGETTS-MANDARIN,mp3_16k,redteam_factory/Edge-TTS,微软服务条款，仅研究评测用途,edgetts,mandarin,SC-000024,zh-CN-XiaoxiaoNeural,
data/redteam/factory/edgetts/mandarin/edgetts_mandarin_zh-CN-XiaoxiaoNeural_SC-000024.amr.wav,spoof,RT-EDGETTS-MANDARIN,amr,redteam_factory/Edge-TTS,微软服务条款，仅研究评测用途,edgetts,mandarin,SC-000024,zh-CN-XiaoxiaoNeural,
data/redteam/factory/edgetts/mandarin/edgetts_mandarin_zh-CN-XiaoxiaoNeural_SC-000024.noise.wav,spoof,RT-EDGETTS-MANDARIN,noise,redteam_factory/Edge-TTS,微软服务条款，仅研究评测用途,edgetts,mandarin,SC-000024,zh-CN-XiaoxiaoNeural,
data/redteam/factory/edgetts/mandarin/edgetts_mandarin_zh-CN-XiaoxiaoNeural_SC-000025.wav,spoof,RT-EDGETTS-MANDARIN,clean,redteam_factory/Edge-TTS,微软服务条款，仅研究评测用途,edgetts,mandarin,SC-000025,zh-CN-XiaoxiaoNeural,
data/redteam/factory/edgetts/mandarin/edgetts_mandarin_zh-CN-XiaoxiaoNeural_SC-000025.phone8k.wav,spoof,RT-EDGETTS-MANDARIN,phone8k,redteam_factory/Edge-TTS,微软服务条款，仅研究评测用途,edgetts,mandarin,SC-000025,zh-CN-XiaoxiaoNeural,
data/redteam/factory/edgetts/mandarin/edgetts_mandarin_zh-CN-XiaoxiaoNeural_SC-000025.mp3_16k.mp3,spoof,RT-EDGETTS-MANDARIN,mp3_16k,redteam_factory/Edge-TTS,微软服务条款，仅研究评测用途,edgetts,mandarin,SC-000025,zh-CN-XiaoxiaoNeural,
data/redteam/factory/edgetts/mandarin/edgetts_mandarin_zh-CN-XiaoxiaoNeural_SC-000025.amr.wav,spoof,RT-EDGETTS-MANDARIN,amr,redteam_factory/Edge-TTS,微软服务条款，仅研究评测用途,edgetts,mandarin,SC-000025,zh-CN-XiaoxiaoNeural,
data/redteam/factory/edgetts/mandarin/edgetts_mandarin_zh-CN-XiaoxiaoNeural_SC-000025.noise.wav,spoof,RT-EDGETTS-MANDARIN,noise,redteam_factory/Edge-TTS,微软服务条款，仅研究评测用途,edgetts,mandarin,SC-000025,zh-CN-XiaoxiaoNeural,
data/redteam/factory/edgetts/mandarin/edgetts_mandarin_zh-CN-XiaoxiaoNeural_SC-000028.wav,spoof,RT-EDGETTS-MANDARIN,clean,redteam_factory/Edge-TTS,微软服务条款，仅研究评测用途,edgetts,mandarin,SC-000028,zh-CN-XiaoxiaoNeural,
data/redteam/factory/edgetts/mandarin/edgetts_mandarin_zh-CN-XiaoxiaoNeural_SC-000028.phone8k.wav,spoof,RT-EDGETTS-MANDARIN,phone8k,redteam_factory/Edge-TTS,微软服务条款，仅研究评测用途,edgetts,mandarin,SC-000028,zh-CN-XiaoxiaoNeural,
data/redteam/factory/edgetts/mandarin/edgetts_mandarin_zh-CN-XiaoxiaoNeural_SC-000028.mp3_16k.mp3,spoof,RT-EDGETTS-MANDARIN,mp3_16k,redteam_factory/Edge-TTS,微软服务条款，仅研究评测用途,edgetts,mandarin,SC-000028,zh-CN-XiaoxiaoNeural,
data/redteam/factory/edgetts/mandarin/edgetts_mandarin_zh-CN-XiaoxiaoNeural_SC-000028.amr.wav,spoof,RT-EDGETTS-MANDARIN,amr,redteam_factory/Edge-TTS,微软服务条款，仅研究评测用途,edgetts,mandarin,SC-000028,zh-CN-XiaoxiaoNeural,
data/redteam/factory/edgetts/mandarin/edgetts_mandarin_zh-CN-XiaoxiaoNeural_SC-000028.noise.wav,spoof,RT-EDGETTS-MANDARIN,noise,redteam_factory/Edge-TTS,微软服务条款，仅研究评测用途,edgetts,mandarin,SC-000028,zh-CN-XiaoxiaoNeural,
data/redteam/factory/edgetts/mandarin/edgetts_mandarin_zh-CN-XiaoxiaoNeural_SC-000029.wav,spoof,RT-EDGETTS-MANDARIN,clean,redteam_factory/Edge-TTS,微软服务条款，仅研究评测用途,edgetts,mandarin,SC-000029,zh-CN-XiaoxiaoNeural,
data/redteam/factory/edgetts/mandarin/edgetts_mandarin_zh-CN-XiaoxiaoNeural_SC-000029.phone8k.wav,spoof,RT-EDGETTS-MANDARIN,phone8k,redteam_factory/Edge-TTS,微软服务条款，仅研究评测用途,edgetts,mandarin,SC-000029,zh-CN-XiaoxiaoNeural,
data/redteam/factory/edgetts/mandarin/edgetts_mandarin_zh-CN-XiaoxiaoNeural_SC-000029.mp3_16k.mp3,spoof,RT-EDGETTS-MANDARIN,mp3_16k,redteam_factory/Edge-TTS,微软服务条款，仅研究评测用途,edgetts,mandarin,SC-000029,zh-CN-XiaoxiaoNeural,
data/redteam/factory/edgetts/mandarin/edgetts_mandarin_zh-CN-XiaoxiaoNeural_SC-000029.amr.wav,spoof,RT-EDGETTS-MANDARIN,amr,redteam_factory/Edge-TTS,微软服务条款，仅研究评测用途,edgetts,mandarin,SC-000029,zh-CN-XiaoxiaoNeural,
data/redteam/factory/edgetts/mandarin/edgetts_mandarin_zh-CN-XiaoxiaoNeural_SC-000029.noise.wav,spoof,RT-EDGETTS-MANDARIN,noise,redteam_factory/Edge-TTS,微软服务条款，仅研究评测用途,edgetts,mandarin,SC-000029,zh-CN-XiaoxiaoNeural,
data/redteam/factory/edgetts/mandarin/edgetts_mandarin_zh-CN-YunjianNeural_SC-000007.wav,spoof,RT-EDGETTS-MANDARIN,clean,redteam_factory/Edge-TTS,微软服务条款，仅研究评测用途,edgetts,mandarin,SC-000007,zh-CN-YunjianNeural,
data/redteam/factory/edgetts/mandarin/edgetts_mandarin_zh-CN-YunjianNeural_SC-000007.phone8k.wav,spoof,RT-EDGETTS-MANDARIN,phone8k,redteam_factory/Edge-TTS,微软服务条款，仅研究评测用途,edgetts,mandarin,SC-000007,zh-CN-YunjianNeural,
data/redteam/factory/edgetts/mandarin/edgetts_mandarin_zh-CN-YunjianNeural_SC-000007.mp3_16k.mp3,spoof,RT-EDGETTS-MANDARIN,mp3_16k,redteam_factory/Edge-TTS,微软服务条款，仅研究评测用途,edgetts,mandarin,SC-000007,zh-CN-YunjianNeural,
data/redteam/factory/edgetts/mandarin/edgetts_mandarin_zh-CN-YunjianNeural_SC-000007.amr.wav,spoof,RT-EDGETTS-MANDARIN,amr,redteam_factory/Edge-TTS,微软服务条款，仅研究评测用途,edgetts,mandarin,SC-000007,zh-CN-YunjianNeural,
data/redteam/factory/edgetts/mandarin/edgetts_mandarin_zh-CN-YunjianNeural_SC-000007.noise.wav,spoof,RT-EDGETTS-MANDARIN,noise,redteam_factory/Edge-TTS,微软服务条款，仅研究评测用途,edgetts,mandarin,SC-000007,zh-CN-YunjianNeural,
data/redteam/factory/edgetts/mandarin/edgetts_mandarin_zh-CN-YunjianNeural_SC-000011.wav,spoof,RT-EDGETTS-MANDARIN,clean,redteam_factory/Edge-TTS,微软服务条款，仅研究评测用途,edgetts,mandarin,SC-000011,zh-CN-YunjianNeural,
data/redteam/factory/edgetts/mandarin/edgetts_mandarin_zh-CN-YunjianNeural_SC-000011.phone8k.wav,spoof,RT-EDGETTS-MANDARIN,phone8k,redteam_factory/Edge-TTS,微软服务条款，仅研究评测用途,edgetts,mandarin,SC-000011,zh-CN-YunjianNeural,
data/redteam/factory/edgetts/mandarin/edgetts_mandarin_zh-CN-YunjianNeural_SC-000011.mp3_16k.mp3,spoof,RT-EDGETTS-MANDARIN,mp3_16k,redteam_factory/Edge-TTS,微软服务条款，仅研究评测用途,edgetts,mandarin,SC-000011,zh-CN-YunjianNeural,
data/redteam/factory/edgetts/mandarin/edgetts_mandarin_zh-CN-YunjianNeural_SC-000011.amr.wav,spoof,RT-EDGETTS-MANDARIN,amr,redteam_factory/Edge-TTS,微软服务条款，仅研究评测用途,edgetts,mandarin,SC-000011,zh-CN-YunjianNeural,
data/redteam/factory/edgetts/mandarin/edgetts_mandarin_zh-CN-YunjianNeural_SC-000011.noise.wav,spoof,RT-EDGETTS-MANDARIN,noise,redteam_factory/Edge-TTS,微软服务条款，仅研究评测用途,edgetts,mandarin,SC-000011,zh-CN-YunjianNeural,
data/redteam/factory/edgetts/mandarin/edgetts_mandarin_zh-CN-YunjianNeural_SC-000012.wav,spoof,RT-EDGETTS-MANDARIN,clean,redteam_factory/Edge-TTS,微软服务条款，仅研究评测用途,edgetts,mandarin,SC-000012,zh-CN-YunjianNeural,
data/redteam/factory/edgetts/mandarin/edgetts_mandarin_zh-CN-YunjianNeural_SC-000012.phone8k.wav,spoof,RT-EDGETTS-MANDARIN,phone8k,redteam_factory/Edge-TTS,微软服务条款，仅研究评测用途,edgetts,mandarin,SC-000012,zh-CN-YunjianNeural,
data/redteam/factory/edgetts/mandarin/edgetts_mandarin_zh-CN-YunjianNeural_SC-000012.mp3_16k.mp3,spoof,RT-EDGETTS-MANDARIN,mp3_16k,redteam_factory/Edge-TTS,微软服务条款，仅研究评测用途,edgetts,mandarin,SC-000012,zh-CN-YunjianNeural,
data/redteam/factory/edgetts/mandarin/edgetts_mandarin_zh-CN-YunjianNeural_SC-000012.amr.wav,spoof,RT-EDGETTS-MANDARIN,amr,redteam_factory/Edge-TTS,微软服务条款，仅研究评测用途,edgetts,mandarin,SC-000012,zh-CN-YunjianNeural,
data/redteam/factory/edgetts/mandarin/edgetts_mandarin_zh-CN-YunjianNeural_SC-000012.noise.wav,spoof,RT-EDGETTS-MANDARIN,noise,redteam_factory/Edge-TTS,微软服务条款，仅研究评测用途,edgetts,mandarin,SC-000012,zh-CN-YunjianNeural,
data/redteam/factory/edgetts/mandarin/edgetts_mandarin_zh-CN-YunjianNeural_SC-000016.wav,spoof,RT-EDGETTS-MANDARIN,clean,redteam_factory/Edge-TTS,微软服务条款，仅研究评测用途,edgetts,mandarin,SC-000016,zh-CN-YunjianNeural,
data/redteam/factory/edgetts/mandarin/edgetts_mandarin_zh-CN-YunjianNeural_SC-000016.phone8k.wav,spoof,RT-EDGETTS-MANDARIN,phone8k,redteam_factory/Edge-TTS,微软服务条款，仅研究评测用途,edgetts,mandarin,SC-000016,zh-CN-YunjianNeural,
data/redteam/factory/edgetts/mandarin/edgetts_mandarin_zh-CN-YunjianNeural_SC-000016.mp3_16k.mp3,spoof,RT-EDGETTS-MANDARIN,mp3_16k,redteam_factory/Edge-TTS,微软服务条款，仅研究评测用途,edgetts,mandarin,SC-000016,zh-CN-YunjianNeural,
data/redteam/factory/edgetts/mandarin/edgetts_mandarin_zh-CN-YunjianNeural_SC-000016.amr.wav,spoof,RT-EDGETTS-MANDARIN,amr,redteam_factory/Edge-TTS,微软服务条款，仅研究评测用途,edgetts,mandarin,SC-000016,zh-CN-YunjianNeural,
data/redteam/factory/edgetts/mandarin/edgetts_mandarin_zh-CN-YunjianNeural_SC-000016.noise.wav,spoof,RT-EDGETTS-MANDARIN,noise,redteam_factory/Edge-TTS,微软服务条款，仅研究评测用途,edgetts,mandarin,SC-000016,zh-CN-YunjianNeural,
data/redteam/factory/edgetts/mandarin/edgetts_mandarin_zh-CN-YunjianNeural_SC-000019.wav,spoof,RT-EDGETTS-MANDARIN,clean,redteam_factory/Edge-TTS,微软服务条款，仅研究评测用途,edgetts,mandarin,SC-000019,zh-CN-YunjianNeural,
data/redteam/factory/edgetts/mandarin/edgetts_mandarin_zh-CN-YunjianNeural_SC-000019.phone8k.wav,spoof,RT-EDGETTS-MANDARIN,phone8k,redteam_factory/Edge-TTS,微软服务条款，仅研究评测用途,edgetts,mandarin,SC-000019,zh-CN-YunjianNeural,
data/redteam/factory/edgetts/mandarin/edgetts_mandarin_zh-CN-YunjianNeural_SC-000019.mp3_16k.mp3,spoof,RT-EDGETTS-MANDARIN,mp3_16k,redteam_factory/Edge-TTS,微软服务条款，仅研究评测用途,edgetts,mandarin,SC-000019,zh-CN-YunjianNeural,
data/redteam/factory/edgetts/mandarin/edgetts_mandarin_zh-CN-YunjianNeural_SC-000019.amr.wav,spoof,RT-EDGETTS-MANDARIN,amr,redteam_factory/Edge-TTS,微软服务条款，仅研究评测用途,edgetts,mandarin,SC-000019,zh-CN-YunjianNeural,
data/redteam/factory/edgetts/mandarin/edgetts_mandarin_zh-CN-YunjianNeural_SC-000019.noise.wav,spoof,RT-EDGETTS-MANDARIN,noise,redteam_factory/Edge-TTS,微软服务条款，仅研究评测用途,edgetts,mandarin,SC-000019,zh-CN-YunjianNeural,
data/redteam/factory/edgetts/mandarin/edgetts_mandarin_zh-CN-YunjianNeural_SC-000022.wav,spoof,RT-EDGETTS-MANDARIN,clean,redteam_factory/Edge-TTS,微软服务条款，仅研究评测用途,edgetts,mandarin,SC-000022,zh-CN-YunjianNeural,
data/redteam/factory/edgetts/mandarin/edgetts_mandarin_zh-CN-YunjianNeural_SC-000022.phone8k.wav,spoof,RT-EDGETTS-MANDARIN,phone8k,redteam_factory/Edge-TTS,微软服务条款，仅研究评测用途,edgetts,mandarin,SC-000022,zh-CN-YunjianNeural,
data/redteam/factory/edgetts/mandarin/edgetts_mandarin_zh-CN-YunjianNeural_SC-000022.mp3_16k.mp3,spoof,RT-EDGETTS-MANDARIN,mp3_16k,redteam_factory/Edge-TTS,微软服务条款，仅研究评测用途,edgetts,mandarin,SC-000022,zh-CN-YunjianNeural,
data/redteam/factory/edgetts/mandarin/edgetts_mandarin_zh-CN-YunjianNeural_SC-000022.amr.wav,spoof,RT-EDGETTS-MANDARIN,amr,redteam_factory/Edge-TTS,微软服务条款，仅研究评测用途,edgetts,mandarin,SC-000022,zh-CN-YunjianNeural,
data/redteam/factory/edgetts/mandarin/edgetts_mandarin_zh-CN-YunjianNeural_SC-000022.noise.wav,spoof,RT-EDGETTS-MANDARIN,noise,redteam_factory/Edge-TTS,微软服务条款，仅研究评测用途,edgetts,mandarin,SC-000022,zh-CN-YunjianNeural,
data/redteam/factory/edgetts/mandarin/edgetts_mandarin_zh-CN-YunjianNeural_SC-000026.wav,spoof,RT-EDGETTS-MANDARIN,clean,redteam_factory/Edge-TTS,微软服务条款，仅研究评测用途,edgetts,mandarin,SC-000026,zh-CN-YunjianNeural,
data/redteam/factory/edgetts/mandarin/edgetts_mandarin_zh-CN-YunjianNeural_SC-000026.phone8k.wav,spoof,RT-EDGETTS-MANDARIN,phone8k,redteam_factory/Edge-TTS,微软服务条款，仅研究评测用途,edgetts,mandarin,SC-000026,zh-CN-YunjianNeural,
data/redteam/factory/edgetts/mandarin/edgetts_mandarin_zh-CN-YunjianNeural_SC-000026.mp3_16k.mp3,spoof,RT-EDGETTS-MANDARIN,mp3_16k,redteam_factory/Edge-TTS,微软服务条款，仅研究评测用途,edgetts,mandarin,SC-000026,zh-CN-YunjianNeural,
data/redteam/factory/edgetts/mandarin/edgetts_mandarin_zh-CN-YunjianNeural_SC-000026.amr.wav,spoof,RT-EDGETTS-MANDARIN,amr,redteam_factory/Edge-TTS,微软服务条款，仅研究评测用途,edgetts,mandarin,SC-000026,zh-CN-YunjianNeural,
data/redteam/factory/edgetts/mandarin/edgetts_mandarin_zh-CN-YunjianNeural_SC-000026.noise.wav,spoof,RT-EDGETTS-MANDARIN,noise,redteam_factory/Edge-TTS,微软服务条款，仅研究评测用途,edgetts,mandarin,SC-000026,zh-CN-YunjianNeural,
data/redteam/factory/edgetts/mandarin/edgetts_mandarin_zh-CN-YunjianNeural_SC-000027.wav,spoof,RT-EDGETTS-MANDARIN,clean,redteam_factory/Edge-TTS,微软服务条款，仅研究评测用途,edgetts,mandarin,SC-000027,zh-CN-YunjianNeural,
data/redteam/factory/edgetts/mandarin/edgetts_mandarin_zh-CN-YunjianNeural_SC-000027.phone8k.wav,spoof,RT-EDGETTS-MANDARIN,phone8k,redteam_factory/Edge-TTS,微软服务条款，仅研究评测用途,edgetts,mandarin,SC-000027,zh-CN-YunjianNeural,
data/redteam/factory/edgetts/mandarin/edgetts_mandarin_zh-CN-YunjianNeural_SC-000027.mp3_16k.mp3,spoof,RT-EDGETTS-MANDARIN,mp3_16k,redteam_factory/Edge-TTS,微软服务条款，仅研究评测用途,edgetts,mandarin,SC-000027,zh-CN-YunjianNeural,
data/redteam/factory/edgetts/mandarin/edgetts_mandarin_zh-CN-YunjianNeural_SC-000027.amr.wav,spoof,RT-EDGETTS-MANDARIN,amr,redteam_factory/Edge-TTS,微软服务条款，仅研究评测用途,edgetts,mandarin,SC-000027,zh-CN-YunjianNeural,
data/redteam/factory/edgetts/mandarin/edgetts_mandarin_zh-CN-YunjianNeural_SC-000027.noise.wav,spoof,RT-EDGETTS-MANDARIN,noise,redteam_factory/Edge-TTS,微软服务条款，仅研究评测用途,edgetts,mandarin,SC-000027,zh-CN-YunjianNeural,
data/redteam/factory/edgetts/mandarin/edgetts_mandarin_zh-CN-YunjianNeural_SC-000001.wav,spoof,RT-EDGETTS-MANDARIN,clean,redteam_factory/Edge-TTS,微软服务条款，仅研究评测用途,edgetts,mandarin,SC-000001,zh-CN-YunjianNeural,
data/redteam/factory/edgetts/mandarin/edgetts_mandarin_zh-CN-YunjianNeural_SC-000001.phone8k.wav,spoof,RT-EDGETTS-MANDARIN,phone8k,redteam_factory/Edge-TTS,微软服务条款，仅研究评测用途,edgetts,mandarin,SC-000001,zh-CN-YunjianNeural,
data/redteam/factory/edgetts/mandarin/edgetts_mandarin_zh-CN-YunjianNeural_SC-000001.mp3_16k.mp3,spoof,RT-EDGETTS-MANDARIN,mp3_16k,redteam_factory/Edge-TTS,微软服务条款，仅研究评测用途,edgetts,mandarin,SC-000001,zh-CN-YunjianNeural,
data/redteam/factory/edgetts/mandarin/edgetts_mandarin_zh-CN-YunjianNeural_SC-000001.amr.wav,spoof,RT-EDGETTS-MANDARIN,amr,redteam_factory/Edge-TTS,微软服务条款，仅研究评测用途,edgetts,mandarin,SC-000001,zh-CN-YunjianNeural,
data/redteam/factory/edgetts/mandarin/edgetts_mandarin_zh-CN-YunjianNeural_SC-000001.noise.wav,spoof,RT-EDGETTS-MANDARIN,noise,redteam_factory/Edge-TTS,微软服务条款，仅研究评测用途,edgetts,mandarin,SC-000001,zh-CN-YunjianNeural,
data/redteam/factory/edgetts/mandarin/edgetts_mandarin_zh-CN-YunjianNeural_SC-000002.wav,spoof,RT-EDGETTS-MANDARIN,clean,redteam_factory/Edge-TTS,微软服务条款，仅研究评测用途,edgetts,mandarin,SC-000002,zh-CN-YunjianNeural,
data/redteam/factory/edgetts/mandarin/edgetts_mandarin_zh-CN-YunjianNeural_SC-000002.phone8k.wav,spoof,RT-EDGETTS-MANDARIN,phone8k,redteam_factory/Edge-TTS,微软服务条款，仅研究评测用途,edgetts,mandarin,SC-000002,zh-CN-YunjianNeural,
data/redteam/factory/edgetts/mandarin/edgetts_mandarin_zh-CN-YunjianNeural_SC-000002.mp3_16k.mp3,spoof,RT-EDGETTS-MANDARIN,mp3_16k,redteam_factory/Edge-TTS,微软服务条款，仅研究评测用途,edgetts,mandarin,SC-000002,zh-CN-YunjianNeural,
data/redteam/factory/edgetts/mandarin/edgetts_mandarin_zh-CN-YunjianNeural_SC-000002.amr.wav,spoof,RT-EDGETTS-MANDARIN,amr,redteam_factory/Edge-TTS,微软服务条款，仅研究评测用途,edgetts,mandarin,SC-000002,zh-CN-YunjianNeural,
data/redteam/factory/edgetts/mandarin/edgetts_mandarin_zh-CN-YunjianNeural_SC-000002.noise.wav,spoof,RT-EDGETTS-MANDARIN,noise,redteam_factory/Edge-TTS,微软服务条款，仅研究评测用途,edgetts,mandarin,SC-000002,zh-CN-YunjianNeural,
data/redteam/factory/edgetts/mandarin/edgetts_mandarin_zh-CN-YunjianNeural_SC-000003.wav,spoof,RT-EDGETTS-MANDARIN,clean,redteam_factory/Edge-TTS,微软服务条款，仅研究评测用途,edgetts,mandarin,SC-000003,zh-CN-YunjianNeural,
data/redteam/factory/edgetts/mandarin/edgetts_mandarin_zh-CN-YunjianNeural_SC-000003.phone8k.wav,spoof,RT-EDGETTS-MANDARIN,phone8k,redteam_factory/Edge-TTS,微软服务条款，仅研究评测用途,edgetts,mandarin,SC-000003,zh-CN-YunjianNeural,
data/redteam/factory/edgetts/mandarin/edgetts_mandarin_zh-CN-YunjianNeural_SC-000003.mp3_16k.mp3,spoof,RT-EDGETTS-MANDARIN,mp3_16k,redteam_factory/Edge-TTS,微软服务条款，仅研究评测用途,edgetts,mandarin,SC-000003,zh-CN-YunjianNeural,
data/redteam/factory/edgetts/mandarin/edgetts_mandarin_zh-CN-YunjianNeural_SC-000003.amr.wav,spoof,RT-EDGETTS-MANDARIN,amr,redteam_factory/Edge-TTS,微软服务条款，仅研究评测用途,edgetts,mandarin,SC-000003,zh-CN-YunjianNeural,
data/redteam/factory/edgetts/mandarin/edgetts_mandarin_zh-CN-YunjianNeural_SC-000003.noise.wav,spoof,RT-EDGETTS-MANDARIN,noise,redteam_factory/Edge-TTS,微软服务条款，仅研究评测用途,edgetts,mandarin,SC-000003,zh-CN-YunjianNeural,
data/redteam/factory/edgetts/mandarin/edgetts_mandarin_zh-CN-YunjianNeural_SC-000004.wav,spoof,RT-EDGETTS-MANDARIN,clean,redteam_factory/Edge-TTS,微软服务条款，仅研究评测用途,edgetts,mandarin,SC-000004,zh-CN-YunjianNeural,
data/redteam/factory/edgetts/mandarin/edgetts_mandarin_zh-CN-YunjianNeural_SC-000004.phone8k.wav,spoof,RT-EDGETTS-MANDARIN,phone8k,redteam_factory/Edge-TTS,微软服务条款，仅研究评测用途,edgetts,mandarin,SC-000004,zh-CN-YunjianNeural,
data/redteam/factory/edgetts/mandarin/edgetts_mandarin_zh-CN-YunjianNeural_SC-000004.mp3_16k.mp3,spoof,RT-EDGETTS-MANDARIN,mp3_16k,redteam_factory/Edge-TTS,微软服务条款，仅研究评测用途,edgetts,mandarin,SC-000004,zh-CN-YunjianNeural,
data/redteam/factory/edgetts/mandarin/edgetts_mandarin_zh-CN-YunjianNeural_SC-000004.amr.wav,spoof,RT-EDGETTS-MANDARIN,amr,redteam_factory/Edge-TTS,微软服务条款，仅研究评测用途,edgetts,mandarin,SC-000004,zh-CN-YunjianNeural,
data/redteam/factory/edgetts/mandarin/edgetts_mandarin_zh-CN-YunjianNeural_SC-000004.noise.wav,spoof,RT-EDGETTS-MANDARIN,noise,redteam_factory/Edge-TTS,微软服务条款，仅研究评测用途,edgetts,mandarin,SC-000004,zh-CN-YunjianNeural,
data/redteam/factory/edgetts/mandarin/edgetts_mandarin_zh-CN-YunjianNeural_SC-000005.wav,spoof,RT-EDGETTS-MANDARIN,clean,redteam_factory/Edge-TTS,微软服务条款，仅研究评测用途,edgetts,mandarin,SC-000005,zh-CN-YunjianNeural,
data/redteam/factory/edgetts/mandarin/edgetts_mandarin_zh-CN-YunjianNeural_SC-000005.phone8k.wav,spoof,RT-EDGETTS-MANDARIN,phone8k,redteam_factory/Edge-TTS,微软服务条款，仅研究评测用途,edgetts,mandarin,SC-000005,zh-CN-YunjianNeural,
data/redteam/factory/edgetts/mandarin/edgetts_mandarin_zh-CN-YunjianNeural_SC-000005.mp3_16k.mp3,spoof,RT-EDGETTS-MANDARIN,mp3_16k,redteam_factory/Edge-TTS,微软服务条款，仅研究评测用途,edgetts,mandarin,SC-000005,zh-CN-YunjianNeural,
data/redteam/factory/edgetts/mandarin/edgetts_mandarin_zh-CN-YunjianNeural_SC-000005.amr.wav,spoof,RT-EDGETTS-MANDARIN,amr,redteam_factory/Edge-TTS,微软服务条款，仅研究评测用途,edgetts,mandarin,SC-000005,zh-CN-YunjianNeural,
data/redteam/factory/edgetts/mandarin/edgetts_mandarin_zh-CN-YunjianNeural_SC-000005.noise.wav,spoof,RT-EDGETTS-MANDARIN,noise,redteam_factory/Edge-TTS,微软服务条款，仅研究评测用途,edgetts,mandarin,SC-000005,zh-CN-YunjianNeural,
data/redteam/factory/edgetts/mandarin/edgetts_mandarin_zh-CN-YunjianNeural_SC-000006.wav,spoof,RT-EDGETTS-MANDARIN,clean,redteam_factory/Edge-TTS,微软服务条款，仅研究评测用途,edgetts,mandarin,SC-000006,zh-CN-YunjianNeural,
data/redteam/factory/edgetts/mandarin/edgetts_mandarin_zh-CN-YunjianNeural_SC-000006.phone8k.wav,spoof,RT-EDGETTS-MANDARIN,phone8k,redteam_factory/Edge-TTS,微软服务条款，仅研究评测用途,edgetts,mandarin,SC-000006,zh-CN-YunjianNeural,
data/redteam/factory/edgetts/mandarin/edgetts_mandarin_zh-CN-YunjianNeural_SC-000006.mp3_16k.mp3,spoof,RT-EDGETTS-MANDARIN,mp3_16k,redteam_factory/Edge-TTS,微软服务条款，仅研究评测用途,edgetts,mandarin,SC-000006,zh-CN-YunjianNeural,
data/redteam/factory/edgetts/mandarin/edgetts_mandarin_zh-CN-YunjianNeural_SC-000006.amr.wav,spoof,RT-EDGETTS-MANDARIN,amr,redteam_factory/Edge-TTS,微软服务条款，仅研究评测用途,edgetts,mandarin,SC-000006,zh-CN-YunjianNeural,
data/redteam/factory/edgetts/mandarin/edgetts_mandarin_zh-CN-YunjianNeural_SC-000006.noise.wav,spoof,RT-EDGETTS-MANDARIN,noise,redteam_factory/Edge-TTS,微软服务条款，仅研究评测用途,edgetts,mandarin,SC-000006,zh-CN-YunjianNeural,
data/redteam/factory/edgetts/mandarin/edgetts_mandarin_zh-CN-YunjianNeural_SC-000008.wav,spoof,RT-EDGETTS-MANDARIN,clean,redteam_factory/Edge-TTS,微软服务条款，仅研究评测用途,edgetts,mandarin,SC-000008,zh-CN-YunjianNeural,
data/redteam/factory/edgetts/mandarin/edgetts_mandarin_zh-CN-YunjianNeural_SC-000008.phone8k.wav,spoof,RT-EDGETTS-MANDARIN,phone8k,redteam_factory/Edge-TTS,微软服务条款，仅研究评测用途,edgetts,mandarin,SC-000008,zh-CN-YunjianNeural,
data/redteam/factory/edgetts/mandarin/edgetts_mandarin_zh-CN-YunjianNeural_SC-000008.mp3_16k.mp3,spoof,RT-EDGETTS-MANDARIN,mp3_16k,redteam_factory/Edge-TTS,微软服务条款，仅研究评测用途,edgetts,mandarin,SC-000008,zh-CN-YunjianNeural,
data/redteam/factory/edgetts/mandarin/edgetts_mandarin_zh-CN-YunjianNeural_SC-000008.amr.wav,spoof,RT-EDGETTS-MANDARIN,amr,redteam_factory/Edge-TTS,微软服务条款，仅研究评测用途,edgetts,mandarin,SC-000008,zh-CN-YunjianNeural,
data/redteam/factory/edgetts/mandarin/edgetts_mandarin_zh-CN-YunjianNeural_SC-000008.noise.wav,spoof,RT-EDGETTS-MANDARIN,noise,redteam_factory/Edge-TTS,微软服务条款，仅研究评测用途,edgetts,mandarin,SC-000008,zh-CN-YunjianNeural,
data/redteam/factory/edgetts/mandarin/edgetts_mandarin_zh-CN-YunjianNeural_SC-000009.wav,spoof,RT-EDGETTS-MANDARIN,clean,redteam_factory/Edge-TTS,微软服务条款，仅研究评测用途,edgetts,mandarin,SC-000009,zh-CN-YunjianNeural,
data/redteam/factory/edgetts/mandarin/edgetts_mandarin_zh-CN-YunjianNeural_SC-000009.phone8k.wav,spoof,RT-EDGETTS-MANDARIN,phone8k,redteam_factory/Edge-TTS,微软服务条款，仅研究评测用途,edgetts,mandarin,SC-000009,zh-CN-YunjianNeural,
data/redteam/factory/edgetts/mandarin/edgetts_mandarin_zh-CN-YunjianNeural_SC-000009.mp3_16k.mp3,spoof,RT-EDGETTS-MANDARIN,mp3_16k,redteam_factory/Edge-TTS,微软服务条款，仅研究评测用途,edgetts,mandarin,SC-000009,zh-CN-YunjianNeural,
data/redteam/factory/edgetts/mandarin/edgetts_mandarin_zh-CN-YunjianNeural_SC-000009.amr.wav,spoof,RT-EDGETTS-MANDARIN,amr,redteam_factory/Edge-TTS,微软服务条款，仅研究评测用途,edgetts,mandarin,SC-000009,zh-CN-YunjianNeural,
data/redteam/factory/edgetts/mandarin/edgetts_mandarin_zh-CN-YunjianNeural_SC-000009.noise.wav,spoof,RT-EDGETTS-MANDARIN,noise,redteam_factory/Edge-TTS,微软服务条款，仅研究评测用途,edgetts,mandarin,SC-000009,zh-CN-YunjianNeural,
data/redteam/factory/edgetts/mandarin/edgetts_mandarin_zh-CN-YunjianNeural_SC-000010.wav,spoof,RT-EDGETTS-MANDARIN,clean,redteam_factory/Edge-TTS,微软服务条款，仅研究评测用途,edgetts,mandarin,SC-000010,zh-CN-YunjianNeural,
data/redteam/factory/edgetts/mandarin/edgetts_mandarin_zh-CN-YunjianNeural_SC-000010.phone8k.wav,spoof,RT-EDGETTS-MANDARIN,phone8k,redteam_factory/Edge-TTS,微软服务条款，仅研究评测用途,edgetts,mandarin,SC-000010,zh-CN-YunjianNeural,
data/redteam/factory/edgetts/mandarin/edgetts_mandarin_zh-CN-YunjianNeural_SC-000010.mp3_16k.mp3,spoof,RT-EDGETTS-MANDARIN,mp3_16k,redteam_factory/Edge-TTS,微软服务条款，仅研究评测用途,edgetts,mandarin,SC-000010,zh-CN-YunjianNeural,
data/redteam/factory/edgetts/mandarin/edgetts_mandarin_zh-CN-YunjianNeural_SC-000010.amr.wav,spoof,RT-EDGETTS-MANDARIN,amr,redteam_factory/Edge-TTS,微软服务条款，仅研究评测用途,edgetts,mandarin,SC-000010,zh-CN-YunjianNeural,
data/redteam/factory/edgetts/mandarin/edgetts_mandarin_zh-CN-YunjianNeural_SC-000010.noise.wav,spoof,RT-EDGETTS-MANDARIN,noise,redteam_factory/Edge-TTS,微软服务条款，仅研究评测用途,edgetts,mandarin,SC-000010,zh-CN-YunjianNeural,
data/redteam/factory/edgetts/mandarin/edgetts_mandarin_zh-CN-YunjianNeural_SC-000013.wav,spoof,RT-EDGETTS-MANDARIN,clean,redteam_factory/Edge-TTS,微软服务条款，仅研究评测用途,edgetts,mandarin,SC-000013,zh-CN-YunjianNeural,
data/redteam/factory/edgetts/mandarin/edgetts_mandarin_zh-CN-YunjianNeural_SC-000013.phone8k.wav,spoof,RT-EDGETTS-MANDARIN,phone8k,redteam_factory/Edge-TTS,微软服务条款，仅研究评测用途,edgetts,mandarin,SC-000013,zh-CN-YunjianNeural,
data/redteam/factory/edgetts/mandarin/edgetts_mandarin_zh-CN-YunjianNeural_SC-000013.mp3_16k.mp3,spoof,RT-EDGETTS-MANDARIN,mp3_16k,redteam_factory/Edge-TTS,微软服务条款，仅研究评测用途,edgetts,mandarin,SC-000013,zh-CN-YunjianNeural,
data/redteam/factory/edgetts/mandarin/edgetts_mandarin_zh-CN-YunjianNeural_SC-000013.amr.wav,spoof,RT-EDGETTS-MANDARIN,amr,redteam_factory/Edge-TTS,微软服务条款，仅研究评测用途,edgetts,mandarin,SC-000013,zh-CN-YunjianNeural,
data/redteam/factory/edgetts/mandarin/edgetts_mandarin_zh-CN-YunjianNeural_SC-000013.noise.wav,spoof,RT-EDGETTS-MANDARIN,noise,redteam_factory/Edge-TTS,微软服务条款，仅研究评测用途,edgetts,mandarin,SC-000013,zh-CN-YunjianNeural,
data/redteam/factory/edgetts/mandarin/edgetts_mandarin_zh-CN-YunjianNeural_SC-000014.wav,spoof,RT-EDGETTS-MANDARIN,clean,redteam_factory/Edge-TTS,微软服务条款，仅研究评测用途,edgetts,mandarin,SC-000014,zh-CN-YunjianNeural,
data/redteam/factory/edgetts/mandarin/edgetts_mandarin_zh-CN-YunjianNeural_SC-000014.phone8k.wav,spoof,RT-EDGETTS-MANDARIN,phone8k,redteam_factory/Edge-TTS,微软服务条款，仅研究评测用途,edgetts,mandarin,SC-000014,zh-CN-YunjianNeural,
data/redteam/factory/edgetts/mandarin/edgetts_mandarin_zh-CN-YunjianNeural_SC-000014.mp3_16k.mp3,spoof,RT-EDGETTS-MANDARIN,mp3_16k,redteam_factory/Edge-TTS,微软服务条款，仅研究评测用途,edgetts,mandarin,SC-000014,zh-CN-YunjianNeural,
data/redteam/factory/edgetts/mandarin/edgetts_mandarin_zh-CN-YunjianNeural_SC-000014.amr.wav,spoof,RT-EDGETTS-MANDARIN,amr,redteam_factory/Edge-TTS,微软服务条款，仅研究评测用途,edgetts,mandarin,SC-000014,zh-CN-YunjianNeural,
data/redteam/factory/edgetts/mandarin/edgetts_mandarin_zh-CN-YunjianNeural_SC-000014.noise.wav,spoof,RT-EDGETTS-MANDARIN,noise,redteam_factory/Edge-TTS,微软服务条款，仅研究评测用途,edgetts,mandarin,SC-000014,zh-CN-YunjianNeural,
data/redteam/factory/edgetts/mandarin/edgetts_mandarin_zh-CN-YunjianNeural_SC-000015.wav,spoof,RT-EDGETTS-MANDARIN,clean,redteam_factory/Edge-TTS,微软服务条款，仅研究评测用途,edgetts,mandarin,SC-000015,zh-CN-YunjianNeural,
data/redteam/factory/edgetts/mandarin/edgetts_mandarin_zh-CN-YunjianNeural_SC-000015.phone8k.wav,spoof,RT-EDGETTS-MANDARIN,phone8k,redteam_factory/Edge-TTS,微软服务条款，仅研究评测用途,edgetts,mandarin,SC-000015,zh-CN-YunjianNeural,
data/redteam/factory/edgetts/mandarin/edgetts_mandarin_zh-CN-YunjianNeural_SC-000015.mp3_16k.mp3,spoof,RT-EDGETTS-MANDARIN,mp3_16k,redteam_factory/Edge-TTS,微软服务条款，仅研究评测用途,edgetts,mandarin,SC-000015,zh-CN-YunjianNeural,
data/redteam/factory/edgetts/mandarin/edgetts_mandarin_zh-CN-YunjianNeural_SC-000015.amr.wav,spoof,RT-EDGETTS-MANDARIN,amr,redteam_factory/Edge-TTS,微软服务条款，仅研究评测用途,edgetts,mandarin,SC-000015,zh-CN-YunjianNeural,
data/redteam/factory/edgetts/mandarin/edgetts_mandarin_zh-CN-YunjianNeural_SC-000015.noise.wav,spoof,RT-EDGETTS-MANDARIN,noise,redteam_factory/Edge-TTS,微软服务条款，仅研究评测用途,edgetts,mandarin,SC-000015,zh-CN-YunjianNeural,
data/redteam/factory/edgetts/mandarin/edgetts_mandarin_zh-CN-YunjianNeural_SC-000017.wav,spoof,RT-EDGETTS-MANDARIN,clean,redteam_factory/Edge-TTS,微软服务条款，仅研究评测用途,edgetts,mandarin,SC-000017,zh-CN-YunjianNeural,
data/redteam/factory/edgetts/mandarin/edgetts_mandarin_zh-CN-YunjianNeural_SC-000017.phone8k.wav,spoof,RT-EDGETTS-MANDARIN,phone8k,redteam_factory/Edge-TTS,微软服务条款，仅研究评测用途,edgetts,mandarin,SC-000017,zh-CN-YunjianNeural,
data/redteam/factory/edgetts/mandarin/edgetts_mandarin_zh-CN-YunjianNeural_SC-000017.mp3_16k.mp3,spoof,RT-EDGETTS-MANDARIN,mp3_16k,redteam_factory/Edge-TTS,微软服务条款，仅研究评测用途,edgetts,mandarin,SC-000017,zh-CN-YunjianNeural,
data/redteam/factory/edgetts/mandarin/edgetts_mandarin_zh-CN-YunjianNeural_SC-000017.amr.wav,spoof,RT-EDGETTS-MANDARIN,amr,redteam_factory/Edge-TTS,微软服务条款，仅研究评测用途,edgetts,mandarin,SC-000017,zh-CN-YunjianNeural,
data/redteam/factory/edgetts/mandarin/edgetts_mandarin_zh-CN-YunjianNeural_SC-000017.noise.wav,spoof,RT-EDGETTS-MANDARIN,noise,redteam_factory/Edge-TTS,微软服务条款，仅研究评测用途,edgetts,mandarin,SC-000017,zh-CN-YunjianNeural,
data/redteam/factory/edgetts/mandarin/edgetts_mandarin_zh-CN-YunjianNeural_SC-000018.wav,spoof,RT-EDGETTS-MANDARIN,clean,redteam_factory/Edge-TTS,微软服务条款，仅研究评测用途,edgetts,mandarin,SC-000018,zh-CN-YunjianNeural,
data/redteam/factory/edgetts/mandarin/edgetts_mandarin_zh-CN-YunjianNeural_SC-000018.phone8k.wav,spoof,RT-EDGETTS-MANDARIN,phone8k,redteam_factory/Edge-TTS,微软服务条款，仅研究评测用途,edgetts,mandarin,SC-000018,zh-CN-YunjianNeural,
data/redteam/factory/edgetts/mandarin/edgetts_mandarin_zh-CN-YunjianNeural_SC-000018.mp3_16k.mp3,spoof,RT-EDGETTS-MANDARIN,mp3_16k,redteam_factory/Edge-TTS,微软服务条款，仅研究评测用途,edgetts,mandarin,SC-000018,zh-CN-YunjianNeural,
data/redteam/factory/edgetts/mandarin/edgetts_mandarin_zh-CN-YunjianNeural_SC-000018.amr.wav,spoof,RT-EDGETTS-MANDARIN,amr,redteam_factory/Edge-TTS,微软服务条款，仅研究评测用途,edgetts,mandarin,SC-000018,zh-CN-YunjianNeural,
data/redteam/factory/edgetts/mandarin/edgetts_mandarin_zh-CN-YunjianNeural_SC-000018.noise.wav,spoof,RT-EDGETTS-MANDARIN,noise,redteam_factory/Edge-TTS,微软服务条款，仅研究评测用途,edgetts,mandarin,SC-000018,zh-CN-YunjianNeural,
data/redteam/factory/edgetts/mandarin/edgetts_mandarin_zh-CN-YunjianNeural_SC-000020.wav,spoof,RT-EDGETTS-MANDARIN,clean,redteam_factory/Edge-TTS,微软服务条款，仅研究评测用途,edgetts,mandarin,SC-000020,zh-CN-YunjianNeural,
data/redteam/factory/edgetts/mandarin/edgetts_mandarin_zh-CN-YunjianNeural_SC-000020.phone8k.wav,spoof,RT-EDGETTS-MANDARIN,phone8k,redteam_factory/Edge-TTS,微软服务条款，仅研究评测用途,edgetts,mandarin,SC-000020,zh-CN-YunjianNeural,
data/redteam/factory/edgetts/mandarin/edgetts_mandarin_zh-CN-YunjianNeural_SC-000020.mp3_16k.mp3,spoof,RT-EDGETTS-MANDARIN,mp3_16k,redteam_factory/Edge-TTS,微软服务条款，仅研究评测用途,edgetts,mandarin,SC-000020,zh-CN-YunjianNeural,
data/redteam/factory/edgetts/mandarin/edgetts_mandarin_zh-CN-YunjianNeural_SC-000020.amr.wav,spoof,RT-EDGETTS-MANDARIN,amr,redteam_factory/Edge-TTS,微软服务条款，仅研究评测用途,edgetts,mandarin,SC-000020,zh-CN-YunjianNeural,
data/redteam/factory/edgetts/mandarin/edgetts_mandarin_zh-CN-YunjianNeural_SC-000020.noise.wav,spoof,RT-EDGETTS-MANDARIN,noise,redteam_factory/Edge-TTS,微软服务条款，仅研究评测用途,edgetts,mandarin,SC-000020,zh-CN-YunjianNeural,
data/redteam/factory/edgetts/mandarin/edgetts_mandarin_zh-CN-YunjianNeural_SC-000021.wav,spoof,RT-EDGETTS-MANDARIN,clean,redteam_factory/Edge-TTS,微软服务条款，仅研究评测用途,edgetts,mandarin,SC-000021,zh-CN-YunjianNeural,
data/redteam/factory/edgetts/mandarin/edgetts_mandarin_zh-CN-YunjianNeural_SC-000021.phone8k.wav,spoof,RT-EDGETTS-MANDARIN,phone8k,redteam_factory/Edge-TTS,微软服务条款，仅研究评测用途,edgetts,mandarin,SC-000021,zh-CN-YunjianNeural,
data/redteam/factory/edgetts/mandarin/edgetts_mandarin_zh-CN-YunjianNeural_SC-000021.mp3_16k.mp3,spoof,RT-EDGETTS-MANDARIN,mp3_16k,redteam_factory/Edge-TTS,微软服务条款，仅研究评测用途,edgetts,mandarin,SC-000021,zh-CN-YunjianNeural,
data/redteam/factory/edgetts/mandarin/edgetts_mandarin_zh-CN-YunjianNeural_SC-000021.amr.wav,spoof,RT-EDGETTS-MANDARIN,amr,redteam_factory/Edge-TTS,微软服务条款，仅研究评测用途,edgetts,mandarin,SC-000021,zh-CN-YunjianNeural,
data/redteam/factory/edgetts/mandarin/edgetts_mandarin_zh-CN-YunjianNeural_SC-000021.noise.wav,spoof,RT-EDGETTS-MANDARIN,noise,redteam_factory/Edge-TTS,微软服务条款，仅研究评测用途,edgetts,mandarin,SC-000021,zh-CN-YunjianNeural,
data/redteam/factory/edgetts/mandarin/edgetts_mandarin_zh-CN-YunjianNeural_SC-000023.wav,spoof,RT-EDGETTS-MANDARIN,clean,redteam_factory/Edge-TTS,微软服务条款，仅研究评测用途,edgetts,mandarin,SC-000023,zh-CN-YunjianNeural,
data/redteam/factory/edgetts/mandarin/edgetts_mandarin_zh-CN-YunjianNeural_SC-000023.phone8k.wav,spoof,RT-EDGETTS-MANDARIN,phone8k,redteam_factory/Edge-TTS,微软服务条款，仅研究评测用途,edgetts,mandarin,SC-000023,zh-CN-YunjianNeural,
data/redteam/factory/edgetts/mandarin/edgetts_mandarin_zh-CN-YunjianNeural_SC-000023.mp3_16k.mp3,spoof,RT-EDGETTS-MANDARIN,mp3_16k,redteam_factory/Edge-TTS,微软服务条款，仅研究评测用途,edgetts,mandarin,SC-000023,zh-CN-YunjianNeural,
data/redteam/factory/edgetts/mandarin/edgetts_mandarin_zh-CN-YunjianNeural_SC-000023.amr.wav,spoof,RT-EDGETTS-MANDARIN,amr,redteam_factory/Edge-TTS,微软服务条款，仅研究评测用途,edgetts,mandarin,SC-000023,zh-CN-YunjianNeural,
data/redteam/factory/edgetts/mandarin/edgetts_mandarin_zh-CN-YunjianNeural_SC-000023.noise.wav,spoof,RT-EDGETTS-MANDARIN,noise,redteam_factory/Edge-TTS,微软服务条款，仅研究评测用途,edgetts,mandarin,SC-000023,zh-CN-YunjianNeural,
data/redteam/factory/edgetts/mandarin/edgetts_mandarin_zh-CN-YunjianNeural_SC-000024.wav,spoof,RT-EDGETTS-MANDARIN,clean,redteam_factory/Edge-TTS,微软服务条款，仅研究评测用途,edgetts,mandarin,SC-000024,zh-CN-YunjianNeural,
data/redteam/factory/edgetts/mandarin/edgetts_mandarin_zh-CN-YunjianNeural_SC-000024.phone8k.wav,spoof,RT-EDGETTS-MANDARIN,phone8k,redteam_factory/Edge-TTS,微软服务条款，仅研究评测用途,edgetts,mandarin,SC-000024,zh-CN-YunjianNeural,
data/redteam/factory/edgetts/mandarin/edgetts_mandarin_zh-CN-YunjianNeural_SC-000024.mp3_16k.mp3,spoof,RT-EDGETTS-MANDARIN,mp3_16k,redteam_factory/Edge-TTS,微软服务条款，仅研究评测用途,edgetts,mandarin,SC-000024,zh-CN-YunjianNeural,
data/redteam/factory/edgetts/mandarin/edgetts_mandarin_zh-CN-YunjianNeural_SC-000024.amr.wav,spoof,RT-EDGETTS-MANDARIN,amr,redteam_factory/Edge-TTS,微软服务条款，仅研究评测用途,edgetts,mandarin,SC-000024,zh-CN-YunjianNeural,
data/redteam/factory/edgetts/mandarin/edgetts_mandarin_zh-CN-YunjianNeural_SC-000024.noise.wav,spoof,RT-EDGETTS-MANDARIN,noise,redteam_factory/Edge-TTS,微软服务条款，仅研究评测用途,edgetts,mandarin,SC-000024,zh-CN-YunjianNeural,
data/redteam/factory/edgetts/mandarin/edgetts_mandarin_zh-CN-YunjianNeural_SC-000025.wav,spoof,RT-EDGETTS-MANDARIN,clean,redteam_factory/Edge-TTS,微软服务条款，仅研究评测用途,edgetts,mandarin,SC-000025,zh-CN-YunjianNeural,
data/redteam/factory/edgetts/mandarin/edgetts_mandarin_zh-CN-YunjianNeural_SC-000025.phone8k.wav,spoof,RT-EDGETTS-MANDARIN,phone8k,redteam_factory/Edge-TTS,微软服务条款，仅研究评测用途,edgetts,mandarin,SC-000025,zh-CN-YunjianNeural,
data/redteam/factory/edgetts/mandarin/edgetts_mandarin_zh-CN-YunjianNeural_SC-000025.mp3_16k.mp3,spoof,RT-EDGETTS-MANDARIN,mp3_16k,redteam_factory/Edge-TTS,微软服务条款，仅研究评测用途,edgetts,mandarin,SC-000025,zh-CN-YunjianNeural,
data/redteam/factory/edgetts/mandarin/edgetts_mandarin_zh-CN-YunjianNeural_SC-000025.amr.wav,spoof,RT-EDGETTS-MANDARIN,amr,redteam_factory/Edge-TTS,微软服务条款，仅研究评测用途,edgetts,mandarin,SC-000025,zh-CN-YunjianNeural,
data/redteam/factory/edgetts/mandarin/edgetts_mandarin_zh-CN-YunjianNeural_SC-000025.noise.wav,spoof,RT-EDGETTS-MANDARIN,noise,redteam_factory/Edge-TTS,微软服务条款，仅研究评测用途,edgetts,mandarin,SC-000025,zh-CN-YunjianNeural,
data/redteam/factory/edgetts/mandarin/edgetts_mandarin_zh-CN-YunjianNeural_SC-000028.wav,spoof,RT-EDGETTS-MANDARIN,clean,redteam_factory/Edge-TTS,微软服务条款，仅研究评测用途,edgetts,mandarin,SC-000028,zh-CN-YunjianNeural,
data/redteam/factory/edgetts/mandarin/edgetts_mandarin_zh-CN-YunjianNeural_SC-000028.phone8k.wav,spoof,RT-EDGETTS-MANDARIN,phone8k,redteam_factory/Edge-TTS,微软服务条款，仅研究评测用途,edgetts,mandarin,SC-000028,zh-CN-YunjianNeural,
data/redteam/factory/edgetts/mandarin/edgetts_mandarin_zh-CN-YunjianNeural_SC-000028.mp3_16k.mp3,spoof,RT-EDGETTS-MANDARIN,mp3_16k,redteam_factory/Edge-TTS,微软服务条款，仅研究评测用途,edgetts,mandarin,SC-000028,zh-CN-YunjianNeural,
data/redteam/factory/edgetts/mandarin/edgetts_mandarin_zh-CN-YunjianNeural_SC-000028.amr.wav,spoof,RT-EDGETTS-MANDARIN,amr,redteam_factory/Edge-TTS,微软服务条款，仅研究评测用途,edgetts,mandarin,SC-000028,zh-CN-YunjianNeural,
data/redteam/factory/edgetts/mandarin/edgetts_mandarin_zh-CN-YunjianNeural_SC-000028.noise.wav,spoof,RT-EDGETTS-MANDARIN,noise,redteam_factory/Edge-TTS,微软服务条款，仅研究评测用途,edgetts,mandarin,SC-000028,zh-CN-YunjianNeural,
data/redteam/factory/edgetts/mandarin/edgetts_mandarin_zh-CN-YunjianNeural_SC-000029.wav,spoof,RT-EDGETTS-MANDARIN,clean,redteam_factory/Edge-TTS,微软服务条款，仅研究评测用途,edgetts,mandarin,SC-000029,zh-CN-YunjianNeural,
data/redteam/factory/edgetts/mandarin/edgetts_mandarin_zh-CN-YunjianNeural_SC-000029.phone8k.wav,spoof,RT-EDGETTS-MANDARIN,phone8k,redteam_factory/Edge-TTS,微软服务条款，仅研究评测用途,edgetts,mandarin,SC-000029,zh-CN-YunjianNeural,
data/redteam/factory/edgetts/mandarin/edgetts_mandarin_zh-CN-YunjianNeural_SC-000029.mp3_16k.mp3,spoof,RT-EDGETTS-MANDARIN,mp3_16k,redteam_factory/Edge-TTS,微软服务条款，仅研究评测用途,edgetts,mandarin,SC-000029,zh-CN-YunjianNeural,
data/redteam/factory/edgetts/mandarin/edgetts_mandarin_zh-CN-YunjianNeural_SC-000029.amr.wav,spoof,RT-EDGETTS-MANDARIN,amr,redteam_factory/Edge-TTS,微软服务条款，仅研究评测用途,edgetts,mandarin,SC-000029,zh-CN-YunjianNeural,
data/redteam/factory/edgetts/mandarin/edgetts_mandarin_zh-CN-YunjianNeural_SC-000029.noise.wav,spoof,RT-EDGETTS-MANDARIN,noise,redteam_factory/Edge-TTS,微软服务条款，仅研究评测用途,edgetts,mandarin,SC-000029,zh-CN-YunjianNeural,
data/redteam/factory/edgetts/mandarin/edgetts_mandarin_zh-CN-YunyangNeural_SC-000007.wav,spoof,RT-EDGETTS-MANDARIN,clean,redteam_factory/Edge-TTS,微软服务条款，仅研究评测用途,edgetts,mandarin,SC-000007,zh-CN-YunyangNeural,
data/redteam/factory/edgetts/mandarin/edgetts_mandarin_zh-CN-YunyangNeural_SC-000007.phone8k.wav,spoof,RT-EDGETTS-MANDARIN,phone8k,redteam_factory/Edge-TTS,微软服务条款，仅研究评测用途,edgetts,mandarin,SC-000007,zh-CN-YunyangNeural,
data/redteam/factory/edgetts/mandarin/edgetts_mandarin_zh-CN-YunyangNeural_SC-000007.mp3_16k.mp3,spoof,RT-EDGETTS-MANDARIN,mp3_16k,redteam_factory/Edge-TTS,微软服务条款，仅研究评测用途,edgetts,mandarin,SC-000007,zh-CN-YunyangNeural,
data/redteam/factory/edgetts/mandarin/edgetts_mandarin_zh-CN-YunyangNeural_SC-000007.amr.wav,spoof,RT-EDGETTS-MANDARIN,amr,redteam_factory/Edge-TTS,微软服务条款，仅研究评测用途,edgetts,mandarin,SC-000007,zh-CN-YunyangNeural,
data/redteam/factory/edgetts/mandarin/edgetts_mandarin_zh-CN-YunyangNeural_SC-000007.noise.wav,spoof,RT-EDGETTS-MANDARIN,noise,redteam_factory/Edge-TTS,微软服务条款，仅研究评测用途,edgetts,mandarin,SC-000007,zh-CN-YunyangNeural,
data/redteam/factory/edgetts/mandarin/edgetts_mandarin_zh-CN-YunyangNeural_SC-000011.wav,spoof,RT-EDGETTS-MANDARIN,clean,redteam_factory/Edge-TTS,微软服务条款，仅研究评测用途,edgetts,mandarin,SC-000011,zh-CN-YunyangNeural,
data/redteam/factory/edgetts/mandarin/edgetts_mandarin_zh-CN-YunyangNeural_SC-000011.phone8k.wav,spoof,RT-EDGETTS-MANDARIN,phone8k,redteam_factory/Edge-TTS,微软服务条款，仅研究评测用途,edgetts,mandarin,SC-000011,zh-CN-YunyangNeural,
data/redteam/factory/edgetts/mandarin/edgetts_mandarin_zh-CN-YunyangNeural_SC-000011.mp3_16k.mp3,spoof,RT-EDGETTS-MANDARIN,mp3_16k,redteam_factory/Edge-TTS,微软服务条款，仅研究评测用途,edgetts,mandarin,SC-000011,zh-CN-YunyangNeural,
data/redteam/factory/edgetts/mandarin/edgetts_mandarin_zh-CN-YunyangNeural_SC-000011.amr.wav,spoof,RT-EDGETTS-MANDARIN,amr,redteam_factory/Edge-TTS,微软服务条款，仅研究评测用途,edgetts,mandarin,SC-000011,zh-CN-YunyangNeural,
data/redteam/factory/edgetts/mandarin/edgetts_mandarin_zh-CN-YunyangNeural_SC-000011.noise.wav,spoof,RT-EDGETTS-MANDARIN,noise,redteam_factory/Edge-TTS,微软服务条款，仅研究评测用途,edgetts,mandarin,SC-000011,zh-CN-YunyangNeural,
data/redteam/factory/edgetts/mandarin/edgetts_mandarin_zh-CN-YunyangNeural_SC-000012.wav,spoof,RT-EDGETTS-MANDARIN,clean,redteam_factory/Edge-TTS,微软服务条款，仅研究评测用途,edgetts,mandarin,SC-000012,zh-CN-YunyangNeural,
data/redteam/factory/edgetts/mandarin/edgetts_mandarin_zh-CN-YunyangNeural_SC-000012.phone8k.wav,spoof,RT-EDGETTS-MANDARIN,phone8k,redteam_factory/Edge-TTS,微软服务条款，仅研究评测用途,edgetts,mandarin,SC-000012,zh-CN-YunyangNeural,
data/redteam/factory/edgetts/mandarin/edgetts_mandarin_zh-CN-YunyangNeural_SC-000012.mp3_16k.mp3,spoof,RT-EDGETTS-MANDARIN,mp3_16k,redteam_factory/Edge-TTS,微软服务条款，仅研究评测用途,edgetts,mandarin,SC-000012,zh-CN-YunyangNeural,
data/redteam/factory/edgetts/mandarin/edgetts_mandarin_zh-CN-YunyangNeural_SC-000012.amr.wav,spoof,RT-EDGETTS-MANDARIN,amr,redteam_factory/Edge-TTS,微软服务条款，仅研究评测用途,edgetts,mandarin,SC-000012,zh-CN-YunyangNeural,
data/redteam/factory/edgetts/mandarin/edgetts_mandarin_zh-CN-YunyangNeural_SC-000012.noise.wav,spoof,RT-EDGETTS-MANDARIN,noise,redteam_factory/Edge-TTS,微软服务条款，仅研究评测用途,edgetts,mandarin,SC-000012,zh-CN-YunyangNeural,
data/redteam/factory/edgetts/mandarin/edgetts_mandarin_zh-CN-YunyangNeural_SC-000016.wav,spoof,RT-EDGETTS-MANDARIN,clean,redteam_factory/Edge-TTS,微软服务条款，仅研究评测用途,edgetts,mandarin,SC-000016,zh-CN-YunyangNeural,
data/redteam/factory/edgetts/mandarin/edgetts_mandarin_zh-CN-YunyangNeural_SC-000016.phone8k.wav,spoof,RT-EDGETTS-MANDARIN,phone8k,redteam_factory/Edge-TTS,微软服务条款，仅研究评测用途,edgetts,mandarin,SC-000016,zh-CN-YunyangNeural,
data/redteam/factory/edgetts/mandarin/edgetts_mandarin_zh-CN-YunyangNeural_SC-000016.mp3_16k.mp3,spoof,RT-EDGETTS-MANDARIN,mp3_16k,redteam_factory/Edge-TTS,微软服务条款，仅研究评测用途,edgetts,mandarin,SC-000016,zh-CN-YunyangNeural,
data/redteam/factory/edgetts/mandarin/edgetts_mandarin_zh-CN-YunyangNeural_SC-000016.amr.wav,spoof,RT-EDGETTS-MANDARIN,amr,redteam_factory/Edge-TTS,微软服务条款，仅研究评测用途,edgetts,mandarin,SC-000016,zh-CN-YunyangNeural,
data/redteam/factory/edgetts/mandarin/edgetts_mandarin_zh-CN-YunyangNeural_SC-000016.noise.wav,spoof,RT-EDGETTS-MANDARIN,noise,redteam_factory/Edge-TTS,微软服务条款，仅研究评测用途,edgetts,mandarin,SC-000016,zh-CN-YunyangNeural,
data/redteam/factory/edgetts/mandarin/edgetts_mandarin_zh-CN-YunyangNeural_SC-000019.wav,spoof,RT-EDGETTS-MANDARIN,clean,redteam_factory/Edge-TTS,微软服务条款，仅研究评测用途,edgetts,mandarin,SC-000019,zh-CN-YunyangNeural,
data/redteam/factory/edgetts/mandarin/edgetts_mandarin_zh-CN-YunyangNeural_SC-000019.phone8k.wav,spoof,RT-EDGETTS-MANDARIN,phone8k,redteam_factory/Edge-TTS,微软服务条款，仅研究评测用途,edgetts,mandarin,SC-000019,zh-CN-YunyangNeural,
data/redteam/factory/edgetts/mandarin/edgetts_mandarin_zh-CN-YunyangNeural_SC-000019.mp3_16k.mp3,spoof,RT-EDGETTS-MANDARIN,mp3_16k,redteam_factory/Edge-TTS,微软服务条款，仅研究评测用途,edgetts,mandarin,SC-000019,zh-CN-YunyangNeural,
data/redteam/factory/edgetts/mandarin/edgetts_mandarin_zh-CN-YunyangNeural_SC-000019.amr.wav,spoof,RT-EDGETTS-MANDARIN,amr,redteam_factory/Edge-TTS,微软服务条款，仅研究评测用途,edgetts,mandarin,SC-000019,zh-CN-YunyangNeural,
data/redteam/factory/edgetts/mandarin/edgetts_mandarin_zh-CN-YunyangNeural_SC-000019.noise.wav,spoof,RT-EDGETTS-MANDARIN,noise,redteam_factory/Edge-TTS,微软服务条款，仅研究评测用途,edgetts,mandarin,SC-000019,zh-CN-YunyangNeural,
data/redteam/factory/edgetts/mandarin/edgetts_mandarin_zh-CN-YunyangNeural_SC-000022.wav,spoof,RT-EDGETTS-MANDARIN,clean,redteam_factory/Edge-TTS,微软服务条款，仅研究评测用途,edgetts,mandarin,SC-000022,zh-CN-YunyangNeural,
data/redteam/factory/edgetts/mandarin/edgetts_mandarin_zh-CN-YunyangNeural_SC-000022.phone8k.wav,spoof,RT-EDGETTS-MANDARIN,phone8k,redteam_factory/Edge-TTS,微软服务条款，仅研究评测用途,edgetts,mandarin,SC-000022,zh-CN-YunyangNeural,
data/redteam/factory/edgetts/mandarin/edgetts_mandarin_zh-CN-YunyangNeural_SC-000022.mp3_16k.mp3,spoof,RT-EDGETTS-MANDARIN,mp3_16k,redteam_factory/Edge-TTS,微软服务条款，仅研究评测用途,edgetts,mandarin,SC-000022,zh-CN-YunyangNeural,
data/redteam/factory/edgetts/mandarin/edgetts_mandarin_zh-CN-YunyangNeural_SC-000022.amr.wav,spoof,RT-EDGETTS-MANDARIN,amr,redteam_factory/Edge-TTS,微软服务条款，仅研究评测用途,edgetts,mandarin,SC-000022,zh-CN-YunyangNeural,
data/redteam/factory/edgetts/mandarin/edgetts_mandarin_zh-CN-YunyangNeural_SC-000022.noise.wav,spoof,RT-EDGETTS-MANDARIN,noise,redteam_factory/Edge-TTS,微软服务条款，仅研究评测用途,edgetts,mandarin,SC-000022,zh-CN-YunyangNeural,
data/redteam/factory/edgetts/mandarin/edgetts_mandarin_zh-CN-YunyangNeural_SC-000026.wav,spoof,RT-EDGETTS-MANDARIN,clean,redteam_factory/Edge-TTS,微软服务条款，仅研究评测用途,edgetts,mandarin,SC-000026,zh-CN-YunyangNeural,
data/redteam/factory/edgetts/mandarin/edgetts_mandarin_zh-CN-YunyangNeural_SC-000026.phone8k.wav,spoof,RT-EDGETTS-MANDARIN,phone8k,redteam_factory/Edge-TTS,微软服务条款，仅研究评测用途,edgetts,mandarin,SC-000026,zh-CN-YunyangNeural,
data/redteam/factory/edgetts/mandarin/edgetts_mandarin_zh-CN-YunyangNeural_SC-000026.mp3_16k.mp3,spoof,RT-EDGETTS-MANDARIN,mp3_16k,redteam_factory/Edge-TTS,微软服务条款，仅研究评测用途,edgetts,mandarin,SC-000026,zh-CN-YunyangNeural,
data/redteam/factory/edgetts/mandarin/edgetts_mandarin_zh-CN-YunyangNeural_SC-000026.amr.wav,spoof,RT-EDGETTS-MANDARIN,amr,redteam_factory/Edge-TTS,微软服务条款，仅研究评测用途,edgetts,mandarin,SC-000026,zh-CN-YunyangNeural,
data/redteam/factory/edgetts/mandarin/edgetts_mandarin_zh-CN-YunyangNeural_SC-000026.noise.wav,spoof,RT-EDGETTS-MANDARIN,noise,redteam_factory/Edge-TTS,微软服务条款，仅研究评测用途,edgetts,mandarin,SC-000026,zh-CN-YunyangNeural,
data/redteam/factory/edgetts/mandarin/edgetts_mandarin_zh-CN-YunyangNeural_SC-000027.wav,spoof,RT-EDGETTS-MANDARIN,clean,redteam_factory/Edge-TTS,微软服务条款，仅研究评测用途,edgetts,mandarin,SC-000027,zh-CN-YunyangNeural,
data/redteam/factory/edgetts/mandarin/edgetts_mandarin_zh-CN-YunyangNeural_SC-000027.phone8k.wav,spoof,RT-EDGETTS-MANDARIN,phone8k,redteam_factory/Edge-TTS,微软服务条款，仅研究评测用途,edgetts,mandarin,SC-000027,zh-CN-YunyangNeural,
data/redteam/factory/edgetts/mandarin/edgetts_mandarin_zh-CN-YunyangNeural_SC-000027.mp3_16k.mp3,spoof,RT-EDGETTS-MANDARIN,mp3_16k,redteam_factory/Edge-TTS,微软服务条款，仅研究评测用途,edgetts,mandarin,SC-000027,zh-CN-YunyangNeural,
data/redteam/factory/edgetts/mandarin/edgetts_mandarin_zh-CN-YunyangNeural_SC-000027.amr.wav,spoof,RT-EDGETTS-MANDARIN,amr,redteam_factory/Edge-TTS,微软服务条款，仅研究评测用途,edgetts,mandarin,SC-000027,zh-CN-YunyangNeural,
data/redteam/factory/edgetts/mandarin/edgetts_mandarin_zh-CN-YunyangNeural_SC-000027.noise.wav,spoof,RT-EDGETTS-MANDARIN,noise,redteam_factory/Edge-TTS,微软服务条款，仅研究评测用途,edgetts,mandarin,SC-000027,zh-CN-YunyangNeural,
data/redteam/factory/edgetts/mandarin/edgetts_mandarin_zh-CN-YunyangNeural_SC-000001.wav,spoof,RT-EDGETTS-MANDARIN,clean,redteam_factory/Edge-TTS,微软服务条款，仅研究评测用途,edgetts,mandarin,SC-000001,zh-CN-YunyangNeural,
data/redteam/factory/edgetts/mandarin/edgetts_mandarin_zh-CN-YunyangNeural_SC-000001.phone8k.wav,spoof,RT-EDGETTS-MANDARIN,phone8k,redteam_factory/Edge-TTS,微软服务条款，仅研究评测用途,edgetts,mandarin,SC-000001,zh-CN-YunyangNeural,
data/redteam/factory/edgetts/mandarin/edgetts_mandarin_zh-CN-YunyangNeural_SC-000001.mp3_16k.mp3,spoof,RT-EDGETTS-MANDARIN,mp3_16k,redteam_factory/Edge-TTS,微软服务条款，仅研究评测用途,edgetts,mandarin,SC-000001,zh-CN-YunyangNeural,
data/redteam/factory/edgetts/mandarin/edgetts_mandarin_zh-CN-YunyangNeural_SC-000001.amr.wav,spoof,RT-EDGETTS-MANDARIN,amr,redteam_factory/Edge-TTS,微软服务条款，仅研究评测用途,edgetts,mandarin,SC-000001,zh-CN-YunyangNeural,
data/redteam/factory/edgetts/mandarin/edgetts_mandarin_zh-CN-YunyangNeural_SC-000001.noise.wav,spoof,RT-EDGETTS-MANDARIN,noise,redteam_factory/Edge-TTS,微软服务条款，仅研究评测用途,edgetts,mandarin,SC-000001,zh-CN-YunyangNeural,
data/redteam/factory/edgetts/mandarin/edgetts_mandarin_zh-CN-YunyangNeural_SC-000002.wav,spoof,RT-EDGETTS-MANDARIN,clean,redteam_factory/Edge-TTS,微软服务条款，仅研究评测用途,edgetts,mandarin,SC-000002,zh-CN-YunyangNeural,
data/redteam/factory/edgetts/mandarin/edgetts_mandarin_zh-CN-YunyangNeural_SC-000002.phone8k.wav,spoof,RT-EDGETTS-MANDARIN,phone8k,redteam_factory/Edge-TTS,微软服务条款，仅研究评测用途,edgetts,mandarin,SC-000002,zh-CN-YunyangNeural,
data/redteam/factory/edgetts/mandarin/edgetts_mandarin_zh-CN-YunyangNeural_SC-000002.mp3_16k.mp3,spoof,RT-EDGETTS-MANDARIN,mp3_16k,redteam_factory/Edge-TTS,微软服务条款，仅研究评测用途,edgetts,mandarin,SC-000002,zh-CN-YunyangNeural,
data/redteam/factory/edgetts/mandarin/edgetts_mandarin_zh-CN-YunyangNeural_SC-000002.amr.wav,spoof,RT-EDGETTS-MANDARIN,amr,redteam_factory/Edge-TTS,微软服务条款，仅研究评测用途,edgetts,mandarin,SC-000002,zh-CN-YunyangNeural,
data/redteam/factory/edgetts/mandarin/edgetts_mandarin_zh-CN-YunyangNeural_SC-000002.noise.wav,spoof,RT-EDGETTS-MANDARIN,noise,redteam_factory/Edge-TTS,微软服务条款，仅研究评测用途,edgetts,mandarin,SC-000002,zh-CN-YunyangNeural,
data/redteam/factory/edgetts/mandarin/edgetts_mandarin_zh-CN-YunyangNeural_SC-000003.wav,spoof,RT-EDGETTS-MANDARIN,clean,redteam_factory/Edge-TTS,微软服务条款，仅研究评测用途,edgetts,mandarin,SC-000003,zh-CN-YunyangNeural,
data/redteam/factory/edgetts/mandarin/edgetts_mandarin_zh-CN-YunyangNeural_SC-000003.phone8k.wav,spoof,RT-EDGETTS-MANDARIN,phone8k,redteam_factory/Edge-TTS,微软服务条款，仅研究评测用途,edgetts,mandarin,SC-000003,zh-CN-YunyangNeural,
data/redteam/factory/edgetts/mandarin/edgetts_mandarin_zh-CN-YunyangNeural_SC-000003.mp3_16k.mp3,spoof,RT-EDGETTS-MANDARIN,mp3_16k,redteam_factory/Edge-TTS,微软服务条款，仅研究评测用途,edgetts,mandarin,SC-000003,zh-CN-YunyangNeural,
data/redteam/factory/edgetts/mandarin/edgetts_mandarin_zh-CN-YunyangNeural_SC-000003.amr.wav,spoof,RT-EDGETTS-MANDARIN,amr,redteam_factory/Edge-TTS,微软服务条款，仅研究评测用途,edgetts,mandarin,SC-000003,zh-CN-YunyangNeural,
data/redteam/factory/edgetts/mandarin/edgetts_mandarin_zh-CN-YunyangNeural_SC-000003.noise.wav,spoof,RT-EDGETTS-MANDARIN,noise,redteam_factory/Edge-TTS,微软服务条款，仅研究评测用途,edgetts,mandarin,SC-000003,zh-CN-YunyangNeural,
data/redteam/factory/edgetts/mandarin/edgetts_mandarin_zh-CN-YunyangNeural_SC-000004.wav,spoof,RT-EDGETTS-MANDARIN,clean,redteam_factory/Edge-TTS,微软服务条款，仅研究评测用途,edgetts,mandarin,SC-000004,zh-CN-YunyangNeural,
data/redteam/factory/edgetts/mandarin/edgetts_mandarin_zh-CN-YunyangNeural_SC-000004.phone8k.wav,spoof,RT-EDGETTS-MANDARIN,phone8k,redteam_factory/Edge-TTS,微软服务条款，仅研究评测用途,edgetts,mandarin,SC-000004,zh-CN-YunyangNeural,
data/redteam/factory/edgetts/mandarin/edgetts_mandarin_zh-CN-YunyangNeural_SC-000004.mp3_16k.mp3,spoof,RT-EDGETTS-MANDARIN,mp3_16k,redteam_factory/Edge-TTS,微软服务条款，仅研究评测用途,edgetts,mandarin,SC-000004,zh-CN-YunyangNeural,
data/redteam/factory/edgetts/mandarin/edgetts_mandarin_zh-CN-YunyangNeural_SC-000004.amr.wav,spoof,RT-EDGETTS-MANDARIN,amr,redteam_factory/Edge-TTS,微软服务条款，仅研究评测用途,edgetts,mandarin,SC-000004,zh-CN-YunyangNeural,
data/redteam/factory/edgetts/mandarin/edgetts_mandarin_zh-CN-YunyangNeural_SC-000004.noise.wav,spoof,RT-EDGETTS-MANDARIN,noise,redteam_factory/Edge-TTS,微软服务条款，仅研究评测用途,edgetts,mandarin,SC-000004,zh-CN-YunyangNeural,
data/redteam/factory/edgetts/mandarin/edgetts_mandarin_zh-CN-YunyangNeural_SC-000005.wav,spoof,RT-EDGETTS-MANDARIN,clean,redteam_factory/Edge-TTS,微软服务条款，仅研究评测用途,edgetts,mandarin,SC-000005,zh-CN-YunyangNeural,
data/redteam/factory/edgetts/mandarin/edgetts_mandarin_zh-CN-YunyangNeural_SC-000005.phone8k.wav,spoof,RT-EDGETTS-MANDARIN,phone8k,redteam_factory/Edge-TTS,微软服务条款，仅研究评测用途,edgetts,mandarin,SC-000005,zh-CN-YunyangNeural,
data/redteam/factory/edgetts/mandarin/edgetts_mandarin_zh-CN-YunyangNeural_SC-000005.mp3_16k.mp3,spoof,RT-EDGETTS-MANDARIN,mp3_16k,redteam_factory/Edge-TTS,微软服务条款，仅研究评测用途,edgetts,mandarin,SC-000005,zh-CN-YunyangNeural,
data/redteam/factory/edgetts/mandarin/edgetts_mandarin_zh-CN-YunyangNeural_SC-000005.amr.wav,spoof,RT-EDGETTS-MANDARIN,amr,redteam_factory/Edge-TTS,微软服务条款，仅研究评测用途,edgetts,mandarin,SC-000005,zh-CN-YunyangNeural,
data/redteam/factory/edgetts/mandarin/edgetts_mandarin_zh-CN-YunyangNeural_SC-000005.noise.wav,spoof,RT-EDGETTS-MANDARIN,noise,redteam_factory/Edge-TTS,微软服务条款，仅研究评测用途,edgetts,mandarin,SC-000005,zh-CN-YunyangNeural,
data/redteam/factory/edgetts/mandarin/edgetts_mandarin_zh-CN-YunyangNeural_SC-000006.wav,spoof,RT-EDGETTS-MANDARIN,clean,redteam_factory/Edge-TTS,微软服务条款，仅研究评测用途,edgetts,mandarin,SC-000006,zh-CN-YunyangNeural,
data/redteam/factory/edgetts/mandarin/edgetts_mandarin_zh-CN-YunyangNeural_SC-000006.phone8k.wav,spoof,RT-EDGETTS-MANDARIN,phone8k,redteam_factory/Edge-TTS,微软服务条款，仅研究评测用途,edgetts,mandarin,SC-000006,zh-CN-YunyangNeural,
data/redteam/factory/edgetts/mandarin/edgetts_mandarin_zh-CN-YunyangNeural_SC-000006.mp3_16k.mp3,spoof,RT-EDGETTS-MANDARIN,mp3_16k,redteam_factory/Edge-TTS,微软服务条款，仅研究评测用途,edgetts,mandarin,SC-000006,zh-CN-YunyangNeural,
data/redteam/factory/edgetts/mandarin/edgetts_mandarin_zh-CN-YunyangNeural_SC-000006.amr.wav,spoof,RT-EDGETTS-MANDARIN,amr,redteam_factory/Edge-TTS,微软服务条款，仅研究评测用途,edgetts,mandarin,SC-000006,zh-CN-YunyangNeural,
data/redteam/factory/edgetts/mandarin/edgetts_mandarin_zh-CN-YunyangNeural_SC-000006.noise.wav,spoof,RT-EDGETTS-MANDARIN,noise,redteam_factory/Edge-TTS,微软服务条款，仅研究评测用途,edgetts,mandarin,SC-000006,zh-CN-YunyangNeural,
data/redteam/factory/edgetts/mandarin/edgetts_mandarin_zh-CN-YunyangNeural_SC-000008.wav,spoof,RT-EDGETTS-MANDARIN,clean,redteam_factory/Edge-TTS,微软服务条款，仅研究评测用途,edgetts,mandarin,SC-000008,zh-CN-YunyangNeural,
data/redteam/factory/edgetts/mandarin/edgetts_mandarin_zh-CN-YunyangNeural_SC-000008.phone8k.wav,spoof,RT-EDGETTS-MANDARIN,phone8k,redteam_factory/Edge-TTS,微软服务条款，仅研究评测用途,edgetts,mandarin,SC-000008,zh-CN-YunyangNeural,
data/redteam/factory/edgetts/mandarin/edgetts_mandarin_zh-CN-YunyangNeural_SC-000008.mp3_16k.mp3,spoof,RT-EDGETTS-MANDARIN,mp3_16k,redteam_factory/Edge-TTS,微软服务条款，仅研究评测用途,edgetts,mandarin,SC-000008,zh-CN-YunyangNeural,
data/redteam/factory/edgetts/mandarin/edgetts_mandarin_zh-CN-YunyangNeural_SC-000008.amr.wav,spoof,RT-EDGETTS-MANDARIN,amr,redteam_factory/Edge-TTS,微软服务条款，仅研究评测用途,edgetts,mandarin,SC-000008,zh-CN-YunyangNeural,
data/redteam/factory/edgetts/mandarin/edgetts_mandarin_zh-CN-YunyangNeural_SC-000008.noise.wav,spoof,RT-EDGETTS-MANDARIN,noise,redteam_factory/Edge-TTS,微软服务条款，仅研究评测用途,edgetts,mandarin,SC-000008,zh-CN-YunyangNeural,
data/redteam/factory/edgetts/mandarin/edgetts_mandarin_zh-CN-YunyangNeural_SC-000009.wav,spoof,RT-EDGETTS-MANDARIN,clean,redteam_factory/Edge-TTS,微软服务条款，仅研究评测用途,edgetts,mandarin,SC-000009,zh-CN-YunyangNeural,
data/redteam/factory/edgetts/mandarin/edgetts_mandarin_zh-CN-YunyangNeural_SC-000009.phone8k.wav,spoof,RT-EDGETTS-MANDARIN,phone8k,redteam_factory/Edge-TTS,微软服务条款，仅研究评测用途,edgetts,mandarin,SC-000009,zh-CN-YunyangNeural,
data/redteam/factory/edgetts/mandarin/edgetts_mandarin_zh-CN-YunyangNeural_SC-000009.mp3_16k.mp3,spoof,RT-EDGETTS-MANDARIN,mp3_16k,redteam_factory/Edge-TTS,微软服务条款，仅研究评测用途,edgetts,mandarin,SC-000009,zh-CN-YunyangNeural,
data/redteam/factory/edgetts/mandarin/edgetts_mandarin_zh-CN-YunyangNeural_SC-000009.amr.wav,spoof,RT-EDGETTS-MANDARIN,amr,redteam_factory/Edge-TTS,微软服务条款，仅研究评测用途,edgetts,mandarin,SC-000009,zh-CN-YunyangNeural,
data/redteam/factory/edgetts/mandarin/edgetts_mandarin_zh-CN-YunyangNeural_SC-000009.noise.wav,spoof,RT-EDGETTS-MANDARIN,noise,redteam_factory/Edge-TTS,微软服务条款，仅研究评测用途,edgetts,mandarin,SC-000009,zh-CN-YunyangNeural,
data/redteam/factory/edgetts/mandarin/edgetts_mandarin_zh-CN-YunyangNeural_SC-000010.wav,spoof,RT-EDGETTS-MANDARIN,clean,redteam_factory/Edge-TTS,微软服务条款，仅研究评测用途,edgetts,mandarin,SC-000010,zh-CN-YunyangNeural,
data/redteam/factory/edgetts/mandarin/edgetts_mandarin_zh-CN-YunyangNeural_SC-000010.phone8k.wav,spoof,RT-EDGETTS-MANDARIN,phone8k,redteam_factory/Edge-TTS,微软服务条款，仅研究评测用途,edgetts,mandarin,SC-000010,zh-CN-YunyangNeural,
data/redteam/factory/edgetts/mandarin/edgetts_mandarin_zh-CN-YunyangNeural_SC-000010.mp3_16k.mp3,spoof,RT-EDGETTS-MANDARIN,mp3_16k,redteam_factory/Edge-TTS,微软服务条款，仅研究评测用途,edgetts,mandarin,SC-000010,zh-CN-YunyangNeural,
data/redteam/factory/edgetts/mandarin/edgetts_mandarin_zh-CN-YunyangNeural_SC-000010.amr.wav,spoof,RT-EDGETTS-MANDARIN,amr,redteam_factory/Edge-TTS,微软服务条款，仅研究评测用途,edgetts,mandarin,SC-000010,zh-CN-YunyangNeural,
data/redteam/factory/edgetts/mandarin/edgetts_mandarin_zh-CN-YunyangNeural_SC-000010.noise.wav,spoof,RT-EDGETTS-MANDARIN,noise,redteam_factory/Edge-TTS,微软服务条款，仅研究评测用途,edgetts,mandarin,SC-000010,zh-CN-YunyangNeural,
data/redteam/factory/edgetts/mandarin/edgetts_mandarin_zh-CN-YunyangNeural_SC-000013.wav,spoof,RT-EDGETTS-MANDARIN,clean,redteam_factory/Edge-TTS,微软服务条款，仅研究评测用途,edgetts,mandarin,SC-000013,zh-CN-YunyangNeural,
data/redteam/factory/edgetts/mandarin/edgetts_mandarin_zh-CN-YunyangNeural_SC-000013.phone8k.wav,spoof,RT-EDGETTS-MANDARIN,phone8k,redteam_factory/Edge-TTS,微软服务条款，仅研究评测用途,edgetts,mandarin,SC-000013,zh-CN-YunyangNeural,
data/redteam/factory/edgetts/mandarin/edgetts_mandarin_zh-CN-YunyangNeural_SC-000013.mp3_16k.mp3,spoof,RT-EDGETTS-MANDARIN,mp3_16k,redteam_factory/Edge-TTS,微软服务条款，仅研究评测用途,edgetts,mandarin,SC-000013,zh-CN-YunyangNeural,
data/redteam/factory/edgetts/mandarin/edgetts_mandarin_zh-CN-YunyangNeural_SC-000013.amr.wav,spoof,RT-EDGETTS-MANDARIN,amr,redteam_factory/Edge-TTS,微软服务条款，仅研究评测用途,edgetts,mandarin,SC-000013,zh-CN-YunyangNeural,
data/redteam/factory/edgetts/mandarin/edgetts_mandarin_zh-CN-YunyangNeural_SC-000013.noise.wav,spoof,RT-EDGETTS-MANDARIN,noise,redteam_factory/Edge-TTS,微软服务条款，仅研究评测用途,edgetts,mandarin,SC-000013,zh-CN-YunyangNeural,
data/redteam/factory/edgetts/mandarin/edgetts_mandarin_zh-CN-YunyangNeural_SC-000014.wav,spoof,RT-EDGETTS-MANDARIN,clean,redteam_factory/Edge-TTS,微软服务条款，仅研究评测用途,edgetts,mandarin,SC-000014,zh-CN-YunyangNeural,
data/redteam/factory/edgetts/mandarin/edgetts_mandarin_zh-CN-YunyangNeural_SC-000014.phone8k.wav,spoof,RT-EDGETTS-MANDARIN,phone8k,redteam_factory/Edge-TTS,微软服务条款，仅研究评测用途,edgetts,mandarin,SC-000014,zh-CN-YunyangNeural,
data/redteam/factory/edgetts/mandarin/edgetts_mandarin_zh-CN-YunyangNeural_SC-000014.mp3_16k.mp3,spoof,RT-EDGETTS-MANDARIN,mp3_16k,redteam_factory/Edge-TTS,微软服务条款，仅研究评测用途,edgetts,mandarin,SC-000014,zh-CN-YunyangNeural,
data/redteam/factory/edgetts/mandarin/edgetts_mandarin_zh-CN-YunyangNeural_SC-000014.amr.wav,spoof,RT-EDGETTS-MANDARIN,amr,redteam_factory/Edge-TTS,微软服务条款，仅研究评测用途,edgetts,mandarin,SC-000014,zh-CN-YunyangNeural,
data/redteam/factory/edgetts/mandarin/edgetts_mandarin_zh-CN-YunyangNeural_SC-000014.noise.wav,spoof,RT-EDGETTS-MANDARIN,noise,redteam_factory/Edge-TTS,微软服务条款，仅研究评测用途,edgetts,mandarin,SC-000014,zh-CN-YunyangNeural,
data/redteam/factory/edgetts/mandarin/edgetts_mandarin_zh-CN-YunyangNeural_SC-000015.wav,spoof,RT-EDGETTS-MANDARIN,clean,redteam_factory/Edge-TTS,微软服务条款，仅研究评测用途,edgetts,mandarin,SC-000015,zh-CN-YunyangNeural,
data/redteam/factory/edgetts/mandarin/edgetts_mandarin_zh-CN-YunyangNeural_SC-000015.phone8k.wav,spoof,RT-EDGETTS-MANDARIN,phone8k,redteam_factory/Edge-TTS,微软服务条款，仅研究评测用途,edgetts,mandarin,SC-000015,zh-CN-YunyangNeural,
data/redteam/factory/edgetts/mandarin/edgetts_mandarin_zh-CN-YunyangNeural_SC-000015.mp3_16k.mp3,spoof,RT-EDGETTS-MANDARIN,mp3_16k,redteam_factory/Edge-TTS,微软服务条款，仅研究评测用途,edgetts,mandarin,SC-000015,zh-CN-YunyangNeural,
data/redteam/factory/edgetts/mandarin/edgetts_mandarin_zh-CN-YunyangNeural_SC-000015.amr.wav,spoof,RT-EDGETTS-MANDARIN,amr,redteam_factory/Edge-TTS,微软服务条款，仅研究评测用途,edgetts,mandarin,SC-000015,zh-CN-YunyangNeural,
data/redteam/factory/edgetts/mandarin/edgetts_mandarin_zh-CN-YunyangNeural_SC-000015.noise.wav,spoof,RT-EDGETTS-MANDARIN,noise,redteam_factory/Edge-TTS,微软服务条款，仅研究评测用途,edgetts,mandarin,SC-000015,zh-CN-YunyangNeural,
data/redteam/factory/edgetts/mandarin/edgetts_mandarin_zh-CN-YunyangNeural_SC-000017.wav,spoof,RT-EDGETTS-MANDARIN,clean,redteam_factory/Edge-TTS,微软服务条款，仅研究评测用途,edgetts,mandarin,SC-000017,zh-CN-YunyangNeural,
data/redteam/factory/edgetts/mandarin/edgetts_mandarin_zh-CN-YunyangNeural_SC-000017.phone8k.wav,spoof,RT-EDGETTS-MANDARIN,phone8k,redteam_factory/Edge-TTS,微软服务条款，仅研究评测用途,edgetts,mandarin,SC-000017,zh-CN-YunyangNeural,
data/redteam/factory/edgetts/mandarin/edgetts_mandarin_zh-CN-YunyangNeural_SC-000017.mp3_16k.mp3,spoof,RT-EDGETTS-MANDARIN,mp3_16k,redteam_factory/Edge-TTS,微软服务条款，仅研究评测用途,edgetts,mandarin,SC-000017,zh-CN-YunyangNeural,
data/redteam/factory/edgetts/mandarin/edgetts_mandarin_zh-CN-YunyangNeural_SC-000017.amr.wav,spoof,RT-EDGETTS-MANDARIN,amr,redteam_factory/Edge-TTS,微软服务条款，仅研究评测用途,edgetts,mandarin,SC-000017,zh-CN-YunyangNeural,
data/redteam/factory/edgetts/mandarin/edgetts_mandarin_zh-CN-YunyangNeural_SC-000017.noise.wav,spoof,RT-EDGETTS-MANDARIN,noise,redteam_factory/Edge-TTS,微软服务条款，仅研究评测用途,edgetts,mandarin,SC-000017,zh-CN-YunyangNeural,
data/redteam/factory/edgetts/mandarin/edgetts_mandarin_zh-CN-YunyangNeural_SC-000018.wav,spoof,RT-EDGETTS-MANDARIN,clean,redteam_factory/Edge-TTS,微软服务条款，仅研究评测用途,edgetts,mandarin,SC-000018,zh-CN-YunyangNeural,
data/redteam/factory/edgetts/mandarin/edgetts_mandarin_zh-CN-YunyangNeural_SC-000018.phone8k.wav,spoof,RT-EDGETTS-MANDARIN,phone8k,redteam_factory/Edge-TTS,微软服务条款，仅研究评测用途,edgetts,mandarin,SC-000018,zh-CN-YunyangNeural,
data/redteam/factory/edgetts/mandarin/edgetts_mandarin_zh-CN-YunyangNeural_SC-000018.mp3_16k.mp3,spoof,RT-EDGETTS-MANDARIN,mp3_16k,redteam_factory/Edge-TTS,微软服务条款，仅研究评测用途,edgetts,mandarin,SC-000018,zh-CN-YunyangNeural,
data/redteam/factory/edgetts/mandarin/edgetts_mandarin_zh-CN-YunyangNeural_SC-000018.amr.wav,spoof,RT-EDGETTS-MANDARIN,amr,redteam_factory/Edge-TTS,微软服务条款，仅研究评测用途,edgetts,mandarin,SC-000018,zh-CN-YunyangNeural,
data/redteam/factory/edgetts/mandarin/edgetts_mandarin_zh-CN-YunyangNeural_SC-000018.noise.wav,spoof,RT-EDGETTS-MANDARIN,noise,redteam_factory/Edge-TTS,微软服务条款，仅研究评测用途,edgetts,mandarin,SC-000018,zh-CN-YunyangNeural,
data/redteam/factory/edgetts/mandarin/edgetts_mandarin_zh-CN-YunyangNeural_SC-000020.wav,spoof,RT-EDGETTS-MANDARIN,clean,redteam_factory/Edge-TTS,微软服务条款，仅研究评测用途,edgetts,mandarin,SC-000020,zh-CN-YunyangNeural,
data/redteam/factory/edgetts/mandarin/edgetts_mandarin_zh-CN-YunyangNeural_SC-000020.phone8k.wav,spoof,RT-EDGETTS-MANDARIN,phone8k,redteam_factory/Edge-TTS,微软服务条款，仅研究评测用途,edgetts,mandarin,SC-000020,zh-CN-YunyangNeural,
data/redteam/factory/edgetts/mandarin/edgetts_mandarin_zh-CN-YunyangNeural_SC-000020.mp3_16k.mp3,spoof,RT-EDGETTS-MANDARIN,mp3_16k,redteam_factory/Edge-TTS,微软服务条款，仅研究评测用途,edgetts,mandarin,SC-000020,zh-CN-YunyangNeural,
data/redteam/factory/edgetts/mandarin/edgetts_mandarin_zh-CN-YunyangNeural_SC-000020.amr.wav,spoof,RT-EDGETTS-MANDARIN,amr,redteam_factory/Edge-TTS,微软服务条款，仅研究评测用途,edgetts,mandarin,SC-000020,zh-CN-YunyangNeural,
data/redteam/factory/edgetts/mandarin/edgetts_mandarin_zh-CN-YunyangNeural_SC-000020.noise.wav,spoof,RT-EDGETTS-MANDARIN,noise,redteam_factory/Edge-TTS,微软服务条款，仅研究评测用途,edgetts,mandarin,SC-000020,zh-CN-YunyangNeural,
data/redteam/factory/edgetts/mandarin/edgetts_mandarin_zh-CN-YunyangNeural_SC-000021.wav,spoof,RT-EDGETTS-MANDARIN,clean,redteam_factory/Edge-TTS,微软服务条款，仅研究评测用途,edgetts,mandarin,SC-000021,zh-CN-YunyangNeural,
data/redteam/factory/edgetts/mandarin/edgetts_mandarin_zh-CN-YunyangNeural_SC-000021.phone8k.wav,spoof,RT-EDGETTS-MANDARIN,phone8k,redteam_factory/Edge-TTS,微软服务条款，仅研究评测用途,edgetts,mandarin,SC-000021,zh-CN-YunyangNeural,
data/redteam/factory/edgetts/mandarin/edgetts_mandarin_zh-CN-YunyangNeural_SC-000021.mp3_16k.mp3,spoof,RT-EDGETTS-MANDARIN,mp3_16k,redteam_factory/Edge-TTS,微软服务条款，仅研究评测用途,edgetts,mandarin,SC-000021,zh-CN-YunyangNeural,
data/redteam/factory/edgetts/mandarin/edgetts_mandarin_zh-CN-YunyangNeural_SC-000021.amr.wav,spoof,RT-EDGETTS-MANDARIN,amr,redteam_factory/Edge-TTS,微软服务条款，仅研究评测用途,edgetts,mandarin,SC-000021,zh-CN-YunyangNeural,
data/redteam/factory/edgetts/mandarin/edgetts_mandarin_zh-CN-YunyangNeural_SC-000021.noise.wav,spoof,RT-EDGETTS-MANDARIN,noise,redteam_factory/Edge-TTS,微软服务条款，仅研究评测用途,edgetts,mandarin,SC-000021,zh-CN-YunyangNeural,
data/redteam/factory/edgetts/mandarin/edgetts_mandarin_zh-CN-YunyangNeural_SC-000023.wav,spoof,RT-EDGETTS-MANDARIN,clean,redteam_factory/Edge-TTS,微软服务条款，仅研究评测用途,edgetts,mandarin,SC-000023,zh-CN-YunyangNeural,
data/redteam/factory/edgetts/mandarin/edgetts_mandarin_zh-CN-YunyangNeural_SC-000023.phone8k.wav,spoof,RT-EDGETTS-MANDARIN,phone8k,redteam_factory/Edge-TTS,微软服务条款，仅研究评测用途,edgetts,mandarin,SC-000023,zh-CN-YunyangNeural,
data/redteam/factory/edgetts/mandarin/edgetts_mandarin_zh-CN-YunyangNeural_SC-000023.mp3_16k.mp3,spoof,RT-EDGETTS-MANDARIN,mp3_16k,redteam_factory/Edge-TTS,微软服务条款，仅研究评测用途,edgetts,mandarin,SC-000023,zh-CN-YunyangNeural,
data/redteam/factory/edgetts/mandarin/edgetts_mandarin_zh-CN-YunyangNeural_SC-000023.amr.wav,spoof,RT-EDGETTS-MANDARIN,amr,redteam_factory/Edge-TTS,微软服务条款，仅研究评测用途,edgetts,mandarin,SC-000023,zh-CN-YunyangNeural,
data/redteam/factory/edgetts/mandarin/edgetts_mandarin_zh-CN-YunyangNeural_SC-000023.noise.wav,spoof,RT-EDGETTS-MANDARIN,noise,redteam_factory/Edge-TTS,微软服务条款，仅研究评测用途,edgetts,mandarin,SC-000023,zh-CN-YunyangNeural,
data/redteam/factory/edgetts/mandarin/edgetts_mandarin_zh-CN-YunyangNeural_SC-000024.wav,spoof,RT-EDGETTS-MANDARIN,clean,redteam_factory/Edge-TTS,微软服务条款，仅研究评测用途,edgetts,mandarin,SC-000024,zh-CN-YunyangNeural,
data/redteam/factory/edgetts/mandarin/edgetts_mandarin_zh-CN-YunyangNeural_SC-000024.phone8k.wav,spoof,RT-EDGETTS-MANDARIN,phone8k,redteam_factory/Edge-TTS,微软服务条款，仅研究评测用途,edgetts,mandarin,SC-000024,zh-CN-YunyangNeural,
data/redteam/factory/edgetts/mandarin/edgetts_mandarin_zh-CN-YunyangNeural_SC-000024.mp3_16k.mp3,spoof,RT-EDGETTS-MANDARIN,mp3_16k,redteam_factory/Edge-TTS,微软服务条款，仅研究评测用途,edgetts,mandarin,SC-000024,zh-CN-YunyangNeural,
data/redteam/factory/edgetts/mandarin/edgetts_mandarin_zh-CN-YunyangNeural_SC-000024.amr.wav,spoof,RT-EDGETTS-MANDARIN,amr,redteam_factory/Edge-TTS,微软服务条款，仅研究评测用途,edgetts,mandarin,SC-000024,zh-CN-YunyangNeural,
data/redteam/factory/edgetts/mandarin/edgetts_mandarin_zh-CN-YunyangNeural_SC-000024.noise.wav,spoof,RT-EDGETTS-MANDARIN,noise,redteam_factory/Edge-TTS,微软服务条款，仅研究评测用途,edgetts,mandarin,SC-000024,zh-CN-YunyangNeural,
data/redteam/factory/edgetts/mandarin/edgetts_mandarin_zh-CN-YunyangNeural_SC-000025.wav,spoof,RT-EDGETTS-MANDARIN,clean,redteam_factory/Edge-TTS,微软服务条款，仅研究评测用途,edgetts,mandarin,SC-000025,zh-CN-YunyangNeural,
data/redteam/factory/edgetts/mandarin/edgetts_mandarin_zh-CN-YunyangNeural_SC-000025.phone8k.wav,spoof,RT-EDGETTS-MANDARIN,phone8k,redteam_factory/Edge-TTS,微软服务条款，仅研究评测用途,edgetts,mandarin,SC-000025,zh-CN-YunyangNeural,
data/redteam/factory/edgetts/mandarin/edgetts_mandarin_zh-CN-YunyangNeural_SC-000025.mp3_16k.mp3,spoof,RT-EDGETTS-MANDARIN,mp3_16k,redteam_factory/Edge-TTS,微软服务条款，仅研究评测用途,edgetts,mandarin,SC-000025,zh-CN-YunyangNeural,
data/redteam/factory/edgetts/mandarin/edgetts_mandarin_zh-CN-YunyangNeural_SC-000025.amr.wav,spoof,RT-EDGETTS-MANDARIN,amr,redteam_factory/Edge-TTS,微软服务条款，仅研究评测用途,edgetts,mandarin,SC-000025,zh-CN-YunyangNeural,
data/redteam/factory/edgetts/mandarin/edgetts_mandarin_zh-CN-YunyangNeural_SC-000025.noise.wav,spoof,RT-EDGETTS-MANDARIN,noise,redteam_factory/Edge-TTS,微软服务条款，仅研究评测用途,edgetts,mandarin,SC-000025,zh-CN-YunyangNeural,
data/redteam/factory/edgetts/mandarin/edgetts_mandarin_zh-CN-YunyangNeural_SC-000028.wav,spoof,RT-EDGETTS-MANDARIN,clean,redteam_factory/Edge-TTS,微软服务条款，仅研究评测用途,edgetts,mandarin,SC-000028,zh-CN-YunyangNeural,
data/redteam/factory/edgetts/mandarin/edgetts_mandarin_zh-CN-YunyangNeural_SC-000028.phone8k.wav,spoof,RT-EDGETTS-MANDARIN,phone8k,redteam_factory/Edge-TTS,微软服务条款，仅研究评测用途,edgetts,mandarin,SC-000028,zh-CN-YunyangNeural,
data/redteam/factory/edgetts/mandarin/edgetts_mandarin_zh-CN-YunyangNeural_SC-000028.mp3_16k.mp3,spoof,RT-EDGETTS-MANDARIN,mp3_16k,redteam_factory/Edge-TTS,微软服务条款，仅研究评测用途,edgetts,mandarin,SC-000028,zh-CN-YunyangNeural,
data/redteam/factory/edgetts/mandarin/edgetts_mandarin_zh-CN-YunyangNeural_SC-000028.amr.wav,spoof,RT-EDGETTS-MANDARIN,amr,redteam_factory/Edge-TTS,微软服务条款，仅研究评测用途,edgetts,mandarin,SC-000028,zh-CN-YunyangNeural,
data/redteam/factory/edgetts/mandarin/edgetts_mandarin_zh-CN-YunyangNeural_SC-000028.noise.wav,spoof,RT-EDGETTS-MANDARIN,noise,redteam_factory/Edge-TTS,微软服务条款，仅研究评测用途,edgetts,mandarin,SC-000028,zh-CN-YunyangNeural,
data/redteam/factory/edgetts/mandarin/edgetts_mandarin_zh-CN-YunyangNeural_SC-000029.wav,spoof,RT-EDGETTS-MANDARIN,clean,redteam_factory/Edge-TTS,微软服务条款，仅研究评测用途,edgetts,mandarin,SC-000029,zh-CN-YunyangNeural,
data/redteam/factory/edgetts/mandarin/edgetts_mandarin_zh-CN-YunyangNeural_SC-000029.phone8k.wav,spoof,RT-EDGETTS-MANDARIN,phone8k,redteam_factory/Edge-TTS,微软服务条款，仅研究评测用途,edgetts,mandarin,SC-000029,zh-CN-YunyangNeural,
data/redteam/factory/edgetts/mandarin/edgetts_mandarin_zh-CN-YunyangNeural_SC-000029.mp3_16k.mp3,spoof,RT-EDGETTS-MANDARIN,mp3_16k,redteam_factory/Edge-TTS,微软服务条款，仅研究评测用途,edgetts,mandarin,SC-000029,zh-CN-YunyangNeural,
data/redteam/factory/edgetts/mandarin/edgetts_mandarin_zh-CN-YunyangNeural_SC-000029.amr.wav,spoof,RT-EDGETTS-MANDARIN,amr,redteam_factory/Edge-TTS,微软服务条款，仅研究评测用途,edgetts,mandarin,SC-000029,zh-CN-YunyangNeural,
data/redteam/factory/edgetts/mandarin/edgetts_mandarin_zh-CN-YunyangNeural_SC-000029.noise.wav,spoof,RT-EDGETTS-MANDARIN,noise,redteam_factory/Edge-TTS,微软服务条款，仅研究评测用途,edgetts,mandarin,SC-000029,zh-CN-YunyangNeural,
data/redteam/factory/edgetts/minnan/edgetts_minnan_zh-TW-HsiaoChenNeural_SC-000001.wav,spoof,RT-EDGETTS-MINNAN,clean,redteam_factory/Edge-TTS,微软服务条款，仅研究评测用途,edgetts,minnan,SC-000001,zh-TW-HsiaoChenNeural,
data/redteam/factory/edgetts/minnan/edgetts_minnan_zh-TW-HsiaoChenNeural_SC-000001.phone8k.wav,spoof,RT-EDGETTS-MINNAN,phone8k,redteam_factory/Edge-TTS,微软服务条款，仅研究评测用途,edgetts,minnan,SC-000001,zh-TW-HsiaoChenNeural,
data/redteam/factory/edgetts/minnan/edgetts_minnan_zh-TW-HsiaoChenNeural_SC-000001.mp3_16k.mp3,spoof,RT-EDGETTS-MINNAN,mp3_16k,redteam_factory/Edge-TTS,微软服务条款，仅研究评测用途,edgetts,minnan,SC-000001,zh-TW-HsiaoChenNeural,
data/redteam/factory/edgetts/minnan/edgetts_minnan_zh-TW-HsiaoChenNeural_SC-000001.amr.wav,spoof,RT-EDGETTS-MINNAN,amr,redteam_factory/Edge-TTS,微软服务条款，仅研究评测用途,edgetts,minnan,SC-000001,zh-TW-HsiaoChenNeural,
data/redteam/factory/edgetts/minnan/edgetts_minnan_zh-TW-HsiaoChenNeural_SC-000001.noise.wav,spoof,RT-EDGETTS-MINNAN,noise,redteam_factory/Edge-TTS,微软服务条款，仅研究评测用途,edgetts,minnan,SC-000001,zh-TW-HsiaoChenNeural,
data/redteam/factory/edgetts/minnan/edgetts_minnan_zh-TW-HsiaoChenNeural_SC-000003.wav,spoof,RT-EDGETTS-MINNAN,clean,redteam_factory/Edge-TTS,微软服务条款，仅研究评测用途,edgetts,minnan,SC-000003,zh-TW-HsiaoChenNeural,
data/redteam/factory/edgetts/minnan/edgetts_minnan_zh-TW-HsiaoChenNeural_SC-000003.phone8k.wav,spoof,RT-EDGETTS-MINNAN,phone8k,redteam_factory/Edge-TTS,微软服务条款，仅研究评测用途,edgetts,minnan,SC-000003,zh-TW-HsiaoChenNeural,
data/redteam/factory/edgetts/minnan/edgetts_minnan_zh-TW-HsiaoChenNeural_SC-000003.mp3_16k.mp3,spoof,RT-EDGETTS-MINNAN,mp3_16k,redteam_factory/Edge-TTS,微软服务条款，仅研究评测用途,edgetts,minnan,SC-000003,zh-TW-HsiaoChenNeural,
data/redteam/factory/edgetts/minnan/edgetts_minnan_zh-TW-HsiaoChenNeural_SC-000003.amr.wav,spoof,RT-EDGETTS-MINNAN,amr,redteam_factory/Edge-TTS,微软服务条款，仅研究评测用途,edgetts,minnan,SC-000003,zh-TW-HsiaoChenNeural,
data/redteam/factory/edgetts/minnan/edgetts_minnan_zh-TW-HsiaoChenNeural_SC-000003.noise.wav,spoof,RT-EDGETTS-MINNAN,noise,redteam_factory/Edge-TTS,微软服务条款，仅研究评测用途,edgetts,minnan,SC-000003,zh-TW-HsiaoChenNeural,
data/redteam/factory/edgetts/minnan/edgetts_minnan_zh-TW-HsiaoChenNeural_SC-000004.wav,spoof,RT-EDGETTS-MINNAN,clean,redteam_factory/Edge-TTS,微软服务条款，仅研究评测用途,edgetts,minnan,SC-000004,zh-TW-HsiaoChenNeural,
data/redteam/factory/edgetts/minnan/edgetts_minnan_zh-TW-HsiaoChenNeural_SC-000004.phone8k.wav,spoof,RT-EDGETTS-MINNAN,phone8k,redteam_factory/Edge-TTS,微软服务条款，仅研究评测用途,edgetts,minnan,SC-000004,zh-TW-HsiaoChenNeural,
data/redteam/factory/edgetts/minnan/edgetts_minnan_zh-TW-HsiaoChenNeural_SC-000004.mp3_16k.mp3,spoof,RT-EDGETTS-MINNAN,mp3_16k,redteam_factory/Edge-TTS,微软服务条款，仅研究评测用途,edgetts,minnan,SC-000004,zh-TW-HsiaoChenNeural,
data/redteam/factory/edgetts/minnan/edgetts_minnan_zh-TW-HsiaoChenNeural_SC-000004.amr.wav,spoof,RT-EDGETTS-MINNAN,amr,redteam_factory/Edge-TTS,微软服务条款，仅研究评测用途,edgetts,minnan,SC-000004,zh-TW-HsiaoChenNeural,
data/redteam/factory/edgetts/minnan/edgetts_minnan_zh-TW-HsiaoChenNeural_SC-000004.noise.wav,spoof,RT-EDGETTS-MINNAN,noise,redteam_factory/Edge-TTS,微软服务条款，仅研究评测用途,edgetts,minnan,SC-000004,zh-TW-HsiaoChenNeural,
data/redteam/factory/edgetts/minnan/edgetts_minnan_zh-TW-HsiaoChenNeural_SC-000006.wav,spoof,RT-EDGETTS-MINNAN,clean,redteam_factory/Edge-TTS,微软服务条款，仅研究评测用途,edgetts,minnan,SC-000006,zh-TW-HsiaoChenNeural,
data/redteam/factory/edgetts/minnan/edgetts_minnan_zh-TW-HsiaoChenNeural_SC-000006.phone8k.wav,spoof,RT-EDGETTS-MINNAN,phone8k,redteam_factory/Edge-TTS,微软服务条款，仅研究评测用途,edgetts,minnan,SC-000006,zh-TW-HsiaoChenNeural,
data/redteam/factory/edgetts/minnan/edgetts_minnan_zh-TW-HsiaoChenNeural_SC-000006.mp3_16k.mp3,spoof,RT-EDGETTS-MINNAN,mp3_16k,redteam_factory/Edge-TTS,微软服务条款，仅研究评测用途,edgetts,minnan,SC-000006,zh-TW-HsiaoChenNeural,
data/redteam/factory/edgetts/minnan/edgetts_minnan_zh-TW-HsiaoChenNeural_SC-000006.amr.wav,spoof,RT-EDGETTS-MINNAN,amr,redteam_factory/Edge-TTS,微软服务条款，仅研究评测用途,edgetts,minnan,SC-000006,zh-TW-HsiaoChenNeural,
data/redteam/factory/edgetts/minnan/edgetts_minnan_zh-TW-HsiaoChenNeural_SC-000006.noise.wav,spoof,RT-EDGETTS-MINNAN,noise,redteam_factory/Edge-TTS,微软服务条款，仅研究评测用途,edgetts,minnan,SC-000006,zh-TW-HsiaoChenNeural,
data/redteam/factory/edgetts/minnan/edgetts_minnan_zh-TW-HsiaoChenNeural_SC-000020.wav,spoof,RT-EDGETTS-MINNAN,clean,redteam_factory/Edge-TTS,微软服务条款，仅研究评测用途,edgetts,minnan,SC-000020,zh-TW-HsiaoChenNeural,
data/redteam/factory/edgetts/minnan/edgetts_minnan_zh-TW-HsiaoChenNeural_SC-000020.phone8k.wav,spoof,RT-EDGETTS-MINNAN,phone8k,redteam_factory/Edge-TTS,微软服务条款，仅研究评测用途,edgetts,minnan,SC-000020,zh-TW-HsiaoChenNeural,
data/redteam/factory/edgetts/minnan/edgetts_minnan_zh-TW-HsiaoChenNeural_SC-000020.mp3_16k.mp3,spoof,RT-EDGETTS-MINNAN,mp3_16k,redteam_factory/Edge-TTS,微软服务条款，仅研究评测用途,edgetts,minnan,SC-000020,zh-TW-HsiaoChenNeural,
data/redteam/factory/edgetts/minnan/edgetts_minnan_zh-TW-HsiaoChenNeural_SC-000020.amr.wav,spoof,RT-EDGETTS-MINNAN,amr,redteam_factory/Edge-TTS,微软服务条款，仅研究评测用途,edgetts,minnan,SC-000020,zh-TW-HsiaoChenNeural,
data/redteam/factory/edgetts/minnan/edgetts_minnan_zh-TW-HsiaoChenNeural_SC-000020.noise.wav,spoof,RT-EDGETTS-MINNAN,noise,redteam_factory/Edge-TTS,微软服务条款，仅研究评测用途,edgetts,minnan,SC-000020,zh-TW-HsiaoChenNeural,
data/redteam/factory/edgetts/minnan/edgetts_minnan_zh-TW-HsiaoChenNeural_SC-000023.wav,spoof,RT-EDGETTS-MINNAN,clean,redteam_factory/Edge-TTS,微软服务条款，仅研究评测用途,edgetts,minnan,SC-000023,zh-TW-HsiaoChenNeural,
data/redteam/factory/edgetts/minnan/edgetts_minnan_zh-TW-HsiaoChenNeural_SC-000023.phone8k.wav,spoof,RT-EDGETTS-MINNAN,phone8k,redteam_factory/Edge-TTS,微软服务条款，仅研究评测用途,edgetts,minnan,SC-000023,zh-TW-HsiaoChenNeural,
data/redteam/factory/edgetts/minnan/edgetts_minnan_zh-TW-HsiaoChenNeural_SC-000023.mp3_16k.mp3,spoof,RT-EDGETTS-MINNAN,mp3_16k,redteam_factory/Edge-TTS,微软服务条款，仅研究评测用途,edgetts,minnan,SC-000023,zh-TW-HsiaoChenNeural,
data/redteam/factory/edgetts/minnan/edgetts_minnan_zh-TW-HsiaoChenNeural_SC-000023.amr.wav,spoof,RT-EDGETTS-MINNAN,amr,redteam_factory/Edge-TTS,微软服务条款，仅研究评测用途,edgetts,minnan,SC-000023,zh-TW-HsiaoChenNeural,
data/redteam/factory/edgetts/minnan/edgetts_minnan_zh-TW-HsiaoChenNeural_SC-000023.noise.wav,spoof,RT-EDGETTS-MINNAN,noise,redteam_factory/Edge-TTS,微软服务条款，仅研究评测用途,edgetts,minnan,SC-000023,zh-TW-HsiaoChenNeural,
data/redteam/factory/edgetts/minnan/edgetts_minnan_zh-TW-HsiaoChenNeural_SC-000002.wav,spoof,RT-EDGETTS-MINNAN,clean,redteam_factory/Edge-TTS,微软服务条款，仅研究评测用途,edgetts,minnan,SC-000002,zh-TW-HsiaoChenNeural,
data/redteam/factory/edgetts/minnan/edgetts_minnan_zh-TW-HsiaoChenNeural_SC-000002.phone8k.wav,spoof,RT-EDGETTS-MINNAN,phone8k,redteam_factory/Edge-TTS,微软服务条款，仅研究评测用途,edgetts,minnan,SC-000002,zh-TW-HsiaoChenNeural,
data/redteam/factory/edgetts/minnan/edgetts_minnan_zh-TW-HsiaoChenNeural_SC-000002.mp3_16k.mp3,spoof,RT-EDGETTS-MINNAN,mp3_16k,redteam_factory/Edge-TTS,微软服务条款，仅研究评测用途,edgetts,minnan,SC-000002,zh-TW-HsiaoChenNeural,
data/redteam/factory/edgetts/minnan/edgetts_minnan_zh-TW-HsiaoChenNeural_SC-000002.amr.wav,spoof,RT-EDGETTS-MINNAN,amr,redteam_factory/Edge-TTS,微软服务条款，仅研究评测用途,edgetts,minnan,SC-000002,zh-TW-HsiaoChenNeural,
data/redteam/factory/edgetts/minnan/edgetts_minnan_zh-TW-HsiaoChenNeural_SC-000002.noise.wav,spoof,RT-EDGETTS-MINNAN,noise,redteam_factory/Edge-TTS,微软服务条款，仅研究评测用途,edgetts,minnan,SC-000002,zh-TW-HsiaoChenNeural,
data/redteam/factory/edgetts/minnan/edgetts_minnan_zh-TW-HsiaoChenNeural_SC-000005.wav,spoof,RT-EDGETTS-MINNAN,clean,redteam_factory/Edge-TTS,微软服务条款，仅研究评测用途,edgetts,minnan,SC-000005,zh-TW-HsiaoChenNeural,
data/redteam/factory/edgetts/minnan/edgetts_minnan_zh-TW-HsiaoChenNeural_SC-000005.phone8k.wav,spoof,RT-EDGETTS-MINNAN,phone8k,redteam_factory/Edge-TTS,微软服务条款，仅研究评测用途,edgetts,minnan,SC-000005,zh-TW-HsiaoChenNeural,
data/redteam/factory/edgetts/minnan/edgetts_minnan_zh-TW-HsiaoChenNeural_SC-000005.mp3_16k.mp3,spoof,RT-EDGETTS-MINNAN,mp3_16k,redteam_factory/Edge-TTS,微软服务条款，仅研究评测用途,edgetts,minnan,SC-000005,zh-TW-HsiaoChenNeural,
data/redteam/factory/edgetts/minnan/edgetts_minnan_zh-TW-HsiaoChenNeural_SC-000005.amr.wav,spoof,RT-EDGETTS-MINNAN,amr,redteam_factory/Edge-TTS,微软服务条款，仅研究评测用途,edgetts,minnan,SC-000005,zh-TW-HsiaoChenNeural,
data/redteam/factory/edgetts/minnan/edgetts_minnan_zh-TW-HsiaoChenNeural_SC-000005.noise.wav,spoof,RT-EDGETTS-MINNAN,noise,redteam_factory/Edge-TTS,微软服务条款，仅研究评测用途,edgetts,minnan,SC-000005,zh-TW-HsiaoChenNeural,
data/redteam/factory/edgetts/minnan/edgetts_minnan_zh-TW-HsiaoChenNeural_SC-000007.wav,spoof,RT-EDGETTS-MINNAN,clean,redteam_factory/Edge-TTS,微软服务条款，仅研究评测用途,edgetts,minnan,SC-000007,zh-TW-HsiaoChenNeural,
data/redteam/factory/edgetts/minnan/edgetts_minnan_zh-TW-HsiaoChenNeural_SC-000007.phone8k.wav,spoof,RT-EDGETTS-MINNAN,phone8k,redteam_factory/Edge-TTS,微软服务条款，仅研究评测用途,edgetts,minnan,SC-000007,zh-TW-HsiaoChenNeural,
data/redteam/factory/edgetts/minnan/edgetts_minnan_zh-TW-HsiaoChenNeural_SC-000007.mp3_16k.mp3,spoof,RT-EDGETTS-MINNAN,mp3_16k,redteam_factory/Edge-TTS,微软服务条款，仅研究评测用途,edgetts,minnan,SC-000007,zh-TW-HsiaoChenNeural,
data/redteam/factory/edgetts/minnan/edgetts_minnan_zh-TW-HsiaoChenNeural_SC-000007.amr.wav,spoof,RT-EDGETTS-MINNAN,amr,redteam_factory/Edge-TTS,微软服务条款，仅研究评测用途,edgetts,minnan,SC-000007,zh-TW-HsiaoChenNeural,
data/redteam/factory/edgetts/minnan/edgetts_minnan_zh-TW-HsiaoChenNeural_SC-000007.noise.wav,spoof,RT-EDGETTS-MINNAN,noise,redteam_factory/Edge-TTS,微软服务条款，仅研究评测用途,edgetts,minnan,SC-000007,zh-TW-HsiaoChenNeural,
data/redteam/factory/edgetts/minnan/edgetts_minnan_zh-TW-HsiaoChenNeural_SC-000008.wav,spoof,RT-EDGETTS-MINNAN,clean,redteam_factory/Edge-TTS,微软服务条款，仅研究评测用途,edgetts,minnan,SC-000008,zh-TW-HsiaoChenNeural,
data/redteam/factory/edgetts/minnan/edgetts_minnan_zh-TW-HsiaoChenNeural_SC-000008.phone8k.wav,spoof,RT-EDGETTS-MINNAN,phone8k,redteam_factory/Edge-TTS,微软服务条款，仅研究评测用途,edgetts,minnan,SC-000008,zh-TW-HsiaoChenNeural,
data/redteam/factory/edgetts/minnan/edgetts_minnan_zh-TW-HsiaoChenNeural_SC-000008.mp3_16k.mp3,spoof,RT-EDGETTS-MINNAN,mp3_16k,redteam_factory/Edge-TTS,微软服务条款，仅研究评测用途,edgetts,minnan,SC-000008,zh-TW-HsiaoChenNeural,
data/redteam/factory/edgetts/minnan/edgetts_minnan_zh-TW-HsiaoChenNeural_SC-000008.amr.wav,spoof,RT-EDGETTS-MINNAN,amr,redteam_factory/Edge-TTS,微软服务条款，仅研究评测用途,edgetts,minnan,SC-000008,zh-TW-HsiaoChenNeural,
data/redteam/factory/edgetts/minnan/edgetts_minnan_zh-TW-HsiaoChenNeural_SC-000008.noise.wav,spoof,RT-EDGETTS-MINNAN,noise,redteam_factory/Edge-TTS,微软服务条款，仅研究评测用途,edgetts,minnan,SC-000008,zh-TW-HsiaoChenNeural,
data/redteam/factory/edgetts/minnan/edgetts_minnan_zh-TW-HsiaoChenNeural_SC-000009.wav,spoof,RT-EDGETTS-MINNAN,clean,redteam_factory/Edge-TTS,微软服务条款，仅研究评测用途,edgetts,minnan,SC-000009,zh-TW-HsiaoChenNeural,
data/redteam/factory/edgetts/minnan/edgetts_minnan_zh-TW-HsiaoChenNeural_SC-000009.phone8k.wav,spoof,RT-EDGETTS-MINNAN,phone8k,redteam_factory/Edge-TTS,微软服务条款，仅研究评测用途,edgetts,minnan,SC-000009,zh-TW-HsiaoChenNeural,
data/redteam/factory/edgetts/minnan/edgetts_minnan_zh-TW-HsiaoChenNeural_SC-000009.mp3_16k.mp3,spoof,RT-EDGETTS-MINNAN,mp3_16k,redteam_factory/Edge-TTS,微软服务条款，仅研究评测用途,edgetts,minnan,SC-000009,zh-TW-HsiaoChenNeural,
data/redteam/factory/edgetts/minnan/edgetts_minnan_zh-TW-HsiaoChenNeural_SC-000009.amr.wav,spoof,RT-EDGETTS-MINNAN,amr,redteam_factory/Edge-TTS,微软服务条款，仅研究评测用途,edgetts,minnan,SC-000009,zh-TW-HsiaoChenNeural,
data/redteam/factory/edgetts/minnan/edgetts_minnan_zh-TW-HsiaoChenNeural_SC-000009.noise.wav,spoof,RT-EDGETTS-MINNAN,noise,redteam_factory/Edge-TTS,微软服务条款，仅研究评测用途,edgetts,minnan,SC-000009,zh-TW-HsiaoChenNeural,
data/redteam/factory/edgetts/minnan/edgetts_minnan_zh-TW-HsiaoChenNeural_SC-000010.wav,spoof,RT-EDGETTS-MINNAN,clean,redteam_factory/Edge-TTS,微软服务条款，仅研究评测用途,edgetts,minnan,SC-000010,zh-TW-HsiaoChenNeural,
data/redteam/factory/edgetts/minnan/edgetts_minnan_zh-TW-HsiaoChenNeural_SC-000010.phone8k.wav,spoof,RT-EDGETTS-MINNAN,phone8k,redteam_factory/Edge-TTS,微软服务条款，仅研究评测用途,edgetts,minnan,SC-000010,zh-TW-HsiaoChenNeural,
data/redteam/factory/edgetts/minnan/edgetts_minnan_zh-TW-HsiaoChenNeural_SC-000010.mp3_16k.mp3,spoof,RT-EDGETTS-MINNAN,mp3_16k,redteam_factory/Edge-TTS,微软服务条款，仅研究评测用途,edgetts,minnan,SC-000010,zh-TW-HsiaoChenNeural,
data/redteam/factory/edgetts/minnan/edgetts_minnan_zh-TW-HsiaoChenNeural_SC-000010.amr.wav,spoof,RT-EDGETTS-MINNAN,amr,redteam_factory/Edge-TTS,微软服务条款，仅研究评测用途,edgetts,minnan,SC-000010,zh-TW-HsiaoChenNeural,
data/redteam/factory/edgetts/minnan/edgetts_minnan_zh-TW-HsiaoChenNeural_SC-000010.noise.wav,spoof,RT-EDGETTS-MINNAN,noise,redteam_factory/Edge-TTS,微软服务条款，仅研究评测用途,edgetts,minnan,SC-000010,zh-TW-HsiaoChenNeural,
data/redteam/factory/edgetts/minnan/edgetts_minnan_zh-TW-HsiaoChenNeural_SC-000011.wav,spoof,RT-EDGETTS-MINNAN,clean,redteam_factory/Edge-TTS,微软服务条款，仅研究评测用途,edgetts,minnan,SC-000011,zh-TW-HsiaoChenNeural,
data/redteam/factory/edgetts/minnan/edgetts_minnan_zh-TW-HsiaoChenNeural_SC-000011.phone8k.wav,spoof,RT-EDGETTS-MINNAN,phone8k,redteam_factory/Edge-TTS,微软服务条款，仅研究评测用途,edgetts,minnan,SC-000011,zh-TW-HsiaoChenNeural,
data/redteam/factory/edgetts/minnan/edgetts_minnan_zh-TW-HsiaoChenNeural_SC-000011.mp3_16k.mp3,spoof,RT-EDGETTS-MINNAN,mp3_16k,redteam_factory/Edge-TTS,微软服务条款，仅研究评测用途,edgetts,minnan,SC-000011,zh-TW-HsiaoChenNeural,
data/redteam/factory/edgetts/minnan/edgetts_minnan_zh-TW-HsiaoChenNeural_SC-000011.amr.wav,spoof,RT-EDGETTS-MINNAN,amr,redteam_factory/Edge-TTS,微软服务条款，仅研究评测用途,edgetts,minnan,SC-000011,zh-TW-HsiaoChenNeural,
data/redteam/factory/edgetts/minnan/edgetts_minnan_zh-TW-HsiaoChenNeural_SC-000011.noise.wav,spoof,RT-EDGETTS-MINNAN,noise,redteam_factory/Edge-TTS,微软服务条款，仅研究评测用途,edgetts,minnan,SC-000011,zh-TW-HsiaoChenNeural,
data/redteam/factory/edgetts/minnan/edgetts_minnan_zh-TW-HsiaoChenNeural_SC-000012.wav,spoof,RT-EDGETTS-MINNAN,clean,redteam_factory/Edge-TTS,微软服务条款，仅研究评测用途,edgetts,minnan,SC-000012,zh-TW-HsiaoChenNeural,
data/redteam/factory/edgetts/minnan/edgetts_minnan_zh-TW-HsiaoChenNeural_SC-000012.phone8k.wav,spoof,RT-EDGETTS-MINNAN,phone8k,redteam_factory/Edge-TTS,微软服务条款，仅研究评测用途,edgetts,minnan,SC-000012,zh-TW-HsiaoChenNeural,
data/redteam/factory/edgetts/minnan/edgetts_minnan_zh-TW-HsiaoChenNeural_SC-000012.mp3_16k.mp3,spoof,RT-EDGETTS-MINNAN,mp3_16k,redteam_factory/Edge-TTS,微软服务条款，仅研究评测用途,edgetts,minnan,SC-000012,zh-TW-HsiaoChenNeural,
data/redteam/factory/edgetts/minnan/edgetts_minnan_zh-TW-HsiaoChenNeural_SC-000012.amr.wav,spoof,RT-EDGETTS-MINNAN,amr,redteam_factory/Edge-TTS,微软服务条款，仅研究评测用途,edgetts,minnan,SC-000012,zh-TW-HsiaoChenNeural,
data/redteam/factory/edgetts/minnan/edgetts_minnan_zh-TW-HsiaoChenNeural_SC-000012.noise.wav,spoof,RT-EDGETTS-MINNAN,noise,redteam_factory/Edge-TTS,微软服务条款，仅研究评测用途,edgetts,minnan,SC-000012,zh-TW-HsiaoChenNeural,
data/redteam/factory/edgetts/minnan/edgetts_minnan_zh-TW-HsiaoChenNeural_SC-000013.wav,spoof,RT-EDGETTS-MINNAN,clean,redteam_factory/Edge-TTS,微软服务条款，仅研究评测用途,edgetts,minnan,SC-000013,zh-TW-HsiaoChenNeural,
data/redteam/factory/edgetts/minnan/edgetts_minnan_zh-TW-HsiaoChenNeural_SC-000013.phone8k.wav,spoof,RT-EDGETTS-MINNAN,phone8k,redteam_factory/Edge-TTS,微软服务条款，仅研究评测用途,edgetts,minnan,SC-000013,zh-TW-HsiaoChenNeural,
data/redteam/factory/edgetts/minnan/edgetts_minnan_zh-TW-HsiaoChenNeural_SC-000013.mp3_16k.mp3,spoof,RT-EDGETTS-MINNAN,mp3_16k,redteam_factory/Edge-TTS,微软服务条款，仅研究评测用途,edgetts,minnan,SC-000013,zh-TW-HsiaoChenNeural,
data/redteam/factory/edgetts/minnan/edgetts_minnan_zh-TW-HsiaoChenNeural_SC-000013.amr.wav,spoof,RT-EDGETTS-MINNAN,amr,redteam_factory/Edge-TTS,微软服务条款，仅研究评测用途,edgetts,minnan,SC-000013,zh-TW-HsiaoChenNeural,
data/redteam/factory/edgetts/minnan/edgetts_minnan_zh-TW-HsiaoChenNeural_SC-000013.noise.wav,spoof,RT-EDGETTS-MINNAN,noise,redteam_factory/Edge-TTS,微软服务条款，仅研究评测用途,edgetts,minnan,SC-000013,zh-TW-HsiaoChenNeural,
data/redteam/factory/edgetts/minnan/edgetts_minnan_zh-TW-HsiaoChenNeural_SC-000014.wav,spoof,RT-EDGETTS-MINNAN,clean,redteam_factory/Edge-TTS,微软服务条款，仅研究评测用途,edgetts,minnan,SC-000014,zh-TW-HsiaoChenNeural,
data/redteam/factory/edgetts/minnan/edgetts_minnan_zh-TW-HsiaoChenNeural_SC-000014.phone8k.wav,spoof,RT-EDGETTS-MINNAN,phone8k,redteam_factory/Edge-TTS,微软服务条款，仅研究评测用途,edgetts,minnan,SC-000014,zh-TW-HsiaoChenNeural,
data/redteam/factory/edgetts/minnan/edgetts_minnan_zh-TW-HsiaoChenNeural_SC-000014.mp3_16k.mp3,spoof,RT-EDGETTS-MINNAN,mp3_16k,redteam_factory/Edge-TTS,微软服务条款，仅研究评测用途,edgetts,minnan,SC-000014,zh-TW-HsiaoChenNeural,
data/redteam/factory/edgetts/minnan/edgetts_minnan_zh-TW-HsiaoChenNeural_SC-000014.amr.wav,spoof,RT-EDGETTS-MINNAN,amr,redteam_factory/Edge-TTS,微软服务条款，仅研究评测用途,edgetts,minnan,SC-000014,zh-TW-HsiaoChenNeural,
data/redteam/factory/edgetts/minnan/edgetts_minnan_zh-TW-HsiaoChenNeural_SC-000014.noise.wav,spoof,RT-EDGETTS-MINNAN,noise,redteam_factory/Edge-TTS,微软服务条款，仅研究评测用途,edgetts,minnan,SC-000014,zh-TW-HsiaoChenNeural,
data/redteam/factory/edgetts/minnan/edgetts_minnan_zh-TW-HsiaoChenNeural_SC-000015.wav,spoof,RT-EDGETTS-MINNAN,clean,redteam_factory/Edge-TTS,微软服务条款，仅研究评测用途,edgetts,minnan,SC-000015,zh-TW-HsiaoChenNeural,
data/redteam/factory/edgetts/minnan/edgetts_minnan_zh-TW-HsiaoChenNeural_SC-000015.phone8k.wav,spoof,RT-EDGETTS-MINNAN,phone8k,redteam_factory/Edge-TTS,微软服务条款，仅研究评测用途,edgetts,minnan,SC-000015,zh-TW-HsiaoChenNeural,
data/redteam/factory/edgetts/minnan/edgetts_minnan_zh-TW-HsiaoChenNeural_SC-000015.mp3_16k.mp3,spoof,RT-EDGETTS-MINNAN,mp3_16k,redteam_factory/Edge-TTS,微软服务条款，仅研究评测用途,edgetts,minnan,SC-000015,zh-TW-HsiaoChenNeural,
data/redteam/factory/edgetts/minnan/edgetts_minnan_zh-TW-HsiaoChenNeural_SC-000015.amr.wav,spoof,RT-EDGETTS-MINNAN,amr,redteam_factory/Edge-TTS,微软服务条款，仅研究评测用途,edgetts,minnan,SC-000015,zh-TW-HsiaoChenNeural,
data/redteam/factory/edgetts/minnan/edgetts_minnan_zh-TW-HsiaoChenNeural_SC-000015.noise.wav,spoof,RT-EDGETTS-MINNAN,noise,redteam_factory/Edge-TTS,微软服务条款，仅研究评测用途,edgetts,minnan,SC-000015,zh-TW-HsiaoChenNeural,
data/redteam/factory/edgetts/minnan/edgetts_minnan_zh-TW-HsiaoChenNeural_SC-000016.wav,spoof,RT-EDGETTS-MINNAN,clean,redteam_factory/Edge-TTS,微软服务条款，仅研究评测用途,edgetts,minnan,SC-000016,zh-TW-HsiaoChenNeural,
data/redteam/factory/edgetts/minnan/edgetts_minnan_zh-TW-HsiaoChenNeural_SC-000016.phone8k.wav,spoof,RT-EDGETTS-MINNAN,phone8k,redteam_factory/Edge-TTS,微软服务条款，仅研究评测用途,edgetts,minnan,SC-000016,zh-TW-HsiaoChenNeural,
data/redteam/factory/edgetts/minnan/edgetts_minnan_zh-TW-HsiaoChenNeural_SC-000016.mp3_16k.mp3,spoof,RT-EDGETTS-MINNAN,mp3_16k,redteam_factory/Edge-TTS,微软服务条款，仅研究评测用途,edgetts,minnan,SC-000016,zh-TW-HsiaoChenNeural,
data/redteam/factory/edgetts/minnan/edgetts_minnan_zh-TW-HsiaoChenNeural_SC-000016.amr.wav,spoof,RT-EDGETTS-MINNAN,amr,redteam_factory/Edge-TTS,微软服务条款，仅研究评测用途,edgetts,minnan,SC-000016,zh-TW-HsiaoChenNeural,
data/redteam/factory/edgetts/minnan/edgetts_minnan_zh-TW-HsiaoChenNeural_SC-000016.noise.wav,spoof,RT-EDGETTS-MINNAN,noise,redteam_factory/Edge-TTS,微软服务条款，仅研究评测用途,edgetts,minnan,SC-000016,zh-TW-HsiaoChenNeural,
data/redteam/factory/edgetts/minnan/edgetts_minnan_zh-TW-HsiaoChenNeural_SC-000017.wav,spoof,RT-EDGETTS-MINNAN,clean,redteam_factory/Edge-TTS,微软服务条款，仅研究评测用途,edgetts,minnan,SC-000017,zh-TW-HsiaoChenNeural,
data/redteam/factory/edgetts/minnan/edgetts_minnan_zh-TW-HsiaoChenNeural_SC-000017.phone8k.wav,spoof,RT-EDGETTS-MINNAN,phone8k,redteam_factory/Edge-TTS,微软服务条款，仅研究评测用途,edgetts,minnan,SC-000017,zh-TW-HsiaoChenNeural,
data/redteam/factory/edgetts/minnan/edgetts_minnan_zh-TW-HsiaoChenNeural_SC-000017.mp3_16k.mp3,spoof,RT-EDGETTS-MINNAN,mp3_16k,redteam_factory/Edge-TTS,微软服务条款，仅研究评测用途,edgetts,minnan,SC-000017,zh-TW-HsiaoChenNeural,
data/redteam/factory/edgetts/minnan/edgetts_minnan_zh-TW-HsiaoChenNeural_SC-000017.amr.wav,spoof,RT-EDGETTS-MINNAN,amr,redteam_factory/Edge-TTS,微软服务条款，仅研究评测用途,edgetts,minnan,SC-000017,zh-TW-HsiaoChenNeural,
data/redteam/factory/edgetts/minnan/edgetts_minnan_zh-TW-HsiaoChenNeural_SC-000017.noise.wav,spoof,RT-EDGETTS-MINNAN,noise,redteam_factory/Edge-TTS,微软服务条款，仅研究评测用途,edgetts,minnan,SC-000017,zh-TW-HsiaoChenNeural,
data/redteam/factory/edgetts/minnan/edgetts_minnan_zh-TW-HsiaoChenNeural_SC-000018.wav,spoof,RT-EDGETTS-MINNAN,clean,redteam_factory/Edge-TTS,微软服务条款，仅研究评测用途,edgetts,minnan,SC-000018,zh-TW-HsiaoChenNeural,
data/redteam/factory/edgetts/minnan/edgetts_minnan_zh-TW-HsiaoChenNeural_SC-000018.phone8k.wav,spoof,RT-EDGETTS-MINNAN,phone8k,redteam_factory/Edge-TTS,微软服务条款，仅研究评测用途,edgetts,minnan,SC-000018,zh-TW-HsiaoChenNeural,
data/redteam/factory/edgetts/minnan/edgetts_minnan_zh-TW-HsiaoChenNeural_SC-000018.mp3_16k.mp3,spoof,RT-EDGETTS-MINNAN,mp3_16k,redteam_factory/Edge-TTS,微软服务条款，仅研究评测用途,edgetts,minnan,SC-000018,zh-TW-HsiaoChenNeural,
data/redteam/factory/edgetts/minnan/edgetts_minnan_zh-TW-HsiaoChenNeural_SC-000018.amr.wav,spoof,RT-EDGETTS-MINNAN,amr,redteam_factory/Edge-TTS,微软服务条款，仅研究评测用途,edgetts,minnan,SC-000018,zh-TW-HsiaoChenNeural,
data/redteam/factory/edgetts/minnan/edgetts_minnan_zh-TW-HsiaoChenNeural_SC-000018.noise.wav,spoof,RT-EDGETTS-MINNAN,noise,redteam_factory/Edge-TTS,微软服务条款，仅研究评测用途,edgetts,minnan,SC-000018,zh-TW-HsiaoChenNeural,
data/redteam/factory/edgetts/minnan/edgetts_minnan_zh-TW-HsiaoChenNeural_SC-000019.wav,spoof,RT-EDGETTS-MINNAN,clean,redteam_factory/Edge-TTS,微软服务条款，仅研究评测用途,edgetts,minnan,SC-000019,zh-TW-HsiaoChenNeural,
data/redteam/factory/edgetts/minnan/edgetts_minnan_zh-TW-HsiaoChenNeural_SC-000019.phone8k.wav,spoof,RT-EDGETTS-MINNAN,phone8k,redteam_factory/Edge-TTS,微软服务条款，仅研究评测用途,edgetts,minnan,SC-000019,zh-TW-HsiaoChenNeural,
data/redteam/factory/edgetts/minnan/edgetts_minnan_zh-TW-HsiaoChenNeural_SC-000019.mp3_16k.mp3,spoof,RT-EDGETTS-MINNAN,mp3_16k,redteam_factory/Edge-TTS,微软服务条款，仅研究评测用途,edgetts,minnan,SC-000019,zh-TW-HsiaoChenNeural,
data/redteam/factory/edgetts/minnan/edgetts_minnan_zh-TW-HsiaoChenNeural_SC-000019.amr.wav,spoof,RT-EDGETTS-MINNAN,amr,redteam_factory/Edge-TTS,微软服务条款，仅研究评测用途,edgetts,minnan,SC-000019,zh-TW-HsiaoChenNeural,
data/redteam/factory/edgetts/minnan/edgetts_minnan_zh-TW-HsiaoChenNeural_SC-000019.noise.wav,spoof,RT-EDGETTS-MINNAN,noise,redteam_factory/Edge-TTS,微软服务条款，仅研究评测用途,edgetts,minnan,SC-000019,zh-TW-HsiaoChenNeural,
data/redteam/factory/edgetts/minnan/edgetts_minnan_zh-TW-HsiaoChenNeural_SC-000021.wav,spoof,RT-EDGETTS-MINNAN,clean,redteam_factory/Edge-TTS,微软服务条款，仅研究评测用途,edgetts,minnan,SC-000021,zh-TW-HsiaoChenNeural,
data/redteam/factory/edgetts/minnan/edgetts_minnan_zh-TW-HsiaoChenNeural_SC-000021.phone8k.wav,spoof,RT-EDGETTS-MINNAN,phone8k,redteam_factory/Edge-TTS,微软服务条款，仅研究评测用途,edgetts,minnan,SC-000021,zh-TW-HsiaoChenNeural,
data/redteam/factory/edgetts/minnan/edgetts_minnan_zh-TW-HsiaoChenNeural_SC-000021.mp3_16k.mp3,spoof,RT-EDGETTS-MINNAN,mp3_16k,redteam_factory/Edge-TTS,微软服务条款，仅研究评测用途,edgetts,minnan,SC-000021,zh-TW-HsiaoChenNeural,
data/redteam/factory/edgetts/minnan/edgetts_minnan_zh-TW-HsiaoChenNeural_SC-000021.amr.wav,spoof,RT-EDGETTS-MINNAN,amr,redteam_factory/Edge-TTS,微软服务条款，仅研究评测用途,edgetts,minnan,SC-000021,zh-TW-HsiaoChenNeural,
data/redteam/factory/edgetts/minnan/edgetts_minnan_zh-TW-HsiaoChenNeural_SC-000021.noise.wav,spoof,RT-EDGETTS-MINNAN,noise,redteam_factory/Edge-TTS,微软服务条款，仅研究评测用途,edgetts,minnan,SC-000021,zh-TW-HsiaoChenNeural,
data/redteam/factory/edgetts/minnan/edgetts_minnan_zh-TW-HsiaoChenNeural_SC-000022.wav,spoof,RT-EDGETTS-MINNAN,clean,redteam_factory/Edge-TTS,微软服务条款，仅研究评测用途,edgetts,minnan,SC-000022,zh-TW-HsiaoChenNeural,
data/redteam/factory/edgetts/minnan/edgetts_minnan_zh-TW-HsiaoChenNeural_SC-000022.phone8k.wav,spoof,RT-EDGETTS-MINNAN,phone8k,redteam_factory/Edge-TTS,微软服务条款，仅研究评测用途,edgetts,minnan,SC-000022,zh-TW-HsiaoChenNeural,
data/redteam/factory/edgetts/minnan/edgetts_minnan_zh-TW-HsiaoChenNeural_SC-000022.mp3_16k.mp3,spoof,RT-EDGETTS-MINNAN,mp3_16k,redteam_factory/Edge-TTS,微软服务条款，仅研究评测用途,edgetts,minnan,SC-000022,zh-TW-HsiaoChenNeural,
data/redteam/factory/edgetts/minnan/edgetts_minnan_zh-TW-HsiaoChenNeural_SC-000022.amr.wav,spoof,RT-EDGETTS-MINNAN,amr,redteam_factory/Edge-TTS,微软服务条款，仅研究评测用途,edgetts,minnan,SC-000022,zh-TW-HsiaoChenNeural,
data/redteam/factory/edgetts/minnan/edgetts_minnan_zh-TW-HsiaoChenNeural_SC-000022.noise.wav,spoof,RT-EDGETTS-MINNAN,noise,redteam_factory/Edge-TTS,微软服务条款，仅研究评测用途,edgetts,minnan,SC-000022,zh-TW-HsiaoChenNeural,
data/redteam/factory/edgetts/minnan/edgetts_minnan_zh-TW-HsiaoChenNeural_SC-000024.wav,spoof,RT-EDGETTS-MINNAN,clean,redteam_factory/Edge-TTS,微软服务条款，仅研究评测用途,edgetts,minnan,SC-000024,zh-TW-HsiaoChenNeural,
data/redteam/factory/edgetts/minnan/edgetts_minnan_zh-TW-HsiaoChenNeural_SC-000024.phone8k.wav,spoof,RT-EDGETTS-MINNAN,phone8k,redteam_factory/Edge-TTS,微软服务条款，仅研究评测用途,edgetts,minnan,SC-000024,zh-TW-HsiaoChenNeural,
data/redteam/factory/edgetts/minnan/edgetts_minnan_zh-TW-HsiaoChenNeural_SC-000024.mp3_16k.mp3,spoof,RT-EDGETTS-MINNAN,mp3_16k,redteam_factory/Edge-TTS,微软服务条款，仅研究评测用途,edgetts,minnan,SC-000024,zh-TW-HsiaoChenNeural,
data/redteam/factory/edgetts/minnan/edgetts_minnan_zh-TW-HsiaoChenNeural_SC-000024.amr.wav,spoof,RT-EDGETTS-MINNAN,amr,redteam_factory/Edge-TTS,微软服务条款，仅研究评测用途,edgetts,minnan,SC-000024,zh-TW-HsiaoChenNeural,
data/redteam/factory/edgetts/minnan/edgetts_minnan_zh-TW-HsiaoChenNeural_SC-000024.noise.wav,spoof,RT-EDGETTS-MINNAN,noise,redteam_factory/Edge-TTS,微软服务条款，仅研究评测用途,edgetts,minnan,SC-000024,zh-TW-HsiaoChenNeural,
data/redteam/factory/edgetts/minnan/edgetts_minnan_zh-TW-HsiaoChenNeural_SC-000025.wav,spoof,RT-EDGETTS-MINNAN,clean,redteam_factory/Edge-TTS,微软服务条款，仅研究评测用途,edgetts,minnan,SC-000025,zh-TW-HsiaoChenNeural,
data/redteam/factory/edgetts/minnan/edgetts_minnan_zh-TW-HsiaoChenNeural_SC-000025.phone8k.wav,spoof,RT-EDGETTS-MINNAN,phone8k,redteam_factory/Edge-TTS,微软服务条款，仅研究评测用途,edgetts,minnan,SC-000025,zh-TW-HsiaoChenNeural,
data/redteam/factory/edgetts/minnan/edgetts_minnan_zh-TW-HsiaoChenNeural_SC-000025.mp3_16k.mp3,spoof,RT-EDGETTS-MINNAN,mp3_16k,redteam_factory/Edge-TTS,微软服务条款，仅研究评测用途,edgetts,minnan,SC-000025,zh-TW-HsiaoChenNeural,
data/redteam/factory/edgetts/minnan/edgetts_minnan_zh-TW-HsiaoChenNeural_SC-000025.amr.wav,spoof,RT-EDGETTS-MINNAN,amr,redteam_factory/Edge-TTS,微软服务条款，仅研究评测用途,edgetts,minnan,SC-000025,zh-TW-HsiaoChenNeural,
data/redteam/factory/edgetts/minnan/edgetts_minnan_zh-TW-HsiaoChenNeural_SC-000025.noise.wav,spoof,RT-EDGETTS-MINNAN,noise,redteam_factory/Edge-TTS,微软服务条款，仅研究评测用途,edgetts,minnan,SC-000025,zh-TW-HsiaoChenNeural,
data/redteam/factory/edgetts/minnan/edgetts_minnan_zh-TW-HsiaoChenNeural_SC-000026.wav,spoof,RT-EDGETTS-MINNAN,clean,redteam_factory/Edge-TTS,微软服务条款，仅研究评测用途,edgetts,minnan,SC-000026,zh-TW-HsiaoChenNeural,
data/redteam/factory/edgetts/minnan/edgetts_minnan_zh-TW-HsiaoChenNeural_SC-000026.phone8k.wav,spoof,RT-EDGETTS-MINNAN,phone8k,redteam_factory/Edge-TTS,微软服务条款，仅研究评测用途,edgetts,minnan,SC-000026,zh-TW-HsiaoChenNeural,
data/redteam/factory/edgetts/minnan/edgetts_minnan_zh-TW-HsiaoChenNeural_SC-000026.mp3_16k.mp3,spoof,RT-EDGETTS-MINNAN,mp3_16k,redteam_factory/Edge-TTS,微软服务条款，仅研究评测用途,edgetts,minnan,SC-000026,zh-TW-HsiaoChenNeural,
data/redteam/factory/edgetts/minnan/edgetts_minnan_zh-TW-HsiaoChenNeural_SC-000026.amr.wav,spoof,RT-EDGETTS-MINNAN,amr,redteam_factory/Edge-TTS,微软服务条款，仅研究评测用途,edgetts,minnan,SC-000026,zh-TW-HsiaoChenNeural,
data/redteam/factory/edgetts/minnan/edgetts_minnan_zh-TW-HsiaoChenNeural_SC-000026.noise.wav,spoof,RT-EDGETTS-MINNAN,noise,redteam_factory/Edge-TTS,微软服务条款，仅研究评测用途,edgetts,minnan,SC-000026,zh-TW-HsiaoChenNeural,
data/redteam/factory/edgetts/minnan/edgetts_minnan_zh-TW-HsiaoChenNeural_SC-000027.wav,spoof,RT-EDGETTS-MINNAN,clean,redteam_factory/Edge-TTS,微软服务条款，仅研究评测用途,edgetts,minnan,SC-000027,zh-TW-HsiaoChenNeural,
data/redteam/factory/edgetts/minnan/edgetts_minnan_zh-TW-HsiaoChenNeural_SC-000027.phone8k.wav,spoof,RT-EDGETTS-MINNAN,phone8k,redteam_factory/Edge-TTS,微软服务条款，仅研究评测用途,edgetts,minnan,SC-000027,zh-TW-HsiaoChenNeural,
data/redteam/factory/edgetts/minnan/edgetts_minnan_zh-TW-HsiaoChenNeural_SC-000027.mp3_16k.mp3,spoof,RT-EDGETTS-MINNAN,mp3_16k,redteam_factory/Edge-TTS,微软服务条款，仅研究评测用途,edgetts,minnan,SC-000027,zh-TW-HsiaoChenNeural,
data/redteam/factory/edgetts/minnan/edgetts_minnan_zh-TW-HsiaoChenNeural_SC-000027.amr.wav,spoof,RT-EDGETTS-MINNAN,amr,redteam_factory/Edge-TTS,微软服务条款，仅研究评测用途,edgetts,minnan,SC-000027,zh-TW-HsiaoChenNeural,
data/redteam/factory/edgetts/minnan/edgetts_minnan_zh-TW-HsiaoChenNeural_SC-000027.noise.wav,spoof,RT-EDGETTS-MINNAN,noise,redteam_factory/Edge-TTS,微软服务条款，仅研究评测用途,edgetts,minnan,SC-000027,zh-TW-HsiaoChenNeural,
data/redteam/factory/edgetts/minnan/edgetts_minnan_zh-TW-HsiaoChenNeural_SC-000028.wav,spoof,RT-EDGETTS-MINNAN,clean,redteam_factory/Edge-TTS,微软服务条款，仅研究评测用途,edgetts,minnan,SC-000028,zh-TW-HsiaoChenNeural,
data/redteam/factory/edgetts/minnan/edgetts_minnan_zh-TW-HsiaoChenNeural_SC-000028.phone8k.wav,spoof,RT-EDGETTS-MINNAN,phone8k,redteam_factory/Edge-TTS,微软服务条款，仅研究评测用途,edgetts,minnan,SC-000028,zh-TW-HsiaoChenNeural,
data/redteam/factory/edgetts/minnan/edgetts_minnan_zh-TW-HsiaoChenNeural_SC-000028.mp3_16k.mp3,spoof,RT-EDGETTS-MINNAN,mp3_16k,redteam_factory/Edge-TTS,微软服务条款，仅研究评测用途,edgetts,minnan,SC-000028,zh-TW-HsiaoChenNeural,
data/redteam/factory/edgetts/minnan/edgetts_minnan_zh-TW-HsiaoChenNeural_SC-000028.amr.wav,spoof,RT-EDGETTS-MINNAN,amr,redteam_factory/Edge-TTS,微软服务条款，仅研究评测用途,edgetts,minnan,SC-000028,zh-TW-HsiaoChenNeural,
data/redteam/factory/edgetts/minnan/edgetts_minnan_zh-TW-HsiaoChenNeural_SC-000028.noise.wav,spoof,RT-EDGETTS-MINNAN,noise,redteam_factory/Edge-TTS,微软服务条款，仅研究评测用途,edgetts,minnan,SC-000028,zh-TW-HsiaoChenNeural,
data/redteam/factory/edgetts/minnan/edgetts_minnan_zh-TW-HsiaoChenNeural_SC-000029.wav,spoof,RT-EDGETTS-MINNAN,clean,redteam_factory/Edge-TTS,微软服务条款，仅研究评测用途,edgetts,minnan,SC-000029,zh-TW-HsiaoChenNeural,
data/redteam/factory/edgetts/minnan/edgetts_minnan_zh-TW-HsiaoChenNeural_SC-000029.phone8k.wav,spoof,RT-EDGETTS-MINNAN,phone8k,redteam_factory/Edge-TTS,微软服务条款，仅研究评测用途,edgetts,minnan,SC-000029,zh-TW-HsiaoChenNeural,
data/redteam/factory/edgetts/minnan/edgetts_minnan_zh-TW-HsiaoChenNeural_SC-000029.mp3_16k.mp3,spoof,RT-EDGETTS-MINNAN,mp3_16k,redteam_factory/Edge-TTS,微软服务条款，仅研究评测用途,edgetts,minnan,SC-000029,zh-TW-HsiaoChenNeural,
data/redteam/factory/edgetts/minnan/edgetts_minnan_zh-TW-HsiaoChenNeural_SC-000029.amr.wav,spoof,RT-EDGETTS-MINNAN,amr,redteam_factory/Edge-TTS,微软服务条款，仅研究评测用途,edgetts,minnan,SC-000029,zh-TW-HsiaoChenNeural,
data/redteam/factory/edgetts/minnan/edgetts_minnan_zh-TW-HsiaoChenNeural_SC-000029.noise.wav,spoof,RT-EDGETTS-MINNAN,noise,redteam_factory/Edge-TTS,微软服务条款，仅研究评测用途,edgetts,minnan,SC-000029,zh-TW-HsiaoChenNeural,
data/redteam/factory/edgetts/minnan/edgetts_minnan_zh-TW-YunJheNeural_SC-000001.wav,spoof,RT-EDGETTS-MINNAN,clean,redteam_factory/Edge-TTS,微软服务条款，仅研究评测用途,edgetts,minnan,SC-000001,zh-TW-YunJheNeural,
data/redteam/factory/edgetts/minnan/edgetts_minnan_zh-TW-YunJheNeural_SC-000001.phone8k.wav,spoof,RT-EDGETTS-MINNAN,phone8k,redteam_factory/Edge-TTS,微软服务条款，仅研究评测用途,edgetts,minnan,SC-000001,zh-TW-YunJheNeural,
data/redteam/factory/edgetts/minnan/edgetts_minnan_zh-TW-YunJheNeural_SC-000001.mp3_16k.mp3,spoof,RT-EDGETTS-MINNAN,mp3_16k,redteam_factory/Edge-TTS,微软服务条款，仅研究评测用途,edgetts,minnan,SC-000001,zh-TW-YunJheNeural,
data/redteam/factory/edgetts/minnan/edgetts_minnan_zh-TW-YunJheNeural_SC-000001.amr.wav,spoof,RT-EDGETTS-MINNAN,amr,redteam_factory/Edge-TTS,微软服务条款，仅研究评测用途,edgetts,minnan,SC-000001,zh-TW-YunJheNeural,
data/redteam/factory/edgetts/minnan/edgetts_minnan_zh-TW-YunJheNeural_SC-000001.noise.wav,spoof,RT-EDGETTS-MINNAN,noise,redteam_factory/Edge-TTS,微软服务条款，仅研究评测用途,edgetts,minnan,SC-000001,zh-TW-YunJheNeural,
data/redteam/factory/edgetts/minnan/edgetts_minnan_zh-TW-YunJheNeural_SC-000003.wav,spoof,RT-EDGETTS-MINNAN,clean,redteam_factory/Edge-TTS,微软服务条款，仅研究评测用途,edgetts,minnan,SC-000003,zh-TW-YunJheNeural,
data/redteam/factory/edgetts/minnan/edgetts_minnan_zh-TW-YunJheNeural_SC-000003.phone8k.wav,spoof,RT-EDGETTS-MINNAN,phone8k,redteam_factory/Edge-TTS,微软服务条款，仅研究评测用途,edgetts,minnan,SC-000003,zh-TW-YunJheNeural,
data/redteam/factory/edgetts/minnan/edgetts_minnan_zh-TW-YunJheNeural_SC-000003.mp3_16k.mp3,spoof,RT-EDGETTS-MINNAN,mp3_16k,redteam_factory/Edge-TTS,微软服务条款，仅研究评测用途,edgetts,minnan,SC-000003,zh-TW-YunJheNeural,
data/redteam/factory/edgetts/minnan/edgetts_minnan_zh-TW-YunJheNeural_SC-000003.amr.wav,spoof,RT-EDGETTS-MINNAN,amr,redteam_factory/Edge-TTS,微软服务条款，仅研究评测用途,edgetts,minnan,SC-000003,zh-TW-YunJheNeural,
data/redteam/factory/edgetts/minnan/edgetts_minnan_zh-TW-YunJheNeural_SC-000003.noise.wav,spoof,RT-EDGETTS-MINNAN,noise,redteam_factory/Edge-TTS,微软服务条款，仅研究评测用途,edgetts,minnan,SC-000003,zh-TW-YunJheNeural,
data/redteam/factory/edgetts/minnan/edgetts_minnan_zh-TW-YunJheNeural_SC-000004.wav,spoof,RT-EDGETTS-MINNAN,clean,redteam_factory/Edge-TTS,微软服务条款，仅研究评测用途,edgetts,minnan,SC-000004,zh-TW-YunJheNeural,
data/redteam/factory/edgetts/minnan/edgetts_minnan_zh-TW-YunJheNeural_SC-000004.phone8k.wav,spoof,RT-EDGETTS-MINNAN,phone8k,redteam_factory/Edge-TTS,微软服务条款，仅研究评测用途,edgetts,minnan,SC-000004,zh-TW-YunJheNeural,
data/redteam/factory/edgetts/minnan/edgetts_minnan_zh-TW-YunJheNeural_SC-000004.mp3_16k.mp3,spoof,RT-EDGETTS-MINNAN,mp3_16k,redteam_factory/Edge-TTS,微软服务条款，仅研究评测用途,edgetts,minnan,SC-000004,zh-TW-YunJheNeural,
data/redteam/factory/edgetts/minnan/edgetts_minnan_zh-TW-YunJheNeural_SC-000004.amr.wav,spoof,RT-EDGETTS-MINNAN,amr,redteam_factory/Edge-TTS,微软服务条款，仅研究评测用途,edgetts,minnan,SC-000004,zh-TW-YunJheNeural,
data/redteam/factory/edgetts/minnan/edgetts_minnan_zh-TW-YunJheNeural_SC-000004.noise.wav,spoof,RT-EDGETTS-MINNAN,noise,redteam_factory/Edge-TTS,微软服务条款，仅研究评测用途,edgetts,minnan,SC-000004,zh-TW-YunJheNeural,
data/redteam/factory/edgetts/minnan/edgetts_minnan_zh-TW-YunJheNeural_SC-000006.wav,spoof,RT-EDGETTS-MINNAN,clean,redteam_factory/Edge-TTS,微软服务条款，仅研究评测用途,edgetts,minnan,SC-000006,zh-TW-YunJheNeural,
data/redteam/factory/edgetts/minnan/edgetts_minnan_zh-TW-YunJheNeural_SC-000006.phone8k.wav,spoof,RT-EDGETTS-MINNAN,phone8k,redteam_factory/Edge-TTS,微软服务条款，仅研究评测用途,edgetts,minnan,SC-000006,zh-TW-YunJheNeural,
data/redteam/factory/edgetts/minnan/edgetts_minnan_zh-TW-YunJheNeural_SC-000006.mp3_16k.mp3,spoof,RT-EDGETTS-MINNAN,mp3_16k,redteam_factory/Edge-TTS,微软服务条款，仅研究评测用途,edgetts,minnan,SC-000006,zh-TW-YunJheNeural,
data/redteam/factory/edgetts/minnan/edgetts_minnan_zh-TW-YunJheNeural_SC-000006.amr.wav,spoof,RT-EDGETTS-MINNAN,amr,redteam_factory/Edge-TTS,微软服务条款，仅研究评测用途,edgetts,minnan,SC-000006,zh-TW-YunJheNeural,
data/redteam/factory/edgetts/minnan/edgetts_minnan_zh-TW-YunJheNeural_SC-000006.noise.wav,spoof,RT-EDGETTS-MINNAN,noise,redteam_factory/Edge-TTS,微软服务条款，仅研究评测用途,edgetts,minnan,SC-000006,zh-TW-YunJheNeural,
data/redteam/factory/edgetts/minnan/edgetts_minnan_zh-TW-YunJheNeural_SC-000020.wav,spoof,RT-EDGETTS-MINNAN,clean,redteam_factory/Edge-TTS,微软服务条款，仅研究评测用途,edgetts,minnan,SC-000020,zh-TW-YunJheNeural,
data/redteam/factory/edgetts/minnan/edgetts_minnan_zh-TW-YunJheNeural_SC-000020.phone8k.wav,spoof,RT-EDGETTS-MINNAN,phone8k,redteam_factory/Edge-TTS,微软服务条款，仅研究评测用途,edgetts,minnan,SC-000020,zh-TW-YunJheNeural,
data/redteam/factory/edgetts/minnan/edgetts_minnan_zh-TW-YunJheNeural_SC-000020.mp3_16k.mp3,spoof,RT-EDGETTS-MINNAN,mp3_16k,redteam_factory/Edge-TTS,微软服务条款，仅研究评测用途,edgetts,minnan,SC-000020,zh-TW-YunJheNeural,
data/redteam/factory/edgetts/minnan/edgetts_minnan_zh-TW-YunJheNeural_SC-000020.amr.wav,spoof,RT-EDGETTS-MINNAN,amr,redteam_factory/Edge-TTS,微软服务条款，仅研究评测用途,edgetts,minnan,SC-000020,zh-TW-YunJheNeural,
data/redteam/factory/edgetts/minnan/edgetts_minnan_zh-TW-YunJheNeural_SC-000020.noise.wav,spoof,RT-EDGETTS-MINNAN,noise,redteam_factory/Edge-TTS,微软服务条款，仅研究评测用途,edgetts,minnan,SC-000020,zh-TW-YunJheNeural,
data/redteam/factory/edgetts/minnan/edgetts_minnan_zh-TW-YunJheNeural_SC-000023.wav,spoof,RT-EDGETTS-MINNAN,clean,redteam_factory/Edge-TTS,微软服务条款，仅研究评测用途,edgetts,minnan,SC-000023,zh-TW-YunJheNeural,
data/redteam/factory/edgetts/minnan/edgetts_minnan_zh-TW-YunJheNeural_SC-000023.phone8k.wav,spoof,RT-EDGETTS-MINNAN,phone8k,redteam_factory/Edge-TTS,微软服务条款，仅研究评测用途,edgetts,minnan,SC-000023,zh-TW-YunJheNeural,
data/redteam/factory/edgetts/minnan/edgetts_minnan_zh-TW-YunJheNeural_SC-000023.mp3_16k.mp3,spoof,RT-EDGETTS-MINNAN,mp3_16k,redteam_factory/Edge-TTS,微软服务条款，仅研究评测用途,edgetts,minnan,SC-000023,zh-TW-YunJheNeural,
data/redteam/factory/edgetts/minnan/edgetts_minnan_zh-TW-YunJheNeural_SC-000023.amr.wav,spoof,RT-EDGETTS-MINNAN,amr,redteam_factory/Edge-TTS,微软服务条款，仅研究评测用途,edgetts,minnan,SC-000023,zh-TW-YunJheNeural,
data/redteam/factory/edgetts/minnan/edgetts_minnan_zh-TW-YunJheNeural_SC-000023.noise.wav,spoof,RT-EDGETTS-MINNAN,noise,redteam_factory/Edge-TTS,微软服务条款，仅研究评测用途,edgetts,minnan,SC-000023,zh-TW-YunJheNeural,
data/redteam/factory/edgetts/minnan/edgetts_minnan_zh-TW-YunJheNeural_SC-000002.wav,spoof,RT-EDGETTS-MINNAN,clean,redteam_factory/Edge-TTS,微软服务条款，仅研究评测用途,edgetts,minnan,SC-000002,zh-TW-YunJheNeural,
data/redteam/factory/edgetts/minnan/edgetts_minnan_zh-TW-YunJheNeural_SC-000002.phone8k.wav,spoof,RT-EDGETTS-MINNAN,phone8k,redteam_factory/Edge-TTS,微软服务条款，仅研究评测用途,edgetts,minnan,SC-000002,zh-TW-YunJheNeural,
data/redteam/factory/edgetts/minnan/edgetts_minnan_zh-TW-YunJheNeural_SC-000002.mp3_16k.mp3,spoof,RT-EDGETTS-MINNAN,mp3_16k,redteam_factory/Edge-TTS,微软服务条款，仅研究评测用途,edgetts,minnan,SC-000002,zh-TW-YunJheNeural,
data/redteam/factory/edgetts/minnan/edgetts_minnan_zh-TW-YunJheNeural_SC-000002.amr.wav,spoof,RT-EDGETTS-MINNAN,amr,redteam_factory/Edge-TTS,微软服务条款，仅研究评测用途,edgetts,minnan,SC-000002,zh-TW-YunJheNeural,
data/redteam/factory/edgetts/minnan/edgetts_minnan_zh-TW-YunJheNeural_SC-000002.noise.wav,spoof,RT-EDGETTS-MINNAN,noise,redteam_factory/Edge-TTS,微软服务条款，仅研究评测用途,edgetts,minnan,SC-000002,zh-TW-YunJheNeural,
data/redteam/factory/edgetts/minnan/edgetts_minnan_zh-TW-YunJheNeural_SC-000005.wav,spoof,RT-EDGETTS-MINNAN,clean,redteam_factory/Edge-TTS,微软服务条款，仅研究评测用途,edgetts,minnan,SC-000005,zh-TW-YunJheNeural,
data/redteam/factory/edgetts/minnan/edgetts_minnan_zh-TW-YunJheNeural_SC-000005.phone8k.wav,spoof,RT-EDGETTS-MINNAN,phone8k,redteam_factory/Edge-TTS,微软服务条款，仅研究评测用途,edgetts,minnan,SC-000005,zh-TW-YunJheNeural,
data/redteam/factory/edgetts/minnan/edgetts_minnan_zh-TW-YunJheNeural_SC-000005.mp3_16k.mp3,spoof,RT-EDGETTS-MINNAN,mp3_16k,redteam_factory/Edge-TTS,微软服务条款，仅研究评测用途,edgetts,minnan,SC-000005,zh-TW-YunJheNeural,
data/redteam/factory/edgetts/minnan/edgetts_minnan_zh-TW-YunJheNeural_SC-000005.amr.wav,spoof,RT-EDGETTS-MINNAN,amr,redteam_factory/Edge-TTS,微软服务条款，仅研究评测用途,edgetts,minnan,SC-000005,zh-TW-YunJheNeural,
data/redteam/factory/edgetts/minnan/edgetts_minnan_zh-TW-YunJheNeural_SC-000005.noise.wav,spoof,RT-EDGETTS-MINNAN,noise,redteam_factory/Edge-TTS,微软服务条款，仅研究评测用途,edgetts,minnan,SC-000005,zh-TW-YunJheNeural,
data/redteam/factory/edgetts/minnan/edgetts_minnan_zh-TW-YunJheNeural_SC-000007.wav,spoof,RT-EDGETTS-MINNAN,clean,redteam_factory/Edge-TTS,微软服务条款，仅研究评测用途,edgetts,minnan,SC-000007,zh-TW-YunJheNeural,
data/redteam/factory/edgetts/minnan/edgetts_minnan_zh-TW-YunJheNeural_SC-000007.phone8k.wav,spoof,RT-EDGETTS-MINNAN,phone8k,redteam_factory/Edge-TTS,微软服务条款，仅研究评测用途,edgetts,minnan,SC-000007,zh-TW-YunJheNeural,
data/redteam/factory/edgetts/minnan/edgetts_minnan_zh-TW-YunJheNeural_SC-000007.mp3_16k.mp3,spoof,RT-EDGETTS-MINNAN,mp3_16k,redteam_factory/Edge-TTS,微软服务条款，仅研究评测用途,edgetts,minnan,SC-000007,zh-TW-YunJheNeural,
data/redteam/factory/edgetts/minnan/edgetts_minnan_zh-TW-YunJheNeural_SC-000007.amr.wav,spoof,RT-EDGETTS-MINNAN,amr,redteam_factory/Edge-TTS,微软服务条款，仅研究评测用途,edgetts,minnan,SC-000007,zh-TW-YunJheNeural,
data/redteam/factory/edgetts/minnan/edgetts_minnan_zh-TW-YunJheNeural_SC-000007.noise.wav,spoof,RT-EDGETTS-MINNAN,noise,redteam_factory/Edge-TTS,微软服务条款，仅研究评测用途,edgetts,minnan,SC-000007,zh-TW-YunJheNeural,
data/redteam/factory/edgetts/minnan/edgetts_minnan_zh-TW-YunJheNeural_SC-000008.wav,spoof,RT-EDGETTS-MINNAN,clean,redteam_factory/Edge-TTS,微软服务条款，仅研究评测用途,edgetts,minnan,SC-000008,zh-TW-YunJheNeural,
data/redteam/factory/edgetts/minnan/edgetts_minnan_zh-TW-YunJheNeural_SC-000008.phone8k.wav,spoof,RT-EDGETTS-MINNAN,phone8k,redteam_factory/Edge-TTS,微软服务条款，仅研究评测用途,edgetts,minnan,SC-000008,zh-TW-YunJheNeural,
data/redteam/factory/edgetts/minnan/edgetts_minnan_zh-TW-YunJheNeural_SC-000008.mp3_16k.mp3,spoof,RT-EDGETTS-MINNAN,mp3_16k,redteam_factory/Edge-TTS,微软服务条款，仅研究评测用途,edgetts,minnan,SC-000008,zh-TW-YunJheNeural,
data/redteam/factory/edgetts/minnan/edgetts_minnan_zh-TW-YunJheNeural_SC-000008.amr.wav,spoof,RT-EDGETTS-MINNAN,amr,redteam_factory/Edge-TTS,微软服务条款，仅研究评测用途,edgetts,minnan,SC-000008,zh-TW-YunJheNeural,
data/redteam/factory/edgetts/minnan/edgetts_minnan_zh-TW-YunJheNeural_SC-000008.noise.wav,spoof,RT-EDGETTS-MINNAN,noise,redteam_factory/Edge-TTS,微软服务条款，仅研究评测用途,edgetts,minnan,SC-000008,zh-TW-YunJheNeural,
data/redteam/factory/edgetts/minnan/edgetts_minnan_zh-TW-YunJheNeural_SC-000009.wav,spoof,RT-EDGETTS-MINNAN,clean,redteam_factory/Edge-TTS,微软服务条款，仅研究评测用途,edgetts,minnan,SC-000009,zh-TW-YunJheNeural,
data/redteam/factory/edgetts/minnan/edgetts_minnan_zh-TW-YunJheNeural_SC-000009.phone8k.wav,spoof,RT-EDGETTS-MINNAN,phone8k,redteam_factory/Edge-TTS,微软服务条款，仅研究评测用途,edgetts,minnan,SC-000009,zh-TW-YunJheNeural,
data/redteam/factory/edgetts/minnan/edgetts_minnan_zh-TW-YunJheNeural_SC-000009.mp3_16k.mp3,spoof,RT-EDGETTS-MINNAN,mp3_16k,redteam_factory/Edge-TTS,微软服务条款，仅研究评测用途,edgetts,minnan,SC-000009,zh-TW-YunJheNeural,
data/redteam/factory/edgetts/minnan/edgetts_minnan_zh-TW-YunJheNeural_SC-000009.amr.wav,spoof,RT-EDGETTS-MINNAN,amr,redteam_factory/Edge-TTS,微软服务条款，仅研究评测用途,edgetts,minnan,SC-000009,zh-TW-YunJheNeural,
data/redteam/factory/edgetts/minnan/edgetts_minnan_zh-TW-YunJheNeural_SC-000009.noise.wav,spoof,RT-EDGETTS-MINNAN,noise,redteam_factory/Edge-TTS,微软服务条款，仅研究评测用途,edgetts,minnan,SC-000009,zh-TW-YunJheNeural,
data/redteam/factory/edgetts/minnan/edgetts_minnan_zh-TW-YunJheNeural_SC-000010.wav,spoof,RT-EDGETTS-MINNAN,clean,redteam_factory/Edge-TTS,微软服务条款，仅研究评测用途,edgetts,minnan,SC-000010,zh-TW-YunJheNeural,
data/redteam/factory/edgetts/minnan/edgetts_minnan_zh-TW-YunJheNeural_SC-000010.phone8k.wav,spoof,RT-EDGETTS-MINNAN,phone8k,redteam_factory/Edge-TTS,微软服务条款，仅研究评测用途,edgetts,minnan,SC-000010,zh-TW-YunJheNeural,
data/redteam/factory/edgetts/minnan/edgetts_minnan_zh-TW-YunJheNeural_SC-000010.mp3_16k.mp3,spoof,RT-EDGETTS-MINNAN,mp3_16k,redteam_factory/Edge-TTS,微软服务条款，仅研究评测用途,edgetts,minnan,SC-000010,zh-TW-YunJheNeural,
data/redteam/factory/edgetts/minnan/edgetts_minnan_zh-TW-YunJheNeural_SC-000010.amr.wav,spoof,RT-EDGETTS-MINNAN,amr,redteam_factory/Edge-TTS,微软服务条款，仅研究评测用途,edgetts,minnan,SC-000010,zh-TW-YunJheNeural,
data/redteam/factory/edgetts/minnan/edgetts_minnan_zh-TW-YunJheNeural_SC-000010.noise.wav,spoof,RT-EDGETTS-MINNAN,noise,redteam_factory/Edge-TTS,微软服务条款，仅研究评测用途,edgetts,minnan,SC-000010,zh-TW-YunJheNeural,
data/redteam/factory/edgetts/minnan/edgetts_minnan_zh-TW-YunJheNeural_SC-000011.wav,spoof,RT-EDGETTS-MINNAN,clean,redteam_factory/Edge-TTS,微软服务条款，仅研究评测用途,edgetts,minnan,SC-000011,zh-TW-YunJheNeural,
data/redteam/factory/edgetts/minnan/edgetts_minnan_zh-TW-YunJheNeural_SC-000011.phone8k.wav,spoof,RT-EDGETTS-MINNAN,phone8k,redteam_factory/Edge-TTS,微软服务条款，仅研究评测用途,edgetts,minnan,SC-000011,zh-TW-YunJheNeural,
data/redteam/factory/edgetts/minnan/edgetts_minnan_zh-TW-YunJheNeural_SC-000011.mp3_16k.mp3,spoof,RT-EDGETTS-MINNAN,mp3_16k,redteam_factory/Edge-TTS,微软服务条款，仅研究评测用途,edgetts,minnan,SC-000011,zh-TW-YunJheNeural,
data/redteam/factory/edgetts/minnan/edgetts_minnan_zh-TW-YunJheNeural_SC-000011.amr.wav,spoof,RT-EDGETTS-MINNAN,amr,redteam_factory/Edge-TTS,微软服务条款，仅研究评测用途,edgetts,minnan,SC-000011,zh-TW-YunJheNeural,
data/redteam/factory/edgetts/minnan/edgetts_minnan_zh-TW-YunJheNeural_SC-000011.noise.wav,spoof,RT-EDGETTS-MINNAN,noise,redteam_factory/Edge-TTS,微软服务条款，仅研究评测用途,edgetts,minnan,SC-000011,zh-TW-YunJheNeural,
data/redteam/factory/edgetts/minnan/edgetts_minnan_zh-TW-YunJheNeural_SC-000012.wav,spoof,RT-EDGETTS-MINNAN,clean,redteam_factory/Edge-TTS,微软服务条款，仅研究评测用途,edgetts,minnan,SC-000012,zh-TW-YunJheNeural,
data/redteam/factory/edgetts/minnan/edgetts_minnan_zh-TW-YunJheNeural_SC-000012.phone8k.wav,spoof,RT-EDGETTS-MINNAN,phone8k,redteam_factory/Edge-TTS,微软服务条款，仅研究评测用途,edgetts,minnan,SC-000012,zh-TW-YunJheNeural,
data/redteam/factory/edgetts/minnan/edgetts_minnan_zh-TW-YunJheNeural_SC-000012.mp3_16k.mp3,spoof,RT-EDGETTS-MINNAN,mp3_16k,redteam_factory/Edge-TTS,微软服务条款，仅研究评测用途,edgetts,minnan,SC-000012,zh-TW-YunJheNeural,
data/redteam/factory/edgetts/minnan/edgetts_minnan_zh-TW-YunJheNeural_SC-000012.amr.wav,spoof,RT-EDGETTS-MINNAN,amr,redteam_factory/Edge-TTS,微软服务条款，仅研究评测用途,edgetts,minnan,SC-000012,zh-TW-YunJheNeural,
data/redteam/factory/edgetts/minnan/edgetts_minnan_zh-TW-YunJheNeural_SC-000012.noise.wav,spoof,RT-EDGETTS-MINNAN,noise,redteam_factory/Edge-TTS,微软服务条款，仅研究评测用途,edgetts,minnan,SC-000012,zh-TW-YunJheNeural,
data/redteam/factory/edgetts/minnan/edgetts_minnan_zh-TW-YunJheNeural_SC-000013.wav,spoof,RT-EDGETTS-MINNAN,clean,redteam_factory/Edge-TTS,微软服务条款，仅研究评测用途,edgetts,minnan,SC-000013,zh-TW-YunJheNeural,
data/redteam/factory/edgetts/minnan/edgetts_minnan_zh-TW-YunJheNeural_SC-000013.phone8k.wav,spoof,RT-EDGETTS-MINNAN,phone8k,redteam_factory/Edge-TTS,微软服务条款，仅研究评测用途,edgetts,minnan,SC-000013,zh-TW-YunJheNeural,
data/redteam/factory/edgetts/minnan/edgetts_minnan_zh-TW-YunJheNeural_SC-000013.mp3_16k.mp3,spoof,RT-EDGETTS-MINNAN,mp3_16k,redteam_factory/Edge-TTS,微软服务条款，仅研究评测用途,edgetts,minnan,SC-000013,zh-TW-YunJheNeural,
data/redteam/factory/edgetts/minnan/edgetts_minnan_zh-TW-YunJheNeural_SC-000013.amr.wav,spoof,RT-EDGETTS-MINNAN,amr,redteam_factory/Edge-TTS,微软服务条款，仅研究评测用途,edgetts,minnan,SC-000013,zh-TW-YunJheNeural,
data/redteam/factory/edgetts/minnan/edgetts_minnan_zh-TW-YunJheNeural_SC-000013.noise.wav,spoof,RT-EDGETTS-MINNAN,noise,redteam_factory/Edge-TTS,微软服务条款，仅研究评测用途,edgetts,minnan,SC-000013,zh-TW-YunJheNeural,
data/redteam/factory/edgetts/minnan/edgetts_minnan_zh-TW-YunJheNeural_SC-000014.wav,spoof,RT-EDGETTS-MINNAN,clean,redteam_factory/Edge-TTS,微软服务条款，仅研究评测用途,edgetts,minnan,SC-000014,zh-TW-YunJheNeural,
data/redteam/factory/edgetts/minnan/edgetts_minnan_zh-TW-YunJheNeural_SC-000014.phone8k.wav,spoof,RT-EDGETTS-MINNAN,phone8k,redteam_factory/Edge-TTS,微软服务条款，仅研究评测用途,edgetts,minnan,SC-000014,zh-TW-YunJheNeural,
data/redteam/factory/edgetts/minnan/edgetts_minnan_zh-TW-YunJheNeural_SC-000014.mp3_16k.mp3,spoof,RT-EDGETTS-MINNAN,mp3_16k,redteam_factory/Edge-TTS,微软服务条款，仅研究评测用途,edgetts,minnan,SC-000014,zh-TW-YunJheNeural,
data/redteam/factory/edgetts/minnan/edgetts_minnan_zh-TW-YunJheNeural_SC-000014.amr.wav,spoof,RT-EDGETTS-MINNAN,amr,redteam_factory/Edge-TTS,微软服务条款，仅研究评测用途,edgetts,minnan,SC-000014,zh-TW-YunJheNeural,
data/redteam/factory/edgetts/minnan/edgetts_minnan_zh-TW-YunJheNeural_SC-000014.noise.wav,spoof,RT-EDGETTS-MINNAN,noise,redteam_factory/Edge-TTS,微软服务条款，仅研究评测用途,edgetts,minnan,SC-000014,zh-TW-YunJheNeural,
data/redteam/factory/edgetts/minnan/edgetts_minnan_zh-TW-YunJheNeural_SC-000015.wav,spoof,RT-EDGETTS-MINNAN,clean,redteam_factory/Edge-TTS,微软服务条款，仅研究评测用途,edgetts,minnan,SC-000015,zh-TW-YunJheNeural,
data/redteam/factory/edgetts/minnan/edgetts_minnan_zh-TW-YunJheNeural_SC-000015.phone8k.wav,spoof,RT-EDGETTS-MINNAN,phone8k,redteam_factory/Edge-TTS,微软服务条款，仅研究评测用途,edgetts,minnan,SC-000015,zh-TW-YunJheNeural,
data/redteam/factory/edgetts/minnan/edgetts_minnan_zh-TW-YunJheNeural_SC-000015.mp3_16k.mp3,spoof,RT-EDGETTS-MINNAN,mp3_16k,redteam_factory/Edge-TTS,微软服务条款，仅研究评测用途,edgetts,minnan,SC-000015,zh-TW-YunJheNeural,
data/redteam/factory/edgetts/minnan/edgetts_minnan_zh-TW-YunJheNeural_SC-000015.amr.wav,spoof,RT-EDGETTS-MINNAN,amr,redteam_factory/Edge-TTS,微软服务条款，仅研究评测用途,edgetts,minnan,SC-000015,zh-TW-YunJheNeural,
data/redteam/factory/edgetts/minnan/edgetts_minnan_zh-TW-YunJheNeural_SC-000015.noise.wav,spoof,RT-EDGETTS-MINNAN,noise,redteam_factory/Edge-TTS,微软服务条款，仅研究评测用途,edgetts,minnan,SC-000015,zh-TW-YunJheNeural,
data/redteam/factory/edgetts/minnan/edgetts_minnan_zh-TW-YunJheNeural_SC-000016.wav,spoof,RT-EDGETTS-MINNAN,clean,redteam_factory/Edge-TTS,微软服务条款，仅研究评测用途,edgetts,minnan,SC-000016,zh-TW-YunJheNeural,
data/redteam/factory/edgetts/minnan/edgetts_minnan_zh-TW-YunJheNeural_SC-000016.phone8k.wav,spoof,RT-EDGETTS-MINNAN,phone8k,redteam_factory/Edge-TTS,微软服务条款，仅研究评测用途,edgetts,minnan,SC-000016,zh-TW-YunJheNeural,
data/redteam/factory/edgetts/minnan/edgetts_minnan_zh-TW-YunJheNeural_SC-000016.mp3_16k.mp3,spoof,RT-EDGETTS-MINNAN,mp3_16k,redteam_factory/Edge-TTS,微软服务条款，仅研究评测用途,edgetts,minnan,SC-000016,zh-TW-YunJheNeural,
data/redteam/factory/edgetts/minnan/edgetts_minnan_zh-TW-YunJheNeural_SC-000016.amr.wav,spoof,RT-EDGETTS-MINNAN,amr,redteam_factory/Edge-TTS,微软服务条款，仅研究评测用途,edgetts,minnan,SC-000016,zh-TW-YunJheNeural,
data/redteam/factory/edgetts/minnan/edgetts_minnan_zh-TW-YunJheNeural_SC-000016.noise.wav,spoof,RT-EDGETTS-MINNAN,noise,redteam_factory/Edge-TTS,微软服务条款，仅研究评测用途,edgetts,minnan,SC-000016,zh-TW-YunJheNeural,
data/redteam/factory/edgetts/minnan/edgetts_minnan_zh-TW-YunJheNeural_SC-000017.wav,spoof,RT-EDGETTS-MINNAN,clean,redteam_factory/Edge-TTS,微软服务条款，仅研究评测用途,edgetts,minnan,SC-000017,zh-TW-YunJheNeural,
data/redteam/factory/edgetts/minnan/edgetts_minnan_zh-TW-YunJheNeural_SC-000017.phone8k.wav,spoof,RT-EDGETTS-MINNAN,phone8k,redteam_factory/Edge-TTS,微软服务条款，仅研究评测用途,edgetts,minnan,SC-000017,zh-TW-YunJheNeural,
data/redteam/factory/edgetts/minnan/edgetts_minnan_zh-TW-YunJheNeural_SC-000017.mp3_16k.mp3,spoof,RT-EDGETTS-MINNAN,mp3_16k,redteam_factory/Edge-TTS,微软服务条款，仅研究评测用途,edgetts,minnan,SC-000017,zh-TW-YunJheNeural,
data/redteam/factory/edgetts/minnan/edgetts_minnan_zh-TW-YunJheNeural_SC-000017.amr.wav,spoof,RT-EDGETTS-MINNAN,amr,redteam_factory/Edge-TTS,微软服务条款，仅研究评测用途,edgetts,minnan,SC-000017,zh-TW-YunJheNeural,
data/redteam/factory/edgetts/minnan/edgetts_minnan_zh-TW-YunJheNeural_SC-000017.noise.wav,spoof,RT-EDGETTS-MINNAN,noise,redteam_factory/Edge-TTS,微软服务条款，仅研究评测用途,edgetts,minnan,SC-000017,zh-TW-YunJheNeural,
data/redteam/factory/edgetts/minnan/edgetts_minnan_zh-TW-YunJheNeural_SC-000018.wav,spoof,RT-EDGETTS-MINNAN,clean,redteam_factory/Edge-TTS,微软服务条款，仅研究评测用途,edgetts,minnan,SC-000018,zh-TW-YunJheNeural,
data/redteam/factory/edgetts/minnan/edgetts_minnan_zh-TW-YunJheNeural_SC-000018.phone8k.wav,spoof,RT-EDGETTS-MINNAN,phone8k,redteam_factory/Edge-TTS,微软服务条款，仅研究评测用途,edgetts,minnan,SC-000018,zh-TW-YunJheNeural,
data/redteam/factory/edgetts/minnan/edgetts_minnan_zh-TW-YunJheNeural_SC-000018.mp3_16k.mp3,spoof,RT-EDGETTS-MINNAN,mp3_16k,redteam_factory/Edge-TTS,微软服务条款，仅研究评测用途,edgetts,minnan,SC-000018,zh-TW-YunJheNeural,
data/redteam/factory/edgetts/minnan/edgetts_minnan_zh-TW-YunJheNeural_SC-000018.amr.wav,spoof,RT-EDGETTS-MINNAN,amr,redteam_factory/Edge-TTS,微软服务条款，仅研究评测用途,edgetts,minnan,SC-000018,zh-TW-YunJheNeural,
data/redteam/factory/edgetts/minnan/edgetts_minnan_zh-TW-YunJheNeural_SC-000018.noise.wav,spoof,RT-EDGETTS-MINNAN,noise,redteam_factory/Edge-TTS,微软服务条款，仅研究评测用途,edgetts,minnan,SC-000018,zh-TW-YunJheNeural,
data/redteam/factory/edgetts/minnan/edgetts_minnan_zh-TW-YunJheNeural_SC-000019.wav,spoof,RT-EDGETTS-MINNAN,clean,redteam_factory/Edge-TTS,微软服务条款，仅研究评测用途,edgetts,minnan,SC-000019,zh-TW-YunJheNeural,
data/redteam/factory/edgetts/minnan/edgetts_minnan_zh-TW-YunJheNeural_SC-000019.phone8k.wav,spoof,RT-EDGETTS-MINNAN,phone8k,redteam_factory/Edge-TTS,微软服务条款，仅研究评测用途,edgetts,minnan,SC-000019,zh-TW-YunJheNeural,
data/redteam/factory/edgetts/minnan/edgetts_minnan_zh-TW-YunJheNeural_SC-000019.mp3_16k.mp3,spoof,RT-EDGETTS-MINNAN,mp3_16k,redteam_factory/Edge-TTS,微软服务条款，仅研究评测用途,edgetts,minnan,SC-000019,zh-TW-YunJheNeural,
data/redteam/factory/edgetts/minnan/edgetts_minnan_zh-TW-YunJheNeural_SC-000019.amr.wav,spoof,RT-EDGETTS-MINNAN,amr,redteam_factory/Edge-TTS,微软服务条款，仅研究评测用途,edgetts,minnan,SC-000019,zh-TW-YunJheNeural,
data/redteam/factory/edgetts/minnan/edgetts_minnan_zh-TW-YunJheNeural_SC-000019.noise.wav,spoof,RT-EDGETTS-MINNAN,noise,redteam_factory/Edge-TTS,微软服务条款，仅研究评测用途,edgetts,minnan,SC-000019,zh-TW-YunJheNeural,
data/redteam/factory/edgetts/minnan/edgetts_minnan_zh-TW-YunJheNeural_SC-000021.wav,spoof,RT-EDGETTS-MINNAN,clean,redteam_factory/Edge-TTS,微软服务条款，仅研究评测用途,edgetts,minnan,SC-000021,zh-TW-YunJheNeural,
data/redteam/factory/edgetts/minnan/edgetts_minnan_zh-TW-YunJheNeural_SC-000021.phone8k.wav,spoof,RT-EDGETTS-MINNAN,phone8k,redteam_factory/Edge-TTS,微软服务条款，仅研究评测用途,edgetts,minnan,SC-000021,zh-TW-YunJheNeural,
data/redteam/factory/edgetts/minnan/edgetts_minnan_zh-TW-YunJheNeural_SC-000021.mp3_16k.mp3,spoof,RT-EDGETTS-MINNAN,mp3_16k,redteam_factory/Edge-TTS,微软服务条款，仅研究评测用途,edgetts,minnan,SC-000021,zh-TW-YunJheNeural,
data/redteam/factory/edgetts/minnan/edgetts_minnan_zh-TW-YunJheNeural_SC-000021.amr.wav,spoof,RT-EDGETTS-MINNAN,amr,redteam_factory/Edge-TTS,微软服务条款，仅研究评测用途,edgetts,minnan,SC-000021,zh-TW-YunJheNeural,
data/redteam/factory/edgetts/minnan/edgetts_minnan_zh-TW-YunJheNeural_SC-000021.noise.wav,spoof,RT-EDGETTS-MINNAN,noise,redteam_factory/Edge-TTS,微软服务条款，仅研究评测用途,edgetts,minnan,SC-000021,zh-TW-YunJheNeural,
data/redteam/factory/edgetts/minnan/edgetts_minnan_zh-TW-YunJheNeural_SC-000022.wav,spoof,RT-EDGETTS-MINNAN,clean,redteam_factory/Edge-TTS,微软服务条款，仅研究评测用途,edgetts,minnan,SC-000022,zh-TW-YunJheNeural,
data/redteam/factory/edgetts/minnan/edgetts_minnan_zh-TW-YunJheNeural_SC-000022.phone8k.wav,spoof,RT-EDGETTS-MINNAN,phone8k,redteam_factory/Edge-TTS,微软服务条款，仅研究评测用途,edgetts,minnan,SC-000022,zh-TW-YunJheNeural,
data/redteam/factory/edgetts/minnan/edgetts_minnan_zh-TW-YunJheNeural_SC-000022.mp3_16k.mp3,spoof,RT-EDGETTS-MINNAN,mp3_16k,redteam_factory/Edge-TTS,微软服务条款，仅研究评测用途,edgetts,minnan,SC-000022,zh-TW-YunJheNeural,
data/redteam/factory/edgetts/minnan/edgetts_minnan_zh-TW-YunJheNeural_SC-000022.amr.wav,spoof,RT-EDGETTS-MINNAN,amr,redteam_factory/Edge-TTS,微软服务条款，仅研究评测用途,edgetts,minnan,SC-000022,zh-TW-YunJheNeural,
data/redteam/factory/edgetts/minnan/edgetts_minnan_zh-TW-YunJheNeural_SC-000022.noise.wav,spoof,RT-EDGETTS-MINNAN,noise,redteam_factory/Edge-TTS,微软服务条款，仅研究评测用途,edgetts,minnan,SC-000022,zh-TW-YunJheNeural,
data/redteam/factory/edgetts/minnan/edgetts_minnan_zh-TW-YunJheNeural_SC-000024.wav,spoof,RT-EDGETTS-MINNAN,clean,redteam_factory/Edge-TTS,微软服务条款，仅研究评测用途,edgetts,minnan,SC-000024,zh-TW-YunJheNeural,
data/redteam/factory/edgetts/minnan/edgetts_minnan_zh-TW-YunJheNeural_SC-000024.phone8k.wav,spoof,RT-EDGETTS-MINNAN,phone8k,redteam_factory/Edge-TTS,微软服务条款，仅研究评测用途,edgetts,minnan,SC-000024,zh-TW-YunJheNeural,
data/redteam/factory/edgetts/minnan/edgetts_minnan_zh-TW-YunJheNeural_SC-000024.mp3_16k.mp3,spoof,RT-EDGETTS-MINNAN,mp3_16k,redteam_factory/Edge-TTS,微软服务条款，仅研究评测用途,edgetts,minnan,SC-000024,zh-TW-YunJheNeural,
data/redteam/factory/edgetts/minnan/edgetts_minnan_zh-TW-YunJheNeural_SC-000024.amr.wav,spoof,RT-EDGETTS-MINNAN,amr,redteam_factory/Edge-TTS,微软服务条款，仅研究评测用途,edgetts,minnan,SC-000024,zh-TW-YunJheNeural,
data/redteam/factory/edgetts/minnan/edgetts_minnan_zh-TW-YunJheNeural_SC-000024.noise.wav,spoof,RT-EDGETTS-MINNAN,noise,redteam_factory/Edge-TTS,微软服务条款，仅研究评测用途,edgetts,minnan,SC-000024,zh-TW-YunJheNeural,
data/redteam/factory/edgetts/minnan/edgetts_minnan_zh-TW-YunJheNeural_SC-000025.wav,spoof,RT-EDGETTS-MINNAN,clean,redteam_factory/Edge-TTS,微软服务条款，仅研究评测用途,edgetts,minnan,SC-000025,zh-TW-YunJheNeural,
data/redteam/factory/edgetts/minnan/edgetts_minnan_zh-TW-YunJheNeural_SC-000025.phone8k.wav,spoof,RT-EDGETTS-MINNAN,phone8k,redteam_factory/Edge-TTS,微软服务条款，仅研究评测用途,edgetts,minnan,SC-000025,zh-TW-YunJheNeural,
data/redteam/factory/edgetts/minnan/edgetts_minnan_zh-TW-YunJheNeural_SC-000025.mp3_16k.mp3,spoof,RT-EDGETTS-MINNAN,mp3_16k,redteam_factory/Edge-TTS,微软服务条款，仅研究评测用途,edgetts,minnan,SC-000025,zh-TW-YunJheNeural,
data/redteam/factory/edgetts/minnan/edgetts_minnan_zh-TW-YunJheNeural_SC-000025.amr.wav,spoof,RT-EDGETTS-MINNAN,amr,redteam_factory/Edge-TTS,微软服务条款，仅研究评测用途,edgetts,minnan,SC-000025,zh-TW-YunJheNeural,
data/redteam/factory/edgetts/minnan/edgetts_minnan_zh-TW-YunJheNeural_SC-000025.noise.wav,spoof,RT-EDGETTS-MINNAN,noise,redteam_factory/Edge-TTS,微软服务条款，仅研究评测用途,edgetts,minnan,SC-000025,zh-TW-YunJheNeural,
data/redteam/factory/edgetts/minnan/edgetts_minnan_zh-TW-YunJheNeural_SC-000026.wav,spoof,RT-EDGETTS-MINNAN,clean,redteam_factory/Edge-TTS,微软服务条款，仅研究评测用途,edgetts,minnan,SC-000026,zh-TW-YunJheNeural,
data/redteam/factory/edgetts/minnan/edgetts_minnan_zh-TW-YunJheNeural_SC-000026.phone8k.wav,spoof,RT-EDGETTS-MINNAN,phone8k,redteam_factory/Edge-TTS,微软服务条款，仅研究评测用途,edgetts,minnan,SC-000026,zh-TW-YunJheNeural,
data/redteam/factory/edgetts/minnan/edgetts_minnan_zh-TW-YunJheNeural_SC-000026.mp3_16k.mp3,spoof,RT-EDGETTS-MINNAN,mp3_16k,redteam_factory/Edge-TTS,微软服务条款，仅研究评测用途,edgetts,minnan,SC-000026,zh-TW-YunJheNeural,
data/redteam/factory/edgetts/minnan/edgetts_minnan_zh-TW-YunJheNeural_SC-000026.amr.wav,spoof,RT-EDGETTS-MINNAN,amr,redteam_factory/Edge-TTS,微软服务条款，仅研究评测用途,edgetts,minnan,SC-000026,zh-TW-YunJheNeural,
data/redteam/factory/edgetts/minnan/edgetts_minnan_zh-TW-YunJheNeural_SC-000026.noise.wav,spoof,RT-EDGETTS-MINNAN,noise,redteam_factory/Edge-TTS,微软服务条款，仅研究评测用途,edgetts,minnan,SC-000026,zh-TW-YunJheNeural,
data/redteam/factory/edgetts/minnan/edgetts_minnan_zh-TW-YunJheNeural_SC-000027.wav,spoof,RT-EDGETTS-MINNAN,clean,redteam_factory/Edge-TTS,微软服务条款，仅研究评测用途,edgetts,minnan,SC-000027,zh-TW-YunJheNeural,
data/redteam/factory/edgetts/minnan/edgetts_minnan_zh-TW-YunJheNeural_SC-000027.phone8k.wav,spoof,RT-EDGETTS-MINNAN,phone8k,redteam_factory/Edge-TTS,微软服务条款，仅研究评测用途,edgetts,minnan,SC-000027,zh-TW-YunJheNeural,
data/redteam/factory/edgetts/minnan/edgetts_minnan_zh-TW-YunJheNeural_SC-000027.mp3_16k.mp3,spoof,RT-EDGETTS-MINNAN,mp3_16k,redteam_factory/Edge-TTS,微软服务条款，仅研究评测用途,edgetts,minnan,SC-000027,zh-TW-YunJheNeural,
data/redteam/factory/edgetts/minnan/edgetts_minnan_zh-TW-YunJheNeural_SC-000027.amr.wav,spoof,RT-EDGETTS-MINNAN,amr,redteam_factory/Edge-TTS,微软服务条款，仅研究评测用途,edgetts,minnan,SC-000027,zh-TW-YunJheNeural,
data/redteam/factory/edgetts/minnan/edgetts_minnan_zh-TW-YunJheNeural_SC-000027.noise.wav,spoof,RT-EDGETTS-MINNAN,noise,redteam_factory/Edge-TTS,微软服务条款，仅研究评测用途,edgetts,minnan,SC-000027,zh-TW-YunJheNeural,
data/redteam/factory/edgetts/minnan/edgetts_minnan_zh-TW-YunJheNeural_SC-000028.wav,spoof,RT-EDGETTS-MINNAN,clean,redteam_factory/Edge-TTS,微软服务条款，仅研究评测用途,edgetts,minnan,SC-000028,zh-TW-YunJheNeural,
data/redteam/factory/edgetts/minnan/edgetts_minnan_zh-TW-YunJheNeural_SC-000028.phone8k.wav,spoof,RT-EDGETTS-MINNAN,phone8k,redteam_factory/Edge-TTS,微软服务条款，仅研究评测用途,edgetts,minnan,SC-000028,zh-TW-YunJheNeural,
data/redteam/factory/edgetts/minnan/edgetts_minnan_zh-TW-YunJheNeural_SC-000028.mp3_16k.mp3,spoof,RT-EDGETTS-MINNAN,mp3_16k,redteam_factory/Edge-TTS,微软服务条款，仅研究评测用途,edgetts,minnan,SC-000028,zh-TW-YunJheNeural,
data/redteam/factory/edgetts/minnan/edgetts_minnan_zh-TW-YunJheNeural_SC-000028.amr.wav,spoof,RT-EDGETTS-MINNAN,amr,redteam_factory/Edge-TTS,微软服务条款，仅研究评测用途,edgetts,minnan,SC-000028,zh-TW-YunJheNeural,
data/redteam/factory/edgetts/minnan/edgetts_minnan_zh-TW-YunJheNeural_SC-000028.noise.wav,spoof,RT-EDGETTS-MINNAN,noise,redteam_factory/Edge-TTS,微软服务条款，仅研究评测用途,edgetts,minnan,SC-000028,zh-TW-YunJheNeural,
data/redteam/factory/edgetts/minnan/edgetts_minnan_zh-TW-YunJheNeural_SC-000029.wav,spoof,RT-EDGETTS-MINNAN,clean,redteam_factory/Edge-TTS,微软服务条款，仅研究评测用途,edgetts,minnan,SC-000029,zh-TW-YunJheNeural,
data/redteam/factory/edgetts/minnan/edgetts_minnan_zh-TW-YunJheNeural_SC-000029.phone8k.wav,spoof,RT-EDGETTS-MINNAN,phone8k,redteam_factory/Edge-TTS,微软服务条款，仅研究评测用途,edgetts,minnan,SC-000029,zh-TW-YunJheNeural,
data/redteam/factory/edgetts/minnan/edgetts_minnan_zh-TW-YunJheNeural_SC-000029.mp3_16k.mp3,spoof,RT-EDGETTS-MINNAN,mp3_16k,redteam_factory/Edge-TTS,微软服务条款，仅研究评测用途,edgetts,minnan,SC-000029,zh-TW-YunJheNeural,
data/redteam/factory/edgetts/minnan/edgetts_minnan_zh-TW-YunJheNeural_SC-000029.amr.wav,spoof,RT-EDGETTS-MINNAN,amr,redteam_factory/Edge-TTS,微软服务条款，仅研究评测用途,edgetts,minnan,SC-000029,zh-TW-YunJheNeural,
data/redteam/factory/edgetts/minnan/edgetts_minnan_zh-TW-YunJheNeural_SC-000029.noise.wav,spoof,RT-EDGETTS-MINNAN,noise,redteam_factory/Edge-TTS,微软服务条款，仅研究评测用途,edgetts,minnan,SC-000029,zh-TW-YunJheNeural,
data/redteam/factory/edgetts/sichuan/edgetts_sichuan_zh-CN-YunxiNeural_SC-000010.wav,spoof,RT-EDGETTS-SICHUAN,clean,redteam_factory/Edge-TTS,微软服务条款，仅研究评测用途,edgetts,sichuan,SC-000010,zh-CN-YunxiNeural,
data/redteam/factory/edgetts/sichuan/edgetts_sichuan_zh-CN-YunxiNeural_SC-000010.phone8k.wav,spoof,RT-EDGETTS-SICHUAN,phone8k,redteam_factory/Edge-TTS,微软服务条款，仅研究评测用途,edgetts,sichuan,SC-000010,zh-CN-YunxiNeural,
data/redteam/factory/edgetts/sichuan/edgetts_sichuan_zh-CN-YunxiNeural_SC-000010.mp3_16k.mp3,spoof,RT-EDGETTS-SICHUAN,mp3_16k,redteam_factory/Edge-TTS,微软服务条款，仅研究评测用途,edgetts,sichuan,SC-000010,zh-CN-YunxiNeural,
data/redteam/factory/edgetts/sichuan/edgetts_sichuan_zh-CN-YunxiNeural_SC-000010.amr.wav,spoof,RT-EDGETTS-SICHUAN,amr,redteam_factory/Edge-TTS,微软服务条款，仅研究评测用途,edgetts,sichuan,SC-000010,zh-CN-YunxiNeural,
data/redteam/factory/edgetts/sichuan/edgetts_sichuan_zh-CN-YunxiNeural_SC-000010.noise.wav,spoof,RT-EDGETTS-SICHUAN,noise,redteam_factory/Edge-TTS,微软服务条款，仅研究评测用途,edgetts,sichuan,SC-000010,zh-CN-YunxiNeural,
data/redteam/factory/edgetts/sichuan/edgetts_sichuan_zh-CN-YunxiNeural_SC-000029.wav,spoof,RT-EDGETTS-SICHUAN,clean,redteam_factory/Edge-TTS,微软服务条款，仅研究评测用途,edgetts,sichuan,SC-000029,zh-CN-YunxiNeural,
data/redteam/factory/edgetts/sichuan/edgetts_sichuan_zh-CN-YunxiNeural_SC-000029.phone8k.wav,spoof,RT-EDGETTS-SICHUAN,phone8k,redteam_factory/Edge-TTS,微软服务条款，仅研究评测用途,edgetts,sichuan,SC-000029,zh-CN-YunxiNeural,
data/redteam/factory/edgetts/sichuan/edgetts_sichuan_zh-CN-YunxiNeural_SC-000029.mp3_16k.mp3,spoof,RT-EDGETTS-SICHUAN,mp3_16k,redteam_factory/Edge-TTS,微软服务条款，仅研究评测用途,edgetts,sichuan,SC-000029,zh-CN-YunxiNeural,
data/redteam/factory/edgetts/sichuan/edgetts_sichuan_zh-CN-YunxiNeural_SC-000029.amr.wav,spoof,RT-EDGETTS-SICHUAN,amr,redteam_factory/Edge-TTS,微软服务条款，仅研究评测用途,edgetts,sichuan,SC-000029,zh-CN-YunxiNeural,
data/redteam/factory/edgetts/sichuan/edgetts_sichuan_zh-CN-YunxiNeural_SC-000029.noise.wav,spoof,RT-EDGETTS-SICHUAN,noise,redteam_factory/Edge-TTS,微软服务条款，仅研究评测用途,edgetts,sichuan,SC-000029,zh-CN-YunxiNeural,
data/redteam/factory/edgetts/sichuan/edgetts_sichuan_zh-CN-YunxiNeural_SC-000001.wav,spoof,RT-EDGETTS-SICHUAN,clean,redteam_factory/Edge-TTS,微软服务条款，仅研究评测用途,edgetts,sichuan,SC-000001,zh-CN-YunxiNeural,
data/redteam/factory/edgetts/sichuan/edgetts_sichuan_zh-CN-YunxiNeural_SC-000001.phone8k.wav,spoof,RT-EDGETTS-SICHUAN,phone8k,redteam_factory/Edge-TTS,微软服务条款，仅研究评测用途,edgetts,sichuan,SC-000001,zh-CN-YunxiNeural,
data/redteam/factory/edgetts/sichuan/edgetts_sichuan_zh-CN-YunxiNeural_SC-000001.mp3_16k.mp3,spoof,RT-EDGETTS-SICHUAN,mp3_16k,redteam_factory/Edge-TTS,微软服务条款，仅研究评测用途,edgetts,sichuan,SC-000001,zh-CN-YunxiNeural,
data/redteam/factory/edgetts/sichuan/edgetts_sichuan_zh-CN-YunxiNeural_SC-000001.amr.wav,spoof,RT-EDGETTS-SICHUAN,amr,redteam_factory/Edge-TTS,微软服务条款，仅研究评测用途,edgetts,sichuan,SC-000001,zh-CN-YunxiNeural,
data/redteam/factory/edgetts/sichuan/edgetts_sichuan_zh-CN-YunxiNeural_SC-000001.noise.wav,spoof,RT-EDGETTS-SICHUAN,noise,redteam_factory/Edge-TTS,微软服务条款，仅研究评测用途,edgetts,sichuan,SC-000001,zh-CN-YunxiNeural,
data/redteam/factory/edgetts/sichuan/edgetts_sichuan_zh-CN-YunxiNeural_SC-000002.wav,spoof,RT-EDGETTS-SICHUAN,clean,redteam_factory/Edge-TTS,微软服务条款，仅研究评测用途,edgetts,sichuan,SC-000002,zh-CN-YunxiNeural,
data/redteam/factory/edgetts/sichuan/edgetts_sichuan_zh-CN-YunxiNeural_SC-000002.phone8k.wav,spoof,RT-EDGETTS-SICHUAN,phone8k,redteam_factory/Edge-TTS,微软服务条款，仅研究评测用途,edgetts,sichuan,SC-000002,zh-CN-YunxiNeural,
data/redteam/factory/edgetts/sichuan/edgetts_sichuan_zh-CN-YunxiNeural_SC-000002.mp3_16k.mp3,spoof,RT-EDGETTS-SICHUAN,mp3_16k,redteam_factory/Edge-TTS,微软服务条款，仅研究评测用途,edgetts,sichuan,SC-000002,zh-CN-YunxiNeural,
data/redteam/factory/edgetts/sichuan/edgetts_sichuan_zh-CN-YunxiNeural_SC-000002.amr.wav,spoof,RT-EDGETTS-SICHUAN,amr,redteam_factory/Edge-TTS,微软服务条款，仅研究评测用途,edgetts,sichuan,SC-000002,zh-CN-YunxiNeural,
data/redteam/factory/edgetts/sichuan/edgetts_sichuan_zh-CN-YunxiNeural_SC-000002.noise.wav,spoof,RT-EDGETTS-SICHUAN,noise,redteam_factory/Edge-TTS,微软服务条款，仅研究评测用途,edgetts,sichuan,SC-000002,zh-CN-YunxiNeural,
data/redteam/factory/edgetts/sichuan/edgetts_sichuan_zh-CN-YunxiNeural_SC-000003.wav,spoof,RT-EDGETTS-SICHUAN,clean,redteam_factory/Edge-TTS,微软服务条款，仅研究评测用途,edgetts,sichuan,SC-000003,zh-CN-YunxiNeural,
data/redteam/factory/edgetts/sichuan/edgetts_sichuan_zh-CN-YunxiNeural_SC-000003.phone8k.wav,spoof,RT-EDGETTS-SICHUAN,phone8k,redteam_factory/Edge-TTS,微软服务条款，仅研究评测用途,edgetts,sichuan,SC-000003,zh-CN-YunxiNeural,
data/redteam/factory/edgetts/sichuan/edgetts_sichuan_zh-CN-YunxiNeural_SC-000003.mp3_16k.mp3,spoof,RT-EDGETTS-SICHUAN,mp3_16k,redteam_factory/Edge-TTS,微软服务条款，仅研究评测用途,edgetts,sichuan,SC-000003,zh-CN-YunxiNeural,
data/redteam/factory/edgetts/sichuan/edgetts_sichuan_zh-CN-YunxiNeural_SC-000003.amr.wav,spoof,RT-EDGETTS-SICHUAN,amr,redteam_factory/Edge-TTS,微软服务条款，仅研究评测用途,edgetts,sichuan,SC-000003,zh-CN-YunxiNeural,
data/redteam/factory/edgetts/sichuan/edgetts_sichuan_zh-CN-YunxiNeural_SC-000003.noise.wav,spoof,RT-EDGETTS-SICHUAN,noise,redteam_factory/Edge-TTS,微软服务条款，仅研究评测用途,edgetts,sichuan,SC-000003,zh-CN-YunxiNeural,
data/redteam/factory/edgetts/sichuan/edgetts_sichuan_zh-CN-YunxiNeural_SC-000004.wav,spoof,RT-EDGETTS-SICHUAN,clean,redteam_factory/Edge-TTS,微软服务条款，仅研究评测用途,edgetts,sichuan,SC-000004,zh-CN-YunxiNeural,
data/redteam/factory/edgetts/sichuan/edgetts_sichuan_zh-CN-YunxiNeural_SC-000004.phone8k.wav,spoof,RT-EDGETTS-SICHUAN,phone8k,redteam_factory/Edge-TTS,微软服务条款，仅研究评测用途,edgetts,sichuan,SC-000004,zh-CN-YunxiNeural,
data/redteam/factory/edgetts/sichuan/edgetts_sichuan_zh-CN-YunxiNeural_SC-000004.mp3_16k.mp3,spoof,RT-EDGETTS-SICHUAN,mp3_16k,redteam_factory/Edge-TTS,微软服务条款，仅研究评测用途,edgetts,sichuan,SC-000004,zh-CN-YunxiNeural,
data/redteam/factory/edgetts/sichuan/edgetts_sichuan_zh-CN-YunxiNeural_SC-000004.amr.wav,spoof,RT-EDGETTS-SICHUAN,amr,redteam_factory/Edge-TTS,微软服务条款，仅研究评测用途,edgetts,sichuan,SC-000004,zh-CN-YunxiNeural,
data/redteam/factory/edgetts/sichuan/edgetts_sichuan_zh-CN-YunxiNeural_SC-000004.noise.wav,spoof,RT-EDGETTS-SICHUAN,noise,redteam_factory/Edge-TTS,微软服务条款，仅研究评测用途,edgetts,sichuan,SC-000004,zh-CN-YunxiNeural,
data/redteam/factory/edgetts/sichuan/edgetts_sichuan_zh-CN-YunxiNeural_SC-000005.wav,spoof,RT-EDGETTS-SICHUAN,clean,redteam_factory/Edge-TTS,微软服务条款，仅研究评测用途,edgetts,sichuan,SC-000005,zh-CN-YunxiNeural,
data/redteam/factory/edgetts/sichuan/edgetts_sichuan_zh-CN-YunxiNeural_SC-000005.phone8k.wav,spoof,RT-EDGETTS-SICHUAN,phone8k,redteam_factory/Edge-TTS,微软服务条款，仅研究评测用途,edgetts,sichuan,SC-000005,zh-CN-YunxiNeural,
data/redteam/factory/edgetts/sichuan/edgetts_sichuan_zh-CN-YunxiNeural_SC-000005.mp3_16k.mp3,spoof,RT-EDGETTS-SICHUAN,mp3_16k,redteam_factory/Edge-TTS,微软服务条款，仅研究评测用途,edgetts,sichuan,SC-000005,zh-CN-YunxiNeural,
data/redteam/factory/edgetts/sichuan/edgetts_sichuan_zh-CN-YunxiNeural_SC-000005.amr.wav,spoof,RT-EDGETTS-SICHUAN,amr,redteam_factory/Edge-TTS,微软服务条款，仅研究评测用途,edgetts,sichuan,SC-000005,zh-CN-YunxiNeural,
data/redteam/factory/edgetts/sichuan/edgetts_sichuan_zh-CN-YunxiNeural_SC-000005.noise.wav,spoof,RT-EDGETTS-SICHUAN,noise,redteam_factory/Edge-TTS,微软服务条款，仅研究评测用途,edgetts,sichuan,SC-000005,zh-CN-YunxiNeural,
data/redteam/factory/edgetts/sichuan/edgetts_sichuan_zh-CN-YunxiNeural_SC-000006.wav,spoof,RT-EDGETTS-SICHUAN,clean,redteam_factory/Edge-TTS,微软服务条款，仅研究评测用途,edgetts,sichuan,SC-000006,zh-CN-YunxiNeural,
data/redteam/factory/edgetts/sichuan/edgetts_sichuan_zh-CN-YunxiNeural_SC-000006.phone8k.wav,spoof,RT-EDGETTS-SICHUAN,phone8k,redteam_factory/Edge-TTS,微软服务条款，仅研究评测用途,edgetts,sichuan,SC-000006,zh-CN-YunxiNeural,
data/redteam/factory/edgetts/sichuan/edgetts_sichuan_zh-CN-YunxiNeural_SC-000006.mp3_16k.mp3,spoof,RT-EDGETTS-SICHUAN,mp3_16k,redteam_factory/Edge-TTS,微软服务条款，仅研究评测用途,edgetts,sichuan,SC-000006,zh-CN-YunxiNeural,
data/redteam/factory/edgetts/sichuan/edgetts_sichuan_zh-CN-YunxiNeural_SC-000006.amr.wav,spoof,RT-EDGETTS-SICHUAN,amr,redteam_factory/Edge-TTS,微软服务条款，仅研究评测用途,edgetts,sichuan,SC-000006,zh-CN-YunxiNeural,
data/redteam/factory/edgetts/sichuan/edgetts_sichuan_zh-CN-YunxiNeural_SC-000006.noise.wav,spoof,RT-EDGETTS-SICHUAN,noise,redteam_factory/Edge-TTS,微软服务条款，仅研究评测用途,edgetts,sichuan,SC-000006,zh-CN-YunxiNeural,
data/redteam/factory/edgetts/sichuan/edgetts_sichuan_zh-CN-YunxiNeural_SC-000007.wav,spoof,RT-EDGETTS-SICHUAN,clean,redteam_factory/Edge-TTS,微软服务条款，仅研究评测用途,edgetts,sichuan,SC-000007,zh-CN-YunxiNeural,
data/redteam/factory/edgetts/sichuan/edgetts_sichuan_zh-CN-YunxiNeural_SC-000007.phone8k.wav,spoof,RT-EDGETTS-SICHUAN,phone8k,redteam_factory/Edge-TTS,微软服务条款，仅研究评测用途,edgetts,sichuan,SC-000007,zh-CN-YunxiNeural,
data/redteam/factory/edgetts/sichuan/edgetts_sichuan_zh-CN-YunxiNeural_SC-000007.mp3_16k.mp3,spoof,RT-EDGETTS-SICHUAN,mp3_16k,redteam_factory/Edge-TTS,微软服务条款，仅研究评测用途,edgetts,sichuan,SC-000007,zh-CN-YunxiNeural,
data/redteam/factory/edgetts/sichuan/edgetts_sichuan_zh-CN-YunxiNeural_SC-000007.amr.wav,spoof,RT-EDGETTS-SICHUAN,amr,redteam_factory/Edge-TTS,微软服务条款，仅研究评测用途,edgetts,sichuan,SC-000007,zh-CN-YunxiNeural,
data/redteam/factory/edgetts/sichuan/edgetts_sichuan_zh-CN-YunxiNeural_SC-000007.noise.wav,spoof,RT-EDGETTS-SICHUAN,noise,redteam_factory/Edge-TTS,微软服务条款，仅研究评测用途,edgetts,sichuan,SC-000007,zh-CN-YunxiNeural,
data/redteam/factory/edgetts/sichuan/edgetts_sichuan_zh-CN-YunxiNeural_SC-000008.wav,spoof,RT-EDGETTS-SICHUAN,clean,redteam_factory/Edge-TTS,微软服务条款，仅研究评测用途,edgetts,sichuan,SC-000008,zh-CN-YunxiNeural,
data/redteam/factory/edgetts/sichuan/edgetts_sichuan_zh-CN-YunxiNeural_SC-000008.phone8k.wav,spoof,RT-EDGETTS-SICHUAN,phone8k,redteam_factory/Edge-TTS,微软服务条款，仅研究评测用途,edgetts,sichuan,SC-000008,zh-CN-YunxiNeural,
data/redteam/factory/edgetts/sichuan/edgetts_sichuan_zh-CN-YunxiNeural_SC-000008.mp3_16k.mp3,spoof,RT-EDGETTS-SICHUAN,mp3_16k,redteam_factory/Edge-TTS,微软服务条款，仅研究评测用途,edgetts,sichuan,SC-000008,zh-CN-YunxiNeural,
data/redteam/factory/edgetts/sichuan/edgetts_sichuan_zh-CN-YunxiNeural_SC-000008.amr.wav,spoof,RT-EDGETTS-SICHUAN,amr,redteam_factory/Edge-TTS,微软服务条款，仅研究评测用途,edgetts,sichuan,SC-000008,zh-CN-YunxiNeural,
data/redteam/factory/edgetts/sichuan/edgetts_sichuan_zh-CN-YunxiNeural_SC-000008.noise.wav,spoof,RT-EDGETTS-SICHUAN,noise,redteam_factory/Edge-TTS,微软服务条款，仅研究评测用途,edgetts,sichuan,SC-000008,zh-CN-YunxiNeural,
data/redteam/factory/edgetts/sichuan/edgetts_sichuan_zh-CN-YunxiNeural_SC-000009.wav,spoof,RT-EDGETTS-SICHUAN,clean,redteam_factory/Edge-TTS,微软服务条款，仅研究评测用途,edgetts,sichuan,SC-000009,zh-CN-YunxiNeural,
data/redteam/factory/edgetts/sichuan/edgetts_sichuan_zh-CN-YunxiNeural_SC-000009.phone8k.wav,spoof,RT-EDGETTS-SICHUAN,phone8k,redteam_factory/Edge-TTS,微软服务条款，仅研究评测用途,edgetts,sichuan,SC-000009,zh-CN-YunxiNeural,
data/redteam/factory/edgetts/sichuan/edgetts_sichuan_zh-CN-YunxiNeural_SC-000009.mp3_16k.mp3,spoof,RT-EDGETTS-SICHUAN,mp3_16k,redteam_factory/Edge-TTS,微软服务条款，仅研究评测用途,edgetts,sichuan,SC-000009,zh-CN-YunxiNeural,
data/redteam/factory/edgetts/sichuan/edgetts_sichuan_zh-CN-YunxiNeural_SC-000009.amr.wav,spoof,RT-EDGETTS-SICHUAN,amr,redteam_factory/Edge-TTS,微软服务条款，仅研究评测用途,edgetts,sichuan,SC-000009,zh-CN-YunxiNeural,
data/redteam/factory/edgetts/sichuan/edgetts_sichuan_zh-CN-YunxiNeural_SC-000009.noise.wav,spoof,RT-EDGETTS-SICHUAN,noise,redteam_factory/Edge-TTS,微软服务条款，仅研究评测用途,edgetts,sichuan,SC-000009,zh-CN-YunxiNeural,
data/redteam/factory/edgetts/sichuan/edgetts_sichuan_zh-CN-YunxiNeural_SC-000011.wav,spoof,RT-EDGETTS-SICHUAN,clean,redteam_factory/Edge-TTS,微软服务条款，仅研究评测用途,edgetts,sichuan,SC-000011,zh-CN-YunxiNeural,
data/redteam/factory/edgetts/sichuan/edgetts_sichuan_zh-CN-YunxiNeural_SC-000011.phone8k.wav,spoof,RT-EDGETTS-SICHUAN,phone8k,redteam_factory/Edge-TTS,微软服务条款，仅研究评测用途,edgetts,sichuan,SC-000011,zh-CN-YunxiNeural,
data/redteam/factory/edgetts/sichuan/edgetts_sichuan_zh-CN-YunxiNeural_SC-000011.mp3_16k.mp3,spoof,RT-EDGETTS-SICHUAN,mp3_16k,redteam_factory/Edge-TTS,微软服务条款，仅研究评测用途,edgetts,sichuan,SC-000011,zh-CN-YunxiNeural,
data/redteam/factory/edgetts/sichuan/edgetts_sichuan_zh-CN-YunxiNeural_SC-000011.amr.wav,spoof,RT-EDGETTS-SICHUAN,amr,redteam_factory/Edge-TTS,微软服务条款，仅研究评测用途,edgetts,sichuan,SC-000011,zh-CN-YunxiNeural,
data/redteam/factory/edgetts/sichuan/edgetts_sichuan_zh-CN-YunxiNeural_SC-000011.noise.wav,spoof,RT-EDGETTS-SICHUAN,noise,redteam_factory/Edge-TTS,微软服务条款，仅研究评测用途,edgetts,sichuan,SC-000011,zh-CN-YunxiNeural,
data/redteam/factory/edgetts/sichuan/edgetts_sichuan_zh-CN-YunxiNeural_SC-000012.wav,spoof,RT-EDGETTS-SICHUAN,clean,redteam_factory/Edge-TTS,微软服务条款，仅研究评测用途,edgetts,sichuan,SC-000012,zh-CN-YunxiNeural,
data/redteam/factory/edgetts/sichuan/edgetts_sichuan_zh-CN-YunxiNeural_SC-000012.phone8k.wav,spoof,RT-EDGETTS-SICHUAN,phone8k,redteam_factory/Edge-TTS,微软服务条款，仅研究评测用途,edgetts,sichuan,SC-000012,zh-CN-YunxiNeural,
data/redteam/factory/edgetts/sichuan/edgetts_sichuan_zh-CN-YunxiNeural_SC-000012.mp3_16k.mp3,spoof,RT-EDGETTS-SICHUAN,mp3_16k,redteam_factory/Edge-TTS,微软服务条款，仅研究评测用途,edgetts,sichuan,SC-000012,zh-CN-YunxiNeural,
data/redteam/factory/edgetts/sichuan/edgetts_sichuan_zh-CN-YunxiNeural_SC-000012.amr.wav,spoof,RT-EDGETTS-SICHUAN,amr,redteam_factory/Edge-TTS,微软服务条款，仅研究评测用途,edgetts,sichuan,SC-000012,zh-CN-YunxiNeural,
data/redteam/factory/edgetts/sichuan/edgetts_sichuan_zh-CN-YunxiNeural_SC-000012.noise.wav,spoof,RT-EDGETTS-SICHUAN,noise,redteam_factory/Edge-TTS,微软服务条款，仅研究评测用途,edgetts,sichuan,SC-000012,zh-CN-YunxiNeural,
data/redteam/factory/edgetts/sichuan/edgetts_sichuan_zh-CN-YunxiNeural_SC-000013.wav,spoof,RT-EDGETTS-SICHUAN,clean,redteam_factory/Edge-TTS,微软服务条款，仅研究评测用途,edgetts,sichuan,SC-000013,zh-CN-YunxiNeural,
data/redteam/factory/edgetts/sichuan/edgetts_sichuan_zh-CN-YunxiNeural_SC-000013.phone8k.wav,spoof,RT-EDGETTS-SICHUAN,phone8k,redteam_factory/Edge-TTS,微软服务条款，仅研究评测用途,edgetts,sichuan,SC-000013,zh-CN-YunxiNeural,
data/redteam/factory/edgetts/sichuan/edgetts_sichuan_zh-CN-YunxiNeural_SC-000013.mp3_16k.mp3,spoof,RT-EDGETTS-SICHUAN,mp3_16k,redteam_factory/Edge-TTS,微软服务条款，仅研究评测用途,edgetts,sichuan,SC-000013,zh-CN-YunxiNeural,
data/redteam/factory/edgetts/sichuan/edgetts_sichuan_zh-CN-YunxiNeural_SC-000013.amr.wav,spoof,RT-EDGETTS-SICHUAN,amr,redteam_factory/Edge-TTS,微软服务条款，仅研究评测用途,edgetts,sichuan,SC-000013,zh-CN-YunxiNeural,
data/redteam/factory/edgetts/sichuan/edgetts_sichuan_zh-CN-YunxiNeural_SC-000013.noise.wav,spoof,RT-EDGETTS-SICHUAN,noise,redteam_factory/Edge-TTS,微软服务条款，仅研究评测用途,edgetts,sichuan,SC-000013,zh-CN-YunxiNeural,
data/redteam/factory/edgetts/sichuan/edgetts_sichuan_zh-CN-YunxiNeural_SC-000014.wav,spoof,RT-EDGETTS-SICHUAN,clean,redteam_factory/Edge-TTS,微软服务条款，仅研究评测用途,edgetts,sichuan,SC-000014,zh-CN-YunxiNeural,
data/redteam/factory/edgetts/sichuan/edgetts_sichuan_zh-CN-YunxiNeural_SC-000014.phone8k.wav,spoof,RT-EDGETTS-SICHUAN,phone8k,redteam_factory/Edge-TTS,微软服务条款，仅研究评测用途,edgetts,sichuan,SC-000014,zh-CN-YunxiNeural,
data/redteam/factory/edgetts/sichuan/edgetts_sichuan_zh-CN-YunxiNeural_SC-000014.mp3_16k.mp3,spoof,RT-EDGETTS-SICHUAN,mp3_16k,redteam_factory/Edge-TTS,微软服务条款，仅研究评测用途,edgetts,sichuan,SC-000014,zh-CN-YunxiNeural,
data/redteam/factory/edgetts/sichuan/edgetts_sichuan_zh-CN-YunxiNeural_SC-000014.amr.wav,spoof,RT-EDGETTS-SICHUAN,amr,redteam_factory/Edge-TTS,微软服务条款，仅研究评测用途,edgetts,sichuan,SC-000014,zh-CN-YunxiNeural,
data/redteam/factory/edgetts/sichuan/edgetts_sichuan_zh-CN-YunxiNeural_SC-000014.noise.wav,spoof,RT-EDGETTS-SICHUAN,noise,redteam_factory/Edge-TTS,微软服务条款，仅研究评测用途,edgetts,sichuan,SC-000014,zh-CN-YunxiNeural,
data/redteam/factory/edgetts/sichuan/edgetts_sichuan_zh-CN-YunxiNeural_SC-000015.wav,spoof,RT-EDGETTS-SICHUAN,clean,redteam_factory/Edge-TTS,微软服务条款，仅研究评测用途,edgetts,sichuan,SC-000015,zh-CN-YunxiNeural,
data/redteam/factory/edgetts/sichuan/edgetts_sichuan_zh-CN-YunxiNeural_SC-000015.phone8k.wav,spoof,RT-EDGETTS-SICHUAN,phone8k,redteam_factory/Edge-TTS,微软服务条款，仅研究评测用途,edgetts,sichuan,SC-000015,zh-CN-YunxiNeural,
data/redteam/factory/edgetts/sichuan/edgetts_sichuan_zh-CN-YunxiNeural_SC-000015.mp3_16k.mp3,spoof,RT-EDGETTS-SICHUAN,mp3_16k,redteam_factory/Edge-TTS,微软服务条款，仅研究评测用途,edgetts,sichuan,SC-000015,zh-CN-YunxiNeural,
data/redteam/factory/edgetts/sichuan/edgetts_sichuan_zh-CN-YunxiNeural_SC-000015.amr.wav,spoof,RT-EDGETTS-SICHUAN,amr,redteam_factory/Edge-TTS,微软服务条款，仅研究评测用途,edgetts,sichuan,SC-000015,zh-CN-YunxiNeural,
data/redteam/factory/edgetts/sichuan/edgetts_sichuan_zh-CN-YunxiNeural_SC-000015.noise.wav,spoof,RT-EDGETTS-SICHUAN,noise,redteam_factory/Edge-TTS,微软服务条款，仅研究评测用途,edgetts,sichuan,SC-000015,zh-CN-YunxiNeural,
data/redteam/factory/edgetts/sichuan/edgetts_sichuan_zh-CN-YunxiNeural_SC-000016.wav,spoof,RT-EDGETTS-SICHUAN,clean,redteam_factory/Edge-TTS,微软服务条款，仅研究评测用途,edgetts,sichuan,SC-000016,zh-CN-YunxiNeural,
data/redteam/factory/edgetts/sichuan/edgetts_sichuan_zh-CN-YunxiNeural_SC-000016.phone8k.wav,spoof,RT-EDGETTS-SICHUAN,phone8k,redteam_factory/Edge-TTS,微软服务条款，仅研究评测用途,edgetts,sichuan,SC-000016,zh-CN-YunxiNeural,
data/redteam/factory/edgetts/sichuan/edgetts_sichuan_zh-CN-YunxiNeural_SC-000016.mp3_16k.mp3,spoof,RT-EDGETTS-SICHUAN,mp3_16k,redteam_factory/Edge-TTS,微软服务条款，仅研究评测用途,edgetts,sichuan,SC-000016,zh-CN-YunxiNeural,
data/redteam/factory/edgetts/sichuan/edgetts_sichuan_zh-CN-YunxiNeural_SC-000016.amr.wav,spoof,RT-EDGETTS-SICHUAN,amr,redteam_factory/Edge-TTS,微软服务条款，仅研究评测用途,edgetts,sichuan,SC-000016,zh-CN-YunxiNeural,
data/redteam/factory/edgetts/sichuan/edgetts_sichuan_zh-CN-YunxiNeural_SC-000016.noise.wav,spoof,RT-EDGETTS-SICHUAN,noise,redteam_factory/Edge-TTS,微软服务条款，仅研究评测用途,edgetts,sichuan,SC-000016,zh-CN-YunxiNeural,
data/redteam/factory/edgetts/sichuan/edgetts_sichuan_zh-CN-YunxiNeural_SC-000017.wav,spoof,RT-EDGETTS-SICHUAN,clean,redteam_factory/Edge-TTS,微软服务条款，仅研究评测用途,edgetts,sichuan,SC-000017,zh-CN-YunxiNeural,
data/redteam/factory/edgetts/sichuan/edgetts_sichuan_zh-CN-YunxiNeural_SC-000017.phone8k.wav,spoof,RT-EDGETTS-SICHUAN,phone8k,redteam_factory/Edge-TTS,微软服务条款，仅研究评测用途,edgetts,sichuan,SC-000017,zh-CN-YunxiNeural,
data/redteam/factory/edgetts/sichuan/edgetts_sichuan_zh-CN-YunxiNeural_SC-000017.mp3_16k.mp3,spoof,RT-EDGETTS-SICHUAN,mp3_16k,redteam_factory/Edge-TTS,微软服务条款，仅研究评测用途,edgetts,sichuan,SC-000017,zh-CN-YunxiNeural,
data/redteam/factory/edgetts/sichuan/edgetts_sichuan_zh-CN-YunxiNeural_SC-000017.amr.wav,spoof,RT-EDGETTS-SICHUAN,amr,redteam_factory/Edge-TTS,微软服务条款，仅研究评测用途,edgetts,sichuan,SC-000017,zh-CN-YunxiNeural,
data/redteam/factory/edgetts/sichuan/edgetts_sichuan_zh-CN-YunxiNeural_SC-000017.noise.wav,spoof,RT-EDGETTS-SICHUAN,noise,redteam_factory/Edge-TTS,微软服务条款，仅研究评测用途,edgetts,sichuan,SC-000017,zh-CN-YunxiNeural,
data/redteam/factory/edgetts/sichuan/edgetts_sichuan_zh-CN-YunxiNeural_SC-000018.wav,spoof,RT-EDGETTS-SICHUAN,clean,redteam_factory/Edge-TTS,微软服务条款，仅研究评测用途,edgetts,sichuan,SC-000018,zh-CN-YunxiNeural,
data/redteam/factory/edgetts/sichuan/edgetts_sichuan_zh-CN-YunxiNeural_SC-000018.phone8k.wav,spoof,RT-EDGETTS-SICHUAN,phone8k,redteam_factory/Edge-TTS,微软服务条款，仅研究评测用途,edgetts,sichuan,SC-000018,zh-CN-YunxiNeural,
data/redteam/factory/edgetts/sichuan/edgetts_sichuan_zh-CN-YunxiNeural_SC-000018.mp3_16k.mp3,spoof,RT-EDGETTS-SICHUAN,mp3_16k,redteam_factory/Edge-TTS,微软服务条款，仅研究评测用途,edgetts,sichuan,SC-000018,zh-CN-YunxiNeural,
data/redteam/factory/edgetts/sichuan/edgetts_sichuan_zh-CN-YunxiNeural_SC-000018.amr.wav,spoof,RT-EDGETTS-SICHUAN,amr,redteam_factory/Edge-TTS,微软服务条款，仅研究评测用途,edgetts,sichuan,SC-000018,zh-CN-YunxiNeural,
data/redteam/factory/edgetts/sichuan/edgetts_sichuan_zh-CN-YunxiNeural_SC-000018.noise.wav,spoof,RT-EDGETTS-SICHUAN,noise,redteam_factory/Edge-TTS,微软服务条款，仅研究评测用途,edgetts,sichuan,SC-000018,zh-CN-YunxiNeural,
data/redteam/factory/edgetts/sichuan/edgetts_sichuan_zh-CN-YunxiNeural_SC-000019.wav,spoof,RT-EDGETTS-SICHUAN,clean,redteam_factory/Edge-TTS,微软服务条款，仅研究评测用途,edgetts,sichuan,SC-000019,zh-CN-YunxiNeural,
data/redteam/factory/edgetts/sichuan/edgetts_sichuan_zh-CN-YunxiNeural_SC-000019.phone8k.wav,spoof,RT-EDGETTS-SICHUAN,phone8k,redteam_factory/Edge-TTS,微软服务条款，仅研究评测用途,edgetts,sichuan,SC-000019,zh-CN-YunxiNeural,
data/redteam/factory/edgetts/sichuan/edgetts_sichuan_zh-CN-YunxiNeural_SC-000019.mp3_16k.mp3,spoof,RT-EDGETTS-SICHUAN,mp3_16k,redteam_factory/Edge-TTS,微软服务条款，仅研究评测用途,edgetts,sichuan,SC-000019,zh-CN-YunxiNeural,
data/redteam/factory/edgetts/sichuan/edgetts_sichuan_zh-CN-YunxiNeural_SC-000019.amr.wav,spoof,RT-EDGETTS-SICHUAN,amr,redteam_factory/Edge-TTS,微软服务条款，仅研究评测用途,edgetts,sichuan,SC-000019,zh-CN-YunxiNeural,
data/redteam/factory/edgetts/sichuan/edgetts_sichuan_zh-CN-YunxiNeural_SC-000019.noise.wav,spoof,RT-EDGETTS-SICHUAN,noise,redteam_factory/Edge-TTS,微软服务条款，仅研究评测用途,edgetts,sichuan,SC-000019,zh-CN-YunxiNeural,
data/redteam/factory/edgetts/sichuan/edgetts_sichuan_zh-CN-YunxiNeural_SC-000020.wav,spoof,RT-EDGETTS-SICHUAN,clean,redteam_factory/Edge-TTS,微软服务条款，仅研究评测用途,edgetts,sichuan,SC-000020,zh-CN-YunxiNeural,
data/redteam/factory/edgetts/sichuan/edgetts_sichuan_zh-CN-YunxiNeural_SC-000020.phone8k.wav,spoof,RT-EDGETTS-SICHUAN,phone8k,redteam_factory/Edge-TTS,微软服务条款，仅研究评测用途,edgetts,sichuan,SC-000020,zh-CN-YunxiNeural,
data/redteam/factory/edgetts/sichuan/edgetts_sichuan_zh-CN-YunxiNeural_SC-000020.mp3_16k.mp3,spoof,RT-EDGETTS-SICHUAN,mp3_16k,redteam_factory/Edge-TTS,微软服务条款，仅研究评测用途,edgetts,sichuan,SC-000020,zh-CN-YunxiNeural,
data/redteam/factory/edgetts/sichuan/edgetts_sichuan_zh-CN-YunxiNeural_SC-000020.amr.wav,spoof,RT-EDGETTS-SICHUAN,amr,redteam_factory/Edge-TTS,微软服务条款，仅研究评测用途,edgetts,sichuan,SC-000020,zh-CN-YunxiNeural,
data/redteam/factory/edgetts/sichuan/edgetts_sichuan_zh-CN-YunxiNeural_SC-000020.noise.wav,spoof,RT-EDGETTS-SICHUAN,noise,redteam_factory/Edge-TTS,微软服务条款，仅研究评测用途,edgetts,sichuan,SC-000020,zh-CN-YunxiNeural,
data/redteam/factory/edgetts/sichuan/edgetts_sichuan_zh-CN-YunxiNeural_SC-000021.wav,spoof,RT-EDGETTS-SICHUAN,clean,redteam_factory/Edge-TTS,微软服务条款，仅研究评测用途,edgetts,sichuan,SC-000021,zh-CN-YunxiNeural,
data/redteam/factory/edgetts/sichuan/edgetts_sichuan_zh-CN-YunxiNeural_SC-000021.phone8k.wav,spoof,RT-EDGETTS-SICHUAN,phone8k,redteam_factory/Edge-TTS,微软服务条款，仅研究评测用途,edgetts,sichuan,SC-000021,zh-CN-YunxiNeural,
data/redteam/factory/edgetts/sichuan/edgetts_sichuan_zh-CN-YunxiNeural_SC-000021.mp3_16k.mp3,spoof,RT-EDGETTS-SICHUAN,mp3_16k,redteam_factory/Edge-TTS,微软服务条款，仅研究评测用途,edgetts,sichuan,SC-000021,zh-CN-YunxiNeural,
data/redteam/factory/edgetts/sichuan/edgetts_sichuan_zh-CN-YunxiNeural_SC-000021.amr.wav,spoof,RT-EDGETTS-SICHUAN,amr,redteam_factory/Edge-TTS,微软服务条款，仅研究评测用途,edgetts,sichuan,SC-000021,zh-CN-YunxiNeural,
data/redteam/factory/edgetts/sichuan/edgetts_sichuan_zh-CN-YunxiNeural_SC-000021.noise.wav,spoof,RT-EDGETTS-SICHUAN,noise,redteam_factory/Edge-TTS,微软服务条款，仅研究评测用途,edgetts,sichuan,SC-000021,zh-CN-YunxiNeural,
data/redteam/factory/edgetts/sichuan/edgetts_sichuan_zh-CN-YunxiNeural_SC-000022.wav,spoof,RT-EDGETTS-SICHUAN,clean,redteam_factory/Edge-TTS,微软服务条款，仅研究评测用途,edgetts,sichuan,SC-000022,zh-CN-YunxiNeural,
data/redteam/factory/edgetts/sichuan/edgetts_sichuan_zh-CN-YunxiNeural_SC-000022.phone8k.wav,spoof,RT-EDGETTS-SICHUAN,phone8k,redteam_factory/Edge-TTS,微软服务条款，仅研究评测用途,edgetts,sichuan,SC-000022,zh-CN-YunxiNeural,
data/redteam/factory/edgetts/sichuan/edgetts_sichuan_zh-CN-YunxiNeural_SC-000022.mp3_16k.mp3,spoof,RT-EDGETTS-SICHUAN,mp3_16k,redteam_factory/Edge-TTS,微软服务条款，仅研究评测用途,edgetts,sichuan,SC-000022,zh-CN-YunxiNeural,
data/redteam/factory/edgetts/sichuan/edgetts_sichuan_zh-CN-YunxiNeural_SC-000022.amr.wav,spoof,RT-EDGETTS-SICHUAN,amr,redteam_factory/Edge-TTS,微软服务条款，仅研究评测用途,edgetts,sichuan,SC-000022,zh-CN-YunxiNeural,
data/redteam/factory/edgetts/sichuan/edgetts_sichuan_zh-CN-YunxiNeural_SC-000022.noise.wav,spoof,RT-EDGETTS-SICHUAN,noise,redteam_factory/Edge-TTS,微软服务条款，仅研究评测用途,edgetts,sichuan,SC-000022,zh-CN-YunxiNeural,
data/redteam/factory/edgetts/sichuan/edgetts_sichuan_zh-CN-YunxiNeural_SC-000023.wav,spoof,RT-EDGETTS-SICHUAN,clean,redteam_factory/Edge-TTS,微软服务条款，仅研究评测用途,edgetts,sichuan,SC-000023,zh-CN-YunxiNeural,
data/redteam/factory/edgetts/sichuan/edgetts_sichuan_zh-CN-YunxiNeural_SC-000023.phone8k.wav,spoof,RT-EDGETTS-SICHUAN,phone8k,redteam_factory/Edge-TTS,微软服务条款，仅研究评测用途,edgetts,sichuan,SC-000023,zh-CN-YunxiNeural,
data/redteam/factory/edgetts/sichuan/edgetts_sichuan_zh-CN-YunxiNeural_SC-000023.mp3_16k.mp3,spoof,RT-EDGETTS-SICHUAN,mp3_16k,redteam_factory/Edge-TTS,微软服务条款，仅研究评测用途,edgetts,sichuan,SC-000023,zh-CN-YunxiNeural,
data/redteam/factory/edgetts/sichuan/edgetts_sichuan_zh-CN-YunxiNeural_SC-000023.amr.wav,spoof,RT-EDGETTS-SICHUAN,amr,redteam_factory/Edge-TTS,微软服务条款，仅研究评测用途,edgetts,sichuan,SC-000023,zh-CN-YunxiNeural,
data/redteam/factory/edgetts/sichuan/edgetts_sichuan_zh-CN-YunxiNeural_SC-000023.noise.wav,spoof,RT-EDGETTS-SICHUAN,noise,redteam_factory/Edge-TTS,微软服务条款，仅研究评测用途,edgetts,sichuan,SC-000023,zh-CN-YunxiNeural,
data/redteam/factory/edgetts/sichuan/edgetts_sichuan_zh-CN-YunxiNeural_SC-000024.wav,spoof,RT-EDGETTS-SICHUAN,clean,redteam_factory/Edge-TTS,微软服务条款，仅研究评测用途,edgetts,sichuan,SC-000024,zh-CN-YunxiNeural,
data/redteam/factory/edgetts/sichuan/edgetts_sichuan_zh-CN-YunxiNeural_SC-000024.phone8k.wav,spoof,RT-EDGETTS-SICHUAN,phone8k,redteam_factory/Edge-TTS,微软服务条款，仅研究评测用途,edgetts,sichuan,SC-000024,zh-CN-YunxiNeural,
data/redteam/factory/edgetts/sichuan/edgetts_sichuan_zh-CN-YunxiNeural_SC-000024.mp3_16k.mp3,spoof,RT-EDGETTS-SICHUAN,mp3_16k,redteam_factory/Edge-TTS,微软服务条款，仅研究评测用途,edgetts,sichuan,SC-000024,zh-CN-YunxiNeural,
data/redteam/factory/edgetts/sichuan/edgetts_sichuan_zh-CN-YunxiNeural_SC-000024.amr.wav,spoof,RT-EDGETTS-SICHUAN,amr,redteam_factory/Edge-TTS,微软服务条款，仅研究评测用途,edgetts,sichuan,SC-000024,zh-CN-YunxiNeural,
data/redteam/factory/edgetts/sichuan/edgetts_sichuan_zh-CN-YunxiNeural_SC-000024.noise.wav,spoof,RT-EDGETTS-SICHUAN,noise,redteam_factory/Edge-TTS,微软服务条款，仅研究评测用途,edgetts,sichuan,SC-000024,zh-CN-YunxiNeural,
data/redteam/factory/edgetts/sichuan/edgetts_sichuan_zh-CN-YunxiNeural_SC-000025.wav,spoof,RT-EDGETTS-SICHUAN,clean,redteam_factory/Edge-TTS,微软服务条款，仅研究评测用途,edgetts,sichuan,SC-000025,zh-CN-YunxiNeural,
data/redteam/factory/edgetts/sichuan/edgetts_sichuan_zh-CN-YunxiNeural_SC-000025.phone8k.wav,spoof,RT-EDGETTS-SICHUAN,phone8k,redteam_factory/Edge-TTS,微软服务条款，仅研究评测用途,edgetts,sichuan,SC-000025,zh-CN-YunxiNeural,
data/redteam/factory/edgetts/sichuan/edgetts_sichuan_zh-CN-YunxiNeural_SC-000025.mp3_16k.mp3,spoof,RT-EDGETTS-SICHUAN,mp3_16k,redteam_factory/Edge-TTS,微软服务条款，仅研究评测用途,edgetts,sichuan,SC-000025,zh-CN-YunxiNeural,
data/redteam/factory/edgetts/sichuan/edgetts_sichuan_zh-CN-YunxiNeural_SC-000025.amr.wav,spoof,RT-EDGETTS-SICHUAN,amr,redteam_factory/Edge-TTS,微软服务条款，仅研究评测用途,edgetts,sichuan,SC-000025,zh-CN-YunxiNeural,
data/redteam/factory/edgetts/sichuan/edgetts_sichuan_zh-CN-YunxiNeural_SC-000025.noise.wav,spoof,RT-EDGETTS-SICHUAN,noise,redteam_factory/Edge-TTS,微软服务条款，仅研究评测用途,edgetts,sichuan,SC-000025,zh-CN-YunxiNeural,
data/redteam/factory/edgetts/sichuan/edgetts_sichuan_zh-CN-YunxiNeural_SC-000026.wav,spoof,RT-EDGETTS-SICHUAN,clean,redteam_factory/Edge-TTS,微软服务条款，仅研究评测用途,edgetts,sichuan,SC-000026,zh-CN-YunxiNeural,
data/redteam/factory/edgetts/sichuan/edgetts_sichuan_zh-CN-YunxiNeural_SC-000026.phone8k.wav,spoof,RT-EDGETTS-SICHUAN,phone8k,redteam_factory/Edge-TTS,微软服务条款，仅研究评测用途,edgetts,sichuan,SC-000026,zh-CN-YunxiNeural,
data/redteam/factory/edgetts/sichuan/edgetts_sichuan_zh-CN-YunxiNeural_SC-000026.mp3_16k.mp3,spoof,RT-EDGETTS-SICHUAN,mp3_16k,redteam_factory/Edge-TTS,微软服务条款，仅研究评测用途,edgetts,sichuan,SC-000026,zh-CN-YunxiNeural,
data/redteam/factory/edgetts/sichuan/edgetts_sichuan_zh-CN-YunxiNeural_SC-000026.amr.wav,spoof,RT-EDGETTS-SICHUAN,amr,redteam_factory/Edge-TTS,微软服务条款，仅研究评测用途,edgetts,sichuan,SC-000026,zh-CN-YunxiNeural,
data/redteam/factory/edgetts/sichuan/edgetts_sichuan_zh-CN-YunxiNeural_SC-000026.noise.wav,spoof,RT-EDGETTS-SICHUAN,noise,redteam_factory/Edge-TTS,微软服务条款，仅研究评测用途,edgetts,sichuan,SC-000026,zh-CN-YunxiNeural,
data/redteam/factory/edgetts/sichuan/edgetts_sichuan_zh-CN-YunxiNeural_SC-000027.wav,spoof,RT-EDGETTS-SICHUAN,clean,redteam_factory/Edge-TTS,微软服务条款，仅研究评测用途,edgetts,sichuan,SC-000027,zh-CN-YunxiNeural,
data/redteam/factory/edgetts/sichuan/edgetts_sichuan_zh-CN-YunxiNeural_SC-000027.phone8k.wav,spoof,RT-EDGETTS-SICHUAN,phone8k,redteam_factory/Edge-TTS,微软服务条款，仅研究评测用途,edgetts,sichuan,SC-000027,zh-CN-YunxiNeural,
data/redteam/factory/edgetts/sichuan/edgetts_sichuan_zh-CN-YunxiNeural_SC-000027.mp3_16k.mp3,spoof,RT-EDGETTS-SICHUAN,mp3_16k,redteam_factory/Edge-TTS,微软服务条款，仅研究评测用途,edgetts,sichuan,SC-000027,zh-CN-YunxiNeural,
data/redteam/factory/edgetts/sichuan/edgetts_sichuan_zh-CN-YunxiNeural_SC-000027.amr.wav,spoof,RT-EDGETTS-SICHUAN,amr,redteam_factory/Edge-TTS,微软服务条款，仅研究评测用途,edgetts,sichuan,SC-000027,zh-CN-YunxiNeural,
data/redteam/factory/edgetts/sichuan/edgetts_sichuan_zh-CN-YunxiNeural_SC-000027.noise.wav,spoof,RT-EDGETTS-SICHUAN,noise,redteam_factory/Edge-TTS,微软服务条款，仅研究评测用途,edgetts,sichuan,SC-000027,zh-CN-YunxiNeural,
data/redteam/factory/edgetts/sichuan/edgetts_sichuan_zh-CN-YunxiNeural_SC-000028.wav,spoof,RT-EDGETTS-SICHUAN,clean,redteam_factory/Edge-TTS,微软服务条款，仅研究评测用途,edgetts,sichuan,SC-000028,zh-CN-YunxiNeural,
data/redteam/factory/edgetts/sichuan/edgetts_sichuan_zh-CN-YunxiNeural_SC-000028.phone8k.wav,spoof,RT-EDGETTS-SICHUAN,phone8k,redteam_factory/Edge-TTS,微软服务条款，仅研究评测用途,edgetts,sichuan,SC-000028,zh-CN-YunxiNeural,
data/redteam/factory/edgetts/sichuan/edgetts_sichuan_zh-CN-YunxiNeural_SC-000028.mp3_16k.mp3,spoof,RT-EDGETTS-SICHUAN,mp3_16k,redteam_factory/Edge-TTS,微软服务条款，仅研究评测用途,edgetts,sichuan,SC-000028,zh-CN-YunxiNeural,
data/redteam/factory/edgetts/sichuan/edgetts_sichuan_zh-CN-YunxiNeural_SC-000028.amr.wav,spoof,RT-EDGETTS-SICHUAN,amr,redteam_factory/Edge-TTS,微软服务条款，仅研究评测用途,edgetts,sichuan,SC-000028,zh-CN-YunxiNeural,
data/redteam/factory/edgetts/sichuan/edgetts_sichuan_zh-CN-YunxiNeural_SC-000028.noise.wav,spoof,RT-EDGETTS-SICHUAN,noise,redteam_factory/Edge-TTS,微软服务条款，仅研究评测用途,edgetts,sichuan,SC-000028,zh-CN-YunxiNeural,
data/redteam/factory/edgetts/sichuan/edgetts_sichuan_zh-CN-XiaoxiaoNeural_SC-000010.wav,spoof,RT-EDGETTS-SICHUAN,clean,redteam_factory/Edge-TTS,微软服务条款，仅研究评测用途,edgetts,sichuan,SC-000010,zh-CN-XiaoxiaoNeural,
data/redteam/factory/edgetts/sichuan/edgetts_sichuan_zh-CN-XiaoxiaoNeural_SC-000010.phone8k.wav,spoof,RT-EDGETTS-SICHUAN,phone8k,redteam_factory/Edge-TTS,微软服务条款，仅研究评测用途,edgetts,sichuan,SC-000010,zh-CN-XiaoxiaoNeural,
data/redteam/factory/edgetts/sichuan/edgetts_sichuan_zh-CN-XiaoxiaoNeural_SC-000010.mp3_16k.mp3,spoof,RT-EDGETTS-SICHUAN,mp3_16k,redteam_factory/Edge-TTS,微软服务条款，仅研究评测用途,edgetts,sichuan,SC-000010,zh-CN-XiaoxiaoNeural,
data/redteam/factory/edgetts/sichuan/edgetts_sichuan_zh-CN-XiaoxiaoNeural_SC-000010.amr.wav,spoof,RT-EDGETTS-SICHUAN,amr,redteam_factory/Edge-TTS,微软服务条款，仅研究评测用途,edgetts,sichuan,SC-000010,zh-CN-XiaoxiaoNeural,
data/redteam/factory/edgetts/sichuan/edgetts_sichuan_zh-CN-XiaoxiaoNeural_SC-000010.noise.wav,spoof,RT-EDGETTS-SICHUAN,noise,redteam_factory/Edge-TTS,微软服务条款，仅研究评测用途,edgetts,sichuan,SC-000010,zh-CN-XiaoxiaoNeural,
data/redteam/factory/edgetts/sichuan/edgetts_sichuan_zh-CN-XiaoxiaoNeural_SC-000029.wav,spoof,RT-EDGETTS-SICHUAN,clean,redteam_factory/Edge-TTS,微软服务条款，仅研究评测用途,edgetts,sichuan,SC-000029,zh-CN-XiaoxiaoNeural,
data/redteam/factory/edgetts/sichuan/edgetts_sichuan_zh-CN-XiaoxiaoNeural_SC-000029.phone8k.wav,spoof,RT-EDGETTS-SICHUAN,phone8k,redteam_factory/Edge-TTS,微软服务条款，仅研究评测用途,edgetts,sichuan,SC-000029,zh-CN-XiaoxiaoNeural,
data/redteam/factory/edgetts/sichuan/edgetts_sichuan_zh-CN-XiaoxiaoNeural_SC-000029.mp3_16k.mp3,spoof,RT-EDGETTS-SICHUAN,mp3_16k,redteam_factory/Edge-TTS,微软服务条款，仅研究评测用途,edgetts,sichuan,SC-000029,zh-CN-XiaoxiaoNeural,
data/redteam/factory/edgetts/sichuan/edgetts_sichuan_zh-CN-XiaoxiaoNeural_SC-000029.amr.wav,spoof,RT-EDGETTS-SICHUAN,amr,redteam_factory/Edge-TTS,微软服务条款，仅研究评测用途,edgetts,sichuan,SC-000029,zh-CN-XiaoxiaoNeural,
data/redteam/factory/edgetts/sichuan/edgetts_sichuan_zh-CN-XiaoxiaoNeural_SC-000029.noise.wav,spoof,RT-EDGETTS-SICHUAN,noise,redteam_factory/Edge-TTS,微软服务条款，仅研究评测用途,edgetts,sichuan,SC-000029,zh-CN-XiaoxiaoNeural,
data/redteam/factory/edgetts/sichuan/edgetts_sichuan_zh-CN-XiaoxiaoNeural_SC-000001.wav,spoof,RT-EDGETTS-SICHUAN,clean,redteam_factory/Edge-TTS,微软服务条款，仅研究评测用途,edgetts,sichuan,SC-000001,zh-CN-XiaoxiaoNeural,
data/redteam/factory/edgetts/sichuan/edgetts_sichuan_zh-CN-XiaoxiaoNeural_SC-000001.phone8k.wav,spoof,RT-EDGETTS-SICHUAN,phone8k,redteam_factory/Edge-TTS,微软服务条款，仅研究评测用途,edgetts,sichuan,SC-000001,zh-CN-XiaoxiaoNeural,
data/redteam/factory/edgetts/sichuan/edgetts_sichuan_zh-CN-XiaoxiaoNeural_SC-000001.mp3_16k.mp3,spoof,RT-EDGETTS-SICHUAN,mp3_16k,redteam_factory/Edge-TTS,微软服务条款，仅研究评测用途,edgetts,sichuan,SC-000001,zh-CN-XiaoxiaoNeural,
data/redteam/factory/edgetts/sichuan/edgetts_sichuan_zh-CN-XiaoxiaoNeural_SC-000001.amr.wav,spoof,RT-EDGETTS-SICHUAN,amr,redteam_factory/Edge-TTS,微软服务条款，仅研究评测用途,edgetts,sichuan,SC-000001,zh-CN-XiaoxiaoNeural,
data/redteam/factory/edgetts/sichuan/edgetts_sichuan_zh-CN-XiaoxiaoNeural_SC-000001.noise.wav,spoof,RT-EDGETTS-SICHUAN,noise,redteam_factory/Edge-TTS,微软服务条款，仅研究评测用途,edgetts,sichuan,SC-000001,zh-CN-XiaoxiaoNeural,
data/redteam/factory/edgetts/sichuan/edgetts_sichuan_zh-CN-XiaoxiaoNeural_SC-000002.wav,spoof,RT-EDGETTS-SICHUAN,clean,redteam_factory/Edge-TTS,微软服务条款，仅研究评测用途,edgetts,sichuan,SC-000002,zh-CN-XiaoxiaoNeural,
data/redteam/factory/edgetts/sichuan/edgetts_sichuan_zh-CN-XiaoxiaoNeural_SC-000002.phone8k.wav,spoof,RT-EDGETTS-SICHUAN,phone8k,redteam_factory/Edge-TTS,微软服务条款，仅研究评测用途,edgetts,sichuan,SC-000002,zh-CN-XiaoxiaoNeural,
data/redteam/factory/edgetts/sichuan/edgetts_sichuan_zh-CN-XiaoxiaoNeural_SC-000002.mp3_16k.mp3,spoof,RT-EDGETTS-SICHUAN,mp3_16k,redteam_factory/Edge-TTS,微软服务条款，仅研究评测用途,edgetts,sichuan,SC-000002,zh-CN-XiaoxiaoNeural,
data/redteam/factory/edgetts/sichuan/edgetts_sichuan_zh-CN-XiaoxiaoNeural_SC-000002.amr.wav,spoof,RT-EDGETTS-SICHUAN,amr,redteam_factory/Edge-TTS,微软服务条款，仅研究评测用途,edgetts,sichuan,SC-000002,zh-CN-XiaoxiaoNeural,
data/redteam/factory/edgetts/sichuan/edgetts_sichuan_zh-CN-XiaoxiaoNeural_SC-000002.noise.wav,spoof,RT-EDGETTS-SICHUAN,noise,redteam_factory/Edge-TTS,微软服务条款，仅研究评测用途,edgetts,sichuan,SC-000002,zh-CN-XiaoxiaoNeural,
data/redteam/factory/edgetts/sichuan/edgetts_sichuan_zh-CN-XiaoxiaoNeural_SC-000003.wav,spoof,RT-EDGETTS-SICHUAN,clean,redteam_factory/Edge-TTS,微软服务条款，仅研究评测用途,edgetts,sichuan,SC-000003,zh-CN-XiaoxiaoNeural,
data/redteam/factory/edgetts/sichuan/edgetts_sichuan_zh-CN-XiaoxiaoNeural_SC-000003.phone8k.wav,spoof,RT-EDGETTS-SICHUAN,phone8k,redteam_factory/Edge-TTS,微软服务条款，仅研究评测用途,edgetts,sichuan,SC-000003,zh-CN-XiaoxiaoNeural,
data/redteam/factory/edgetts/sichuan/edgetts_sichuan_zh-CN-XiaoxiaoNeural_SC-000003.mp3_16k.mp3,spoof,RT-EDGETTS-SICHUAN,mp3_16k,redteam_factory/Edge-TTS,微软服务条款，仅研究评测用途,edgetts,sichuan,SC-000003,zh-CN-XiaoxiaoNeural,
data/redteam/factory/edgetts/sichuan/edgetts_sichuan_zh-CN-XiaoxiaoNeural_SC-000003.amr.wav,spoof,RT-EDGETTS-SICHUAN,amr,redteam_factory/Edge-TTS,微软服务条款，仅研究评测用途,edgetts,sichuan,SC-000003,zh-CN-XiaoxiaoNeural,
data/redteam/factory/edgetts/sichuan/edgetts_sichuan_zh-CN-XiaoxiaoNeural_SC-000003.noise.wav,spoof,RT-EDGETTS-SICHUAN,noise,redteam_factory/Edge-TTS,微软服务条款，仅研究评测用途,edgetts,sichuan,SC-000003,zh-CN-XiaoxiaoNeural,
data/redteam/factory/edgetts/sichuan/edgetts_sichuan_zh-CN-XiaoxiaoNeural_SC-000004.wav,spoof,RT-EDGETTS-SICHUAN,clean,redteam_factory/Edge-TTS,微软服务条款，仅研究评测用途,edgetts,sichuan,SC-000004,zh-CN-XiaoxiaoNeural,
data/redteam/factory/edgetts/sichuan/edgetts_sichuan_zh-CN-XiaoxiaoNeural_SC-000004.phone8k.wav,spoof,RT-EDGETTS-SICHUAN,phone8k,redteam_factory/Edge-TTS,微软服务条款，仅研究评测用途,edgetts,sichuan,SC-000004,zh-CN-XiaoxiaoNeural,
data/redteam/factory/edgetts/sichuan/edgetts_sichuan_zh-CN-XiaoxiaoNeural_SC-000004.mp3_16k.mp3,spoof,RT-EDGETTS-SICHUAN,mp3_16k,redteam_factory/Edge-TTS,微软服务条款，仅研究评测用途,edgetts,sichuan,SC-000004,zh-CN-XiaoxiaoNeural,
data/redteam/factory/edgetts/sichuan/edgetts_sichuan_zh-CN-XiaoxiaoNeural_SC-000004.amr.wav,spoof,RT-EDGETTS-SICHUAN,amr,redteam_factory/Edge-TTS,微软服务条款，仅研究评测用途,edgetts,sichuan,SC-000004,zh-CN-XiaoxiaoNeural,
data/redteam/factory/edgetts/sichuan/edgetts_sichuan_zh-CN-XiaoxiaoNeural_SC-000004.noise.wav,spoof,RT-EDGETTS-SICHUAN,noise,redteam_factory/Edge-TTS,微软服务条款，仅研究评测用途,edgetts,sichuan,SC-000004,zh-CN-XiaoxiaoNeural,
data/redteam/factory/edgetts/sichuan/edgetts_sichuan_zh-CN-XiaoxiaoNeural_SC-000005.wav,spoof,RT-EDGETTS-SICHUAN,clean,redteam_factory/Edge-TTS,微软服务条款，仅研究评测用途,edgetts,sichuan,SC-000005,zh-CN-XiaoxiaoNeural,
data/redteam/factory/edgetts/sichuan/edgetts_sichuan_zh-CN-XiaoxiaoNeural_SC-000005.phone8k.wav,spoof,RT-EDGETTS-SICHUAN,phone8k,redteam_factory/Edge-TTS,微软服务条款，仅研究评测用途,edgetts,sichuan,SC-000005,zh-CN-XiaoxiaoNeural,
data/redteam/factory/edgetts/sichuan/edgetts_sichuan_zh-CN-XiaoxiaoNeural_SC-000005.mp3_16k.mp3,spoof,RT-EDGETTS-SICHUAN,mp3_16k,redteam_factory/Edge-TTS,微软服务条款，仅研究评测用途,edgetts,sichuan,SC-000005,zh-CN-XiaoxiaoNeural,
data/redteam/factory/edgetts/sichuan/edgetts_sichuan_zh-CN-XiaoxiaoNeural_SC-000005.amr.wav,spoof,RT-EDGETTS-SICHUAN,amr,redteam_factory/Edge-TTS,微软服务条款，仅研究评测用途,edgetts,sichuan,SC-000005,zh-CN-XiaoxiaoNeural,
data/redteam/factory/edgetts/sichuan/edgetts_sichuan_zh-CN-XiaoxiaoNeural_SC-000005.noise.wav,spoof,RT-EDGETTS-SICHUAN,noise,redteam_factory/Edge-TTS,微软服务条款，仅研究评测用途,edgetts,sichuan,SC-000005,zh-CN-XiaoxiaoNeural,
data/redteam/factory/edgetts/sichuan/edgetts_sichuan_zh-CN-XiaoxiaoNeural_SC-000006.wav,spoof,RT-EDGETTS-SICHUAN,clean,redteam_factory/Edge-TTS,微软服务条款，仅研究评测用途,edgetts,sichuan,SC-000006,zh-CN-XiaoxiaoNeural,
data/redteam/factory/edgetts/sichuan/edgetts_sichuan_zh-CN-XiaoxiaoNeural_SC-000006.phone8k.wav,spoof,RT-EDGETTS-SICHUAN,phone8k,redteam_factory/Edge-TTS,微软服务条款，仅研究评测用途,edgetts,sichuan,SC-000006,zh-CN-XiaoxiaoNeural,
data/redteam/factory/edgetts/sichuan/edgetts_sichuan_zh-CN-XiaoxiaoNeural_SC-000006.mp3_16k.mp3,spoof,RT-EDGETTS-SICHUAN,mp3_16k,redteam_factory/Edge-TTS,微软服务条款，仅研究评测用途,edgetts,sichuan,SC-000006,zh-CN-XiaoxiaoNeural,
data/redteam/factory/edgetts/sichuan/edgetts_sichuan_zh-CN-XiaoxiaoNeural_SC-000006.amr.wav,spoof,RT-EDGETTS-SICHUAN,amr,redteam_factory/Edge-TTS,微软服务条款，仅研究评测用途,edgetts,sichuan,SC-000006,zh-CN-XiaoxiaoNeural,
data/redteam/factory/edgetts/sichuan/edgetts_sichuan_zh-CN-XiaoxiaoNeural_SC-000006.noise.wav,spoof,RT-EDGETTS-SICHUAN,noise,redteam_factory/Edge-TTS,微软服务条款，仅研究评测用途,edgetts,sichuan,SC-000006,zh-CN-XiaoxiaoNeural,
data/redteam/factory/edgetts/sichuan/edgetts_sichuan_zh-CN-XiaoxiaoNeural_SC-000007.wav,spoof,RT-EDGETTS-SICHUAN,clean,redteam_factory/Edge-TTS,微软服务条款，仅研究评测用途,edgetts,sichuan,SC-000007,zh-CN-XiaoxiaoNeural,
data/redteam/factory/edgetts/sichuan/edgetts_sichuan_zh-CN-XiaoxiaoNeural_SC-000007.phone8k.wav,spoof,RT-EDGETTS-SICHUAN,phone8k,redteam_factory/Edge-TTS,微软服务条款，仅研究评测用途,edgetts,sichuan,SC-000007,zh-CN-XiaoxiaoNeural,
data/redteam/factory/edgetts/sichuan/edgetts_sichuan_zh-CN-XiaoxiaoNeural_SC-000007.mp3_16k.mp3,spoof,RT-EDGETTS-SICHUAN,mp3_16k,redteam_factory/Edge-TTS,微软服务条款，仅研究评测用途,edgetts,sichuan,SC-000007,zh-CN-XiaoxiaoNeural,
data/redteam/factory/edgetts/sichuan/edgetts_sichuan_zh-CN-XiaoxiaoNeural_SC-000007.amr.wav,spoof,RT-EDGETTS-SICHUAN,amr,redteam_factory/Edge-TTS,微软服务条款，仅研究评测用途,edgetts,sichuan,SC-000007,zh-CN-XiaoxiaoNeural,
data/redteam/factory/edgetts/sichuan/edgetts_sichuan_zh-CN-XiaoxiaoNeural_SC-000007.noise.wav,spoof,RT-EDGETTS-SICHUAN,noise,redteam_factory/Edge-TTS,微软服务条款，仅研究评测用途,edgetts,sichuan,SC-000007,zh-CN-XiaoxiaoNeural,
data/redteam/factory/edgetts/sichuan/edgetts_sichuan_zh-CN-XiaoxiaoNeural_SC-000008.wav,spoof,RT-EDGETTS-SICHUAN,clean,redteam_factory/Edge-TTS,微软服务条款，仅研究评测用途,edgetts,sichuan,SC-000008,zh-CN-XiaoxiaoNeural,
data/redteam/factory/edgetts/sichuan/edgetts_sichuan_zh-CN-XiaoxiaoNeural_SC-000008.phone8k.wav,spoof,RT-EDGETTS-SICHUAN,phone8k,redteam_factory/Edge-TTS,微软服务条款，仅研究评测用途,edgetts,sichuan,SC-000008,zh-CN-XiaoxiaoNeural,
data/redteam/factory/edgetts/sichuan/edgetts_sichuan_zh-CN-XiaoxiaoNeural_SC-000008.mp3_16k.mp3,spoof,RT-EDGETTS-SICHUAN,mp3_16k,redteam_factory/Edge-TTS,微软服务条款，仅研究评测用途,edgetts,sichuan,SC-000008,zh-CN-XiaoxiaoNeural,
data/redteam/factory/edgetts/sichuan/edgetts_sichuan_zh-CN-XiaoxiaoNeural_SC-000008.amr.wav,spoof,RT-EDGETTS-SICHUAN,amr,redteam_factory/Edge-TTS,微软服务条款，仅研究评测用途,edgetts,sichuan,SC-000008,zh-CN-XiaoxiaoNeural,
data/redteam/factory/edgetts/sichuan/edgetts_sichuan_zh-CN-XiaoxiaoNeural_SC-000008.noise.wav,spoof,RT-EDGETTS-SICHUAN,noise,redteam_factory/Edge-TTS,微软服务条款，仅研究评测用途,edgetts,sichuan,SC-000008,zh-CN-XiaoxiaoNeural,
data/redteam/factory/edgetts/sichuan/edgetts_sichuan_zh-CN-XiaoxiaoNeural_SC-000009.wav,spoof,RT-EDGETTS-SICHUAN,clean,redteam_factory/Edge-TTS,微软服务条款，仅研究评测用途,edgetts,sichuan,SC-000009,zh-CN-XiaoxiaoNeural,
data/redteam/factory/edgetts/sichuan/edgetts_sichuan_zh-CN-XiaoxiaoNeural_SC-000009.phone8k.wav,spoof,RT-EDGETTS-SICHUAN,phone8k,redteam_factory/Edge-TTS,微软服务条款，仅研究评测用途,edgetts,sichuan,SC-000009,zh-CN-XiaoxiaoNeural,
data/redteam/factory/edgetts/sichuan/edgetts_sichuan_zh-CN-XiaoxiaoNeural_SC-000009.mp3_16k.mp3,spoof,RT-EDGETTS-SICHUAN,mp3_16k,redteam_factory/Edge-TTS,微软服务条款，仅研究评测用途,edgetts,sichuan,SC-000009,zh-CN-XiaoxiaoNeural,
data/redteam/factory/edgetts/sichuan/edgetts_sichuan_zh-CN-XiaoxiaoNeural_SC-000009.amr.wav,spoof,RT-EDGETTS-SICHUAN,amr,redteam_factory/Edge-TTS,微软服务条款，仅研究评测用途,edgetts,sichuan,SC-000009,zh-CN-XiaoxiaoNeural,
data/redteam/factory/edgetts/sichuan/edgetts_sichuan_zh-CN-XiaoxiaoNeural_SC-000009.noise.wav,spoof,RT-EDGETTS-SICHUAN,noise,redteam_factory/Edge-TTS,微软服务条款，仅研究评测用途,edgetts,sichuan,SC-000009,zh-CN-XiaoxiaoNeural,
data/redteam/factory/edgetts/sichuan/edgetts_sichuan_zh-CN-XiaoxiaoNeural_SC-000011.wav,spoof,RT-EDGETTS-SICHUAN,clean,redteam_factory/Edge-TTS,微软服务条款，仅研究评测用途,edgetts,sichuan,SC-000011,zh-CN-XiaoxiaoNeural,
data/redteam/factory/edgetts/sichuan/edgetts_sichuan_zh-CN-XiaoxiaoNeural_SC-000011.phone8k.wav,spoof,RT-EDGETTS-SICHUAN,phone8k,redteam_factory/Edge-TTS,微软服务条款，仅研究评测用途,edgetts,sichuan,SC-000011,zh-CN-XiaoxiaoNeural,
data/redteam/factory/edgetts/sichuan/edgetts_sichuan_zh-CN-XiaoxiaoNeural_SC-000011.mp3_16k.mp3,spoof,RT-EDGETTS-SICHUAN,mp3_16k,redteam_factory/Edge-TTS,微软服务条款，仅研究评测用途,edgetts,sichuan,SC-000011,zh-CN-XiaoxiaoNeural,
data/redteam/factory/edgetts/sichuan/edgetts_sichuan_zh-CN-XiaoxiaoNeural_SC-000011.amr.wav,spoof,RT-EDGETTS-SICHUAN,amr,redteam_factory/Edge-TTS,微软服务条款，仅研究评测用途,edgetts,sichuan,SC-000011,zh-CN-XiaoxiaoNeural,
data/redteam/factory/edgetts/sichuan/edgetts_sichuan_zh-CN-XiaoxiaoNeural_SC-000011.noise.wav,spoof,RT-EDGETTS-SICHUAN,noise,redteam_factory/Edge-TTS,微软服务条款，仅研究评测用途,edgetts,sichuan,SC-000011,zh-CN-XiaoxiaoNeural,
data/redteam/factory/edgetts/sichuan/edgetts_sichuan_zh-CN-XiaoxiaoNeural_SC-000012.wav,spoof,RT-EDGETTS-SICHUAN,clean,redteam_factory/Edge-TTS,微软服务条款，仅研究评测用途,edgetts,sichuan,SC-000012,zh-CN-XiaoxiaoNeural,
data/redteam/factory/edgetts/sichuan/edgetts_sichuan_zh-CN-XiaoxiaoNeural_SC-000012.phone8k.wav,spoof,RT-EDGETTS-SICHUAN,phone8k,redteam_factory/Edge-TTS,微软服务条款，仅研究评测用途,edgetts,sichuan,SC-000012,zh-CN-XiaoxiaoNeural,
data/redteam/factory/edgetts/sichuan/edgetts_sichuan_zh-CN-XiaoxiaoNeural_SC-000012.mp3_16k.mp3,spoof,RT-EDGETTS-SICHUAN,mp3_16k,redteam_factory/Edge-TTS,微软服务条款，仅研究评测用途,edgetts,sichuan,SC-000012,zh-CN-XiaoxiaoNeural,
data/redteam/factory/edgetts/sichuan/edgetts_sichuan_zh-CN-XiaoxiaoNeural_SC-000012.amr.wav,spoof,RT-EDGETTS-SICHUAN,amr,redteam_factory/Edge-TTS,微软服务条款，仅研究评测用途,edgetts,sichuan,SC-000012,zh-CN-XiaoxiaoNeural,
data/redteam/factory/edgetts/sichuan/edgetts_sichuan_zh-CN-XiaoxiaoNeural_SC-000012.noise.wav,spoof,RT-EDGETTS-SICHUAN,noise,redteam_factory/Edge-TTS,微软服务条款，仅研究评测用途,edgetts,sichuan,SC-000012,zh-CN-XiaoxiaoNeural,
data/redteam/factory/edgetts/sichuan/edgetts_sichuan_zh-CN-XiaoxiaoNeural_SC-000013.wav,spoof,RT-EDGETTS-SICHUAN,clean,redteam_factory/Edge-TTS,微软服务条款，仅研究评测用途,edgetts,sichuan,SC-000013,zh-CN-XiaoxiaoNeural,
data/redteam/factory/edgetts/sichuan/edgetts_sichuan_zh-CN-XiaoxiaoNeural_SC-000013.phone8k.wav,spoof,RT-EDGETTS-SICHUAN,phone8k,redteam_factory/Edge-TTS,微软服务条款，仅研究评测用途,edgetts,sichuan,SC-000013,zh-CN-XiaoxiaoNeural,
data/redteam/factory/edgetts/sichuan/edgetts_sichuan_zh-CN-XiaoxiaoNeural_SC-000013.mp3_16k.mp3,spoof,RT-EDGETTS-SICHUAN,mp3_16k,redteam_factory/Edge-TTS,微软服务条款，仅研究评测用途,edgetts,sichuan,SC-000013,zh-CN-XiaoxiaoNeural,
data/redteam/factory/edgetts/sichuan/edgetts_sichuan_zh-CN-XiaoxiaoNeural_SC-000013.amr.wav,spoof,RT-EDGETTS-SICHUAN,amr,redteam_factory/Edge-TTS,微软服务条款，仅研究评测用途,edgetts,sichuan,SC-000013,zh-CN-XiaoxiaoNeural,
data/redteam/factory/edgetts/sichuan/edgetts_sichuan_zh-CN-XiaoxiaoNeural_SC-000013.noise.wav,spoof,RT-EDGETTS-SICHUAN,noise,redteam_factory/Edge-TTS,微软服务条款，仅研究评测用途,edgetts,sichuan,SC-000013,zh-CN-XiaoxiaoNeural,
data/redteam/factory/edgetts/sichuan/edgetts_sichuan_zh-CN-XiaoxiaoNeural_SC-000014.wav,spoof,RT-EDGETTS-SICHUAN,clean,redteam_factory/Edge-TTS,微软服务条款，仅研究评测用途,edgetts,sichuan,SC-000014,zh-CN-XiaoxiaoNeural,
data/redteam/factory/edgetts/sichuan/edgetts_sichuan_zh-CN-XiaoxiaoNeural_SC-000014.phone8k.wav,spoof,RT-EDGETTS-SICHUAN,phone8k,redteam_factory/Edge-TTS,微软服务条款，仅研究评测用途,edgetts,sichuan,SC-000014,zh-CN-XiaoxiaoNeural,
data/redteam/factory/edgetts/sichuan/edgetts_sichuan_zh-CN-XiaoxiaoNeural_SC-000014.mp3_16k.mp3,spoof,RT-EDGETTS-SICHUAN,mp3_16k,redteam_factory/Edge-TTS,微软服务条款，仅研究评测用途,edgetts,sichuan,SC-000014,zh-CN-XiaoxiaoNeural,
data/redteam/factory/edgetts/sichuan/edgetts_sichuan_zh-CN-XiaoxiaoNeural_SC-000014.amr.wav,spoof,RT-EDGETTS-SICHUAN,amr,redteam_factory/Edge-TTS,微软服务条款，仅研究评测用途,edgetts,sichuan,SC-000014,zh-CN-XiaoxiaoNeural,
data/redteam/factory/edgetts/sichuan/edgetts_sichuan_zh-CN-XiaoxiaoNeural_SC-000014.noise.wav,spoof,RT-EDGETTS-SICHUAN,noise,redteam_factory/Edge-TTS,微软服务条款，仅研究评测用途,edgetts,sichuan,SC-000014,zh-CN-XiaoxiaoNeural,
data/redteam/factory/edgetts/sichuan/edgetts_sichuan_zh-CN-XiaoxiaoNeural_SC-000015.wav,spoof,RT-EDGETTS-SICHUAN,clean,redteam_factory/Edge-TTS,微软服务条款，仅研究评测用途,edgetts,sichuan,SC-000015,zh-CN-XiaoxiaoNeural,
data/redteam/factory/edgetts/sichuan/edgetts_sichuan_zh-CN-XiaoxiaoNeural_SC-000015.phone8k.wav,spoof,RT-EDGETTS-SICHUAN,phone8k,redteam_factory/Edge-TTS,微软服务条款，仅研究评测用途,edgetts,sichuan,SC-000015,zh-CN-XiaoxiaoNeural,
data/redteam/factory/edgetts/sichuan/edgetts_sichuan_zh-CN-XiaoxiaoNeural_SC-000015.mp3_16k.mp3,spoof,RT-EDGETTS-SICHUAN,mp3_16k,redteam_factory/Edge-TTS,微软服务条款，仅研究评测用途,edgetts,sichuan,SC-000015,zh-CN-XiaoxiaoNeural,
data/redteam/factory/edgetts/sichuan/edgetts_sichuan_zh-CN-XiaoxiaoNeural_SC-000015.amr.wav,spoof,RT-EDGETTS-SICHUAN,amr,redteam_factory/Edge-TTS,微软服务条款，仅研究评测用途,edgetts,sichuan,SC-000015,zh-CN-XiaoxiaoNeural,
data/redteam/factory/edgetts/sichuan/edgetts_sichuan_zh-CN-XiaoxiaoNeural_SC-000015.noise.wav,spoof,RT-EDGETTS-SICHUAN,noise,redteam_factory/Edge-TTS,微软服务条款，仅研究评测用途,edgetts,sichuan,SC-000015,zh-CN-XiaoxiaoNeural,
data/redteam/factory/edgetts/sichuan/edgetts_sichuan_zh-CN-XiaoxiaoNeural_SC-000016.wav,spoof,RT-EDGETTS-SICHUAN,clean,redteam_factory/Edge-TTS,微软服务条款，仅研究评测用途,edgetts,sichuan,SC-000016,zh-CN-XiaoxiaoNeural,
data/redteam/factory/edgetts/sichuan/edgetts_sichuan_zh-CN-XiaoxiaoNeural_SC-000016.phone8k.wav,spoof,RT-EDGETTS-SICHUAN,phone8k,redteam_factory/Edge-TTS,微软服务条款，仅研究评测用途,edgetts,sichuan,SC-000016,zh-CN-XiaoxiaoNeural,
data/redteam/factory/edgetts/sichuan/edgetts_sichuan_zh-CN-XiaoxiaoNeural_SC-000016.mp3_16k.mp3,spoof,RT-EDGETTS-SICHUAN,mp3_16k,redteam_factory/Edge-TTS,微软服务条款，仅研究评测用途,edgetts,sichuan,SC-000016,zh-CN-XiaoxiaoNeural,
data/redteam/factory/edgetts/sichuan/edgetts_sichuan_zh-CN-XiaoxiaoNeural_SC-000016.amr.wav,spoof,RT-EDGETTS-SICHUAN,amr,redteam_factory/Edge-TTS,微软服务条款，仅研究评测用途,edgetts,sichuan,SC-000016,zh-CN-XiaoxiaoNeural,
data/redteam/factory/edgetts/sichuan/edgetts_sichuan_zh-CN-XiaoxiaoNeural_SC-000016.noise.wav,spoof,RT-EDGETTS-SICHUAN,noise,redteam_factory/Edge-TTS,微软服务条款，仅研究评测用途,edgetts,sichuan,SC-000016,zh-CN-XiaoxiaoNeural,
data/redteam/factory/edgetts/sichuan/edgetts_sichuan_zh-CN-XiaoxiaoNeural_SC-000017.wav,spoof,RT-EDGETTS-SICHUAN,clean,redteam_factory/Edge-TTS,微软服务条款，仅研究评测用途,edgetts,sichuan,SC-000017,zh-CN-XiaoxiaoNeural,
data/redteam/factory/edgetts/sichuan/edgetts_sichuan_zh-CN-XiaoxiaoNeural_SC-000017.phone8k.wav,spoof,RT-EDGETTS-SICHUAN,phone8k,redteam_factory/Edge-TTS,微软服务条款，仅研究评测用途,edgetts,sichuan,SC-000017,zh-CN-XiaoxiaoNeural,
data/redteam/factory/edgetts/sichuan/edgetts_sichuan_zh-CN-XiaoxiaoNeural_SC-000017.mp3_16k.mp3,spoof,RT-EDGETTS-SICHUAN,mp3_16k,redteam_factory/Edge-TTS,微软服务条款，仅研究评测用途,edgetts,sichuan,SC-000017,zh-CN-XiaoxiaoNeural,
data/redteam/factory/edgetts/sichuan/edgetts_sichuan_zh-CN-XiaoxiaoNeural_SC-000017.amr.wav,spoof,RT-EDGETTS-SICHUAN,amr,redteam_factory/Edge-TTS,微软服务条款，仅研究评测用途,edgetts,sichuan,SC-000017,zh-CN-XiaoxiaoNeural,
data/redteam/factory/edgetts/sichuan/edgetts_sichuan_zh-CN-XiaoxiaoNeural_SC-000017.noise.wav,spoof,RT-EDGETTS-SICHUAN,noise,redteam_factory/Edge-TTS,微软服务条款，仅研究评测用途,edgetts,sichuan,SC-000017,zh-CN-XiaoxiaoNeural,
data/redteam/factory/edgetts/sichuan/edgetts_sichuan_zh-CN-XiaoxiaoNeural_SC-000018.wav,spoof,RT-EDGETTS-SICHUAN,clean,redteam_factory/Edge-TTS,微软服务条款，仅研究评测用途,edgetts,sichuan,SC-000018,zh-CN-XiaoxiaoNeural,
data/redteam/factory/edgetts/sichuan/edgetts_sichuan_zh-CN-XiaoxiaoNeural_SC-000018.phone8k.wav,spoof,RT-EDGETTS-SICHUAN,phone8k,redteam_factory/Edge-TTS,微软服务条款，仅研究评测用途,edgetts,sichuan,SC-000018,zh-CN-XiaoxiaoNeural,
data/redteam/factory/edgetts/sichuan/edgetts_sichuan_zh-CN-XiaoxiaoNeural_SC-000018.mp3_16k.mp3,spoof,RT-EDGETTS-SICHUAN,mp3_16k,redteam_factory/Edge-TTS,微软服务条款，仅研究评测用途,edgetts,sichuan,SC-000018,zh-CN-XiaoxiaoNeural,
data/redteam/factory/edgetts/sichuan/edgetts_sichuan_zh-CN-XiaoxiaoNeural_SC-000018.amr.wav,spoof,RT-EDGETTS-SICHUAN,amr,redteam_factory/Edge-TTS,微软服务条款，仅研究评测用途,edgetts,sichuan,SC-000018,zh-CN-XiaoxiaoNeural,
data/redteam/factory/edgetts/sichuan/edgetts_sichuan_zh-CN-XiaoxiaoNeural_SC-000018.noise.wav,spoof,RT-EDGETTS-SICHUAN,noise,redteam_factory/Edge-TTS,微软服务条款，仅研究评测用途,edgetts,sichuan,SC-000018,zh-CN-XiaoxiaoNeural,
data/redteam/factory/edgetts/sichuan/edgetts_sichuan_zh-CN-XiaoxiaoNeural_SC-000019.wav,spoof,RT-EDGETTS-SICHUAN,clean,redteam_factory/Edge-TTS,微软服务条款，仅研究评测用途,edgetts,sichuan,SC-000019,zh-CN-XiaoxiaoNeural,
data/redteam/factory/edgetts/sichuan/edgetts_sichuan_zh-CN-XiaoxiaoNeural_SC-000019.phone8k.wav,spoof,RT-EDGETTS-SICHUAN,phone8k,redteam_factory/Edge-TTS,微软服务条款，仅研究评测用途,edgetts,sichuan,SC-000019,zh-CN-XiaoxiaoNeural,
data/redteam/factory/edgetts/sichuan/edgetts_sichuan_zh-CN-XiaoxiaoNeural_SC-000019.mp3_16k.mp3,spoof,RT-EDGETTS-SICHUAN,mp3_16k,redteam_factory/Edge-TTS,微软服务条款，仅研究评测用途,edgetts,sichuan,SC-000019,zh-CN-XiaoxiaoNeural,
data/redteam/factory/edgetts/sichuan/edgetts_sichuan_zh-CN-XiaoxiaoNeural_SC-000019.amr.wav,spoof,RT-EDGETTS-SICHUAN,amr,redteam_factory/Edge-TTS,微软服务条款，仅研究评测用途,edgetts,sichuan,SC-000019,zh-CN-XiaoxiaoNeural,
data/redteam/factory/edgetts/sichuan/edgetts_sichuan_zh-CN-XiaoxiaoNeural_SC-000019.noise.wav,spoof,RT-EDGETTS-SICHUAN,noise,redteam_factory/Edge-TTS,微软服务条款，仅研究评测用途,edgetts,sichuan,SC-000019,zh-CN-XiaoxiaoNeural,
data/redteam/factory/edgetts/sichuan/edgetts_sichuan_zh-CN-XiaoxiaoNeural_SC-000020.wav,spoof,RT-EDGETTS-SICHUAN,clean,redteam_factory/Edge-TTS,微软服务条款，仅研究评测用途,edgetts,sichuan,SC-000020,zh-CN-XiaoxiaoNeural,
data/redteam/factory/edgetts/sichuan/edgetts_sichuan_zh-CN-XiaoxiaoNeural_SC-000020.phone8k.wav,spoof,RT-EDGETTS-SICHUAN,phone8k,redteam_factory/Edge-TTS,微软服务条款，仅研究评测用途,edgetts,sichuan,SC-000020,zh-CN-XiaoxiaoNeural,
data/redteam/factory/edgetts/sichuan/edgetts_sichuan_zh-CN-XiaoxiaoNeural_SC-000020.mp3_16k.mp3,spoof,RT-EDGETTS-SICHUAN,mp3_16k,redteam_factory/Edge-TTS,微软服务条款，仅研究评测用途,edgetts,sichuan,SC-000020,zh-CN-XiaoxiaoNeural,
data/redteam/factory/edgetts/sichuan/edgetts_sichuan_zh-CN-XiaoxiaoNeural_SC-000020.amr.wav,spoof,RT-EDGETTS-SICHUAN,amr,redteam_factory/Edge-TTS,微软服务条款，仅研究评测用途,edgetts,sichuan,SC-000020,zh-CN-XiaoxiaoNeural,
data/redteam/factory/edgetts/sichuan/edgetts_sichuan_zh-CN-XiaoxiaoNeural_SC-000020.noise.wav,spoof,RT-EDGETTS-SICHUAN,noise,redteam_factory/Edge-TTS,微软服务条款，仅研究评测用途,edgetts,sichuan,SC-000020,zh-CN-XiaoxiaoNeural,
data/redteam/factory/edgetts/sichuan/edgetts_sichuan_zh-CN-XiaoxiaoNeural_SC-000021.wav,spoof,RT-EDGETTS-SICHUAN,clean,redteam_factory/Edge-TTS,微软服务条款，仅研究评测用途,edgetts,sichuan,SC-000021,zh-CN-XiaoxiaoNeural,
data/redteam/factory/edgetts/sichuan/edgetts_sichuan_zh-CN-XiaoxiaoNeural_SC-000021.phone8k.wav,spoof,RT-EDGETTS-SICHUAN,phone8k,redteam_factory/Edge-TTS,微软服务条款，仅研究评测用途,edgetts,sichuan,SC-000021,zh-CN-XiaoxiaoNeural,
data/redteam/factory/edgetts/sichuan/edgetts_sichuan_zh-CN-XiaoxiaoNeural_SC-000021.mp3_16k.mp3,spoof,RT-EDGETTS-SICHUAN,mp3_16k,redteam_factory/Edge-TTS,微软服务条款，仅研究评测用途,edgetts,sichuan,SC-000021,zh-CN-XiaoxiaoNeural,
data/redteam/factory/edgetts/sichuan/edgetts_sichuan_zh-CN-XiaoxiaoNeural_SC-000021.amr.wav,spoof,RT-EDGETTS-SICHUAN,amr,redteam_factory/Edge-TTS,微软服务条款，仅研究评测用途,edgetts,sichuan,SC-000021,zh-CN-XiaoxiaoNeural,
data/redteam/factory/edgetts/sichuan/edgetts_sichuan_zh-CN-XiaoxiaoNeural_SC-000021.noise.wav,spoof,RT-EDGETTS-SICHUAN,noise,redteam_factory/Edge-TTS,微软服务条款，仅研究评测用途,edgetts,sichuan,SC-000021,zh-CN-XiaoxiaoNeural,
data/redteam/factory/edgetts/sichuan/edgetts_sichuan_zh-CN-XiaoxiaoNeural_SC-000022.wav,spoof,RT-EDGETTS-SICHUAN,clean,redteam_factory/Edge-TTS,微软服务条款，仅研究评测用途,edgetts,sichuan,SC-000022,zh-CN-XiaoxiaoNeural,
data/redteam/factory/edgetts/sichuan/edgetts_sichuan_zh-CN-XiaoxiaoNeural_SC-000022.phone8k.wav,spoof,RT-EDGETTS-SICHUAN,phone8k,redteam_factory/Edge-TTS,微软服务条款，仅研究评测用途,edgetts,sichuan,SC-000022,zh-CN-XiaoxiaoNeural,
data/redteam/factory/edgetts/sichuan/edgetts_sichuan_zh-CN-XiaoxiaoNeural_SC-000022.mp3_16k.mp3,spoof,RT-EDGETTS-SICHUAN,mp3_16k,redteam_factory/Edge-TTS,微软服务条款，仅研究评测用途,edgetts,sichuan,SC-000022,zh-CN-XiaoxiaoNeural,
data/redteam/factory/edgetts/sichuan/edgetts_sichuan_zh-CN-XiaoxiaoNeural_SC-000022.amr.wav,spoof,RT-EDGETTS-SICHUAN,amr,redteam_factory/Edge-TTS,微软服务条款，仅研究评测用途,edgetts,sichuan,SC-000022,zh-CN-XiaoxiaoNeural,
data/redteam/factory/edgetts/sichuan/edgetts_sichuan_zh-CN-XiaoxiaoNeural_SC-000022.noise.wav,spoof,RT-EDGETTS-SICHUAN,noise,redteam_factory/Edge-TTS,微软服务条款，仅研究评测用途,edgetts,sichuan,SC-000022,zh-CN-XiaoxiaoNeural,
data/redteam/factory/edgetts/sichuan/edgetts_sichuan_zh-CN-XiaoxiaoNeural_SC-000023.wav,spoof,RT-EDGETTS-SICHUAN,clean,redteam_factory/Edge-TTS,微软服务条款，仅研究评测用途,edgetts,sichuan,SC-000023,zh-CN-XiaoxiaoNeural,
data/redteam/factory/edgetts/sichuan/edgetts_sichuan_zh-CN-XiaoxiaoNeural_SC-000023.phone8k.wav,spoof,RT-EDGETTS-SICHUAN,phone8k,redteam_factory/Edge-TTS,微软服务条款，仅研究评测用途,edgetts,sichuan,SC-000023,zh-CN-XiaoxiaoNeural,
data/redteam/factory/edgetts/sichuan/edgetts_sichuan_zh-CN-XiaoxiaoNeural_SC-000023.mp3_16k.mp3,spoof,RT-EDGETTS-SICHUAN,mp3_16k,redteam_factory/Edge-TTS,微软服务条款，仅研究评测用途,edgetts,sichuan,SC-000023,zh-CN-XiaoxiaoNeural,
data/redteam/factory/edgetts/sichuan/edgetts_sichuan_zh-CN-XiaoxiaoNeural_SC-000023.amr.wav,spoof,RT-EDGETTS-SICHUAN,amr,redteam_factory/Edge-TTS,微软服务条款，仅研究评测用途,edgetts,sichuan,SC-000023,zh-CN-XiaoxiaoNeural,
data/redteam/factory/edgetts/sichuan/edgetts_sichuan_zh-CN-XiaoxiaoNeural_SC-000023.noise.wav,spoof,RT-EDGETTS-SICHUAN,noise,redteam_factory/Edge-TTS,微软服务条款，仅研究评测用途,edgetts,sichuan,SC-000023,zh-CN-XiaoxiaoNeural,
data/redteam/factory/edgetts/sichuan/edgetts_sichuan_zh-CN-XiaoxiaoNeural_SC-000024.wav,spoof,RT-EDGETTS-SICHUAN,clean,redteam_factory/Edge-TTS,微软服务条款，仅研究评测用途,edgetts,sichuan,SC-000024,zh-CN-XiaoxiaoNeural,
data/redteam/factory/edgetts/sichuan/edgetts_sichuan_zh-CN-XiaoxiaoNeural_SC-000024.phone8k.wav,spoof,RT-EDGETTS-SICHUAN,phone8k,redteam_factory/Edge-TTS,微软服务条款，仅研究评测用途,edgetts,sichuan,SC-000024,zh-CN-XiaoxiaoNeural,
data/redteam/factory/edgetts/sichuan/edgetts_sichuan_zh-CN-XiaoxiaoNeural_SC-000024.mp3_16k.mp3,spoof,RT-EDGETTS-SICHUAN,mp3_16k,redteam_factory/Edge-TTS,微软服务条款，仅研究评测用途,edgetts,sichuan,SC-000024,zh-CN-XiaoxiaoNeural,
data/redteam/factory/edgetts/sichuan/edgetts_sichuan_zh-CN-XiaoxiaoNeural_SC-000024.amr.wav,spoof,RT-EDGETTS-SICHUAN,amr,redteam_factory/Edge-TTS,微软服务条款，仅研究评测用途,edgetts,sichuan,SC-000024,zh-CN-XiaoxiaoNeural,
data/redteam/factory/edgetts/sichuan/edgetts_sichuan_zh-CN-XiaoxiaoNeural_SC-000024.noise.wav,spoof,RT-EDGETTS-SICHUAN,noise,redteam_factory/Edge-TTS,微软服务条款，仅研究评测用途,edgetts,sichuan,SC-000024,zh-CN-XiaoxiaoNeural,
data/redteam/factory/edgetts/sichuan/edgetts_sichuan_zh-CN-XiaoxiaoNeural_SC-000025.wav,spoof,RT-EDGETTS-SICHUAN,clean,redteam_factory/Edge-TTS,微软服务条款，仅研究评测用途,edgetts,sichuan,SC-000025,zh-CN-XiaoxiaoNeural,
data/redteam/factory/edgetts/sichuan/edgetts_sichuan_zh-CN-XiaoxiaoNeural_SC-000025.phone8k.wav,spoof,RT-EDGETTS-SICHUAN,phone8k,redteam_factory/Edge-TTS,微软服务条款，仅研究评测用途,edgetts,sichuan,SC-000025,zh-CN-XiaoxiaoNeural,
data/redteam/factory/edgetts/sichuan/edgetts_sichuan_zh-CN-XiaoxiaoNeural_SC-000025.mp3_16k.mp3,spoof,RT-EDGETTS-SICHUAN,mp3_16k,redteam_factory/Edge-TTS,微软服务条款，仅研究评测用途,edgetts,sichuan,SC-000025,zh-CN-XiaoxiaoNeural,
data/redteam/factory/edgetts/sichuan/edgetts_sichuan_zh-CN-XiaoxiaoNeural_SC-000025.amr.wav,spoof,RT-EDGETTS-SICHUAN,amr,redteam_factory/Edge-TTS,微软服务条款，仅研究评测用途,edgetts,sichuan,SC-000025,zh-CN-XiaoxiaoNeural,
data/redteam/factory/edgetts/sichuan/edgetts_sichuan_zh-CN-XiaoxiaoNeural_SC-000025.noise.wav,spoof,RT-EDGETTS-SICHUAN,noise,redteam_factory/Edge-TTS,微软服务条款，仅研究评测用途,edgetts,sichuan,SC-000025,zh-CN-XiaoxiaoNeural,
data/redteam/factory/edgetts/sichuan/edgetts_sichuan_zh-CN-XiaoxiaoNeural_SC-000026.wav,spoof,RT-EDGETTS-SICHUAN,clean,redteam_factory/Edge-TTS,微软服务条款，仅研究评测用途,edgetts,sichuan,SC-000026,zh-CN-XiaoxiaoNeural,
data/redteam/factory/edgetts/sichuan/edgetts_sichuan_zh-CN-XiaoxiaoNeural_SC-000026.phone8k.wav,spoof,RT-EDGETTS-SICHUAN,phone8k,redteam_factory/Edge-TTS,微软服务条款，仅研究评测用途,edgetts,sichuan,SC-000026,zh-CN-XiaoxiaoNeural,
data/redteam/factory/edgetts/sichuan/edgetts_sichuan_zh-CN-XiaoxiaoNeural_SC-000026.mp3_16k.mp3,spoof,RT-EDGETTS-SICHUAN,mp3_16k,redteam_factory/Edge-TTS,微软服务条款，仅研究评测用途,edgetts,sichuan,SC-000026,zh-CN-XiaoxiaoNeural,
data/redteam/factory/edgetts/sichuan/edgetts_sichuan_zh-CN-XiaoxiaoNeural_SC-000026.amr.wav,spoof,RT-EDGETTS-SICHUAN,amr,redteam_factory/Edge-TTS,微软服务条款，仅研究评测用途,edgetts,sichuan,SC-000026,zh-CN-XiaoxiaoNeural,
data/redteam/factory/edgetts/sichuan/edgetts_sichuan_zh-CN-XiaoxiaoNeural_SC-000026.noise.wav,spoof,RT-EDGETTS-SICHUAN,noise,redteam_factory/Edge-TTS,微软服务条款，仅研究评测用途,edgetts,sichuan,SC-000026,zh-CN-XiaoxiaoNeural,
data/redteam/factory/edgetts/sichuan/edgetts_sichuan_zh-CN-XiaoxiaoNeural_SC-000027.wav,spoof,RT-EDGETTS-SICHUAN,clean,redteam_factory/Edge-TTS,微软服务条款，仅研究评测用途,edgetts,sichuan,SC-000027,zh-CN-XiaoxiaoNeural,
data/redteam/factory/edgetts/sichuan/edgetts_sichuan_zh-CN-XiaoxiaoNeural_SC-000027.phone8k.wav,spoof,RT-EDGETTS-SICHUAN,phone8k,redteam_factory/Edge-TTS,微软服务条款，仅研究评测用途,edgetts,sichuan,SC-000027,zh-CN-XiaoxiaoNeural,
data/redteam/factory/edgetts/sichuan/edgetts_sichuan_zh-CN-XiaoxiaoNeural_SC-000027.mp3_16k.mp3,spoof,RT-EDGETTS-SICHUAN,mp3_16k,redteam_factory/Edge-TTS,微软服务条款，仅研究评测用途,edgetts,sichuan,SC-000027,zh-CN-XiaoxiaoNeural,
data/redteam/factory/edgetts/sichuan/edgetts_sichuan_zh-CN-XiaoxiaoNeural_SC-000027.amr.wav,spoof,RT-EDGETTS-SICHUAN,amr,redteam_factory/Edge-TTS,微软服务条款，仅研究评测用途,edgetts,sichuan,SC-000027,zh-CN-XiaoxiaoNeural,
data/redteam/factory/edgetts/sichuan/edgetts_sichuan_zh-CN-XiaoxiaoNeural_SC-000027.noise.wav,spoof,RT-EDGETTS-SICHUAN,noise,redteam_factory/Edge-TTS,微软服务条款，仅研究评测用途,edgetts,sichuan,SC-000027,zh-CN-XiaoxiaoNeural,
data/redteam/factory/edgetts/sichuan/edgetts_sichuan_zh-CN-XiaoxiaoNeural_SC-000028.wav,spoof,RT-EDGETTS-SICHUAN,clean,redteam_factory/Edge-TTS,微软服务条款，仅研究评测用途,edgetts,sichuan,SC-000028,zh-CN-XiaoxiaoNeural,
data/redteam/factory/edgetts/sichuan/edgetts_sichuan_zh-CN-XiaoxiaoNeural_SC-000028.phone8k.wav,spoof,RT-EDGETTS-SICHUAN,phone8k,redteam_factory/Edge-TTS,微软服务条款，仅研究评测用途,edgetts,sichuan,SC-000028,zh-CN-XiaoxiaoNeural,
data/redteam/factory/edgetts/sichuan/edgetts_sichuan_zh-CN-XiaoxiaoNeural_SC-000028.mp3_16k.mp3,spoof,RT-EDGETTS-SICHUAN,mp3_16k,redteam_factory/Edge-TTS,微软服务条款，仅研究评测用途,edgetts,sichuan,SC-000028,zh-CN-XiaoxiaoNeural,
data/redteam/factory/edgetts/sichuan/edgetts_sichuan_zh-CN-XiaoxiaoNeural_SC-000028.amr.wav,spoof,RT-EDGETTS-SICHUAN,amr,redteam_factory/Edge-TTS,微软服务条款，仅研究评测用途,edgetts,sichuan,SC-000028,zh-CN-XiaoxiaoNeural,
data/redteam/factory/edgetts/sichuan/edgetts_sichuan_zh-CN-XiaoxiaoNeural_SC-000028.noise.wav,spoof,RT-EDGETTS-SICHUAN,noise,redteam_factory/Edge-TTS,微软服务条款，仅研究评测用途,edgetts,sichuan,SC-000028,zh-CN-XiaoxiaoNeural,
data/redteam/factory/edgetts/cantonese/edgetts_cantonese_zh-HK-HiuMaanNeural_SC-000005.wav,spoof,RT-EDGETTS-CANTONESE,clean,redteam_factory/Edge-TTS,微软服务条款，仅研究评测用途,edgetts,cantonese,SC-000005,zh-HK-HiuMaanNeural,
data/redteam/factory/edgetts/cantonese/edgetts_cantonese_zh-HK-HiuMaanNeural_SC-000005.phone8k.wav,spoof,RT-EDGETTS-CANTONESE,phone8k,redteam_factory/Edge-TTS,微软服务条款，仅研究评测用途,edgetts,cantonese,SC-000005,zh-HK-HiuMaanNeural,
data/redteam/factory/edgetts/cantonese/edgetts_cantonese_zh-HK-HiuMaanNeural_SC-000005.mp3_16k.mp3,spoof,RT-EDGETTS-CANTONESE,mp3_16k,redteam_factory/Edge-TTS,微软服务条款，仅研究评测用途,edgetts,cantonese,SC-000005,zh-HK-HiuMaanNeural,
data/redteam/factory/edgetts/cantonese/edgetts_cantonese_zh-HK-HiuMaanNeural_SC-000005.amr.wav,spoof,RT-EDGETTS-CANTONESE,amr,redteam_factory/Edge-TTS,微软服务条款，仅研究评测用途,edgetts,cantonese,SC-000005,zh-HK-HiuMaanNeural,
data/redteam/factory/edgetts/cantonese/edgetts_cantonese_zh-HK-HiuMaanNeural_SC-000005.noise.wav,spoof,RT-EDGETTS-CANTONESE,noise,redteam_factory/Edge-TTS,微软服务条款，仅研究评测用途,edgetts,cantonese,SC-000005,zh-HK-HiuMaanNeural,
data/redteam/factory/edgetts/cantonese/edgetts_cantonese_zh-HK-HiuMaanNeural_SC-000008.wav,spoof,RT-EDGETTS-CANTONESE,clean,redteam_factory/Edge-TTS,微软服务条款，仅研究评测用途,edgetts,cantonese,SC-000008,zh-HK-HiuMaanNeural,
data/redteam/factory/edgetts/cantonese/edgetts_cantonese_zh-HK-HiuMaanNeural_SC-000008.phone8k.wav,spoof,RT-EDGETTS-CANTONESE,phone8k,redteam_factory/Edge-TTS,微软服务条款，仅研究评测用途,edgetts,cantonese,SC-000008,zh-HK-HiuMaanNeural,
data/redteam/factory/edgetts/cantonese/edgetts_cantonese_zh-HK-HiuMaanNeural_SC-000008.mp3_16k.mp3,spoof,RT-EDGETTS-CANTONESE,mp3_16k,redteam_factory/Edge-TTS,微软服务条款，仅研究评测用途,edgetts,cantonese,SC-000008,zh-HK-HiuMaanNeural,
data/redteam/factory/edgetts/cantonese/edgetts_cantonese_zh-HK-HiuMaanNeural_SC-000008.amr.wav,spoof,RT-EDGETTS-CANTONESE,amr,redteam_factory/Edge-TTS,微软服务条款，仅研究评测用途,edgetts,cantonese,SC-000008,zh-HK-HiuMaanNeural,
data/redteam/factory/edgetts/cantonese/edgetts_cantonese_zh-HK-HiuMaanNeural_SC-000008.noise.wav,spoof,RT-EDGETTS-CANTONESE,noise,redteam_factory/Edge-TTS,微软服务条款，仅研究评测用途,edgetts,cantonese,SC-000008,zh-HK-HiuMaanNeural,
data/redteam/factory/edgetts/cantonese/edgetts_cantonese_zh-HK-HiuMaanNeural_SC-000014.wav,spoof,RT-EDGETTS-CANTONESE,clean,redteam_factory/Edge-TTS,微软服务条款，仅研究评测用途,edgetts,cantonese,SC-000014,zh-HK-HiuMaanNeural,
data/redteam/factory/edgetts/cantonese/edgetts_cantonese_zh-HK-HiuMaanNeural_SC-000014.phone8k.wav,spoof,RT-EDGETTS-CANTONESE,phone8k,redteam_factory/Edge-TTS,微软服务条款，仅研究评测用途,edgetts,cantonese,SC-000014,zh-HK-HiuMaanNeural,
data/redteam/factory/edgetts/cantonese/edgetts_cantonese_zh-HK-HiuMaanNeural_SC-000014.mp3_16k.mp3,spoof,RT-EDGETTS-CANTONESE,mp3_16k,redteam_factory/Edge-TTS,微软服务条款，仅研究评测用途,edgetts,cantonese,SC-000014,zh-HK-HiuMaanNeural,
data/redteam/factory/edgetts/cantonese/edgetts_cantonese_zh-HK-HiuMaanNeural_SC-000014.amr.wav,spoof,RT-EDGETTS-CANTONESE,amr,redteam_factory/Edge-TTS,微软服务条款，仅研究评测用途,edgetts,cantonese,SC-000014,zh-HK-HiuMaanNeural,
data/redteam/factory/edgetts/cantonese/edgetts_cantonese_zh-HK-HiuMaanNeural_SC-000014.noise.wav,spoof,RT-EDGETTS-CANTONESE,noise,redteam_factory/Edge-TTS,微软服务条款，仅研究评测用途,edgetts,cantonese,SC-000014,zh-HK-HiuMaanNeural,
data/redteam/factory/edgetts/cantonese/edgetts_cantonese_zh-HK-HiuMaanNeural_SC-000015.wav,spoof,RT-EDGETTS-CANTONESE,clean,redteam_factory/Edge-TTS,微软服务条款，仅研究评测用途,edgetts,cantonese,SC-000015,zh-HK-HiuMaanNeural,
data/redteam/factory/edgetts/cantonese/edgetts_cantonese_zh-HK-HiuMaanNeural_SC-000015.phone8k.wav,spoof,RT-EDGETTS-CANTONESE,phone8k,redteam_factory/Edge-TTS,微软服务条款，仅研究评测用途,edgetts,cantonese,SC-000015,zh-HK-HiuMaanNeural,
data/redteam/factory/edgetts/cantonese/edgetts_cantonese_zh-HK-HiuMaanNeural_SC-000015.mp3_16k.mp3,spoof,RT-EDGETTS-CANTONESE,mp3_16k,redteam_factory/Edge-TTS,微软服务条款，仅研究评测用途,edgetts,cantonese,SC-000015,zh-HK-HiuMaanNeural,
data/redteam/factory/edgetts/cantonese/edgetts_cantonese_zh-HK-HiuMaanNeural_SC-000015.amr.wav,spoof,RT-EDGETTS-CANTONESE,amr,redteam_factory/Edge-TTS,微软服务条款，仅研究评测用途,edgetts,cantonese,SC-000015,zh-HK-HiuMaanNeural,
data/redteam/factory/edgetts/cantonese/edgetts_cantonese_zh-HK-HiuMaanNeural_SC-000015.noise.wav,spoof,RT-EDGETTS-CANTONESE,noise,redteam_factory/Edge-TTS,微软服务条款，仅研究评测用途,edgetts,cantonese,SC-000015,zh-HK-HiuMaanNeural,
data/redteam/factory/edgetts/cantonese/edgetts_cantonese_zh-HK-HiuMaanNeural_SC-000018.wav,spoof,RT-EDGETTS-CANTONESE,clean,redteam_factory/Edge-TTS,微软服务条款，仅研究评测用途,edgetts,cantonese,SC-000018,zh-HK-HiuMaanNeural,
data/redteam/factory/edgetts/cantonese/edgetts_cantonese_zh-HK-HiuMaanNeural_SC-000018.phone8k.wav,spoof,RT-EDGETTS-CANTONESE,phone8k,redteam_factory/Edge-TTS,微软服务条款，仅研究评测用途,edgetts,cantonese,SC-000018,zh-HK-HiuMaanNeural,
data/redteam/factory/edgetts/cantonese/edgetts_cantonese_zh-HK-HiuMaanNeural_SC-000018.mp3_16k.mp3,spoof,RT-EDGETTS-CANTONESE,mp3_16k,redteam_factory/Edge-TTS,微软服务条款，仅研究评测用途,edgetts,cantonese,SC-000018,zh-HK-HiuMaanNeural,
data/redteam/factory/edgetts/cantonese/edgetts_cantonese_zh-HK-HiuMaanNeural_SC-000018.amr.wav,spoof,RT-EDGETTS-CANTONESE,amr,redteam_factory/Edge-TTS,微软服务条款，仅研究评测用途,edgetts,cantonese,SC-000018,zh-HK-HiuMaanNeural,
data/redteam/factory/edgetts/cantonese/edgetts_cantonese_zh-HK-HiuMaanNeural_SC-000018.noise.wav,spoof,RT-EDGETTS-CANTONESE,noise,redteam_factory/Edge-TTS,微软服务条款，仅研究评测用途,edgetts,cantonese,SC-000018,zh-HK-HiuMaanNeural,
data/redteam/factory/edgetts/cantonese/edgetts_cantonese_zh-HK-HiuMaanNeural_SC-000001.wav,spoof,RT-EDGETTS-CANTONESE,clean,redteam_factory/Edge-TTS,微软服务条款，仅研究评测用途,edgetts,cantonese,SC-000001,zh-HK-HiuMaanNeural,
data/redteam/factory/edgetts/cantonese/edgetts_cantonese_zh-HK-HiuMaanNeural_SC-000001.phone8k.wav,spoof,RT-EDGETTS-CANTONESE,phone8k,redteam_factory/Edge-TTS,微软服务条款，仅研究评测用途,edgetts,cantonese,SC-000001,zh-HK-HiuMaanNeural,
data/redteam/factory/edgetts/cantonese/edgetts_cantonese_zh-HK-HiuMaanNeural_SC-000001.mp3_16k.mp3,spoof,RT-EDGETTS-CANTONESE,mp3_16k,redteam_factory/Edge-TTS,微软服务条款，仅研究评测用途,edgetts,cantonese,SC-000001,zh-HK-HiuMaanNeural,
data/redteam/factory/edgetts/cantonese/edgetts_cantonese_zh-HK-HiuMaanNeural_SC-000001.amr.wav,spoof,RT-EDGETTS-CANTONESE,amr,redteam_factory/Edge-TTS,微软服务条款，仅研究评测用途,edgetts,cantonese,SC-000001,zh-HK-HiuMaanNeural,
data/redteam/factory/edgetts/cantonese/edgetts_cantonese_zh-HK-HiuMaanNeural_SC-000001.noise.wav,spoof,RT-EDGETTS-CANTONESE,noise,redteam_factory/Edge-TTS,微软服务条款，仅研究评测用途,edgetts,cantonese,SC-000001,zh-HK-HiuMaanNeural,
data/redteam/factory/edgetts/cantonese/edgetts_cantonese_zh-HK-HiuMaanNeural_SC-000002.wav,spoof,RT-EDGETTS-CANTONESE,clean,redteam_factory/Edge-TTS,微软服务条款，仅研究评测用途,edgetts,cantonese,SC-000002,zh-HK-HiuMaanNeural,
data/redteam/factory/edgetts/cantonese/edgetts_cantonese_zh-HK-HiuMaanNeural_SC-000002.phone8k.wav,spoof,RT-EDGETTS-CANTONESE,phone8k,redteam_factory/Edge-TTS,微软服务条款，仅研究评测用途,edgetts,cantonese,SC-000002,zh-HK-HiuMaanNeural,
data/redteam/factory/edgetts/cantonese/edgetts_cantonese_zh-HK-HiuMaanNeural_SC-000002.mp3_16k.mp3,spoof,RT-EDGETTS-CANTONESE,mp3_16k,redteam_factory/Edge-TTS,微软服务条款，仅研究评测用途,edgetts,cantonese,SC-000002,zh-HK-HiuMaanNeural,
data/redteam/factory/edgetts/cantonese/edgetts_cantonese_zh-HK-HiuMaanNeural_SC-000002.amr.wav,spoof,RT-EDGETTS-CANTONESE,amr,redteam_factory/Edge-TTS,微软服务条款，仅研究评测用途,edgetts,cantonese,SC-000002,zh-HK-HiuMaanNeural,
data/redteam/factory/edgetts/cantonese/edgetts_cantonese_zh-HK-HiuMaanNeural_SC-000002.noise.wav,spoof,RT-EDGETTS-CANTONESE,noise,redteam_factory/Edge-TTS,微软服务条款，仅研究评测用途,edgetts,cantonese,SC-000002,zh-HK-HiuMaanNeural,
data/redteam/factory/edgetts/cantonese/edgetts_cantonese_zh-HK-HiuMaanNeural_SC-000003.wav,spoof,RT-EDGETTS-CANTONESE,clean,redteam_factory/Edge-TTS,微软服务条款，仅研究评测用途,edgetts,cantonese,SC-000003,zh-HK-HiuMaanNeural,
data/redteam/factory/edgetts/cantonese/edgetts_cantonese_zh-HK-HiuMaanNeural_SC-000003.phone8k.wav,spoof,RT-EDGETTS-CANTONESE,phone8k,redteam_factory/Edge-TTS,微软服务条款，仅研究评测用途,edgetts,cantonese,SC-000003,zh-HK-HiuMaanNeural,
data/redteam/factory/edgetts/cantonese/edgetts_cantonese_zh-HK-HiuMaanNeural_SC-000003.mp3_16k.mp3,spoof,RT-EDGETTS-CANTONESE,mp3_16k,redteam_factory/Edge-TTS,微软服务条款，仅研究评测用途,edgetts,cantonese,SC-000003,zh-HK-HiuMaanNeural,
data/redteam/factory/edgetts/cantonese/edgetts_cantonese_zh-HK-HiuMaanNeural_SC-000003.amr.wav,spoof,RT-EDGETTS-CANTONESE,amr,redteam_factory/Edge-TTS,微软服务条款，仅研究评测用途,edgetts,cantonese,SC-000003,zh-HK-HiuMaanNeural,
data/redteam/factory/edgetts/cantonese/edgetts_cantonese_zh-HK-HiuMaanNeural_SC-000003.noise.wav,spoof,RT-EDGETTS-CANTONESE,noise,redteam_factory/Edge-TTS,微软服务条款，仅研究评测用途,edgetts,cantonese,SC-000003,zh-HK-HiuMaanNeural,
data/redteam/factory/edgetts/cantonese/edgetts_cantonese_zh-HK-HiuMaanNeural_SC-000004.wav,spoof,RT-EDGETTS-CANTONESE,clean,redteam_factory/Edge-TTS,微软服务条款，仅研究评测用途,edgetts,cantonese,SC-000004,zh-HK-HiuMaanNeural,
data/redteam/factory/edgetts/cantonese/edgetts_cantonese_zh-HK-HiuMaanNeural_SC-000004.phone8k.wav,spoof,RT-EDGETTS-CANTONESE,phone8k,redteam_factory/Edge-TTS,微软服务条款，仅研究评测用途,edgetts,cantonese,SC-000004,zh-HK-HiuMaanNeural,
data/redteam/factory/edgetts/cantonese/edgetts_cantonese_zh-HK-HiuMaanNeural_SC-000004.mp3_16k.mp3,spoof,RT-EDGETTS-CANTONESE,mp3_16k,redteam_factory/Edge-TTS,微软服务条款，仅研究评测用途,edgetts,cantonese,SC-000004,zh-HK-HiuMaanNeural,
data/redteam/factory/edgetts/cantonese/edgetts_cantonese_zh-HK-HiuMaanNeural_SC-000004.amr.wav,spoof,RT-EDGETTS-CANTONESE,amr,redteam_factory/Edge-TTS,微软服务条款，仅研究评测用途,edgetts,cantonese,SC-000004,zh-HK-HiuMaanNeural,
data/redteam/factory/edgetts/cantonese/edgetts_cantonese_zh-HK-HiuMaanNeural_SC-000004.noise.wav,spoof,RT-EDGETTS-CANTONESE,noise,redteam_factory/Edge-TTS,微软服务条款，仅研究评测用途,edgetts,cantonese,SC-000004,zh-HK-HiuMaanNeural,
data/redteam/factory/edgetts/cantonese/edgetts_cantonese_zh-HK-HiuMaanNeural_SC-000006.wav,spoof,RT-EDGETTS-CANTONESE,clean,redteam_factory/Edge-TTS,微软服务条款，仅研究评测用途,edgetts,cantonese,SC-000006,zh-HK-HiuMaanNeural,
data/redteam/factory/edgetts/cantonese/edgetts_cantonese_zh-HK-HiuMaanNeural_SC-000006.phone8k.wav,spoof,RT-EDGETTS-CANTONESE,phone8k,redteam_factory/Edge-TTS,微软服务条款，仅研究评测用途,edgetts,cantonese,SC-000006,zh-HK-HiuMaanNeural,
data/redteam/factory/edgetts/cantonese/edgetts_cantonese_zh-HK-HiuMaanNeural_SC-000006.mp3_16k.mp3,spoof,RT-EDGETTS-CANTONESE,mp3_16k,redteam_factory/Edge-TTS,微软服务条款，仅研究评测用途,edgetts,cantonese,SC-000006,zh-HK-HiuMaanNeural,
data/redteam/factory/edgetts/cantonese/edgetts_cantonese_zh-HK-HiuMaanNeural_SC-000006.amr.wav,spoof,RT-EDGETTS-CANTONESE,amr,redteam_factory/Edge-TTS,微软服务条款，仅研究评测用途,edgetts,cantonese,SC-000006,zh-HK-HiuMaanNeural,
data/redteam/factory/edgetts/cantonese/edgetts_cantonese_zh-HK-HiuMaanNeural_SC-000006.noise.wav,spoof,RT-EDGETTS-CANTONESE,noise,redteam_factory/Edge-TTS,微软服务条款，仅研究评测用途,edgetts,cantonese,SC-000006,zh-HK-HiuMaanNeural,
data/redteam/factory/edgetts/cantonese/edgetts_cantonese_zh-HK-HiuMaanNeural_SC-000007.wav,spoof,RT-EDGETTS-CANTONESE,clean,redteam_factory/Edge-TTS,微软服务条款，仅研究评测用途,edgetts,cantonese,SC-000007,zh-HK-HiuMaanNeural,
data/redteam/factory/edgetts/cantonese/edgetts_cantonese_zh-HK-HiuMaanNeural_SC-000007.phone8k.wav,spoof,RT-EDGETTS-CANTONESE,phone8k,redteam_factory/Edge-TTS,微软服务条款，仅研究评测用途,edgetts,cantonese,SC-000007,zh-HK-HiuMaanNeural,
data/redteam/factory/edgetts/cantonese/edgetts_cantonese_zh-HK-HiuMaanNeural_SC-000007.mp3_16k.mp3,spoof,RT-EDGETTS-CANTONESE,mp3_16k,redteam_factory/Edge-TTS,微软服务条款，仅研究评测用途,edgetts,cantonese,SC-000007,zh-HK-HiuMaanNeural,
data/redteam/factory/edgetts/cantonese/edgetts_cantonese_zh-HK-HiuMaanNeural_SC-000007.amr.wav,spoof,RT-EDGETTS-CANTONESE,amr,redteam_factory/Edge-TTS,微软服务条款，仅研究评测用途,edgetts,cantonese,SC-000007,zh-HK-HiuMaanNeural,
data/redteam/factory/edgetts/cantonese/edgetts_cantonese_zh-HK-HiuMaanNeural_SC-000007.noise.wav,spoof,RT-EDGETTS-CANTONESE,noise,redteam_factory/Edge-TTS,微软服务条款，仅研究评测用途,edgetts,cantonese,SC-000007,zh-HK-HiuMaanNeural,
data/redteam/factory/edgetts/cantonese/edgetts_cantonese_zh-HK-HiuMaanNeural_SC-000009.wav,spoof,RT-EDGETTS-CANTONESE,clean,redteam_factory/Edge-TTS,微软服务条款，仅研究评测用途,edgetts,cantonese,SC-000009,zh-HK-HiuMaanNeural,
data/redteam/factory/edgetts/cantonese/edgetts_cantonese_zh-HK-HiuMaanNeural_SC-000009.phone8k.wav,spoof,RT-EDGETTS-CANTONESE,phone8k,redteam_factory/Edge-TTS,微软服务条款，仅研究评测用途,edgetts,cantonese,SC-000009,zh-HK-HiuMaanNeural,
data/redteam/factory/edgetts/cantonese/edgetts_cantonese_zh-HK-HiuMaanNeural_SC-000009.mp3_16k.mp3,spoof,RT-EDGETTS-CANTONESE,mp3_16k,redteam_factory/Edge-TTS,微软服务条款，仅研究评测用途,edgetts,cantonese,SC-000009,zh-HK-HiuMaanNeural,
data/redteam/factory/edgetts/cantonese/edgetts_cantonese_zh-HK-HiuMaanNeural_SC-000009.amr.wav,spoof,RT-EDGETTS-CANTONESE,amr,redteam_factory/Edge-TTS,微软服务条款，仅研究评测用途,edgetts,cantonese,SC-000009,zh-HK-HiuMaanNeural,
data/redteam/factory/edgetts/cantonese/edgetts_cantonese_zh-HK-HiuMaanNeural_SC-000009.noise.wav,spoof,RT-EDGETTS-CANTONESE,noise,redteam_factory/Edge-TTS,微软服务条款，仅研究评测用途,edgetts,cantonese,SC-000009,zh-HK-HiuMaanNeural,
data/redteam/factory/edgetts/cantonese/edgetts_cantonese_zh-HK-HiuMaanNeural_SC-000010.wav,spoof,RT-EDGETTS-CANTONESE,clean,redteam_factory/Edge-TTS,微软服务条款，仅研究评测用途,edgetts,cantonese,SC-000010,zh-HK-HiuMaanNeural,
data/redteam/factory/edgetts/cantonese/edgetts_cantonese_zh-HK-HiuMaanNeural_SC-000010.phone8k.wav,spoof,RT-EDGETTS-CANTONESE,phone8k,redteam_factory/Edge-TTS,微软服务条款，仅研究评测用途,edgetts,cantonese,SC-000010,zh-HK-HiuMaanNeural,
data/redteam/factory/edgetts/cantonese/edgetts_cantonese_zh-HK-HiuMaanNeural_SC-000010.mp3_16k.mp3,spoof,RT-EDGETTS-CANTONESE,mp3_16k,redteam_factory/Edge-TTS,微软服务条款，仅研究评测用途,edgetts,cantonese,SC-000010,zh-HK-HiuMaanNeural,
data/redteam/factory/edgetts/cantonese/edgetts_cantonese_zh-HK-HiuMaanNeural_SC-000010.amr.wav,spoof,RT-EDGETTS-CANTONESE,amr,redteam_factory/Edge-TTS,微软服务条款，仅研究评测用途,edgetts,cantonese,SC-000010,zh-HK-HiuMaanNeural,
data/redteam/factory/edgetts/cantonese/edgetts_cantonese_zh-HK-HiuMaanNeural_SC-000010.noise.wav,spoof,RT-EDGETTS-CANTONESE,noise,redteam_factory/Edge-TTS,微软服务条款，仅研究评测用途,edgetts,cantonese,SC-000010,zh-HK-HiuMaanNeural,
data/redteam/factory/edgetts/cantonese/edgetts_cantonese_zh-HK-HiuMaanNeural_SC-000011.wav,spoof,RT-EDGETTS-CANTONESE,clean,redteam_factory/Edge-TTS,微软服务条款，仅研究评测用途,edgetts,cantonese,SC-000011,zh-HK-HiuMaanNeural,
data/redteam/factory/edgetts/cantonese/edgetts_cantonese_zh-HK-HiuMaanNeural_SC-000011.phone8k.wav,spoof,RT-EDGETTS-CANTONESE,phone8k,redteam_factory/Edge-TTS,微软服务条款，仅研究评测用途,edgetts,cantonese,SC-000011,zh-HK-HiuMaanNeural,
data/redteam/factory/edgetts/cantonese/edgetts_cantonese_zh-HK-HiuMaanNeural_SC-000011.mp3_16k.mp3,spoof,RT-EDGETTS-CANTONESE,mp3_16k,redteam_factory/Edge-TTS,微软服务条款，仅研究评测用途,edgetts,cantonese,SC-000011,zh-HK-HiuMaanNeural,
data/redteam/factory/edgetts/cantonese/edgetts_cantonese_zh-HK-HiuMaanNeural_SC-000011.amr.wav,spoof,RT-EDGETTS-CANTONESE,amr,redteam_factory/Edge-TTS,微软服务条款，仅研究评测用途,edgetts,cantonese,SC-000011,zh-HK-HiuMaanNeural,
data/redteam/factory/edgetts/cantonese/edgetts_cantonese_zh-HK-HiuMaanNeural_SC-000011.noise.wav,spoof,RT-EDGETTS-CANTONESE,noise,redteam_factory/Edge-TTS,微软服务条款，仅研究评测用途,edgetts,cantonese,SC-000011,zh-HK-HiuMaanNeural,
data/redteam/factory/edgetts/cantonese/edgetts_cantonese_zh-HK-HiuMaanNeural_SC-000012.wav,spoof,RT-EDGETTS-CANTONESE,clean,redteam_factory/Edge-TTS,微软服务条款，仅研究评测用途,edgetts,cantonese,SC-000012,zh-HK-HiuMaanNeural,
data/redteam/factory/edgetts/cantonese/edgetts_cantonese_zh-HK-HiuMaanNeural_SC-000012.phone8k.wav,spoof,RT-EDGETTS-CANTONESE,phone8k,redteam_factory/Edge-TTS,微软服务条款，仅研究评测用途,edgetts,cantonese,SC-000012,zh-HK-HiuMaanNeural,
data/redteam/factory/edgetts/cantonese/edgetts_cantonese_zh-HK-HiuMaanNeural_SC-000012.mp3_16k.mp3,spoof,RT-EDGETTS-CANTONESE,mp3_16k,redteam_factory/Edge-TTS,微软服务条款，仅研究评测用途,edgetts,cantonese,SC-000012,zh-HK-HiuMaanNeural,
data/redteam/factory/edgetts/cantonese/edgetts_cantonese_zh-HK-HiuMaanNeural_SC-000012.amr.wav,spoof,RT-EDGETTS-CANTONESE,amr,redteam_factory/Edge-TTS,微软服务条款，仅研究评测用途,edgetts,cantonese,SC-000012,zh-HK-HiuMaanNeural,
data/redteam/factory/edgetts/cantonese/edgetts_cantonese_zh-HK-HiuMaanNeural_SC-000012.noise.wav,spoof,RT-EDGETTS-CANTONESE,noise,redteam_factory/Edge-TTS,微软服务条款，仅研究评测用途,edgetts,cantonese,SC-000012,zh-HK-HiuMaanNeural,
data/redteam/factory/edgetts/cantonese/edgetts_cantonese_zh-HK-HiuMaanNeural_SC-000013.wav,spoof,RT-EDGETTS-CANTONESE,clean,redteam_factory/Edge-TTS,微软服务条款，仅研究评测用途,edgetts,cantonese,SC-000013,zh-HK-HiuMaanNeural,
data/redteam/factory/edgetts/cantonese/edgetts_cantonese_zh-HK-HiuMaanNeural_SC-000013.phone8k.wav,spoof,RT-EDGETTS-CANTONESE,phone8k,redteam_factory/Edge-TTS,微软服务条款，仅研究评测用途,edgetts,cantonese,SC-000013,zh-HK-HiuMaanNeural,
data/redteam/factory/edgetts/cantonese/edgetts_cantonese_zh-HK-HiuMaanNeural_SC-000013.mp3_16k.mp3,spoof,RT-EDGETTS-CANTONESE,mp3_16k,redteam_factory/Edge-TTS,微软服务条款，仅研究评测用途,edgetts,cantonese,SC-000013,zh-HK-HiuMaanNeural,
data/redteam/factory/edgetts/cantonese/edgetts_cantonese_zh-HK-HiuMaanNeural_SC-000013.amr.wav,spoof,RT-EDGETTS-CANTONESE,amr,redteam_factory/Edge-TTS,微软服务条款，仅研究评测用途,edgetts,cantonese,SC-000013,zh-HK-HiuMaanNeural,
data/redteam/factory/edgetts/cantonese/edgetts_cantonese_zh-HK-HiuMaanNeural_SC-000013.noise.wav,spoof,RT-EDGETTS-CANTONESE,noise,redteam_factory/Edge-TTS,微软服务条款，仅研究评测用途,edgetts,cantonese,SC-000013,zh-HK-HiuMaanNeural,
data/redteam/factory/edgetts/cantonese/edgetts_cantonese_zh-HK-HiuMaanNeural_SC-000016.wav,spoof,RT-EDGETTS-CANTONESE,clean,redteam_factory/Edge-TTS,微软服务条款，仅研究评测用途,edgetts,cantonese,SC-000016,zh-HK-HiuMaanNeural,
data/redteam/factory/edgetts/cantonese/edgetts_cantonese_zh-HK-HiuMaanNeural_SC-000016.phone8k.wav,spoof,RT-EDGETTS-CANTONESE,phone8k,redteam_factory/Edge-TTS,微软服务条款，仅研究评测用途,edgetts,cantonese,SC-000016,zh-HK-HiuMaanNeural,
data/redteam/factory/edgetts/cantonese/edgetts_cantonese_zh-HK-HiuMaanNeural_SC-000016.mp3_16k.mp3,spoof,RT-EDGETTS-CANTONESE,mp3_16k,redteam_factory/Edge-TTS,微软服务条款，仅研究评测用途,edgetts,cantonese,SC-000016,zh-HK-HiuMaanNeural,
data/redteam/factory/edgetts/cantonese/edgetts_cantonese_zh-HK-HiuMaanNeural_SC-000016.amr.wav,spoof,RT-EDGETTS-CANTONESE,amr,redteam_factory/Edge-TTS,微软服务条款，仅研究评测用途,edgetts,cantonese,SC-000016,zh-HK-HiuMaanNeural,
data/redteam/factory/edgetts/cantonese/edgetts_cantonese_zh-HK-HiuMaanNeural_SC-000016.noise.wav,spoof,RT-EDGETTS-CANTONESE,noise,redteam_factory/Edge-TTS,微软服务条款，仅研究评测用途,edgetts,cantonese,SC-000016,zh-HK-HiuMaanNeural,
data/redteam/factory/edgetts/cantonese/edgetts_cantonese_zh-HK-HiuMaanNeural_SC-000017.wav,spoof,RT-EDGETTS-CANTONESE,clean,redteam_factory/Edge-TTS,微软服务条款，仅研究评测用途,edgetts,cantonese,SC-000017,zh-HK-HiuMaanNeural,
data/redteam/factory/edgetts/cantonese/edgetts_cantonese_zh-HK-HiuMaanNeural_SC-000017.phone8k.wav,spoof,RT-EDGETTS-CANTONESE,phone8k,redteam_factory/Edge-TTS,微软服务条款，仅研究评测用途,edgetts,cantonese,SC-000017,zh-HK-HiuMaanNeural,
data/redteam/factory/edgetts/cantonese/edgetts_cantonese_zh-HK-HiuMaanNeural_SC-000017.mp3_16k.mp3,spoof,RT-EDGETTS-CANTONESE,mp3_16k,redteam_factory/Edge-TTS,微软服务条款，仅研究评测用途,edgetts,cantonese,SC-000017,zh-HK-HiuMaanNeural,
data/redteam/factory/edgetts/cantonese/edgetts_cantonese_zh-HK-HiuMaanNeural_SC-000017.amr.wav,spoof,RT-EDGETTS-CANTONESE,amr,redteam_factory/Edge-TTS,微软服务条款，仅研究评测用途,edgetts,cantonese,SC-000017,zh-HK-HiuMaanNeural,
data/redteam/factory/edgetts/cantonese/edgetts_cantonese_zh-HK-HiuMaanNeural_SC-000017.noise.wav,spoof,RT-EDGETTS-CANTONESE,noise,redteam_factory/Edge-TTS,微软服务条款，仅研究评测用途,edgetts,cantonese,SC-000017,zh-HK-HiuMaanNeural,
data/redteam/factory/edgetts/cantonese/edgetts_cantonese_zh-HK-HiuMaanNeural_SC-000019.wav,spoof,RT-EDGETTS-CANTONESE,clean,redteam_factory/Edge-TTS,微软服务条款，仅研究评测用途,edgetts,cantonese,SC-000019,zh-HK-HiuMaanNeural,
data/redteam/factory/edgetts/cantonese/edgetts_cantonese_zh-HK-HiuMaanNeural_SC-000019.phone8k.wav,spoof,RT-EDGETTS-CANTONESE,phone8k,redteam_factory/Edge-TTS,微软服务条款，仅研究评测用途,edgetts,cantonese,SC-000019,zh-HK-HiuMaanNeural,
data/redteam/factory/edgetts/cantonese/edgetts_cantonese_zh-HK-HiuMaanNeural_SC-000019.mp3_16k.mp3,spoof,RT-EDGETTS-CANTONESE,mp3_16k,redteam_factory/Edge-TTS,微软服务条款，仅研究评测用途,edgetts,cantonese,SC-000019,zh-HK-HiuMaanNeural,
data/redteam/factory/edgetts/cantonese/edgetts_cantonese_zh-HK-HiuMaanNeural_SC-000019.amr.wav,spoof,RT-EDGETTS-CANTONESE,amr,redteam_factory/Edge-TTS,微软服务条款，仅研究评测用途,edgetts,cantonese,SC-000019,zh-HK-HiuMaanNeural,
data/redteam/factory/edgetts/cantonese/edgetts_cantonese_zh-HK-HiuMaanNeural_SC-000019.noise.wav,spoof,RT-EDGETTS-CANTONESE,noise,redteam_factory/Edge-TTS,微软服务条款，仅研究评测用途,edgetts,cantonese,SC-000019,zh-HK-HiuMaanNeural,
data/redteam/factory/edgetts/cantonese/edgetts_cantonese_zh-HK-HiuMaanNeural_SC-000020.wav,spoof,RT-EDGETTS-CANTONESE,clean,redteam_factory/Edge-TTS,微软服务条款，仅研究评测用途,edgetts,cantonese,SC-000020,zh-HK-HiuMaanNeural,
data/redteam/factory/edgetts/cantonese/edgetts_cantonese_zh-HK-HiuMaanNeural_SC-000020.phone8k.wav,spoof,RT-EDGETTS-CANTONESE,phone8k,redteam_factory/Edge-TTS,微软服务条款，仅研究评测用途,edgetts,cantonese,SC-000020,zh-HK-HiuMaanNeural,
data/redteam/factory/edgetts/cantonese/edgetts_cantonese_zh-HK-HiuMaanNeural_SC-000020.mp3_16k.mp3,spoof,RT-EDGETTS-CANTONESE,mp3_16k,redteam_factory/Edge-TTS,微软服务条款，仅研究评测用途,edgetts,cantonese,SC-000020,zh-HK-HiuMaanNeural,
data/redteam/factory/edgetts/cantonese/edgetts_cantonese_zh-HK-HiuMaanNeural_SC-000020.amr.wav,spoof,RT-EDGETTS-CANTONESE,amr,redteam_factory/Edge-TTS,微软服务条款，仅研究评测用途,edgetts,cantonese,SC-000020,zh-HK-HiuMaanNeural,
data/redteam/factory/edgetts/cantonese/edgetts_cantonese_zh-HK-HiuMaanNeural_SC-000020.noise.wav,spoof,RT-EDGETTS-CANTONESE,noise,redteam_factory/Edge-TTS,微软服务条款，仅研究评测用途,edgetts,cantonese,SC-000020,zh-HK-HiuMaanNeural,
data/redteam/factory/edgetts/cantonese/edgetts_cantonese_zh-HK-HiuMaanNeural_SC-000021.wav,spoof,RT-EDGETTS-CANTONESE,clean,redteam_factory/Edge-TTS,微软服务条款，仅研究评测用途,edgetts,cantonese,SC-000021,zh-HK-HiuMaanNeural,
data/redteam/factory/edgetts/cantonese/edgetts_cantonese_zh-HK-HiuMaanNeural_SC-000021.phone8k.wav,spoof,RT-EDGETTS-CANTONESE,phone8k,redteam_factory/Edge-TTS,微软服务条款，仅研究评测用途,edgetts,cantonese,SC-000021,zh-HK-HiuMaanNeural,
data/redteam/factory/edgetts/cantonese/edgetts_cantonese_zh-HK-HiuMaanNeural_SC-000021.mp3_16k.mp3,spoof,RT-EDGETTS-CANTONESE,mp3_16k,redteam_factory/Edge-TTS,微软服务条款，仅研究评测用途,edgetts,cantonese,SC-000021,zh-HK-HiuMaanNeural,
data/redteam/factory/edgetts/cantonese/edgetts_cantonese_zh-HK-HiuMaanNeural_SC-000021.amr.wav,spoof,RT-EDGETTS-CANTONESE,amr,redteam_factory/Edge-TTS,微软服务条款，仅研究评测用途,edgetts,cantonese,SC-000021,zh-HK-HiuMaanNeural,
data/redteam/factory/edgetts/cantonese/edgetts_cantonese_zh-HK-HiuMaanNeural_SC-000021.noise.wav,spoof,RT-EDGETTS-CANTONESE,noise,redteam_factory/Edge-TTS,微软服务条款，仅研究评测用途,edgetts,cantonese,SC-000021,zh-HK-HiuMaanNeural,
data/redteam/factory/edgetts/cantonese/edgetts_cantonese_zh-HK-HiuMaanNeural_SC-000022.wav,spoof,RT-EDGETTS-CANTONESE,clean,redteam_factory/Edge-TTS,微软服务条款，仅研究评测用途,edgetts,cantonese,SC-000022,zh-HK-HiuMaanNeural,
data/redteam/factory/edgetts/cantonese/edgetts_cantonese_zh-HK-HiuMaanNeural_SC-000022.phone8k.wav,spoof,RT-EDGETTS-CANTONESE,phone8k,redteam_factory/Edge-TTS,微软服务条款，仅研究评测用途,edgetts,cantonese,SC-000022,zh-HK-HiuMaanNeural,
data/redteam/factory/edgetts/cantonese/edgetts_cantonese_zh-HK-HiuMaanNeural_SC-000022.mp3_16k.mp3,spoof,RT-EDGETTS-CANTONESE,mp3_16k,redteam_factory/Edge-TTS,微软服务条款，仅研究评测用途,edgetts,cantonese,SC-000022,zh-HK-HiuMaanNeural,
data/redteam/factory/edgetts/cantonese/edgetts_cantonese_zh-HK-HiuMaanNeural_SC-000022.amr.wav,spoof,RT-EDGETTS-CANTONESE,amr,redteam_factory/Edge-TTS,微软服务条款，仅研究评测用途,edgetts,cantonese,SC-000022,zh-HK-HiuMaanNeural,
data/redteam/factory/edgetts/cantonese/edgetts_cantonese_zh-HK-HiuMaanNeural_SC-000022.noise.wav,spoof,RT-EDGETTS-CANTONESE,noise,redteam_factory/Edge-TTS,微软服务条款，仅研究评测用途,edgetts,cantonese,SC-000022,zh-HK-HiuMaanNeural,
data/redteam/factory/edgetts/cantonese/edgetts_cantonese_zh-HK-HiuMaanNeural_SC-000023.wav,spoof,RT-EDGETTS-CANTONESE,clean,redteam_factory/Edge-TTS,微软服务条款，仅研究评测用途,edgetts,cantonese,SC-000023,zh-HK-HiuMaanNeural,
data/redteam/factory/edgetts/cantonese/edgetts_cantonese_zh-HK-HiuMaanNeural_SC-000023.phone8k.wav,spoof,RT-EDGETTS-CANTONESE,phone8k,redteam_factory/Edge-TTS,微软服务条款，仅研究评测用途,edgetts,cantonese,SC-000023,zh-HK-HiuMaanNeural,
data/redteam/factory/edgetts/cantonese/edgetts_cantonese_zh-HK-HiuMaanNeural_SC-000023.mp3_16k.mp3,spoof,RT-EDGETTS-CANTONESE,mp3_16k,redteam_factory/Edge-TTS,微软服务条款，仅研究评测用途,edgetts,cantonese,SC-000023,zh-HK-HiuMaanNeural,
data/redteam/factory/edgetts/cantonese/edgetts_cantonese_zh-HK-HiuMaanNeural_SC-000023.amr.wav,spoof,RT-EDGETTS-CANTONESE,amr,redteam_factory/Edge-TTS,微软服务条款，仅研究评测用途,edgetts,cantonese,SC-000023,zh-HK-HiuMaanNeural,
data/redteam/factory/edgetts/cantonese/edgetts_cantonese_zh-HK-HiuMaanNeural_SC-000023.noise.wav,spoof,RT-EDGETTS-CANTONESE,noise,redteam_factory/Edge-TTS,微软服务条款，仅研究评测用途,edgetts,cantonese,SC-000023,zh-HK-HiuMaanNeural,
data/redteam/factory/edgetts/cantonese/edgetts_cantonese_zh-HK-HiuMaanNeural_SC-000024.wav,spoof,RT-EDGETTS-CANTONESE,clean,redteam_factory/Edge-TTS,微软服务条款，仅研究评测用途,edgetts,cantonese,SC-000024,zh-HK-HiuMaanNeural,
data/redteam/factory/edgetts/cantonese/edgetts_cantonese_zh-HK-HiuMaanNeural_SC-000024.phone8k.wav,spoof,RT-EDGETTS-CANTONESE,phone8k,redteam_factory/Edge-TTS,微软服务条款，仅研究评测用途,edgetts,cantonese,SC-000024,zh-HK-HiuMaanNeural,
data/redteam/factory/edgetts/cantonese/edgetts_cantonese_zh-HK-HiuMaanNeural_SC-000024.mp3_16k.mp3,spoof,RT-EDGETTS-CANTONESE,mp3_16k,redteam_factory/Edge-TTS,微软服务条款，仅研究评测用途,edgetts,cantonese,SC-000024,zh-HK-HiuMaanNeural,
data/redteam/factory/edgetts/cantonese/edgetts_cantonese_zh-HK-HiuMaanNeural_SC-000024.amr.wav,spoof,RT-EDGETTS-CANTONESE,amr,redteam_factory/Edge-TTS,微软服务条款，仅研究评测用途,edgetts,cantonese,SC-000024,zh-HK-HiuMaanNeural,
data/redteam/factory/edgetts/cantonese/edgetts_cantonese_zh-HK-HiuMaanNeural_SC-000024.noise.wav,spoof,RT-EDGETTS-CANTONESE,noise,redteam_factory/Edge-TTS,微软服务条款，仅研究评测用途,edgetts,cantonese,SC-000024,zh-HK-HiuMaanNeural,
data/redteam/factory/edgetts/cantonese/edgetts_cantonese_zh-HK-HiuMaanNeural_SC-000025.wav,spoof,RT-EDGETTS-CANTONESE,clean,redteam_factory/Edge-TTS,微软服务条款，仅研究评测用途,edgetts,cantonese,SC-000025,zh-HK-HiuMaanNeural,
data/redteam/factory/edgetts/cantonese/edgetts_cantonese_zh-HK-HiuMaanNeural_SC-000025.phone8k.wav,spoof,RT-EDGETTS-CANTONESE,phone8k,redteam_factory/Edge-TTS,微软服务条款，仅研究评测用途,edgetts,cantonese,SC-000025,zh-HK-HiuMaanNeural,
data/redteam/factory/edgetts/cantonese/edgetts_cantonese_zh-HK-HiuMaanNeural_SC-000025.mp3_16k.mp3,spoof,RT-EDGETTS-CANTONESE,mp3_16k,redteam_factory/Edge-TTS,微软服务条款，仅研究评测用途,edgetts,cantonese,SC-000025,zh-HK-HiuMaanNeural,
data/redteam/factory/edgetts/cantonese/edgetts_cantonese_zh-HK-HiuMaanNeural_SC-000025.amr.wav,spoof,RT-EDGETTS-CANTONESE,amr,redteam_factory/Edge-TTS,微软服务条款，仅研究评测用途,edgetts,cantonese,SC-000025,zh-HK-HiuMaanNeural,
data/redteam/factory/edgetts/cantonese/edgetts_cantonese_zh-HK-HiuMaanNeural_SC-000025.noise.wav,spoof,RT-EDGETTS-CANTONESE,noise,redteam_factory/Edge-TTS,微软服务条款，仅研究评测用途,edgetts,cantonese,SC-000025,zh-HK-HiuMaanNeural,
data/redteam/factory/edgetts/cantonese/edgetts_cantonese_zh-HK-HiuMaanNeural_SC-000026.wav,spoof,RT-EDGETTS-CANTONESE,clean,redteam_factory/Edge-TTS,微软服务条款，仅研究评测用途,edgetts,cantonese,SC-000026,zh-HK-HiuMaanNeural,
data/redteam/factory/edgetts/cantonese/edgetts_cantonese_zh-HK-HiuMaanNeural_SC-000026.phone8k.wav,spoof,RT-EDGETTS-CANTONESE,phone8k,redteam_factory/Edge-TTS,微软服务条款，仅研究评测用途,edgetts,cantonese,SC-000026,zh-HK-HiuMaanNeural,
data/redteam/factory/edgetts/cantonese/edgetts_cantonese_zh-HK-HiuMaanNeural_SC-000026.mp3_16k.mp3,spoof,RT-EDGETTS-CANTONESE,mp3_16k,redteam_factory/Edge-TTS,微软服务条款，仅研究评测用途,edgetts,cantonese,SC-000026,zh-HK-HiuMaanNeural,
data/redteam/factory/edgetts/cantonese/edgetts_cantonese_zh-HK-HiuMaanNeural_SC-000026.amr.wav,spoof,RT-EDGETTS-CANTONESE,amr,redteam_factory/Edge-TTS,微软服务条款，仅研究评测用途,edgetts,cantonese,SC-000026,zh-HK-HiuMaanNeural,
data/redteam/factory/edgetts/cantonese/edgetts_cantonese_zh-HK-HiuMaanNeural_SC-000026.noise.wav,spoof,RT-EDGETTS-CANTONESE,noise,redteam_factory/Edge-TTS,微软服务条款，仅研究评测用途,edgetts,cantonese,SC-000026,zh-HK-HiuMaanNeural,
data/redteam/factory/edgetts/cantonese/edgetts_cantonese_zh-HK-HiuMaanNeural_SC-000027.wav,spoof,RT-EDGETTS-CANTONESE,clean,redteam_factory/Edge-TTS,微软服务条款，仅研究评测用途,edgetts,cantonese,SC-000027,zh-HK-HiuMaanNeural,
data/redteam/factory/edgetts/cantonese/edgetts_cantonese_zh-HK-HiuMaanNeural_SC-000027.phone8k.wav,spoof,RT-EDGETTS-CANTONESE,phone8k,redteam_factory/Edge-TTS,微软服务条款，仅研究评测用途,edgetts,cantonese,SC-000027,zh-HK-HiuMaanNeural,
data/redteam/factory/edgetts/cantonese/edgetts_cantonese_zh-HK-HiuMaanNeural_SC-000027.mp3_16k.mp3,spoof,RT-EDGETTS-CANTONESE,mp3_16k,redteam_factory/Edge-TTS,微软服务条款，仅研究评测用途,edgetts,cantonese,SC-000027,zh-HK-HiuMaanNeural,
data/redteam/factory/edgetts/cantonese/edgetts_cantonese_zh-HK-HiuMaanNeural_SC-000027.amr.wav,spoof,RT-EDGETTS-CANTONESE,amr,redteam_factory/Edge-TTS,微软服务条款，仅研究评测用途,edgetts,cantonese,SC-000027,zh-HK-HiuMaanNeural,
data/redteam/factory/edgetts/cantonese/edgetts_cantonese_zh-HK-HiuMaanNeural_SC-000027.noise.wav,spoof,RT-EDGETTS-CANTONESE,noise,redteam_factory/Edge-TTS,微软服务条款，仅研究评测用途,edgetts,cantonese,SC-000027,zh-HK-HiuMaanNeural,
data/redteam/factory/edgetts/cantonese/edgetts_cantonese_zh-HK-HiuMaanNeural_SC-000028.wav,spoof,RT-EDGETTS-CANTONESE,clean,redteam_factory/Edge-TTS,微软服务条款，仅研究评测用途,edgetts,cantonese,SC-000028,zh-HK-HiuMaanNeural,
data/redteam/factory/edgetts/cantonese/edgetts_cantonese_zh-HK-HiuMaanNeural_SC-000028.phone8k.wav,spoof,RT-EDGETTS-CANTONESE,phone8k,redteam_factory/Edge-TTS,微软服务条款，仅研究评测用途,edgetts,cantonese,SC-000028,zh-HK-HiuMaanNeural,
data/redteam/factory/edgetts/cantonese/edgetts_cantonese_zh-HK-HiuMaanNeural_SC-000028.mp3_16k.mp3,spoof,RT-EDGETTS-CANTONESE,mp3_16k,redteam_factory/Edge-TTS,微软服务条款，仅研究评测用途,edgetts,cantonese,SC-000028,zh-HK-HiuMaanNeural,
data/redteam/factory/edgetts/cantonese/edgetts_cantonese_zh-HK-HiuMaanNeural_SC-000028.amr.wav,spoof,RT-EDGETTS-CANTONESE,amr,redteam_factory/Edge-TTS,微软服务条款，仅研究评测用途,edgetts,cantonese,SC-000028,zh-HK-HiuMaanNeural,
data/redteam/factory/edgetts/cantonese/edgetts_cantonese_zh-HK-HiuMaanNeural_SC-000028.noise.wav,spoof,RT-EDGETTS-CANTONESE,noise,redteam_factory/Edge-TTS,微软服务条款，仅研究评测用途,edgetts,cantonese,SC-000028,zh-HK-HiuMaanNeural,
data/redteam/factory/edgetts/cantonese/edgetts_cantonese_zh-HK-HiuMaanNeural_SC-000029.wav,spoof,RT-EDGETTS-CANTONESE,clean,redteam_factory/Edge-TTS,微软服务条款，仅研究评测用途,edgetts,cantonese,SC-000029,zh-HK-HiuMaanNeural,
data/redteam/factory/edgetts/cantonese/edgetts_cantonese_zh-HK-HiuMaanNeural_SC-000029.phone8k.wav,spoof,RT-EDGETTS-CANTONESE,phone8k,redteam_factory/Edge-TTS,微软服务条款，仅研究评测用途,edgetts,cantonese,SC-000029,zh-HK-HiuMaanNeural,
data/redteam/factory/edgetts/cantonese/edgetts_cantonese_zh-HK-HiuMaanNeural_SC-000029.mp3_16k.mp3,spoof,RT-EDGETTS-CANTONESE,mp3_16k,redteam_factory/Edge-TTS,微软服务条款，仅研究评测用途,edgetts,cantonese,SC-000029,zh-HK-HiuMaanNeural,
data/redteam/factory/edgetts/cantonese/edgetts_cantonese_zh-HK-HiuMaanNeural_SC-000029.amr.wav,spoof,RT-EDGETTS-CANTONESE,amr,redteam_factory/Edge-TTS,微软服务条款，仅研究评测用途,edgetts,cantonese,SC-000029,zh-HK-HiuMaanNeural,
data/redteam/factory/edgetts/cantonese/edgetts_cantonese_zh-HK-HiuMaanNeural_SC-000029.noise.wav,spoof,RT-EDGETTS-CANTONESE,noise,redteam_factory/Edge-TTS,微软服务条款，仅研究评测用途,edgetts,cantonese,SC-000029,zh-HK-HiuMaanNeural,
data/redteam/factory/edgetts/cantonese/edgetts_cantonese_zh-HK-WanLungNeural_SC-000005.wav,spoof,RT-EDGETTS-CANTONESE,clean,redteam_factory/Edge-TTS,微软服务条款，仅研究评测用途,edgetts,cantonese,SC-000005,zh-HK-WanLungNeural,
data/redteam/factory/edgetts/cantonese/edgetts_cantonese_zh-HK-WanLungNeural_SC-000005.phone8k.wav,spoof,RT-EDGETTS-CANTONESE,phone8k,redteam_factory/Edge-TTS,微软服务条款，仅研究评测用途,edgetts,cantonese,SC-000005,zh-HK-WanLungNeural,
data/redteam/factory/edgetts/cantonese/edgetts_cantonese_zh-HK-WanLungNeural_SC-000005.mp3_16k.mp3,spoof,RT-EDGETTS-CANTONESE,mp3_16k,redteam_factory/Edge-TTS,微软服务条款，仅研究评测用途,edgetts,cantonese,SC-000005,zh-HK-WanLungNeural,
data/redteam/factory/edgetts/cantonese/edgetts_cantonese_zh-HK-WanLungNeural_SC-000005.amr.wav,spoof,RT-EDGETTS-CANTONESE,amr,redteam_factory/Edge-TTS,微软服务条款，仅研究评测用途,edgetts,cantonese,SC-000005,zh-HK-WanLungNeural,
data/redteam/factory/edgetts/cantonese/edgetts_cantonese_zh-HK-WanLungNeural_SC-000005.noise.wav,spoof,RT-EDGETTS-CANTONESE,noise,redteam_factory/Edge-TTS,微软服务条款，仅研究评测用途,edgetts,cantonese,SC-000005,zh-HK-WanLungNeural,
data/redteam/factory/edgetts/cantonese/edgetts_cantonese_zh-HK-WanLungNeural_SC-000008.wav,spoof,RT-EDGETTS-CANTONESE,clean,redteam_factory/Edge-TTS,微软服务条款，仅研究评测用途,edgetts,cantonese,SC-000008,zh-HK-WanLungNeural,
data/redteam/factory/edgetts/cantonese/edgetts_cantonese_zh-HK-WanLungNeural_SC-000008.phone8k.wav,spoof,RT-EDGETTS-CANTONESE,phone8k,redteam_factory/Edge-TTS,微软服务条款，仅研究评测用途,edgetts,cantonese,SC-000008,zh-HK-WanLungNeural,
data/redteam/factory/edgetts/cantonese/edgetts_cantonese_zh-HK-WanLungNeural_SC-000008.mp3_16k.mp3,spoof,RT-EDGETTS-CANTONESE,mp3_16k,redteam_factory/Edge-TTS,微软服务条款，仅研究评测用途,edgetts,cantonese,SC-000008,zh-HK-WanLungNeural,
data/redteam/factory/edgetts/cantonese/edgetts_cantonese_zh-HK-WanLungNeural_SC-000008.amr.wav,spoof,RT-EDGETTS-CANTONESE,amr,redteam_factory/Edge-TTS,微软服务条款，仅研究评测用途,edgetts,cantonese,SC-000008,zh-HK-WanLungNeural,
data/redteam/factory/edgetts/cantonese/edgetts_cantonese_zh-HK-WanLungNeural_SC-000008.noise.wav,spoof,RT-EDGETTS-CANTONESE,noise,redteam_factory/Edge-TTS,微软服务条款，仅研究评测用途,edgetts,cantonese,SC-000008,zh-HK-WanLungNeural,
data/redteam/factory/edgetts/cantonese/edgetts_cantonese_zh-HK-WanLungNeural_SC-000014.wav,spoof,RT-EDGETTS-CANTONESE,clean,redteam_factory/Edge-TTS,微软服务条款，仅研究评测用途,edgetts,cantonese,SC-000014,zh-HK-WanLungNeural,
data/redteam/factory/edgetts/cantonese/edgetts_cantonese_zh-HK-WanLungNeural_SC-000014.phone8k.wav,spoof,RT-EDGETTS-CANTONESE,phone8k,redteam_factory/Edge-TTS,微软服务条款，仅研究评测用途,edgetts,cantonese,SC-000014,zh-HK-WanLungNeural,
data/redteam/factory/edgetts/cantonese/edgetts_cantonese_zh-HK-WanLungNeural_SC-000014.mp3_16k.mp3,spoof,RT-EDGETTS-CANTONESE,mp3_16k,redteam_factory/Edge-TTS,微软服务条款，仅研究评测用途,edgetts,cantonese,SC-000014,zh-HK-WanLungNeural,
data/redteam/factory/edgetts/cantonese/edgetts_cantonese_zh-HK-WanLungNeural_SC-000014.amr.wav,spoof,RT-EDGETTS-CANTONESE,amr,redteam_factory/Edge-TTS,微软服务条款，仅研究评测用途,edgetts,cantonese,SC-000014,zh-HK-WanLungNeural,
data/redteam/factory/edgetts/cantonese/edgetts_cantonese_zh-HK-WanLungNeural_SC-000014.noise.wav,spoof,RT-EDGETTS-CANTONESE,noise,redteam_factory/Edge-TTS,微软服务条款，仅研究评测用途,edgetts,cantonese,SC-000014,zh-HK-WanLungNeural,
data/redteam/factory/edgetts/cantonese/edgetts_cantonese_zh-HK-WanLungNeural_SC-000015.wav,spoof,RT-EDGETTS-CANTONESE,clean,redteam_factory/Edge-TTS,微软服务条款，仅研究评测用途,edgetts,cantonese,SC-000015,zh-HK-WanLungNeural,
data/redteam/factory/edgetts/cantonese/edgetts_cantonese_zh-HK-WanLungNeural_SC-000015.phone8k.wav,spoof,RT-EDGETTS-CANTONESE,phone8k,redteam_factory/Edge-TTS,微软服务条款，仅研究评测用途,edgetts,cantonese,SC-000015,zh-HK-WanLungNeural,
data/redteam/factory/edgetts/cantonese/edgetts_cantonese_zh-HK-WanLungNeural_SC-000015.mp3_16k.mp3,spoof,RT-EDGETTS-CANTONESE,mp3_16k,redteam_factory/Edge-TTS,微软服务条款，仅研究评测用途,edgetts,cantonese,SC-000015,zh-HK-WanLungNeural,
data/redteam/factory/edgetts/cantonese/edgetts_cantonese_zh-HK-WanLungNeural_SC-000015.amr.wav,spoof,RT-EDGETTS-CANTONESE,amr,redteam_factory/Edge-TTS,微软服务条款，仅研究评测用途,edgetts,cantonese,SC-000015,zh-HK-WanLungNeural,
data/redteam/factory/edgetts/cantonese/edgetts_cantonese_zh-HK-WanLungNeural_SC-000015.noise.wav,spoof,RT-EDGETTS-CANTONESE,noise,redteam_factory/Edge-TTS,微软服务条款，仅研究评测用途,edgetts,cantonese,SC-000015,zh-HK-WanLungNeural,
data/redteam/factory/edgetts/cantonese/edgetts_cantonese_zh-HK-WanLungNeural_SC-000018.wav,spoof,RT-EDGETTS-CANTONESE,clean,redteam_factory/Edge-TTS,微软服务条款，仅研究评测用途,edgetts,cantonese,SC-000018,zh-HK-WanLungNeural,
data/redteam/factory/edgetts/cantonese/edgetts_cantonese_zh-HK-WanLungNeural_SC-000018.phone8k.wav,spoof,RT-EDGETTS-CANTONESE,phone8k,redteam_factory/Edge-TTS,微软服务条款，仅研究评测用途,edgetts,cantonese,SC-000018,zh-HK-WanLungNeural,
data/redteam/factory/edgetts/cantonese/edgetts_cantonese_zh-HK-WanLungNeural_SC-000018.mp3_16k.mp3,spoof,RT-EDGETTS-CANTONESE,mp3_16k,redteam_factory/Edge-TTS,微软服务条款，仅研究评测用途,edgetts,cantonese,SC-000018,zh-HK-WanLungNeural,
data/redteam/factory/edgetts/cantonese/edgetts_cantonese_zh-HK-WanLungNeural_SC-000018.amr.wav,spoof,RT-EDGETTS-CANTONESE,amr,redteam_factory/Edge-TTS,微软服务条款，仅研究评测用途,edgetts,cantonese,SC-000018,zh-HK-WanLungNeural,
data/redteam/factory/edgetts/cantonese/edgetts_cantonese_zh-HK-WanLungNeural_SC-000018.noise.wav,spoof,RT-EDGETTS-CANTONESE,noise,redteam_factory/Edge-TTS,微软服务条款，仅研究评测用途,edgetts,cantonese,SC-000018,zh-HK-WanLungNeural,
data/redteam/factory/edgetts/cantonese/edgetts_cantonese_zh-HK-WanLungNeural_SC-000001.wav,spoof,RT-EDGETTS-CANTONESE,clean,redteam_factory/Edge-TTS,微软服务条款，仅研究评测用途,edgetts,cantonese,SC-000001,zh-HK-WanLungNeural,
data/redteam/factory/edgetts/cantonese/edgetts_cantonese_zh-HK-WanLungNeural_SC-000001.phone8k.wav,spoof,RT-EDGETTS-CANTONESE,phone8k,redteam_factory/Edge-TTS,微软服务条款，仅研究评测用途,edgetts,cantonese,SC-000001,zh-HK-WanLungNeural,
data/redteam/factory/edgetts/cantonese/edgetts_cantonese_zh-HK-WanLungNeural_SC-000001.mp3_16k.mp3,spoof,RT-EDGETTS-CANTONESE,mp3_16k,redteam_factory/Edge-TTS,微软服务条款，仅研究评测用途,edgetts,cantonese,SC-000001,zh-HK-WanLungNeural,
data/redteam/factory/edgetts/cantonese/edgetts_cantonese_zh-HK-WanLungNeural_SC-000001.amr.wav,spoof,RT-EDGETTS-CANTONESE,amr,redteam_factory/Edge-TTS,微软服务条款，仅研究评测用途,edgetts,cantonese,SC-000001,zh-HK-WanLungNeural,
data/redteam/factory/edgetts/cantonese/edgetts_cantonese_zh-HK-WanLungNeural_SC-000001.noise.wav,spoof,RT-EDGETTS-CANTONESE,noise,redteam_factory/Edge-TTS,微软服务条款，仅研究评测用途,edgetts,cantonese,SC-000001,zh-HK-WanLungNeural,
data/redteam/factory/edgetts/cantonese/edgetts_cantonese_zh-HK-WanLungNeural_SC-000002.wav,spoof,RT-EDGETTS-CANTONESE,clean,redteam_factory/Edge-TTS,微软服务条款，仅研究评测用途,edgetts,cantonese,SC-000002,zh-HK-WanLungNeural,
data/redteam/factory/edgetts/cantonese/edgetts_cantonese_zh-HK-WanLungNeural_SC-000002.phone8k.wav,spoof,RT-EDGETTS-CANTONESE,phone8k,redteam_factory/Edge-TTS,微软服务条款，仅研究评测用途,edgetts,cantonese,SC-000002,zh-HK-WanLungNeural,
data/redteam/factory/edgetts/cantonese/edgetts_cantonese_zh-HK-WanLungNeural_SC-000002.mp3_16k.mp3,spoof,RT-EDGETTS-CANTONESE,mp3_16k,redteam_factory/Edge-TTS,微软服务条款，仅研究评测用途,edgetts,cantonese,SC-000002,zh-HK-WanLungNeural,
data/redteam/factory/edgetts/cantonese/edgetts_cantonese_zh-HK-WanLungNeural_SC-000002.amr.wav,spoof,RT-EDGETTS-CANTONESE,amr,redteam_factory/Edge-TTS,微软服务条款，仅研究评测用途,edgetts,cantonese,SC-000002,zh-HK-WanLungNeural,
data/redteam/factory/edgetts/cantonese/edgetts_cantonese_zh-HK-WanLungNeural_SC-000002.noise.wav,spoof,RT-EDGETTS-CANTONESE,noise,redteam_factory/Edge-TTS,微软服务条款，仅研究评测用途,edgetts,cantonese,SC-000002,zh-HK-WanLungNeural,
data/redteam/factory/edgetts/cantonese/edgetts_cantonese_zh-HK-WanLungNeural_SC-000003.wav,spoof,RT-EDGETTS-CANTONESE,clean,redteam_factory/Edge-TTS,微软服务条款，仅研究评测用途,edgetts,cantonese,SC-000003,zh-HK-WanLungNeural,
data/redteam/factory/edgetts/cantonese/edgetts_cantonese_zh-HK-WanLungNeural_SC-000003.phone8k.wav,spoof,RT-EDGETTS-CANTONESE,phone8k,redteam_factory/Edge-TTS,微软服务条款，仅研究评测用途,edgetts,cantonese,SC-000003,zh-HK-WanLungNeural,
data/redteam/factory/edgetts/cantonese/edgetts_cantonese_zh-HK-WanLungNeural_SC-000003.mp3_16k.mp3,spoof,RT-EDGETTS-CANTONESE,mp3_16k,redteam_factory/Edge-TTS,微软服务条款，仅研究评测用途,edgetts,cantonese,SC-000003,zh-HK-WanLungNeural,
data/redteam/factory/edgetts/cantonese/edgetts_cantonese_zh-HK-WanLungNeural_SC-000003.amr.wav,spoof,RT-EDGETTS-CANTONESE,amr,redteam_factory/Edge-TTS,微软服务条款，仅研究评测用途,edgetts,cantonese,SC-000003,zh-HK-WanLungNeural,
data/redteam/factory/edgetts/cantonese/edgetts_cantonese_zh-HK-WanLungNeural_SC-000003.noise.wav,spoof,RT-EDGETTS-CANTONESE,noise,redteam_factory/Edge-TTS,微软服务条款，仅研究评测用途,edgetts,cantonese,SC-000003,zh-HK-WanLungNeural,
data/redteam/factory/edgetts/cantonese/edgetts_cantonese_zh-HK-WanLungNeural_SC-000004.wav,spoof,RT-EDGETTS-CANTONESE,clean,redteam_factory/Edge-TTS,微软服务条款，仅研究评测用途,edgetts,cantonese,SC-000004,zh-HK-WanLungNeural,
data/redteam/factory/edgetts/cantonese/edgetts_cantonese_zh-HK-WanLungNeural_SC-000004.phone8k.wav,spoof,RT-EDGETTS-CANTONESE,phone8k,redteam_factory/Edge-TTS,微软服务条款，仅研究评测用途,edgetts,cantonese,SC-000004,zh-HK-WanLungNeural,
data/redteam/factory/edgetts/cantonese/edgetts_cantonese_zh-HK-WanLungNeural_SC-000004.mp3_16k.mp3,spoof,RT-EDGETTS-CANTONESE,mp3_16k,redteam_factory/Edge-TTS,微软服务条款，仅研究评测用途,edgetts,cantonese,SC-000004,zh-HK-WanLungNeural,
data/redteam/factory/edgetts/cantonese/edgetts_cantonese_zh-HK-WanLungNeural_SC-000004.amr.wav,spoof,RT-EDGETTS-CANTONESE,amr,redteam_factory/Edge-TTS,微软服务条款，仅研究评测用途,edgetts,cantonese,SC-000004,zh-HK-WanLungNeural,
data/redteam/factory/edgetts/cantonese/edgetts_cantonese_zh-HK-WanLungNeural_SC-000004.noise.wav,spoof,RT-EDGETTS-CANTONESE,noise,redteam_factory/Edge-TTS,微软服务条款，仅研究评测用途,edgetts,cantonese,SC-000004,zh-HK-WanLungNeural,
data/redteam/factory/edgetts/cantonese/edgetts_cantonese_zh-HK-WanLungNeural_SC-000006.wav,spoof,RT-EDGETTS-CANTONESE,clean,redteam_factory/Edge-TTS,微软服务条款，仅研究评测用途,edgetts,cantonese,SC-000006,zh-HK-WanLungNeural,
data/redteam/factory/edgetts/cantonese/edgetts_cantonese_zh-HK-WanLungNeural_SC-000006.phone8k.wav,spoof,RT-EDGETTS-CANTONESE,phone8k,redteam_factory/Edge-TTS,微软服务条款，仅研究评测用途,edgetts,cantonese,SC-000006,zh-HK-WanLungNeural,
data/redteam/factory/edgetts/cantonese/edgetts_cantonese_zh-HK-WanLungNeural_SC-000006.mp3_16k.mp3,spoof,RT-EDGETTS-CANTONESE,mp3_16k,redteam_factory/Edge-TTS,微软服务条款，仅研究评测用途,edgetts,cantonese,SC-000006,zh-HK-WanLungNeural,
data/redteam/factory/edgetts/cantonese/edgetts_cantonese_zh-HK-WanLungNeural_SC-000006.amr.wav,spoof,RT-EDGETTS-CANTONESE,amr,redteam_factory/Edge-TTS,微软服务条款，仅研究评测用途,edgetts,cantonese,SC-000006,zh-HK-WanLungNeural,
data/redteam/factory/edgetts/cantonese/edgetts_cantonese_zh-HK-WanLungNeural_SC-000006.noise.wav,spoof,RT-EDGETTS-CANTONESE,noise,redteam_factory/Edge-TTS,微软服务条款，仅研究评测用途,edgetts,cantonese,SC-000006,zh-HK-WanLungNeural,
data/redteam/factory/edgetts/cantonese/edgetts_cantonese_zh-HK-WanLungNeural_SC-000007.wav,spoof,RT-EDGETTS-CANTONESE,clean,redteam_factory/Edge-TTS,微软服务条款，仅研究评测用途,edgetts,cantonese,SC-000007,zh-HK-WanLungNeural,
data/redteam/factory/edgetts/cantonese/edgetts_cantonese_zh-HK-WanLungNeural_SC-000007.phone8k.wav,spoof,RT-EDGETTS-CANTONESE,phone8k,redteam_factory/Edge-TTS,微软服务条款，仅研究评测用途,edgetts,cantonese,SC-000007,zh-HK-WanLungNeural,
data/redteam/factory/edgetts/cantonese/edgetts_cantonese_zh-HK-WanLungNeural_SC-000007.mp3_16k.mp3,spoof,RT-EDGETTS-CANTONESE,mp3_16k,redteam_factory/Edge-TTS,微软服务条款，仅研究评测用途,edgetts,cantonese,SC-000007,zh-HK-WanLungNeural,
data/redteam/factory/edgetts/cantonese/edgetts_cantonese_zh-HK-WanLungNeural_SC-000007.amr.wav,spoof,RT-EDGETTS-CANTONESE,amr,redteam_factory/Edge-TTS,微软服务条款，仅研究评测用途,edgetts,cantonese,SC-000007,zh-HK-WanLungNeural,
data/redteam/factory/edgetts/cantonese/edgetts_cantonese_zh-HK-WanLungNeural_SC-000007.noise.wav,spoof,RT-EDGETTS-CANTONESE,noise,redteam_factory/Edge-TTS,微软服务条款，仅研究评测用途,edgetts,cantonese,SC-000007,zh-HK-WanLungNeural,
data/redteam/factory/edgetts/cantonese/edgetts_cantonese_zh-HK-WanLungNeural_SC-000009.wav,spoof,RT-EDGETTS-CANTONESE,clean,redteam_factory/Edge-TTS,微软服务条款，仅研究评测用途,edgetts,cantonese,SC-000009,zh-HK-WanLungNeural,
data/redteam/factory/edgetts/cantonese/edgetts_cantonese_zh-HK-WanLungNeural_SC-000009.phone8k.wav,spoof,RT-EDGETTS-CANTONESE,phone8k,redteam_factory/Edge-TTS,微软服务条款，仅研究评测用途,edgetts,cantonese,SC-000009,zh-HK-WanLungNeural,
data/redteam/factory/edgetts/cantonese/edgetts_cantonese_zh-HK-WanLungNeural_SC-000009.mp3_16k.mp3,spoof,RT-EDGETTS-CANTONESE,mp3_16k,redteam_factory/Edge-TTS,微软服务条款，仅研究评测用途,edgetts,cantonese,SC-000009,zh-HK-WanLungNeural,
data/redteam/factory/edgetts/cantonese/edgetts_cantonese_zh-HK-WanLungNeural_SC-000009.amr.wav,spoof,RT-EDGETTS-CANTONESE,amr,redteam_factory/Edge-TTS,微软服务条款，仅研究评测用途,edgetts,cantonese,SC-000009,zh-HK-WanLungNeural,
data/redteam/factory/edgetts/cantonese/edgetts_cantonese_zh-HK-WanLungNeural_SC-000009.noise.wav,spoof,RT-EDGETTS-CANTONESE,noise,redteam_factory/Edge-TTS,微软服务条款，仅研究评测用途,edgetts,cantonese,SC-000009,zh-HK-WanLungNeural,
data/redteam/factory/edgetts/cantonese/edgetts_cantonese_zh-HK-WanLungNeural_SC-000010.wav,spoof,RT-EDGETTS-CANTONESE,clean,redteam_factory/Edge-TTS,微软服务条款，仅研究评测用途,edgetts,cantonese,SC-000010,zh-HK-WanLungNeural,
data/redteam/factory/edgetts/cantonese/edgetts_cantonese_zh-HK-WanLungNeural_SC-000010.phone8k.wav,spoof,RT-EDGETTS-CANTONESE,phone8k,redteam_factory/Edge-TTS,微软服务条款，仅研究评测用途,edgetts,cantonese,SC-000010,zh-HK-WanLungNeural,
data/redteam/factory/edgetts/cantonese/edgetts_cantonese_zh-HK-WanLungNeural_SC-000010.mp3_16k.mp3,spoof,RT-EDGETTS-CANTONESE,mp3_16k,redteam_factory/Edge-TTS,微软服务条款，仅研究评测用途,edgetts,cantonese,SC-000010,zh-HK-WanLungNeural,
data/redteam/factory/edgetts/cantonese/edgetts_cantonese_zh-HK-WanLungNeural_SC-000010.amr.wav,spoof,RT-EDGETTS-CANTONESE,amr,redteam_factory/Edge-TTS,微软服务条款，仅研究评测用途,edgetts,cantonese,SC-000010,zh-HK-WanLungNeural,
data/redteam/factory/edgetts/cantonese/edgetts_cantonese_zh-HK-WanLungNeural_SC-000010.noise.wav,spoof,RT-EDGETTS-CANTONESE,noise,redteam_factory/Edge-TTS,微软服务条款，仅研究评测用途,edgetts,cantonese,SC-000010,zh-HK-WanLungNeural,
data/redteam/factory/edgetts/cantonese/edgetts_cantonese_zh-HK-WanLungNeural_SC-000011.wav,spoof,RT-EDGETTS-CANTONESE,clean,redteam_factory/Edge-TTS,微软服务条款，仅研究评测用途,edgetts,cantonese,SC-000011,zh-HK-WanLungNeural,
data/redteam/factory/edgetts/cantonese/edgetts_cantonese_zh-HK-WanLungNeural_SC-000011.phone8k.wav,spoof,RT-EDGETTS-CANTONESE,phone8k,redteam_factory/Edge-TTS,微软服务条款，仅研究评测用途,edgetts,cantonese,SC-000011,zh-HK-WanLungNeural,
data/redteam/factory/edgetts/cantonese/edgetts_cantonese_zh-HK-WanLungNeural_SC-000011.mp3_16k.mp3,spoof,RT-EDGETTS-CANTONESE,mp3_16k,redteam_factory/Edge-TTS,微软服务条款，仅研究评测用途,edgetts,cantonese,SC-000011,zh-HK-WanLungNeural,
data/redteam/factory/edgetts/cantonese/edgetts_cantonese_zh-HK-WanLungNeural_SC-000011.amr.wav,spoof,RT-EDGETTS-CANTONESE,amr,redteam_factory/Edge-TTS,微软服务条款，仅研究评测用途,edgetts,cantonese,SC-000011,zh-HK-WanLungNeural,
data/redteam/factory/edgetts/cantonese/edgetts_cantonese_zh-HK-WanLungNeural_SC-000011.noise.wav,spoof,RT-EDGETTS-CANTONESE,noise,redteam_factory/Edge-TTS,微软服务条款，仅研究评测用途,edgetts,cantonese,SC-000011,zh-HK-WanLungNeural,
data/redteam/factory/edgetts/cantonese/edgetts_cantonese_zh-HK-WanLungNeural_SC-000012.wav,spoof,RT-EDGETTS-CANTONESE,clean,redteam_factory/Edge-TTS,微软服务条款，仅研究评测用途,edgetts,cantonese,SC-000012,zh-HK-WanLungNeural,
data/redteam/factory/edgetts/cantonese/edgetts_cantonese_zh-HK-WanLungNeural_SC-000012.phone8k.wav,spoof,RT-EDGETTS-CANTONESE,phone8k,redteam_factory/Edge-TTS,微软服务条款，仅研究评测用途,edgetts,cantonese,SC-000012,zh-HK-WanLungNeural,
data/redteam/factory/edgetts/cantonese/edgetts_cantonese_zh-HK-WanLungNeural_SC-000012.mp3_16k.mp3,spoof,RT-EDGETTS-CANTONESE,mp3_16k,redteam_factory/Edge-TTS,微软服务条款，仅研究评测用途,edgetts,cantonese,SC-000012,zh-HK-WanLungNeural,
data/redteam/factory/edgetts/cantonese/edgetts_cantonese_zh-HK-WanLungNeural_SC-000012.amr.wav,spoof,RT-EDGETTS-CANTONESE,amr,redteam_factory/Edge-TTS,微软服务条款，仅研究评测用途,edgetts,cantonese,SC-000012,zh-HK-WanLungNeural,
data/redteam/factory/edgetts/cantonese/edgetts_cantonese_zh-HK-WanLungNeural_SC-000012.noise.wav,spoof,RT-EDGETTS-CANTONESE,noise,redteam_factory/Edge-TTS,微软服务条款，仅研究评测用途,edgetts,cantonese,SC-000012,zh-HK-WanLungNeural,
data/redteam/factory/edgetts/cantonese/edgetts_cantonese_zh-HK-WanLungNeural_SC-000013.wav,spoof,RT-EDGETTS-CANTONESE,clean,redteam_factory/Edge-TTS,微软服务条款，仅研究评测用途,edgetts,cantonese,SC-000013,zh-HK-WanLungNeural,
data/redteam/factory/edgetts/cantonese/edgetts_cantonese_zh-HK-WanLungNeural_SC-000013.phone8k.wav,spoof,RT-EDGETTS-CANTONESE,phone8k,redteam_factory/Edge-TTS,微软服务条款，仅研究评测用途,edgetts,cantonese,SC-000013,zh-HK-WanLungNeural,
data/redteam/factory/edgetts/cantonese/edgetts_cantonese_zh-HK-WanLungNeural_SC-000013.mp3_16k.mp3,spoof,RT-EDGETTS-CANTONESE,mp3_16k,redteam_factory/Edge-TTS,微软服务条款，仅研究评测用途,edgetts,cantonese,SC-000013,zh-HK-WanLungNeural,
data/redteam/factory/edgetts/cantonese/edgetts_cantonese_zh-HK-WanLungNeural_SC-000013.amr.wav,spoof,RT-EDGETTS-CANTONESE,amr,redteam_factory/Edge-TTS,微软服务条款，仅研究评测用途,edgetts,cantonese,SC-000013,zh-HK-WanLungNeural,
data/redteam/factory/edgetts/cantonese/edgetts_cantonese_zh-HK-WanLungNeural_SC-000013.noise.wav,spoof,RT-EDGETTS-CANTONESE,noise,redteam_factory/Edge-TTS,微软服务条款，仅研究评测用途,edgetts,cantonese,SC-000013,zh-HK-WanLungNeural,
data/redteam/factory/edgetts/cantonese/edgetts_cantonese_zh-HK-WanLungNeural_SC-000016.wav,spoof,RT-EDGETTS-CANTONESE,clean,redteam_factory/Edge-TTS,微软服务条款，仅研究评测用途,edgetts,cantonese,SC-000016,zh-HK-WanLungNeural,
data/redteam/factory/edgetts/cantonese/edgetts_cantonese_zh-HK-WanLungNeural_SC-000016.phone8k.wav,spoof,RT-EDGETTS-CANTONESE,phone8k,redteam_factory/Edge-TTS,微软服务条款，仅研究评测用途,edgetts,cantonese,SC-000016,zh-HK-WanLungNeural,
data/redteam/factory/edgetts/cantonese/edgetts_cantonese_zh-HK-WanLungNeural_SC-000016.mp3_16k.mp3,spoof,RT-EDGETTS-CANTONESE,mp3_16k,redteam_factory/Edge-TTS,微软服务条款，仅研究评测用途,edgetts,cantonese,SC-000016,zh-HK-WanLungNeural,
data/redteam/factory/edgetts/cantonese/edgetts_cantonese_zh-HK-WanLungNeural_SC-000016.amr.wav,spoof,RT-EDGETTS-CANTONESE,amr,redteam_factory/Edge-TTS,微软服务条款，仅研究评测用途,edgetts,cantonese,SC-000016,zh-HK-WanLungNeural,
data/redteam/factory/edgetts/cantonese/edgetts_cantonese_zh-HK-WanLungNeural_SC-000016.noise.wav,spoof,RT-EDGETTS-CANTONESE,noise,redteam_factory/Edge-TTS,微软服务条款，仅研究评测用途,edgetts,cantonese,SC-000016,zh-HK-WanLungNeural,
data/redteam/factory/edgetts/cantonese/edgetts_cantonese_zh-HK-WanLungNeural_SC-000017.wav,spoof,RT-EDGETTS-CANTONESE,clean,redteam_factory/Edge-TTS,微软服务条款，仅研究评测用途,edgetts,cantonese,SC-000017,zh-HK-WanLungNeural,
data/redteam/factory/edgetts/cantonese/edgetts_cantonese_zh-HK-WanLungNeural_SC-000017.phone8k.wav,spoof,RT-EDGETTS-CANTONESE,phone8k,redteam_factory/Edge-TTS,微软服务条款，仅研究评测用途,edgetts,cantonese,SC-000017,zh-HK-WanLungNeural,
data/redteam/factory/edgetts/cantonese/edgetts_cantonese_zh-HK-WanLungNeural_SC-000017.mp3_16k.mp3,spoof,RT-EDGETTS-CANTONESE,mp3_16k,redteam_factory/Edge-TTS,微软服务条款，仅研究评测用途,edgetts,cantonese,SC-000017,zh-HK-WanLungNeural,
data/redteam/factory/edgetts/cantonese/edgetts_cantonese_zh-HK-WanLungNeural_SC-000017.amr.wav,spoof,RT-EDGETTS-CANTONESE,amr,redteam_factory/Edge-TTS,微软服务条款，仅研究评测用途,edgetts,cantonese,SC-000017,zh-HK-WanLungNeural,
data/redteam/factory/edgetts/cantonese/edgetts_cantonese_zh-HK-WanLungNeural_SC-000017.noise.wav,spoof,RT-EDGETTS-CANTONESE,noise,redteam_factory/Edge-TTS,微软服务条款，仅研究评测用途,edgetts,cantonese,SC-000017,zh-HK-WanLungNeural,
data/redteam/factory/edgetts/cantonese/edgetts_cantonese_zh-HK-WanLungNeural_SC-000019.wav,spoof,RT-EDGETTS-CANTONESE,clean,redteam_factory/Edge-TTS,微软服务条款，仅研究评测用途,edgetts,cantonese,SC-000019,zh-HK-WanLungNeural,
data/redteam/factory/edgetts/cantonese/edgetts_cantonese_zh-HK-WanLungNeural_SC-000019.phone8k.wav,spoof,RT-EDGETTS-CANTONESE,phone8k,redteam_factory/Edge-TTS,微软服务条款，仅研究评测用途,edgetts,cantonese,SC-000019,zh-HK-WanLungNeural,
data/redteam/factory/edgetts/cantonese/edgetts_cantonese_zh-HK-WanLungNeural_SC-000019.mp3_16k.mp3,spoof,RT-EDGETTS-CANTONESE,mp3_16k,redteam_factory/Edge-TTS,微软服务条款，仅研究评测用途,edgetts,cantonese,SC-000019,zh-HK-WanLungNeural,
data/redteam/factory/edgetts/cantonese/edgetts_cantonese_zh-HK-WanLungNeural_SC-000019.amr.wav,spoof,RT-EDGETTS-CANTONESE,amr,redteam_factory/Edge-TTS,微软服务条款，仅研究评测用途,edgetts,cantonese,SC-000019,zh-HK-WanLungNeural,
data/redteam/factory/edgetts/cantonese/edgetts_cantonese_zh-HK-WanLungNeural_SC-000019.noise.wav,spoof,RT-EDGETTS-CANTONESE,noise,redteam_factory/Edge-TTS,微软服务条款，仅研究评测用途,edgetts,cantonese,SC-000019,zh-HK-WanLungNeural,
data/redteam/factory/edgetts/cantonese/edgetts_cantonese_zh-HK-WanLungNeural_SC-000020.wav,spoof,RT-EDGETTS-CANTONESE,clean,redteam_factory/Edge-TTS,微软服务条款，仅研究评测用途,edgetts,cantonese,SC-000020,zh-HK-WanLungNeural,
data/redteam/factory/edgetts/cantonese/edgetts_cantonese_zh-HK-WanLungNeural_SC-000020.phone8k.wav,spoof,RT-EDGETTS-CANTONESE,phone8k,redteam_factory/Edge-TTS,微软服务条款，仅研究评测用途,edgetts,cantonese,SC-000020,zh-HK-WanLungNeural,
data/redteam/factory/edgetts/cantonese/edgetts_cantonese_zh-HK-WanLungNeural_SC-000020.mp3_16k.mp3,spoof,RT-EDGETTS-CANTONESE,mp3_16k,redteam_factory/Edge-TTS,微软服务条款，仅研究评测用途,edgetts,cantonese,SC-000020,zh-HK-WanLungNeural,
data/redteam/factory/edgetts/cantonese/edgetts_cantonese_zh-HK-WanLungNeural_SC-000020.amr.wav,spoof,RT-EDGETTS-CANTONESE,amr,redteam_factory/Edge-TTS,微软服务条款，仅研究评测用途,edgetts,cantonese,SC-000020,zh-HK-WanLungNeural,
data/redteam/factory/edgetts/cantonese/edgetts_cantonese_zh-HK-WanLungNeural_SC-000020.noise.wav,spoof,RT-EDGETTS-CANTONESE,noise,redteam_factory/Edge-TTS,微软服务条款，仅研究评测用途,edgetts,cantonese,SC-000020,zh-HK-WanLungNeural,
data/redteam/factory/edgetts/cantonese/edgetts_cantonese_zh-HK-WanLungNeural_SC-000021.wav,spoof,RT-EDGETTS-CANTONESE,clean,redteam_factory/Edge-TTS,微软服务条款，仅研究评测用途,edgetts,cantonese,SC-000021,zh-HK-WanLungNeural,
data/redteam/factory/edgetts/cantonese/edgetts_cantonese_zh-HK-WanLungNeural_SC-000021.phone8k.wav,spoof,RT-EDGETTS-CANTONESE,phone8k,redteam_factory/Edge-TTS,微软服务条款，仅研究评测用途,edgetts,cantonese,SC-000021,zh-HK-WanLungNeural,
data/redteam/factory/edgetts/cantonese/edgetts_cantonese_zh-HK-WanLungNeural_SC-000021.mp3_16k.mp3,spoof,RT-EDGETTS-CANTONESE,mp3_16k,redteam_factory/Edge-TTS,微软服务条款，仅研究评测用途,edgetts,cantonese,SC-000021,zh-HK-WanLungNeural,
data/redteam/factory/edgetts/cantonese/edgetts_cantonese_zh-HK-WanLungNeural_SC-000021.amr.wav,spoof,RT-EDGETTS-CANTONESE,amr,redteam_factory/Edge-TTS,微软服务条款，仅研究评测用途,edgetts,cantonese,SC-000021,zh-HK-WanLungNeural,
data/redteam/factory/edgetts/cantonese/edgetts_cantonese_zh-HK-WanLungNeural_SC-000021.noise.wav,spoof,RT-EDGETTS-CANTONESE,noise,redteam_factory/Edge-TTS,微软服务条款，仅研究评测用途,edgetts,cantonese,SC-000021,zh-HK-WanLungNeural,
data/redteam/factory/edgetts/cantonese/edgetts_cantonese_zh-HK-WanLungNeural_SC-000022.wav,spoof,RT-EDGETTS-CANTONESE,clean,redteam_factory/Edge-TTS,微软服务条款，仅研究评测用途,edgetts,cantonese,SC-000022,zh-HK-WanLungNeural,
data/redteam/factory/edgetts/cantonese/edgetts_cantonese_zh-HK-WanLungNeural_SC-000022.phone8k.wav,spoof,RT-EDGETTS-CANTONESE,phone8k,redteam_factory/Edge-TTS,微软服务条款，仅研究评测用途,edgetts,cantonese,SC-000022,zh-HK-WanLungNeural,
data/redteam/factory/edgetts/cantonese/edgetts_cantonese_zh-HK-WanLungNeural_SC-000022.mp3_16k.mp3,spoof,RT-EDGETTS-CANTONESE,mp3_16k,redteam_factory/Edge-TTS,微软服务条款，仅研究评测用途,edgetts,cantonese,SC-000022,zh-HK-WanLungNeural,
data/redteam/factory/edgetts/cantonese/edgetts_cantonese_zh-HK-WanLungNeural_SC-000022.amr.wav,spoof,RT-EDGETTS-CANTONESE,amr,redteam_factory/Edge-TTS,微软服务条款，仅研究评测用途,edgetts,cantonese,SC-000022,zh-HK-WanLungNeural,
data/redteam/factory/edgetts/cantonese/edgetts_cantonese_zh-HK-WanLungNeural_SC-000022.noise.wav,spoof,RT-EDGETTS-CANTONESE,noise,redteam_factory/Edge-TTS,微软服务条款，仅研究评测用途,edgetts,cantonese,SC-000022,zh-HK-WanLungNeural,
data/redteam/factory/edgetts/cantonese/edgetts_cantonese_zh-HK-WanLungNeural_SC-000023.wav,spoof,RT-EDGETTS-CANTONESE,clean,redteam_factory/Edge-TTS,微软服务条款，仅研究评测用途,edgetts,cantonese,SC-000023,zh-HK-WanLungNeural,
data/redteam/factory/edgetts/cantonese/edgetts_cantonese_zh-HK-WanLungNeural_SC-000023.phone8k.wav,spoof,RT-EDGETTS-CANTONESE,phone8k,redteam_factory/Edge-TTS,微软服务条款，仅研究评测用途,edgetts,cantonese,SC-000023,zh-HK-WanLungNeural,
data/redteam/factory/edgetts/cantonese/edgetts_cantonese_zh-HK-WanLungNeural_SC-000023.mp3_16k.mp3,spoof,RT-EDGETTS-CANTONESE,mp3_16k,redteam_factory/Edge-TTS,微软服务条款，仅研究评测用途,edgetts,cantonese,SC-000023,zh-HK-WanLungNeural,
data/redteam/factory/edgetts/cantonese/edgetts_cantonese_zh-HK-WanLungNeural_SC-000023.amr.wav,spoof,RT-EDGETTS-CANTONESE,amr,redteam_factory/Edge-TTS,微软服务条款，仅研究评测用途,edgetts,cantonese,SC-000023,zh-HK-WanLungNeural,
data/redteam/factory/edgetts/cantonese/edgetts_cantonese_zh-HK-WanLungNeural_SC-000023.noise.wav,spoof,RT-EDGETTS-CANTONESE,noise,redteam_factory/Edge-TTS,微软服务条款，仅研究评测用途,edgetts,cantonese,SC-000023,zh-HK-WanLungNeural,
data/redteam/factory/edgetts/cantonese/edgetts_cantonese_zh-HK-WanLungNeural_SC-000024.wav,spoof,RT-EDGETTS-CANTONESE,clean,redteam_factory/Edge-TTS,微软服务条款，仅研究评测用途,edgetts,cantonese,SC-000024,zh-HK-WanLungNeural,
data/redteam/factory/edgetts/cantonese/edgetts_cantonese_zh-HK-WanLungNeural_SC-000024.phone8k.wav,spoof,RT-EDGETTS-CANTONESE,phone8k,redteam_factory/Edge-TTS,微软服务条款，仅研究评测用途,edgetts,cantonese,SC-000024,zh-HK-WanLungNeural,
data/redteam/factory/edgetts/cantonese/edgetts_cantonese_zh-HK-WanLungNeural_SC-000024.mp3_16k.mp3,spoof,RT-EDGETTS-CANTONESE,mp3_16k,redteam_factory/Edge-TTS,微软服务条款，仅研究评测用途,edgetts,cantonese,SC-000024,zh-HK-WanLungNeural,
data/redteam/factory/edgetts/cantonese/edgetts_cantonese_zh-HK-WanLungNeural_SC-000024.amr.wav,spoof,RT-EDGETTS-CANTONESE,amr,redteam_factory/Edge-TTS,微软服务条款，仅研究评测用途,edgetts,cantonese,SC-000024,zh-HK-WanLungNeural,
data/redteam/factory/edgetts/cantonese/edgetts_cantonese_zh-HK-WanLungNeural_SC-000024.noise.wav,spoof,RT-EDGETTS-CANTONESE,noise,redteam_factory/Edge-TTS,微软服务条款，仅研究评测用途,edgetts,cantonese,SC-000024,zh-HK-WanLungNeural,
data/redteam/factory/edgetts/cantonese/edgetts_cantonese_zh-HK-WanLungNeural_SC-000025.wav,spoof,RT-EDGETTS-CANTONESE,clean,redteam_factory/Edge-TTS,微软服务条款，仅研究评测用途,edgetts,cantonese,SC-000025,zh-HK-WanLungNeural,
data/redteam/factory/edgetts/cantonese/edgetts_cantonese_zh-HK-WanLungNeural_SC-000025.phone8k.wav,spoof,RT-EDGETTS-CANTONESE,phone8k,redteam_factory/Edge-TTS,微软服务条款，仅研究评测用途,edgetts,cantonese,SC-000025,zh-HK-WanLungNeural,
data/redteam/factory/edgetts/cantonese/edgetts_cantonese_zh-HK-WanLungNeural_SC-000025.mp3_16k.mp3,spoof,RT-EDGETTS-CANTONESE,mp3_16k,redteam_factory/Edge-TTS,微软服务条款，仅研究评测用途,edgetts,cantonese,SC-000025,zh-HK-WanLungNeural,
data/redteam/factory/edgetts/cantonese/edgetts_cantonese_zh-HK-WanLungNeural_SC-000025.amr.wav,spoof,RT-EDGETTS-CANTONESE,amr,redteam_factory/Edge-TTS,微软服务条款，仅研究评测用途,edgetts,cantonese,SC-000025,zh-HK-WanLungNeural,
data/redteam/factory/edgetts/cantonese/edgetts_cantonese_zh-HK-WanLungNeural_SC-000025.noise.wav,spoof,RT-EDGETTS-CANTONESE,noise,redteam_factory/Edge-TTS,微软服务条款，仅研究评测用途,edgetts,cantonese,SC-000025,zh-HK-WanLungNeural,
data/redteam/factory/edgetts/cantonese/edgetts_cantonese_zh-HK-WanLungNeural_SC-000026.wav,spoof,RT-EDGETTS-CANTONESE,clean,redteam_factory/Edge-TTS,微软服务条款，仅研究评测用途,edgetts,cantonese,SC-000026,zh-HK-WanLungNeural,
data/redteam/factory/edgetts/cantonese/edgetts_cantonese_zh-HK-WanLungNeural_SC-000026.phone8k.wav,spoof,RT-EDGETTS-CANTONESE,phone8k,redteam_factory/Edge-TTS,微软服务条款，仅研究评测用途,edgetts,cantonese,SC-000026,zh-HK-WanLungNeural,
data/redteam/factory/edgetts/cantonese/edgetts_cantonese_zh-HK-WanLungNeural_SC-000026.mp3_16k.mp3,spoof,RT-EDGETTS-CANTONESE,mp3_16k,redteam_factory/Edge-TTS,微软服务条款，仅研究评测用途,edgetts,cantonese,SC-000026,zh-HK-WanLungNeural,
data/redteam/factory/edgetts/cantonese/edgetts_cantonese_zh-HK-WanLungNeural_SC-000026.amr.wav,spoof,RT-EDGETTS-CANTONESE,amr,redteam_factory/Edge-TTS,微软服务条款，仅研究评测用途,edgetts,cantonese,SC-000026,zh-HK-WanLungNeural,
data/redteam/factory/edgetts/cantonese/edgetts_cantonese_zh-HK-WanLungNeural_SC-000026.noise.wav,spoof,RT-EDGETTS-CANTONESE,noise,redteam_factory/Edge-TTS,微软服务条款，仅研究评测用途,edgetts,cantonese,SC-000026,zh-HK-WanLungNeural,
data/redteam/factory/edgetts/cantonese/edgetts_cantonese_zh-HK-WanLungNeural_SC-000027.wav,spoof,RT-EDGETTS-CANTONESE,clean,redteam_factory/Edge-TTS,微软服务条款，仅研究评测用途,edgetts,cantonese,SC-000027,zh-HK-WanLungNeural,
data/redteam/factory/edgetts/cantonese/edgetts_cantonese_zh-HK-WanLungNeural_SC-000027.phone8k.wav,spoof,RT-EDGETTS-CANTONESE,phone8k,redteam_factory/Edge-TTS,微软服务条款，仅研究评测用途,edgetts,cantonese,SC-000027,zh-HK-WanLungNeural,
data/redteam/factory/edgetts/cantonese/edgetts_cantonese_zh-HK-WanLungNeural_SC-000027.mp3_16k.mp3,spoof,RT-EDGETTS-CANTONESE,mp3_16k,redteam_factory/Edge-TTS,微软服务条款，仅研究评测用途,edgetts,cantonese,SC-000027,zh-HK-WanLungNeural,
data/redteam/factory/edgetts/cantonese/edgetts_cantonese_zh-HK-WanLungNeural_SC-000027.amr.wav,spoof,RT-EDGETTS-CANTONESE,amr,redteam_factory/Edge-TTS,微软服务条款，仅研究评测用途,edgetts,cantonese,SC-000027,zh-HK-WanLungNeural,
data/redteam/factory/edgetts/cantonese/edgetts_cantonese_zh-HK-WanLungNeural_SC-000027.noise.wav,spoof,RT-EDGETTS-CANTONESE,noise,redteam_factory/Edge-TTS,微软服务条款，仅研究评测用途,edgetts,cantonese,SC-000027,zh-HK-WanLungNeural,
data/redteam/factory/edgetts/cantonese/edgetts_cantonese_zh-HK-WanLungNeural_SC-000028.wav,spoof,RT-EDGETTS-CANTONESE,clean,redteam_factory/Edge-TTS,微软服务条款，仅研究评测用途,edgetts,cantonese,SC-000028,zh-HK-WanLungNeural,
data/redteam/factory/edgetts/cantonese/edgetts_cantonese_zh-HK-WanLungNeural_SC-000028.phone8k.wav,spoof,RT-EDGETTS-CANTONESE,phone8k,redteam_factory/Edge-TTS,微软服务条款，仅研究评测用途,edgetts,cantonese,SC-000028,zh-HK-WanLungNeural,
data/redteam/factory/edgetts/cantonese/edgetts_cantonese_zh-HK-WanLungNeural_SC-000028.mp3_16k.mp3,spoof,RT-EDGETTS-CANTONESE,mp3_16k,redteam_factory/Edge-TTS,微软服务条款，仅研究评测用途,edgetts,cantonese,SC-000028,zh-HK-WanLungNeural,
data/redteam/factory/edgetts/cantonese/edgetts_cantonese_zh-HK-WanLungNeural_SC-000028.amr.wav,spoof,RT-EDGETTS-CANTONESE,amr,redteam_factory/Edge-TTS,微软服务条款，仅研究评测用途,edgetts,cantonese,SC-000028,zh-HK-WanLungNeural,
data/redteam/factory/edgetts/cantonese/edgetts_cantonese_zh-HK-WanLungNeural_SC-000028.noise.wav,spoof,RT-EDGETTS-CANTONESE,noise,redteam_factory/Edge-TTS,微软服务条款，仅研究评测用途,edgetts,cantonese,SC-000028,zh-HK-WanLungNeural,
data/redteam/factory/edgetts/cantonese/edgetts_cantonese_zh-HK-WanLungNeural_SC-000029.wav,spoof,RT-EDGETTS-CANTONESE,clean,redteam_factory/Edge-TTS,微软服务条款，仅研究评测用途,edgetts,cantonese,SC-000029,zh-HK-WanLungNeural,
data/redteam/factory/edgetts/cantonese/edgetts_cantonese_zh-HK-WanLungNeural_SC-000029.phone8k.wav,spoof,RT-EDGETTS-CANTONESE,phone8k,redteam_factory/Edge-TTS,微软服务条款，仅研究评测用途,edgetts,cantonese,SC-000029,zh-HK-WanLungNeural,
data/redteam/factory/edgetts/cantonese/edgetts_cantonese_zh-HK-WanLungNeural_SC-000029.mp3_16k.mp3,spoof,RT-EDGETTS-CANTONESE,mp3_16k,redteam_factory/Edge-TTS,微软服务条款，仅研究评测用途,edgetts,cantonese,SC-000029,zh-HK-WanLungNeural,
data/redteam/factory/edgetts/cantonese/edgetts_cantonese_zh-HK-WanLungNeural_SC-000029.amr.wav,spoof,RT-EDGETTS-CANTONESE,amr,redteam_factory/Edge-TTS,微软服务条款，仅研究评测用途,edgetts,cantonese,SC-000029,zh-HK-WanLungNeural,
data/redteam/factory/edgetts/cantonese/edgetts_cantonese_zh-HK-WanLungNeural_SC-000029.noise.wav,spoof,RT-EDGETTS-CANTONESE,noise,redteam_factory/Edge-TTS,微软服务条款，仅研究评测用途,edgetts,cantonese,SC-000029,zh-HK-WanLungNeural,
data/redteam/factory/edgetts/dongbei/edgetts_dongbei_zh-CN-liaoning-XiaobeiNeural_SC-000002.wav,spoof,RT-EDGETTS-DONGBEI,clean,redteam_factory/Edge-TTS,微软服务条款，仅研究评测用途,edgetts,dongbei,SC-000002,zh-CN-liaoning-XiaobeiNeural,
data/redteam/factory/edgetts/dongbei/edgetts_dongbei_zh-CN-liaoning-XiaobeiNeural_SC-000002.phone8k.wav,spoof,RT-EDGETTS-DONGBEI,phone8k,redteam_factory/Edge-TTS,微软服务条款，仅研究评测用途,edgetts,dongbei,SC-000002,zh-CN-liaoning-XiaobeiNeural,
data/redteam/factory/edgetts/dongbei/edgetts_dongbei_zh-CN-liaoning-XiaobeiNeural_SC-000002.mp3_16k.mp3,spoof,RT-EDGETTS-DONGBEI,mp3_16k,redteam_factory/Edge-TTS,微软服务条款，仅研究评测用途,edgetts,dongbei,SC-000002,zh-CN-liaoning-XiaobeiNeural,
data/redteam/factory/edgetts/dongbei/edgetts_dongbei_zh-CN-liaoning-XiaobeiNeural_SC-000002.amr.wav,spoof,RT-EDGETTS-DONGBEI,amr,redteam_factory/Edge-TTS,微软服务条款，仅研究评测用途,edgetts,dongbei,SC-000002,zh-CN-liaoning-XiaobeiNeural,
data/redteam/factory/edgetts/dongbei/edgetts_dongbei_zh-CN-liaoning-XiaobeiNeural_SC-000002.noise.wav,spoof,RT-EDGETTS-DONGBEI,noise,redteam_factory/Edge-TTS,微软服务条款，仅研究评测用途,edgetts,dongbei,SC-000002,zh-CN-liaoning-XiaobeiNeural,
data/redteam/factory/edgetts/dongbei/edgetts_dongbei_zh-CN-liaoning-XiaobeiNeural_SC-000013.wav,spoof,RT-EDGETTS-DONGBEI,clean,redteam_factory/Edge-TTS,微软服务条款，仅研究评测用途,edgetts,dongbei,SC-000013,zh-CN-liaoning-XiaobeiNeural,
data/redteam/factory/edgetts/dongbei/edgetts_dongbei_zh-CN-liaoning-XiaobeiNeural_SC-000013.phone8k.wav,spoof,RT-EDGETTS-DONGBEI,phone8k,redteam_factory/Edge-TTS,微软服务条款，仅研究评测用途,edgetts,dongbei,SC-000013,zh-CN-liaoning-XiaobeiNeural,
data/redteam/factory/edgetts/dongbei/edgetts_dongbei_zh-CN-liaoning-XiaobeiNeural_SC-000013.mp3_16k.mp3,spoof,RT-EDGETTS-DONGBEI,mp3_16k,redteam_factory/Edge-TTS,微软服务条款，仅研究评测用途,edgetts,dongbei,SC-000013,zh-CN-liaoning-XiaobeiNeural,
data/redteam/factory/edgetts/dongbei/edgetts_dongbei_zh-CN-liaoning-XiaobeiNeural_SC-000013.amr.wav,spoof,RT-EDGETTS-DONGBEI,amr,redteam_factory/Edge-TTS,微软服务条款，仅研究评测用途,edgetts,dongbei,SC-000013,zh-CN-liaoning-XiaobeiNeural,
data/redteam/factory/edgetts/dongbei/edgetts_dongbei_zh-CN-liaoning-XiaobeiNeural_SC-000013.noise.wav,spoof,RT-EDGETTS-DONGBEI,noise,redteam_factory/Edge-TTS,微软服务条款，仅研究评测用途,edgetts,dongbei,SC-000013,zh-CN-liaoning-XiaobeiNeural,
data/redteam/factory/edgetts/dongbei/edgetts_dongbei_zh-CN-liaoning-XiaobeiNeural_SC-000021.wav,spoof,RT-EDGETTS-DONGBEI,clean,redteam_factory/Edge-TTS,微软服务条款，仅研究评测用途,edgetts,dongbei,SC-000021,zh-CN-liaoning-XiaobeiNeural,
data/redteam/factory/edgetts/dongbei/edgetts_dongbei_zh-CN-liaoning-XiaobeiNeural_SC-000021.phone8k.wav,spoof,RT-EDGETTS-DONGBEI,phone8k,redteam_factory/Edge-TTS,微软服务条款，仅研究评测用途,edgetts,dongbei,SC-000021,zh-CN-liaoning-XiaobeiNeural,
data/redteam/factory/edgetts/dongbei/edgetts_dongbei_zh-CN-liaoning-XiaobeiNeural_SC-000021.mp3_16k.mp3,spoof,RT-EDGETTS-DONGBEI,mp3_16k,redteam_factory/Edge-TTS,微软服务条款，仅研究评测用途,edgetts,dongbei,SC-000021,zh-CN-liaoning-XiaobeiNeural,
data/redteam/factory/edgetts/dongbei/edgetts_dongbei_zh-CN-liaoning-XiaobeiNeural_SC-000021.amr.wav,spoof,RT-EDGETTS-DONGBEI,amr,redteam_factory/Edge-TTS,微软服务条款，仅研究评测用途,edgetts,dongbei,SC-000021,zh-CN-liaoning-XiaobeiNeural,
data/redteam/factory/edgetts/dongbei/edgetts_dongbei_zh-CN-liaoning-XiaobeiNeural_SC-000021.noise.wav,spoof,RT-EDGETTS-DONGBEI,noise,redteam_factory/Edge-TTS,微软服务条款，仅研究评测用途,edgetts,dongbei,SC-000021,zh-CN-liaoning-XiaobeiNeural,
data/redteam/factory/edgetts/dongbei/edgetts_dongbei_zh-CN-liaoning-XiaobeiNeural_SC-000024.wav,spoof,RT-EDGETTS-DONGBEI,clean,redteam_factory/Edge-TTS,微软服务条款，仅研究评测用途,edgetts,dongbei,SC-000024,zh-CN-liaoning-XiaobeiNeural,
data/redteam/factory/edgetts/dongbei/edgetts_dongbei_zh-CN-liaoning-XiaobeiNeural_SC-000024.phone8k.wav,spoof,RT-EDGETTS-DONGBEI,phone8k,redteam_factory/Edge-TTS,微软服务条款，仅研究评测用途,edgetts,dongbei,SC-000024,zh-CN-liaoning-XiaobeiNeural,
data/redteam/factory/edgetts/dongbei/edgetts_dongbei_zh-CN-liaoning-XiaobeiNeural_SC-000024.mp3_16k.mp3,spoof,RT-EDGETTS-DONGBEI,mp3_16k,redteam_factory/Edge-TTS,微软服务条款，仅研究评测用途,edgetts,dongbei,SC-000024,zh-CN-liaoning-XiaobeiNeural,
data/redteam/factory/edgetts/dongbei/edgetts_dongbei_zh-CN-liaoning-XiaobeiNeural_SC-000024.amr.wav,spoof,RT-EDGETTS-DONGBEI,amr,redteam_factory/Edge-TTS,微软服务条款，仅研究评测用途,edgetts,dongbei,SC-000024,zh-CN-liaoning-XiaobeiNeural,
data/redteam/factory/edgetts/dongbei/edgetts_dongbei_zh-CN-liaoning-XiaobeiNeural_SC-000024.noise.wav,spoof,RT-EDGETTS-DONGBEI,noise,redteam_factory/Edge-TTS,微软服务条款，仅研究评测用途,edgetts,dongbei,SC-000024,zh-CN-liaoning-XiaobeiNeural,
data/redteam/factory/edgetts/dongbei/edgetts_dongbei_zh-CN-liaoning-XiaobeiNeural_SC-000001.wav,spoof,RT-EDGETTS-DONGBEI,clean,redteam_factory/Edge-TTS,微软服务条款，仅研究评测用途,edgetts,dongbei,SC-000001,zh-CN-liaoning-XiaobeiNeural,
data/redteam/factory/edgetts/dongbei/edgetts_dongbei_zh-CN-liaoning-XiaobeiNeural_SC-000001.phone8k.wav,spoof,RT-EDGETTS-DONGBEI,phone8k,redteam_factory/Edge-TTS,微软服务条款，仅研究评测用途,edgetts,dongbei,SC-000001,zh-CN-liaoning-XiaobeiNeural,
data/redteam/factory/edgetts/dongbei/edgetts_dongbei_zh-CN-liaoning-XiaobeiNeural_SC-000001.mp3_16k.mp3,spoof,RT-EDGETTS-DONGBEI,mp3_16k,redteam_factory/Edge-TTS,微软服务条款，仅研究评测用途,edgetts,dongbei,SC-000001,zh-CN-liaoning-XiaobeiNeural,
data/redteam/factory/edgetts/dongbei/edgetts_dongbei_zh-CN-liaoning-XiaobeiNeural_SC-000001.amr.wav,spoof,RT-EDGETTS-DONGBEI,amr,redteam_factory/Edge-TTS,微软服务条款，仅研究评测用途,edgetts,dongbei,SC-000001,zh-CN-liaoning-XiaobeiNeural,
data/redteam/factory/edgetts/dongbei/edgetts_dongbei_zh-CN-liaoning-XiaobeiNeural_SC-000001.noise.wav,spoof,RT-EDGETTS-DONGBEI,noise,redteam_factory/Edge-TTS,微软服务条款，仅研究评测用途,edgetts,dongbei,SC-000001,zh-CN-liaoning-XiaobeiNeural,
data/redteam/factory/edgetts/dongbei/edgetts_dongbei_zh-CN-liaoning-XiaobeiNeural_SC-000003.wav,spoof,RT-EDGETTS-DONGBEI,clean,redteam_factory/Edge-TTS,微软服务条款，仅研究评测用途,edgetts,dongbei,SC-000003,zh-CN-liaoning-XiaobeiNeural,
data/redteam/factory/edgetts/dongbei/edgetts_dongbei_zh-CN-liaoning-XiaobeiNeural_SC-000003.phone8k.wav,spoof,RT-EDGETTS-DONGBEI,phone8k,redteam_factory/Edge-TTS,微软服务条款，仅研究评测用途,edgetts,dongbei,SC-000003,zh-CN-liaoning-XiaobeiNeural,
data/redteam/factory/edgetts/dongbei/edgetts_dongbei_zh-CN-liaoning-XiaobeiNeural_SC-000003.mp3_16k.mp3,spoof,RT-EDGETTS-DONGBEI,mp3_16k,redteam_factory/Edge-TTS,微软服务条款，仅研究评测用途,edgetts,dongbei,SC-000003,zh-CN-liaoning-XiaobeiNeural,
data/redteam/factory/edgetts/dongbei/edgetts_dongbei_zh-CN-liaoning-XiaobeiNeural_SC-000003.amr.wav,spoof,RT-EDGETTS-DONGBEI,amr,redteam_factory/Edge-TTS,微软服务条款，仅研究评测用途,edgetts,dongbei,SC-000003,zh-CN-liaoning-XiaobeiNeural,
data/redteam/factory/edgetts/dongbei/edgetts_dongbei_zh-CN-liaoning-XiaobeiNeural_SC-000003.noise.wav,spoof,RT-EDGETTS-DONGBEI,noise,redteam_factory/Edge-TTS,微软服务条款，仅研究评测用途,edgetts,dongbei,SC-000003,zh-CN-liaoning-XiaobeiNeural,
data/redteam/factory/edgetts/dongbei/edgetts_dongbei_zh-CN-liaoning-XiaobeiNeural_SC-000004.wav,spoof,RT-EDGETTS-DONGBEI,clean,redteam_factory/Edge-TTS,微软服务条款，仅研究评测用途,edgetts,dongbei,SC-000004,zh-CN-liaoning-XiaobeiNeural,
data/redteam/factory/edgetts/dongbei/edgetts_dongbei_zh-CN-liaoning-XiaobeiNeural_SC-000004.phone8k.wav,spoof,RT-EDGETTS-DONGBEI,phone8k,redteam_factory/Edge-TTS,微软服务条款，仅研究评测用途,edgetts,dongbei,SC-000004,zh-CN-liaoning-XiaobeiNeural,
data/redteam/factory/edgetts/dongbei/edgetts_dongbei_zh-CN-liaoning-XiaobeiNeural_SC-000004.mp3_16k.mp3,spoof,RT-EDGETTS-DONGBEI,mp3_16k,redteam_factory/Edge-TTS,微软服务条款，仅研究评测用途,edgetts,dongbei,SC-000004,zh-CN-liaoning-XiaobeiNeural,
data/redteam/factory/edgetts/dongbei/edgetts_dongbei_zh-CN-liaoning-XiaobeiNeural_SC-000004.amr.wav,spoof,RT-EDGETTS-DONGBEI,amr,redteam_factory/Edge-TTS,微软服务条款，仅研究评测用途,edgetts,dongbei,SC-000004,zh-CN-liaoning-XiaobeiNeural,
data/redteam/factory/edgetts/dongbei/edgetts_dongbei_zh-CN-liaoning-XiaobeiNeural_SC-000004.noise.wav,spoof,RT-EDGETTS-DONGBEI,noise,redteam_factory/Edge-TTS,微软服务条款，仅研究评测用途,edgetts,dongbei,SC-000004,zh-CN-liaoning-XiaobeiNeural,
data/redteam/factory/edgetts/dongbei/edgetts_dongbei_zh-CN-liaoning-XiaobeiNeural_SC-000005.wav,spoof,RT-EDGETTS-DONGBEI,clean,redteam_factory/Edge-TTS,微软服务条款，仅研究评测用途,edgetts,dongbei,SC-000005,zh-CN-liaoning-XiaobeiNeural,
data/redteam/factory/edgetts/dongbei/edgetts_dongbei_zh-CN-liaoning-XiaobeiNeural_SC-000005.phone8k.wav,spoof,RT-EDGETTS-DONGBEI,phone8k,redteam_factory/Edge-TTS,微软服务条款，仅研究评测用途,edgetts,dongbei,SC-000005,zh-CN-liaoning-XiaobeiNeural,
data/redteam/factory/edgetts/dongbei/edgetts_dongbei_zh-CN-liaoning-XiaobeiNeural_SC-000005.mp3_16k.mp3,spoof,RT-EDGETTS-DONGBEI,mp3_16k,redteam_factory/Edge-TTS,微软服务条款，仅研究评测用途,edgetts,dongbei,SC-000005,zh-CN-liaoning-XiaobeiNeural,
data/redteam/factory/edgetts/dongbei/edgetts_dongbei_zh-CN-liaoning-XiaobeiNeural_SC-000005.amr.wav,spoof,RT-EDGETTS-DONGBEI,amr,redteam_factory/Edge-TTS,微软服务条款，仅研究评测用途,edgetts,dongbei,SC-000005,zh-CN-liaoning-XiaobeiNeural,
data/redteam/factory/edgetts/dongbei/edgetts_dongbei_zh-CN-liaoning-XiaobeiNeural_SC-000005.noise.wav,spoof,RT-EDGETTS-DONGBEI,noise,redteam_factory/Edge-TTS,微软服务条款，仅研究评测用途,edgetts,dongbei,SC-000005,zh-CN-liaoning-XiaobeiNeural,
data/redteam/factory/edgetts/dongbei/edgetts_dongbei_zh-CN-liaoning-XiaobeiNeural_SC-000006.wav,spoof,RT-EDGETTS-DONGBEI,clean,redteam_factory/Edge-TTS,微软服务条款，仅研究评测用途,edgetts,dongbei,SC-000006,zh-CN-liaoning-XiaobeiNeural,
data/redteam/factory/edgetts/dongbei/edgetts_dongbei_zh-CN-liaoning-XiaobeiNeural_SC-000006.phone8k.wav,spoof,RT-EDGETTS-DONGBEI,phone8k,redteam_factory/Edge-TTS,微软服务条款，仅研究评测用途,edgetts,dongbei,SC-000006,zh-CN-liaoning-XiaobeiNeural,
data/redteam/factory/edgetts/dongbei/edgetts_dongbei_zh-CN-liaoning-XiaobeiNeural_SC-000006.mp3_16k.mp3,spoof,RT-EDGETTS-DONGBEI,mp3_16k,redteam_factory/Edge-TTS,微软服务条款，仅研究评测用途,edgetts,dongbei,SC-000006,zh-CN-liaoning-XiaobeiNeural,
data/redteam/factory/edgetts/dongbei/edgetts_dongbei_zh-CN-liaoning-XiaobeiNeural_SC-000006.amr.wav,spoof,RT-EDGETTS-DONGBEI,amr,redteam_factory/Edge-TTS,微软服务条款，仅研究评测用途,edgetts,dongbei,SC-000006,zh-CN-liaoning-XiaobeiNeural,
data/redteam/factory/edgetts/dongbei/edgetts_dongbei_zh-CN-liaoning-XiaobeiNeural_SC-000006.noise.wav,spoof,RT-EDGETTS-DONGBEI,noise,redteam_factory/Edge-TTS,微软服务条款，仅研究评测用途,edgetts,dongbei,SC-000006,zh-CN-liaoning-XiaobeiNeural,
data/redteam/factory/edgetts/dongbei/edgetts_dongbei_zh-CN-liaoning-XiaobeiNeural_SC-000007.wav,spoof,RT-EDGETTS-DONGBEI,clean,redteam_factory/Edge-TTS,微软服务条款，仅研究评测用途,edgetts,dongbei,SC-000007,zh-CN-liaoning-XiaobeiNeural,
data/redteam/factory/edgetts/dongbei/edgetts_dongbei_zh-CN-liaoning-XiaobeiNeural_SC-000007.phone8k.wav,spoof,RT-EDGETTS-DONGBEI,phone8k,redteam_factory/Edge-TTS,微软服务条款，仅研究评测用途,edgetts,dongbei,SC-000007,zh-CN-liaoning-XiaobeiNeural,
data/redteam/factory/edgetts/dongbei/edgetts_dongbei_zh-CN-liaoning-XiaobeiNeural_SC-000007.mp3_16k.mp3,spoof,RT-EDGETTS-DONGBEI,mp3_16k,redteam_factory/Edge-TTS,微软服务条款，仅研究评测用途,edgetts,dongbei,SC-000007,zh-CN-liaoning-XiaobeiNeural,
data/redteam/factory/edgetts/dongbei/edgetts_dongbei_zh-CN-liaoning-XiaobeiNeural_SC-000007.amr.wav,spoof,RT-EDGETTS-DONGBEI,amr,redteam_factory/Edge-TTS,微软服务条款，仅研究评测用途,edgetts,dongbei,SC-000007,zh-CN-liaoning-XiaobeiNeural,
data/redteam/factory/edgetts/dongbei/edgetts_dongbei_zh-CN-liaoning-XiaobeiNeural_SC-000007.noise.wav,spoof,RT-EDGETTS-DONGBEI,noise,redteam_factory/Edge-TTS,微软服务条款，仅研究评测用途,edgetts,dongbei,SC-000007,zh-CN-liaoning-XiaobeiNeural,
data/redteam/factory/edgetts/dongbei/edgetts_dongbei_zh-CN-liaoning-XiaobeiNeural_SC-000008.wav,spoof,RT-EDGETTS-DONGBEI,clean,redteam_factory/Edge-TTS,微软服务条款，仅研究评测用途,edgetts,dongbei,SC-000008,zh-CN-liaoning-XiaobeiNeural,
data/redteam/factory/edgetts/dongbei/edgetts_dongbei_zh-CN-liaoning-XiaobeiNeural_SC-000008.phone8k.wav,spoof,RT-EDGETTS-DONGBEI,phone8k,redteam_factory/Edge-TTS,微软服务条款，仅研究评测用途,edgetts,dongbei,SC-000008,zh-CN-liaoning-XiaobeiNeural,
data/redteam/factory/edgetts/dongbei/edgetts_dongbei_zh-CN-liaoning-XiaobeiNeural_SC-000008.mp3_16k.mp3,spoof,RT-EDGETTS-DONGBEI,mp3_16k,redteam_factory/Edge-TTS,微软服务条款，仅研究评测用途,edgetts,dongbei,SC-000008,zh-CN-liaoning-XiaobeiNeural,
data/redteam/factory/edgetts/dongbei/edgetts_dongbei_zh-CN-liaoning-XiaobeiNeural_SC-000008.amr.wav,spoof,RT-EDGETTS-DONGBEI,amr,redteam_factory/Edge-TTS,微软服务条款，仅研究评测用途,edgetts,dongbei,SC-000008,zh-CN-liaoning-XiaobeiNeural,
data/redteam/factory/edgetts/dongbei/edgetts_dongbei_zh-CN-liaoning-XiaobeiNeural_SC-000008.noise.wav,spoof,RT-EDGETTS-DONGBEI,noise,redteam_factory/Edge-TTS,微软服务条款，仅研究评测用途,edgetts,dongbei,SC-000008,zh-CN-liaoning-XiaobeiNeural,
data/redteam/factory/edgetts/dongbei/edgetts_dongbei_zh-CN-liaoning-XiaobeiNeural_SC-000009.wav,spoof,RT-EDGETTS-DONGBEI,clean,redteam_factory/Edge-TTS,微软服务条款，仅研究评测用途,edgetts,dongbei,SC-000009,zh-CN-liaoning-XiaobeiNeural,
data/redteam/factory/edgetts/dongbei/edgetts_dongbei_zh-CN-liaoning-XiaobeiNeural_SC-000009.phone8k.wav,spoof,RT-EDGETTS-DONGBEI,phone8k,redteam_factory/Edge-TTS,微软服务条款，仅研究评测用途,edgetts,dongbei,SC-000009,zh-CN-liaoning-XiaobeiNeural,
data/redteam/factory/edgetts/dongbei/edgetts_dongbei_zh-CN-liaoning-XiaobeiNeural_SC-000009.mp3_16k.mp3,spoof,RT-EDGETTS-DONGBEI,mp3_16k,redteam_factory/Edge-TTS,微软服务条款，仅研究评测用途,edgetts,dongbei,SC-000009,zh-CN-liaoning-XiaobeiNeural,
data/redteam/factory/edgetts/dongbei/edgetts_dongbei_zh-CN-liaoning-XiaobeiNeural_SC-000009.amr.wav,spoof,RT-EDGETTS-DONGBEI,amr,redteam_factory/Edge-TTS,微软服务条款，仅研究评测用途,edgetts,dongbei,SC-000009,zh-CN-liaoning-XiaobeiNeural,
data/redteam/factory/edgetts/dongbei/edgetts_dongbei_zh-CN-liaoning-XiaobeiNeural_SC-000009.noise.wav,spoof,RT-EDGETTS-DONGBEI,noise,redteam_factory/Edge-TTS,微软服务条款，仅研究评测用途,edgetts,dongbei,SC-000009,zh-CN-liaoning-XiaobeiNeural,
data/redteam/factory/edgetts/dongbei/edgetts_dongbei_zh-CN-liaoning-XiaobeiNeural_SC-000010.wav,spoof,RT-EDGETTS-DONGBEI,clean,redteam_factory/Edge-TTS,微软服务条款，仅研究评测用途,edgetts,dongbei,SC-000010,zh-CN-liaoning-XiaobeiNeural,
data/redteam/factory/edgetts/dongbei/edgetts_dongbei_zh-CN-liaoning-XiaobeiNeural_SC-000010.phone8k.wav,spoof,RT-EDGETTS-DONGBEI,phone8k,redteam_factory/Edge-TTS,微软服务条款，仅研究评测用途,edgetts,dongbei,SC-000010,zh-CN-liaoning-XiaobeiNeural,
data/redteam/factory/edgetts/dongbei/edgetts_dongbei_zh-CN-liaoning-XiaobeiNeural_SC-000010.mp3_16k.mp3,spoof,RT-EDGETTS-DONGBEI,mp3_16k,redteam_factory/Edge-TTS,微软服务条款，仅研究评测用途,edgetts,dongbei,SC-000010,zh-CN-liaoning-XiaobeiNeural,
data/redteam/factory/edgetts/dongbei/edgetts_dongbei_zh-CN-liaoning-XiaobeiNeural_SC-000010.amr.wav,spoof,RT-EDGETTS-DONGBEI,amr,redteam_factory/Edge-TTS,微软服务条款，仅研究评测用途,edgetts,dongbei,SC-000010,zh-CN-liaoning-XiaobeiNeural,
data/redteam/factory/edgetts/dongbei/edgetts_dongbei_zh-CN-liaoning-XiaobeiNeural_SC-000010.noise.wav,spoof,RT-EDGETTS-DONGBEI,noise,redteam_factory/Edge-TTS,微软服务条款，仅研究评测用途,edgetts,dongbei,SC-000010,zh-CN-liaoning-XiaobeiNeural,
data/redteam/factory/edgetts/dongbei/edgetts_dongbei_zh-CN-liaoning-XiaobeiNeural_SC-000011.wav,spoof,RT-EDGETTS-DONGBEI,clean,redteam_factory/Edge-TTS,微软服务条款，仅研究评测用途,edgetts,dongbei,SC-000011,zh-CN-liaoning-XiaobeiNeural,
data/redteam/factory/edgetts/dongbei/edgetts_dongbei_zh-CN-liaoning-XiaobeiNeural_SC-000011.phone8k.wav,spoof,RT-EDGETTS-DONGBEI,phone8k,redteam_factory/Edge-TTS,微软服务条款，仅研究评测用途,edgetts,dongbei,SC-000011,zh-CN-liaoning-XiaobeiNeural,
data/redteam/factory/edgetts/dongbei/edgetts_dongbei_zh-CN-liaoning-XiaobeiNeural_SC-000011.mp3_16k.mp3,spoof,RT-EDGETTS-DONGBEI,mp3_16k,redteam_factory/Edge-TTS,微软服务条款，仅研究评测用途,edgetts,dongbei,SC-000011,zh-CN-liaoning-XiaobeiNeural,
data/redteam/factory/edgetts/dongbei/edgetts_dongbei_zh-CN-liaoning-XiaobeiNeural_SC-000011.amr.wav,spoof,RT-EDGETTS-DONGBEI,amr,redteam_factory/Edge-TTS,微软服务条款，仅研究评测用途,edgetts,dongbei,SC-000011,zh-CN-liaoning-XiaobeiNeural,
data/redteam/factory/edgetts/dongbei/edgetts_dongbei_zh-CN-liaoning-XiaobeiNeural_SC-000011.noise.wav,spoof,RT-EDGETTS-DONGBEI,noise,redteam_factory/Edge-TTS,微软服务条款，仅研究评测用途,edgetts,dongbei,SC-000011,zh-CN-liaoning-XiaobeiNeural,
data/redteam/factory/edgetts/dongbei/edgetts_dongbei_zh-CN-liaoning-XiaobeiNeural_SC-000012.wav,spoof,RT-EDGETTS-DONGBEI,clean,redteam_factory/Edge-TTS,微软服务条款，仅研究评测用途,edgetts,dongbei,SC-000012,zh-CN-liaoning-XiaobeiNeural,
data/redteam/factory/edgetts/dongbei/edgetts_dongbei_zh-CN-liaoning-XiaobeiNeural_SC-000012.phone8k.wav,spoof,RT-EDGETTS-DONGBEI,phone8k,redteam_factory/Edge-TTS,微软服务条款，仅研究评测用途,edgetts,dongbei,SC-000012,zh-CN-liaoning-XiaobeiNeural,
data/redteam/factory/edgetts/dongbei/edgetts_dongbei_zh-CN-liaoning-XiaobeiNeural_SC-000012.mp3_16k.mp3,spoof,RT-EDGETTS-DONGBEI,mp3_16k,redteam_factory/Edge-TTS,微软服务条款，仅研究评测用途,edgetts,dongbei,SC-000012,zh-CN-liaoning-XiaobeiNeural,
data/redteam/factory/edgetts/dongbei/edgetts_dongbei_zh-CN-liaoning-XiaobeiNeural_SC-000012.amr.wav,spoof,RT-EDGETTS-DONGBEI,amr,redteam_factory/Edge-TTS,微软服务条款，仅研究评测用途,edgetts,dongbei,SC-000012,zh-CN-liaoning-XiaobeiNeural,
data/redteam/factory/edgetts/dongbei/edgetts_dongbei_zh-CN-liaoning-XiaobeiNeural_SC-000012.noise.wav,spoof,RT-EDGETTS-DONGBEI,noise,redteam_factory/Edge-TTS,微软服务条款，仅研究评测用途,edgetts,dongbei,SC-000012,zh-CN-liaoning-XiaobeiNeural,
data/redteam/factory/edgetts/dongbei/edgetts_dongbei_zh-CN-liaoning-XiaobeiNeural_SC-000014.wav,spoof,RT-EDGETTS-DONGBEI,clean,redteam_factory/Edge-TTS,微软服务条款，仅研究评测用途,edgetts,dongbei,SC-000014,zh-CN-liaoning-XiaobeiNeural,
data/redteam/factory/edgetts/dongbei/edgetts_dongbei_zh-CN-liaoning-XiaobeiNeural_SC-000014.phone8k.wav,spoof,RT-EDGETTS-DONGBEI,phone8k,redteam_factory/Edge-TTS,微软服务条款，仅研究评测用途,edgetts,dongbei,SC-000014,zh-CN-liaoning-XiaobeiNeural,
data/redteam/factory/edgetts/dongbei/edgetts_dongbei_zh-CN-liaoning-XiaobeiNeural_SC-000014.mp3_16k.mp3,spoof,RT-EDGETTS-DONGBEI,mp3_16k,redteam_factory/Edge-TTS,微软服务条款，仅研究评测用途,edgetts,dongbei,SC-000014,zh-CN-liaoning-XiaobeiNeural,
data/redteam/factory/edgetts/dongbei/edgetts_dongbei_zh-CN-liaoning-XiaobeiNeural_SC-000014.amr.wav,spoof,RT-EDGETTS-DONGBEI,amr,redteam_factory/Edge-TTS,微软服务条款，仅研究评测用途,edgetts,dongbei,SC-000014,zh-CN-liaoning-XiaobeiNeural,
data/redteam/factory/edgetts/dongbei/edgetts_dongbei_zh-CN-liaoning-XiaobeiNeural_SC-000014.noise.wav,spoof,RT-EDGETTS-DONGBEI,noise,redteam_factory/Edge-TTS,微软服务条款，仅研究评测用途,edgetts,dongbei,SC-000014,zh-CN-liaoning-XiaobeiNeural,
data/redteam/factory/edgetts/dongbei/edgetts_dongbei_zh-CN-liaoning-XiaobeiNeural_SC-000015.wav,spoof,RT-EDGETTS-DONGBEI,clean,redteam_factory/Edge-TTS,微软服务条款，仅研究评测用途,edgetts,dongbei,SC-000015,zh-CN-liaoning-XiaobeiNeural,
data/redteam/factory/edgetts/dongbei/edgetts_dongbei_zh-CN-liaoning-XiaobeiNeural_SC-000015.phone8k.wav,spoof,RT-EDGETTS-DONGBEI,phone8k,redteam_factory/Edge-TTS,微软服务条款，仅研究评测用途,edgetts,dongbei,SC-000015,zh-CN-liaoning-XiaobeiNeural,
data/redteam/factory/edgetts/dongbei/edgetts_dongbei_zh-CN-liaoning-XiaobeiNeural_SC-000015.mp3_16k.mp3,spoof,RT-EDGETTS-DONGBEI,mp3_16k,redteam_factory/Edge-TTS,微软服务条款，仅研究评测用途,edgetts,dongbei,SC-000015,zh-CN-liaoning-XiaobeiNeural,
data/redteam/factory/edgetts/dongbei/edgetts_dongbei_zh-CN-liaoning-XiaobeiNeural_SC-000015.amr.wav,spoof,RT-EDGETTS-DONGBEI,amr,redteam_factory/Edge-TTS,微软服务条款，仅研究评测用途,edgetts,dongbei,SC-000015,zh-CN-liaoning-XiaobeiNeural,
data/redteam/factory/edgetts/dongbei/edgetts_dongbei_zh-CN-liaoning-XiaobeiNeural_SC-000015.noise.wav,spoof,RT-EDGETTS-DONGBEI,noise,redteam_factory/Edge-TTS,微软服务条款，仅研究评测用途,edgetts,dongbei,SC-000015,zh-CN-liaoning-XiaobeiNeural,
data/redteam/factory/edgetts/dongbei/edgetts_dongbei_zh-CN-liaoning-XiaobeiNeural_SC-000016.wav,spoof,RT-EDGETTS-DONGBEI,clean,redteam_factory/Edge-TTS,微软服务条款，仅研究评测用途,edgetts,dongbei,SC-000016,zh-CN-liaoning-XiaobeiNeural,
data/redteam/factory/edgetts/dongbei/edgetts_dongbei_zh-CN-liaoning-XiaobeiNeural_SC-000016.phone8k.wav,spoof,RT-EDGETTS-DONGBEI,phone8k,redteam_factory/Edge-TTS,微软服务条款，仅研究评测用途,edgetts,dongbei,SC-000016,zh-CN-liaoning-XiaobeiNeural,
data/redteam/factory/edgetts/dongbei/edgetts_dongbei_zh-CN-liaoning-XiaobeiNeural_SC-000016.mp3_16k.mp3,spoof,RT-EDGETTS-DONGBEI,mp3_16k,redteam_factory/Edge-TTS,微软服务条款，仅研究评测用途,edgetts,dongbei,SC-000016,zh-CN-liaoning-XiaobeiNeural,
data/redteam/factory/edgetts/dongbei/edgetts_dongbei_zh-CN-liaoning-XiaobeiNeural_SC-000016.amr.wav,spoof,RT-EDGETTS-DONGBEI,amr,redteam_factory/Edge-TTS,微软服务条款，仅研究评测用途,edgetts,dongbei,SC-000016,zh-CN-liaoning-XiaobeiNeural,
data/redteam/factory/edgetts/dongbei/edgetts_dongbei_zh-CN-liaoning-XiaobeiNeural_SC-000016.noise.wav,spoof,RT-EDGETTS-DONGBEI,noise,redteam_factory/Edge-TTS,微软服务条款，仅研究评测用途,edgetts,dongbei,SC-000016,zh-CN-liaoning-XiaobeiNeural,
data/redteam/factory/edgetts/dongbei/edgetts_dongbei_zh-CN-liaoning-XiaobeiNeural_SC-000017.wav,spoof,RT-EDGETTS-DONGBEI,clean,redteam_factory/Edge-TTS,微软服务条款，仅研究评测用途,edgetts,dongbei,SC-000017,zh-CN-liaoning-XiaobeiNeural,
data/redteam/factory/edgetts/dongbei/edgetts_dongbei_zh-CN-liaoning-XiaobeiNeural_SC-000017.phone8k.wav,spoof,RT-EDGETTS-DONGBEI,phone8k,redteam_factory/Edge-TTS,微软服务条款，仅研究评测用途,edgetts,dongbei,SC-000017,zh-CN-liaoning-XiaobeiNeural,
data/redteam/factory/edgetts/dongbei/edgetts_dongbei_zh-CN-liaoning-XiaobeiNeural_SC-000017.mp3_16k.mp3,spoof,RT-EDGETTS-DONGBEI,mp3_16k,redteam_factory/Edge-TTS,微软服务条款，仅研究评测用途,edgetts,dongbei,SC-000017,zh-CN-liaoning-XiaobeiNeural,
data/redteam/factory/edgetts/dongbei/edgetts_dongbei_zh-CN-liaoning-XiaobeiNeural_SC-000017.amr.wav,spoof,RT-EDGETTS-DONGBEI,amr,redteam_factory/Edge-TTS,微软服务条款，仅研究评测用途,edgetts,dongbei,SC-000017,zh-CN-liaoning-XiaobeiNeural,
data/redteam/factory/edgetts/dongbei/edgetts_dongbei_zh-CN-liaoning-XiaobeiNeural_SC-000017.noise.wav,spoof,RT-EDGETTS-DONGBEI,noise,redteam_factory/Edge-TTS,微软服务条款，仅研究评测用途,edgetts,dongbei,SC-000017,zh-CN-liaoning-XiaobeiNeural,
data/redteam/factory/edgetts/dongbei/edgetts_dongbei_zh-CN-liaoning-XiaobeiNeural_SC-000018.wav,spoof,RT-EDGETTS-DONGBEI,clean,redteam_factory/Edge-TTS,微软服务条款，仅研究评测用途,edgetts,dongbei,SC-000018,zh-CN-liaoning-XiaobeiNeural,
data/redteam/factory/edgetts/dongbei/edgetts_dongbei_zh-CN-liaoning-XiaobeiNeural_SC-000018.phone8k.wav,spoof,RT-EDGETTS-DONGBEI,phone8k,redteam_factory/Edge-TTS,微软服务条款，仅研究评测用途,edgetts,dongbei,SC-000018,zh-CN-liaoning-XiaobeiNeural,
data/redteam/factory/edgetts/dongbei/edgetts_dongbei_zh-CN-liaoning-XiaobeiNeural_SC-000018.mp3_16k.mp3,spoof,RT-EDGETTS-DONGBEI,mp3_16k,redteam_factory/Edge-TTS,微软服务条款，仅研究评测用途,edgetts,dongbei,SC-000018,zh-CN-liaoning-XiaobeiNeural,
data/redteam/factory/edgetts/dongbei/edgetts_dongbei_zh-CN-liaoning-XiaobeiNeural_SC-000018.amr.wav,spoof,RT-EDGETTS-DONGBEI,amr,redteam_factory/Edge-TTS,微软服务条款，仅研究评测用途,edgetts,dongbei,SC-000018,zh-CN-liaoning-XiaobeiNeural,
data/redteam/factory/edgetts/dongbei/edgetts_dongbei_zh-CN-liaoning-XiaobeiNeural_SC-000018.noise.wav,spoof,RT-EDGETTS-DONGBEI,noise,redteam_factory/Edge-TTS,微软服务条款，仅研究评测用途,edgetts,dongbei,SC-000018,zh-CN-liaoning-XiaobeiNeural,
data/redteam/factory/edgetts/dongbei/edgetts_dongbei_zh-CN-liaoning-XiaobeiNeural_SC-000019.wav,spoof,RT-EDGETTS-DONGBEI,clean,redteam_factory/Edge-TTS,微软服务条款，仅研究评测用途,edgetts,dongbei,SC-000019,zh-CN-liaoning-XiaobeiNeural,
data/redteam/factory/edgetts/dongbei/edgetts_dongbei_zh-CN-liaoning-XiaobeiNeural_SC-000019.phone8k.wav,spoof,RT-EDGETTS-DONGBEI,phone8k,redteam_factory/Edge-TTS,微软服务条款，仅研究评测用途,edgetts,dongbei,SC-000019,zh-CN-liaoning-XiaobeiNeural,
data/redteam/factory/edgetts/dongbei/edgetts_dongbei_zh-CN-liaoning-XiaobeiNeural_SC-000019.mp3_16k.mp3,spoof,RT-EDGETTS-DONGBEI,mp3_16k,redteam_factory/Edge-TTS,微软服务条款，仅研究评测用途,edgetts,dongbei,SC-000019,zh-CN-liaoning-XiaobeiNeural,
data/redteam/factory/edgetts/dongbei/edgetts_dongbei_zh-CN-liaoning-XiaobeiNeural_SC-000019.amr.wav,spoof,RT-EDGETTS-DONGBEI,amr,redteam_factory/Edge-TTS,微软服务条款，仅研究评测用途,edgetts,dongbei,SC-000019,zh-CN-liaoning-XiaobeiNeural,
data/redteam/factory/edgetts/dongbei/edgetts_dongbei_zh-CN-liaoning-XiaobeiNeural_SC-000019.noise.wav,spoof,RT-EDGETTS-DONGBEI,noise,redteam_factory/Edge-TTS,微软服务条款，仅研究评测用途,edgetts,dongbei,SC-000019,zh-CN-liaoning-XiaobeiNeural,
data/redteam/factory/edgetts/dongbei/edgetts_dongbei_zh-CN-liaoning-XiaobeiNeural_SC-000020.wav,spoof,RT-EDGETTS-DONGBEI,clean,redteam_factory/Edge-TTS,微软服务条款，仅研究评测用途,edgetts,dongbei,SC-000020,zh-CN-liaoning-XiaobeiNeural,
data/redteam/factory/edgetts/dongbei/edgetts_dongbei_zh-CN-liaoning-XiaobeiNeural_SC-000020.phone8k.wav,spoof,RT-EDGETTS-DONGBEI,phone8k,redteam_factory/Edge-TTS,微软服务条款，仅研究评测用途,edgetts,dongbei,SC-000020,zh-CN-liaoning-XiaobeiNeural,
data/redteam/factory/edgetts/dongbei/edgetts_dongbei_zh-CN-liaoning-XiaobeiNeural_SC-000020.mp3_16k.mp3,spoof,RT-EDGETTS-DONGBEI,mp3_16k,redteam_factory/Edge-TTS,微软服务条款，仅研究评测用途,edgetts,dongbei,SC-000020,zh-CN-liaoning-XiaobeiNeural,
data/redteam/factory/edgetts/dongbei/edgetts_dongbei_zh-CN-liaoning-XiaobeiNeural_SC-000020.amr.wav,spoof,RT-EDGETTS-DONGBEI,amr,redteam_factory/Edge-TTS,微软服务条款，仅研究评测用途,edgetts,dongbei,SC-000020,zh-CN-liaoning-XiaobeiNeural,
data/redteam/factory/edgetts/dongbei/edgetts_dongbei_zh-CN-liaoning-XiaobeiNeural_SC-000020.noise.wav,spoof,RT-EDGETTS-DONGBEI,noise,redteam_factory/Edge-TTS,微软服务条款，仅研究评测用途,edgetts,dongbei,SC-000020,zh-CN-liaoning-XiaobeiNeural,
data/redteam/factory/edgetts/dongbei/edgetts_dongbei_zh-CN-liaoning-XiaobeiNeural_SC-000022.wav,spoof,RT-EDGETTS-DONGBEI,clean,redteam_factory/Edge-TTS,微软服务条款，仅研究评测用途,edgetts,dongbei,SC-000022,zh-CN-liaoning-XiaobeiNeural,
data/redteam/factory/edgetts/dongbei/edgetts_dongbei_zh-CN-liaoning-XiaobeiNeural_SC-000022.phone8k.wav,spoof,RT-EDGETTS-DONGBEI,phone8k,redteam_factory/Edge-TTS,微软服务条款，仅研究评测用途,edgetts,dongbei,SC-000022,zh-CN-liaoning-XiaobeiNeural,
data/redteam/factory/edgetts/dongbei/edgetts_dongbei_zh-CN-liaoning-XiaobeiNeural_SC-000022.mp3_16k.mp3,spoof,RT-EDGETTS-DONGBEI,mp3_16k,redteam_factory/Edge-TTS,微软服务条款，仅研究评测用途,edgetts,dongbei,SC-000022,zh-CN-liaoning-XiaobeiNeural,
data/redteam/factory/edgetts/dongbei/edgetts_dongbei_zh-CN-liaoning-XiaobeiNeural_SC-000022.amr.wav,spoof,RT-EDGETTS-DONGBEI,amr,redteam_factory/Edge-TTS,微软服务条款，仅研究评测用途,edgetts,dongbei,SC-000022,zh-CN-liaoning-XiaobeiNeural,
data/redteam/factory/edgetts/dongbei/edgetts_dongbei_zh-CN-liaoning-XiaobeiNeural_SC-000022.noise.wav,spoof,RT-EDGETTS-DONGBEI,noise,redteam_factory/Edge-TTS,微软服务条款，仅研究评测用途,edgetts,dongbei,SC-000022,zh-CN-liaoning-XiaobeiNeural,
data/redteam/factory/edgetts/dongbei/edgetts_dongbei_zh-CN-liaoning-XiaobeiNeural_SC-000023.wav,spoof,RT-EDGETTS-DONGBEI,clean,redteam_factory/Edge-TTS,微软服务条款，仅研究评测用途,edgetts,dongbei,SC-000023,zh-CN-liaoning-XiaobeiNeural,
data/redteam/factory/edgetts/dongbei/edgetts_dongbei_zh-CN-liaoning-XiaobeiNeural_SC-000023.phone8k.wav,spoof,RT-EDGETTS-DONGBEI,phone8k,redteam_factory/Edge-TTS,微软服务条款，仅研究评测用途,edgetts,dongbei,SC-000023,zh-CN-liaoning-XiaobeiNeural,
data/redteam/factory/edgetts/dongbei/edgetts_dongbei_zh-CN-liaoning-XiaobeiNeural_SC-000023.mp3_16k.mp3,spoof,RT-EDGETTS-DONGBEI,mp3_16k,redteam_factory/Edge-TTS,微软服务条款，仅研究评测用途,edgetts,dongbei,SC-000023,zh-CN-liaoning-XiaobeiNeural,
data/redteam/factory/edgetts/dongbei/edgetts_dongbei_zh-CN-liaoning-XiaobeiNeural_SC-000023.amr.wav,spoof,RT-EDGETTS-DONGBEI,amr,redteam_factory/Edge-TTS,微软服务条款，仅研究评测用途,edgetts,dongbei,SC-000023,zh-CN-liaoning-XiaobeiNeural,
data/redteam/factory/edgetts/dongbei/edgetts_dongbei_zh-CN-liaoning-XiaobeiNeural_SC-000023.noise.wav,spoof,RT-EDGETTS-DONGBEI,noise,redteam_factory/Edge-TTS,微软服务条款，仅研究评测用途,edgetts,dongbei,SC-000023,zh-CN-liaoning-XiaobeiNeural,
data/redteam/factory/edgetts/dongbei/edgetts_dongbei_zh-CN-liaoning-XiaobeiNeural_SC-000025.wav,spoof,RT-EDGETTS-DONGBEI,clean,redteam_factory/Edge-TTS,微软服务条款，仅研究评测用途,edgetts,dongbei,SC-000025,zh-CN-liaoning-XiaobeiNeural,
data/redteam/factory/edgetts/dongbei/edgetts_dongbei_zh-CN-liaoning-XiaobeiNeural_SC-000025.phone8k.wav,spoof,RT-EDGETTS-DONGBEI,phone8k,redteam_factory/Edge-TTS,微软服务条款，仅研究评测用途,edgetts,dongbei,SC-000025,zh-CN-liaoning-XiaobeiNeural,
data/redteam/factory/edgetts/dongbei/edgetts_dongbei_zh-CN-liaoning-XiaobeiNeural_SC-000025.mp3_16k.mp3,spoof,RT-EDGETTS-DONGBEI,mp3_16k,redteam_factory/Edge-TTS,微软服务条款，仅研究评测用途,edgetts,dongbei,SC-000025,zh-CN-liaoning-XiaobeiNeural,
data/redteam/factory/edgetts/dongbei/edgetts_dongbei_zh-CN-liaoning-XiaobeiNeural_SC-000025.amr.wav,spoof,RT-EDGETTS-DONGBEI,amr,redteam_factory/Edge-TTS,微软服务条款，仅研究评测用途,edgetts,dongbei,SC-000025,zh-CN-liaoning-XiaobeiNeural,
data/redteam/factory/edgetts/dongbei/edgetts_dongbei_zh-CN-liaoning-XiaobeiNeural_SC-000025.noise.wav,spoof,RT-EDGETTS-DONGBEI,noise,redteam_factory/Edge-TTS,微软服务条款，仅研究评测用途,edgetts,dongbei,SC-000025,zh-CN-liaoning-XiaobeiNeural,
data/redteam/factory/edgetts/dongbei/edgetts_dongbei_zh-CN-liaoning-XiaobeiNeural_SC-000026.wav,spoof,RT-EDGETTS-DONGBEI,clean,redteam_factory/Edge-TTS,微软服务条款，仅研究评测用途,edgetts,dongbei,SC-000026,zh-CN-liaoning-XiaobeiNeural,
data/redteam/factory/edgetts/dongbei/edgetts_dongbei_zh-CN-liaoning-XiaobeiNeural_SC-000026.phone8k.wav,spoof,RT-EDGETTS-DONGBEI,phone8k,redteam_factory/Edge-TTS,微软服务条款，仅研究评测用途,edgetts,dongbei,SC-000026,zh-CN-liaoning-XiaobeiNeural,
data/redteam/factory/edgetts/dongbei/edgetts_dongbei_zh-CN-liaoning-XiaobeiNeural_SC-000026.mp3_16k.mp3,spoof,RT-EDGETTS-DONGBEI,mp3_16k,redteam_factory/Edge-TTS,微软服务条款，仅研究评测用途,edgetts,dongbei,SC-000026,zh-CN-liaoning-XiaobeiNeural,
data/redteam/factory/edgetts/dongbei/edgetts_dongbei_zh-CN-liaoning-XiaobeiNeural_SC-000026.amr.wav,spoof,RT-EDGETTS-DONGBEI,amr,redteam_factory/Edge-TTS,微软服务条款，仅研究评测用途,edgetts,dongbei,SC-000026,zh-CN-liaoning-XiaobeiNeural,
data/redteam/factory/edgetts/dongbei/edgetts_dongbei_zh-CN-liaoning-XiaobeiNeural_SC-000026.noise.wav,spoof,RT-EDGETTS-DONGBEI,noise,redteam_factory/Edge-TTS,微软服务条款，仅研究评测用途,edgetts,dongbei,SC-000026,zh-CN-liaoning-XiaobeiNeural,
data/redteam/factory/edgetts/dongbei/edgetts_dongbei_zh-CN-liaoning-XiaobeiNeural_SC-000027.wav,spoof,RT-EDGETTS-DONGBEI,clean,redteam_factory/Edge-TTS,微软服务条款，仅研究评测用途,edgetts,dongbei,SC-000027,zh-CN-liaoning-XiaobeiNeural,
data/redteam/factory/edgetts/dongbei/edgetts_dongbei_zh-CN-liaoning-XiaobeiNeural_SC-000027.phone8k.wav,spoof,RT-EDGETTS-DONGBEI,phone8k,redteam_factory/Edge-TTS,微软服务条款，仅研究评测用途,edgetts,dongbei,SC-000027,zh-CN-liaoning-XiaobeiNeural,
data/redteam/factory/edgetts/dongbei/edgetts_dongbei_zh-CN-liaoning-XiaobeiNeural_SC-000027.mp3_16k.mp3,spoof,RT-EDGETTS-DONGBEI,mp3_16k,redteam_factory/Edge-TTS,微软服务条款，仅研究评测用途,edgetts,dongbei,SC-000027,zh-CN-liaoning-XiaobeiNeural,
data/redteam/factory/edgetts/dongbei/edgetts_dongbei_zh-CN-liaoning-XiaobeiNeural_SC-000027.amr.wav,spoof,RT-EDGETTS-DONGBEI,amr,redteam_factory/Edge-TTS,微软服务条款，仅研究评测用途,edgetts,dongbei,SC-000027,zh-CN-liaoning-XiaobeiNeural,
data/redteam/factory/edgetts/dongbei/edgetts_dongbei_zh-CN-liaoning-XiaobeiNeural_SC-000027.noise.wav,spoof,RT-EDGETTS-DONGBEI,noise,redteam_factory/Edge-TTS,微软服务条款，仅研究评测用途,edgetts,dongbei,SC-000027,zh-CN-liaoning-XiaobeiNeural,
data/redteam/factory/edgetts/dongbei/edgetts_dongbei_zh-CN-liaoning-XiaobeiNeural_SC-000028.wav,spoof,RT-EDGETTS-DONGBEI,clean,redteam_factory/Edge-TTS,微软服务条款，仅研究评测用途,edgetts,dongbei,SC-000028,zh-CN-liaoning-XiaobeiNeural,
data/redteam/factory/edgetts/dongbei/edgetts_dongbei_zh-CN-liaoning-XiaobeiNeural_SC-000028.phone8k.wav,spoof,RT-EDGETTS-DONGBEI,phone8k,redteam_factory/Edge-TTS,微软服务条款，仅研究评测用途,edgetts,dongbei,SC-000028,zh-CN-liaoning-XiaobeiNeural,
data/redteam/factory/edgetts/dongbei/edgetts_dongbei_zh-CN-liaoning-XiaobeiNeural_SC-000028.mp3_16k.mp3,spoof,RT-EDGETTS-DONGBEI,mp3_16k,redteam_factory/Edge-TTS,微软服务条款，仅研究评测用途,edgetts,dongbei,SC-000028,zh-CN-liaoning-XiaobeiNeural,
data/redteam/factory/edgetts/dongbei/edgetts_dongbei_zh-CN-liaoning-XiaobeiNeural_SC-000028.amr.wav,spoof,RT-EDGETTS-DONGBEI,amr,redteam_factory/Edge-TTS,微软服务条款，仅研究评测用途,edgetts,dongbei,SC-000028,zh-CN-liaoning-XiaobeiNeural,
data/redteam/factory/edgetts/dongbei/edgetts_dongbei_zh-CN-liaoning-XiaobeiNeural_SC-000028.noise.wav,spoof,RT-EDGETTS-DONGBEI,noise,redteam_factory/Edge-TTS,微软服务条款，仅研究评测用途,edgetts,dongbei,SC-000028,zh-CN-liaoning-XiaobeiNeural,
data/redteam/factory/edgetts/dongbei/edgetts_dongbei_zh-CN-liaoning-XiaobeiNeural_SC-000029.wav,spoof,RT-EDGETTS-DONGBEI,clean,redteam_factory/Edge-TTS,微软服务条款，仅研究评测用途,edgetts,dongbei,SC-000029,zh-CN-liaoning-XiaobeiNeural,
data/redteam/factory/edgetts/dongbei/edgetts_dongbei_zh-CN-liaoning-XiaobeiNeural_SC-000029.phone8k.wav,spoof,RT-EDGETTS-DONGBEI,phone8k,redteam_factory/Edge-TTS,微软服务条款，仅研究评测用途,edgetts,dongbei,SC-000029,zh-CN-liaoning-XiaobeiNeural,
data/redteam/factory/edgetts/dongbei/edgetts_dongbei_zh-CN-liaoning-XiaobeiNeural_SC-000029.mp3_16k.mp3,spoof,RT-EDGETTS-DONGBEI,mp3_16k,redteam_factory/Edge-TTS,微软服务条款，仅研究评测用途,edgetts,dongbei,SC-000029,zh-CN-liaoning-XiaobeiNeural,
data/redteam/factory/edgetts/dongbei/edgetts_dongbei_zh-CN-liaoning-XiaobeiNeural_SC-000029.amr.wav,spoof,RT-EDGETTS-DONGBEI,amr,redteam_factory/Edge-TTS,微软服务条款，仅研究评测用途,edgetts,dongbei,SC-000029,zh-CN-liaoning-XiaobeiNeural,
data/redteam/factory/edgetts/dongbei/edgetts_dongbei_zh-CN-liaoning-XiaobeiNeural_SC-000029.noise.wav,spoof,RT-EDGETTS-DONGBEI,noise,redteam_factory/Edge-TTS,微软服务条款，仅研究评测用途,edgetts,dongbei,SC-000029,zh-CN-liaoning-XiaobeiNeural,
data/redteam/factory/edgetts/henan/edgetts_henan_zh-CN-shaanxi-XiaoniNeural_SC-000009.wav,spoof,RT-EDGETTS-HENAN,clean,redteam_factory/Edge-TTS,微软服务条款，仅研究评测用途,edgetts,henan,SC-000009,zh-CN-shaanxi-XiaoniNeural,
data/redteam/factory/edgetts/henan/edgetts_henan_zh-CN-shaanxi-XiaoniNeural_SC-000009.phone8k.wav,spoof,RT-EDGETTS-HENAN,phone8k,redteam_factory/Edge-TTS,微软服务条款，仅研究评测用途,edgetts,henan,SC-000009,zh-CN-shaanxi-XiaoniNeural,
data/redteam/factory/edgetts/henan/edgetts_henan_zh-CN-shaanxi-XiaoniNeural_SC-000009.mp3_16k.mp3,spoof,RT-EDGETTS-HENAN,mp3_16k,redteam_factory/Edge-TTS,微软服务条款，仅研究评测用途,edgetts,henan,SC-000009,zh-CN-shaanxi-XiaoniNeural,
data/redteam/factory/edgetts/henan/edgetts_henan_zh-CN-shaanxi-XiaoniNeural_SC-000009.amr.wav,spoof,RT-EDGETTS-HENAN,amr,redteam_factory/Edge-TTS,微软服务条款，仅研究评测用途,edgetts,henan,SC-000009,zh-CN-shaanxi-XiaoniNeural,
data/redteam/factory/edgetts/henan/edgetts_henan_zh-CN-shaanxi-XiaoniNeural_SC-000009.noise.wav,spoof,RT-EDGETTS-HENAN,noise,redteam_factory/Edge-TTS,微软服务条款，仅研究评测用途,edgetts,henan,SC-000009,zh-CN-shaanxi-XiaoniNeural,
data/redteam/factory/edgetts/henan/edgetts_henan_zh-CN-shaanxi-XiaoniNeural_SC-000017.wav,spoof,RT-EDGETTS-HENAN,clean,redteam_factory/Edge-TTS,微软服务条款，仅研究评测用途,edgetts,henan,SC-000017,zh-CN-shaanxi-XiaoniNeural,
data/redteam/factory/edgetts/henan/edgetts_henan_zh-CN-shaanxi-XiaoniNeural_SC-000017.phone8k.wav,spoof,RT-EDGETTS-HENAN,phone8k,redteam_factory/Edge-TTS,微软服务条款，仅研究评测用途,edgetts,henan,SC-000017,zh-CN-shaanxi-XiaoniNeural,
data/redteam/factory/edgetts/henan/edgetts_henan_zh-CN-shaanxi-XiaoniNeural_SC-000017.mp3_16k.mp3,spoof,RT-EDGETTS-HENAN,mp3_16k,redteam_factory/Edge-TTS,微软服务条款，仅研究评测用途,edgetts,henan,SC-000017,zh-CN-shaanxi-XiaoniNeural,
data/redteam/factory/edgetts/henan/edgetts_henan_zh-CN-shaanxi-XiaoniNeural_SC-000017.amr.wav,spoof,RT-EDGETTS-HENAN,amr,redteam_factory/Edge-TTS,微软服务条款，仅研究评测用途,edgetts,henan,SC-000017,zh-CN-shaanxi-XiaoniNeural,
data/redteam/factory/edgetts/henan/edgetts_henan_zh-CN-shaanxi-XiaoniNeural_SC-000017.noise.wav,spoof,RT-EDGETTS-HENAN,noise,redteam_factory/Edge-TTS,微软服务条款，仅研究评测用途,edgetts,henan,SC-000017,zh-CN-shaanxi-XiaoniNeural,
data/redteam/factory/edgetts/henan/edgetts_henan_zh-CN-shaanxi-XiaoniNeural_SC-000025.wav,spoof,RT-EDGETTS-HENAN,clean,redteam_factory/Edge-TTS,微软服务条款，仅研究评测用途,edgetts,henan,SC-000025,zh-CN-shaanxi-XiaoniNeural,
data/redteam/factory/edgetts/henan/edgetts_henan_zh-CN-shaanxi-XiaoniNeural_SC-000025.phone8k.wav,spoof,RT-EDGETTS-HENAN,phone8k,redteam_factory/Edge-TTS,微软服务条款，仅研究评测用途,edgetts,henan,SC-000025,zh-CN-shaanxi-XiaoniNeural,
data/redteam/factory/edgetts/henan/edgetts_henan_zh-CN-shaanxi-XiaoniNeural_SC-000025.mp3_16k.mp3,spoof,RT-EDGETTS-HENAN,mp3_16k,redteam_factory/Edge-TTS,微软服务条款，仅研究评测用途,edgetts,henan,SC-000025,zh-CN-shaanxi-XiaoniNeural,
data/redteam/factory/edgetts/henan/edgetts_henan_zh-CN-shaanxi-XiaoniNeural_SC-000025.amr.wav,spoof,RT-EDGETTS-HENAN,amr,redteam_factory/Edge-TTS,微软服务条款，仅研究评测用途,edgetts,henan,SC-000025,zh-CN-shaanxi-XiaoniNeural,
data/redteam/factory/edgetts/henan/edgetts_henan_zh-CN-shaanxi-XiaoniNeural_SC-000025.noise.wav,spoof,RT-EDGETTS-HENAN,noise,redteam_factory/Edge-TTS,微软服务条款，仅研究评测用途,edgetts,henan,SC-000025,zh-CN-shaanxi-XiaoniNeural,
data/redteam/factory/edgetts/henan/edgetts_henan_zh-CN-shaanxi-XiaoniNeural_SC-000028.wav,spoof,RT-EDGETTS-HENAN,clean,redteam_factory/Edge-TTS,微软服务条款，仅研究评测用途,edgetts,henan,SC-000028,zh-CN-shaanxi-XiaoniNeural,
data/redteam/factory/edgetts/henan/edgetts_henan_zh-CN-shaanxi-XiaoniNeural_SC-000028.phone8k.wav,spoof,RT-EDGETTS-HENAN,phone8k,redteam_factory/Edge-TTS,微软服务条款，仅研究评测用途,edgetts,henan,SC-000028,zh-CN-shaanxi-XiaoniNeural,
data/redteam/factory/edgetts/henan/edgetts_henan_zh-CN-shaanxi-XiaoniNeural_SC-000028.mp3_16k.mp3,spoof,RT-EDGETTS-HENAN,mp3_16k,redteam_factory/Edge-TTS,微软服务条款，仅研究评测用途,edgetts,henan,SC-000028,zh-CN-shaanxi-XiaoniNeural,
data/redteam/factory/edgetts/henan/edgetts_henan_zh-CN-shaanxi-XiaoniNeural_SC-000028.amr.wav,spoof,RT-EDGETTS-HENAN,amr,redteam_factory/Edge-TTS,微软服务条款，仅研究评测用途,edgetts,henan,SC-000028,zh-CN-shaanxi-XiaoniNeural,
data/redteam/factory/edgetts/henan/edgetts_henan_zh-CN-shaanxi-XiaoniNeural_SC-000028.noise.wav,spoof,RT-EDGETTS-HENAN,noise,redteam_factory/Edge-TTS,微软服务条款，仅研究评测用途,edgetts,henan,SC-000028,zh-CN-shaanxi-XiaoniNeural,
data/redteam/factory/edgetts/henan/edgetts_henan_zh-CN-shaanxi-XiaoniNeural_SC-000001.wav,spoof,RT-EDGETTS-HENAN,clean,redteam_factory/Edge-TTS,微软服务条款，仅研究评测用途,edgetts,henan,SC-000001,zh-CN-shaanxi-XiaoniNeural,
data/redteam/factory/edgetts/henan/edgetts_henan_zh-CN-shaanxi-XiaoniNeural_SC-000001.phone8k.wav,spoof,RT-EDGETTS-HENAN,phone8k,redteam_factory/Edge-TTS,微软服务条款，仅研究评测用途,edgetts,henan,SC-000001,zh-CN-shaanxi-XiaoniNeural,
data/redteam/factory/edgetts/henan/edgetts_henan_zh-CN-shaanxi-XiaoniNeural_SC-000001.mp3_16k.mp3,spoof,RT-EDGETTS-HENAN,mp3_16k,redteam_factory/Edge-TTS,微软服务条款，仅研究评测用途,edgetts,henan,SC-000001,zh-CN-shaanxi-XiaoniNeural,
data/redteam/factory/edgetts/henan/edgetts_henan_zh-CN-shaanxi-XiaoniNeural_SC-000001.amr.wav,spoof,RT-EDGETTS-HENAN,amr,redteam_factory/Edge-TTS,微软服务条款，仅研究评测用途,edgetts,henan,SC-000001,zh-CN-shaanxi-XiaoniNeural,
data/redteam/factory/edgetts/henan/edgetts_henan_zh-CN-shaanxi-XiaoniNeural_SC-000001.noise.wav,spoof,RT-EDGETTS-HENAN,noise,redteam_factory/Edge-TTS,微软服务条款，仅研究评测用途,edgetts,henan,SC-000001,zh-CN-shaanxi-XiaoniNeural,
data/redteam/factory/edgetts/henan/edgetts_henan_zh-CN-shaanxi-XiaoniNeural_SC-000002.wav,spoof,RT-EDGETTS-HENAN,clean,redteam_factory/Edge-TTS,微软服务条款，仅研究评测用途,edgetts,henan,SC-000002,zh-CN-shaanxi-XiaoniNeural,
data/redteam/factory/edgetts/henan/edgetts_henan_zh-CN-shaanxi-XiaoniNeural_SC-000002.phone8k.wav,spoof,RT-EDGETTS-HENAN,phone8k,redteam_factory/Edge-TTS,微软服务条款，仅研究评测用途,edgetts,henan,SC-000002,zh-CN-shaanxi-XiaoniNeural,
data/redteam/factory/edgetts/henan/edgetts_henan_zh-CN-shaanxi-XiaoniNeural_SC-000002.mp3_16k.mp3,spoof,RT-EDGETTS-HENAN,mp3_16k,redteam_factory/Edge-TTS,微软服务条款，仅研究评测用途,edgetts,henan,SC-000002,zh-CN-shaanxi-XiaoniNeural,
data/redteam/factory/edgetts/henan/edgetts_henan_zh-CN-shaanxi-XiaoniNeural_SC-000002.amr.wav,spoof,RT-EDGETTS-HENAN,amr,redteam_factory/Edge-TTS,微软服务条款，仅研究评测用途,edgetts,henan,SC-000002,zh-CN-shaanxi-XiaoniNeural,
data/redteam/factory/edgetts/henan/edgetts_henan_zh-CN-shaanxi-XiaoniNeural_SC-000002.noise.wav,spoof,RT-EDGETTS-HENAN,noise,redteam_factory/Edge-TTS,微软服务条款，仅研究评测用途,edgetts,henan,SC-000002,zh-CN-shaanxi-XiaoniNeural,
data/redteam/factory/edgetts/henan/edgetts_henan_zh-CN-shaanxi-XiaoniNeural_SC-000003.wav,spoof,RT-EDGETTS-HENAN,clean,redteam_factory/Edge-TTS,微软服务条款，仅研究评测用途,edgetts,henan,SC-000003,zh-CN-shaanxi-XiaoniNeural,
data/redteam/factory/edgetts/henan/edgetts_henan_zh-CN-shaanxi-XiaoniNeural_SC-000003.phone8k.wav,spoof,RT-EDGETTS-HENAN,phone8k,redteam_factory/Edge-TTS,微软服务条款，仅研究评测用途,edgetts,henan,SC-000003,zh-CN-shaanxi-XiaoniNeural,
data/redteam/factory/edgetts/henan/edgetts_henan_zh-CN-shaanxi-XiaoniNeural_SC-000003.mp3_16k.mp3,spoof,RT-EDGETTS-HENAN,mp3_16k,redteam_factory/Edge-TTS,微软服务条款，仅研究评测用途,edgetts,henan,SC-000003,zh-CN-shaanxi-XiaoniNeural,
data/redteam/factory/edgetts/henan/edgetts_henan_zh-CN-shaanxi-XiaoniNeural_SC-000003.amr.wav,spoof,RT-EDGETTS-HENAN,amr,redteam_factory/Edge-TTS,微软服务条款，仅研究评测用途,edgetts,henan,SC-000003,zh-CN-shaanxi-XiaoniNeural,
data/redteam/factory/edgetts/henan/edgetts_henan_zh-CN-shaanxi-XiaoniNeural_SC-000003.noise.wav,spoof,RT-EDGETTS-HENAN,noise,redteam_factory/Edge-TTS,微软服务条款，仅研究评测用途,edgetts,henan,SC-000003,zh-CN-shaanxi-XiaoniNeural,
data/redteam/factory/edgetts/henan/edgetts_henan_zh-CN-shaanxi-XiaoniNeural_SC-000004.wav,spoof,RT-EDGETTS-HENAN,clean,redteam_factory/Edge-TTS,微软服务条款，仅研究评测用途,edgetts,henan,SC-000004,zh-CN-shaanxi-XiaoniNeural,
data/redteam/factory/edgetts/henan/edgetts_henan_zh-CN-shaanxi-XiaoniNeural_SC-000004.phone8k.wav,spoof,RT-EDGETTS-HENAN,phone8k,redteam_factory/Edge-TTS,微软服务条款，仅研究评测用途,edgetts,henan,SC-000004,zh-CN-shaanxi-XiaoniNeural,
data/redteam/factory/edgetts/henan/edgetts_henan_zh-CN-shaanxi-XiaoniNeural_SC-000004.mp3_16k.mp3,spoof,RT-EDGETTS-HENAN,mp3_16k,redteam_factory/Edge-TTS,微软服务条款，仅研究评测用途,edgetts,henan,SC-000004,zh-CN-shaanxi-XiaoniNeural,
data/redteam/factory/edgetts/henan/edgetts_henan_zh-CN-shaanxi-XiaoniNeural_SC-000004.amr.wav,spoof,RT-EDGETTS-HENAN,amr,redteam_factory/Edge-TTS,微软服务条款，仅研究评测用途,edgetts,henan,SC-000004,zh-CN-shaanxi-XiaoniNeural,
data/redteam/factory/edgetts/henan/edgetts_henan_zh-CN-shaanxi-XiaoniNeural_SC-000004.noise.wav,spoof,RT-EDGETTS-HENAN,noise,redteam_factory/Edge-TTS,微软服务条款，仅研究评测用途,edgetts,henan,SC-000004,zh-CN-shaanxi-XiaoniNeural,
data/redteam/factory/edgetts/henan/edgetts_henan_zh-CN-shaanxi-XiaoniNeural_SC-000005.wav,spoof,RT-EDGETTS-HENAN,clean,redteam_factory/Edge-TTS,微软服务条款，仅研究评测用途,edgetts,henan,SC-000005,zh-CN-shaanxi-XiaoniNeural,
data/redteam/factory/edgetts/henan/edgetts_henan_zh-CN-shaanxi-XiaoniNeural_SC-000005.phone8k.wav,spoof,RT-EDGETTS-HENAN,phone8k,redteam_factory/Edge-TTS,微软服务条款，仅研究评测用途,edgetts,henan,SC-000005,zh-CN-shaanxi-XiaoniNeural,
data/redteam/factory/edgetts/henan/edgetts_henan_zh-CN-shaanxi-XiaoniNeural_SC-000005.mp3_16k.mp3,spoof,RT-EDGETTS-HENAN,mp3_16k,redteam_factory/Edge-TTS,微软服务条款，仅研究评测用途,edgetts,henan,SC-000005,zh-CN-shaanxi-XiaoniNeural,
data/redteam/factory/edgetts/henan/edgetts_henan_zh-CN-shaanxi-XiaoniNeural_SC-000005.amr.wav,spoof,RT-EDGETTS-HENAN,amr,redteam_factory/Edge-TTS,微软服务条款，仅研究评测用途,edgetts,henan,SC-000005,zh-CN-shaanxi-XiaoniNeural,
data/redteam/factory/edgetts/henan/edgetts_henan_zh-CN-shaanxi-XiaoniNeural_SC-000005.noise.wav,spoof,RT-EDGETTS-HENAN,noise,redteam_factory/Edge-TTS,微软服务条款，仅研究评测用途,edgetts,henan,SC-000005,zh-CN-shaanxi-XiaoniNeural,
data/redteam/factory/edgetts/henan/edgetts_henan_zh-CN-shaanxi-XiaoniNeural_SC-000006.wav,spoof,RT-EDGETTS-HENAN,clean,redteam_factory/Edge-TTS,微软服务条款，仅研究评测用途,edgetts,henan,SC-000006,zh-CN-shaanxi-XiaoniNeural,
data/redteam/factory/edgetts/henan/edgetts_henan_zh-CN-shaanxi-XiaoniNeural_SC-000006.phone8k.wav,spoof,RT-EDGETTS-HENAN,phone8k,redteam_factory/Edge-TTS,微软服务条款，仅研究评测用途,edgetts,henan,SC-000006,zh-CN-shaanxi-XiaoniNeural,
data/redteam/factory/edgetts/henan/edgetts_henan_zh-CN-shaanxi-XiaoniNeural_SC-000006.mp3_16k.mp3,spoof,RT-EDGETTS-HENAN,mp3_16k,redteam_factory/Edge-TTS,微软服务条款，仅研究评测用途,edgetts,henan,SC-000006,zh-CN-shaanxi-XiaoniNeural,
data/redteam/factory/edgetts/henan/edgetts_henan_zh-CN-shaanxi-XiaoniNeural_SC-000006.amr.wav,spoof,RT-EDGETTS-HENAN,amr,redteam_factory/Edge-TTS,微软服务条款，仅研究评测用途,edgetts,henan,SC-000006,zh-CN-shaanxi-XiaoniNeural,
data/redteam/factory/edgetts/henan/edgetts_henan_zh-CN-shaanxi-XiaoniNeural_SC-000006.noise.wav,spoof,RT-EDGETTS-HENAN,noise,redteam_factory/Edge-TTS,微软服务条款，仅研究评测用途,edgetts,henan,SC-000006,zh-CN-shaanxi-XiaoniNeural,
data/redteam/factory/edgetts/henan/edgetts_henan_zh-CN-shaanxi-XiaoniNeural_SC-000007.wav,spoof,RT-EDGETTS-HENAN,clean,redteam_factory/Edge-TTS,微软服务条款，仅研究评测用途,edgetts,henan,SC-000007,zh-CN-shaanxi-XiaoniNeural,
data/redteam/factory/edgetts/henan/edgetts_henan_zh-CN-shaanxi-XiaoniNeural_SC-000007.phone8k.wav,spoof,RT-EDGETTS-HENAN,phone8k,redteam_factory/Edge-TTS,微软服务条款，仅研究评测用途,edgetts,henan,SC-000007,zh-CN-shaanxi-XiaoniNeural,
data/redteam/factory/edgetts/henan/edgetts_henan_zh-CN-shaanxi-XiaoniNeural_SC-000007.mp3_16k.mp3,spoof,RT-EDGETTS-HENAN,mp3_16k,redteam_factory/Edge-TTS,微软服务条款，仅研究评测用途,edgetts,henan,SC-000007,zh-CN-shaanxi-XiaoniNeural,
data/redteam/factory/edgetts/henan/edgetts_henan_zh-CN-shaanxi-XiaoniNeural_SC-000007.amr.wav,spoof,RT-EDGETTS-HENAN,amr,redteam_factory/Edge-TTS,微软服务条款，仅研究评测用途,edgetts,henan,SC-000007,zh-CN-shaanxi-XiaoniNeural,
data/redteam/factory/edgetts/henan/edgetts_henan_zh-CN-shaanxi-XiaoniNeural_SC-000007.noise.wav,spoof,RT-EDGETTS-HENAN,noise,redteam_factory/Edge-TTS,微软服务条款，仅研究评测用途,edgetts,henan,SC-000007,zh-CN-shaanxi-XiaoniNeural,
data/redteam/factory/edgetts/henan/edgetts_henan_zh-CN-shaanxi-XiaoniNeural_SC-000008.wav,spoof,RT-EDGETTS-HENAN,clean,redteam_factory/Edge-TTS,微软服务条款，仅研究评测用途,edgetts,henan,SC-000008,zh-CN-shaanxi-XiaoniNeural,
data/redteam/factory/edgetts/henan/edgetts_henan_zh-CN-shaanxi-XiaoniNeural_SC-000008.phone8k.wav,spoof,RT-EDGETTS-HENAN,phone8k,redteam_factory/Edge-TTS,微软服务条款，仅研究评测用途,edgetts,henan,SC-000008,zh-CN-shaanxi-XiaoniNeural,
data/redteam/factory/edgetts/henan/edgetts_henan_zh-CN-shaanxi-XiaoniNeural_SC-000008.mp3_16k.mp3,spoof,RT-EDGETTS-HENAN,mp3_16k,redteam_factory/Edge-TTS,微软服务条款，仅研究评测用途,edgetts,henan,SC-000008,zh-CN-shaanxi-XiaoniNeural,
data/redteam/factory/edgetts/henan/edgetts_henan_zh-CN-shaanxi-XiaoniNeural_SC-000008.amr.wav,spoof,RT-EDGETTS-HENAN,amr,redteam_factory/Edge-TTS,微软服务条款，仅研究评测用途,edgetts,henan,SC-000008,zh-CN-shaanxi-XiaoniNeural,
data/redteam/factory/edgetts/henan/edgetts_henan_zh-CN-shaanxi-XiaoniNeural_SC-000008.noise.wav,spoof,RT-EDGETTS-HENAN,noise,redteam_factory/Edge-TTS,微软服务条款，仅研究评测用途,edgetts,henan,SC-000008,zh-CN-shaanxi-XiaoniNeural,
data/redteam/factory/edgetts/henan/edgetts_henan_zh-CN-shaanxi-XiaoniNeural_SC-000010.wav,spoof,RT-EDGETTS-HENAN,clean,redteam_factory/Edge-TTS,微软服务条款，仅研究评测用途,edgetts,henan,SC-000010,zh-CN-shaanxi-XiaoniNeural,
data/redteam/factory/edgetts/henan/edgetts_henan_zh-CN-shaanxi-XiaoniNeural_SC-000010.phone8k.wav,spoof,RT-EDGETTS-HENAN,phone8k,redteam_factory/Edge-TTS,微软服务条款，仅研究评测用途,edgetts,henan,SC-000010,zh-CN-shaanxi-XiaoniNeural,
data/redteam/factory/edgetts/henan/edgetts_henan_zh-CN-shaanxi-XiaoniNeural_SC-000010.mp3_16k.mp3,spoof,RT-EDGETTS-HENAN,mp3_16k,redteam_factory/Edge-TTS,微软服务条款，仅研究评测用途,edgetts,henan,SC-000010,zh-CN-shaanxi-XiaoniNeural,
data/redteam/factory/edgetts/henan/edgetts_henan_zh-CN-shaanxi-XiaoniNeural_SC-000010.amr.wav,spoof,RT-EDGETTS-HENAN,amr,redteam_factory/Edge-TTS,微软服务条款，仅研究评测用途,edgetts,henan,SC-000010,zh-CN-shaanxi-XiaoniNeural,
data/redteam/factory/edgetts/henan/edgetts_henan_zh-CN-shaanxi-XiaoniNeural_SC-000010.noise.wav,spoof,RT-EDGETTS-HENAN,noise,redteam_factory/Edge-TTS,微软服务条款，仅研究评测用途,edgetts,henan,SC-000010,zh-CN-shaanxi-XiaoniNeural,
data/redteam/factory/edgetts/henan/edgetts_henan_zh-CN-shaanxi-XiaoniNeural_SC-000011.wav,spoof,RT-EDGETTS-HENAN,clean,redteam_factory/Edge-TTS,微软服务条款，仅研究评测用途,edgetts,henan,SC-000011,zh-CN-shaanxi-XiaoniNeural,
data/redteam/factory/edgetts/henan/edgetts_henan_zh-CN-shaanxi-XiaoniNeural_SC-000011.phone8k.wav,spoof,RT-EDGETTS-HENAN,phone8k,redteam_factory/Edge-TTS,微软服务条款，仅研究评测用途,edgetts,henan,SC-000011,zh-CN-shaanxi-XiaoniNeural,
data/redteam/factory/edgetts/henan/edgetts_henan_zh-CN-shaanxi-XiaoniNeural_SC-000011.mp3_16k.mp3,spoof,RT-EDGETTS-HENAN,mp3_16k,redteam_factory/Edge-TTS,微软服务条款，仅研究评测用途,edgetts,henan,SC-000011,zh-CN-shaanxi-XiaoniNeural,
data/redteam/factory/edgetts/henan/edgetts_henan_zh-CN-shaanxi-XiaoniNeural_SC-000011.amr.wav,spoof,RT-EDGETTS-HENAN,amr,redteam_factory/Edge-TTS,微软服务条款，仅研究评测用途,edgetts,henan,SC-000011,zh-CN-shaanxi-XiaoniNeural,
data/redteam/factory/edgetts/henan/edgetts_henan_zh-CN-shaanxi-XiaoniNeural_SC-000011.noise.wav,spoof,RT-EDGETTS-HENAN,noise,redteam_factory/Edge-TTS,微软服务条款，仅研究评测用途,edgetts,henan,SC-000011,zh-CN-shaanxi-XiaoniNeural,
data/redteam/factory/edgetts/henan/edgetts_henan_zh-CN-shaanxi-XiaoniNeural_SC-000012.wav,spoof,RT-EDGETTS-HENAN,clean,redteam_factory/Edge-TTS,微软服务条款，仅研究评测用途,edgetts,henan,SC-000012,zh-CN-shaanxi-XiaoniNeural,
data/redteam/factory/edgetts/henan/edgetts_henan_zh-CN-shaanxi-XiaoniNeural_SC-000012.phone8k.wav,spoof,RT-EDGETTS-HENAN,phone8k,redteam_factory/Edge-TTS,微软服务条款，仅研究评测用途,edgetts,henan,SC-000012,zh-CN-shaanxi-XiaoniNeural,
data/redteam/factory/edgetts/henan/edgetts_henan_zh-CN-shaanxi-XiaoniNeural_SC-000012.mp3_16k.mp3,spoof,RT-EDGETTS-HENAN,mp3_16k,redteam_factory/Edge-TTS,微软服务条款，仅研究评测用途,edgetts,henan,SC-000012,zh-CN-shaanxi-XiaoniNeural,
data/redteam/factory/edgetts/henan/edgetts_henan_zh-CN-shaanxi-XiaoniNeural_SC-000012.amr.wav,spoof,RT-EDGETTS-HENAN,amr,redteam_factory/Edge-TTS,微软服务条款，仅研究评测用途,edgetts,henan,SC-000012,zh-CN-shaanxi-XiaoniNeural,
data/redteam/factory/edgetts/henan/edgetts_henan_zh-CN-shaanxi-XiaoniNeural_SC-000012.noise.wav,spoof,RT-EDGETTS-HENAN,noise,redteam_factory/Edge-TTS,微软服务条款，仅研究评测用途,edgetts,henan,SC-000012,zh-CN-shaanxi-XiaoniNeural,
data/redteam/factory/edgetts/henan/edgetts_henan_zh-CN-shaanxi-XiaoniNeural_SC-000013.wav,spoof,RT-EDGETTS-HENAN,clean,redteam_factory/Edge-TTS,微软服务条款，仅研究评测用途,edgetts,henan,SC-000013,zh-CN-shaanxi-XiaoniNeural,
data/redteam/factory/edgetts/henan/edgetts_henan_zh-CN-shaanxi-XiaoniNeural_SC-000013.phone8k.wav,spoof,RT-EDGETTS-HENAN,phone8k,redteam_factory/Edge-TTS,微软服务条款，仅研究评测用途,edgetts,henan,SC-000013,zh-CN-shaanxi-XiaoniNeural,
data/redteam/factory/edgetts/henan/edgetts_henan_zh-CN-shaanxi-XiaoniNeural_SC-000013.mp3_16k.mp3,spoof,RT-EDGETTS-HENAN,mp3_16k,redteam_factory/Edge-TTS,微软服务条款，仅研究评测用途,edgetts,henan,SC-000013,zh-CN-shaanxi-XiaoniNeural,
data/redteam/factory/edgetts/henan/edgetts_henan_zh-CN-shaanxi-XiaoniNeural_SC-000013.amr.wav,spoof,RT-EDGETTS-HENAN,amr,redteam_factory/Edge-TTS,微软服务条款，仅研究评测用途,edgetts,henan,SC-000013,zh-CN-shaanxi-XiaoniNeural,
data/redteam/factory/edgetts/henan/edgetts_henan_zh-CN-shaanxi-XiaoniNeural_SC-000013.noise.wav,spoof,RT-EDGETTS-HENAN,noise,redteam_factory/Edge-TTS,微软服务条款，仅研究评测用途,edgetts,henan,SC-000013,zh-CN-shaanxi-XiaoniNeural,
data/redteam/factory/edgetts/henan/edgetts_henan_zh-CN-shaanxi-XiaoniNeural_SC-000014.wav,spoof,RT-EDGETTS-HENAN,clean,redteam_factory/Edge-TTS,微软服务条款，仅研究评测用途,edgetts,henan,SC-000014,zh-CN-shaanxi-XiaoniNeural,
data/redteam/factory/edgetts/henan/edgetts_henan_zh-CN-shaanxi-XiaoniNeural_SC-000014.phone8k.wav,spoof,RT-EDGETTS-HENAN,phone8k,redteam_factory/Edge-TTS,微软服务条款，仅研究评测用途,edgetts,henan,SC-000014,zh-CN-shaanxi-XiaoniNeural,
data/redteam/factory/edgetts/henan/edgetts_henan_zh-CN-shaanxi-XiaoniNeural_SC-000014.mp3_16k.mp3,spoof,RT-EDGETTS-HENAN,mp3_16k,redteam_factory/Edge-TTS,微软服务条款，仅研究评测用途,edgetts,henan,SC-000014,zh-CN-shaanxi-XiaoniNeural,
data/redteam/factory/edgetts/henan/edgetts_henan_zh-CN-shaanxi-XiaoniNeural_SC-000014.amr.wav,spoof,RT-EDGETTS-HENAN,amr,redteam_factory/Edge-TTS,微软服务条款，仅研究评测用途,edgetts,henan,SC-000014,zh-CN-shaanxi-XiaoniNeural,
data/redteam/factory/edgetts/henan/edgetts_henan_zh-CN-shaanxi-XiaoniNeural_SC-000014.noise.wav,spoof,RT-EDGETTS-HENAN,noise,redteam_factory/Edge-TTS,微软服务条款，仅研究评测用途,edgetts,henan,SC-000014,zh-CN-shaanxi-XiaoniNeural,
data/redteam/factory/edgetts/henan/edgetts_henan_zh-CN-shaanxi-XiaoniNeural_SC-000015.wav,spoof,RT-EDGETTS-HENAN,clean,redteam_factory/Edge-TTS,微软服务条款，仅研究评测用途,edgetts,henan,SC-000015,zh-CN-shaanxi-XiaoniNeural,
data/redteam/factory/edgetts/henan/edgetts_henan_zh-CN-shaanxi-XiaoniNeural_SC-000015.phone8k.wav,spoof,RT-EDGETTS-HENAN,phone8k,redteam_factory/Edge-TTS,微软服务条款，仅研究评测用途,edgetts,henan,SC-000015,zh-CN-shaanxi-XiaoniNeural,
data/redteam/factory/edgetts/henan/edgetts_henan_zh-CN-shaanxi-XiaoniNeural_SC-000015.mp3_16k.mp3,spoof,RT-EDGETTS-HENAN,mp3_16k,redteam_factory/Edge-TTS,微软服务条款，仅研究评测用途,edgetts,henan,SC-000015,zh-CN-shaanxi-XiaoniNeural,
data/redteam/factory/edgetts/henan/edgetts_henan_zh-CN-shaanxi-XiaoniNeural_SC-000015.amr.wav,spoof,RT-EDGETTS-HENAN,amr,redteam_factory/Edge-TTS,微软服务条款，仅研究评测用途,edgetts,henan,SC-000015,zh-CN-shaanxi-XiaoniNeural,
data/redteam/factory/edgetts/henan/edgetts_henan_zh-CN-shaanxi-XiaoniNeural_SC-000015.noise.wav,spoof,RT-EDGETTS-HENAN,noise,redteam_factory/Edge-TTS,微软服务条款，仅研究评测用途,edgetts,henan,SC-000015,zh-CN-shaanxi-XiaoniNeural,
data/redteam/factory/edgetts/henan/edgetts_henan_zh-CN-shaanxi-XiaoniNeural_SC-000016.wav,spoof,RT-EDGETTS-HENAN,clean,redteam_factory/Edge-TTS,微软服务条款，仅研究评测用途,edgetts,henan,SC-000016,zh-CN-shaanxi-XiaoniNeural,
data/redteam/factory/edgetts/henan/edgetts_henan_zh-CN-shaanxi-XiaoniNeural_SC-000016.phone8k.wav,spoof,RT-EDGETTS-HENAN,phone8k,redteam_factory/Edge-TTS,微软服务条款，仅研究评测用途,edgetts,henan,SC-000016,zh-CN-shaanxi-XiaoniNeural,
data/redteam/factory/edgetts/henan/edgetts_henan_zh-CN-shaanxi-XiaoniNeural_SC-000016.mp3_16k.mp3,spoof,RT-EDGETTS-HENAN,mp3_16k,redteam_factory/Edge-TTS,微软服务条款，仅研究评测用途,edgetts,henan,SC-000016,zh-CN-shaanxi-XiaoniNeural,
data/redteam/factory/edgetts/henan/edgetts_henan_zh-CN-shaanxi-XiaoniNeural_SC-000016.amr.wav,spoof,RT-EDGETTS-HENAN,amr,redteam_factory/Edge-TTS,微软服务条款，仅研究评测用途,edgetts,henan,SC-000016,zh-CN-shaanxi-XiaoniNeural,
data/redteam/factory/edgetts/henan/edgetts_henan_zh-CN-shaanxi-XiaoniNeural_SC-000016.noise.wav,spoof,RT-EDGETTS-HENAN,noise,redteam_factory/Edge-TTS,微软服务条款，仅研究评测用途,edgetts,henan,SC-000016,zh-CN-shaanxi-XiaoniNeural,
data/redteam/factory/edgetts/henan/edgetts_henan_zh-CN-shaanxi-XiaoniNeural_SC-000018.wav,spoof,RT-EDGETTS-HENAN,clean,redteam_factory/Edge-TTS,微软服务条款，仅研究评测用途,edgetts,henan,SC-000018,zh-CN-shaanxi-XiaoniNeural,
data/redteam/factory/edgetts/henan/edgetts_henan_zh-CN-shaanxi-XiaoniNeural_SC-000018.phone8k.wav,spoof,RT-EDGETTS-HENAN,phone8k,redteam_factory/Edge-TTS,微软服务条款，仅研究评测用途,edgetts,henan,SC-000018,zh-CN-shaanxi-XiaoniNeural,
data/redteam/factory/edgetts/henan/edgetts_henan_zh-CN-shaanxi-XiaoniNeural_SC-000018.mp3_16k.mp3,spoof,RT-EDGETTS-HENAN,mp3_16k,redteam_factory/Edge-TTS,微软服务条款，仅研究评测用途,edgetts,henan,SC-000018,zh-CN-shaanxi-XiaoniNeural,
data/redteam/factory/edgetts/henan/edgetts_henan_zh-CN-shaanxi-XiaoniNeural_SC-000018.amr.wav,spoof,RT-EDGETTS-HENAN,amr,redteam_factory/Edge-TTS,微软服务条款，仅研究评测用途,edgetts,henan,SC-000018,zh-CN-shaanxi-XiaoniNeural,
data/redteam/factory/edgetts/henan/edgetts_henan_zh-CN-shaanxi-XiaoniNeural_SC-000018.noise.wav,spoof,RT-EDGETTS-HENAN,noise,redteam_factory/Edge-TTS,微软服务条款，仅研究评测用途,edgetts,henan,SC-000018,zh-CN-shaanxi-XiaoniNeural,
data/redteam/factory/edgetts/henan/edgetts_henan_zh-CN-shaanxi-XiaoniNeural_SC-000019.wav,spoof,RT-EDGETTS-HENAN,clean,redteam_factory/Edge-TTS,微软服务条款，仅研究评测用途,edgetts,henan,SC-000019,zh-CN-shaanxi-XiaoniNeural,
data/redteam/factory/edgetts/henan/edgetts_henan_zh-CN-shaanxi-XiaoniNeural_SC-000019.phone8k.wav,spoof,RT-EDGETTS-HENAN,phone8k,redteam_factory/Edge-TTS,微软服务条款，仅研究评测用途,edgetts,henan,SC-000019,zh-CN-shaanxi-XiaoniNeural,
data/redteam/factory/edgetts/henan/edgetts_henan_zh-CN-shaanxi-XiaoniNeural_SC-000019.mp3_16k.mp3,spoof,RT-EDGETTS-HENAN,mp3_16k,redteam_factory/Edge-TTS,微软服务条款，仅研究评测用途,edgetts,henan,SC-000019,zh-CN-shaanxi-XiaoniNeural,
data/redteam/factory/edgetts/henan/edgetts_henan_zh-CN-shaanxi-XiaoniNeural_SC-000019.amr.wav,spoof,RT-EDGETTS-HENAN,amr,redteam_factory/Edge-TTS,微软服务条款，仅研究评测用途,edgetts,henan,SC-000019,zh-CN-shaanxi-XiaoniNeural,
data/redteam/factory/edgetts/henan/edgetts_henan_zh-CN-shaanxi-XiaoniNeural_SC-000019.noise.wav,spoof,RT-EDGETTS-HENAN,noise,redteam_factory/Edge-TTS,微软服务条款，仅研究评测用途,edgetts,henan,SC-000019,zh-CN-shaanxi-XiaoniNeural,
data/redteam/factory/edgetts/henan/edgetts_henan_zh-CN-shaanxi-XiaoniNeural_SC-000020.wav,spoof,RT-EDGETTS-HENAN,clean,redteam_factory/Edge-TTS,微软服务条款，仅研究评测用途,edgetts,henan,SC-000020,zh-CN-shaanxi-XiaoniNeural,
data/redteam/factory/edgetts/henan/edgetts_henan_zh-CN-shaanxi-XiaoniNeural_SC-000020.phone8k.wav,spoof,RT-EDGETTS-HENAN,phone8k,redteam_factory/Edge-TTS,微软服务条款，仅研究评测用途,edgetts,henan,SC-000020,zh-CN-shaanxi-XiaoniNeural,
data/redteam/factory/edgetts/henan/edgetts_henan_zh-CN-shaanxi-XiaoniNeural_SC-000020.mp3_16k.mp3,spoof,RT-EDGETTS-HENAN,mp3_16k,redteam_factory/Edge-TTS,微软服务条款，仅研究评测用途,edgetts,henan,SC-000020,zh-CN-shaanxi-XiaoniNeural,
data/redteam/factory/edgetts/henan/edgetts_henan_zh-CN-shaanxi-XiaoniNeural_SC-000020.amr.wav,spoof,RT-EDGETTS-HENAN,amr,redteam_factory/Edge-TTS,微软服务条款，仅研究评测用途,edgetts,henan,SC-000020,zh-CN-shaanxi-XiaoniNeural,
data/redteam/factory/edgetts/henan/edgetts_henan_zh-CN-shaanxi-XiaoniNeural_SC-000020.noise.wav,spoof,RT-EDGETTS-HENAN,noise,redteam_factory/Edge-TTS,微软服务条款，仅研究评测用途,edgetts,henan,SC-000020,zh-CN-shaanxi-XiaoniNeural,
data/redteam/factory/edgetts/henan/edgetts_henan_zh-CN-shaanxi-XiaoniNeural_SC-000021.wav,spoof,RT-EDGETTS-HENAN,clean,redteam_factory/Edge-TTS,微软服务条款，仅研究评测用途,edgetts,henan,SC-000021,zh-CN-shaanxi-XiaoniNeural,
data/redteam/factory/edgetts/henan/edgetts_henan_zh-CN-shaanxi-XiaoniNeural_SC-000021.phone8k.wav,spoof,RT-EDGETTS-HENAN,phone8k,redteam_factory/Edge-TTS,微软服务条款，仅研究评测用途,edgetts,henan,SC-000021,zh-CN-shaanxi-XiaoniNeural,
data/redteam/factory/edgetts/henan/edgetts_henan_zh-CN-shaanxi-XiaoniNeural_SC-000021.mp3_16k.mp3,spoof,RT-EDGETTS-HENAN,mp3_16k,redteam_factory/Edge-TTS,微软服务条款，仅研究评测用途,edgetts,henan,SC-000021,zh-CN-shaanxi-XiaoniNeural,
data/redteam/factory/edgetts/henan/edgetts_henan_zh-CN-shaanxi-XiaoniNeural_SC-000021.amr.wav,spoof,RT-EDGETTS-HENAN,amr,redteam_factory/Edge-TTS,微软服务条款，仅研究评测用途,edgetts,henan,SC-000021,zh-CN-shaanxi-XiaoniNeural,
data/redteam/factory/edgetts/henan/edgetts_henan_zh-CN-shaanxi-XiaoniNeural_SC-000021.noise.wav,spoof,RT-EDGETTS-HENAN,noise,redteam_factory/Edge-TTS,微软服务条款，仅研究评测用途,edgetts,henan,SC-000021,zh-CN-shaanxi-XiaoniNeural,
data/redteam/factory/edgetts/henan/edgetts_henan_zh-CN-shaanxi-XiaoniNeural_SC-000022.wav,spoof,RT-EDGETTS-HENAN,clean,redteam_factory/Edge-TTS,微软服务条款，仅研究评测用途,edgetts,henan,SC-000022,zh-CN-shaanxi-XiaoniNeural,
data/redteam/factory/edgetts/henan/edgetts_henan_zh-CN-shaanxi-XiaoniNeural_SC-000022.phone8k.wav,spoof,RT-EDGETTS-HENAN,phone8k,redteam_factory/Edge-TTS,微软服务条款，仅研究评测用途,edgetts,henan,SC-000022,zh-CN-shaanxi-XiaoniNeural,
data/redteam/factory/edgetts/henan/edgetts_henan_zh-CN-shaanxi-XiaoniNeural_SC-000022.mp3_16k.mp3,spoof,RT-EDGETTS-HENAN,mp3_16k,redteam_factory/Edge-TTS,微软服务条款，仅研究评测用途,edgetts,henan,SC-000022,zh-CN-shaanxi-XiaoniNeural,
data/redteam/factory/edgetts/henan/edgetts_henan_zh-CN-shaanxi-XiaoniNeural_SC-000022.amr.wav,spoof,RT-EDGETTS-HENAN,amr,redteam_factory/Edge-TTS,微软服务条款，仅研究评测用途,edgetts,henan,SC-000022,zh-CN-shaanxi-XiaoniNeural,
data/redteam/factory/edgetts/henan/edgetts_henan_zh-CN-shaanxi-XiaoniNeural_SC-000022.noise.wav,spoof,RT-EDGETTS-HENAN,noise,redteam_factory/Edge-TTS,微软服务条款，仅研究评测用途,edgetts,henan,SC-000022,zh-CN-shaanxi-XiaoniNeural,
data/redteam/factory/edgetts/henan/edgetts_henan_zh-CN-shaanxi-XiaoniNeural_SC-000023.wav,spoof,RT-EDGETTS-HENAN,clean,redteam_factory/Edge-TTS,微软服务条款，仅研究评测用途,edgetts,henan,SC-000023,zh-CN-shaanxi-XiaoniNeural,
data/redteam/factory/edgetts/henan/edgetts_henan_zh-CN-shaanxi-XiaoniNeural_SC-000023.phone8k.wav,spoof,RT-EDGETTS-HENAN,phone8k,redteam_factory/Edge-TTS,微软服务条款，仅研究评测用途,edgetts,henan,SC-000023,zh-CN-shaanxi-XiaoniNeural,
data/redteam/factory/edgetts/henan/edgetts_henan_zh-CN-shaanxi-XiaoniNeural_SC-000023.mp3_16k.mp3,spoof,RT-EDGETTS-HENAN,mp3_16k,redteam_factory/Edge-TTS,微软服务条款，仅研究评测用途,edgetts,henan,SC-000023,zh-CN-shaanxi-XiaoniNeural,
data/redteam/factory/edgetts/henan/edgetts_henan_zh-CN-shaanxi-XiaoniNeural_SC-000023.amr.wav,spoof,RT-EDGETTS-HENAN,amr,redteam_factory/Edge-TTS,微软服务条款，仅研究评测用途,edgetts,henan,SC-000023,zh-CN-shaanxi-XiaoniNeural,
data/redteam/factory/edgetts/henan/edgetts_henan_zh-CN-shaanxi-XiaoniNeural_SC-000023.noise.wav,spoof,RT-EDGETTS-HENAN,noise,redteam_factory/Edge-TTS,微软服务条款，仅研究评测用途,edgetts,henan,SC-000023,zh-CN-shaanxi-XiaoniNeural,
data/redteam/factory/edgetts/henan/edgetts_henan_zh-CN-shaanxi-XiaoniNeural_SC-000024.wav,spoof,RT-EDGETTS-HENAN,clean,redteam_factory/Edge-TTS,微软服务条款，仅研究评测用途,edgetts,henan,SC-000024,zh-CN-shaanxi-XiaoniNeural,
data/redteam/factory/edgetts/henan/edgetts_henan_zh-CN-shaanxi-XiaoniNeural_SC-000024.phone8k.wav,spoof,RT-EDGETTS-HENAN,phone8k,redteam_factory/Edge-TTS,微软服务条款，仅研究评测用途,edgetts,henan,SC-000024,zh-CN-shaanxi-XiaoniNeural,
data/redteam/factory/edgetts/henan/edgetts_henan_zh-CN-shaanxi-XiaoniNeural_SC-000024.mp3_16k.mp3,spoof,RT-EDGETTS-HENAN,mp3_16k,redteam_factory/Edge-TTS,微软服务条款，仅研究评测用途,edgetts,henan,SC-000024,zh-CN-shaanxi-XiaoniNeural,
data/redteam/factory/edgetts/henan/edgetts_henan_zh-CN-shaanxi-XiaoniNeural_SC-000024.amr.wav,spoof,RT-EDGETTS-HENAN,amr,redteam_factory/Edge-TTS,微软服务条款，仅研究评测用途,edgetts,henan,SC-000024,zh-CN-shaanxi-XiaoniNeural,
data/redteam/factory/edgetts/henan/edgetts_henan_zh-CN-shaanxi-XiaoniNeural_SC-000024.noise.wav,spoof,RT-EDGETTS-HENAN,noise,redteam_factory/Edge-TTS,微软服务条款，仅研究评测用途,edgetts,henan,SC-000024,zh-CN-shaanxi-XiaoniNeural,
data/redteam/factory/edgetts/henan/edgetts_henan_zh-CN-shaanxi-XiaoniNeural_SC-000026.wav,spoof,RT-EDGETTS-HENAN,clean,redteam_factory/Edge-TTS,微软服务条款，仅研究评测用途,edgetts,henan,SC-000026,zh-CN-shaanxi-XiaoniNeural,
data/redteam/factory/edgetts/henan/edgetts_henan_zh-CN-shaanxi-XiaoniNeural_SC-000026.phone8k.wav,spoof,RT-EDGETTS-HENAN,phone8k,redteam_factory/Edge-TTS,微软服务条款，仅研究评测用途,edgetts,henan,SC-000026,zh-CN-shaanxi-XiaoniNeural,
data/redteam/factory/edgetts/henan/edgetts_henan_zh-CN-shaanxi-XiaoniNeural_SC-000026.mp3_16k.mp3,spoof,RT-EDGETTS-HENAN,mp3_16k,redteam_factory/Edge-TTS,微软服务条款，仅研究评测用途,edgetts,henan,SC-000026,zh-CN-shaanxi-XiaoniNeural,
data/redteam/factory/edgetts/henan/edgetts_henan_zh-CN-shaanxi-XiaoniNeural_SC-000026.amr.wav,spoof,RT-EDGETTS-HENAN,amr,redteam_factory/Edge-TTS,微软服务条款，仅研究评测用途,edgetts,henan,SC-000026,zh-CN-shaanxi-XiaoniNeural,
data/redteam/factory/edgetts/henan/edgetts_henan_zh-CN-shaanxi-XiaoniNeural_SC-000026.noise.wav,spoof,RT-EDGETTS-HENAN,noise,redteam_factory/Edge-TTS,微软服务条款，仅研究评测用途,edgetts,henan,SC-000026,zh-CN-shaanxi-XiaoniNeural,
data/redteam/factory/edgetts/henan/edgetts_henan_zh-CN-shaanxi-XiaoniNeural_SC-000027.wav,spoof,RT-EDGETTS-HENAN,clean,redteam_factory/Edge-TTS,微软服务条款，仅研究评测用途,edgetts,henan,SC-000027,zh-CN-shaanxi-XiaoniNeural,
data/redteam/factory/edgetts/henan/edgetts_henan_zh-CN-shaanxi-XiaoniNeural_SC-000027.phone8k.wav,spoof,RT-EDGETTS-HENAN,phone8k,redteam_factory/Edge-TTS,微软服务条款，仅研究评测用途,edgetts,henan,SC-000027,zh-CN-shaanxi-XiaoniNeural,
data/redteam/factory/edgetts/henan/edgetts_henan_zh-CN-shaanxi-XiaoniNeural_SC-000027.mp3_16k.mp3,spoof,RT-EDGETTS-HENAN,mp3_16k,redteam_factory/Edge-TTS,微软服务条款，仅研究评测用途,edgetts,henan,SC-000027,zh-CN-shaanxi-XiaoniNeural,
data/redteam/factory/edgetts/henan/edgetts_henan_zh-CN-shaanxi-XiaoniNeural_SC-000027.amr.wav,spoof,RT-EDGETTS-HENAN,amr,redteam_factory/Edge-TTS,微软服务条款，仅研究评测用途,edgetts,henan,SC-000027,zh-CN-shaanxi-XiaoniNeural,
data/redteam/factory/edgetts/henan/edgetts_henan_zh-CN-shaanxi-XiaoniNeural_SC-000027.noise.wav,spoof,RT-EDGETTS-HENAN,noise,redteam_factory/Edge-TTS,微软服务条款，仅研究评测用途,edgetts,henan,SC-000027,zh-CN-shaanxi-XiaoniNeural,
data/redteam/factory/edgetts/henan/edgetts_henan_zh-CN-shaanxi-XiaoniNeural_SC-000029.wav,spoof,RT-EDGETTS-HENAN,clean,redteam_factory/Edge-TTS,微软服务条款，仅研究评测用途,edgetts,henan,SC-000029,zh-CN-shaanxi-XiaoniNeural,
data/redteam/factory/edgetts/henan/edgetts_henan_zh-CN-shaanxi-XiaoniNeural_SC-000029.phone8k.wav,spoof,RT-EDGETTS-HENAN,phone8k,redteam_factory/Edge-TTS,微软服务条款，仅研究评测用途,edgetts,henan,SC-000029,zh-CN-shaanxi-XiaoniNeural,
data/redteam/factory/edgetts/henan/edgetts_henan_zh-CN-shaanxi-XiaoniNeural_SC-000029.mp3_16k.mp3,spoof,RT-EDGETTS-HENAN,mp3_16k,redteam_factory/Edge-TTS,微软服务条款，仅研究评测用途,edgetts,henan,SC-000029,zh-CN-shaanxi-XiaoniNeural,
data/redteam/factory/edgetts/henan/edgetts_henan_zh-CN-shaanxi-XiaoniNeural_SC-000029.amr.wav,spoof,RT-EDGETTS-HENAN,amr,redteam_factory/Edge-TTS,微软服务条款，仅研究评测用途,edgetts,henan,SC-000029,zh-CN-shaanxi-XiaoniNeural,
data/redteam/factory/edgetts/henan/edgetts_henan_zh-CN-shaanxi-XiaoniNeural_SC-000029.noise.wav,spoof,RT-EDGETTS-HENAN,noise,redteam_factory/Edge-TTS,微软服务条款，仅研究评测用途,edgetts,henan,SC-000029,zh-CN-shaanxi-XiaoniNeural,
data/redteam/factory/edgetts/mandarin/edgetts_mandarin_zh-CN-YunxiNeural_SC-000030.wav,spoof,RT-EDGETTS-MANDARIN,clean,redteam_factory/Edge-TTS,微软服务条款，仅研究评测用途,edgetts,mandarin,SC-000030,zh-CN-YunxiNeural,
data/redteam/factory/edgetts/mandarin/edgetts_mandarin_zh-CN-YunxiNeural_SC-000034.wav,spoof,RT-EDGETTS-MANDARIN,clean,redteam_factory/Edge-TTS,微软服务条款，仅研究评测用途,edgetts,mandarin,SC-000034,zh-CN-YunxiNeural,
data/redteam/factory/edgetts/mandarin/edgetts_mandarin_zh-CN-YunxiNeural_SC-000035.wav,spoof,RT-EDGETTS-MANDARIN,clean,redteam_factory/Edge-TTS,微软服务条款，仅研究评测用途,edgetts,mandarin,SC-000035,zh-CN-YunxiNeural,
data/redteam/factory/edgetts/mandarin/edgetts_mandarin_zh-CN-YunxiNeural_SC-000036.wav,spoof,RT-EDGETTS-MANDARIN,clean,redteam_factory/Edge-TTS,微软服务条款，仅研究评测用途,edgetts,mandarin,SC-000036,zh-CN-YunxiNeural,
data/redteam/factory/edgetts/mandarin/edgetts_mandarin_zh-CN-YunxiNeural_SC-000037.wav,spoof,RT-EDGETTS-MANDARIN,clean,redteam_factory/Edge-TTS,微软服务条款，仅研究评测用途,edgetts,mandarin,SC-000037,zh-CN-YunxiNeural,
data/redteam/factory/edgetts/mandarin/edgetts_mandarin_zh-CN-YunxiNeural_SC-000041.wav,spoof,RT-EDGETTS-MANDARIN,clean,redteam_factory/Edge-TTS,微软服务条款，仅研究评测用途,edgetts,mandarin,SC-000041,zh-CN-YunxiNeural,
data/redteam/factory/edgetts/mandarin/edgetts_mandarin_zh-CN-YunxiNeural_SC-000044.wav,spoof,RT-EDGETTS-MANDARIN,clean,redteam_factory/Edge-TTS,微软服务条款，仅研究评测用途,edgetts,mandarin,SC-000044,zh-CN-YunxiNeural,
data/redteam/factory/edgetts/mandarin/edgetts_mandarin_zh-CN-YunxiNeural_SC-000045.wav,spoof,RT-EDGETTS-MANDARIN,clean,redteam_factory/Edge-TTS,微软服务条款，仅研究评测用途,edgetts,mandarin,SC-000045,zh-CN-YunxiNeural,
data/redteam/factory/edgetts/mandarin/edgetts_mandarin_zh-CN-YunxiNeural_SC-000046.wav,spoof,RT-EDGETTS-MANDARIN,clean,redteam_factory/Edge-TTS,微软服务条款，仅研究评测用途,edgetts,mandarin,SC-000046,zh-CN-YunxiNeural,
data/redteam/factory/edgetts/mandarin/edgetts_mandarin_zh-CN-YunxiNeural_SC-000047.wav,spoof,RT-EDGETTS-MANDARIN,clean,redteam_factory/Edge-TTS,微软服务条款，仅研究评测用途,edgetts,mandarin,SC-000047,zh-CN-YunxiNeural,
data/redteam/factory/edgetts/mandarin/edgetts_mandarin_zh-CN-YunxiNeural_SC-000050.wav,spoof,RT-EDGETTS-MANDARIN,clean,redteam_factory/Edge-TTS,微软服务条款，仅研究评测用途,edgetts,mandarin,SC-000050,zh-CN-YunxiNeural,
data/redteam/factory/edgetts/mandarin/edgetts_mandarin_zh-CN-YunxiNeural_SC-000053.wav,spoof,RT-EDGETTS-MANDARIN,clean,redteam_factory/Edge-TTS,微软服务条款，仅研究评测用途,edgetts,mandarin,SC-000053,zh-CN-YunxiNeural,
data/redteam/factory/edgetts/mandarin/edgetts_mandarin_zh-CN-YunxiNeural_SC-000057.wav,spoof,RT-EDGETTS-MANDARIN,clean,redteam_factory/Edge-TTS,微软服务条款，仅研究评测用途,edgetts,mandarin,SC-000057,zh-CN-YunxiNeural,
data/redteam/factory/edgetts/mandarin/edgetts_mandarin_zh-CN-YunxiNeural_SC-000060.wav,spoof,RT-EDGETTS-MANDARIN,clean,redteam_factory/Edge-TTS,微软服务条款，仅研究评测用途,edgetts,mandarin,SC-000060,zh-CN-YunxiNeural,
data/redteam/factory/edgetts/mandarin/edgetts_mandarin_zh-CN-YunxiNeural_SC-000065.wav,spoof,RT-EDGETTS-MANDARIN,clean,redteam_factory/Edge-TTS,微软服务条款，仅研究评测用途,edgetts,mandarin,SC-000065,zh-CN-YunxiNeural,
data/redteam/factory/edgetts/mandarin/edgetts_mandarin_zh-CN-YunxiNeural_SC-000069.wav,spoof,RT-EDGETTS-MANDARIN,clean,redteam_factory/Edge-TTS,微软服务条款，仅研究评测用途,edgetts,mandarin,SC-000069,zh-CN-YunxiNeural,
data/redteam/factory/edgetts/mandarin/edgetts_mandarin_zh-CN-YunxiNeural_SC-000070.wav,spoof,RT-EDGETTS-MANDARIN,clean,redteam_factory/Edge-TTS,微软服务条款，仅研究评测用途,edgetts,mandarin,SC-000070,zh-CN-YunxiNeural,
data/redteam/factory/edgetts/mandarin/edgetts_mandarin_zh-CN-YunxiNeural_SC-000072.wav,spoof,RT-EDGETTS-MANDARIN,clean,redteam_factory/Edge-TTS,微软服务条款，仅研究评测用途,edgetts,mandarin,SC-000072,zh-CN-YunxiNeural,
data/redteam/factory/edgetts/mandarin/edgetts_mandarin_zh-CN-YunxiNeural_SC-000074.wav,spoof,RT-EDGETTS-MANDARIN,clean,redteam_factory/Edge-TTS,微软服务条款，仅研究评测用途,edgetts,mandarin,SC-000074,zh-CN-YunxiNeural,
data/redteam/factory/edgetts/mandarin/edgetts_mandarin_zh-CN-YunxiNeural_SC-000077.wav,spoof,RT-EDGETTS-MANDARIN,clean,redteam_factory/Edge-TTS,微软服务条款，仅研究评测用途,edgetts,mandarin,SC-000077,zh-CN-YunxiNeural,
data/redteam/factory/edgetts/mandarin/edgetts_mandarin_zh-CN-YunxiNeural_SC-000082.wav,spoof,RT-EDGETTS-MANDARIN,clean,redteam_factory/Edge-TTS,微软服务条款，仅研究评测用途,edgetts,mandarin,SC-000082,zh-CN-YunxiNeural,
data/redteam/factory/edgetts/mandarin/edgetts_mandarin_zh-CN-YunxiNeural_SC-000083.wav,spoof,RT-EDGETTS-MANDARIN,clean,redteam_factory/Edge-TTS,微软服务条款，仅研究评测用途,edgetts,mandarin,SC-000083,zh-CN-YunxiNeural,
data/redteam/factory/edgetts/mandarin/edgetts_mandarin_zh-CN-YunxiNeural_SC-000085.wav,spoof,RT-EDGETTS-MANDARIN,clean,redteam_factory/Edge-TTS,微软服务条款，仅研究评测用途,edgetts,mandarin,SC-000085,zh-CN-YunxiNeural,
data/redteam/factory/edgetts/mandarin/edgetts_mandarin_zh-CN-YunxiNeural_SC-000086.wav,spoof,RT-EDGETTS-MANDARIN,clean,redteam_factory/Edge-TTS,微软服务条款，仅研究评测用途,edgetts,mandarin,SC-000086,zh-CN-YunxiNeural,
data/redteam/factory/edgetts/mandarin/edgetts_mandarin_zh-CN-YunxiNeural_SC-000089.wav,spoof,RT-EDGETTS-MANDARIN,clean,redteam_factory/Edge-TTS,微软服务条款，仅研究评测用途,edgetts,mandarin,SC-000089,zh-CN-YunxiNeural,
data/redteam/factory/edgetts/mandarin/edgetts_mandarin_zh-CN-YunxiNeural_SC-000090.wav,spoof,RT-EDGETTS-MANDARIN,clean,redteam_factory/Edge-TTS,微软服务条款，仅研究评测用途,edgetts,mandarin,SC-000090,zh-CN-YunxiNeural,
data/redteam/factory/edgetts/mandarin/edgetts_mandarin_zh-CN-YunxiNeural_SC-000091.wav,spoof,RT-EDGETTS-MANDARIN,clean,redteam_factory/Edge-TTS,微软服务条款，仅研究评测用途,edgetts,mandarin,SC-000091,zh-CN-YunxiNeural,
data/redteam/factory/edgetts/mandarin/edgetts_mandarin_zh-CN-YunxiNeural_SC-000092.wav,spoof,RT-EDGETTS-MANDARIN,clean,redteam_factory/Edge-TTS,微软服务条款，仅研究评测用途,edgetts,mandarin,SC-000092,zh-CN-YunxiNeural,
data/redteam/factory/edgetts/mandarin/edgetts_mandarin_zh-CN-YunxiNeural_SC-000093.wav,spoof,RT-EDGETTS-MANDARIN,clean,redteam_factory/Edge-TTS,微软服务条款，仅研究评测用途,edgetts,mandarin,SC-000093,zh-CN-YunxiNeural,
data/redteam/factory/edgetts/mandarin/edgetts_mandarin_zh-CN-YunxiNeural_SC-000095.wav,spoof,RT-EDGETTS-MANDARIN,clean,redteam_factory/Edge-TTS,微软服务条款，仅研究评测用途,edgetts,mandarin,SC-000095,zh-CN-YunxiNeural,
data/redteam/factory/edgetts/mandarin/edgetts_mandarin_zh-CN-YunxiNeural_SC-000096.wav,spoof,RT-EDGETTS-MANDARIN,clean,redteam_factory/Edge-TTS,微软服务条款，仅研究评测用途,edgetts,mandarin,SC-000096,zh-CN-YunxiNeural,
data/redteam/factory/edgetts/mandarin/edgetts_mandarin_zh-CN-YunxiNeural_SC-000097.wav,spoof,RT-EDGETTS-MANDARIN,clean,redteam_factory/Edge-TTS,微软服务条款，仅研究评测用途,edgetts,mandarin,SC-000097,zh-CN-YunxiNeural,
data/redteam/factory/edgetts/mandarin/edgetts_mandarin_zh-CN-YunxiNeural_SC-000098.wav,spoof,RT-EDGETTS-MANDARIN,clean,redteam_factory/Edge-TTS,微软服务条款，仅研究评测用途,edgetts,mandarin,SC-000098,zh-CN-YunxiNeural,
data/redteam/factory/edgetts/mandarin/edgetts_mandarin_zh-CN-YunxiNeural_SC-000100.wav,spoof,RT-EDGETTS-MANDARIN,clean,redteam_factory/Edge-TTS,微软服务条款，仅研究评测用途,edgetts,mandarin,SC-000100,zh-CN-YunxiNeural,
data/redteam/factory/edgetts/mandarin/edgetts_mandarin_zh-CN-YunxiNeural_SC-000104.wav,spoof,RT-EDGETTS-MANDARIN,clean,redteam_factory/Edge-TTS,微软服务条款，仅研究评测用途,edgetts,mandarin,SC-000104,zh-CN-YunxiNeural,
data/redteam/factory/edgetts/mandarin/edgetts_mandarin_zh-CN-YunxiNeural_SC-000105.wav,spoof,RT-EDGETTS-MANDARIN,clean,redteam_factory/Edge-TTS,微软服务条款，仅研究评测用途,edgetts,mandarin,SC-000105,zh-CN-YunxiNeural,
data/redteam/factory/edgetts/mandarin/edgetts_mandarin_zh-CN-YunxiNeural_SC-000110.wav,spoof,RT-EDGETTS-MANDARIN,clean,redteam_factory/Edge-TTS,微软服务条款，仅研究评测用途,edgetts,mandarin,SC-000110,zh-CN-YunxiNeural,
data/redteam/factory/edgetts/mandarin/edgetts_mandarin_zh-CN-YunxiNeural_SC-000114.wav,spoof,RT-EDGETTS-MANDARIN,clean,redteam_factory/Edge-TTS,微软服务条款，仅研究评测用途,edgetts,mandarin,SC-000114,zh-CN-YunxiNeural,
data/redteam/factory/edgetts/mandarin/edgetts_mandarin_zh-CN-YunxiNeural_SC-000117.wav,spoof,RT-EDGETTS-MANDARIN,clean,redteam_factory/Edge-TTS,微软服务条款，仅研究评测用途,edgetts,mandarin,SC-000117,zh-CN-YunxiNeural,
data/redteam/factory/edgetts/mandarin/edgetts_mandarin_zh-CN-YunxiNeural_SC-000120.wav,spoof,RT-EDGETTS-MANDARIN,clean,redteam_factory/Edge-TTS,微软服务条款，仅研究评测用途,edgetts,mandarin,SC-000120,zh-CN-YunxiNeural,
data/redteam/factory/edgetts/mandarin/edgetts_mandarin_zh-CN-YunxiNeural_SC-000123.wav,spoof,RT-EDGETTS-MANDARIN,clean,redteam_factory/Edge-TTS,微软服务条款，仅研究评测用途,edgetts,mandarin,SC-000123,zh-CN-YunxiNeural,
data/redteam/factory/edgetts/mandarin/edgetts_mandarin_zh-CN-XiaoxiaoNeural_SC-000030.wav,spoof,RT-EDGETTS-MANDARIN,clean,redteam_factory/Edge-TTS,微软服务条款，仅研究评测用途,edgetts,mandarin,SC-000030,zh-CN-XiaoxiaoNeural,
data/redteam/factory/edgetts/mandarin/edgetts_mandarin_zh-CN-XiaoxiaoNeural_SC-000034.wav,spoof,RT-EDGETTS-MANDARIN,clean,redteam_factory/Edge-TTS,微软服务条款，仅研究评测用途,edgetts,mandarin,SC-000034,zh-CN-XiaoxiaoNeural,
data/redteam/factory/edgetts/mandarin/edgetts_mandarin_zh-CN-XiaoxiaoNeural_SC-000035.wav,spoof,RT-EDGETTS-MANDARIN,clean,redteam_factory/Edge-TTS,微软服务条款，仅研究评测用途,edgetts,mandarin,SC-000035,zh-CN-XiaoxiaoNeural,
data/redteam/factory/edgetts/mandarin/edgetts_mandarin_zh-CN-XiaoxiaoNeural_SC-000036.wav,spoof,RT-EDGETTS-MANDARIN,clean,redteam_factory/Edge-TTS,微软服务条款，仅研究评测用途,edgetts,mandarin,SC-000036,zh-CN-XiaoxiaoNeural,
data/redteam/factory/edgetts/mandarin/edgetts_mandarin_zh-CN-XiaoxiaoNeural_SC-000037.wav,spoof,RT-EDGETTS-MANDARIN,clean,redteam_factory/Edge-TTS,微软服务条款，仅研究评测用途,edgetts,mandarin,SC-000037,zh-CN-XiaoxiaoNeural,
data/redteam/factory/edgetts/mandarin/edgetts_mandarin_zh-CN-XiaoxiaoNeural_SC-000041.wav,spoof,RT-EDGETTS-MANDARIN,clean,redteam_factory/Edge-TTS,微软服务条款，仅研究评测用途,edgetts,mandarin,SC-000041,zh-CN-XiaoxiaoNeural,
data/redteam/factory/edgetts/mandarin/edgetts_mandarin_zh-CN-XiaoxiaoNeural_SC-000044.wav,spoof,RT-EDGETTS-MANDARIN,clean,redteam_factory/Edge-TTS,微软服务条款，仅研究评测用途,edgetts,mandarin,SC-000044,zh-CN-XiaoxiaoNeural,
data/redteam/factory/edgetts/mandarin/edgetts_mandarin_zh-CN-XiaoxiaoNeural_SC-000045.wav,spoof,RT-EDGETTS-MANDARIN,clean,redteam_factory/Edge-TTS,微软服务条款，仅研究评测用途,edgetts,mandarin,SC-000045,zh-CN-XiaoxiaoNeural,
data/redteam/factory/edgetts/mandarin/edgetts_mandarin_zh-CN-XiaoxiaoNeural_SC-000046.wav,spoof,RT-EDGETTS-MANDARIN,clean,redteam_factory/Edge-TTS,微软服务条款，仅研究评测用途,edgetts,mandarin,SC-000046,zh-CN-XiaoxiaoNeural,
data/redteam/factory/edgetts/mandarin/edgetts_mandarin_zh-CN-XiaoxiaoNeural_SC-000047.wav,spoof,RT-EDGETTS-MANDARIN,clean,redteam_factory/Edge-TTS,微软服务条款，仅研究评测用途,edgetts,mandarin,SC-000047,zh-CN-XiaoxiaoNeural,
data/redteam/factory/edgetts/mandarin/edgetts_mandarin_zh-CN-XiaoxiaoNeural_SC-000050.wav,spoof,RT-EDGETTS-MANDARIN,clean,redteam_factory/Edge-TTS,微软服务条款，仅研究评测用途,edgetts,mandarin,SC-000050,zh-CN-XiaoxiaoNeural,
data/redteam/factory/edgetts/mandarin/edgetts_mandarin_zh-CN-XiaoxiaoNeural_SC-000053.wav,spoof,RT-EDGETTS-MANDARIN,clean,redteam_factory/Edge-TTS,微软服务条款，仅研究评测用途,edgetts,mandarin,SC-000053,zh-CN-XiaoxiaoNeural,
data/redteam/factory/edgetts/mandarin/edgetts_mandarin_zh-CN-XiaoxiaoNeural_SC-000057.wav,spoof,RT-EDGETTS-MANDARIN,clean,redteam_factory/Edge-TTS,微软服务条款，仅研究评测用途,edgetts,mandarin,SC-000057,zh-CN-XiaoxiaoNeural,
data/redteam/factory/edgetts/mandarin/edgetts_mandarin_zh-CN-XiaoxiaoNeural_SC-000058.wav,spoof,RT-EDGETTS-MANDARIN,clean,redteam_factory/Edge-TTS,微软服务条款，仅研究评测用途,edgetts,mandarin,SC-000058,zh-CN-XiaoxiaoNeural,
data/redteam/factory/edgetts/mandarin/edgetts_mandarin_zh-CN-XiaoxiaoNeural_SC-000060.wav,spoof,RT-EDGETTS-MANDARIN,clean,redteam_factory/Edge-TTS,微软服务条款，仅研究评测用途,edgetts,mandarin,SC-000060,zh-CN-XiaoxiaoNeural,
data/redteam/factory/edgetts/mandarin/edgetts_mandarin_zh-CN-XiaoxiaoNeural_SC-000065.wav,spoof,RT-EDGETTS-MANDARIN,clean,redteam_factory/Edge-TTS,微软服务条款，仅研究评测用途,edgetts,mandarin,SC-000065,zh-CN-XiaoxiaoNeural,
data/redteam/factory/edgetts/mandarin/edgetts_mandarin_zh-CN-XiaoxiaoNeural_SC-000069.wav,spoof,RT-EDGETTS-MANDARIN,clean,redteam_factory/Edge-TTS,微软服务条款，仅研究评测用途,edgetts,mandarin,SC-000069,zh-CN-XiaoxiaoNeural,
data/redteam/factory/edgetts/mandarin/edgetts_mandarin_zh-CN-XiaoxiaoNeural_SC-000070.wav,spoof,RT-EDGETTS-MANDARIN,clean,redteam_factory/Edge-TTS,微软服务条款，仅研究评测用途,edgetts,mandarin,SC-000070,zh-CN-XiaoxiaoNeural,
data/redteam/factory/edgetts/mandarin/edgetts_mandarin_zh-CN-XiaoxiaoNeural_SC-000072.wav,spoof,RT-EDGETTS-MANDARIN,clean,redteam_factory/Edge-TTS,微软服务条款，仅研究评测用途,edgetts,mandarin,SC-000072,zh-CN-XiaoxiaoNeural,
data/redteam/factory/edgetts/mandarin/edgetts_mandarin_zh-CN-XiaoxiaoNeural_SC-000074.wav,spoof,RT-EDGETTS-MANDARIN,clean,redteam_factory/Edge-TTS,微软服务条款，仅研究评测用途,edgetts,mandarin,SC-000074,zh-CN-XiaoxiaoNeural,
data/redteam/factory/edgetts/mandarin/edgetts_mandarin_zh-CN-XiaoxiaoNeural_SC-000077.wav,spoof,RT-EDGETTS-MANDARIN,clean,redteam_factory/Edge-TTS,微软服务条款，仅研究评测用途,edgetts,mandarin,SC-000077,zh-CN-XiaoxiaoNeural,
data/redteam/factory/edgetts/mandarin/edgetts_mandarin_zh-CN-XiaoxiaoNeural_SC-000082.wav,spoof,RT-EDGETTS-MANDARIN,clean,redteam_factory/Edge-TTS,微软服务条款，仅研究评测用途,edgetts,mandarin,SC-000082,zh-CN-XiaoxiaoNeural,
data/redteam/factory/edgetts/mandarin/edgetts_mandarin_zh-CN-XiaoxiaoNeural_SC-000083.wav,spoof,RT-EDGETTS-MANDARIN,clean,redteam_factory/Edge-TTS,微软服务条款，仅研究评测用途,edgetts,mandarin,SC-000083,zh-CN-XiaoxiaoNeural,
data/redteam/factory/edgetts/mandarin/edgetts_mandarin_zh-CN-XiaoxiaoNeural_SC-000085.wav,spoof,RT-EDGETTS-MANDARIN,clean,redteam_factory/Edge-TTS,微软服务条款，仅研究评测用途,edgetts,mandarin,SC-000085,zh-CN-XiaoxiaoNeural,
data/redteam/factory/edgetts/mandarin/edgetts_mandarin_zh-CN-XiaoxiaoNeural_SC-000086.wav,spoof,RT-EDGETTS-MANDARIN,clean,redteam_factory/Edge-TTS,微软服务条款，仅研究评测用途,edgetts,mandarin,SC-000086,zh-CN-XiaoxiaoNeural,
data/redteam/factory/edgetts/mandarin/edgetts_mandarin_zh-CN-XiaoxiaoNeural_SC-000089.wav,spoof,RT-EDGETTS-MANDARIN,clean,redteam_factory/Edge-TTS,微软服务条款，仅研究评测用途,edgetts,mandarin,SC-000089,zh-CN-XiaoxiaoNeural,
data/redteam/factory/edgetts/mandarin/edgetts_mandarin_zh-CN-XiaoxiaoNeural_SC-000090.wav,spoof,RT-EDGETTS-MANDARIN,clean,redteam_factory/Edge-TTS,微软服务条款，仅研究评测用途,edgetts,mandarin,SC-000090,zh-CN-XiaoxiaoNeural,
data/redteam/factory/edgetts/mandarin/edgetts_mandarin_zh-CN-XiaoxiaoNeural_SC-000091.wav,spoof,RT-EDGETTS-MANDARIN,clean,redteam_factory/Edge-TTS,微软服务条款，仅研究评测用途,edgetts,mandarin,SC-000091,zh-CN-XiaoxiaoNeural,
data/redteam/factory/edgetts/mandarin/edgetts_mandarin_zh-CN-XiaoxiaoNeural_SC-000092.wav,spoof,RT-EDGETTS-MANDARIN,clean,redteam_factory/Edge-TTS,微软服务条款，仅研究评测用途,edgetts,mandarin,SC-000092,zh-CN-XiaoxiaoNeural,
data/redteam/factory/edgetts/mandarin/edgetts_mandarin_zh-CN-XiaoxiaoNeural_SC-000093.wav,spoof,RT-EDGETTS-MANDARIN,clean,redteam_factory/Edge-TTS,微软服务条款，仅研究评测用途,edgetts,mandarin,SC-000093,zh-CN-XiaoxiaoNeural,
data/redteam/factory/edgetts/mandarin/edgetts_mandarin_zh-CN-XiaoxiaoNeural_SC-000095.wav,spoof,RT-EDGETTS-MANDARIN,clean,redteam_factory/Edge-TTS,微软服务条款，仅研究评测用途,edgetts,mandarin,SC-000095,zh-CN-XiaoxiaoNeural,
data/redteam/factory/edgetts/mandarin/edgetts_mandarin_zh-CN-XiaoxiaoNeural_SC-000096.wav,spoof,RT-EDGETTS-MANDARIN,clean,redteam_factory/Edge-TTS,微软服务条款，仅研究评测用途,edgetts,mandarin,SC-000096,zh-CN-XiaoxiaoNeural,
data/redteam/factory/edgetts/mandarin/edgetts_mandarin_zh-CN-XiaoxiaoNeural_SC-000097.wav,spoof,RT-EDGETTS-MANDARIN,clean,redteam_factory/Edge-TTS,微软服务条款，仅研究评测用途,edgetts,mandarin,SC-000097,zh-CN-XiaoxiaoNeural,
data/redteam/factory/edgetts/mandarin/edgetts_mandarin_zh-CN-XiaoxiaoNeural_SC-000098.wav,spoof,RT-EDGETTS-MANDARIN,clean,redteam_factory/Edge-TTS,微软服务条款，仅研究评测用途,edgetts,mandarin,SC-000098,zh-CN-XiaoxiaoNeural,
data/redteam/factory/edgetts/mandarin/edgetts_mandarin_zh-CN-XiaoxiaoNeural_SC-000100.wav,spoof,RT-EDGETTS-MANDARIN,clean,redteam_factory/Edge-TTS,微软服务条款，仅研究评测用途,edgetts,mandarin,SC-000100,zh-CN-XiaoxiaoNeural,
data/redteam/factory/edgetts/mandarin/edgetts_mandarin_zh-CN-XiaoxiaoNeural_SC-000104.wav,spoof,RT-EDGETTS-MANDARIN,clean,redteam_factory/Edge-TTS,微软服务条款，仅研究评测用途,edgetts,mandarin,SC-000104,zh-CN-XiaoxiaoNeural,
data/redteam/factory/edgetts/mandarin/edgetts_mandarin_zh-CN-XiaoxiaoNeural_SC-000105.wav,spoof,RT-EDGETTS-MANDARIN,clean,redteam_factory/Edge-TTS,微软服务条款，仅研究评测用途,edgetts,mandarin,SC-000105,zh-CN-XiaoxiaoNeural,
data/redteam/factory/edgetts/mandarin/edgetts_mandarin_zh-CN-XiaoxiaoNeural_SC-000110.wav,spoof,RT-EDGETTS-MANDARIN,clean,redteam_factory/Edge-TTS,微软服务条款，仅研究评测用途,edgetts,mandarin,SC-000110,zh-CN-XiaoxiaoNeural,
data/redteam/factory/edgetts/mandarin/edgetts_mandarin_zh-CN-XiaoxiaoNeural_SC-000114.wav,spoof,RT-EDGETTS-MANDARIN,clean,redteam_factory/Edge-TTS,微软服务条款，仅研究评测用途,edgetts,mandarin,SC-000114,zh-CN-XiaoxiaoNeural,
data/redteam/factory/edgetts/mandarin/edgetts_mandarin_zh-CN-XiaoxiaoNeural_SC-000117.wav,spoof,RT-EDGETTS-MANDARIN,clean,redteam_factory/Edge-TTS,微软服务条款，仅研究评测用途,edgetts,mandarin,SC-000117,zh-CN-XiaoxiaoNeural,
data/redteam/factory/edgetts/mandarin/edgetts_mandarin_zh-CN-XiaoxiaoNeural_SC-000120.wav,spoof,RT-EDGETTS-MANDARIN,clean,redteam_factory/Edge-TTS,微软服务条款，仅研究评测用途,edgetts,mandarin,SC-000120,zh-CN-XiaoxiaoNeural,
data/redteam/factory/edgetts/mandarin/edgetts_mandarin_zh-CN-XiaoxiaoNeural_SC-000123.wav,spoof,RT-EDGETTS-MANDARIN,clean,redteam_factory/Edge-TTS,微软服务条款，仅研究评测用途,edgetts,mandarin,SC-000123,zh-CN-XiaoxiaoNeural,
data/redteam/factory/edgetts/mandarin/edgetts_mandarin_zh-CN-YunjianNeural_SC-000030.wav,spoof,RT-EDGETTS-MANDARIN,clean,redteam_factory/Edge-TTS,微软服务条款，仅研究评测用途,edgetts,mandarin,SC-000030,zh-CN-YunjianNeural,
data/redteam/factory/edgetts/mandarin/edgetts_mandarin_zh-CN-YunjianNeural_SC-000034.wav,spoof,RT-EDGETTS-MANDARIN,clean,redteam_factory/Edge-TTS,微软服务条款，仅研究评测用途,edgetts,mandarin,SC-000034,zh-CN-YunjianNeural,
data/redteam/factory/edgetts/mandarin/edgetts_mandarin_zh-CN-YunjianNeural_SC-000035.wav,spoof,RT-EDGETTS-MANDARIN,clean,redteam_factory/Edge-TTS,微软服务条款，仅研究评测用途,edgetts,mandarin,SC-000035,zh-CN-YunjianNeural,
data/redteam/factory/edgetts/mandarin/edgetts_mandarin_zh-CN-YunjianNeural_SC-000036.wav,spoof,RT-EDGETTS-MANDARIN,clean,redteam_factory/Edge-TTS,微软服务条款，仅研究评测用途,edgetts,mandarin,SC-000036,zh-CN-YunjianNeural,
data/redteam/factory/edgetts/mandarin/edgetts_mandarin_zh-CN-YunjianNeural_SC-000037.wav,spoof,RT-EDGETTS-MANDARIN,clean,redteam_factory/Edge-TTS,微软服务条款，仅研究评测用途,edgetts,mandarin,SC-000037,zh-CN-YunjianNeural,
data/redteam/factory/edgetts/mandarin/edgetts_mandarin_zh-CN-YunjianNeural_SC-000041.wav,spoof,RT-EDGETTS-MANDARIN,clean,redteam_factory/Edge-TTS,微软服务条款，仅研究评测用途,edgetts,mandarin,SC-000041,zh-CN-YunjianNeural,
data/redteam/factory/edgetts/mandarin/edgetts_mandarin_zh-CN-YunjianNeural_SC-000044.wav,spoof,RT-EDGETTS-MANDARIN,clean,redteam_factory/Edge-TTS,微软服务条款，仅研究评测用途,edgetts,mandarin,SC-000044,zh-CN-YunjianNeural,
data/redteam/factory/edgetts/mandarin/edgetts_mandarin_zh-CN-YunjianNeural_SC-000045.wav,spoof,RT-EDGETTS-MANDARIN,clean,redteam_factory/Edge-TTS,微软服务条款，仅研究评测用途,edgetts,mandarin,SC-000045,zh-CN-YunjianNeural,
data/redteam/factory/edgetts/mandarin/edgetts_mandarin_zh-CN-YunjianNeural_SC-000046.wav,spoof,RT-EDGETTS-MANDARIN,clean,redteam_factory/Edge-TTS,微软服务条款，仅研究评测用途,edgetts,mandarin,SC-000046,zh-CN-YunjianNeural,
data/redteam/factory/edgetts/mandarin/edgetts_mandarin_zh-CN-YunjianNeural_SC-000047.wav,spoof,RT-EDGETTS-MANDARIN,clean,redteam_factory/Edge-TTS,微软服务条款，仅研究评测用途,edgetts,mandarin,SC-000047,zh-CN-YunjianNeural,
data/redteam/factory/edgetts/mandarin/edgetts_mandarin_zh-CN-YunjianNeural_SC-000050.wav,spoof,RT-EDGETTS-MANDARIN,clean,redteam_factory/Edge-TTS,微软服务条款，仅研究评测用途,edgetts,mandarin,SC-000050,zh-CN-YunjianNeural,
data/redteam/factory/edgetts/mandarin/edgetts_mandarin_zh-CN-YunjianNeural_SC-000053.wav,spoof,RT-EDGETTS-MANDARIN,clean,redteam_factory/Edge-TTS,微软服务条款，仅研究评测用途,edgetts,mandarin,SC-000053,zh-CN-YunjianNeural,
data/redteam/factory/edgetts/mandarin/edgetts_mandarin_zh-CN-YunjianNeural_SC-000057.wav,spoof,RT-EDGETTS-MANDARIN,clean,redteam_factory/Edge-TTS,微软服务条款，仅研究评测用途,edgetts,mandarin,SC-000057,zh-CN-YunjianNeural,
data/redteam/factory/edgetts/mandarin/edgetts_mandarin_zh-CN-YunjianNeural_SC-000058.wav,spoof,RT-EDGETTS-MANDARIN,clean,redteam_factory/Edge-TTS,微软服务条款，仅研究评测用途,edgetts,mandarin,SC-000058,zh-CN-YunjianNeural,
data/redteam/factory/edgetts/mandarin/edgetts_mandarin_zh-CN-YunjianNeural_SC-000060.wav,spoof,RT-EDGETTS-MANDARIN,clean,redteam_factory/Edge-TTS,微软服务条款，仅研究评测用途,edgetts,mandarin,SC-000060,zh-CN-YunjianNeural,
data/redteam/factory/edgetts/mandarin/edgetts_mandarin_zh-CN-YunjianNeural_SC-000065.wav,spoof,RT-EDGETTS-MANDARIN,clean,redteam_factory/Edge-TTS,微软服务条款，仅研究评测用途,edgetts,mandarin,SC-000065,zh-CN-YunjianNeural,
data/redteam/factory/edgetts/mandarin/edgetts_mandarin_zh-CN-YunjianNeural_SC-000069.wav,spoof,RT-EDGETTS-MANDARIN,clean,redteam_factory/Edge-TTS,微软服务条款，仅研究评测用途,edgetts,mandarin,SC-000069,zh-CN-YunjianNeural,
data/redteam/factory/edgetts/mandarin/edgetts_mandarin_zh-CN-YunjianNeural_SC-000070.wav,spoof,RT-EDGETTS-MANDARIN,clean,redteam_factory/Edge-TTS,微软服务条款，仅研究评测用途,edgetts,mandarin,SC-000070,zh-CN-YunjianNeural,
data/redteam/factory/edgetts/mandarin/edgetts_mandarin_zh-CN-YunjianNeural_SC-000072.wav,spoof,RT-EDGETTS-MANDARIN,clean,redteam_factory/Edge-TTS,微软服务条款，仅研究评测用途,edgetts,mandarin,SC-000072,zh-CN-YunjianNeural,
data/redteam/factory/edgetts/mandarin/edgetts_mandarin_zh-CN-YunjianNeural_SC-000074.wav,spoof,RT-EDGETTS-MANDARIN,clean,redteam_factory/Edge-TTS,微软服务条款，仅研究评测用途,edgetts,mandarin,SC-000074,zh-CN-YunjianNeural,
data/redteam/factory/edgetts/mandarin/edgetts_mandarin_zh-CN-YunjianNeural_SC-000077.wav,spoof,RT-EDGETTS-MANDARIN,clean,redteam_factory/Edge-TTS,微软服务条款，仅研究评测用途,edgetts,mandarin,SC-000077,zh-CN-YunjianNeural,
data/redteam/factory/edgetts/mandarin/edgetts_mandarin_zh-CN-YunjianNeural_SC-000082.wav,spoof,RT-EDGETTS-MANDARIN,clean,redteam_factory/Edge-TTS,微软服务条款，仅研究评测用途,edgetts,mandarin,SC-000082,zh-CN-YunjianNeural,
data/redteam/factory/edgetts/mandarin/edgetts_mandarin_zh-CN-YunjianNeural_SC-000083.wav,spoof,RT-EDGETTS-MANDARIN,clean,redteam_factory/Edge-TTS,微软服务条款，仅研究评测用途,edgetts,mandarin,SC-000083,zh-CN-YunjianNeural,
data/redteam/factory/edgetts/mandarin/edgetts_mandarin_zh-CN-YunjianNeural_SC-000085.wav,spoof,RT-EDGETTS-MANDARIN,clean,redteam_factory/Edge-TTS,微软服务条款，仅研究评测用途,edgetts,mandarin,SC-000085,zh-CN-YunjianNeural,
data/redteam/factory/edgetts/mandarin/edgetts_mandarin_zh-CN-YunjianNeural_SC-000086.wav,spoof,RT-EDGETTS-MANDARIN,clean,redteam_factory/Edge-TTS,微软服务条款，仅研究评测用途,edgetts,mandarin,SC-000086,zh-CN-YunjianNeural,
data/redteam/factory/edgetts/mandarin/edgetts_mandarin_zh-CN-YunjianNeural_SC-000089.wav,spoof,RT-EDGETTS-MANDARIN,clean,redteam_factory/Edge-TTS,微软服务条款，仅研究评测用途,edgetts,mandarin,SC-000089,zh-CN-YunjianNeural,
data/redteam/factory/edgetts/mandarin/edgetts_mandarin_zh-CN-YunjianNeural_SC-000090.wav,spoof,RT-EDGETTS-MANDARIN,clean,redteam_factory/Edge-TTS,微软服务条款，仅研究评测用途,edgetts,mandarin,SC-000090,zh-CN-YunjianNeural,
data/redteam/factory/edgetts/mandarin/edgetts_mandarin_zh-CN-YunjianNeural_SC-000091.wav,spoof,RT-EDGETTS-MANDARIN,clean,redteam_factory/Edge-TTS,微软服务条款，仅研究评测用途,edgetts,mandarin,SC-000091,zh-CN-YunjianNeural,
data/redteam/factory/edgetts/mandarin/edgetts_mandarin_zh-CN-YunjianNeural_SC-000092.wav,spoof,RT-EDGETTS-MANDARIN,clean,redteam_factory/Edge-TTS,微软服务条款，仅研究评测用途,edgetts,mandarin,SC-000092,zh-CN-YunjianNeural,
data/redteam/factory/edgetts/mandarin/edgetts_mandarin_zh-CN-YunjianNeural_SC-000093.wav,spoof,RT-EDGETTS-MANDARIN,clean,redteam_factory/Edge-TTS,微软服务条款，仅研究评测用途,edgetts,mandarin,SC-000093,zh-CN-YunjianNeural,
data/redteam/factory/edgetts/mandarin/edgetts_mandarin_zh-CN-YunjianNeural_SC-000095.wav,spoof,RT-EDGETTS-MANDARIN,clean,redteam_factory/Edge-TTS,微软服务条款，仅研究评测用途,edgetts,mandarin,SC-000095,zh-CN-YunjianNeural,
data/redteam/factory/edgetts/mandarin/edgetts_mandarin_zh-CN-YunjianNeural_SC-000096.wav,spoof,RT-EDGETTS-MANDARIN,clean,redteam_factory/Edge-TTS,微软服务条款，仅研究评测用途,edgetts,mandarin,SC-000096,zh-CN-YunjianNeural,
data/redteam/factory/edgetts/mandarin/edgetts_mandarin_zh-CN-YunjianNeural_SC-000097.wav,spoof,RT-EDGETTS-MANDARIN,clean,redteam_factory/Edge-TTS,微软服务条款，仅研究评测用途,edgetts,mandarin,SC-000097,zh-CN-YunjianNeural,
data/redteam/factory/edgetts/mandarin/edgetts_mandarin_zh-CN-YunjianNeural_SC-000098.wav,spoof,RT-EDGETTS-MANDARIN,clean,redteam_factory/Edge-TTS,微软服务条款，仅研究评测用途,edgetts,mandarin,SC-000098,zh-CN-YunjianNeural,
data/redteam/factory/edgetts/mandarin/edgetts_mandarin_zh-CN-YunjianNeural_SC-000100.wav,spoof,RT-EDGETTS-MANDARIN,clean,redteam_factory/Edge-TTS,微软服务条款，仅研究评测用途,edgetts,mandarin,SC-000100,zh-CN-YunjianNeural,
data/redteam/factory/edgetts/mandarin/edgetts_mandarin_zh-CN-YunjianNeural_SC-000104.wav,spoof,RT-EDGETTS-MANDARIN,clean,redteam_factory/Edge-TTS,微软服务条款，仅研究评测用途,edgetts,mandarin,SC-000104,zh-CN-YunjianNeural,
data/redteam/factory/edgetts/mandarin/edgetts_mandarin_zh-CN-YunjianNeural_SC-000105.wav,spoof,RT-EDGETTS-MANDARIN,clean,redteam_factory/Edge-TTS,微软服务条款，仅研究评测用途,edgetts,mandarin,SC-000105,zh-CN-YunjianNeural,
data/redteam/factory/edgetts/mandarin/edgetts_mandarin_zh-CN-YunjianNeural_SC-000110.wav,spoof,RT-EDGETTS-MANDARIN,clean,redteam_factory/Edge-TTS,微软服务条款，仅研究评测用途,edgetts,mandarin,SC-000110,zh-CN-YunjianNeural,
data/redteam/factory/edgetts/mandarin/edgetts_mandarin_zh-CN-YunjianNeural_SC-000114.wav,spoof,RT-EDGETTS-MANDARIN,clean,redteam_factory/Edge-TTS,微软服务条款，仅研究评测用途,edgetts,mandarin,SC-000114,zh-CN-YunjianNeural,
data/redteam/factory/edgetts/mandarin/edgetts_mandarin_zh-CN-YunjianNeural_SC-000117.wav,spoof,RT-EDGETTS-MANDARIN,clean,redteam_factory/Edge-TTS,微软服务条款，仅研究评测用途,edgetts,mandarin,SC-000117,zh-CN-YunjianNeural,
data/redteam/factory/edgetts/mandarin/edgetts_mandarin_zh-CN-YunjianNeural_SC-000120.wav,spoof,RT-EDGETTS-MANDARIN,clean,redteam_factory/Edge-TTS,微软服务条款，仅研究评测用途,edgetts,mandarin,SC-000120,zh-CN-YunjianNeural,
data/redteam/factory/edgetts/mandarin/edgetts_mandarin_zh-CN-YunjianNeural_SC-000123.wav,spoof,RT-EDGETTS-MANDARIN,clean,redteam_factory/Edge-TTS,微软服务条款，仅研究评测用途,edgetts,mandarin,SC-000123,zh-CN-YunjianNeural,
data/redteam/factory/edgetts/mandarin/edgetts_mandarin_zh-CN-YunyangNeural_SC-000030.wav,spoof,RT-EDGETTS-MANDARIN,clean,redteam_factory/Edge-TTS,微软服务条款，仅研究评测用途,edgetts,mandarin,SC-000030,zh-CN-YunyangNeural,
data/redteam/factory/edgetts/mandarin/edgetts_mandarin_zh-CN-YunyangNeural_SC-000034.wav,spoof,RT-EDGETTS-MANDARIN,clean,redteam_factory/Edge-TTS,微软服务条款，仅研究评测用途,edgetts,mandarin,SC-000034,zh-CN-YunyangNeural,
data/redteam/factory/edgetts/mandarin/edgetts_mandarin_zh-CN-YunyangNeural_SC-000035.wav,spoof,RT-EDGETTS-MANDARIN,clean,redteam_factory/Edge-TTS,微软服务条款，仅研究评测用途,edgetts,mandarin,SC-000035,zh-CN-YunyangNeural,
data/redteam/factory/edgetts/mandarin/edgetts_mandarin_zh-CN-YunyangNeural_SC-000036.wav,spoof,RT-EDGETTS-MANDARIN,clean,redteam_factory/Edge-TTS,微软服务条款，仅研究评测用途,edgetts,mandarin,SC-000036,zh-CN-YunyangNeural,
data/redteam/factory/edgetts/mandarin/edgetts_mandarin_zh-CN-YunyangNeural_SC-000037.wav,spoof,RT-EDGETTS-MANDARIN,clean,redteam_factory/Edge-TTS,微软服务条款，仅研究评测用途,edgetts,mandarin,SC-000037,zh-CN-YunyangNeural,
data/redteam/factory/edgetts/mandarin/edgetts_mandarin_zh-CN-YunyangNeural_SC-000041.wav,spoof,RT-EDGETTS-MANDARIN,clean,redteam_factory/Edge-TTS,微软服务条款，仅研究评测用途,edgetts,mandarin,SC-000041,zh-CN-YunyangNeural,
data/redteam/factory/edgetts/mandarin/edgetts_mandarin_zh-CN-YunyangNeural_SC-000044.wav,spoof,RT-EDGETTS-MANDARIN,clean,redteam_factory/Edge-TTS,微软服务条款，仅研究评测用途,edgetts,mandarin,SC-000044,zh-CN-YunyangNeural,
data/redteam/factory/edgetts/mandarin/edgetts_mandarin_zh-CN-YunyangNeural_SC-000045.wav,spoof,RT-EDGETTS-MANDARIN,clean,redteam_factory/Edge-TTS,微软服务条款，仅研究评测用途,edgetts,mandarin,SC-000045,zh-CN-YunyangNeural,
data/redteam/factory/edgetts/mandarin/edgetts_mandarin_zh-CN-YunyangNeural_SC-000046.wav,spoof,RT-EDGETTS-MANDARIN,clean,redteam_factory/Edge-TTS,微软服务条款，仅研究评测用途,edgetts,mandarin,SC-000046,zh-CN-YunyangNeural,
data/redteam/factory/edgetts/mandarin/edgetts_mandarin_zh-CN-YunyangNeural_SC-000047.wav,spoof,RT-EDGETTS-MANDARIN,clean,redteam_factory/Edge-TTS,微软服务条款，仅研究评测用途,edgetts,mandarin,SC-000047,zh-CN-YunyangNeural,
data/redteam/factory/edgetts/mandarin/edgetts_mandarin_zh-CN-YunyangNeural_SC-000050.wav,spoof,RT-EDGETTS-MANDARIN,clean,redteam_factory/Edge-TTS,微软服务条款，仅研究评测用途,edgetts,mandarin,SC-000050,zh-CN-YunyangNeural,
data/redteam/factory/edgetts/mandarin/edgetts_mandarin_zh-CN-YunyangNeural_SC-000053.wav,spoof,RT-EDGETTS-MANDARIN,clean,redteam_factory/Edge-TTS,微软服务条款，仅研究评测用途,edgetts,mandarin,SC-000053,zh-CN-YunyangNeural,
data/redteam/factory/edgetts/mandarin/edgetts_mandarin_zh-CN-YunyangNeural_SC-000057.wav,spoof,RT-EDGETTS-MANDARIN,clean,redteam_factory/Edge-TTS,微软服务条款，仅研究评测用途,edgetts,mandarin,SC-000057,zh-CN-YunyangNeural,
data/redteam/factory/edgetts/mandarin/edgetts_mandarin_zh-CN-YunyangNeural_SC-000058.wav,spoof,RT-EDGETTS-MANDARIN,clean,redteam_factory/Edge-TTS,微软服务条款，仅研究评测用途,edgetts,mandarin,SC-000058,zh-CN-YunyangNeural,
data/redteam/factory/edgetts/mandarin/edgetts_mandarin_zh-CN-YunyangNeural_SC-000060.wav,spoof,RT-EDGETTS-MANDARIN,clean,redteam_factory/Edge-TTS,微软服务条款，仅研究评测用途,edgetts,mandarin,SC-000060,zh-CN-YunyangNeural,
data/redteam/factory/edgetts/mandarin/edgetts_mandarin_zh-CN-YunyangNeural_SC-000065.wav,spoof,RT-EDGETTS-MANDARIN,clean,redteam_factory/Edge-TTS,微软服务条款，仅研究评测用途,edgetts,mandarin,SC-000065,zh-CN-YunyangNeural,
data/redteam/factory/edgetts/mandarin/edgetts_mandarin_zh-CN-YunyangNeural_SC-000069.wav,spoof,RT-EDGETTS-MANDARIN,clean,redteam_factory/Edge-TTS,微软服务条款，仅研究评测用途,edgetts,mandarin,SC-000069,zh-CN-YunyangNeural,
data/redteam/factory/edgetts/mandarin/edgetts_mandarin_zh-CN-YunyangNeural_SC-000070.wav,spoof,RT-EDGETTS-MANDARIN,clean,redteam_factory/Edge-TTS,微软服务条款，仅研究评测用途,edgetts,mandarin,SC-000070,zh-CN-YunyangNeural,
data/redteam/factory/edgetts/mandarin/edgetts_mandarin_zh-CN-YunyangNeural_SC-000072.wav,spoof,RT-EDGETTS-MANDARIN,clean,redteam_factory/Edge-TTS,微软服务条款，仅研究评测用途,edgetts,mandarin,SC-000072,zh-CN-YunyangNeural,
data/redteam/factory/edgetts/mandarin/edgetts_mandarin_zh-CN-YunyangNeural_SC-000074.wav,spoof,RT-EDGETTS-MANDARIN,clean,redteam_factory/Edge-TTS,微软服务条款，仅研究评测用途,edgetts,mandarin,SC-000074,zh-CN-YunyangNeural,
data/redteam/factory/edgetts/mandarin/edgetts_mandarin_zh-CN-YunyangNeural_SC-000077.wav,spoof,RT-EDGETTS-MANDARIN,clean,redteam_factory/Edge-TTS,微软服务条款，仅研究评测用途,edgetts,mandarin,SC-000077,zh-CN-YunyangNeural,
data/redteam/factory/edgetts/mandarin/edgetts_mandarin_zh-CN-YunyangNeural_SC-000082.wav,spoof,RT-EDGETTS-MANDARIN,clean,redteam_factory/Edge-TTS,微软服务条款，仅研究评测用途,edgetts,mandarin,SC-000082,zh-CN-YunyangNeural,
data/redteam/factory/edgetts/mandarin/edgetts_mandarin_zh-CN-YunyangNeural_SC-000083.wav,spoof,RT-EDGETTS-MANDARIN,clean,redteam_factory/Edge-TTS,微软服务条款，仅研究评测用途,edgetts,mandarin,SC-000083,zh-CN-YunyangNeural,
data/redteam/factory/edgetts/mandarin/edgetts_mandarin_zh-CN-YunyangNeural_SC-000085.wav,spoof,RT-EDGETTS-MANDARIN,clean,redteam_factory/Edge-TTS,微软服务条款，仅研究评测用途,edgetts,mandarin,SC-000085,zh-CN-YunyangNeural,
data/redteam/factory/edgetts/mandarin/edgetts_mandarin_zh-CN-YunyangNeural_SC-000086.wav,spoof,RT-EDGETTS-MANDARIN,clean,redteam_factory/Edge-TTS,微软服务条款，仅研究评测用途,edgetts,mandarin,SC-000086,zh-CN-YunyangNeural,
data/redteam/factory/edgetts/mandarin/edgetts_mandarin_zh-CN-YunyangNeural_SC-000089.wav,spoof,RT-EDGETTS-MANDARIN,clean,redteam_factory/Edge-TTS,微软服务条款，仅研究评测用途,edgetts,mandarin,SC-000089,zh-CN-YunyangNeural,
data/redteam/factory/edgetts/mandarin/edgetts_mandarin_zh-CN-YunyangNeural_SC-000090.wav,spoof,RT-EDGETTS-MANDARIN,clean,redteam_factory/Edge-TTS,微软服务条款，仅研究评测用途,edgetts,mandarin,SC-000090,zh-CN-YunyangNeural,
data/redteam/factory/edgetts/mandarin/edgetts_mandarin_zh-CN-YunyangNeural_SC-000091.wav,spoof,RT-EDGETTS-MANDARIN,clean,redteam_factory/Edge-TTS,微软服务条款，仅研究评测用途,edgetts,mandarin,SC-000091,zh-CN-YunyangNeural,
data/redteam/factory/edgetts/mandarin/edgetts_mandarin_zh-CN-YunyangNeural_SC-000092.wav,spoof,RT-EDGETTS-MANDARIN,clean,redteam_factory/Edge-TTS,微软服务条款，仅研究评测用途,edgetts,mandarin,SC-000092,zh-CN-YunyangNeural,
data/redteam/factory/edgetts/mandarin/edgetts_mandarin_zh-CN-YunyangNeural_SC-000093.wav,spoof,RT-EDGETTS-MANDARIN,clean,redteam_factory/Edge-TTS,微软服务条款，仅研究评测用途,edgetts,mandarin,SC-000093,zh-CN-YunyangNeural,
data/redteam/factory/edgetts/mandarin/edgetts_mandarin_zh-CN-YunyangNeural_SC-000095.wav,spoof,RT-EDGETTS-MANDARIN,clean,redteam_factory/Edge-TTS,微软服务条款，仅研究评测用途,edgetts,mandarin,SC-000095,zh-CN-YunyangNeural,
data/redteam/factory/edgetts/mandarin/edgetts_mandarin_zh-CN-YunyangNeural_SC-000096.wav,spoof,RT-EDGETTS-MANDARIN,clean,redteam_factory/Edge-TTS,微软服务条款，仅研究评测用途,edgetts,mandarin,SC-000096,zh-CN-YunyangNeural,
data/redteam/factory/edgetts/mandarin/edgetts_mandarin_zh-CN-YunyangNeural_SC-000097.wav,spoof,RT-EDGETTS-MANDARIN,clean,redteam_factory/Edge-TTS,微软服务条款，仅研究评测用途,edgetts,mandarin,SC-000097,zh-CN-YunyangNeural,
data/redteam/factory/edgetts/mandarin/edgetts_mandarin_zh-CN-YunyangNeural_SC-000098.wav,spoof,RT-EDGETTS-MANDARIN,clean,redteam_factory/Edge-TTS,微软服务条款，仅研究评测用途,edgetts,mandarin,SC-000098,zh-CN-YunyangNeural,
data/redteam/factory/edgetts/mandarin/edgetts_mandarin_zh-CN-YunyangNeural_SC-000100.wav,spoof,RT-EDGETTS-MANDARIN,clean,redteam_factory/Edge-TTS,微软服务条款，仅研究评测用途,edgetts,mandarin,SC-000100,zh-CN-YunyangNeural,
data/redteam/factory/edgetts/mandarin/edgetts_mandarin_zh-CN-YunyangNeural_SC-000104.wav,spoof,RT-EDGETTS-MANDARIN,clean,redteam_factory/Edge-TTS,微软服务条款，仅研究评测用途,edgetts,mandarin,SC-000104,zh-CN-YunyangNeural,
data/redteam/factory/edgetts/mandarin/edgetts_mandarin_zh-CN-YunyangNeural_SC-000105.wav,spoof,RT-EDGETTS-MANDARIN,clean,redteam_factory/Edge-TTS,微软服务条款，仅研究评测用途,edgetts,mandarin,SC-000105,zh-CN-YunyangNeural,
data/redteam/factory/edgetts/mandarin/edgetts_mandarin_zh-CN-YunyangNeural_SC-000110.wav,spoof,RT-EDGETTS-MANDARIN,clean,redteam_factory/Edge-TTS,微软服务条款，仅研究评测用途,edgetts,mandarin,SC-000110,zh-CN-YunyangNeural,
data/redteam/factory/edgetts/mandarin/edgetts_mandarin_zh-CN-YunyangNeural_SC-000114.wav,spoof,RT-EDGETTS-MANDARIN,clean,redteam_factory/Edge-TTS,微软服务条款，仅研究评测用途,edgetts,mandarin,SC-000114,zh-CN-YunyangNeural,
data/redteam/factory/edgetts/mandarin/edgetts_mandarin_zh-CN-YunyangNeural_SC-000117.wav,spoof,RT-EDGETTS-MANDARIN,clean,redteam_factory/Edge-TTS,微软服务条款，仅研究评测用途,edgetts,mandarin,SC-000117,zh-CN-YunyangNeural,
data/redteam/factory/edgetts/mandarin/edgetts_mandarin_zh-CN-YunyangNeural_SC-000120.wav,spoof,RT-EDGETTS-MANDARIN,clean,redteam_factory/Edge-TTS,微软服务条款，仅研究评测用途,edgetts,mandarin,SC-000120,zh-CN-YunyangNeural,
data/redteam/factory/edgetts/mandarin/edgetts_mandarin_zh-CN-YunyangNeural_SC-000123.wav,spoof,RT-EDGETTS-MANDARIN,clean,redteam_factory/Edge-TTS,微软服务条款，仅研究评测用途,edgetts,mandarin,SC-000123,zh-CN-YunyangNeural,
data/redteam/factory/edgetts/minnan/edgetts_minnan_zh-TW-HsiaoChenNeural_SC-000054.wav,spoof,RT-EDGETTS-MINNAN,clean,redteam_factory/Edge-TTS,微软服务条款，仅研究评测用途,edgetts,minnan,SC-000054,zh-TW-HsiaoChenNeural,
data/redteam/factory/edgetts/minnan/edgetts_minnan_zh-TW-HsiaoChenNeural_SC-000055.wav,spoof,RT-EDGETTS-MINNAN,clean,redteam_factory/Edge-TTS,微软服务条款，仅研究评测用途,edgetts,minnan,SC-000055,zh-TW-HsiaoChenNeural,
data/redteam/factory/edgetts/minnan/edgetts_minnan_zh-TW-HsiaoChenNeural_SC-000056.wav,spoof,RT-EDGETTS-MINNAN,clean,redteam_factory/Edge-TTS,微软服务条款，仅研究评测用途,edgetts,minnan,SC-000056,zh-TW-HsiaoChenNeural,
data/redteam/factory/edgetts/minnan/edgetts_minnan_zh-TW-HsiaoChenNeural_SC-000059.wav,spoof,RT-EDGETTS-MINNAN,clean,redteam_factory/Edge-TTS,微软服务条款，仅研究评测用途,edgetts,minnan,SC-000059,zh-TW-HsiaoChenNeural,
data/redteam/factory/edgetts/minnan/edgetts_minnan_zh-TW-HsiaoChenNeural_SC-000063.wav,spoof,RT-EDGETTS-MINNAN,clean,redteam_factory/Edge-TTS,微软服务条款，仅研究评测用途,edgetts,minnan,SC-000063,zh-TW-HsiaoChenNeural,
data/redteam/factory/edgetts/minnan/edgetts_minnan_zh-TW-HsiaoChenNeural_SC-000071.wav,spoof,RT-EDGETTS-MINNAN,clean,redteam_factory/Edge-TTS,微软服务条款，仅研究评测用途,edgetts,minnan,SC-000071,zh-TW-HsiaoChenNeural,
data/redteam/factory/edgetts/minnan/edgetts_minnan_zh-TW-HsiaoChenNeural_SC-000080.wav,spoof,RT-EDGETTS-MINNAN,clean,redteam_factory/Edge-TTS,微软服务条款，仅研究评测用途,edgetts,minnan,SC-000080,zh-TW-HsiaoChenNeural,
data/redteam/factory/edgetts/minnan/edgetts_minnan_zh-TW-HsiaoChenNeural_SC-000130.wav,spoof,RT-EDGETTS-MINNAN,clean,redteam_factory/Edge-TTS,微软服务条款，仅研究评测用途,edgetts,minnan,SC-000130,zh-TW-HsiaoChenNeural,
data/redteam/factory/edgetts/minnan/edgetts_minnan_zh-TW-HsiaoChenNeural_SC-000143.wav,spoof,RT-EDGETTS-MINNAN,clean,redteam_factory/Edge-TTS,微软服务条款，仅研究评测用途,edgetts,minnan,SC-000143,zh-TW-HsiaoChenNeural,
data/redteam/factory/edgetts/minnan/edgetts_minnan_zh-TW-HsiaoChenNeural_SC-000146.wav,spoof,RT-EDGETTS-MINNAN,clean,redteam_factory/Edge-TTS,微软服务条款，仅研究评测用途,edgetts,minnan,SC-000146,zh-TW-HsiaoChenNeural,
data/redteam/factory/edgetts/minnan/edgetts_minnan_zh-TW-HsiaoChenNeural_SC-000156.wav,spoof,RT-EDGETTS-MINNAN,clean,redteam_factory/Edge-TTS,微软服务条款，仅研究评测用途,edgetts,minnan,SC-000156,zh-TW-HsiaoChenNeural,
data/redteam/factory/edgetts/minnan/edgetts_minnan_zh-TW-HsiaoChenNeural_SC-000192.wav,spoof,RT-EDGETTS-MINNAN,clean,redteam_factory/Edge-TTS,微软服务条款，仅研究评测用途,edgetts,minnan,SC-000192,zh-TW-HsiaoChenNeural,
data/redteam/factory/edgetts/minnan/edgetts_minnan_zh-TW-HsiaoChenNeural_SC-000196.wav,spoof,RT-EDGETTS-MINNAN,clean,redteam_factory/Edge-TTS,微软服务条款，仅研究评测用途,edgetts,minnan,SC-000196,zh-TW-HsiaoChenNeural,
data/redteam/factory/edgetts/minnan/edgetts_minnan_zh-TW-HsiaoChenNeural_SC-000207.wav,spoof,RT-EDGETTS-MINNAN,clean,redteam_factory/Edge-TTS,微软服务条款，仅研究评测用途,edgetts,minnan,SC-000207,zh-TW-HsiaoChenNeural,
data/redteam/factory/edgetts/minnan/edgetts_minnan_zh-TW-HsiaoChenNeural_SC-000218.wav,spoof,RT-EDGETTS-MINNAN,clean,redteam_factory/Edge-TTS,微软服务条款，仅研究评测用途,edgetts,minnan,SC-000218,zh-TW-HsiaoChenNeural,
data/redteam/factory/edgetts/minnan/edgetts_minnan_zh-TW-HsiaoChenNeural_SC-000229.wav,spoof,RT-EDGETTS-MINNAN,clean,redteam_factory/Edge-TTS,微软服务条款，仅研究评测用途,edgetts,minnan,SC-000229,zh-TW-HsiaoChenNeural,
data/redteam/factory/edgetts/minnan/edgetts_minnan_zh-TW-HsiaoChenNeural_SC-000237.wav,spoof,RT-EDGETTS-MINNAN,clean,redteam_factory/Edge-TTS,微软服务条款，仅研究评测用途,edgetts,minnan,SC-000237,zh-TW-HsiaoChenNeural,
data/redteam/factory/edgetts/minnan/edgetts_minnan_zh-TW-HsiaoChenNeural_SC-000257.wav,spoof,RT-EDGETTS-MINNAN,clean,redteam_factory/Edge-TTS,微软服务条款，仅研究评测用途,edgetts,minnan,SC-000257,zh-TW-HsiaoChenNeural,
data/redteam/factory/edgetts/minnan/edgetts_minnan_zh-TW-HsiaoChenNeural_SC-000282.wav,spoof,RT-EDGETTS-MINNAN,clean,redteam_factory/Edge-TTS,微软服务条款，仅研究评测用途,edgetts,minnan,SC-000282,zh-TW-HsiaoChenNeural,
data/redteam/factory/edgetts/minnan/edgetts_minnan_zh-TW-HsiaoChenNeural_SC-000316.wav,spoof,RT-EDGETTS-MINNAN,clean,redteam_factory/Edge-TTS,微软服务条款，仅研究评测用途,edgetts,minnan,SC-000316,zh-TW-HsiaoChenNeural,
data/redteam/factory/edgetts/minnan/edgetts_minnan_zh-TW-HsiaoChenNeural_SC-000323.wav,spoof,RT-EDGETTS-MINNAN,clean,redteam_factory/Edge-TTS,微软服务条款，仅研究评测用途,edgetts,minnan,SC-000323,zh-TW-HsiaoChenNeural,
data/redteam/factory/edgetts/minnan/edgetts_minnan_zh-TW-HsiaoChenNeural_SC-000339.wav,spoof,RT-EDGETTS-MINNAN,clean,redteam_factory/Edge-TTS,微软服务条款，仅研究评测用途,edgetts,minnan,SC-000339,zh-TW-HsiaoChenNeural,
data/redteam/factory/edgetts/minnan/edgetts_minnan_zh-TW-HsiaoChenNeural_SC-000350.wav,spoof,RT-EDGETTS-MINNAN,clean,redteam_factory/Edge-TTS,微软服务条款，仅研究评测用途,edgetts,minnan,SC-000350,zh-TW-HsiaoChenNeural,
data/redteam/factory/edgetts/minnan/edgetts_minnan_zh-TW-HsiaoChenNeural_SC-000363.wav,spoof,RT-EDGETTS-MINNAN,clean,redteam_factory/Edge-TTS,微软服务条款，仅研究评测用途,edgetts,minnan,SC-000363,zh-TW-HsiaoChenNeural,
data/redteam/factory/edgetts/minnan/edgetts_minnan_zh-TW-HsiaoChenNeural_SC-000367.wav,spoof,RT-EDGETTS-MINNAN,clean,redteam_factory/Edge-TTS,微软服务条款，仅研究评测用途,edgetts,minnan,SC-000367,zh-TW-HsiaoChenNeural,
data/redteam/factory/edgetts/minnan/edgetts_minnan_zh-TW-HsiaoChenNeural_SC-000369.wav,spoof,RT-EDGETTS-MINNAN,clean,redteam_factory/Edge-TTS,微软服务条款，仅研究评测用途,edgetts,minnan,SC-000369,zh-TW-HsiaoChenNeural,
data/redteam/factory/edgetts/minnan/edgetts_minnan_zh-TW-HsiaoChenNeural_SC-000387.wav,spoof,RT-EDGETTS-MINNAN,clean,redteam_factory/Edge-TTS,微软服务条款，仅研究评测用途,edgetts,minnan,SC-000387,zh-TW-HsiaoChenNeural,
data/redteam/factory/edgetts/minnan/edgetts_minnan_zh-TW-HsiaoChenNeural_SC-000391.wav,spoof,RT-EDGETTS-MINNAN,clean,redteam_factory/Edge-TTS,微软服务条款，仅研究评测用途,edgetts,minnan,SC-000391,zh-TW-HsiaoChenNeural,
data/redteam/factory/edgetts/minnan/edgetts_minnan_zh-TW-HsiaoChenNeural_SC-000392.wav,spoof,RT-EDGETTS-MINNAN,clean,redteam_factory/Edge-TTS,微软服务条款，仅研究评测用途,edgetts,minnan,SC-000392,zh-TW-HsiaoChenNeural,
data/redteam/factory/edgetts/minnan/edgetts_minnan_zh-TW-HsiaoChenNeural_SC-000394.wav,spoof,RT-EDGETTS-MINNAN,clean,redteam_factory/Edge-TTS,微软服务条款，仅研究评测用途,edgetts,minnan,SC-000394,zh-TW-HsiaoChenNeural,
data/redteam/factory/edgetts/minnan/edgetts_minnan_zh-TW-HsiaoChenNeural_SC-000406.wav,spoof,RT-EDGETTS-MINNAN,clean,redteam_factory/Edge-TTS,微软服务条款，仅研究评测用途,edgetts,minnan,SC-000406,zh-TW-HsiaoChenNeural,
data/redteam/factory/edgetts/minnan/edgetts_minnan_zh-TW-HsiaoChenNeural_SC-000412.wav,spoof,RT-EDGETTS-MINNAN,clean,redteam_factory/Edge-TTS,微软服务条款，仅研究评测用途,edgetts,minnan,SC-000412,zh-TW-HsiaoChenNeural,
data/redteam/factory/edgetts/minnan/edgetts_minnan_zh-TW-HsiaoChenNeural_SC-000421.wav,spoof,RT-EDGETTS-MINNAN,clean,redteam_factory/Edge-TTS,微软服务条款，仅研究评测用途,edgetts,minnan,SC-000421,zh-TW-HsiaoChenNeural,
data/redteam/factory/edgetts/minnan/edgetts_minnan_zh-TW-HsiaoChenNeural_SC-000422.wav,spoof,RT-EDGETTS-MINNAN,clean,redteam_factory/Edge-TTS,微软服务条款，仅研究评测用途,edgetts,minnan,SC-000422,zh-TW-HsiaoChenNeural,
data/redteam/factory/edgetts/minnan/edgetts_minnan_zh-TW-HsiaoChenNeural_SC-000423.wav,spoof,RT-EDGETTS-MINNAN,clean,redteam_factory/Edge-TTS,微软服务条款，仅研究评测用途,edgetts,minnan,SC-000423,zh-TW-HsiaoChenNeural,
data/redteam/factory/edgetts/minnan/edgetts_minnan_zh-TW-HsiaoChenNeural_SC-000426.wav,spoof,RT-EDGETTS-MINNAN,clean,redteam_factory/Edge-TTS,微软服务条款，仅研究评测用途,edgetts,minnan,SC-000426,zh-TW-HsiaoChenNeural,
data/redteam/factory/edgetts/minnan/edgetts_minnan_zh-TW-HsiaoChenNeural_SC-000445.wav,spoof,RT-EDGETTS-MINNAN,clean,redteam_factory/Edge-TTS,微软服务条款，仅研究评测用途,edgetts,minnan,SC-000445,zh-TW-HsiaoChenNeural,
data/redteam/factory/edgetts/minnan/edgetts_minnan_zh-TW-HsiaoChenNeural_SC-000465.wav,spoof,RT-EDGETTS-MINNAN,clean,redteam_factory/Edge-TTS,微软服务条款，仅研究评测用途,edgetts,minnan,SC-000465,zh-TW-HsiaoChenNeural,
data/redteam/factory/edgetts/minnan/edgetts_minnan_zh-TW-HsiaoChenNeural_SC-000466.wav,spoof,RT-EDGETTS-MINNAN,clean,redteam_factory/Edge-TTS,微软服务条款，仅研究评测用途,edgetts,minnan,SC-000466,zh-TW-HsiaoChenNeural,
data/redteam/factory/edgetts/minnan/edgetts_minnan_zh-TW-HsiaoChenNeural_SC-000478.wav,spoof,RT-EDGETTS-MINNAN,clean,redteam_factory/Edge-TTS,微软服务条款，仅研究评测用途,edgetts,minnan,SC-000478,zh-TW-HsiaoChenNeural,
data/redteam/factory/edgetts/minnan/edgetts_minnan_zh-TW-HsiaoChenNeural_SC-000498.wav,spoof,RT-EDGETTS-MINNAN,clean,redteam_factory/Edge-TTS,微软服务条款，仅研究评测用途,edgetts,minnan,SC-000498,zh-TW-HsiaoChenNeural,
data/redteam/factory/edgetts/minnan/edgetts_minnan_zh-TW-HsiaoChenNeural_SC-000504.wav,spoof,RT-EDGETTS-MINNAN,clean,redteam_factory/Edge-TTS,微软服务条款，仅研究评测用途,edgetts,minnan,SC-000504,zh-TW-HsiaoChenNeural,
data/redteam/factory/edgetts/minnan/edgetts_minnan_zh-TW-HsiaoChenNeural_SC-000516.wav,spoof,RT-EDGETTS-MINNAN,clean,redteam_factory/Edge-TTS,微软服务条款，仅研究评测用途,edgetts,minnan,SC-000516,zh-TW-HsiaoChenNeural,
data/redteam/factory/edgetts/minnan/edgetts_minnan_zh-TW-HsiaoChenNeural_SC-000522.wav,spoof,RT-EDGETTS-MINNAN,clean,redteam_factory/Edge-TTS,微软服务条款，仅研究评测用途,edgetts,minnan,SC-000522,zh-TW-HsiaoChenNeural,
data/redteam/factory/edgetts/minnan/edgetts_minnan_zh-TW-YunJheNeural_SC-000054.wav,spoof,RT-EDGETTS-MINNAN,clean,redteam_factory/Edge-TTS,微软服务条款，仅研究评测用途,edgetts,minnan,SC-000054,zh-TW-YunJheNeural,
data/redteam/factory/edgetts/minnan/edgetts_minnan_zh-TW-YunJheNeural_SC-000055.wav,spoof,RT-EDGETTS-MINNAN,clean,redteam_factory/Edge-TTS,微软服务条款，仅研究评测用途,edgetts,minnan,SC-000055,zh-TW-YunJheNeural,
data/redteam/factory/edgetts/minnan/edgetts_minnan_zh-TW-YunJheNeural_SC-000056.wav,spoof,RT-EDGETTS-MINNAN,clean,redteam_factory/Edge-TTS,微软服务条款，仅研究评测用途,edgetts,minnan,SC-000056,zh-TW-YunJheNeural,
data/redteam/factory/edgetts/minnan/edgetts_minnan_zh-TW-YunJheNeural_SC-000059.wav,spoof,RT-EDGETTS-MINNAN,clean,redteam_factory/Edge-TTS,微软服务条款，仅研究评测用途,edgetts,minnan,SC-000059,zh-TW-YunJheNeural,
data/redteam/factory/edgetts/minnan/edgetts_minnan_zh-TW-YunJheNeural_SC-000063.wav,spoof,RT-EDGETTS-MINNAN,clean,redteam_factory/Edge-TTS,微软服务条款，仅研究评测用途,edgetts,minnan,SC-000063,zh-TW-YunJheNeural,
data/redteam/factory/edgetts/minnan/edgetts_minnan_zh-TW-YunJheNeural_SC-000071.wav,spoof,RT-EDGETTS-MINNAN,clean,redteam_factory/Edge-TTS,微软服务条款，仅研究评测用途,edgetts,minnan,SC-000071,zh-TW-YunJheNeural,
data/redteam/factory/edgetts/minnan/edgetts_minnan_zh-TW-YunJheNeural_SC-000080.wav,spoof,RT-EDGETTS-MINNAN,clean,redteam_factory/Edge-TTS,微软服务条款，仅研究评测用途,edgetts,minnan,SC-000080,zh-TW-YunJheNeural,
data/redteam/factory/edgetts/minnan/edgetts_minnan_zh-TW-YunJheNeural_SC-000130.wav,spoof,RT-EDGETTS-MINNAN,clean,redteam_factory/Edge-TTS,微软服务条款，仅研究评测用途,edgetts,minnan,SC-000130,zh-TW-YunJheNeural,
data/redteam/factory/edgetts/minnan/edgetts_minnan_zh-TW-YunJheNeural_SC-000143.wav,spoof,RT-EDGETTS-MINNAN,clean,redteam_factory/Edge-TTS,微软服务条款，仅研究评测用途,edgetts,minnan,SC-000143,zh-TW-YunJheNeural,
data/redteam/factory/edgetts/minnan/edgetts_minnan_zh-TW-YunJheNeural_SC-000146.wav,spoof,RT-EDGETTS-MINNAN,clean,redteam_factory/Edge-TTS,微软服务条款，仅研究评测用途,edgetts,minnan,SC-000146,zh-TW-YunJheNeural,
data/redteam/factory/edgetts/minnan/edgetts_minnan_zh-TW-YunJheNeural_SC-000156.wav,spoof,RT-EDGETTS-MINNAN,clean,redteam_factory/Edge-TTS,微软服务条款，仅研究评测用途,edgetts,minnan,SC-000156,zh-TW-YunJheNeural,
data/redteam/factory/edgetts/minnan/edgetts_minnan_zh-TW-YunJheNeural_SC-000192.wav,spoof,RT-EDGETTS-MINNAN,clean,redteam_factory/Edge-TTS,微软服务条款，仅研究评测用途,edgetts,minnan,SC-000192,zh-TW-YunJheNeural,
data/redteam/factory/edgetts/minnan/edgetts_minnan_zh-TW-YunJheNeural_SC-000196.wav,spoof,RT-EDGETTS-MINNAN,clean,redteam_factory/Edge-TTS,微软服务条款，仅研究评测用途,edgetts,minnan,SC-000196,zh-TW-YunJheNeural,
data/redteam/factory/edgetts/minnan/edgetts_minnan_zh-TW-YunJheNeural_SC-000207.wav,spoof,RT-EDGETTS-MINNAN,clean,redteam_factory/Edge-TTS,微软服务条款，仅研究评测用途,edgetts,minnan,SC-000207,zh-TW-YunJheNeural,
data/redteam/factory/edgetts/minnan/edgetts_minnan_zh-TW-YunJheNeural_SC-000218.wav,spoof,RT-EDGETTS-MINNAN,clean,redteam_factory/Edge-TTS,微软服务条款，仅研究评测用途,edgetts,minnan,SC-000218,zh-TW-YunJheNeural,
data/redteam/factory/edgetts/minnan/edgetts_minnan_zh-TW-YunJheNeural_SC-000229.wav,spoof,RT-EDGETTS-MINNAN,clean,redteam_factory/Edge-TTS,微软服务条款，仅研究评测用途,edgetts,minnan,SC-000229,zh-TW-YunJheNeural,
data/redteam/factory/edgetts/minnan/edgetts_minnan_zh-TW-YunJheNeural_SC-000237.wav,spoof,RT-EDGETTS-MINNAN,clean,redteam_factory/Edge-TTS,微软服务条款，仅研究评测用途,edgetts,minnan,SC-000237,zh-TW-YunJheNeural,
data/redteam/factory/edgetts/minnan/edgetts_minnan_zh-TW-YunJheNeural_SC-000257.wav,spoof,RT-EDGETTS-MINNAN,clean,redteam_factory/Edge-TTS,微软服务条款，仅研究评测用途,edgetts,minnan,SC-000257,zh-TW-YunJheNeural,
data/redteam/factory/edgetts/minnan/edgetts_minnan_zh-TW-YunJheNeural_SC-000282.wav,spoof,RT-EDGETTS-MINNAN,clean,redteam_factory/Edge-TTS,微软服务条款，仅研究评测用途,edgetts,minnan,SC-000282,zh-TW-YunJheNeural,
data/redteam/factory/edgetts/minnan/edgetts_minnan_zh-TW-YunJheNeural_SC-000316.wav,spoof,RT-EDGETTS-MINNAN,clean,redteam_factory/Edge-TTS,微软服务条款，仅研究评测用途,edgetts,minnan,SC-000316,zh-TW-YunJheNeural,
data/redteam/factory/edgetts/minnan/edgetts_minnan_zh-TW-YunJheNeural_SC-000323.wav,spoof,RT-EDGETTS-MINNAN,clean,redteam_factory/Edge-TTS,微软服务条款，仅研究评测用途,edgetts,minnan,SC-000323,zh-TW-YunJheNeural,
data/redteam/factory/edgetts/minnan/edgetts_minnan_zh-TW-YunJheNeural_SC-000339.wav,spoof,RT-EDGETTS-MINNAN,clean,redteam_factory/Edge-TTS,微软服务条款，仅研究评测用途,edgetts,minnan,SC-000339,zh-TW-YunJheNeural,
data/redteam/factory/edgetts/minnan/edgetts_minnan_zh-TW-YunJheNeural_SC-000350.wav,spoof,RT-EDGETTS-MINNAN,clean,redteam_factory/Edge-TTS,微软服务条款，仅研究评测用途,edgetts,minnan,SC-000350,zh-TW-YunJheNeural,
data/redteam/factory/edgetts/minnan/edgetts_minnan_zh-TW-YunJheNeural_SC-000363.wav,spoof,RT-EDGETTS-MINNAN,clean,redteam_factory/Edge-TTS,微软服务条款，仅研究评测用途,edgetts,minnan,SC-000363,zh-TW-YunJheNeural,
data/redteam/factory/edgetts/minnan/edgetts_minnan_zh-TW-YunJheNeural_SC-000367.wav,spoof,RT-EDGETTS-MINNAN,clean,redteam_factory/Edge-TTS,微软服务条款，仅研究评测用途,edgetts,minnan,SC-000367,zh-TW-YunJheNeural,
data/redteam/factory/edgetts/minnan/edgetts_minnan_zh-TW-YunJheNeural_SC-000369.wav,spoof,RT-EDGETTS-MINNAN,clean,redteam_factory/Edge-TTS,微软服务条款，仅研究评测用途,edgetts,minnan,SC-000369,zh-TW-YunJheNeural,
data/redteam/factory/edgetts/minnan/edgetts_minnan_zh-TW-YunJheNeural_SC-000387.wav,spoof,RT-EDGETTS-MINNAN,clean,redteam_factory/Edge-TTS,微软服务条款，仅研究评测用途,edgetts,minnan,SC-000387,zh-TW-YunJheNeural,
data/redteam/factory/edgetts/minnan/edgetts_minnan_zh-TW-YunJheNeural_SC-000391.wav,spoof,RT-EDGETTS-MINNAN,clean,redteam_factory/Edge-TTS,微软服务条款，仅研究评测用途,edgetts,minnan,SC-000391,zh-TW-YunJheNeural,
data/redteam/factory/edgetts/minnan/edgetts_minnan_zh-TW-YunJheNeural_SC-000392.wav,spoof,RT-EDGETTS-MINNAN,clean,redteam_factory/Edge-TTS,微软服务条款，仅研究评测用途,edgetts,minnan,SC-000392,zh-TW-YunJheNeural,
data/redteam/factory/edgetts/minnan/edgetts_minnan_zh-TW-YunJheNeural_SC-000394.wav,spoof,RT-EDGETTS-MINNAN,clean,redteam_factory/Edge-TTS,微软服务条款，仅研究评测用途,edgetts,minnan,SC-000394,zh-TW-YunJheNeural,
data/redteam/factory/edgetts/minnan/edgetts_minnan_zh-TW-YunJheNeural_SC-000406.wav,spoof,RT-EDGETTS-MINNAN,clean,redteam_factory/Edge-TTS,微软服务条款，仅研究评测用途,edgetts,minnan,SC-000406,zh-TW-YunJheNeural,
data/redteam/factory/edgetts/minnan/edgetts_minnan_zh-TW-YunJheNeural_SC-000412.wav,spoof,RT-EDGETTS-MINNAN,clean,redteam_factory/Edge-TTS,微软服务条款，仅研究评测用途,edgetts,minnan,SC-000412,zh-TW-YunJheNeural,
data/redteam/factory/edgetts/minnan/edgetts_minnan_zh-TW-YunJheNeural_SC-000421.wav,spoof,RT-EDGETTS-MINNAN,clean,redteam_factory/Edge-TTS,微软服务条款，仅研究评测用途,edgetts,minnan,SC-000421,zh-TW-YunJheNeural,
data/redteam/factory/edgetts/minnan/edgetts_minnan_zh-TW-YunJheNeural_SC-000422.wav,spoof,RT-EDGETTS-MINNAN,clean,redteam_factory/Edge-TTS,微软服务条款，仅研究评测用途,edgetts,minnan,SC-000422,zh-TW-YunJheNeural,
data/redteam/factory/edgetts/minnan/edgetts_minnan_zh-TW-YunJheNeural_SC-000423.wav,spoof,RT-EDGETTS-MINNAN,clean,redteam_factory/Edge-TTS,微软服务条款，仅研究评测用途,edgetts,minnan,SC-000423,zh-TW-YunJheNeural,
data/redteam/factory/edgetts/minnan/edgetts_minnan_zh-TW-YunJheNeural_SC-000426.wav,spoof,RT-EDGETTS-MINNAN,clean,redteam_factory/Edge-TTS,微软服务条款，仅研究评测用途,edgetts,minnan,SC-000426,zh-TW-YunJheNeural,
data/redteam/factory/edgetts/minnan/edgetts_minnan_zh-TW-YunJheNeural_SC-000445.wav,spoof,RT-EDGETTS-MINNAN,clean,redteam_factory/Edge-TTS,微软服务条款，仅研究评测用途,edgetts,minnan,SC-000445,zh-TW-YunJheNeural,
data/redteam/factory/edgetts/minnan/edgetts_minnan_zh-TW-YunJheNeural_SC-000465.wav,spoof,RT-EDGETTS-MINNAN,clean,redteam_factory/Edge-TTS,微软服务条款，仅研究评测用途,edgetts,minnan,SC-000465,zh-TW-YunJheNeural,
data/redteam/factory/edgetts/minnan/edgetts_minnan_zh-TW-YunJheNeural_SC-000466.wav,spoof,RT-EDGETTS-MINNAN,clean,redteam_factory/Edge-TTS,微软服务条款，仅研究评测用途,edgetts,minnan,SC-000466,zh-TW-YunJheNeural,
data/redteam/factory/edgetts/minnan/edgetts_minnan_zh-TW-YunJheNeural_SC-000478.wav,spoof,RT-EDGETTS-MINNAN,clean,redteam_factory/Edge-TTS,微软服务条款，仅研究评测用途,edgetts,minnan,SC-000478,zh-TW-YunJheNeural,
data/redteam/factory/edgetts/minnan/edgetts_minnan_zh-TW-YunJheNeural_SC-000498.wav,spoof,RT-EDGETTS-MINNAN,clean,redteam_factory/Edge-TTS,微软服务条款，仅研究评测用途,edgetts,minnan,SC-000498,zh-TW-YunJheNeural,
data/redteam/factory/edgetts/minnan/edgetts_minnan_zh-TW-YunJheNeural_SC-000504.wav,spoof,RT-EDGETTS-MINNAN,clean,redteam_factory/Edge-TTS,微软服务条款，仅研究评测用途,edgetts,minnan,SC-000504,zh-TW-YunJheNeural,
data/redteam/factory/edgetts/minnan/edgetts_minnan_zh-TW-YunJheNeural_SC-000516.wav,spoof,RT-EDGETTS-MINNAN,clean,redteam_factory/Edge-TTS,微软服务条款，仅研究评测用途,edgetts,minnan,SC-000516,zh-TW-YunJheNeural,
data/redteam/factory/edgetts/minnan/edgetts_minnan_zh-TW-YunJheNeural_SC-000522.wav,spoof,RT-EDGETTS-MINNAN,clean,redteam_factory/Edge-TTS,微软服务条款，仅研究评测用途,edgetts,minnan,SC-000522,zh-TW-YunJheNeural,
data/redteam/factory/edgetts/sichuan/edgetts_sichuan_zh-CN-YunxiNeural_SC-000042.wav,spoof,RT-EDGETTS-SICHUAN,clean,redteam_factory/Edge-TTS,微软服务条款，仅研究评测用途,edgetts,sichuan,SC-000042,zh-CN-YunxiNeural,
data/redteam/factory/edgetts/sichuan/edgetts_sichuan_zh-CN-YunxiNeural_SC-000062.wav,spoof,RT-EDGETTS-SICHUAN,clean,redteam_factory/Edge-TTS,微软服务条款，仅研究评测用途,edgetts,sichuan,SC-000062,zh-CN-YunxiNeural,
data/redteam/factory/edgetts/sichuan/edgetts_sichuan_zh-CN-YunxiNeural_SC-000066.wav,spoof,RT-EDGETTS-SICHUAN,clean,redteam_factory/Edge-TTS,微软服务条款，仅研究评测用途,edgetts,sichuan,SC-000066,zh-CN-YunxiNeural,
data/redteam/factory/edgetts/sichuan/edgetts_sichuan_zh-CN-YunxiNeural_SC-000076.wav,spoof,RT-EDGETTS-SICHUAN,clean,redteam_factory/Edge-TTS,微软服务条款，仅研究评测用途,edgetts,sichuan,SC-000076,zh-CN-YunxiNeural,
data/redteam/factory/edgetts/sichuan/edgetts_sichuan_zh-CN-YunxiNeural_SC-000099.wav,spoof,RT-EDGETTS-SICHUAN,clean,redteam_factory/Edge-TTS,微软服务条款，仅研究评测用途,edgetts,sichuan,SC-000099,zh-CN-YunxiNeural,
data/redteam/factory/edgetts/sichuan/edgetts_sichuan_zh-CN-YunxiNeural_SC-000107.wav,spoof,RT-EDGETTS-SICHUAN,clean,redteam_factory/Edge-TTS,微软服务条款，仅研究评测用途,edgetts,sichuan,SC-000107,zh-CN-YunxiNeural,
data/redteam/factory/edgetts/sichuan/edgetts_sichuan_zh-CN-YunxiNeural_SC-000115.wav,spoof,RT-EDGETTS-SICHUAN,clean,redteam_factory/Edge-TTS,微软服务条款，仅研究评测用途,edgetts,sichuan,SC-000115,zh-CN-YunxiNeural,
data/redteam/factory/edgetts/sichuan/edgetts_sichuan_zh-CN-YunxiNeural_SC-000118.wav,spoof,RT-EDGETTS-SICHUAN,clean,redteam_factory/Edge-TTS,微软服务条款，仅研究评测用途,edgetts,sichuan,SC-000118,zh-CN-YunxiNeural,
data/redteam/factory/edgetts/sichuan/edgetts_sichuan_zh-CN-YunxiNeural_SC-000125.wav,spoof,RT-EDGETTS-SICHUAN,clean,redteam_factory/Edge-TTS,微软服务条款，仅研究评测用途,edgetts,sichuan,SC-000125,zh-CN-YunxiNeural,
data/redteam/factory/edgetts/sichuan/edgetts_sichuan_zh-CN-YunxiNeural_SC-000127.wav,spoof,RT-EDGETTS-SICHUAN,clean,redteam_factory/Edge-TTS,微软服务条款，仅研究评测用途,edgetts,sichuan,SC-000127,zh-CN-YunxiNeural,
data/redteam/factory/edgetts/sichuan/edgetts_sichuan_zh-CN-YunxiNeural_SC-000144.wav,spoof,RT-EDGETTS-SICHUAN,clean,redteam_factory/Edge-TTS,微软服务条款，仅研究评测用途,edgetts,sichuan,SC-000144,zh-CN-YunxiNeural,
data/redteam/factory/edgetts/sichuan/edgetts_sichuan_zh-CN-YunxiNeural_SC-000165.wav,spoof,RT-EDGETTS-SICHUAN,clean,redteam_factory/Edge-TTS,微软服务条款，仅研究评测用途,edgetts,sichuan,SC-000165,zh-CN-YunxiNeural,
data/redteam/factory/edgetts/sichuan/edgetts_sichuan_zh-CN-YunxiNeural_SC-000172.wav,spoof,RT-EDGETTS-SICHUAN,clean,redteam_factory/Edge-TTS,微软服务条款，仅研究评测用途,edgetts,sichuan,SC-000172,zh-CN-YunxiNeural,
data/redteam/factory/edgetts/sichuan/edgetts_sichuan_zh-CN-YunxiNeural_SC-000177.wav,spoof,RT-EDGETTS-SICHUAN,clean,redteam_factory/Edge-TTS,微软服务条款，仅研究评测用途,edgetts,sichuan,SC-000177,zh-CN-YunxiNeural,
data/redteam/factory/edgetts/sichuan/edgetts_sichuan_zh-CN-YunxiNeural_SC-000178.wav,spoof,RT-EDGETTS-SICHUAN,clean,redteam_factory/Edge-TTS,微软服务条款，仅研究评测用途,edgetts,sichuan,SC-000178,zh-CN-YunxiNeural,
data/redteam/factory/edgetts/sichuan/edgetts_sichuan_zh-CN-YunxiNeural_SC-000179.wav,spoof,RT-EDGETTS-SICHUAN,clean,redteam_factory/Edge-TTS,微软服务条款，仅研究评测用途,edgetts,sichuan,SC-000179,zh-CN-YunxiNeural,
data/redteam/factory/edgetts/sichuan/edgetts_sichuan_zh-CN-YunxiNeural_SC-000186.wav,spoof,RT-EDGETTS-SICHUAN,clean,redteam_factory/Edge-TTS,微软服务条款，仅研究评测用途,edgetts,sichuan,SC-000186,zh-CN-YunxiNeural,
data/redteam/factory/edgetts/sichuan/edgetts_sichuan_zh-CN-YunxiNeural_SC-000188.wav,spoof,RT-EDGETTS-SICHUAN,clean,redteam_factory/Edge-TTS,微软服务条款，仅研究评测用途,edgetts,sichuan,SC-000188,zh-CN-YunxiNeural,
data/redteam/factory/edgetts/sichuan/edgetts_sichuan_zh-CN-YunxiNeural_SC-000199.wav,spoof,RT-EDGETTS-SICHUAN,clean,redteam_factory/Edge-TTS,微软服务条款，仅研究评测用途,edgetts,sichuan,SC-000199,zh-CN-YunxiNeural,
data/redteam/factory/edgetts/sichuan/edgetts_sichuan_zh-CN-YunxiNeural_SC-000205.wav,spoof,RT-EDGETTS-SICHUAN,clean,redteam_factory/Edge-TTS,微软服务条款，仅研究评测用途,edgetts,sichuan,SC-000205,zh-CN-YunxiNeural,
data/redteam/factory/edgetts/sichuan/edgetts_sichuan_zh-CN-YunxiNeural_SC-000210.wav,spoof,RT-EDGETTS-SICHUAN,clean,redteam_factory/Edge-TTS,微软服务条款，仅研究评测用途,edgetts,sichuan,SC-000210,zh-CN-YunxiNeural,
data/redteam/factory/edgetts/sichuan/edgetts_sichuan_zh-CN-YunxiNeural_SC-000211.wav,spoof,RT-EDGETTS-SICHUAN,clean,redteam_factory/Edge-TTS,微软服务条款，仅研究评测用途,edgetts,sichuan,SC-000211,zh-CN-YunxiNeural,
data/redteam/factory/edgetts/sichuan/edgetts_sichuan_zh-CN-YunxiNeural_SC-000212.wav,spoof,RT-EDGETTS-SICHUAN,clean,redteam_factory/Edge-TTS,微软服务条款，仅研究评测用途,edgetts,sichuan,SC-000212,zh-CN-YunxiNeural,
data/redteam/factory/edgetts/sichuan/edgetts_sichuan_zh-CN-YunxiNeural_SC-000215.wav,spoof,RT-EDGETTS-SICHUAN,clean,redteam_factory/Edge-TTS,微软服务条款，仅研究评测用途,edgetts,sichuan,SC-000215,zh-CN-YunxiNeural,
data/redteam/factory/edgetts/sichuan/edgetts_sichuan_zh-CN-YunxiNeural_SC-000222.wav,spoof,RT-EDGETTS-SICHUAN,clean,redteam_factory/Edge-TTS,微软服务条款，仅研究评测用途,edgetts,sichuan,SC-000222,zh-CN-YunxiNeural,
data/redteam/factory/edgetts/sichuan/edgetts_sichuan_zh-CN-YunxiNeural_SC-000232.wav,spoof,RT-EDGETTS-SICHUAN,clean,redteam_factory/Edge-TTS,微软服务条款，仅研究评测用途,edgetts,sichuan,SC-000232,zh-CN-YunxiNeural,
data/redteam/factory/edgetts/sichuan/edgetts_sichuan_zh-CN-YunxiNeural_SC-000244.wav,spoof,RT-EDGETTS-SICHUAN,clean,redteam_factory/Edge-TTS,微软服务条款，仅研究评测用途,edgetts,sichuan,SC-000244,zh-CN-YunxiNeural,
data/redteam/factory/edgetts/sichuan/edgetts_sichuan_zh-CN-YunxiNeural_SC-000249.wav,spoof,RT-EDGETTS-SICHUAN,clean,redteam_factory/Edge-TTS,微软服务条款，仅研究评测用途,edgetts,sichuan,SC-000249,zh-CN-YunxiNeural,
data/redteam/factory/edgetts/sichuan/edgetts_sichuan_zh-CN-YunxiNeural_SC-000251.wav,spoof,RT-EDGETTS-SICHUAN,clean,redteam_factory/Edge-TTS,微软服务条款，仅研究评测用途,edgetts,sichuan,SC-000251,zh-CN-YunxiNeural,
data/redteam/factory/edgetts/sichuan/edgetts_sichuan_zh-CN-YunxiNeural_SC-000252.wav,spoof,RT-EDGETTS-SICHUAN,clean,redteam_factory/Edge-TTS,微软服务条款，仅研究评测用途,edgetts,sichuan,SC-000252,zh-CN-YunxiNeural,
data/redteam/factory/edgetts/sichuan/edgetts_sichuan_zh-CN-YunxiNeural_SC-000254.wav,spoof,RT-EDGETTS-SICHUAN,clean,redteam_factory/Edge-TTS,微软服务条款，仅研究评测用途,edgetts,sichuan,SC-000254,zh-CN-YunxiNeural,
data/redteam/factory/edgetts/sichuan/edgetts_sichuan_zh-CN-YunxiNeural_SC-000255.wav,spoof,RT-EDGETTS-SICHUAN,clean,redteam_factory/Edge-TTS,微软服务条款，仅研究评测用途,edgetts,sichuan,SC-000255,zh-CN-YunxiNeural,
data/redteam/factory/edgetts/sichuan/edgetts_sichuan_zh-CN-YunxiNeural_SC-000259.wav,spoof,RT-EDGETTS-SICHUAN,clean,redteam_factory/Edge-TTS,微软服务条款，仅研究评测用途,edgetts,sichuan,SC-000259,zh-CN-YunxiNeural,
data/redteam/factory/edgetts/sichuan/edgetts_sichuan_zh-CN-YunxiNeural_SC-000263.wav,spoof,RT-EDGETTS-SICHUAN,clean,redteam_factory/Edge-TTS,微软服务条款，仅研究评测用途,edgetts,sichuan,SC-000263,zh-CN-YunxiNeural,
data/redteam/factory/edgetts/sichuan/edgetts_sichuan_zh-CN-YunxiNeural_SC-000266.wav,spoof,RT-EDGETTS-SICHUAN,clean,redteam_factory/Edge-TTS,微软服务条款，仅研究评测用途,edgetts,sichuan,SC-000266,zh-CN-YunxiNeural,
data/redteam/factory/edgetts/sichuan/edgetts_sichuan_zh-CN-YunxiNeural_SC-000268.wav,spoof,RT-EDGETTS-SICHUAN,clean,redteam_factory/Edge-TTS,微软服务条款，仅研究评测用途,edgetts,sichuan,SC-000268,zh-CN-YunxiNeural,
data/redteam/factory/edgetts/sichuan/edgetts_sichuan_zh-CN-YunxiNeural_SC-000271.wav,spoof,RT-EDGETTS-SICHUAN,clean,redteam_factory/Edge-TTS,微软服务条款，仅研究评测用途,edgetts,sichuan,SC-000271,zh-CN-YunxiNeural,
data/redteam/factory/edgetts/sichuan/edgetts_sichuan_zh-CN-YunxiNeural_SC-000278.wav,spoof,RT-EDGETTS-SICHUAN,clean,redteam_factory/Edge-TTS,微软服务条款，仅研究评测用途,edgetts,sichuan,SC-000278,zh-CN-YunxiNeural,
data/redteam/factory/edgetts/sichuan/edgetts_sichuan_zh-CN-YunxiNeural_SC-000287.wav,spoof,RT-EDGETTS-SICHUAN,clean,redteam_factory/Edge-TTS,微软服务条款，仅研究评测用途,edgetts,sichuan,SC-000287,zh-CN-YunxiNeural,
data/redteam/factory/edgetts/sichuan/edgetts_sichuan_zh-CN-YunxiNeural_SC-000293.wav,spoof,RT-EDGETTS-SICHUAN,clean,redteam_factory/Edge-TTS,微软服务条款，仅研究评测用途,edgetts,sichuan,SC-000293,zh-CN-YunxiNeural,
data/redteam/factory/edgetts/sichuan/edgetts_sichuan_zh-CN-YunxiNeural_SC-000295.wav,spoof,RT-EDGETTS-SICHUAN,clean,redteam_factory/Edge-TTS,微软服务条款，仅研究评测用途,edgetts,sichuan,SC-000295,zh-CN-YunxiNeural,
data/redteam/factory/edgetts/sichuan/edgetts_sichuan_zh-CN-YunxiNeural_SC-000297.wav,spoof,RT-EDGETTS-SICHUAN,clean,redteam_factory/Edge-TTS,微软服务条款，仅研究评测用途,edgetts,sichuan,SC-000297,zh-CN-YunxiNeural,
data/redteam/factory/edgetts/sichuan/edgetts_sichuan_zh-CN-YunxiNeural_SC-000298.wav,spoof,RT-EDGETTS-SICHUAN,clean,redteam_factory/Edge-TTS,微软服务条款，仅研究评测用途,edgetts,sichuan,SC-000298,zh-CN-YunxiNeural,
data/redteam/factory/edgetts/sichuan/edgetts_sichuan_zh-CN-YunxiNeural_SC-000299.wav,spoof,RT-EDGETTS-SICHUAN,clean,redteam_factory/Edge-TTS,微软服务条款，仅研究评测用途,edgetts,sichuan,SC-000299,zh-CN-YunxiNeural,
data/redteam/factory/edgetts/sichuan/edgetts_sichuan_zh-CN-YunxiNeural_SC-000302.wav,spoof,RT-EDGETTS-SICHUAN,clean,redteam_factory/Edge-TTS,微软服务条款，仅研究评测用途,edgetts,sichuan,SC-000302,zh-CN-YunxiNeural,
data/redteam/factory/edgetts/sichuan/edgetts_sichuan_zh-CN-YunxiNeural_SC-000303.wav,spoof,RT-EDGETTS-SICHUAN,clean,redteam_factory/Edge-TTS,微软服务条款，仅研究评测用途,edgetts,sichuan,SC-000303,zh-CN-YunxiNeural,
data/redteam/factory/edgetts/sichuan/edgetts_sichuan_zh-CN-YunxiNeural_SC-000307.wav,spoof,RT-EDGETTS-SICHUAN,clean,redteam_factory/Edge-TTS,微软服务条款，仅研究评测用途,edgetts,sichuan,SC-000307,zh-CN-YunxiNeural,
data/redteam/factory/edgetts/sichuan/edgetts_sichuan_zh-CN-YunxiNeural_SC-000315.wav,spoof,RT-EDGETTS-SICHUAN,clean,redteam_factory/Edge-TTS,微软服务条款，仅研究评测用途,edgetts,sichuan,SC-000315,zh-CN-YunxiNeural,
data/redteam/factory/edgetts/sichuan/edgetts_sichuan_zh-CN-XiaoxiaoNeural_SC-000042.wav,spoof,RT-EDGETTS-SICHUAN,clean,redteam_factory/Edge-TTS,微软服务条款，仅研究评测用途,edgetts,sichuan,SC-000042,zh-CN-XiaoxiaoNeural,
data/redteam/factory/edgetts/sichuan/edgetts_sichuan_zh-CN-XiaoxiaoNeural_SC-000062.wav,spoof,RT-EDGETTS-SICHUAN,clean,redteam_factory/Edge-TTS,微软服务条款，仅研究评测用途,edgetts,sichuan,SC-000062,zh-CN-XiaoxiaoNeural,
data/redteam/factory/edgetts/sichuan/edgetts_sichuan_zh-CN-XiaoxiaoNeural_SC-000066.wav,spoof,RT-EDGETTS-SICHUAN,clean,redteam_factory/Edge-TTS,微软服务条款，仅研究评测用途,edgetts,sichuan,SC-000066,zh-CN-XiaoxiaoNeural,
data/redteam/factory/edgetts/sichuan/edgetts_sichuan_zh-CN-XiaoxiaoNeural_SC-000076.wav,spoof,RT-EDGETTS-SICHUAN,clean,redteam_factory/Edge-TTS,微软服务条款，仅研究评测用途,edgetts,sichuan,SC-000076,zh-CN-XiaoxiaoNeural,
data/redteam/factory/edgetts/sichuan/edgetts_sichuan_zh-CN-XiaoxiaoNeural_SC-000099.wav,spoof,RT-EDGETTS-SICHUAN,clean,redteam_factory/Edge-TTS,微软服务条款，仅研究评测用途,edgetts,sichuan,SC-000099,zh-CN-XiaoxiaoNeural,
data/redteam/factory/edgetts/sichuan/edgetts_sichuan_zh-CN-XiaoxiaoNeural_SC-000107.wav,spoof,RT-EDGETTS-SICHUAN,clean,redteam_factory/Edge-TTS,微软服务条款，仅研究评测用途,edgetts,sichuan,SC-000107,zh-CN-XiaoxiaoNeural,
data/redteam/factory/edgetts/sichuan/edgetts_sichuan_zh-CN-XiaoxiaoNeural_SC-000115.wav,spoof,RT-EDGETTS-SICHUAN,clean,redteam_factory/Edge-TTS,微软服务条款，仅研究评测用途,edgetts,sichuan,SC-000115,zh-CN-XiaoxiaoNeural,
data/redteam/factory/edgetts/sichuan/edgetts_sichuan_zh-CN-XiaoxiaoNeural_SC-000118.wav,spoof,RT-EDGETTS-SICHUAN,clean,redteam_factory/Edge-TTS,微软服务条款，仅研究评测用途,edgetts,sichuan,SC-000118,zh-CN-XiaoxiaoNeural,
data/redteam/factory/edgetts/sichuan/edgetts_sichuan_zh-CN-XiaoxiaoNeural_SC-000125.wav,spoof,RT-EDGETTS-SICHUAN,clean,redteam_factory/Edge-TTS,微软服务条款，仅研究评测用途,edgetts,sichuan,SC-000125,zh-CN-XiaoxiaoNeural,
data/redteam/factory/edgetts/sichuan/edgetts_sichuan_zh-CN-XiaoxiaoNeural_SC-000127.wav,spoof,RT-EDGETTS-SICHUAN,clean,redteam_factory/Edge-TTS,微软服务条款，仅研究评测用途,edgetts,sichuan,SC-000127,zh-CN-XiaoxiaoNeural,
data/redteam/factory/edgetts/sichuan/edgetts_sichuan_zh-CN-XiaoxiaoNeural_SC-000144.wav,spoof,RT-EDGETTS-SICHUAN,clean,redteam_factory/Edge-TTS,微软服务条款，仅研究评测用途,edgetts,sichuan,SC-000144,zh-CN-XiaoxiaoNeural,
data/redteam/factory/edgetts/sichuan/edgetts_sichuan_zh-CN-XiaoxiaoNeural_SC-000165.wav,spoof,RT-EDGETTS-SICHUAN,clean,redteam_factory/Edge-TTS,微软服务条款，仅研究评测用途,edgetts,sichuan,SC-000165,zh-CN-XiaoxiaoNeural,
data/redteam/factory/edgetts/sichuan/edgetts_sichuan_zh-CN-XiaoxiaoNeural_SC-000172.wav,spoof,RT-EDGETTS-SICHUAN,clean,redteam_factory/Edge-TTS,微软服务条款，仅研究评测用途,edgetts,sichuan,SC-000172,zh-CN-XiaoxiaoNeural,
data/redteam/factory/edgetts/sichuan/edgetts_sichuan_zh-CN-XiaoxiaoNeural_SC-000177.wav,spoof,RT-EDGETTS-SICHUAN,clean,redteam_factory/Edge-TTS,微软服务条款，仅研究评测用途,edgetts,sichuan,SC-000177,zh-CN-XiaoxiaoNeural,
data/redteam/factory/edgetts/sichuan/edgetts_sichuan_zh-CN-XiaoxiaoNeural_SC-000178.wav,spoof,RT-EDGETTS-SICHUAN,clean,redteam_factory/Edge-TTS,微软服务条款，仅研究评测用途,edgetts,sichuan,SC-000178,zh-CN-XiaoxiaoNeural,
data/redteam/factory/edgetts/sichuan/edgetts_sichuan_zh-CN-XiaoxiaoNeural_SC-000179.wav,spoof,RT-EDGETTS-SICHUAN,clean,redteam_factory/Edge-TTS,微软服务条款，仅研究评测用途,edgetts,sichuan,SC-000179,zh-CN-XiaoxiaoNeural,
data/redteam/factory/edgetts/sichuan/edgetts_sichuan_zh-CN-XiaoxiaoNeural_SC-000186.wav,spoof,RT-EDGETTS-SICHUAN,clean,redteam_factory/Edge-TTS,微软服务条款，仅研究评测用途,edgetts,sichuan,SC-000186,zh-CN-XiaoxiaoNeural,
data/redteam/factory/edgetts/sichuan/edgetts_sichuan_zh-CN-XiaoxiaoNeural_SC-000188.wav,spoof,RT-EDGETTS-SICHUAN,clean,redteam_factory/Edge-TTS,微软服务条款，仅研究评测用途,edgetts,sichuan,SC-000188,zh-CN-XiaoxiaoNeural,
data/redteam/factory/edgetts/sichuan/edgetts_sichuan_zh-CN-XiaoxiaoNeural_SC-000199.wav,spoof,RT-EDGETTS-SICHUAN,clean,redteam_factory/Edge-TTS,微软服务条款，仅研究评测用途,edgetts,sichuan,SC-000199,zh-CN-XiaoxiaoNeural,
data/redteam/factory/edgetts/sichuan/edgetts_sichuan_zh-CN-XiaoxiaoNeural_SC-000205.wav,spoof,RT-EDGETTS-SICHUAN,clean,redteam_factory/Edge-TTS,微软服务条款，仅研究评测用途,edgetts,sichuan,SC-000205,zh-CN-XiaoxiaoNeural,
data/redteam/factory/edgetts/sichuan/edgetts_sichuan_zh-CN-XiaoxiaoNeural_SC-000210.wav,spoof,RT-EDGETTS-SICHUAN,clean,redteam_factory/Edge-TTS,微软服务条款，仅研究评测用途,edgetts,sichuan,SC-000210,zh-CN-XiaoxiaoNeural,
data/redteam/factory/edgetts/sichuan/edgetts_sichuan_zh-CN-XiaoxiaoNeural_SC-000211.wav,spoof,RT-EDGETTS-SICHUAN,clean,redteam_factory/Edge-TTS,微软服务条款，仅研究评测用途,edgetts,sichuan,SC-000211,zh-CN-XiaoxiaoNeural,
data/redteam/factory/edgetts/sichuan/edgetts_sichuan_zh-CN-XiaoxiaoNeural_SC-000212.wav,spoof,RT-EDGETTS-SICHUAN,clean,redteam_factory/Edge-TTS,微软服务条款，仅研究评测用途,edgetts,sichuan,SC-000212,zh-CN-XiaoxiaoNeural,
data/redteam/factory/edgetts/sichuan/edgetts_sichuan_zh-CN-XiaoxiaoNeural_SC-000215.wav,spoof,RT-EDGETTS-SICHUAN,clean,redteam_factory/Edge-TTS,微软服务条款，仅研究评测用途,edgetts,sichuan,SC-000215,zh-CN-XiaoxiaoNeural,
data/redteam/factory/edgetts/sichuan/edgetts_sichuan_zh-CN-XiaoxiaoNeural_SC-000222.wav,spoof,RT-EDGETTS-SICHUAN,clean,redteam_factory/Edge-TTS,微软服务条款，仅研究评测用途,edgetts,sichuan,SC-000222,zh-CN-XiaoxiaoNeural,
data/redteam/factory/edgetts/sichuan/edgetts_sichuan_zh-CN-XiaoxiaoNeural_SC-000232.wav,spoof,RT-EDGETTS-SICHUAN,clean,redteam_factory/Edge-TTS,微软服务条款，仅研究评测用途,edgetts,sichuan,SC-000232,zh-CN-XiaoxiaoNeural,
data/redteam/factory/edgetts/sichuan/edgetts_sichuan_zh-CN-XiaoxiaoNeural_SC-000244.wav,spoof,RT-EDGETTS-SICHUAN,clean,redteam_factory/Edge-TTS,微软服务条款，仅研究评测用途,edgetts,sichuan,SC-000244,zh-CN-XiaoxiaoNeural,
data/redteam/factory/edgetts/sichuan/edgetts_sichuan_zh-CN-XiaoxiaoNeural_SC-000249.wav,spoof,RT-EDGETTS-SICHUAN,clean,redteam_factory/Edge-TTS,微软服务条款，仅研究评测用途,edgetts,sichuan,SC-000249,zh-CN-XiaoxiaoNeural,
data/redteam/factory/edgetts/sichuan/edgetts_sichuan_zh-CN-XiaoxiaoNeural_SC-000251.wav,spoof,RT-EDGETTS-SICHUAN,clean,redteam_factory/Edge-TTS,微软服务条款，仅研究评测用途,edgetts,sichuan,SC-000251,zh-CN-XiaoxiaoNeural,
data/redteam/factory/edgetts/sichuan/edgetts_sichuan_zh-CN-XiaoxiaoNeural_SC-000252.wav,spoof,RT-EDGETTS-SICHUAN,clean,redteam_factory/Edge-TTS,微软服务条款，仅研究评测用途,edgetts,sichuan,SC-000252,zh-CN-XiaoxiaoNeural,
data/redteam/factory/edgetts/sichuan/edgetts_sichuan_zh-CN-XiaoxiaoNeural_SC-000254.wav,spoof,RT-EDGETTS-SICHUAN,clean,redteam_factory/Edge-TTS,微软服务条款，仅研究评测用途,edgetts,sichuan,SC-000254,zh-CN-XiaoxiaoNeural,
data/redteam/factory/edgetts/sichuan/edgetts_sichuan_zh-CN-XiaoxiaoNeural_SC-000255.wav,spoof,RT-EDGETTS-SICHUAN,clean,redteam_factory/Edge-TTS,微软服务条款，仅研究评测用途,edgetts,sichuan,SC-000255,zh-CN-XiaoxiaoNeural,
data/redteam/factory/edgetts/sichuan/edgetts_sichuan_zh-CN-XiaoxiaoNeural_SC-000259.wav,spoof,RT-EDGETTS-SICHUAN,clean,redteam_factory/Edge-TTS,微软服务条款，仅研究评测用途,edgetts,sichuan,SC-000259,zh-CN-XiaoxiaoNeural,
data/redteam/factory/edgetts/sichuan/edgetts_sichuan_zh-CN-XiaoxiaoNeural_SC-000263.wav,spoof,RT-EDGETTS-SICHUAN,clean,redteam_factory/Edge-TTS,微软服务条款，仅研究评测用途,edgetts,sichuan,SC-000263,zh-CN-XiaoxiaoNeural,
data/redteam/factory/edgetts/sichuan/edgetts_sichuan_zh-CN-XiaoxiaoNeural_SC-000266.wav,spoof,RT-EDGETTS-SICHUAN,clean,redteam_factory/Edge-TTS,微软服务条款，仅研究评测用途,edgetts,sichuan,SC-000266,zh-CN-XiaoxiaoNeural,
data/redteam/factory/edgetts/sichuan/edgetts_sichuan_zh-CN-XiaoxiaoNeural_SC-000268.wav,spoof,RT-EDGETTS-SICHUAN,clean,redteam_factory/Edge-TTS,微软服务条款，仅研究评测用途,edgetts,sichuan,SC-000268,zh-CN-XiaoxiaoNeural,
data/redteam/factory/edgetts/sichuan/edgetts_sichuan_zh-CN-XiaoxiaoNeural_SC-000271.wav,spoof,RT-EDGETTS-SICHUAN,clean,redteam_factory/Edge-TTS,微软服务条款，仅研究评测用途,edgetts,sichuan,SC-000271,zh-CN-XiaoxiaoNeural,
data/redteam/factory/edgetts/sichuan/edgetts_sichuan_zh-CN-XiaoxiaoNeural_SC-000278.wav,spoof,RT-EDGETTS-SICHUAN,clean,redteam_factory/Edge-TTS,微软服务条款，仅研究评测用途,edgetts,sichuan,SC-000278,zh-CN-XiaoxiaoNeural,
data/redteam/factory/edgetts/sichuan/edgetts_sichuan_zh-CN-XiaoxiaoNeural_SC-000287.wav,spoof,RT-EDGETTS-SICHUAN,clean,redteam_factory/Edge-TTS,微软服务条款，仅研究评测用途,edgetts,sichuan,SC-000287,zh-CN-XiaoxiaoNeural,
data/redteam/factory/edgetts/sichuan/edgetts_sichuan_zh-CN-XiaoxiaoNeural_SC-000293.wav,spoof,RT-EDGETTS-SICHUAN,clean,redteam_factory/Edge-TTS,微软服务条款，仅研究评测用途,edgetts,sichuan,SC-000293,zh-CN-XiaoxiaoNeural,
data/redteam/factory/edgetts/sichuan/edgetts_sichuan_zh-CN-XiaoxiaoNeural_SC-000295.wav,spoof,RT-EDGETTS-SICHUAN,clean,redteam_factory/Edge-TTS,微软服务条款，仅研究评测用途,edgetts,sichuan,SC-000295,zh-CN-XiaoxiaoNeural,
data/redteam/factory/edgetts/sichuan/edgetts_sichuan_zh-CN-XiaoxiaoNeural_SC-000297.wav,spoof,RT-EDGETTS-SICHUAN,clean,redteam_factory/Edge-TTS,微软服务条款，仅研究评测用途,edgetts,sichuan,SC-000297,zh-CN-XiaoxiaoNeural,
data/redteam/factory/edgetts/sichuan/edgetts_sichuan_zh-CN-XiaoxiaoNeural_SC-000298.wav,spoof,RT-EDGETTS-SICHUAN,clean,redteam_factory/Edge-TTS,微软服务条款，仅研究评测用途,edgetts,sichuan,SC-000298,zh-CN-XiaoxiaoNeural,
data/redteam/factory/edgetts/sichuan/edgetts_sichuan_zh-CN-XiaoxiaoNeural_SC-000299.wav,spoof,RT-EDGETTS-SICHUAN,clean,redteam_factory/Edge-TTS,微软服务条款，仅研究评测用途,edgetts,sichuan,SC-000299,zh-CN-XiaoxiaoNeural,
data/redteam/factory/edgetts/sichuan/edgetts_sichuan_zh-CN-XiaoxiaoNeural_SC-000302.wav,spoof,RT-EDGETTS-SICHUAN,clean,redteam_factory/Edge-TTS,微软服务条款，仅研究评测用途,edgetts,sichuan,SC-000302,zh-CN-XiaoxiaoNeural,
data/redteam/factory/edgetts/sichuan/edgetts_sichuan_zh-CN-XiaoxiaoNeural_SC-000303.wav,spoof,RT-EDGETTS-SICHUAN,clean,redteam_factory/Edge-TTS,微软服务条款，仅研究评测用途,edgetts,sichuan,SC-000303,zh-CN-XiaoxiaoNeural,
data/redteam/factory/edgetts/sichuan/edgetts_sichuan_zh-CN-XiaoxiaoNeural_SC-000307.wav,spoof,RT-EDGETTS-SICHUAN,clean,redteam_factory/Edge-TTS,微软服务条款，仅研究评测用途,edgetts,sichuan,SC-000307,zh-CN-XiaoxiaoNeural,
data/redteam/factory/edgetts/sichuan/edgetts_sichuan_zh-CN-XiaoxiaoNeural_SC-000315.wav,spoof,RT-EDGETTS-SICHUAN,clean,redteam_factory/Edge-TTS,微软服务条款，仅研究评测用途,edgetts,sichuan,SC-000315,zh-CN-XiaoxiaoNeural,
data/redteam/factory/edgetts/cantonese/edgetts_cantonese_zh-HK-HiuMaanNeural_SC-000040.wav,spoof,RT-EDGETTS-CANTONESE,clean,redteam_factory/Edge-TTS,微软服务条款，仅研究评测用途,edgetts,cantonese,SC-000040,zh-HK-HiuMaanNeural,
data/redteam/factory/edgetts/cantonese/edgetts_cantonese_zh-HK-HiuMaanNeural_SC-000048.wav,spoof,RT-EDGETTS-CANTONESE,clean,redteam_factory/Edge-TTS,微软服务条款，仅研究评测用途,edgetts,cantonese,SC-000048,zh-HK-HiuMaanNeural,
data/redteam/factory/edgetts/cantonese/edgetts_cantonese_zh-HK-HiuMaanNeural_SC-000049.wav,spoof,RT-EDGETTS-CANTONESE,clean,redteam_factory/Edge-TTS,微软服务条款，仅研究评测用途,edgetts,cantonese,SC-000049,zh-HK-HiuMaanNeural,
data/redteam/factory/edgetts/cantonese/edgetts_cantonese_zh-HK-HiuMaanNeural_SC-000052.wav,spoof,RT-EDGETTS-CANTONESE,clean,redteam_factory/Edge-TTS,微软服务条款，仅研究评测用途,edgetts,cantonese,SC-000052,zh-HK-HiuMaanNeural,
data/redteam/factory/edgetts/cantonese/edgetts_cantonese_zh-HK-HiuMaanNeural_SC-000079.wav,spoof,RT-EDGETTS-CANTONESE,clean,redteam_factory/Edge-TTS,微软服务条款，仅研究评测用途,edgetts,cantonese,SC-000079,zh-HK-HiuMaanNeural,
data/redteam/factory/edgetts/cantonese/edgetts_cantonese_zh-HK-HiuMaanNeural_SC-000094.wav,spoof,RT-EDGETTS-CANTONESE,clean,redteam_factory/Edge-TTS,微软服务条款，仅研究评测用途,edgetts,cantonese,SC-000094,zh-HK-HiuMaanNeural,
data/redteam/factory/edgetts/cantonese/edgetts_cantonese_zh-HK-HiuMaanNeural_SC-000103.wav,spoof,RT-EDGETTS-CANTONESE,clean,redteam_factory/Edge-TTS,微软服务条款，仅研究评测用途,edgetts,cantonese,SC-000103,zh-HK-HiuMaanNeural,
data/redteam/factory/edgetts/cantonese/edgetts_cantonese_zh-HK-HiuMaanNeural_SC-000109.wav,spoof,RT-EDGETTS-CANTONESE,clean,redteam_factory/Edge-TTS,微软服务条款，仅研究评测用途,edgetts,cantonese,SC-000109,zh-HK-HiuMaanNeural,
data/redteam/factory/edgetts/cantonese/edgetts_cantonese_zh-HK-HiuMaanNeural_SC-000112.wav,spoof,RT-EDGETTS-CANTONESE,clean,redteam_factory/Edge-TTS,微软服务条款，仅研究评测用途,edgetts,cantonese,SC-000112,zh-HK-HiuMaanNeural,
data/redteam/factory/edgetts/cantonese/edgetts_cantonese_zh-HK-HiuMaanNeural_SC-000116.wav,spoof,RT-EDGETTS-CANTONESE,clean,redteam_factory/Edge-TTS,微软服务条款，仅研究评测用途,edgetts,cantonese,SC-000116,zh-HK-HiuMaanNeural,
data/redteam/factory/edgetts/cantonese/edgetts_cantonese_zh-HK-HiuMaanNeural_SC-000119.wav,spoof,RT-EDGETTS-CANTONESE,clean,redteam_factory/Edge-TTS,微软服务条款，仅研究评测用途,edgetts,cantonese,SC-000119,zh-HK-HiuMaanNeural,
data/redteam/factory/edgetts/cantonese/edgetts_cantonese_zh-HK-HiuMaanNeural_SC-000131.wav,spoof,RT-EDGETTS-CANTONESE,clean,redteam_factory/Edge-TTS,微软服务条款，仅研究评测用途,edgetts,cantonese,SC-000131,zh-HK-HiuMaanNeural,
data/redteam/factory/edgetts/cantonese/edgetts_cantonese_zh-HK-HiuMaanNeural_SC-000140.wav,spoof,RT-EDGETTS-CANTONESE,clean,redteam_factory/Edge-TTS,微软服务条款，仅研究评测用途,edgetts,cantonese,SC-000140,zh-HK-HiuMaanNeural,
data/redteam/factory/edgetts/cantonese/edgetts_cantonese_zh-HK-HiuMaanNeural_SC-000142.wav,spoof,RT-EDGETTS-CANTONESE,clean,redteam_factory/Edge-TTS,微软服务条款，仅研究评测用途,edgetts,cantonese,SC-000142,zh-HK-HiuMaanNeural,
data/redteam/factory/edgetts/cantonese/edgetts_cantonese_zh-HK-HiuMaanNeural_SC-000145.wav,spoof,RT-EDGETTS-CANTONESE,clean,redteam_factory/Edge-TTS,微软服务条款，仅研究评测用途,edgetts,cantonese,SC-000145,zh-HK-HiuMaanNeural,
data/redteam/factory/edgetts/cantonese/edgetts_cantonese_zh-HK-HiuMaanNeural_SC-000155.wav,spoof,RT-EDGETTS-CANTONESE,clean,redteam_factory/Edge-TTS,微软服务条款，仅研究评测用途,edgetts,cantonese,SC-000155,zh-HK-HiuMaanNeural,
data/redteam/factory/edgetts/cantonese/edgetts_cantonese_zh-HK-HiuMaanNeural_SC-000187.wav,spoof,RT-EDGETTS-CANTONESE,clean,redteam_factory/Edge-TTS,微软服务条款，仅研究评测用途,edgetts,cantonese,SC-000187,zh-HK-HiuMaanNeural,
data/redteam/factory/edgetts/cantonese/edgetts_cantonese_zh-HK-HiuMaanNeural_SC-000191.wav,spoof,RT-EDGETTS-CANTONESE,clean,redteam_factory/Edge-TTS,微软服务条款，仅研究评测用途,edgetts,cantonese,SC-000191,zh-HK-HiuMaanNeural,
data/redteam/factory/edgetts/cantonese/edgetts_cantonese_zh-HK-HiuMaanNeural_SC-000197.wav,spoof,RT-EDGETTS-CANTONESE,clean,redteam_factory/Edge-TTS,微软服务条款，仅研究评测用途,edgetts,cantonese,SC-000197,zh-HK-HiuMaanNeural,
data/redteam/factory/edgetts/cantonese/edgetts_cantonese_zh-HK-HiuMaanNeural_SC-000209.wav,spoof,RT-EDGETTS-CANTONESE,clean,redteam_factory/Edge-TTS,微软服务条款，仅研究评测用途,edgetts,cantonese,SC-000209,zh-HK-HiuMaanNeural,
data/redteam/factory/edgetts/cantonese/edgetts_cantonese_zh-HK-HiuMaanNeural_SC-000228.wav,spoof,RT-EDGETTS-CANTONESE,clean,redteam_factory/Edge-TTS,微软服务条款，仅研究评测用途,edgetts,cantonese,SC-000228,zh-HK-HiuMaanNeural,
data/redteam/factory/edgetts/cantonese/edgetts_cantonese_zh-HK-HiuMaanNeural_SC-000239.wav,spoof,RT-EDGETTS-CANTONESE,clean,redteam_factory/Edge-TTS,微软服务条款，仅研究评测用途,edgetts,cantonese,SC-000239,zh-HK-HiuMaanNeural,
data/redteam/factory/edgetts/cantonese/edgetts_cantonese_zh-HK-HiuMaanNeural_SC-000245.wav,spoof,RT-EDGETTS-CANTONESE,clean,redteam_factory/Edge-TTS,微软服务条款，仅研究评测用途,edgetts,cantonese,SC-000245,zh-HK-HiuMaanNeural,
data/redteam/factory/edgetts/cantonese/edgetts_cantonese_zh-HK-HiuMaanNeural_SC-000246.wav,spoof,RT-EDGETTS-CANTONESE,clean,redteam_factory/Edge-TTS,微软服务条款，仅研究评测用途,edgetts,cantonese,SC-000246,zh-HK-HiuMaanNeural,
data/redteam/factory/edgetts/cantonese/edgetts_cantonese_zh-HK-HiuMaanNeural_SC-000247.wav,spoof,RT-EDGETTS-CANTONESE,clean,redteam_factory/Edge-TTS,微软服务条款，仅研究评测用途,edgetts,cantonese,SC-000247,zh-HK-HiuMaanNeural,
data/redteam/factory/edgetts/cantonese/edgetts_cantonese_zh-HK-HiuMaanNeural_SC-000248.wav,spoof,RT-EDGETTS-CANTONESE,clean,redteam_factory/Edge-TTS,微软服务条款，仅研究评测用途,edgetts,cantonese,SC-000248,zh-HK-HiuMaanNeural,
data/redteam/factory/edgetts/cantonese/edgetts_cantonese_zh-HK-HiuMaanNeural_SC-000258.wav,spoof,RT-EDGETTS-CANTONESE,clean,redteam_factory/Edge-TTS,微软服务条款，仅研究评测用途,edgetts,cantonese,SC-000258,zh-HK-HiuMaanNeural,
data/redteam/factory/edgetts/cantonese/edgetts_cantonese_zh-HK-HiuMaanNeural_SC-000277.wav,spoof,RT-EDGETTS-CANTONESE,clean,redteam_factory/Edge-TTS,微软服务条款，仅研究评测用途,edgetts,cantonese,SC-000277,zh-HK-HiuMaanNeural,
data/redteam/factory/edgetts/cantonese/edgetts_cantonese_zh-HK-HiuMaanNeural_SC-000281.wav,spoof,RT-EDGETTS-CANTONESE,clean,redteam_factory/Edge-TTS,微软服务条款，仅研究评测用途,edgetts,cantonese,SC-000281,zh-HK-HiuMaanNeural,
data/redteam/factory/edgetts/cantonese/edgetts_cantonese_zh-HK-HiuMaanNeural_SC-000285.wav,spoof,RT-EDGETTS-CANTONESE,clean,redteam_factory/Edge-TTS,微软服务条款，仅研究评测用途,edgetts,cantonese,SC-000285,zh-HK-HiuMaanNeural,
data/redteam/factory/edgetts/cantonese/edgetts_cantonese_zh-HK-HiuMaanNeural_SC-000296.wav,spoof,RT-EDGETTS-CANTONESE,clean,redteam_factory/Edge-TTS,微软服务条款，仅研究评测用途,edgetts,cantonese,SC-000296,zh-HK-HiuMaanNeural,
data/redteam/factory/edgetts/cantonese/edgetts_cantonese_zh-HK-HiuMaanNeural_SC-000305.wav,spoof,RT-EDGETTS-CANTONESE,clean,redteam_factory/Edge-TTS,微软服务条款，仅研究评测用途,edgetts,cantonese,SC-000305,zh-HK-HiuMaanNeural,
data/redteam/factory/edgetts/cantonese/edgetts_cantonese_zh-HK-HiuMaanNeural_SC-000312.wav,spoof,RT-EDGETTS-CANTONESE,clean,redteam_factory/Edge-TTS,微软服务条款，仅研究评测用途,edgetts,cantonese,SC-000312,zh-HK-HiuMaanNeural,
data/redteam/factory/edgetts/cantonese/edgetts_cantonese_zh-HK-HiuMaanNeural_SC-000329.wav,spoof,RT-EDGETTS-CANTONESE,clean,redteam_factory/Edge-TTS,微软服务条款，仅研究评测用途,edgetts,cantonese,SC-000329,zh-HK-HiuMaanNeural,
data/redteam/factory/edgetts/cantonese/edgetts_cantonese_zh-HK-HiuMaanNeural_SC-000333.wav,spoof,RT-EDGETTS-CANTONESE,clean,redteam_factory/Edge-TTS,微软服务条款，仅研究评测用途,edgetts,cantonese,SC-000333,zh-HK-HiuMaanNeural,
data/redteam/factory/edgetts/cantonese/edgetts_cantonese_zh-HK-HiuMaanNeural_SC-000352.wav,spoof,RT-EDGETTS-CANTONESE,clean,redteam_factory/Edge-TTS,微软服务条款，仅研究评测用途,edgetts,cantonese,SC-000352,zh-HK-HiuMaanNeural,
data/redteam/factory/edgetts/cantonese/edgetts_cantonese_zh-HK-HiuMaanNeural_SC-000389.wav,spoof,RT-EDGETTS-CANTONESE,clean,redteam_factory/Edge-TTS,微软服务条款，仅研究评测用途,edgetts,cantonese,SC-000389,zh-HK-HiuMaanNeural,
data/redteam/factory/edgetts/cantonese/edgetts_cantonese_zh-HK-HiuMaanNeural_SC-000395.wav,spoof,RT-EDGETTS-CANTONESE,clean,redteam_factory/Edge-TTS,微软服务条款，仅研究评测用途,edgetts,cantonese,SC-000395,zh-HK-HiuMaanNeural,
data/redteam/factory/edgetts/cantonese/edgetts_cantonese_zh-HK-HiuMaanNeural_SC-000399.wav,spoof,RT-EDGETTS-CANTONESE,clean,redteam_factory/Edge-TTS,微软服务条款，仅研究评测用途,edgetts,cantonese,SC-000399,zh-HK-HiuMaanNeural,
data/redteam/factory/edgetts/cantonese/edgetts_cantonese_zh-HK-HiuMaanNeural_SC-000410.wav,spoof,RT-EDGETTS-CANTONESE,clean,redteam_factory/Edge-TTS,微软服务条款，仅研究评测用途,edgetts,cantonese,SC-000410,zh-HK-HiuMaanNeural,
data/redteam/factory/edgetts/cantonese/edgetts_cantonese_zh-HK-HiuMaanNeural_SC-000419.wav,spoof,RT-EDGETTS-CANTONESE,clean,redteam_factory/Edge-TTS,微软服务条款，仅研究评测用途,edgetts,cantonese,SC-000419,zh-HK-HiuMaanNeural,
data/redteam/factory/edgetts/cantonese/edgetts_cantonese_zh-HK-HiuMaanNeural_SC-000427.wav,spoof,RT-EDGETTS-CANTONESE,clean,redteam_factory/Edge-TTS,微软服务条款，仅研究评测用途,edgetts,cantonese,SC-000427,zh-HK-HiuMaanNeural,
data/redteam/factory/edgetts/cantonese/edgetts_cantonese_zh-HK-HiuMaanNeural_SC-000443.wav,spoof,RT-EDGETTS-CANTONESE,clean,redteam_factory/Edge-TTS,微软服务条款，仅研究评测用途,edgetts,cantonese,SC-000443,zh-HK-HiuMaanNeural,
data/redteam/factory/edgetts/cantonese/edgetts_cantonese_zh-HK-HiuMaanNeural_SC-000447.wav,spoof,RT-EDGETTS-CANTONESE,clean,redteam_factory/Edge-TTS,微软服务条款，仅研究评测用途,edgetts,cantonese,SC-000447,zh-HK-HiuMaanNeural,
data/redteam/factory/edgetts/cantonese/edgetts_cantonese_zh-HK-HiuMaanNeural_SC-000458.wav,spoof,RT-EDGETTS-CANTONESE,clean,redteam_factory/Edge-TTS,微软服务条款，仅研究评测用途,edgetts,cantonese,SC-000458,zh-HK-HiuMaanNeural,
data/redteam/factory/edgetts/cantonese/edgetts_cantonese_zh-HK-WanLungNeural_SC-000040.wav,spoof,RT-EDGETTS-CANTONESE,clean,redteam_factory/Edge-TTS,微软服务条款，仅研究评测用途,edgetts,cantonese,SC-000040,zh-HK-WanLungNeural,
data/redteam/factory/edgetts/cantonese/edgetts_cantonese_zh-HK-WanLungNeural_SC-000048.wav,spoof,RT-EDGETTS-CANTONESE,clean,redteam_factory/Edge-TTS,微软服务条款，仅研究评测用途,edgetts,cantonese,SC-000048,zh-HK-WanLungNeural,
data/redteam/factory/edgetts/cantonese/edgetts_cantonese_zh-HK-WanLungNeural_SC-000049.wav,spoof,RT-EDGETTS-CANTONESE,clean,redteam_factory/Edge-TTS,微软服务条款，仅研究评测用途,edgetts,cantonese,SC-000049,zh-HK-WanLungNeural,
data/redteam/factory/edgetts/cantonese/edgetts_cantonese_zh-HK-WanLungNeural_SC-000052.wav,spoof,RT-EDGETTS-CANTONESE,clean,redteam_factory/Edge-TTS,微软服务条款，仅研究评测用途,edgetts,cantonese,SC-000052,zh-HK-WanLungNeural,
data/redteam/factory/edgetts/cantonese/edgetts_cantonese_zh-HK-WanLungNeural_SC-000079.wav,spoof,RT-EDGETTS-CANTONESE,clean,redteam_factory/Edge-TTS,微软服务条款，仅研究评测用途,edgetts,cantonese,SC-000079,zh-HK-WanLungNeural,
data/redteam/factory/edgetts/cantonese/edgetts_cantonese_zh-HK-WanLungNeural_SC-000094.wav,spoof,RT-EDGETTS-CANTONESE,clean,redteam_factory/Edge-TTS,微软服务条款，仅研究评测用途,edgetts,cantonese,SC-000094,zh-HK-WanLungNeural,
data/redteam/factory/edgetts/cantonese/edgetts_cantonese_zh-HK-WanLungNeural_SC-000103.wav,spoof,RT-EDGETTS-CANTONESE,clean,redteam_factory/Edge-TTS,微软服务条款，仅研究评测用途,edgetts,cantonese,SC-000103,zh-HK-WanLungNeural,
data/redteam/factory/edgetts/cantonese/edgetts_cantonese_zh-HK-WanLungNeural_SC-000109.wav,spoof,RT-EDGETTS-CANTONESE,clean,redteam_factory/Edge-TTS,微软服务条款，仅研究评测用途,edgetts,cantonese,SC-000109,zh-HK-WanLungNeural,
data/redteam/factory/edgetts/cantonese/edgetts_cantonese_zh-HK-WanLungNeural_SC-000112.wav,spoof,RT-EDGETTS-CANTONESE,clean,redteam_factory/Edge-TTS,微软服务条款，仅研究评测用途,edgetts,cantonese,SC-000112,zh-HK-WanLungNeural,
data/redteam/factory/edgetts/cantonese/edgetts_cantonese_zh-HK-WanLungNeural_SC-000116.wav,spoof,RT-EDGETTS-CANTONESE,clean,redteam_factory/Edge-TTS,微软服务条款，仅研究评测用途,edgetts,cantonese,SC-000116,zh-HK-WanLungNeural,
data/redteam/factory/edgetts/cantonese/edgetts_cantonese_zh-HK-WanLungNeural_SC-000119.wav,spoof,RT-EDGETTS-CANTONESE,clean,redteam_factory/Edge-TTS,微软服务条款，仅研究评测用途,edgetts,cantonese,SC-000119,zh-HK-WanLungNeural,
data/redteam/factory/edgetts/cantonese/edgetts_cantonese_zh-HK-WanLungNeural_SC-000131.wav,spoof,RT-EDGETTS-CANTONESE,clean,redteam_factory/Edge-TTS,微软服务条款，仅研究评测用途,edgetts,cantonese,SC-000131,zh-HK-WanLungNeural,
data/redteam/factory/edgetts/cantonese/edgetts_cantonese_zh-HK-WanLungNeural_SC-000140.wav,spoof,RT-EDGETTS-CANTONESE,clean,redteam_factory/Edge-TTS,微软服务条款，仅研究评测用途,edgetts,cantonese,SC-000140,zh-HK-WanLungNeural,
data/redteam/factory/edgetts/cantonese/edgetts_cantonese_zh-HK-WanLungNeural_SC-000142.wav,spoof,RT-EDGETTS-CANTONESE,clean,redteam_factory/Edge-TTS,微软服务条款，仅研究评测用途,edgetts,cantonese,SC-000142,zh-HK-WanLungNeural,
data/redteam/factory/edgetts/cantonese/edgetts_cantonese_zh-HK-WanLungNeural_SC-000145.wav,spoof,RT-EDGETTS-CANTONESE,clean,redteam_factory/Edge-TTS,微软服务条款，仅研究评测用途,edgetts,cantonese,SC-000145,zh-HK-WanLungNeural,
data/redteam/factory/edgetts/cantonese/edgetts_cantonese_zh-HK-WanLungNeural_SC-000155.wav,spoof,RT-EDGETTS-CANTONESE,clean,redteam_factory/Edge-TTS,微软服务条款，仅研究评测用途,edgetts,cantonese,SC-000155,zh-HK-WanLungNeural,
data/redteam/factory/edgetts/cantonese/edgetts_cantonese_zh-HK-WanLungNeural_SC-000187.wav,spoof,RT-EDGETTS-CANTONESE,clean,redteam_factory/Edge-TTS,微软服务条款，仅研究评测用途,edgetts,cantonese,SC-000187,zh-HK-WanLungNeural,
data/redteam/factory/edgetts/cantonese/edgetts_cantonese_zh-HK-WanLungNeural_SC-000191.wav,spoof,RT-EDGETTS-CANTONESE,clean,redteam_factory/Edge-TTS,微软服务条款，仅研究评测用途,edgetts,cantonese,SC-000191,zh-HK-WanLungNeural,
data/redteam/factory/edgetts/cantonese/edgetts_cantonese_zh-HK-WanLungNeural_SC-000197.wav,spoof,RT-EDGETTS-CANTONESE,clean,redteam_factory/Edge-TTS,微软服务条款，仅研究评测用途,edgetts,cantonese,SC-000197,zh-HK-WanLungNeural,
data/redteam/factory/edgetts/cantonese/edgetts_cantonese_zh-HK-WanLungNeural_SC-000209.wav,spoof,RT-EDGETTS-CANTONESE,clean,redteam_factory/Edge-TTS,微软服务条款，仅研究评测用途,edgetts,cantonese,SC-000209,zh-HK-WanLungNeural,
data/redteam/factory/edgetts/cantonese/edgetts_cantonese_zh-HK-WanLungNeural_SC-000228.wav,spoof,RT-EDGETTS-CANTONESE,clean,redteam_factory/Edge-TTS,微软服务条款，仅研究评测用途,edgetts,cantonese,SC-000228,zh-HK-WanLungNeural,
data/redteam/factory/edgetts/cantonese/edgetts_cantonese_zh-HK-WanLungNeural_SC-000239.wav,spoof,RT-EDGETTS-CANTONESE,clean,redteam_factory/Edge-TTS,微软服务条款，仅研究评测用途,edgetts,cantonese,SC-000239,zh-HK-WanLungNeural,
data/redteam/factory/edgetts/cantonese/edgetts_cantonese_zh-HK-WanLungNeural_SC-000245.wav,spoof,RT-EDGETTS-CANTONESE,clean,redteam_factory/Edge-TTS,微软服务条款，仅研究评测用途,edgetts,cantonese,SC-000245,zh-HK-WanLungNeural,
data/redteam/factory/edgetts/cantonese/edgetts_cantonese_zh-HK-WanLungNeural_SC-000246.wav,spoof,RT-EDGETTS-CANTONESE,clean,redteam_factory/Edge-TTS,微软服务条款，仅研究评测用途,edgetts,cantonese,SC-000246,zh-HK-WanLungNeural,
data/redteam/factory/edgetts/cantonese/edgetts_cantonese_zh-HK-WanLungNeural_SC-000247.wav,spoof,RT-EDGETTS-CANTONESE,clean,redteam_factory/Edge-TTS,微软服务条款，仅研究评测用途,edgetts,cantonese,SC-000247,zh-HK-WanLungNeural,
data/redteam/factory/edgetts/cantonese/edgetts_cantonese_zh-HK-WanLungNeural_SC-000248.wav,spoof,RT-EDGETTS-CANTONESE,clean,redteam_factory/Edge-TTS,微软服务条款，仅研究评测用途,edgetts,cantonese,SC-000248,zh-HK-WanLungNeural,
data/redteam/factory/edgetts/cantonese/edgetts_cantonese_zh-HK-WanLungNeural_SC-000258.wav,spoof,RT-EDGETTS-CANTONESE,clean,redteam_factory/Edge-TTS,微软服务条款，仅研究评测用途,edgetts,cantonese,SC-000258,zh-HK-WanLungNeural,
data/redteam/factory/edgetts/cantonese/edgetts_cantonese_zh-HK-WanLungNeural_SC-000277.wav,spoof,RT-EDGETTS-CANTONESE,clean,redteam_factory/Edge-TTS,微软服务条款，仅研究评测用途,edgetts,cantonese,SC-000277,zh-HK-WanLungNeural,
data/redteam/factory/edgetts/cantonese/edgetts_cantonese_zh-HK-WanLungNeural_SC-000281.wav,spoof,RT-EDGETTS-CANTONESE,clean,redteam_factory/Edge-TTS,微软服务条款，仅研究评测用途,edgetts,cantonese,SC-000281,zh-HK-WanLungNeural,
data/redteam/factory/edgetts/cantonese/edgetts_cantonese_zh-HK-WanLungNeural_SC-000285.wav,spoof,RT-EDGETTS-CANTONESE,clean,redteam_factory/Edge-TTS,微软服务条款，仅研究评测用途,edgetts,cantonese,SC-000285,zh-HK-WanLungNeural,
data/redteam/factory/edgetts/cantonese/edgetts_cantonese_zh-HK-WanLungNeural_SC-000296.wav,spoof,RT-EDGETTS-CANTONESE,clean,redteam_factory/Edge-TTS,微软服务条款，仅研究评测用途,edgetts,cantonese,SC-000296,zh-HK-WanLungNeural,
data/redteam/factory/edgetts/cantonese/edgetts_cantonese_zh-HK-WanLungNeural_SC-000305.wav,spoof,RT-EDGETTS-CANTONESE,clean,redteam_factory/Edge-TTS,微软服务条款，仅研究评测用途,edgetts,cantonese,SC-000305,zh-HK-WanLungNeural,
data/redteam/factory/edgetts/cantonese/edgetts_cantonese_zh-HK-WanLungNeural_SC-000312.wav,spoof,RT-EDGETTS-CANTONESE,clean,redteam_factory/Edge-TTS,微软服务条款，仅研究评测用途,edgetts,cantonese,SC-000312,zh-HK-WanLungNeural,
data/redteam/factory/edgetts/cantonese/edgetts_cantonese_zh-HK-WanLungNeural_SC-000329.wav,spoof,RT-EDGETTS-CANTONESE,clean,redteam_factory/Edge-TTS,微软服务条款，仅研究评测用途,edgetts,cantonese,SC-000329,zh-HK-WanLungNeural,
data/redteam/factory/edgetts/cantonese/edgetts_cantonese_zh-HK-WanLungNeural_SC-000333.wav,spoof,RT-EDGETTS-CANTONESE,clean,redteam_factory/Edge-TTS,微软服务条款，仅研究评测用途,edgetts,cantonese,SC-000333,zh-HK-WanLungNeural,
data/redteam/factory/edgetts/cantonese/edgetts_cantonese_zh-HK-WanLungNeural_SC-000352.wav,spoof,RT-EDGETTS-CANTONESE,clean,redteam_factory/Edge-TTS,微软服务条款，仅研究评测用途,edgetts,cantonese,SC-000352,zh-HK-WanLungNeural,
data/redteam/factory/edgetts/cantonese/edgetts_cantonese_zh-HK-WanLungNeural_SC-000389.wav,spoof,RT-EDGETTS-CANTONESE,clean,redteam_factory/Edge-TTS,微软服务条款，仅研究评测用途,edgetts,cantonese,SC-000389,zh-HK-WanLungNeural,
data/redteam/factory/edgetts/cantonese/edgetts_cantonese_zh-HK-WanLungNeural_SC-000395.wav,spoof,RT-EDGETTS-CANTONESE,clean,redteam_factory/Edge-TTS,微软服务条款，仅研究评测用途,edgetts,cantonese,SC-000395,zh-HK-WanLungNeural,
data/redteam/factory/edgetts/cantonese/edgetts_cantonese_zh-HK-WanLungNeural_SC-000399.wav,spoof,RT-EDGETTS-CANTONESE,clean,redteam_factory/Edge-TTS,微软服务条款，仅研究评测用途,edgetts,cantonese,SC-000399,zh-HK-WanLungNeural,
data/redteam/factory/edgetts/cantonese/edgetts_cantonese_zh-HK-WanLungNeural_SC-000410.wav,spoof,RT-EDGETTS-CANTONESE,clean,redteam_factory/Edge-TTS,微软服务条款，仅研究评测用途,edgetts,cantonese,SC-000410,zh-HK-WanLungNeural,
data/redteam/factory/edgetts/cantonese/edgetts_cantonese_zh-HK-WanLungNeural_SC-000419.wav,spoof,RT-EDGETTS-CANTONESE,clean,redteam_factory/Edge-TTS,微软服务条款，仅研究评测用途,edgetts,cantonese,SC-000419,zh-HK-WanLungNeural,
data/redteam/factory/edgetts/cantonese/edgetts_cantonese_zh-HK-WanLungNeural_SC-000427.wav,spoof,RT-EDGETTS-CANTONESE,clean,redteam_factory/Edge-TTS,微软服务条款，仅研究评测用途,edgetts,cantonese,SC-000427,zh-HK-WanLungNeural,
data/redteam/factory/edgetts/cantonese/edgetts_cantonese_zh-HK-WanLungNeural_SC-000443.wav,spoof,RT-EDGETTS-CANTONESE,clean,redteam_factory/Edge-TTS,微软服务条款，仅研究评测用途,edgetts,cantonese,SC-000443,zh-HK-WanLungNeural,
data/redteam/factory/edgetts/cantonese/edgetts_cantonese_zh-HK-WanLungNeural_SC-000447.wav,spoof,RT-EDGETTS-CANTONESE,clean,redteam_factory/Edge-TTS,微软服务条款，仅研究评测用途,edgetts,cantonese,SC-000447,zh-HK-WanLungNeural,
data/redteam/factory/edgetts/cantonese/edgetts_cantonese_zh-HK-WanLungNeural_SC-000458.wav,spoof,RT-EDGETTS-CANTONESE,clean,redteam_factory/Edge-TTS,微软服务条款，仅研究评测用途,edgetts,cantonese,SC-000458,zh-HK-WanLungNeural,
data/redteam/factory/edgetts/dongbei/edgetts_dongbei_zh-CN-liaoning-XiaobeiNeural_SC-000031.wav,spoof,RT-EDGETTS-DONGBEI,clean,redteam_factory/Edge-TTS,微软服务条款，仅研究评测用途,edgetts,dongbei,SC-000031,zh-CN-liaoning-XiaobeiNeural,
data/redteam/factory/edgetts/dongbei/edgetts_dongbei_zh-CN-liaoning-XiaobeiNeural_SC-000032.wav,spoof,RT-EDGETTS-DONGBEI,clean,redteam_factory/Edge-TTS,微软服务条款，仅研究评测用途,edgetts,dongbei,SC-000032,zh-CN-liaoning-XiaobeiNeural,
data/redteam/factory/edgetts/dongbei/edgetts_dongbei_zh-CN-liaoning-XiaobeiNeural_SC-000043.wav,spoof,RT-EDGETTS-DONGBEI,clean,redteam_factory/Edge-TTS,微软服务条款，仅研究评测用途,edgetts,dongbei,SC-000043,zh-CN-liaoning-XiaobeiNeural,
data/redteam/factory/edgetts/dongbei/edgetts_dongbei_zh-CN-liaoning-XiaobeiNeural_SC-000051.wav,spoof,RT-EDGETTS-DONGBEI,clean,redteam_factory/Edge-TTS,微软服务条款，仅研究评测用途,edgetts,dongbei,SC-000051,zh-CN-liaoning-XiaobeiNeural,
data/redteam/factory/edgetts/dongbei/edgetts_dongbei_zh-CN-liaoning-XiaobeiNeural_SC-000061.wav,spoof,RT-EDGETTS-DONGBEI,clean,redteam_factory/Edge-TTS,微软服务条款，仅研究评测用途,edgetts,dongbei,SC-000061,zh-CN-liaoning-XiaobeiNeural,
data/redteam/factory/edgetts/dongbei/edgetts_dongbei_zh-CN-liaoning-XiaobeiNeural_SC-000078.wav,spoof,RT-EDGETTS-DONGBEI,clean,redteam_factory/Edge-TTS,微软服务条款，仅研究评测用途,edgetts,dongbei,SC-000078,zh-CN-liaoning-XiaobeiNeural,
data/redteam/factory/edgetts/dongbei/edgetts_dongbei_zh-CN-liaoning-XiaobeiNeural_SC-000081.wav,spoof,RT-EDGETTS-DONGBEI,clean,redteam_factory/Edge-TTS,微软服务条款，仅研究评测用途,edgetts,dongbei,SC-000081,zh-CN-liaoning-XiaobeiNeural,
data/redteam/factory/edgetts/dongbei/edgetts_dongbei_zh-CN-liaoning-XiaobeiNeural_SC-000084.wav,spoof,RT-EDGETTS-DONGBEI,clean,redteam_factory/Edge-TTS,微软服务条款，仅研究评测用途,edgetts,dongbei,SC-000084,zh-CN-liaoning-XiaobeiNeural,
data/redteam/factory/edgetts/dongbei/edgetts_dongbei_zh-CN-liaoning-XiaobeiNeural_SC-000087.wav,spoof,RT-EDGETTS-DONGBEI,clean,redteam_factory/Edge-TTS,微软服务条款，仅研究评测用途,edgetts,dongbei,SC-000087,zh-CN-liaoning-XiaobeiNeural,
data/redteam/factory/edgetts/dongbei/edgetts_dongbei_zh-CN-liaoning-XiaobeiNeural_SC-000102.wav,spoof,RT-EDGETTS-DONGBEI,clean,redteam_factory/Edge-TTS,微软服务条款，仅研究评测用途,edgetts,dongbei,SC-000102,zh-CN-liaoning-XiaobeiNeural,
data/redteam/factory/edgetts/dongbei/edgetts_dongbei_zh-CN-liaoning-XiaobeiNeural_SC-000111.wav,spoof,RT-EDGETTS-DONGBEI,clean,redteam_factory/Edge-TTS,微软服务条款，仅研究评测用途,edgetts,dongbei,SC-000111,zh-CN-liaoning-XiaobeiNeural,
data/redteam/factory/edgetts/dongbei/edgetts_dongbei_zh-CN-liaoning-XiaobeiNeural_SC-000113.wav,spoof,RT-EDGETTS-DONGBEI,clean,redteam_factory/Edge-TTS,微软服务条款，仅研究评测用途,edgetts,dongbei,SC-000113,zh-CN-liaoning-XiaobeiNeural,
data/redteam/factory/edgetts/dongbei/edgetts_dongbei_zh-CN-liaoning-XiaobeiNeural_SC-000124.wav,spoof,RT-EDGETTS-DONGBEI,clean,redteam_factory/Edge-TTS,微软服务条款，仅研究评测用途,edgetts,dongbei,SC-000124,zh-CN-liaoning-XiaobeiNeural,
data/redteam/factory/edgetts/dongbei/edgetts_dongbei_zh-CN-liaoning-XiaobeiNeural_SC-000126.wav,spoof,RT-EDGETTS-DONGBEI,clean,redteam_factory/Edge-TTS,微软服务条款，仅研究评测用途,edgetts,dongbei,SC-000126,zh-CN-liaoning-XiaobeiNeural,
data/redteam/factory/edgetts/dongbei/edgetts_dongbei_zh-CN-liaoning-XiaobeiNeural_SC-000141.wav,spoof,RT-EDGETTS-DONGBEI,clean,redteam_factory/Edge-TTS,微软服务条款，仅研究评测用途,edgetts,dongbei,SC-000141,zh-CN-liaoning-XiaobeiNeural,
data/redteam/factory/edgetts/dongbei/edgetts_dongbei_zh-CN-liaoning-XiaobeiNeural_SC-000148.wav,spoof,RT-EDGETTS-DONGBEI,clean,redteam_factory/Edge-TTS,微软服务条款，仅研究评测用途,edgetts,dongbei,SC-000148,zh-CN-liaoning-XiaobeiNeural,
data/redteam/factory/edgetts/dongbei/edgetts_dongbei_zh-CN-liaoning-XiaobeiNeural_SC-000149.wav,spoof,RT-EDGETTS-DONGBEI,clean,redteam_factory/Edge-TTS,微软服务条款，仅研究评测用途,edgetts,dongbei,SC-000149,zh-CN-liaoning-XiaobeiNeural,
data/redteam/factory/edgetts/dongbei/edgetts_dongbei_zh-CN-liaoning-XiaobeiNeural_SC-000154.wav,spoof,RT-EDGETTS-DONGBEI,clean,redteam_factory/Edge-TTS,微软服务条款，仅研究评测用途,edgetts,dongbei,SC-000154,zh-CN-liaoning-XiaobeiNeural,
data/redteam/factory/edgetts/dongbei/edgetts_dongbei_zh-CN-liaoning-XiaobeiNeural_SC-000157.wav,spoof,RT-EDGETTS-DONGBEI,clean,redteam_factory/Edge-TTS,微软服务条款，仅研究评测用途,edgetts,dongbei,SC-000157,zh-CN-liaoning-XiaobeiNeural,
data/redteam/factory/edgetts/dongbei/edgetts_dongbei_zh-CN-liaoning-XiaobeiNeural_SC-000161.wav,spoof,RT-EDGETTS-DONGBEI,clean,redteam_factory/Edge-TTS,微软服务条款，仅研究评测用途,edgetts,dongbei,SC-000161,zh-CN-liaoning-XiaobeiNeural,
data/redteam/factory/edgetts/dongbei/edgetts_dongbei_zh-CN-liaoning-XiaobeiNeural_SC-000162.wav,spoof,RT-EDGETTS-DONGBEI,clean,redteam_factory/Edge-TTS,微软服务条款，仅研究评测用途,edgetts,dongbei,SC-000162,zh-CN-liaoning-XiaobeiNeural,
data/redteam/factory/edgetts/dongbei/edgetts_dongbei_zh-CN-liaoning-XiaobeiNeural_SC-000167.wav,spoof,RT-EDGETTS-DONGBEI,clean,redteam_factory/Edge-TTS,微软服务条款，仅研究评测用途,edgetts,dongbei,SC-000167,zh-CN-liaoning-XiaobeiNeural,
data/redteam/factory/edgetts/dongbei/edgetts_dongbei_zh-CN-liaoning-XiaobeiNeural_SC-000174.wav,spoof,RT-EDGETTS-DONGBEI,clean,redteam_factory/Edge-TTS,微软服务条款，仅研究评测用途,edgetts,dongbei,SC-000174,zh-CN-liaoning-XiaobeiNeural,
data/redteam/factory/edgetts/dongbei/edgetts_dongbei_zh-CN-liaoning-XiaobeiNeural_SC-000200.wav,spoof,RT-EDGETTS-DONGBEI,clean,redteam_factory/Edge-TTS,微软服务条款，仅研究评测用途,edgetts,dongbei,SC-000200,zh-CN-liaoning-XiaobeiNeural,
data/redteam/factory/edgetts/dongbei/edgetts_dongbei_zh-CN-liaoning-XiaobeiNeural_SC-000206.wav,spoof,RT-EDGETTS-DONGBEI,clean,redteam_factory/Edge-TTS,微软服务条款，仅研究评测用途,edgetts,dongbei,SC-000206,zh-CN-liaoning-XiaobeiNeural,
data/redteam/factory/edgetts/dongbei/edgetts_dongbei_zh-CN-liaoning-XiaobeiNeural_SC-000225.wav,spoof,RT-EDGETTS-DONGBEI,clean,redteam_factory/Edge-TTS,微软服务条款，仅研究评测用途,edgetts,dongbei,SC-000225,zh-CN-liaoning-XiaobeiNeural,
data/redteam/factory/edgetts/dongbei/edgetts_dongbei_zh-CN-liaoning-XiaobeiNeural_SC-000226.wav,spoof,RT-EDGETTS-DONGBEI,clean,redteam_factory/Edge-TTS,微软服务条款，仅研究评测用途,edgetts,dongbei,SC-000226,zh-CN-liaoning-XiaobeiNeural,
data/redteam/factory/edgetts/dongbei/edgetts_dongbei_zh-CN-liaoning-XiaobeiNeural_SC-000231.wav,spoof,RT-EDGETTS-DONGBEI,clean,redteam_factory/Edge-TTS,微软服务条款，仅研究评测用途,edgetts,dongbei,SC-000231,zh-CN-liaoning-XiaobeiNeural,
data/redteam/factory/edgetts/dongbei/edgetts_dongbei_zh-CN-liaoning-XiaobeiNeural_SC-000243.wav,spoof,RT-EDGETTS-DONGBEI,clean,redteam_factory/Edge-TTS,微软服务条款，仅研究评测用途,edgetts,dongbei,SC-000243,zh-CN-liaoning-XiaobeiNeural,
data/redteam/factory/edgetts/dongbei/edgetts_dongbei_zh-CN-liaoning-XiaobeiNeural_SC-000256.wav,spoof,RT-EDGETTS-DONGBEI,clean,redteam_factory/Edge-TTS,微软服务条款，仅研究评测用途,edgetts,dongbei,SC-000256,zh-CN-liaoning-XiaobeiNeural,
data/redteam/factory/edgetts/dongbei/edgetts_dongbei_zh-CN-liaoning-XiaobeiNeural_SC-000264.wav,spoof,RT-EDGETTS-DONGBEI,clean,redteam_factory/Edge-TTS,微软服务条款，仅研究评测用途,edgetts,dongbei,SC-000264,zh-CN-liaoning-XiaobeiNeural,
data/redteam/factory/edgetts/dongbei/edgetts_dongbei_zh-CN-liaoning-XiaobeiNeural_SC-000270.wav,spoof,RT-EDGETTS-DONGBEI,clean,redteam_factory/Edge-TTS,微软服务条款，仅研究评测用途,edgetts,dongbei,SC-000270,zh-CN-liaoning-XiaobeiNeural,
data/redteam/factory/edgetts/dongbei/edgetts_dongbei_zh-CN-liaoning-XiaobeiNeural_SC-000273.wav,spoof,RT-EDGETTS-DONGBEI,clean,redteam_factory/Edge-TTS,微软服务条款，仅研究评测用途,edgetts,dongbei,SC-000273,zh-CN-liaoning-XiaobeiNeural,
data/redteam/factory/edgetts/dongbei/edgetts_dongbei_zh-CN-liaoning-XiaobeiNeural_SC-000275.wav,spoof,RT-EDGETTS-DONGBEI,clean,redteam_factory/Edge-TTS,微软服务条款，仅研究评测用途,edgetts,dongbei,SC-000275,zh-CN-liaoning-XiaobeiNeural,
data/redteam/factory/edgetts/dongbei/edgetts_dongbei_zh-CN-liaoning-XiaobeiNeural_SC-000288.wav,spoof,RT-EDGETTS-DONGBEI,clean,redteam_factory/Edge-TTS,微软服务条款，仅研究评测用途,edgetts,dongbei,SC-000288,zh-CN-liaoning-XiaobeiNeural,
data/redteam/factory/edgetts/dongbei/edgetts_dongbei_zh-CN-liaoning-XiaobeiNeural_SC-000294.wav,spoof,RT-EDGETTS-DONGBEI,clean,redteam_factory/Edge-TTS,微软服务条款，仅研究评测用途,edgetts,dongbei,SC-000294,zh-CN-liaoning-XiaobeiNeural,
data/redteam/factory/edgetts/dongbei/edgetts_dongbei_zh-CN-liaoning-XiaobeiNeural_SC-000306.wav,spoof,RT-EDGETTS-DONGBEI,clean,redteam_factory/Edge-TTS,微软服务条款，仅研究评测用途,edgetts,dongbei,SC-000306,zh-CN-liaoning-XiaobeiNeural,
data/redteam/factory/edgetts/dongbei/edgetts_dongbei_zh-CN-liaoning-XiaobeiNeural_SC-000326.wav,spoof,RT-EDGETTS-DONGBEI,clean,redteam_factory/Edge-TTS,微软服务条款，仅研究评测用途,edgetts,dongbei,SC-000326,zh-CN-liaoning-XiaobeiNeural,
data/redteam/factory/edgetts/dongbei/edgetts_dongbei_zh-CN-liaoning-XiaobeiNeural_SC-000328.wav,spoof,RT-EDGETTS-DONGBEI,clean,redteam_factory/Edge-TTS,微软服务条款，仅研究评测用途,edgetts,dongbei,SC-000328,zh-CN-liaoning-XiaobeiNeural,
data/redteam/factory/edgetts/dongbei/edgetts_dongbei_zh-CN-liaoning-XiaobeiNeural_SC-000343.wav,spoof,RT-EDGETTS-DONGBEI,clean,redteam_factory/Edge-TTS,微软服务条款，仅研究评测用途,edgetts,dongbei,SC-000343,zh-CN-liaoning-XiaobeiNeural,
data/redteam/factory/edgetts/dongbei/edgetts_dongbei_zh-CN-liaoning-XiaobeiNeural_SC-000349.wav,spoof,RT-EDGETTS-DONGBEI,clean,redteam_factory/Edge-TTS,微软服务条款，仅研究评测用途,edgetts,dongbei,SC-000349,zh-CN-liaoning-XiaobeiNeural,
data/redteam/factory/edgetts/dongbei/edgetts_dongbei_zh-CN-liaoning-XiaobeiNeural_SC-000366.wav,spoof,RT-EDGETTS-DONGBEI,clean,redteam_factory/Edge-TTS,微软服务条款，仅研究评测用途,edgetts,dongbei,SC-000366,zh-CN-liaoning-XiaobeiNeural,
data/redteam/factory/edgetts/dongbei/edgetts_dongbei_zh-CN-liaoning-XiaobeiNeural_SC-000385.wav,spoof,RT-EDGETTS-DONGBEI,clean,redteam_factory/Edge-TTS,微软服务条款，仅研究评测用途,edgetts,dongbei,SC-000385,zh-CN-liaoning-XiaobeiNeural,
data/redteam/factory/edgetts/dongbei/edgetts_dongbei_zh-CN-liaoning-XiaobeiNeural_SC-000405.wav,spoof,RT-EDGETTS-DONGBEI,clean,redteam_factory/Edge-TTS,微软服务条款，仅研究评测用途,edgetts,dongbei,SC-000405,zh-CN-liaoning-XiaobeiNeural,
data/redteam/factory/edgetts/dongbei/edgetts_dongbei_zh-CN-liaoning-XiaobeiNeural_SC-000407.wav,spoof,RT-EDGETTS-DONGBEI,clean,redteam_factory/Edge-TTS,微软服务条款，仅研究评测用途,edgetts,dongbei,SC-000407,zh-CN-liaoning-XiaobeiNeural,
data/redteam/factory/edgetts/dongbei/edgetts_dongbei_zh-CN-liaoning-XiaobeiNeural_SC-000411.wav,spoof,RT-EDGETTS-DONGBEI,clean,redteam_factory/Edge-TTS,微软服务条款，仅研究评测用途,edgetts,dongbei,SC-000411,zh-CN-liaoning-XiaobeiNeural,
data/redteam/factory/edgetts/henan/edgetts_henan_zh-CN-shaanxi-XiaoniNeural_SC-000033.wav,spoof,RT-EDGETTS-HENAN,clean,redteam_factory/Edge-TTS,微软服务条款，仅研究评测用途,edgetts,henan,SC-000033,zh-CN-shaanxi-XiaoniNeural,
data/redteam/factory/edgetts/henan/edgetts_henan_zh-CN-shaanxi-XiaoniNeural_SC-000038.wav,spoof,RT-EDGETTS-HENAN,clean,redteam_factory/Edge-TTS,微软服务条款，仅研究评测用途,edgetts,henan,SC-000038,zh-CN-shaanxi-XiaoniNeural,
data/redteam/factory/edgetts/henan/edgetts_henan_zh-CN-shaanxi-XiaoniNeural_SC-000039.wav,spoof,RT-EDGETTS-HENAN,clean,redteam_factory/Edge-TTS,微软服务条款，仅研究评测用途,edgetts,henan,SC-000039,zh-CN-shaanxi-XiaoniNeural,
data/redteam/factory/edgetts/henan/edgetts_henan_zh-CN-shaanxi-XiaoniNeural_SC-000064.wav,spoof,RT-EDGETTS-HENAN,clean,redteam_factory/Edge-TTS,微软服务条款，仅研究评测用途,edgetts,henan,SC-000064,zh-CN-shaanxi-XiaoniNeural,
data/redteam/factory/edgetts/henan/edgetts_henan_zh-CN-shaanxi-XiaoniNeural_SC-000067.wav,spoof,RT-EDGETTS-HENAN,clean,redteam_factory/Edge-TTS,微软服务条款，仅研究评测用途,edgetts,henan,SC-000067,zh-CN-shaanxi-XiaoniNeural,
data/redteam/factory/edgetts/henan/edgetts_henan_zh-CN-shaanxi-XiaoniNeural_SC-000068.wav,spoof,RT-EDGETTS-HENAN,clean,redteam_factory/Edge-TTS,微软服务条款，仅研究评测用途,edgetts,henan,SC-000068,zh-CN-shaanxi-XiaoniNeural,
data/redteam/factory/edgetts/henan/edgetts_henan_zh-CN-shaanxi-XiaoniNeural_SC-000073.wav,spoof,RT-EDGETTS-HENAN,clean,redteam_factory/Edge-TTS,微软服务条款，仅研究评测用途,edgetts,henan,SC-000073,zh-CN-shaanxi-XiaoniNeural,
data/redteam/factory/edgetts/henan/edgetts_henan_zh-CN-shaanxi-XiaoniNeural_SC-000075.wav,spoof,RT-EDGETTS-HENAN,clean,redteam_factory/Edge-TTS,微软服务条款，仅研究评测用途,edgetts,henan,SC-000075,zh-CN-shaanxi-XiaoniNeural,
data/redteam/factory/edgetts/henan/edgetts_henan_zh-CN-shaanxi-XiaoniNeural_SC-000088.wav,spoof,RT-EDGETTS-HENAN,clean,redteam_factory/Edge-TTS,微软服务条款，仅研究评测用途,edgetts,henan,SC-000088,zh-CN-shaanxi-XiaoniNeural,
data/redteam/factory/edgetts/henan/edgetts_henan_zh-CN-shaanxi-XiaoniNeural_SC-000101.wav,spoof,RT-EDGETTS-HENAN,clean,redteam_factory/Edge-TTS,微软服务条款，仅研究评测用途,edgetts,henan,SC-000101,zh-CN-shaanxi-XiaoniNeural,
data/redteam/factory/edgetts/henan/edgetts_henan_zh-CN-shaanxi-XiaoniNeural_SC-000106.wav,spoof,RT-EDGETTS-HENAN,clean,redteam_factory/Edge-TTS,微软服务条款，仅研究评测用途,edgetts,henan,SC-000106,zh-CN-shaanxi-XiaoniNeural,
data/redteam/factory/edgetts/henan/edgetts_henan_zh-CN-shaanxi-XiaoniNeural_SC-000108.wav,spoof,RT-EDGETTS-HENAN,clean,redteam_factory/Edge-TTS,微软服务条款，仅研究评测用途,edgetts,henan,SC-000108,zh-CN-shaanxi-XiaoniNeural,
data/redteam/factory/edgetts/henan/edgetts_henan_zh-CN-shaanxi-XiaoniNeural_SC-000121.wav,spoof,RT-EDGETTS-HENAN,clean,redteam_factory/Edge-TTS,微软服务条款，仅研究评测用途,edgetts,henan,SC-000121,zh-CN-shaanxi-XiaoniNeural,
data/redteam/factory/edgetts/henan/edgetts_henan_zh-CN-shaanxi-XiaoniNeural_SC-000122.wav,spoof,RT-EDGETTS-HENAN,clean,redteam_factory/Edge-TTS,微软服务条款，仅研究评测用途,edgetts,henan,SC-000122,zh-CN-shaanxi-XiaoniNeural,
data/redteam/factory/edgetts/henan/edgetts_henan_zh-CN-shaanxi-XiaoniNeural_SC-000128.wav,spoof,RT-EDGETTS-HENAN,clean,redteam_factory/Edge-TTS,微软服务条款，仅研究评测用途,edgetts,henan,SC-000128,zh-CN-shaanxi-XiaoniNeural,
data/redteam/factory/edgetts/henan/edgetts_henan_zh-CN-shaanxi-XiaoniNeural_SC-000137.wav,spoof,RT-EDGETTS-HENAN,clean,redteam_factory/Edge-TTS,微软服务条款，仅研究评测用途,edgetts,henan,SC-000137,zh-CN-shaanxi-XiaoniNeural,
data/redteam/factory/edgetts/henan/edgetts_henan_zh-CN-shaanxi-XiaoniNeural_SC-000139.wav,spoof,RT-EDGETTS-HENAN,clean,redteam_factory/Edge-TTS,微软服务条款，仅研究评测用途,edgetts,henan,SC-000139,zh-CN-shaanxi-XiaoniNeural,
data/redteam/factory/edgetts/henan/edgetts_henan_zh-CN-shaanxi-XiaoniNeural_SC-000147.wav,spoof,RT-EDGETTS-HENAN,clean,redteam_factory/Edge-TTS,微软服务条款，仅研究评测用途,edgetts,henan,SC-000147,zh-CN-shaanxi-XiaoniNeural,
data/redteam/factory/edgetts/henan/edgetts_henan_zh-CN-shaanxi-XiaoniNeural_SC-000160.wav,spoof,RT-EDGETTS-HENAN,clean,redteam_factory/Edge-TTS,微软服务条款，仅研究评测用途,edgetts,henan,SC-000160,zh-CN-shaanxi-XiaoniNeural,
data/redteam/factory/edgetts/henan/edgetts_henan_zh-CN-shaanxi-XiaoniNeural_SC-000170.wav,spoof,RT-EDGETTS-HENAN,clean,redteam_factory/Edge-TTS,微软服务条款，仅研究评测用途,edgetts,henan,SC-000170,zh-CN-shaanxi-XiaoniNeural,
data/redteam/factory/edgetts/henan/edgetts_henan_zh-CN-shaanxi-XiaoniNeural_SC-000183.wav,spoof,RT-EDGETTS-HENAN,clean,redteam_factory/Edge-TTS,微软服务条款，仅研究评测用途,edgetts,henan,SC-000183,zh-CN-shaanxi-XiaoniNeural,
data/redteam/factory/edgetts/henan/edgetts_henan_zh-CN-shaanxi-XiaoniNeural_SC-000195.wav,spoof,RT-EDGETTS-HENAN,clean,redteam_factory/Edge-TTS,微软服务条款，仅研究评测用途,edgetts,henan,SC-000195,zh-CN-shaanxi-XiaoniNeural,
data/redteam/factory/edgetts/henan/edgetts_henan_zh-CN-shaanxi-XiaoniNeural_SC-000203.wav,spoof,RT-EDGETTS-HENAN,clean,redteam_factory/Edge-TTS,微软服务条款，仅研究评测用途,edgetts,henan,SC-000203,zh-CN-shaanxi-XiaoniNeural,
data/redteam/factory/edgetts/henan/edgetts_henan_zh-CN-shaanxi-XiaoniNeural_SC-000208.wav,spoof,RT-EDGETTS-HENAN,clean,redteam_factory/Edge-TTS,微软服务条款，仅研究评测用途,edgetts,henan,SC-000208,zh-CN-shaanxi-XiaoniNeural,
data/redteam/factory/edgetts/henan/edgetts_henan_zh-CN-shaanxi-XiaoniNeural_SC-000217.wav,spoof,RT-EDGETTS-HENAN,clean,redteam_factory/Edge-TTS,微软服务条款，仅研究评测用途,edgetts,henan,SC-000217,zh-CN-shaanxi-XiaoniNeural,
data/redteam/factory/edgetts/henan/edgetts_henan_zh-CN-shaanxi-XiaoniNeural_SC-000221.wav,spoof,RT-EDGETTS-HENAN,clean,redteam_factory/Edge-TTS,微软服务条款，仅研究评测用途,edgetts,henan,SC-000221,zh-CN-shaanxi-XiaoniNeural,
data/redteam/factory/edgetts/henan/edgetts_henan_zh-CN-shaanxi-XiaoniNeural_SC-000233.wav,spoof,RT-EDGETTS-HENAN,clean,redteam_factory/Edge-TTS,微软服务条款，仅研究评测用途,edgetts,henan,SC-000233,zh-CN-shaanxi-XiaoniNeural,
data/redteam/factory/edgetts/henan/edgetts_henan_zh-CN-shaanxi-XiaoniNeural_SC-000240.wav,spoof,RT-EDGETTS-HENAN,clean,redteam_factory/Edge-TTS,微软服务条款，仅研究评测用途,edgetts,henan,SC-000240,zh-CN-shaanxi-XiaoniNeural,
data/redteam/factory/edgetts/henan/edgetts_henan_zh-CN-shaanxi-XiaoniNeural_SC-000250.wav,spoof,RT-EDGETTS-HENAN,clean,redteam_factory/Edge-TTS,微软服务条款，仅研究评测用途,edgetts,henan,SC-000250,zh-CN-shaanxi-XiaoniNeural,
data/redteam/factory/edgetts/henan/edgetts_henan_zh-CN-shaanxi-XiaoniNeural_SC-000274.wav,spoof,RT-EDGETTS-HENAN,clean,redteam_factory/Edge-TTS,微软服务条款，仅研究评测用途,edgetts,henan,SC-000274,zh-CN-shaanxi-XiaoniNeural,
data/redteam/factory/edgetts/henan/edgetts_henan_zh-CN-shaanxi-XiaoniNeural_SC-000284.wav,spoof,RT-EDGETTS-HENAN,clean,redteam_factory/Edge-TTS,微软服务条款，仅研究评测用途,edgetts,henan,SC-000284,zh-CN-shaanxi-XiaoniNeural,
data/redteam/factory/edgetts/henan/edgetts_henan_zh-CN-shaanxi-XiaoniNeural_SC-000291.wav,spoof,RT-EDGETTS-HENAN,clean,redteam_factory/Edge-TTS,微软服务条款，仅研究评测用途,edgetts,henan,SC-000291,zh-CN-shaanxi-XiaoniNeural,
data/redteam/factory/edgetts/henan/edgetts_henan_zh-CN-shaanxi-XiaoniNeural_SC-000321.wav,spoof,RT-EDGETTS-HENAN,clean,redteam_factory/Edge-TTS,微软服务条款，仅研究评测用途,edgetts,henan,SC-000321,zh-CN-shaanxi-XiaoniNeural,
data/redteam/factory/edgetts/henan/edgetts_henan_zh-CN-shaanxi-XiaoniNeural_SC-000322.wav,spoof,RT-EDGETTS-HENAN,clean,redteam_factory/Edge-TTS,微软服务条款，仅研究评测用途,edgetts,henan,SC-000322,zh-CN-shaanxi-XiaoniNeural,
data/redteam/factory/edgetts/henan/edgetts_henan_zh-CN-shaanxi-XiaoniNeural_SC-000334.wav,spoof,RT-EDGETTS-HENAN,clean,redteam_factory/Edge-TTS,微软服务条款，仅研究评测用途,edgetts,henan,SC-000334,zh-CN-shaanxi-XiaoniNeural,
data/redteam/factory/edgetts/henan/edgetts_henan_zh-CN-shaanxi-XiaoniNeural_SC-000338.wav,spoof,RT-EDGETTS-HENAN,clean,redteam_factory/Edge-TTS,微软服务条款，仅研究评测用途,edgetts,henan,SC-000338,zh-CN-shaanxi-XiaoniNeural,
data/redteam/factory/edgetts/henan/edgetts_henan_zh-CN-shaanxi-XiaoniNeural_SC-000346.wav,spoof,RT-EDGETTS-HENAN,clean,redteam_factory/Edge-TTS,微软服务条款，仅研究评测用途,edgetts,henan,SC-000346,zh-CN-shaanxi-XiaoniNeural,
data/redteam/factory/edgetts/henan/edgetts_henan_zh-CN-shaanxi-XiaoniNeural_SC-000351.wav,spoof,RT-EDGETTS-HENAN,clean,redteam_factory/Edge-TTS,微软服务条款，仅研究评测用途,edgetts,henan,SC-000351,zh-CN-shaanxi-XiaoniNeural,
data/redteam/factory/edgetts/henan/edgetts_henan_zh-CN-shaanxi-XiaoniNeural_SC-000358.wav,spoof,RT-EDGETTS-HENAN,clean,redteam_factory/Edge-TTS,微软服务条款，仅研究评测用途,edgetts,henan,SC-000358,zh-CN-shaanxi-XiaoniNeural,
data/redteam/factory/edgetts/henan/edgetts_henan_zh-CN-shaanxi-XiaoniNeural_SC-000362.wav,spoof,RT-EDGETTS-HENAN,clean,redteam_factory/Edge-TTS,微软服务条款，仅研究评测用途,edgetts,henan,SC-000362,zh-CN-shaanxi-XiaoniNeural,
data/redteam/factory/edgetts/henan/edgetts_henan_zh-CN-shaanxi-XiaoniNeural_SC-000365.wav,spoof,RT-EDGETTS-HENAN,clean,redteam_factory/Edge-TTS,微软服务条款，仅研究评测用途,edgetts,henan,SC-000365,zh-CN-shaanxi-XiaoniNeural,
data/redteam/factory/edgetts/henan/edgetts_henan_zh-CN-shaanxi-XiaoniNeural_SC-000388.wav,spoof,RT-EDGETTS-HENAN,clean,redteam_factory/Edge-TTS,微软服务条款，仅研究评测用途,edgetts,henan,SC-000388,zh-CN-shaanxi-XiaoniNeural,
data/redteam/factory/edgetts/henan/edgetts_henan_zh-CN-shaanxi-XiaoniNeural_SC-000402.wav,spoof,RT-EDGETTS-HENAN,clean,redteam_factory/Edge-TTS,微软服务条款，仅研究评测用途,edgetts,henan,SC-000402,zh-CN-shaanxi-XiaoniNeural,
data/redteam/factory/edgetts/henan/edgetts_henan_zh-CN-shaanxi-XiaoniNeural_SC-000413.wav,spoof,RT-EDGETTS-HENAN,clean,redteam_factory/Edge-TTS,微软服务条款，仅研究评测用途,edgetts,henan,SC-000413,zh-CN-shaanxi-XiaoniNeural,
data/redteam/factory/edgetts/henan/edgetts_henan_zh-CN-shaanxi-XiaoniNeural_SC-000418.wav,spoof,RT-EDGETTS-HENAN,clean,redteam_factory/Edge-TTS,微软服务条款，仅研究评测用途,edgetts,henan,SC-000418,zh-CN-shaanxi-XiaoniNeural,
data/redteam/factory/edgetts/henan/edgetts_henan_zh-CN-shaanxi-XiaoniNeural_SC-000420.wav,spoof,RT-EDGETTS-HENAN,clean,redteam_factory/Edge-TTS,微软服务条款，仅研究评测用途,edgetts,henan,SC-000420,zh-CN-shaanxi-XiaoniNeural,
data/redteam/factory/edgetts/mandarin/edgetts_mandarin_zh-CN-YunxiNeural_SC-000058.phone8k.wav,spoof,RT-EDGETTS-MANDARIN,phone8k,redteam_factory/Edge-TTS,微软服务条款，仅研究评测用途,edgetts,mandarin,SC-000058,zh-CN-YunxiNeural,
data/redteam/factory/edgetts/mandarin/edgetts_mandarin_zh-CN-YunxiNeural_SC-000058.mp3_16k.mp3,spoof,RT-EDGETTS-MANDARIN,mp3_16k,redteam_factory/Edge-TTS,微软服务条款，仅研究评测用途,edgetts,mandarin,SC-000058,zh-CN-YunxiNeural,
data/redteam/factory/edgetts/mandarin/edgetts_mandarin_zh-CN-YunxiNeural_SC-000058.amr.wav,spoof,RT-EDGETTS-MANDARIN,amr,redteam_factory/Edge-TTS,微软服务条款，仅研究评测用途,edgetts,mandarin,SC-000058,zh-CN-YunxiNeural,
data/redteam/factory/edgetts/mandarin/edgetts_mandarin_zh-CN-YunxiNeural_SC-000058.noise.wav,spoof,RT-EDGETTS-MANDARIN,noise,redteam_factory/Edge-TTS,微软服务条款，仅研究评测用途,edgetts,mandarin,SC-000058,zh-CN-YunxiNeural,
data/redteam/factory/edgetts/mandarin/edgetts_mandarin_zh-CN-YunxiNeural_SC-000138.wav,spoof,RT-EDGETTS-MANDARIN,clean,redteam_factory/Edge-TTS,微软服务条款，仅研究评测用途,edgetts,mandarin,SC-000138,zh-CN-YunxiNeural,
data/redteam/factory/edgetts/mandarin/edgetts_mandarin_zh-CN-YunxiNeural_SC-000164.wav,spoof,RT-EDGETTS-MANDARIN,clean,redteam_factory/Edge-TTS,微软服务条款，仅研究评测用途,edgetts,mandarin,SC-000164,zh-CN-YunxiNeural,
data/redteam/factory/edgetts/mandarin/edgetts_mandarin_zh-CN-YunxiNeural_SC-000180.wav,spoof,RT-EDGETTS-MANDARIN,clean,redteam_factory/Edge-TTS,微软服务条款，仅研究评测用途,edgetts,mandarin,SC-000180,zh-CN-YunxiNeural,
data/redteam/factory/edgetts/mandarin/edgetts_mandarin_zh-CN-YunxiNeural_SC-000194.wav,spoof,RT-EDGETTS-MANDARIN,clean,redteam_factory/Edge-TTS,微软服务条款，仅研究评测用途,edgetts,mandarin,SC-000194,zh-CN-YunxiNeural,
data/redteam/factory/edgetts/mandarin/edgetts_mandarin_zh-CN-YunxiNeural_SC-000219.wav,spoof,RT-EDGETTS-MANDARIN,clean,redteam_factory/Edge-TTS,微软服务条款，仅研究评测用途,edgetts,mandarin,SC-000219,zh-CN-YunxiNeural,
data/redteam/factory/edgetts/mandarin/edgetts_mandarin_zh-CN-YunxiNeural_SC-000236.wav,spoof,RT-EDGETTS-MANDARIN,clean,redteam_factory/Edge-TTS,微软服务条款，仅研究评测用途,edgetts,mandarin,SC-000236,zh-CN-YunxiNeural,
data/redteam/factory/edgetts/mandarin/edgetts_mandarin_zh-CN-YunxiNeural_SC-000265.wav,spoof,RT-EDGETTS-MANDARIN,clean,redteam_factory/Edge-TTS,微软服务条款，仅研究评测用途,edgetts,mandarin,SC-000265,zh-CN-YunxiNeural,
data/redteam/factory/edgetts/mandarin/edgetts_mandarin_zh-CN-YunxiNeural_SC-000286.wav,spoof,RT-EDGETTS-MANDARIN,clean,redteam_factory/Edge-TTS,微软服务条款，仅研究评测用途,edgetts,mandarin,SC-000286,zh-CN-YunxiNeural,
data/redteam/factory/edgetts/mandarin/edgetts_mandarin_zh-CN-YunxiNeural_SC-000309.wav,spoof,RT-EDGETTS-MANDARIN,clean,redteam_factory/Edge-TTS,微软服务条款，仅研究评测用途,edgetts,mandarin,SC-000309,zh-CN-YunxiNeural,
data/redteam/factory/edgetts/mandarin/edgetts_mandarin_zh-CN-YunxiNeural_SC-000327.wav,spoof,RT-EDGETTS-MANDARIN,clean,redteam_factory/Edge-TTS,微软服务条款，仅研究评测用途,edgetts,mandarin,SC-000327,zh-CN-YunxiNeural,
data/redteam/factory/edgetts/mandarin/edgetts_mandarin_zh-CN-YunxiNeural_SC-000344.wav,spoof,RT-EDGETTS-MANDARIN,clean,redteam_factory/Edge-TTS,微软服务条款，仅研究评测用途,edgetts,mandarin,SC-000344,zh-CN-YunxiNeural,
data/redteam/factory/edgetts/mandarin/edgetts_mandarin_zh-CN-YunxiNeural_SC-000368.wav,spoof,RT-EDGETTS-MANDARIN,clean,redteam_factory/Edge-TTS,微软服务条款，仅研究评测用途,edgetts,mandarin,SC-000368,zh-CN-YunxiNeural,
data/redteam/factory/edgetts/mandarin/edgetts_mandarin_zh-CN-YunxiNeural_SC-000386.wav,spoof,RT-EDGETTS-MANDARIN,clean,redteam_factory/Edge-TTS,微软服务条款，仅研究评测用途,edgetts,mandarin,SC-000386,zh-CN-YunxiNeural,
data/redteam/factory/edgetts/mandarin/edgetts_mandarin_zh-CN-YunxiNeural_SC-000404.wav,spoof,RT-EDGETTS-MANDARIN,clean,redteam_factory/Edge-TTS,微软服务条款，仅研究评测用途,edgetts,mandarin,SC-000404,zh-CN-YunxiNeural,
data/redteam/factory/edgetts/mandarin/edgetts_mandarin_zh-CN-YunxiNeural_SC-000444.wav,spoof,RT-EDGETTS-MANDARIN,clean,redteam_factory/Edge-TTS,微软服务条款，仅研究评测用途,edgetts,mandarin,SC-000444,zh-CN-YunxiNeural,
data/redteam/factory/edgetts/mandarin/edgetts_mandarin_zh-CN-YunxiNeural_SC-000462.wav,spoof,RT-EDGETTS-MANDARIN,clean,redteam_factory/Edge-TTS,微软服务条款，仅研究评测用途,edgetts,mandarin,SC-000462,zh-CN-YunxiNeural,
data/redteam/factory/edgetts/mandarin/edgetts_mandarin_zh-CN-YunxiNeural_SC-000480.wav,spoof,RT-EDGETTS-MANDARIN,clean,redteam_factory/Edge-TTS,微软服务条款，仅研究评测用途,edgetts,mandarin,SC-000480,zh-CN-YunxiNeural,
data/redteam/factory/edgetts/mandarin/edgetts_mandarin_zh-CN-YunxiNeural_SC-000497.wav,spoof,RT-EDGETTS-MANDARIN,clean,redteam_factory/Edge-TTS,微软服务条款，仅研究评测用途,edgetts,mandarin,SC-000497,zh-CN-YunxiNeural,
data/redteam/factory/edgetts/mandarin/edgetts_mandarin_zh-CN-XiaoxiaoNeural_SC-000138.wav,spoof,RT-EDGETTS-MANDARIN,clean,redteam_factory/Edge-TTS,微软服务条款，仅研究评测用途,edgetts,mandarin,SC-000138,zh-CN-XiaoxiaoNeural,
data/redteam/factory/edgetts/mandarin/edgetts_mandarin_zh-CN-XiaoxiaoNeural_SC-000164.wav,spoof,RT-EDGETTS-MANDARIN,clean,redteam_factory/Edge-TTS,微软服务条款，仅研究评测用途,edgetts,mandarin,SC-000164,zh-CN-XiaoxiaoNeural,
data/redteam/factory/edgetts/mandarin/edgetts_mandarin_zh-CN-XiaoxiaoNeural_SC-000180.wav,spoof,RT-EDGETTS-MANDARIN,clean,redteam_factory/Edge-TTS,微软服务条款，仅研究评测用途,edgetts,mandarin,SC-000180,zh-CN-XiaoxiaoNeural,
data/redteam/factory/edgetts/mandarin/edgetts_mandarin_zh-CN-XiaoxiaoNeural_SC-000194.wav,spoof,RT-EDGETTS-MANDARIN,clean,redteam_factory/Edge-TTS,微软服务条款，仅研究评测用途,edgetts,mandarin,SC-000194,zh-CN-XiaoxiaoNeural,
data/redteam/factory/edgetts/mandarin/edgetts_mandarin_zh-CN-XiaoxiaoNeural_SC-000219.wav,spoof,RT-EDGETTS-MANDARIN,clean,redteam_factory/Edge-TTS,微软服务条款，仅研究评测用途,edgetts,mandarin,SC-000219,zh-CN-XiaoxiaoNeural,
data/redteam/factory/edgetts/mandarin/edgetts_mandarin_zh-CN-XiaoxiaoNeural_SC-000236.wav,spoof,RT-EDGETTS-MANDARIN,clean,redteam_factory/Edge-TTS,微软服务条款，仅研究评测用途,edgetts,mandarin,SC-000236,zh-CN-XiaoxiaoNeural,
data/redteam/factory/edgetts/mandarin/edgetts_mandarin_zh-CN-XiaoxiaoNeural_SC-000265.wav,spoof,RT-EDGETTS-MANDARIN,clean,redteam_factory/Edge-TTS,微软服务条款，仅研究评测用途,edgetts,mandarin,SC-000265,zh-CN-XiaoxiaoNeural,
data/redteam/factory/edgetts/mandarin/edgetts_mandarin_zh-CN-XiaoxiaoNeural_SC-000286.wav,spoof,RT-EDGETTS-MANDARIN,clean,redteam_factory/Edge-TTS,微软服务条款，仅研究评测用途,edgetts,mandarin,SC-000286,zh-CN-XiaoxiaoNeural,
data/redteam/factory/edgetts/mandarin/edgetts_mandarin_zh-CN-XiaoxiaoNeural_SC-000309.wav,spoof,RT-EDGETTS-MANDARIN,clean,redteam_factory/Edge-TTS,微软服务条款，仅研究评测用途,edgetts,mandarin,SC-000309,zh-CN-XiaoxiaoNeural,
data/redteam/factory/edgetts/mandarin/edgetts_mandarin_zh-CN-XiaoxiaoNeural_SC-000327.wav,spoof,RT-EDGETTS-MANDARIN,clean,redteam_factory/Edge-TTS,微软服务条款，仅研究评测用途,edgetts,mandarin,SC-000327,zh-CN-XiaoxiaoNeural,
data/redteam/factory/edgetts/mandarin/edgetts_mandarin_zh-CN-XiaoxiaoNeural_SC-000344.wav,spoof,RT-EDGETTS-MANDARIN,clean,redteam_factory/Edge-TTS,微软服务条款，仅研究评测用途,edgetts,mandarin,SC-000344,zh-CN-XiaoxiaoNeural,
data/redteam/factory/edgetts/mandarin/edgetts_mandarin_zh-CN-XiaoxiaoNeural_SC-000368.wav,spoof,RT-EDGETTS-MANDARIN,clean,redteam_factory/Edge-TTS,微软服务条款，仅研究评测用途,edgetts,mandarin,SC-000368,zh-CN-XiaoxiaoNeural,
data/redteam/factory/edgetts/mandarin/edgetts_mandarin_zh-CN-XiaoxiaoNeural_SC-000386.wav,spoof,RT-EDGETTS-MANDARIN,clean,redteam_factory/Edge-TTS,微软服务条款，仅研究评测用途,edgetts,mandarin,SC-000386,zh-CN-XiaoxiaoNeural,
data/redteam/factory/edgetts/mandarin/edgetts_mandarin_zh-CN-XiaoxiaoNeural_SC-000404.wav,spoof,RT-EDGETTS-MANDARIN,clean,redteam_factory/Edge-TTS,微软服务条款，仅研究评测用途,edgetts,mandarin,SC-000404,zh-CN-XiaoxiaoNeural,
data/redteam/factory/edgetts/mandarin/edgetts_mandarin_zh-CN-XiaoxiaoNeural_SC-000444.wav,spoof,RT-EDGETTS-MANDARIN,clean,redteam_factory/Edge-TTS,微软服务条款，仅研究评测用途,edgetts,mandarin,SC-000444,zh-CN-XiaoxiaoNeural,
data/redteam/factory/edgetts/mandarin/edgetts_mandarin_zh-CN-XiaoxiaoNeural_SC-000462.wav,spoof,RT-EDGETTS-MANDARIN,clean,redteam_factory/Edge-TTS,微软服务条款，仅研究评测用途,edgetts,mandarin,SC-000462,zh-CN-XiaoxiaoNeural,
data/redteam/factory/edgetts/mandarin/edgetts_mandarin_zh-CN-XiaoxiaoNeural_SC-000480.wav,spoof,RT-EDGETTS-MANDARIN,clean,redteam_factory/Edge-TTS,微软服务条款，仅研究评测用途,edgetts,mandarin,SC-000480,zh-CN-XiaoxiaoNeural,
data/redteam/factory/edgetts/mandarin/edgetts_mandarin_zh-CN-XiaoxiaoNeural_SC-000497.wav,spoof,RT-EDGETTS-MANDARIN,clean,redteam_factory/Edge-TTS,微软服务条款，仅研究评测用途,edgetts,mandarin,SC-000497,zh-CN-XiaoxiaoNeural,
data/redteam/factory/edgetts/mandarin/edgetts_mandarin_zh-CN-YunjianNeural_SC-000138.wav,spoof,RT-EDGETTS-MANDARIN,clean,redteam_factory/Edge-TTS,微软服务条款，仅研究评测用途,edgetts,mandarin,SC-000138,zh-CN-YunjianNeural,
data/redteam/factory/edgetts/mandarin/edgetts_mandarin_zh-CN-YunjianNeural_SC-000164.wav,spoof,RT-EDGETTS-MANDARIN,clean,redteam_factory/Edge-TTS,微软服务条款，仅研究评测用途,edgetts,mandarin,SC-000164,zh-CN-YunjianNeural,
data/redteam/factory/edgetts/mandarin/edgetts_mandarin_zh-CN-YunjianNeural_SC-000180.wav,spoof,RT-EDGETTS-MANDARIN,clean,redteam_factory/Edge-TTS,微软服务条款，仅研究评测用途,edgetts,mandarin,SC-000180,zh-CN-YunjianNeural,
data/redteam/factory/edgetts/mandarin/edgetts_mandarin_zh-CN-YunjianNeural_SC-000194.wav,spoof,RT-EDGETTS-MANDARIN,clean,redteam_factory/Edge-TTS,微软服务条款，仅研究评测用途,edgetts,mandarin,SC-000194,zh-CN-YunjianNeural,
data/redteam/factory/edgetts/mandarin/edgetts_mandarin_zh-CN-YunjianNeural_SC-000219.wav,spoof,RT-EDGETTS-MANDARIN,clean,redteam_factory/Edge-TTS,微软服务条款，仅研究评测用途,edgetts,mandarin,SC-000219,zh-CN-YunjianNeural,
data/redteam/factory/edgetts/mandarin/edgetts_mandarin_zh-CN-YunjianNeural_SC-000236.wav,spoof,RT-EDGETTS-MANDARIN,clean,redteam_factory/Edge-TTS,微软服务条款，仅研究评测用途,edgetts,mandarin,SC-000236,zh-CN-YunjianNeural,
data/redteam/factory/edgetts/mandarin/edgetts_mandarin_zh-CN-YunjianNeural_SC-000265.wav,spoof,RT-EDGETTS-MANDARIN,clean,redteam_factory/Edge-TTS,微软服务条款，仅研究评测用途,edgetts,mandarin,SC-000265,zh-CN-YunjianNeural,
data/redteam/factory/edgetts/mandarin/edgetts_mandarin_zh-CN-YunjianNeural_SC-000286.wav,spoof,RT-EDGETTS-MANDARIN,clean,redteam_factory/Edge-TTS,微软服务条款，仅研究评测用途,edgetts,mandarin,SC-000286,zh-CN-YunjianNeural,
data/redteam/factory/edgetts/mandarin/edgetts_mandarin_zh-CN-YunjianNeural_SC-000309.wav,spoof,RT-EDGETTS-MANDARIN,clean,redteam_factory/Edge-TTS,微软服务条款，仅研究评测用途,edgetts,mandarin,SC-000309,zh-CN-YunjianNeural,
data/redteam/factory/edgetts/mandarin/edgetts_mandarin_zh-CN-YunjianNeural_SC-000327.wav,spoof,RT-EDGETTS-MANDARIN,clean,redteam_factory/Edge-TTS,微软服务条款，仅研究评测用途,edgetts,mandarin,SC-000327,zh-CN-YunjianNeural,
data/redteam/factory/edgetts/mandarin/edgetts_mandarin_zh-CN-YunjianNeural_SC-000344.wav,spoof,RT-EDGETTS-MANDARIN,clean,redteam_factory/Edge-TTS,微软服务条款，仅研究评测用途,edgetts,mandarin,SC-000344,zh-CN-YunjianNeural,
data/redteam/factory/edgetts/mandarin/edgetts_mandarin_zh-CN-YunjianNeural_SC-000368.wav,spoof,RT-EDGETTS-MANDARIN,clean,redteam_factory/Edge-TTS,微软服务条款，仅研究评测用途,edgetts,mandarin,SC-000368,zh-CN-YunjianNeural,
data/redteam/factory/edgetts/mandarin/edgetts_mandarin_zh-CN-YunjianNeural_SC-000386.wav,spoof,RT-EDGETTS-MANDARIN,clean,redteam_factory/Edge-TTS,微软服务条款，仅研究评测用途,edgetts,mandarin,SC-000386,zh-CN-YunjianNeural,
data/redteam/factory/edgetts/mandarin/edgetts_mandarin_zh-CN-YunjianNeural_SC-000404.wav,spoof,RT-EDGETTS-MANDARIN,clean,redteam_factory/Edge-TTS,微软服务条款，仅研究评测用途,edgetts,mandarin,SC-000404,zh-CN-YunjianNeural,
data/redteam/factory/edgetts/mandarin/edgetts_mandarin_zh-CN-YunjianNeural_SC-000444.wav,spoof,RT-EDGETTS-MANDARIN,clean,redteam_factory/Edge-TTS,微软服务条款，仅研究评测用途,edgetts,mandarin,SC-000444,zh-CN-YunjianNeural,
data/redteam/factory/edgetts/mandarin/edgetts_mandarin_zh-CN-YunjianNeural_SC-000462.wav,spoof,RT-EDGETTS-MANDARIN,clean,redteam_factory/Edge-TTS,微软服务条款，仅研究评测用途,edgetts,mandarin,SC-000462,zh-CN-YunjianNeural,
data/redteam/factory/edgetts/mandarin/edgetts_mandarin_zh-CN-YunjianNeural_SC-000480.wav,spoof,RT-EDGETTS-MANDARIN,clean,redteam_factory/Edge-TTS,微软服务条款，仅研究评测用途,edgetts,mandarin,SC-000480,zh-CN-YunjianNeural,
data/redteam/factory/edgetts/mandarin/edgetts_mandarin_zh-CN-YunjianNeural_SC-000497.wav,spoof,RT-EDGETTS-MANDARIN,clean,redteam_factory/Edge-TTS,微软服务条款，仅研究评测用途,edgetts,mandarin,SC-000497,zh-CN-YunjianNeural,
data/redteam/factory/edgetts/mandarin/edgetts_mandarin_zh-CN-YunyangNeural_SC-000138.wav,spoof,RT-EDGETTS-MANDARIN,clean,redteam_factory/Edge-TTS,微软服务条款，仅研究评测用途,edgetts,mandarin,SC-000138,zh-CN-YunyangNeural,
data/redteam/factory/edgetts/mandarin/edgetts_mandarin_zh-CN-YunyangNeural_SC-000164.wav,spoof,RT-EDGETTS-MANDARIN,clean,redteam_factory/Edge-TTS,微软服务条款，仅研究评测用途,edgetts,mandarin,SC-000164,zh-CN-YunyangNeural,
data/redteam/factory/edgetts/mandarin/edgetts_mandarin_zh-CN-YunyangNeural_SC-000180.wav,spoof,RT-EDGETTS-MANDARIN,clean,redteam_factory/Edge-TTS,微软服务条款，仅研究评测用途,edgetts,mandarin,SC-000180,zh-CN-YunyangNeural,
data/redteam/factory/edgetts/mandarin/edgetts_mandarin_zh-CN-YunyangNeural_SC-000194.wav,spoof,RT-EDGETTS-MANDARIN,clean,redteam_factory/Edge-TTS,微软服务条款，仅研究评测用途,edgetts,mandarin,SC-000194,zh-CN-YunyangNeural,
data/redteam/factory/edgetts/mandarin/edgetts_mandarin_zh-CN-YunyangNeural_SC-000219.wav,spoof,RT-EDGETTS-MANDARIN,clean,redteam_factory/Edge-TTS,微软服务条款，仅研究评测用途,edgetts,mandarin,SC-000219,zh-CN-YunyangNeural,
data/redteam/factory/edgetts/mandarin/edgetts_mandarin_zh-CN-YunyangNeural_SC-000236.wav,spoof,RT-EDGETTS-MANDARIN,clean,redteam_factory/Edge-TTS,微软服务条款，仅研究评测用途,edgetts,mandarin,SC-000236,zh-CN-YunyangNeural,
data/redteam/factory/edgetts/mandarin/edgetts_mandarin_zh-CN-YunyangNeural_SC-000265.wav,spoof,RT-EDGETTS-MANDARIN,clean,redteam_factory/Edge-TTS,微软服务条款，仅研究评测用途,edgetts,mandarin,SC-000265,zh-CN-YunyangNeural,
data/redteam/factory/edgetts/mandarin/edgetts_mandarin_zh-CN-YunyangNeural_SC-000286.wav,spoof,RT-EDGETTS-MANDARIN,clean,redteam_factory/Edge-TTS,微软服务条款，仅研究评测用途,edgetts,mandarin,SC-000286,zh-CN-YunyangNeural,
data/redteam/factory/edgetts/mandarin/edgetts_mandarin_zh-CN-YunyangNeural_SC-000309.wav,spoof,RT-EDGETTS-MANDARIN,clean,redteam_factory/Edge-TTS,微软服务条款，仅研究评测用途,edgetts,mandarin,SC-000309,zh-CN-YunyangNeural,
data/redteam/factory/edgetts/mandarin/edgetts_mandarin_zh-CN-YunyangNeural_SC-000327.wav,spoof,RT-EDGETTS-MANDARIN,clean,redteam_factory/Edge-TTS,微软服务条款，仅研究评测用途,edgetts,mandarin,SC-000327,zh-CN-YunyangNeural,
data/redteam/factory/edgetts/mandarin/edgetts_mandarin_zh-CN-YunyangNeural_SC-000344.wav,spoof,RT-EDGETTS-MANDARIN,clean,redteam_factory/Edge-TTS,微软服务条款，仅研究评测用途,edgetts,mandarin,SC-000344,zh-CN-YunyangNeural,
data/redteam/factory/edgetts/mandarin/edgetts_mandarin_zh-CN-YunyangNeural_SC-000368.wav,spoof,RT-EDGETTS-MANDARIN,clean,redteam_factory/Edge-TTS,微软服务条款，仅研究评测用途,edgetts,mandarin,SC-000368,zh-CN-YunyangNeural,
data/redteam/factory/edgetts/mandarin/edgetts_mandarin_zh-CN-YunyangNeural_SC-000386.wav,spoof,RT-EDGETTS-MANDARIN,clean,redteam_factory/Edge-TTS,微软服务条款，仅研究评测用途,edgetts,mandarin,SC-000386,zh-CN-YunyangNeural,
data/redteam/factory/edgetts/mandarin/edgetts_mandarin_zh-CN-YunyangNeural_SC-000404.wav,spoof,RT-EDGETTS-MANDARIN,clean,redteam_factory/Edge-TTS,微软服务条款，仅研究评测用途,edgetts,mandarin,SC-000404,zh-CN-YunyangNeural,
data/redteam/factory/edgetts/mandarin/edgetts_mandarin_zh-CN-YunyangNeural_SC-000444.wav,spoof,RT-EDGETTS-MANDARIN,clean,redteam_factory/Edge-TTS,微软服务条款，仅研究评测用途,edgetts,mandarin,SC-000444,zh-CN-YunyangNeural,
data/redteam/factory/edgetts/mandarin/edgetts_mandarin_zh-CN-YunyangNeural_SC-000462.wav,spoof,RT-EDGETTS-MANDARIN,clean,redteam_factory/Edge-TTS,微软服务条款，仅研究评测用途,edgetts,mandarin,SC-000462,zh-CN-YunyangNeural,
data/redteam/factory/edgetts/mandarin/edgetts_mandarin_zh-CN-YunyangNeural_SC-000480.wav,spoof,RT-EDGETTS-MANDARIN,clean,redteam_factory/Edge-TTS,微软服务条款，仅研究评测用途,edgetts,mandarin,SC-000480,zh-CN-YunyangNeural,
data/redteam/factory/edgetts/mandarin/edgetts_mandarin_zh-CN-YunyangNeural_SC-000497.wav,spoof,RT-EDGETTS-MANDARIN,clean,redteam_factory/Edge-TTS,微软服务条款，仅研究评测用途,edgetts,mandarin,SC-000497,zh-CN-YunyangNeural,
data/redteam/factory/edgetts/minnan/edgetts_minnan_zh-TW-HsiaoChenNeural_SC-000551.wav,spoof,RT-EDGETTS-MINNAN,clean,redteam_factory/Edge-TTS,微软服务条款，仅研究评测用途,edgetts,minnan,SC-000551,zh-TW-HsiaoChenNeural,
data/redteam/factory/edgetts/minnan/edgetts_minnan_zh-TW-HsiaoChenNeural_SC-000620.wav,spoof,RT-EDGETTS-MINNAN,clean,redteam_factory/Edge-TTS,微软服务条款，仅研究评测用途,edgetts,minnan,SC-000620,zh-TW-HsiaoChenNeural,
data/redteam/factory/edgetts/minnan/edgetts_minnan_zh-TW-HsiaoChenNeural_SC-000694.wav,spoof,RT-EDGETTS-MINNAN,clean,redteam_factory/Edge-TTS,微软服务条款，仅研究评测用途,edgetts,minnan,SC-000694,zh-TW-HsiaoChenNeural,
data/redteam/factory/edgetts/minnan/edgetts_minnan_zh-TW-HsiaoChenNeural_SC-000740.wav,spoof,RT-EDGETTS-MINNAN,clean,redteam_factory/Edge-TTS,微软服务条款，仅研究评测用途,edgetts,minnan,SC-000740,zh-TW-HsiaoChenNeural,
data/redteam/factory/edgetts/minnan/edgetts_minnan_zh-TW-HsiaoChenNeural_SC-000802.wav,spoof,RT-EDGETTS-MINNAN,clean,redteam_factory/Edge-TTS,微软服务条款，仅研究评测用途,edgetts,minnan,SC-000802,zh-TW-HsiaoChenNeural,
data/redteam/factory/edgetts/minnan/edgetts_minnan_zh-TW-HsiaoChenNeural_SC-000860.wav,spoof,RT-EDGETTS-MINNAN,clean,redteam_factory/Edge-TTS,微软服务条款，仅研究评测用途,edgetts,minnan,SC-000860,zh-TW-HsiaoChenNeural,
data/redteam/factory/edgetts/minnan/edgetts_minnan_zh-TW-HsiaoChenNeural_SC-000900.wav,spoof,RT-EDGETTS-MINNAN,clean,redteam_factory/Edge-TTS,微软服务条款，仅研究评测用途,edgetts,minnan,SC-000900,zh-TW-HsiaoChenNeural,
data/redteam/factory/edgetts/minnan/edgetts_minnan_zh-TW-HsiaoChenNeural_SC-000961.wav,spoof,RT-EDGETTS-MINNAN,clean,redteam_factory/Edge-TTS,微软服务条款，仅研究评测用途,edgetts,minnan,SC-000961,zh-TW-HsiaoChenNeural,
data/redteam/factory/edgetts/minnan/edgetts_minnan_zh-TW-HsiaoChenNeural_SC-001011.wav,spoof,RT-EDGETTS-MINNAN,clean,redteam_factory/Edge-TTS,微软服务条款，仅研究评测用途,edgetts,minnan,SC-001011,zh-TW-HsiaoChenNeural,
data/redteam/factory/edgetts/minnan/edgetts_minnan_zh-TW-HsiaoChenNeural_SC-001084.wav,spoof,RT-EDGETTS-MINNAN,clean,redteam_factory/Edge-TTS,微软服务条款，仅研究评测用途,edgetts,minnan,SC-001084,zh-TW-HsiaoChenNeural,
data/redteam/factory/edgetts/minnan/edgetts_minnan_zh-TW-HsiaoChenNeural_SC-001112.wav,spoof,RT-EDGETTS-MINNAN,clean,redteam_factory/Edge-TTS,微软服务条款，仅研究评测用途,edgetts,minnan,SC-001112,zh-TW-HsiaoChenNeural,
data/redteam/factory/edgetts/minnan/edgetts_minnan_zh-TW-HsiaoChenNeural_SC-001189.wav,spoof,RT-EDGETTS-MINNAN,clean,redteam_factory/Edge-TTS,微软服务条款，仅研究评测用途,edgetts,minnan,SC-001189,zh-TW-HsiaoChenNeural,
data/redteam/factory/edgetts/minnan/edgetts_minnan_zh-TW-HsiaoChenNeural_SC-001240.wav,spoof,RT-EDGETTS-MINNAN,clean,redteam_factory/Edge-TTS,微软服务条款，仅研究评测用途,edgetts,minnan,SC-001240,zh-TW-HsiaoChenNeural,
data/redteam/factory/edgetts/minnan/edgetts_minnan_zh-TW-HsiaoChenNeural_SC-001287.wav,spoof,RT-EDGETTS-MINNAN,clean,redteam_factory/Edge-TTS,微软服务条款，仅研究评测用途,edgetts,minnan,SC-001287,zh-TW-HsiaoChenNeural,
data/redteam/factory/edgetts/minnan/edgetts_minnan_zh-TW-HsiaoChenNeural_SC-001376.wav,spoof,RT-EDGETTS-MINNAN,clean,redteam_factory/Edge-TTS,微软服务条款，仅研究评测用途,edgetts,minnan,SC-001376,zh-TW-HsiaoChenNeural,
data/redteam/factory/edgetts/minnan/edgetts_minnan_zh-TW-HsiaoChenNeural_SC-001447.wav,spoof,RT-EDGETTS-MINNAN,clean,redteam_factory/Edge-TTS,微软服务条款，仅研究评测用途,edgetts,minnan,SC-001447,zh-TW-HsiaoChenNeural,
data/redteam/factory/edgetts/minnan/edgetts_minnan_zh-TW-HsiaoChenNeural_SC-001532.wav,spoof,RT-EDGETTS-MINNAN,clean,redteam_factory/Edge-TTS,微软服务条款，仅研究评测用途,edgetts,minnan,SC-001532,zh-TW-HsiaoChenNeural,
data/redteam/factory/edgetts/minnan/edgetts_minnan_zh-TW-HsiaoChenNeural_SC-001636.wav,spoof,RT-EDGETTS-MINNAN,clean,redteam_factory/Edge-TTS,微软服务条款，仅研究评测用途,edgetts,minnan,SC-001636,zh-TW-HsiaoChenNeural,
data/redteam/factory/edgetts/minnan/edgetts_minnan_zh-TW-YunJheNeural_SC-000551.wav,spoof,RT-EDGETTS-MINNAN,clean,redteam_factory/Edge-TTS,微软服务条款，仅研究评测用途,edgetts,minnan,SC-000551,zh-TW-YunJheNeural,
data/redteam/factory/edgetts/minnan/edgetts_minnan_zh-TW-YunJheNeural_SC-000620.wav,spoof,RT-EDGETTS-MINNAN,clean,redteam_factory/Edge-TTS,微软服务条款，仅研究评测用途,edgetts,minnan,SC-000620,zh-TW-YunJheNeural,
data/redteam/factory/edgetts/minnan/edgetts_minnan_zh-TW-YunJheNeural_SC-000694.wav,spoof,RT-EDGETTS-MINNAN,clean,redteam_factory/Edge-TTS,微软服务条款，仅研究评测用途,edgetts,minnan,SC-000694,zh-TW-YunJheNeural,
data/redteam/factory/edgetts/minnan/edgetts_minnan_zh-TW-YunJheNeural_SC-000740.wav,spoof,RT-EDGETTS-MINNAN,clean,redteam_factory/Edge-TTS,微软服务条款，仅研究评测用途,edgetts,minnan,SC-000740,zh-TW-YunJheNeural,
data/redteam/factory/edgetts/minnan/edgetts_minnan_zh-TW-YunJheNeural_SC-000802.wav,spoof,RT-EDGETTS-MINNAN,clean,redteam_factory/Edge-TTS,微软服务条款，仅研究评测用途,edgetts,minnan,SC-000802,zh-TW-YunJheNeural,
data/redteam/factory/edgetts/minnan/edgetts_minnan_zh-TW-YunJheNeural_SC-000860.wav,spoof,RT-EDGETTS-MINNAN,clean,redteam_factory/Edge-TTS,微软服务条款，仅研究评测用途,edgetts,minnan,SC-000860,zh-TW-YunJheNeural,
data/redteam/factory/edgetts/minnan/edgetts_minnan_zh-TW-YunJheNeural_SC-000900.wav,spoof,RT-EDGETTS-MINNAN,clean,redteam_factory/Edge-TTS,微软服务条款，仅研究评测用途,edgetts,minnan,SC-000900,zh-TW-YunJheNeural,
data/redteam/factory/edgetts/minnan/edgetts_minnan_zh-TW-YunJheNeural_SC-000961.wav,spoof,RT-EDGETTS-MINNAN,clean,redteam_factory/Edge-TTS,微软服务条款，仅研究评测用途,edgetts,minnan,SC-000961,zh-TW-YunJheNeural,
data/redteam/factory/edgetts/minnan/edgetts_minnan_zh-TW-YunJheNeural_SC-001011.wav,spoof,RT-EDGETTS-MINNAN,clean,redteam_factory/Edge-TTS,微软服务条款，仅研究评测用途,edgetts,minnan,SC-001011,zh-TW-YunJheNeural,
data/redteam/factory/edgetts/minnan/edgetts_minnan_zh-TW-YunJheNeural_SC-001084.wav,spoof,RT-EDGETTS-MINNAN,clean,redteam_factory/Edge-TTS,微软服务条款，仅研究评测用途,edgetts,minnan,SC-001084,zh-TW-YunJheNeural,
data/redteam/factory/edgetts/minnan/edgetts_minnan_zh-TW-YunJheNeural_SC-001112.wav,spoof,RT-EDGETTS-MINNAN,clean,redteam_factory/Edge-TTS,微软服务条款，仅研究评测用途,edgetts,minnan,SC-001112,zh-TW-YunJheNeural,
data/redteam/factory/edgetts/minnan/edgetts_minnan_zh-TW-YunJheNeural_SC-001189.wav,spoof,RT-EDGETTS-MINNAN,clean,redteam_factory/Edge-TTS,微软服务条款，仅研究评测用途,edgetts,minnan,SC-001189,zh-TW-YunJheNeural,
data/redteam/factory/edgetts/minnan/edgetts_minnan_zh-TW-YunJheNeural_SC-001240.wav,spoof,RT-EDGETTS-MINNAN,clean,redteam_factory/Edge-TTS,微软服务条款，仅研究评测用途,edgetts,minnan,SC-001240,zh-TW-YunJheNeural,
data/redteam/factory/edgetts/minnan/edgetts_minnan_zh-TW-YunJheNeural_SC-001287.wav,spoof,RT-EDGETTS-MINNAN,clean,redteam_factory/Edge-TTS,微软服务条款，仅研究评测用途,edgetts,minnan,SC-001287,zh-TW-YunJheNeural,
data/redteam/factory/edgetts/minnan/edgetts_minnan_zh-TW-YunJheNeural_SC-001376.wav,spoof,RT-EDGETTS-MINNAN,clean,redteam_factory/Edge-TTS,微软服务条款，仅研究评测用途,edgetts,minnan,SC-001376,zh-TW-YunJheNeural,
data/redteam/factory/edgetts/minnan/edgetts_minnan_zh-TW-YunJheNeural_SC-001447.wav,spoof,RT-EDGETTS-MINNAN,clean,redteam_factory/Edge-TTS,微软服务条款，仅研究评测用途,edgetts,minnan,SC-001447,zh-TW-YunJheNeural,
data/redteam/factory/edgetts/minnan/edgetts_minnan_zh-TW-YunJheNeural_SC-001532.wav,spoof,RT-EDGETTS-MINNAN,clean,redteam_factory/Edge-TTS,微软服务条款，仅研究评测用途,edgetts,minnan,SC-001532,zh-TW-YunJheNeural,
data/redteam/factory/edgetts/minnan/edgetts_minnan_zh-TW-YunJheNeural_SC-001636.wav,spoof,RT-EDGETTS-MINNAN,clean,redteam_factory/Edge-TTS,微软服务条款，仅研究评测用途,edgetts,minnan,SC-001636,zh-TW-YunJheNeural,
data/redteam/factory/edgetts/sichuan/edgetts_sichuan_zh-CN-YunxiNeural_SC-000353.wav,spoof,RT-EDGETTS-SICHUAN,clean,redteam_factory/Edge-TTS,微软服务条款，仅研究评测用途,edgetts,sichuan,SC-000353,zh-CN-YunxiNeural,
data/redteam/factory/edgetts/sichuan/edgetts_sichuan_zh-CN-YunxiNeural_SC-000380.wav,spoof,RT-EDGETTS-SICHUAN,clean,redteam_factory/Edge-TTS,微软服务条款，仅研究评测用途,edgetts,sichuan,SC-000380,zh-CN-YunxiNeural,
data/redteam/factory/edgetts/sichuan/edgetts_sichuan_zh-CN-YunxiNeural_SC-000446.wav,spoof,RT-EDGETTS-SICHUAN,clean,redteam_factory/Edge-TTS,微软服务条款，仅研究评测用途,edgetts,sichuan,SC-000446,zh-CN-YunxiNeural,
data/redteam/factory/edgetts/sichuan/edgetts_sichuan_zh-CN-YunxiNeural_SC-000482.wav,spoof,RT-EDGETTS-SICHUAN,clean,redteam_factory/Edge-TTS,微软服务条款，仅研究评测用途,edgetts,sichuan,SC-000482,zh-CN-YunxiNeural,
data/redteam/factory/edgetts/sichuan/edgetts_sichuan_zh-CN-YunxiNeural_SC-000576.wav,spoof,RT-EDGETTS-SICHUAN,clean,redteam_factory/Edge-TTS,微软服务条款，仅研究评测用途,edgetts,sichuan,SC-000576,zh-CN-YunxiNeural,
data/redteam/factory/edgetts/sichuan/edgetts_sichuan_zh-CN-YunxiNeural_SC-000636.wav,spoof,RT-EDGETTS-SICHUAN,clean,redteam_factory/Edge-TTS,微软服务条款，仅研究评测用途,edgetts,sichuan,SC-000636,zh-CN-YunxiNeural,
data/redteam/factory/edgetts/sichuan/edgetts_sichuan_zh-CN-YunxiNeural_SC-000708.wav,spoof,RT-EDGETTS-SICHUAN,clean,redteam_factory/Edge-TTS,微软服务条款，仅研究评测用途,edgetts,sichuan,SC-000708,zh-CN-YunxiNeural,
data/redteam/factory/edgetts/sichuan/edgetts_sichuan_zh-CN-YunxiNeural_SC-000771.wav,spoof,RT-EDGETTS-SICHUAN,clean,redteam_factory/Edge-TTS,微软服务条款，仅研究评测用途,edgetts,sichuan,SC-000771,zh-CN-YunxiNeural,
data/redteam/factory/edgetts/sichuan/edgetts_sichuan_zh-CN-YunxiNeural_SC-000855.wav,spoof,RT-EDGETTS-SICHUAN,clean,redteam_factory/Edge-TTS,微软服务条款，仅研究评测用途,edgetts,sichuan,SC-000855,zh-CN-YunxiNeural,
data/redteam/factory/edgetts/sichuan/edgetts_sichuan_zh-CN-YunxiNeural_SC-000946.wav,spoof,RT-EDGETTS-SICHUAN,clean,redteam_factory/Edge-TTS,微软服务条款，仅研究评测用途,edgetts,sichuan,SC-000946,zh-CN-YunxiNeural,
data/redteam/factory/edgetts/sichuan/edgetts_sichuan_zh-CN-YunxiNeural_SC-001018.wav,spoof,RT-EDGETTS-SICHUAN,clean,redteam_factory/Edge-TTS,微软服务条款，仅研究评测用途,edgetts,sichuan,SC-001018,zh-CN-YunxiNeural,
data/redteam/factory/edgetts/sichuan/edgetts_sichuan_zh-CN-YunxiNeural_SC-001104.wav,spoof,RT-EDGETTS-SICHUAN,clean,redteam_factory/Edge-TTS,微软服务条款，仅研究评测用途,edgetts,sichuan,SC-001104,zh-CN-YunxiNeural,
data/redteam/factory/edgetts/sichuan/edgetts_sichuan_zh-CN-YunxiNeural_SC-001166.wav,spoof,RT-EDGETTS-SICHUAN,clean,redteam_factory/Edge-TTS,微软服务条款，仅研究评测用途,edgetts,sichuan,SC-001166,zh-CN-YunxiNeural,
data/redteam/factory/edgetts/sichuan/edgetts_sichuan_zh-CN-YunxiNeural_SC-001234.wav,spoof,RT-EDGETTS-SICHUAN,clean,redteam_factory/Edge-TTS,微软服务条款，仅研究评测用途,edgetts,sichuan,SC-001234,zh-CN-YunxiNeural,
data/redteam/factory/edgetts/sichuan/edgetts_sichuan_zh-CN-YunxiNeural_SC-001327.wav,spoof,RT-EDGETTS-SICHUAN,clean,redteam_factory/Edge-TTS,微软服务条款，仅研究评测用途,edgetts,sichuan,SC-001327,zh-CN-YunxiNeural,
data/redteam/factory/edgetts/sichuan/edgetts_sichuan_zh-CN-YunxiNeural_SC-001386.wav,spoof,RT-EDGETTS-SICHUAN,clean,redteam_factory/Edge-TTS,微软服务条款，仅研究评测用途,edgetts,sichuan,SC-001386,zh-CN-YunxiNeural,
data/redteam/factory/edgetts/sichuan/edgetts_sichuan_zh-CN-YunxiNeural_SC-001442.wav,spoof,RT-EDGETTS-SICHUAN,clean,redteam_factory/Edge-TTS,微软服务条款，仅研究评测用途,edgetts,sichuan,SC-001442,zh-CN-YunxiNeural,
data/redteam/factory/edgetts/sichuan/edgetts_sichuan_zh-CN-YunxiNeural_SC-001511.wav,spoof,RT-EDGETTS-SICHUAN,clean,redteam_factory/Edge-TTS,微软服务条款，仅研究评测用途,edgetts,sichuan,SC-001511,zh-CN-YunxiNeural,
data/redteam/factory/edgetts/sichuan/edgetts_sichuan_zh-CN-XiaoxiaoNeural_SC-000353.wav,spoof,RT-EDGETTS-SICHUAN,clean,redteam_factory/Edge-TTS,微软服务条款，仅研究评测用途,edgetts,sichuan,SC-000353,zh-CN-XiaoxiaoNeural,
data/redteam/factory/edgetts/sichuan/edgetts_sichuan_zh-CN-XiaoxiaoNeural_SC-000380.wav,spoof,RT-EDGETTS-SICHUAN,clean,redteam_factory/Edge-TTS,微软服务条款，仅研究评测用途,edgetts,sichuan,SC-000380,zh-CN-XiaoxiaoNeural,
data/redteam/factory/edgetts/sichuan/edgetts_sichuan_zh-CN-XiaoxiaoNeural_SC-000446.wav,spoof,RT-EDGETTS-SICHUAN,clean,redteam_factory/Edge-TTS,微软服务条款，仅研究评测用途,edgetts,sichuan,SC-000446,zh-CN-XiaoxiaoNeural,
data/redteam/factory/edgetts/sichuan/edgetts_sichuan_zh-CN-XiaoxiaoNeural_SC-000482.wav,spoof,RT-EDGETTS-SICHUAN,clean,redteam_factory/Edge-TTS,微软服务条款，仅研究评测用途,edgetts,sichuan,SC-000482,zh-CN-XiaoxiaoNeural,
data/redteam/factory/edgetts/sichuan/edgetts_sichuan_zh-CN-XiaoxiaoNeural_SC-000576.wav,spoof,RT-EDGETTS-SICHUAN,clean,redteam_factory/Edge-TTS,微软服务条款，仅研究评测用途,edgetts,sichuan,SC-000576,zh-CN-XiaoxiaoNeural,
data/redteam/factory/edgetts/sichuan/edgetts_sichuan_zh-CN-XiaoxiaoNeural_SC-000636.wav,spoof,RT-EDGETTS-SICHUAN,clean,redteam_factory/Edge-TTS,微软服务条款，仅研究评测用途,edgetts,sichuan,SC-000636,zh-CN-XiaoxiaoNeural,
data/redteam/factory/edgetts/sichuan/edgetts_sichuan_zh-CN-XiaoxiaoNeural_SC-000708.wav,spoof,RT-EDGETTS-SICHUAN,clean,redteam_factory/Edge-TTS,微软服务条款，仅研究评测用途,edgetts,sichuan,SC-000708,zh-CN-XiaoxiaoNeural,
data/redteam/factory/edgetts/sichuan/edgetts_sichuan_zh-CN-XiaoxiaoNeural_SC-000771.wav,spoof,RT-EDGETTS-SICHUAN,clean,redteam_factory/Edge-TTS,微软服务条款，仅研究评测用途,edgetts,sichuan,SC-000771,zh-CN-XiaoxiaoNeural,
data/redteam/factory/edgetts/sichuan/edgetts_sichuan_zh-CN-XiaoxiaoNeural_SC-000855.wav,spoof,RT-EDGETTS-SICHUAN,clean,redteam_factory/Edge-TTS,微软服务条款，仅研究评测用途,edgetts,sichuan,SC-000855,zh-CN-XiaoxiaoNeural,
data/redteam/factory/edgetts/sichuan/edgetts_sichuan_zh-CN-XiaoxiaoNeural_SC-000946.wav,spoof,RT-EDGETTS-SICHUAN,clean,redteam_factory/Edge-TTS,微软服务条款，仅研究评测用途,edgetts,sichuan,SC-000946,zh-CN-XiaoxiaoNeural,
data/redteam/factory/edgetts/sichuan/edgetts_sichuan_zh-CN-XiaoxiaoNeural_SC-001018.wav,spoof,RT-EDGETTS-SICHUAN,clean,redteam_factory/Edge-TTS,微软服务条款，仅研究评测用途,edgetts,sichuan,SC-001018,zh-CN-XiaoxiaoNeural,
data/redteam/factory/edgetts/sichuan/edgetts_sichuan_zh-CN-XiaoxiaoNeural_SC-001104.wav,spoof,RT-EDGETTS-SICHUAN,clean,redteam_factory/Edge-TTS,微软服务条款，仅研究评测用途,edgetts,sichuan,SC-001104,zh-CN-XiaoxiaoNeural,
data/redteam/factory/edgetts/sichuan/edgetts_sichuan_zh-CN-XiaoxiaoNeural_SC-001166.wav,spoof,RT-EDGETTS-SICHUAN,clean,redteam_factory/Edge-TTS,微软服务条款，仅研究评测用途,edgetts,sichuan,SC-001166,zh-CN-XiaoxiaoNeural,
data/redteam/factory/edgetts/sichuan/edgetts_sichuan_zh-CN-XiaoxiaoNeural_SC-001234.wav,spoof,RT-EDGETTS-SICHUAN,clean,redteam_factory/Edge-TTS,微软服务条款，仅研究评测用途,edgetts,sichuan,SC-001234,zh-CN-XiaoxiaoNeural,
data/redteam/factory/edgetts/sichuan/edgetts_sichuan_zh-CN-XiaoxiaoNeural_SC-001327.wav,spoof,RT-EDGETTS-SICHUAN,clean,redteam_factory/Edge-TTS,微软服务条款，仅研究评测用途,edgetts,sichuan,SC-001327,zh-CN-XiaoxiaoNeural,
data/redteam/factory/edgetts/sichuan/edgetts_sichuan_zh-CN-XiaoxiaoNeural_SC-001386.wav,spoof,RT-EDGETTS-SICHUAN,clean,redteam_factory/Edge-TTS,微软服务条款，仅研究评测用途,edgetts,sichuan,SC-001386,zh-CN-XiaoxiaoNeural,
data/redteam/factory/edgetts/sichuan/edgetts_sichuan_zh-CN-XiaoxiaoNeural_SC-001442.wav,spoof,RT-EDGETTS-SICHUAN,clean,redteam_factory/Edge-TTS,微软服务条款，仅研究评测用途,edgetts,sichuan,SC-001442,zh-CN-XiaoxiaoNeural,
data/redteam/factory/edgetts/sichuan/edgetts_sichuan_zh-CN-XiaoxiaoNeural_SC-001511.wav,spoof,RT-EDGETTS-SICHUAN,clean,redteam_factory/Edge-TTS,微软服务条款，仅研究评测用途,edgetts,sichuan,SC-001511,zh-CN-XiaoxiaoNeural,
data/redteam/factory/edgetts/cantonese/edgetts_cantonese_zh-HK-HiuMaanNeural_SC-000508.wav,spoof,RT-EDGETTS-CANTONESE,clean,redteam_factory/Edge-TTS,微软服务条款，仅研究评测用途,edgetts,cantonese,SC-000508,zh-HK-HiuMaanNeural,
data/redteam/factory/edgetts/cantonese/edgetts_cantonese_zh-HK-HiuMaanNeural_SC-000575.wav,spoof,RT-EDGETTS-CANTONESE,clean,redteam_factory/Edge-TTS,微软服务条款，仅研究评测用途,edgetts,cantonese,SC-000575,zh-HK-HiuMaanNeural,
data/redteam/factory/edgetts/cantonese/edgetts_cantonese_zh-HK-HiuMaanNeural_SC-000652.wav,spoof,RT-EDGETTS-CANTONESE,clean,redteam_factory/Edge-TTS,微软服务条款，仅研究评测用途,edgetts,cantonese,SC-000652,zh-HK-HiuMaanNeural,
data/redteam/factory/edgetts/cantonese/edgetts_cantonese_zh-HK-HiuMaanNeural_SC-000699.wav,spoof,RT-EDGETTS-CANTONESE,clean,redteam_factory/Edge-TTS,微软服务条款，仅研究评测用途,edgetts,cantonese,SC-000699,zh-HK-HiuMaanNeural,
data/redteam/factory/edgetts/cantonese/edgetts_cantonese_zh-HK-HiuMaanNeural_SC-000765.wav,spoof,RT-EDGETTS-CANTONESE,clean,redteam_factory/Edge-TTS,微软服务条款，仅研究评测用途,edgetts,cantonese,SC-000765,zh-HK-HiuMaanNeural,
data/redteam/factory/edgetts/cantonese/edgetts_cantonese_zh-HK-HiuMaanNeural_SC-000823.wav,spoof,RT-EDGETTS-CANTONESE,clean,redteam_factory/Edge-TTS,微软服务条款，仅研究评测用途,edgetts,cantonese,SC-000823,zh-HK-HiuMaanNeural,
data/redteam/factory/edgetts/cantonese/edgetts_cantonese_zh-HK-HiuMaanNeural_SC-000916.wav,spoof,RT-EDGETTS-CANTONESE,clean,redteam_factory/Edge-TTS,微软服务条款，仅研究评测用途,edgetts,cantonese,SC-000916,zh-HK-HiuMaanNeural,
data/redteam/factory/edgetts/cantonese/edgetts_cantonese_zh-HK-HiuMaanNeural_SC-000955.wav,spoof,RT-EDGETTS-CANTONESE,clean,redteam_factory/Edge-TTS,微软服务条款，仅研究评测用途,edgetts,cantonese,SC-000955,zh-HK-HiuMaanNeural,
data/redteam/factory/edgetts/cantonese/edgetts_cantonese_zh-HK-HiuMaanNeural_SC-001046.wav,spoof,RT-EDGETTS-CANTONESE,clean,redteam_factory/Edge-TTS,微软服务条款，仅研究评测用途,edgetts,cantonese,SC-001046,zh-HK-HiuMaanNeural,
data/redteam/factory/edgetts/cantonese/edgetts_cantonese_zh-HK-HiuMaanNeural_SC-001090.wav,spoof,RT-EDGETTS-CANTONESE,clean,redteam_factory/Edge-TTS,微软服务条款，仅研究评测用途,edgetts,cantonese,SC-001090,zh-HK-HiuMaanNeural,
data/redteam/factory/edgetts/cantonese/edgetts_cantonese_zh-HK-HiuMaanNeural_SC-001152.wav,spoof,RT-EDGETTS-CANTONESE,clean,redteam_factory/Edge-TTS,微软服务条款，仅研究评测用途,edgetts,cantonese,SC-001152,zh-HK-HiuMaanNeural,
data/redteam/factory/edgetts/cantonese/edgetts_cantonese_zh-HK-HiuMaanNeural_SC-001200.wav,spoof,RT-EDGETTS-CANTONESE,clean,redteam_factory/Edge-TTS,微软服务条款，仅研究评测用途,edgetts,cantonese,SC-001200,zh-HK-HiuMaanNeural,
data/redteam/factory/edgetts/cantonese/edgetts_cantonese_zh-HK-HiuMaanNeural_SC-001262.wav,spoof,RT-EDGETTS-CANTONESE,clean,redteam_factory/Edge-TTS,微软服务条款，仅研究评测用途,edgetts,cantonese,SC-001262,zh-HK-HiuMaanNeural,
data/redteam/factory/edgetts/cantonese/edgetts_cantonese_zh-HK-HiuMaanNeural_SC-001299.wav,spoof,RT-EDGETTS-CANTONESE,clean,redteam_factory/Edge-TTS,微软服务条款，仅研究评测用途,edgetts,cantonese,SC-001299,zh-HK-HiuMaanNeural,
data/redteam/factory/edgetts/cantonese/edgetts_cantonese_zh-HK-HiuMaanNeural_SC-001400.wav,spoof,RT-EDGETTS-CANTONESE,clean,redteam_factory/Edge-TTS,微软服务条款，仅研究评测用途,edgetts,cantonese,SC-001400,zh-HK-HiuMaanNeural,
data/redteam/factory/edgetts/cantonese/edgetts_cantonese_zh-HK-HiuMaanNeural_SC-001461.wav,spoof,RT-EDGETTS-CANTONESE,clean,redteam_factory/Edge-TTS,微软服务条款，仅研究评测用途,edgetts,cantonese,SC-001461,zh-HK-HiuMaanNeural,
data/redteam/factory/edgetts/cantonese/edgetts_cantonese_zh-HK-HiuMaanNeural_SC-001508.wav,spoof,RT-EDGETTS-CANTONESE,clean,redteam_factory/Edge-TTS,微软服务条款，仅研究评测用途,edgetts,cantonese,SC-001508,zh-HK-HiuMaanNeural,
data/redteam/factory/edgetts/cantonese/edgetts_cantonese_zh-HK-HiuMaanNeural_SC-001565.wav,spoof,RT-EDGETTS-CANTONESE,clean,redteam_factory/Edge-TTS,微软服务条款，仅研究评测用途,edgetts,cantonese,SC-001565,zh-HK-HiuMaanNeural,
data/redteam/factory/edgetts/cantonese/edgetts_cantonese_zh-HK-WanLungNeural_SC-000508.wav,spoof,RT-EDGETTS-CANTONESE,clean,redteam_factory/Edge-TTS,微软服务条款，仅研究评测用途,edgetts,cantonese,SC-000508,zh-HK-WanLungNeural,
data/redteam/factory/edgetts/cantonese/edgetts_cantonese_zh-HK-WanLungNeural_SC-000575.wav,spoof,RT-EDGETTS-CANTONESE,clean,redteam_factory/Edge-TTS,微软服务条款，仅研究评测用途,edgetts,cantonese,SC-000575,zh-HK-WanLungNeural,
data/redteam/factory/edgetts/cantonese/edgetts_cantonese_zh-HK-WanLungNeural_SC-000652.wav,spoof,RT-EDGETTS-CANTONESE,clean,redteam_factory/Edge-TTS,微软服务条款，仅研究评测用途,edgetts,cantonese,SC-000652,zh-HK-WanLungNeural,
data/redteam/factory/edgetts/cantonese/edgetts_cantonese_zh-HK-WanLungNeural_SC-000699.wav,spoof,RT-EDGETTS-CANTONESE,clean,redteam_factory/Edge-TTS,微软服务条款，仅研究评测用途,edgetts,cantonese,SC-000699,zh-HK-WanLungNeural,
data/redteam/factory/edgetts/cantonese/edgetts_cantonese_zh-HK-WanLungNeural_SC-000765.wav,spoof,RT-EDGETTS-CANTONESE,clean,redteam_factory/Edge-TTS,微软服务条款，仅研究评测用途,edgetts,cantonese,SC-000765,zh-HK-WanLungNeural,
data/redteam/factory/edgetts/cantonese/edgetts_cantonese_zh-HK-WanLungNeural_SC-000823.wav,spoof,RT-EDGETTS-CANTONESE,clean,redteam_factory/Edge-TTS,微软服务条款，仅研究评测用途,edgetts,cantonese,SC-000823,zh-HK-WanLungNeural,
data/redteam/factory/edgetts/cantonese/edgetts_cantonese_zh-HK-WanLungNeural_SC-000916.wav,spoof,RT-EDGETTS-CANTONESE,clean,redteam_factory/Edge-TTS,微软服务条款，仅研究评测用途,edgetts,cantonese,SC-000916,zh-HK-WanLungNeural,
data/redteam/factory/edgetts/cantonese/edgetts_cantonese_zh-HK-WanLungNeural_SC-000955.wav,spoof,RT-EDGETTS-CANTONESE,clean,redteam_factory/Edge-TTS,微软服务条款，仅研究评测用途,edgetts,cantonese,SC-000955,zh-HK-WanLungNeural,
data/redteam/factory/edgetts/cantonese/edgetts_cantonese_zh-HK-WanLungNeural_SC-001046.wav,spoof,RT-EDGETTS-CANTONESE,clean,redteam_factory/Edge-TTS,微软服务条款，仅研究评测用途,edgetts,cantonese,SC-001046,zh-HK-WanLungNeural,
data/redteam/factory/edgetts/cantonese/edgetts_cantonese_zh-HK-WanLungNeural_SC-001090.wav,spoof,RT-EDGETTS-CANTONESE,clean,redteam_factory/Edge-TTS,微软服务条款，仅研究评测用途,edgetts,cantonese,SC-001090,zh-HK-WanLungNeural,
data/redteam/factory/edgetts/cantonese/edgetts_cantonese_zh-HK-WanLungNeural_SC-001152.wav,spoof,RT-EDGETTS-CANTONESE,clean,redteam_factory/Edge-TTS,微软服务条款，仅研究评测用途,edgetts,cantonese,SC-001152,zh-HK-WanLungNeural,
data/redteam/factory/edgetts/cantonese/edgetts_cantonese_zh-HK-WanLungNeural_SC-001200.wav,spoof,RT-EDGETTS-CANTONESE,clean,redteam_factory/Edge-TTS,微软服务条款，仅研究评测用途,edgetts,cantonese,SC-001200,zh-HK-WanLungNeural,
data/redteam/factory/edgetts/cantonese/edgetts_cantonese_zh-HK-WanLungNeural_SC-001262.wav,spoof,RT-EDGETTS-CANTONESE,clean,redteam_factory/Edge-TTS,微软服务条款，仅研究评测用途,edgetts,cantonese,SC-001262,zh-HK-WanLungNeural,
data/redteam/factory/edgetts/cantonese/edgetts_cantonese_zh-HK-WanLungNeural_SC-001299.wav,spoof,RT-EDGETTS-CANTONESE,clean,redteam_factory/Edge-TTS,微软服务条款，仅研究评测用途,edgetts,cantonese,SC-001299,zh-HK-WanLungNeural,
data/redteam/factory/edgetts/cantonese/edgetts_cantonese_zh-HK-WanLungNeural_SC-001400.wav,spoof,RT-EDGETTS-CANTONESE,clean,redteam_factory/Edge-TTS,微软服务条款，仅研究评测用途,edgetts,cantonese,SC-001400,zh-HK-WanLungNeural,
data/redteam/factory/edgetts/cantonese/edgetts_cantonese_zh-HK-WanLungNeural_SC-001461.wav,spoof,RT-EDGETTS-CANTONESE,clean,redteam_factory/Edge-TTS,微软服务条款，仅研究评测用途,edgetts,cantonese,SC-001461,zh-HK-WanLungNeural,
data/redteam/factory/edgetts/cantonese/edgetts_cantonese_zh-HK-WanLungNeural_SC-001508.wav,spoof,RT-EDGETTS-CANTONESE,clean,redteam_factory/Edge-TTS,微软服务条款，仅研究评测用途,edgetts,cantonese,SC-001508,zh-HK-WanLungNeural,
data/redteam/factory/edgetts/cantonese/edgetts_cantonese_zh-HK-WanLungNeural_SC-001565.wav,spoof,RT-EDGETTS-CANTONESE,clean,redteam_factory/Edge-TTS,微软服务条款，仅研究评测用途,edgetts,cantonese,SC-001565,zh-HK-WanLungNeural,
data/redteam/factory/edgetts/dongbei/edgetts_dongbei_zh-CN-liaoning-XiaobeiNeural_SC-000438.wav,spoof,RT-EDGETTS-DONGBEI,clean,redteam_factory/Edge-TTS,微软服务条款，仅研究评测用途,edgetts,dongbei,SC-000438,zh-CN-liaoning-XiaobeiNeural,
data/redteam/factory/edgetts/dongbei/edgetts_dongbei_zh-CN-liaoning-XiaobeiNeural_SC-000520.wav,spoof,RT-EDGETTS-DONGBEI,clean,redteam_factory/Edge-TTS,微软服务条款，仅研究评测用途,edgetts,dongbei,SC-000520,zh-CN-liaoning-XiaobeiNeural,
data/redteam/factory/edgetts/dongbei/edgetts_dongbei_zh-CN-liaoning-XiaobeiNeural_SC-000611.wav,spoof,RT-EDGETTS-DONGBEI,clean,redteam_factory/Edge-TTS,微软服务条款，仅研究评测用途,edgetts,dongbei,SC-000611,zh-CN-liaoning-XiaobeiNeural,
data/redteam/factory/edgetts/dongbei/edgetts_dongbei_zh-CN-liaoning-XiaobeiNeural_SC-000681.wav,spoof,RT-EDGETTS-DONGBEI,clean,redteam_factory/Edge-TTS,微软服务条款，仅研究评测用途,edgetts,dongbei,SC-000681,zh-CN-liaoning-XiaobeiNeural,
data/redteam/factory/edgetts/dongbei/edgetts_dongbei_zh-CN-liaoning-XiaobeiNeural_SC-000748.wav,spoof,RT-EDGETTS-DONGBEI,clean,redteam_factory/Edge-TTS,微软服务条款，仅研究评测用途,edgetts,dongbei,SC-000748,zh-CN-liaoning-XiaobeiNeural,
data/redteam/factory/edgetts/dongbei/edgetts_dongbei_zh-CN-liaoning-XiaobeiNeural_SC-000843.wav,spoof,RT-EDGETTS-DONGBEI,clean,redteam_factory/Edge-TTS,微软服务条款，仅研究评测用途,edgetts,dongbei,SC-000843,zh-CN-liaoning-XiaobeiNeural,
data/redteam/factory/edgetts/dongbei/edgetts_dongbei_zh-CN-liaoning-XiaobeiNeural_SC-000919.wav,spoof,RT-EDGETTS-DONGBEI,clean,redteam_factory/Edge-TTS,微软服务条款，仅研究评测用途,edgetts,dongbei,SC-000919,zh-CN-liaoning-XiaobeiNeural,
data/redteam/factory/edgetts/dongbei/edgetts_dongbei_zh-CN-liaoning-XiaobeiNeural_SC-001016.wav,spoof,RT-EDGETTS-DONGBEI,clean,redteam_factory/Edge-TTS,微软服务条款，仅研究评测用途,edgetts,dongbei,SC-001016,zh-CN-liaoning-XiaobeiNeural,
data/redteam/factory/edgetts/dongbei/edgetts_dongbei_zh-CN-liaoning-XiaobeiNeural_SC-001092.wav,spoof,RT-EDGETTS-DONGBEI,clean,redteam_factory/Edge-TTS,微软服务条款，仅研究评测用途,edgetts,dongbei,SC-001092,zh-CN-liaoning-XiaobeiNeural,
data/redteam/factory/edgetts/dongbei/edgetts_dongbei_zh-CN-liaoning-XiaobeiNeural_SC-001147.wav,spoof,RT-EDGETTS-DONGBEI,clean,redteam_factory/Edge-TTS,微软服务条款，仅研究评测用途,edgetts,dongbei,SC-001147,zh-CN-liaoning-XiaobeiNeural,
data/redteam/factory/edgetts/dongbei/edgetts_dongbei_zh-CN-liaoning-XiaobeiNeural_SC-001236.wav,spoof,RT-EDGETTS-DONGBEI,clean,redteam_factory/Edge-TTS,微软服务条款，仅研究评测用途,edgetts,dongbei,SC-001236,zh-CN-liaoning-XiaobeiNeural,
data/redteam/factory/edgetts/dongbei/edgetts_dongbei_zh-CN-liaoning-XiaobeiNeural_SC-001324.wav,spoof,RT-EDGETTS-DONGBEI,clean,redteam_factory/Edge-TTS,微软服务条款，仅研究评测用途,edgetts,dongbei,SC-001324,zh-CN-liaoning-XiaobeiNeural,
data/redteam/factory/edgetts/dongbei/edgetts_dongbei_zh-CN-liaoning-XiaobeiNeural_SC-001378.wav,spoof,RT-EDGETTS-DONGBEI,clean,redteam_factory/Edge-TTS,微软服务条款，仅研究评测用途,edgetts,dongbei,SC-001378,zh-CN-liaoning-XiaobeiNeural,
data/redteam/factory/edgetts/dongbei/edgetts_dongbei_zh-CN-liaoning-XiaobeiNeural_SC-001440.wav,spoof,RT-EDGETTS-DONGBEI,clean,redteam_factory/Edge-TTS,微软服务条款，仅研究评测用途,edgetts,dongbei,SC-001440,zh-CN-liaoning-XiaobeiNeural,
data/redteam/factory/edgetts/dongbei/edgetts_dongbei_zh-CN-liaoning-XiaobeiNeural_SC-001516.wav,spoof,RT-EDGETTS-DONGBEI,clean,redteam_factory/Edge-TTS,微软服务条款，仅研究评测用途,edgetts,dongbei,SC-001516,zh-CN-liaoning-XiaobeiNeural,
data/redteam/factory/edgetts/dongbei/edgetts_dongbei_zh-CN-liaoning-XiaobeiNeural_SC-001587.wav,spoof,RT-EDGETTS-DONGBEI,clean,redteam_factory/Edge-TTS,微软服务条款，仅研究评测用途,edgetts,dongbei,SC-001587,zh-CN-liaoning-XiaobeiNeural,
data/redteam/factory/edgetts/dongbei/edgetts_dongbei_zh-CN-liaoning-XiaobeiNeural_SC-001643.wav,spoof,RT-EDGETTS-DONGBEI,clean,redteam_factory/Edge-TTS,微软服务条款，仅研究评测用途,edgetts,dongbei,SC-001643,zh-CN-liaoning-XiaobeiNeural,
data/redteam/factory/edgetts/dongbei/edgetts_dongbei_zh-CN-liaoning-XiaobeiNeural_SC-001681.wav,spoof,RT-EDGETTS-DONGBEI,clean,redteam_factory/Edge-TTS,微软服务条款，仅研究评测用途,edgetts,dongbei,SC-001681,zh-CN-liaoning-XiaobeiNeural,
data/redteam/factory/edgetts/henan/edgetts_henan_zh-CN-shaanxi-XiaoniNeural_SC-000459.wav,spoof,RT-EDGETTS-HENAN,clean,redteam_factory/Edge-TTS,微软服务条款，仅研究评测用途,edgetts,henan,SC-000459,zh-CN-shaanxi-XiaoniNeural,
data/redteam/factory/edgetts/henan/edgetts_henan_zh-CN-shaanxi-XiaoniNeural_SC-000562.wav,spoof,RT-EDGETTS-HENAN,clean,redteam_factory/Edge-TTS,微软服务条款，仅研究评测用途,edgetts,henan,SC-000562,zh-CN-shaanxi-XiaoniNeural,
data/redteam/factory/edgetts/henan/edgetts_henan_zh-CN-shaanxi-XiaoniNeural_SC-000606.wav,spoof,RT-EDGETTS-HENAN,clean,redteam_factory/Edge-TTS,微软服务条款，仅研究评测用途,edgetts,henan,SC-000606,zh-CN-shaanxi-XiaoniNeural,
data/redteam/factory/edgetts/henan/edgetts_henan_zh-CN-shaanxi-XiaoniNeural_SC-000647.wav,spoof,RT-EDGETTS-HENAN,clean,redteam_factory/Edge-TTS,微软服务条款，仅研究评测用途,edgetts,henan,SC-000647,zh-CN-shaanxi-XiaoniNeural,
data/redteam/factory/edgetts/henan/edgetts_henan_zh-CN-shaanxi-XiaoniNeural_SC-000735.wav,spoof,RT-EDGETTS-HENAN,clean,redteam_factory/Edge-TTS,微软服务条款，仅研究评测用途,edgetts,henan,SC-000735,zh-CN-shaanxi-XiaoniNeural,
data/redteam/factory/edgetts/henan/edgetts_henan_zh-CN-shaanxi-XiaoniNeural_SC-000815.wav,spoof,RT-EDGETTS-HENAN,clean,redteam_factory/Edge-TTS,微软服务条款，仅研究评测用途,edgetts,henan,SC-000815,zh-CN-shaanxi-XiaoniNeural,
data/redteam/factory/edgetts/henan/edgetts_henan_zh-CN-shaanxi-XiaoniNeural_SC-000873.wav,spoof,RT-EDGETTS-HENAN,clean,redteam_factory/Edge-TTS,微软服务条款，仅研究评测用途,edgetts,henan,SC-000873,zh-CN-shaanxi-XiaoniNeural,
data/redteam/factory/edgetts/henan/edgetts_henan_zh-CN-shaanxi-XiaoniNeural_SC-000922.wav,spoof,RT-EDGETTS-HENAN,clean,redteam_factory/Edge-TTS,微软服务条款，仅研究评测用途,edgetts,henan,SC-000922,zh-CN-shaanxi-XiaoniNeural,
data/redteam/factory/edgetts/henan/edgetts_henan_zh-CN-shaanxi-XiaoniNeural_SC-000993.wav,spoof,RT-EDGETTS-HENAN,clean,redteam_factory/Edge-TTS,微软服务条款，仅研究评测用途,edgetts,henan,SC-000993,zh-CN-shaanxi-XiaoniNeural,
data/redteam/factory/edgetts/henan/edgetts_henan_zh-CN-shaanxi-XiaoniNeural_SC-001072.wav,spoof,RT-EDGETTS-HENAN,clean,redteam_factory/Edge-TTS,微软服务条款，仅研究评测用途,edgetts,henan,SC-001072,zh-CN-shaanxi-XiaoniNeural,
data/redteam/factory/edgetts/henan/edgetts_henan_zh-CN-shaanxi-XiaoniNeural_SC-001123.wav,spoof,RT-EDGETTS-HENAN,clean,redteam_factory/Edge-TTS,微软服务条款，仅研究评测用途,edgetts,henan,SC-001123,zh-CN-shaanxi-XiaoniNeural,
data/redteam/factory/edgetts/henan/edgetts_henan_zh-CN-shaanxi-XiaoniNeural_SC-001204.wav,spoof,RT-EDGETTS-HENAN,clean,redteam_factory/Edge-TTS,微软服务条款，仅研究评测用途,edgetts,henan,SC-001204,zh-CN-shaanxi-XiaoniNeural,
data/redteam/factory/edgetts/henan/edgetts_henan_zh-CN-shaanxi-XiaoniNeural_SC-001284.wav,spoof,RT-EDGETTS-HENAN,clean,redteam_factory/Edge-TTS,微软服务条款，仅研究评测用途,edgetts,henan,SC-001284,zh-CN-shaanxi-XiaoniNeural,
data/redteam/factory/edgetts/henan/edgetts_henan_zh-CN-shaanxi-XiaoniNeural_SC-001334.wav,spoof,RT-EDGETTS-HENAN,clean,redteam_factory/Edge-TTS,微软服务条款，仅研究评测用途,edgetts,henan,SC-001334,zh-CN-shaanxi-XiaoniNeural,
data/redteam/factory/edgetts/henan/edgetts_henan_zh-CN-shaanxi-XiaoniNeural_SC-001381.wav,spoof,RT-EDGETTS-HENAN,clean,redteam_factory/Edge-TTS,微软服务条款，仅研究评测用途,edgetts,henan,SC-001381,zh-CN-shaanxi-XiaoniNeural,
data/redteam/factory/edgetts/henan/edgetts_henan_zh-CN-shaanxi-XiaoniNeural_SC-001475.wav,spoof,RT-EDGETTS-HENAN,clean,redteam_factory/Edge-TTS,微软服务条款，仅研究评测用途,edgetts,henan,SC-001475,zh-CN-shaanxi-XiaoniNeural,
data/redteam/factory/edgetts/henan/edgetts_henan_zh-CN-shaanxi-XiaoniNeural_SC-001525.wav,spoof,RT-EDGETTS-HENAN,clean,redteam_factory/Edge-TTS,微软服务条款，仅研究评测用途,edgetts,henan,SC-001525,zh-CN-shaanxi-XiaoniNeural,
data/redteam/factory/edgetts/henan/edgetts_henan_zh-CN-shaanxi-XiaoniNeural_SC-001568.wav,spoof,RT-EDGETTS-HENAN,clean,redteam_factory/Edge-TTS,微软服务条款，仅研究评测用途,edgetts,henan,SC-001568,zh-CN-shaanxi-XiaoniNeural,
data/redteam/factory/edgetts/mandarin/edgetts_mandarin_zh-CN-YunxiNeural_SC-000150.wav,spoof,RT-EDGETTS-MANDARIN,clean,redteam_factory/Edge-TTS,微软服务条款，仅研究评测用途,edgetts,mandarin,SC-000150,zh-CN-YunxiNeural,
data/redteam/factory/edgetts/mandarin/edgetts_mandarin_zh-CN-YunxiNeural_SC-000166.wav,spoof,RT-EDGETTS-MANDARIN,clean,redteam_factory/Edge-TTS,微软服务条款，仅研究评测用途,edgetts,mandarin,SC-000166,zh-CN-YunxiNeural,
data/redteam/factory/edgetts/mandarin/edgetts_mandarin_zh-CN-YunxiNeural_SC-000181.wav,spoof,RT-EDGETTS-MANDARIN,clean,redteam_factory/Edge-TTS,微软服务条款，仅研究评测用途,edgetts,mandarin,SC-000181,zh-CN-YunxiNeural,
data/redteam/factory/edgetts/mandarin/edgetts_mandarin_zh-CN-YunxiNeural_SC-000198.wav,spoof,RT-EDGETTS-MANDARIN,clean,redteam_factory/Edge-TTS,微软服务条款，仅研究评测用途,edgetts,mandarin,SC-000198,zh-CN-YunxiNeural,
data/redteam/factory/edgetts/mandarin/edgetts_mandarin_zh-CN-YunxiNeural_SC-000220.wav,spoof,RT-EDGETTS-MANDARIN,clean,redteam_factory/Edge-TTS,微软服务条款，仅研究评测用途,edgetts,mandarin,SC-000220,zh-CN-YunxiNeural,
data/redteam/factory/edgetts/mandarin/edgetts_mandarin_zh-CN-YunxiNeural_SC-000238.wav,spoof,RT-EDGETTS-MANDARIN,clean,redteam_factory/Edge-TTS,微软服务条款，仅研究评测用途,edgetts,mandarin,SC-000238,zh-CN-YunxiNeural,
data/redteam/factory/edgetts/mandarin/edgetts_mandarin_zh-CN-YunxiNeural_SC-000267.wav,spoof,RT-EDGETTS-MANDARIN,clean,redteam_factory/Edge-TTS,微软服务条款，仅研究评测用途,edgetts,mandarin,SC-000267,zh-CN-YunxiNeural,
data/redteam/factory/edgetts/mandarin/edgetts_mandarin_zh-CN-YunxiNeural_SC-000289.wav,spoof,RT-EDGETTS-MANDARIN,clean,redteam_factory/Edge-TTS,微软服务条款，仅研究评测用途,edgetts,mandarin,SC-000289,zh-CN-YunxiNeural,
data/redteam/factory/edgetts/mandarin/edgetts_mandarin_zh-CN-YunxiNeural_SC-000310.wav,spoof,RT-EDGETTS-MANDARIN,clean,redteam_factory/Edge-TTS,微软服务条款，仅研究评测用途,edgetts,mandarin,SC-000310,zh-CN-YunxiNeural,
data/redteam/factory/edgetts/mandarin/edgetts_mandarin_zh-CN-YunxiNeural_SC-000331.wav,spoof,RT-EDGETTS-MANDARIN,clean,redteam_factory/Edge-TTS,微软服务条款，仅研究评测用途,edgetts,mandarin,SC-000331,zh-CN-YunxiNeural,
data/redteam/factory/edgetts/mandarin/edgetts_mandarin_zh-CN-YunxiNeural_SC-000345.wav,spoof,RT-EDGETTS-MANDARIN,clean,redteam_factory/Edge-TTS,微软服务条款，仅研究评测用途,edgetts,mandarin,SC-000345,zh-CN-YunxiNeural,
data/redteam/factory/edgetts/mandarin/edgetts_mandarin_zh-CN-YunxiNeural_SC-000370.wav,spoof,RT-EDGETTS-MANDARIN,clean,redteam_factory/Edge-TTS,微软服务条款，仅研究评测用途,edgetts,mandarin,SC-000370,zh-CN-YunxiNeural,
data/redteam/factory/edgetts/mandarin/edgetts_mandarin_zh-CN-YunxiNeural_SC-000393.wav,spoof,RT-EDGETTS-MANDARIN,clean,redteam_factory/Edge-TTS,微软服务条款，仅研究评测用途,edgetts,mandarin,SC-000393,zh-CN-YunxiNeural,
data/redteam/factory/edgetts/mandarin/edgetts_mandarin_zh-CN-YunxiNeural_SC-000449.wav,spoof,RT-EDGETTS-MANDARIN,clean,redteam_factory/Edge-TTS,微软服务条款，仅研究评测用途,edgetts,mandarin,SC-000449,zh-CN-YunxiNeural,
data/redteam/factory/edgetts/mandarin/edgetts_mandarin_zh-CN-YunxiNeural_SC-000464.wav,spoof,RT-EDGETTS-MANDARIN,clean,redteam_factory/Edge-TTS,微软服务条款，仅研究评测用途,edgetts,mandarin,SC-000464,zh-CN-YunxiNeural,
data/redteam/factory/edgetts/mandarin/edgetts_mandarin_zh-CN-YunxiNeural_SC-000483.wav,spoof,RT-EDGETTS-MANDARIN,clean,redteam_factory/Edge-TTS,微软服务条款，仅研究评测用途,edgetts,mandarin,SC-000483,zh-CN-YunxiNeural,
data/redteam/factory/edgetts/mandarin/edgetts_mandarin_zh-CN-YunxiNeural_SC-000501.wav,spoof,RT-EDGETTS-MANDARIN,clean,redteam_factory/Edge-TTS,微软服务条款，仅研究评测用途,edgetts,mandarin,SC-000501,zh-CN-YunxiNeural,
data/redteam/factory/edgetts/mandarin/edgetts_mandarin_zh-CN-XiaoxiaoNeural_SC-000150.wav,spoof,RT-EDGETTS-MANDARIN,clean,redteam_factory/Edge-TTS,微软服务条款，仅研究评测用途,edgetts,mandarin,SC-000150,zh-CN-XiaoxiaoNeural,
data/redteam/factory/edgetts/mandarin/edgetts_mandarin_zh-CN-XiaoxiaoNeural_SC-000166.wav,spoof,RT-EDGETTS-MANDARIN,clean,redteam_factory/Edge-TTS,微软服务条款，仅研究评测用途,edgetts,mandarin,SC-000166,zh-CN-XiaoxiaoNeural,
data/redteam/factory/edgetts/mandarin/edgetts_mandarin_zh-CN-XiaoxiaoNeural_SC-000181.wav,spoof,RT-EDGETTS-MANDARIN,clean,redteam_factory/Edge-TTS,微软服务条款，仅研究评测用途,edgetts,mandarin,SC-000181,zh-CN-XiaoxiaoNeural,
data/redteam/factory/edgetts/mandarin/edgetts_mandarin_zh-CN-XiaoxiaoNeural_SC-000198.wav,spoof,RT-EDGETTS-MANDARIN,clean,redteam_factory/Edge-TTS,微软服务条款，仅研究评测用途,edgetts,mandarin,SC-000198,zh-CN-XiaoxiaoNeural,
data/redteam/factory/edgetts/mandarin/edgetts_mandarin_zh-CN-XiaoxiaoNeural_SC-000220.wav,spoof,RT-EDGETTS-MANDARIN,clean,redteam_factory/Edge-TTS,微软服务条款，仅研究评测用途,edgetts,mandarin,SC-000220,zh-CN-XiaoxiaoNeural,
data/redteam/factory/edgetts/mandarin/edgetts_mandarin_zh-CN-XiaoxiaoNeural_SC-000238.wav,spoof,RT-EDGETTS-MANDARIN,clean,redteam_factory/Edge-TTS,微软服务条款，仅研究评测用途,edgetts,mandarin,SC-000238,zh-CN-XiaoxiaoNeural,
data/redteam/factory/edgetts/mandarin/edgetts_mandarin_zh-CN-XiaoxiaoNeural_SC-000267.wav,spoof,RT-EDGETTS-MANDARIN,clean,redteam_factory/Edge-TTS,微软服务条款，仅研究评测用途,edgetts,mandarin,SC-000267,zh-CN-XiaoxiaoNeural,
data/redteam/factory/edgetts/mandarin/edgetts_mandarin_zh-CN-XiaoxiaoNeural_SC-000289.wav,spoof,RT-EDGETTS-MANDARIN,clean,redteam_factory/Edge-TTS,微软服务条款，仅研究评测用途,edgetts,mandarin,SC-000289,zh-CN-XiaoxiaoNeural,
data/redteam/factory/edgetts/mandarin/edgetts_mandarin_zh-CN-XiaoxiaoNeural_SC-000310.wav,spoof,RT-EDGETTS-MANDARIN,clean,redteam_factory/Edge-TTS,微软服务条款，仅研究评测用途,edgetts,mandarin,SC-000310,zh-CN-XiaoxiaoNeural,
data/redteam/factory/edgetts/mandarin/edgetts_mandarin_zh-CN-XiaoxiaoNeural_SC-000331.wav,spoof,RT-EDGETTS-MANDARIN,clean,redteam_factory/Edge-TTS,微软服务条款，仅研究评测用途,edgetts,mandarin,SC-000331,zh-CN-XiaoxiaoNeural,
data/redteam/factory/edgetts/mandarin/edgetts_mandarin_zh-CN-XiaoxiaoNeural_SC-000345.wav,spoof,RT-EDGETTS-MANDARIN,clean,redteam_factory/Edge-TTS,微软服务条款，仅研究评测用途,edgetts,mandarin,SC-000345,zh-CN-XiaoxiaoNeural,
data/redteam/factory/edgetts/mandarin/edgetts_mandarin_zh-CN-XiaoxiaoNeural_SC-000370.wav,spoof,RT-EDGETTS-MANDARIN,clean,redteam_factory/Edge-TTS,微软服务条款，仅研究评测用途,edgetts,mandarin,SC-000370,zh-CN-XiaoxiaoNeural,
data/redteam/factory/edgetts/mandarin/edgetts_mandarin_zh-CN-XiaoxiaoNeural_SC-000393.wav,spoof,RT-EDGETTS-MANDARIN,clean,redteam_factory/Edge-TTS,微软服务条款，仅研究评测用途,edgetts,mandarin,SC-000393,zh-CN-XiaoxiaoNeural,
data/redteam/factory/edgetts/mandarin/edgetts_mandarin_zh-CN-XiaoxiaoNeural_SC-000408.wav,spoof,RT-EDGETTS-MANDARIN,clean,redteam_factory/Edge-TTS,微软服务条款，仅研究评测用途,edgetts,mandarin,SC-000408,zh-CN-XiaoxiaoNeural,
data/redteam/factory/edgetts/mandarin/edgetts_mandarin_zh-CN-XiaoxiaoNeural_SC-000449.wav,spoof,RT-EDGETTS-MANDARIN,clean,redteam_factory/Edge-TTS,微软服务条款，仅研究评测用途,edgetts,mandarin,SC-000449,zh-CN-XiaoxiaoNeural,
data/redteam/factory/edgetts/mandarin/edgetts_mandarin_zh-CN-XiaoxiaoNeural_SC-000464.wav,spoof,RT-EDGETTS-MANDARIN,clean,redteam_factory/Edge-TTS,微软服务条款，仅研究评测用途,edgetts,mandarin,SC-000464,zh-CN-XiaoxiaoNeural,
data/redteam/factory/edgetts/mandarin/edgetts_mandarin_zh-CN-XiaoxiaoNeural_SC-000483.wav,spoof,RT-EDGETTS-MANDARIN,clean,redteam_factory/Edge-TTS,微软服务条款，仅研究评测用途,edgetts,mandarin,SC-000483,zh-CN-XiaoxiaoNeural,
data/redteam/factory/edgetts/mandarin/edgetts_mandarin_zh-CN-XiaoxiaoNeural_SC-000501.wav,spoof,RT-EDGETTS-MANDARIN,clean,redteam_factory/Edge-TTS,微软服务条款，仅研究评测用途,edgetts,mandarin,SC-000501,zh-CN-XiaoxiaoNeural,
data/redteam/factory/edgetts/mandarin/edgetts_mandarin_zh-CN-YunjianNeural_SC-000150.wav,spoof,RT-EDGETTS-MANDARIN,clean,redteam_factory/Edge-TTS,微软服务条款，仅研究评测用途,edgetts,mandarin,SC-000150,zh-CN-YunjianNeural,
data/redteam/factory/edgetts/mandarin/edgetts_mandarin_zh-CN-YunjianNeural_SC-000166.wav,spoof,RT-EDGETTS-MANDARIN,clean,redteam_factory/Edge-TTS,微软服务条款，仅研究评测用途,edgetts,mandarin,SC-000166,zh-CN-YunjianNeural,
data/redteam/factory/edgetts/mandarin/edgetts_mandarin_zh-CN-YunjianNeural_SC-000181.wav,spoof,RT-EDGETTS-MANDARIN,clean,redteam_factory/Edge-TTS,微软服务条款，仅研究评测用途,edgetts,mandarin,SC-000181,zh-CN-YunjianNeural,
data/redteam/factory/edgetts/mandarin/edgetts_mandarin_zh-CN-YunjianNeural_SC-000198.wav,spoof,RT-EDGETTS-MANDARIN,clean,redteam_factory/Edge-TTS,微软服务条款，仅研究评测用途,edgetts,mandarin,SC-000198,zh-CN-YunjianNeural,
data/redteam/factory/edgetts/mandarin/edgetts_mandarin_zh-CN-YunjianNeural_SC-000220.wav,spoof,RT-EDGETTS-MANDARIN,clean,redteam_factory/Edge-TTS,微软服务条款，仅研究评测用途,edgetts,mandarin,SC-000220,zh-CN-YunjianNeural,
data/redteam/factory/edgetts/mandarin/edgetts_mandarin_zh-CN-YunjianNeural_SC-000238.wav,spoof,RT-EDGETTS-MANDARIN,clean,redteam_factory/Edge-TTS,微软服务条款，仅研究评测用途,edgetts,mandarin,SC-000238,zh-CN-YunjianNeural,
data/redteam/factory/edgetts/mandarin/edgetts_mandarin_zh-CN-YunjianNeural_SC-000267.wav,spoof,RT-EDGETTS-MANDARIN,clean,redteam_factory/Edge-TTS,微软服务条款，仅研究评测用途,edgetts,mandarin,SC-000267,zh-CN-YunjianNeural,
data/redteam/factory/edgetts/mandarin/edgetts_mandarin_zh-CN-YunjianNeural_SC-000289.wav,spoof,RT-EDGETTS-MANDARIN,clean,redteam_factory/Edge-TTS,微软服务条款，仅研究评测用途,edgetts,mandarin,SC-000289,zh-CN-YunjianNeural,
data/redteam/factory/edgetts/mandarin/edgetts_mandarin_zh-CN-YunjianNeural_SC-000310.wav,spoof,RT-EDGETTS-MANDARIN,clean,redteam_factory/Edge-TTS,微软服务条款，仅研究评测用途,edgetts,mandarin,SC-000310,zh-CN-YunjianNeural,
data/redteam/factory/edgetts/mandarin/edgetts_mandarin_zh-CN-YunjianNeural_SC-000331.wav,spoof,RT-EDGETTS-MANDARIN,clean,redteam_factory/Edge-TTS,微软服务条款，仅研究评测用途,edgetts,mandarin,SC-000331,zh-CN-YunjianNeural,
data/redteam/factory/edgetts/mandarin/edgetts_mandarin_zh-CN-YunjianNeural_SC-000345.wav,spoof,RT-EDGETTS-MANDARIN,clean,redteam_factory/Edge-TTS,微软服务条款，仅研究评测用途,edgetts,mandarin,SC-000345,zh-CN-YunjianNeural,
data/redteam/factory/edgetts/mandarin/edgetts_mandarin_zh-CN-YunjianNeural_SC-000370.wav,spoof,RT-EDGETTS-MANDARIN,clean,redteam_factory/Edge-TTS,微软服务条款，仅研究评测用途,edgetts,mandarin,SC-000370,zh-CN-YunjianNeural,
data/redteam/factory/edgetts/mandarin/edgetts_mandarin_zh-CN-YunjianNeural_SC-000393.wav,spoof,RT-EDGETTS-MANDARIN,clean,redteam_factory/Edge-TTS,微软服务条款，仅研究评测用途,edgetts,mandarin,SC-000393,zh-CN-YunjianNeural,
data/redteam/factory/edgetts/mandarin/edgetts_mandarin_zh-CN-YunjianNeural_SC-000408.wav,spoof,RT-EDGETTS-MANDARIN,clean,redteam_factory/Edge-TTS,微软服务条款，仅研究评测用途,edgetts,mandarin,SC-000408,zh-CN-YunjianNeural,
data/redteam/factory/edgetts/mandarin/edgetts_mandarin_zh-CN-YunjianNeural_SC-000449.wav,spoof,RT-EDGETTS-MANDARIN,clean,redteam_factory/Edge-TTS,微软服务条款，仅研究评测用途,edgetts,mandarin,SC-000449,zh-CN-YunjianNeural,
data/redteam/factory/edgetts/mandarin/edgetts_mandarin_zh-CN-YunjianNeural_SC-000464.wav,spoof,RT-EDGETTS-MANDARIN,clean,redteam_factory/Edge-TTS,微软服务条款，仅研究评测用途,edgetts,mandarin,SC-000464,zh-CN-YunjianNeural,
data/redteam/factory/edgetts/mandarin/edgetts_mandarin_zh-CN-YunjianNeural_SC-000483.wav,spoof,RT-EDGETTS-MANDARIN,clean,redteam_factory/Edge-TTS,微软服务条款，仅研究评测用途,edgetts,mandarin,SC-000483,zh-CN-YunjianNeural,
data/redteam/factory/edgetts/mandarin/edgetts_mandarin_zh-CN-YunjianNeural_SC-000501.wav,spoof,RT-EDGETTS-MANDARIN,clean,redteam_factory/Edge-TTS,微软服务条款，仅研究评测用途,edgetts,mandarin,SC-000501,zh-CN-YunjianNeural,
data/redteam/factory/edgetts/mandarin/edgetts_mandarin_zh-CN-YunyangNeural_SC-000150.wav,spoof,RT-EDGETTS-MANDARIN,clean,redteam_factory/Edge-TTS,微软服务条款，仅研究评测用途,edgetts,mandarin,SC-000150,zh-CN-YunyangNeural,
data/redteam/factory/edgetts/mandarin/edgetts_mandarin_zh-CN-YunyangNeural_SC-000166.wav,spoof,RT-EDGETTS-MANDARIN,clean,redteam_factory/Edge-TTS,微软服务条款，仅研究评测用途,edgetts,mandarin,SC-000166,zh-CN-YunyangNeural,
data/redteam/factory/edgetts/mandarin/edgetts_mandarin_zh-CN-YunxiNeural_SC-000408.wav,spoof,RT-EDGETTS-MANDARIN,clean,redteam_factory/Edge-TTS,微软服务条款，仅研究评测用途,edgetts,mandarin,SC-000408,zh-CN-YunxiNeural,
data/redteam/factory/edgetts/mandarin/edgetts_mandarin_zh-CN-YunyangNeural_SC-000181.wav,spoof,RT-EDGETTS-MANDARIN,clean,redteam_factory/Edge-TTS,微软服务条款，仅研究评测用途,edgetts,mandarin,SC-000181,zh-CN-YunyangNeural,
data/redteam/factory/edgetts/mandarin/edgetts_mandarin_zh-CN-YunyangNeural_SC-000198.wav,spoof,RT-EDGETTS-MANDARIN,clean,redteam_factory/Edge-TTS,微软服务条款，仅研究评测用途,edgetts,mandarin,SC-000198,zh-CN-YunyangNeural,
data/redteam/factory/edgetts/mandarin/edgetts_mandarin_zh-CN-YunyangNeural_SC-000220.wav,spoof,RT-EDGETTS-MANDARIN,clean,redteam_factory/Edge-TTS,微软服务条款，仅研究评测用途,edgetts,mandarin,SC-000220,zh-CN-YunyangNeural,
data/redteam/factory/edgetts/mandarin/edgetts_mandarin_zh-CN-YunyangNeural_SC-000238.wav,spoof,RT-EDGETTS-MANDARIN,clean,redteam_factory/Edge-TTS,微软服务条款，仅研究评测用途,edgetts,mandarin,SC-000238,zh-CN-YunyangNeural,
data/redteam/factory/edgetts/mandarin/edgetts_mandarin_zh-CN-YunyangNeural_SC-000267.wav,spoof,RT-EDGETTS-MANDARIN,clean,redteam_factory/Edge-TTS,微软服务条款，仅研究评测用途,edgetts,mandarin,SC-000267,zh-CN-YunyangNeural,
data/redteam/factory/edgetts/mandarin/edgetts_mandarin_zh-CN-YunyangNeural_SC-000289.wav,spoof,RT-EDGETTS-MANDARIN,clean,redteam_factory/Edge-TTS,微软服务条款，仅研究评测用途,edgetts,mandarin,SC-000289,zh-CN-YunyangNeural,
data/redteam/factory/edgetts/mandarin/edgetts_mandarin_zh-CN-YunyangNeural_SC-000310.wav,spoof,RT-EDGETTS-MANDARIN,clean,redteam_factory/Edge-TTS,微软服务条款，仅研究评测用途,edgetts,mandarin,SC-000310,zh-CN-YunyangNeural,
data/redteam/factory/edgetts/mandarin/edgetts_mandarin_zh-CN-YunyangNeural_SC-000331.wav,spoof,RT-EDGETTS-MANDARIN,clean,redteam_factory/Edge-TTS,微软服务条款，仅研究评测用途,edgetts,mandarin,SC-000331,zh-CN-YunyangNeural,
data/redteam/factory/edgetts/mandarin/edgetts_mandarin_zh-CN-YunyangNeural_SC-000345.wav,spoof,RT-EDGETTS-MANDARIN,clean,redteam_factory/Edge-TTS,微软服务条款，仅研究评测用途,edgetts,mandarin,SC-000345,zh-CN-YunyangNeural,
data/redteam/factory/edgetts/mandarin/edgetts_mandarin_zh-CN-YunyangNeural_SC-000370.wav,spoof,RT-EDGETTS-MANDARIN,clean,redteam_factory/Edge-TTS,微软服务条款，仅研究评测用途,edgetts,mandarin,SC-000370,zh-CN-YunyangNeural,
data/redteam/factory/edgetts/mandarin/edgetts_mandarin_zh-CN-YunyangNeural_SC-000393.wav,spoof,RT-EDGETTS-MANDARIN,clean,redteam_factory/Edge-TTS,微软服务条款，仅研究评测用途,edgetts,mandarin,SC-000393,zh-CN-YunyangNeural,
data/redteam/factory/edgetts/mandarin/edgetts_mandarin_zh-CN-YunyangNeural_SC-000408.wav,spoof,RT-EDGETTS-MANDARIN,clean,redteam_factory/Edge-TTS,微软服务条款，仅研究评测用途,edgetts,mandarin,SC-000408,zh-CN-YunyangNeural,
data/redteam/factory/edgetts/mandarin/edgetts_mandarin_zh-CN-YunyangNeural_SC-000449.wav,spoof,RT-EDGETTS-MANDARIN,clean,redteam_factory/Edge-TTS,微软服务条款，仅研究评测用途,edgetts,mandarin,SC-000449,zh-CN-YunyangNeural,
data/redteam/factory/edgetts/mandarin/edgetts_mandarin_zh-CN-YunyangNeural_SC-000464.wav,spoof,RT-EDGETTS-MANDARIN,clean,redteam_factory/Edge-TTS,微软服务条款，仅研究评测用途,edgetts,mandarin,SC-000464,zh-CN-YunyangNeural,
data/redteam/factory/edgetts/mandarin/edgetts_mandarin_zh-CN-YunyangNeural_SC-000483.wav,spoof,RT-EDGETTS-MANDARIN,clean,redteam_factory/Edge-TTS,微软服务条款，仅研究评测用途,edgetts,mandarin,SC-000483,zh-CN-YunyangNeural,
data/redteam/factory/edgetts/mandarin/edgetts_mandarin_zh-CN-YunyangNeural_SC-000501.wav,spoof,RT-EDGETTS-MANDARIN,clean,redteam_factory/Edge-TTS,微软服务条款，仅研究评测用途,edgetts,mandarin,SC-000501,zh-CN-YunyangNeural,
data/redteam/factory/edgetts/minnan/edgetts_minnan_zh-TW-HsiaoChenNeural_SC-000569.wav,spoof,RT-EDGETTS-MINNAN,clean,redteam_factory/Edge-TTS,微软服务条款，仅研究评测用途,edgetts,minnan,SC-000569,zh-TW-HsiaoChenNeural,
data/redteam/factory/edgetts/minnan/edgetts_minnan_zh-TW-HsiaoChenNeural_SC-000626.wav,spoof,RT-EDGETTS-MINNAN,clean,redteam_factory/Edge-TTS,微软服务条款，仅研究评测用途,edgetts,minnan,SC-000626,zh-TW-HsiaoChenNeural,
data/redteam/factory/edgetts/minnan/edgetts_minnan_zh-TW-HsiaoChenNeural_SC-000696.wav,spoof,RT-EDGETTS-MINNAN,clean,redteam_factory/Edge-TTS,微软服务条款，仅研究评测用途,edgetts,minnan,SC-000696,zh-TW-HsiaoChenNeural,
data/redteam/factory/edgetts/minnan/edgetts_minnan_zh-TW-HsiaoChenNeural_SC-000750.wav,spoof,RT-EDGETTS-MINNAN,clean,redteam_factory/Edge-TTS,微软服务条款，仅研究评测用途,edgetts,minnan,SC-000750,zh-TW-HsiaoChenNeural,
data/redteam/factory/edgetts/minnan/edgetts_minnan_zh-TW-HsiaoChenNeural_SC-000816.wav,spoof,RT-EDGETTS-MINNAN,clean,redteam_factory/Edge-TTS,微软服务条款，仅研究评测用途,edgetts,minnan,SC-000816,zh-TW-HsiaoChenNeural,
data/redteam/factory/edgetts/minnan/edgetts_minnan_zh-TW-HsiaoChenNeural_SC-000864.wav,spoof,RT-EDGETTS-MINNAN,clean,redteam_factory/Edge-TTS,微软服务条款，仅研究评测用途,edgetts,minnan,SC-000864,zh-TW-HsiaoChenNeural,
data/redteam/factory/edgetts/minnan/edgetts_minnan_zh-TW-HsiaoChenNeural_SC-000910.wav,spoof,RT-EDGETTS-MINNAN,clean,redteam_factory/Edge-TTS,微软服务条款，仅研究评测用途,edgetts,minnan,SC-000910,zh-TW-HsiaoChenNeural,
data/redteam/factory/edgetts/minnan/edgetts_minnan_zh-TW-HsiaoChenNeural_SC-000965.wav,spoof,RT-EDGETTS-MINNAN,clean,redteam_factory/Edge-TTS,微软服务条款，仅研究评测用途,edgetts,minnan,SC-000965,zh-TW-HsiaoChenNeural,
data/redteam/factory/edgetts/minnan/edgetts_minnan_zh-TW-HsiaoChenNeural_SC-001021.wav,spoof,RT-EDGETTS-MINNAN,clean,redteam_factory/Edge-TTS,微软服务条款，仅研究评测用途,edgetts,minnan,SC-001021,zh-TW-HsiaoChenNeural,
data/redteam/factory/edgetts/minnan/edgetts_minnan_zh-TW-HsiaoChenNeural_SC-001087.wav,spoof,RT-EDGETTS-MINNAN,clean,redteam_factory/Edge-TTS,微软服务条款，仅研究评测用途,edgetts,minnan,SC-001087,zh-TW-HsiaoChenNeural,
data/redteam/factory/edgetts/minnan/edgetts_minnan_zh-TW-HsiaoChenNeural_SC-001121.wav,spoof,RT-EDGETTS-MINNAN,clean,redteam_factory/Edge-TTS,微软服务条款，仅研究评测用途,edgetts,minnan,SC-001121,zh-TW-HsiaoChenNeural,
data/redteam/factory/edgetts/minnan/edgetts_minnan_zh-TW-HsiaoChenNeural_SC-001193.wav,spoof,RT-EDGETTS-MINNAN,clean,redteam_factory/Edge-TTS,微软服务条款，仅研究评测用途,edgetts,minnan,SC-001193,zh-TW-HsiaoChenNeural,
data/redteam/factory/edgetts/minnan/edgetts_minnan_zh-TW-HsiaoChenNeural_SC-001242.wav,spoof,RT-EDGETTS-MINNAN,clean,redteam_factory/Edge-TTS,微软服务条款，仅研究评测用途,edgetts,minnan,SC-001242,zh-TW-HsiaoChenNeural,
data/redteam/factory/edgetts/minnan/edgetts_minnan_zh-TW-HsiaoChenNeural_SC-001297.wav,spoof,RT-EDGETTS-MINNAN,clean,redteam_factory/Edge-TTS,微软服务条款，仅研究评测用途,edgetts,minnan,SC-001297,zh-TW-HsiaoChenNeural,
data/redteam/factory/edgetts/minnan/edgetts_minnan_zh-TW-HsiaoChenNeural_SC-001383.wav,spoof,RT-EDGETTS-MINNAN,clean,redteam_factory/Edge-TTS,微软服务条款，仅研究评测用途,edgetts,minnan,SC-001383,zh-TW-HsiaoChenNeural,
data/redteam/factory/edgetts/minnan/edgetts_minnan_zh-TW-HsiaoChenNeural_SC-001454.wav,spoof,RT-EDGETTS-MINNAN,clean,redteam_factory/Edge-TTS,微软服务条款，仅研究评测用途,edgetts,minnan,SC-001454,zh-TW-HsiaoChenNeural,
data/redteam/factory/edgetts/minnan/edgetts_minnan_zh-TW-HsiaoChenNeural_SC-001543.wav,spoof,RT-EDGETTS-MINNAN,clean,redteam_factory/Edge-TTS,微软服务条款，仅研究评测用途,edgetts,minnan,SC-001543,zh-TW-HsiaoChenNeural,
data/redteam/factory/edgetts/minnan/edgetts_minnan_zh-TW-HsiaoChenNeural_SC-001648.wav,spoof,RT-EDGETTS-MINNAN,clean,redteam_factory/Edge-TTS,微软服务条款，仅研究评测用途,edgetts,minnan,SC-001648,zh-TW-HsiaoChenNeural,
data/redteam/factory/edgetts/minnan/edgetts_minnan_zh-TW-YunJheNeural_SC-000569.wav,spoof,RT-EDGETTS-MINNAN,clean,redteam_factory/Edge-TTS,微软服务条款，仅研究评测用途,edgetts,minnan,SC-000569,zh-TW-YunJheNeural,
data/redteam/factory/edgetts/minnan/edgetts_minnan_zh-TW-YunJheNeural_SC-000626.wav,spoof,RT-EDGETTS-MINNAN,clean,redteam_factory/Edge-TTS,微软服务条款，仅研究评测用途,edgetts,minnan,SC-000626,zh-TW-YunJheNeural,
data/redteam/factory/edgetts/minnan/edgetts_minnan_zh-TW-YunJheNeural_SC-000696.wav,spoof,RT-EDGETTS-MINNAN,clean,redteam_factory/Edge-TTS,微软服务条款，仅研究评测用途,edgetts,minnan,SC-000696,zh-TW-YunJheNeural,
data/redteam/factory/edgetts/minnan/edgetts_minnan_zh-TW-YunJheNeural_SC-000750.wav,spoof,RT-EDGETTS-MINNAN,clean,redteam_factory/Edge-TTS,微软服务条款，仅研究评测用途,edgetts,minnan,SC-000750,zh-TW-YunJheNeural,
data/redteam/factory/edgetts/minnan/edgetts_minnan_zh-TW-YunJheNeural_SC-000816.wav,spoof,RT-EDGETTS-MINNAN,clean,redteam_factory/Edge-TTS,微软服务条款，仅研究评测用途,edgetts,minnan,SC-000816,zh-TW-YunJheNeural,
data/redteam/factory/edgetts/minnan/edgetts_minnan_zh-TW-YunJheNeural_SC-000864.wav,spoof,RT-EDGETTS-MINNAN,clean,redteam_factory/Edge-TTS,微软服务条款，仅研究评测用途,edgetts,minnan,SC-000864,zh-TW-YunJheNeural,
data/redteam/factory/edgetts/minnan/edgetts_minnan_zh-TW-YunJheNeural_SC-000910.wav,spoof,RT-EDGETTS-MINNAN,clean,redteam_factory/Edge-TTS,微软服务条款，仅研究评测用途,edgetts,minnan,SC-000910,zh-TW-YunJheNeural,
data/redteam/factory/edgetts/minnan/edgetts_minnan_zh-TW-YunJheNeural_SC-000965.wav,spoof,RT-EDGETTS-MINNAN,clean,redteam_factory/Edge-TTS,微软服务条款，仅研究评测用途,edgetts,minnan,SC-000965,zh-TW-YunJheNeural,
data/redteam/factory/edgetts/minnan/edgetts_minnan_zh-TW-YunJheNeural_SC-001021.wav,spoof,RT-EDGETTS-MINNAN,clean,redteam_factory/Edge-TTS,微软服务条款，仅研究评测用途,edgetts,minnan,SC-001021,zh-TW-YunJheNeural,
data/redteam/factory/edgetts/minnan/edgetts_minnan_zh-TW-YunJheNeural_SC-001087.wav,spoof,RT-EDGETTS-MINNAN,clean,redteam_factory/Edge-TTS,微软服务条款，仅研究评测用途,edgetts,minnan,SC-001087,zh-TW-YunJheNeural,
data/redteam/factory/edgetts/minnan/edgetts_minnan_zh-TW-YunJheNeural_SC-001121.wav,spoof,RT-EDGETTS-MINNAN,clean,redteam_factory/Edge-TTS,微软服务条款，仅研究评测用途,edgetts,minnan,SC-001121,zh-TW-YunJheNeural,
data/redteam/factory/edgetts/minnan/edgetts_minnan_zh-TW-YunJheNeural_SC-001193.wav,spoof,RT-EDGETTS-MINNAN,clean,redteam_factory/Edge-TTS,微软服务条款，仅研究评测用途,edgetts,minnan,SC-001193,zh-TW-YunJheNeural,
data/redteam/factory/edgetts/minnan/edgetts_minnan_zh-TW-YunJheNeural_SC-001242.wav,spoof,RT-EDGETTS-MINNAN,clean,redteam_factory/Edge-TTS,微软服务条款，仅研究评测用途,edgetts,minnan,SC-001242,zh-TW-YunJheNeural,
data/redteam/factory/edgetts/minnan/edgetts_minnan_zh-TW-YunJheNeural_SC-001297.wav,spoof,RT-EDGETTS-MINNAN,clean,redteam_factory/Edge-TTS,微软服务条款，仅研究评测用途,edgetts,minnan,SC-001297,zh-TW-YunJheNeural,
data/redteam/factory/edgetts/minnan/edgetts_minnan_zh-TW-YunJheNeural_SC-001383.wav,spoof,RT-EDGETTS-MINNAN,clean,redteam_factory/Edge-TTS,微软服务条款，仅研究评测用途,edgetts,minnan,SC-001383,zh-TW-YunJheNeural,
data/redteam/factory/edgetts/minnan/edgetts_minnan_zh-TW-YunJheNeural_SC-001454.wav,spoof,RT-EDGETTS-MINNAN,clean,redteam_factory/Edge-TTS,微软服务条款，仅研究评测用途,edgetts,minnan,SC-001454,zh-TW-YunJheNeural,
data/redteam/factory/edgetts/minnan/edgetts_minnan_zh-TW-YunJheNeural_SC-001543.wav,spoof,RT-EDGETTS-MINNAN,clean,redteam_factory/Edge-TTS,微软服务条款，仅研究评测用途,edgetts,minnan,SC-001543,zh-TW-YunJheNeural,
data/redteam/factory/edgetts/minnan/edgetts_minnan_zh-TW-YunJheNeural_SC-001648.wav,spoof,RT-EDGETTS-MINNAN,clean,redteam_factory/Edge-TTS,微软服务条款，仅研究评测用途,edgetts,minnan,SC-001648,zh-TW-YunJheNeural,
data/redteam/factory/edgetts/sichuan/edgetts_sichuan_zh-CN-YunxiNeural_SC-000354.wav,spoof,RT-EDGETTS-SICHUAN,clean,redteam_factory/Edge-TTS,微软服务条款，仅研究评测用途,edgetts,sichuan,SC-000354,zh-CN-YunxiNeural,
data/redteam/factory/edgetts/sichuan/edgetts_sichuan_zh-CN-YunxiNeural_SC-000381.wav,spoof,RT-EDGETTS-SICHUAN,clean,redteam_factory/Edge-TTS,微软服务条款，仅研究评测用途,edgetts,sichuan,SC-000381,zh-CN-YunxiNeural,
data/redteam/factory/edgetts/sichuan/edgetts_sichuan_zh-CN-YunxiNeural_SC-000448.wav,spoof,RT-EDGETTS-SICHUAN,clean,redteam_factory/Edge-TTS,微软服务条款，仅研究评测用途,edgetts,sichuan,SC-000448,zh-CN-YunxiNeural,
data/redteam/factory/edgetts/sichuan/edgetts_sichuan_zh-CN-YunxiNeural_SC-000491.wav,spoof,RT-EDGETTS-SICHUAN,clean,redteam_factory/Edge-TTS,微软服务条款，仅研究评测用途,edgetts,sichuan,SC-000491,zh-CN-YunxiNeural,
data/redteam/factory/edgetts/sichuan/edgetts_sichuan_zh-CN-YunxiNeural_SC-000579.wav,spoof,RT-EDGETTS-SICHUAN,clean,redteam_factory/Edge-TTS,微软服务条款，仅研究评测用途,edgetts,sichuan,SC-000579,zh-CN-YunxiNeural,
data/redteam/factory/edgetts/sichuan/edgetts_sichuan_zh-CN-YunxiNeural_SC-000657.wav,spoof,RT-EDGETTS-SICHUAN,clean,redteam_factory/Edge-TTS,微软服务条款，仅研究评测用途,edgetts,sichuan,SC-000657,zh-CN-YunxiNeural,
data/redteam/factory/edgetts/sichuan/edgetts_sichuan_zh-CN-YunxiNeural_SC-000722.wav,spoof,RT-EDGETTS-SICHUAN,clean,redteam_factory/Edge-TTS,微软服务条款，仅研究评测用途,edgetts,sichuan,SC-000722,zh-CN-YunxiNeural,
data/redteam/factory/edgetts/sichuan/edgetts_sichuan_zh-CN-YunxiNeural_SC-000785.wav,spoof,RT-EDGETTS-SICHUAN,clean,redteam_factory/Edge-TTS,微软服务条款，仅研究评测用途,edgetts,sichuan,SC-000785,zh-CN-YunxiNeural,
data/redteam/factory/edgetts/sichuan/edgetts_sichuan_zh-CN-YunxiNeural_SC-000879.wav,spoof,RT-EDGETTS-SICHUAN,clean,redteam_factory/Edge-TTS,微软服务条款，仅研究评测用途,edgetts,sichuan,SC-000879,zh-CN-YunxiNeural,
data/redteam/factory/edgetts/sichuan/edgetts_sichuan_zh-CN-YunxiNeural_SC-000954.wav,spoof,RT-EDGETTS-SICHUAN,clean,redteam_factory/Edge-TTS,微软服务条款，仅研究评测用途,edgetts,sichuan,SC-000954,zh-CN-YunxiNeural,
data/redteam/factory/edgetts/sichuan/edgetts_sichuan_zh-CN-YunxiNeural_SC-001024.wav,spoof,RT-EDGETTS-SICHUAN,clean,redteam_factory/Edge-TTS,微软服务条款，仅研究评测用途,edgetts,sichuan,SC-001024,zh-CN-YunxiNeural,
data/redteam/factory/edgetts/sichuan/edgetts_sichuan_zh-CN-YunxiNeural_SC-001116.wav,spoof,RT-EDGETTS-SICHUAN,clean,redteam_factory/Edge-TTS,微软服务条款，仅研究评测用途,edgetts,sichuan,SC-001116,zh-CN-YunxiNeural,
data/redteam/factory/edgetts/sichuan/edgetts_sichuan_zh-CN-YunxiNeural_SC-001172.wav,spoof,RT-EDGETTS-SICHUAN,clean,redteam_factory/Edge-TTS,微软服务条款，仅研究评测用途,edgetts,sichuan,SC-001172,zh-CN-YunxiNeural,
data/redteam/factory/edgetts/sichuan/edgetts_sichuan_zh-CN-YunxiNeural_SC-001239.wav,spoof,RT-EDGETTS-SICHUAN,clean,redteam_factory/Edge-TTS,微软服务条款，仅研究评测用途,edgetts,sichuan,SC-001239,zh-CN-YunxiNeural,
data/redteam/factory/edgetts/sichuan/edgetts_sichuan_zh-CN-YunxiNeural_SC-001328.wav,spoof,RT-EDGETTS-SICHUAN,clean,redteam_factory/Edge-TTS,微软服务条款，仅研究评测用途,edgetts,sichuan,SC-001328,zh-CN-YunxiNeural,
data/redteam/factory/edgetts/sichuan/edgetts_sichuan_zh-CN-YunxiNeural_SC-001391.wav,spoof,RT-EDGETTS-SICHUAN,clean,redteam_factory/Edge-TTS,微软服务条款，仅研究评测用途,edgetts,sichuan,SC-001391,zh-CN-YunxiNeural,
data/redteam/factory/edgetts/sichuan/edgetts_sichuan_zh-CN-YunxiNeural_SC-001444.wav,spoof,RT-EDGETTS-SICHUAN,clean,redteam_factory/Edge-TTS,微软服务条款，仅研究评测用途,edgetts,sichuan,SC-001444,zh-CN-YunxiNeural,
data/redteam/factory/edgetts/sichuan/edgetts_sichuan_zh-CN-YunxiNeural_SC-001523.wav,spoof,RT-EDGETTS-SICHUAN,clean,redteam_factory/Edge-TTS,微软服务条款，仅研究评测用途,edgetts,sichuan,SC-001523,zh-CN-YunxiNeural,
data/redteam/factory/edgetts/sichuan/edgetts_sichuan_zh-CN-XiaoxiaoNeural_SC-000354.wav,spoof,RT-EDGETTS-SICHUAN,clean,redteam_factory/Edge-TTS,微软服务条款，仅研究评测用途,edgetts,sichuan,SC-000354,zh-CN-XiaoxiaoNeural,
data/redteam/factory/edgetts/sichuan/edgetts_sichuan_zh-CN-XiaoxiaoNeural_SC-000381.wav,spoof,RT-EDGETTS-SICHUAN,clean,redteam_factory/Edge-TTS,微软服务条款，仅研究评测用途,edgetts,sichuan,SC-000381,zh-CN-XiaoxiaoNeural,
data/redteam/factory/edgetts/sichuan/edgetts_sichuan_zh-CN-XiaoxiaoNeural_SC-000448.wav,spoof,RT-EDGETTS-SICHUAN,clean,redteam_factory/Edge-TTS,微软服务条款，仅研究评测用途,edgetts,sichuan,SC-000448,zh-CN-XiaoxiaoNeural,
data/redteam/factory/edgetts/sichuan/edgetts_sichuan_zh-CN-XiaoxiaoNeural_SC-000491.wav,spoof,RT-EDGETTS-SICHUAN,clean,redteam_factory/Edge-TTS,微软服务条款，仅研究评测用途,edgetts,sichuan,SC-000491,zh-CN-XiaoxiaoNeural,
data/redteam/factory/edgetts/sichuan/edgetts_sichuan_zh-CN-XiaoxiaoNeural_SC-000579.wav,spoof,RT-EDGETTS-SICHUAN,clean,redteam_factory/Edge-TTS,微软服务条款，仅研究评测用途,edgetts,sichuan,SC-000579,zh-CN-XiaoxiaoNeural,
data/redteam/factory/edgetts/sichuan/edgetts_sichuan_zh-CN-XiaoxiaoNeural_SC-000657.wav,spoof,RT-EDGETTS-SICHUAN,clean,redteam_factory/Edge-TTS,微软服务条款，仅研究评测用途,edgetts,sichuan,SC-000657,zh-CN-XiaoxiaoNeural,
data/redteam/factory/edgetts/sichuan/edgetts_sichuan_zh-CN-XiaoxiaoNeural_SC-000722.wav,spoof,RT-EDGETTS-SICHUAN,clean,redteam_factory/Edge-TTS,微软服务条款，仅研究评测用途,edgetts,sichuan,SC-000722,zh-CN-XiaoxiaoNeural,
data/redteam/factory/edgetts/sichuan/edgetts_sichuan_zh-CN-XiaoxiaoNeural_SC-000785.wav,spoof,RT-EDGETTS-SICHUAN,clean,redteam_factory/Edge-TTS,微软服务条款，仅研究评测用途,edgetts,sichuan,SC-000785,zh-CN-XiaoxiaoNeural,
data/redteam/factory/edgetts/sichuan/edgetts_sichuan_zh-CN-XiaoxiaoNeural_SC-000879.wav,spoof,RT-EDGETTS-SICHUAN,clean,redteam_factory/Edge-TTS,微软服务条款，仅研究评测用途,edgetts,sichuan,SC-000879,zh-CN-XiaoxiaoNeural,
data/redteam/factory/edgetts/sichuan/edgetts_sichuan_zh-CN-XiaoxiaoNeural_SC-000954.wav,spoof,RT-EDGETTS-SICHUAN,clean,redteam_factory/Edge-TTS,微软服务条款，仅研究评测用途,edgetts,sichuan,SC-000954,zh-CN-XiaoxiaoNeural,
data/redteam/factory/edgetts/sichuan/edgetts_sichuan_zh-CN-XiaoxiaoNeural_SC-001024.wav,spoof,RT-EDGETTS-SICHUAN,clean,redteam_factory/Edge-TTS,微软服务条款，仅研究评测用途,edgetts,sichuan,SC-001024,zh-CN-XiaoxiaoNeural,
data/redteam/factory/edgetts/sichuan/edgetts_sichuan_zh-CN-XiaoxiaoNeural_SC-001116.wav,spoof,RT-EDGETTS-SICHUAN,clean,redteam_factory/Edge-TTS,微软服务条款，仅研究评测用途,edgetts,sichuan,SC-001116,zh-CN-XiaoxiaoNeural,
data/redteam/factory/edgetts/sichuan/edgetts_sichuan_zh-CN-XiaoxiaoNeural_SC-001172.wav,spoof,RT-EDGETTS-SICHUAN,clean,redteam_factory/Edge-TTS,微软服务条款，仅研究评测用途,edgetts,sichuan,SC-001172,zh-CN-XiaoxiaoNeural,
data/redteam/factory/edgetts/sichuan/edgetts_sichuan_zh-CN-XiaoxiaoNeural_SC-001239.wav,spoof,RT-EDGETTS-SICHUAN,clean,redteam_factory/Edge-TTS,微软服务条款，仅研究评测用途,edgetts,sichuan,SC-001239,zh-CN-XiaoxiaoNeural,
data/redteam/factory/edgetts/sichuan/edgetts_sichuan_zh-CN-XiaoxiaoNeural_SC-001328.wav,spoof,RT-EDGETTS-SICHUAN,clean,redteam_factory/Edge-TTS,微软服务条款，仅研究评测用途,edgetts,sichuan,SC-001328,zh-CN-XiaoxiaoNeural,
data/redteam/factory/edgetts/sichuan/edgetts_sichuan_zh-CN-XiaoxiaoNeural_SC-001391.wav,spoof,RT-EDGETTS-SICHUAN,clean,redteam_factory/Edge-TTS,微软服务条款，仅研究评测用途,edgetts,sichuan,SC-001391,zh-CN-XiaoxiaoNeural,
data/redteam/factory/edgetts/sichuan/edgetts_sichuan_zh-CN-XiaoxiaoNeural_SC-001444.wav,spoof,RT-EDGETTS-SICHUAN,clean,redteam_factory/Edge-TTS,微软服务条款，仅研究评测用途,edgetts,sichuan,SC-001444,zh-CN-XiaoxiaoNeural,
data/redteam/factory/edgetts/sichuan/edgetts_sichuan_zh-CN-XiaoxiaoNeural_SC-001523.wav,spoof,RT-EDGETTS-SICHUAN,clean,redteam_factory/Edge-TTS,微软服务条款，仅研究评测用途,edgetts,sichuan,SC-001523,zh-CN-XiaoxiaoNeural,
data/redteam/factory/edgetts/cantonese/edgetts_cantonese_zh-HK-HiuMaanNeural_SC-000512.wav,spoof,RT-EDGETTS-CANTONESE,clean,redteam_factory/Edge-TTS,微软服务条款，仅研究评测用途,edgetts,cantonese,SC-000512,zh-HK-HiuMaanNeural,
data/redteam/factory/edgetts/cantonese/edgetts_cantonese_zh-HK-HiuMaanNeural_SC-000580.wav,spoof,RT-EDGETTS-CANTONESE,clean,redteam_factory/Edge-TTS,微软服务条款，仅研究评测用途,edgetts,cantonese,SC-000580,zh-HK-HiuMaanNeural,
data/redteam/factory/edgetts/cantonese/edgetts_cantonese_zh-HK-HiuMaanNeural_SC-000654.wav,spoof,RT-EDGETTS-CANTONESE,clean,redteam_factory/Edge-TTS,微软服务条款，仅研究评测用途,edgetts,cantonese,SC-000654,zh-HK-HiuMaanNeural,
data/redteam/factory/edgetts/cantonese/edgetts_cantonese_zh-HK-HiuMaanNeural_SC-000711.wav,spoof,RT-EDGETTS-CANTONESE,clean,redteam_factory/Edge-TTS,微软服务条款，仅研究评测用途,edgetts,cantonese,SC-000711,zh-HK-HiuMaanNeural,
data/redteam/factory/edgetts/cantonese/edgetts_cantonese_zh-HK-HiuMaanNeural_SC-000770.wav,spoof,RT-EDGETTS-CANTONESE,clean,redteam_factory/Edge-TTS,微软服务条款，仅研究评测用途,edgetts,cantonese,SC-000770,zh-HK-HiuMaanNeural,
data/redteam/factory/edgetts/cantonese/edgetts_cantonese_zh-HK-HiuMaanNeural_SC-000829.wav,spoof,RT-EDGETTS-CANTONESE,clean,redteam_factory/Edge-TTS,微软服务条款，仅研究评测用途,edgetts,cantonese,SC-000829,zh-HK-HiuMaanNeural,
data/redteam/factory/edgetts/cantonese/edgetts_cantonese_zh-HK-HiuMaanNeural_SC-000918.wav,spoof,RT-EDGETTS-CANTONESE,clean,redteam_factory/Edge-TTS,微软服务条款，仅研究评测用途,edgetts,cantonese,SC-000918,zh-HK-HiuMaanNeural,
data/redteam/factory/edgetts/cantonese/edgetts_cantonese_zh-HK-HiuMaanNeural_SC-000971.wav,spoof,RT-EDGETTS-CANTONESE,clean,redteam_factory/Edge-TTS,微软服务条款，仅研究评测用途,edgetts,cantonese,SC-000971,zh-HK-HiuMaanNeural,
data/redteam/factory/edgetts/cantonese/edgetts_cantonese_zh-HK-HiuMaanNeural_SC-001059.wav,spoof,RT-EDGETTS-CANTONESE,clean,redteam_factory/Edge-TTS,微软服务条款，仅研究评测用途,edgetts,cantonese,SC-001059,zh-HK-HiuMaanNeural,
data/redteam/factory/edgetts/cantonese/edgetts_cantonese_zh-HK-HiuMaanNeural_SC-001095.wav,spoof,RT-EDGETTS-CANTONESE,clean,redteam_factory/Edge-TTS,微软服务条款，仅研究评测用途,edgetts,cantonese,SC-001095,zh-HK-HiuMaanNeural,
data/redteam/factory/edgetts/cantonese/edgetts_cantonese_zh-HK-HiuMaanNeural_SC-001155.wav,spoof,RT-EDGETTS-CANTONESE,clean,redteam_factory/Edge-TTS,微软服务条款，仅研究评测用途,edgetts,cantonese,SC-001155,zh-HK-HiuMaanNeural,
data/redteam/factory/edgetts/cantonese/edgetts_cantonese_zh-HK-HiuMaanNeural_SC-001218.wav,spoof,RT-EDGETTS-CANTONESE,clean,redteam_factory/Edge-TTS,微软服务条款，仅研究评测用途,edgetts,cantonese,SC-001218,zh-HK-HiuMaanNeural,
data/redteam/factory/edgetts/cantonese/edgetts_cantonese_zh-HK-HiuMaanNeural_SC-001263.wav,spoof,RT-EDGETTS-CANTONESE,clean,redteam_factory/Edge-TTS,微软服务条款，仅研究评测用途,edgetts,cantonese,SC-001263,zh-HK-HiuMaanNeural,
data/redteam/factory/edgetts/cantonese/edgetts_cantonese_zh-HK-HiuMaanNeural_SC-001304.wav,spoof,RT-EDGETTS-CANTONESE,clean,redteam_factory/Edge-TTS,微软服务条款，仅研究评测用途,edgetts,cantonese,SC-001304,zh-HK-HiuMaanNeural,
data/redteam/factory/edgetts/cantonese/edgetts_cantonese_zh-HK-HiuMaanNeural_SC-001403.wav,spoof,RT-EDGETTS-CANTONESE,clean,redteam_factory/Edge-TTS,微软服务条款，仅研究评测用途,edgetts,cantonese,SC-001403,zh-HK-HiuMaanNeural,
data/redteam/factory/edgetts/cantonese/edgetts_cantonese_zh-HK-HiuMaanNeural_SC-001467.wav,spoof,RT-EDGETTS-CANTONESE,clean,redteam_factory/Edge-TTS,微软服务条款，仅研究评测用途,edgetts,cantonese,SC-001467,zh-HK-HiuMaanNeural,
data/redteam/factory/edgetts/cantonese/edgetts_cantonese_zh-HK-HiuMaanNeural_SC-001528.wav,spoof,RT-EDGETTS-CANTONESE,clean,redteam_factory/Edge-TTS,微软服务条款，仅研究评测用途,edgetts,cantonese,SC-001528,zh-HK-HiuMaanNeural,
data/redteam/factory/edgetts/cantonese/edgetts_cantonese_zh-HK-HiuMaanNeural_SC-001579.wav,spoof,RT-EDGETTS-CANTONESE,clean,redteam_factory/Edge-TTS,微软服务条款，仅研究评测用途,edgetts,cantonese,SC-001579,zh-HK-HiuMaanNeural,
data/redteam/factory/edgetts/cantonese/edgetts_cantonese_zh-HK-WanLungNeural_SC-000512.wav,spoof,RT-EDGETTS-CANTONESE,clean,redteam_factory/Edge-TTS,微软服务条款，仅研究评测用途,edgetts,cantonese,SC-000512,zh-HK-WanLungNeural,
data/redteam/factory/edgetts/cantonese/edgetts_cantonese_zh-HK-WanLungNeural_SC-000580.wav,spoof,RT-EDGETTS-CANTONESE,clean,redteam_factory/Edge-TTS,微软服务条款，仅研究评测用途,edgetts,cantonese,SC-000580,zh-HK-WanLungNeural,
data/redteam/factory/edgetts/cantonese/edgetts_cantonese_zh-HK-WanLungNeural_SC-000654.wav,spoof,RT-EDGETTS-CANTONESE,clean,redteam_factory/Edge-TTS,微软服务条款，仅研究评测用途,edgetts,cantonese,SC-000654,zh-HK-WanLungNeural,
data/redteam/factory/edgetts/cantonese/edgetts_cantonese_zh-HK-WanLungNeural_SC-000711.wav,spoof,RT-EDGETTS-CANTONESE,clean,redteam_factory/Edge-TTS,微软服务条款，仅研究评测用途,edgetts,cantonese,SC-000711,zh-HK-WanLungNeural,
data/redteam/factory/edgetts/cantonese/edgetts_cantonese_zh-HK-WanLungNeural_SC-000770.wav,spoof,RT-EDGETTS-CANTONESE,clean,redteam_factory/Edge-TTS,微软服务条款，仅研究评测用途,edgetts,cantonese,SC-000770,zh-HK-WanLungNeural,
data/redteam/factory/edgetts/cantonese/edgetts_cantonese_zh-HK-WanLungNeural_SC-000829.wav,spoof,RT-EDGETTS-CANTONESE,clean,redteam_factory/Edge-TTS,微软服务条款，仅研究评测用途,edgetts,cantonese,SC-000829,zh-HK-WanLungNeural,
data/redteam/factory/edgetts/cantonese/edgetts_cantonese_zh-HK-WanLungNeural_SC-000918.wav,spoof,RT-EDGETTS-CANTONESE,clean,redteam_factory/Edge-TTS,微软服务条款，仅研究评测用途,edgetts,cantonese,SC-000918,zh-HK-WanLungNeural,
data/redteam/factory/edgetts/cantonese/edgetts_cantonese_zh-HK-WanLungNeural_SC-000971.wav,spoof,RT-EDGETTS-CANTONESE,clean,redteam_factory/Edge-TTS,微软服务条款，仅研究评测用途,edgetts,cantonese,SC-000971,zh-HK-WanLungNeural,
data/redteam/factory/edgetts/cantonese/edgetts_cantonese_zh-HK-WanLungNeural_SC-001059.wav,spoof,RT-EDGETTS-CANTONESE,clean,redteam_factory/Edge-TTS,微软服务条款，仅研究评测用途,edgetts,cantonese,SC-001059,zh-HK-WanLungNeural,
data/redteam/factory/edgetts/cantonese/edgetts_cantonese_zh-HK-WanLungNeural_SC-001095.wav,spoof,RT-EDGETTS-CANTONESE,clean,redteam_factory/Edge-TTS,微软服务条款，仅研究评测用途,edgetts,cantonese,SC-001095,zh-HK-WanLungNeural,
data/redteam/factory/edgetts/cantonese/edgetts_cantonese_zh-HK-WanLungNeural_SC-001155.wav,spoof,RT-EDGETTS-CANTONESE,clean,redteam_factory/Edge-TTS,微软服务条款，仅研究评测用途,edgetts,cantonese,SC-001155,zh-HK-WanLungNeural,
data/redteam/factory/edgetts/cantonese/edgetts_cantonese_zh-HK-WanLungNeural_SC-001218.wav,spoof,RT-EDGETTS-CANTONESE,clean,redteam_factory/Edge-TTS,微软服务条款，仅研究评测用途,edgetts,cantonese,SC-001218,zh-HK-WanLungNeural,
data/redteam/factory/edgetts/cantonese/edgetts_cantonese_zh-HK-WanLungNeural_SC-001263.wav,spoof,RT-EDGETTS-CANTONESE,clean,redteam_factory/Edge-TTS,微软服务条款，仅研究评测用途,edgetts,cantonese,SC-001263,zh-HK-WanLungNeural,
data/redteam/factory/edgetts/cantonese/edgetts_cantonese_zh-HK-WanLungNeural_SC-001304.wav,spoof,RT-EDGETTS-CANTONESE,clean,redteam_factory/Edge-TTS,微软服务条款，仅研究评测用途,edgetts,cantonese,SC-001304,zh-HK-WanLungNeural,
data/redteam/factory/edgetts/cantonese/edgetts_cantonese_zh-HK-WanLungNeural_SC-001403.wav,spoof,RT-EDGETTS-CANTONESE,clean,redteam_factory/Edge-TTS,微软服务条款，仅研究评测用途,edgetts,cantonese,SC-001403,zh-HK-WanLungNeural,
data/redteam/factory/edgetts/cantonese/edgetts_cantonese_zh-HK-WanLungNeural_SC-001467.wav,spoof,RT-EDGETTS-CANTONESE,clean,redteam_factory/Edge-TTS,微软服务条款，仅研究评测用途,edgetts,cantonese,SC-001467,zh-HK-WanLungNeural,
data/redteam/factory/edgetts/cantonese/edgetts_cantonese_zh-HK-WanLungNeural_SC-001528.wav,spoof,RT-EDGETTS-CANTONESE,clean,redteam_factory/Edge-TTS,微软服务条款，仅研究评测用途,edgetts,cantonese,SC-001528,zh-HK-WanLungNeural,
data/redteam/factory/edgetts/cantonese/edgetts_cantonese_zh-HK-WanLungNeural_SC-001579.wav,spoof,RT-EDGETTS-CANTONESE,clean,redteam_factory/Edge-TTS,微软服务条款，仅研究评测用途,edgetts,cantonese,SC-001579,zh-HK-WanLungNeural,
data/redteam/factory/edgetts/dongbei/edgetts_dongbei_zh-CN-liaoning-XiaobeiNeural_SC-000439.wav,spoof,RT-EDGETTS-DONGBEI,clean,redteam_factory/Edge-TTS,微软服务条款，仅研究评测用途,edgetts,dongbei,SC-000439,zh-CN-liaoning-XiaobeiNeural,
data/redteam/factory/edgetts/dongbei/edgetts_dongbei_zh-CN-liaoning-XiaobeiNeural_SC-000538.wav,spoof,RT-EDGETTS-DONGBEI,clean,redteam_factory/Edge-TTS,微软服务条款，仅研究评测用途,edgetts,dongbei,SC-000538,zh-CN-liaoning-XiaobeiNeural,
data/redteam/factory/edgetts/dongbei/edgetts_dongbei_zh-CN-liaoning-XiaobeiNeural_SC-000616.wav,spoof,RT-EDGETTS-DONGBEI,clean,redteam_factory/Edge-TTS,微软服务条款，仅研究评测用途,edgetts,dongbei,SC-000616,zh-CN-liaoning-XiaobeiNeural,
data/redteam/factory/edgetts/dongbei/edgetts_dongbei_zh-CN-liaoning-XiaobeiNeural_SC-000688.wav,spoof,RT-EDGETTS-DONGBEI,clean,redteam_factory/Edge-TTS,微软服务条款，仅研究评测用途,edgetts,dongbei,SC-000688,zh-CN-liaoning-XiaobeiNeural,
data/redteam/factory/edgetts/dongbei/edgetts_dongbei_zh-CN-liaoning-XiaobeiNeural_SC-000749.wav,spoof,RT-EDGETTS-DONGBEI,clean,redteam_factory/Edge-TTS,微软服务条款，仅研究评测用途,edgetts,dongbei,SC-000749,zh-CN-liaoning-XiaobeiNeural,
data/redteam/factory/edgetts/dongbei/edgetts_dongbei_zh-CN-liaoning-XiaobeiNeural_SC-000850.wav,spoof,RT-EDGETTS-DONGBEI,clean,redteam_factory/Edge-TTS,微软服务条款，仅研究评测用途,edgetts,dongbei,SC-000850,zh-CN-liaoning-XiaobeiNeural,
data/redteam/factory/edgetts/dongbei/edgetts_dongbei_zh-CN-liaoning-XiaobeiNeural_SC-000921.wav,spoof,RT-EDGETTS-DONGBEI,clean,redteam_factory/Edge-TTS,微软服务条款，仅研究评测用途,edgetts,dongbei,SC-000921,zh-CN-liaoning-XiaobeiNeural,
data/redteam/factory/edgetts/dongbei/edgetts_dongbei_zh-CN-liaoning-XiaobeiNeural_SC-001031.wav,spoof,RT-EDGETTS-DONGBEI,clean,redteam_factory/Edge-TTS,微软服务条款，仅研究评测用途,edgetts,dongbei,SC-001031,zh-CN-liaoning-XiaobeiNeural,
data/redteam/factory/edgetts/dongbei/edgetts_dongbei_zh-CN-liaoning-XiaobeiNeural_SC-001100.wav,spoof,RT-EDGETTS-DONGBEI,clean,redteam_factory/Edge-TTS,微软服务条款，仅研究评测用途,edgetts,dongbei,SC-001100,zh-CN-liaoning-XiaobeiNeural,
data/redteam/factory/edgetts/dongbei/edgetts_dongbei_zh-CN-liaoning-XiaobeiNeural_SC-001181.wav,spoof,RT-EDGETTS-DONGBEI,clean,redteam_factory/Edge-TTS,微软服务条款，仅研究评测用途,edgetts,dongbei,SC-001181,zh-CN-liaoning-XiaobeiNeural,
data/redteam/factory/edgetts/dongbei/edgetts_dongbei_zh-CN-liaoning-XiaobeiNeural_SC-001238.wav,spoof,RT-EDGETTS-DONGBEI,clean,redteam_factory/Edge-TTS,微软服务条款，仅研究评测用途,edgetts,dongbei,SC-001238,zh-CN-liaoning-XiaobeiNeural,
data/redteam/factory/edgetts/dongbei/edgetts_dongbei_zh-CN-liaoning-XiaobeiNeural_SC-001332.wav,spoof,RT-EDGETTS-DONGBEI,clean,redteam_factory/Edge-TTS,微软服务条款，仅研究评测用途,edgetts,dongbei,SC-001332,zh-CN-liaoning-XiaobeiNeural,
data/redteam/factory/edgetts/dongbei/edgetts_dongbei_zh-CN-liaoning-XiaobeiNeural_SC-001379.wav,spoof,RT-EDGETTS-DONGBEI,clean,redteam_factory/Edge-TTS,微软服务条款，仅研究评测用途,edgetts,dongbei,SC-001379,zh-CN-liaoning-XiaobeiNeural,
data/redteam/factory/edgetts/dongbei/edgetts_dongbei_zh-CN-liaoning-XiaobeiNeural_SC-001443.wav,spoof,RT-EDGETTS-DONGBEI,clean,redteam_factory/Edge-TTS,微软服务条款，仅研究评测用途,edgetts,dongbei,SC-001443,zh-CN-liaoning-XiaobeiNeural,
data/redteam/factory/edgetts/dongbei/edgetts_dongbei_zh-CN-liaoning-XiaobeiNeural_SC-001517.wav,spoof,RT-EDGETTS-DONGBEI,clean,redteam_factory/Edge-TTS,微软服务条款，仅研究评测用途,edgetts,dongbei,SC-001517,zh-CN-liaoning-XiaobeiNeural,
data/redteam/factory/edgetts/dongbei/edgetts_dongbei_zh-CN-liaoning-XiaobeiNeural_SC-001601.wav,spoof,RT-EDGETTS-DONGBEI,clean,redteam_factory/Edge-TTS,微软服务条款，仅研究评测用途,edgetts,dongbei,SC-001601,zh-CN-liaoning-XiaobeiNeural,
data/redteam/factory/edgetts/dongbei/edgetts_dongbei_zh-CN-liaoning-XiaobeiNeural_SC-001645.wav,spoof,RT-EDGETTS-DONGBEI,clean,redteam_factory/Edge-TTS,微软服务条款，仅研究评测用途,edgetts,dongbei,SC-001645,zh-CN-liaoning-XiaobeiNeural,
data/redteam/factory/edgetts/dongbei/edgetts_dongbei_zh-CN-liaoning-XiaobeiNeural_SC-001685.wav,spoof,RT-EDGETTS-DONGBEI,clean,redteam_factory/Edge-TTS,微软服务条款，仅研究评测用途,edgetts,dongbei,SC-001685,zh-CN-liaoning-XiaobeiNeural,
data/redteam/factory/edgetts/henan/edgetts_henan_zh-CN-shaanxi-XiaoniNeural_SC-000479.wav,spoof,RT-EDGETTS-HENAN,clean,redteam_factory/Edge-TTS,微软服务条款，仅研究评测用途,edgetts,henan,SC-000479,zh-CN-shaanxi-XiaoniNeural,
data/redteam/factory/edgetts/henan/edgetts_henan_zh-CN-shaanxi-XiaoniNeural_SC-000566.wav,spoof,RT-EDGETTS-HENAN,clean,redteam_factory/Edge-TTS,微软服务条款，仅研究评测用途,edgetts,henan,SC-000566,zh-CN-shaanxi-XiaoniNeural,
data/redteam/factory/edgetts/henan/edgetts_henan_zh-CN-shaanxi-XiaoniNeural_SC-000610.wav,spoof,RT-EDGETTS-HENAN,clean,redteam_factory/Edge-TTS,微软服务条款，仅研究评测用途,edgetts,henan,SC-000610,zh-CN-shaanxi-XiaoniNeural,
data/redteam/factory/edgetts/henan/edgetts_henan_zh-CN-shaanxi-XiaoniNeural_SC-000662.wav,spoof,RT-EDGETTS-HENAN,clean,redteam_factory/Edge-TTS,微软服务条款，仅研究评测用途,edgetts,henan,SC-000662,zh-CN-shaanxi-XiaoniNeural,
data/redteam/factory/edgetts/henan/edgetts_henan_zh-CN-shaanxi-XiaoniNeural_SC-000736.wav,spoof,RT-EDGETTS-HENAN,clean,redteam_factory/Edge-TTS,微软服务条款，仅研究评测用途,edgetts,henan,SC-000736,zh-CN-shaanxi-XiaoniNeural,
data/redteam/factory/edgetts/henan/edgetts_henan_zh-CN-shaanxi-XiaoniNeural_SC-000818.wav,spoof,RT-EDGETTS-HENAN,clean,redteam_factory/Edge-TTS,微软服务条款，仅研究评测用途,edgetts,henan,SC-000818,zh-CN-shaanxi-XiaoniNeural,
data/redteam/factory/edgetts/henan/edgetts_henan_zh-CN-shaanxi-XiaoniNeural_SC-000895.wav,spoof,RT-EDGETTS-HENAN,clean,redteam_factory/Edge-TTS,微软服务条款，仅研究评测用途,edgetts,henan,SC-000895,zh-CN-shaanxi-XiaoniNeural,
data/redteam/factory/edgetts/henan/edgetts_henan_zh-CN-shaanxi-XiaoniNeural_SC-000929.wav,spoof,RT-EDGETTS-HENAN,clean,redteam_factory/Edge-TTS,微软服务条款，仅研究评测用途,edgetts,henan,SC-000929,zh-CN-shaanxi-XiaoniNeural,
data/redteam/factory/edgetts/henan/edgetts_henan_zh-CN-shaanxi-XiaoniNeural_SC-000994.wav,spoof,RT-EDGETTS-HENAN,clean,redteam_factory/Edge-TTS,微软服务条款，仅研究评测用途,edgetts,henan,SC-000994,zh-CN-shaanxi-XiaoniNeural,
data/redteam/factory/edgetts/henan/edgetts_henan_zh-CN-shaanxi-XiaoniNeural_SC-001076.wav,spoof,RT-EDGETTS-HENAN,clean,redteam_factory/Edge-TTS,微软服务条款，仅研究评测用途,edgetts,henan,SC-001076,zh-CN-shaanxi-XiaoniNeural,
data/redteam/factory/edgetts/henan/edgetts_henan_zh-CN-shaanxi-XiaoniNeural_SC-001149.wav,spoof,RT-EDGETTS-HENAN,clean,redteam_factory/Edge-TTS,微软服务条款，仅研究评测用途,edgetts,henan,SC-001149,zh-CN-shaanxi-XiaoniNeural,
data/redteam/factory/edgetts/henan/edgetts_henan_zh-CN-shaanxi-XiaoniNeural_SC-001216.wav,spoof,RT-EDGETTS-HENAN,clean,redteam_factory/Edge-TTS,微软服务条款，仅研究评测用途,edgetts,henan,SC-001216,zh-CN-shaanxi-XiaoniNeural,
data/redteam/factory/edgetts/henan/edgetts_henan_zh-CN-shaanxi-XiaoniNeural_SC-001288.wav,spoof,RT-EDGETTS-HENAN,clean,redteam_factory/Edge-TTS,微软服务条款，仅研究评测用途,edgetts,henan,SC-001288,zh-CN-shaanxi-XiaoniNeural,
data/redteam/factory/edgetts/henan/edgetts_henan_zh-CN-shaanxi-XiaoniNeural_SC-001344.wav,spoof,RT-EDGETTS-HENAN,clean,redteam_factory/Edge-TTS,微软服务条款，仅研究评测用途,edgetts,henan,SC-001344,zh-CN-shaanxi-XiaoniNeural,
data/redteam/factory/edgetts/henan/edgetts_henan_zh-CN-shaanxi-XiaoniNeural_SC-001382.wav,spoof,RT-EDGETTS-HENAN,clean,redteam_factory/Edge-TTS,微软服务条款，仅研究评测用途,edgetts,henan,SC-001382,zh-CN-shaanxi-XiaoniNeural,
data/redteam/factory/edgetts/henan/edgetts_henan_zh-CN-shaanxi-XiaoniNeural_SC-001481.wav,spoof,RT-EDGETTS-HENAN,clean,redteam_factory/Edge-TTS,微软服务条款，仅研究评测用途,edgetts,henan,SC-001481,zh-CN-shaanxi-XiaoniNeural,
data/redteam/factory/edgetts/henan/edgetts_henan_zh-CN-shaanxi-XiaoniNeural_SC-001533.wav,spoof,RT-EDGETTS-HENAN,clean,redteam_factory/Edge-TTS,微软服务条款，仅研究评测用途,edgetts,henan,SC-001533,zh-CN-shaanxi-XiaoniNeural,
data/redteam/factory/edgetts/henan/edgetts_henan_zh-CN-shaanxi-XiaoniNeural_SC-001569.wav,spoof,RT-EDGETTS-HENAN,clean,redteam_factory/Edge-TTS,微软服务条款，仅研究评测用途,edgetts,henan,SC-001569,zh-CN-shaanxi-XiaoniNeural,
data/redteam/factory/edgetts/mandarin/edgetts_mandarin_zh-CN-YunxiNeural_SC-000129.wav,spoof,RT-EDGETTS-MANDARIN,clean,redteam_factory/Edge-TTS,微软服务条款，仅研究评测用途,edgetts,mandarin,SC-000129,zh-CN-YunxiNeural,
data/redteam/factory/edgetts/mandarin/edgetts_mandarin_zh-CN-YunxiNeural_SC-000151.wav,spoof,RT-EDGETTS-MANDARIN,clean,redteam_factory/Edge-TTS,微软服务条款，仅研究评测用途,edgetts,mandarin,SC-000151,zh-CN-YunxiNeural,
data/redteam/factory/edgetts/mandarin/edgetts_mandarin_zh-CN-YunxiNeural_SC-000168.wav,spoof,RT-EDGETTS-MANDARIN,clean,redteam_factory/Edge-TTS,微软服务条款，仅研究评测用途,edgetts,mandarin,SC-000168,zh-CN-YunxiNeural,
data/redteam/factory/edgetts/mandarin/edgetts_mandarin_zh-CN-YunxiNeural_SC-000182.wav,spoof,RT-EDGETTS-MANDARIN,clean,redteam_factory/Edge-TTS,微软服务条款，仅研究评测用途,edgetts,mandarin,SC-000182,zh-CN-YunxiNeural,
data/redteam/factory/edgetts/mandarin/edgetts_mandarin_zh-CN-YunxiNeural_SC-000201.wav,spoof,RT-EDGETTS-MANDARIN,clean,redteam_factory/Edge-TTS,微软服务条款，仅研究评测用途,edgetts,mandarin,SC-000201,zh-CN-YunxiNeural,
data/redteam/factory/edgetts/mandarin/edgetts_mandarin_zh-CN-YunxiNeural_SC-000223.wav,spoof,RT-EDGETTS-MANDARIN,clean,redteam_factory/Edge-TTS,微软服务条款，仅研究评测用途,edgetts,mandarin,SC-000223,zh-CN-YunxiNeural,
data/redteam/factory/edgetts/mandarin/edgetts_mandarin_zh-CN-YunxiNeural_SC-000241.wav,spoof,RT-EDGETTS-MANDARIN,clean,redteam_factory/Edge-TTS,微软服务条款，仅研究评测用途,edgetts,mandarin,SC-000241,zh-CN-YunxiNeural,
data/redteam/factory/edgetts/mandarin/edgetts_mandarin_zh-CN-YunxiNeural_SC-000269.wav,spoof,RT-EDGETTS-MANDARIN,clean,redteam_factory/Edge-TTS,微软服务条款，仅研究评测用途,edgetts,mandarin,SC-000269,zh-CN-YunxiNeural,
data/redteam/factory/edgetts/mandarin/edgetts_mandarin_zh-CN-YunxiNeural_SC-000290.wav,spoof,RT-EDGETTS-MANDARIN,clean,redteam_factory/Edge-TTS,微软服务条款，仅研究评测用途,edgetts,mandarin,SC-000290,zh-CN-YunxiNeural,
data/redteam/factory/edgetts/mandarin/edgetts_mandarin_zh-CN-YunxiNeural_SC-000311.wav,spoof,RT-EDGETTS-MANDARIN,clean,redteam_factory/Edge-TTS,微软服务条款，仅研究评测用途,edgetts,mandarin,SC-000311,zh-CN-YunxiNeural,
data/redteam/factory/edgetts/mandarin/edgetts_mandarin_zh-CN-YunxiNeural_SC-000332.wav,spoof,RT-EDGETTS-MANDARIN,clean,redteam_factory/Edge-TTS,微软服务条款，仅研究评测用途,edgetts,mandarin,SC-000332,zh-CN-YunxiNeural,
data/redteam/factory/edgetts/mandarin/edgetts_mandarin_zh-CN-YunxiNeural_SC-000347.wav,spoof,RT-EDGETTS-MANDARIN,clean,redteam_factory/Edge-TTS,微软服务条款，仅研究评测用途,edgetts,mandarin,SC-000347,zh-CN-YunxiNeural,
data/redteam/factory/edgetts/mandarin/edgetts_mandarin_zh-CN-YunxiNeural_SC-000371.wav,spoof,RT-EDGETTS-MANDARIN,clean,redteam_factory/Edge-TTS,微软服务条款，仅研究评测用途,edgetts,mandarin,SC-000371,zh-CN-YunxiNeural,
data/redteam/factory/edgetts/mandarin/edgetts_mandarin_zh-CN-YunxiNeural_SC-000396.wav,spoof,RT-EDGETTS-MANDARIN,clean,redteam_factory/Edge-TTS,微软服务条款，仅研究评测用途,edgetts,mandarin,SC-000396,zh-CN-YunxiNeural,
data/redteam/factory/edgetts/mandarin/edgetts_mandarin_zh-CN-YunxiNeural_SC-000424.wav,spoof,RT-EDGETTS-MANDARIN,clean,redteam_factory/Edge-TTS,微软服务条款，仅研究评测用途,edgetts,mandarin,SC-000424,zh-CN-YunxiNeural,
data/redteam/factory/edgetts/mandarin/edgetts_mandarin_zh-CN-YunxiNeural_SC-000468.wav,spoof,RT-EDGETTS-MANDARIN,clean,redteam_factory/Edge-TTS,微软服务条款，仅研究评测用途,edgetts,mandarin,SC-000468,zh-CN-YunxiNeural,
data/redteam/factory/edgetts/mandarin/edgetts_mandarin_zh-CN-YunxiNeural_SC-000484.wav,spoof,RT-EDGETTS-MANDARIN,clean,redteam_factory/Edge-TTS,微软服务条款，仅研究评测用途,edgetts,mandarin,SC-000484,zh-CN-YunxiNeural,
data/redteam/factory/edgetts/mandarin/edgetts_mandarin_zh-CN-YunxiNeural_SC-000502.wav,spoof,RT-EDGETTS-MANDARIN,clean,redteam_factory/Edge-TTS,微软服务条款，仅研究评测用途,edgetts,mandarin,SC-000502,zh-CN-YunxiNeural,
data/redteam/factory/edgetts/mandarin/edgetts_mandarin_zh-CN-XiaoxiaoNeural_SC-000129.wav,spoof,RT-EDGETTS-MANDARIN,clean,redteam_factory/Edge-TTS,微软服务条款，仅研究评测用途,edgetts,mandarin,SC-000129,zh-CN-XiaoxiaoNeural,
data/redteam/factory/edgetts/mandarin/edgetts_mandarin_zh-CN-XiaoxiaoNeural_SC-000151.wav,spoof,RT-EDGETTS-MANDARIN,clean,redteam_factory/Edge-TTS,微软服务条款，仅研究评测用途,edgetts,mandarin,SC-000151,zh-CN-XiaoxiaoNeural,
data/redteam/factory/edgetts/mandarin/edgetts_mandarin_zh-CN-XiaoxiaoNeural_SC-000168.wav,spoof,RT-EDGETTS-MANDARIN,clean,redteam_factory/Edge-TTS,微软服务条款，仅研究评测用途,edgetts,mandarin,SC-000168,zh-CN-XiaoxiaoNeural,
data/redteam/factory/edgetts/mandarin/edgetts_mandarin_zh-CN-XiaoxiaoNeural_SC-000182.wav,spoof,RT-EDGETTS-MANDARIN,clean,redteam_factory/Edge-TTS,微软服务条款，仅研究评测用途,edgetts,mandarin,SC-000182,zh-CN-XiaoxiaoNeural,
data/redteam/factory/edgetts/mandarin/edgetts_mandarin_zh-CN-XiaoxiaoNeural_SC-000201.wav,spoof,RT-EDGETTS-MANDARIN,clean,redteam_factory/Edge-TTS,微软服务条款，仅研究评测用途,edgetts,mandarin,SC-000201,zh-CN-XiaoxiaoNeural,
data/redteam/factory/edgetts/mandarin/edgetts_mandarin_zh-CN-XiaoxiaoNeural_SC-000223.wav,spoof,RT-EDGETTS-MANDARIN,clean,redteam_factory/Edge-TTS,微软服务条款，仅研究评测用途,edgetts,mandarin,SC-000223,zh-CN-XiaoxiaoNeural,
data/redteam/factory/edgetts/mandarin/edgetts_mandarin_zh-CN-XiaoxiaoNeural_SC-000241.wav,spoof,RT-EDGETTS-MANDARIN,clean,redteam_factory/Edge-TTS,微软服务条款，仅研究评测用途,edgetts,mandarin,SC-000241,zh-CN-XiaoxiaoNeural,
data/redteam/factory/edgetts/mandarin/edgetts_mandarin_zh-CN-XiaoxiaoNeural_SC-000269.wav,spoof,RT-EDGETTS-MANDARIN,clean,redteam_factory/Edge-TTS,微软服务条款，仅研究评测用途,edgetts,mandarin,SC-000269,zh-CN-XiaoxiaoNeural,
data/redteam/factory/edgetts/mandarin/edgetts_mandarin_zh-CN-XiaoxiaoNeural_SC-000290.wav,spoof,RT-EDGETTS-MANDARIN,clean,redteam_factory/Edge-TTS,微软服务条款，仅研究评测用途,edgetts,mandarin,SC-000290,zh-CN-XiaoxiaoNeural,
data/redteam/factory/edgetts/mandarin/edgetts_mandarin_zh-CN-XiaoxiaoNeural_SC-000311.wav,spoof,RT-EDGETTS-MANDARIN,clean,redteam_factory/Edge-TTS,微软服务条款，仅研究评测用途,edgetts,mandarin,SC-000311,zh-CN-XiaoxiaoNeural,
data/redteam/factory/edgetts/mandarin/edgetts_mandarin_zh-CN-XiaoxiaoNeural_SC-000332.wav,spoof,RT-EDGETTS-MANDARIN,clean,redteam_factory/Edge-TTS,微软服务条款，仅研究评测用途,edgetts,mandarin,SC-000332,zh-CN-XiaoxiaoNeural,
data/redteam/factory/edgetts/mandarin/edgetts_mandarin_zh-CN-XiaoxiaoNeural_SC-000347.wav,spoof,RT-EDGETTS-MANDARIN,clean,redteam_factory/Edge-TTS,微软服务条款，仅研究评测用途,edgetts,mandarin,SC-000347,zh-CN-XiaoxiaoNeural,
data/redteam/factory/edgetts/mandarin/edgetts_mandarin_zh-CN-XiaoxiaoNeural_SC-000371.wav,spoof,RT-EDGETTS-MANDARIN,clean,redteam_factory/Edge-TTS,微软服务条款，仅研究评测用途,edgetts,mandarin,SC-000371,zh-CN-XiaoxiaoNeural,
data/redteam/factory/edgetts/mandarin/edgetts_mandarin_zh-CN-XiaoxiaoNeural_SC-000396.wav,spoof,RT-EDGETTS-MANDARIN,clean,redteam_factory/Edge-TTS,微软服务条款，仅研究评测用途,edgetts,mandarin,SC-000396,zh-CN-XiaoxiaoNeural,
data/redteam/factory/edgetts/mandarin/edgetts_mandarin_zh-CN-XiaoxiaoNeural_SC-000424.wav,spoof,RT-EDGETTS-MANDARIN,clean,redteam_factory/Edge-TTS,微软服务条款，仅研究评测用途,edgetts,mandarin,SC-000424,zh-CN-XiaoxiaoNeural,
data/redteam/factory/edgetts/mandarin/edgetts_mandarin_zh-CN-XiaoxiaoNeural_SC-000450.wav,spoof,RT-EDGETTS-MANDARIN,clean,redteam_factory/Edge-TTS,微软服务条款，仅研究评测用途,edgetts,mandarin,SC-000450,zh-CN-XiaoxiaoNeural,
data/redteam/factory/edgetts/mandarin/edgetts_mandarin_zh-CN-XiaoxiaoNeural_SC-000468.wav,spoof,RT-EDGETTS-MANDARIN,clean,redteam_factory/Edge-TTS,微软服务条款，仅研究评测用途,edgetts,mandarin,SC-000468,zh-CN-XiaoxiaoNeural,
data/redteam/factory/edgetts/mandarin/edgetts_mandarin_zh-CN-XiaoxiaoNeural_SC-000484.wav,spoof,RT-EDGETTS-MANDARIN,clean,redteam_factory/Edge-TTS,微软服务条款，仅研究评测用途,edgetts,mandarin,SC-000484,zh-CN-XiaoxiaoNeural,
data/redteam/factory/edgetts/mandarin/edgetts_mandarin_zh-CN-XiaoxiaoNeural_SC-000502.wav,spoof,RT-EDGETTS-MANDARIN,clean,redteam_factory/Edge-TTS,微软服务条款，仅研究评测用途,edgetts,mandarin,SC-000502,zh-CN-XiaoxiaoNeural,
data/redteam/factory/edgetts/mandarin/edgetts_mandarin_zh-CN-YunjianNeural_SC-000129.wav,spoof,RT-EDGETTS-MANDARIN,clean,redteam_factory/Edge-TTS,微软服务条款，仅研究评测用途,edgetts,mandarin,SC-000129,zh-CN-YunjianNeural,
data/redteam/factory/edgetts/mandarin/edgetts_mandarin_zh-CN-YunjianNeural_SC-000151.wav,spoof,RT-EDGETTS-MANDARIN,clean,redteam_factory/Edge-TTS,微软服务条款，仅研究评测用途,edgetts,mandarin,SC-000151,zh-CN-YunjianNeural,
data/redteam/factory/edgetts/mandarin/edgetts_mandarin_zh-CN-YunjianNeural_SC-000168.wav,spoof,RT-EDGETTS-MANDARIN,clean,redteam_factory/Edge-TTS,微软服务条款，仅研究评测用途,edgetts,mandarin,SC-000168,zh-CN-YunjianNeural,
data/redteam/factory/edgetts/mandarin/edgetts_mandarin_zh-CN-YunjianNeural_SC-000182.wav,spoof,RT-EDGETTS-MANDARIN,clean,redteam_factory/Edge-TTS,微软服务条款，仅研究评测用途,edgetts,mandarin,SC-000182,zh-CN-YunjianNeural,
data/redteam/factory/edgetts/mandarin/edgetts_mandarin_zh-CN-YunjianNeural_SC-000201.wav,spoof,RT-EDGETTS-MANDARIN,clean,redteam_factory/Edge-TTS,微软服务条款，仅研究评测用途,edgetts,mandarin,SC-000201,zh-CN-YunjianNeural,
data/redteam/factory/edgetts/mandarin/edgetts_mandarin_zh-CN-YunjianNeural_SC-000223.wav,spoof,RT-EDGETTS-MANDARIN,clean,redteam_factory/Edge-TTS,微软服务条款，仅研究评测用途,edgetts,mandarin,SC-000223,zh-CN-YunjianNeural,
data/redteam/factory/edgetts/mandarin/edgetts_mandarin_zh-CN-YunjianNeural_SC-000241.wav,spoof,RT-EDGETTS-MANDARIN,clean,redteam_factory/Edge-TTS,微软服务条款，仅研究评测用途,edgetts,mandarin,SC-000241,zh-CN-YunjianNeural,
data/redteam/factory/edgetts/mandarin/edgetts_mandarin_zh-CN-YunjianNeural_SC-000269.wav,spoof,RT-EDGETTS-MANDARIN,clean,redteam_factory/Edge-TTS,微软服务条款，仅研究评测用途,edgetts,mandarin,SC-000269,zh-CN-YunjianNeural,
data/redteam/factory/edgetts/mandarin/edgetts_mandarin_zh-CN-YunjianNeural_SC-000290.wav,spoof,RT-EDGETTS-MANDARIN,clean,redteam_factory/Edge-TTS,微软服务条款，仅研究评测用途,edgetts,mandarin,SC-000290,zh-CN-YunjianNeural,
data/redteam/factory/edgetts/mandarin/edgetts_mandarin_zh-CN-YunjianNeural_SC-000311.wav,spoof,RT-EDGETTS-MANDARIN,clean,redteam_factory/Edge-TTS,微软服务条款，仅研究评测用途,edgetts,mandarin,SC-000311,zh-CN-YunjianNeural,
data/redteam/factory/edgetts/mandarin/edgetts_mandarin_zh-CN-YunjianNeural_SC-000332.wav,spoof,RT-EDGETTS-MANDARIN,clean,redteam_factory/Edge-TTS,微软服务条款，仅研究评测用途,edgetts,mandarin,SC-000332,zh-CN-YunjianNeural,
data/redteam/factory/edgetts/mandarin/edgetts_mandarin_zh-CN-YunjianNeural_SC-000347.wav,spoof,RT-EDGETTS-MANDARIN,clean,redteam_factory/Edge-TTS,微软服务条款，仅研究评测用途,edgetts,mandarin,SC-000347,zh-CN-YunjianNeural,
data/redteam/factory/edgetts/mandarin/edgetts_mandarin_zh-CN-YunjianNeural_SC-000371.wav,spoof,RT-EDGETTS-MANDARIN,clean,redteam_factory/Edge-TTS,微软服务条款，仅研究评测用途,edgetts,mandarin,SC-000371,zh-CN-YunjianNeural,
data/redteam/factory/edgetts/mandarin/edgetts_mandarin_zh-CN-YunjianNeural_SC-000396.wav,spoof,RT-EDGETTS-MANDARIN,clean,redteam_factory/Edge-TTS,微软服务条款，仅研究评测用途,edgetts,mandarin,SC-000396,zh-CN-YunjianNeural,
data/redteam/factory/edgetts/mandarin/edgetts_mandarin_zh-CN-YunjianNeural_SC-000424.wav,spoof,RT-EDGETTS-MANDARIN,clean,redteam_factory/Edge-TTS,微软服务条款，仅研究评测用途,edgetts,mandarin,SC-000424,zh-CN-YunjianNeural,
data/redteam/factory/edgetts/mandarin/edgetts_mandarin_zh-CN-YunjianNeural_SC-000450.wav,spoof,RT-EDGETTS-MANDARIN,clean,redteam_factory/Edge-TTS,微软服务条款，仅研究评测用途,edgetts,mandarin,SC-000450,zh-CN-YunjianNeural,
data/redteam/factory/edgetts/mandarin/edgetts_mandarin_zh-CN-YunjianNeural_SC-000468.wav,spoof,RT-EDGETTS-MANDARIN,clean,redteam_factory/Edge-TTS,微软服务条款，仅研究评测用途,edgetts,mandarin,SC-000468,zh-CN-YunjianNeural,
data/redteam/factory/edgetts/mandarin/edgetts_mandarin_zh-CN-YunjianNeural_SC-000484.wav,spoof,RT-EDGETTS-MANDARIN,clean,redteam_factory/Edge-TTS,微软服务条款，仅研究评测用途,edgetts,mandarin,SC-000484,zh-CN-YunjianNeural,
data/redteam/factory/edgetts/mandarin/edgetts_mandarin_zh-CN-YunjianNeural_SC-000502.wav,spoof,RT-EDGETTS-MANDARIN,clean,redteam_factory/Edge-TTS,微软服务条款，仅研究评测用途,edgetts,mandarin,SC-000502,zh-CN-YunjianNeural,
data/redteam/factory/edgetts/mandarin/edgetts_mandarin_zh-CN-YunyangNeural_SC-000129.wav,spoof,RT-EDGETTS-MANDARIN,clean,redteam_factory/Edge-TTS,微软服务条款，仅研究评测用途,edgetts,mandarin,SC-000129,zh-CN-YunyangNeural,
data/redteam/factory/edgetts/mandarin/edgetts_mandarin_zh-CN-YunyangNeural_SC-000151.wav,spoof,RT-EDGETTS-MANDARIN,clean,redteam_factory/Edge-TTS,微软服务条款，仅研究评测用途,edgetts,mandarin,SC-000151,zh-CN-YunyangNeural,
data/redteam/factory/edgetts/mandarin/edgetts_mandarin_zh-CN-YunyangNeural_SC-000168.wav,spoof,RT-EDGETTS-MANDARIN,clean,redteam_factory/Edge-TTS,微软服务条款，仅研究评测用途,edgetts,mandarin,SC-000168,zh-CN-YunyangNeural,
data/redteam/factory/edgetts/mandarin/edgetts_mandarin_zh-CN-YunyangNeural_SC-000182.wav,spoof,RT-EDGETTS-MANDARIN,clean,redteam_factory/Edge-TTS,微软服务条款，仅研究评测用途,edgetts,mandarin,SC-000182,zh-CN-YunyangNeural,
data/redteam/factory/edgetts/mandarin/edgetts_mandarin_zh-CN-YunyangNeural_SC-000201.wav,spoof,RT-EDGETTS-MANDARIN,clean,redteam_factory/Edge-TTS,微软服务条款，仅研究评测用途,edgetts,mandarin,SC-000201,zh-CN-YunyangNeural,
data/redteam/factory/edgetts/mandarin/edgetts_mandarin_zh-CN-YunxiNeural_SC-000450.wav,spoof,RT-EDGETTS-MANDARIN,clean,redteam_factory/Edge-TTS,微软服务条款，仅研究评测用途,edgetts,mandarin,SC-000450,zh-CN-YunxiNeural,
data/redteam/factory/edgetts/mandarin/edgetts_mandarin_zh-CN-YunyangNeural_SC-000223.wav,spoof,RT-EDGETTS-MANDARIN,clean,redteam_factory/Edge-TTS,微软服务条款，仅研究评测用途,edgetts,mandarin,SC-000223,zh-CN-YunyangNeural,
data/redteam/factory/edgetts/mandarin/edgetts_mandarin_zh-CN-YunyangNeural_SC-000241.wav,spoof,RT-EDGETTS-MANDARIN,clean,redteam_factory/Edge-TTS,微软服务条款，仅研究评测用途,edgetts,mandarin,SC-000241,zh-CN-YunyangNeural,
data/redteam/factory/edgetts/mandarin/edgetts_mandarin_zh-CN-YunyangNeural_SC-000269.wav,spoof,RT-EDGETTS-MANDARIN,clean,redteam_factory/Edge-TTS,微软服务条款，仅研究评测用途,edgetts,mandarin,SC-000269,zh-CN-YunyangNeural,
data/redteam/factory/edgetts/mandarin/edgetts_mandarin_zh-CN-YunyangNeural_SC-000290.wav,spoof,RT-EDGETTS-MANDARIN,clean,redteam_factory/Edge-TTS,微软服务条款，仅研究评测用途,edgetts,mandarin,SC-000290,zh-CN-YunyangNeural,
data/redteam/factory/edgetts/mandarin/edgetts_mandarin_zh-CN-YunyangNeural_SC-000311.wav,spoof,RT-EDGETTS-MANDARIN,clean,redteam_factory/Edge-TTS,微软服务条款，仅研究评测用途,edgetts,mandarin,SC-000311,zh-CN-YunyangNeural,
data/redteam/factory/edgetts/mandarin/edgetts_mandarin_zh-CN-YunyangNeural_SC-000332.wav,spoof,RT-EDGETTS-MANDARIN,clean,redteam_factory/Edge-TTS,微软服务条款，仅研究评测用途,edgetts,mandarin,SC-000332,zh-CN-YunyangNeural,
data/redteam/factory/edgetts/mandarin/edgetts_mandarin_zh-CN-YunyangNeural_SC-000347.wav,spoof,RT-EDGETTS-MANDARIN,clean,redteam_factory/Edge-TTS,微软服务条款，仅研究评测用途,edgetts,mandarin,SC-000347,zh-CN-YunyangNeural,
data/redteam/factory/edgetts/mandarin/edgetts_mandarin_zh-CN-YunyangNeural_SC-000371.wav,spoof,RT-EDGETTS-MANDARIN,clean,redteam_factory/Edge-TTS,微软服务条款，仅研究评测用途,edgetts,mandarin,SC-000371,zh-CN-YunyangNeural,
data/redteam/factory/edgetts/mandarin/edgetts_mandarin_zh-CN-YunyangNeural_SC-000396.wav,spoof,RT-EDGETTS-MANDARIN,clean,redteam_factory/Edge-TTS,微软服务条款，仅研究评测用途,edgetts,mandarin,SC-000396,zh-CN-YunyangNeural,
data/redteam/factory/edgetts/mandarin/edgetts_mandarin_zh-CN-YunyangNeural_SC-000424.wav,spoof,RT-EDGETTS-MANDARIN,clean,redteam_factory/Edge-TTS,微软服务条款，仅研究评测用途,edgetts,mandarin,SC-000424,zh-CN-YunyangNeural,
data/redteam/factory/edgetts/mandarin/edgetts_mandarin_zh-CN-YunyangNeural_SC-000450.wav,spoof,RT-EDGETTS-MANDARIN,clean,redteam_factory/Edge-TTS,微软服务条款，仅研究评测用途,edgetts,mandarin,SC-000450,zh-CN-YunyangNeural,
data/redteam/factory/edgetts/mandarin/edgetts_mandarin_zh-CN-YunyangNeural_SC-000468.wav,spoof,RT-EDGETTS-MANDARIN,clean,redteam_factory/Edge-TTS,微软服务条款，仅研究评测用途,edgetts,mandarin,SC-000468,zh-CN-YunyangNeural,
data/redteam/factory/edgetts/mandarin/edgetts_mandarin_zh-CN-YunyangNeural_SC-000484.wav,spoof,RT-EDGETTS-MANDARIN,clean,redteam_factory/Edge-TTS,微软服务条款，仅研究评测用途,edgetts,mandarin,SC-000484,zh-CN-YunyangNeural,
data/redteam/factory/edgetts/mandarin/edgetts_mandarin_zh-CN-YunyangNeural_SC-000502.wav,spoof,RT-EDGETTS-MANDARIN,clean,redteam_factory/Edge-TTS,微软服务条款，仅研究评测用途,edgetts,mandarin,SC-000502,zh-CN-YunyangNeural,
data/redteam/factory/edgetts/minnan/edgetts_minnan_zh-TW-HsiaoChenNeural_SC-000526.wav,spoof,RT-EDGETTS-MINNAN,clean,redteam_factory/Edge-TTS,微软服务条款，仅研究评测用途,edgetts,minnan,SC-000526,zh-TW-HsiaoChenNeural,
data/redteam/factory/edgetts/minnan/edgetts_minnan_zh-TW-HsiaoChenNeural_SC-000571.wav,spoof,RT-EDGETTS-MINNAN,clean,redteam_factory/Edge-TTS,微软服务条款，仅研究评测用途,edgetts,minnan,SC-000571,zh-TW-HsiaoChenNeural,
data/redteam/factory/edgetts/minnan/edgetts_minnan_zh-TW-HsiaoChenNeural_SC-000630.wav,spoof,RT-EDGETTS-MINNAN,clean,redteam_factory/Edge-TTS,微软服务条款，仅研究评测用途,edgetts,minnan,SC-000630,zh-TW-HsiaoChenNeural,
data/redteam/factory/edgetts/minnan/edgetts_minnan_zh-TW-HsiaoChenNeural_SC-000703.wav,spoof,RT-EDGETTS-MINNAN,clean,redteam_factory/Edge-TTS,微软服务条款，仅研究评测用途,edgetts,minnan,SC-000703,zh-TW-HsiaoChenNeural,
data/redteam/factory/edgetts/minnan/edgetts_minnan_zh-TW-HsiaoChenNeural_SC-000753.wav,spoof,RT-EDGETTS-MINNAN,clean,redteam_factory/Edge-TTS,微软服务条款，仅研究评测用途,edgetts,minnan,SC-000753,zh-TW-HsiaoChenNeural,
data/redteam/factory/edgetts/minnan/edgetts_minnan_zh-TW-HsiaoChenNeural_SC-000824.wav,spoof,RT-EDGETTS-MINNAN,clean,redteam_factory/Edge-TTS,微软服务条款，仅研究评测用途,edgetts,minnan,SC-000824,zh-TW-HsiaoChenNeural,
data/redteam/factory/edgetts/minnan/edgetts_minnan_zh-TW-HsiaoChenNeural_SC-000866.wav,spoof,RT-EDGETTS-MINNAN,clean,redteam_factory/Edge-TTS,微软服务条款，仅研究评测用途,edgetts,minnan,SC-000866,zh-TW-HsiaoChenNeural,
data/redteam/factory/edgetts/minnan/edgetts_minnan_zh-TW-HsiaoChenNeural_SC-000935.wav,spoof,RT-EDGETTS-MINNAN,clean,redteam_factory/Edge-TTS,微软服务条款，仅研究评测用途,edgetts,minnan,SC-000935,zh-TW-HsiaoChenNeural,
data/redteam/factory/edgetts/minnan/edgetts_minnan_zh-TW-HsiaoChenNeural_SC-000966.wav,spoof,RT-EDGETTS-MINNAN,clean,redteam_factory/Edge-TTS,微软服务条款，仅研究评测用途,edgetts,minnan,SC-000966,zh-TW-HsiaoChenNeural,
data/redteam/factory/edgetts/minnan/edgetts_minnan_zh-TW-HsiaoChenNeural_SC-001032.wav,spoof,RT-EDGETTS-MINNAN,clean,redteam_factory/Edge-TTS,微软服务条款，仅研究评测用途,edgetts,minnan,SC-001032,zh-TW-HsiaoChenNeural,
data/redteam/factory/edgetts/minnan/edgetts_minnan_zh-TW-HsiaoChenNeural_SC-001093.wav,spoof,RT-EDGETTS-MINNAN,clean,redteam_factory/Edge-TTS,微软服务条款，仅研究评测用途,edgetts,minnan,SC-001093,zh-TW-HsiaoChenNeural,
data/redteam/factory/edgetts/minnan/edgetts_minnan_zh-TW-HsiaoChenNeural_SC-001133.wav,spoof,RT-EDGETTS-MINNAN,clean,redteam_factory/Edge-TTS,微软服务条款，仅研究评测用途,edgetts,minnan,SC-001133,zh-TW-HsiaoChenNeural,
data/redteam/factory/edgetts/minnan/edgetts_minnan_zh-TW-HsiaoChenNeural_SC-001203.wav,spoof,RT-EDGETTS-MINNAN,clean,redteam_factory/Edge-TTS,微软服务条款，仅研究评测用途,edgetts,minnan,SC-001203,zh-TW-HsiaoChenNeural,
data/redteam/factory/edgetts/minnan/edgetts_minnan_zh-TW-HsiaoChenNeural_SC-001257.wav,spoof,RT-EDGETTS-MINNAN,clean,redteam_factory/Edge-TTS,微软服务条款，仅研究评测用途,edgetts,minnan,SC-001257,zh-TW-HsiaoChenNeural,
data/redteam/factory/edgetts/minnan/edgetts_minnan_zh-TW-HsiaoChenNeural_SC-001302.wav,spoof,RT-EDGETTS-MINNAN,clean,redteam_factory/Edge-TTS,微软服务条款，仅研究评测用途,edgetts,minnan,SC-001302,zh-TW-HsiaoChenNeural,
data/redteam/factory/edgetts/minnan/edgetts_minnan_zh-TW-HsiaoChenNeural_SC-001394.wav,spoof,RT-EDGETTS-MINNAN,clean,redteam_factory/Edge-TTS,微软服务条款，仅研究评测用途,edgetts,minnan,SC-001394,zh-TW-HsiaoChenNeural,
data/redteam/factory/edgetts/minnan/edgetts_minnan_zh-TW-HsiaoChenNeural_SC-001466.wav,spoof,RT-EDGETTS-MINNAN,clean,redteam_factory/Edge-TTS,微软服务条款，仅研究评测用途,edgetts,minnan,SC-001466,zh-TW-HsiaoChenNeural,
data/redteam/factory/edgetts/minnan/edgetts_minnan_zh-TW-HsiaoChenNeural_SC-001582.wav,spoof,RT-EDGETTS-MINNAN,clean,redteam_factory/Edge-TTS,微软服务条款，仅研究评测用途,edgetts,minnan,SC-001582,zh-TW-HsiaoChenNeural,
data/redteam/factory/edgetts/minnan/edgetts_minnan_zh-TW-HsiaoChenNeural_SC-001661.wav,spoof,RT-EDGETTS-MINNAN,clean,redteam_factory/Edge-TTS,微软服务条款，仅研究评测用途,edgetts,minnan,SC-001661,zh-TW-HsiaoChenNeural,
data/redteam/factory/edgetts/minnan/edgetts_minnan_zh-TW-YunJheNeural_SC-000526.wav,spoof,RT-EDGETTS-MINNAN,clean,redteam_factory/Edge-TTS,微软服务条款，仅研究评测用途,edgetts,minnan,SC-000526,zh-TW-YunJheNeural,
data/redteam/factory/edgetts/minnan/edgetts_minnan_zh-TW-YunJheNeural_SC-000571.wav,spoof,RT-EDGETTS-MINNAN,clean,redteam_factory/Edge-TTS,微软服务条款，仅研究评测用途,edgetts,minnan,SC-000571,zh-TW-YunJheNeural,
data/redteam/factory/edgetts/minnan/edgetts_minnan_zh-TW-YunJheNeural_SC-000630.wav,spoof,RT-EDGETTS-MINNAN,clean,redteam_factory/Edge-TTS,微软服务条款，仅研究评测用途,edgetts,minnan,SC-000630,zh-TW-YunJheNeural,
data/redteam/factory/edgetts/minnan/edgetts_minnan_zh-TW-YunJheNeural_SC-000703.wav,spoof,RT-EDGETTS-MINNAN,clean,redteam_factory/Edge-TTS,微软服务条款，仅研究评测用途,edgetts,minnan,SC-000703,zh-TW-YunJheNeural,
data/redteam/factory/edgetts/minnan/edgetts_minnan_zh-TW-YunJheNeural_SC-000753.wav,spoof,RT-EDGETTS-MINNAN,clean,redteam_factory/Edge-TTS,微软服务条款，仅研究评测用途,edgetts,minnan,SC-000753,zh-TW-YunJheNeural,
data/redteam/factory/edgetts/minnan/edgetts_minnan_zh-TW-YunJheNeural_SC-000824.wav,spoof,RT-EDGETTS-MINNAN,clean,redteam_factory/Edge-TTS,微软服务条款，仅研究评测用途,edgetts,minnan,SC-000824,zh-TW-YunJheNeural,
data/redteam/factory/edgetts/minnan/edgetts_minnan_zh-TW-YunJheNeural_SC-000866.wav,spoof,RT-EDGETTS-MINNAN,clean,redteam_factory/Edge-TTS,微软服务条款，仅研究评测用途,edgetts,minnan,SC-000866,zh-TW-YunJheNeural,
data/redteam/factory/edgetts/minnan/edgetts_minnan_zh-TW-YunJheNeural_SC-000935.wav,spoof,RT-EDGETTS-MINNAN,clean,redteam_factory/Edge-TTS,微软服务条款，仅研究评测用途,edgetts,minnan,SC-000935,zh-TW-YunJheNeural,
data/redteam/factory/edgetts/minnan/edgetts_minnan_zh-TW-YunJheNeural_SC-000966.wav,spoof,RT-EDGETTS-MINNAN,clean,redteam_factory/Edge-TTS,微软服务条款，仅研究评测用途,edgetts,minnan,SC-000966,zh-TW-YunJheNeural,
data/redteam/factory/edgetts/minnan/edgetts_minnan_zh-TW-YunJheNeural_SC-001032.wav,spoof,RT-EDGETTS-MINNAN,clean,redteam_factory/Edge-TTS,微软服务条款，仅研究评测用途,edgetts,minnan,SC-001032,zh-TW-YunJheNeural,
data/redteam/factory/edgetts/minnan/edgetts_minnan_zh-TW-YunJheNeural_SC-001093.wav,spoof,RT-EDGETTS-MINNAN,clean,redteam_factory/Edge-TTS,微软服务条款，仅研究评测用途,edgetts,minnan,SC-001093,zh-TW-YunJheNeural,
data/redteam/factory/edgetts/minnan/edgetts_minnan_zh-TW-YunJheNeural_SC-001133.wav,spoof,RT-EDGETTS-MINNAN,clean,redteam_factory/Edge-TTS,微软服务条款，仅研究评测用途,edgetts,minnan,SC-001133,zh-TW-YunJheNeural,
data/redteam/factory/edgetts/minnan/edgetts_minnan_zh-TW-YunJheNeural_SC-001203.wav,spoof,RT-EDGETTS-MINNAN,clean,redteam_factory/Edge-TTS,微软服务条款，仅研究评测用途,edgetts,minnan,SC-001203,zh-TW-YunJheNeural,
data/redteam/factory/edgetts/minnan/edgetts_minnan_zh-TW-YunJheNeural_SC-001257.wav,spoof,RT-EDGETTS-MINNAN,clean,redteam_factory/Edge-TTS,微软服务条款，仅研究评测用途,edgetts,minnan,SC-001257,zh-TW-YunJheNeural,
data/redteam/factory/edgetts/minnan/edgetts_minnan_zh-TW-YunJheNeural_SC-001302.wav,spoof,RT-EDGETTS-MINNAN,clean,redteam_factory/Edge-TTS,微软服务条款，仅研究评测用途,edgetts,minnan,SC-001302,zh-TW-YunJheNeural,
data/redteam/factory/edgetts/minnan/edgetts_minnan_zh-TW-YunJheNeural_SC-001394.wav,spoof,RT-EDGETTS-MINNAN,clean,redteam_factory/Edge-TTS,微软服务条款，仅研究评测用途,edgetts,minnan,SC-001394,zh-TW-YunJheNeural,
data/redteam/factory/edgetts/minnan/edgetts_minnan_zh-TW-YunJheNeural_SC-001466.wav,spoof,RT-EDGETTS-MINNAN,clean,redteam_factory/Edge-TTS,微软服务条款，仅研究评测用途,edgetts,minnan,SC-001466,zh-TW-YunJheNeural,
data/redteam/factory/edgetts/minnan/edgetts_minnan_zh-TW-YunJheNeural_SC-001582.wav,spoof,RT-EDGETTS-MINNAN,clean,redteam_factory/Edge-TTS,微软服务条款，仅研究评测用途,edgetts,minnan,SC-001582,zh-TW-YunJheNeural,
data/redteam/factory/edgetts/minnan/edgetts_minnan_zh-TW-YunJheNeural_SC-001661.wav,spoof,RT-EDGETTS-MINNAN,clean,redteam_factory/Edge-TTS,微软服务条款，仅研究评测用途,edgetts,minnan,SC-001661,zh-TW-YunJheNeural,
data/redteam/factory/edgetts/sichuan/edgetts_sichuan_zh-CN-YunxiNeural_SC-000317.wav,spoof,RT-EDGETTS-SICHUAN,clean,redteam_factory/Edge-TTS,微软服务条款，仅研究评测用途,edgetts,sichuan,SC-000317,zh-CN-YunxiNeural,
data/redteam/factory/edgetts/sichuan/edgetts_sichuan_zh-CN-YunxiNeural_SC-000355.wav,spoof,RT-EDGETTS-SICHUAN,clean,redteam_factory/Edge-TTS,微软服务条款，仅研究评测用途,edgetts,sichuan,SC-000355,zh-CN-YunxiNeural,
data/redteam/factory/edgetts/sichuan/edgetts_sichuan_zh-CN-YunxiNeural_SC-000383.wav,spoof,RT-EDGETTS-SICHUAN,clean,redteam_factory/Edge-TTS,微软服务条款，仅研究评测用途,edgetts,sichuan,SC-000383,zh-CN-YunxiNeural,
data/redteam/factory/edgetts/sichuan/edgetts_sichuan_zh-CN-YunxiNeural_SC-000457.wav,spoof,RT-EDGETTS-SICHUAN,clean,redteam_factory/Edge-TTS,微软服务条款，仅研究评测用途,edgetts,sichuan,SC-000457,zh-CN-YunxiNeural,
data/redteam/factory/edgetts/sichuan/edgetts_sichuan_zh-CN-YunxiNeural_SC-000509.wav,spoof,RT-EDGETTS-SICHUAN,clean,redteam_factory/Edge-TTS,微软服务条款，仅研究评测用途,edgetts,sichuan,SC-000509,zh-CN-YunxiNeural,
data/redteam/factory/edgetts/sichuan/edgetts_sichuan_zh-CN-YunxiNeural_SC-000597.wav,spoof,RT-EDGETTS-SICHUAN,clean,redteam_factory/Edge-TTS,微软服务条款，仅研究评测用途,edgetts,sichuan,SC-000597,zh-CN-YunxiNeural,
data/redteam/factory/edgetts/sichuan/edgetts_sichuan_zh-CN-YunxiNeural_SC-000659.wav,spoof,RT-EDGETTS-SICHUAN,clean,redteam_factory/Edge-TTS,微软服务条款，仅研究评测用途,edgetts,sichuan,SC-000659,zh-CN-YunxiNeural,
data/redteam/factory/edgetts/sichuan/edgetts_sichuan_zh-CN-YunxiNeural_SC-000724.wav,spoof,RT-EDGETTS-SICHUAN,clean,redteam_factory/Edge-TTS,微软服务条款，仅研究评测用途,edgetts,sichuan,SC-000724,zh-CN-YunxiNeural,
data/redteam/factory/edgetts/sichuan/edgetts_sichuan_zh-CN-YunxiNeural_SC-000792.wav,spoof,RT-EDGETTS-SICHUAN,clean,redteam_factory/Edge-TTS,微软服务条款，仅研究评测用途,edgetts,sichuan,SC-000792,zh-CN-YunxiNeural,
data/redteam/factory/edgetts/sichuan/edgetts_sichuan_zh-CN-YunxiNeural_SC-000891.wav,spoof,RT-EDGETTS-SICHUAN,clean,redteam_factory/Edge-TTS,微软服务条款，仅研究评测用途,edgetts,sichuan,SC-000891,zh-CN-YunxiNeural,
data/redteam/factory/edgetts/sichuan/edgetts_sichuan_zh-CN-YunxiNeural_SC-000963.wav,spoof,RT-EDGETTS-SICHUAN,clean,redteam_factory/Edge-TTS,微软服务条款，仅研究评测用途,edgetts,sichuan,SC-000963,zh-CN-YunxiNeural,
data/redteam/factory/edgetts/sichuan/edgetts_sichuan_zh-CN-YunxiNeural_SC-001028.wav,spoof,RT-EDGETTS-SICHUAN,clean,redteam_factory/Edge-TTS,微软服务条款，仅研究评测用途,edgetts,sichuan,SC-001028,zh-CN-YunxiNeural,
data/redteam/factory/edgetts/sichuan/edgetts_sichuan_zh-CN-YunxiNeural_SC-001126.wav,spoof,RT-EDGETTS-SICHUAN,clean,redteam_factory/Edge-TTS,微软服务条款，仅研究评测用途,edgetts,sichuan,SC-001126,zh-CN-YunxiNeural,
data/redteam/factory/edgetts/sichuan/edgetts_sichuan_zh-CN-YunxiNeural_SC-001176.wav,spoof,RT-EDGETTS-SICHUAN,clean,redteam_factory/Edge-TTS,微软服务条款，仅研究评测用途,edgetts,sichuan,SC-001176,zh-CN-YunxiNeural,
data/redteam/factory/edgetts/sichuan/edgetts_sichuan_zh-CN-YunxiNeural_SC-001247.wav,spoof,RT-EDGETTS-SICHUAN,clean,redteam_factory/Edge-TTS,微软服务条款，仅研究评测用途,edgetts,sichuan,SC-001247,zh-CN-YunxiNeural,
data/redteam/factory/edgetts/sichuan/edgetts_sichuan_zh-CN-YunxiNeural_SC-001339.wav,spoof,RT-EDGETTS-SICHUAN,clean,redteam_factory/Edge-TTS,微软服务条款，仅研究评测用途,edgetts,sichuan,SC-001339,zh-CN-YunxiNeural,
data/redteam/factory/edgetts/sichuan/edgetts_sichuan_zh-CN-YunxiNeural_SC-001393.wav,spoof,RT-EDGETTS-SICHUAN,clean,redteam_factory/Edge-TTS,微软服务条款，仅研究评测用途,edgetts,sichuan,SC-001393,zh-CN-YunxiNeural,
data/redteam/factory/edgetts/sichuan/edgetts_sichuan_zh-CN-YunxiNeural_SC-001451.wav,spoof,RT-EDGETTS-SICHUAN,clean,redteam_factory/Edge-TTS,微软服务条款，仅研究评测用途,edgetts,sichuan,SC-001451,zh-CN-YunxiNeural,
data/redteam/factory/edgetts/sichuan/edgetts_sichuan_zh-CN-YunxiNeural_SC-001524.wav,spoof,RT-EDGETTS-SICHUAN,clean,redteam_factory/Edge-TTS,微软服务条款，仅研究评测用途,edgetts,sichuan,SC-001524,zh-CN-YunxiNeural,
data/redteam/factory/edgetts/sichuan/edgetts_sichuan_zh-CN-XiaoxiaoNeural_SC-000317.wav,spoof,RT-EDGETTS-SICHUAN,clean,redteam_factory/Edge-TTS,微软服务条款，仅研究评测用途,edgetts,sichuan,SC-000317,zh-CN-XiaoxiaoNeural,
data/redteam/factory/edgetts/sichuan/edgetts_sichuan_zh-CN-XiaoxiaoNeural_SC-000355.wav,spoof,RT-EDGETTS-SICHUAN,clean,redteam_factory/Edge-TTS,微软服务条款，仅研究评测用途,edgetts,sichuan,SC-000355,zh-CN-XiaoxiaoNeural,
data/redteam/factory/edgetts/sichuan/edgetts_sichuan_zh-CN-XiaoxiaoNeural_SC-000383.wav,spoof,RT-EDGETTS-SICHUAN,clean,redteam_factory/Edge-TTS,微软服务条款，仅研究评测用途,edgetts,sichuan,SC-000383,zh-CN-XiaoxiaoNeural,
data/redteam/factory/edgetts/sichuan/edgetts_sichuan_zh-CN-XiaoxiaoNeural_SC-000457.wav,spoof,RT-EDGETTS-SICHUAN,clean,redteam_factory/Edge-TTS,微软服务条款，仅研究评测用途,edgetts,sichuan,SC-000457,zh-CN-XiaoxiaoNeural,
data/redteam/factory/edgetts/sichuan/edgetts_sichuan_zh-CN-XiaoxiaoNeural_SC-000509.wav,spoof,RT-EDGETTS-SICHUAN,clean,redteam_factory/Edge-TTS,微软服务条款，仅研究评测用途,edgetts,sichuan,SC-000509,zh-CN-XiaoxiaoNeural,
data/redteam/factory/edgetts/sichuan/edgetts_sichuan_zh-CN-XiaoxiaoNeural_SC-000597.wav,spoof,RT-EDGETTS-SICHUAN,clean,redteam_factory/Edge-TTS,微软服务条款，仅研究评测用途,edgetts,sichuan,SC-000597,zh-CN-XiaoxiaoNeural,
data/redteam/factory/edgetts/sichuan/edgetts_sichuan_zh-CN-XiaoxiaoNeural_SC-000659.wav,spoof,RT-EDGETTS-SICHUAN,clean,redteam_factory/Edge-TTS,微软服务条款，仅研究评测用途,edgetts,sichuan,SC-000659,zh-CN-XiaoxiaoNeural,
data/redteam/factory/edgetts/sichuan/edgetts_sichuan_zh-CN-XiaoxiaoNeural_SC-000724.wav,spoof,RT-EDGETTS-SICHUAN,clean,redteam_factory/Edge-TTS,微软服务条款，仅研究评测用途,edgetts,sichuan,SC-000724,zh-CN-XiaoxiaoNeural,
data/redteam/factory/edgetts/sichuan/edgetts_sichuan_zh-CN-XiaoxiaoNeural_SC-000792.wav,spoof,RT-EDGETTS-SICHUAN,clean,redteam_factory/Edge-TTS,微软服务条款，仅研究评测用途,edgetts,sichuan,SC-000792,zh-CN-XiaoxiaoNeural,
data/redteam/factory/edgetts/sichuan/edgetts_sichuan_zh-CN-XiaoxiaoNeural_SC-000891.wav,spoof,RT-EDGETTS-SICHUAN,clean,redteam_factory/Edge-TTS,微软服务条款，仅研究评测用途,edgetts,sichuan,SC-000891,zh-CN-XiaoxiaoNeural,
data/redteam/factory/edgetts/sichuan/edgetts_sichuan_zh-CN-XiaoxiaoNeural_SC-000963.wav,spoof,RT-EDGETTS-SICHUAN,clean,redteam_factory/Edge-TTS,微软服务条款，仅研究评测用途,edgetts,sichuan,SC-000963,zh-CN-XiaoxiaoNeural,
data/redteam/factory/edgetts/sichuan/edgetts_sichuan_zh-CN-XiaoxiaoNeural_SC-001028.wav,spoof,RT-EDGETTS-SICHUAN,clean,redteam_factory/Edge-TTS,微软服务条款，仅研究评测用途,edgetts,sichuan,SC-001028,zh-CN-XiaoxiaoNeural,
data/redteam/factory/edgetts/sichuan/edgetts_sichuan_zh-CN-XiaoxiaoNeural_SC-001126.wav,spoof,RT-EDGETTS-SICHUAN,clean,redteam_factory/Edge-TTS,微软服务条款，仅研究评测用途,edgetts,sichuan,SC-001126,zh-CN-XiaoxiaoNeural,
data/redteam/factory/edgetts/sichuan/edgetts_sichuan_zh-CN-XiaoxiaoNeural_SC-001176.wav,spoof,RT-EDGETTS-SICHUAN,clean,redteam_factory/Edge-TTS,微软服务条款，仅研究评测用途,edgetts,sichuan,SC-001176,zh-CN-XiaoxiaoNeural,
data/redteam/factory/edgetts/sichuan/edgetts_sichuan_zh-CN-XiaoxiaoNeural_SC-001247.wav,spoof,RT-EDGETTS-SICHUAN,clean,redteam_factory/Edge-TTS,微软服务条款，仅研究评测用途,edgetts,sichuan,SC-001247,zh-CN-XiaoxiaoNeural,
data/redteam/factory/edgetts/sichuan/edgetts_sichuan_zh-CN-XiaoxiaoNeural_SC-001339.wav,spoof,RT-EDGETTS-SICHUAN,clean,redteam_factory/Edge-TTS,微软服务条款，仅研究评测用途,edgetts,sichuan,SC-001339,zh-CN-XiaoxiaoNeural,
data/redteam/factory/edgetts/sichuan/edgetts_sichuan_zh-CN-XiaoxiaoNeural_SC-001393.wav,spoof,RT-EDGETTS-SICHUAN,clean,redteam_factory/Edge-TTS,微软服务条款，仅研究评测用途,edgetts,sichuan,SC-001393,zh-CN-XiaoxiaoNeural,
data/redteam/factory/edgetts/sichuan/edgetts_sichuan_zh-CN-XiaoxiaoNeural_SC-001451.wav,spoof,RT-EDGETTS-SICHUAN,clean,redteam_factory/Edge-TTS,微软服务条款，仅研究评测用途,edgetts,sichuan,SC-001451,zh-CN-XiaoxiaoNeural,
data/redteam/factory/edgetts/sichuan/edgetts_sichuan_zh-CN-XiaoxiaoNeural_SC-001524.wav,spoof,RT-EDGETTS-SICHUAN,clean,redteam_factory/Edge-TTS,微软服务条款，仅研究评测用途,edgetts,sichuan,SC-001524,zh-CN-XiaoxiaoNeural,
data/redteam/factory/edgetts/cantonese/edgetts_cantonese_zh-HK-HiuMaanNeural_SC-000460.wav,spoof,RT-EDGETTS-CANTONESE,clean,redteam_factory/Edge-TTS,微软服务条款，仅研究评测用途,edgetts,cantonese,SC-000460,zh-HK-HiuMaanNeural,
data/redteam/factory/edgetts/cantonese/edgetts_cantonese_zh-HK-HiuMaanNeural_SC-000515.wav,spoof,RT-EDGETTS-CANTONESE,clean,redteam_factory/Edge-TTS,微软服务条款，仅研究评测用途,edgetts,cantonese,SC-000515,zh-HK-HiuMaanNeural,
data/redteam/factory/edgetts/cantonese/edgetts_cantonese_zh-HK-HiuMaanNeural_SC-000588.wav,spoof,RT-EDGETTS-CANTONESE,clean,redteam_factory/Edge-TTS,微软服务条款，仅研究评测用途,edgetts,cantonese,SC-000588,zh-HK-HiuMaanNeural,
data/redteam/factory/edgetts/cantonese/edgetts_cantonese_zh-HK-HiuMaanNeural_SC-000666.wav,spoof,RT-EDGETTS-CANTONESE,clean,redteam_factory/Edge-TTS,微软服务条款，仅研究评测用途,edgetts,cantonese,SC-000666,zh-HK-HiuMaanNeural,
data/redteam/factory/edgetts/cantonese/edgetts_cantonese_zh-HK-HiuMaanNeural_SC-000714.wav,spoof,RT-EDGETTS-CANTONESE,clean,redteam_factory/Edge-TTS,微软服务条款，仅研究评测用途,edgetts,cantonese,SC-000714,zh-HK-HiuMaanNeural,
data/redteam/factory/edgetts/cantonese/edgetts_cantonese_zh-HK-HiuMaanNeural_SC-000786.wav,spoof,RT-EDGETTS-CANTONESE,clean,redteam_factory/Edge-TTS,微软服务条款，仅研究评测用途,edgetts,cantonese,SC-000786,zh-HK-HiuMaanNeural,
data/redteam/factory/edgetts/cantonese/edgetts_cantonese_zh-HK-HiuMaanNeural_SC-000842.wav,spoof,RT-EDGETTS-CANTONESE,clean,redteam_factory/Edge-TTS,微软服务条款，仅研究评测用途,edgetts,cantonese,SC-000842,zh-HK-HiuMaanNeural,
data/redteam/factory/edgetts/cantonese/edgetts_cantonese_zh-HK-HiuMaanNeural_SC-000924.wav,spoof,RT-EDGETTS-CANTONESE,clean,redteam_factory/Edge-TTS,微软服务条款，仅研究评测用途,edgetts,cantonese,SC-000924,zh-HK-HiuMaanNeural,
data/redteam/factory/edgetts/cantonese/edgetts_cantonese_zh-HK-HiuMaanNeural_SC-000988.wav,spoof,RT-EDGETTS-CANTONESE,clean,redteam_factory/Edge-TTS,微软服务条款，仅研究评测用途,edgetts,cantonese,SC-000988,zh-HK-HiuMaanNeural,
data/redteam/factory/edgetts/cantonese/edgetts_cantonese_zh-HK-HiuMaanNeural_SC-001062.wav,spoof,RT-EDGETTS-CANTONESE,clean,redteam_factory/Edge-TTS,微软服务条款，仅研究评测用途,edgetts,cantonese,SC-001062,zh-HK-HiuMaanNeural,
data/redteam/factory/edgetts/cantonese/edgetts_cantonese_zh-HK-HiuMaanNeural_SC-001109.wav,spoof,RT-EDGETTS-CANTONESE,clean,redteam_factory/Edge-TTS,微软服务条款，仅研究评测用途,edgetts,cantonese,SC-001109,zh-HK-HiuMaanNeural,
data/redteam/factory/edgetts/cantonese/edgetts_cantonese_zh-HK-HiuMaanNeural_SC-001169.wav,spoof,RT-EDGETTS-CANTONESE,clean,redteam_factory/Edge-TTS,微软服务条款，仅研究评测用途,edgetts,cantonese,SC-001169,zh-HK-HiuMaanNeural,
data/redteam/factory/edgetts/cantonese/edgetts_cantonese_zh-HK-HiuMaanNeural_SC-001223.wav,spoof,RT-EDGETTS-CANTONESE,clean,redteam_factory/Edge-TTS,微软服务条款，仅研究评测用途,edgetts,cantonese,SC-001223,zh-HK-HiuMaanNeural,
data/redteam/factory/edgetts/cantonese/edgetts_cantonese_zh-HK-HiuMaanNeural_SC-001277.wav,spoof,RT-EDGETTS-CANTONESE,clean,redteam_factory/Edge-TTS,微软服务条款，仅研究评测用途,edgetts,cantonese,SC-001277,zh-HK-HiuMaanNeural,
data/redteam/factory/edgetts/cantonese/edgetts_cantonese_zh-HK-HiuMaanNeural_SC-001331.wav,spoof,RT-EDGETTS-CANTONESE,clean,redteam_factory/Edge-TTS,微软服务条款，仅研究评测用途,edgetts,cantonese,SC-001331,zh-HK-HiuMaanNeural,
data/redteam/factory/edgetts/cantonese/edgetts_cantonese_zh-HK-HiuMaanNeural_SC-001419.wav,spoof,RT-EDGETTS-CANTONESE,clean,redteam_factory/Edge-TTS,微软服务条款，仅研究评测用途,edgetts,cantonese,SC-001419,zh-HK-HiuMaanNeural,
data/redteam/factory/edgetts/cantonese/edgetts_cantonese_zh-HK-HiuMaanNeural_SC-001471.wav,spoof,RT-EDGETTS-CANTONESE,clean,redteam_factory/Edge-TTS,微软服务条款，仅研究评测用途,edgetts,cantonese,SC-001471,zh-HK-HiuMaanNeural,
data/redteam/factory/edgetts/cantonese/edgetts_cantonese_zh-HK-HiuMaanNeural_SC-001529.wav,spoof,RT-EDGETTS-CANTONESE,clean,redteam_factory/Edge-TTS,微软服务条款，仅研究评测用途,edgetts,cantonese,SC-001529,zh-HK-HiuMaanNeural,
data/redteam/factory/edgetts/cantonese/edgetts_cantonese_zh-HK-HiuMaanNeural_SC-001588.wav,spoof,RT-EDGETTS-CANTONESE,clean,redteam_factory/Edge-TTS,微软服务条款，仅研究评测用途,edgetts,cantonese,SC-001588,zh-HK-HiuMaanNeural,
data/redteam/factory/edgetts/cantonese/edgetts_cantonese_zh-HK-WanLungNeural_SC-000460.wav,spoof,RT-EDGETTS-CANTONESE,clean,redteam_factory/Edge-TTS,微软服务条款，仅研究评测用途,edgetts,cantonese,SC-000460,zh-HK-WanLungNeural,
data/redteam/factory/edgetts/cantonese/edgetts_cantonese_zh-HK-WanLungNeural_SC-000515.wav,spoof,RT-EDGETTS-CANTONESE,clean,redteam_factory/Edge-TTS,微软服务条款，仅研究评测用途,edgetts,cantonese,SC-000515,zh-HK-WanLungNeural,
data/redteam/factory/edgetts/cantonese/edgetts_cantonese_zh-HK-WanLungNeural_SC-000588.wav,spoof,RT-EDGETTS-CANTONESE,clean,redteam_factory/Edge-TTS,微软服务条款，仅研究评测用途,edgetts,cantonese,SC-000588,zh-HK-WanLungNeural,
data/redteam/factory/edgetts/cantonese/edgetts_cantonese_zh-HK-WanLungNeural_SC-000666.wav,spoof,RT-EDGETTS-CANTONESE,clean,redteam_factory/Edge-TTS,微软服务条款，仅研究评测用途,edgetts,cantonese,SC-000666,zh-HK-WanLungNeural,
data/redteam/factory/edgetts/cantonese/edgetts_cantonese_zh-HK-WanLungNeural_SC-000714.wav,spoof,RT-EDGETTS-CANTONESE,clean,redteam_factory/Edge-TTS,微软服务条款，仅研究评测用途,edgetts,cantonese,SC-000714,zh-HK-WanLungNeural,
data/redteam/factory/edgetts/cantonese/edgetts_cantonese_zh-HK-WanLungNeural_SC-000786.wav,spoof,RT-EDGETTS-CANTONESE,clean,redteam_factory/Edge-TTS,微软服务条款，仅研究评测用途,edgetts,cantonese,SC-000786,zh-HK-WanLungNeural,
data/redteam/factory/edgetts/cantonese/edgetts_cantonese_zh-HK-WanLungNeural_SC-000842.wav,spoof,RT-EDGETTS-CANTONESE,clean,redteam_factory/Edge-TTS,微软服务条款，仅研究评测用途,edgetts,cantonese,SC-000842,zh-HK-WanLungNeural,
data/redteam/factory/edgetts/cantonese/edgetts_cantonese_zh-HK-WanLungNeural_SC-000924.wav,spoof,RT-EDGETTS-CANTONESE,clean,redteam_factory/Edge-TTS,微软服务条款，仅研究评测用途,edgetts,cantonese,SC-000924,zh-HK-WanLungNeural,
data/redteam/factory/edgetts/cantonese/edgetts_cantonese_zh-HK-WanLungNeural_SC-000988.wav,spoof,RT-EDGETTS-CANTONESE,clean,redteam_factory/Edge-TTS,微软服务条款，仅研究评测用途,edgetts,cantonese,SC-000988,zh-HK-WanLungNeural,
data/redteam/factory/edgetts/cantonese/edgetts_cantonese_zh-HK-WanLungNeural_SC-001062.wav,spoof,RT-EDGETTS-CANTONESE,clean,redteam_factory/Edge-TTS,微软服务条款，仅研究评测用途,edgetts,cantonese,SC-001062,zh-HK-WanLungNeural,
data/redteam/factory/edgetts/cantonese/edgetts_cantonese_zh-HK-WanLungNeural_SC-001109.wav,spoof,RT-EDGETTS-CANTONESE,clean,redteam_factory/Edge-TTS,微软服务条款，仅研究评测用途,edgetts,cantonese,SC-001109,zh-HK-WanLungNeural,
data/redteam/factory/edgetts/cantonese/edgetts_cantonese_zh-HK-WanLungNeural_SC-001169.wav,spoof,RT-EDGETTS-CANTONESE,clean,redteam_factory/Edge-TTS,微软服务条款，仅研究评测用途,edgetts,cantonese,SC-001169,zh-HK-WanLungNeural,
data/redteam/factory/edgetts/cantonese/edgetts_cantonese_zh-HK-WanLungNeural_SC-001223.wav,spoof,RT-EDGETTS-CANTONESE,clean,redteam_factory/Edge-TTS,微软服务条款，仅研究评测用途,edgetts,cantonese,SC-001223,zh-HK-WanLungNeural,
data/redteam/factory/edgetts/cantonese/edgetts_cantonese_zh-HK-WanLungNeural_SC-001277.wav,spoof,RT-EDGETTS-CANTONESE,clean,redteam_factory/Edge-TTS,微软服务条款，仅研究评测用途,edgetts,cantonese,SC-001277,zh-HK-WanLungNeural,
data/redteam/factory/edgetts/cantonese/edgetts_cantonese_zh-HK-WanLungNeural_SC-001331.wav,spoof,RT-EDGETTS-CANTONESE,clean,redteam_factory/Edge-TTS,微软服务条款，仅研究评测用途,edgetts,cantonese,SC-001331,zh-HK-WanLungNeural,
data/redteam/factory/edgetts/cantonese/edgetts_cantonese_zh-HK-WanLungNeural_SC-001419.wav,spoof,RT-EDGETTS-CANTONESE,clean,redteam_factory/Edge-TTS,微软服务条款，仅研究评测用途,edgetts,cantonese,SC-001419,zh-HK-WanLungNeural,
data/redteam/factory/edgetts/cantonese/edgetts_cantonese_zh-HK-WanLungNeural_SC-001471.wav,spoof,RT-EDGETTS-CANTONESE,clean,redteam_factory/Edge-TTS,微软服务条款，仅研究评测用途,edgetts,cantonese,SC-001471,zh-HK-WanLungNeural,
data/redteam/factory/edgetts/cantonese/edgetts_cantonese_zh-HK-WanLungNeural_SC-001529.wav,spoof,RT-EDGETTS-CANTONESE,clean,redteam_factory/Edge-TTS,微软服务条款，仅研究评测用途,edgetts,cantonese,SC-001529,zh-HK-WanLungNeural,
data/redteam/factory/edgetts/cantonese/edgetts_cantonese_zh-HK-WanLungNeural_SC-001588.wav,spoof,RT-EDGETTS-CANTONESE,clean,redteam_factory/Edge-TTS,微软服务条款，仅研究评测用途,edgetts,cantonese,SC-001588,zh-HK-WanLungNeural,
data/redteam/factory/edgetts/dongbei/edgetts_dongbei_zh-CN-liaoning-XiaobeiNeural_SC-000414.wav,spoof,RT-EDGETTS-DONGBEI,clean,redteam_factory/Edge-TTS,微软服务条款，仅研究评测用途,edgetts,dongbei,SC-000414,zh-CN-liaoning-XiaobeiNeural,
data/redteam/factory/edgetts/dongbei/edgetts_dongbei_zh-CN-liaoning-XiaobeiNeural_SC-000451.wav,spoof,RT-EDGETTS-DONGBEI,clean,redteam_factory/Edge-TTS,微软服务条款，仅研究评测用途,edgetts,dongbei,SC-000451,zh-CN-liaoning-XiaobeiNeural,
data/redteam/factory/edgetts/dongbei/edgetts_dongbei_zh-CN-liaoning-XiaobeiNeural_SC-000541.wav,spoof,RT-EDGETTS-DONGBEI,clean,redteam_factory/Edge-TTS,微软服务条款，仅研究评测用途,edgetts,dongbei,SC-000541,zh-CN-liaoning-XiaobeiNeural,
data/redteam/factory/edgetts/dongbei/edgetts_dongbei_zh-CN-liaoning-XiaobeiNeural_SC-000635.wav,spoof,RT-EDGETTS-DONGBEI,clean,redteam_factory/Edge-TTS,微软服务条款，仅研究评测用途,edgetts,dongbei,SC-000635,zh-CN-liaoning-XiaobeiNeural,
data/redteam/factory/edgetts/dongbei/edgetts_dongbei_zh-CN-liaoning-XiaobeiNeural_SC-000698.wav,spoof,RT-EDGETTS-DONGBEI,clean,redteam_factory/Edge-TTS,微软服务条款，仅研究评测用途,edgetts,dongbei,SC-000698,zh-CN-liaoning-XiaobeiNeural,
data/redteam/factory/edgetts/dongbei/edgetts_dongbei_zh-CN-liaoning-XiaobeiNeural_SC-000764.wav,spoof,RT-EDGETTS-DONGBEI,clean,redteam_factory/Edge-TTS,微软服务条款，仅研究评测用途,edgetts,dongbei,SC-000764,zh-CN-liaoning-XiaobeiNeural,
data/redteam/factory/edgetts/dongbei/edgetts_dongbei_zh-CN-liaoning-XiaobeiNeural_SC-000853.wav,spoof,RT-EDGETTS-DONGBEI,clean,redteam_factory/Edge-TTS,微软服务条款，仅研究评测用途,edgetts,dongbei,SC-000853,zh-CN-liaoning-XiaobeiNeural,
data/redteam/factory/edgetts/dongbei/edgetts_dongbei_zh-CN-liaoning-XiaobeiNeural_SC-000931.wav,spoof,RT-EDGETTS-DONGBEI,clean,redteam_factory/Edge-TTS,微软服务条款，仅研究评测用途,edgetts,dongbei,SC-000931,zh-CN-liaoning-XiaobeiNeural,
data/redteam/factory/edgetts/dongbei/edgetts_dongbei_zh-CN-liaoning-XiaobeiNeural_SC-001047.wav,spoof,RT-EDGETTS-DONGBEI,clean,redteam_factory/Edge-TTS,微软服务条款，仅研究评测用途,edgetts,dongbei,SC-001047,zh-CN-liaoning-XiaobeiNeural,
data/redteam/factory/edgetts/dongbei/edgetts_dongbei_zh-CN-liaoning-XiaobeiNeural_SC-001111.wav,spoof,RT-EDGETTS-DONGBEI,clean,redteam_factory/Edge-TTS,微软服务条款，仅研究评测用途,edgetts,dongbei,SC-001111,zh-CN-liaoning-XiaobeiNeural,
data/redteam/factory/edgetts/dongbei/edgetts_dongbei_zh-CN-liaoning-XiaobeiNeural_SC-001209.wav,spoof,RT-EDGETTS-DONGBEI,clean,redteam_factory/Edge-TTS,微软服务条款，仅研究评测用途,edgetts,dongbei,SC-001209,zh-CN-liaoning-XiaobeiNeural,
data/redteam/factory/edgetts/dongbei/edgetts_dongbei_zh-CN-liaoning-XiaobeiNeural_SC-001241.wav,spoof,RT-EDGETTS-DONGBEI,clean,redteam_factory/Edge-TTS,微软服务条款，仅研究评测用途,edgetts,dongbei,SC-001241,zh-CN-liaoning-XiaobeiNeural,
data/redteam/factory/edgetts/dongbei/edgetts_dongbei_zh-CN-liaoning-XiaobeiNeural_SC-001335.wav,spoof,RT-EDGETTS-DONGBEI,clean,redteam_factory/Edge-TTS,微软服务条款，仅研究评测用途,edgetts,dongbei,SC-001335,zh-CN-liaoning-XiaobeiNeural,
data/redteam/factory/edgetts/dongbei/edgetts_dongbei_zh-CN-liaoning-XiaobeiNeural_SC-001389.wav,spoof,RT-EDGETTS-DONGBEI,clean,redteam_factory/Edge-TTS,微软服务条款，仅研究评测用途,edgetts,dongbei,SC-001389,zh-CN-liaoning-XiaobeiNeural,
data/redteam/factory/edgetts/dongbei/edgetts_dongbei_zh-CN-liaoning-XiaobeiNeural_SC-001450.wav,spoof,RT-EDGETTS-DONGBEI,clean,redteam_factory/Edge-TTS,微软服务条款，仅研究评测用途,edgetts,dongbei,SC-001450,zh-CN-liaoning-XiaobeiNeural,
data/redteam/factory/edgetts/dongbei/edgetts_dongbei_zh-CN-liaoning-XiaobeiNeural_SC-001527.wav,spoof,RT-EDGETTS-DONGBEI,clean,redteam_factory/Edge-TTS,微软服务条款，仅研究评测用途,edgetts,dongbei,SC-001527,zh-CN-liaoning-XiaobeiNeural,
data/redteam/factory/edgetts/dongbei/edgetts_dongbei_zh-CN-liaoning-XiaobeiNeural_SC-001613.wav,spoof,RT-EDGETTS-DONGBEI,clean,redteam_factory/Edge-TTS,微软服务条款，仅研究评测用途,edgetts,dongbei,SC-001613,zh-CN-liaoning-XiaobeiNeural,
data/redteam/factory/edgetts/dongbei/edgetts_dongbei_zh-CN-liaoning-XiaobeiNeural_SC-001662.wav,spoof,RT-EDGETTS-DONGBEI,clean,redteam_factory/Edge-TTS,微软服务条款，仅研究评测用途,edgetts,dongbei,SC-001662,zh-CN-liaoning-XiaobeiNeural,
data/redteam/factory/edgetts/dongbei/edgetts_dongbei_zh-CN-liaoning-XiaobeiNeural_SC-001686.wav,spoof,RT-EDGETTS-DONGBEI,clean,redteam_factory/Edge-TTS,微软服务条款，仅研究评测用途,edgetts,dongbei,SC-001686,zh-CN-liaoning-XiaobeiNeural,
data/redteam/factory/edgetts/henan/edgetts_henan_zh-CN-shaanxi-XiaoniNeural_SC-000425.wav,spoof,RT-EDGETTS-HENAN,clean,redteam_factory/Edge-TTS,微软服务条款，仅研究评测用途,edgetts,henan,SC-000425,zh-CN-shaanxi-XiaoniNeural,
data/redteam/factory/edgetts/henan/edgetts_henan_zh-CN-shaanxi-XiaoniNeural_SC-000499.wav,spoof,RT-EDGETTS-HENAN,clean,redteam_factory/Edge-TTS,微软服务条款，仅研究评测用途,edgetts,henan,SC-000499,zh-CN-shaanxi-XiaoniNeural,
data/redteam/factory/edgetts/henan/edgetts_henan_zh-CN-shaanxi-XiaoniNeural_SC-000567.wav,spoof,RT-EDGETTS-HENAN,clean,redteam_factory/Edge-TTS,微软服务条款，仅研究评测用途,edgetts,henan,SC-000567,zh-CN-shaanxi-XiaoniNeural,
data/redteam/factory/edgetts/henan/edgetts_henan_zh-CN-shaanxi-XiaoniNeural_SC-000613.wav,spoof,RT-EDGETTS-HENAN,clean,redteam_factory/Edge-TTS,微软服务条款，仅研究评测用途,edgetts,henan,SC-000613,zh-CN-shaanxi-XiaoniNeural,
data/redteam/factory/edgetts/henan/edgetts_henan_zh-CN-shaanxi-XiaoniNeural_SC-000671.wav,spoof,RT-EDGETTS-HENAN,clean,redteam_factory/Edge-TTS,微软服务条款，仅研究评测用途,edgetts,henan,SC-000671,zh-CN-shaanxi-XiaoniNeural,
data/redteam/factory/edgetts/henan/edgetts_henan_zh-CN-shaanxi-XiaoniNeural_SC-000737.wav,spoof,RT-EDGETTS-HENAN,clean,redteam_factory/Edge-TTS,微软服务条款，仅研究评测用途,edgetts,henan,SC-000737,zh-CN-shaanxi-XiaoniNeural,
data/redteam/factory/edgetts/henan/edgetts_henan_zh-CN-shaanxi-XiaoniNeural_SC-000826.wav,spoof,RT-EDGETTS-HENAN,clean,redteam_factory/Edge-TTS,微软服务条款，仅研究评测用途,edgetts,henan,SC-000826,zh-CN-shaanxi-XiaoniNeural,
data/redteam/factory/edgetts/henan/edgetts_henan_zh-CN-shaanxi-XiaoniNeural_SC-000898.wav,spoof,RT-EDGETTS-HENAN,clean,redteam_factory/Edge-TTS,微软服务条款，仅研究评测用途,edgetts,henan,SC-000898,zh-CN-shaanxi-XiaoniNeural,
data/redteam/factory/edgetts/henan/edgetts_henan_zh-CN-shaanxi-XiaoniNeural_SC-000932.wav,spoof,RT-EDGETTS-HENAN,clean,redteam_factory/Edge-TTS,微软服务条款，仅研究评测用途,edgetts,henan,SC-000932,zh-CN-shaanxi-XiaoniNeural,
data/redteam/factory/edgetts/henan/edgetts_henan_zh-CN-shaanxi-XiaoniNeural_SC-000995.wav,spoof,RT-EDGETTS-HENAN,clean,redteam_factory/Edge-TTS,微软服务条款，仅研究评测用途,edgetts,henan,SC-000995,zh-CN-shaanxi-XiaoniNeural,
data/redteam/factory/edgetts/henan/edgetts_henan_zh-CN-shaanxi-XiaoniNeural_SC-001081.wav,spoof,RT-EDGETTS-HENAN,clean,redteam_factory/Edge-TTS,微软服务条款，仅研究评测用途,edgetts,henan,SC-001081,zh-CN-shaanxi-XiaoniNeural,
data/redteam/factory/edgetts/henan/edgetts_henan_zh-CN-shaanxi-XiaoniNeural_SC-001165.wav,spoof,RT-EDGETTS-HENAN,clean,redteam_factory/Edge-TTS,微软服务条款，仅研究评测用途,edgetts,henan,SC-001165,zh-CN-shaanxi-XiaoniNeural,
data/redteam/factory/edgetts/henan/edgetts_henan_zh-CN-shaanxi-XiaoniNeural_SC-001219.wav,spoof,RT-EDGETTS-HENAN,clean,redteam_factory/Edge-TTS,微软服务条款，仅研究评测用途,edgetts,henan,SC-001219,zh-CN-shaanxi-XiaoniNeural,
data/redteam/factory/edgetts/henan/edgetts_henan_zh-CN-shaanxi-XiaoniNeural_SC-001290.wav,spoof,RT-EDGETTS-HENAN,clean,redteam_factory/Edge-TTS,微软服务条款，仅研究评测用途,edgetts,henan,SC-001290,zh-CN-shaanxi-XiaoniNeural,
data/redteam/factory/edgetts/henan/edgetts_henan_zh-CN-shaanxi-XiaoniNeural_SC-001345.wav,spoof,RT-EDGETTS-HENAN,clean,redteam_factory/Edge-TTS,微软服务条款，仅研究评测用途,edgetts,henan,SC-001345,zh-CN-shaanxi-XiaoniNeural,
data/redteam/factory/edgetts/henan/edgetts_henan_zh-CN-shaanxi-XiaoniNeural_SC-001399.wav,spoof,RT-EDGETTS-HENAN,clean,redteam_factory/Edge-TTS,微软服务条款，仅研究评测用途,edgetts,henan,SC-001399,zh-CN-shaanxi-XiaoniNeural,
data/redteam/factory/edgetts/henan/edgetts_henan_zh-CN-shaanxi-XiaoniNeural_SC-001485.wav,spoof,RT-EDGETTS-HENAN,clean,redteam_factory/Edge-TTS,微软服务条款，仅研究评测用途,edgetts,henan,SC-001485,zh-CN-shaanxi-XiaoniNeural,
data/redteam/factory/edgetts/henan/edgetts_henan_zh-CN-shaanxi-XiaoniNeural_SC-001536.wav,spoof,RT-EDGETTS-HENAN,clean,redteam_factory/Edge-TTS,微软服务条款，仅研究评测用途,edgetts,henan,SC-001536,zh-CN-shaanxi-XiaoniNeural,
data/redteam/factory/edgetts/henan/edgetts_henan_zh-CN-shaanxi-XiaoniNeural_SC-001599.wav,spoof,RT-EDGETTS-HENAN,clean,redteam_factory/Edge-TTS,微软服务条款，仅研究评测用途,edgetts,henan,SC-001599,zh-CN-shaanxi-XiaoniNeural,
data/redteam/factory/edgetts/mandarin/edgetts_mandarin_zh-CN-YunxiNeural_SC-000132.wav,spoof,RT-EDGETTS-MANDARIN,clean,redteam_factory/Edge-TTS,微软服务条款，仅研究评测用途,edgetts,mandarin,SC-000132,zh-CN-YunxiNeural,
data/redteam/factory/edgetts/mandarin/edgetts_mandarin_zh-CN-YunxiNeural_SC-000152.wav,spoof,RT-EDGETTS-MANDARIN,clean,redteam_factory/Edge-TTS,微软服务条款，仅研究评测用途,edgetts,mandarin,SC-000152,zh-CN-YunxiNeural,
data/redteam/factory/edgetts/mandarin/edgetts_mandarin_zh-CN-YunxiNeural_SC-000169.wav,spoof,RT-EDGETTS-MANDARIN,clean,redteam_factory/Edge-TTS,微软服务条款，仅研究评测用途,edgetts,mandarin,SC-000169,zh-CN-YunxiNeural,
data/redteam/factory/edgetts/mandarin/edgetts_mandarin_zh-CN-YunxiNeural_SC-000184.wav,spoof,RT-EDGETTS-MANDARIN,clean,redteam_factory/Edge-TTS,微软服务条款，仅研究评测用途,edgetts,mandarin,SC-000184,zh-CN-YunxiNeural,
data/redteam/factory/edgetts/mandarin/edgetts_mandarin_zh-CN-YunxiNeural_SC-000202.wav,spoof,RT-EDGETTS-MANDARIN,clean,redteam_factory/Edge-TTS,微软服务条款，仅研究评测用途,edgetts,mandarin,SC-000202,zh-CN-YunxiNeural,
data/redteam/factory/edgetts/mandarin/edgetts_mandarin_zh-CN-YunxiNeural_SC-000224.wav,spoof,RT-EDGETTS-MANDARIN,clean,redteam_factory/Edge-TTS,微软服务条款，仅研究评测用途,edgetts,mandarin,SC-000224,zh-CN-YunxiNeural,
data/redteam/factory/edgetts/mandarin/edgetts_mandarin_zh-CN-YunxiNeural_SC-000242.wav,spoof,RT-EDGETTS-MANDARIN,clean,redteam_factory/Edge-TTS,微软服务条款，仅研究评测用途,edgetts,mandarin,SC-000242,zh-CN-YunxiNeural,
data/redteam/factory/edgetts/mandarin/edgetts_mandarin_zh-CN-YunxiNeural_SC-000272.wav,spoof,RT-EDGETTS-MANDARIN,clean,redteam_factory/Edge-TTS,微软服务条款，仅研究评测用途,edgetts,mandarin,SC-000272,zh-CN-YunxiNeural,
data/redteam/factory/edgetts/mandarin/edgetts_mandarin_zh-CN-YunxiNeural_SC-000292.wav,spoof,RT-EDGETTS-MANDARIN,clean,redteam_factory/Edge-TTS,微软服务条款，仅研究评测用途,edgetts,mandarin,SC-000292,zh-CN-YunxiNeural,
data/redteam/factory/edgetts/mandarin/edgetts_mandarin_zh-CN-YunxiNeural_SC-000313.wav,spoof,RT-EDGETTS-MANDARIN,clean,redteam_factory/Edge-TTS,微软服务条款，仅研究评测用途,edgetts,mandarin,SC-000313,zh-CN-YunxiNeural,
data/redteam/factory/edgetts/mandarin/edgetts_mandarin_zh-CN-YunxiNeural_SC-000335.wav,spoof,RT-EDGETTS-MANDARIN,clean,redteam_factory/Edge-TTS,微软服务条款，仅研究评测用途,edgetts,mandarin,SC-000335,zh-CN-YunxiNeural,
data/redteam/factory/edgetts/mandarin/edgetts_mandarin_zh-CN-YunxiNeural_SC-000356.wav,spoof,RT-EDGETTS-MANDARIN,clean,redteam_factory/Edge-TTS,微软服务条款，仅研究评测用途,edgetts,mandarin,SC-000356,zh-CN-YunxiNeural,
data/redteam/factory/edgetts/mandarin/edgetts_mandarin_zh-CN-YunxiNeural_SC-000374.wav,spoof,RT-EDGETTS-MANDARIN,clean,redteam_factory/Edge-TTS,微软服务条款，仅研究评测用途,edgetts,mandarin,SC-000374,zh-CN-YunxiNeural,
data/redteam/factory/edgetts/mandarin/edgetts_mandarin_zh-CN-YunxiNeural_SC-000431.wav,spoof,RT-EDGETTS-MANDARIN,clean,redteam_factory/Edge-TTS,微软服务条款，仅研究评测用途,edgetts,mandarin,SC-000431,zh-CN-YunxiNeural,
data/redteam/factory/edgetts/mandarin/edgetts_mandarin_zh-CN-YunxiNeural_SC-000452.wav,spoof,RT-EDGETTS-MANDARIN,clean,redteam_factory/Edge-TTS,微软服务条款，仅研究评测用途,edgetts,mandarin,SC-000452,zh-CN-YunxiNeural,
data/redteam/factory/edgetts/mandarin/edgetts_mandarin_zh-CN-YunxiNeural_SC-000470.wav,spoof,RT-EDGETTS-MANDARIN,clean,redteam_factory/Edge-TTS,微软服务条款，仅研究评测用途,edgetts,mandarin,SC-000470,zh-CN-YunxiNeural,
data/redteam/factory/edgetts/mandarin/edgetts_mandarin_zh-CN-YunxiNeural_SC-000485.wav,spoof,RT-EDGETTS-MANDARIN,clean,redteam_factory/Edge-TTS,微软服务条款，仅研究评测用途,edgetts,mandarin,SC-000485,zh-CN-YunxiNeural,
data/redteam/factory/edgetts/mandarin/edgetts_mandarin_zh-CN-YunxiNeural_SC-000506.wav,spoof,RT-EDGETTS-MANDARIN,clean,redteam_factory/Edge-TTS,微软服务条款，仅研究评测用途,edgetts,mandarin,SC-000506,zh-CN-YunxiNeural,
data/redteam/factory/edgetts/mandarin/edgetts_mandarin_zh-CN-XiaoxiaoNeural_SC-000132.wav,spoof,RT-EDGETTS-MANDARIN,clean,redteam_factory/Edge-TTS,微软服务条款，仅研究评测用途,edgetts,mandarin,SC-000132,zh-CN-XiaoxiaoNeural,
data/redteam/factory/edgetts/mandarin/edgetts_mandarin_zh-CN-XiaoxiaoNeural_SC-000152.wav,spoof,RT-EDGETTS-MANDARIN,clean,redteam_factory/Edge-TTS,微软服务条款，仅研究评测用途,edgetts,mandarin,SC-000152,zh-CN-XiaoxiaoNeural,
data/redteam/factory/edgetts/mandarin/edgetts_mandarin_zh-CN-XiaoxiaoNeural_SC-000169.wav,spoof,RT-EDGETTS-MANDARIN,clean,redteam_factory/Edge-TTS,微软服务条款，仅研究评测用途,edgetts,mandarin,SC-000169,zh-CN-XiaoxiaoNeural,
data/redteam/factory/edgetts/mandarin/edgetts_mandarin_zh-CN-XiaoxiaoNeural_SC-000184.wav,spoof,RT-EDGETTS-MANDARIN,clean,redteam_factory/Edge-TTS,微软服务条款，仅研究评测用途,edgetts,mandarin,SC-000184,zh-CN-XiaoxiaoNeural,
data/redteam/factory/edgetts/mandarin/edgetts_mandarin_zh-CN-XiaoxiaoNeural_SC-000202.wav,spoof,RT-EDGETTS-MANDARIN,clean,redteam_factory/Edge-TTS,微软服务条款，仅研究评测用途,edgetts,mandarin,SC-000202,zh-CN-XiaoxiaoNeural,
data/redteam/factory/edgetts/mandarin/edgetts_mandarin_zh-CN-XiaoxiaoNeural_SC-000224.wav,spoof,RT-EDGETTS-MANDARIN,clean,redteam_factory/Edge-TTS,微软服务条款，仅研究评测用途,edgetts,mandarin,SC-000224,zh-CN-XiaoxiaoNeural,
data/redteam/factory/edgetts/mandarin/edgetts_mandarin_zh-CN-XiaoxiaoNeural_SC-000242.wav,spoof,RT-EDGETTS-MANDARIN,clean,redteam_factory/Edge-TTS,微软服务条款，仅研究评测用途,edgetts,mandarin,SC-000242,zh-CN-XiaoxiaoNeural,
data/redteam/factory/edgetts/mandarin/edgetts_mandarin_zh-CN-XiaoxiaoNeural_SC-000272.wav,spoof,RT-EDGETTS-MANDARIN,clean,redteam_factory/Edge-TTS,微软服务条款，仅研究评测用途,edgetts,mandarin,SC-000272,zh-CN-XiaoxiaoNeural,
data/redteam/factory/edgetts/mandarin/edgetts_mandarin_zh-CN-XiaoxiaoNeural_SC-000292.wav,spoof,RT-EDGETTS-MANDARIN,clean,redteam_factory/Edge-TTS,微软服务条款，仅研究评测用途,edgetts,mandarin,SC-000292,zh-CN-XiaoxiaoNeural,
data/redteam/factory/edgetts/mandarin/edgetts_mandarin_zh-CN-XiaoxiaoNeural_SC-000313.wav,spoof,RT-EDGETTS-MANDARIN,clean,redteam_factory/Edge-TTS,微软服务条款，仅研究评测用途,edgetts,mandarin,SC-000313,zh-CN-XiaoxiaoNeural,
data/redteam/factory/edgetts/mandarin/edgetts_mandarin_zh-CN-XiaoxiaoNeural_SC-000335.wav,spoof,RT-EDGETTS-MANDARIN,clean,redteam_factory/Edge-TTS,微软服务条款，仅研究评测用途,edgetts,mandarin,SC-000335,zh-CN-XiaoxiaoNeural,
data/redteam/factory/edgetts/mandarin/edgetts_mandarin_zh-CN-XiaoxiaoNeural_SC-000356.wav,spoof,RT-EDGETTS-MANDARIN,clean,redteam_factory/Edge-TTS,微软服务条款，仅研究评测用途,edgetts,mandarin,SC-000356,zh-CN-XiaoxiaoNeural,
data/redteam/factory/edgetts/mandarin/edgetts_mandarin_zh-CN-XiaoxiaoNeural_SC-000374.wav,spoof,RT-EDGETTS-MANDARIN,clean,redteam_factory/Edge-TTS,微软服务条款，仅研究评测用途,edgetts,mandarin,SC-000374,zh-CN-XiaoxiaoNeural,
data/redteam/factory/edgetts/mandarin/edgetts_mandarin_zh-CN-XiaoxiaoNeural_SC-000397.wav,spoof,RT-EDGETTS-MANDARIN,clean,redteam_factory/Edge-TTS,微软服务条款，仅研究评测用途,edgetts,mandarin,SC-000397,zh-CN-XiaoxiaoNeural,
data/redteam/factory/edgetts/mandarin/edgetts_mandarin_zh-CN-XiaoxiaoNeural_SC-000431.wav,spoof,RT-EDGETTS-MANDARIN,clean,redteam_factory/Edge-TTS,微软服务条款，仅研究评测用途,edgetts,mandarin,SC-000431,zh-CN-XiaoxiaoNeural,
data/redteam/factory/edgetts/mandarin/edgetts_mandarin_zh-CN-XiaoxiaoNeural_SC-000452.wav,spoof,RT-EDGETTS-MANDARIN,clean,redteam_factory/Edge-TTS,微软服务条款，仅研究评测用途,edgetts,mandarin,SC-000452,zh-CN-XiaoxiaoNeural,
data/redteam/factory/edgetts/mandarin/edgetts_mandarin_zh-CN-XiaoxiaoNeural_SC-000470.wav,spoof,RT-EDGETTS-MANDARIN,clean,redteam_factory/Edge-TTS,微软服务条款，仅研究评测用途,edgetts,mandarin,SC-000470,zh-CN-XiaoxiaoNeural,
data/redteam/factory/edgetts/mandarin/edgetts_mandarin_zh-CN-XiaoxiaoNeural_SC-000485.wav,spoof,RT-EDGETTS-MANDARIN,clean,redteam_factory/Edge-TTS,微软服务条款，仅研究评测用途,edgetts,mandarin,SC-000485,zh-CN-XiaoxiaoNeural,
data/redteam/factory/edgetts/mandarin/edgetts_mandarin_zh-CN-XiaoxiaoNeural_SC-000506.wav,spoof,RT-EDGETTS-MANDARIN,clean,redteam_factory/Edge-TTS,微软服务条款，仅研究评测用途,edgetts,mandarin,SC-000506,zh-CN-XiaoxiaoNeural,
data/redteam/factory/edgetts/mandarin/edgetts_mandarin_zh-CN-YunjianNeural_SC-000132.wav,spoof,RT-EDGETTS-MANDARIN,clean,redteam_factory/Edge-TTS,微软服务条款，仅研究评测用途,edgetts,mandarin,SC-000132,zh-CN-YunjianNeural,
data/redteam/factory/edgetts/mandarin/edgetts_mandarin_zh-CN-YunjianNeural_SC-000152.wav,spoof,RT-EDGETTS-MANDARIN,clean,redteam_factory/Edge-TTS,微软服务条款，仅研究评测用途,edgetts,mandarin,SC-000152,zh-CN-YunjianNeural,
data/redteam/factory/edgetts/mandarin/edgetts_mandarin_zh-CN-YunjianNeural_SC-000169.wav,spoof,RT-EDGETTS-MANDARIN,clean,redteam_factory/Edge-TTS,微软服务条款，仅研究评测用途,edgetts,mandarin,SC-000169,zh-CN-YunjianNeural,
data/redteam/factory/edgetts/mandarin/edgetts_mandarin_zh-CN-YunjianNeural_SC-000184.wav,spoof,RT-EDGETTS-MANDARIN,clean,redteam_factory/Edge-TTS,微软服务条款，仅研究评测用途,edgetts,mandarin,SC-000184,zh-CN-YunjianNeural,
data/redteam/factory/edgetts/mandarin/edgetts_mandarin_zh-CN-YunjianNeural_SC-000202.wav,spoof,RT-EDGETTS-MANDARIN,clean,redteam_factory/Edge-TTS,微软服务条款，仅研究评测用途,edgetts,mandarin,SC-000202,zh-CN-YunjianNeural,
data/redteam/factory/edgetts/mandarin/edgetts_mandarin_zh-CN-YunjianNeural_SC-000224.wav,spoof,RT-EDGETTS-MANDARIN,clean,redteam_factory/Edge-TTS,微软服务条款，仅研究评测用途,edgetts,mandarin,SC-000224,zh-CN-YunjianNeural,
data/redteam/factory/edgetts/mandarin/edgetts_mandarin_zh-CN-YunjianNeural_SC-000242.wav,spoof,RT-EDGETTS-MANDARIN,clean,redteam_factory/Edge-TTS,微软服务条款，仅研究评测用途,edgetts,mandarin,SC-000242,zh-CN-YunjianNeural,
data/redteam/factory/edgetts/mandarin/edgetts_mandarin_zh-CN-YunjianNeural_SC-000272.wav,spoof,RT-EDGETTS-MANDARIN,clean,redteam_factory/Edge-TTS,微软服务条款，仅研究评测用途,edgetts,mandarin,SC-000272,zh-CN-YunjianNeural,
data/redteam/factory/edgetts/mandarin/edgetts_mandarin_zh-CN-YunjianNeural_SC-000292.wav,spoof,RT-EDGETTS-MANDARIN,clean,redteam_factory/Edge-TTS,微软服务条款，仅研究评测用途,edgetts,mandarin,SC-000292,zh-CN-YunjianNeural,
data/redteam/factory/edgetts/mandarin/edgetts_mandarin_zh-CN-YunjianNeural_SC-000313.wav,spoof,RT-EDGETTS-MANDARIN,clean,redteam_factory/Edge-TTS,微软服务条款，仅研究评测用途,edgetts,mandarin,SC-000313,zh-CN-YunjianNeural,
data/redteam/factory/edgetts/mandarin/edgetts_mandarin_zh-CN-YunjianNeural_SC-000335.wav,spoof,RT-EDGETTS-MANDARIN,clean,redteam_factory/Edge-TTS,微软服务条款，仅研究评测用途,edgetts,mandarin,SC-000335,zh-CN-YunjianNeural,
data/redteam/factory/edgetts/mandarin/edgetts_mandarin_zh-CN-YunjianNeural_SC-000356.wav,spoof,RT-EDGETTS-MANDARIN,clean,redteam_factory/Edge-TTS,微软服务条款，仅研究评测用途,edgetts,mandarin,SC-000356,zh-CN-YunjianNeural,
data/redteam/factory/edgetts/mandarin/edgetts_mandarin_zh-CN-YunjianNeural_SC-000374.wav,spoof,RT-EDGETTS-MANDARIN,clean,redteam_factory/Edge-TTS,微软服务条款，仅研究评测用途,edgetts,mandarin,SC-000374,zh-CN-YunjianNeural,
data/redteam/factory/edgetts/mandarin/edgetts_mandarin_zh-CN-YunjianNeural_SC-000397.wav,spoof,RT-EDGETTS-MANDARIN,clean,redteam_factory/Edge-TTS,微软服务条款，仅研究评测用途,edgetts,mandarin,SC-000397,zh-CN-YunjianNeural,
data/redteam/factory/edgetts/mandarin/edgetts_mandarin_zh-CN-YunjianNeural_SC-000431.wav,spoof,RT-EDGETTS-MANDARIN,clean,redteam_factory/Edge-TTS,微软服务条款，仅研究评测用途,edgetts,mandarin,SC-000431,zh-CN-YunjianNeural,
data/redteam/factory/edgetts/mandarin/edgetts_mandarin_zh-CN-YunjianNeural_SC-000452.wav,spoof,RT-EDGETTS-MANDARIN,clean,redteam_factory/Edge-TTS,微软服务条款，仅研究评测用途,edgetts,mandarin,SC-000452,zh-CN-YunjianNeural,
data/redteam/factory/edgetts/mandarin/edgetts_mandarin_zh-CN-YunjianNeural_SC-000470.wav,spoof,RT-EDGETTS-MANDARIN,clean,redteam_factory/Edge-TTS,微软服务条款，仅研究评测用途,edgetts,mandarin,SC-000470,zh-CN-YunjianNeural,
data/redteam/factory/edgetts/mandarin/edgetts_mandarin_zh-CN-YunjianNeural_SC-000485.wav,spoof,RT-EDGETTS-MANDARIN,clean,redteam_factory/Edge-TTS,微软服务条款，仅研究评测用途,edgetts,mandarin,SC-000485,zh-CN-YunjianNeural,
data/redteam/factory/edgetts/mandarin/edgetts_mandarin_zh-CN-YunjianNeural_SC-000506.wav,spoof,RT-EDGETTS-MANDARIN,clean,redteam_factory/Edge-TTS,微软服务条款，仅研究评测用途,edgetts,mandarin,SC-000506,zh-CN-YunjianNeural,
data/redteam/factory/edgetts/mandarin/edgetts_mandarin_zh-CN-YunxiNeural_SC-000397.wav,spoof,RT-EDGETTS-MANDARIN,clean,redteam_factory/Edge-TTS,微软服务条款，仅研究评测用途,edgetts,mandarin,SC-000397,zh-CN-YunxiNeural,
data/redteam/factory/edgetts/mandarin/edgetts_mandarin_zh-CN-YunyangNeural_SC-000132.wav,spoof,RT-EDGETTS-MANDARIN,clean,redteam_factory/Edge-TTS,微软服务条款，仅研究评测用途,edgetts,mandarin,SC-000132,zh-CN-YunyangNeural,
data/redteam/factory/edgetts/mandarin/edgetts_mandarin_zh-CN-YunyangNeural_SC-000152.wav,spoof,RT-EDGETTS-MANDARIN,clean,redteam_factory/Edge-TTS,微软服务条款，仅研究评测用途,edgetts,mandarin,SC-000152,zh-CN-YunyangNeural,
data/redteam/factory/edgetts/mandarin/edgetts_mandarin_zh-CN-YunyangNeural_SC-000169.wav,spoof,RT-EDGETTS-MANDARIN,clean,redteam_factory/Edge-TTS,微软服务条款，仅研究评测用途,edgetts,mandarin,SC-000169,zh-CN-YunyangNeural,
data/redteam/factory/edgetts/mandarin/edgetts_mandarin_zh-CN-YunyangNeural_SC-000184.wav,spoof,RT-EDGETTS-MANDARIN,clean,redteam_factory/Edge-TTS,微软服务条款，仅研究评测用途,edgetts,mandarin,SC-000184,zh-CN-YunyangNeural,
data/redteam/factory/edgetts/mandarin/edgetts_mandarin_zh-CN-YunyangNeural_SC-000202.wav,spoof,RT-EDGETTS-MANDARIN,clean,redteam_factory/Edge-TTS,微软服务条款，仅研究评测用途,edgetts,mandarin,SC-000202,zh-CN-YunyangNeural,
data/redteam/factory/edgetts/mandarin/edgetts_mandarin_zh-CN-YunyangNeural_SC-000224.wav,spoof,RT-EDGETTS-MANDARIN,clean,redteam_factory/Edge-TTS,微软服务条款，仅研究评测用途,edgetts,mandarin,SC-000224,zh-CN-YunyangNeural,
data/redteam/factory/edgetts/mandarin/edgetts_mandarin_zh-CN-YunyangNeural_SC-000242.wav,spoof,RT-EDGETTS-MANDARIN,clean,redteam_factory/Edge-TTS,微软服务条款，仅研究评测用途,edgetts,mandarin,SC-000242,zh-CN-YunyangNeural,
data/redteam/factory/edgetts/mandarin/edgetts_mandarin_zh-CN-YunyangNeural_SC-000272.wav,spoof,RT-EDGETTS-MANDARIN,clean,redteam_factory/Edge-TTS,微软服务条款，仅研究评测用途,edgetts,mandarin,SC-000272,zh-CN-YunyangNeural,
data/redteam/factory/edgetts/mandarin/edgetts_mandarin_zh-CN-YunyangNeural_SC-000292.wav,spoof,RT-EDGETTS-MANDARIN,clean,redteam_factory/Edge-TTS,微软服务条款，仅研究评测用途,edgetts,mandarin,SC-000292,zh-CN-YunyangNeural,
data/redteam/factory/edgetts/mandarin/edgetts_mandarin_zh-CN-YunyangNeural_SC-000313.wav,spoof,RT-EDGETTS-MANDARIN,clean,redteam_factory/Edge-TTS,微软服务条款，仅研究评测用途,edgetts,mandarin,SC-000313,zh-CN-YunyangNeural,
data/redteam/factory/edgetts/mandarin/edgetts_mandarin_zh-CN-YunyangNeural_SC-000335.wav,spoof,RT-EDGETTS-MANDARIN,clean,redteam_factory/Edge-TTS,微软服务条款，仅研究评测用途,edgetts,mandarin,SC-000335,zh-CN-YunyangNeural,
data/redteam/factory/edgetts/mandarin/edgetts_mandarin_zh-CN-YunyangNeural_SC-000356.wav,spoof,RT-EDGETTS-MANDARIN,clean,redteam_factory/Edge-TTS,微软服务条款，仅研究评测用途,edgetts,mandarin,SC-000356,zh-CN-YunyangNeural,
data/redteam/factory/edgetts/mandarin/edgetts_mandarin_zh-CN-YunyangNeural_SC-000374.wav,spoof,RT-EDGETTS-MANDARIN,clean,redteam_factory/Edge-TTS,微软服务条款，仅研究评测用途,edgetts,mandarin,SC-000374,zh-CN-YunyangNeural,
data/redteam/factory/edgetts/mandarin/edgetts_mandarin_zh-CN-YunyangNeural_SC-000397.wav,spoof,RT-EDGETTS-MANDARIN,clean,redteam_factory/Edge-TTS,微软服务条款，仅研究评测用途,edgetts,mandarin,SC-000397,zh-CN-YunyangNeural,
data/redteam/factory/edgetts/mandarin/edgetts_mandarin_zh-CN-YunyangNeural_SC-000431.wav,spoof,RT-EDGETTS-MANDARIN,clean,redteam_factory/Edge-TTS,微软服务条款，仅研究评测用途,edgetts,mandarin,SC-000431,zh-CN-YunyangNeural,
data/redteam/factory/edgetts/mandarin/edgetts_mandarin_zh-CN-YunyangNeural_SC-000452.wav,spoof,RT-EDGETTS-MANDARIN,clean,redteam_factory/Edge-TTS,微软服务条款，仅研究评测用途,edgetts,mandarin,SC-000452,zh-CN-YunyangNeural,
data/redteam/factory/edgetts/mandarin/edgetts_mandarin_zh-CN-YunyangNeural_SC-000470.wav,spoof,RT-EDGETTS-MANDARIN,clean,redteam_factory/Edge-TTS,微软服务条款，仅研究评测用途,edgetts,mandarin,SC-000470,zh-CN-YunyangNeural,
data/redteam/factory/edgetts/mandarin/edgetts_mandarin_zh-CN-YunyangNeural_SC-000485.wav,spoof,RT-EDGETTS-MANDARIN,clean,redteam_factory/Edge-TTS,微软服务条款，仅研究评测用途,edgetts,mandarin,SC-000485,zh-CN-YunyangNeural,
data/redteam/factory/edgetts/mandarin/edgetts_mandarin_zh-CN-YunyangNeural_SC-000506.wav,spoof,RT-EDGETTS-MANDARIN,clean,redteam_factory/Edge-TTS,微软服务条款，仅研究评测用途,edgetts,mandarin,SC-000506,zh-CN-YunyangNeural,
data/redteam/factory/edgetts/minnan/edgetts_minnan_zh-TW-HsiaoChenNeural_SC-000527.wav,spoof,RT-EDGETTS-MINNAN,clean,redteam_factory/Edge-TTS,微软服务条款，仅研究评测用途,edgetts,minnan,SC-000527,zh-TW-HsiaoChenNeural,
data/redteam/factory/edgetts/minnan/edgetts_minnan_zh-TW-HsiaoChenNeural_SC-000574.wav,spoof,RT-EDGETTS-MINNAN,clean,redteam_factory/Edge-TTS,微软服务条款，仅研究评测用途,edgetts,minnan,SC-000574,zh-TW-HsiaoChenNeural,
data/redteam/factory/edgetts/minnan/edgetts_minnan_zh-TW-HsiaoChenNeural_SC-000643.wav,spoof,RT-EDGETTS-MINNAN,clean,redteam_factory/Edge-TTS,微软服务条款，仅研究评测用途,edgetts,minnan,SC-000643,zh-TW-HsiaoChenNeural,
data/redteam/factory/edgetts/minnan/edgetts_minnan_zh-TW-HsiaoChenNeural_SC-000704.wav,spoof,RT-EDGETTS-MINNAN,clean,redteam_factory/Edge-TTS,微软服务条款，仅研究评测用途,edgetts,minnan,SC-000704,zh-TW-HsiaoChenNeural,
data/redteam/factory/edgetts/minnan/edgetts_minnan_zh-TW-HsiaoChenNeural_SC-000767.wav,spoof,RT-EDGETTS-MINNAN,clean,redteam_factory/Edge-TTS,微软服务条款，仅研究评测用途,edgetts,minnan,SC-000767,zh-TW-HsiaoChenNeural,
data/redteam/factory/edgetts/minnan/edgetts_minnan_zh-TW-HsiaoChenNeural_SC-000830.wav,spoof,RT-EDGETTS-MINNAN,clean,redteam_factory/Edge-TTS,微软服务条款，仅研究评测用途,edgetts,minnan,SC-000830,zh-TW-HsiaoChenNeural,
data/redteam/factory/edgetts/minnan/edgetts_minnan_zh-TW-HsiaoChenNeural_SC-000870.wav,spoof,RT-EDGETTS-MINNAN,clean,redteam_factory/Edge-TTS,微软服务条款，仅研究评测用途,edgetts,minnan,SC-000870,zh-TW-HsiaoChenNeural,
data/redteam/factory/edgetts/minnan/edgetts_minnan_zh-TW-HsiaoChenNeural_SC-000936.wav,spoof,RT-EDGETTS-MINNAN,clean,redteam_factory/Edge-TTS,微软服务条款，仅研究评测用途,edgetts,minnan,SC-000936,zh-TW-HsiaoChenNeural,
data/redteam/factory/edgetts/minnan/edgetts_minnan_zh-TW-HsiaoChenNeural_SC-000970.wav,spoof,RT-EDGETTS-MINNAN,clean,redteam_factory/Edge-TTS,微软服务条款，仅研究评测用途,edgetts,minnan,SC-000970,zh-TW-HsiaoChenNeural,
data/redteam/factory/edgetts/minnan/edgetts_minnan_zh-TW-HsiaoChenNeural_SC-001033.wav,spoof,RT-EDGETTS-MINNAN,clean,redteam_factory/Edge-TTS,微软服务条款，仅研究评测用途,edgetts,minnan,SC-001033,zh-TW-HsiaoChenNeural,
data/redteam/factory/edgetts/minnan/edgetts_minnan_zh-TW-HsiaoChenNeural_SC-001097.wav,spoof,RT-EDGETTS-MINNAN,clean,redteam_factory/Edge-TTS,微软服务条款，仅研究评测用途,edgetts,minnan,SC-001097,zh-TW-HsiaoChenNeural,
data/redteam/factory/edgetts/minnan/edgetts_minnan_zh-TW-HsiaoChenNeural_SC-001134.wav,spoof,RT-EDGETTS-MINNAN,clean,redteam_factory/Edge-TTS,微软服务条款，仅研究评测用途,edgetts,minnan,SC-001134,zh-TW-HsiaoChenNeural,
data/redteam/factory/edgetts/minnan/edgetts_minnan_zh-TW-HsiaoChenNeural_SC-001215.wav,spoof,RT-EDGETTS-MINNAN,clean,redteam_factory/Edge-TTS,微软服务条款，仅研究评测用途,edgetts,minnan,SC-001215,zh-TW-HsiaoChenNeural,
data/redteam/factory/edgetts/minnan/edgetts_minnan_zh-TW-HsiaoChenNeural_SC-001258.wav,spoof,RT-EDGETTS-MINNAN,clean,redteam_factory/Edge-TTS,微软服务条款，仅研究评测用途,edgetts,minnan,SC-001258,zh-TW-HsiaoChenNeural,
data/redteam/factory/edgetts/minnan/edgetts_minnan_zh-TW-HsiaoChenNeural_SC-001308.wav,spoof,RT-EDGETTS-MINNAN,clean,redteam_factory/Edge-TTS,微软服务条款，仅研究评测用途,edgetts,minnan,SC-001308,zh-TW-HsiaoChenNeural,
data/redteam/factory/edgetts/minnan/edgetts_minnan_zh-TW-HsiaoChenNeural_SC-001397.wav,spoof,RT-EDGETTS-MINNAN,clean,redteam_factory/Edge-TTS,微软服务条款，仅研究评测用途,edgetts,minnan,SC-001397,zh-TW-HsiaoChenNeural,
data/redteam/factory/edgetts/minnan/edgetts_minnan_zh-TW-HsiaoChenNeural_SC-001483.wav,spoof,RT-EDGETTS-MINNAN,clean,redteam_factory/Edge-TTS,微软服务条款，仅研究评测用途,edgetts,minnan,SC-001483,zh-TW-HsiaoChenNeural,
data/redteam/factory/edgetts/minnan/edgetts_minnan_zh-TW-HsiaoChenNeural_SC-001583.wav,spoof,RT-EDGETTS-MINNAN,clean,redteam_factory/Edge-TTS,微软服务条款，仅研究评测用途,edgetts,minnan,SC-001583,zh-TW-HsiaoChenNeural,
data/redteam/factory/edgetts/minnan/edgetts_minnan_zh-TW-HsiaoChenNeural_SC-001663.wav,spoof,RT-EDGETTS-MINNAN,clean,redteam_factory/Edge-TTS,微软服务条款，仅研究评测用途,edgetts,minnan,SC-001663,zh-TW-HsiaoChenNeural,
data/redteam/factory/edgetts/minnan/edgetts_minnan_zh-TW-YunJheNeural_SC-000527.wav,spoof,RT-EDGETTS-MINNAN,clean,redteam_factory/Edge-TTS,微软服务条款，仅研究评测用途,edgetts,minnan,SC-000527,zh-TW-YunJheNeural,
data/redteam/factory/edgetts/minnan/edgetts_minnan_zh-TW-YunJheNeural_SC-000574.wav,spoof,RT-EDGETTS-MINNAN,clean,redteam_factory/Edge-TTS,微软服务条款，仅研究评测用途,edgetts,minnan,SC-000574,zh-TW-YunJheNeural,
data/redteam/factory/edgetts/minnan/edgetts_minnan_zh-TW-YunJheNeural_SC-000643.wav,spoof,RT-EDGETTS-MINNAN,clean,redteam_factory/Edge-TTS,微软服务条款，仅研究评测用途,edgetts,minnan,SC-000643,zh-TW-YunJheNeural,
data/redteam/factory/edgetts/minnan/edgetts_minnan_zh-TW-YunJheNeural_SC-000704.wav,spoof,RT-EDGETTS-MINNAN,clean,redteam_factory/Edge-TTS,微软服务条款，仅研究评测用途,edgetts,minnan,SC-000704,zh-TW-YunJheNeural,
data/redteam/factory/edgetts/minnan/edgetts_minnan_zh-TW-YunJheNeural_SC-000767.wav,spoof,RT-EDGETTS-MINNAN,clean,redteam_factory/Edge-TTS,微软服务条款，仅研究评测用途,edgetts,minnan,SC-000767,zh-TW-YunJheNeural,
data/redteam/factory/edgetts/minnan/edgetts_minnan_zh-TW-YunJheNeural_SC-000830.wav,spoof,RT-EDGETTS-MINNAN,clean,redteam_factory/Edge-TTS,微软服务条款，仅研究评测用途,edgetts,minnan,SC-000830,zh-TW-YunJheNeural,
data/redteam/factory/edgetts/minnan/edgetts_minnan_zh-TW-YunJheNeural_SC-000870.wav,spoof,RT-EDGETTS-MINNAN,clean,redteam_factory/Edge-TTS,微软服务条款，仅研究评测用途,edgetts,minnan,SC-000870,zh-TW-YunJheNeural,
data/redteam/factory/edgetts/minnan/edgetts_minnan_zh-TW-YunJheNeural_SC-000936.wav,spoof,RT-EDGETTS-MINNAN,clean,redteam_factory/Edge-TTS,微软服务条款，仅研究评测用途,edgetts,minnan,SC-000936,zh-TW-YunJheNeural,
data/redteam/factory/edgetts/minnan/edgetts_minnan_zh-TW-YunJheNeural_SC-000970.wav,spoof,RT-EDGETTS-MINNAN,clean,redteam_factory/Edge-TTS,微软服务条款，仅研究评测用途,edgetts,minnan,SC-000970,zh-TW-YunJheNeural,
data/redteam/factory/edgetts/minnan/edgetts_minnan_zh-TW-YunJheNeural_SC-001033.wav,spoof,RT-EDGETTS-MINNAN,clean,redteam_factory/Edge-TTS,微软服务条款，仅研究评测用途,edgetts,minnan,SC-001033,zh-TW-YunJheNeural,
data/redteam/factory/edgetts/minnan/edgetts_minnan_zh-TW-YunJheNeural_SC-001097.wav,spoof,RT-EDGETTS-MINNAN,clean,redteam_factory/Edge-TTS,微软服务条款，仅研究评测用途,edgetts,minnan,SC-001097,zh-TW-YunJheNeural,
data/redteam/factory/edgetts/minnan/edgetts_minnan_zh-TW-YunJheNeural_SC-001134.wav,spoof,RT-EDGETTS-MINNAN,clean,redteam_factory/Edge-TTS,微软服务条款，仅研究评测用途,edgetts,minnan,SC-001134,zh-TW-YunJheNeural,
data/redteam/factory/edgetts/minnan/edgetts_minnan_zh-TW-YunJheNeural_SC-001215.wav,spoof,RT-EDGETTS-MINNAN,clean,redteam_factory/Edge-TTS,微软服务条款，仅研究评测用途,edgetts,minnan,SC-001215,zh-TW-YunJheNeural,
data/redteam/factory/edgetts/minnan/edgetts_minnan_zh-TW-YunJheNeural_SC-001258.wav,spoof,RT-EDGETTS-MINNAN,clean,redteam_factory/Edge-TTS,微软服务条款，仅研究评测用途,edgetts,minnan,SC-001258,zh-TW-YunJheNeural,
data/redteam/factory/edgetts/minnan/edgetts_minnan_zh-TW-YunJheNeural_SC-001308.wav,spoof,RT-EDGETTS-MINNAN,clean,redteam_factory/Edge-TTS,微软服务条款，仅研究评测用途,edgetts,minnan,SC-001308,zh-TW-YunJheNeural,
data/redteam/factory/edgetts/minnan/edgetts_minnan_zh-TW-YunJheNeural_SC-001397.wav,spoof,RT-EDGETTS-MINNAN,clean,redteam_factory/Edge-TTS,微软服务条款，仅研究评测用途,edgetts,minnan,SC-001397,zh-TW-YunJheNeural,
data/redteam/factory/edgetts/minnan/edgetts_minnan_zh-TW-YunJheNeural_SC-001483.wav,spoof,RT-EDGETTS-MINNAN,clean,redteam_factory/Edge-TTS,微软服务条款，仅研究评测用途,edgetts,minnan,SC-001483,zh-TW-YunJheNeural,
data/redteam/factory/edgetts/minnan/edgetts_minnan_zh-TW-YunJheNeural_SC-001583.wav,spoof,RT-EDGETTS-MINNAN,clean,redteam_factory/Edge-TTS,微软服务条款，仅研究评测用途,edgetts,minnan,SC-001583,zh-TW-YunJheNeural,
data/redteam/factory/edgetts/minnan/edgetts_minnan_zh-TW-YunJheNeural_SC-001663.wav,spoof,RT-EDGETTS-MINNAN,clean,redteam_factory/Edge-TTS,微软服务条款，仅研究评测用途,edgetts,minnan,SC-001663,zh-TW-YunJheNeural,
data/redteam/factory/edgetts/sichuan/edgetts_sichuan_zh-CN-YunxiNeural_SC-000319.wav,spoof,RT-EDGETTS-SICHUAN,clean,redteam_factory/Edge-TTS,微软服务条款，仅研究评测用途,edgetts,sichuan,SC-000319,zh-CN-YunxiNeural,
data/redteam/factory/edgetts/sichuan/edgetts_sichuan_zh-CN-YunxiNeural_SC-000361.wav,spoof,RT-EDGETTS-SICHUAN,clean,redteam_factory/Edge-TTS,微软服务条款，仅研究评测用途,edgetts,sichuan,SC-000361,zh-CN-YunxiNeural,
data/redteam/factory/edgetts/sichuan/edgetts_sichuan_zh-CN-YunxiNeural_SC-000384.wav,spoof,RT-EDGETTS-SICHUAN,clean,redteam_factory/Edge-TTS,微软服务条款，仅研究评测用途,edgetts,sichuan,SC-000384,zh-CN-YunxiNeural,
data/redteam/factory/edgetts/sichuan/edgetts_sichuan_zh-CN-YunxiNeural_SC-000513.wav,spoof,RT-EDGETTS-SICHUAN,clean,redteam_factory/Edge-TTS,微软服务条款，仅研究评测用途,edgetts,sichuan,SC-000513,zh-CN-YunxiNeural,
data/redteam/factory/edgetts/sichuan/edgetts_sichuan_zh-CN-YunxiNeural_SC-000607.wav,spoof,RT-EDGETTS-SICHUAN,clean,redteam_factory/Edge-TTS,微软服务条款，仅研究评测用途,edgetts,sichuan,SC-000607,zh-CN-YunxiNeural,
data/redteam/factory/edgetts/sichuan/edgetts_sichuan_zh-CN-YunxiNeural_SC-000673.wav,spoof,RT-EDGETTS-SICHUAN,clean,redteam_factory/Edge-TTS,微软服务条款，仅研究评测用途,edgetts,sichuan,SC-000673,zh-CN-YunxiNeural,
data/redteam/factory/edgetts/sichuan/edgetts_sichuan_zh-CN-YunxiNeural_SC-000743.wav,spoof,RT-EDGETTS-SICHUAN,clean,redteam_factory/Edge-TTS,微软服务条款，仅研究评测用途,edgetts,sichuan,SC-000743,zh-CN-YunxiNeural,
data/redteam/factory/edgetts/sichuan/edgetts_sichuan_zh-CN-YunxiNeural_SC-000799.wav,spoof,RT-EDGETTS-SICHUAN,clean,redteam_factory/Edge-TTS,微软服务条款，仅研究评测用途,edgetts,sichuan,SC-000799,zh-CN-YunxiNeural,
data/redteam/factory/edgetts/sichuan/edgetts_sichuan_zh-CN-YunxiNeural_SC-000894.wav,spoof,RT-EDGETTS-SICHUAN,clean,redteam_factory/Edge-TTS,微软服务条款，仅研究评测用途,edgetts,sichuan,SC-000894,zh-CN-YunxiNeural,
data/redteam/factory/edgetts/sichuan/edgetts_sichuan_zh-CN-YunxiNeural_SC-000967.wav,spoof,RT-EDGETTS-SICHUAN,clean,redteam_factory/Edge-TTS,微软服务条款，仅研究评测用途,edgetts,sichuan,SC-000967,zh-CN-YunxiNeural,
data/redteam/factory/edgetts/sichuan/edgetts_sichuan_zh-CN-YunxiNeural_SC-001040.wav,spoof,RT-EDGETTS-SICHUAN,clean,redteam_factory/Edge-TTS,微软服务条款，仅研究评测用途,edgetts,sichuan,SC-001040,zh-CN-YunxiNeural,
data/redteam/factory/edgetts/sichuan/edgetts_sichuan_zh-CN-YunxiNeural_SC-001127.wav,spoof,RT-EDGETTS-SICHUAN,clean,redteam_factory/Edge-TTS,微软服务条款，仅研究评测用途,edgetts,sichuan,SC-001127,zh-CN-YunxiNeural,
data/redteam/factory/edgetts/sichuan/edgetts_sichuan_zh-CN-YunxiNeural_SC-001177.wav,spoof,RT-EDGETTS-SICHUAN,clean,redteam_factory/Edge-TTS,微软服务条款，仅研究评测用途,edgetts,sichuan,SC-001177,zh-CN-YunxiNeural,
data/redteam/factory/edgetts/sichuan/edgetts_sichuan_zh-CN-YunxiNeural_SC-001249.wav,spoof,RT-EDGETTS-SICHUAN,clean,redteam_factory/Edge-TTS,微软服务条款，仅研究评测用途,edgetts,sichuan,SC-001249,zh-CN-YunxiNeural,
data/redteam/factory/edgetts/sichuan/edgetts_sichuan_zh-CN-YunxiNeural_SC-001342.wav,spoof,RT-EDGETTS-SICHUAN,clean,redteam_factory/Edge-TTS,微软服务条款，仅研究评测用途,edgetts,sichuan,SC-001342,zh-CN-YunxiNeural,
data/redteam/factory/edgetts/sichuan/edgetts_sichuan_zh-CN-YunxiNeural_SC-001396.wav,spoof,RT-EDGETTS-SICHUAN,clean,redteam_factory/Edge-TTS,微软服务条款，仅研究评测用途,edgetts,sichuan,SC-001396,zh-CN-YunxiNeural,
data/redteam/factory/edgetts/sichuan/edgetts_sichuan_zh-CN-YunxiNeural_SC-001457.wav,spoof,RT-EDGETTS-SICHUAN,clean,redteam_factory/Edge-TTS,微软服务条款，仅研究评测用途,edgetts,sichuan,SC-001457,zh-CN-YunxiNeural,
data/redteam/factory/edgetts/sichuan/edgetts_sichuan_zh-CN-YunxiNeural_SC-001526.wav,spoof,RT-EDGETTS-SICHUAN,clean,redteam_factory/Edge-TTS,微软服务条款，仅研究评测用途,edgetts,sichuan,SC-001526,zh-CN-YunxiNeural,
data/redteam/factory/edgetts/sichuan/edgetts_sichuan_zh-CN-XiaoxiaoNeural_SC-000319.wav,spoof,RT-EDGETTS-SICHUAN,clean,redteam_factory/Edge-TTS,微软服务条款，仅研究评测用途,edgetts,sichuan,SC-000319,zh-CN-XiaoxiaoNeural,
data/redteam/factory/edgetts/sichuan/edgetts_sichuan_zh-CN-XiaoxiaoNeural_SC-000361.wav,spoof,RT-EDGETTS-SICHUAN,clean,redteam_factory/Edge-TTS,微软服务条款，仅研究评测用途,edgetts,sichuan,SC-000361,zh-CN-XiaoxiaoNeural,
data/redteam/factory/edgetts/sichuan/edgetts_sichuan_zh-CN-XiaoxiaoNeural_SC-000384.wav,spoof,RT-EDGETTS-SICHUAN,clean,redteam_factory/Edge-TTS,微软服务条款，仅研究评测用途,edgetts,sichuan,SC-000384,zh-CN-XiaoxiaoNeural,
data/redteam/factory/edgetts/sichuan/edgetts_sichuan_zh-CN-XiaoxiaoNeural_SC-000467.wav,spoof,RT-EDGETTS-SICHUAN,clean,redteam_factory/Edge-TTS,微软服务条款，仅研究评测用途,edgetts,sichuan,SC-000467,zh-CN-XiaoxiaoNeural,
data/redteam/factory/edgetts/sichuan/edgetts_sichuan_zh-CN-XiaoxiaoNeural_SC-000513.wav,spoof,RT-EDGETTS-SICHUAN,clean,redteam_factory/Edge-TTS,微软服务条款，仅研究评测用途,edgetts,sichuan,SC-000513,zh-CN-XiaoxiaoNeural,
data/redteam/factory/edgetts/sichuan/edgetts_sichuan_zh-CN-XiaoxiaoNeural_SC-000607.wav,spoof,RT-EDGETTS-SICHUAN,clean,redteam_factory/Edge-TTS,微软服务条款，仅研究评测用途,edgetts,sichuan,SC-000607,zh-CN-XiaoxiaoNeural,
data/redteam/factory/edgetts/sichuan/edgetts_sichuan_zh-CN-XiaoxiaoNeural_SC-000673.wav,spoof,RT-EDGETTS-SICHUAN,clean,redteam_factory/Edge-TTS,微软服务条款，仅研究评测用途,edgetts,sichuan,SC-000673,zh-CN-XiaoxiaoNeural,
data/redteam/factory/edgetts/sichuan/edgetts_sichuan_zh-CN-XiaoxiaoNeural_SC-000743.wav,spoof,RT-EDGETTS-SICHUAN,clean,redteam_factory/Edge-TTS,微软服务条款，仅研究评测用途,edgetts,sichuan,SC-000743,zh-CN-XiaoxiaoNeural,
data/redteam/factory/edgetts/sichuan/edgetts_sichuan_zh-CN-XiaoxiaoNeural_SC-000799.wav,spoof,RT-EDGETTS-SICHUAN,clean,redteam_factory/Edge-TTS,微软服务条款，仅研究评测用途,edgetts,sichuan,SC-000799,zh-CN-XiaoxiaoNeural,
data/redteam/factory/edgetts/sichuan/edgetts_sichuan_zh-CN-XiaoxiaoNeural_SC-000894.wav,spoof,RT-EDGETTS-SICHUAN,clean,redteam_factory/Edge-TTS,微软服务条款，仅研究评测用途,edgetts,sichuan,SC-000894,zh-CN-XiaoxiaoNeural,
data/redteam/factory/edgetts/sichuan/edgetts_sichuan_zh-CN-XiaoxiaoNeural_SC-000967.wav,spoof,RT-EDGETTS-SICHUAN,clean,redteam_factory/Edge-TTS,微软服务条款，仅研究评测用途,edgetts,sichuan,SC-000967,zh-CN-XiaoxiaoNeural,
data/redteam/factory/edgetts/sichuan/edgetts_sichuan_zh-CN-XiaoxiaoNeural_SC-001040.wav,spoof,RT-EDGETTS-SICHUAN,clean,redteam_factory/Edge-TTS,微软服务条款，仅研究评测用途,edgetts,sichuan,SC-001040,zh-CN-XiaoxiaoNeural,
data/redteam/factory/edgetts/sichuan/edgetts_sichuan_zh-CN-XiaoxiaoNeural_SC-001127.wav,spoof,RT-EDGETTS-SICHUAN,clean,redteam_factory/Edge-TTS,微软服务条款，仅研究评测用途,edgetts,sichuan,SC-001127,zh-CN-XiaoxiaoNeural,
data/redteam/factory/edgetts/sichuan/edgetts_sichuan_zh-CN-XiaoxiaoNeural_SC-001177.wav,spoof,RT-EDGETTS-SICHUAN,clean,redteam_factory/Edge-TTS,微软服务条款，仅研究评测用途,edgetts,sichuan,SC-001177,zh-CN-XiaoxiaoNeural,
data/redteam/factory/edgetts/sichuan/edgetts_sichuan_zh-CN-XiaoxiaoNeural_SC-001249.wav,spoof,RT-EDGETTS-SICHUAN,clean,redteam_factory/Edge-TTS,微软服务条款，仅研究评测用途,edgetts,sichuan,SC-001249,zh-CN-XiaoxiaoNeural,
data/redteam/factory/edgetts/sichuan/edgetts_sichuan_zh-CN-XiaoxiaoNeural_SC-001342.wav,spoof,RT-EDGETTS-SICHUAN,clean,redteam_factory/Edge-TTS,微软服务条款，仅研究评测用途,edgetts,sichuan,SC-001342,zh-CN-XiaoxiaoNeural,
data/redteam/factory/edgetts/sichuan/edgetts_sichuan_zh-CN-XiaoxiaoNeural_SC-001396.wav,spoof,RT-EDGETTS-SICHUAN,clean,redteam_factory/Edge-TTS,微软服务条款，仅研究评测用途,edgetts,sichuan,SC-001396,zh-CN-XiaoxiaoNeural,
data/redteam/factory/edgetts/sichuan/edgetts_sichuan_zh-CN-XiaoxiaoNeural_SC-001457.wav,spoof,RT-EDGETTS-SICHUAN,clean,redteam_factory/Edge-TTS,微软服务条款，仅研究评测用途,edgetts,sichuan,SC-001457,zh-CN-XiaoxiaoNeural,
data/redteam/factory/edgetts/sichuan/edgetts_sichuan_zh-CN-XiaoxiaoNeural_SC-001526.wav,spoof,RT-EDGETTS-SICHUAN,clean,redteam_factory/Edge-TTS,微软服务条款，仅研究评测用途,edgetts,sichuan,SC-001526,zh-CN-XiaoxiaoNeural,
data/redteam/factory/edgetts/cantonese/edgetts_cantonese_zh-HK-HiuMaanNeural_SC-000487.wav,spoof,RT-EDGETTS-CANTONESE,clean,redteam_factory/Edge-TTS,微软服务条款，仅研究评测用途,edgetts,cantonese,SC-000487,zh-HK-HiuMaanNeural,
data/redteam/factory/edgetts/cantonese/edgetts_cantonese_zh-HK-HiuMaanNeural_SC-000523.wav,spoof,RT-EDGETTS-CANTONESE,clean,redteam_factory/Edge-TTS,微软服务条款，仅研究评测用途,edgetts,cantonese,SC-000523,zh-HK-HiuMaanNeural,
data/redteam/factory/edgetts/cantonese/edgetts_cantonese_zh-HK-HiuMaanNeural_SC-000601.wav,spoof,RT-EDGETTS-CANTONESE,clean,redteam_factory/Edge-TTS,微软服务条款，仅研究评测用途,edgetts,cantonese,SC-000601,zh-HK-HiuMaanNeural,
data/redteam/factory/edgetts/cantonese/edgetts_cantonese_zh-HK-HiuMaanNeural_SC-000679.wav,spoof,RT-EDGETTS-CANTONESE,clean,redteam_factory/Edge-TTS,微软服务条款，仅研究评测用途,edgetts,cantonese,SC-000679,zh-HK-HiuMaanNeural,
data/redteam/factory/edgetts/cantonese/edgetts_cantonese_zh-HK-HiuMaanNeural_SC-000716.wav,spoof,RT-EDGETTS-CANTONESE,clean,redteam_factory/Edge-TTS,微软服务条款，仅研究评测用途,edgetts,cantonese,SC-000716,zh-HK-HiuMaanNeural,
data/redteam/factory/edgetts/cantonese/edgetts_cantonese_zh-HK-HiuMaanNeural_SC-000793.wav,spoof,RT-EDGETTS-CANTONESE,clean,redteam_factory/Edge-TTS,微软服务条款，仅研究评测用途,edgetts,cantonese,SC-000793,zh-HK-HiuMaanNeural,
data/redteam/factory/edgetts/cantonese/edgetts_cantonese_zh-HK-HiuMaanNeural_SC-000872.wav,spoof,RT-EDGETTS-CANTONESE,clean,redteam_factory/Edge-TTS,微软服务条款，仅研究评测用途,edgetts,cantonese,SC-000872,zh-HK-HiuMaanNeural,
data/redteam/factory/edgetts/cantonese/edgetts_cantonese_zh-HK-HiuMaanNeural_SC-000928.wav,spoof,RT-EDGETTS-CANTONESE,clean,redteam_factory/Edge-TTS,微软服务条款，仅研究评测用途,edgetts,cantonese,SC-000928,zh-HK-HiuMaanNeural,
data/redteam/factory/edgetts/cantonese/edgetts_cantonese_zh-HK-HiuMaanNeural_SC-000998.wav,spoof,RT-EDGETTS-CANTONESE,clean,redteam_factory/Edge-TTS,微软服务条款，仅研究评测用途,edgetts,cantonese,SC-000998,zh-HK-HiuMaanNeural,
data/redteam/factory/edgetts/cantonese/edgetts_cantonese_zh-HK-HiuMaanNeural_SC-001068.wav,spoof,RT-EDGETTS-CANTONESE,clean,redteam_factory/Edge-TTS,微软服务条款，仅研究评测用途,edgetts,cantonese,SC-001068,zh-HK-HiuMaanNeural,
data/redteam/factory/edgetts/cantonese/edgetts_cantonese_zh-HK-HiuMaanNeural_SC-001118.wav,spoof,RT-EDGETTS-CANTONESE,clean,redteam_factory/Edge-TTS,微软服务条款，仅研究评测用途,edgetts,cantonese,SC-001118,zh-HK-HiuMaanNeural,
data/redteam/factory/edgetts/cantonese/edgetts_cantonese_zh-HK-HiuMaanNeural_SC-001184.wav,spoof,RT-EDGETTS-CANTONESE,clean,redteam_factory/Edge-TTS,微软服务条款，仅研究评测用途,edgetts,cantonese,SC-001184,zh-HK-HiuMaanNeural,
data/redteam/factory/edgetts/cantonese/edgetts_cantonese_zh-HK-HiuMaanNeural_SC-001226.wav,spoof,RT-EDGETTS-CANTONESE,clean,redteam_factory/Edge-TTS,微软服务条款，仅研究评测用途,edgetts,cantonese,SC-001226,zh-HK-HiuMaanNeural,
data/redteam/factory/edgetts/cantonese/edgetts_cantonese_zh-HK-HiuMaanNeural_SC-001280.wav,spoof,RT-EDGETTS-CANTONESE,clean,redteam_factory/Edge-TTS,微软服务条款，仅研究评测用途,edgetts,cantonese,SC-001280,zh-HK-HiuMaanNeural,
data/redteam/factory/edgetts/cantonese/edgetts_cantonese_zh-HK-HiuMaanNeural_SC-001340.wav,spoof,RT-EDGETTS-CANTONESE,clean,redteam_factory/Edge-TTS,微软服务条款，仅研究评测用途,edgetts,cantonese,SC-001340,zh-HK-HiuMaanNeural,
data/redteam/factory/edgetts/cantonese/edgetts_cantonese_zh-HK-HiuMaanNeural_SC-001445.wav,spoof,RT-EDGETTS-CANTONESE,clean,redteam_factory/Edge-TTS,微软服务条款，仅研究评测用途,edgetts,cantonese,SC-001445,zh-HK-HiuMaanNeural,
data/redteam/factory/edgetts/cantonese/edgetts_cantonese_zh-HK-HiuMaanNeural_SC-001473.wav,spoof,RT-EDGETTS-CANTONESE,clean,redteam_factory/Edge-TTS,微软服务条款，仅研究评测用途,edgetts,cantonese,SC-001473,zh-HK-HiuMaanNeural,
data/redteam/factory/edgetts/cantonese/edgetts_cantonese_zh-HK-HiuMaanNeural_SC-001537.wav,spoof,RT-EDGETTS-CANTONESE,clean,redteam_factory/Edge-TTS,微软服务条款，仅研究评测用途,edgetts,cantonese,SC-001537,zh-HK-HiuMaanNeural,
data/redteam/factory/edgetts/cantonese/edgetts_cantonese_zh-HK-HiuMaanNeural_SC-001606.wav,spoof,RT-EDGETTS-CANTONESE,clean,redteam_factory/Edge-TTS,微软服务条款，仅研究评测用途,edgetts,cantonese,SC-001606,zh-HK-HiuMaanNeural,
data/redteam/factory/edgetts/cantonese/edgetts_cantonese_zh-HK-WanLungNeural_SC-000487.wav,spoof,RT-EDGETTS-CANTONESE,clean,redteam_factory/Edge-TTS,微软服务条款，仅研究评测用途,edgetts,cantonese,SC-000487,zh-HK-WanLungNeural,
data/redteam/factory/edgetts/cantonese/edgetts_cantonese_zh-HK-WanLungNeural_SC-000523.wav,spoof,RT-EDGETTS-CANTONESE,clean,redteam_factory/Edge-TTS,微软服务条款，仅研究评测用途,edgetts,cantonese,SC-000523,zh-HK-WanLungNeural,
data/redteam/factory/edgetts/cantonese/edgetts_cantonese_zh-HK-WanLungNeural_SC-000601.wav,spoof,RT-EDGETTS-CANTONESE,clean,redteam_factory/Edge-TTS,微软服务条款，仅研究评测用途,edgetts,cantonese,SC-000601,zh-HK-WanLungNeural,
data/redteam/factory/edgetts/cantonese/edgetts_cantonese_zh-HK-WanLungNeural_SC-000679.wav,spoof,RT-EDGETTS-CANTONESE,clean,redteam_factory/Edge-TTS,微软服务条款，仅研究评测用途,edgetts,cantonese,SC-000679,zh-HK-WanLungNeural,
data/redteam/factory/edgetts/cantonese/edgetts_cantonese_zh-HK-WanLungNeural_SC-000716.wav,spoof,RT-EDGETTS-CANTONESE,clean,redteam_factory/Edge-TTS,微软服务条款，仅研究评测用途,edgetts,cantonese,SC-000716,zh-HK-WanLungNeural,
data/redteam/factory/edgetts/cantonese/edgetts_cantonese_zh-HK-WanLungNeural_SC-000793.wav,spoof,RT-EDGETTS-CANTONESE,clean,redteam_factory/Edge-TTS,微软服务条款，仅研究评测用途,edgetts,cantonese,SC-000793,zh-HK-WanLungNeural,
data/redteam/factory/edgetts/cantonese/edgetts_cantonese_zh-HK-WanLungNeural_SC-000872.wav,spoof,RT-EDGETTS-CANTONESE,clean,redteam_factory/Edge-TTS,微软服务条款，仅研究评测用途,edgetts,cantonese,SC-000872,zh-HK-WanLungNeural,
data/redteam/factory/edgetts/cantonese/edgetts_cantonese_zh-HK-WanLungNeural_SC-000928.wav,spoof,RT-EDGETTS-CANTONESE,clean,redteam_factory/Edge-TTS,微软服务条款，仅研究评测用途,edgetts,cantonese,SC-000928,zh-HK-WanLungNeural,
data/redteam/factory/edgetts/cantonese/edgetts_cantonese_zh-HK-WanLungNeural_SC-000998.wav,spoof,RT-EDGETTS-CANTONESE,clean,redteam_factory/Edge-TTS,微软服务条款，仅研究评测用途,edgetts,cantonese,SC-000998,zh-HK-WanLungNeural,
data/redteam/factory/edgetts/cantonese/edgetts_cantonese_zh-HK-WanLungNeural_SC-001068.wav,spoof,RT-EDGETTS-CANTONESE,clean,redteam_factory/Edge-TTS,微软服务条款，仅研究评测用途,edgetts,cantonese,SC-001068,zh-HK-WanLungNeural,
data/redteam/factory/edgetts/cantonese/edgetts_cantonese_zh-HK-WanLungNeural_SC-001118.wav,spoof,RT-EDGETTS-CANTONESE,clean,redteam_factory/Edge-TTS,微软服务条款，仅研究评测用途,edgetts,cantonese,SC-001118,zh-HK-WanLungNeural,
data/redteam/factory/edgetts/cantonese/edgetts_cantonese_zh-HK-WanLungNeural_SC-001184.wav,spoof,RT-EDGETTS-CANTONESE,clean,redteam_factory/Edge-TTS,微软服务条款，仅研究评测用途,edgetts,cantonese,SC-001184,zh-HK-WanLungNeural,
data/redteam/factory/edgetts/cantonese/edgetts_cantonese_zh-HK-WanLungNeural_SC-001226.wav,spoof,RT-EDGETTS-CANTONESE,clean,redteam_factory/Edge-TTS,微软服务条款，仅研究评测用途,edgetts,cantonese,SC-001226,zh-HK-WanLungNeural,
data/redteam/factory/edgetts/cantonese/edgetts_cantonese_zh-HK-WanLungNeural_SC-001280.wav,spoof,RT-EDGETTS-CANTONESE,clean,redteam_factory/Edge-TTS,微软服务条款，仅研究评测用途,edgetts,cantonese,SC-001280,zh-HK-WanLungNeural,
data/redteam/factory/edgetts/cantonese/edgetts_cantonese_zh-HK-WanLungNeural_SC-001340.wav,spoof,RT-EDGETTS-CANTONESE,clean,redteam_factory/Edge-TTS,微软服务条款，仅研究评测用途,edgetts,cantonese,SC-001340,zh-HK-WanLungNeural,
data/redteam/factory/edgetts/cantonese/edgetts_cantonese_zh-HK-WanLungNeural_SC-001445.wav,spoof,RT-EDGETTS-CANTONESE,clean,redteam_factory/Edge-TTS,微软服务条款，仅研究评测用途,edgetts,cantonese,SC-001445,zh-HK-WanLungNeural,
data/redteam/factory/edgetts/cantonese/edgetts_cantonese_zh-HK-WanLungNeural_SC-001473.wav,spoof,RT-EDGETTS-CANTONESE,clean,redteam_factory/Edge-TTS,微软服务条款，仅研究评测用途,edgetts,cantonese,SC-001473,zh-HK-WanLungNeural,
data/redteam/factory/edgetts/cantonese/edgetts_cantonese_zh-HK-WanLungNeural_SC-001537.wav,spoof,RT-EDGETTS-CANTONESE,clean,redteam_factory/Edge-TTS,微软服务条款，仅研究评测用途,edgetts,cantonese,SC-001537,zh-HK-WanLungNeural,
data/redteam/factory/edgetts/cantonese/edgetts_cantonese_zh-HK-WanLungNeural_SC-001606.wav,spoof,RT-EDGETTS-CANTONESE,clean,redteam_factory/Edge-TTS,微软服务条款，仅研究评测用途,edgetts,cantonese,SC-001606,zh-HK-WanLungNeural,
data/redteam/factory/edgetts/dongbei/edgetts_dongbei_zh-CN-liaoning-XiaobeiNeural_SC-000415.wav,spoof,RT-EDGETTS-DONGBEI,clean,redteam_factory/Edge-TTS,微软服务条款，仅研究评测用途,edgetts,dongbei,SC-000415,zh-CN-liaoning-XiaobeiNeural,
data/redteam/factory/edgetts/dongbei/edgetts_dongbei_zh-CN-liaoning-XiaobeiNeural_SC-000463.wav,spoof,RT-EDGETTS-DONGBEI,clean,redteam_factory/Edge-TTS,微软服务条款，仅研究评测用途,edgetts,dongbei,SC-000463,zh-CN-liaoning-XiaobeiNeural,
data/redteam/factory/edgetts/dongbei/edgetts_dongbei_zh-CN-liaoning-XiaobeiNeural_SC-000544.wav,spoof,RT-EDGETTS-DONGBEI,clean,redteam_factory/Edge-TTS,微软服务条款，仅研究评测用途,edgetts,dongbei,SC-000544,zh-CN-liaoning-XiaobeiNeural,
data/redteam/factory/edgetts/dongbei/edgetts_dongbei_zh-CN-liaoning-XiaobeiNeural_SC-000640.wav,spoof,RT-EDGETTS-DONGBEI,clean,redteam_factory/Edge-TTS,微软服务条款，仅研究评测用途,edgetts,dongbei,SC-000640,zh-CN-liaoning-XiaobeiNeural,
data/redteam/factory/edgetts/dongbei/edgetts_dongbei_zh-CN-liaoning-XiaobeiNeural_SC-000707.wav,spoof,RT-EDGETTS-DONGBEI,clean,redteam_factory/Edge-TTS,微软服务条款，仅研究评测用途,edgetts,dongbei,SC-000707,zh-CN-liaoning-XiaobeiNeural,
data/redteam/factory/edgetts/dongbei/edgetts_dongbei_zh-CN-liaoning-XiaobeiNeural_SC-000778.wav,spoof,RT-EDGETTS-DONGBEI,clean,redteam_factory/Edge-TTS,微软服务条款，仅研究评测用途,edgetts,dongbei,SC-000778,zh-CN-liaoning-XiaobeiNeural,
data/redteam/factory/edgetts/dongbei/edgetts_dongbei_zh-CN-liaoning-XiaobeiNeural_SC-000861.wav,spoof,RT-EDGETTS-DONGBEI,clean,redteam_factory/Edge-TTS,微软服务条款，仅研究评测用途,edgetts,dongbei,SC-000861,zh-CN-liaoning-XiaobeiNeural,
data/redteam/factory/edgetts/dongbei/edgetts_dongbei_zh-CN-liaoning-XiaobeiNeural_SC-000939.wav,spoof,RT-EDGETTS-DONGBEI,clean,redteam_factory/Edge-TTS,微软服务条款，仅研究评测用途,edgetts,dongbei,SC-000939,zh-CN-liaoning-XiaobeiNeural,
data/redteam/factory/edgetts/dongbei/edgetts_dongbei_zh-CN-liaoning-XiaobeiNeural_SC-001050.wav,spoof,RT-EDGETTS-DONGBEI,clean,redteam_factory/Edge-TTS,微软服务条款，仅研究评测用途,edgetts,dongbei,SC-001050,zh-CN-liaoning-XiaobeiNeural,
data/redteam/factory/edgetts/dongbei/edgetts_dongbei_zh-CN-liaoning-XiaobeiNeural_SC-001119.wav,spoof,RT-EDGETTS-DONGBEI,clean,redteam_factory/Edge-TTS,微软服务条款，仅研究评测用途,edgetts,dongbei,SC-001119,zh-CN-liaoning-XiaobeiNeural,
data/redteam/factory/edgetts/dongbei/edgetts_dongbei_zh-CN-liaoning-XiaobeiNeural_SC-001211.wav,spoof,RT-EDGETTS-DONGBEI,clean,redteam_factory/Edge-TTS,微软服务条款，仅研究评测用途,edgetts,dongbei,SC-001211,zh-CN-liaoning-XiaobeiNeural,
data/redteam/factory/edgetts/dongbei/edgetts_dongbei_zh-CN-liaoning-XiaobeiNeural_SC-001253.wav,spoof,RT-EDGETTS-DONGBEI,clean,redteam_factory/Edge-TTS,微软服务条款，仅研究评测用途,edgetts,dongbei,SC-001253,zh-CN-liaoning-XiaobeiNeural,
data/redteam/factory/edgetts/dongbei/edgetts_dongbei_zh-CN-liaoning-XiaobeiNeural_SC-001338.wav,spoof,RT-EDGETTS-DONGBEI,clean,redteam_factory/Edge-TTS,微软服务条款，仅研究评测用途,edgetts,dongbei,SC-001338,zh-CN-liaoning-XiaobeiNeural,
data/redteam/factory/edgetts/dongbei/edgetts_dongbei_zh-CN-liaoning-XiaobeiNeural_SC-001395.wav,spoof,RT-EDGETTS-DONGBEI,clean,redteam_factory/Edge-TTS,微软服务条款，仅研究评测用途,edgetts,dongbei,SC-001395,zh-CN-liaoning-XiaobeiNeural,
data/redteam/factory/edgetts/dongbei/edgetts_dongbei_zh-CN-liaoning-XiaobeiNeural_SC-001455.wav,spoof,RT-EDGETTS-DONGBEI,clean,redteam_factory/Edge-TTS,微软服务条款，仅研究评测用途,edgetts,dongbei,SC-001455,zh-CN-liaoning-XiaobeiNeural,
data/redteam/factory/edgetts/dongbei/edgetts_dongbei_zh-CN-liaoning-XiaobeiNeural_SC-001531.wav,spoof,RT-EDGETTS-DONGBEI,clean,redteam_factory/Edge-TTS,微软服务条款，仅研究评测用途,edgetts,dongbei,SC-001531,zh-CN-liaoning-XiaobeiNeural,
data/redteam/factory/edgetts/dongbei/edgetts_dongbei_zh-CN-liaoning-XiaobeiNeural_SC-001625.wav,spoof,RT-EDGETTS-DONGBEI,clean,redteam_factory/Edge-TTS,微软服务条款，仅研究评测用途,edgetts,dongbei,SC-001625,zh-CN-liaoning-XiaobeiNeural,
data/redteam/factory/edgetts/dongbei/edgetts_dongbei_zh-CN-liaoning-XiaobeiNeural_SC-001665.wav,spoof,RT-EDGETTS-DONGBEI,clean,redteam_factory/Edge-TTS,微软服务条款，仅研究评测用途,edgetts,dongbei,SC-001665,zh-CN-liaoning-XiaobeiNeural,
data/redteam/factory/edgetts/dongbei/edgetts_dongbei_zh-CN-liaoning-XiaobeiNeural_SC-001688.wav,spoof,RT-EDGETTS-DONGBEI,clean,redteam_factory/Edge-TTS,微软服务条款，仅研究评测用途,edgetts,dongbei,SC-001688,zh-CN-liaoning-XiaobeiNeural,
data/redteam/factory/edgetts/henan/edgetts_henan_zh-CN-shaanxi-XiaoniNeural_SC-000430.wav,spoof,RT-EDGETTS-HENAN,clean,redteam_factory/Edge-TTS,微软服务条款，仅研究评测用途,edgetts,henan,SC-000430,zh-CN-shaanxi-XiaoniNeural,
data/redteam/factory/edgetts/henan/edgetts_henan_zh-CN-shaanxi-XiaoniNeural_SC-000500.wav,spoof,RT-EDGETTS-HENAN,clean,redteam_factory/Edge-TTS,微软服务条款，仅研究评测用途,edgetts,henan,SC-000500,zh-CN-shaanxi-XiaoniNeural,
data/redteam/factory/edgetts/henan/edgetts_henan_zh-CN-shaanxi-XiaoniNeural_SC-000582.wav,spoof,RT-EDGETTS-HENAN,clean,redteam_factory/Edge-TTS,微软服务条款，仅研究评测用途,edgetts,henan,SC-000582,zh-CN-shaanxi-XiaoniNeural,
data/redteam/factory/edgetts/henan/edgetts_henan_zh-CN-shaanxi-XiaoniNeural_SC-000621.wav,spoof,RT-EDGETTS-HENAN,clean,redteam_factory/Edge-TTS,微软服务条款，仅研究评测用途,edgetts,henan,SC-000621,zh-CN-shaanxi-XiaoniNeural,
data/redteam/factory/edgetts/henan/edgetts_henan_zh-CN-shaanxi-XiaoniNeural_SC-000676.wav,spoof,RT-EDGETTS-HENAN,clean,redteam_factory/Edge-TTS,微软服务条款，仅研究评测用途,edgetts,henan,SC-000676,zh-CN-shaanxi-XiaoniNeural,
data/redteam/factory/edgetts/henan/edgetts_henan_zh-CN-shaanxi-XiaoniNeural_SC-000741.wav,spoof,RT-EDGETTS-HENAN,clean,redteam_factory/Edge-TTS,微软服务条款，仅研究评测用途,edgetts,henan,SC-000741,zh-CN-shaanxi-XiaoniNeural,
data/redteam/factory/edgetts/henan/edgetts_henan_zh-CN-shaanxi-XiaoniNeural_SC-000837.wav,spoof,RT-EDGETTS-HENAN,clean,redteam_factory/Edge-TTS,微软服务条款，仅研究评测用途,edgetts,henan,SC-000837,zh-CN-shaanxi-XiaoniNeural,
data/redteam/factory/edgetts/henan/edgetts_henan_zh-CN-shaanxi-XiaoniNeural_SC-000902.wav,spoof,RT-EDGETTS-HENAN,clean,redteam_factory/Edge-TTS,微软服务条款，仅研究评测用途,edgetts,henan,SC-000902,zh-CN-shaanxi-XiaoniNeural,
data/redteam/factory/edgetts/henan/edgetts_henan_zh-CN-shaanxi-XiaoniNeural_SC-000938.wav,spoof,RT-EDGETTS-HENAN,clean,redteam_factory/Edge-TTS,微软服务条款，仅研究评测用途,edgetts,henan,SC-000938,zh-CN-shaanxi-XiaoniNeural,
data/redteam/factory/edgetts/henan/edgetts_henan_zh-CN-shaanxi-XiaoniNeural_SC-001000.wav,spoof,RT-EDGETTS-HENAN,clean,redteam_factory/Edge-TTS,微软服务条款，仅研究评测用途,edgetts,henan,SC-001000,zh-CN-shaanxi-XiaoniNeural,
data/redteam/factory/edgetts/henan/edgetts_henan_zh-CN-shaanxi-XiaoniNeural_SC-001096.wav,spoof,RT-EDGETTS-HENAN,clean,redteam_factory/Edge-TTS,微软服务条款，仅研究评测用途,edgetts,henan,SC-001096,zh-CN-shaanxi-XiaoniNeural,
data/redteam/factory/edgetts/henan/edgetts_henan_zh-CN-shaanxi-XiaoniNeural_SC-001168.wav,spoof,RT-EDGETTS-HENAN,clean,redteam_factory/Edge-TTS,微软服务条款，仅研究评测用途,edgetts,henan,SC-001168,zh-CN-shaanxi-XiaoniNeural,
data/redteam/factory/edgetts/henan/edgetts_henan_zh-CN-shaanxi-XiaoniNeural_SC-001224.wav,spoof,RT-EDGETTS-HENAN,clean,redteam_factory/Edge-TTS,微软服务条款，仅研究评测用途,edgetts,henan,SC-001224,zh-CN-shaanxi-XiaoniNeural,
data/redteam/factory/edgetts/henan/edgetts_henan_zh-CN-shaanxi-XiaoniNeural_SC-001307.wav,spoof,RT-EDGETTS-HENAN,clean,redteam_factory/Edge-TTS,微软服务条款，仅研究评测用途,edgetts,henan,SC-001307,zh-CN-shaanxi-XiaoniNeural,
data/redteam/factory/edgetts/henan/edgetts_henan_zh-CN-shaanxi-XiaoniNeural_SC-001352.wav,spoof,RT-EDGETTS-HENAN,clean,redteam_factory/Edge-TTS,微软服务条款，仅研究评测用途,edgetts,henan,SC-001352,zh-CN-shaanxi-XiaoniNeural,
data/redteam/factory/edgetts/henan/edgetts_henan_zh-CN-shaanxi-XiaoniNeural_SC-001410.wav,spoof,RT-EDGETTS-HENAN,clean,redteam_factory/Edge-TTS,微软服务条款，仅研究评测用途,edgetts,henan,SC-001410,zh-CN-shaanxi-XiaoniNeural,
data/redteam/factory/edgetts/henan/edgetts_henan_zh-CN-shaanxi-XiaoniNeural_SC-001488.wav,spoof,RT-EDGETTS-HENAN,clean,redteam_factory/Edge-TTS,微软服务条款，仅研究评测用途,edgetts,henan,SC-001488,zh-CN-shaanxi-XiaoniNeural,
data/redteam/factory/edgetts/henan/edgetts_henan_zh-CN-shaanxi-XiaoniNeural_SC-001550.wav,spoof,RT-EDGETTS-HENAN,clean,redteam_factory/Edge-TTS,微软服务条款，仅研究评测用途,edgetts,henan,SC-001550,zh-CN-shaanxi-XiaoniNeural,
data/redteam/factory/edgetts/henan/edgetts_henan_zh-CN-shaanxi-XiaoniNeural_SC-001614.wav,spoof,RT-EDGETTS-HENAN,clean,redteam_factory/Edge-TTS,微软服务条款，仅研究评测用途,edgetts,henan,SC-001614,zh-CN-shaanxi-XiaoniNeural,
data/redteam/factory/edgetts/mandarin/edgetts_mandarin_zh-CN-YunxiNeural_SC-000133.wav,spoof,RT-EDGETTS-MANDARIN,clean,redteam_factory/Edge-TTS,微软服务条款，仅研究评测用途,edgetts,mandarin,SC-000133,zh-CN-YunxiNeural,
data/redteam/factory/edgetts/mandarin/edgetts_mandarin_zh-CN-YunxiNeural_SC-000153.wav,spoof,RT-EDGETTS-MANDARIN,clean,redteam_factory/Edge-TTS,微软服务条款，仅研究评测用途,edgetts,mandarin,SC-000153,zh-CN-YunxiNeural,
data/redteam/factory/edgetts/mandarin/edgetts_mandarin_zh-CN-YunxiNeural_SC-000171.wav,spoof,RT-EDGETTS-MANDARIN,clean,redteam_factory/Edge-TTS,微软服务条款，仅研究评测用途,edgetts,mandarin,SC-000171,zh-CN-YunxiNeural,
data/redteam/factory/edgetts/mandarin/edgetts_mandarin_zh-CN-YunxiNeural_SC-000185.wav,spoof,RT-EDGETTS-MANDARIN,clean,redteam_factory/Edge-TTS,微软服务条款，仅研究评测用途,edgetts,mandarin,SC-000185,zh-CN-YunxiNeural,
data/redteam/factory/edgetts/mandarin/edgetts_mandarin_zh-CN-YunxiNeural_SC-000204.wav,spoof,RT-EDGETTS-MANDARIN,clean,redteam_factory/Edge-TTS,微软服务条款，仅研究评测用途,edgetts,mandarin,SC-000204,zh-CN-YunxiNeural,
data/redteam/factory/edgetts/mandarin/edgetts_mandarin_zh-CN-YunxiNeural_SC-000227.wav,spoof,RT-EDGETTS-MANDARIN,clean,redteam_factory/Edge-TTS,微软服务条款，仅研究评测用途,edgetts,mandarin,SC-000227,zh-CN-YunxiNeural,
data/redteam/factory/edgetts/mandarin/edgetts_mandarin_zh-CN-YunxiNeural_SC-000253.wav,spoof,RT-EDGETTS-MANDARIN,clean,redteam_factory/Edge-TTS,微软服务条款，仅研究评测用途,edgetts,mandarin,SC-000253,zh-CN-YunxiNeural,
data/redteam/factory/edgetts/mandarin/edgetts_mandarin_zh-CN-YunxiNeural_SC-000276.wav,spoof,RT-EDGETTS-MANDARIN,clean,redteam_factory/Edge-TTS,微软服务条款，仅研究评测用途,edgetts,mandarin,SC-000276,zh-CN-YunxiNeural,
data/redteam/factory/edgetts/mandarin/edgetts_mandarin_zh-CN-YunxiNeural_SC-000300.wav,spoof,RT-EDGETTS-MANDARIN,clean,redteam_factory/Edge-TTS,微软服务条款，仅研究评测用途,edgetts,mandarin,SC-000300,zh-CN-YunxiNeural,
data/redteam/factory/edgetts/mandarin/edgetts_mandarin_zh-CN-YunxiNeural_SC-000314.wav,spoof,RT-EDGETTS-MANDARIN,clean,redteam_factory/Edge-TTS,微软服务条款，仅研究评测用途,edgetts,mandarin,SC-000314,zh-CN-YunxiNeural,
data/redteam/factory/edgetts/mandarin/edgetts_mandarin_zh-CN-YunxiNeural_SC-000336.wav,spoof,RT-EDGETTS-MANDARIN,clean,redteam_factory/Edge-TTS,微软服务条款，仅研究评测用途,edgetts,mandarin,SC-000336,zh-CN-YunxiNeural,
data/redteam/factory/edgetts/mandarin/edgetts_mandarin_zh-CN-YunxiNeural_SC-000357.wav,spoof,RT-EDGETTS-MANDARIN,clean,redteam_factory/Edge-TTS,微软服务条款，仅研究评测用途,edgetts,mandarin,SC-000357,zh-CN-YunxiNeural,
data/redteam/factory/edgetts/mandarin/edgetts_mandarin_zh-CN-YunxiNeural_SC-000376.wav,spoof,RT-EDGETTS-MANDARIN,clean,redteam_factory/Edge-TTS,微软服务条款，仅研究评测用途,edgetts,mandarin,SC-000376,zh-CN-YunxiNeural,
data/redteam/factory/edgetts/mandarin/edgetts_mandarin_zh-CN-YunxiNeural_SC-000398.wav,spoof,RT-EDGETTS-MANDARIN,clean,redteam_factory/Edge-TTS,微软服务条款，仅研究评测用途,edgetts,mandarin,SC-000398,zh-CN-YunxiNeural,
data/redteam/factory/edgetts/mandarin/edgetts_mandarin_zh-CN-YunxiNeural_SC-000433.wav,spoof,RT-EDGETTS-MANDARIN,clean,redteam_factory/Edge-TTS,微软服务条款，仅研究评测用途,edgetts,mandarin,SC-000433,zh-CN-YunxiNeural,
data/redteam/factory/edgetts/mandarin/edgetts_mandarin_zh-CN-YunxiNeural_SC-000453.wav,spoof,RT-EDGETTS-MANDARIN,clean,redteam_factory/Edge-TTS,微软服务条款，仅研究评测用途,edgetts,mandarin,SC-000453,zh-CN-YunxiNeural,
data/redteam/factory/edgetts/mandarin/edgetts_mandarin_zh-CN-YunxiNeural_SC-000471.wav,spoof,RT-EDGETTS-MANDARIN,clean,redteam_factory/Edge-TTS,微软服务条款，仅研究评测用途,edgetts,mandarin,SC-000471,zh-CN-YunxiNeural,
data/redteam/factory/edgetts/mandarin/edgetts_mandarin_zh-CN-YunxiNeural_SC-000486.wav,spoof,RT-EDGETTS-MANDARIN,clean,redteam_factory/Edge-TTS,微软服务条款，仅研究评测用途,edgetts,mandarin,SC-000486,zh-CN-YunxiNeural,
data/redteam/factory/edgetts/mandarin/edgetts_mandarin_zh-CN-YunxiNeural_SC-000507.wav,spoof,RT-EDGETTS-MANDARIN,clean,redteam_factory/Edge-TTS,微软服务条款，仅研究评测用途,edgetts,mandarin,SC-000507,zh-CN-YunxiNeural,
data/redteam/factory/edgetts/mandarin/edgetts_mandarin_zh-CN-XiaoxiaoNeural_SC-000133.wav,spoof,RT-EDGETTS-MANDARIN,clean,redteam_factory/Edge-TTS,微软服务条款，仅研究评测用途,edgetts,mandarin,SC-000133,zh-CN-XiaoxiaoNeural,
data/redteam/factory/edgetts/mandarin/edgetts_mandarin_zh-CN-XiaoxiaoNeural_SC-000153.wav,spoof,RT-EDGETTS-MANDARIN,clean,redteam_factory/Edge-TTS,微软服务条款，仅研究评测用途,edgetts,mandarin,SC-000153,zh-CN-XiaoxiaoNeural,
data/redteam/factory/edgetts/mandarin/edgetts_mandarin_zh-CN-XiaoxiaoNeural_SC-000171.wav,spoof,RT-EDGETTS-MANDARIN,clean,redteam_factory/Edge-TTS,微软服务条款，仅研究评测用途,edgetts,mandarin,SC-000171,zh-CN-XiaoxiaoNeural,
data/redteam/factory/edgetts/mandarin/edgetts_mandarin_zh-CN-XiaoxiaoNeural_SC-000185.wav,spoof,RT-EDGETTS-MANDARIN,clean,redteam_factory/Edge-TTS,微软服务条款，仅研究评测用途,edgetts,mandarin,SC-000185,zh-CN-XiaoxiaoNeural,
data/redteam/factory/edgetts/mandarin/edgetts_mandarin_zh-CN-XiaoxiaoNeural_SC-000204.wav,spoof,RT-EDGETTS-MANDARIN,clean,redteam_factory/Edge-TTS,微软服务条款，仅研究评测用途,edgetts,mandarin,SC-000204,zh-CN-XiaoxiaoNeural,
data/redteam/factory/edgetts/mandarin/edgetts_mandarin_zh-CN-XiaoxiaoNeural_SC-000227.wav,spoof,RT-EDGETTS-MANDARIN,clean,redteam_factory/Edge-TTS,微软服务条款，仅研究评测用途,edgetts,mandarin,SC-000227,zh-CN-XiaoxiaoNeural,
data/redteam/factory/edgetts/mandarin/edgetts_mandarin_zh-CN-XiaoxiaoNeural_SC-000253.wav,spoof,RT-EDGETTS-MANDARIN,clean,redteam_factory/Edge-TTS,微软服务条款，仅研究评测用途,edgetts,mandarin,SC-000253,zh-CN-XiaoxiaoNeural,
data/redteam/factory/edgetts/mandarin/edgetts_mandarin_zh-CN-XiaoxiaoNeural_SC-000276.wav,spoof,RT-EDGETTS-MANDARIN,clean,redteam_factory/Edge-TTS,微软服务条款，仅研究评测用途,edgetts,mandarin,SC-000276,zh-CN-XiaoxiaoNeural,
data/redteam/factory/edgetts/mandarin/edgetts_mandarin_zh-CN-XiaoxiaoNeural_SC-000300.wav,spoof,RT-EDGETTS-MANDARIN,clean,redteam_factory/Edge-TTS,微软服务条款，仅研究评测用途,edgetts,mandarin,SC-000300,zh-CN-XiaoxiaoNeural,
data/redteam/factory/edgetts/mandarin/edgetts_mandarin_zh-CN-XiaoxiaoNeural_SC-000314.wav,spoof,RT-EDGETTS-MANDARIN,clean,redteam_factory/Edge-TTS,微软服务条款，仅研究评测用途,edgetts,mandarin,SC-000314,zh-CN-XiaoxiaoNeural,
data/redteam/factory/edgetts/mandarin/edgetts_mandarin_zh-CN-XiaoxiaoNeural_SC-000336.wav,spoof,RT-EDGETTS-MANDARIN,clean,redteam_factory/Edge-TTS,微软服务条款，仅研究评测用途,edgetts,mandarin,SC-000336,zh-CN-XiaoxiaoNeural,
data/redteam/factory/edgetts/mandarin/edgetts_mandarin_zh-CN-XiaoxiaoNeural_SC-000357.wav,spoof,RT-EDGETTS-MANDARIN,clean,redteam_factory/Edge-TTS,微软服务条款，仅研究评测用途,edgetts,mandarin,SC-000357,zh-CN-XiaoxiaoNeural,
data/redteam/factory/edgetts/mandarin/edgetts_mandarin_zh-CN-XiaoxiaoNeural_SC-000376.wav,spoof,RT-EDGETTS-MANDARIN,clean,redteam_factory/Edge-TTS,微软服务条款，仅研究评测用途,edgetts,mandarin,SC-000376,zh-CN-XiaoxiaoNeural,
data/redteam/factory/edgetts/mandarin/edgetts_mandarin_zh-CN-XiaoxiaoNeural_SC-000398.wav,spoof,RT-EDGETTS-MANDARIN,clean,redteam_factory/Edge-TTS,微软服务条款，仅研究评测用途,edgetts,mandarin,SC-000398,zh-CN-XiaoxiaoNeural,
data/redteam/factory/edgetts/mandarin/edgetts_mandarin_zh-CN-XiaoxiaoNeural_SC-000433.wav,spoof,RT-EDGETTS-MANDARIN,clean,redteam_factory/Edge-TTS,微软服务条款，仅研究评测用途,edgetts,mandarin,SC-000433,zh-CN-XiaoxiaoNeural,
data/redteam/factory/edgetts/mandarin/edgetts_mandarin_zh-CN-XiaoxiaoNeural_SC-000453.wav,spoof,RT-EDGETTS-MANDARIN,clean,redteam_factory/Edge-TTS,微软服务条款，仅研究评测用途,edgetts,mandarin,SC-000453,zh-CN-XiaoxiaoNeural,
data/redteam/factory/edgetts/mandarin/edgetts_mandarin_zh-CN-XiaoxiaoNeural_SC-000471.wav,spoof,RT-EDGETTS-MANDARIN,clean,redteam_factory/Edge-TTS,微软服务条款，仅研究评测用途,edgetts,mandarin,SC-000471,zh-CN-XiaoxiaoNeural,
data/redteam/factory/edgetts/mandarin/edgetts_mandarin_zh-CN-XiaoxiaoNeural_SC-000486.wav,spoof,RT-EDGETTS-MANDARIN,clean,redteam_factory/Edge-TTS,微软服务条款，仅研究评测用途,edgetts,mandarin,SC-000486,zh-CN-XiaoxiaoNeural,
data/redteam/factory/edgetts/mandarin/edgetts_mandarin_zh-CN-XiaoxiaoNeural_SC-000507.wav,spoof,RT-EDGETTS-MANDARIN,clean,redteam_factory/Edge-TTS,微软服务条款，仅研究评测用途,edgetts,mandarin,SC-000507,zh-CN-XiaoxiaoNeural,
data/redteam/factory/edgetts/mandarin/edgetts_mandarin_zh-CN-YunjianNeural_SC-000133.wav,spoof,RT-EDGETTS-MANDARIN,clean,redteam_factory/Edge-TTS,微软服务条款，仅研究评测用途,edgetts,mandarin,SC-000133,zh-CN-YunjianNeural,
data/redteam/factory/edgetts/mandarin/edgetts_mandarin_zh-CN-YunjianNeural_SC-000153.wav,spoof,RT-EDGETTS-MANDARIN,clean,redteam_factory/Edge-TTS,微软服务条款，仅研究评测用途,edgetts,mandarin,SC-000153,zh-CN-YunjianNeural,
data/redteam/factory/edgetts/mandarin/edgetts_mandarin_zh-CN-YunjianNeural_SC-000171.wav,spoof,RT-EDGETTS-MANDARIN,clean,redteam_factory/Edge-TTS,微软服务条款，仅研究评测用途,edgetts,mandarin,SC-000171,zh-CN-YunjianNeural,
data/redteam/factory/edgetts/mandarin/edgetts_mandarin_zh-CN-YunjianNeural_SC-000185.wav,spoof,RT-EDGETTS-MANDARIN,clean,redteam_factory/Edge-TTS,微软服务条款，仅研究评测用途,edgetts,mandarin,SC-000185,zh-CN-YunjianNeural,
data/redteam/factory/edgetts/mandarin/edgetts_mandarin_zh-CN-YunjianNeural_SC-000204.wav,spoof,RT-EDGETTS-MANDARIN,clean,redteam_factory/Edge-TTS,微软服务条款，仅研究评测用途,edgetts,mandarin,SC-000204,zh-CN-YunjianNeural,
data/redteam/factory/edgetts/mandarin/edgetts_mandarin_zh-CN-YunjianNeural_SC-000227.wav,spoof,RT-EDGETTS-MANDARIN,clean,redteam_factory/Edge-TTS,微软服务条款，仅研究评测用途,edgetts,mandarin,SC-000227,zh-CN-YunjianNeural,
data/redteam/factory/edgetts/mandarin/edgetts_mandarin_zh-CN-YunjianNeural_SC-000253.wav,spoof,RT-EDGETTS-MANDARIN,clean,redteam_factory/Edge-TTS,微软服务条款，仅研究评测用途,edgetts,mandarin,SC-000253,zh-CN-YunjianNeural,
data/redteam/factory/edgetts/mandarin/edgetts_mandarin_zh-CN-YunjianNeural_SC-000276.wav,spoof,RT-EDGETTS-MANDARIN,clean,redteam_factory/Edge-TTS,微软服务条款，仅研究评测用途,edgetts,mandarin,SC-000276,zh-CN-YunjianNeural,
data/redteam/factory/edgetts/mandarin/edgetts_mandarin_zh-CN-YunjianNeural_SC-000300.wav,spoof,RT-EDGETTS-MANDARIN,clean,redteam_factory/Edge-TTS,微软服务条款，仅研究评测用途,edgetts,mandarin,SC-000300,zh-CN-YunjianNeural,
data/redteam/factory/edgetts/mandarin/edgetts_mandarin_zh-CN-YunjianNeural_SC-000314.wav,spoof,RT-EDGETTS-MANDARIN,clean,redteam_factory/Edge-TTS,微软服务条款，仅研究评测用途,edgetts,mandarin,SC-000314,zh-CN-YunjianNeural,
data/redteam/factory/edgetts/mandarin/edgetts_mandarin_zh-CN-YunjianNeural_SC-000336.wav,spoof,RT-EDGETTS-MANDARIN,clean,redteam_factory/Edge-TTS,微软服务条款，仅研究评测用途,edgetts,mandarin,SC-000336,zh-CN-YunjianNeural,
data/redteam/factory/edgetts/mandarin/edgetts_mandarin_zh-CN-YunjianNeural_SC-000357.wav,spoof,RT-EDGETTS-MANDARIN,clean,redteam_factory/Edge-TTS,微软服务条款，仅研究评测用途,edgetts,mandarin,SC-000357,zh-CN-YunjianNeural,
data/redteam/factory/edgetts/mandarin/edgetts_mandarin_zh-CN-YunjianNeural_SC-000376.wav,spoof,RT-EDGETTS-MANDARIN,clean,redteam_factory/Edge-TTS,微软服务条款，仅研究评测用途,edgetts,mandarin,SC-000376,zh-CN-YunjianNeural,
data/redteam/factory/edgetts/mandarin/edgetts_mandarin_zh-CN-YunjianNeural_SC-000398.wav,spoof,RT-EDGETTS-MANDARIN,clean,redteam_factory/Edge-TTS,微软服务条款，仅研究评测用途,edgetts,mandarin,SC-000398,zh-CN-YunjianNeural,
data/redteam/factory/edgetts/mandarin/edgetts_mandarin_zh-CN-YunjianNeural_SC-000433.wav,spoof,RT-EDGETTS-MANDARIN,clean,redteam_factory/Edge-TTS,微软服务条款，仅研究评测用途,edgetts,mandarin,SC-000433,zh-CN-YunjianNeural,
data/redteam/factory/edgetts/mandarin/edgetts_mandarin_zh-CN-YunjianNeural_SC-000453.wav,spoof,RT-EDGETTS-MANDARIN,clean,redteam_factory/Edge-TTS,微软服务条款，仅研究评测用途,edgetts,mandarin,SC-000453,zh-CN-YunjianNeural,
data/redteam/factory/edgetts/mandarin/edgetts_mandarin_zh-CN-YunjianNeural_SC-000471.wav,spoof,RT-EDGETTS-MANDARIN,clean,redteam_factory/Edge-TTS,微软服务条款，仅研究评测用途,edgetts,mandarin,SC-000471,zh-CN-YunjianNeural,
data/redteam/factory/edgetts/mandarin/edgetts_mandarin_zh-CN-YunjianNeural_SC-000486.wav,spoof,RT-EDGETTS-MANDARIN,clean,redteam_factory/Edge-TTS,微软服务条款，仅研究评测用途,edgetts,mandarin,SC-000486,zh-CN-YunjianNeural,
data/redteam/factory/edgetts/mandarin/edgetts_mandarin_zh-CN-YunjianNeural_SC-000507.wav,spoof,RT-EDGETTS-MANDARIN,clean,redteam_factory/Edge-TTS,微软服务条款，仅研究评测用途,edgetts,mandarin,SC-000507,zh-CN-YunjianNeural,
data/redteam/factory/edgetts/mandarin/edgetts_mandarin_zh-CN-YunyangNeural_SC-000133.wav,spoof,RT-EDGETTS-MANDARIN,clean,redteam_factory/Edge-TTS,微软服务条款，仅研究评测用途,edgetts,mandarin,SC-000133,zh-CN-YunyangNeural,
data/redteam/factory/edgetts/mandarin/edgetts_mandarin_zh-CN-YunyangNeural_SC-000153.wav,spoof,RT-EDGETTS-MANDARIN,clean,redteam_factory/Edge-TTS,微软服务条款，仅研究评测用途,edgetts,mandarin,SC-000153,zh-CN-YunyangNeural,
data/redteam/factory/edgetts/mandarin/edgetts_mandarin_zh-CN-YunyangNeural_SC-000171.wav,spoof,RT-EDGETTS-MANDARIN,clean,redteam_factory/Edge-TTS,微软服务条款，仅研究评测用途,edgetts,mandarin,SC-000171,zh-CN-YunyangNeural,
data/redteam/factory/edgetts/mandarin/edgetts_mandarin_zh-CN-YunyangNeural_SC-000185.wav,spoof,RT-EDGETTS-MANDARIN,clean,redteam_factory/Edge-TTS,微软服务条款，仅研究评测用途,edgetts,mandarin,SC-000185,zh-CN-YunyangNeural,
data/redteam/factory/edgetts/mandarin/edgetts_mandarin_zh-CN-YunyangNeural_SC-000204.wav,spoof,RT-EDGETTS-MANDARIN,clean,redteam_factory/Edge-TTS,微软服务条款，仅研究评测用途,edgetts,mandarin,SC-000204,zh-CN-YunyangNeural,
data/redteam/factory/edgetts/mandarin/edgetts_mandarin_zh-CN-YunyangNeural_SC-000227.wav,spoof,RT-EDGETTS-MANDARIN,clean,redteam_factory/Edge-TTS,微软服务条款，仅研究评测用途,edgetts,mandarin,SC-000227,zh-CN-YunyangNeural,
data/redteam/factory/edgetts/mandarin/edgetts_mandarin_zh-CN-YunyangNeural_SC-000253.wav,spoof,RT-EDGETTS-MANDARIN,clean,redteam_factory/Edge-TTS,微软服务条款，仅研究评测用途,edgetts,mandarin,SC-000253,zh-CN-YunyangNeural,
data/redteam/factory/edgetts/mandarin/edgetts_mandarin_zh-CN-YunyangNeural_SC-000276.wav,spoof,RT-EDGETTS-MANDARIN,clean,redteam_factory/Edge-TTS,微软服务条款，仅研究评测用途,edgetts,mandarin,SC-000276,zh-CN-YunyangNeural,
data/redteam/factory/edgetts/mandarin/edgetts_mandarin_zh-CN-YunyangNeural_SC-000300.wav,spoof,RT-EDGETTS-MANDARIN,clean,redteam_factory/Edge-TTS,微软服务条款，仅研究评测用途,edgetts,mandarin,SC-000300,zh-CN-YunyangNeural,
data/redteam/factory/edgetts/mandarin/edgetts_mandarin_zh-CN-YunyangNeural_SC-000314.wav,spoof,RT-EDGETTS-MANDARIN,clean,redteam_factory/Edge-TTS,微软服务条款，仅研究评测用途,edgetts,mandarin,SC-000314,zh-CN-YunyangNeural,
data/redteam/factory/edgetts/mandarin/edgetts_mandarin_zh-CN-YunyangNeural_SC-000336.wav,spoof,RT-EDGETTS-MANDARIN,clean,redteam_factory/Edge-TTS,微软服务条款，仅研究评测用途,edgetts,mandarin,SC-000336,zh-CN-YunyangNeural,
data/redteam/factory/edgetts/mandarin/edgetts_mandarin_zh-CN-YunyangNeural_SC-000357.wav,spoof,RT-EDGETTS-MANDARIN,clean,redteam_factory/Edge-TTS,微软服务条款，仅研究评测用途,edgetts,mandarin,SC-000357,zh-CN-YunyangNeural,
data/redteam/factory/edgetts/mandarin/edgetts_mandarin_zh-CN-YunyangNeural_SC-000376.wav,spoof,RT-EDGETTS-MANDARIN,clean,redteam_factory/Edge-TTS,微软服务条款，仅研究评测用途,edgetts,mandarin,SC-000376,zh-CN-YunyangNeural,
data/redteam/factory/edgetts/mandarin/edgetts_mandarin_zh-CN-YunyangNeural_SC-000398.wav,spoof,RT-EDGETTS-MANDARIN,clean,redteam_factory/Edge-TTS,微软服务条款，仅研究评测用途,edgetts,mandarin,SC-000398,zh-CN-YunyangNeural,
data/redteam/factory/edgetts/mandarin/edgetts_mandarin_zh-CN-YunyangNeural_SC-000433.wav,spoof,RT-EDGETTS-MANDARIN,clean,redteam_factory/Edge-TTS,微软服务条款，仅研究评测用途,edgetts,mandarin,SC-000433,zh-CN-YunyangNeural,
data/redteam/factory/edgetts/mandarin/edgetts_mandarin_zh-CN-YunyangNeural_SC-000453.wav,spoof,RT-EDGETTS-MANDARIN,clean,redteam_factory/Edge-TTS,微软服务条款，仅研究评测用途,edgetts,mandarin,SC-000453,zh-CN-YunyangNeural,
data/redteam/factory/edgetts/mandarin/edgetts_mandarin_zh-CN-YunyangNeural_SC-000471.wav,spoof,RT-EDGETTS-MANDARIN,clean,redteam_factory/Edge-TTS,微软服务条款，仅研究评测用途,edgetts,mandarin,SC-000471,zh-CN-YunyangNeural,
data/redteam/factory/edgetts/mandarin/edgetts_mandarin_zh-CN-YunyangNeural_SC-000486.wav,spoof,RT-EDGETTS-MANDARIN,clean,redteam_factory/Edge-TTS,微软服务条款，仅研究评测用途,edgetts,mandarin,SC-000486,zh-CN-YunyangNeural,
data/redteam/factory/edgetts/mandarin/edgetts_mandarin_zh-CN-YunyangNeural_SC-000507.wav,spoof,RT-EDGETTS-MANDARIN,clean,redteam_factory/Edge-TTS,微软服务条款，仅研究评测用途,edgetts,mandarin,SC-000507,zh-CN-YunyangNeural,
data/redteam/factory/edgetts/minnan/edgetts_minnan_zh-TW-HsiaoChenNeural_SC-000532.wav,spoof,RT-EDGETTS-MINNAN,clean,redteam_factory/Edge-TTS,微软服务条款，仅研究评测用途,edgetts,minnan,SC-000532,zh-TW-HsiaoChenNeural,
data/redteam/factory/edgetts/minnan/edgetts_minnan_zh-TW-HsiaoChenNeural_SC-000594.wav,spoof,RT-EDGETTS-MINNAN,clean,redteam_factory/Edge-TTS,微软服务条款，仅研究评测用途,edgetts,minnan,SC-000594,zh-TW-HsiaoChenNeural,
data/redteam/factory/edgetts/minnan/edgetts_minnan_zh-TW-HsiaoChenNeural_SC-000648.wav,spoof,RT-EDGETTS-MINNAN,clean,redteam_factory/Edge-TTS,微软服务条款，仅研究评测用途,edgetts,minnan,SC-000648,zh-TW-HsiaoChenNeural,
data/redteam/factory/edgetts/minnan/edgetts_minnan_zh-TW-HsiaoChenNeural_SC-000705.wav,spoof,RT-EDGETTS-MINNAN,clean,redteam_factory/Edge-TTS,微软服务条款，仅研究评测用途,edgetts,minnan,SC-000705,zh-TW-HsiaoChenNeural,
data/redteam/factory/edgetts/minnan/edgetts_minnan_zh-TW-HsiaoChenNeural_SC-000772.wav,spoof,RT-EDGETTS-MINNAN,clean,redteam_factory/Edge-TTS,微软服务条款，仅研究评测用途,edgetts,minnan,SC-000772,zh-TW-HsiaoChenNeural,
data/redteam/factory/edgetts/minnan/edgetts_minnan_zh-TW-HsiaoChenNeural_SC-000834.wav,spoof,RT-EDGETTS-MINNAN,clean,redteam_factory/Edge-TTS,微软服务条款，仅研究评测用途,edgetts,minnan,SC-000834,zh-TW-HsiaoChenNeural,
data/redteam/factory/edgetts/minnan/edgetts_minnan_zh-TW-HsiaoChenNeural_SC-000880.wav,spoof,RT-EDGETTS-MINNAN,clean,redteam_factory/Edge-TTS,微软服务条款，仅研究评测用途,edgetts,minnan,SC-000880,zh-TW-HsiaoChenNeural,
data/redteam/factory/edgetts/minnan/edgetts_minnan_zh-TW-HsiaoChenNeural_SC-000940.wav,spoof,RT-EDGETTS-MINNAN,clean,redteam_factory/Edge-TTS,微软服务条款，仅研究评测用途,edgetts,minnan,SC-000940,zh-TW-HsiaoChenNeural,
data/redteam/factory/edgetts/minnan/edgetts_minnan_zh-TW-HsiaoChenNeural_SC-000980.wav,spoof,RT-EDGETTS-MINNAN,clean,redteam_factory/Edge-TTS,微软服务条款，仅研究评测用途,edgetts,minnan,SC-000980,zh-TW-HsiaoChenNeural,
data/redteam/factory/edgetts/minnan/edgetts_minnan_zh-TW-HsiaoChenNeural_SC-001034.wav,spoof,RT-EDGETTS-MINNAN,clean,redteam_factory/Edge-TTS,微软服务条款，仅研究评测用途,edgetts,minnan,SC-001034,zh-TW-HsiaoChenNeural,
data/redteam/factory/edgetts/minnan/edgetts_minnan_zh-TW-HsiaoChenNeural_SC-001098.wav,spoof,RT-EDGETTS-MINNAN,clean,redteam_factory/Edge-TTS,微软服务条款，仅研究评测用途,edgetts,minnan,SC-001098,zh-TW-HsiaoChenNeural,
data/redteam/factory/edgetts/minnan/edgetts_minnan_zh-TW-HsiaoChenNeural_SC-001136.wav,spoof,RT-EDGETTS-MINNAN,clean,redteam_factory/Edge-TTS,微软服务条款，仅研究评测用途,edgetts,minnan,SC-001136,zh-TW-HsiaoChenNeural,
data/redteam/factory/edgetts/minnan/edgetts_minnan_zh-TW-HsiaoChenNeural_SC-001220.wav,spoof,RT-EDGETTS-MINNAN,clean,redteam_factory/Edge-TTS,微软服务条款，仅研究评测用途,edgetts,minnan,SC-001220,zh-TW-HsiaoChenNeural,
data/redteam/factory/edgetts/minnan/edgetts_minnan_zh-TW-HsiaoChenNeural_SC-001264.wav,spoof,RT-EDGETTS-MINNAN,clean,redteam_factory/Edge-TTS,微软服务条款，仅研究评测用途,edgetts,minnan,SC-001264,zh-TW-HsiaoChenNeural,
data/redteam/factory/edgetts/minnan/edgetts_minnan_zh-TW-HsiaoChenNeural_SC-001311.wav,spoof,RT-EDGETTS-MINNAN,clean,redteam_factory/Edge-TTS,微软服务条款，仅研究评测用途,edgetts,minnan,SC-001311,zh-TW-HsiaoChenNeural,
data/redteam/factory/edgetts/minnan/edgetts_minnan_zh-TW-HsiaoChenNeural_SC-001414.wav,spoof,RT-EDGETTS-MINNAN,clean,redteam_factory/Edge-TTS,微软服务条款，仅研究评测用途,edgetts,minnan,SC-001414,zh-TW-HsiaoChenNeural,
data/redteam/factory/edgetts/minnan/edgetts_minnan_zh-TW-HsiaoChenNeural_SC-001484.wav,spoof,RT-EDGETTS-MINNAN,clean,redteam_factory/Edge-TTS,微软服务条款，仅研究评测用途,edgetts,minnan,SC-001484,zh-TW-HsiaoChenNeural,
data/redteam/factory/edgetts/minnan/edgetts_minnan_zh-TW-HsiaoChenNeural_SC-001589.wav,spoof,RT-EDGETTS-MINNAN,clean,redteam_factory/Edge-TTS,微软服务条款，仅研究评测用途,edgetts,minnan,SC-001589,zh-TW-HsiaoChenNeural,
data/redteam/factory/edgetts/minnan/edgetts_minnan_zh-TW-HsiaoChenNeural_SC-001677.wav,spoof,RT-EDGETTS-MINNAN,clean,redteam_factory/Edge-TTS,微软服务条款，仅研究评测用途,edgetts,minnan,SC-001677,zh-TW-HsiaoChenNeural,
data/redteam/factory/edgetts/minnan/edgetts_minnan_zh-TW-YunJheNeural_SC-000532.wav,spoof,RT-EDGETTS-MINNAN,clean,redteam_factory/Edge-TTS,微软服务条款，仅研究评测用途,edgetts,minnan,SC-000532,zh-TW-YunJheNeural,
data/redteam/factory/edgetts/minnan/edgetts_minnan_zh-TW-YunJheNeural_SC-000594.wav,spoof,RT-EDGETTS-MINNAN,clean,redteam_factory/Edge-TTS,微软服务条款，仅研究评测用途,edgetts,minnan,SC-000594,zh-TW-YunJheNeural,
data/redteam/factory/edgetts/minnan/edgetts_minnan_zh-TW-YunJheNeural_SC-000648.wav,spoof,RT-EDGETTS-MINNAN,clean,redteam_factory/Edge-TTS,微软服务条款，仅研究评测用途,edgetts,minnan,SC-000648,zh-TW-YunJheNeural,
data/redteam/factory/edgetts/minnan/edgetts_minnan_zh-TW-YunJheNeural_SC-000705.wav,spoof,RT-EDGETTS-MINNAN,clean,redteam_factory/Edge-TTS,微软服务条款，仅研究评测用途,edgetts,minnan,SC-000705,zh-TW-YunJheNeural,
data/redteam/factory/edgetts/minnan/edgetts_minnan_zh-TW-YunJheNeural_SC-000772.wav,spoof,RT-EDGETTS-MINNAN,clean,redteam_factory/Edge-TTS,微软服务条款，仅研究评测用途,edgetts,minnan,SC-000772,zh-TW-YunJheNeural,
data/redteam/factory/edgetts/minnan/edgetts_minnan_zh-TW-YunJheNeural_SC-000834.wav,spoof,RT-EDGETTS-MINNAN,clean,redteam_factory/Edge-TTS,微软服务条款，仅研究评测用途,edgetts,minnan,SC-000834,zh-TW-YunJheNeural,
data/redteam/factory/edgetts/minnan/edgetts_minnan_zh-TW-YunJheNeural_SC-000880.wav,spoof,RT-EDGETTS-MINNAN,clean,redteam_factory/Edge-TTS,微软服务条款，仅研究评测用途,edgetts,minnan,SC-000880,zh-TW-YunJheNeural,
data/redteam/factory/edgetts/minnan/edgetts_minnan_zh-TW-YunJheNeural_SC-000940.wav,spoof,RT-EDGETTS-MINNAN,clean,redteam_factory/Edge-TTS,微软服务条款，仅研究评测用途,edgetts,minnan,SC-000940,zh-TW-YunJheNeural,
data/redteam/factory/edgetts/minnan/edgetts_minnan_zh-TW-YunJheNeural_SC-000980.wav,spoof,RT-EDGETTS-MINNAN,clean,redteam_factory/Edge-TTS,微软服务条款，仅研究评测用途,edgetts,minnan,SC-000980,zh-TW-YunJheNeural,
data/redteam/factory/edgetts/minnan/edgetts_minnan_zh-TW-YunJheNeural_SC-001034.wav,spoof,RT-EDGETTS-MINNAN,clean,redteam_factory/Edge-TTS,微软服务条款，仅研究评测用途,edgetts,minnan,SC-001034,zh-TW-YunJheNeural,
data/redteam/factory/edgetts/minnan/edgetts_minnan_zh-TW-YunJheNeural_SC-001098.wav,spoof,RT-EDGETTS-MINNAN,clean,redteam_factory/Edge-TTS,微软服务条款，仅研究评测用途,edgetts,minnan,SC-001098,zh-TW-YunJheNeural,
data/redteam/factory/edgetts/minnan/edgetts_minnan_zh-TW-YunJheNeural_SC-001136.wav,spoof,RT-EDGETTS-MINNAN,clean,redteam_factory/Edge-TTS,微软服务条款，仅研究评测用途,edgetts,minnan,SC-001136,zh-TW-YunJheNeural,
data/redteam/factory/edgetts/minnan/edgetts_minnan_zh-TW-YunJheNeural_SC-001220.wav,spoof,RT-EDGETTS-MINNAN,clean,redteam_factory/Edge-TTS,微软服务条款，仅研究评测用途,edgetts,minnan,SC-001220,zh-TW-YunJheNeural,
data/redteam/factory/edgetts/minnan/edgetts_minnan_zh-TW-YunJheNeural_SC-001264.wav,spoof,RT-EDGETTS-MINNAN,clean,redteam_factory/Edge-TTS,微软服务条款，仅研究评测用途,edgetts,minnan,SC-001264,zh-TW-YunJheNeural,
data/redteam/factory/edgetts/minnan/edgetts_minnan_zh-TW-YunJheNeural_SC-001311.wav,spoof,RT-EDGETTS-MINNAN,clean,redteam_factory/Edge-TTS,微软服务条款，仅研究评测用途,edgetts,minnan,SC-001311,zh-TW-YunJheNeural,
data/redteam/factory/edgetts/minnan/edgetts_minnan_zh-TW-YunJheNeural_SC-001414.wav,spoof,RT-EDGETTS-MINNAN,clean,redteam_factory/Edge-TTS,微软服务条款，仅研究评测用途,edgetts,minnan,SC-001414,zh-TW-YunJheNeural,
data/redteam/factory/edgetts/minnan/edgetts_minnan_zh-TW-YunJheNeural_SC-001484.wav,spoof,RT-EDGETTS-MINNAN,clean,redteam_factory/Edge-TTS,微软服务条款，仅研究评测用途,edgetts,minnan,SC-001484,zh-TW-YunJheNeural,
data/redteam/factory/edgetts/minnan/edgetts_minnan_zh-TW-YunJheNeural_SC-001589.wav,spoof,RT-EDGETTS-MINNAN,clean,redteam_factory/Edge-TTS,微软服务条款，仅研究评测用途,edgetts,minnan,SC-001589,zh-TW-YunJheNeural,
data/redteam/factory/edgetts/minnan/edgetts_minnan_zh-TW-YunJheNeural_SC-001677.wav,spoof,RT-EDGETTS-MINNAN,clean,redteam_factory/Edge-TTS,微软服务条款，仅研究评测用途,edgetts,minnan,SC-001677,zh-TW-YunJheNeural,
data/redteam/factory/edgetts/sichuan/edgetts_sichuan_zh-CN-YunxiNeural_SC-000320.wav,spoof,RT-EDGETTS-SICHUAN,clean,redteam_factory/Edge-TTS,微软服务条款，仅研究评测用途,edgetts,sichuan,SC-000320,zh-CN-YunxiNeural,
data/redteam/factory/edgetts/sichuan/edgetts_sichuan_zh-CN-YunxiNeural_SC-000372.wav,spoof,RT-EDGETTS-SICHUAN,clean,redteam_factory/Edge-TTS,微软服务条款，仅研究评测用途,edgetts,sichuan,SC-000372,zh-CN-YunxiNeural,
data/redteam/factory/edgetts/sichuan/edgetts_sichuan_zh-CN-YunxiNeural_SC-000390.wav,spoof,RT-EDGETTS-SICHUAN,clean,redteam_factory/Edge-TTS,微软服务条款，仅研究评测用途,edgetts,sichuan,SC-000390,zh-CN-YunxiNeural,
data/redteam/factory/edgetts/sichuan/edgetts_sichuan_zh-CN-YunxiNeural_SC-000469.wav,spoof,RT-EDGETTS-SICHUAN,clean,redteam_factory/Edge-TTS,微软服务条款，仅研究评测用途,edgetts,sichuan,SC-000469,zh-CN-YunxiNeural,
data/redteam/factory/edgetts/sichuan/edgetts_sichuan_zh-CN-YunxiNeural_SC-000535.wav,spoof,RT-EDGETTS-SICHUAN,clean,redteam_factory/Edge-TTS,微软服务条款，仅研究评测用途,edgetts,sichuan,SC-000535,zh-CN-YunxiNeural,
data/redteam/factory/edgetts/sichuan/edgetts_sichuan_zh-CN-YunxiNeural_SC-000615.wav,spoof,RT-EDGETTS-SICHUAN,clean,redteam_factory/Edge-TTS,微软服务条款，仅研究评测用途,edgetts,sichuan,SC-000615,zh-CN-YunxiNeural,
data/redteam/factory/edgetts/sichuan/edgetts_sichuan_zh-CN-YunxiNeural_SC-000675.wav,spoof,RT-EDGETTS-SICHUAN,clean,redteam_factory/Edge-TTS,微软服务条款，仅研究评测用途,edgetts,sichuan,SC-000675,zh-CN-YunxiNeural,
data/redteam/factory/edgetts/sichuan/edgetts_sichuan_zh-CN-YunxiNeural_SC-000812.wav,spoof,RT-EDGETTS-SICHUAN,clean,redteam_factory/Edge-TTS,微软服务条款，仅研究评测用途,edgetts,sichuan,SC-000812,zh-CN-YunxiNeural,
data/redteam/factory/edgetts/sichuan/edgetts_sichuan_zh-CN-YunxiNeural_SC-000896.wav,spoof,RT-EDGETTS-SICHUAN,clean,redteam_factory/Edge-TTS,微软服务条款，仅研究评测用途,edgetts,sichuan,SC-000896,zh-CN-YunxiNeural,
data/redteam/factory/edgetts/sichuan/edgetts_sichuan_zh-CN-YunxiNeural_SC-000979.wav,spoof,RT-EDGETTS-SICHUAN,clean,redteam_factory/Edge-TTS,微软服务条款，仅研究评测用途,edgetts,sichuan,SC-000979,zh-CN-YunxiNeural,
data/redteam/factory/edgetts/sichuan/edgetts_sichuan_zh-CN-YunxiNeural_SC-001041.wav,spoof,RT-EDGETTS-SICHUAN,clean,redteam_factory/Edge-TTS,微软服务条款，仅研究评测用途,edgetts,sichuan,SC-001041,zh-CN-YunxiNeural,
data/redteam/factory/edgetts/sichuan/edgetts_sichuan_zh-CN-YunxiNeural_SC-001138.wav,spoof,RT-EDGETTS-SICHUAN,clean,redteam_factory/Edge-TTS,微软服务条款，仅研究评测用途,edgetts,sichuan,SC-001138,zh-CN-YunxiNeural,
data/redteam/factory/edgetts/sichuan/edgetts_sichuan_zh-CN-YunxiNeural_SC-001195.wav,spoof,RT-EDGETTS-SICHUAN,clean,redteam_factory/Edge-TTS,微软服务条款，仅研究评测用途,edgetts,sichuan,SC-001195,zh-CN-YunxiNeural,
data/redteam/factory/edgetts/sichuan/edgetts_sichuan_zh-CN-YunxiNeural_SC-001252.wav,spoof,RT-EDGETTS-SICHUAN,clean,redteam_factory/Edge-TTS,微软服务条款，仅研究评测用途,edgetts,sichuan,SC-001252,zh-CN-YunxiNeural,
data/redteam/factory/edgetts/sichuan/edgetts_sichuan_zh-CN-YunxiNeural_SC-001351.wav,spoof,RT-EDGETTS-SICHUAN,clean,redteam_factory/Edge-TTS,微软服务条款，仅研究评测用途,edgetts,sichuan,SC-001351,zh-CN-YunxiNeural,
data/redteam/factory/edgetts/sichuan/edgetts_sichuan_zh-CN-YunxiNeural_SC-001404.wav,spoof,RT-EDGETTS-SICHUAN,clean,redteam_factory/Edge-TTS,微软服务条款，仅研究评测用途,edgetts,sichuan,SC-001404,zh-CN-YunxiNeural,
data/redteam/factory/edgetts/sichuan/edgetts_sichuan_zh-CN-YunxiNeural_SC-001464.wav,spoof,RT-EDGETTS-SICHUAN,clean,redteam_factory/Edge-TTS,微软服务条款，仅研究评测用途,edgetts,sichuan,SC-001464,zh-CN-YunxiNeural,
data/redteam/factory/edgetts/sichuan/edgetts_sichuan_zh-CN-YunxiNeural_SC-001535.wav,spoof,RT-EDGETTS-SICHUAN,clean,redteam_factory/Edge-TTS,微软服务条款，仅研究评测用途,edgetts,sichuan,SC-001535,zh-CN-YunxiNeural,
data/redteam/factory/edgetts/sichuan/edgetts_sichuan_zh-CN-XiaoxiaoNeural_SC-000320.wav,spoof,RT-EDGETTS-SICHUAN,clean,redteam_factory/Edge-TTS,微软服务条款，仅研究评测用途,edgetts,sichuan,SC-000320,zh-CN-XiaoxiaoNeural,
data/redteam/factory/edgetts/sichuan/edgetts_sichuan_zh-CN-XiaoxiaoNeural_SC-000372.wav,spoof,RT-EDGETTS-SICHUAN,clean,redteam_factory/Edge-TTS,微软服务条款，仅研究评测用途,edgetts,sichuan,SC-000372,zh-CN-XiaoxiaoNeural,
data/redteam/factory/edgetts/sichuan/edgetts_sichuan_zh-CN-XiaoxiaoNeural_SC-000390.wav,spoof,RT-EDGETTS-SICHUAN,clean,redteam_factory/Edge-TTS,微软服务条款，仅研究评测用途,edgetts,sichuan,SC-000390,zh-CN-XiaoxiaoNeural,
data/redteam/factory/edgetts/sichuan/edgetts_sichuan_zh-CN-XiaoxiaoNeural_SC-000469.wav,spoof,RT-EDGETTS-SICHUAN,clean,redteam_factory/Edge-TTS,微软服务条款，仅研究评测用途,edgetts,sichuan,SC-000469,zh-CN-XiaoxiaoNeural,
data/redteam/factory/edgetts/sichuan/edgetts_sichuan_zh-CN-XiaoxiaoNeural_SC-000535.wav,spoof,RT-EDGETTS-SICHUAN,clean,redteam_factory/Edge-TTS,微软服务条款，仅研究评测用途,edgetts,sichuan,SC-000535,zh-CN-XiaoxiaoNeural,
data/redteam/factory/edgetts/sichuan/edgetts_sichuan_zh-CN-XiaoxiaoNeural_SC-000615.wav,spoof,RT-EDGETTS-SICHUAN,clean,redteam_factory/Edge-TTS,微软服务条款，仅研究评测用途,edgetts,sichuan,SC-000615,zh-CN-XiaoxiaoNeural,
data/redteam/factory/edgetts/sichuan/edgetts_sichuan_zh-CN-XiaoxiaoNeural_SC-000675.wav,spoof,RT-EDGETTS-SICHUAN,clean,redteam_factory/Edge-TTS,微软服务条款，仅研究评测用途,edgetts,sichuan,SC-000675,zh-CN-XiaoxiaoNeural,
data/redteam/factory/edgetts/sichuan/edgetts_sichuan_zh-CN-XiaoxiaoNeural_SC-000745.wav,spoof,RT-EDGETTS-SICHUAN,clean,redteam_factory/Edge-TTS,微软服务条款，仅研究评测用途,edgetts,sichuan,SC-000745,zh-CN-XiaoxiaoNeural,
data/redteam/factory/edgetts/sichuan/edgetts_sichuan_zh-CN-XiaoxiaoNeural_SC-000812.wav,spoof,RT-EDGETTS-SICHUAN,clean,redteam_factory/Edge-TTS,微软服务条款，仅研究评测用途,edgetts,sichuan,SC-000812,zh-CN-XiaoxiaoNeural,
data/redteam/factory/edgetts/sichuan/edgetts_sichuan_zh-CN-XiaoxiaoNeural_SC-000896.wav,spoof,RT-EDGETTS-SICHUAN,clean,redteam_factory/Edge-TTS,微软服务条款，仅研究评测用途,edgetts,sichuan,SC-000896,zh-CN-XiaoxiaoNeural,
data/redteam/factory/edgetts/sichuan/edgetts_sichuan_zh-CN-XiaoxiaoNeural_SC-000979.wav,spoof,RT-EDGETTS-SICHUAN,clean,redteam_factory/Edge-TTS,微软服务条款，仅研究评测用途,edgetts,sichuan,SC-000979,zh-CN-XiaoxiaoNeural,
data/redteam/factory/edgetts/sichuan/edgetts_sichuan_zh-CN-XiaoxiaoNeural_SC-001041.wav,spoof,RT-EDGETTS-SICHUAN,clean,redteam_factory/Edge-TTS,微软服务条款，仅研究评测用途,edgetts,sichuan,SC-001041,zh-CN-XiaoxiaoNeural,
data/redteam/factory/edgetts/sichuan/edgetts_sichuan_zh-CN-XiaoxiaoNeural_SC-001138.wav,spoof,RT-EDGETTS-SICHUAN,clean,redteam_factory/Edge-TTS,微软服务条款，仅研究评测用途,edgetts,sichuan,SC-001138,zh-CN-XiaoxiaoNeural,
data/redteam/factory/edgetts/sichuan/edgetts_sichuan_zh-CN-XiaoxiaoNeural_SC-001195.wav,spoof,RT-EDGETTS-SICHUAN,clean,redteam_factory/Edge-TTS,微软服务条款，仅研究评测用途,edgetts,sichuan,SC-001195,zh-CN-XiaoxiaoNeural,
data/redteam/factory/edgetts/sichuan/edgetts_sichuan_zh-CN-XiaoxiaoNeural_SC-001252.wav,spoof,RT-EDGETTS-SICHUAN,clean,redteam_factory/Edge-TTS,微软服务条款，仅研究评测用途,edgetts,sichuan,SC-001252,zh-CN-XiaoxiaoNeural,
data/redteam/factory/edgetts/sichuan/edgetts_sichuan_zh-CN-XiaoxiaoNeural_SC-001351.wav,spoof,RT-EDGETTS-SICHUAN,clean,redteam_factory/Edge-TTS,微软服务条款，仅研究评测用途,edgetts,sichuan,SC-001351,zh-CN-XiaoxiaoNeural,
data/redteam/factory/edgetts/sichuan/edgetts_sichuan_zh-CN-XiaoxiaoNeural_SC-001404.wav,spoof,RT-EDGETTS-SICHUAN,clean,redteam_factory/Edge-TTS,微软服务条款，仅研究评测用途,edgetts,sichuan,SC-001404,zh-CN-XiaoxiaoNeural,
data/redteam/factory/edgetts/sichuan/edgetts_sichuan_zh-CN-XiaoxiaoNeural_SC-001464.wav,spoof,RT-EDGETTS-SICHUAN,clean,redteam_factory/Edge-TTS,微软服务条款，仅研究评测用途,edgetts,sichuan,SC-001464,zh-CN-XiaoxiaoNeural,
data/redteam/factory/edgetts/sichuan/edgetts_sichuan_zh-CN-XiaoxiaoNeural_SC-001535.wav,spoof,RT-EDGETTS-SICHUAN,clean,redteam_factory/Edge-TTS,微软服务条款，仅研究评测用途,edgetts,sichuan,SC-001535,zh-CN-XiaoxiaoNeural,
data/redteam/factory/edgetts/cantonese/edgetts_cantonese_zh-HK-HiuMaanNeural_SC-000489.wav,spoof,RT-EDGETTS-CANTONESE,clean,redteam_factory/Edge-TTS,微软服务条款，仅研究评测用途,edgetts,cantonese,SC-000489,zh-HK-HiuMaanNeural,
data/redteam/factory/edgetts/cantonese/edgetts_cantonese_zh-HK-HiuMaanNeural_SC-000547.wav,spoof,RT-EDGETTS-CANTONESE,clean,redteam_factory/Edge-TTS,微软服务条款，仅研究评测用途,edgetts,cantonese,SC-000547,zh-HK-HiuMaanNeural,
data/redteam/factory/edgetts/cantonese/edgetts_cantonese_zh-HK-HiuMaanNeural_SC-000603.wav,spoof,RT-EDGETTS-CANTONESE,clean,redteam_factory/Edge-TTS,微软服务条款，仅研究评测用途,edgetts,cantonese,SC-000603,zh-HK-HiuMaanNeural,
data/redteam/factory/edgetts/cantonese/edgetts_cantonese_zh-HK-HiuMaanNeural_SC-000686.wav,spoof,RT-EDGETTS-CANTONESE,clean,redteam_factory/Edge-TTS,微软服务条款，仅研究评测用途,edgetts,cantonese,SC-000686,zh-HK-HiuMaanNeural,
data/redteam/factory/edgetts/cantonese/edgetts_cantonese_zh-HK-HiuMaanNeural_SC-000718.wav,spoof,RT-EDGETTS-CANTONESE,clean,redteam_factory/Edge-TTS,微软服务条款，仅研究评测用途,edgetts,cantonese,SC-000718,zh-HK-HiuMaanNeural,
data/redteam/factory/edgetts/cantonese/edgetts_cantonese_zh-HK-HiuMaanNeural_SC-000798.wav,spoof,RT-EDGETTS-CANTONESE,clean,redteam_factory/Edge-TTS,微软服务条款，仅研究评测用途,edgetts,cantonese,SC-000798,zh-HK-HiuMaanNeural,
data/redteam/factory/edgetts/cantonese/edgetts_cantonese_zh-HK-HiuMaanNeural_SC-000874.wav,spoof,RT-EDGETTS-CANTONESE,clean,redteam_factory/Edge-TTS,微软服务条款，仅研究评测用途,edgetts,cantonese,SC-000874,zh-HK-HiuMaanNeural,
data/redteam/factory/edgetts/cantonese/edgetts_cantonese_zh-HK-HiuMaanNeural_SC-000942.wav,spoof,RT-EDGETTS-CANTONESE,clean,redteam_factory/Edge-TTS,微软服务条款，仅研究评测用途,edgetts,cantonese,SC-000942,zh-HK-HiuMaanNeural,
data/redteam/factory/edgetts/cantonese/edgetts_cantonese_zh-HK-HiuMaanNeural_SC-001005.wav,spoof,RT-EDGETTS-CANTONESE,clean,redteam_factory/Edge-TTS,微软服务条款，仅研究评测用途,edgetts,cantonese,SC-001005,zh-HK-HiuMaanNeural,
data/redteam/factory/edgetts/cantonese/edgetts_cantonese_zh-HK-HiuMaanNeural_SC-001069.wav,spoof,RT-EDGETTS-CANTONESE,clean,redteam_factory/Edge-TTS,微软服务条款，仅研究评测用途,edgetts,cantonese,SC-001069,zh-HK-HiuMaanNeural,
data/redteam/factory/edgetts/cantonese/edgetts_cantonese_zh-HK-HiuMaanNeural_SC-001122.wav,spoof,RT-EDGETTS-CANTONESE,clean,redteam_factory/Edge-TTS,微软服务条款，仅研究评测用途,edgetts,cantonese,SC-001122,zh-HK-HiuMaanNeural,
data/redteam/factory/edgetts/cantonese/edgetts_cantonese_zh-HK-HiuMaanNeural_SC-001188.wav,spoof,RT-EDGETTS-CANTONESE,clean,redteam_factory/Edge-TTS,微软服务条款，仅研究评测用途,edgetts,cantonese,SC-001188,zh-HK-HiuMaanNeural,
data/redteam/factory/edgetts/cantonese/edgetts_cantonese_zh-HK-HiuMaanNeural_SC-001244.wav,spoof,RT-EDGETTS-CANTONESE,clean,redteam_factory/Edge-TTS,微软服务条款，仅研究评测用途,edgetts,cantonese,SC-001244,zh-HK-HiuMaanNeural,
data/redteam/factory/edgetts/cantonese/edgetts_cantonese_zh-HK-HiuMaanNeural_SC-001283.wav,spoof,RT-EDGETTS-CANTONESE,clean,redteam_factory/Edge-TTS,微软服务条款，仅研究评测用途,edgetts,cantonese,SC-001283,zh-HK-HiuMaanNeural,
data/redteam/factory/edgetts/cantonese/edgetts_cantonese_zh-HK-HiuMaanNeural_SC-001347.wav,spoof,RT-EDGETTS-CANTONESE,clean,redteam_factory/Edge-TTS,微软服务条款，仅研究评测用途,edgetts,cantonese,SC-001347,zh-HK-HiuMaanNeural,
data/redteam/factory/edgetts/cantonese/edgetts_cantonese_zh-HK-HiuMaanNeural_SC-001449.wav,spoof,RT-EDGETTS-CANTONESE,clean,redteam_factory/Edge-TTS,微软服务条款，仅研究评测用途,edgetts,cantonese,SC-001449,zh-HK-HiuMaanNeural,
data/redteam/factory/edgetts/cantonese/edgetts_cantonese_zh-HK-HiuMaanNeural_SC-001482.wav,spoof,RT-EDGETTS-CANTONESE,clean,redteam_factory/Edge-TTS,微软服务条款，仅研究评测用途,edgetts,cantonese,SC-001482,zh-HK-HiuMaanNeural,
data/redteam/factory/edgetts/cantonese/edgetts_cantonese_zh-HK-HiuMaanNeural_SC-001541.wav,spoof,RT-EDGETTS-CANTONESE,clean,redteam_factory/Edge-TTS,微软服务条款，仅研究评测用途,edgetts,cantonese,SC-001541,zh-HK-HiuMaanNeural,
data/redteam/factory/edgetts/cantonese/edgetts_cantonese_zh-HK-HiuMaanNeural_SC-001607.wav,spoof,RT-EDGETTS-CANTONESE,clean,redteam_factory/Edge-TTS,微软服务条款，仅研究评测用途,edgetts,cantonese,SC-001607,zh-HK-HiuMaanNeural,
data/redteam/factory/edgetts/cantonese/edgetts_cantonese_zh-HK-WanLungNeural_SC-000489.wav,spoof,RT-EDGETTS-CANTONESE,clean,redteam_factory/Edge-TTS,微软服务条款，仅研究评测用途,edgetts,cantonese,SC-000489,zh-HK-WanLungNeural,
data/redteam/factory/edgetts/cantonese/edgetts_cantonese_zh-HK-WanLungNeural_SC-000547.wav,spoof,RT-EDGETTS-CANTONESE,clean,redteam_factory/Edge-TTS,微软服务条款，仅研究评测用途,edgetts,cantonese,SC-000547,zh-HK-WanLungNeural,
data/redteam/factory/edgetts/cantonese/edgetts_cantonese_zh-HK-WanLungNeural_SC-000603.wav,spoof,RT-EDGETTS-CANTONESE,clean,redteam_factory/Edge-TTS,微软服务条款，仅研究评测用途,edgetts,cantonese,SC-000603,zh-HK-WanLungNeural,
data/redteam/factory/edgetts/cantonese/edgetts_cantonese_zh-HK-WanLungNeural_SC-000686.wav,spoof,RT-EDGETTS-CANTONESE,clean,redteam_factory/Edge-TTS,微软服务条款，仅研究评测用途,edgetts,cantonese,SC-000686,zh-HK-WanLungNeural,
data/redteam/factory/edgetts/cantonese/edgetts_cantonese_zh-HK-WanLungNeural_SC-000718.wav,spoof,RT-EDGETTS-CANTONESE,clean,redteam_factory/Edge-TTS,微软服务条款，仅研究评测用途,edgetts,cantonese,SC-000718,zh-HK-WanLungNeural,
data/redteam/factory/edgetts/cantonese/edgetts_cantonese_zh-HK-WanLungNeural_SC-000798.wav,spoof,RT-EDGETTS-CANTONESE,clean,redteam_factory/Edge-TTS,微软服务条款，仅研究评测用途,edgetts,cantonese,SC-000798,zh-HK-WanLungNeural,
data/redteam/factory/edgetts/cantonese/edgetts_cantonese_zh-HK-WanLungNeural_SC-000874.wav,spoof,RT-EDGETTS-CANTONESE,clean,redteam_factory/Edge-TTS,微软服务条款，仅研究评测用途,edgetts,cantonese,SC-000874,zh-HK-WanLungNeural,
data/redteam/factory/edgetts/cantonese/edgetts_cantonese_zh-HK-WanLungNeural_SC-000942.wav,spoof,RT-EDGETTS-CANTONESE,clean,redteam_factory/Edge-TTS,微软服务条款，仅研究评测用途,edgetts,cantonese,SC-000942,zh-HK-WanLungNeural,
data/redteam/factory/edgetts/cantonese/edgetts_cantonese_zh-HK-WanLungNeural_SC-001005.wav,spoof,RT-EDGETTS-CANTONESE,clean,redteam_factory/Edge-TTS,微软服务条款，仅研究评测用途,edgetts,cantonese,SC-001005,zh-HK-WanLungNeural,
data/redteam/factory/edgetts/cantonese/edgetts_cantonese_zh-HK-WanLungNeural_SC-001069.wav,spoof,RT-EDGETTS-CANTONESE,clean,redteam_factory/Edge-TTS,微软服务条款，仅研究评测用途,edgetts,cantonese,SC-001069,zh-HK-WanLungNeural,
data/redteam/factory/edgetts/cantonese/edgetts_cantonese_zh-HK-WanLungNeural_SC-001122.wav,spoof,RT-EDGETTS-CANTONESE,clean,redteam_factory/Edge-TTS,微软服务条款，仅研究评测用途,edgetts,cantonese,SC-001122,zh-HK-WanLungNeural,
data/redteam/factory/edgetts/cantonese/edgetts_cantonese_zh-HK-WanLungNeural_SC-001188.wav,spoof,RT-EDGETTS-CANTONESE,clean,redteam_factory/Edge-TTS,微软服务条款，仅研究评测用途,edgetts,cantonese,SC-001188,zh-HK-WanLungNeural,
data/redteam/factory/edgetts/cantonese/edgetts_cantonese_zh-HK-WanLungNeural_SC-001244.wav,spoof,RT-EDGETTS-CANTONESE,clean,redteam_factory/Edge-TTS,微软服务条款，仅研究评测用途,edgetts,cantonese,SC-001244,zh-HK-WanLungNeural,
data/redteam/factory/edgetts/cantonese/edgetts_cantonese_zh-HK-WanLungNeural_SC-001283.wav,spoof,RT-EDGETTS-CANTONESE,clean,redteam_factory/Edge-TTS,微软服务条款，仅研究评测用途,edgetts,cantonese,SC-001283,zh-HK-WanLungNeural,
data/redteam/factory/edgetts/cantonese/edgetts_cantonese_zh-HK-WanLungNeural_SC-001347.wav,spoof,RT-EDGETTS-CANTONESE,clean,redteam_factory/Edge-TTS,微软服务条款，仅研究评测用途,edgetts,cantonese,SC-001347,zh-HK-WanLungNeural,
data/redteam/factory/edgetts/cantonese/edgetts_cantonese_zh-HK-WanLungNeural_SC-001449.wav,spoof,RT-EDGETTS-CANTONESE,clean,redteam_factory/Edge-TTS,微软服务条款，仅研究评测用途,edgetts,cantonese,SC-001449,zh-HK-WanLungNeural,
data/redteam/factory/edgetts/cantonese/edgetts_cantonese_zh-HK-WanLungNeural_SC-001482.wav,spoof,RT-EDGETTS-CANTONESE,clean,redteam_factory/Edge-TTS,微软服务条款，仅研究评测用途,edgetts,cantonese,SC-001482,zh-HK-WanLungNeural,
data/redteam/factory/edgetts/cantonese/edgetts_cantonese_zh-HK-WanLungNeural_SC-001541.wav,spoof,RT-EDGETTS-CANTONESE,clean,redteam_factory/Edge-TTS,微软服务条款，仅研究评测用途,edgetts,cantonese,SC-001541,zh-HK-WanLungNeural,
data/redteam/factory/edgetts/cantonese/edgetts_cantonese_zh-HK-WanLungNeural_SC-001607.wav,spoof,RT-EDGETTS-CANTONESE,clean,redteam_factory/Edge-TTS,微软服务条款，仅研究评测用途,edgetts,cantonese,SC-001607,zh-HK-WanLungNeural,
data/redteam/factory/edgetts/dongbei/edgetts_dongbei_zh-CN-liaoning-XiaobeiNeural_SC-000416.wav,spoof,RT-EDGETTS-DONGBEI,clean,redteam_factory/Edge-TTS,微软服务条款，仅研究评测用途,edgetts,dongbei,SC-000416,zh-CN-liaoning-XiaobeiNeural,
data/redteam/factory/edgetts/dongbei/edgetts_dongbei_zh-CN-liaoning-XiaobeiNeural_SC-000477.wav,spoof,RT-EDGETTS-DONGBEI,clean,redteam_factory/Edge-TTS,微软服务条款，仅研究评测用途,edgetts,dongbei,SC-000477,zh-CN-liaoning-XiaobeiNeural,
data/redteam/factory/edgetts/dongbei/edgetts_dongbei_zh-CN-liaoning-XiaobeiNeural_SC-000558.wav,spoof,RT-EDGETTS-DONGBEI,clean,redteam_factory/Edge-TTS,微软服务条款，仅研究评测用途,edgetts,dongbei,SC-000558,zh-CN-liaoning-XiaobeiNeural,
data/redteam/factory/edgetts/dongbei/edgetts_dongbei_zh-CN-liaoning-XiaobeiNeural_SC-000656.wav,spoof,RT-EDGETTS-DONGBEI,clean,redteam_factory/Edge-TTS,微软服务条款，仅研究评测用途,edgetts,dongbei,SC-000656,zh-CN-liaoning-XiaobeiNeural,
data/redteam/factory/edgetts/dongbei/edgetts_dongbei_zh-CN-liaoning-XiaobeiNeural_SC-000710.wav,spoof,RT-EDGETTS-DONGBEI,clean,redteam_factory/Edge-TTS,微软服务条款，仅研究评测用途,edgetts,dongbei,SC-000710,zh-CN-liaoning-XiaobeiNeural,
data/redteam/factory/edgetts/dongbei/edgetts_dongbei_zh-CN-liaoning-XiaobeiNeural_SC-000781.wav,spoof,RT-EDGETTS-DONGBEI,clean,redteam_factory/Edge-TTS,微软服务条款，仅研究评测用途,edgetts,dongbei,SC-000781,zh-CN-liaoning-XiaobeiNeural,
data/redteam/factory/edgetts/dongbei/edgetts_dongbei_zh-CN-liaoning-XiaobeiNeural_SC-000869.wav,spoof,RT-EDGETTS-DONGBEI,clean,redteam_factory/Edge-TTS,微软服务条款，仅研究评测用途,edgetts,dongbei,SC-000869,zh-CN-liaoning-XiaobeiNeural,
data/redteam/factory/edgetts/dongbei/edgetts_dongbei_zh-CN-liaoning-XiaobeiNeural_SC-000968.wav,spoof,RT-EDGETTS-DONGBEI,clean,redteam_factory/Edge-TTS,微软服务条款，仅研究评测用途,edgetts,dongbei,SC-000968,zh-CN-liaoning-XiaobeiNeural,
data/redteam/factory/edgetts/dongbei/edgetts_dongbei_zh-CN-liaoning-XiaobeiNeural_SC-001051.wav,spoof,RT-EDGETTS-DONGBEI,clean,redteam_factory/Edge-TTS,微软服务条款，仅研究评测用途,edgetts,dongbei,SC-001051,zh-CN-liaoning-XiaobeiNeural,
data/redteam/factory/edgetts/dongbei/edgetts_dongbei_zh-CN-liaoning-XiaobeiNeural_SC-001124.wav,spoof,RT-EDGETTS-DONGBEI,clean,redteam_factory/Edge-TTS,微软服务条款，仅研究评测用途,edgetts,dongbei,SC-001124,zh-CN-liaoning-XiaobeiNeural,
data/redteam/factory/edgetts/dongbei/edgetts_dongbei_zh-CN-liaoning-XiaobeiNeural_SC-001212.wav,spoof,RT-EDGETTS-DONGBEI,clean,redteam_factory/Edge-TTS,微软服务条款，仅研究评测用途,edgetts,dongbei,SC-001212,zh-CN-liaoning-XiaobeiNeural,
data/redteam/factory/edgetts/dongbei/edgetts_dongbei_zh-CN-liaoning-XiaobeiNeural_SC-001259.wav,spoof,RT-EDGETTS-DONGBEI,clean,redteam_factory/Edge-TTS,微软服务条款，仅研究评测用途,edgetts,dongbei,SC-001259,zh-CN-liaoning-XiaobeiNeural,
data/redteam/factory/edgetts/dongbei/edgetts_dongbei_zh-CN-liaoning-XiaobeiNeural_SC-001360.wav,spoof,RT-EDGETTS-DONGBEI,clean,redteam_factory/Edge-TTS,微软服务条款，仅研究评测用途,edgetts,dongbei,SC-001360,zh-CN-liaoning-XiaobeiNeural,
data/redteam/factory/edgetts/dongbei/edgetts_dongbei_zh-CN-liaoning-XiaobeiNeural_SC-001426.wav,spoof,RT-EDGETTS-DONGBEI,clean,redteam_factory/Edge-TTS,微软服务条款，仅研究评测用途,edgetts,dongbei,SC-001426,zh-CN-liaoning-XiaobeiNeural,
data/redteam/factory/edgetts/dongbei/edgetts_dongbei_zh-CN-liaoning-XiaobeiNeural_SC-001469.wav,spoof,RT-EDGETTS-DONGBEI,clean,redteam_factory/Edge-TTS,微软服务条款，仅研究评测用途,edgetts,dongbei,SC-001469,zh-CN-liaoning-XiaobeiNeural,
data/redteam/factory/edgetts/dongbei/edgetts_dongbei_zh-CN-liaoning-XiaobeiNeural_SC-001542.wav,spoof,RT-EDGETTS-DONGBEI,clean,redteam_factory/Edge-TTS,微软服务条款，仅研究评测用途,edgetts,dongbei,SC-001542,zh-CN-liaoning-XiaobeiNeural,
data/redteam/factory/edgetts/dongbei/edgetts_dongbei_zh-CN-liaoning-XiaobeiNeural_SC-001632.wav,spoof,RT-EDGETTS-DONGBEI,clean,redteam_factory/Edge-TTS,微软服务条款，仅研究评测用途,edgetts,dongbei,SC-001632,zh-CN-liaoning-XiaobeiNeural,
data/redteam/factory/edgetts/dongbei/edgetts_dongbei_zh-CN-liaoning-XiaobeiNeural_SC-001668.wav,spoof,RT-EDGETTS-DONGBEI,clean,redteam_factory/Edge-TTS,微软服务条款，仅研究评测用途,edgetts,dongbei,SC-001668,zh-CN-liaoning-XiaobeiNeural,
data/redteam/factory/edgetts/dongbei/edgetts_dongbei_zh-CN-liaoning-XiaobeiNeural_SC-001698.wav,spoof,RT-EDGETTS-DONGBEI,clean,redteam_factory/Edge-TTS,微软服务条款，仅研究评测用途,edgetts,dongbei,SC-001698,zh-CN-liaoning-XiaobeiNeural,
data/redteam/factory/edgetts/henan/edgetts_henan_zh-CN-shaanxi-XiaoniNeural_SC-000432.wav,spoof,RT-EDGETTS-HENAN,clean,redteam_factory/Edge-TTS,微软服务条款，仅研究评测用途,edgetts,henan,SC-000432,zh-CN-shaanxi-XiaoniNeural,
data/redteam/factory/edgetts/henan/edgetts_henan_zh-CN-shaanxi-XiaoniNeural_SC-000517.wav,spoof,RT-EDGETTS-HENAN,clean,redteam_factory/Edge-TTS,微软服务条款，仅研究评测用途,edgetts,henan,SC-000517,zh-CN-shaanxi-XiaoniNeural,
data/redteam/factory/edgetts/henan/edgetts_henan_zh-CN-shaanxi-XiaoniNeural_SC-000590.wav,spoof,RT-EDGETTS-HENAN,clean,redteam_factory/Edge-TTS,微软服务条款，仅研究评测用途,edgetts,henan,SC-000590,zh-CN-shaanxi-XiaoniNeural,
data/redteam/factory/edgetts/henan/edgetts_henan_zh-CN-shaanxi-XiaoniNeural_SC-000623.wav,spoof,RT-EDGETTS-HENAN,clean,redteam_factory/Edge-TTS,微软服务条款，仅研究评测用途,edgetts,henan,SC-000623,zh-CN-shaanxi-XiaoniNeural,
data/redteam/factory/edgetts/henan/edgetts_henan_zh-CN-shaanxi-XiaoniNeural_SC-000680.wav,spoof,RT-EDGETTS-HENAN,clean,redteam_factory/Edge-TTS,微软服务条款，仅研究评测用途,edgetts,henan,SC-000680,zh-CN-shaanxi-XiaoniNeural,
data/redteam/factory/edgetts/henan/edgetts_henan_zh-CN-shaanxi-XiaoniNeural_SC-000773.wav,spoof,RT-EDGETTS-HENAN,clean,redteam_factory/Edge-TTS,微软服务条款，仅研究评测用途,edgetts,henan,SC-000773,zh-CN-shaanxi-XiaoniNeural,
data/redteam/factory/edgetts/henan/edgetts_henan_zh-CN-shaanxi-XiaoniNeural_SC-000847.wav,spoof,RT-EDGETTS-HENAN,clean,redteam_factory/Edge-TTS,微软服务条款，仅研究评测用途,edgetts,henan,SC-000847,zh-CN-shaanxi-XiaoniNeural,
data/redteam/factory/edgetts/henan/edgetts_henan_zh-CN-shaanxi-XiaoniNeural_SC-000906.wav,spoof,RT-EDGETTS-HENAN,clean,redteam_factory/Edge-TTS,微软服务条款，仅研究评测用途,edgetts,henan,SC-000906,zh-CN-shaanxi-XiaoniNeural,
data/redteam/factory/edgetts/henan/edgetts_henan_zh-CN-shaanxi-XiaoniNeural_SC-000959.wav,spoof,RT-EDGETTS-HENAN,clean,redteam_factory/Edge-TTS,微软服务条款，仅研究评测用途,edgetts,henan,SC-000959,zh-CN-shaanxi-XiaoniNeural,
data/redteam/factory/edgetts/henan/edgetts_henan_zh-CN-shaanxi-XiaoniNeural_SC-001029.wav,spoof,RT-EDGETTS-HENAN,clean,redteam_factory/Edge-TTS,微软服务条款，仅研究评测用途,edgetts,henan,SC-001029,zh-CN-shaanxi-XiaoniNeural,
data/redteam/factory/edgetts/henan/edgetts_henan_zh-CN-shaanxi-XiaoniNeural_SC-001101.wav,spoof,RT-EDGETTS-HENAN,clean,redteam_factory/Edge-TTS,微软服务条款，仅研究评测用途,edgetts,henan,SC-001101,zh-CN-shaanxi-XiaoniNeural,
data/redteam/factory/edgetts/henan/edgetts_henan_zh-CN-shaanxi-XiaoniNeural_SC-001183.wav,spoof,RT-EDGETTS-HENAN,clean,redteam_factory/Edge-TTS,微软服务条款，仅研究评测用途,edgetts,henan,SC-001183,zh-CN-shaanxi-XiaoniNeural,
data/redteam/factory/edgetts/henan/edgetts_henan_zh-CN-shaanxi-XiaoniNeural_SC-001228.wav,spoof,RT-EDGETTS-HENAN,clean,redteam_factory/Edge-TTS,微软服务条款，仅研究评测用途,edgetts,henan,SC-001228,zh-CN-shaanxi-XiaoniNeural,
data/redteam/factory/edgetts/henan/edgetts_henan_zh-CN-shaanxi-XiaoniNeural_SC-001312.wav,spoof,RT-EDGETTS-HENAN,clean,redteam_factory/Edge-TTS,微软服务条款，仅研究评测用途,edgetts,henan,SC-001312,zh-CN-shaanxi-XiaoniNeural,
data/redteam/factory/edgetts/henan/edgetts_henan_zh-CN-shaanxi-XiaoniNeural_SC-001353.wav,spoof,RT-EDGETTS-HENAN,clean,redteam_factory/Edge-TTS,微软服务条款，仅研究评测用途,edgetts,henan,SC-001353,zh-CN-shaanxi-XiaoniNeural,
data/redteam/factory/edgetts/henan/edgetts_henan_zh-CN-shaanxi-XiaoniNeural_SC-001420.wav,spoof,RT-EDGETTS-HENAN,clean,redteam_factory/Edge-TTS,微软服务条款，仅研究评测用途,edgetts,henan,SC-001420,zh-CN-shaanxi-XiaoniNeural,
data/redteam/factory/edgetts/henan/edgetts_henan_zh-CN-shaanxi-XiaoniNeural_SC-001492.wav,spoof,RT-EDGETTS-HENAN,clean,redteam_factory/Edge-TTS,微软服务条款，仅研究评测用途,edgetts,henan,SC-001492,zh-CN-shaanxi-XiaoniNeural,
data/redteam/factory/edgetts/henan/edgetts_henan_zh-CN-shaanxi-XiaoniNeural_SC-001552.wav,spoof,RT-EDGETTS-HENAN,clean,redteam_factory/Edge-TTS,微软服务条款，仅研究评测用途,edgetts,henan,SC-001552,zh-CN-shaanxi-XiaoniNeural,
data/redteam/factory/edgetts/henan/edgetts_henan_zh-CN-shaanxi-XiaoniNeural_SC-001617.wav,spoof,RT-EDGETTS-HENAN,clean,redteam_factory/Edge-TTS,微软服务条款，仅研究评测用途,edgetts,henan,SC-001617,zh-CN-shaanxi-XiaoniNeural,
data/redteam/factory/edgetts/mandarin/edgetts_mandarin_zh-CN-YunxiNeural_SC-000134.wav,spoof,RT-EDGETTS-MANDARIN,clean,redteam_factory/Edge-TTS,微软服务条款，仅研究评测用途,edgetts,mandarin,SC-000134,zh-CN-YunxiNeural,
data/redteam/factory/edgetts/mandarin/edgetts_mandarin_zh-CN-YunxiNeural_SC-000158.wav,spoof,RT-EDGETTS-MANDARIN,clean,redteam_factory/Edge-TTS,微软服务条款，仅研究评测用途,edgetts,mandarin,SC-000158,zh-CN-YunxiNeural,
data/redteam/factory/edgetts/mandarin/edgetts_mandarin_zh-CN-YunxiNeural_SC-000173.wav,spoof,RT-EDGETTS-MANDARIN,clean,redteam_factory/Edge-TTS,微软服务条款，仅研究评测用途,edgetts,mandarin,SC-000173,zh-CN-YunxiNeural,
data/redteam/factory/edgetts/mandarin/edgetts_mandarin_zh-CN-YunxiNeural_SC-000189.wav,spoof,RT-EDGETTS-MANDARIN,clean,redteam_factory/Edge-TTS,微软服务条款，仅研究评测用途,edgetts,mandarin,SC-000189,zh-CN-YunxiNeural,
data/redteam/factory/edgetts/mandarin/edgetts_mandarin_zh-CN-YunxiNeural_SC-000213.wav,spoof,RT-EDGETTS-MANDARIN,clean,redteam_factory/Edge-TTS,微软服务条款，仅研究评测用途,edgetts,mandarin,SC-000213,zh-CN-YunxiNeural,
data/redteam/factory/edgetts/mandarin/edgetts_mandarin_zh-CN-YunxiNeural_SC-000230.wav,spoof,RT-EDGETTS-MANDARIN,clean,redteam_factory/Edge-TTS,微软服务条款，仅研究评测用途,edgetts,mandarin,SC-000230,zh-CN-YunxiNeural,
data/redteam/factory/edgetts/mandarin/edgetts_mandarin_zh-CN-YunxiNeural_SC-000260.wav,spoof,RT-EDGETTS-MANDARIN,clean,redteam_factory/Edge-TTS,微软服务条款，仅研究评测用途,edgetts,mandarin,SC-000260,zh-CN-YunxiNeural,
data/redteam/factory/edgetts/mandarin/edgetts_mandarin_zh-CN-YunxiNeural_SC-000279.wav,spoof,RT-EDGETTS-MANDARIN,clean,redteam_factory/Edge-TTS,微软服务条款，仅研究评测用途,edgetts,mandarin,SC-000279,zh-CN-YunxiNeural,
data/redteam/factory/edgetts/mandarin/edgetts_mandarin_zh-CN-YunxiNeural_SC-000301.wav,spoof,RT-EDGETTS-MANDARIN,clean,redteam_factory/Edge-TTS,微软服务条款，仅研究评测用途,edgetts,mandarin,SC-000301,zh-CN-YunxiNeural,
data/redteam/factory/edgetts/mandarin/edgetts_mandarin_zh-CN-YunxiNeural_SC-000318.wav,spoof,RT-EDGETTS-MANDARIN,clean,redteam_factory/Edge-TTS,微软服务条款，仅研究评测用途,edgetts,mandarin,SC-000318,zh-CN-YunxiNeural,
data/redteam/factory/edgetts/mandarin/edgetts_mandarin_zh-CN-YunxiNeural_SC-000337.wav,spoof,RT-EDGETTS-MANDARIN,clean,redteam_factory/Edge-TTS,微软服务条款，仅研究评测用途,edgetts,mandarin,SC-000337,zh-CN-YunxiNeural,
data/redteam/factory/edgetts/mandarin/edgetts_mandarin_zh-CN-YunxiNeural_SC-000359.wav,spoof,RT-EDGETTS-MANDARIN,clean,redteam_factory/Edge-TTS,微软服务条款，仅研究评测用途,edgetts,mandarin,SC-000359,zh-CN-YunxiNeural,
data/redteam/factory/edgetts/mandarin/edgetts_mandarin_zh-CN-YunxiNeural_SC-000377.wav,spoof,RT-EDGETTS-MANDARIN,clean,redteam_factory/Edge-TTS,微软服务条款，仅研究评测用途,edgetts,mandarin,SC-000377,zh-CN-YunxiNeural,
data/redteam/factory/edgetts/mandarin/edgetts_mandarin_zh-CN-YunxiNeural_SC-000400.wav,spoof,RT-EDGETTS-MANDARIN,clean,redteam_factory/Edge-TTS,微软服务条款，仅研究评测用途,edgetts,mandarin,SC-000400,zh-CN-YunxiNeural,
data/redteam/factory/edgetts/mandarin/edgetts_mandarin_zh-CN-YunxiNeural_SC-000435.wav,spoof,RT-EDGETTS-MANDARIN,clean,redteam_factory/Edge-TTS,微软服务条款，仅研究评测用途,edgetts,mandarin,SC-000435,zh-CN-YunxiNeural,
data/redteam/factory/edgetts/mandarin/edgetts_mandarin_zh-CN-YunxiNeural_SC-000473.wav,spoof,RT-EDGETTS-MANDARIN,clean,redteam_factory/Edge-TTS,微软服务条款，仅研究评测用途,edgetts,mandarin,SC-000473,zh-CN-YunxiNeural,
data/redteam/factory/edgetts/mandarin/edgetts_mandarin_zh-CN-YunxiNeural_SC-000488.wav,spoof,RT-EDGETTS-MANDARIN,clean,redteam_factory/Edge-TTS,微软服务条款，仅研究评测用途,edgetts,mandarin,SC-000488,zh-CN-YunxiNeural,
data/redteam/factory/edgetts/mandarin/edgetts_mandarin_zh-CN-YunxiNeural_SC-000510.wav,spoof,RT-EDGETTS-MANDARIN,clean,redteam_factory/Edge-TTS,微软服务条款，仅研究评测用途,edgetts,mandarin,SC-000510,zh-CN-YunxiNeural,
data/redteam/factory/edgetts/mandarin/edgetts_mandarin_zh-CN-XiaoxiaoNeural_SC-000134.wav,spoof,RT-EDGETTS-MANDARIN,clean,redteam_factory/Edge-TTS,微软服务条款，仅研究评测用途,edgetts,mandarin,SC-000134,zh-CN-XiaoxiaoNeural,
data/redteam/factory/edgetts/mandarin/edgetts_mandarin_zh-CN-XiaoxiaoNeural_SC-000158.wav,spoof,RT-EDGETTS-MANDARIN,clean,redteam_factory/Edge-TTS,微软服务条款，仅研究评测用途,edgetts,mandarin,SC-000158,zh-CN-XiaoxiaoNeural,
data/redteam/factory/edgetts/mandarin/edgetts_mandarin_zh-CN-XiaoxiaoNeural_SC-000173.wav,spoof,RT-EDGETTS-MANDARIN,clean,redteam_factory/Edge-TTS,微软服务条款，仅研究评测用途,edgetts,mandarin,SC-000173,zh-CN-XiaoxiaoNeural,
data/redteam/factory/edgetts/mandarin/edgetts_mandarin_zh-CN-XiaoxiaoNeural_SC-000189.wav,spoof,RT-EDGETTS-MANDARIN,clean,redteam_factory/Edge-TTS,微软服务条款，仅研究评测用途,edgetts,mandarin,SC-000189,zh-CN-XiaoxiaoNeural,
data/redteam/factory/edgetts/mandarin/edgetts_mandarin_zh-CN-XiaoxiaoNeural_SC-000213.wav,spoof,RT-EDGETTS-MANDARIN,clean,redteam_factory/Edge-TTS,微软服务条款，仅研究评测用途,edgetts,mandarin,SC-000213,zh-CN-XiaoxiaoNeural,
data/redteam/factory/edgetts/mandarin/edgetts_mandarin_zh-CN-XiaoxiaoNeural_SC-000230.wav,spoof,RT-EDGETTS-MANDARIN,clean,redteam_factory/Edge-TTS,微软服务条款，仅研究评测用途,edgetts,mandarin,SC-000230,zh-CN-XiaoxiaoNeural,
data/redteam/factory/edgetts/mandarin/edgetts_mandarin_zh-CN-XiaoxiaoNeural_SC-000260.wav,spoof,RT-EDGETTS-MANDARIN,clean,redteam_factory/Edge-TTS,微软服务条款，仅研究评测用途,edgetts,mandarin,SC-000260,zh-CN-XiaoxiaoNeural,
data/redteam/factory/edgetts/mandarin/edgetts_mandarin_zh-CN-XiaoxiaoNeural_SC-000279.wav,spoof,RT-EDGETTS-MANDARIN,clean,redteam_factory/Edge-TTS,微软服务条款，仅研究评测用途,edgetts,mandarin,SC-000279,zh-CN-XiaoxiaoNeural,
data/redteam/factory/edgetts/mandarin/edgetts_mandarin_zh-CN-XiaoxiaoNeural_SC-000301.wav,spoof,RT-EDGETTS-MANDARIN,clean,redteam_factory/Edge-TTS,微软服务条款，仅研究评测用途,edgetts,mandarin,SC-000301,zh-CN-XiaoxiaoNeural,
data/redteam/factory/edgetts/mandarin/edgetts_mandarin_zh-CN-XiaoxiaoNeural_SC-000318.wav,spoof,RT-EDGETTS-MANDARIN,clean,redteam_factory/Edge-TTS,微软服务条款，仅研究评测用途,edgetts,mandarin,SC-000318,zh-CN-XiaoxiaoNeural,
data/redteam/factory/edgetts/mandarin/edgetts_mandarin_zh-CN-XiaoxiaoNeural_SC-000337.wav,spoof,RT-EDGETTS-MANDARIN,clean,redteam_factory/Edge-TTS,微软服务条款，仅研究评测用途,edgetts,mandarin,SC-000337,zh-CN-XiaoxiaoNeural,
data/redteam/factory/edgetts/mandarin/edgetts_mandarin_zh-CN-XiaoxiaoNeural_SC-000359.wav,spoof,RT-EDGETTS-MANDARIN,clean,redteam_factory/Edge-TTS,微软服务条款，仅研究评测用途,edgetts,mandarin,SC-000359,zh-CN-XiaoxiaoNeural,
data/redteam/factory/edgetts/mandarin/edgetts_mandarin_zh-CN-XiaoxiaoNeural_SC-000377.wav,spoof,RT-EDGETTS-MANDARIN,clean,redteam_factory/Edge-TTS,微软服务条款，仅研究评测用途,edgetts,mandarin,SC-000377,zh-CN-XiaoxiaoNeural,
data/redteam/factory/edgetts/mandarin/edgetts_mandarin_zh-CN-XiaoxiaoNeural_SC-000400.wav,spoof,RT-EDGETTS-MANDARIN,clean,redteam_factory/Edge-TTS,微软服务条款，仅研究评测用途,edgetts,mandarin,SC-000400,zh-CN-XiaoxiaoNeural,
data/redteam/factory/edgetts/mandarin/edgetts_mandarin_zh-CN-XiaoxiaoNeural_SC-000435.wav,spoof,RT-EDGETTS-MANDARIN,clean,redteam_factory/Edge-TTS,微软服务条款，仅研究评测用途,edgetts,mandarin,SC-000435,zh-CN-XiaoxiaoNeural,
data/redteam/factory/edgetts/mandarin/edgetts_mandarin_zh-CN-XiaoxiaoNeural_SC-000455.wav,spoof,RT-EDGETTS-MANDARIN,clean,redteam_factory/Edge-TTS,微软服务条款，仅研究评测用途,edgetts,mandarin,SC-000455,zh-CN-XiaoxiaoNeural,
data/redteam/factory/edgetts/mandarin/edgetts_mandarin_zh-CN-XiaoxiaoNeural_SC-000473.wav,spoof,RT-EDGETTS-MANDARIN,clean,redteam_factory/Edge-TTS,微软服务条款，仅研究评测用途,edgetts,mandarin,SC-000473,zh-CN-XiaoxiaoNeural,
data/redteam/factory/edgetts/mandarin/edgetts_mandarin_zh-CN-XiaoxiaoNeural_SC-000488.wav,spoof,RT-EDGETTS-MANDARIN,clean,redteam_factory/Edge-TTS,微软服务条款，仅研究评测用途,edgetts,mandarin,SC-000488,zh-CN-XiaoxiaoNeural,
data/redteam/factory/edgetts/mandarin/edgetts_mandarin_zh-CN-XiaoxiaoNeural_SC-000510.wav,spoof,RT-EDGETTS-MANDARIN,clean,redteam_factory/Edge-TTS,微软服务条款，仅研究评测用途,edgetts,mandarin,SC-000510,zh-CN-XiaoxiaoNeural,
data/redteam/factory/edgetts/mandarin/edgetts_mandarin_zh-CN-YunjianNeural_SC-000134.wav,spoof,RT-EDGETTS-MANDARIN,clean,redteam_factory/Edge-TTS,微软服务条款，仅研究评测用途,edgetts,mandarin,SC-000134,zh-CN-YunjianNeural,
data/redteam/factory/edgetts/mandarin/edgetts_mandarin_zh-CN-YunjianNeural_SC-000158.wav,spoof,RT-EDGETTS-MANDARIN,clean,redteam_factory/Edge-TTS,微软服务条款，仅研究评测用途,edgetts,mandarin,SC-000158,zh-CN-YunjianNeural,
data/redteam/factory/edgetts/mandarin/edgetts_mandarin_zh-CN-YunjianNeural_SC-000173.wav,spoof,RT-EDGETTS-MANDARIN,clean,redteam_factory/Edge-TTS,微软服务条款，仅研究评测用途,edgetts,mandarin,SC-000173,zh-CN-YunjianNeural,
data/redteam/factory/edgetts/mandarin/edgetts_mandarin_zh-CN-YunjianNeural_SC-000189.wav,spoof,RT-EDGETTS-MANDARIN,clean,redteam_factory/Edge-TTS,微软服务条款，仅研究评测用途,edgetts,mandarin,SC-000189,zh-CN-YunjianNeural,
data/redteam/factory/edgetts/mandarin/edgetts_mandarin_zh-CN-YunjianNeural_SC-000213.wav,spoof,RT-EDGETTS-MANDARIN,clean,redteam_factory/Edge-TTS,微软服务条款，仅研究评测用途,edgetts,mandarin,SC-000213,zh-CN-YunjianNeural,
data/redteam/factory/edgetts/mandarin/edgetts_mandarin_zh-CN-YunjianNeural_SC-000230.wav,spoof,RT-EDGETTS-MANDARIN,clean,redteam_factory/Edge-TTS,微软服务条款，仅研究评测用途,edgetts,mandarin,SC-000230,zh-CN-YunjianNeural,
data/redteam/factory/edgetts/mandarin/edgetts_mandarin_zh-CN-YunjianNeural_SC-000260.wav,spoof,RT-EDGETTS-MANDARIN,clean,redteam_factory/Edge-TTS,微软服务条款，仅研究评测用途,edgetts,mandarin,SC-000260,zh-CN-YunjianNeural,
data/redteam/factory/edgetts/mandarin/edgetts_mandarin_zh-CN-YunjianNeural_SC-000279.wav,spoof,RT-EDGETTS-MANDARIN,clean,redteam_factory/Edge-TTS,微软服务条款，仅研究评测用途,edgetts,mandarin,SC-000279,zh-CN-YunjianNeural,
data/redteam/factory/edgetts/mandarin/edgetts_mandarin_zh-CN-YunjianNeural_SC-000301.wav,spoof,RT-EDGETTS-MANDARIN,clean,redteam_factory/Edge-TTS,微软服务条款，仅研究评测用途,edgetts,mandarin,SC-000301,zh-CN-YunjianNeural,
data/redteam/factory/edgetts/mandarin/edgetts_mandarin_zh-CN-YunjianNeural_SC-000318.wav,spoof,RT-EDGETTS-MANDARIN,clean,redteam_factory/Edge-TTS,微软服务条款，仅研究评测用途,edgetts,mandarin,SC-000318,zh-CN-YunjianNeural,
data/redteam/factory/edgetts/mandarin/edgetts_mandarin_zh-CN-YunjianNeural_SC-000337.wav,spoof,RT-EDGETTS-MANDARIN,clean,redteam_factory/Edge-TTS,微软服务条款，仅研究评测用途,edgetts,mandarin,SC-000337,zh-CN-YunjianNeural,
data/redteam/factory/edgetts/mandarin/edgetts_mandarin_zh-CN-YunjianNeural_SC-000359.wav,spoof,RT-EDGETTS-MANDARIN,clean,redteam_factory/Edge-TTS,微软服务条款，仅研究评测用途,edgetts,mandarin,SC-000359,zh-CN-YunjianNeural,
data/redteam/factory/edgetts/mandarin/edgetts_mandarin_zh-CN-YunjianNeural_SC-000377.wav,spoof,RT-EDGETTS-MANDARIN,clean,redteam_factory/Edge-TTS,微软服务条款，仅研究评测用途,edgetts,mandarin,SC-000377,zh-CN-YunjianNeural,
data/redteam/factory/edgetts/mandarin/edgetts_mandarin_zh-CN-YunjianNeural_SC-000400.wav,spoof,RT-EDGETTS-MANDARIN,clean,redteam_factory/Edge-TTS,微软服务条款，仅研究评测用途,edgetts,mandarin,SC-000400,zh-CN-YunjianNeural,
data/redteam/factory/edgetts/mandarin/edgetts_mandarin_zh-CN-YunjianNeural_SC-000435.wav,spoof,RT-EDGETTS-MANDARIN,clean,redteam_factory/Edge-TTS,微软服务条款，仅研究评测用途,edgetts,mandarin,SC-000435,zh-CN-YunjianNeural,
data/redteam/factory/edgetts/mandarin/edgetts_mandarin_zh-CN-YunjianNeural_SC-000455.wav,spoof,RT-EDGETTS-MANDARIN,clean,redteam_factory/Edge-TTS,微软服务条款，仅研究评测用途,edgetts,mandarin,SC-000455,zh-CN-YunjianNeural,
data/redteam/factory/edgetts/mandarin/edgetts_mandarin_zh-CN-YunjianNeural_SC-000473.wav,spoof,RT-EDGETTS-MANDARIN,clean,redteam_factory/Edge-TTS,微软服务条款，仅研究评测用途,edgetts,mandarin,SC-000473,zh-CN-YunjianNeural,
data/redteam/factory/edgetts/mandarin/edgetts_mandarin_zh-CN-YunjianNeural_SC-000488.wav,spoof,RT-EDGETTS-MANDARIN,clean,redteam_factory/Edge-TTS,微软服务条款，仅研究评测用途,edgetts,mandarin,SC-000488,zh-CN-YunjianNeural,
data/redteam/factory/edgetts/mandarin/edgetts_mandarin_zh-CN-YunjianNeural_SC-000510.wav,spoof,RT-EDGETTS-MANDARIN,clean,redteam_factory/Edge-TTS,微软服务条款，仅研究评测用途,edgetts,mandarin,SC-000510,zh-CN-YunjianNeural,
data/redteam/factory/edgetts/mandarin/edgetts_mandarin_zh-CN-YunyangNeural_SC-000134.wav,spoof,RT-EDGETTS-MANDARIN,clean,redteam_factory/Edge-TTS,微软服务条款，仅研究评测用途,edgetts,mandarin,SC-000134,zh-CN-YunyangNeural,
data/redteam/factory/edgetts/mandarin/edgetts_mandarin_zh-CN-YunyangNeural_SC-000158.wav,spoof,RT-EDGETTS-MANDARIN,clean,redteam_factory/Edge-TTS,微软服务条款，仅研究评测用途,edgetts,mandarin,SC-000158,zh-CN-YunyangNeural,
data/redteam/factory/edgetts/mandarin/edgetts_mandarin_zh-CN-YunyangNeural_SC-000173.wav,spoof,RT-EDGETTS-MANDARIN,clean,redteam_factory/Edge-TTS,微软服务条款，仅研究评测用途,edgetts,mandarin,SC-000173,zh-CN-YunyangNeural,
data/redteam/factory/edgetts/mandarin/edgetts_mandarin_zh-CN-YunxiNeural_SC-000455.wav,spoof,RT-EDGETTS-MANDARIN,clean,redteam_factory/Edge-TTS,微软服务条款，仅研究评测用途,edgetts,mandarin,SC-000455,zh-CN-YunxiNeural,
data/redteam/factory/edgetts/mandarin/edgetts_mandarin_zh-CN-YunyangNeural_SC-000189.wav,spoof,RT-EDGETTS-MANDARIN,clean,redteam_factory/Edge-TTS,微软服务条款，仅研究评测用途,edgetts,mandarin,SC-000189,zh-CN-YunyangNeural,
data/redteam/factory/edgetts/mandarin/edgetts_mandarin_zh-CN-YunyangNeural_SC-000213.wav,spoof,RT-EDGETTS-MANDARIN,clean,redteam_factory/Edge-TTS,微软服务条款，仅研究评测用途,edgetts,mandarin,SC-000213,zh-CN-YunyangNeural,
data/redteam/factory/edgetts/mandarin/edgetts_mandarin_zh-CN-YunyangNeural_SC-000230.wav,spoof,RT-EDGETTS-MANDARIN,clean,redteam_factory/Edge-TTS,微软服务条款，仅研究评测用途,edgetts,mandarin,SC-000230,zh-CN-YunyangNeural,
data/redteam/factory/edgetts/mandarin/edgetts_mandarin_zh-CN-YunyangNeural_SC-000260.wav,spoof,RT-EDGETTS-MANDARIN,clean,redteam_factory/Edge-TTS,微软服务条款，仅研究评测用途,edgetts,mandarin,SC-000260,zh-CN-YunyangNeural,
data/redteam/factory/edgetts/mandarin/edgetts_mandarin_zh-CN-YunyangNeural_SC-000279.wav,spoof,RT-EDGETTS-MANDARIN,clean,redteam_factory/Edge-TTS,微软服务条款，仅研究评测用途,edgetts,mandarin,SC-000279,zh-CN-YunyangNeural,
data/redteam/factory/edgetts/mandarin/edgetts_mandarin_zh-CN-YunyangNeural_SC-000301.wav,spoof,RT-EDGETTS-MANDARIN,clean,redteam_factory/Edge-TTS,微软服务条款，仅研究评测用途,edgetts,mandarin,SC-000301,zh-CN-YunyangNeural,
data/redteam/factory/edgetts/mandarin/edgetts_mandarin_zh-CN-YunyangNeural_SC-000318.wav,spoof,RT-EDGETTS-MANDARIN,clean,redteam_factory/Edge-TTS,微软服务条款，仅研究评测用途,edgetts,mandarin,SC-000318,zh-CN-YunyangNeural,
data/redteam/factory/edgetts/mandarin/edgetts_mandarin_zh-CN-YunyangNeural_SC-000337.wav,spoof,RT-EDGETTS-MANDARIN,clean,redteam_factory/Edge-TTS,微软服务条款，仅研究评测用途,edgetts,mandarin,SC-000337,zh-CN-YunyangNeural,
data/redteam/factory/edgetts/mandarin/edgetts_mandarin_zh-CN-YunyangNeural_SC-000359.wav,spoof,RT-EDGETTS-MANDARIN,clean,redteam_factory/Edge-TTS,微软服务条款，仅研究评测用途,edgetts,mandarin,SC-000359,zh-CN-YunyangNeural,
data/redteam/factory/edgetts/mandarin/edgetts_mandarin_zh-CN-YunyangNeural_SC-000377.wav,spoof,RT-EDGETTS-MANDARIN,clean,redteam_factory/Edge-TTS,微软服务条款，仅研究评测用途,edgetts,mandarin,SC-000377,zh-CN-YunyangNeural,
data/redteam/factory/edgetts/mandarin/edgetts_mandarin_zh-CN-YunyangNeural_SC-000400.wav,spoof,RT-EDGETTS-MANDARIN,clean,redteam_factory/Edge-TTS,微软服务条款，仅研究评测用途,edgetts,mandarin,SC-000400,zh-CN-YunyangNeural,
data/redteam/factory/edgetts/mandarin/edgetts_mandarin_zh-CN-YunyangNeural_SC-000435.wav,spoof,RT-EDGETTS-MANDARIN,clean,redteam_factory/Edge-TTS,微软服务条款，仅研究评测用途,edgetts,mandarin,SC-000435,zh-CN-YunyangNeural,
data/redteam/factory/edgetts/mandarin/edgetts_mandarin_zh-CN-YunyangNeural_SC-000455.wav,spoof,RT-EDGETTS-MANDARIN,clean,redteam_factory/Edge-TTS,微软服务条款，仅研究评测用途,edgetts,mandarin,SC-000455,zh-CN-YunyangNeural,
data/redteam/factory/edgetts/mandarin/edgetts_mandarin_zh-CN-YunyangNeural_SC-000473.wav,spoof,RT-EDGETTS-MANDARIN,clean,redteam_factory/Edge-TTS,微软服务条款，仅研究评测用途,edgetts,mandarin,SC-000473,zh-CN-YunyangNeural,
data/redteam/factory/edgetts/mandarin/edgetts_mandarin_zh-CN-YunyangNeural_SC-000488.wav,spoof,RT-EDGETTS-MANDARIN,clean,redteam_factory/Edge-TTS,微软服务条款，仅研究评测用途,edgetts,mandarin,SC-000488,zh-CN-YunyangNeural,
data/redteam/factory/edgetts/mandarin/edgetts_mandarin_zh-CN-YunyangNeural_SC-000510.wav,spoof,RT-EDGETTS-MANDARIN,clean,redteam_factory/Edge-TTS,微软服务条款，仅研究评测用途,edgetts,mandarin,SC-000510,zh-CN-YunyangNeural,
data/redteam/factory/edgetts/minnan/edgetts_minnan_zh-TW-HsiaoChenNeural_SC-000536.wav,spoof,RT-EDGETTS-MINNAN,clean,redteam_factory/Edge-TTS,微软服务条款，仅研究评测用途,edgetts,minnan,SC-000536,zh-TW-HsiaoChenNeural,
data/redteam/factory/edgetts/minnan/edgetts_minnan_zh-TW-HsiaoChenNeural_SC-000605.wav,spoof,RT-EDGETTS-MINNAN,clean,redteam_factory/Edge-TTS,微软服务条款，仅研究评测用途,edgetts,minnan,SC-000605,zh-TW-HsiaoChenNeural,
data/redteam/factory/edgetts/minnan/edgetts_minnan_zh-TW-HsiaoChenNeural_SC-000653.wav,spoof,RT-EDGETTS-MINNAN,clean,redteam_factory/Edge-TTS,微软服务条款，仅研究评测用途,edgetts,minnan,SC-000653,zh-TW-HsiaoChenNeural,
data/redteam/factory/edgetts/minnan/edgetts_minnan_zh-TW-HsiaoChenNeural_SC-000719.wav,spoof,RT-EDGETTS-MINNAN,clean,redteam_factory/Edge-TTS,微软服务条款，仅研究评测用途,edgetts,minnan,SC-000719,zh-TW-HsiaoChenNeural,
data/redteam/factory/edgetts/minnan/edgetts_minnan_zh-TW-HsiaoChenNeural_SC-000790.wav,spoof,RT-EDGETTS-MINNAN,clean,redteam_factory/Edge-TTS,微软服务条款，仅研究评测用途,edgetts,minnan,SC-000790,zh-TW-HsiaoChenNeural,
data/redteam/factory/edgetts/minnan/edgetts_minnan_zh-TW-HsiaoChenNeural_SC-000836.wav,spoof,RT-EDGETTS-MINNAN,clean,redteam_factory/Edge-TTS,微软服务条款，仅研究评测用途,edgetts,minnan,SC-000836,zh-TW-HsiaoChenNeural,
data/redteam/factory/edgetts/minnan/edgetts_minnan_zh-TW-HsiaoChenNeural_SC-000881.wav,spoof,RT-EDGETTS-MINNAN,clean,redteam_factory/Edge-TTS,微软服务条款，仅研究评测用途,edgetts,minnan,SC-000881,zh-TW-HsiaoChenNeural,
data/redteam/factory/edgetts/minnan/edgetts_minnan_zh-TW-HsiaoChenNeural_SC-000943.wav,spoof,RT-EDGETTS-MINNAN,clean,redteam_factory/Edge-TTS,微软服务条款，仅研究评测用途,edgetts,minnan,SC-000943,zh-TW-HsiaoChenNeural,
data/redteam/factory/edgetts/minnan/edgetts_minnan_zh-TW-HsiaoChenNeural_SC-000982.wav,spoof,RT-EDGETTS-MINNAN,clean,redteam_factory/Edge-TTS,微软服务条款，仅研究评测用途,edgetts,minnan,SC-000982,zh-TW-HsiaoChenNeural,
data/redteam/factory/edgetts/minnan/edgetts_minnan_zh-TW-HsiaoChenNeural_SC-001045.wav,spoof,RT-EDGETTS-MINNAN,clean,redteam_factory/Edge-TTS,微软服务条款，仅研究评测用途,edgetts,minnan,SC-001045,zh-TW-HsiaoChenNeural,
data/redteam/factory/edgetts/minnan/edgetts_minnan_zh-TW-HsiaoChenNeural_SC-001103.wav,spoof,RT-EDGETTS-MINNAN,clean,redteam_factory/Edge-TTS,微软服务条款，仅研究评测用途,edgetts,minnan,SC-001103,zh-TW-HsiaoChenNeural,
data/redteam/factory/edgetts/minnan/edgetts_minnan_zh-TW-HsiaoChenNeural_SC-001151.wav,spoof,RT-EDGETTS-MINNAN,clean,redteam_factory/Edge-TTS,微软服务条款，仅研究评测用途,edgetts,minnan,SC-001151,zh-TW-HsiaoChenNeural,
data/redteam/factory/edgetts/minnan/edgetts_minnan_zh-TW-HsiaoChenNeural_SC-001227.wav,spoof,RT-EDGETTS-MINNAN,clean,redteam_factory/Edge-TTS,微软服务条款，仅研究评测用途,edgetts,minnan,SC-001227,zh-TW-HsiaoChenNeural,
data/redteam/factory/edgetts/minnan/edgetts_minnan_zh-TW-HsiaoChenNeural_SC-001266.wav,spoof,RT-EDGETTS-MINNAN,clean,redteam_factory/Edge-TTS,微软服务条款，仅研究评测用途,edgetts,minnan,SC-001266,zh-TW-HsiaoChenNeural,
data/redteam/factory/edgetts/minnan/edgetts_minnan_zh-TW-HsiaoChenNeural_SC-001346.wav,spoof,RT-EDGETTS-MINNAN,clean,redteam_factory/Edge-TTS,微软服务条款，仅研究评测用途,edgetts,minnan,SC-001346,zh-TW-HsiaoChenNeural,
data/redteam/factory/edgetts/minnan/edgetts_minnan_zh-TW-HsiaoChenNeural_SC-001415.wav,spoof,RT-EDGETTS-MINNAN,clean,redteam_factory/Edge-TTS,微软服务条款，仅研究评测用途,edgetts,minnan,SC-001415,zh-TW-HsiaoChenNeural,
data/redteam/factory/edgetts/minnan/edgetts_minnan_zh-TW-HsiaoChenNeural_SC-001487.wav,spoof,RT-EDGETTS-MINNAN,clean,redteam_factory/Edge-TTS,微软服务条款，仅研究评测用途,edgetts,minnan,SC-001487,zh-TW-HsiaoChenNeural,
data/redteam/factory/edgetts/minnan/edgetts_minnan_zh-TW-HsiaoChenNeural_SC-001610.wav,spoof,RT-EDGETTS-MINNAN,clean,redteam_factory/Edge-TTS,微软服务条款，仅研究评测用途,edgetts,minnan,SC-001610,zh-TW-HsiaoChenNeural,
data/redteam/factory/edgetts/minnan/edgetts_minnan_zh-TW-HsiaoChenNeural_SC-001691.wav,spoof,RT-EDGETTS-MINNAN,clean,redteam_factory/Edge-TTS,微软服务条款，仅研究评测用途,edgetts,minnan,SC-001691,zh-TW-HsiaoChenNeural,
data/redteam/factory/edgetts/minnan/edgetts_minnan_zh-TW-YunJheNeural_SC-000536.wav,spoof,RT-EDGETTS-MINNAN,clean,redteam_factory/Edge-TTS,微软服务条款，仅研究评测用途,edgetts,minnan,SC-000536,zh-TW-YunJheNeural,
data/redteam/factory/edgetts/minnan/edgetts_minnan_zh-TW-YunJheNeural_SC-000605.wav,spoof,RT-EDGETTS-MINNAN,clean,redteam_factory/Edge-TTS,微软服务条款，仅研究评测用途,edgetts,minnan,SC-000605,zh-TW-YunJheNeural,
data/redteam/factory/edgetts/minnan/edgetts_minnan_zh-TW-YunJheNeural_SC-000653.wav,spoof,RT-EDGETTS-MINNAN,clean,redteam_factory/Edge-TTS,微软服务条款，仅研究评测用途,edgetts,minnan,SC-000653,zh-TW-YunJheNeural,
data/redteam/factory/edgetts/minnan/edgetts_minnan_zh-TW-YunJheNeural_SC-000719.wav,spoof,RT-EDGETTS-MINNAN,clean,redteam_factory/Edge-TTS,微软服务条款，仅研究评测用途,edgetts,minnan,SC-000719,zh-TW-YunJheNeural,
data/redteam/factory/edgetts/minnan/edgetts_minnan_zh-TW-YunJheNeural_SC-000790.wav,spoof,RT-EDGETTS-MINNAN,clean,redteam_factory/Edge-TTS,微软服务条款，仅研究评测用途,edgetts,minnan,SC-000790,zh-TW-YunJheNeural,
data/redteam/factory/edgetts/minnan/edgetts_minnan_zh-TW-YunJheNeural_SC-000836.wav,spoof,RT-EDGETTS-MINNAN,clean,redteam_factory/Edge-TTS,微软服务条款，仅研究评测用途,edgetts,minnan,SC-000836,zh-TW-YunJheNeural,
data/redteam/factory/edgetts/minnan/edgetts_minnan_zh-TW-YunJheNeural_SC-000881.wav,spoof,RT-EDGETTS-MINNAN,clean,redteam_factory/Edge-TTS,微软服务条款，仅研究评测用途,edgetts,minnan,SC-000881,zh-TW-YunJheNeural,
data/redteam/factory/edgetts/minnan/edgetts_minnan_zh-TW-YunJheNeural_SC-000943.wav,spoof,RT-EDGETTS-MINNAN,clean,redteam_factory/Edge-TTS,微软服务条款，仅研究评测用途,edgetts,minnan,SC-000943,zh-TW-YunJheNeural,
data/redteam/factory/edgetts/minnan/edgetts_minnan_zh-TW-YunJheNeural_SC-000982.wav,spoof,RT-EDGETTS-MINNAN,clean,redteam_factory/Edge-TTS,微软服务条款，仅研究评测用途,edgetts,minnan,SC-000982,zh-TW-YunJheNeural,
data/redteam/factory/edgetts/minnan/edgetts_minnan_zh-TW-YunJheNeural_SC-001045.wav,spoof,RT-EDGETTS-MINNAN,clean,redteam_factory/Edge-TTS,微软服务条款，仅研究评测用途,edgetts,minnan,SC-001045,zh-TW-YunJheNeural,
data/redteam/factory/edgetts/minnan/edgetts_minnan_zh-TW-YunJheNeural_SC-001103.wav,spoof,RT-EDGETTS-MINNAN,clean,redteam_factory/Edge-TTS,微软服务条款，仅研究评测用途,edgetts,minnan,SC-001103,zh-TW-YunJheNeural,
data/redteam/factory/edgetts/minnan/edgetts_minnan_zh-TW-YunJheNeural_SC-001151.wav,spoof,RT-EDGETTS-MINNAN,clean,redteam_factory/Edge-TTS,微软服务条款，仅研究评测用途,edgetts,minnan,SC-001151,zh-TW-YunJheNeural,
data/redteam/factory/edgetts/minnan/edgetts_minnan_zh-TW-YunJheNeural_SC-001227.wav,spoof,RT-EDGETTS-MINNAN,clean,redteam_factory/Edge-TTS,微软服务条款，仅研究评测用途,edgetts,minnan,SC-001227,zh-TW-YunJheNeural,
data/redteam/factory/edgetts/minnan/edgetts_minnan_zh-TW-YunJheNeural_SC-001266.wav,spoof,RT-EDGETTS-MINNAN,clean,redteam_factory/Edge-TTS,微软服务条款，仅研究评测用途,edgetts,minnan,SC-001266,zh-TW-YunJheNeural,
data/redteam/factory/edgetts/minnan/edgetts_minnan_zh-TW-YunJheNeural_SC-001346.wav,spoof,RT-EDGETTS-MINNAN,clean,redteam_factory/Edge-TTS,微软服务条款，仅研究评测用途,edgetts,minnan,SC-001346,zh-TW-YunJheNeural,
data/redteam/factory/edgetts/minnan/edgetts_minnan_zh-TW-YunJheNeural_SC-001415.wav,spoof,RT-EDGETTS-MINNAN,clean,redteam_factory/Edge-TTS,微软服务条款，仅研究评测用途,edgetts,minnan,SC-001415,zh-TW-YunJheNeural,
data/redteam/factory/edgetts/minnan/edgetts_minnan_zh-TW-YunJheNeural_SC-001487.wav,spoof,RT-EDGETTS-MINNAN,clean,redteam_factory/Edge-TTS,微软服务条款，仅研究评测用途,edgetts,minnan,SC-001487,zh-TW-YunJheNeural,
data/redteam/factory/edgetts/minnan/edgetts_minnan_zh-TW-YunJheNeural_SC-001610.wav,spoof,RT-EDGETTS-MINNAN,clean,redteam_factory/Edge-TTS,微软服务条款，仅研究评测用途,edgetts,minnan,SC-001610,zh-TW-YunJheNeural,
data/redteam/factory/edgetts/minnan/edgetts_minnan_zh-TW-YunJheNeural_SC-001691.wav,spoof,RT-EDGETTS-MINNAN,clean,redteam_factory/Edge-TTS,微软服务条款，仅研究评测用途,edgetts,minnan,SC-001691,zh-TW-YunJheNeural,
data/redteam/factory/edgetts/sichuan/edgetts_sichuan_zh-CN-YunxiNeural_SC-000330.wav,spoof,RT-EDGETTS-SICHUAN,clean,redteam_factory/Edge-TTS,微软服务条款，仅研究评测用途,edgetts,sichuan,SC-000330,zh-CN-YunxiNeural,
data/redteam/factory/edgetts/sichuan/edgetts_sichuan_zh-CN-YunxiNeural_SC-000373.wav,spoof,RT-EDGETTS-SICHUAN,clean,redteam_factory/Edge-TTS,微软服务条款，仅研究评测用途,edgetts,sichuan,SC-000373,zh-CN-YunxiNeural,
data/redteam/factory/edgetts/sichuan/edgetts_sichuan_zh-CN-YunxiNeural_SC-000409.wav,spoof,RT-EDGETTS-SICHUAN,clean,redteam_factory/Edge-TTS,微软服务条款，仅研究评测用途,edgetts,sichuan,SC-000409,zh-CN-YunxiNeural,
data/redteam/factory/edgetts/sichuan/edgetts_sichuan_zh-CN-YunxiNeural_SC-000472.wav,spoof,RT-EDGETTS-SICHUAN,clean,redteam_factory/Edge-TTS,微软服务条款，仅研究评测用途,edgetts,sichuan,SC-000472,zh-CN-YunxiNeural,
data/redteam/factory/edgetts/sichuan/edgetts_sichuan_zh-CN-YunxiNeural_SC-000537.wav,spoof,RT-EDGETTS-SICHUAN,clean,redteam_factory/Edge-TTS,微软服务条款，仅研究评测用途,edgetts,sichuan,SC-000537,zh-CN-YunxiNeural,
data/redteam/factory/edgetts/sichuan/edgetts_sichuan_zh-CN-YunxiNeural_SC-000622.wav,spoof,RT-EDGETTS-SICHUAN,clean,redteam_factory/Edge-TTS,微软服务条款，仅研究评测用途,edgetts,sichuan,SC-000622,zh-CN-YunxiNeural,
data/redteam/factory/edgetts/sichuan/edgetts_sichuan_zh-CN-YunxiNeural_SC-000683.wav,spoof,RT-EDGETTS-SICHUAN,clean,redteam_factory/Edge-TTS,微软服务条款，仅研究评测用途,edgetts,sichuan,SC-000683,zh-CN-YunxiNeural,
data/redteam/factory/edgetts/sichuan/edgetts_sichuan_zh-CN-YunxiNeural_SC-000831.wav,spoof,RT-EDGETTS-SICHUAN,clean,redteam_factory/Edge-TTS,微软服务条款，仅研究评测用途,edgetts,sichuan,SC-000831,zh-CN-YunxiNeural,
data/redteam/factory/edgetts/sichuan/edgetts_sichuan_zh-CN-YunxiNeural_SC-000901.wav,spoof,RT-EDGETTS-SICHUAN,clean,redteam_factory/Edge-TTS,微软服务条款，仅研究评测用途,edgetts,sichuan,SC-000901,zh-CN-YunxiNeural,
data/redteam/factory/edgetts/sichuan/edgetts_sichuan_zh-CN-YunxiNeural_SC-000986.wav,spoof,RT-EDGETTS-SICHUAN,clean,redteam_factory/Edge-TTS,微软服务条款，仅研究评测用途,edgetts,sichuan,SC-000986,zh-CN-YunxiNeural,
data/redteam/factory/edgetts/sichuan/edgetts_sichuan_zh-CN-YunxiNeural_SC-001055.wav,spoof,RT-EDGETTS-SICHUAN,clean,redteam_factory/Edge-TTS,微软服务条款，仅研究评测用途,edgetts,sichuan,SC-001055,zh-CN-YunxiNeural,
data/redteam/factory/edgetts/sichuan/edgetts_sichuan_zh-CN-YunxiNeural_SC-001150.wav,spoof,RT-EDGETTS-SICHUAN,clean,redteam_factory/Edge-TTS,微软服务条款，仅研究评测用途,edgetts,sichuan,SC-001150,zh-CN-YunxiNeural,
data/redteam/factory/edgetts/sichuan/edgetts_sichuan_zh-CN-YunxiNeural_SC-001205.wav,spoof,RT-EDGETTS-SICHUAN,clean,redteam_factory/Edge-TTS,微软服务条款，仅研究评测用途,edgetts,sichuan,SC-001205,zh-CN-YunxiNeural,
data/redteam/factory/edgetts/sichuan/edgetts_sichuan_zh-CN-YunxiNeural_SC-001296.wav,spoof,RT-EDGETTS-SICHUAN,clean,redteam_factory/Edge-TTS,微软服务条款，仅研究评测用途,edgetts,sichuan,SC-001296,zh-CN-YunxiNeural,
data/redteam/factory/edgetts/sichuan/edgetts_sichuan_zh-CN-YunxiNeural_SC-001369.wav,spoof,RT-EDGETTS-SICHUAN,clean,redteam_factory/Edge-TTS,微软服务条款，仅研究评测用途,edgetts,sichuan,SC-001369,zh-CN-YunxiNeural,
data/redteam/factory/edgetts/sichuan/edgetts_sichuan_zh-CN-YunxiNeural_SC-001411.wav,spoof,RT-EDGETTS-SICHUAN,clean,redteam_factory/Edge-TTS,微软服务条款，仅研究评测用途,edgetts,sichuan,SC-001411,zh-CN-YunxiNeural,
data/redteam/factory/edgetts/sichuan/edgetts_sichuan_zh-CN-YunxiNeural_SC-001474.wav,spoof,RT-EDGETTS-SICHUAN,clean,redteam_factory/Edge-TTS,微软服务条款，仅研究评测用途,edgetts,sichuan,SC-001474,zh-CN-YunxiNeural,
data/redteam/factory/edgetts/sichuan/edgetts_sichuan_zh-CN-YunxiNeural_SC-001540.wav,spoof,RT-EDGETTS-SICHUAN,clean,redteam_factory/Edge-TTS,微软服务条款，仅研究评测用途,edgetts,sichuan,SC-001540,zh-CN-YunxiNeural,
data/redteam/factory/edgetts/sichuan/edgetts_sichuan_zh-CN-XiaoxiaoNeural_SC-000330.wav,spoof,RT-EDGETTS-SICHUAN,clean,redteam_factory/Edge-TTS,微软服务条款，仅研究评测用途,edgetts,sichuan,SC-000330,zh-CN-XiaoxiaoNeural,
data/redteam/factory/edgetts/sichuan/edgetts_sichuan_zh-CN-XiaoxiaoNeural_SC-000373.wav,spoof,RT-EDGETTS-SICHUAN,clean,redteam_factory/Edge-TTS,微软服务条款，仅研究评测用途,edgetts,sichuan,SC-000373,zh-CN-XiaoxiaoNeural,
data/redteam/factory/edgetts/sichuan/edgetts_sichuan_zh-CN-XiaoxiaoNeural_SC-000409.wav,spoof,RT-EDGETTS-SICHUAN,clean,redteam_factory/Edge-TTS,微软服务条款，仅研究评测用途,edgetts,sichuan,SC-000409,zh-CN-XiaoxiaoNeural,
data/redteam/factory/edgetts/sichuan/edgetts_sichuan_zh-CN-XiaoxiaoNeural_SC-000472.wav,spoof,RT-EDGETTS-SICHUAN,clean,redteam_factory/Edge-TTS,微软服务条款，仅研究评测用途,edgetts,sichuan,SC-000472,zh-CN-XiaoxiaoNeural,
data/redteam/factory/edgetts/sichuan/edgetts_sichuan_zh-CN-XiaoxiaoNeural_SC-000537.wav,spoof,RT-EDGETTS-SICHUAN,clean,redteam_factory/Edge-TTS,微软服务条款，仅研究评测用途,edgetts,sichuan,SC-000537,zh-CN-XiaoxiaoNeural,
data/redteam/factory/edgetts/sichuan/edgetts_sichuan_zh-CN-XiaoxiaoNeural_SC-000622.wav,spoof,RT-EDGETTS-SICHUAN,clean,redteam_factory/Edge-TTS,微软服务条款，仅研究评测用途,edgetts,sichuan,SC-000622,zh-CN-XiaoxiaoNeural,
data/redteam/factory/edgetts/sichuan/edgetts_sichuan_zh-CN-XiaoxiaoNeural_SC-000683.wav,spoof,RT-EDGETTS-SICHUAN,clean,redteam_factory/Edge-TTS,微软服务条款，仅研究评测用途,edgetts,sichuan,SC-000683,zh-CN-XiaoxiaoNeural,
data/redteam/factory/edgetts/sichuan/edgetts_sichuan_zh-CN-XiaoxiaoNeural_SC-000751.wav,spoof,RT-EDGETTS-SICHUAN,clean,redteam_factory/Edge-TTS,微软服务条款，仅研究评测用途,edgetts,sichuan,SC-000751,zh-CN-XiaoxiaoNeural,
data/redteam/factory/edgetts/sichuan/edgetts_sichuan_zh-CN-XiaoxiaoNeural_SC-000831.wav,spoof,RT-EDGETTS-SICHUAN,clean,redteam_factory/Edge-TTS,微软服务条款，仅研究评测用途,edgetts,sichuan,SC-000831,zh-CN-XiaoxiaoNeural,
data/redteam/factory/edgetts/sichuan/edgetts_sichuan_zh-CN-XiaoxiaoNeural_SC-000901.wav,spoof,RT-EDGETTS-SICHUAN,clean,redteam_factory/Edge-TTS,微软服务条款，仅研究评测用途,edgetts,sichuan,SC-000901,zh-CN-XiaoxiaoNeural,
data/redteam/factory/edgetts/sichuan/edgetts_sichuan_zh-CN-XiaoxiaoNeural_SC-000986.wav,spoof,RT-EDGETTS-SICHUAN,clean,redteam_factory/Edge-TTS,微软服务条款，仅研究评测用途,edgetts,sichuan,SC-000986,zh-CN-XiaoxiaoNeural,
data/redteam/factory/edgetts/sichuan/edgetts_sichuan_zh-CN-XiaoxiaoNeural_SC-001055.wav,spoof,RT-EDGETTS-SICHUAN,clean,redteam_factory/Edge-TTS,微软服务条款，仅研究评测用途,edgetts,sichuan,SC-001055,zh-CN-XiaoxiaoNeural,
data/redteam/factory/edgetts/sichuan/edgetts_sichuan_zh-CN-XiaoxiaoNeural_SC-001150.wav,spoof,RT-EDGETTS-SICHUAN,clean,redteam_factory/Edge-TTS,微软服务条款，仅研究评测用途,edgetts,sichuan,SC-001150,zh-CN-XiaoxiaoNeural,
data/redteam/factory/edgetts/sichuan/edgetts_sichuan_zh-CN-XiaoxiaoNeural_SC-001205.wav,spoof,RT-EDGETTS-SICHUAN,clean,redteam_factory/Edge-TTS,微软服务条款，仅研究评测用途,edgetts,sichuan,SC-001205,zh-CN-XiaoxiaoNeural,
data/redteam/factory/edgetts/sichuan/edgetts_sichuan_zh-CN-XiaoxiaoNeural_SC-001296.wav,spoof,RT-EDGETTS-SICHUAN,clean,redteam_factory/Edge-TTS,微软服务条款，仅研究评测用途,edgetts,sichuan,SC-001296,zh-CN-XiaoxiaoNeural,
data/redteam/factory/edgetts/sichuan/edgetts_sichuan_zh-CN-XiaoxiaoNeural_SC-001369.wav,spoof,RT-EDGETTS-SICHUAN,clean,redteam_factory/Edge-TTS,微软服务条款，仅研究评测用途,edgetts,sichuan,SC-001369,zh-CN-XiaoxiaoNeural,
data/redteam/factory/edgetts/sichuan/edgetts_sichuan_zh-CN-XiaoxiaoNeural_SC-001411.wav,spoof,RT-EDGETTS-SICHUAN,clean,redteam_factory/Edge-TTS,微软服务条款，仅研究评测用途,edgetts,sichuan,SC-001411,zh-CN-XiaoxiaoNeural,
data/redteam/factory/edgetts/sichuan/edgetts_sichuan_zh-CN-XiaoxiaoNeural_SC-001474.wav,spoof,RT-EDGETTS-SICHUAN,clean,redteam_factory/Edge-TTS,微软服务条款，仅研究评测用途,edgetts,sichuan,SC-001474,zh-CN-XiaoxiaoNeural,
data/redteam/factory/edgetts/sichuan/edgetts_sichuan_zh-CN-XiaoxiaoNeural_SC-001540.wav,spoof,RT-EDGETTS-SICHUAN,clean,redteam_factory/Edge-TTS,微软服务条款，仅研究评测用途,edgetts,sichuan,SC-001540,zh-CN-XiaoxiaoNeural,
data/redteam/factory/edgetts/cantonese/edgetts_cantonese_zh-HK-HiuMaanNeural_SC-000490.wav,spoof,RT-EDGETTS-CANTONESE,clean,redteam_factory/Edge-TTS,微软服务条款，仅研究评测用途,edgetts,cantonese,SC-000490,zh-HK-HiuMaanNeural,
data/redteam/factory/edgetts/cantonese/edgetts_cantonese_zh-HK-HiuMaanNeural_SC-000556.wav,spoof,RT-EDGETTS-CANTONESE,clean,redteam_factory/Edge-TTS,微软服务条款，仅研究评测用途,edgetts,cantonese,SC-000556,zh-HK-HiuMaanNeural,
data/redteam/factory/edgetts/cantonese/edgetts_cantonese_zh-HK-HiuMaanNeural_SC-000625.wav,spoof,RT-EDGETTS-CANTONESE,clean,redteam_factory/Edge-TTS,微软服务条款，仅研究评测用途,edgetts,cantonese,SC-000625,zh-HK-HiuMaanNeural,
data/redteam/factory/edgetts/cantonese/edgetts_cantonese_zh-HK-HiuMaanNeural_SC-000689.wav,spoof,RT-EDGETTS-CANTONESE,clean,redteam_factory/Edge-TTS,微软服务条款，仅研究评测用途,edgetts,cantonese,SC-000689,zh-HK-HiuMaanNeural,
data/redteam/factory/edgetts/cantonese/edgetts_cantonese_zh-HK-HiuMaanNeural_SC-000752.wav,spoof,RT-EDGETTS-CANTONESE,clean,redteam_factory/Edge-TTS,微软服务条款，仅研究评测用途,edgetts,cantonese,SC-000752,zh-HK-HiuMaanNeural,
data/redteam/factory/edgetts/cantonese/edgetts_cantonese_zh-HK-HiuMaanNeural_SC-000801.wav,spoof,RT-EDGETTS-CANTONESE,clean,redteam_factory/Edge-TTS,微软服务条款，仅研究评测用途,edgetts,cantonese,SC-000801,zh-HK-HiuMaanNeural,
data/redteam/factory/edgetts/cantonese/edgetts_cantonese_zh-HK-HiuMaanNeural_SC-000885.wav,spoof,RT-EDGETTS-CANTONESE,clean,redteam_factory/Edge-TTS,微软服务条款，仅研究评测用途,edgetts,cantonese,SC-000885,zh-HK-HiuMaanNeural,
data/redteam/factory/edgetts/cantonese/edgetts_cantonese_zh-HK-HiuMaanNeural_SC-000948.wav,spoof,RT-EDGETTS-CANTONESE,clean,redteam_factory/Edge-TTS,微软服务条款，仅研究评测用途,edgetts,cantonese,SC-000948,zh-HK-HiuMaanNeural,
data/redteam/factory/edgetts/cantonese/edgetts_cantonese_zh-HK-HiuMaanNeural_SC-001014.wav,spoof,RT-EDGETTS-CANTONESE,clean,redteam_factory/Edge-TTS,微软服务条款，仅研究评测用途,edgetts,cantonese,SC-001014,zh-HK-HiuMaanNeural,
data/redteam/factory/edgetts/cantonese/edgetts_cantonese_zh-HK-HiuMaanNeural_SC-001080.wav,spoof,RT-EDGETTS-CANTONESE,clean,redteam_factory/Edge-TTS,微软服务条款，仅研究评测用途,edgetts,cantonese,SC-001080,zh-HK-HiuMaanNeural,
data/redteam/factory/edgetts/cantonese/edgetts_cantonese_zh-HK-HiuMaanNeural_SC-001129.wav,spoof,RT-EDGETTS-CANTONESE,clean,redteam_factory/Edge-TTS,微软服务条款，仅研究评测用途,edgetts,cantonese,SC-001129,zh-HK-HiuMaanNeural,
data/redteam/factory/edgetts/cantonese/edgetts_cantonese_zh-HK-HiuMaanNeural_SC-001191.wav,spoof,RT-EDGETTS-CANTONESE,clean,redteam_factory/Edge-TTS,微软服务条款，仅研究评测用途,edgetts,cantonese,SC-001191,zh-HK-HiuMaanNeural,
data/redteam/factory/edgetts/cantonese/edgetts_cantonese_zh-HK-HiuMaanNeural_SC-001251.wav,spoof,RT-EDGETTS-CANTONESE,clean,redteam_factory/Edge-TTS,微软服务条款，仅研究评测用途,edgetts,cantonese,SC-001251,zh-HK-HiuMaanNeural,
data/redteam/factory/edgetts/cantonese/edgetts_cantonese_zh-HK-HiuMaanNeural_SC-001286.wav,spoof,RT-EDGETTS-CANTONESE,clean,redteam_factory/Edge-TTS,微软服务条款，仅研究评测用途,edgetts,cantonese,SC-001286,zh-HK-HiuMaanNeural,
data/redteam/factory/edgetts/cantonese/edgetts_cantonese_zh-HK-HiuMaanNeural_SC-001350.wav,spoof,RT-EDGETTS-CANTONESE,clean,redteam_factory/Edge-TTS,微软服务条款，仅研究评测用途,edgetts,cantonese,SC-001350,zh-HK-HiuMaanNeural,
data/redteam/factory/edgetts/cantonese/edgetts_cantonese_zh-HK-HiuMaanNeural_SC-001452.wav,spoof,RT-EDGETTS-CANTONESE,clean,redteam_factory/Edge-TTS,微软服务条款，仅研究评测用途,edgetts,cantonese,SC-001452,zh-HK-HiuMaanNeural,
data/redteam/factory/edgetts/cantonese/edgetts_cantonese_zh-HK-HiuMaanNeural_SC-001489.wav,spoof,RT-EDGETTS-CANTONESE,clean,redteam_factory/Edge-TTS,微软服务条款，仅研究评测用途,edgetts,cantonese,SC-001489,zh-HK-HiuMaanNeural,
data/redteam/factory/edgetts/cantonese/edgetts_cantonese_zh-HK-HiuMaanNeural_SC-001544.wav,spoof,RT-EDGETTS-CANTONESE,clean,redteam_factory/Edge-TTS,微软服务条款，仅研究评测用途,edgetts,cantonese,SC-001544,zh-HK-HiuMaanNeural,
data/redteam/factory/edgetts/cantonese/edgetts_cantonese_zh-HK-HiuMaanNeural_SC-001611.wav,spoof,RT-EDGETTS-CANTONESE,clean,redteam_factory/Edge-TTS,微软服务条款，仅研究评测用途,edgetts,cantonese,SC-001611,zh-HK-HiuMaanNeural,
data/redteam/factory/edgetts/cantonese/edgetts_cantonese_zh-HK-WanLungNeural_SC-000490.wav,spoof,RT-EDGETTS-CANTONESE,clean,redteam_factory/Edge-TTS,微软服务条款，仅研究评测用途,edgetts,cantonese,SC-000490,zh-HK-WanLungNeural,
data/redteam/factory/edgetts/cantonese/edgetts_cantonese_zh-HK-WanLungNeural_SC-000556.wav,spoof,RT-EDGETTS-CANTONESE,clean,redteam_factory/Edge-TTS,微软服务条款，仅研究评测用途,edgetts,cantonese,SC-000556,zh-HK-WanLungNeural,
data/redteam/factory/edgetts/cantonese/edgetts_cantonese_zh-HK-WanLungNeural_SC-000625.wav,spoof,RT-EDGETTS-CANTONESE,clean,redteam_factory/Edge-TTS,微软服务条款，仅研究评测用途,edgetts,cantonese,SC-000625,zh-HK-WanLungNeural,
data/redteam/factory/edgetts/cantonese/edgetts_cantonese_zh-HK-WanLungNeural_SC-000689.wav,spoof,RT-EDGETTS-CANTONESE,clean,redteam_factory/Edge-TTS,微软服务条款，仅研究评测用途,edgetts,cantonese,SC-000689,zh-HK-WanLungNeural,
data/redteam/factory/edgetts/cantonese/edgetts_cantonese_zh-HK-WanLungNeural_SC-000752.wav,spoof,RT-EDGETTS-CANTONESE,clean,redteam_factory/Edge-TTS,微软服务条款，仅研究评测用途,edgetts,cantonese,SC-000752,zh-HK-WanLungNeural,
data/redteam/factory/edgetts/cantonese/edgetts_cantonese_zh-HK-WanLungNeural_SC-000801.wav,spoof,RT-EDGETTS-CANTONESE,clean,redteam_factory/Edge-TTS,微软服务条款，仅研究评测用途,edgetts,cantonese,SC-000801,zh-HK-WanLungNeural,
data/redteam/factory/edgetts/cantonese/edgetts_cantonese_zh-HK-WanLungNeural_SC-000885.wav,spoof,RT-EDGETTS-CANTONESE,clean,redteam_factory/Edge-TTS,微软服务条款，仅研究评测用途,edgetts,cantonese,SC-000885,zh-HK-WanLungNeural,
data/redteam/factory/edgetts/cantonese/edgetts_cantonese_zh-HK-WanLungNeural_SC-000948.wav,spoof,RT-EDGETTS-CANTONESE,clean,redteam_factory/Edge-TTS,微软服务条款，仅研究评测用途,edgetts,cantonese,SC-000948,zh-HK-WanLungNeural,
data/redteam/factory/edgetts/cantonese/edgetts_cantonese_zh-HK-WanLungNeural_SC-001014.wav,spoof,RT-EDGETTS-CANTONESE,clean,redteam_factory/Edge-TTS,微软服务条款，仅研究评测用途,edgetts,cantonese,SC-001014,zh-HK-WanLungNeural,
data/redteam/factory/edgetts/cantonese/edgetts_cantonese_zh-HK-WanLungNeural_SC-001080.wav,spoof,RT-EDGETTS-CANTONESE,clean,redteam_factory/Edge-TTS,微软服务条款，仅研究评测用途,edgetts,cantonese,SC-001080,zh-HK-WanLungNeural,
data/redteam/factory/edgetts/cantonese/edgetts_cantonese_zh-HK-WanLungNeural_SC-001129.wav,spoof,RT-EDGETTS-CANTONESE,clean,redteam_factory/Edge-TTS,微软服务条款，仅研究评测用途,edgetts,cantonese,SC-001129,zh-HK-WanLungNeural,
data/redteam/factory/edgetts/cantonese/edgetts_cantonese_zh-HK-WanLungNeural_SC-001191.wav,spoof,RT-EDGETTS-CANTONESE,clean,redteam_factory/Edge-TTS,微软服务条款，仅研究评测用途,edgetts,cantonese,SC-001191,zh-HK-WanLungNeural,
data/redteam/factory/edgetts/cantonese/edgetts_cantonese_zh-HK-WanLungNeural_SC-001251.wav,spoof,RT-EDGETTS-CANTONESE,clean,redteam_factory/Edge-TTS,微软服务条款，仅研究评测用途,edgetts,cantonese,SC-001251,zh-HK-WanLungNeural,
data/redteam/factory/edgetts/cantonese/edgetts_cantonese_zh-HK-WanLungNeural_SC-001286.wav,spoof,RT-EDGETTS-CANTONESE,clean,redteam_factory/Edge-TTS,微软服务条款，仅研究评测用途,edgetts,cantonese,SC-001286,zh-HK-WanLungNeural,
data/redteam/factory/edgetts/cantonese/edgetts_cantonese_zh-HK-WanLungNeural_SC-001350.wav,spoof,RT-EDGETTS-CANTONESE,clean,redteam_factory/Edge-TTS,微软服务条款，仅研究评测用途,edgetts,cantonese,SC-001350,zh-HK-WanLungNeural,
data/redteam/factory/edgetts/cantonese/edgetts_cantonese_zh-HK-WanLungNeural_SC-001452.wav,spoof,RT-EDGETTS-CANTONESE,clean,redteam_factory/Edge-TTS,微软服务条款，仅研究评测用途,edgetts,cantonese,SC-001452,zh-HK-WanLungNeural,
data/redteam/factory/edgetts/cantonese/edgetts_cantonese_zh-HK-WanLungNeural_SC-001489.wav,spoof,RT-EDGETTS-CANTONESE,clean,redteam_factory/Edge-TTS,微软服务条款，仅研究评测用途,edgetts,cantonese,SC-001489,zh-HK-WanLungNeural,
data/redteam/factory/edgetts/cantonese/edgetts_cantonese_zh-HK-WanLungNeural_SC-001544.wav,spoof,RT-EDGETTS-CANTONESE,clean,redteam_factory/Edge-TTS,微软服务条款，仅研究评测用途,edgetts,cantonese,SC-001544,zh-HK-WanLungNeural,
data/redteam/factory/edgetts/cantonese/edgetts_cantonese_zh-HK-WanLungNeural_SC-001611.wav,spoof,RT-EDGETTS-CANTONESE,clean,redteam_factory/Edge-TTS,微软服务条款，仅研究评测用途,edgetts,cantonese,SC-001611,zh-HK-WanLungNeural,
data/redteam/factory/edgetts/dongbei/edgetts_dongbei_zh-CN-liaoning-XiaobeiNeural_SC-000417.wav,spoof,RT-EDGETTS-DONGBEI,clean,redteam_factory/Edge-TTS,微软服务条款，仅研究评测用途,edgetts,dongbei,SC-000417,zh-CN-liaoning-XiaobeiNeural,
data/redteam/factory/edgetts/dongbei/edgetts_dongbei_zh-CN-liaoning-XiaobeiNeural_SC-000492.wav,spoof,RT-EDGETTS-DONGBEI,clean,redteam_factory/Edge-TTS,微软服务条款，仅研究评测用途,edgetts,dongbei,SC-000492,zh-CN-liaoning-XiaobeiNeural,
data/redteam/factory/edgetts/dongbei/edgetts_dongbei_zh-CN-liaoning-XiaobeiNeural_SC-000570.wav,spoof,RT-EDGETTS-DONGBEI,clean,redteam_factory/Edge-TTS,微软服务条款，仅研究评测用途,edgetts,dongbei,SC-000570,zh-CN-liaoning-XiaobeiNeural,
data/redteam/factory/edgetts/dongbei/edgetts_dongbei_zh-CN-liaoning-XiaobeiNeural_SC-000658.wav,spoof,RT-EDGETTS-DONGBEI,clean,redteam_factory/Edge-TTS,微软服务条款，仅研究评测用途,edgetts,dongbei,SC-000658,zh-CN-liaoning-XiaobeiNeural,
data/redteam/factory/edgetts/dongbei/edgetts_dongbei_zh-CN-liaoning-XiaobeiNeural_SC-000720.wav,spoof,RT-EDGETTS-DONGBEI,clean,redteam_factory/Edge-TTS,微软服务条款，仅研究评测用途,edgetts,dongbei,SC-000720,zh-CN-liaoning-XiaobeiNeural,
data/redteam/factory/edgetts/dongbei/edgetts_dongbei_zh-CN-liaoning-XiaobeiNeural_SC-000787.wav,spoof,RT-EDGETTS-DONGBEI,clean,redteam_factory/Edge-TTS,微软服务条款，仅研究评测用途,edgetts,dongbei,SC-000787,zh-CN-liaoning-XiaobeiNeural,
data/redteam/factory/edgetts/dongbei/edgetts_dongbei_zh-CN-liaoning-XiaobeiNeural_SC-000877.wav,spoof,RT-EDGETTS-DONGBEI,clean,redteam_factory/Edge-TTS,微软服务条款，仅研究评测用途,edgetts,dongbei,SC-000877,zh-CN-liaoning-XiaobeiNeural,
data/redteam/factory/edgetts/dongbei/edgetts_dongbei_zh-CN-liaoning-XiaobeiNeural_SC-000975.wav,spoof,RT-EDGETTS-DONGBEI,clean,redteam_factory/Edge-TTS,微软服务条款，仅研究评测用途,edgetts,dongbei,SC-000975,zh-CN-liaoning-XiaobeiNeural,
data/redteam/factory/edgetts/dongbei/edgetts_dongbei_zh-CN-liaoning-XiaobeiNeural_SC-001064.wav,spoof,RT-EDGETTS-DONGBEI,clean,redteam_factory/Edge-TTS,微软服务条款，仅研究评测用途,edgetts,dongbei,SC-001064,zh-CN-liaoning-XiaobeiNeural,
data/redteam/factory/edgetts/dongbei/edgetts_dongbei_zh-CN-liaoning-XiaobeiNeural_SC-001128.wav,spoof,RT-EDGETTS-DONGBEI,clean,redteam_factory/Edge-TTS,微软服务条款，仅研究评测用途,edgetts,dongbei,SC-001128,zh-CN-liaoning-XiaobeiNeural,
data/redteam/factory/edgetts/dongbei/edgetts_dongbei_zh-CN-liaoning-XiaobeiNeural_SC-001221.wav,spoof,RT-EDGETTS-DONGBEI,clean,redteam_factory/Edge-TTS,微软服务条款，仅研究评测用途,edgetts,dongbei,SC-001221,zh-CN-liaoning-XiaobeiNeural,
data/redteam/factory/edgetts/dongbei/edgetts_dongbei_zh-CN-liaoning-XiaobeiNeural_SC-001285.wav,spoof,RT-EDGETTS-DONGBEI,clean,redteam_factory/Edge-TTS,微软服务条款，仅研究评测用途,edgetts,dongbei,SC-001285,zh-CN-liaoning-XiaobeiNeural,
data/redteam/factory/edgetts/dongbei/edgetts_dongbei_zh-CN-liaoning-XiaobeiNeural_SC-001362.wav,spoof,RT-EDGETTS-DONGBEI,clean,redteam_factory/Edge-TTS,微软服务条款，仅研究评测用途,edgetts,dongbei,SC-001362,zh-CN-liaoning-XiaobeiNeural,
data/redteam/factory/edgetts/dongbei/edgetts_dongbei_zh-CN-liaoning-XiaobeiNeural_SC-001429.wav,spoof,RT-EDGETTS-DONGBEI,clean,redteam_factory/Edge-TTS,微软服务条款，仅研究评测用途,edgetts,dongbei,SC-001429,zh-CN-liaoning-XiaobeiNeural,
data/redteam/factory/edgetts/dongbei/edgetts_dongbei_zh-CN-liaoning-XiaobeiNeural_SC-001490.wav,spoof,RT-EDGETTS-DONGBEI,clean,redteam_factory/Edge-TTS,微软服务条款，仅研究评测用途,edgetts,dongbei,SC-001490,zh-CN-liaoning-XiaobeiNeural,
data/redteam/factory/edgetts/dongbei/edgetts_dongbei_zh-CN-liaoning-XiaobeiNeural_SC-001545.wav,spoof,RT-EDGETTS-DONGBEI,clean,redteam_factory/Edge-TTS,微软服务条款，仅研究评测用途,edgetts,dongbei,SC-001545,zh-CN-liaoning-XiaobeiNeural,
data/redteam/factory/edgetts/dongbei/edgetts_dongbei_zh-CN-liaoning-XiaobeiNeural_SC-001635.wav,spoof,RT-EDGETTS-DONGBEI,clean,redteam_factory/Edge-TTS,微软服务条款，仅研究评测用途,edgetts,dongbei,SC-001635,zh-CN-liaoning-XiaobeiNeural,
data/redteam/factory/edgetts/dongbei/edgetts_dongbei_zh-CN-liaoning-XiaobeiNeural_SC-001671.wav,spoof,RT-EDGETTS-DONGBEI,clean,redteam_factory/Edge-TTS,微软服务条款，仅研究评测用途,edgetts,dongbei,SC-001671,zh-CN-liaoning-XiaobeiNeural,
data/redteam/factory/edgetts/dongbei/edgetts_dongbei_zh-CN-liaoning-XiaobeiNeural_SC-001700.wav,spoof,RT-EDGETTS-DONGBEI,clean,redteam_factory/Edge-TTS,微软服务条款，仅研究评测用途,edgetts,dongbei,SC-001700,zh-CN-liaoning-XiaobeiNeural,
data/redteam/factory/edgetts/henan/edgetts_henan_zh-CN-shaanxi-XiaoniNeural_SC-000441.wav,spoof,RT-EDGETTS-HENAN,clean,redteam_factory/Edge-TTS,微软服务条款，仅研究评测用途,edgetts,henan,SC-000441,zh-CN-shaanxi-XiaoniNeural,
data/redteam/factory/edgetts/henan/edgetts_henan_zh-CN-shaanxi-XiaoniNeural_SC-000521.wav,spoof,RT-EDGETTS-HENAN,clean,redteam_factory/Edge-TTS,微软服务条款，仅研究评测用途,edgetts,henan,SC-000521,zh-CN-shaanxi-XiaoniNeural,
data/redteam/factory/edgetts/henan/edgetts_henan_zh-CN-shaanxi-XiaoniNeural_SC-000596.wav,spoof,RT-EDGETTS-HENAN,clean,redteam_factory/Edge-TTS,微软服务条款，仅研究评测用途,edgetts,henan,SC-000596,zh-CN-shaanxi-XiaoniNeural,
data/redteam/factory/edgetts/henan/edgetts_henan_zh-CN-shaanxi-XiaoniNeural_SC-000634.wav,spoof,RT-EDGETTS-HENAN,clean,redteam_factory/Edge-TTS,微软服务条款，仅研究评测用途,edgetts,henan,SC-000634,zh-CN-shaanxi-XiaoniNeural,
data/redteam/factory/edgetts/henan/edgetts_henan_zh-CN-shaanxi-XiaoniNeural_SC-000697.wav,spoof,RT-EDGETTS-HENAN,clean,redteam_factory/Edge-TTS,微软服务条款，仅研究评测用途,edgetts,henan,SC-000697,zh-CN-shaanxi-XiaoniNeural,
data/redteam/factory/edgetts/henan/edgetts_henan_zh-CN-shaanxi-XiaoniNeural_SC-000795.wav,spoof,RT-EDGETTS-HENAN,clean,redteam_factory/Edge-TTS,微软服务条款，仅研究评测用途,edgetts,henan,SC-000795,zh-CN-shaanxi-XiaoniNeural,
data/redteam/factory/edgetts/henan/edgetts_henan_zh-CN-shaanxi-XiaoniNeural_SC-000848.wav,spoof,RT-EDGETTS-HENAN,clean,redteam_factory/Edge-TTS,微软服务条款，仅研究评测用途,edgetts,henan,SC-000848,zh-CN-shaanxi-XiaoniNeural,
data/redteam/factory/edgetts/henan/edgetts_henan_zh-CN-shaanxi-XiaoniNeural_SC-000913.wav,spoof,RT-EDGETTS-HENAN,clean,redteam_factory/Edge-TTS,微软服务条款，仅研究评测用途,edgetts,henan,SC-000913,zh-CN-shaanxi-XiaoniNeural,
data/redteam/factory/edgetts/henan/edgetts_henan_zh-CN-shaanxi-XiaoniNeural_SC-000969.wav,spoof,RT-EDGETTS-HENAN,clean,redteam_factory/Edge-TTS,微软服务条款，仅研究评测用途,edgetts,henan,SC-000969,zh-CN-shaanxi-XiaoniNeural,
data/redteam/factory/edgetts/henan/edgetts_henan_zh-CN-shaanxi-XiaoniNeural_SC-001054.wav,spoof,RT-EDGETTS-HENAN,clean,redteam_factory/Edge-TTS,微软服务条款，仅研究评测用途,edgetts,henan,SC-001054,zh-CN-shaanxi-XiaoniNeural,
data/redteam/factory/edgetts/henan/edgetts_henan_zh-CN-shaanxi-XiaoniNeural_SC-001106.wav,spoof,RT-EDGETTS-HENAN,clean,redteam_factory/Edge-TTS,微软服务条款，仅研究评测用途,edgetts,henan,SC-001106,zh-CN-shaanxi-XiaoniNeural,
data/redteam/factory/edgetts/henan/edgetts_henan_zh-CN-shaanxi-XiaoniNeural_SC-001185.wav,spoof,RT-EDGETTS-HENAN,clean,redteam_factory/Edge-TTS,微软服务条款，仅研究评测用途,edgetts,henan,SC-001185,zh-CN-shaanxi-XiaoniNeural,
data/redteam/factory/edgetts/henan/edgetts_henan_zh-CN-shaanxi-XiaoniNeural_SC-001232.wav,spoof,RT-EDGETTS-HENAN,clean,redteam_factory/Edge-TTS,微软服务条款，仅研究评测用途,edgetts,henan,SC-001232,zh-CN-shaanxi-XiaoniNeural,
data/redteam/factory/edgetts/henan/edgetts_henan_zh-CN-shaanxi-XiaoniNeural_SC-001316.wav,spoof,RT-EDGETTS-HENAN,clean,redteam_factory/Edge-TTS,微软服务条款，仅研究评测用途,edgetts,henan,SC-001316,zh-CN-shaanxi-XiaoniNeural,
data/redteam/factory/edgetts/henan/edgetts_henan_zh-CN-shaanxi-XiaoniNeural_SC-001355.wav,spoof,RT-EDGETTS-HENAN,clean,redteam_factory/Edge-TTS,微软服务条款，仅研究评测用途,edgetts,henan,SC-001355,zh-CN-shaanxi-XiaoniNeural,
data/redteam/factory/edgetts/henan/edgetts_henan_zh-CN-shaanxi-XiaoniNeural_SC-001424.wav,spoof,RT-EDGETTS-HENAN,clean,redteam_factory/Edge-TTS,微软服务条款，仅研究评测用途,edgetts,henan,SC-001424,zh-CN-shaanxi-XiaoniNeural,
data/redteam/factory/edgetts/henan/edgetts_henan_zh-CN-shaanxi-XiaoniNeural_SC-001509.wav,spoof,RT-EDGETTS-HENAN,clean,redteam_factory/Edge-TTS,微软服务条款，仅研究评测用途,edgetts,henan,SC-001509,zh-CN-shaanxi-XiaoniNeural,
data/redteam/factory/edgetts/henan/edgetts_henan_zh-CN-shaanxi-XiaoniNeural_SC-001553.wav,spoof,RT-EDGETTS-HENAN,clean,redteam_factory/Edge-TTS,微软服务条款，仅研究评测用途,edgetts,henan,SC-001553,zh-CN-shaanxi-XiaoniNeural,
data/redteam/factory/edgetts/henan/edgetts_henan_zh-CN-shaanxi-XiaoniNeural_SC-001631.wav,spoof,RT-EDGETTS-HENAN,clean,redteam_factory/Edge-TTS,微软服务条款，仅研究评测用途,edgetts,henan,SC-001631,zh-CN-shaanxi-XiaoniNeural,
data/redteam/factory/edgetts/mandarin/edgetts_mandarin_zh-CN-YunxiNeural_SC-000135.wav,spoof,RT-EDGETTS-MANDARIN,clean,redteam_factory/Edge-TTS,微软服务条款，仅研究评测用途,edgetts,mandarin,SC-000135,zh-CN-YunxiNeural,
data/redteam/factory/edgetts/mandarin/edgetts_mandarin_zh-CN-YunxiNeural_SC-000159.wav,spoof,RT-EDGETTS-MANDARIN,clean,redteam_factory/Edge-TTS,微软服务条款，仅研究评测用途,edgetts,mandarin,SC-000159,zh-CN-YunxiNeural,
data/redteam/factory/edgetts/mandarin/edgetts_mandarin_zh-CN-YunxiNeural_SC-000175.wav,spoof,RT-EDGETTS-MANDARIN,clean,redteam_factory/Edge-TTS,微软服务条款，仅研究评测用途,edgetts,mandarin,SC-000175,zh-CN-YunxiNeural,
data/redteam/factory/edgetts/mandarin/edgetts_mandarin_zh-CN-YunxiNeural_SC-000190.wav,spoof,RT-EDGETTS-MANDARIN,clean,redteam_factory/Edge-TTS,微软服务条款，仅研究评测用途,edgetts,mandarin,SC-000190,zh-CN-YunxiNeural,
data/redteam/factory/edgetts/mandarin/edgetts_mandarin_zh-CN-YunxiNeural_SC-000214.wav,spoof,RT-EDGETTS-MANDARIN,clean,redteam_factory/Edge-TTS,微软服务条款，仅研究评测用途,edgetts,mandarin,SC-000214,zh-CN-YunxiNeural,
data/redteam/factory/edgetts/mandarin/edgetts_mandarin_zh-CN-YunxiNeural_SC-000234.wav,spoof,RT-EDGETTS-MANDARIN,clean,redteam_factory/Edge-TTS,微软服务条款，仅研究评测用途,edgetts,mandarin,SC-000234,zh-CN-YunxiNeural,
data/redteam/factory/edgetts/mandarin/edgetts_mandarin_zh-CN-YunxiNeural_SC-000261.wav,spoof,RT-EDGETTS-MANDARIN,clean,redteam_factory/Edge-TTS,微软服务条款，仅研究评测用途,edgetts,mandarin,SC-000261,zh-CN-YunxiNeural,
data/redteam/factory/edgetts/mandarin/edgetts_mandarin_zh-CN-YunxiNeural_SC-000280.wav,spoof,RT-EDGETTS-MANDARIN,clean,redteam_factory/Edge-TTS,微软服务条款，仅研究评测用途,edgetts,mandarin,SC-000280,zh-CN-YunxiNeural,
data/redteam/factory/edgetts/mandarin/edgetts_mandarin_zh-CN-YunxiNeural_SC-000304.wav,spoof,RT-EDGETTS-MANDARIN,clean,redteam_factory/Edge-TTS,微软服务条款，仅研究评测用途,edgetts,mandarin,SC-000304,zh-CN-YunxiNeural,
data/redteam/factory/edgetts/mandarin/edgetts_mandarin_zh-CN-YunxiNeural_SC-000324.wav,spoof,RT-EDGETTS-MANDARIN,clean,redteam_factory/Edge-TTS,微软服务条款，仅研究评测用途,edgetts,mandarin,SC-000324,zh-CN-YunxiNeural,
data/redteam/factory/edgetts/mandarin/edgetts_mandarin_zh-CN-YunxiNeural_SC-000340.wav,spoof,RT-EDGETTS-MANDARIN,clean,redteam_factory/Edge-TTS,微软服务条款，仅研究评测用途,edgetts,mandarin,SC-000340,zh-CN-YunxiNeural,
data/redteam/factory/edgetts/mandarin/edgetts_mandarin_zh-CN-YunxiNeural_SC-000360.wav,spoof,RT-EDGETTS-MANDARIN,clean,redteam_factory/Edge-TTS,微软服务条款，仅研究评测用途,edgetts,mandarin,SC-000360,zh-CN-YunxiNeural,
data/redteam/factory/edgetts/mandarin/edgetts_mandarin_zh-CN-YunxiNeural_SC-000378.wav,spoof,RT-EDGETTS-MANDARIN,clean,redteam_factory/Edge-TTS,微软服务条款，仅研究评测用途,edgetts,mandarin,SC-000378,zh-CN-YunxiNeural,
data/redteam/factory/edgetts/mandarin/edgetts_mandarin_zh-CN-YunxiNeural_SC-000401.wav,spoof,RT-EDGETTS-MANDARIN,clean,redteam_factory/Edge-TTS,微软服务条款，仅研究评测用途,edgetts,mandarin,SC-000401,zh-CN-YunxiNeural,
data/redteam/factory/edgetts/mandarin/edgetts_mandarin_zh-CN-YunxiNeural_SC-000437.wav,spoof,RT-EDGETTS-MANDARIN,clean,redteam_factory/Edge-TTS,微软服务条款，仅研究评测用途,edgetts,mandarin,SC-000437,zh-CN-YunxiNeural,
data/redteam/factory/edgetts/mandarin/edgetts_mandarin_zh-CN-YunxiNeural_SC-000456.wav,spoof,RT-EDGETTS-MANDARIN,clean,redteam_factory/Edge-TTS,微软服务条款，仅研究评测用途,edgetts,mandarin,SC-000456,zh-CN-YunxiNeural,
data/redteam/factory/edgetts/mandarin/edgetts_mandarin_zh-CN-YunxiNeural_SC-000474.wav,spoof,RT-EDGETTS-MANDARIN,clean,redteam_factory/Edge-TTS,微软服务条款，仅研究评测用途,edgetts,mandarin,SC-000474,zh-CN-YunxiNeural,
data/redteam/factory/edgetts/mandarin/edgetts_mandarin_zh-CN-YunxiNeural_SC-000493.wav,spoof,RT-EDGETTS-MANDARIN,clean,redteam_factory/Edge-TTS,微软服务条款，仅研究评测用途,edgetts,mandarin,SC-000493,zh-CN-YunxiNeural,
data/redteam/factory/edgetts/mandarin/edgetts_mandarin_zh-CN-YunxiNeural_SC-000511.wav,spoof,RT-EDGETTS-MANDARIN,clean,redteam_factory/Edge-TTS,微软服务条款，仅研究评测用途,edgetts,mandarin,SC-000511,zh-CN-YunxiNeural,
data/redteam/factory/edgetts/mandarin/edgetts_mandarin_zh-CN-XiaoxiaoNeural_SC-000135.wav,spoof,RT-EDGETTS-MANDARIN,clean,redteam_factory/Edge-TTS,微软服务条款，仅研究评测用途,edgetts,mandarin,SC-000135,zh-CN-XiaoxiaoNeural,
data/redteam/factory/edgetts/mandarin/edgetts_mandarin_zh-CN-XiaoxiaoNeural_SC-000159.wav,spoof,RT-EDGETTS-MANDARIN,clean,redteam_factory/Edge-TTS,微软服务条款，仅研究评测用途,edgetts,mandarin,SC-000159,zh-CN-XiaoxiaoNeural,
data/redteam/factory/edgetts/mandarin/edgetts_mandarin_zh-CN-XiaoxiaoNeural_SC-000175.wav,spoof,RT-EDGETTS-MANDARIN,clean,redteam_factory/Edge-TTS,微软服务条款，仅研究评测用途,edgetts,mandarin,SC-000175,zh-CN-XiaoxiaoNeural,
data/redteam/factory/edgetts/mandarin/edgetts_mandarin_zh-CN-XiaoxiaoNeural_SC-000190.wav,spoof,RT-EDGETTS-MANDARIN,clean,redteam_factory/Edge-TTS,微软服务条款，仅研究评测用途,edgetts,mandarin,SC-000190,zh-CN-XiaoxiaoNeural,
data/redteam/factory/edgetts/mandarin/edgetts_mandarin_zh-CN-XiaoxiaoNeural_SC-000214.wav,spoof,RT-EDGETTS-MANDARIN,clean,redteam_factory/Edge-TTS,微软服务条款，仅研究评测用途,edgetts,mandarin,SC-000214,zh-CN-XiaoxiaoNeural,
data/redteam/factory/edgetts/mandarin/edgetts_mandarin_zh-CN-XiaoxiaoNeural_SC-000234.wav,spoof,RT-EDGETTS-MANDARIN,clean,redteam_factory/Edge-TTS,微软服务条款，仅研究评测用途,edgetts,mandarin,SC-000234,zh-CN-XiaoxiaoNeural,
data/redteam/factory/edgetts/mandarin/edgetts_mandarin_zh-CN-XiaoxiaoNeural_SC-000261.wav,spoof,RT-EDGETTS-MANDARIN,clean,redteam_factory/Edge-TTS,微软服务条款，仅研究评测用途,edgetts,mandarin,SC-000261,zh-CN-XiaoxiaoNeural,
data/redteam/factory/edgetts/mandarin/edgetts_mandarin_zh-CN-XiaoxiaoNeural_SC-000280.wav,spoof,RT-EDGETTS-MANDARIN,clean,redteam_factory/Edge-TTS,微软服务条款，仅研究评测用途,edgetts,mandarin,SC-000280,zh-CN-XiaoxiaoNeural,
data/redteam/factory/edgetts/mandarin/edgetts_mandarin_zh-CN-XiaoxiaoNeural_SC-000304.wav,spoof,RT-EDGETTS-MANDARIN,clean,redteam_factory/Edge-TTS,微软服务条款，仅研究评测用途,edgetts,mandarin,SC-000304,zh-CN-XiaoxiaoNeural,
data/redteam/factory/edgetts/mandarin/edgetts_mandarin_zh-CN-XiaoxiaoNeural_SC-000324.wav,spoof,RT-EDGETTS-MANDARIN,clean,redteam_factory/Edge-TTS,微软服务条款，仅研究评测用途,edgetts,mandarin,SC-000324,zh-CN-XiaoxiaoNeural,
data/redteam/factory/edgetts/mandarin/edgetts_mandarin_zh-CN-XiaoxiaoNeural_SC-000340.wav,spoof,RT-EDGETTS-MANDARIN,clean,redteam_factory/Edge-TTS,微软服务条款，仅研究评测用途,edgetts,mandarin,SC-000340,zh-CN-XiaoxiaoNeural,
data/redteam/factory/edgetts/mandarin/edgetts_mandarin_zh-CN-XiaoxiaoNeural_SC-000360.wav,spoof,RT-EDGETTS-MANDARIN,clean,redteam_factory/Edge-TTS,微软服务条款，仅研究评测用途,edgetts,mandarin,SC-000360,zh-CN-XiaoxiaoNeural,
data/redteam/factory/edgetts/mandarin/edgetts_mandarin_zh-CN-XiaoxiaoNeural_SC-000378.wav,spoof,RT-EDGETTS-MANDARIN,clean,redteam_factory/Edge-TTS,微软服务条款，仅研究评测用途,edgetts,mandarin,SC-000378,zh-CN-XiaoxiaoNeural,
data/redteam/factory/edgetts/mandarin/edgetts_mandarin_zh-CN-XiaoxiaoNeural_SC-000401.wav,spoof,RT-EDGETTS-MANDARIN,clean,redteam_factory/Edge-TTS,微软服务条款，仅研究评测用途,edgetts,mandarin,SC-000401,zh-CN-XiaoxiaoNeural,
data/redteam/factory/edgetts/mandarin/edgetts_mandarin_zh-CN-XiaoxiaoNeural_SC-000437.wav,spoof,RT-EDGETTS-MANDARIN,clean,redteam_factory/Edge-TTS,微软服务条款，仅研究评测用途,edgetts,mandarin,SC-000437,zh-CN-XiaoxiaoNeural,
data/redteam/factory/edgetts/mandarin/edgetts_mandarin_zh-CN-XiaoxiaoNeural_SC-000456.wav,spoof,RT-EDGETTS-MANDARIN,clean,redteam_factory/Edge-TTS,微软服务条款，仅研究评测用途,edgetts,mandarin,SC-000456,zh-CN-XiaoxiaoNeural,
data/redteam/factory/edgetts/mandarin/edgetts_mandarin_zh-CN-XiaoxiaoNeural_SC-000474.wav,spoof,RT-EDGETTS-MANDARIN,clean,redteam_factory/Edge-TTS,微软服务条款，仅研究评测用途,edgetts,mandarin,SC-000474,zh-CN-XiaoxiaoNeural,
data/redteam/factory/edgetts/mandarin/edgetts_mandarin_zh-CN-XiaoxiaoNeural_SC-000493.wav,spoof,RT-EDGETTS-MANDARIN,clean,redteam_factory/Edge-TTS,微软服务条款，仅研究评测用途,edgetts,mandarin,SC-000493,zh-CN-XiaoxiaoNeural,
data/redteam/factory/edgetts/mandarin/edgetts_mandarin_zh-CN-XiaoxiaoNeural_SC-000511.wav,spoof,RT-EDGETTS-MANDARIN,clean,redteam_factory/Edge-TTS,微软服务条款，仅研究评测用途,edgetts,mandarin,SC-000511,zh-CN-XiaoxiaoNeural,
data/redteam/factory/edgetts/mandarin/edgetts_mandarin_zh-CN-YunjianNeural_SC-000135.wav,spoof,RT-EDGETTS-MANDARIN,clean,redteam_factory/Edge-TTS,微软服务条款，仅研究评测用途,edgetts,mandarin,SC-000135,zh-CN-YunjianNeural,
data/redteam/factory/edgetts/mandarin/edgetts_mandarin_zh-CN-YunjianNeural_SC-000159.wav,spoof,RT-EDGETTS-MANDARIN,clean,redteam_factory/Edge-TTS,微软服务条款，仅研究评测用途,edgetts,mandarin,SC-000159,zh-CN-YunjianNeural,
data/redteam/factory/edgetts/mandarin/edgetts_mandarin_zh-CN-YunjianNeural_SC-000175.wav,spoof,RT-EDGETTS-MANDARIN,clean,redteam_factory/Edge-TTS,微软服务条款，仅研究评测用途,edgetts,mandarin,SC-000175,zh-CN-YunjianNeural,
data/redteam/factory/edgetts/mandarin/edgetts_mandarin_zh-CN-YunjianNeural_SC-000190.wav,spoof,RT-EDGETTS-MANDARIN,clean,redteam_factory/Edge-TTS,微软服务条款，仅研究评测用途,edgetts,mandarin,SC-000190,zh-CN-YunjianNeural,
data/redteam/factory/edgetts/mandarin/edgetts_mandarin_zh-CN-YunjianNeural_SC-000214.wav,spoof,RT-EDGETTS-MANDARIN,clean,redteam_factory/Edge-TTS,微软服务条款，仅研究评测用途,edgetts,mandarin,SC-000214,zh-CN-YunjianNeural,
data/redteam/factory/edgetts/mandarin/edgetts_mandarin_zh-CN-YunjianNeural_SC-000234.wav,spoof,RT-EDGETTS-MANDARIN,clean,redteam_factory/Edge-TTS,微软服务条款，仅研究评测用途,edgetts,mandarin,SC-000234,zh-CN-YunjianNeural,
data/redteam/factory/edgetts/mandarin/edgetts_mandarin_zh-CN-YunjianNeural_SC-000261.wav,spoof,RT-EDGETTS-MANDARIN,clean,redteam_factory/Edge-TTS,微软服务条款，仅研究评测用途,edgetts,mandarin,SC-000261,zh-CN-YunjianNeural,
data/redteam/factory/edgetts/mandarin/edgetts_mandarin_zh-CN-YunjianNeural_SC-000280.wav,spoof,RT-EDGETTS-MANDARIN,clean,redteam_factory/Edge-TTS,微软服务条款，仅研究评测用途,edgetts,mandarin,SC-000280,zh-CN-YunjianNeural,
data/redteam/factory/edgetts/mandarin/edgetts_mandarin_zh-CN-YunjianNeural_SC-000304.wav,spoof,RT-EDGETTS-MANDARIN,clean,redteam_factory/Edge-TTS,微软服务条款，仅研究评测用途,edgetts,mandarin,SC-000304,zh-CN-YunjianNeural,
data/redteam/factory/edgetts/mandarin/edgetts_mandarin_zh-CN-YunjianNeural_SC-000324.wav,spoof,RT-EDGETTS-MANDARIN,clean,redteam_factory/Edge-TTS,微软服务条款，仅研究评测用途,edgetts,mandarin,SC-000324,zh-CN-YunjianNeural,
data/redteam/factory/edgetts/mandarin/edgetts_mandarin_zh-CN-YunjianNeural_SC-000340.wav,spoof,RT-EDGETTS-MANDARIN,clean,redteam_factory/Edge-TTS,微软服务条款，仅研究评测用途,edgetts,mandarin,SC-000340,zh-CN-YunjianNeural,
data/redteam/factory/edgetts/mandarin/edgetts_mandarin_zh-CN-YunjianNeural_SC-000360.wav,spoof,RT-EDGETTS-MANDARIN,clean,redteam_factory/Edge-TTS,微软服务条款，仅研究评测用途,edgetts,mandarin,SC-000360,zh-CN-YunjianNeural,
data/redteam/factory/edgetts/mandarin/edgetts_mandarin_zh-CN-YunjianNeural_SC-000378.wav,spoof,RT-EDGETTS-MANDARIN,clean,redteam_factory/Edge-TTS,微软服务条款，仅研究评测用途,edgetts,mandarin,SC-000378,zh-CN-YunjianNeural,
data/redteam/factory/edgetts/mandarin/edgetts_mandarin_zh-CN-YunjianNeural_SC-000401.wav,spoof,RT-EDGETTS-MANDARIN,clean,redteam_factory/Edge-TTS,微软服务条款，仅研究评测用途,edgetts,mandarin,SC-000401,zh-CN-YunjianNeural,
data/redteam/factory/edgetts/mandarin/edgetts_mandarin_zh-CN-YunjianNeural_SC-000437.wav,spoof,RT-EDGETTS-MANDARIN,clean,redteam_factory/Edge-TTS,微软服务条款，仅研究评测用途,edgetts,mandarin,SC-000437,zh-CN-YunjianNeural,
data/redteam/factory/edgetts/mandarin/edgetts_mandarin_zh-CN-YunjianNeural_SC-000456.wav,spoof,RT-EDGETTS-MANDARIN,clean,redteam_factory/Edge-TTS,微软服务条款，仅研究评测用途,edgetts,mandarin,SC-000456,zh-CN-YunjianNeural,
data/redteam/factory/edgetts/mandarin/edgetts_mandarin_zh-CN-YunjianNeural_SC-000474.wav,spoof,RT-EDGETTS-MANDARIN,clean,redteam_factory/Edge-TTS,微软服务条款，仅研究评测用途,edgetts,mandarin,SC-000474,zh-CN-YunjianNeural,
data/redteam/factory/edgetts/mandarin/edgetts_mandarin_zh-CN-YunjianNeural_SC-000493.wav,spoof,RT-EDGETTS-MANDARIN,clean,redteam_factory/Edge-TTS,微软服务条款，仅研究评测用途,edgetts,mandarin,SC-000493,zh-CN-YunjianNeural,
data/redteam/factory/edgetts/mandarin/edgetts_mandarin_zh-CN-YunjianNeural_SC-000511.wav,spoof,RT-EDGETTS-MANDARIN,clean,redteam_factory/Edge-TTS,微软服务条款，仅研究评测用途,edgetts,mandarin,SC-000511,zh-CN-YunjianNeural,
data/redteam/factory/edgetts/mandarin/edgetts_mandarin_zh-CN-YunyangNeural_SC-000135.wav,spoof,RT-EDGETTS-MANDARIN,clean,redteam_factory/Edge-TTS,微软服务条款，仅研究评测用途,edgetts,mandarin,SC-000135,zh-CN-YunyangNeural,
data/redteam/factory/edgetts/mandarin/edgetts_mandarin_zh-CN-YunyangNeural_SC-000159.wav,spoof,RT-EDGETTS-MANDARIN,clean,redteam_factory/Edge-TTS,微软服务条款，仅研究评测用途,edgetts,mandarin,SC-000159,zh-CN-YunyangNeural,
data/redteam/factory/edgetts/mandarin/edgetts_mandarin_zh-CN-YunyangNeural_SC-000175.wav,spoof,RT-EDGETTS-MANDARIN,clean,redteam_factory/Edge-TTS,微软服务条款，仅研究评测用途,edgetts,mandarin,SC-000175,zh-CN-YunyangNeural,
data/redteam/factory/edgetts/mandarin/edgetts_mandarin_zh-CN-YunyangNeural_SC-000190.wav,spoof,RT-EDGETTS-MANDARIN,clean,redteam_factory/Edge-TTS,微软服务条款，仅研究评测用途,edgetts,mandarin,SC-000190,zh-CN-YunyangNeural,
data/redteam/factory/edgetts/mandarin/edgetts_mandarin_zh-CN-YunyangNeural_SC-000214.wav,spoof,RT-EDGETTS-MANDARIN,clean,redteam_factory/Edge-TTS,微软服务条款，仅研究评测用途,edgetts,mandarin,SC-000214,zh-CN-YunyangNeural,
data/redteam/factory/edgetts/mandarin/edgetts_mandarin_zh-CN-YunyangNeural_SC-000234.wav,spoof,RT-EDGETTS-MANDARIN,clean,redteam_factory/Edge-TTS,微软服务条款，仅研究评测用途,edgetts,mandarin,SC-000234,zh-CN-YunyangNeural,
data/redteam/factory/edgetts/mandarin/edgetts_mandarin_zh-CN-YunyangNeural_SC-000261.wav,spoof,RT-EDGETTS-MANDARIN,clean,redteam_factory/Edge-TTS,微软服务条款，仅研究评测用途,edgetts,mandarin,SC-000261,zh-CN-YunyangNeural,
data/redteam/factory/edgetts/mandarin/edgetts_mandarin_zh-CN-YunyangNeural_SC-000280.wav,spoof,RT-EDGETTS-MANDARIN,clean,redteam_factory/Edge-TTS,微软服务条款，仅研究评测用途,edgetts,mandarin,SC-000280,zh-CN-YunyangNeural,
data/redteam/factory/edgetts/mandarin/edgetts_mandarin_zh-CN-YunyangNeural_SC-000304.wav,spoof,RT-EDGETTS-MANDARIN,clean,redteam_factory/Edge-TTS,微软服务条款，仅研究评测用途,edgetts,mandarin,SC-000304,zh-CN-YunyangNeural,
data/redteam/factory/edgetts/mandarin/edgetts_mandarin_zh-CN-YunyangNeural_SC-000324.wav,spoof,RT-EDGETTS-MANDARIN,clean,redteam_factory/Edge-TTS,微软服务条款，仅研究评测用途,edgetts,mandarin,SC-000324,zh-CN-YunyangNeural,
data/redteam/factory/edgetts/mandarin/edgetts_mandarin_zh-CN-YunyangNeural_SC-000340.wav,spoof,RT-EDGETTS-MANDARIN,clean,redteam_factory/Edge-TTS,微软服务条款，仅研究评测用途,edgetts,mandarin,SC-000340,zh-CN-YunyangNeural,
data/redteam/factory/edgetts/mandarin/edgetts_mandarin_zh-CN-YunyangNeural_SC-000360.wav,spoof,RT-EDGETTS-MANDARIN,clean,redteam_factory/Edge-TTS,微软服务条款，仅研究评测用途,edgetts,mandarin,SC-000360,zh-CN-YunyangNeural,
data/redteam/factory/edgetts/mandarin/edgetts_mandarin_zh-CN-YunyangNeural_SC-000378.wav,spoof,RT-EDGETTS-MANDARIN,clean,redteam_factory/Edge-TTS,微软服务条款，仅研究评测用途,edgetts,mandarin,SC-000378,zh-CN-YunyangNeural,
data/redteam/factory/edgetts/mandarin/edgetts_mandarin_zh-CN-YunyangNeural_SC-000401.wav,spoof,RT-EDGETTS-MANDARIN,clean,redteam_factory/Edge-TTS,微软服务条款，仅研究评测用途,edgetts,mandarin,SC-000401,zh-CN-YunyangNeural,
data/redteam/factory/edgetts/mandarin/edgetts_mandarin_zh-CN-YunyangNeural_SC-000437.wav,spoof,RT-EDGETTS-MANDARIN,clean,redteam_factory/Edge-TTS,微软服务条款，仅研究评测用途,edgetts,mandarin,SC-000437,zh-CN-YunyangNeural,
data/redteam/factory/edgetts/mandarin/edgetts_mandarin_zh-CN-YunyangNeural_SC-000456.wav,spoof,RT-EDGETTS-MANDARIN,clean,redteam_factory/Edge-TTS,微软服务条款，仅研究评测用途,edgetts,mandarin,SC-000456,zh-CN-YunyangNeural,
data/redteam/factory/edgetts/mandarin/edgetts_mandarin_zh-CN-YunyangNeural_SC-000474.wav,spoof,RT-EDGETTS-MANDARIN,clean,redteam_factory/Edge-TTS,微软服务条款，仅研究评测用途,edgetts,mandarin,SC-000474,zh-CN-YunyangNeural,
data/redteam/factory/edgetts/mandarin/edgetts_mandarin_zh-CN-YunyangNeural_SC-000493.wav,spoof,RT-EDGETTS-MANDARIN,clean,redteam_factory/Edge-TTS,微软服务条款，仅研究评测用途,edgetts,mandarin,SC-000493,zh-CN-YunyangNeural,
data/redteam/factory/edgetts/mandarin/edgetts_mandarin_zh-CN-YunyangNeural_SC-000511.wav,spoof,RT-EDGETTS-MANDARIN,clean,redteam_factory/Edge-TTS,微软服务条款，仅研究评测用途,edgetts,mandarin,SC-000511,zh-CN-YunyangNeural,
data/redteam/factory/edgetts/minnan/edgetts_minnan_zh-TW-HsiaoChenNeural_SC-000539.wav,spoof,RT-EDGETTS-MINNAN,clean,redteam_factory/Edge-TTS,微软服务条款，仅研究评测用途,edgetts,minnan,SC-000539,zh-TW-HsiaoChenNeural,
data/redteam/factory/edgetts/minnan/edgetts_minnan_zh-TW-HsiaoChenNeural_SC-000612.wav,spoof,RT-EDGETTS-MINNAN,clean,redteam_factory/Edge-TTS,微软服务条款，仅研究评测用途,edgetts,minnan,SC-000612,zh-TW-HsiaoChenNeural,
data/redteam/factory/edgetts/minnan/edgetts_minnan_zh-TW-HsiaoChenNeural_SC-000670.wav,spoof,RT-EDGETTS-MINNAN,clean,redteam_factory/Edge-TTS,微软服务条款，仅研究评测用途,edgetts,minnan,SC-000670,zh-TW-HsiaoChenNeural,
data/redteam/factory/edgetts/minnan/edgetts_minnan_zh-TW-HsiaoChenNeural_SC-000721.wav,spoof,RT-EDGETTS-MINNAN,clean,redteam_factory/Edge-TTS,微软服务条款，仅研究评测用途,edgetts,minnan,SC-000721,zh-TW-HsiaoChenNeural,
data/redteam/factory/edgetts/minnan/edgetts_minnan_zh-TW-HsiaoChenNeural_SC-000791.wav,spoof,RT-EDGETTS-MINNAN,clean,redteam_factory/Edge-TTS,微软服务条款，仅研究评测用途,edgetts,minnan,SC-000791,zh-TW-HsiaoChenNeural,
data/redteam/factory/edgetts/minnan/edgetts_minnan_zh-TW-HsiaoChenNeural_SC-000841.wav,spoof,RT-EDGETTS-MINNAN,clean,redteam_factory/Edge-TTS,微软服务条款，仅研究评测用途,edgetts,minnan,SC-000841,zh-TW-HsiaoChenNeural,
data/redteam/factory/edgetts/minnan/edgetts_minnan_zh-TW-HsiaoChenNeural_SC-000882.wav,spoof,RT-EDGETTS-MINNAN,clean,redteam_factory/Edge-TTS,微软服务条款，仅研究评测用途,edgetts,minnan,SC-000882,zh-TW-HsiaoChenNeural,
data/redteam/factory/edgetts/minnan/edgetts_minnan_zh-TW-HsiaoChenNeural_SC-000951.wav,spoof,RT-EDGETTS-MINNAN,clean,redteam_factory/Edge-TTS,微软服务条款，仅研究评测用途,edgetts,minnan,SC-000951,zh-TW-HsiaoChenNeural,
data/redteam/factory/edgetts/minnan/edgetts_minnan_zh-TW-HsiaoChenNeural_SC-001006.wav,spoof,RT-EDGETTS-MINNAN,clean,redteam_factory/Edge-TTS,微软服务条款，仅研究评测用途,edgetts,minnan,SC-001006,zh-TW-HsiaoChenNeural,
data/redteam/factory/edgetts/minnan/edgetts_minnan_zh-TW-HsiaoChenNeural_SC-001049.wav,spoof,RT-EDGETTS-MINNAN,clean,redteam_factory/Edge-TTS,微软服务条款，仅研究评测用途,edgetts,minnan,SC-001049,zh-TW-HsiaoChenNeural,
data/redteam/factory/edgetts/minnan/edgetts_minnan_zh-TW-HsiaoChenNeural_SC-001105.wav,spoof,RT-EDGETTS-MINNAN,clean,redteam_factory/Edge-TTS,微软服务条款，仅研究评测用途,edgetts,minnan,SC-001105,zh-TW-HsiaoChenNeural,
data/redteam/factory/edgetts/minnan/edgetts_minnan_zh-TW-HsiaoChenNeural_SC-001180.wav,spoof,RT-EDGETTS-MINNAN,clean,redteam_factory/Edge-TTS,微软服务条款，仅研究评测用途,edgetts,minnan,SC-001180,zh-TW-HsiaoChenNeural,
data/redteam/factory/edgetts/minnan/edgetts_minnan_zh-TW-HsiaoChenNeural_SC-001229.wav,spoof,RT-EDGETTS-MINNAN,clean,redteam_factory/Edge-TTS,微软服务条款，仅研究评测用途,edgetts,minnan,SC-001229,zh-TW-HsiaoChenNeural,
data/redteam/factory/edgetts/minnan/edgetts_minnan_zh-TW-HsiaoChenNeural_SC-001267.wav,spoof,RT-EDGETTS-MINNAN,clean,redteam_factory/Edge-TTS,微软服务条款，仅研究评测用途,edgetts,minnan,SC-001267,zh-TW-HsiaoChenNeural,
data/redteam/factory/edgetts/minnan/edgetts_minnan_zh-TW-HsiaoChenNeural_SC-001348.wav,spoof,RT-EDGETTS-MINNAN,clean,redteam_factory/Edge-TTS,微软服务条款，仅研究评测用途,edgetts,minnan,SC-001348,zh-TW-HsiaoChenNeural,
data/redteam/factory/edgetts/minnan/edgetts_minnan_zh-TW-HsiaoChenNeural_SC-001439.wav,spoof,RT-EDGETTS-MINNAN,clean,redteam_factory/Edge-TTS,微软服务条款，仅研究评测用途,edgetts,minnan,SC-001439,zh-TW-HsiaoChenNeural,
data/redteam/factory/edgetts/minnan/edgetts_minnan_zh-TW-HsiaoChenNeural_SC-001513.wav,spoof,RT-EDGETTS-MINNAN,clean,redteam_factory/Edge-TTS,微软服务条款，仅研究评测用途,edgetts,minnan,SC-001513,zh-TW-HsiaoChenNeural,
data/redteam/factory/edgetts/minnan/edgetts_minnan_zh-TW-HsiaoChenNeural_SC-001619.wav,spoof,RT-EDGETTS-MINNAN,clean,redteam_factory/Edge-TTS,微软服务条款，仅研究评测用途,edgetts,minnan,SC-001619,zh-TW-HsiaoChenNeural,
data/redteam/factory/edgetts/minnan/edgetts_minnan_zh-TW-HsiaoChenNeural_SC-001695.wav,spoof,RT-EDGETTS-MINNAN,clean,redteam_factory/Edge-TTS,微软服务条款，仅研究评测用途,edgetts,minnan,SC-001695,zh-TW-HsiaoChenNeural,
data/redteam/factory/edgetts/minnan/edgetts_minnan_zh-TW-YunJheNeural_SC-000539.wav,spoof,RT-EDGETTS-MINNAN,clean,redteam_factory/Edge-TTS,微软服务条款，仅研究评测用途,edgetts,minnan,SC-000539,zh-TW-YunJheNeural,
data/redteam/factory/edgetts/minnan/edgetts_minnan_zh-TW-YunJheNeural_SC-000612.wav,spoof,RT-EDGETTS-MINNAN,clean,redteam_factory/Edge-TTS,微软服务条款，仅研究评测用途,edgetts,minnan,SC-000612,zh-TW-YunJheNeural,
data/redteam/factory/edgetts/minnan/edgetts_minnan_zh-TW-YunJheNeural_SC-000670.wav,spoof,RT-EDGETTS-MINNAN,clean,redteam_factory/Edge-TTS,微软服务条款，仅研究评测用途,edgetts,minnan,SC-000670,zh-TW-YunJheNeural,
data/redteam/factory/edgetts/minnan/edgetts_minnan_zh-TW-YunJheNeural_SC-000721.wav,spoof,RT-EDGETTS-MINNAN,clean,redteam_factory/Edge-TTS,微软服务条款，仅研究评测用途,edgetts,minnan,SC-000721,zh-TW-YunJheNeural,
data/redteam/factory/edgetts/minnan/edgetts_minnan_zh-TW-YunJheNeural_SC-000791.wav,spoof,RT-EDGETTS-MINNAN,clean,redteam_factory/Edge-TTS,微软服务条款，仅研究评测用途,edgetts,minnan,SC-000791,zh-TW-YunJheNeural,
data/redteam/factory/edgetts/minnan/edgetts_minnan_zh-TW-YunJheNeural_SC-000841.wav,spoof,RT-EDGETTS-MINNAN,clean,redteam_factory/Edge-TTS,微软服务条款，仅研究评测用途,edgetts,minnan,SC-000841,zh-TW-YunJheNeural,
data/redteam/factory/edgetts/minnan/edgetts_minnan_zh-TW-YunJheNeural_SC-000882.wav,spoof,RT-EDGETTS-MINNAN,clean,redteam_factory/Edge-TTS,微软服务条款，仅研究评测用途,edgetts,minnan,SC-000882,zh-TW-YunJheNeural,
data/redteam/factory/edgetts/minnan/edgetts_minnan_zh-TW-YunJheNeural_SC-000951.wav,spoof,RT-EDGETTS-MINNAN,clean,redteam_factory/Edge-TTS,微软服务条款，仅研究评测用途,edgetts,minnan,SC-000951,zh-TW-YunJheNeural,
data/redteam/factory/edgetts/minnan/edgetts_minnan_zh-TW-YunJheNeural_SC-001006.wav,spoof,RT-EDGETTS-MINNAN,clean,redteam_factory/Edge-TTS,微软服务条款，仅研究评测用途,edgetts,minnan,SC-001006,zh-TW-YunJheNeural,
data/redteam/factory/edgetts/minnan/edgetts_minnan_zh-TW-YunJheNeural_SC-001049.wav,spoof,RT-EDGETTS-MINNAN,clean,redteam_factory/Edge-TTS,微软服务条款，仅研究评测用途,edgetts,minnan,SC-001049,zh-TW-YunJheNeural,
data/redteam/factory/edgetts/minnan/edgetts_minnan_zh-TW-YunJheNeural_SC-001105.wav,spoof,RT-EDGETTS-MINNAN,clean,redteam_factory/Edge-TTS,微软服务条款，仅研究评测用途,edgetts,minnan,SC-001105,zh-TW-YunJheNeural,
data/redteam/factory/edgetts/minnan/edgetts_minnan_zh-TW-YunJheNeural_SC-001180.wav,spoof,RT-EDGETTS-MINNAN,clean,redteam_factory/Edge-TTS,微软服务条款，仅研究评测用途,edgetts,minnan,SC-001180,zh-TW-YunJheNeural,
data/redteam/factory/edgetts/minnan/edgetts_minnan_zh-TW-YunJheNeural_SC-001229.wav,spoof,RT-EDGETTS-MINNAN,clean,redteam_factory/Edge-TTS,微软服务条款，仅研究评测用途,edgetts,minnan,SC-001229,zh-TW-YunJheNeural,
data/redteam/factory/edgetts/minnan/edgetts_minnan_zh-TW-YunJheNeural_SC-001267.wav,spoof,RT-EDGETTS-MINNAN,clean,redteam_factory/Edge-TTS,微软服务条款，仅研究评测用途,edgetts,minnan,SC-001267,zh-TW-YunJheNeural,
data/redteam/factory/edgetts/minnan/edgetts_minnan_zh-TW-YunJheNeural_SC-001348.wav,spoof,RT-EDGETTS-MINNAN,clean,redteam_factory/Edge-TTS,微软服务条款，仅研究评测用途,edgetts,minnan,SC-001348,zh-TW-YunJheNeural,
data/redteam/factory/edgetts/minnan/edgetts_minnan_zh-TW-YunJheNeural_SC-001439.wav,spoof,RT-EDGETTS-MINNAN,clean,redteam_factory/Edge-TTS,微软服务条款，仅研究评测用途,edgetts,minnan,SC-001439,zh-TW-YunJheNeural,
data/redteam/factory/edgetts/minnan/edgetts_minnan_zh-TW-YunJheNeural_SC-001513.wav,spoof,RT-EDGETTS-MINNAN,clean,redteam_factory/Edge-TTS,微软服务条款，仅研究评测用途,edgetts,minnan,SC-001513,zh-TW-YunJheNeural,
data/redteam/factory/edgetts/minnan/edgetts_minnan_zh-TW-YunJheNeural_SC-001619.wav,spoof,RT-EDGETTS-MINNAN,clean,redteam_factory/Edge-TTS,微软服务条款，仅研究评测用途,edgetts,minnan,SC-001619,zh-TW-YunJheNeural,
data/redteam/factory/edgetts/minnan/edgetts_minnan_zh-TW-YunJheNeural_SC-001695.wav,spoof,RT-EDGETTS-MINNAN,clean,redteam_factory/Edge-TTS,微软服务条款，仅研究评测用途,edgetts,minnan,SC-001695,zh-TW-YunJheNeural,
data/redteam/factory/edgetts/sichuan/edgetts_sichuan_zh-CN-YunxiNeural_SC-000342.wav,spoof,RT-EDGETTS-SICHUAN,clean,redteam_factory/Edge-TTS,微软服务条款，仅研究评测用途,edgetts,sichuan,SC-000342,zh-CN-YunxiNeural,
data/redteam/factory/edgetts/sichuan/edgetts_sichuan_zh-CN-YunxiNeural_SC-000375.wav,spoof,RT-EDGETTS-SICHUAN,clean,redteam_factory/Edge-TTS,微软服务条款，仅研究评测用途,edgetts,sichuan,SC-000375,zh-CN-YunxiNeural,
data/redteam/factory/edgetts/sichuan/edgetts_sichuan_zh-CN-YunxiNeural_SC-000429.wav,spoof,RT-EDGETTS-SICHUAN,clean,redteam_factory/Edge-TTS,微软服务条款，仅研究评测用途,edgetts,sichuan,SC-000429,zh-CN-YunxiNeural,
data/redteam/factory/edgetts/sichuan/edgetts_sichuan_zh-CN-YunxiNeural_SC-000475.wav,spoof,RT-EDGETTS-SICHUAN,clean,redteam_factory/Edge-TTS,微软服务条款，仅研究评测用途,edgetts,sichuan,SC-000475,zh-CN-YunxiNeural,
data/redteam/factory/edgetts/sichuan/edgetts_sichuan_zh-CN-YunxiNeural_SC-000552.wav,spoof,RT-EDGETTS-SICHUAN,clean,redteam_factory/Edge-TTS,微软服务条款，仅研究评测用途,edgetts,sichuan,SC-000552,zh-CN-YunxiNeural,
data/redteam/factory/edgetts/sichuan/edgetts_sichuan_zh-CN-YunxiNeural_SC-000627.wav,spoof,RT-EDGETTS-SICHUAN,clean,redteam_factory/Edge-TTS,微软服务条款，仅研究评测用途,edgetts,sichuan,SC-000627,zh-CN-YunxiNeural,
data/redteam/factory/edgetts/sichuan/edgetts_sichuan_zh-CN-YunxiNeural_SC-000684.wav,spoof,RT-EDGETTS-SICHUAN,clean,redteam_factory/Edge-TTS,微软服务条款，仅研究评测用途,edgetts,sichuan,SC-000684,zh-CN-YunxiNeural,
data/redteam/factory/edgetts/sichuan/edgetts_sichuan_zh-CN-YunxiNeural_SC-000756.wav,spoof,RT-EDGETTS-SICHUAN,clean,redteam_factory/Edge-TTS,微软服务条款，仅研究评测用途,edgetts,sichuan,SC-000756,zh-CN-YunxiNeural,
data/redteam/factory/edgetts/sichuan/edgetts_sichuan_zh-CN-YunxiNeural_SC-000835.wav,spoof,RT-EDGETTS-SICHUAN,clean,redteam_factory/Edge-TTS,微软服务条款，仅研究评测用途,edgetts,sichuan,SC-000835,zh-CN-YunxiNeural,
data/redteam/factory/edgetts/sichuan/edgetts_sichuan_zh-CN-YunxiNeural_SC-000907.wav,spoof,RT-EDGETTS-SICHUAN,clean,redteam_factory/Edge-TTS,微软服务条款，仅研究评测用途,edgetts,sichuan,SC-000907,zh-CN-YunxiNeural,
data/redteam/factory/edgetts/sichuan/edgetts_sichuan_zh-CN-YunxiNeural_SC-000996.wav,spoof,RT-EDGETTS-SICHUAN,clean,redteam_factory/Edge-TTS,微软服务条款，仅研究评测用途,edgetts,sichuan,SC-000996,zh-CN-YunxiNeural,
data/redteam/factory/edgetts/sichuan/edgetts_sichuan_zh-CN-YunxiNeural_SC-001057.wav,spoof,RT-EDGETTS-SICHUAN,clean,redteam_factory/Edge-TTS,微软服务条款，仅研究评测用途,edgetts,sichuan,SC-001057,zh-CN-YunxiNeural,
data/redteam/factory/edgetts/sichuan/edgetts_sichuan_zh-CN-YunxiNeural_SC-001154.wav,spoof,RT-EDGETTS-SICHUAN,clean,redteam_factory/Edge-TTS,微软服务条款，仅研究评测用途,edgetts,sichuan,SC-001154,zh-CN-YunxiNeural,
data/redteam/factory/edgetts/sichuan/edgetts_sichuan_zh-CN-YunxiNeural_SC-001210.wav,spoof,RT-EDGETTS-SICHUAN,clean,redteam_factory/Edge-TTS,微软服务条款，仅研究评测用途,edgetts,sichuan,SC-001210,zh-CN-YunxiNeural,
data/redteam/factory/edgetts/sichuan/edgetts_sichuan_zh-CN-YunxiNeural_SC-001314.wav,spoof,RT-EDGETTS-SICHUAN,clean,redteam_factory/Edge-TTS,微软服务条款，仅研究评测用途,edgetts,sichuan,SC-001314,zh-CN-YunxiNeural,
data/redteam/factory/edgetts/sichuan/edgetts_sichuan_zh-CN-YunxiNeural_SC-001375.wav,spoof,RT-EDGETTS-SICHUAN,clean,redteam_factory/Edge-TTS,微软服务条款，仅研究评测用途,edgetts,sichuan,SC-001375,zh-CN-YunxiNeural,
data/redteam/factory/edgetts/sichuan/edgetts_sichuan_zh-CN-YunxiNeural_SC-001412.wav,spoof,RT-EDGETTS-SICHUAN,clean,redteam_factory/Edge-TTS,微软服务条款，仅研究评测用途,edgetts,sichuan,SC-001412,zh-CN-YunxiNeural,
data/redteam/factory/edgetts/sichuan/edgetts_sichuan_zh-CN-YunxiNeural_SC-001486.wav,spoof,RT-EDGETTS-SICHUAN,clean,redteam_factory/Edge-TTS,微软服务条款，仅研究评测用途,edgetts,sichuan,SC-001486,zh-CN-YunxiNeural,
data/redteam/factory/edgetts/sichuan/edgetts_sichuan_zh-CN-YunxiNeural_SC-001557.wav,spoof,RT-EDGETTS-SICHUAN,clean,redteam_factory/Edge-TTS,微软服务条款，仅研究评测用途,edgetts,sichuan,SC-001557,zh-CN-YunxiNeural,
data/redteam/factory/edgetts/sichuan/edgetts_sichuan_zh-CN-XiaoxiaoNeural_SC-000342.wav,spoof,RT-EDGETTS-SICHUAN,clean,redteam_factory/Edge-TTS,微软服务条款，仅研究评测用途,edgetts,sichuan,SC-000342,zh-CN-XiaoxiaoNeural,
data/redteam/factory/edgetts/sichuan/edgetts_sichuan_zh-CN-XiaoxiaoNeural_SC-000375.wav,spoof,RT-EDGETTS-SICHUAN,clean,redteam_factory/Edge-TTS,微软服务条款，仅研究评测用途,edgetts,sichuan,SC-000375,zh-CN-XiaoxiaoNeural,
data/redteam/factory/edgetts/sichuan/edgetts_sichuan_zh-CN-XiaoxiaoNeural_SC-000429.wav,spoof,RT-EDGETTS-SICHUAN,clean,redteam_factory/Edge-TTS,微软服务条款，仅研究评测用途,edgetts,sichuan,SC-000429,zh-CN-XiaoxiaoNeural,
data/redteam/factory/edgetts/sichuan/edgetts_sichuan_zh-CN-XiaoxiaoNeural_SC-000475.wav,spoof,RT-EDGETTS-SICHUAN,clean,redteam_factory/Edge-TTS,微软服务条款，仅研究评测用途,edgetts,sichuan,SC-000475,zh-CN-XiaoxiaoNeural,
data/redteam/factory/edgetts/sichuan/edgetts_sichuan_zh-CN-XiaoxiaoNeural_SC-000552.wav,spoof,RT-EDGETTS-SICHUAN,clean,redteam_factory/Edge-TTS,微软服务条款，仅研究评测用途,edgetts,sichuan,SC-000552,zh-CN-XiaoxiaoNeural,
data/redteam/factory/edgetts/sichuan/edgetts_sichuan_zh-CN-XiaoxiaoNeural_SC-000627.wav,spoof,RT-EDGETTS-SICHUAN,clean,redteam_factory/Edge-TTS,微软服务条款，仅研究评测用途,edgetts,sichuan,SC-000627,zh-CN-XiaoxiaoNeural,
data/redteam/factory/edgetts/sichuan/edgetts_sichuan_zh-CN-XiaoxiaoNeural_SC-000684.wav,spoof,RT-EDGETTS-SICHUAN,clean,redteam_factory/Edge-TTS,微软服务条款，仅研究评测用途,edgetts,sichuan,SC-000684,zh-CN-XiaoxiaoNeural,
data/redteam/factory/edgetts/sichuan/edgetts_sichuan_zh-CN-XiaoxiaoNeural_SC-000756.wav,spoof,RT-EDGETTS-SICHUAN,clean,redteam_factory/Edge-TTS,微软服务条款，仅研究评测用途,edgetts,sichuan,SC-000756,zh-CN-XiaoxiaoNeural,
data/redteam/factory/edgetts/sichuan/edgetts_sichuan_zh-CN-XiaoxiaoNeural_SC-000835.wav,spoof,RT-EDGETTS-SICHUAN,clean,redteam_factory/Edge-TTS,微软服务条款，仅研究评测用途,edgetts,sichuan,SC-000835,zh-CN-XiaoxiaoNeural,
data/redteam/factory/edgetts/sichuan/edgetts_sichuan_zh-CN-XiaoxiaoNeural_SC-000907.wav,spoof,RT-EDGETTS-SICHUAN,clean,redteam_factory/Edge-TTS,微软服务条款，仅研究评测用途,edgetts,sichuan,SC-000907,zh-CN-XiaoxiaoNeural,
data/redteam/factory/edgetts/sichuan/edgetts_sichuan_zh-CN-XiaoxiaoNeural_SC-000996.wav,spoof,RT-EDGETTS-SICHUAN,clean,redteam_factory/Edge-TTS,微软服务条款，仅研究评测用途,edgetts,sichuan,SC-000996,zh-CN-XiaoxiaoNeural,
data/redteam/factory/edgetts/sichuan/edgetts_sichuan_zh-CN-XiaoxiaoNeural_SC-001057.wav,spoof,RT-EDGETTS-SICHUAN,clean,redteam_factory/Edge-TTS,微软服务条款，仅研究评测用途,edgetts,sichuan,SC-001057,zh-CN-XiaoxiaoNeural,
data/redteam/factory/edgetts/sichuan/edgetts_sichuan_zh-CN-XiaoxiaoNeural_SC-001154.wav,spoof,RT-EDGETTS-SICHUAN,clean,redteam_factory/Edge-TTS,微软服务条款，仅研究评测用途,edgetts,sichuan,SC-001154,zh-CN-XiaoxiaoNeural,
data/redteam/factory/edgetts/sichuan/edgetts_sichuan_zh-CN-XiaoxiaoNeural_SC-001210.wav,spoof,RT-EDGETTS-SICHUAN,clean,redteam_factory/Edge-TTS,微软服务条款，仅研究评测用途,edgetts,sichuan,SC-001210,zh-CN-XiaoxiaoNeural,
data/redteam/factory/edgetts/sichuan/edgetts_sichuan_zh-CN-XiaoxiaoNeural_SC-001314.wav,spoof,RT-EDGETTS-SICHUAN,clean,redteam_factory/Edge-TTS,微软服务条款，仅研究评测用途,edgetts,sichuan,SC-001314,zh-CN-XiaoxiaoNeural,
data/redteam/factory/edgetts/sichuan/edgetts_sichuan_zh-CN-XiaoxiaoNeural_SC-001375.wav,spoof,RT-EDGETTS-SICHUAN,clean,redteam_factory/Edge-TTS,微软服务条款，仅研究评测用途,edgetts,sichuan,SC-001375,zh-CN-XiaoxiaoNeural,
data/redteam/factory/edgetts/sichuan/edgetts_sichuan_zh-CN-XiaoxiaoNeural_SC-001412.wav,spoof,RT-EDGETTS-SICHUAN,clean,redteam_factory/Edge-TTS,微软服务条款，仅研究评测用途,edgetts,sichuan,SC-001412,zh-CN-XiaoxiaoNeural,
data/redteam/factory/edgetts/sichuan/edgetts_sichuan_zh-CN-XiaoxiaoNeural_SC-001486.wav,spoof,RT-EDGETTS-SICHUAN,clean,redteam_factory/Edge-TTS,微软服务条款，仅研究评测用途,edgetts,sichuan,SC-001486,zh-CN-XiaoxiaoNeural,
data/redteam/factory/edgetts/sichuan/edgetts_sichuan_zh-CN-XiaoxiaoNeural_SC-001557.wav,spoof,RT-EDGETTS-SICHUAN,clean,redteam_factory/Edge-TTS,微软服务条款，仅研究评测用途,edgetts,sichuan,SC-001557,zh-CN-XiaoxiaoNeural,
data/redteam/factory/edgetts/cantonese/edgetts_cantonese_zh-HK-HiuMaanNeural_SC-000494.wav,spoof,RT-EDGETTS-CANTONESE,clean,redteam_factory/Edge-TTS,微软服务条款，仅研究评测用途,edgetts,cantonese,SC-000494,zh-HK-HiuMaanNeural,
data/redteam/factory/edgetts/cantonese/edgetts_cantonese_zh-HK-HiuMaanNeural_SC-000557.wav,spoof,RT-EDGETTS-CANTONESE,clean,redteam_factory/Edge-TTS,微软服务条款，仅研究评测用途,edgetts,cantonese,SC-000557,zh-HK-HiuMaanNeural,
data/redteam/factory/edgetts/cantonese/edgetts_cantonese_zh-HK-HiuMaanNeural_SC-000639.wav,spoof,RT-EDGETTS-CANTONESE,clean,redteam_factory/Edge-TTS,微软服务条款，仅研究评测用途,edgetts,cantonese,SC-000639,zh-HK-HiuMaanNeural,
data/redteam/factory/edgetts/cantonese/edgetts_cantonese_zh-HK-HiuMaanNeural_SC-000690.wav,spoof,RT-EDGETTS-CANTONESE,clean,redteam_factory/Edge-TTS,微软服务条款，仅研究评测用途,edgetts,cantonese,SC-000690,zh-HK-HiuMaanNeural,
data/redteam/factory/edgetts/cantonese/edgetts_cantonese_zh-HK-HiuMaanNeural_SC-000759.wav,spoof,RT-EDGETTS-CANTONESE,clean,redteam_factory/Edge-TTS,微软服务条款，仅研究评测用途,edgetts,cantonese,SC-000759,zh-HK-HiuMaanNeural,
data/redteam/factory/edgetts/cantonese/edgetts_cantonese_zh-HK-HiuMaanNeural_SC-000803.wav,spoof,RT-EDGETTS-CANTONESE,clean,redteam_factory/Edge-TTS,微软服务条款，仅研究评测用途,edgetts,cantonese,SC-000803,zh-HK-HiuMaanNeural,
data/redteam/factory/edgetts/cantonese/edgetts_cantonese_zh-HK-HiuMaanNeural_SC-000886.wav,spoof,RT-EDGETTS-CANTONESE,clean,redteam_factory/Edge-TTS,微软服务条款，仅研究评测用途,edgetts,cantonese,SC-000886,zh-HK-HiuMaanNeural,
data/redteam/factory/edgetts/cantonese/edgetts_cantonese_zh-HK-HiuMaanNeural_SC-000950.wav,spoof,RT-EDGETTS-CANTONESE,clean,redteam_factory/Edge-TTS,微软服务条款，仅研究评测用途,edgetts,cantonese,SC-000950,zh-HK-HiuMaanNeural,
data/redteam/factory/edgetts/cantonese/edgetts_cantonese_zh-HK-HiuMaanNeural_SC-001025.wav,spoof,RT-EDGETTS-CANTONESE,clean,redteam_factory/Edge-TTS,微软服务条款，仅研究评测用途,edgetts,cantonese,SC-001025,zh-HK-HiuMaanNeural,
data/redteam/factory/edgetts/cantonese/edgetts_cantonese_zh-HK-HiuMaanNeural_SC-001082.wav,spoof,RT-EDGETTS-CANTONESE,clean,redteam_factory/Edge-TTS,微软服务条款，仅研究评测用途,edgetts,cantonese,SC-001082,zh-HK-HiuMaanNeural,
data/redteam/factory/edgetts/cantonese/edgetts_cantonese_zh-HK-HiuMaanNeural_SC-001135.wav,spoof,RT-EDGETTS-CANTONESE,clean,redteam_factory/Edge-TTS,微软服务条款，仅研究评测用途,edgetts,cantonese,SC-001135,zh-HK-HiuMaanNeural,
data/redteam/factory/edgetts/cantonese/edgetts_cantonese_zh-HK-HiuMaanNeural_SC-001198.wav,spoof,RT-EDGETTS-CANTONESE,clean,redteam_factory/Edge-TTS,微软服务条款，仅研究评测用途,edgetts,cantonese,SC-001198,zh-HK-HiuMaanNeural,
data/redteam/factory/edgetts/cantonese/edgetts_cantonese_zh-HK-HiuMaanNeural_SC-001255.wav,spoof,RT-EDGETTS-CANTONESE,clean,redteam_factory/Edge-TTS,微软服务条款，仅研究评测用途,edgetts,cantonese,SC-001255,zh-HK-HiuMaanNeural,
data/redteam/factory/edgetts/cantonese/edgetts_cantonese_zh-HK-HiuMaanNeural_SC-001293.wav,spoof,RT-EDGETTS-CANTONESE,clean,redteam_factory/Edge-TTS,微软服务条款，仅研究评测用途,edgetts,cantonese,SC-001293,zh-HK-HiuMaanNeural,
data/redteam/factory/edgetts/cantonese/edgetts_cantonese_zh-HK-HiuMaanNeural_SC-001377.wav,spoof,RT-EDGETTS-CANTONESE,clean,redteam_factory/Edge-TTS,微软服务条款，仅研究评测用途,edgetts,cantonese,SC-001377,zh-HK-HiuMaanNeural,
data/redteam/factory/edgetts/cantonese/edgetts_cantonese_zh-HK-HiuMaanNeural_SC-001456.wav,spoof,RT-EDGETTS-CANTONESE,clean,redteam_factory/Edge-TTS,微软服务条款，仅研究评测用途,edgetts,cantonese,SC-001456,zh-HK-HiuMaanNeural,
data/redteam/factory/edgetts/cantonese/edgetts_cantonese_zh-HK-HiuMaanNeural_SC-001498.wav,spoof,RT-EDGETTS-CANTONESE,clean,redteam_factory/Edge-TTS,微软服务条款，仅研究评测用途,edgetts,cantonese,SC-001498,zh-HK-HiuMaanNeural,
data/redteam/factory/edgetts/cantonese/edgetts_cantonese_zh-HK-HiuMaanNeural_SC-001555.wav,spoof,RT-EDGETTS-CANTONESE,clean,redteam_factory/Edge-TTS,微软服务条款，仅研究评测用途,edgetts,cantonese,SC-001555,zh-HK-HiuMaanNeural,
data/redteam/factory/edgetts/cantonese/edgetts_cantonese_zh-HK-HiuMaanNeural_SC-001615.wav,spoof,RT-EDGETTS-CANTONESE,clean,redteam_factory/Edge-TTS,微软服务条款，仅研究评测用途,edgetts,cantonese,SC-001615,zh-HK-HiuMaanNeural,
data/redteam/factory/edgetts/cantonese/edgetts_cantonese_zh-HK-WanLungNeural_SC-000494.wav,spoof,RT-EDGETTS-CANTONESE,clean,redteam_factory/Edge-TTS,微软服务条款，仅研究评测用途,edgetts,cantonese,SC-000494,zh-HK-WanLungNeural,
data/redteam/factory/edgetts/cantonese/edgetts_cantonese_zh-HK-WanLungNeural_SC-000557.wav,spoof,RT-EDGETTS-CANTONESE,clean,redteam_factory/Edge-TTS,微软服务条款，仅研究评测用途,edgetts,cantonese,SC-000557,zh-HK-WanLungNeural,
data/redteam/factory/edgetts/cantonese/edgetts_cantonese_zh-HK-WanLungNeural_SC-000639.wav,spoof,RT-EDGETTS-CANTONESE,clean,redteam_factory/Edge-TTS,微软服务条款，仅研究评测用途,edgetts,cantonese,SC-000639,zh-HK-WanLungNeural,
data/redteam/factory/edgetts/cantonese/edgetts_cantonese_zh-HK-WanLungNeural_SC-000690.wav,spoof,RT-EDGETTS-CANTONESE,clean,redteam_factory/Edge-TTS,微软服务条款，仅研究评测用途,edgetts,cantonese,SC-000690,zh-HK-WanLungNeural,
data/redteam/factory/edgetts/cantonese/edgetts_cantonese_zh-HK-WanLungNeural_SC-000759.wav,spoof,RT-EDGETTS-CANTONESE,clean,redteam_factory/Edge-TTS,微软服务条款，仅研究评测用途,edgetts,cantonese,SC-000759,zh-HK-WanLungNeural,
data/redteam/factory/edgetts/cantonese/edgetts_cantonese_zh-HK-WanLungNeural_SC-000803.wav,spoof,RT-EDGETTS-CANTONESE,clean,redteam_factory/Edge-TTS,微软服务条款，仅研究评测用途,edgetts,cantonese,SC-000803,zh-HK-WanLungNeural,
data/redteam/factory/edgetts/cantonese/edgetts_cantonese_zh-HK-WanLungNeural_SC-000886.wav,spoof,RT-EDGETTS-CANTONESE,clean,redteam_factory/Edge-TTS,微软服务条款，仅研究评测用途,edgetts,cantonese,SC-000886,zh-HK-WanLungNeural,
data/redteam/factory/edgetts/cantonese/edgetts_cantonese_zh-HK-WanLungNeural_SC-000950.wav,spoof,RT-EDGETTS-CANTONESE,clean,redteam_factory/Edge-TTS,微软服务条款，仅研究评测用途,edgetts,cantonese,SC-000950,zh-HK-WanLungNeural,
data/redteam/factory/edgetts/cantonese/edgetts_cantonese_zh-HK-WanLungNeural_SC-001025.wav,spoof,RT-EDGETTS-CANTONESE,clean,redteam_factory/Edge-TTS,微软服务条款，仅研究评测用途,edgetts,cantonese,SC-001025,zh-HK-WanLungNeural,
data/redteam/factory/edgetts/cantonese/edgetts_cantonese_zh-HK-WanLungNeural_SC-001082.wav,spoof,RT-EDGETTS-CANTONESE,clean,redteam_factory/Edge-TTS,微软服务条款，仅研究评测用途,edgetts,cantonese,SC-001082,zh-HK-WanLungNeural,
data/redteam/factory/edgetts/cantonese/edgetts_cantonese_zh-HK-WanLungNeural_SC-001135.wav,spoof,RT-EDGETTS-CANTONESE,clean,redteam_factory/Edge-TTS,微软服务条款，仅研究评测用途,edgetts,cantonese,SC-001135,zh-HK-WanLungNeural,
data/redteam/factory/edgetts/cantonese/edgetts_cantonese_zh-HK-WanLungNeural_SC-001198.wav,spoof,RT-EDGETTS-CANTONESE,clean,redteam_factory/Edge-TTS,微软服务条款，仅研究评测用途,edgetts,cantonese,SC-001198,zh-HK-WanLungNeural,
data/redteam/factory/edgetts/cantonese/edgetts_cantonese_zh-HK-WanLungNeural_SC-001255.wav,spoof,RT-EDGETTS-CANTONESE,clean,redteam_factory/Edge-TTS,微软服务条款，仅研究评测用途,edgetts,cantonese,SC-001255,zh-HK-WanLungNeural,
data/redteam/factory/edgetts/cantonese/edgetts_cantonese_zh-HK-WanLungNeural_SC-001293.wav,spoof,RT-EDGETTS-CANTONESE,clean,redteam_factory/Edge-TTS,微软服务条款，仅研究评测用途,edgetts,cantonese,SC-001293,zh-HK-WanLungNeural,
data/redteam/factory/edgetts/cantonese/edgetts_cantonese_zh-HK-WanLungNeural_SC-001377.wav,spoof,RT-EDGETTS-CANTONESE,clean,redteam_factory/Edge-TTS,微软服务条款，仅研究评测用途,edgetts,cantonese,SC-001377,zh-HK-WanLungNeural,
data/redteam/factory/edgetts/cantonese/edgetts_cantonese_zh-HK-WanLungNeural_SC-001456.wav,spoof,RT-EDGETTS-CANTONESE,clean,redteam_factory/Edge-TTS,微软服务条款，仅研究评测用途,edgetts,cantonese,SC-001456,zh-HK-WanLungNeural,
data/redteam/factory/edgetts/cantonese/edgetts_cantonese_zh-HK-WanLungNeural_SC-001498.wav,spoof,RT-EDGETTS-CANTONESE,clean,redteam_factory/Edge-TTS,微软服务条款，仅研究评测用途,edgetts,cantonese,SC-001498,zh-HK-WanLungNeural,
data/redteam/factory/edgetts/cantonese/edgetts_cantonese_zh-HK-WanLungNeural_SC-001555.wav,spoof,RT-EDGETTS-CANTONESE,clean,redteam_factory/Edge-TTS,微软服务条款，仅研究评测用途,edgetts,cantonese,SC-001555,zh-HK-WanLungNeural,
data/redteam/factory/edgetts/cantonese/edgetts_cantonese_zh-HK-WanLungNeural_SC-001615.wav,spoof,RT-EDGETTS-CANTONESE,clean,redteam_factory/Edge-TTS,微软服务条款，仅研究评测用途,edgetts,cantonese,SC-001615,zh-HK-WanLungNeural,
data/redteam/factory/edgetts/dongbei/edgetts_dongbei_zh-CN-liaoning-XiaobeiNeural_SC-000428.wav,spoof,RT-EDGETTS-DONGBEI,clean,redteam_factory/Edge-TTS,微软服务条款，仅研究评测用途,edgetts,dongbei,SC-000428,zh-CN-liaoning-XiaobeiNeural,
data/redteam/factory/edgetts/dongbei/edgetts_dongbei_zh-CN-liaoning-XiaobeiNeural_SC-000503.wav,spoof,RT-EDGETTS-DONGBEI,clean,redteam_factory/Edge-TTS,微软服务条款，仅研究评测用途,edgetts,dongbei,SC-000503,zh-CN-liaoning-XiaobeiNeural,
data/redteam/factory/edgetts/dongbei/edgetts_dongbei_zh-CN-liaoning-XiaobeiNeural_SC-000608.wav,spoof,RT-EDGETTS-DONGBEI,clean,redteam_factory/Edge-TTS,微软服务条款，仅研究评测用途,edgetts,dongbei,SC-000608,zh-CN-liaoning-XiaobeiNeural,
data/redteam/factory/edgetts/dongbei/edgetts_dongbei_zh-CN-liaoning-XiaobeiNeural_SC-000669.wav,spoof,RT-EDGETTS-DONGBEI,clean,redteam_factory/Edge-TTS,微软服务条款，仅研究评测用途,edgetts,dongbei,SC-000669,zh-CN-liaoning-XiaobeiNeural,
data/redteam/factory/edgetts/dongbei/edgetts_dongbei_zh-CN-liaoning-XiaobeiNeural_SC-000731.wav,spoof,RT-EDGETTS-DONGBEI,clean,redteam_factory/Edge-TTS,微软服务条款，仅研究评测用途,edgetts,dongbei,SC-000731,zh-CN-liaoning-XiaobeiNeural,
data/redteam/factory/edgetts/dongbei/edgetts_dongbei_zh-CN-liaoning-XiaobeiNeural_SC-000820.wav,spoof,RT-EDGETTS-DONGBEI,clean,redteam_factory/Edge-TTS,微软服务条款，仅研究评测用途,edgetts,dongbei,SC-000820,zh-CN-liaoning-XiaobeiNeural,
data/redteam/factory/edgetts/dongbei/edgetts_dongbei_zh-CN-liaoning-XiaobeiNeural_SC-000890.wav,spoof,RT-EDGETTS-DONGBEI,clean,redteam_factory/Edge-TTS,微软服务条款，仅研究评测用途,edgetts,dongbei,SC-000890,zh-CN-liaoning-XiaobeiNeural,
data/redteam/factory/edgetts/dongbei/edgetts_dongbei_zh-CN-liaoning-XiaobeiNeural_SC-000976.wav,spoof,RT-EDGETTS-DONGBEI,clean,redteam_factory/Edge-TTS,微软服务条款，仅研究评测用途,edgetts,dongbei,SC-000976,zh-CN-liaoning-XiaobeiNeural,
data/redteam/factory/edgetts/dongbei/edgetts_dongbei_zh-CN-liaoning-XiaobeiNeural_SC-001086.wav,spoof,RT-EDGETTS-DONGBEI,clean,redteam_factory/Edge-TTS,微软服务条款，仅研究评测用途,edgetts,dongbei,SC-001086,zh-CN-liaoning-XiaobeiNeural,
data/redteam/factory/edgetts/dongbei/edgetts_dongbei_zh-CN-liaoning-XiaobeiNeural_SC-001131.wav,spoof,RT-EDGETTS-DONGBEI,clean,redteam_factory/Edge-TTS,微软服务条款，仅研究评测用途,edgetts,dongbei,SC-001131,zh-CN-liaoning-XiaobeiNeural,
data/redteam/factory/edgetts/dongbei/edgetts_dongbei_zh-CN-liaoning-XiaobeiNeural_SC-001225.wav,spoof,RT-EDGETTS-DONGBEI,clean,redteam_factory/Edge-TTS,微软服务条款，仅研究评测用途,edgetts,dongbei,SC-001225,zh-CN-liaoning-XiaobeiNeural,
data/redteam/factory/edgetts/dongbei/edgetts_dongbei_zh-CN-liaoning-XiaobeiNeural_SC-001303.wav,spoof,RT-EDGETTS-DONGBEI,clean,redteam_factory/Edge-TTS,微软服务条款，仅研究评测用途,edgetts,dongbei,SC-001303,zh-CN-liaoning-XiaobeiNeural,
data/redteam/factory/edgetts/dongbei/edgetts_dongbei_zh-CN-liaoning-XiaobeiNeural_SC-001363.wav,spoof,RT-EDGETTS-DONGBEI,clean,redteam_factory/Edge-TTS,微软服务条款，仅研究评测用途,edgetts,dongbei,SC-001363,zh-CN-liaoning-XiaobeiNeural,
data/redteam/factory/edgetts/dongbei/edgetts_dongbei_zh-CN-liaoning-XiaobeiNeural_SC-001436.wav,spoof,RT-EDGETTS-DONGBEI,clean,redteam_factory/Edge-TTS,微软服务条款，仅研究评测用途,edgetts,dongbei,SC-001436,zh-CN-liaoning-XiaobeiNeural,
data/redteam/factory/edgetts/dongbei/edgetts_dongbei_zh-CN-liaoning-XiaobeiNeural_SC-001496.wav,spoof,RT-EDGETTS-DONGBEI,clean,redteam_factory/Edge-TTS,微软服务条款，仅研究评测用途,edgetts,dongbei,SC-001496,zh-CN-liaoning-XiaobeiNeural,
data/redteam/factory/edgetts/dongbei/edgetts_dongbei_zh-CN-liaoning-XiaobeiNeural_SC-001554.wav,spoof,RT-EDGETTS-DONGBEI,clean,redteam_factory/Edge-TTS,微软服务条款，仅研究评测用途,edgetts,dongbei,SC-001554,zh-CN-liaoning-XiaobeiNeural,
data/redteam/factory/edgetts/dongbei/edgetts_dongbei_zh-CN-liaoning-XiaobeiNeural_SC-001637.wav,spoof,RT-EDGETTS-DONGBEI,clean,redteam_factory/Edge-TTS,微软服务条款，仅研究评测用途,edgetts,dongbei,SC-001637,zh-CN-liaoning-XiaobeiNeural,
data/redteam/factory/edgetts/dongbei/edgetts_dongbei_zh-CN-liaoning-XiaobeiNeural_SC-001672.wav,spoof,RT-EDGETTS-DONGBEI,clean,redteam_factory/Edge-TTS,微软服务条款，仅研究评测用途,edgetts,dongbei,SC-001672,zh-CN-liaoning-XiaobeiNeural,
data/redteam/factory/edgetts/dongbei/edgetts_dongbei_zh-CN-liaoning-XiaobeiNeural_SC-001704.wav,spoof,RT-EDGETTS-DONGBEI,clean,redteam_factory/Edge-TTS,微软服务条款，仅研究评测用途,edgetts,dongbei,SC-001704,zh-CN-liaoning-XiaobeiNeural,
data/redteam/factory/edgetts/henan/edgetts_henan_zh-CN-shaanxi-XiaoniNeural_SC-000442.wav,spoof,RT-EDGETTS-HENAN,clean,redteam_factory/Edge-TTS,微软服务条款，仅研究评测用途,edgetts,henan,SC-000442,zh-CN-shaanxi-XiaoniNeural,
data/redteam/factory/edgetts/henan/edgetts_henan_zh-CN-shaanxi-XiaoniNeural_SC-000529.wav,spoof,RT-EDGETTS-HENAN,clean,redteam_factory/Edge-TTS,微软服务条款，仅研究评测用途,edgetts,henan,SC-000529,zh-CN-shaanxi-XiaoniNeural,
data/redteam/factory/edgetts/henan/edgetts_henan_zh-CN-shaanxi-XiaoniNeural_SC-000599.wav,spoof,RT-EDGETTS-HENAN,clean,redteam_factory/Edge-TTS,微软服务条款，仅研究评测用途,edgetts,henan,SC-000599,zh-CN-shaanxi-XiaoniNeural,
data/redteam/factory/edgetts/henan/edgetts_henan_zh-CN-shaanxi-XiaoniNeural_SC-000637.wav,spoof,RT-EDGETTS-HENAN,clean,redteam_factory/Edge-TTS,微软服务条款，仅研究评测用途,edgetts,henan,SC-000637,zh-CN-shaanxi-XiaoniNeural,
data/redteam/factory/edgetts/henan/edgetts_henan_zh-CN-shaanxi-XiaoniNeural_SC-000728.wav,spoof,RT-EDGETTS-HENAN,clean,redteam_factory/Edge-TTS,微软服务条款，仅研究评测用途,edgetts,henan,SC-000728,zh-CN-shaanxi-XiaoniNeural,
data/redteam/factory/edgetts/henan/edgetts_henan_zh-CN-shaanxi-XiaoniNeural_SC-000796.wav,spoof,RT-EDGETTS-HENAN,clean,redteam_factory/Edge-TTS,微软服务条款，仅研究评测用途,edgetts,henan,SC-000796,zh-CN-shaanxi-XiaoniNeural,
data/redteam/factory/edgetts/henan/edgetts_henan_zh-CN-shaanxi-XiaoniNeural_SC-000851.wav,spoof,RT-EDGETTS-HENAN,clean,redteam_factory/Edge-TTS,微软服务条款，仅研究评测用途,edgetts,henan,SC-000851,zh-CN-shaanxi-XiaoniNeural,
data/redteam/factory/edgetts/henan/edgetts_henan_zh-CN-shaanxi-XiaoniNeural_SC-000914.wav,spoof,RT-EDGETTS-HENAN,clean,redteam_factory/Edge-TTS,微软服务条款，仅研究评测用途,edgetts,henan,SC-000914,zh-CN-shaanxi-XiaoniNeural,
data/redteam/factory/edgetts/henan/edgetts_henan_zh-CN-shaanxi-XiaoniNeural_SC-000973.wav,spoof,RT-EDGETTS-HENAN,clean,redteam_factory/Edge-TTS,微软服务条款，仅研究评测用途,edgetts,henan,SC-000973,zh-CN-shaanxi-XiaoniNeural,
data/redteam/factory/edgetts/henan/edgetts_henan_zh-CN-shaanxi-XiaoniNeural_SC-001066.wav,spoof,RT-EDGETTS-HENAN,clean,redteam_factory/Edge-TTS,微软服务条款，仅研究评测用途,edgetts,henan,SC-001066,zh-CN-shaanxi-XiaoniNeural,
data/redteam/factory/edgetts/henan/edgetts_henan_zh-CN-shaanxi-XiaoniNeural_SC-001114.wav,spoof,RT-EDGETTS-HENAN,clean,redteam_factory/Edge-TTS,微软服务条款，仅研究评测用途,edgetts,henan,SC-001114,zh-CN-shaanxi-XiaoniNeural,
data/redteam/factory/edgetts/henan/edgetts_henan_zh-CN-shaanxi-XiaoniNeural_SC-001197.wav,spoof,RT-EDGETTS-HENAN,clean,redteam_factory/Edge-TTS,微软服务条款，仅研究评测用途,edgetts,henan,SC-001197,zh-CN-shaanxi-XiaoniNeural,
data/redteam/factory/edgetts/henan/edgetts_henan_zh-CN-shaanxi-XiaoniNeural_SC-001254.wav,spoof,RT-EDGETTS-HENAN,clean,redteam_factory/Edge-TTS,微软服务条款，仅研究评测用途,edgetts,henan,SC-001254,zh-CN-shaanxi-XiaoniNeural,
data/redteam/factory/edgetts/henan/edgetts_henan_zh-CN-shaanxi-XiaoniNeural_SC-001325.wav,spoof,RT-EDGETTS-HENAN,clean,redteam_factory/Edge-TTS,微软服务条款，仅研究评测用途,edgetts,henan,SC-001325,zh-CN-shaanxi-XiaoniNeural,
data/redteam/factory/edgetts/henan/edgetts_henan_zh-CN-shaanxi-XiaoniNeural_SC-001368.wav,spoof,RT-EDGETTS-HENAN,clean,redteam_factory/Edge-TTS,微软服务条款，仅研究评测用途,edgetts,henan,SC-001368,zh-CN-shaanxi-XiaoniNeural,
data/redteam/factory/edgetts/henan/edgetts_henan_zh-CN-shaanxi-XiaoniNeural_SC-001425.wav,spoof,RT-EDGETTS-HENAN,clean,redteam_factory/Edge-TTS,微软服务条款，仅研究评测用途,edgetts,henan,SC-001425,zh-CN-shaanxi-XiaoniNeural,
data/redteam/factory/edgetts/henan/edgetts_henan_zh-CN-shaanxi-XiaoniNeural_SC-001510.wav,spoof,RT-EDGETTS-HENAN,clean,redteam_factory/Edge-TTS,微软服务条款，仅研究评测用途,edgetts,henan,SC-001510,zh-CN-shaanxi-XiaoniNeural,
data/redteam/factory/edgetts/henan/edgetts_henan_zh-CN-shaanxi-XiaoniNeural_SC-001566.wav,spoof,RT-EDGETTS-HENAN,clean,redteam_factory/Edge-TTS,微软服务条款，仅研究评测用途,edgetts,henan,SC-001566,zh-CN-shaanxi-XiaoniNeural,
data/redteam/factory/edgetts/henan/edgetts_henan_zh-CN-shaanxi-XiaoniNeural_SC-001646.wav,spoof,RT-EDGETTS-HENAN,clean,redteam_factory/Edge-TTS,微软服务条款，仅研究评测用途,edgetts,henan,SC-001646,zh-CN-shaanxi-XiaoniNeural,
data/redteam/factory/edgetts/mandarin/edgetts_mandarin_zh-CN-YunxiNeural_SC-000136.wav,spoof,RT-EDGETTS-MANDARIN,clean,redteam_factory/Edge-TTS,微软服务条款，仅研究评测用途,edgetts,mandarin,SC-000136,zh-CN-YunxiNeural,
data/redteam/factory/edgetts/mandarin/edgetts_mandarin_zh-CN-YunxiNeural_SC-000163.wav,spoof,RT-EDGETTS-MANDARIN,clean,redteam_factory/Edge-TTS,微软服务条款，仅研究评测用途,edgetts,mandarin,SC-000163,zh-CN-YunxiNeural,
data/redteam/factory/edgetts/mandarin/edgetts_mandarin_zh-CN-YunxiNeural_SC-000176.wav,spoof,RT-EDGETTS-MANDARIN,clean,redteam_factory/Edge-TTS,微软服务条款，仅研究评测用途,edgetts,mandarin,SC-000176,zh-CN-YunxiNeural,
data/redteam/factory/edgetts/mandarin/edgetts_mandarin_zh-CN-YunxiNeural_SC-000193.wav,spoof,RT-EDGETTS-MANDARIN,clean,redteam_factory/Edge-TTS,微软服务条款，仅研究评测用途,edgetts,mandarin,SC-000193,zh-CN-YunxiNeural,
data/redteam/factory/edgetts/mandarin/edgetts_mandarin_zh-CN-YunxiNeural_SC-000216.wav,spoof,RT-EDGETTS-MANDARIN,clean,redteam_factory/Edge-TTS,微软服务条款，仅研究评测用途,edgetts,mandarin,SC-000216,zh-CN-YunxiNeural,
data/redteam/factory/edgetts/mandarin/edgetts_mandarin_zh-CN-YunxiNeural_SC-000235.wav,spoof,RT-EDGETTS-MANDARIN,clean,redteam_factory/Edge-TTS,微软服务条款，仅研究评测用途,edgetts,mandarin,SC-000235,zh-CN-YunxiNeural,
data/redteam/factory/edgetts/mandarin/edgetts_mandarin_zh-CN-YunxiNeural_SC-000262.wav,spoof,RT-EDGETTS-MANDARIN,clean,redteam_factory/Edge-TTS,微软服务条款，仅研究评测用途,edgetts,mandarin,SC-000262,zh-CN-YunxiNeural,
data/redteam/factory/edgetts/mandarin/edgetts_mandarin_zh-CN-YunxiNeural_SC-000283.wav,spoof,RT-EDGETTS-MANDARIN,clean,redteam_factory/Edge-TTS,微软服务条款，仅研究评测用途,edgetts,mandarin,SC-000283,zh-CN-YunxiNeural,
data/redteam/factory/edgetts/mandarin/edgetts_mandarin_zh-CN-YunxiNeural_SC-000308.wav,spoof,RT-EDGETTS-MANDARIN,clean,redteam_factory/Edge-TTS,微软服务条款，仅研究评测用途,edgetts,mandarin,SC-000308,zh-CN-YunxiNeural,
data/redteam/factory/edgetts/mandarin/edgetts_mandarin_zh-CN-YunxiNeural_SC-000325.wav,spoof,RT-EDGETTS-MANDARIN,clean,redteam_factory/Edge-TTS,微软服务条款，仅研究评测用途,edgetts,mandarin,SC-000325,zh-CN-YunxiNeural,
data/redteam/factory/edgetts/mandarin/edgetts_mandarin_zh-CN-YunxiNeural_SC-000341.wav,spoof,RT-EDGETTS-MANDARIN,clean,redteam_factory/Edge-TTS,微软服务条款，仅研究评测用途,edgetts,mandarin,SC-000341,zh-CN-YunxiNeural,
data/redteam/factory/edgetts/mandarin/edgetts_mandarin_zh-CN-YunxiNeural_SC-000364.wav,spoof,RT-EDGETTS-MANDARIN,clean,redteam_factory/Edge-TTS,微软服务条款，仅研究评测用途,edgetts,mandarin,SC-000364,zh-CN-YunxiNeural,
data/redteam/factory/edgetts/mandarin/edgetts_mandarin_zh-CN-YunxiNeural_SC-000382.wav,spoof,RT-EDGETTS-MANDARIN,clean,redteam_factory/Edge-TTS,微软服务条款，仅研究评测用途,edgetts,mandarin,SC-000382,zh-CN-YunxiNeural,
data/redteam/factory/edgetts/mandarin/edgetts_mandarin_zh-CN-YunxiNeural_SC-000403.wav,spoof,RT-EDGETTS-MANDARIN,clean,redteam_factory/Edge-TTS,微软服务条款，仅研究评测用途,edgetts,mandarin,SC-000403,zh-CN-YunxiNeural,
data/redteam/factory/edgetts/mandarin/edgetts_mandarin_zh-CN-YunxiNeural_SC-000440.wav,spoof,RT-EDGETTS-MANDARIN,clean,redteam_factory/Edge-TTS,微软服务条款，仅研究评测用途,edgetts,mandarin,SC-000440,zh-CN-YunxiNeural,
data/redteam/factory/edgetts/mandarin/edgetts_mandarin_zh-CN-YunxiNeural_SC-000461.wav,spoof,RT-EDGETTS-MANDARIN,clean,redteam_factory/Edge-TTS,微软服务条款，仅研究评测用途,edgetts,mandarin,SC-000461,zh-CN-YunxiNeural,
data/redteam/factory/edgetts/mandarin/edgetts_mandarin_zh-CN-YunxiNeural_SC-000476.wav,spoof,RT-EDGETTS-MANDARIN,clean,redteam_factory/Edge-TTS,微软服务条款，仅研究评测用途,edgetts,mandarin,SC-000476,zh-CN-YunxiNeural,
data/redteam/factory/edgetts/mandarin/edgetts_mandarin_zh-CN-YunxiNeural_SC-000496.wav,spoof,RT-EDGETTS-MANDARIN,clean,redteam_factory/Edge-TTS,微软服务条款，仅研究评测用途,edgetts,mandarin,SC-000496,zh-CN-YunxiNeural,
data/redteam/factory/edgetts/mandarin/edgetts_mandarin_zh-CN-YunxiNeural_SC-000514.wav,spoof,RT-EDGETTS-MANDARIN,clean,redteam_factory/Edge-TTS,微软服务条款，仅研究评测用途,edgetts,mandarin,SC-000514,zh-CN-YunxiNeural,
data/redteam/factory/edgetts/mandarin/edgetts_mandarin_zh-CN-XiaoxiaoNeural_SC-000136.wav,spoof,RT-EDGETTS-MANDARIN,clean,redteam_factory/Edge-TTS,微软服务条款，仅研究评测用途,edgetts,mandarin,SC-000136,zh-CN-XiaoxiaoNeural,
data/redteam/factory/edgetts/mandarin/edgetts_mandarin_zh-CN-XiaoxiaoNeural_SC-000163.wav,spoof,RT-EDGETTS-MANDARIN,clean,redteam_factory/Edge-TTS,微软服务条款，仅研究评测用途,edgetts,mandarin,SC-000163,zh-CN-XiaoxiaoNeural,
data/redteam/factory/edgetts/mandarin/edgetts_mandarin_zh-CN-XiaoxiaoNeural_SC-000176.wav,spoof,RT-EDGETTS-MANDARIN,clean,redteam_factory/Edge-TTS,微软服务条款，仅研究评测用途,edgetts,mandarin,SC-000176,zh-CN-XiaoxiaoNeural,
data/redteam/factory/edgetts/mandarin/edgetts_mandarin_zh-CN-XiaoxiaoNeural_SC-000193.wav,spoof,RT-EDGETTS-MANDARIN,clean,redteam_factory/Edge-TTS,微软服务条款，仅研究评测用途,edgetts,mandarin,SC-000193,zh-CN-XiaoxiaoNeural,
data/redteam/factory/edgetts/mandarin/edgetts_mandarin_zh-CN-XiaoxiaoNeural_SC-000216.wav,spoof,RT-EDGETTS-MANDARIN,clean,redteam_factory/Edge-TTS,微软服务条款，仅研究评测用途,edgetts,mandarin,SC-000216,zh-CN-XiaoxiaoNeural,
data/redteam/factory/edgetts/mandarin/edgetts_mandarin_zh-CN-XiaoxiaoNeural_SC-000235.wav,spoof,RT-EDGETTS-MANDARIN,clean,redteam_factory/Edge-TTS,微软服务条款，仅研究评测用途,edgetts,mandarin,SC-000235,zh-CN-XiaoxiaoNeural,
data/redteam/factory/edgetts/mandarin/edgetts_mandarin_zh-CN-XiaoxiaoNeural_SC-000262.wav,spoof,RT-EDGETTS-MANDARIN,clean,redteam_factory/Edge-TTS,微软服务条款，仅研究评测用途,edgetts,mandarin,SC-000262,zh-CN-XiaoxiaoNeural,
data/redteam/factory/edgetts/mandarin/edgetts_mandarin_zh-CN-XiaoxiaoNeural_SC-000283.wav,spoof,RT-EDGETTS-MANDARIN,clean,redteam_factory/Edge-TTS,微软服务条款，仅研究评测用途,edgetts,mandarin,SC-000283,zh-CN-XiaoxiaoNeural,
data/redteam/factory/edgetts/mandarin/edgetts_mandarin_zh-CN-XiaoxiaoNeural_SC-000308.wav,spoof,RT-EDGETTS-MANDARIN,clean,redteam_factory/Edge-TTS,微软服务条款，仅研究评测用途,edgetts,mandarin,SC-000308,zh-CN-XiaoxiaoNeural,
data/redteam/factory/edgetts/mandarin/edgetts_mandarin_zh-CN-XiaoxiaoNeural_SC-000325.wav,spoof,RT-EDGETTS-MANDARIN,clean,redteam_factory/Edge-TTS,微软服务条款，仅研究评测用途,edgetts,mandarin,SC-000325,zh-CN-XiaoxiaoNeural,
data/redteam/factory/edgetts/mandarin/edgetts_mandarin_zh-CN-XiaoxiaoNeural_SC-000341.wav,spoof,RT-EDGETTS-MANDARIN,clean,redteam_factory/Edge-TTS,微软服务条款，仅研究评测用途,edgetts,mandarin,SC-000341,zh-CN-XiaoxiaoNeural,
data/redteam/factory/edgetts/mandarin/edgetts_mandarin_zh-CN-XiaoxiaoNeural_SC-000364.wav,spoof,RT-EDGETTS-MANDARIN,clean,redteam_factory/Edge-TTS,微软服务条款，仅研究评测用途,edgetts,mandarin,SC-000364,zh-CN-XiaoxiaoNeural,
data/redteam/factory/edgetts/mandarin/edgetts_mandarin_zh-CN-XiaoxiaoNeural_SC-000382.wav,spoof,RT-EDGETTS-MANDARIN,clean,redteam_factory/Edge-TTS,微软服务条款，仅研究评测用途,edgetts,mandarin,SC-000382,zh-CN-XiaoxiaoNeural,
data/redteam/factory/edgetts/mandarin/edgetts_mandarin_zh-CN-XiaoxiaoNeural_SC-000403.wav,spoof,RT-EDGETTS-MANDARIN,clean,redteam_factory/Edge-TTS,微软服务条款，仅研究评测用途,edgetts,mandarin,SC-000403,zh-CN-XiaoxiaoNeural,
data/redteam/factory/edgetts/mandarin/edgetts_mandarin_zh-CN-XiaoxiaoNeural_SC-000440.wav,spoof,RT-EDGETTS-MANDARIN,clean,redteam_factory/Edge-TTS,微软服务条款，仅研究评测用途,edgetts,mandarin,SC-000440,zh-CN-XiaoxiaoNeural,
data/redteam/factory/edgetts/mandarin/edgetts_mandarin_zh-CN-XiaoxiaoNeural_SC-000461.wav,spoof,RT-EDGETTS-MANDARIN,clean,redteam_factory/Edge-TTS,微软服务条款，仅研究评测用途,edgetts,mandarin,SC-000461,zh-CN-XiaoxiaoNeural,
data/redteam/factory/edgetts/mandarin/edgetts_mandarin_zh-CN-XiaoxiaoNeural_SC-000476.wav,spoof,RT-EDGETTS-MANDARIN,clean,redteam_factory/Edge-TTS,微软服务条款，仅研究评测用途,edgetts,mandarin,SC-000476,zh-CN-XiaoxiaoNeural,
data/redteam/factory/edgetts/mandarin/edgetts_mandarin_zh-CN-XiaoxiaoNeural_SC-000496.wav,spoof,RT-EDGETTS-MANDARIN,clean,redteam_factory/Edge-TTS,微软服务条款，仅研究评测用途,edgetts,mandarin,SC-000496,zh-CN-XiaoxiaoNeural,
data/redteam/factory/edgetts/mandarin/edgetts_mandarin_zh-CN-XiaoxiaoNeural_SC-000514.wav,spoof,RT-EDGETTS-MANDARIN,clean,redteam_factory/Edge-TTS,微软服务条款，仅研究评测用途,edgetts,mandarin,SC-000514,zh-CN-XiaoxiaoNeural,
data/redteam/factory/edgetts/mandarin/edgetts_mandarin_zh-CN-YunjianNeural_SC-000136.wav,spoof,RT-EDGETTS-MANDARIN,clean,redteam_factory/Edge-TTS,微软服务条款，仅研究评测用途,edgetts,mandarin,SC-000136,zh-CN-YunjianNeural,
data/redteam/factory/edgetts/mandarin/edgetts_mandarin_zh-CN-YunjianNeural_SC-000163.wav,spoof,RT-EDGETTS-MANDARIN,clean,redteam_factory/Edge-TTS,微软服务条款，仅研究评测用途,edgetts,mandarin,SC-000163,zh-CN-YunjianNeural,
data/redteam/factory/edgetts/mandarin/edgetts_mandarin_zh-CN-YunjianNeural_SC-000176.wav,spoof,RT-EDGETTS-MANDARIN,clean,redteam_factory/Edge-TTS,微软服务条款，仅研究评测用途,edgetts,mandarin,SC-000176,zh-CN-YunjianNeural,
data/redteam/factory/edgetts/mandarin/edgetts_mandarin_zh-CN-YunjianNeural_SC-000193.wav,spoof,RT-EDGETTS-MANDARIN,clean,redteam_factory/Edge-TTS,微软服务条款，仅研究评测用途,edgetts,mandarin,SC-000193,zh-CN-YunjianNeural,
data/redteam/factory/edgetts/mandarin/edgetts_mandarin_zh-CN-YunjianNeural_SC-000216.wav,spoof,RT-EDGETTS-MANDARIN,clean,redteam_factory/Edge-TTS,微软服务条款，仅研究评测用途,edgetts,mandarin,SC-000216,zh-CN-YunjianNeural,
data/redteam/factory/edgetts/mandarin/edgetts_mandarin_zh-CN-YunjianNeural_SC-000235.wav,spoof,RT-EDGETTS-MANDARIN,clean,redteam_factory/Edge-TTS,微软服务条款，仅研究评测用途,edgetts,mandarin,SC-000235,zh-CN-YunjianNeural,
data/redteam/factory/edgetts/mandarin/edgetts_mandarin_zh-CN-YunjianNeural_SC-000262.wav,spoof,RT-EDGETTS-MANDARIN,clean,redteam_factory/Edge-TTS,微软服务条款，仅研究评测用途,edgetts,mandarin,SC-000262,zh-CN-YunjianNeural,
data/redteam/factory/edgetts/mandarin/edgetts_mandarin_zh-CN-YunjianNeural_SC-000283.wav,spoof,RT-EDGETTS-MANDARIN,clean,redteam_factory/Edge-TTS,微软服务条款，仅研究评测用途,edgetts,mandarin,SC-000283,zh-CN-YunjianNeural,
data/redteam/factory/edgetts/mandarin/edgetts_mandarin_zh-CN-YunjianNeural_SC-000308.wav,spoof,RT-EDGETTS-MANDARIN,clean,redteam_factory/Edge-TTS,微软服务条款，仅研究评测用途,edgetts,mandarin,SC-000308,zh-CN-YunjianNeural,
data/redteam/factory/edgetts/mandarin/edgetts_mandarin_zh-CN-YunjianNeural_SC-000325.wav,spoof,RT-EDGETTS-MANDARIN,clean,redteam_factory/Edge-TTS,微软服务条款，仅研究评测用途,edgetts,mandarin,SC-000325,zh-CN-YunjianNeural,
data/redteam/factory/edgetts/mandarin/edgetts_mandarin_zh-CN-YunjianNeural_SC-000341.wav,spoof,RT-EDGETTS-MANDARIN,clean,redteam_factory/Edge-TTS,微软服务条款，仅研究评测用途,edgetts,mandarin,SC-000341,zh-CN-YunjianNeural,
data/redteam/factory/edgetts/mandarin/edgetts_mandarin_zh-CN-YunjianNeural_SC-000364.wav,spoof,RT-EDGETTS-MANDARIN,clean,redteam_factory/Edge-TTS,微软服务条款，仅研究评测用途,edgetts,mandarin,SC-000364,zh-CN-YunjianNeural,
data/redteam/factory/edgetts/mandarin/edgetts_mandarin_zh-CN-YunjianNeural_SC-000382.wav,spoof,RT-EDGETTS-MANDARIN,clean,redteam_factory/Edge-TTS,微软服务条款，仅研究评测用途,edgetts,mandarin,SC-000382,zh-CN-YunjianNeural,
data/redteam/factory/edgetts/mandarin/edgetts_mandarin_zh-CN-YunjianNeural_SC-000403.wav,spoof,RT-EDGETTS-MANDARIN,clean,redteam_factory/Edge-TTS,微软服务条款，仅研究评测用途,edgetts,mandarin,SC-000403,zh-CN-YunjianNeural,
data/redteam/factory/edgetts/mandarin/edgetts_mandarin_zh-CN-YunjianNeural_SC-000440.wav,spoof,RT-EDGETTS-MANDARIN,clean,redteam_factory/Edge-TTS,微软服务条款，仅研究评测用途,edgetts,mandarin,SC-000440,zh-CN-YunjianNeural,
data/redteam/factory/edgetts/mandarin/edgetts_mandarin_zh-CN-YunjianNeural_SC-000461.wav,spoof,RT-EDGETTS-MANDARIN,clean,redteam_factory/Edge-TTS,微软服务条款，仅研究评测用途,edgetts,mandarin,SC-000461,zh-CN-YunjianNeural,
data/redteam/factory/edgetts/mandarin/edgetts_mandarin_zh-CN-YunjianNeural_SC-000476.wav,spoof,RT-EDGETTS-MANDARIN,clean,redteam_factory/Edge-TTS,微软服务条款，仅研究评测用途,edgetts,mandarin,SC-000476,zh-CN-YunjianNeural,
data/redteam/factory/edgetts/mandarin/edgetts_mandarin_zh-CN-YunjianNeural_SC-000496.wav,spoof,RT-EDGETTS-MANDARIN,clean,redteam_factory/Edge-TTS,微软服务条款，仅研究评测用途,edgetts,mandarin,SC-000496,zh-CN-YunjianNeural,
data/redteam/factory/edgetts/mandarin/edgetts_mandarin_zh-CN-YunjianNeural_SC-000514.wav,spoof,RT-EDGETTS-MANDARIN,clean,redteam_factory/Edge-TTS,微软服务条款，仅研究评测用途,edgetts,mandarin,SC-000514,zh-CN-YunjianNeural,
data/redteam/factory/edgetts/mandarin/edgetts_mandarin_zh-CN-YunyangNeural_SC-000136.wav,spoof,RT-EDGETTS-MANDARIN,clean,redteam_factory/Edge-TTS,微软服务条款，仅研究评测用途,edgetts,mandarin,SC-000136,zh-CN-YunyangNeural,
data/redteam/factory/edgetts/mandarin/edgetts_mandarin_zh-CN-YunyangNeural_SC-000163.wav,spoof,RT-EDGETTS-MANDARIN,clean,redteam_factory/Edge-TTS,微软服务条款，仅研究评测用途,edgetts,mandarin,SC-000163,zh-CN-YunyangNeural,
data/redteam/factory/edgetts/mandarin/edgetts_mandarin_zh-CN-YunyangNeural_SC-000176.wav,spoof,RT-EDGETTS-MANDARIN,clean,redteam_factory/Edge-TTS,微软服务条款，仅研究评测用途,edgetts,mandarin,SC-000176,zh-CN-YunyangNeural,
data/redteam/factory/edgetts/mandarin/edgetts_mandarin_zh-CN-YunyangNeural_SC-000193.wav,spoof,RT-EDGETTS-MANDARIN,clean,redteam_factory/Edge-TTS,微软服务条款，仅研究评测用途,edgetts,mandarin,SC-000193,zh-CN-YunyangNeural,
data/redteam/factory/edgetts/mandarin/edgetts_mandarin_zh-CN-YunyangNeural_SC-000216.wav,spoof,RT-EDGETTS-MANDARIN,clean,redteam_factory/Edge-TTS,微软服务条款，仅研究评测用途,edgetts,mandarin,SC-000216,zh-CN-YunyangNeural,
data/redteam/factory/edgetts/mandarin/edgetts_mandarin_zh-CN-YunyangNeural_SC-000235.wav,spoof,RT-EDGETTS-MANDARIN,clean,redteam_factory/Edge-TTS,微软服务条款，仅研究评测用途,edgetts,mandarin,SC-000235,zh-CN-YunyangNeural,
data/redteam/factory/edgetts/mandarin/edgetts_mandarin_zh-CN-YunyangNeural_SC-000262.wav,spoof,RT-EDGETTS-MANDARIN,clean,redteam_factory/Edge-TTS,微软服务条款，仅研究评测用途,edgetts,mandarin,SC-000262,zh-CN-YunyangNeural,
data/redteam/factory/edgetts/mandarin/edgetts_mandarin_zh-CN-YunyangNeural_SC-000283.wav,spoof,RT-EDGETTS-MANDARIN,clean,redteam_factory/Edge-TTS,微软服务条款，仅研究评测用途,edgetts,mandarin,SC-000283,zh-CN-YunyangNeural,
data/redteam/factory/edgetts/mandarin/edgetts_mandarin_zh-CN-YunyangNeural_SC-000308.wav,spoof,RT-EDGETTS-MANDARIN,clean,redteam_factory/Edge-TTS,微软服务条款，仅研究评测用途,edgetts,mandarin,SC-000308,zh-CN-YunyangNeural,
data/redteam/factory/edgetts/mandarin/edgetts_mandarin_zh-CN-YunyangNeural_SC-000325.wav,spoof,RT-EDGETTS-MANDARIN,clean,redteam_factory/Edge-TTS,微软服务条款，仅研究评测用途,edgetts,mandarin,SC-000325,zh-CN-YunyangNeural,
data/redteam/factory/edgetts/mandarin/edgetts_mandarin_zh-CN-YunyangNeural_SC-000341.wav,spoof,RT-EDGETTS-MANDARIN,clean,redteam_factory/Edge-TTS,微软服务条款，仅研究评测用途,edgetts,mandarin,SC-000341,zh-CN-YunyangNeural,
data/redteam/factory/edgetts/mandarin/edgetts_mandarin_zh-CN-YunyangNeural_SC-000364.wav,spoof,RT-EDGETTS-MANDARIN,clean,redteam_factory/Edge-TTS,微软服务条款，仅研究评测用途,edgetts,mandarin,SC-000364,zh-CN-YunyangNeural,
data/redteam/factory/edgetts/mandarin/edgetts_mandarin_zh-CN-YunyangNeural_SC-000382.wav,spoof,RT-EDGETTS-MANDARIN,clean,redteam_factory/Edge-TTS,微软服务条款，仅研究评测用途,edgetts,mandarin,SC-000382,zh-CN-YunyangNeural,
data/redteam/factory/edgetts/mandarin/edgetts_mandarin_zh-CN-YunyangNeural_SC-000403.wav,spoof,RT-EDGETTS-MANDARIN,clean,redteam_factory/Edge-TTS,微软服务条款，仅研究评测用途,edgetts,mandarin,SC-000403,zh-CN-YunyangNeural,
data/redteam/factory/edgetts/mandarin/edgetts_mandarin_zh-CN-YunyangNeural_SC-000440.wav,spoof,RT-EDGETTS-MANDARIN,clean,redteam_factory/Edge-TTS,微软服务条款，仅研究评测用途,edgetts,mandarin,SC-000440,zh-CN-YunyangNeural,
data/redteam/factory/edgetts/mandarin/edgetts_mandarin_zh-CN-YunyangNeural_SC-000461.wav,spoof,RT-EDGETTS-MANDARIN,clean,redteam_factory/Edge-TTS,微软服务条款，仅研究评测用途,edgetts,mandarin,SC-000461,zh-CN-YunyangNeural,
data/redteam/factory/edgetts/mandarin/edgetts_mandarin_zh-CN-YunyangNeural_SC-000476.wav,spoof,RT-EDGETTS-MANDARIN,clean,redteam_factory/Edge-TTS,微软服务条款，仅研究评测用途,edgetts,mandarin,SC-000476,zh-CN-YunyangNeural,
data/redteam/factory/edgetts/mandarin/edgetts_mandarin_zh-CN-YunyangNeural_SC-000496.wav,spoof,RT-EDGETTS-MANDARIN,clean,redteam_factory/Edge-TTS,微软服务条款，仅研究评测用途,edgetts,mandarin,SC-000496,zh-CN-YunyangNeural,
data/redteam/factory/edgetts/mandarin/edgetts_mandarin_zh-CN-YunyangNeural_SC-000514.wav,spoof,RT-EDGETTS-MANDARIN,clean,redteam_factory/Edge-TTS,微软服务条款，仅研究评测用途,edgetts,mandarin,SC-000514,zh-CN-YunyangNeural,
data/redteam/factory/edgetts/minnan/edgetts_minnan_zh-TW-HsiaoChenNeural_SC-000546.wav,spoof,RT-EDGETTS-MINNAN,clean,redteam_factory/Edge-TTS,微软服务条款，仅研究评测用途,edgetts,minnan,SC-000546,zh-TW-HsiaoChenNeural,
data/redteam/factory/edgetts/minnan/edgetts_minnan_zh-TW-HsiaoChenNeural_SC-000614.wav,spoof,RT-EDGETTS-MINNAN,clean,redteam_factory/Edge-TTS,微软服务条款，仅研究评测用途,edgetts,minnan,SC-000614,zh-TW-HsiaoChenNeural,
data/redteam/factory/edgetts/minnan/edgetts_minnan_zh-TW-HsiaoChenNeural_SC-000685.wav,spoof,RT-EDGETTS-MINNAN,clean,redteam_factory/Edge-TTS,微软服务条款，仅研究评测用途,edgetts,minnan,SC-000685,zh-TW-HsiaoChenNeural,
data/redteam/factory/edgetts/minnan/edgetts_minnan_zh-TW-HsiaoChenNeural_SC-000723.wav,spoof,RT-EDGETTS-MINNAN,clean,redteam_factory/Edge-TTS,微软服务条款，仅研究评测用途,edgetts,minnan,SC-000723,zh-TW-HsiaoChenNeural,
data/redteam/factory/edgetts/minnan/edgetts_minnan_zh-TW-HsiaoChenNeural_SC-000797.wav,spoof,RT-EDGETTS-MINNAN,clean,redteam_factory/Edge-TTS,微软服务条款，仅研究评测用途,edgetts,minnan,SC-000797,zh-TW-HsiaoChenNeural,
data/redteam/factory/edgetts/minnan/edgetts_minnan_zh-TW-HsiaoChenNeural_SC-000845.wav,spoof,RT-EDGETTS-MINNAN,clean,redteam_factory/Edge-TTS,微软服务条款，仅研究评测用途,edgetts,minnan,SC-000845,zh-TW-HsiaoChenNeural,
data/redteam/factory/edgetts/minnan/edgetts_minnan_zh-TW-HsiaoChenNeural_SC-000883.wav,spoof,RT-EDGETTS-MINNAN,clean,redteam_factory/Edge-TTS,微软服务条款，仅研究评测用途,edgetts,minnan,SC-000883,zh-TW-HsiaoChenNeural,
data/redteam/factory/edgetts/minnan/edgetts_minnan_zh-TW-HsiaoChenNeural_SC-000958.wav,spoof,RT-EDGETTS-MINNAN,clean,redteam_factory/Edge-TTS,微软服务条款，仅研究评测用途,edgetts,minnan,SC-000958,zh-TW-HsiaoChenNeural,
data/redteam/factory/edgetts/minnan/edgetts_minnan_zh-TW-HsiaoChenNeural_SC-001010.wav,spoof,RT-EDGETTS-MINNAN,clean,redteam_factory/Edge-TTS,微软服务条款，仅研究评测用途,edgetts,minnan,SC-001010,zh-TW-HsiaoChenNeural,
data/redteam/factory/edgetts/minnan/edgetts_minnan_zh-TW-HsiaoChenNeural_SC-001074.wav,spoof,RT-EDGETTS-MINNAN,clean,redteam_factory/Edge-TTS,微软服务条款，仅研究评测用途,edgetts,minnan,SC-001074,zh-TW-HsiaoChenNeural,
data/redteam/factory/edgetts/minnan/edgetts_minnan_zh-TW-HsiaoChenNeural_SC-001110.wav,spoof,RT-EDGETTS-MINNAN,clean,redteam_factory/Edge-TTS,微软服务条款，仅研究评测用途,edgetts,minnan,SC-001110,zh-TW-HsiaoChenNeural,
data/redteam/factory/edgetts/minnan/edgetts_minnan_zh-TW-HsiaoChenNeural_SC-001187.wav,spoof,RT-EDGETTS-MINNAN,clean,redteam_factory/Edge-TTS,微软服务条款，仅研究评测用途,edgetts,minnan,SC-001187,zh-TW-HsiaoChenNeural,
data/redteam/factory/edgetts/minnan/edgetts_minnan_zh-TW-HsiaoChenNeural_SC-001237.wav,spoof,RT-EDGETTS-MINNAN,clean,redteam_factory/Edge-TTS,微软服务条款，仅研究评测用途,edgetts,minnan,SC-001237,zh-TW-HsiaoChenNeural,
data/redteam/factory/edgetts/minnan/edgetts_minnan_zh-TW-HsiaoChenNeural_SC-001279.wav,spoof,RT-EDGETTS-MINNAN,clean,redteam_factory/Edge-TTS,微软服务条款，仅研究评测用途,edgetts,minnan,SC-001279,zh-TW-HsiaoChenNeural,
data/redteam/factory/edgetts/minnan/edgetts_minnan_zh-TW-HsiaoChenNeural_SC-001373.wav,spoof,RT-EDGETTS-MINNAN,clean,redteam_factory/Edge-TTS,微软服务条款，仅研究评测用途,edgetts,minnan,SC-001373,zh-TW-HsiaoChenNeural,
data/redteam/factory/edgetts/minnan/edgetts_minnan_zh-TW-HsiaoChenNeural_SC-001441.wav,spoof,RT-EDGETTS-MINNAN,clean,redteam_factory/Edge-TTS,微软服务条款，仅研究评测用途,edgetts,minnan,SC-001441,zh-TW-HsiaoChenNeural,
data/redteam/factory/edgetts/minnan/edgetts_minnan_zh-TW-HsiaoChenNeural_SC-001519.wav,spoof,RT-EDGETTS-MINNAN,clean,redteam_factory/Edge-TTS,微软服务条款，仅研究评测用途,edgetts,minnan,SC-001519,zh-TW-HsiaoChenNeural,
data/redteam/factory/edgetts/minnan/edgetts_minnan_zh-TW-HsiaoChenNeural_SC-001634.wav,spoof,RT-EDGETTS-MINNAN,clean,redteam_factory/Edge-TTS,微软服务条款，仅研究评测用途,edgetts,minnan,SC-001634,zh-TW-HsiaoChenNeural,
data/redteam/factory/edgetts/minnan/edgetts_minnan_zh-TW-HsiaoChenNeural_SC-001712.wav,spoof,RT-EDGETTS-MINNAN,clean,redteam_factory/Edge-TTS,微软服务条款，仅研究评测用途,edgetts,minnan,SC-001712,zh-TW-HsiaoChenNeural,
data/redteam/factory/edgetts/minnan/edgetts_minnan_zh-TW-YunJheNeural_SC-000546.wav,spoof,RT-EDGETTS-MINNAN,clean,redteam_factory/Edge-TTS,微软服务条款，仅研究评测用途,edgetts,minnan,SC-000546,zh-TW-YunJheNeural,
data/redteam/factory/edgetts/minnan/edgetts_minnan_zh-TW-YunJheNeural_SC-000614.wav,spoof,RT-EDGETTS-MINNAN,clean,redteam_factory/Edge-TTS,微软服务条款，仅研究评测用途,edgetts,minnan,SC-000614,zh-TW-YunJheNeural,
data/redteam/factory/edgetts/minnan/edgetts_minnan_zh-TW-YunJheNeural_SC-000685.wav,spoof,RT-EDGETTS-MINNAN,clean,redteam_factory/Edge-TTS,微软服务条款，仅研究评测用途,edgetts,minnan,SC-000685,zh-TW-YunJheNeural,
data/redteam/factory/edgetts/minnan/edgetts_minnan_zh-TW-YunJheNeural_SC-000723.wav,spoof,RT-EDGETTS-MINNAN,clean,redteam_factory/Edge-TTS,微软服务条款，仅研究评测用途,edgetts,minnan,SC-000723,zh-TW-YunJheNeural,
data/redteam/factory/edgetts/minnan/edgetts_minnan_zh-TW-YunJheNeural_SC-000797.wav,spoof,RT-EDGETTS-MINNAN,clean,redteam_factory/Edge-TTS,微软服务条款，仅研究评测用途,edgetts,minnan,SC-000797,zh-TW-YunJheNeural,
data/redteam/factory/edgetts/minnan/edgetts_minnan_zh-TW-YunJheNeural_SC-000845.wav,spoof,RT-EDGETTS-MINNAN,clean,redteam_factory/Edge-TTS,微软服务条款，仅研究评测用途,edgetts,minnan,SC-000845,zh-TW-YunJheNeural,
data/redteam/factory/edgetts/minnan/edgetts_minnan_zh-TW-YunJheNeural_SC-000883.wav,spoof,RT-EDGETTS-MINNAN,clean,redteam_factory/Edge-TTS,微软服务条款，仅研究评测用途,edgetts,minnan,SC-000883,zh-TW-YunJheNeural,
data/redteam/factory/edgetts/minnan/edgetts_minnan_zh-TW-YunJheNeural_SC-000958.wav,spoof,RT-EDGETTS-MINNAN,clean,redteam_factory/Edge-TTS,微软服务条款，仅研究评测用途,edgetts,minnan,SC-000958,zh-TW-YunJheNeural,
data/redteam/factory/edgetts/minnan/edgetts_minnan_zh-TW-YunJheNeural_SC-001010.wav,spoof,RT-EDGETTS-MINNAN,clean,redteam_factory/Edge-TTS,微软服务条款，仅研究评测用途,edgetts,minnan,SC-001010,zh-TW-YunJheNeural,
data/redteam/factory/edgetts/minnan/edgetts_minnan_zh-TW-YunJheNeural_SC-001074.wav,spoof,RT-EDGETTS-MINNAN,clean,redteam_factory/Edge-TTS,微软服务条款，仅研究评测用途,edgetts,minnan,SC-001074,zh-TW-YunJheNeural,
data/redteam/factory/edgetts/minnan/edgetts_minnan_zh-TW-YunJheNeural_SC-001110.wav,spoof,RT-EDGETTS-MINNAN,clean,redteam_factory/Edge-TTS,微软服务条款，仅研究评测用途,edgetts,minnan,SC-001110,zh-TW-YunJheNeural,
data/redteam/factory/edgetts/minnan/edgetts_minnan_zh-TW-YunJheNeural_SC-001187.wav,spoof,RT-EDGETTS-MINNAN,clean,redteam_factory/Edge-TTS,微软服务条款，仅研究评测用途,edgetts,minnan,SC-001187,zh-TW-YunJheNeural,
data/redteam/factory/edgetts/minnan/edgetts_minnan_zh-TW-YunJheNeural_SC-001237.wav,spoof,RT-EDGETTS-MINNAN,clean,redteam_factory/Edge-TTS,微软服务条款，仅研究评测用途,edgetts,minnan,SC-001237,zh-TW-YunJheNeural,
data/redteam/factory/edgetts/minnan/edgetts_minnan_zh-TW-YunJheNeural_SC-001279.wav,spoof,RT-EDGETTS-MINNAN,clean,redteam_factory/Edge-TTS,微软服务条款，仅研究评测用途,edgetts,minnan,SC-001279,zh-TW-YunJheNeural,
data/redteam/factory/edgetts/minnan/edgetts_minnan_zh-TW-YunJheNeural_SC-001373.wav,spoof,RT-EDGETTS-MINNAN,clean,redteam_factory/Edge-TTS,微软服务条款，仅研究评测用途,edgetts,minnan,SC-001373,zh-TW-YunJheNeural,
data/redteam/factory/edgetts/minnan/edgetts_minnan_zh-TW-YunJheNeural_SC-001441.wav,spoof,RT-EDGETTS-MINNAN,clean,redteam_factory/Edge-TTS,微软服务条款，仅研究评测用途,edgetts,minnan,SC-001441,zh-TW-YunJheNeural,
data/redteam/factory/edgetts/minnan/edgetts_minnan_zh-TW-YunJheNeural_SC-001519.wav,spoof,RT-EDGETTS-MINNAN,clean,redteam_factory/Edge-TTS,微软服务条款，仅研究评测用途,edgetts,minnan,SC-001519,zh-TW-YunJheNeural,
data/redteam/factory/edgetts/minnan/edgetts_minnan_zh-TW-YunJheNeural_SC-001634.wav,spoof,RT-EDGETTS-MINNAN,clean,redteam_factory/Edge-TTS,微软服务条款，仅研究评测用途,edgetts,minnan,SC-001634,zh-TW-YunJheNeural,
data/redteam/factory/edgetts/minnan/edgetts_minnan_zh-TW-YunJheNeural_SC-001712.wav,spoof,RT-EDGETTS-MINNAN,clean,redteam_factory/Edge-TTS,微软服务条款，仅研究评测用途,edgetts,minnan,SC-001712,zh-TW-YunJheNeural,
data/redteam/factory/edgetts/sichuan/edgetts_sichuan_zh-CN-YunxiNeural_SC-000348.wav,spoof,RT-EDGETTS-SICHUAN,clean,redteam_factory/Edge-TTS,微软服务条款，仅研究评测用途,edgetts,sichuan,SC-000348,zh-CN-YunxiNeural,
data/redteam/factory/edgetts/sichuan/edgetts_sichuan_zh-CN-YunxiNeural_SC-000379.wav,spoof,RT-EDGETTS-SICHUAN,clean,redteam_factory/Edge-TTS,微软服务条款，仅研究评测用途,edgetts,sichuan,SC-000379,zh-CN-YunxiNeural,
data/redteam/factory/edgetts/sichuan/edgetts_sichuan_zh-CN-YunxiNeural_SC-000436.wav,spoof,RT-EDGETTS-SICHUAN,clean,redteam_factory/Edge-TTS,微软服务条款，仅研究评测用途,edgetts,sichuan,SC-000436,zh-CN-YunxiNeural,
data/redteam/factory/edgetts/sichuan/edgetts_sichuan_zh-CN-YunxiNeural_SC-000481.wav,spoof,RT-EDGETTS-SICHUAN,clean,redteam_factory/Edge-TTS,微软服务条款，仅研究评测用途,edgetts,sichuan,SC-000481,zh-CN-YunxiNeural,
data/redteam/factory/edgetts/sichuan/edgetts_sichuan_zh-CN-YunxiNeural_SC-000559.wav,spoof,RT-EDGETTS-SICHUAN,clean,redteam_factory/Edge-TTS,微软服务条款，仅研究评测用途,edgetts,sichuan,SC-000559,zh-CN-YunxiNeural,
data/redteam/factory/edgetts/sichuan/edgetts_sichuan_zh-CN-YunxiNeural_SC-000632.wav,spoof,RT-EDGETTS-SICHUAN,clean,redteam_factory/Edge-TTS,微软服务条款，仅研究评测用途,edgetts,sichuan,SC-000632,zh-CN-YunxiNeural,
data/redteam/factory/edgetts/sichuan/edgetts_sichuan_zh-CN-YunxiNeural_SC-000687.wav,spoof,RT-EDGETTS-SICHUAN,clean,redteam_factory/Edge-TTS,微软服务条款，仅研究评测用途,edgetts,sichuan,SC-000687,zh-CN-YunxiNeural,
data/redteam/factory/edgetts/sichuan/edgetts_sichuan_zh-CN-YunxiNeural_SC-000757.wav,spoof,RT-EDGETTS-SICHUAN,clean,redteam_factory/Edge-TTS,微软服务条款，仅研究评测用途,edgetts,sichuan,SC-000757,zh-CN-YunxiNeural,
data/redteam/factory/edgetts/sichuan/edgetts_sichuan_zh-CN-YunxiNeural_SC-000849.wav,spoof,RT-EDGETTS-SICHUAN,clean,redteam_factory/Edge-TTS,微软服务条款，仅研究评测用途,edgetts,sichuan,SC-000849,zh-CN-YunxiNeural,
data/redteam/factory/edgetts/sichuan/edgetts_sichuan_zh-CN-YunxiNeural_SC-000927.wav,spoof,RT-EDGETTS-SICHUAN,clean,redteam_factory/Edge-TTS,微软服务条款，仅研究评测用途,edgetts,sichuan,SC-000927,zh-CN-YunxiNeural,
data/redteam/factory/edgetts/sichuan/edgetts_sichuan_zh-CN-YunxiNeural_SC-001002.wav,spoof,RT-EDGETTS-SICHUAN,clean,redteam_factory/Edge-TTS,微软服务条款，仅研究评测用途,edgetts,sichuan,SC-001002,zh-CN-YunxiNeural,
data/redteam/factory/edgetts/sichuan/edgetts_sichuan_zh-CN-YunxiNeural_SC-001061.wav,spoof,RT-EDGETTS-SICHUAN,clean,redteam_factory/Edge-TTS,微软服务条款，仅研究评测用途,edgetts,sichuan,SC-001061,zh-CN-YunxiNeural,
data/redteam/factory/edgetts/sichuan/edgetts_sichuan_zh-CN-YunxiNeural_SC-001161.wav,spoof,RT-EDGETTS-SICHUAN,clean,redteam_factory/Edge-TTS,微软服务条款，仅研究评测用途,edgetts,sichuan,SC-001161,zh-CN-YunxiNeural,
data/redteam/factory/edgetts/sichuan/edgetts_sichuan_zh-CN-YunxiNeural_SC-001233.wav,spoof,RT-EDGETTS-SICHUAN,clean,redteam_factory/Edge-TTS,微软服务条款，仅研究评测用途,edgetts,sichuan,SC-001233,zh-CN-YunxiNeural,
data/redteam/factory/edgetts/sichuan/edgetts_sichuan_zh-CN-YunxiNeural_SC-001323.wav,spoof,RT-EDGETTS-SICHUAN,clean,redteam_factory/Edge-TTS,微软服务条款，仅研究评测用途,edgetts,sichuan,SC-001323,zh-CN-YunxiNeural,
data/redteam/factory/edgetts/sichuan/edgetts_sichuan_zh-CN-YunxiNeural_SC-001384.wav,spoof,RT-EDGETTS-SICHUAN,clean,redteam_factory/Edge-TTS,微软服务条款，仅研究评测用途,edgetts,sichuan,SC-001384,zh-CN-YunxiNeural,
data/redteam/factory/edgetts/sichuan/edgetts_sichuan_zh-CN-YunxiNeural_SC-001432.wav,spoof,RT-EDGETTS-SICHUAN,clean,redteam_factory/Edge-TTS,微软服务条款，仅研究评测用途,edgetts,sichuan,SC-001432,zh-CN-YunxiNeural,
data/redteam/factory/edgetts/sichuan/edgetts_sichuan_zh-CN-YunxiNeural_SC-001491.wav,spoof,RT-EDGETTS-SICHUAN,clean,redteam_factory/Edge-TTS,微软服务条款，仅研究评测用途,edgetts,sichuan,SC-001491,zh-CN-YunxiNeural,
data/redteam/factory/edgetts/sichuan/edgetts_sichuan_zh-CN-YunxiNeural_SC-001558.wav,spoof,RT-EDGETTS-SICHUAN,clean,redteam_factory/Edge-TTS,微软服务条款，仅研究评测用途,edgetts,sichuan,SC-001558,zh-CN-YunxiNeural,
data/redteam/factory/edgetts/sichuan/edgetts_sichuan_zh-CN-XiaoxiaoNeural_SC-000348.wav,spoof,RT-EDGETTS-SICHUAN,clean,redteam_factory/Edge-TTS,微软服务条款，仅研究评测用途,edgetts,sichuan,SC-000348,zh-CN-XiaoxiaoNeural,
data/redteam/factory/edgetts/sichuan/edgetts_sichuan_zh-CN-XiaoxiaoNeural_SC-000379.wav,spoof,RT-EDGETTS-SICHUAN,clean,redteam_factory/Edge-TTS,微软服务条款，仅研究评测用途,edgetts,sichuan,SC-000379,zh-CN-XiaoxiaoNeural,
data/redteam/factory/edgetts/sichuan/edgetts_sichuan_zh-CN-XiaoxiaoNeural_SC-000436.wav,spoof,RT-EDGETTS-SICHUAN,clean,redteam_factory/Edge-TTS,微软服务条款，仅研究评测用途,edgetts,sichuan,SC-000436,zh-CN-XiaoxiaoNeural,
data/redteam/factory/edgetts/sichuan/edgetts_sichuan_zh-CN-XiaoxiaoNeural_SC-000481.wav,spoof,RT-EDGETTS-SICHUAN,clean,redteam_factory/Edge-TTS,微软服务条款，仅研究评测用途,edgetts,sichuan,SC-000481,zh-CN-XiaoxiaoNeural,
data/redteam/factory/edgetts/sichuan/edgetts_sichuan_zh-CN-XiaoxiaoNeural_SC-000559.wav,spoof,RT-EDGETTS-SICHUAN,clean,redteam_factory/Edge-TTS,微软服务条款，仅研究评测用途,edgetts,sichuan,SC-000559,zh-CN-XiaoxiaoNeural,
data/redteam/factory/edgetts/sichuan/edgetts_sichuan_zh-CN-XiaoxiaoNeural_SC-000632.wav,spoof,RT-EDGETTS-SICHUAN,clean,redteam_factory/Edge-TTS,微软服务条款，仅研究评测用途,edgetts,sichuan,SC-000632,zh-CN-XiaoxiaoNeural,
data/redteam/factory/edgetts/sichuan/edgetts_sichuan_zh-CN-XiaoxiaoNeural_SC-000687.wav,spoof,RT-EDGETTS-SICHUAN,clean,redteam_factory/Edge-TTS,微软服务条款，仅研究评测用途,edgetts,sichuan,SC-000687,zh-CN-XiaoxiaoNeural,
data/redteam/factory/edgetts/sichuan/edgetts_sichuan_zh-CN-XiaoxiaoNeural_SC-000757.wav,spoof,RT-EDGETTS-SICHUAN,clean,redteam_factory/Edge-TTS,微软服务条款，仅研究评测用途,edgetts,sichuan,SC-000757,zh-CN-XiaoxiaoNeural,
data/redteam/factory/edgetts/sichuan/edgetts_sichuan_zh-CN-XiaoxiaoNeural_SC-000849.wav,spoof,RT-EDGETTS-SICHUAN,clean,redteam_factory/Edge-TTS,微软服务条款，仅研究评测用途,edgetts,sichuan,SC-000849,zh-CN-XiaoxiaoNeural,
data/redteam/factory/edgetts/sichuan/edgetts_sichuan_zh-CN-XiaoxiaoNeural_SC-000927.wav,spoof,RT-EDGETTS-SICHUAN,clean,redteam_factory/Edge-TTS,微软服务条款，仅研究评测用途,edgetts,sichuan,SC-000927,zh-CN-XiaoxiaoNeural,
data/redteam/factory/edgetts/sichuan/edgetts_sichuan_zh-CN-XiaoxiaoNeural_SC-001002.wav,spoof,RT-EDGETTS-SICHUAN,clean,redteam_factory/Edge-TTS,微软服务条款，仅研究评测用途,edgetts,sichuan,SC-001002,zh-CN-XiaoxiaoNeural,
data/redteam/factory/edgetts/sichuan/edgetts_sichuan_zh-CN-XiaoxiaoNeural_SC-001061.wav,spoof,RT-EDGETTS-SICHUAN,clean,redteam_factory/Edge-TTS,微软服务条款，仅研究评测用途,edgetts,sichuan,SC-001061,zh-CN-XiaoxiaoNeural,
data/redteam/factory/edgetts/sichuan/edgetts_sichuan_zh-CN-XiaoxiaoNeural_SC-001161.wav,spoof,RT-EDGETTS-SICHUAN,clean,redteam_factory/Edge-TTS,微软服务条款，仅研究评测用途,edgetts,sichuan,SC-001161,zh-CN-XiaoxiaoNeural,
data/redteam/factory/edgetts/sichuan/edgetts_sichuan_zh-CN-XiaoxiaoNeural_SC-001233.wav,spoof,RT-EDGETTS-SICHUAN,clean,redteam_factory/Edge-TTS,微软服务条款，仅研究评测用途,edgetts,sichuan,SC-001233,zh-CN-XiaoxiaoNeural,
data/redteam/factory/edgetts/sichuan/edgetts_sichuan_zh-CN-XiaoxiaoNeural_SC-001323.wav,spoof,RT-EDGETTS-SICHUAN,clean,redteam_factory/Edge-TTS,微软服务条款，仅研究评测用途,edgetts,sichuan,SC-001323,zh-CN-XiaoxiaoNeural,
data/redteam/factory/edgetts/sichuan/edgetts_sichuan_zh-CN-XiaoxiaoNeural_SC-001384.wav,spoof,RT-EDGETTS-SICHUAN,clean,redteam_factory/Edge-TTS,微软服务条款，仅研究评测用途,edgetts,sichuan,SC-001384,zh-CN-XiaoxiaoNeural,
data/redteam/factory/edgetts/sichuan/edgetts_sichuan_zh-CN-XiaoxiaoNeural_SC-001432.wav,spoof,RT-EDGETTS-SICHUAN,clean,redteam_factory/Edge-TTS,微软服务条款，仅研究评测用途,edgetts,sichuan,SC-001432,zh-CN-XiaoxiaoNeural,
data/redteam/factory/edgetts/sichuan/edgetts_sichuan_zh-CN-XiaoxiaoNeural_SC-001491.wav,spoof,RT-EDGETTS-SICHUAN,clean,redteam_factory/Edge-TTS,微软服务条款，仅研究评测用途,edgetts,sichuan,SC-001491,zh-CN-XiaoxiaoNeural,
data/redteam/factory/edgetts/sichuan/edgetts_sichuan_zh-CN-XiaoxiaoNeural_SC-001558.wav,spoof,RT-EDGETTS-SICHUAN,clean,redteam_factory/Edge-TTS,微软服务条款，仅研究评测用途,edgetts,sichuan,SC-001558,zh-CN-XiaoxiaoNeural,
data/redteam/factory/edgetts/cantonese/edgetts_cantonese_zh-HK-HiuMaanNeural_SC-000495.wav,spoof,RT-EDGETTS-CANTONESE,clean,redteam_factory/Edge-TTS,微软服务条款，仅研究评测用途,edgetts,cantonese,SC-000495,zh-HK-HiuMaanNeural,
data/redteam/factory/edgetts/cantonese/edgetts_cantonese_zh-HK-HiuMaanNeural_SC-000561.wav,spoof,RT-EDGETTS-CANTONESE,clean,redteam_factory/Edge-TTS,微软服务条款，仅研究评测用途,edgetts,cantonese,SC-000561,zh-HK-HiuMaanNeural,
data/redteam/factory/edgetts/cantonese/edgetts_cantonese_zh-HK-HiuMaanNeural_SC-000649.wav,spoof,RT-EDGETTS-CANTONESE,clean,redteam_factory/Edge-TTS,微软服务条款，仅研究评测用途,edgetts,cantonese,SC-000649,zh-HK-HiuMaanNeural,
data/redteam/factory/edgetts/cantonese/edgetts_cantonese_zh-HK-HiuMaanNeural_SC-000695.wav,spoof,RT-EDGETTS-CANTONESE,clean,redteam_factory/Edge-TTS,微软服务条款，仅研究评测用途,edgetts,cantonese,SC-000695,zh-HK-HiuMaanNeural,
data/redteam/factory/edgetts/cantonese/edgetts_cantonese_zh-HK-HiuMaanNeural_SC-000760.wav,spoof,RT-EDGETTS-CANTONESE,clean,redteam_factory/Edge-TTS,微软服务条款，仅研究评测用途,edgetts,cantonese,SC-000760,zh-HK-HiuMaanNeural,
data/redteam/factory/edgetts/cantonese/edgetts_cantonese_zh-HK-HiuMaanNeural_SC-000810.wav,spoof,RT-EDGETTS-CANTONESE,clean,redteam_factory/Edge-TTS,微软服务条款，仅研究评测用途,edgetts,cantonese,SC-000810,zh-HK-HiuMaanNeural,
data/redteam/factory/edgetts/cantonese/edgetts_cantonese_zh-HK-HiuMaanNeural_SC-000912.wav,spoof,RT-EDGETTS-CANTONESE,clean,redteam_factory/Edge-TTS,微软服务条款，仅研究评测用途,edgetts,cantonese,SC-000912,zh-HK-HiuMaanNeural,
data/redteam/factory/edgetts/cantonese/edgetts_cantonese_zh-HK-HiuMaanNeural_SC-000953.wav,spoof,RT-EDGETTS-CANTONESE,clean,redteam_factory/Edge-TTS,微软服务条款，仅研究评测用途,edgetts,cantonese,SC-000953,zh-HK-HiuMaanNeural,
data/redteam/factory/edgetts/cantonese/edgetts_cantonese_zh-HK-HiuMaanNeural_SC-001042.wav,spoof,RT-EDGETTS-CANTONESE,clean,redteam_factory/Edge-TTS,微软服务条款，仅研究评测用途,edgetts,cantonese,SC-001042,zh-HK-HiuMaanNeural,
data/redteam/factory/edgetts/cantonese/edgetts_cantonese_zh-HK-HiuMaanNeural_SC-001085.wav,spoof,RT-EDGETTS-CANTONESE,clean,redteam_factory/Edge-TTS,微软服务条款，仅研究评测用途,edgetts,cantonese,SC-001085,zh-HK-HiuMaanNeural,
data/redteam/factory/edgetts/cantonese/edgetts_cantonese_zh-HK-HiuMaanNeural_SC-001142.wav,spoof,RT-EDGETTS-CANTONESE,clean,redteam_factory/Edge-TTS,微软服务条款，仅研究评测用途,edgetts,cantonese,SC-001142,zh-HK-HiuMaanNeural,
data/redteam/factory/edgetts/cantonese/edgetts_cantonese_zh-HK-HiuMaanNeural_SC-001199.wav,spoof,RT-EDGETTS-CANTONESE,clean,redteam_factory/Edge-TTS,微软服务条款，仅研究评测用途,edgetts,cantonese,SC-001199,zh-HK-HiuMaanNeural,
data/redteam/factory/edgetts/cantonese/edgetts_cantonese_zh-HK-HiuMaanNeural_SC-001260.wav,spoof,RT-EDGETTS-CANTONESE,clean,redteam_factory/Edge-TTS,微软服务条款，仅研究评测用途,edgetts,cantonese,SC-001260,zh-HK-HiuMaanNeural,
data/redteam/factory/edgetts/cantonese/edgetts_cantonese_zh-HK-HiuMaanNeural_SC-001294.wav,spoof,RT-EDGETTS-CANTONESE,clean,redteam_factory/Edge-TTS,微软服务条款，仅研究评测用途,edgetts,cantonese,SC-001294,zh-HK-HiuMaanNeural,
data/redteam/factory/edgetts/cantonese/edgetts_cantonese_zh-HK-HiuMaanNeural_SC-001388.wav,spoof,RT-EDGETTS-CANTONESE,clean,redteam_factory/Edge-TTS,微软服务条款，仅研究评测用途,edgetts,cantonese,SC-001388,zh-HK-HiuMaanNeural,
data/redteam/factory/edgetts/cantonese/edgetts_cantonese_zh-HK-HiuMaanNeural_SC-001459.wav,spoof,RT-EDGETTS-CANTONESE,clean,redteam_factory/Edge-TTS,微软服务条款，仅研究评测用途,edgetts,cantonese,SC-001459,zh-HK-HiuMaanNeural,
data/redteam/factory/edgetts/cantonese/edgetts_cantonese_zh-HK-HiuMaanNeural_SC-001507.wav,spoof,RT-EDGETTS-CANTONESE,clean,redteam_factory/Edge-TTS,微软服务条款，仅研究评测用途,edgetts,cantonese,SC-001507,zh-HK-HiuMaanNeural,
data/redteam/factory/edgetts/cantonese/edgetts_cantonese_zh-HK-HiuMaanNeural_SC-001562.wav,spoof,RT-EDGETTS-CANTONESE,clean,redteam_factory/Edge-TTS,微软服务条款，仅研究评测用途,edgetts,cantonese,SC-001562,zh-HK-HiuMaanNeural,
data/redteam/factory/edgetts/cantonese/edgetts_cantonese_zh-HK-HiuMaanNeural_SC-001623.wav,spoof,RT-EDGETTS-CANTONESE,clean,redteam_factory/Edge-TTS,微软服务条款，仅研究评测用途,edgetts,cantonese,SC-001623,zh-HK-HiuMaanNeural,
data/redteam/factory/edgetts/cantonese/edgetts_cantonese_zh-HK-WanLungNeural_SC-000495.wav,spoof,RT-EDGETTS-CANTONESE,clean,redteam_factory/Edge-TTS,微软服务条款，仅研究评测用途,edgetts,cantonese,SC-000495,zh-HK-WanLungNeural,
data/redteam/factory/edgetts/cantonese/edgetts_cantonese_zh-HK-WanLungNeural_SC-000561.wav,spoof,RT-EDGETTS-CANTONESE,clean,redteam_factory/Edge-TTS,微软服务条款，仅研究评测用途,edgetts,cantonese,SC-000561,zh-HK-WanLungNeural,
data/redteam/factory/edgetts/cantonese/edgetts_cantonese_zh-HK-WanLungNeural_SC-000649.wav,spoof,RT-EDGETTS-CANTONESE,clean,redteam_factory/Edge-TTS,微软服务条款，仅研究评测用途,edgetts,cantonese,SC-000649,zh-HK-WanLungNeural,
data/redteam/factory/edgetts/cantonese/edgetts_cantonese_zh-HK-WanLungNeural_SC-000695.wav,spoof,RT-EDGETTS-CANTONESE,clean,redteam_factory/Edge-TTS,微软服务条款，仅研究评测用途,edgetts,cantonese,SC-000695,zh-HK-WanLungNeural,
data/redteam/factory/edgetts/cantonese/edgetts_cantonese_zh-HK-WanLungNeural_SC-000760.wav,spoof,RT-EDGETTS-CANTONESE,clean,redteam_factory/Edge-TTS,微软服务条款，仅研究评测用途,edgetts,cantonese,SC-000760,zh-HK-WanLungNeural,
data/redteam/factory/edgetts/cantonese/edgetts_cantonese_zh-HK-WanLungNeural_SC-000810.wav,spoof,RT-EDGETTS-CANTONESE,clean,redteam_factory/Edge-TTS,微软服务条款，仅研究评测用途,edgetts,cantonese,SC-000810,zh-HK-WanLungNeural,
data/redteam/factory/edgetts/cantonese/edgetts_cantonese_zh-HK-WanLungNeural_SC-000912.wav,spoof,RT-EDGETTS-CANTONESE,clean,redteam_factory/Edge-TTS,微软服务条款，仅研究评测用途,edgetts,cantonese,SC-000912,zh-HK-WanLungNeural,
data/redteam/factory/edgetts/cantonese/edgetts_cantonese_zh-HK-WanLungNeural_SC-000953.wav,spoof,RT-EDGETTS-CANTONESE,clean,redteam_factory/Edge-TTS,微软服务条款，仅研究评测用途,edgetts,cantonese,SC-000953,zh-HK-WanLungNeural,
data/redteam/factory/edgetts/cantonese/edgetts_cantonese_zh-HK-WanLungNeural_SC-001042.wav,spoof,RT-EDGETTS-CANTONESE,clean,redteam_factory/Edge-TTS,微软服务条款，仅研究评测用途,edgetts,cantonese,SC-001042,zh-HK-WanLungNeural,
data/redteam/factory/edgetts/cantonese/edgetts_cantonese_zh-HK-WanLungNeural_SC-001085.wav,spoof,RT-EDGETTS-CANTONESE,clean,redteam_factory/Edge-TTS,微软服务条款，仅研究评测用途,edgetts,cantonese,SC-001085,zh-HK-WanLungNeural,
data/redteam/factory/edgetts/cantonese/edgetts_cantonese_zh-HK-WanLungNeural_SC-001142.wav,spoof,RT-EDGETTS-CANTONESE,clean,redteam_factory/Edge-TTS,微软服务条款，仅研究评测用途,edgetts,cantonese,SC-001142,zh-HK-WanLungNeural,
data/redteam/factory/edgetts/cantonese/edgetts_cantonese_zh-HK-WanLungNeural_SC-001199.wav,spoof,RT-EDGETTS-CANTONESE,clean,redteam_factory/Edge-TTS,微软服务条款，仅研究评测用途,edgetts,cantonese,SC-001199,zh-HK-WanLungNeural,
data/redteam/factory/edgetts/cantonese/edgetts_cantonese_zh-HK-WanLungNeural_SC-001260.wav,spoof,RT-EDGETTS-CANTONESE,clean,redteam_factory/Edge-TTS,微软服务条款，仅研究评测用途,edgetts,cantonese,SC-001260,zh-HK-WanLungNeural,
data/redteam/factory/edgetts/cantonese/edgetts_cantonese_zh-HK-WanLungNeural_SC-001294.wav,spoof,RT-EDGETTS-CANTONESE,clean,redteam_factory/Edge-TTS,微软服务条款，仅研究评测用途,edgetts,cantonese,SC-001294,zh-HK-WanLungNeural,
data/redteam/factory/edgetts/cantonese/edgetts_cantonese_zh-HK-WanLungNeural_SC-001388.wav,spoof,RT-EDGETTS-CANTONESE,clean,redteam_factory/Edge-TTS,微软服务条款，仅研究评测用途,edgetts,cantonese,SC-001388,zh-HK-WanLungNeural,
data/redteam/factory/edgetts/cantonese/edgetts_cantonese_zh-HK-WanLungNeural_SC-001459.wav,spoof,RT-EDGETTS-CANTONESE,clean,redteam_factory/Edge-TTS,微软服务条款，仅研究评测用途,edgetts,cantonese,SC-001459,zh-HK-WanLungNeural,
data/redteam/factory/edgetts/cantonese/edgetts_cantonese_zh-HK-WanLungNeural_SC-001507.wav,spoof,RT-EDGETTS-CANTONESE,clean,redteam_factory/Edge-TTS,微软服务条款，仅研究评测用途,edgetts,cantonese,SC-001507,zh-HK-WanLungNeural,
data/redteam/factory/edgetts/cantonese/edgetts_cantonese_zh-HK-WanLungNeural_SC-001562.wav,spoof,RT-EDGETTS-CANTONESE,clean,redteam_factory/Edge-TTS,微软服务条款，仅研究评测用途,edgetts,cantonese,SC-001562,zh-HK-WanLungNeural,
data/redteam/factory/edgetts/cantonese/edgetts_cantonese_zh-HK-WanLungNeural_SC-001623.wav,spoof,RT-EDGETTS-CANTONESE,clean,redteam_factory/Edge-TTS,微软服务条款，仅研究评测用途,edgetts,cantonese,SC-001623,zh-HK-WanLungNeural,
data/redteam/factory/edgetts/dongbei/edgetts_dongbei_zh-CN-liaoning-XiaobeiNeural_SC-000434.wav,spoof,RT-EDGETTS-DONGBEI,clean,redteam_factory/Edge-TTS,微软服务条款，仅研究评测用途,edgetts,dongbei,SC-000434,zh-CN-liaoning-XiaobeiNeural,
data/redteam/factory/edgetts/dongbei/edgetts_dongbei_zh-CN-liaoning-XiaobeiNeural_SC-000505.wav,spoof,RT-EDGETTS-DONGBEI,clean,redteam_factory/Edge-TTS,微软服务条款，仅研究评测用途,edgetts,dongbei,SC-000505,zh-CN-liaoning-XiaobeiNeural,
data/redteam/factory/edgetts/dongbei/edgetts_dongbei_zh-CN-liaoning-XiaobeiNeural_SC-000609.wav,spoof,RT-EDGETTS-DONGBEI,clean,redteam_factory/Edge-TTS,微软服务条款，仅研究评测用途,edgetts,dongbei,SC-000609,zh-CN-liaoning-XiaobeiNeural,
data/redteam/factory/edgetts/dongbei/edgetts_dongbei_zh-CN-liaoning-XiaobeiNeural_SC-000678.wav,spoof,RT-EDGETTS-DONGBEI,clean,redteam_factory/Edge-TTS,微软服务条款，仅研究评测用途,edgetts,dongbei,SC-000678,zh-CN-liaoning-XiaobeiNeural,
data/redteam/factory/edgetts/dongbei/edgetts_dongbei_zh-CN-liaoning-XiaobeiNeural_SC-000747.wav,spoof,RT-EDGETTS-DONGBEI,clean,redteam_factory/Edge-TTS,微软服务条款，仅研究评测用途,edgetts,dongbei,SC-000747,zh-CN-liaoning-XiaobeiNeural,
data/redteam/factory/edgetts/dongbei/edgetts_dongbei_zh-CN-liaoning-XiaobeiNeural_SC-000839.wav,spoof,RT-EDGETTS-DONGBEI,clean,redteam_factory/Edge-TTS,微软服务条款，仅研究评测用途,edgetts,dongbei,SC-000839,zh-CN-liaoning-XiaobeiNeural,
data/redteam/factory/edgetts/dongbei/edgetts_dongbei_zh-CN-liaoning-XiaobeiNeural_SC-000909.wav,spoof,RT-EDGETTS-DONGBEI,clean,redteam_factory/Edge-TTS,微软服务条款，仅研究评测用途,edgetts,dongbei,SC-000909,zh-CN-liaoning-XiaobeiNeural,
data/redteam/factory/edgetts/dongbei/edgetts_dongbei_zh-CN-liaoning-XiaobeiNeural_SC-000990.wav,spoof,RT-EDGETTS-DONGBEI,clean,redteam_factory/Edge-TTS,微软服务条款，仅研究评测用途,edgetts,dongbei,SC-000990,zh-CN-liaoning-XiaobeiNeural,
data/redteam/factory/edgetts/dongbei/edgetts_dongbei_zh-CN-liaoning-XiaobeiNeural_SC-001088.wav,spoof,RT-EDGETTS-DONGBEI,clean,redteam_factory/Edge-TTS,微软服务条款，仅研究评测用途,edgetts,dongbei,SC-001088,zh-CN-liaoning-XiaobeiNeural,
data/redteam/factory/edgetts/dongbei/edgetts_dongbei_zh-CN-liaoning-XiaobeiNeural_SC-001146.wav,spoof,RT-EDGETTS-DONGBEI,clean,redteam_factory/Edge-TTS,微软服务条款，仅研究评测用途,edgetts,dongbei,SC-001146,zh-CN-liaoning-XiaobeiNeural,
data/redteam/factory/edgetts/dongbei/edgetts_dongbei_zh-CN-liaoning-XiaobeiNeural_SC-001231.wav,spoof,RT-EDGETTS-DONGBEI,clean,redteam_factory/Edge-TTS,微软服务条款，仅研究评测用途,edgetts,dongbei,SC-001231,zh-CN-liaoning-XiaobeiNeural,
data/redteam/factory/edgetts/dongbei/edgetts_dongbei_zh-CN-liaoning-XiaobeiNeural_SC-001305.wav,spoof,RT-EDGETTS-DONGBEI,clean,redteam_factory/Edge-TTS,微软服务条款，仅研究评测用途,edgetts,dongbei,SC-001305,zh-CN-liaoning-XiaobeiNeural,
data/redteam/factory/edgetts/dongbei/edgetts_dongbei_zh-CN-liaoning-XiaobeiNeural_SC-001370.wav,spoof,RT-EDGETTS-DONGBEI,clean,redteam_factory/Edge-TTS,微软服务条款，仅研究评测用途,edgetts,dongbei,SC-001370,zh-CN-liaoning-XiaobeiNeural,
data/redteam/factory/edgetts/dongbei/edgetts_dongbei_zh-CN-liaoning-XiaobeiNeural_SC-001437.wav,spoof,RT-EDGETTS-DONGBEI,clean,redteam_factory/Edge-TTS,微软服务条款，仅研究评测用途,edgetts,dongbei,SC-001437,zh-CN-liaoning-XiaobeiNeural,
data/redteam/factory/edgetts/dongbei/edgetts_dongbei_zh-CN-liaoning-XiaobeiNeural_SC-001506.wav,spoof,RT-EDGETTS-DONGBEI,clean,redteam_factory/Edge-TTS,微软服务条款，仅研究评测用途,edgetts,dongbei,SC-001506,zh-CN-liaoning-XiaobeiNeural,
data/redteam/factory/edgetts/dongbei/edgetts_dongbei_zh-CN-liaoning-XiaobeiNeural_SC-001570.wav,spoof,RT-EDGETTS-DONGBEI,clean,redteam_factory/Edge-TTS,微软服务条款，仅研究评测用途,edgetts,dongbei,SC-001570,zh-CN-liaoning-XiaobeiNeural,
data/redteam/factory/edgetts/dongbei/edgetts_dongbei_zh-CN-liaoning-XiaobeiNeural_SC-001641.wav,spoof,RT-EDGETTS-DONGBEI,clean,redteam_factory/Edge-TTS,微软服务条款，仅研究评测用途,edgetts,dongbei,SC-001641,zh-CN-liaoning-XiaobeiNeural,
data/redteam/factory/edgetts/dongbei/edgetts_dongbei_zh-CN-liaoning-XiaobeiNeural_SC-001674.wav,spoof,RT-EDGETTS-DONGBEI,clean,redteam_factory/Edge-TTS,微软服务条款，仅研究评测用途,edgetts,dongbei,SC-001674,zh-CN-liaoning-XiaobeiNeural,
data/redteam/factory/edgetts/dongbei/edgetts_dongbei_zh-CN-liaoning-XiaobeiNeural_SC-001710.wav,spoof,RT-EDGETTS-DONGBEI,clean,redteam_factory/Edge-TTS,微软服务条款，仅研究评测用途,edgetts,dongbei,SC-001710,zh-CN-liaoning-XiaobeiNeural,
data/redteam/factory/edgetts/henan/edgetts_henan_zh-CN-shaanxi-XiaoniNeural_SC-000454.wav,spoof,RT-EDGETTS-HENAN,clean,redteam_factory/Edge-TTS,微软服务条款，仅研究评测用途,edgetts,henan,SC-000454,zh-CN-shaanxi-XiaoniNeural,
data/redteam/factory/edgetts/henan/edgetts_henan_zh-CN-shaanxi-XiaoniNeural_SC-000531.wav,spoof,RT-EDGETTS-HENAN,clean,redteam_factory/Edge-TTS,微软服务条款，仅研究评测用途,edgetts,henan,SC-000531,zh-CN-shaanxi-XiaoniNeural,
data/redteam/factory/edgetts/henan/edgetts_henan_zh-CN-shaanxi-XiaoniNeural_SC-000600.wav,spoof,RT-EDGETTS-HENAN,clean,redteam_factory/Edge-TTS,微软服务条款，仅研究评测用途,edgetts,henan,SC-000600,zh-CN-shaanxi-XiaoniNeural,
data/redteam/factory/edgetts/henan/edgetts_henan_zh-CN-shaanxi-XiaoniNeural_SC-000638.wav,spoof,RT-EDGETTS-HENAN,clean,redteam_factory/Edge-TTS,微软服务条款，仅研究评测用途,edgetts,henan,SC-000638,zh-CN-shaanxi-XiaoniNeural,
data/redteam/factory/edgetts/henan/edgetts_henan_zh-CN-shaanxi-XiaoniNeural_SC-000732.wav,spoof,RT-EDGETTS-HENAN,clean,redteam_factory/Edge-TTS,微软服务条款，仅研究评测用途,edgetts,henan,SC-000732,zh-CN-shaanxi-XiaoniNeural,
data/redteam/factory/edgetts/henan/edgetts_henan_zh-CN-shaanxi-XiaoniNeural_SC-000805.wav,spoof,RT-EDGETTS-HENAN,clean,redteam_factory/Edge-TTS,微软服务条款，仅研究评测用途,edgetts,henan,SC-000805,zh-CN-shaanxi-XiaoniNeural,
data/redteam/factory/edgetts/henan/edgetts_henan_zh-CN-shaanxi-XiaoniNeural_SC-000859.wav,spoof,RT-EDGETTS-HENAN,clean,redteam_factory/Edge-TTS,微软服务条款，仅研究评测用途,edgetts,henan,SC-000859,zh-CN-shaanxi-XiaoniNeural,
data/redteam/factory/edgetts/henan/edgetts_henan_zh-CN-shaanxi-XiaoniNeural_SC-000917.wav,spoof,RT-EDGETTS-HENAN,clean,redteam_factory/Edge-TTS,微软服务条款，仅研究评测用途,edgetts,henan,SC-000917,zh-CN-shaanxi-XiaoniNeural,
data/redteam/factory/edgetts/henan/edgetts_henan_zh-CN-shaanxi-XiaoniNeural_SC-000978.wav,spoof,RT-EDGETTS-HENAN,clean,redteam_factory/Edge-TTS,微软服务条款，仅研究评测用途,edgetts,henan,SC-000978,zh-CN-shaanxi-XiaoniNeural,
data/redteam/factory/edgetts/henan/edgetts_henan_zh-CN-shaanxi-XiaoniNeural_SC-001071.wav,spoof,RT-EDGETTS-HENAN,clean,redteam_factory/Edge-TTS,微软服务条款，仅研究评测用途,edgetts,henan,SC-001071,zh-CN-shaanxi-XiaoniNeural,
data/redteam/factory/edgetts/henan/edgetts_henan_zh-CN-shaanxi-XiaoniNeural_SC-001120.wav,spoof,RT-EDGETTS-HENAN,clean,redteam_factory/Edge-TTS,微软服务条款，仅研究评测用途,edgetts,henan,SC-001120,zh-CN-shaanxi-XiaoniNeural,
data/redteam/factory/edgetts/henan/edgetts_henan_zh-CN-shaanxi-XiaoniNeural_SC-001202.wav,spoof,RT-EDGETTS-HENAN,clean,redteam_factory/Edge-TTS,微软服务条款，仅研究评测用途,edgetts,henan,SC-001202,zh-CN-shaanxi-XiaoniNeural,
data/redteam/factory/edgetts/henan/edgetts_henan_zh-CN-shaanxi-XiaoniNeural_SC-001278.wav,spoof,RT-EDGETTS-HENAN,clean,redteam_factory/Edge-TTS,微软服务条款，仅研究评测用途,edgetts,henan,SC-001278,zh-CN-shaanxi-XiaoniNeural,
data/redteam/factory/edgetts/henan/edgetts_henan_zh-CN-shaanxi-XiaoniNeural_SC-001326.wav,spoof,RT-EDGETTS-HENAN,clean,redteam_factory/Edge-TTS,微软服务条款，仅研究评测用途,edgetts,henan,SC-001326,zh-CN-shaanxi-XiaoniNeural,
data/redteam/factory/edgetts/henan/edgetts_henan_zh-CN-shaanxi-XiaoniNeural_SC-001380.wav,spoof,RT-EDGETTS-HENAN,clean,redteam_factory/Edge-TTS,微软服务条款，仅研究评测用途,edgetts,henan,SC-001380,zh-CN-shaanxi-XiaoniNeural,
data/redteam/factory/edgetts/henan/edgetts_henan_zh-CN-shaanxi-XiaoniNeural_SC-001458.wav,spoof,RT-EDGETTS-HENAN,clean,redteam_factory/Edge-TTS,微软服务条款，仅研究评测用途,edgetts,henan,SC-001458,zh-CN-shaanxi-XiaoniNeural,
data/redteam/factory/edgetts/henan/edgetts_henan_zh-CN-shaanxi-XiaoniNeural_SC-001515.wav,spoof,RT-EDGETTS-HENAN,clean,redteam_factory/Edge-TTS,微软服务条款，仅研究评测用途,edgetts,henan,SC-001515,zh-CN-shaanxi-XiaoniNeural,
data/redteam/factory/edgetts/henan/edgetts_henan_zh-CN-shaanxi-XiaoniNeural_SC-001567.wav,spoof,RT-EDGETTS-HENAN,clean,redteam_factory/Edge-TTS,微软服务条款，仅研究评测用途,edgetts,henan,SC-001567,zh-CN-shaanxi-XiaoniNeural,
data/redteam/factory/edgetts/henan/edgetts_henan_zh-CN-shaanxi-XiaoniNeural_SC-001653.wav,spoof,RT-EDGETTS-HENAN,clean,redteam_factory/Edge-TTS,微软服务条款，仅研究评测用途,edgetts,henan,SC-001653,zh-CN-shaanxi-XiaoniNeural,
