path,engine,dialect,script_id,speaker_ref,difficulty_spoof_prob,verdict
data/redteam/factory/edgetts/mandarin/edgetts_mandarin_zh-CN-YunxiNeural_SC-000105.wav,edgetts,mandarin,SC-000105,zh-CN-YunxiNeural,0.2118,隐蔽(难检)
data/redteam/factory/edgetts/sichuan/edgetts_sichuan_zh-CN-YunxiNeural_SC-000354.wav,edgetts,sichuan,SC-000354,zh-CN-YunxiNeural,0.2951,隐蔽(难检)
data/redteam/factory/edgetts/mandarin/edgetts_mandarin_zh-CN-YunxiNeural_SC-000453.wav,edgetts,mandarin,SC-000453,zh-CN-YunxiNeural,0.3282,边界
data/redteam/factory/edgetts/mandarin/edgetts_mandarin_zh-CN-YunyangNeural_SC-000158.wav,edgetts,mandarin,SC-000158,zh-CN-YunyangNeural,0.3402,边界
data/redteam/factory/edgetts/sichuan/edgetts_sichuan_zh-CN-YunxiNeural_SC-001491.wav,edgetts,sichuan,SC-001491,zh-CN-YunxiNeural,0.3486,边界
data/redteam/factory/edgetts/mandarin/edgetts_mandarin_zh-CN-YunyangNeural_SC-000110.wav,edgetts,mandarin,SC-000110,zh-CN-YunyangNeural,0.3636,边界
data/redteam/factory/edgetts/mandarin/edgetts_mandarin_zh-CN-YunxiNeural_SC-000202.wav,edgetts,mandarin,SC-000202,zh-CN-YunxiNeural,0.3638,边界
data/redteam/factory/edgetts/mandarin/edgetts_mandarin_zh-CN-YunxiNeural_SC-000398.wav,edgetts,mandarin,SC-000398,zh-CN-YunxiNeural,0.3735,边界
data/redteam/factory/edgetts/mandarin/edgetts_mandarin_zh-CN-YunjianNeural_SC-000053.wav,edgetts,mandarin,SC-000053,zh-CN-YunjianNeural,0.3796,边界
data/redteam/factory/edgetts/sichuan/edgetts_sichuan_zh-CN-YunxiNeural_SC-000144.wav,edgetts,sichuan,SC-000144,zh-CN-YunxiNeural,0.3873,边界
data/redteam/factory/edgetts/sichuan/edgetts_sichuan_zh-CN-YunxiNeural_SC-000211.wav,edgetts,sichuan,SC-000211,zh-CN-YunxiNeural,0.3887,边界
data/redteam/factory/edgetts/sichuan/edgetts_sichuan_zh-CN-YunxiNeural_SC-000125.wav,edgetts,sichuan,SC-000125,zh-CN-YunxiNeural,0.4053,边界
data/redteam/factory/edgetts/sichuan/edgetts_sichuan_zh-CN-YunxiNeural_SC-001314.wav,edgetts,sichuan,SC-001314,zh-CN-YunxiNeural,0.406,边界
data/redteam/factory/edgetts/mandarin/edgetts_mandarin_zh-CN-YunyangNeural_SC-000085.wav,edgetts,mandarin,SC-000085,zh-CN-YunyangNeural,0.4065,边界
data/redteam/factory/edgetts/dongbei/edgetts_dongbei_zh-CN-liaoning-XiaobeiNeural_SC-001517.wav,edgetts,dongbei,SC-001517,zh-CN-liaoning-XiaobeiNeural,0.4101,边界
data/redteam/factory/edgetts/sichuan/edgetts_sichuan_zh-CN-YunxiNeural_SC-001233.wav,edgetts,sichuan,SC-001233,zh-CN-YunxiNeural,0.414,边界
data/redteam/factory/edgetts/mandarin/edgetts_mandarin_zh-CN-YunxiNeural_SC-000473.wav,edgetts,mandarin,SC-000473,zh-CN-YunxiNeural,0.4174,边界
data/redteam/factory/edgetts/mandarin/edgetts_mandarin_zh-CN-YunyangNeural_SC-000060.wav,edgetts,mandarin,SC-000060,zh-CN-YunyangNeural,0.4283,边界
data/redteam/factory/edgetts/sichuan/edgetts_sichuan_zh-CN-YunxiNeural_SC-000244.wav,edgetts,sichuan,SC-000244,zh-CN-YunxiNeural,0.4292,边界
data/redteam/factory/edgetts/mandarin/edgetts_mandarin_zh-CN-YunxiNeural_SC-000169.wav,edgetts,mandarin,SC-000169,zh-CN-YunxiNeural,0.4302,边界
data/redteam/factory/edgetts/minnan/edgetts_minnan_zh-TW-YunJheNeural_SC-000406.wav,edgetts,minnan,SC-000406,zh-TW-YunJheNeural,0.4335,边界
data/redteam/factory/edgetts/dongbei/edgetts_dongbei_zh-CN-liaoning-XiaobeiNeural_SC-000416.wav,edgetts,dongbei,SC-000416,zh-CN-liaoning-XiaobeiNeural,0.4338,边界
data/redteam/factory/edgetts/mandarin/edgetts_mandarin_zh-CN-YunyangNeural_SC-000077.wav,edgetts,mandarin,SC-000077,zh-CN-YunyangNeural,0.4349,边界
data/redteam/factory/edgetts/mandarin/edgetts_mandarin_zh-CN-YunyangNeural_SC-000300.wav,edgetts,mandarin,SC-000300,zh-CN-YunyangNeural,0.4361,边界
data/redteam/factory/edgetts/mandarin/edgetts_mandarin_zh-CN-YunyangNeural_SC-000450.wav,edgetts,mandarin,SC-000450,zh-CN-YunyangNeural,0.439,边界
data/redteam/factory/edgetts/mandarin/edgetts_mandarin_zh-CN-YunjianNeural_SC-000133.wav,edgetts,mandarin,SC-000133,zh-CN-YunjianNeural,0.4451,边界
data/redteam/factory/edgetts/mandarin/edgetts_mandarin_zh-CN-YunxiNeural_SC-000123.wav,edgetts,mandarin,SC-000123,zh-CN-YunxiNeural,0.4457,边界
data/redteam/factory/edgetts/mandarin/edgetts_mandarin_zh-CN-YunyangNeural_SC-000047.wav,edgetts,mandarin,SC-000047,zh-CN-YunyangNeural,0.4492,边界
data/redteam/factory/edgetts/mandarin/edgetts_mandarin_zh-CN-YunjianNeural_SC-000300.wav,edgetts,mandarin,SC-000300,zh-CN-YunjianNeural,0.4527,边界
data/redteam/factory/edgetts/mandarin/edgetts_mandarin_zh-CN-YunyangNeural_SC-000201.wav,edgetts,mandarin,SC-000201,zh-CN-YunyangNeural,0.455,边界
data/redteam/factory/edgetts/sichuan/edgetts_sichuan_zh-CN-YunxiNeural_SC-000446.wav,edgetts,sichuan,SC-000446,zh-CN-YunxiNeural,0.4561,边界
data/redteam/factory/edgetts/sichuan/edgetts_sichuan_zh-CN-YunxiNeural_SC-001384.wav,edgetts,sichuan,SC-001384,zh-CN-YunxiNeural,0.4568,边界
data/redteam/factory/edgetts/sichuan/edgetts_sichuan_zh-CN-YunxiNeural_SC-001524.wav,edgetts,sichuan,SC-001524,zh-CN-YunxiNeural,0.4571,边界
data/redteam/factory/edgetts/mandarin/edgetts_mandarin_zh-CN-YunxiNeural_SC-000002.wav,edgetts,mandarin,SC-000002,zh-CN-YunxiNeural,0.4572,边界
data/redteam/factory/edgetts/sichuan/edgetts_sichuan_zh-CN-YunxiNeural_SC-000002.wav,edgetts,sichuan,SC-000002,zh-CN-YunxiNeural,0.4572,边界
data/redteam/factory/edgetts/minnan/edgetts_minnan_zh-TW-YunJheNeural_SC-001220.wav,edgetts,minnan,SC-001220,zh-TW-YunJheNeural,0.4593,边界
data/redteam/factory/edgetts/sichuan/edgetts_sichuan_zh-CN-YunxiNeural_SC-000491.wav,edgetts,sichuan,SC-000491,zh-CN-YunxiNeural,0.4601,边界
data/redteam/factory/edgetts/minnan/edgetts_minnan_zh-TW-YunJheNeural_SC-001193.wav,edgetts,minnan,SC-001193,zh-TW-YunJheNeural,0.4644,边界
data/redteam/factory/edgetts/mandarin/edgetts_mandarin_zh-CN-YunxiNeural_SC-000311.wav,edgetts,mandarin,SC-000311,zh-CN-YunxiNeural,0.4647,边界
data/redteam/factory/edgetts/mandarin/edgetts_mandarin_zh-CN-YunxiNeural_SC-000097.wav,edgetts,mandarin,SC-000097,zh-CN-YunxiNeural,0.4686,边界
data/redteam/factory/edgetts/minnan/edgetts_minnan_zh-TW-YunJheNeural_SC-001187.wav,edgetts,minnan,SC-001187,zh-TW-YunJheNeural,0.4726,边界
data/redteam/factory/edgetts/mandarin/edgetts_mandarin_zh-CN-YunxiNeural_SC-000242.wav,edgetts,mandarin,SC-000242,zh-CN-YunxiNeural,0.4728,边界
data/redteam/factory/edgetts/mandarin/edgetts_mandarin_zh-CN-YunxiNeural_SC-000085.wav,edgetts,mandarin,SC-000085,zh-CN-YunxiNeural,0.4732,边界
data/redteam/factory/edgetts/mandarin/edgetts_mandarin_zh-CN-YunyangNeural_SC-000433.wav,edgetts,mandarin,SC-000433,zh-CN-YunyangNeural,0.4743,边界
data/redteam/factory/edgetts/sichuan/edgetts_sichuan_zh-CN-YunxiNeural_SC-000062.wav,edgetts,sichuan,SC-000062,zh-CN-YunxiNeural,0.475,边界
data/redteam/factory/edgetts/mandarin/edgetts_mandarin_zh-CN-YunxiNeural_SC-000176.wav,edgetts,mandarin,SC-000176,zh-CN-YunxiNeural,0.4755,边界
data/redteam/factory/edgetts/mandarin/edgetts_mandarin_zh-CN-YunxiNeural_SC-000098.wav,edgetts,mandarin,SC-000098,zh-CN-YunxiNeural,0.4811,边界
data/redteam/factory/edgetts/mandarin/edgetts_mandarin_zh-CN-YunxiNeural_SC-000318.wav,edgetts,mandarin,SC-000318,zh-CN-YunxiNeural,0.4816,边界
data/redteam/factory/edgetts/mandarin/edgetts_mandarin_zh-CN-YunyangNeural_SC-000151.wav,edgetts,mandarin,SC-000151,zh-CN-YunyangNeural,0.4826,边界
data/redteam/factory/edgetts/mandarin/edgetts_mandarin_zh-CN-YunxiNeural_SC-000280.wav,edgetts,mandarin,SC-000280,zh-CN-YunxiNeural,0.4875,边界
data/redteam/factory/edgetts/mandarin/edgetts_mandarin_zh-CN-YunxiNeural_SC-000510.wav,edgetts,mandarin,SC-000510,zh-CN-YunxiNeural,0.4883,边界
data/redteam/factory/edgetts/mandarin/edgetts_mandarin_zh-CN-YunxiNeural_SC-000514.wav,edgetts,mandarin,SC-000514,zh-CN-YunxiNeural,0.4926,边界
data/redteam/factory/edgetts/sichuan/edgetts_sichuan_zh-CN-YunxiNeural_SC-001540.wav,edgetts,sichuan,SC-001540,zh-CN-YunxiNeural,0.4938,边界
data/redteam/factory/edgetts/mandarin/edgetts_mandarin_zh-CN-YunjianNeural_SC-000120.wav,edgetts,mandarin,SC-000120,zh-CN-YunjianNeural,0.4976,边界
data/redteam/factory/edgetts/minnan/edgetts_minnan_zh-TW-YunJheNeural_SC-000426.wav,edgetts,minnan,SC-000426,zh-TW-YunJheNeural,0.501,可检
data/redteam/factory/edgetts/minnan/edgetts_minnan_zh-TW-YunJheNeural_SC-000237.wav,edgetts,minnan,SC-000237,zh-TW-YunJheNeural,0.5015,可检
data/redteam/factory/edgetts/dongbei/edgetts_dongbei_zh-CN-liaoning-XiaobeiNeural_SC-000126.wav,edgetts,dongbei,SC-000126,zh-CN-liaoning-XiaobeiNeural,0.5018,可检
data/redteam/factory/edgetts/mandarin/edgetts_mandarin_zh-CN-YunyangNeural_SC-000194.wav,edgetts,mandarin,SC-000194,zh-CN-YunyangNeural,0.5024,可检
data/redteam/factory/edgetts/mandarin/edgetts_mandarin_zh-CN-YunjianNeural_SC-000408.wav,edgetts,mandarin,SC-000408,zh-CN-YunjianNeural,0.503,可检
data/redteam/factory/edgetts/mandarin/edgetts_mandarin_zh-CN-YunjianNeural_SC-000309.wav,edgetts,mandarin,SC-000309,zh-CN-YunjianNeural,0.5044,可检
data/redteam/factory/edgetts/minnan/edgetts_minnan_zh-TW-YunJheNeural_SC-000574.wav,edgetts,minnan,SC-000574,zh-TW-YunJheNeural,0.5044,可检
data/redteam/factory/edgetts/minnan/edgetts_minnan_zh-TW-YunJheNeural_SC-000966.wav,edgetts,minnan,SC-000966,zh-TW-YunJheNeural,0.5075,可检
data/redteam/factory/edgetts/mandarin/edgetts_mandarin_zh-CN-YunyangNeural_SC-000164.wav,edgetts,mandarin,SC-000164,zh-CN-YunyangNeural,0.5078,可检
data/redteam/factory/edgetts/minnan/edgetts_minnan_zh-TW-YunJheNeural_SC-001049.wav,edgetts,minnan,SC-001049,zh-TW-YunJheNeural,0.5079,可检
data/redteam/factory/edgetts/mandarin/edgetts_mandarin_zh-CN-YunxiNeural_SC-000461.wav,edgetts,mandarin,SC-000461,zh-CN-YunxiNeural,0.5086,可检
data/redteam/factory/edgetts/mandarin/edgetts_mandarin_zh-CN-YunjianNeural_SC-000471.wav,edgetts,mandarin,SC-000471,zh-CN-YunjianNeural,0.5125,可检
data/redteam/factory/edgetts/mandarin/edgetts_mandarin_zh-CN-YunyangNeural_SC-000493.wav,edgetts,mandarin,SC-000493,zh-CN-YunyangNeural,0.5208,可检
data/redteam/factory/edgetts/mandarin/edgetts_mandarin_zh-CN-YunxiNeural_SC-000163.wav,edgetts,mandarin,SC-000163,zh-CN-YunxiNeural,0.5212,可检
data/redteam/factory/edgetts/dongbei/edgetts_dongbei_zh-CN-liaoning-XiaobeiNeural_SC-000078.wav,edgetts,dongbei,SC-000078,zh-CN-liaoning-XiaobeiNeural,0.5226,可检
data/redteam/factory/edgetts/minnan/edgetts_minnan_zh-TW-YunJheNeural_SC-000207.wav,edgetts,minnan,SC-000207,zh-TW-YunJheNeural,0.5234,可检
data/redteam/factory/edgetts/dongbei/edgetts_dongbei_zh-CN-liaoning-XiaobeiNeural_SC-000890.wav,edgetts,dongbei,SC-000890,zh-CN-liaoning-XiaobeiNeural,0.5234,可检
data/redteam/factory/edgetts/mandarin/edgetts_mandarin_zh-CN-YunjianNeural_SC-000396.wav,edgetts,mandarin,SC-000396,zh-CN-YunjianNeural,0.5241,可检
data/redteam/factory/edgetts/mandarin/edgetts_mandarin_zh-CN-YunyangNeural_SC-000456.wav,edgetts,mandarin,SC-000456,zh-CN-YunyangNeural,0.5243,可检
data/redteam/factory/edgetts/mandarin/edgetts_mandarin_zh-CN-YunyangNeural_SC-000133.wav,edgetts,mandarin,SC-000133,zh-CN-YunyangNeural,0.5252,可检
data/redteam/factory/edgetts/mandarin/edgetts_mandarin_zh-CN-YunxiNeural_SC-000010.wav,edgetts,mandarin,SC-000010,zh-CN-YunxiNeural,0.5255,可检
data/redteam/factory/edgetts/sichuan/edgetts_sichuan_zh-CN-YunxiNeural_SC-000010.wav,edgetts,sichuan,SC-000010,zh-CN-YunxiNeural,0.5255,可检
data/redteam/factory/edgetts/minnan/edgetts_minnan_zh-TW-YunJheNeural_SC-000866.wav,edgetts,minnan,SC-000866,zh-TW-YunJheNeural,0.5307,可检
data/redteam/factory/edgetts/mandarin/edgetts_mandarin_zh-CN-YunxiNeural_SC-000138.wav,edgetts,mandarin,SC-000138,zh-CN-YunxiNeural,0.5315,可检
data/redteam/factory/edgetts/mandarin/edgetts_mandarin_zh-CN-YunxiNeural_SC-000471.wav,edgetts,mandarin,SC-000471,zh-CN-YunxiNeural,0.5321,可检
data/redteam/factory/edgetts/mandarin/edgetts_mandarin_zh-CN-YunxiNeural_SC-000027.wav,edgetts,mandarin,SC-000027,zh-CN-YunxiNeural,0.5353,可检
data/redteam/factory/edgetts/sichuan/edgetts_sichuan_zh-CN-YunxiNeural_SC-000027.wav,edgetts,sichuan,SC-000027,zh-CN-YunxiNeural,0.5353,可检
data/redteam/factory/edgetts/minnan/edgetts_minnan_zh-TW-YunJheNeural_SC-000594.wav,edgetts,minnan,SC-000594,zh-TW-YunJheNeural,0.5362,可检
data/redteam/factory/edgetts/mandarin/edgetts_mandarin_zh-CN-YunxiNeural_SC-000021.wav,edgetts,mandarin,SC-000021,zh-CN-YunxiNeural,0.5388,可检
data/redteam/factory/edgetts/sichuan/edgetts_sichuan_zh-CN-YunxiNeural_SC-000021.wav,edgetts,sichuan,SC-000021,zh-CN-YunxiNeural,0.5388,可检
data/redteam/factory/edgetts/sichuan/edgetts_sichuan_zh-CN-YunxiNeural_SC-001457.wav,edgetts,sichuan,SC-001457,zh-CN-YunxiNeural,0.5388,可检
data/redteam/factory/edgetts/sichuan/edgetts_sichuan_zh-CN-YunxiNeural_SC-000254.wav,edgetts,sichuan,SC-000254,zh-CN-YunxiNeural,0.5395,可检
data/redteam/factory/edgetts/minnan/edgetts_minnan_zh-TW-YunJheNeural_SC-000790.wav,edgetts,minnan,SC-000790,zh-TW-YunJheNeural,0.5419,可检
data/redteam/factory/edgetts/sichuan/edgetts_sichuan_zh-CN-YunxiNeural_SC-000979.wav,edgetts,sichuan,SC-000979,zh-CN-YunxiNeural,0.5449,可检
data/redteam/factory/edgetts/mandarin/edgetts_mandarin_zh-CN-YunxiNeural_SC-000408.wav,edgetts,mandarin,SC-000408,zh-CN-YunxiNeural,0.545,可检
data/redteam/factory/edgetts/sichuan/edgetts_sichuan_zh-CN-YunxiNeural_SC-000831.wav,edgetts,sichuan,SC-000831,zh-CN-YunxiNeural,0.5476,可检
data/redteam/factory/edgetts/minnan/edgetts_minnan_zh-TW-YunJheNeural_SC-000059.wav,edgetts,minnan,SC-000059,zh-TW-YunJheNeural,0.548,可检
data/redteam/factory/edgetts/sichuan/edgetts_sichuan_zh-CN-YunxiNeural_SC-001412.wav,edgetts,sichuan,SC-001412,zh-CN-YunxiNeural,0.5486,可检
data/redteam/factory/edgetts/mandarin/edgetts_mandarin_zh-CN-YunjianNeural_SC-000193.wav,edgetts,mandarin,SC-000193,zh-CN-YunjianNeural,0.5499,可检
data/redteam/factory/edgetts/minnan/edgetts_minnan_zh-TW-YunJheNeural_SC-000011.wav,edgetts,minnan,SC-000011,zh-TW-YunJheNeural,0.5504,可检
data/redteam/factory/edgetts/sichuan/edgetts_sichuan_zh-CN-YunxiNeural_SC-001557.wav,edgetts,sichuan,SC-001557,zh-CN-YunxiNeural,0.5505,可检
data/redteam/factory/edgetts/dongbei/edgetts_dongbei_zh-CN-liaoning-XiaobeiNeural_SC-001641.wav,edgetts,dongbei,SC-001641,zh-CN-liaoning-XiaobeiNeural,0.5516,可检
data/redteam/factory/edgetts/mandarin/edgetts_mandarin_zh-CN-YunjianNeural_SC-000100.wav,edgetts,mandarin,SC-000100,zh-CN-YunjianNeural,0.552,可检
data/redteam/factory/edgetts/minnan/edgetts_minnan_zh-TW-YunJheNeural_SC-000870.wav,edgetts,minnan,SC-000870,zh-TW-YunJheNeural,0.552,可检
data/redteam/factory/edgetts/sichuan/edgetts_sichuan_zh-CN-YunxiNeural_SC-000210.wav,edgetts,sichuan,SC-000210,zh-CN-YunxiNeural,0.5523,可检
data/redteam/factory/edgetts/dongbei/edgetts_dongbei_zh-CN-liaoning-XiaobeiNeural_SC-000843.wav,edgetts,dongbei,SC-000843,zh-CN-liaoning-XiaobeiNeural,0.5524,可检
data/redteam/factory/edgetts/mandarin/edgetts_mandarin_zh-CN-YunjianNeural_SC-000356.wav,edgetts,mandarin,SC-000356,zh-CN-YunjianNeural,0.5526,可检
data/redteam/factory/edgetts/mandarin/edgetts_mandarin_zh-CN-YunyangNeural_SC-000452.wav,edgetts,mandarin,SC-000452,zh-CN-YunyangNeural,0.5552,可检
data/redteam/factory/edgetts/mandarin/edgetts_mandarin_zh-CN-YunxiNeural_SC-000135.wav,edgetts,mandarin,SC-000135,zh-CN-YunxiNeural,0.5558,可检
data/redteam/factory/edgetts/mandarin/edgetts_mandarin_zh-CN-YunxiNeural_SC-000435.wav,edgetts,mandarin,SC-000435,zh-CN-YunxiNeural,0.5561,可检
data/redteam/factory/edgetts/mandarin/edgetts_mandarin_zh-CN-YunxiNeural_SC-000158.wav,edgetts,mandarin,SC-000158,zh-CN-YunxiNeural,0.5567,可检
data/redteam/factory/edgetts/dongbei/edgetts_dongbei_zh-CN-liaoning-XiaobeiNeural_SC-000428.wav,edgetts,dongbei,SC-000428,zh-CN-liaoning-XiaobeiNeural,0.5577,可检
data/redteam/factory/edgetts/dongbei/edgetts_dongbei_zh-CN-liaoning-XiaobeiNeural_SC-000503.wav,edgetts,dongbei,SC-000503,zh-CN-liaoning-XiaobeiNeural,0.5579,可检
data/redteam/factory/edgetts/mandarin/edgetts_mandarin_zh-CN-YunxiNeural_SC-000488.wav,edgetts,mandarin,SC-000488,zh-CN-YunxiNeural,0.5581,可检
data/redteam/factory/edgetts/mandarin/edgetts_mandarin_zh-CN-YunyangNeural_SC-000027.wav,edgetts,mandarin,SC-000027,zh-CN-YunyangNeural,0.5599,可检
data/redteam/factory/edgetts/mandarin/edgetts_mandarin_zh-CN-YunjianNeural_SC-000450.wav,edgetts,mandarin,SC-000450,zh-CN-YunjianNeural,0.5606,可检
data/redteam/factory/edgetts/mandarin/edgetts_mandarin_zh-CN-YunjianNeural_SC-000452.wav,edgetts,mandarin,SC-000452,zh-CN-YunjianNeural,0.5614,可检
data/redteam/factory/edgetts/sichuan/edgetts_sichuan_zh-CN-YunxiNeural_SC-000330.wav,edgetts,sichuan,SC-000330,zh-CN-YunxiNeural,0.5614,可检
data/redteam/factory/edgetts/mandarin/edgetts_mandarin_zh-CN-YunyangNeural_SC-000091.wav,edgetts,mandarin,SC-000091,zh-CN-YunyangNeural,0.5617,可检
data/redteam/factory/edgetts/minnan/edgetts_minnan_zh-TW-YunJheNeural_SC-001397.wav,edgetts,minnan,SC-001397,zh-TW-YunJheNeural,0.5643,可检
data/redteam/factory/edgetts/mandarin/edgetts_mandarin_zh-CN-YunyangNeural_SC-000023.wav,edgetts,mandarin,SC-000023,zh-CN-YunyangNeural,0.5649,可检
data/redteam/factory/edgetts/sichuan/edgetts_sichuan_zh-CN-YunxiNeural_SC-001127.wav,edgetts,sichuan,SC-001127,zh-CN-YunxiNeural,0.5654,可检
data/redteam/factory/edgetts/mandarin/edgetts_mandarin_zh-CN-YunjianNeural_SC-000050.wav,edgetts,mandarin,SC-000050,zh-CN-YunjianNeural,0.5671,可检
data/redteam/factory/edgetts/mandarin/edgetts_mandarin_zh-CN-YunjianNeural_SC-000461.wav,edgetts,mandarin,SC-000461,zh-CN-YunjianNeural,0.5681,可检
data/redteam/factory/edgetts/mandarin/edgetts_mandarin_zh-CN-YunxiNeural_SC-000230.wav,edgetts,mandarin,SC-000230,zh-CN-YunxiNeural,0.5687,可检
data/redteam/factory/edgetts/sichuan/edgetts_sichuan_zh-CN-YunxiNeural_SC-000812.wav,edgetts,sichuan,SC-000812,zh-CN-YunxiNeural,0.5689,可检
data/redteam/factory/edgetts/mandarin/edgetts_mandarin_zh-CN-YunyangNeural_SC-000135.wav,edgetts,mandarin,SC-000135,zh-CN-YunyangNeural,0.5694,可检
data/redteam/factory/edgetts/mandarin/edgetts_mandarin_zh-CN-YunyangNeural_SC-000011.wav,edgetts,mandarin,SC-000011,zh-CN-YunyangNeural,0.5695,可检
data/redteam/factory/edgetts/mandarin/edgetts_mandarin_zh-CN-YunyangNeural_SC-000153.wav,edgetts,mandarin,SC-000153,zh-CN-YunyangNeural,0.5695,可检
data/redteam/factory/edgetts/mandarin/edgetts_mandarin_zh-CN-YunyangNeural_SC-000029.wav,edgetts,mandarin,SC-000029,zh-CN-YunyangNeural,0.57,可检
data/redteam/factory/edgetts/minnan/edgetts_minnan_zh-TW-YunJheNeural_SC-000004.wav,edgetts,minnan,SC-000004,zh-TW-YunJheNeural,0.5701,可检
data/redteam/factory/edgetts/sichuan/edgetts_sichuan_zh-CN-YunxiNeural_SC-001444.wav,edgetts,sichuan,SC-001444,zh-CN-YunxiNeural,0.5707,可检
data/redteam/factory/edgetts/mandarin/edgetts_mandarin_zh-CN-YunjianNeural_SC-000135.wav,edgetts,mandarin,SC-000135,zh-CN-YunjianNeural,0.5707,可检
data/redteam/factory/edgetts/sichuan/edgetts_sichuan_zh-CN-YunxiNeural_SC-000249.wav,edgetts,sichuan,SC-000249,zh-CN-YunxiNeural,0.5717,可检
data/redteam/factory/edgetts/mandarin/edgetts_mandarin_zh-CN-YunxiNeural_SC-000072.wav,edgetts,mandarin,SC-000072,zh-CN-YunxiNeural,0.5719,可检
data/redteam/factory/edgetts/mandarin/edgetts_mandarin_zh-CN-YunxiNeural_SC-000502.wav,edgetts,mandarin,SC-000502,zh-CN-YunxiNeural,0.5748,可检
data/redteam/factory/edgetts/mandarin/edgetts_mandarin_zh-CN-YunxiNeural_SC-000083.wav,edgetts,mandarin,SC-000083,zh-CN-YunxiNeural,0.5776,可检
data/redteam/factory/edgetts/mandarin/edgetts_mandarin_zh-CN-YunyangNeural_SC-000097.wav,edgetts,mandarin,SC-000097,zh-CN-YunyangNeural,0.578,可检
data/redteam/factory/edgetts/mandarin/edgetts_mandarin_zh-CN-YunyangNeural_SC-000368.wav,edgetts,mandarin,SC-000368,zh-CN-YunyangNeural,0.5786,可检
data/redteam/factory/edgetts/mandarin/edgetts_mandarin_zh-CN-YunxiNeural_SC-000201.wav,edgetts,mandarin,SC-000201,zh-CN-YunxiNeural,0.5795,可检
data/redteam/factory/edgetts/mandarin/edgetts_mandarin_zh-CN-YunxiNeural_SC-000194.wav,edgetts,mandarin,SC-000194,zh-CN-YunxiNeural,0.5798,可检
data/redteam/factory/edgetts/sichuan/edgetts_sichuan_zh-CN-YunxiNeural_SC-000792.wav,edgetts,sichuan,SC-000792,zh-CN-YunxiNeural,0.5829,可检
data/redteam/factory/edgetts/mandarin/edgetts_mandarin_zh-CN-YunyangNeural_SC-000220.wav,edgetts,mandarin,SC-000220,zh-CN-YunyangNeural,0.5835,可检
data/redteam/factory/edgetts/mandarin/edgetts_mandarin_zh-CN-YunxiNeural_SC-000396.wav,edgetts,mandarin,SC-000396,zh-CN-YunxiNeural,0.5838,可检
data/redteam/factory/edgetts/minnan/edgetts_minnan_zh-TW-YunJheNeural_SC-000526.wav,edgetts,minnan,SC-000526,zh-TW-YunJheNeural,0.5845,可检
data/redteam/factory/edgetts/mandarin/edgetts_mandarin_zh-CN-YunyangNeural_SC-000189.wav,edgetts,mandarin,SC-000189,zh-CN-YunyangNeural,0.5848,可检
data/redteam/factory/edgetts/mandarin/edgetts_mandarin_zh-CN-YunxiNeural_SC-000261.wav,edgetts,mandarin,SC-000261,zh-CN-YunxiNeural,0.5852,可检
data/redteam/factory/edgetts/mandarin/edgetts_mandarin_zh-CN-YunxiNeural_SC-000290.wav,edgetts,mandarin,SC-000290,zh-CN-YunxiNeural,0.5865,可检
data/redteam/factory/edgetts/minnan/edgetts_minnan_zh-TW-YunJheNeural_SC-000015.wav,edgetts,minnan,SC-000015,zh-TW-YunJheNeural,0.5885,可检
data/redteam/factory/edgetts/mandarin/edgetts_mandarin_zh-CN-YunxiNeural_SC-000220.wav,edgetts,mandarin,SC-000220,zh-CN-YunxiNeural,0.5885,可检
data/redteam/factory/edgetts/minnan/edgetts_minnan_zh-TW-YunJheNeural_SC-001227.wav,edgetts,minnan,SC-001227,zh-TW-YunJheNeural,0.5893,可检
data/redteam/factory/edgetts/mandarin/edgetts_mandarin_zh-CN-YunyangNeural_SC-000230.wav,edgetts,mandarin,SC-000230,zh-CN-YunyangNeural,0.5896,可检
data/redteam/factory/edgetts/minnan/edgetts_minnan_zh-TW-YunJheNeural_SC-000130.wav,edgetts,minnan,SC-000130,zh-TW-YunJheNeural,0.5898,可检
data/redteam/factory/edgetts/sichuan/edgetts_sichuan_zh-CN-YunxiNeural_SC-001375.wav,edgetts,sichuan,SC-001375,zh-CN-YunxiNeural,0.5906,可检
data/redteam/factory/edgetts/mandarin/edgetts_mandarin_zh-CN-YunyangNeural_SC-000397.wav,edgetts,mandarin,SC-000397,zh-CN-YunyangNeural,0.5916,可检
data/redteam/factory/edgetts/mandarin/edgetts_mandarin_zh-CN-YunjianNeural_SC-000181.wav,edgetts,mandarin,SC-000181,zh-CN-YunjianNeural,0.5922,可检
data/redteam/factory/edgetts/minnan/edgetts_minnan_zh-TW-YunJheNeural_SC-001583.wav,edgetts,minnan,SC-001583,zh-TW-YunJheNeural,0.5928,可检
data/redteam/factory/edgetts/mandarin/edgetts_mandarin_zh-CN-YunjianNeural_SC-000083.wav,edgetts,mandarin,SC-000083,zh-CN-YunjianNeural,0.5931,可检
data/redteam/factory/edgetts/sichuan/edgetts_sichuan_zh-CN-YunxiNeural_SC-001161.wav,edgetts,sichuan,SC-001161,zh-CN-YunxiNeural,0.5943,可检
data/redteam/factory/edgetts/minnan/edgetts_minnan_zh-TW-YunJheNeural_SC-001346.wav,edgetts,minnan,SC-001346,zh-TW-YunJheNeural,0.5944,可检
data/redteam/factory/edgetts/mandarin/edgetts_mandarin_zh-CN-YunyangNeural_SC-000318.wav,edgetts,mandarin,SC-000318,zh-CN-YunyangNeural,0.5948,可检
data/redteam/factory/edgetts/mandarin/edgetts_mandarin_zh-CN-YunyangNeural_SC-000053.wav,edgetts,mandarin,SC-000053,zh-CN-YunyangNeural,0.5952,可检
data/redteam/factory/edgetts/mandarin/edgetts_mandarin_zh-CN-YunxiNeural_SC-000091.wav,edgetts,mandarin,SC-000091,zh-CN-YunxiNeural,0.5964,可检
data/redteam/factory/edgetts/minnan/edgetts_minnan_zh-TW-YunJheNeural_SC-001258.wav,edgetts,minnan,SC-001258,zh-TW-YunJheNeural,0.5976,可检
data/redteam/factory/edgetts/cantonese/edgetts_cantonese_zh-HK-WanLungNeural_SC-000793.wav,edgetts,cantonese,SC-000793,zh-HK-WanLungNeural,0.5995,可检
data/redteam/factory/edgetts/mandarin/edgetts_mandarin_zh-CN-YunxiNeural_SC-000189.wav,edgetts,mandarin,SC-000189,zh-CN-YunxiNeural,0.5996,可检
data/redteam/factory/edgetts/sichuan/edgetts_sichuan_zh-CN-YunxiNeural_SC-001327.wav,edgetts,sichuan,SC-001327,zh-CN-YunxiNeural,0.5999,可检
data/redteam/factory/edgetts/mandarin/edgetts_mandarin_zh-CN-YunyangNeural_SC-000309.wav,edgetts,mandarin,SC-000309,zh-CN-YunyangNeural,0.6007,可检
data/redteam/factory/edgetts/mandarin/edgetts_mandarin_zh-CN-YunjianNeural_SC-000004.wav,edgetts,mandarin,SC-000004,zh-CN-YunjianNeural,0.6018,可检
data/redteam/factory/edgetts/minnan/edgetts_minnan_zh-TW-YunJheNeural_SC-000951.wav,edgetts,minnan,SC-000951,zh-TW-YunJheNeural,0.603,可检
data/redteam/factory/edgetts/mandarin/edgetts_mandarin_zh-CN-YunxiNeural_SC-000114.wav,edgetts,mandarin,SC-000114,zh-CN-YunxiNeural,0.6033,可检
data/redteam/factory/edgetts/minnan/edgetts_minnan_zh-TW-YunJheNeural_SC-000156.wav,edgetts,minnan,SC-000156,zh-TW-YunJheNeural,0.6042,可检
data/redteam/factory/edgetts/mandarin/edgetts_mandarin_zh-CN-YunxiNeural_SC-000310.wav,edgetts,mandarin,SC-000310,zh-CN-YunxiNeural,0.6044,可检
data/redteam/factory/edgetts/dongbei/edgetts_dongbei_zh-CN-liaoning-XiaobeiNeural_SC-000477.wav,edgetts,dongbei,SC-000477,zh-CN-liaoning-XiaobeiNeural,0.6044,可检
data/redteam/factory/edgetts/minnan/edgetts_minnan_zh-TW-YunJheNeural_SC-000003.wav,edgetts,minnan,SC-000003,zh-TW-YunJheNeural,0.6047,可检
data/redteam/factory/edgetts/mandarin/edgetts_mandarin_zh-CN-YunjianNeural_SC-000198.wav,edgetts,mandarin,SC-000198,zh-CN-YunjianNeural,0.6047,可检
data/redteam/factory/edgetts/minnan/edgetts_minnan_zh-TW-YunJheNeural_SC-001010.wav,edgetts,minnan,SC-001010,zh-TW-YunJheNeural,0.605,可检
data/redteam/factory/edgetts/mandarin/edgetts_mandarin_zh-CN-YunyangNeural_SC-000202.wav,edgetts,mandarin,SC-000202,zh-CN-YunyangNeural,0.6055,可检
data/redteam/factory/edgetts/mandarin/edgetts_mandarin_zh-CN-YunyangNeural_SC-000037.wav,edgetts,mandarin,SC-000037,zh-CN-YunyangNeural,0.6057,可检
data/redteam/factory/edgetts/mandarin/edgetts_mandarin_zh-CN-YunxiNeural_SC-000029.wav,edgetts,mandarin,SC-000029,zh-CN-YunxiNeural,0.6059,可检
data/redteam/factory/edgetts/sichuan/edgetts_sichuan_zh-CN-YunxiNeural_SC-000029.wav,edgetts,sichuan,SC-000029,zh-CN-YunxiNeural,0.6059,可检
data/redteam/factory/edgetts/mandarin/edgetts_mandarin_zh-CN-YunyangNeural_SC-000340.wav,edgetts,mandarin,SC-000340,zh-CN-YunyangNeural,0.6102,可检
data/redteam/factory/edgetts/sichuan/edgetts_sichuan_zh-CN-YunxiNeural_SC-000118.wav,edgetts,sichuan,SC-000118,zh-CN-YunxiNeural,0.611,可检
data/redteam/factory/edgetts/minnan/edgetts_minnan_zh-TW-YunJheNeural_SC-000958.wav,edgetts,minnan,SC-000958,zh-TW-YunJheNeural,0.6111,可检
data/redteam/factory/edgetts/mandarin/edgetts_mandarin_zh-CN-YunxiNeural_SC-000214.wav,edgetts,mandarin,SC-000214,zh-CN-YunxiNeural,0.6112,可检
data/redteam/factory/edgetts/sichuan/edgetts_sichuan_zh-CN-YunxiNeural_SC-001018.wav,edgetts,sichuan,SC-001018,zh-CN-YunxiNeural,0.6115,可检
data/redteam/factory/edgetts/mandarin/edgetts_mandarin_zh-CN-YunyangNeural_SC-000313.wav,edgetts,mandarin,SC-000313,zh-CN-YunyangNeural,0.6123,可检
data/redteam/factory/edgetts/sichuan/edgetts_sichuan_zh-CN-YunxiNeural_SC-000954.wav,edgetts,sichuan,SC-000954,zh-CN-YunxiNeural,0.6135,可检
data/redteam/factory/edgetts/sichuan/edgetts_sichuan_zh-CN-YunxiNeural_SC-001205.wav,edgetts,sichuan,SC-001205,zh-CN-YunxiNeural,0.6136,可检
data/redteam/factory/edgetts/mandarin/edgetts_mandarin_zh-CN-YunyangNeural_SC-000216.wav,edgetts,mandarin,SC-000216,zh-CN-YunyangNeural,0.6137,可检
data/redteam/factory/edgetts/minnan/edgetts_minnan_zh-TW-YunJheNeural_SC-000013.wav,edgetts,minnan,SC-000013,zh-TW-YunJheNeural,0.6142,可检
data/redteam/factory/edgetts/mandarin/edgetts_mandarin_zh-CN-YunyangNeural_SC-000486.wav,edgetts,mandarin,SC-000486,zh-CN-YunyangNeural,0.6147,可检
data/redteam/factory/edgetts/mandarin/edgetts_mandarin_zh-CN-YunjianNeural_SC-000085.wav,edgetts,mandarin,SC-000085,zh-CN-YunjianNeural,0.6148,可检
data/redteam/factory/edgetts/mandarin/edgetts_mandarin_zh-CN-YunyangNeural_SC-000497.wav,edgetts,mandarin,SC-000497,zh-CN-YunyangNeural,0.6155,可检
data/redteam/factory/edgetts/henan/edgetts_henan_zh-CN-shaanxi-XiaoniNeural_SC-000183.wav,edgetts,henan,SC-000183,zh-CN-shaanxi-XiaoniNeural,0.6161,可检
data/redteam/factory/edgetts/mandarin/edgetts_mandarin_zh-CN-YunxiNeural_SC-000133.wav,edgetts,mandarin,SC-000133,zh-CN-YunxiNeural,0.6167,可检
data/redteam/factory/edgetts/dongbei/edgetts_dongbei_zh-CN-liaoning-XiaobeiNeural_SC-001285.wav,edgetts,dongbei,SC-001285,zh-CN-liaoning-XiaobeiNeural,0.6167,可检
data/redteam/factory/edgetts/minnan/edgetts_minnan_zh-TW-YunJheNeural_SC-000498.wav,edgetts,minnan,SC-000498,zh-TW-YunJheNeural,0.6173,可检
data/redteam/factory/edgetts/minnan/edgetts_minnan_zh-TW-YunJheNeural_SC-000721.wav,edgetts,minnan,SC-000721,zh-TW-YunJheNeural,0.6186,可检
data/redteam/factory/edgetts/mandarin/edgetts_mandarin_zh-CN-YunxiNeural_SC-000493.wav,edgetts,mandarin,SC-000493,zh-CN-YunxiNeural,0.6189,可检
data/redteam/factory/edgetts/mandarin/edgetts_mandarin_zh-CN-YunyangNeural_SC-000398.wav,edgetts,mandarin,SC-000398,zh-CN-YunyangNeural,0.6197,可检
data/redteam/factory/edgetts/mandarin/edgetts_mandarin_zh-CN-YunjianNeural_SC-000123.wav,edgetts,mandarin,SC-000123,zh-CN-YunjianNeural,0.6198,可检
data/redteam/factory/edgetts/mandarin/edgetts_mandarin_zh-CN-YunxiNeural_SC-000393.wav,edgetts,mandarin,SC-000393,zh-CN-YunxiNeural,0.6203,可检
data/redteam/factory/edgetts/mandarin/edgetts_mandarin_zh-CN-YunxiNeural_SC-000019.wav,edgetts,mandarin,SC-000019,zh-CN-YunxiNeural,0.6208,可检
data/redteam/factory/edgetts/sichuan/edgetts_sichuan_zh-CN-YunxiNeural_SC-000019.wav,edgetts,sichuan,SC-000019,zh-CN-YunxiNeural,0.6208,可检
data/redteam/factory/edgetts/mandarin/edgetts_mandarin_zh-CN-YunjianNeural_SC-000034.wav,edgetts,mandarin,SC-000034,zh-CN-YunjianNeural,0.6215,可检
data/redteam/factory/edgetts/dongbei/edgetts_dongbei_zh-CN-liaoning-XiaobeiNeural_SC-000161.wav,edgetts,dongbei,SC-000161,zh-CN-liaoning-XiaobeiNeural,0.6229,可检
data/redteam/factory/edgetts/mandarin/edgetts_mandarin_zh-CN-YunxiNeural_SC-000034.wav,edgetts,mandarin,SC-000034,zh-CN-YunxiNeural,0.6241,可检
data/redteam/factory/edgetts/minnan/edgetts_minnan_zh-TW-YunJheNeural_SC-001619.wav,edgetts,minnan,SC-001619,zh-TW-YunJheNeural,0.6255,可检
data/redteam/factory/edgetts/minnan/edgetts_minnan_zh-TW-YunJheNeural_SC-000080.wav,edgetts,minnan,SC-000080,zh-TW-YunJheNeural,0.6257,可检
data/redteam/factory/edgetts/minnan/edgetts_minnan_zh-TW-YunJheNeural_SC-000883.wav,edgetts,minnan,SC-000883,zh-TW-YunJheNeural,0.6259,可检
data/redteam/factory/edgetts/mandarin/edgetts_mandarin_zh-CN-YunjianNeural_SC-000013.wav,edgetts,mandarin,SC-000013,zh-CN-YunjianNeural,0.6262,可检
data/redteam/factory/edgetts/mandarin/edgetts_mandarin_zh-CN-YunyangNeural_SC-000184.wav,edgetts,mandarin,SC-000184,zh-CN-YunyangNeural,0.6263,可检
data/redteam/factory/edgetts/mandarin/edgetts_mandarin_zh-CN-YunxiNeural_SC-000470.wav,edgetts,mandarin,SC-000470,zh-CN-YunxiNeural,0.6266,可检
data/redteam/factory/edgetts/sichuan/edgetts_sichuan_zh-CN-YunxiNeural_SC-001386.wav,edgetts,sichuan,SC-001386,zh-CN-YunxiNeural,0.6272,可检
data/redteam/factory/edgetts/mandarin/edgetts_mandarin_zh-CN-YunxiNeural_SC-000095.wav,edgetts,mandarin,SC-000095,zh-CN-YunxiNeural,0.6281,可检
data/redteam/factory/edgetts/sichuan/edgetts_sichuan_zh-CN-YunxiNeural_SC-000361.wav,edgetts,sichuan,SC-000361,zh-CN-YunxiNeural,0.6291,可检
data/redteam/factory/edgetts/mandarin/edgetts_mandarin_zh-CN-YunyangNeural_SC-000272.wav,edgetts,mandarin,SC-000272,zh-CN-YunyangNeural,0.6295,可检
data/redteam/factory/edgetts/sichuan/edgetts_sichuan_zh-CN-YunxiNeural_SC-000298.wav,edgetts,sichuan,SC-000298,zh-CN-YunxiNeural,0.6299,可检
data/redteam/factory/edgetts/minnan/edgetts_minnan_zh-TW-YunJheNeural_SC-000551.wav,edgetts,minnan,SC-000551,zh-TW-YunJheNeural,0.6305,可检
data/redteam/factory/edgetts/minnan/edgetts_minnan_zh-TW-YunJheNeural_SC-001648.wav,edgetts,minnan,SC-001648,zh-TW-YunJheNeural,0.631,可检
data/redteam/factory/edgetts/dongbei/edgetts_dongbei_zh-CN-liaoning-XiaobeiNeural_SC-000415.wav,edgetts,dongbei,SC-000415,zh-CN-liaoning-XiaobeiNeural,0.6314,可检
data/redteam/factory/edgetts/mandarin/edgetts_mandarin_zh-CN-YunjianNeural_SC-000286.wav,edgetts,mandarin,SC-000286,zh-CN-YunjianNeural,0.6327,可检
data/redteam/factory/edgetts/mandarin/edgetts_mandarin_zh-CN-YunxiNeural_SC-000400.wav,edgetts,mandarin,SC-000400,zh-CN-YunxiNeural,0.6328,可检
data/redteam/factory/edgetts/sichuan/edgetts_sichuan_zh-CN-YunxiNeural_SC-000552.wav,edgetts,sichuan,SC-000552,zh-CN-YunxiNeural,0.6329,可检
data/redteam/factory/edgetts/mandarin/edgetts_mandarin_zh-CN-YunyangNeural_SC-000026.wav,edgetts,mandarin,SC-000026,zh-CN-YunyangNeural,0.6333,可检
data/redteam/factory/edgetts/sichuan/edgetts_sichuan_zh-CN-YunxiNeural_SC-000004.wav,edgetts,sichuan,SC-000004,zh-CN-YunxiNeural,0.6334,可检
data/redteam/factory/edgetts/mandarin/edgetts_mandarin_zh-CN-YunyangNeural_SC-000041.wav,edgetts,mandarin,SC-000041,zh-CN-YunyangNeural,0.6344,可检
data/redteam/factory/edgetts/minnan/edgetts_minnan_zh-TW-YunJheNeural_SC-000016.wav,edgetts,minnan,SC-000016,zh-TW-YunJheNeural,0.6358,可检
data/redteam/factory/edgetts/mandarin/edgetts_mandarin_zh-CN-YunjianNeural_SC-000003.wav,edgetts,mandarin,SC-000003,zh-CN-YunjianNeural,0.6359,可检
data/redteam/factory/edgetts/dongbei/edgetts_dongbei_zh-CN-liaoning-XiaobeiNeural_SC-000027.wav,edgetts,dongbei,SC-000027,zh-CN-liaoning-XiaobeiNeural,0.636,可检
data/redteam/factory/edgetts/sichuan/edgetts_sichuan_zh-CN-YunxiNeural_SC-000607.wav,edgetts,sichuan,SC-000607,zh-CN-YunxiNeural,0.6373,可检
data/redteam/factory/edgetts/mandarin/edgetts_mandarin_zh-CN-YunyangNeural_SC-000074.wav,edgetts,mandarin,SC-000074,zh-CN-YunyangNeural,0.6378,可检
data/redteam/factory/edgetts/dongbei/edgetts_dongbei_zh-CN-liaoning-XiaobeiNeural_SC-000939.wav,edgetts,dongbei,SC-000939,zh-CN-liaoning-XiaobeiNeural,0.6382,可检
data/redteam/factory/edgetts/mandarin/edgetts_mandarin_zh-CN-YunyangNeural_SC-000276.wav,edgetts,mandarin,SC-000276,zh-CN-YunyangNeural,0.6391,可检
data/redteam/factory/edgetts/mandarin/edgetts_mandarin_zh-CN-YunyangNeural_SC-000035.wav,edgetts,mandarin,SC-000035,zh-CN-YunyangNeural,0.6392,可检
data/redteam/factory/edgetts/mandarin/edgetts_mandarin_zh-CN-YunyangNeural_SC-000408.wav,edgetts,mandarin,SC-000408,zh-CN-YunyangNeural,0.6397,可检
data/redteam/factory/edgetts/mandarin/edgetts_mandarin_zh-CN-YunjianNeural_SC-000376.wav,edgetts,mandarin,SC-000376,zh-CN-YunjianNeural,0.64,可检
data/redteam/factory/edgetts/minnan/edgetts_minnan_zh-TW-YunJheNeural_SC-000830.wav,edgetts,minnan,SC-000830,zh-TW-YunJheNeural,0.6403,可检
data/redteam/factory/edgetts/mandarin/edgetts_mandarin_zh-CN-YunjianNeural_SC-000331.wav,edgetts,mandarin,SC-000331,zh-CN-YunjianNeural,0.6406,可检
data/redteam/factory/edgetts/mandarin/edgetts_mandarin_zh-CN-YunjianNeural_SC-000359.wav,edgetts,mandarin,SC-000359,zh-CN-YunjianNeural,0.6409,可检
data/redteam/factory/edgetts/cantonese/edgetts_cantonese_zh-HK-WanLungNeural_SC-000352.wav,edgetts,cantonese,SC-000352,zh-HK-WanLungNeural,0.6414,可检
data/redteam/factory/edgetts/mandarin/edgetts_mandarin_zh-CN-YunjianNeural_SC-000158.wav,edgetts,mandarin,SC-000158,zh-CN-YunjianNeural,0.6421,可检
data/redteam/factory/edgetts/mandarin/edgetts_mandarin_zh-CN-YunyangNeural_SC-000223.wav,edgetts,mandarin,SC-000223,zh-CN-YunyangNeural,0.6445,可检
data/redteam/factory/edgetts/mandarin/edgetts_mandarin_zh-CN-YunyangNeural_SC-000016.wav,edgetts,mandarin,SC-000016,zh-CN-YunyangNeural,0.6452,可检
data/redteam/factory/edgetts/minnan/edgetts_minnan_zh-TW-YunJheNeural_SC-000350.wav,edgetts,minnan,SC-000350,zh-TW-YunJheNeural,0.6458,可检
data/redteam/factory/edgetts/henan/edgetts_henan_zh-CN-shaanxi-XiaoniNeural_SC-001458.wav,edgetts,henan,SC-001458,zh-CN-shaanxi-XiaoniNeural,0.646,可检
data/redteam/factory/edgetts/mandarin/edgetts_mandarin_zh-CN-YunxiNeural_SC-000011.wav,edgetts,mandarin,SC-000011,zh-CN-YunxiNeural,0.6463,可检
data/redteam/factory/edgetts/sichuan/edgetts_sichuan_zh-CN-YunxiNeural_SC-000011.wav,edgetts,sichuan,SC-000011,zh-CN-YunxiNeural,0.6463,可检
data/redteam/factory/edgetts/mandarin/edgetts_mandarin_zh-CN-YunjianNeural_SC-000310.wav,edgetts,mandarin,SC-000310,zh-CN-YunjianNeural,0.6468,可检
data/redteam/factory/edgetts/minnan/edgetts_minnan_zh-TW-YunJheNeural_SC-000020.wav,edgetts,minnan,SC-000020,zh-TW-YunJheNeural,0.6475,可检
data/redteam/factory/edgetts/mandarin/edgetts_mandarin_zh-CN-YunxiNeural_SC-000025.wav,edgetts,mandarin,SC-000025,zh-CN-YunxiNeural,0.648,可检
data/redteam/factory/edgetts/sichuan/edgetts_sichuan_zh-CN-YunxiNeural_SC-000025.wav,edgetts,sichuan,SC-000025,zh-CN-YunxiNeural,0.648,可检
data/redteam/factory/edgetts/minnan/edgetts_minnan_zh-TW-YunJheNeural_SC-000026.wav,edgetts,minnan,SC-000026,zh-TW-YunJheNeural,0.6482,可检
data/redteam/factory/edgetts/sichuan/edgetts_sichuan_zh-CN-YunxiNeural_SC-000342.wav,edgetts,sichuan,SC-000342,zh-CN-YunxiNeural,0.6485,可检
data/redteam/factory/edgetts/minnan/edgetts_minnan_zh-TW-YunJheNeural_SC-001240.wav,edgetts,minnan,SC-001240,zh-TW-YunJheNeural,0.6487,可检
data/redteam/factory/edgetts/mandarin/edgetts_mandarin_zh-CN-YunxiNeural_SC-000234.wav,edgetts,mandarin,SC-000234,zh-CN-YunxiNeural,0.6489,可检
data/redteam/factory/edgetts/minnan/edgetts_minnan_zh-TW-YunJheNeural_SC-000014.wav,edgetts,minnan,SC-000014,zh-TW-YunJheNeural,0.6497,可检
data/redteam/factory/edgetts/mandarin/edgetts_mandarin_zh-CN-YunyangNeural_SC-000095.wav,edgetts,mandarin,SC-000095,zh-CN-YunyangNeural,0.6498,可检
data/redteam/factory/edgetts/sichuan/edgetts_sichuan_zh-CN-YunxiNeural_SC-000771.wav,edgetts,sichuan,SC-000771,zh-CN-YunxiNeural,0.65,可检
data/redteam/factory/edgetts/sichuan/edgetts_sichuan_zh-CN-YunxiNeural_SC-000266.wav,edgetts,sichuan,SC-000266,zh-CN-YunxiNeural,0.6502,可检
data/redteam/factory/edgetts/mandarin/edgetts_mandarin_zh-CN-YunjianNeural_SC-000473.wav,edgetts,mandarin,SC-000473,zh-CN-YunjianNeural,0.6508,可检
data/redteam/factory/edgetts/minnan/edgetts_minnan_zh-TW-YunJheNeural_SC-000023.wav,edgetts,minnan,SC-000023,zh-TW-YunJheNeural,0.6517,可检
data/redteam/factory/edgetts/sichuan/edgetts_sichuan_zh-CN-YunxiNeural_SC-000278.wav,edgetts,sichuan,SC-000278,zh-CN-YunxiNeural,0.6518,可检
data/redteam/factory/edgetts/sichuan/edgetts_sichuan_zh-CN-YunxiNeural_SC-001252.wav,edgetts,sichuan,SC-001252,zh-CN-YunxiNeural,0.6522,可检
data/redteam/factory/edgetts/mandarin/edgetts_mandarin_zh-CN-YunxiNeural_SC-000104.wav,edgetts,mandarin,SC-000104,zh-CN-YunxiNeural,0.6523,可检
data/redteam/factory/edgetts/minnan/edgetts_minnan_zh-TW-YunJheNeural_SC-001136.wav,edgetts,minnan,SC-001136,zh-TW-YunJheNeural,0.6523,可检
data/redteam/factory/edgetts/sichuan/edgetts_sichuan_zh-CN-YunxiNeural_SC-000799.wav,edgetts,sichuan,SC-000799,zh-CN-YunxiNeural,0.6526,可检
data/redteam/factory/edgetts/minnan/edgetts_minnan_zh-TW-YunJheNeural_SC-001691.wav,edgetts,minnan,SC-001691,zh-TW-YunJheNeural,0.6526,可检
data/redteam/factory/edgetts/mandarin/edgetts_mandarin_zh-CN-YunyangNeural_SC-000034.wav,edgetts,mandarin,SC-000034,zh-CN-YunyangNeural,0.6528,可检
data/redteam/factory/edgetts/mandarin/edgetts_mandarin_zh-CN-YunyangNeural_SC-000181.wav,edgetts,mandarin,SC-000181,zh-CN-YunyangNeural,0.6529,可检
data/redteam/factory/edgetts/mandarin/edgetts_mandarin_zh-CN-YunxiNeural_SC-000004.wav,edgetts,mandarin,SC-000004,zh-CN-YunxiNeural,0.6538,可检
data/redteam/factory/edgetts/minnan/edgetts_minnan_zh-TW-YunJheNeural_SC-000940.wav,edgetts,minnan,SC-000940,zh-TW-YunJheNeural,0.6539,可检
data/redteam/factory/edgetts/mandarin/edgetts_mandarin_zh-CN-YunyangNeural_SC-000030.wav,edgetts,mandarin,SC-000030,zh-CN-YunyangNeural,0.654,可检
data/redteam/factory/edgetts/mandarin/edgetts_mandarin_zh-CN-YunyangNeural_SC-000104.wav,edgetts,mandarin,SC-000104,zh-CN-YunyangNeural,0.6543,可检
data/redteam/factory/edgetts/mandarin/edgetts_mandarin_zh-CN-YunxiNeural_SC-000132.wav,edgetts,mandarin,SC-000132,zh-CN-YunxiNeural,0.6551,可检
data/redteam/factory/edgetts/mandarin/edgetts_mandarin_zh-CN-YunyangNeural_SC-000136.wav,edgetts,mandarin,SC-000136,zh-CN-YunyangNeural,0.6561,可检
data/redteam/factory/edgetts/mandarin/edgetts_mandarin_zh-CN-YunjianNeural_SC-000151.wav,edgetts,mandarin,SC-000151,zh-CN-YunjianNeural,0.6562,可检
data/redteam/factory/edgetts/dongbei/edgetts_dongbei_zh-CN-liaoning-XiaobeiNeural_SC-001231.wav,edgetts,dongbei,SC-001231,zh-CN-liaoning-XiaobeiNeural,0.6565,可检
data/redteam/factory/edgetts/minnan/edgetts_minnan_zh-TW-YunJheNeural_SC-001084.wav,edgetts,minnan,SC-001084,zh-TW-YunJheNeural,0.6566,可检
data/redteam/factory/edgetts/mandarin/edgetts_mandarin_zh-CN-YunjianNeural_SC-000214.wav,edgetts,mandarin,SC-000214,zh-CN-YunjianNeural,0.6569,可检
data/redteam/factory/edgetts/mandarin/edgetts_mandarin_zh-CN-YunxiNeural_SC-000065.wav,edgetts,mandarin,SC-000065,zh-CN-YunxiNeural,0.6576,可检
data/redteam/factory/edgetts/mandarin/edgetts_mandarin_zh-CN-YunyangNeural_SC-000262.wav,edgetts,mandarin,SC-000262,zh-CN-YunyangNeural,0.6578,可检
data/redteam/factory/edgetts/sichuan/edgetts_sichuan_zh-CN-YunxiNeural_SC-000127.wav,edgetts,sichuan,SC-000127,zh-CN-YunxiNeural,0.6582,可检
data/redteam/factory/edgetts/minnan/edgetts_minnan_zh-TW-YunJheNeural_SC-000363.wav,edgetts,minnan,SC-000363,zh-TW-YunJheNeural,0.6591,可检
data/redteam/factory/edgetts/minnan/edgetts_minnan_zh-TW-YunJheNeural_SC-000018.wav,edgetts,minnan,SC-000018,zh-TW-YunJheNeural,0.6596,可检
data/redteam/factory/edgetts/mandarin/edgetts_mandarin_zh-CN-YunjianNeural_SC-000166.wav,edgetts,mandarin,SC-000166,zh-CN-YunjianNeural,0.6607,可检
data/redteam/factory/edgetts/mandarin/edgetts_mandarin_zh-CN-YunyangNeural_SC-000337.wav,edgetts,mandarin,SC-000337,zh-CN-YunyangNeural,0.6607,可检
data/redteam/factory/edgetts/mandarin/edgetts_mandarin_zh-CN-YunyangNeural_SC-000431.wav,edgetts,mandarin,SC-000431,zh-CN-YunyangNeural,0.6609,可检
data/redteam/factory/edgetts/mandarin/edgetts_mandarin_zh-CN-YunyangNeural_SC-000096.wav,edgetts,mandarin,SC-000096,zh-CN-YunyangNeural,0.6614,可检
data/redteam/factory/edgetts/mandarin/edgetts_mandarin_zh-CN-YunyangNeural_SC-000204.wav,edgetts,mandarin,SC-000204,zh-CN-YunyangNeural,0.6615,可检
data/redteam/factory/edgetts/mandarin/edgetts_mandarin_zh-CN-YunyangNeural_SC-000169.wav,edgetts,mandarin,SC-000169,zh-CN-YunyangNeural,0.6616,可检
data/redteam/factory/edgetts/minnan/edgetts_minnan_zh-TW-YunJheNeural_SC-001695.wav,edgetts,minnan,SC-001695,zh-TW-YunJheNeural,0.6623,可检
data/redteam/factory/sovits_api/mandarin/sovits_api_mandarin_ref_boot_edgetts_mandarin_zh-CN-YunxiNeural_SC-000007_seg8s_SC-000027.wav,sovits_api,mandarin,SC-000027,ref_boot_edgetts_mandarin_zh-CN-YunxiNeural_SC-000007_seg8s,0.6626,可检
data/redteam/factory/edgetts/mandarin/edgetts_mandarin_zh-CN-YunyangNeural_SC-000050.wav,edgetts,mandarin,SC-000050,zh-CN-YunyangNeural,0.663,可检
data/redteam/factory/edgetts/dongbei/edgetts_dongbei_zh-CN-liaoning-XiaobeiNeural_SC-000270.wav,edgetts,dongbei,SC-000270,zh-CN-liaoning-XiaobeiNeural,0.663,可检
data/redteam/factory/edgetts/mandarin/edgetts_mandarin_zh-CN-YunyangNeural_SC-000175.wav,edgetts,mandarin,SC-000175,zh-CN-YunyangNeural,0.6632,可检
data/redteam/factory/edgetts/sichuan/edgetts_sichuan_zh-CN-YunxiNeural_SC-000636.wav,edgetts,sichuan,SC-000636,zh-CN-YunxiNeural,0.6635,可检
data/redteam/factory/edgetts/sichuan/edgetts_sichuan_zh-CN-YunxiNeural_SC-000268.wav,edgetts,sichuan,SC-000268,zh-CN-YunxiNeural,0.6636,可检
data/redteam/factory/edgetts/mandarin/edgetts_mandarin_zh-CN-YunxiNeural_SC-000301.wav,edgetts,mandarin,SC-000301,zh-CN-YunxiNeural,0.6638,可检
data/redteam/factory/edgetts/mandarin/edgetts_mandarin_zh-CN-YunyangNeural_SC-000359.wav,edgetts,mandarin,SC-000359,zh-CN-YunyangNeural,0.664,可检
data/redteam/factory/edgetts/mandarin/edgetts_mandarin_zh-CN-YunjianNeural_SC-000190.wav,edgetts,mandarin,SC-000190,zh-CN-YunjianNeural,0.6644,可检
data/redteam/factory/edgetts/mandarin/edgetts_mandarin_zh-CN-YunjianNeural_SC-000057.wav,edgetts,mandarin,SC-000057,zh-CN-YunjianNeural,0.6647,可检
data/redteam/factory/edgetts/dongbei/edgetts_dongbei_zh-CN-liaoning-XiaobeiNeural_SC-000747.wav,edgetts,dongbei,SC-000747,zh-CN-liaoning-XiaobeiNeural,0.6649,可检
data/redteam/factory/edgetts/mandarin/edgetts_mandarin_zh-CN-YunxiNeural_SC-000356.wav,edgetts,mandarin,SC-000356,zh-CN-YunxiNeural,0.665,可检
data/redteam/factory/edgetts/mandarin/edgetts_mandarin_zh-CN-YunjianNeural_SC-000480.wav,edgetts,mandarin,SC-000480,zh-CN-YunjianNeural,0.6655,可检
data/redteam/factory/edgetts/sichuan/edgetts_sichuan_zh-CN-YunxiNeural_SC-000348.wav,edgetts,sichuan,SC-000348,zh-CN-YunxiNeural,0.6659,可检
data/redteam/factory/edgetts/sichuan/edgetts_sichuan_zh-CN-YunxiNeural_SC-000252.wav,edgetts,sichuan,SC-000252,zh-CN-YunxiNeural,0.6665,可检
data/redteam/factory/edgetts/minnan/edgetts_minnan_zh-TW-YunJheNeural_SC-001308.wav,edgetts,minnan,SC-001308,zh-TW-YunJheNeural,0.6668,可检
data/redteam/factory/edgetts/mandarin/edgetts_mandarin_zh-CN-YunxiNeural_SC-000485.wav,edgetts,mandarin,SC-000485,zh-CN-YunxiNeural,0.6677,可检
data/redteam/factory/edgetts/mandarin/edgetts_mandarin_zh-CN-YunxiNeural_SC-000337.wav,edgetts,mandarin,SC-000337,zh-CN-YunxiNeural,0.6689,可检
data/redteam/factory/edgetts/mandarin/edgetts_mandarin_zh-CN-YunyangNeural_SC-000001.wav,edgetts,mandarin,SC-000001,zh-CN-YunyangNeural,0.6693,可检
data/redteam/factory/edgetts/mandarin/edgetts_mandarin_zh-CN-YunjianNeural_SC-000163.wav,edgetts,mandarin,SC-000163,zh-CN-YunjianNeural,0.6694,可检
data/redteam/factory/edgetts/mandarin/edgetts_mandarin_zh-CN-YunyangNeural_SC-000114.wav,edgetts,mandarin,SC-000114,zh-CN-YunyangNeural,0.6713,可检
data/redteam/factory/edgetts/minnan/edgetts_minnan_zh-TW-YunJheNeural_SC-001097.wav,edgetts,minnan,SC-001097,zh-TW-YunJheNeural,0.6713,可检
data/redteam/factory/sovits_api/mandarin/sovits_api_mandarin_ref_boot_edgetts_mandarin_zh-CN-YunxiNeural_SC-000007_seg8s_SC-000093.wav,sovits_api,mandarin,SC-000093,ref_boot_edgetts_mandarin_zh-CN-YunxiNeural_SC-000007_seg8s,0.6716,可检
data/redteam/factory/edgetts/dongbei/edgetts_dongbei_zh-CN-liaoning-XiaobeiNeural_SC-000013.wav,edgetts,dongbei,SC-000013,zh-CN-liaoning-XiaobeiNeural,0.6717,可检
data/redteam/factory/edgetts/mandarin/edgetts_mandarin_zh-CN-YunxiNeural_SC-000267.wav,edgetts,mandarin,SC-000267,zh-CN-YunxiNeural,0.6717,可检
data/redteam/factory/edgetts/dongbei/edgetts_dongbei_zh-CN-liaoning-XiaobeiNeural_SC-000028.wav,edgetts,dongbei,SC-000028,zh-CN-liaoning-XiaobeiNeural,0.6718,可检
data/redteam/factory/edgetts/minnan/edgetts_minnan_zh-TW-YunJheNeural_SC-000841.wav,edgetts,minnan,SC-000841,zh-TW-YunJheNeural,0.6722,可检
data/redteam/factory/edgetts/mandarin/edgetts_mandarin_zh-CN-YunxiNeural_SC-000026.wav,edgetts,mandarin,SC-000026,zh-CN-YunxiNeural,0.6726,可检
data/redteam/factory/edgetts/sichuan/edgetts_sichuan_zh-CN-YunxiNeural_SC-000026.wav,edgetts,sichuan,SC-000026,zh-CN-YunxiNeural,0.6726,可检
data/redteam/factory/edgetts/mandarin/edgetts_mandarin_zh-CN-YunjianNeural_SC-000364.wav,edgetts,mandarin,SC-000364,zh-CN-YunjianNeural,0.6726,可检
data/redteam/factory/edgetts/mandarin/edgetts_mandarin_zh-CN-YunyangNeural_SC-000261.wav,edgetts,mandarin,SC-000261,zh-CN-YunyangNeural,0.6727,可检
data/redteam/factory/edgetts/mandarin/edgetts_mandarin_zh-CN-YunyangNeural_SC-000021.wav,edgetts,mandarin,SC-000021,zh-CN-YunyangNeural,0.673,可检
data/redteam/factory/edgetts/mandarin/edgetts_mandarin_zh-CN-YunxiNeural_SC-000030.wav,edgetts,mandarin,SC-000030,zh-CN-YunxiNeural,0.6732,可检
data/redteam/factory/edgetts/minnan/edgetts_minnan_zh-TW-YunJheNeural_SC-000012.wav,edgetts,minnan,SC-000012,zh-TW-YunJheNeural,0.6735,可检
data/redteam/factory/edgetts/mandarin/edgetts_mandarin_zh-CN-YunxiNeural_SC-000216.wav,edgetts,mandarin,SC-000216,zh-CN-YunxiNeural,0.6735,可检
data/redteam/factory/edgetts/mandarin/edgetts_mandarin_zh-CN-YunxiNeural_SC-000110.wav,edgetts,mandarin,SC-000110,zh-CN-YunxiNeural,0.6754,可检
data/redteam/factory/edgetts/mandarin/edgetts_mandarin_zh-CN-YunyangNeural_SC-000213.wav,edgetts,mandarin,SC-000213,zh-CN-YunyangNeural,0.6766,可检
data/redteam/factory/edgetts/sichuan/edgetts_sichuan_zh-CN-YunxiNeural_SC-000099.wav,edgetts,sichuan,SC-000099,zh-CN-YunxiNeural,0.6767,可检
data/redteam/factory/edgetts/mandarin/edgetts_mandarin_zh-CN-YunxiNeural_SC-000028.wav,edgetts,mandarin,SC-000028,zh-CN-YunxiNeural,0.6776,可检
data/redteam/factory/edgetts/sichuan/edgetts_sichuan_zh-CN-YunxiNeural_SC-000028.wav,edgetts,sichuan,SC-000028,zh-CN-YunxiNeural,0.6776,可检
data/redteam/factory/edgetts/minnan/edgetts_minnan_zh-TW-YunJheNeural_SC-001543.wav,edgetts,minnan,SC-001543,zh-TW-YunJheNeural,0.678,可检
data/redteam/factory/sovits_api/sichuan/sovits_api_sichuan_ref_boot_edgetts_sichuan_zh-CN-YunxiNeural_SC-000010_SC-000099.wav,sovits_api,sichuan,SC-000099,ref_boot_edgetts_sichuan_zh-CN-YunxiNeural_SC-000010,0.6783,可检
data/redteam/factory/edgetts/mandarin/edgetts_mandarin_zh-CN-YunyangNeural_SC-000105.wav,edgetts,mandarin,SC-000105,zh-CN-YunyangNeural,0.6786,可检
data/redteam/factory/edgetts/dongbei/edgetts_dongbei_zh-CN-liaoning-XiaobeiNeural_SC-001253.wav,edgetts,dongbei,SC-001253,zh-CN-liaoning-XiaobeiNeural,0.6786,可检
data/redteam/factory/edgetts/mandarin/edgetts_mandarin_zh-CN-YunyangNeural_SC-000025.wav,edgetts,mandarin,SC-000025,zh-CN-YunyangNeural,0.6787,可检
data/redteam/factory/edgetts/mandarin/edgetts_mandarin_zh-CN-YunjianNeural_SC-000224.wav,edgetts,mandarin,SC-000224,zh-CN-YunjianNeural,0.6792,可检
data/redteam/factory/edgetts/mandarin/edgetts_mandarin_zh-CN-YunjianNeural_SC-000058.wav,edgetts,mandarin,SC-000058,zh-CN-YunjianNeural,0.6794,可检
data/redteam/factory/edgetts/sichuan/edgetts_sichuan_zh-CN-YunxiNeural_SC-001239.wav,edgetts,sichuan,SC-001239,zh-CN-YunxiNeural,0.6795,可检
data/redteam/factory/edgetts/sichuan/edgetts_sichuan_zh-CN-YunxiNeural_SC-000855.wav,edgetts,sichuan,SC-000855,zh-CN-YunxiNeural,0.6797,可检
data/redteam/factory/edgetts/mandarin/edgetts_mandarin_zh-CN-YunjianNeural_SC-000493.wav,edgetts,mandarin,SC-000493,zh-CN-YunjianNeural,0.681,可检
data/redteam/factory/edgetts/sichuan/edgetts_sichuan_zh-CN-YunxiNeural_SC-000179.wav,edgetts,sichuan,SC-000179,zh-CN-YunxiNeural,0.6811,可检
data/redteam/factory/edgetts/mandarin/edgetts_mandarin_zh-CN-YunxiNeural_SC-000047.wav,edgetts,mandarin,SC-000047,zh-CN-YunxiNeural,0.6817,可检
data/redteam/factory/edgetts/minnan/edgetts_minnan_zh-TW-YunJheNeural_SC-000980.wav,edgetts,minnan,SC-000980,zh-TW-YunJheNeural,0.6819,可检
data/redteam/factory/edgetts/mandarin/edgetts_mandarin_zh-CN-YunyangNeural_SC-000002.wav,edgetts,mandarin,SC-000002,zh-CN-YunyangNeural,0.682,可检
data/redteam/factory/edgetts/mandarin/edgetts_mandarin_zh-CN-YunxiNeural_SC-000120.wav,edgetts,mandarin,SC-000120,zh-CN-YunxiNeural,0.682,可检
data/redteam/factory/edgetts/mandarin/edgetts_mandarin_zh-CN-YunjianNeural_SC-000283.wav,edgetts,mandarin,SC-000283,zh-CN-YunjianNeural,0.6821,可检
data/redteam/factory/edgetts/dongbei/edgetts_dongbei_zh-CN-liaoning-XiaobeiNeural_SC-000850.wav,edgetts,dongbei,SC-000850,zh-CN-liaoning-XiaobeiNeural,0.6826,可检
data/redteam/factory/edgetts/mandarin/edgetts_mandarin_zh-CN-YunjianNeural_SC-000074.wav,edgetts,mandarin,SC-000074,zh-CN-YunjianNeural,0.6832,可检
data/redteam/factory/edgetts/sichuan/edgetts_sichuan_zh-CN-YunxiNeural_SC-000673.wav,edgetts,sichuan,SC-000673,zh-CN-YunxiNeural,0.6834,可检
data/redteam/factory/edgetts/mandarin/edgetts_mandarin_zh-CN-YunxiNeural_SC-000009.wav,edgetts,mandarin,SC-000009,zh-CN-YunxiNeural,0.6842,可检
data/redteam/factory/edgetts/sichuan/edgetts_sichuan_zh-CN-YunxiNeural_SC-000009.wav,edgetts,sichuan,SC-000009,zh-CN-YunxiNeural,0.6842,可检
data/redteam/factory/edgetts/minnan/edgetts_minnan_zh-TW-YunJheNeural_SC-000630.wav,edgetts,minnan,SC-000630,zh-TW-YunJheNeural,0.6842,可检
data/redteam/factory/edgetts/minnan/edgetts_minnan_zh-TW-YunJheNeural_SC-001519.wav,edgetts,minnan,SC-001519,zh-TW-YunJheNeural,0.6845,可检
data/redteam/factory/edgetts/dongbei/edgetts_dongbei_zh-CN-liaoning-XiaobeiNeural_SC-000505.wav,edgetts,dongbei,SC-000505,zh-CN-liaoning-XiaobeiNeural,0.6848,可检
data/redteam/factory/edgetts/mandarin/edgetts_mandarin_zh-CN-YunxiNeural_SC-000253.wav,edgetts,mandarin,SC-000253,zh-CN-YunxiNeural,0.6864,可检
data/redteam/factory/edgetts/minnan/edgetts_minnan_zh-TW-YunJheNeural_SC-001151.wav,edgetts,minnan,SC-001151,zh-TW-YunJheNeural,0.6864,可检
data/redteam/factory/edgetts/sichuan/edgetts_sichuan_zh-CN-YunxiNeural_SC-001396.wav,edgetts,sichuan,SC-001396,zh-CN-YunxiNeural,0.6875,可检
data/redteam/factory/edgetts/dongbei/edgetts_dongbei_zh-CN-liaoning-XiaobeiNeural_SC-000919.wav,edgetts,dongbei,SC-000919,zh-CN-liaoning-XiaobeiNeural,0.6883,可检
data/redteam/factory/edgetts/minnan/edgetts_minnan_zh-TW-YunJheNeural_SC-001021.wav,edgetts,minnan,SC-001021,zh-TW-YunJheNeural,0.6883,可检
data/redteam/factory/edgetts/mandarin/edgetts_mandarin_zh-CN-YunxiNeural_SC-000001.wav,edgetts,mandarin,SC-000001,zh-CN-YunxiNeural,0.6892,可检
data/redteam/factory/edgetts/sichuan/edgetts_sichuan_zh-CN-YunxiNeural_SC-000001.wav,edgetts,sichuan,SC-000001,zh-CN-YunxiNeural,0.6892,可检
data/redteam/factory/edgetts/sichuan/edgetts_sichuan_zh-CN-YunxiNeural_SC-000315.wav,edgetts,sichuan,SC-000315,zh-CN-YunxiNeural,0.6893,可检
data/redteam/factory/edgetts/mandarin/edgetts_mandarin_zh-CN-YunxiNeural_SC-000371.wav,edgetts,mandarin,SC-000371,zh-CN-YunxiNeural,0.6893,可检
data/redteam/factory/edgetts/mandarin/edgetts_mandarin_zh-CN-YunjianNeural_SC-000184.wav,edgetts,mandarin,SC-000184,zh-CN-YunjianNeural,0.6898,可检
data/redteam/factory/edgetts/cantonese/edgetts_cantonese_zh-HK-WanLungNeural_SC-000001.wav,edgetts,cantonese,SC-000001,zh-HK-WanLungNeural,0.6901,可检
data/redteam/factory/edgetts/sichuan/edgetts_sichuan_zh-CN-YunxiNeural_SC-001166.wav,edgetts,sichuan,SC-001166,zh-CN-YunxiNeural,0.6901,可检
data/redteam/factory/edgetts/mandarin/edgetts_mandarin_zh-CN-YunyangNeural_SC-000496.wav,edgetts,mandarin,SC-000496,zh-CN-YunyangNeural,0.6904,可检
data/redteam/factory/edgetts/sichuan/edgetts_sichuan_zh-CN-YunxiNeural_SC-001057.wav,edgetts,sichuan,SC-001057,zh-CN-YunxiNeural,0.6906,可检
data/redteam/factory/edgetts/mandarin/edgetts_mandarin_zh-CN-YunjianNeural_SC-000164.wav,edgetts,mandarin,SC-000164,zh-CN-YunjianNeural,0.6924,可检
data/redteam/factory/edgetts/mandarin/edgetts_mandarin_zh-CN-YunyangNeural_SC-000267.wav,edgetts,mandarin,SC-000267,zh-CN-YunyangNeural,0.6926,可检
data/redteam/factory/edgetts/mandarin/edgetts_mandarin_zh-CN-YunxiNeural_SC-000370.wav,edgetts,mandarin,SC-000370,zh-CN-YunxiNeural,0.6932,可检
data/redteam/factory/edgetts/minnan/edgetts_minnan_zh-TW-YunJheNeural_SC-000943.wav,edgetts,minnan,SC-000943,zh-TW-YunJheNeural,0.6933,可检
data/redteam/factory/edgetts/minnan/edgetts_minnan_zh-TW-YunJheNeural_SC-001311.wav,edgetts,minnan,SC-001311,zh-TW-YunJheNeural,0.6937,可检
data/redteam/factory/edgetts/mandarin/edgetts_mandarin_zh-CN-YunyangNeural_SC-000235.wav,edgetts,mandarin,SC-000235,zh-CN-YunyangNeural,0.6937,可检
data/redteam/factory/edgetts/mandarin/edgetts_mandarin_zh-CN-YunxiNeural_SC-000164.wav,edgetts,mandarin,SC-000164,zh-CN-YunxiNeural,0.694,可检
data/redteam/factory/edgetts/mandarin/edgetts_mandarin_zh-CN-YunxiNeural_SC-000159.wav,edgetts,mandarin,SC-000159,zh-CN-YunxiNeural,0.6942,可检
data/redteam/factory/edgetts/sichuan/edgetts_sichuan_zh-CN-YunxiNeural_SC-001486.wav,edgetts,sichuan,SC-001486,zh-CN-YunxiNeural,0.6943,可检
data/redteam/factory/edgetts/dongbei/edgetts_dongbei_zh-CN-liaoning-XiaobeiNeural_SC-001335.wav,edgetts,dongbei,SC-001335,zh-CN-liaoning-XiaobeiNeural,0.6947,可检
data/redteam/factory/edgetts/mandarin/edgetts_mandarin_zh-CN-YunjianNeural_SC-000397.wav,edgetts,mandarin,SC-000397,zh-CN-YunjianNeural,0.6951,可检
data/redteam/factory/edgetts/mandarin/edgetts_mandarin_zh-CN-YunyangNeural_SC-000403.wav,edgetts,mandarin,SC-000403,zh-CN-YunyangNeural,0.6954,可检
data/redteam/factory/edgetts/mandarin/edgetts_mandarin_zh-CN-YunjianNeural_SC-000047.wav,edgetts,mandarin,SC-000047,zh-CN-YunjianNeural,0.6957,可检
data/redteam/factory/edgetts/sichuan/edgetts_sichuan_zh-CN-YunxiNeural_SC-001249.wav,edgetts,sichuan,SC-001249,zh-CN-YunxiNeural,0.6962,可检
data/redteam/factory/edgetts/minnan/edgetts_minnan_zh-TW-YunJheNeural_SC-000054.wav,edgetts,minnan,SC-000054,zh-TW-YunJheNeural,0.6966,可检
data/redteam/factory/edgetts/mandarin/edgetts_mandarin_zh-CN-YunjianNeural_SC-000360.wav,edgetts,mandarin,SC-000360,zh-CN-YunjianNeural,0.6967,可检
data/redteam/factory/edgetts/mandarin/edgetts_mandarin_zh-CN-YunxiNeural_SC-000060.wav,edgetts,mandarin,SC-000060,zh-CN-YunxiNeural,0.6971,可检
data/redteam/factory/edgetts/sichuan/edgetts_sichuan_zh-CN-YunxiNeural_SC-000319.wav,edgetts,sichuan,SC-000319,zh-CN-YunxiNeural,0.6971,可检
data/redteam/factory/edgetts/mandarin/edgetts_mandarin_zh-CN-YunyangNeural_SC-000083.wav,edgetts,mandarin,SC-000083,zh-CN-YunyangNeural,0.6973,可检
data/redteam/factory/edgetts/mandarin/edgetts_mandarin_zh-CN-YunjianNeural_SC-000234.wav,edgetts,mandarin,SC-000234,zh-CN-YunjianNeural,0.6989,可检
data/redteam/factory/edgetts/minnan/edgetts_minnan_zh-TW-YunJheNeural_SC-000772.wav,edgetts,minnan,SC-000772,zh-TW-YunJheNeural,0.699,可检
data/redteam/factory/edgetts/mandarin/edgetts_mandarin_zh-CN-YunxiNeural_SC-000501.wav,edgetts,mandarin,SC-000501,zh-CN-YunxiNeural,0.6994,可检
data/redteam/factory/edgetts/minnan/edgetts_minnan_zh-TW-YunJheNeural_SC-000009.wav,edgetts,minnan,SC-000009,zh-TW-YunJheNeural,0.6996,可检
data/redteam/factory/edgetts/mandarin/edgetts_mandarin_zh-CN-YunxiNeural_SC-000403.wav,edgetts,mandarin,SC-000403,zh-CN-YunxiNeural,0.6997,可检
data/redteam/factory/edgetts/dongbei/edgetts_dongbei_zh-CN-liaoning-XiaobeiNeural_SC-000032.wav,edgetts,dongbei,SC-000032,zh-CN-liaoning-XiaobeiNeural,0.7003,可检
data/redteam/factory/edgetts/mandarin/edgetts_mandarin_zh-CN-YunjianNeural_SC-000117.wav,edgetts,mandarin,SC-000117,zh-CN-YunjianNeural,0.7004,可检
data/redteam/factory/edgetts/minnan/edgetts_minnan_zh-TW-YunJheNeural_SC-000569.wav,edgetts,minnan,SC-000569,zh-TW-YunJheNeural,0.7006,可检
data/redteam/factory/edgetts/mandarin/edgetts_mandarin_zh-CN-YunyangNeural_SC-000219.wav,edgetts,mandarin,SC-000219,zh-CN-YunyangNeural,0.7011,可检
data/redteam/factory/edgetts/minnan/edgetts_minnan_zh-TW-YunJheNeural_SC-000643.wav,edgetts,minnan,SC-000643,zh-TW-YunJheNeural,0.7013,可检
data/redteam/factory/edgetts/mandarin/edgetts_mandarin_zh-CN-YunxiNeural_SC-000223.wav,edgetts,mandarin,SC-000223,zh-CN-YunxiNeural,0.7015,可检
data/redteam/factory/edgetts/minnan/edgetts_minnan_zh-TW-YunJheNeural_SC-000882.wav,edgetts,minnan,SC-000882,zh-TW-YunJheNeural,0.7016,可检
data/redteam/factory/edgetts/mandarin/edgetts_mandarin_zh-CN-YunxiNeural_SC-000464.wav,edgetts,mandarin,SC-000464,zh-CN-YunxiNeural,0.7022,可检
data/redteam/factory/edgetts/mandarin/edgetts_mandarin_zh-CN-YunxiNeural_SC-000204.wav,edgetts,mandarin,SC-000204,zh-CN-YunxiNeural,0.7027,可检
data/redteam/factory/edgetts/cantonese/edgetts_cantonese_zh-HK-WanLungNeural_SC-001461.wav,edgetts,cantonese,SC-001461,zh-HK-WanLungNeural,0.7032,可检
data/redteam/factory/edgetts/cantonese/edgetts_cantonese_zh-HK-WanLungNeural_SC-000140.wav,edgetts,cantonese,SC-000140,zh-HK-WanLungNeural,0.7033,可检
data/redteam/factory/edgetts/mandarin/edgetts_mandarin_zh-CN-YunjianNeural_SC-000202.wav,edgetts,mandarin,SC-000202,zh-CN-YunjianNeural,0.7035,可检
data/redteam/factory/edgetts/mandarin/edgetts_mandarin_zh-CN-YunyangNeural_SC-000152.wav,edgetts,mandarin,SC-000152,zh-CN-YunyangNeural,0.7037,可检
data/redteam/factory/edgetts/dongbei/edgetts_dongbei_zh-CN-liaoning-XiaobeiNeural_SC-000385.wav,edgetts,dongbei,SC-000385,zh-CN-liaoning-XiaobeiNeural,0.7039,可检
data/redteam/factory/edgetts/sichuan/edgetts_sichuan_zh-CN-YunxiNeural_SC-001176.wav,edgetts,sichuan,SC-001176,zh-CN-YunxiNeural,0.7045,可检
data/redteam/factory/edgetts/mandarin/edgetts_mandarin_zh-CN-YunjianNeural_SC-000104.wav,edgetts,mandarin,SC-000104,zh-CN-YunjianNeural,0.705,可检
data/redteam/factory/edgetts/sichuan/edgetts_sichuan_zh-CN-YunxiNeural_SC-000384.wav,edgetts,sichuan,SC-000384,zh-CN-YunxiNeural,0.7058,可检
data/redteam/factory/edgetts/mandarin/edgetts_mandarin_zh-CN-YunjianNeural_SC-000462.wav,edgetts,mandarin,SC-000462,zh-CN-YunjianNeural,0.7064,可检
data/redteam/factory/edgetts/mandarin/edgetts_mandarin_zh-CN-YunxiNeural_SC-000382.wav,edgetts,mandarin,SC-000382,zh-CN-YunxiNeural,0.7064,可检
data/redteam/factory/edgetts/cantonese/edgetts_cantonese_zh-HK-WanLungNeural_SC-000948.wav,edgetts,cantonese,SC-000948,zh-HK-WanLungNeural,0.707,可检
data/redteam/factory/edgetts/mandarin/edgetts_mandarin_zh-CN-YunjianNeural_SC-000236.wav,edgetts,mandarin,SC-000236,zh-CN-YunjianNeural,0.7074,可检
data/redteam/factory/edgetts/mandarin/edgetts_mandarin_zh-CN-YunyangNeural_SC-000014.wav,edgetts,mandarin,SC-000014,zh-CN-YunyangNeural,0.7075,可检
data/redteam/factory/edgetts/minnan/edgetts_minnan_zh-TW-YunJheNeural_SC-000478.wav,edgetts,minnan,SC-000478,zh-TW-YunJheNeural,0.7077,可检
data/redteam/factory/sovits_api/minnan/sovits_api_minnan_ref_boot_edgetts_minnan_zh-TW-YunJheNeural_SC-000001_SC-000001.wav,sovits_api,minnan,SC-000001,ref_boot_edgetts_minnan_zh-TW-YunJheNeural_SC-000001,0.7079,可检
data/redteam/factory/edgetts/minnan/edgetts_minnan_zh-TW-YunJheNeural_SC-001189.wav,edgetts,minnan,SC-001189,zh-TW-YunJheNeural,0.7088,可检
data/redteam/factory/edgetts/mandarin/edgetts_mandarin_zh-CN-YunjianNeural_SC-000496.wav,edgetts,mandarin,SC-000496,zh-CN-YunjianNeural,0.7091,可检
data/redteam/factory/edgetts/dongbei/edgetts_dongbei_zh-CN-liaoning-XiaobeiNeural_SC-000787.wav,edgetts,dongbei,SC-000787,zh-CN-liaoning-XiaobeiNeural,0.7096,可检
data/redteam/factory/edgetts/mandarin/edgetts_mandarin_zh-CN-YunyangNeural_SC-000227.wav,edgetts,mandarin,SC-000227,zh-CN-YunyangNeural,0.7102,可检
data/redteam/factory/edgetts/sichuan/edgetts_sichuan_zh-CN-YunxiNeural_SC-000297.wav,edgetts,sichuan,SC-000297,zh-CN-YunxiNeural,0.7105,可检
data/redteam/factory/edgetts/mandarin/edgetts_mandarin_zh-CN-YunxiNeural_SC-000272.wav,edgetts,mandarin,SC-000272,zh-CN-YunxiNeural,0.7105,可检
data/redteam/factory/edgetts/mandarin/edgetts_mandarin_zh-CN-YunxiNeural_SC-000166.wav,edgetts,mandarin,SC-000166,zh-CN-YunxiNeural,0.7106,可检
data/redteam/factory/edgetts/minnan/edgetts_minnan_zh-TW-YunJheNeural_SC-000516.wav,edgetts,minnan,SC-000516,zh-TW-YunJheNeural,0.7107,可检
data/redteam/factory/edgetts/sichuan/edgetts_sichuan_zh-CN-YunxiNeural_SC-000212.wav,edgetts,sichuan,SC-000212,zh-CN-YunxiNeural,0.7109,可检
data/redteam/factory/edgetts/sichuan/edgetts_sichuan_zh-CN-YunxiNeural_SC-000785.wav,edgetts,sichuan,SC-000785,zh-CN-YunxiNeural,0.712,可检
data/redteam/factory/sovits_api/sichuan/sovits_api_sichuan_ref_boot_edgetts_sichuan_zh-CN-YunxiNeural_SC-000010_SC-000263.wav,sovits_api,sichuan,SC-000263,ref_boot_edgetts_sichuan_zh-CN-YunxiNeural_SC-000010,0.7122,可检
data/redteam/factory/edgetts/sichuan/edgetts_sichuan_zh-CN-YunxiNeural_SC-000205.wav,edgetts,sichuan,SC-000205,zh-CN-YunxiNeural,0.7124,可检
data/redteam/factory/edgetts/mandarin/edgetts_mandarin_zh-CN-YunxiNeural_SC-000077.wav,edgetts,mandarin,SC-000077,zh-CN-YunxiNeural,0.7128,可检
data/redteam/factory/edgetts/sichuan/edgetts_sichuan_zh-CN-YunxiNeural_SC-001024.wav,edgetts,sichuan,SC-001024,zh-CN-YunxiNeural,0.7128,可检
data/redteam/factory/edgetts/mandarin/edgetts_mandarin_zh-CN-YunyangNeural_SC-000022.wav,edgetts,mandarin,SC-000022,zh-CN-YunyangNeural,0.7131,可检
data/redteam/factory/edgetts/mandarin/edgetts_mandarin_zh-CN-YunxiNeural_SC-000397.wav,edgetts,mandarin,SC-000397,zh-CN-YunxiNeural,0.7134,可检
data/redteam/factory/edgetts/sichuan/edgetts_sichuan_zh-CN-YunxiNeural_SC-001104.wav,edgetts,sichuan,SC-001104,zh-CN-YunxiNeural,0.7136,可检
data/redteam/factory/edgetts/mandarin/edgetts_mandarin_zh-CN-YunxiNeural_SC-000046.wav,edgetts,mandarin,SC-000046,zh-CN-YunxiNeural,0.7137,可检
data/redteam/factory/edgetts/mandarin/edgetts_mandarin_zh-CN-YunxiNeural_SC-000335.wav,edgetts,mandarin,SC-000335,zh-CN-YunxiNeural,0.7138,可检
data/redteam/factory/edgetts/mandarin/edgetts_mandarin_zh-CN-YunjianNeural_SC-000110.wav,edgetts,mandarin,SC-000110,zh-CN-YunjianNeural,0.7139,可检
data/redteam/factory/edgetts/sichuan/edgetts_sichuan_zh-CN-YunxiNeural_SC-001150.wav,edgetts,sichuan,SC-001150,zh-CN-YunxiNeural,0.714,可检
data/redteam/factory/edgetts/henan/edgetts_henan_zh-CN-shaanxi-XiaoniNeural_SC-000160.wav,edgetts,henan,SC-000160,zh-CN-shaanxi-XiaoniNeural,0.7146,可检
data/redteam/factory/edgetts/mandarin/edgetts_mandarin_zh-CN-YunjianNeural_SC-000344.wav,edgetts,mandarin,SC-000344,zh-CN-YunjianNeural,0.7146,可检
data/redteam/factory/edgetts/dongbei/edgetts_dongbei_zh-CN-liaoning-XiaobeiNeural_SC-001225.wav,edgetts,dongbei,SC-001225,zh-CN-liaoning-XiaobeiNeural,0.7152,可检
data/redteam/factory/sovits_api/minnan/sovits_api_minnan_ref_boot_edgetts_minnan_zh-TW-YunJheNeural_SC-000001_SC-000229.wav,sovits_api,minnan,SC-000229,ref_boot_edgetts_minnan_zh-TW-YunJheNeural_SC-000001,0.7154,可检
data/redteam/factory/edgetts/mandarin/edgetts_mandarin_zh-CN-YunjianNeural_SC-000097.wav,edgetts,mandarin,SC-000097,zh-CN-YunjianNeural,0.7157,可检
data/redteam/factory/edgetts/mandarin/edgetts_mandarin_zh-CN-YunjianNeural_SC-000476.wav,edgetts,mandarin,SC-000476,zh-CN-YunjianNeural,0.716,可检
data/redteam/factory/edgetts/cantonese/edgetts_cantonese_zh-HK-WanLungNeural_SC-001191.wav,edgetts,cantonese,SC-001191,zh-HK-WanLungNeural,0.7163,可检
data/redteam/factory/edgetts/mandarin/edgetts_mandarin_zh-CN-YunxiNeural_SC-000175.wav,edgetts,mandarin,SC-000175,zh-CN-YunxiNeural,0.7164,可检
data/redteam/factory/edgetts/mandarin/edgetts_mandarin_zh-CN-YunyangNeural_SC-000301.wav,edgetts,mandarin,SC-000301,zh-CN-YunyangNeural,0.7165,可检
data/redteam/factory/edgetts/mandarin/edgetts_mandarin_zh-CN-YunyangNeural_SC-000168.wav,edgetts,mandarin,SC-000168,zh-CN-YunyangNeural,0.7166,可检
data/redteam/factory/edgetts/mandarin/edgetts_mandarin_zh-CN-YunjianNeural_SC-000324.wav,edgetts,mandarin,SC-000324,zh-CN-YunjianNeural,0.717,可检
data/redteam/factory/edgetts/mandarin/edgetts_mandarin_zh-CN-YunyangNeural_SC-000286.wav,edgetts,mandarin,SC-000286,zh-CN-YunyangNeural,0.7175,可检
data/redteam/factory/edgetts/mandarin/edgetts_mandarin_zh-CN-YunxiNeural_SC-000386.wav,edgetts,mandarin,SC-000386,zh-CN-YunxiNeural,0.7177,可检
data/redteam/factory/edgetts/mandarin/edgetts_mandarin_zh-CN-YunxiNeural_SC-000182.wav,edgetts,mandarin,SC-000182,zh-CN-YunxiNeural,0.7178,可检
data/redteam/factory/edgetts/mandarin/edgetts_mandarin_zh-CN-YunyangNeural_SC-000100.wav,edgetts,mandarin,SC-000100,zh-CN-YunyangNeural,0.7184,可检
data/redteam/factory/edgetts/dongbei/edgetts_dongbei_zh-CN-liaoning-XiaobeiNeural_SC-000124.wav,edgetts,dongbei,SC-000124,zh-CN-liaoning-XiaobeiNeural,0.7188,可检
data/redteam/factory/edgetts/dongbei/edgetts_dongbei_zh-CN-liaoning-XiaobeiNeural_SC-000720.wav,edgetts,dongbei,SC-000720,zh-CN-liaoning-XiaobeiNeural,0.719,可检
data/redteam/factory/edgetts/mandarin/edgetts_mandarin_zh-CN-YunxiNeural_SC-000506.wav,edgetts,mandarin,SC-000506,zh-CN-YunxiNeural,0.7193,可检
data/redteam/factory/edgetts/mandarin/edgetts_mandarin_zh-CN-YunjianNeural_SC-000230.wav,edgetts,mandarin,SC-000230,zh-CN-YunjianNeural,0.7193,可检
data/redteam/factory/edgetts/minnan/edgetts_minnan_zh-TW-YunJheNeural_SC-000029.wav,edgetts,minnan,SC-000029,zh-TW-YunJheNeural,0.7194,可检
data/redteam/factory/edgetts/minnan/edgetts_minnan_zh-TW-YunJheNeural_SC-001439.wav,edgetts,minnan,SC-001439,zh-TW-YunJheNeural,0.7194,可检
data/redteam/factory/edgetts/minnan/edgetts_minnan_zh-TW-YunJheNeural_SC-000834.wav,edgetts,minnan,SC-000834,zh-TW-YunJheNeural,0.7196,可检
data/redteam/factory/edgetts/mandarin/edgetts_mandarin_zh-CN-YunjianNeural_SC-000159.wav,edgetts,mandarin,SC-000159,zh-CN-YunjianNeural,0.7196,可检
data/redteam/factory/edgetts/mandarin/edgetts_mandarin_zh-CN-YunyangNeural_SC-000132.wav,edgetts,mandarin,SC-000132,zh-CN-YunyangNeural,0.72,可检
data/redteam/factory/edgetts/sichuan/edgetts_sichuan_zh-CN-YunxiNeural_SC-000615.wav,edgetts,sichuan,SC-000615,zh-CN-YunxiNeural,0.7203,可检
data/redteam/factory/edgetts/mandarin/edgetts_mandarin_zh-CN-YunjianNeural_SC-000136.wav,edgetts,mandarin,SC-000136,zh-CN-YunjianNeural,0.7205,可检
data/redteam/factory/edgetts/mandarin/edgetts_mandarin_zh-CN-YunxiNeural_SC-000089.wav,edgetts,mandarin,SC-000089,zh-CN-YunxiNeural,0.7206,可检
data/redteam/factory/edgetts/mandarin/edgetts_mandarin_zh-CN-YunjianNeural_SC-000341.wav,edgetts,mandarin,SC-000341,zh-CN-YunjianNeural,0.721,可检
data/redteam/factory/edgetts/mandarin/edgetts_mandarin_zh-CN-YunxiNeural_SC-000035.wav,edgetts,mandarin,SC-000035,zh-CN-YunxiNeural,0.7211,可检
data/redteam/factory/edgetts/cantonese/edgetts_cantonese_zh-HK-WanLungNeural_SC-000494.wav,edgetts,cantonese,SC-000494,zh-HK-WanLungNeural,0.7221,可检
data/redteam/factory/edgetts/cantonese/edgetts_cantonese_zh-HK-WanLungNeural_SC-000109.wav,edgetts,cantonese,SC-000109,zh-HK-WanLungNeural,0.7226,可检
data/redteam/factory/edgetts/sichuan/edgetts_sichuan_zh-CN-YunxiNeural_SC-000178.wav,edgetts,sichuan,SC-000178,zh-CN-YunxiNeural,0.7229,可检
data/redteam/factory/edgetts/mandarin/edgetts_mandarin_zh-CN-YunjianNeural_SC-000474.wav,edgetts,mandarin,SC-000474,zh-CN-YunjianNeural,0.7231,可检
data/redteam/factory/edgetts/mandarin/edgetts_mandarin_zh-CN-YunxiNeural_SC-000013.wav,edgetts,mandarin,SC-000013,zh-CN-YunxiNeural,0.7232,可检
data/redteam/factory/edgetts/sichuan/edgetts_sichuan_zh-CN-YunxiNeural_SC-000013.wav,edgetts,sichuan,SC-000013,zh-CN-YunxiNeural,0.7232,可检
data/redteam/factory/edgetts/sichuan/edgetts_sichuan_zh-CN-YunxiNeural_SC-000509.wav,edgetts,sichuan,SC-000509,zh-CN-YunxiNeural,0.7232,可检
data/redteam/factory/edgetts/dongbei/edgetts_dongbei_zh-CN-liaoning-XiaobeiNeural_SC-001111.wav,edgetts,dongbei,SC-001111,zh-CN-liaoning-XiaobeiNeural,0.7233,可检
data/redteam/factory/edgetts/mandarin/edgetts_mandarin_zh-CN-YunjianNeural_SC-000005.wav,edgetts,mandarin,SC-000005,zh-CN-YunjianNeural,0.724,可检
data/redteam/factory/edgetts/minnan/edgetts_minnan_zh-TW-YunJheNeural_SC-000392.wav,edgetts,minnan,SC-000392,zh-TW-YunJheNeural,0.724,可检
data/redteam/factory/edgetts/mandarin/edgetts_mandarin_zh-CN-YunxiNeural_SC-000462.wav,edgetts,mandarin,SC-000462,zh-CN-YunxiNeural,0.7241,可检
data/redteam/factory/edgetts/mandarin/edgetts_mandarin_zh-CN-YunxiNeural_SC-000057.wav,edgetts,mandarin,SC-000057,zh-CN-YunxiNeural,0.7245,可检
data/redteam/factory/edgetts/mandarin/edgetts_mandarin_zh-CN-YunxiNeural_SC-000152.wav,edgetts,mandarin,SC-000152,zh-CN-YunxiNeural,0.7247,可检
data/redteam/factory/edgetts/mandarin/edgetts_mandarin_zh-CN-YunjianNeural_SC-000138.wav,edgetts,mandarin,SC-000138,zh-CN-YunjianNeural,0.7255,可检
data/redteam/factory/edgetts/minnan/edgetts_minnan_zh-TW-YunJheNeural_SC-001133.wav,edgetts,minnan,SC-001133,zh-TW-YunJheNeural,0.7256,可检
data/redteam/factory/edgetts/mandarin/edgetts_mandarin_zh-CN-YunyangNeural_SC-000269.wav,edgetts,mandarin,SC-000269,zh-CN-YunyangNeural,0.7263,可检
data/redteam/factory/edgetts/dongbei/edgetts_dongbei_zh-CN-liaoning-XiaobeiNeural_SC-001700.wav,edgetts,dongbei,SC-001700,zh-CN-liaoning-XiaobeiNeural,0.7263,可检
data/redteam/factory/edgetts/mandarin/edgetts_mandarin_zh-CN-YunxiNeural_SC-000313.wav,edgetts,mandarin,SC-000313,zh-CN-YunxiNeural,0.7266,可检
data/redteam/factory/edgetts/sichuan/edgetts_sichuan_zh-CN-YunxiNeural_SC-001116.wav,edgetts,sichuan,SC-001116,zh-CN-YunxiNeural,0.7267,可检
data/redteam/factory/edgetts/minnan/edgetts_minnan_zh-TW-YunJheNeural_SC-001610.wav,edgetts,minnan,SC-001610,zh-TW-YunJheNeural,0.7267,可检
data/redteam/factory/edgetts/mandarin/edgetts_mandarin_zh-CN-YunyangNeural_SC-000283.wav,edgetts,mandarin,SC-000283,zh-CN-YunyangNeural,0.727,可检
data/redteam/factory/edgetts/dongbei/edgetts_dongbei_zh-CN-liaoning-XiaobeiNeural_SC-000141.wav,edgetts,dongbei,SC-000141,zh-CN-liaoning-XiaobeiNeural,0.7271,可检
data/redteam/factory/edgetts/mandarin/edgetts_mandarin_zh-CN-YunyangNeural_SC-000376.wav,edgetts,mandarin,SC-000376,zh-CN-YunyangNeural,0.7273,可检
data/redteam/factory/edgetts/mandarin/edgetts_mandarin_zh-CN-YunjianNeural_SC-000289.wav,edgetts,mandarin,SC-000289,zh-CN-YunjianNeural,0.7274,可检
data/redteam/factory/edgetts/minnan/edgetts_minnan_zh-TW-YunJheNeural_SC-000367.wav,edgetts,minnan,SC-000367,zh-TW-YunJheNeural,0.7282,可检
data/redteam/factory/edgetts/sichuan/edgetts_sichuan_zh-CN-YunxiNeural_SC-000535.wav,edgetts,sichuan,SC-000535,zh-CN-YunxiNeural,0.7283,可检
data/redteam/factory/edgetts/mandarin/edgetts_mandarin_zh-CN-YunyangNeural_SC-000344.wav,edgetts,mandarin,SC-000344,zh-CN-YunyangNeural,0.7287,可检
data/redteam/factory/edgetts/mandarin/edgetts_mandarin_zh-CN-YunyangNeural_SC-000046.wav,edgetts,mandarin,SC-000046,zh-CN-YunyangNeural,0.7289,可检
data/redteam/factory/edgetts/henan/edgetts_henan_zh-CN-shaanxi-XiaoniNeural_SC-000203.wav,edgetts,henan,SC-000203,zh-CN-shaanxi-XiaoniNeural,0.7289,可检
data/redteam/factory/edgetts/mandarin/edgetts_mandarin_zh-CN-YunyangNeural_SC-000471.wav,edgetts,mandarin,SC-000471,zh-CN-YunyangNeural,0.729,可检
data/redteam/factory/edgetts/sichuan/edgetts_sichuan_zh-CN-YunxiNeural_SC-000263.wav,edgetts,sichuan,SC-000263,zh-CN-YunxiNeural,0.7291,可检
data/redteam/factory/edgetts/minnan/edgetts_minnan_zh-TW-YunJheNeural_SC-000465.wav,edgetts,minnan,SC-000465,zh-TW-YunJheNeural,0.7293,可检
data/redteam/factory/edgetts/minnan/edgetts_minnan_zh-TW-YunJheNeural_SC-000412.wav,edgetts,minnan,SC-000412,zh-TW-YunJheNeural,0.7295,可检
data/redteam/factory/edgetts/mandarin/edgetts_mandarin_zh-CN-YunyangNeural_SC-000045.wav,edgetts,mandarin,SC-000045,zh-CN-YunyangNeural,0.7296,可检
data/redteam/factory/edgetts/mandarin/edgetts_mandarin_zh-CN-YunxiNeural_SC-000150.wav,edgetts,mandarin,SC-000150,zh-CN-YunxiNeural,0.7299,可检
data/redteam/factory/edgetts/mandarin/edgetts_mandarin_zh-CN-YunyangNeural_SC-000082.wav,edgetts,mandarin,SC-000082,zh-CN-YunyangNeural,0.73,可检
data/redteam/factory/edgetts/dongbei/edgetts_dongbei_zh-CN-liaoning-XiaobeiNeural_SC-001100.wav,edgetts,dongbei,SC-001100,zh-CN-liaoning-XiaobeiNeural,0.7303,可检
data/redteam/factory/edgetts/mandarin/edgetts_mandarin_zh-CN-YunyangNeural_SC-000009.wav,edgetts,mandarin,SC-000009,zh-CN-YunyangNeural,0.7304,可检
data/redteam/factory/edgetts/mandarin/edgetts_mandarin_zh-CN-YunxiNeural_SC-000507.wav,edgetts,mandarin,SC-000507,zh-CN-YunxiNeural,0.7306,可检
data/redteam/factory/edgetts/henan/edgetts_henan_zh-CN-shaanxi-XiaoniNeural_SC-000016.wav,edgetts,henan,SC-000016,zh-CN-shaanxi-XiaoniNeural,0.7308,可检
data/redteam/factory/edgetts/minnan/edgetts_minnan_zh-TW-YunJheNeural_SC-000696.wav,edgetts,minnan,SC-000696,zh-TW-YunJheNeural,0.7313,可检
data/redteam/factory/edgetts/mandarin/edgetts_mandarin_zh-CN-YunjianNeural_SC-000086.wav,edgetts,mandarin,SC-000086,zh-CN-YunjianNeural,0.7318,可检
data/redteam/factory/edgetts/sichuan/edgetts_sichuan_zh-CN-YunxiNeural_SC-000901.wav,edgetts,sichuan,SC-000901,zh-CN-YunxiNeural,0.7318,可检
data/redteam/factory/edgetts/mandarin/edgetts_mandarin_zh-CN-YunxiNeural_SC-000173.wav,edgetts,mandarin,SC-000173,zh-CN-YunxiNeural,0.7322,可检
data/redteam/factory/edgetts/mandarin/edgetts_mandarin_zh-CN-YunxiNeural_SC-000269.wav,edgetts,mandarin,SC-000269,zh-CN-YunxiNeural,0.7323,可检
data/redteam/factory/edgetts/henan/edgetts_henan_zh-CN-shaanxi-XiaoniNeural_SC-000195.wav,edgetts,henan,SC-000195,zh-CN-shaanxi-XiaoniNeural,0.7324,可检
data/redteam/factory/edgetts/cantonese/edgetts_cantonese_zh-HK-WanLungNeural_SC-000770.wav,edgetts,cantonese,SC-000770,zh-HK-WanLungNeural,0.7324,可检
data/redteam/factory/edgetts/mandarin/edgetts_mandarin_zh-CN-YunjianNeural_SC-000260.wav,edgetts,mandarin,SC-000260,zh-CN-YunjianNeural,0.7327,可检
data/redteam/factory/edgetts/mandarin/edgetts_mandarin_zh-CN-YunyangNeural_SC-000279.wav,edgetts,mandarin,SC-000279,zh-CN-YunyangNeural,0.7327,可检
data/redteam/factory/edgetts/minnan/edgetts_minnan_zh-TW-YunJheNeural_SC-000612.wav,edgetts,minnan,SC-000612,zh-TW-YunJheNeural,0.7329,可检
data/redteam/factory/sovits_api/minnan/sovits_api_minnan_ref_boot_edgetts_minnan_zh-TW-YunJheNeural_SC-000001_SC-000130.wav,sovits_api,minnan,SC-000130,ref_boot_edgetts_minnan_zh-TW-YunJheNeural_SC-000001,0.7336,可检
data/redteam/factory/edgetts/mandarin/edgetts_mandarin_zh-CN-YunyangNeural_SC-000117.wav,edgetts,mandarin,SC-000117,zh-CN-YunyangNeural,0.7351,可检
data/redteam/factory/edgetts/dongbei/edgetts_dongbei_zh-CN-liaoning-XiaobeiNeural_SC-001436.wav,edgetts,dongbei,SC-001436,zh-CN-liaoning-XiaobeiNeural,0.7351,可检
data/redteam/factory/edgetts/minnan/edgetts_minnan_zh-TW-YunJheNeural_SC-000881.wav,edgetts,minnan,SC-000881,zh-TW-YunJheNeural,0.7353,可检
data/redteam/factory/edgetts/dongbei/edgetts_dongbei_zh-CN-liaoning-XiaobeiNeural_SC-001088.wav,edgetts,dongbei,SC-001088,zh-CN-liaoning-XiaobeiNeural,0.7356,可检
data/redteam/factory/edgetts/henan/edgetts_henan_zh-CN-shaanxi-XiaoniNeural_SC-000600.wav,edgetts,henan,SC-000600,zh-CN-shaanxi-XiaoniNeural,0.7357,可检
data/redteam/factory/edgetts/mandarin/edgetts_mandarin_zh-CN-YunxiNeural_SC-000511.wav,edgetts,mandarin,SC-000511,zh-CN-YunxiNeural,0.7359,可检
data/redteam/factory/edgetts/mandarin/edgetts_mandarin_zh-CN-YunxiNeural_SC-000450.wav,edgetts,mandarin,SC-000450,zh-CN-YunxiNeural,0.7361,可检
data/redteam/factory/edgetts/mandarin/edgetts_mandarin_zh-CN-YunyangNeural_SC-000325.wav,edgetts,mandarin,SC-000325,zh-CN-YunyangNeural,0.7361,可检
data/redteam/factory/edgetts/henan/edgetts_henan_zh-CN-shaanxi-XiaoniNeural_SC-000026.wav,edgetts,henan,SC-000026,zh-CN-shaanxi-XiaoniNeural,0.737,可检
data/redteam/factory/edgetts/sichuan/edgetts_sichuan_zh-CN-YunxiNeural_SC-000172.wav,edgetts,sichuan,SC-000172,zh-CN-YunxiNeural,0.7382,可检
data/redteam/factory/edgetts/sichuan/edgetts_sichuan_zh-CN-YunxiNeural_SC-000597.wav,edgetts,sichuan,SC-000597,zh-CN-YunxiNeural,0.7385,可检
data/redteam/factory/edgetts/minnan/edgetts_minnan_zh-TW-YunJheNeural_SC-001045.wav,edgetts,minnan,SC-001045,zh-TW-YunJheNeural,0.7385,可检
data/redteam/factory/edgetts/sichuan/edgetts_sichuan_zh-CN-YunxiNeural_SC-000383.wav,edgetts,sichuan,SC-000383,zh-CN-YunxiNeural,0.7386,可检
data/redteam/factory/edgetts/mandarin/edgetts_mandarin_zh-CN-YunjianNeural_SC-000105.wav,edgetts,mandarin,SC-000105,zh-CN-YunjianNeural,0.7389,可检
data/redteam/factory/edgetts/dongbei/edgetts_dongbei_zh-CN-liaoning-XiaobeiNeural_SC-000031.wav,edgetts,dongbei,SC-000031,zh-CN-liaoning-XiaobeiNeural,0.7389,可检
data/redteam/factory/edgetts/dongbei/edgetts_dongbei_zh-CN-liaoning-XiaobeiNeural_SC-000820.wav,edgetts,dongbei,SC-000820,zh-CN-liaoning-XiaobeiNeural,0.7389,可检
data/redteam/factory/edgetts/minnan/edgetts_minnan_zh-TW-YunJheNeural_SC-000740.wav,edgetts,minnan,SC-000740,zh-TW-YunJheNeural,0.7392,可检
data/redteam/factory/edgetts/dongbei/edgetts_dongbei_zh-CN-liaoning-XiaobeiNeural_SC-000861.wav,edgetts,dongbei,SC-000861,zh-CN-liaoning-XiaobeiNeural,0.7395,可检
data/redteam/factory/edgetts/dongbei/edgetts_dongbei_zh-CN-liaoning-XiaobeiNeural_SC-001031.wav,edgetts,dongbei,SC-001031,zh-CN-liaoning-XiaobeiNeural,0.7396,可检
data/redteam/factory/edgetts/mandarin/edgetts_mandarin_zh-CN-YunjianNeural_SC-000028.wav,edgetts,mandarin,SC-000028,zh-CN-YunjianNeural,0.7398,可检
data/redteam/factory/edgetts/dongbei/edgetts_dongbei_zh-CN-liaoning-XiaobeiNeural_SC-000001.wav,edgetts,dongbei,SC-000001,zh-CN-liaoning-XiaobeiNeural,0.7398,可检
data/redteam/factory/edgetts/mandarin/edgetts_mandarin_zh-CN-YunjianNeural_SC-000008.wav,edgetts,mandarin,SC-000008,zh-CN-YunjianNeural,0.7404,可检
data/redteam/factory/edgetts/mandarin/edgetts_mandarin_zh-CN-YunjianNeural_SC-000216.wav,edgetts,mandarin,SC-000216,zh-CN-YunjianNeural,0.7406,可检
data/redteam/factory/edgetts/henan/edgetts_henan_zh-CN-shaanxi-XiaoniNeural_SC-000274.wav,edgetts,henan,SC-000274,zh-CN-shaanxi-XiaoniNeural,0.7408,可检
data/redteam/factory/edgetts/sichuan/edgetts_sichuan_zh-CN-YunxiNeural_SC-000372.wav,edgetts,sichuan,SC-000372,zh-CN-YunxiNeural,0.7408,可检
data/redteam/factory/edgetts/mandarin/edgetts_mandarin_zh-CN-YunjianNeural_SC-000021.wav,edgetts,mandarin,SC-000021,zh-CN-YunjianNeural,0.7409,可检
data/redteam/factory/edgetts/mandarin/edgetts_mandarin_zh-CN-YunyangNeural_SC-000473.wav,edgetts,mandarin,SC-000473,zh-CN-YunyangNeural,0.7409,可检
data/redteam/factory/edgetts/mandarin/edgetts_mandarin_zh-CN-YunyangNeural_SC-000058.wav,edgetts,mandarin,SC-000058,zh-CN-YunyangNeural,0.741,可检
data/redteam/factory/edgetts/sichuan/edgetts_sichuan_zh-CN-YunxiNeural_SC-000622.wav,edgetts,sichuan,SC-000622,zh-CN-YunxiNeural,0.742,可检
data/redteam/factory/edgetts/mandarin/edgetts_mandarin_zh-CN-YunjianNeural_SC-000060.wav,edgetts,mandarin,SC-000060,zh-CN-YunjianNeural,0.7421,可检
data/redteam/factory/edgetts/minnan/edgetts_minnan_zh-TW-YunJheNeural_SC-001180.wav,edgetts,minnan,SC-001180,zh-TW-YunJheNeural,0.7423,可检
data/redteam/factory/edgetts/dongbei/edgetts_dongbei_zh-CN-liaoning-XiaobeiNeural_SC-000012.wav,edgetts,dongbei,SC-000012,zh-CN-liaoning-XiaobeiNeural,0.7424,可检
data/redteam/factory/sovits_api/dongbei/sovits_api_dongbei_ref_boot_edgetts_dongbei_zh-CN-liaoning-XiaobeiNeural_SC-000002_seg8s_SC-000157.wav,sovits_api,dongbei,SC-000157,ref_boot_edgetts_dongbei_zh-CN-liaoning-XiaobeiNeural_SC-000002_seg8s,0.7429,可检
data/redteam/factory/edgetts/minnan/edgetts_minnan_zh-TW-YunJheNeural_SC-001454.wav,edgetts,minnan,SC-001454,zh-TW-YunJheNeural,0.743,可检
data/redteam/factory/edgetts/mandarin/edgetts_mandarin_zh-CN-YunxiNeural_SC-000456.wav,edgetts,mandarin,SC-000456,zh-CN-YunxiNeural,0.743,可检
data/redteam/factory/edgetts/sichuan/edgetts_sichuan_zh-CN-YunxiNeural_SC-001558.wav,edgetts,sichuan,SC-001558,zh-CN-YunxiNeural,0.7433,可检
data/redteam/factory/edgetts/mandarin/edgetts_mandarin_zh-CN-YunyangNeural_SC-000345.wav,edgetts,mandarin,SC-000345,zh-CN-YunyangNeural,0.7438,可检
data/redteam/factory/edgetts/minnan/edgetts_minnan_zh-TW-YunJheNeural_SC-000767.wav,edgetts,minnan,SC-000767,zh-TW-YunJheNeural,0.7439,可检
data/redteam/factory/edgetts/dongbei/edgetts_dongbei_zh-CN-liaoning-XiaobeiNeural_SC-001635.wav,edgetts,dongbei,SC-001635,zh-CN-liaoning-XiaobeiNeural,0.7441,可检
data/redteam/factory/edgetts/minnan/edgetts_minnan_zh-TW-YunJheNeural_SC-000143.wav,edgetts,minnan,SC-000143,zh-TW-YunJheNeural,0.7451,可检
data/redteam/factory/edgetts/mandarin/edgetts_mandarin_zh-CN-YunxiNeural_SC-000374.wav,edgetts,mandarin,SC-000374,zh-CN-YunxiNeural,0.7451,可检
data/redteam/factory/edgetts/mandarin/edgetts_mandarin_zh-CN-YunyangNeural_SC-000324.wav,edgetts,mandarin,SC-000324,zh-CN-YunyangNeural,0.7452,可检
data/redteam/factory/edgetts/mandarin/edgetts_mandarin_zh-CN-YunyangNeural_SC-000072.wav,edgetts,mandarin,SC-000072,zh-CN-YunyangNeural,0.7458,可检
data/redteam/factory/edgetts/mandarin/edgetts_mandarin_zh-CN-YunxiNeural_SC-000181.wav,edgetts,mandarin,SC-000181,zh-CN-YunxiNeural,0.7468,可检
data/redteam/factory/edgetts/mandarin/edgetts_mandarin_zh-CN-YunyangNeural_SC-000311.wav,edgetts,mandarin,SC-000311,zh-CN-YunyangNeural,0.7469,可检
data/redteam/factory/edgetts/mandarin/edgetts_mandarin_zh-CN-YunyangNeural_SC-000507.wav,edgetts,mandarin,SC-000507,zh-CN-YunyangNeural,0.7469,可检
data/redteam/factory/edgetts/dongbei/edgetts_dongbei_zh-CN-liaoning-XiaobeiNeural_SC-001426.wav,edgetts,dongbei,SC-001426,zh-CN-liaoning-XiaobeiNeural,0.7473,可检
data/redteam/factory/edgetts/sichuan/edgetts_sichuan_zh-CN-YunxiNeural_SC-000472.wav,edgetts,sichuan,SC-000472,zh-CN-YunxiNeural,0.7475,可检
data/redteam/factory/edgetts/mandarin/edgetts_mandarin_zh-CN-YunjianNeural_SC-000035.wav,edgetts,mandarin,SC-000035,zh-CN-YunjianNeural,0.7484,可检
data/redteam/factory/edgetts/mandarin/edgetts_mandarin_zh-CN-YunjianNeural_SC-000041.wav,edgetts,mandarin,SC-000041,zh-CN-YunjianNeural,0.7484,可检
data/redteam/factory/edgetts/mandarin/edgetts_mandarin_zh-CN-YunxiNeural_SC-000279.wav,edgetts,mandarin,SC-000279,zh-CN-YunxiNeural,0.7484,可检
data/redteam/factory/edgetts/mandarin/edgetts_mandarin_zh-CN-YunxiNeural_SC-000480.wav,edgetts,mandarin,SC-000480,zh-CN-YunxiNeural,0.7493,可检
data/redteam/factory/edgetts/mandarin/edgetts_mandarin_zh-CN-YunjianNeural_SC-000046.wav,edgetts,mandarin,SC-000046,zh-CN-YunjianNeural,0.7494,可检
data/redteam/factory/edgetts/mandarin/edgetts_mandarin_zh-CN-YunxiNeural_SC-000008.wav,edgetts,mandarin,SC-000008,zh-CN-YunxiNeural,0.7496,可检
data/redteam/factory/edgetts/sichuan/edgetts_sichuan_zh-CN-YunxiNeural_SC-000008.wav,edgetts,sichuan,SC-000008,zh-CN-YunxiNeural,0.7496,可检
data/redteam/factory/edgetts/sichuan/edgetts_sichuan_zh-CN-YunxiNeural_SC-000743.wav,edgetts,sichuan,SC-000743,zh-CN-YunxiNeural,0.7498,可检
data/redteam/factory/edgetts/mandarin/edgetts_mandarin_zh-CN-YunxiNeural_SC-000468.wav,edgetts,mandarin,SC-000468,zh-CN-YunxiNeural,0.7509,可检
data/redteam/factory/edgetts/henan/edgetts_henan_zh-CN-shaanxi-XiaoniNeural_SC-000019.wav,edgetts,henan,SC-000019,zh-CN-shaanxi-XiaoniNeural,0.7512,可检
data/redteam/factory/edgetts/sichuan/edgetts_sichuan_zh-CN-YunxiNeural_SC-000896.wav,edgetts,sichuan,SC-000896,zh-CN-YunxiNeural,0.7513,可检
data/redteam/factory/edgetts/mandarin/edgetts_mandarin_zh-CN-YunjianNeural_SC-000301.wav,edgetts,mandarin,SC-000301,zh-CN-YunjianNeural,0.7518,可检
data/redteam/factory/edgetts/mandarin/edgetts_mandarin_zh-CN-YunxiNeural_SC-000136.wav,edgetts,mandarin,SC-000136,zh-CN-YunxiNeural,0.752,可检
data/redteam/factory/edgetts/minnan/edgetts_minnan_zh-TW-YunJheNeural_SC-001441.wav,edgetts,minnan,SC-001441,zh-TW-YunJheNeural,0.7521,可检
data/redteam/factory/edgetts/mandarin/edgetts_mandarin_zh-CN-YunxiNeural_SC-000476.wav,edgetts,mandarin,SC-000476,zh-CN-YunxiNeural,0.7532,可检
data/redteam/factory/edgetts/mandarin/edgetts_mandarin_zh-CN-YunjianNeural_SC-000006.wav,edgetts,mandarin,SC-000006,zh-CN-YunjianNeural,0.7536,可检
data/redteam/factory/edgetts/mandarin/edgetts_mandarin_zh-CN-XiaoxiaoNeural_SC-000060.wav,edgetts,mandarin,SC-000060,zh-CN-XiaoxiaoNeural,0.7539,可检
data/redteam/factory/edgetts/mandarin/edgetts_mandarin_zh-CN-YunxiNeural_SC-000041.wav,edgetts,mandarin,SC-000041,zh-CN-YunxiNeural,0.755,可检
data/redteam/factory/edgetts/sichuan/edgetts_sichuan_zh-CN-YunxiNeural_SC-000657.wav,edgetts,sichuan,SC-000657,zh-CN-YunxiNeural,0.755,可检
data/redteam/factory/edgetts/mandarin/edgetts_mandarin_zh-CN-YunxiNeural_SC-000360.wav,edgetts,mandarin,SC-000360,zh-CN-YunxiNeural,0.755,可检
data/redteam/factory/edgetts/mandarin/edgetts_mandarin_zh-CN-YunxiNeural_SC-000486.wav,edgetts,mandarin,SC-000486,zh-CN-YunxiNeural,0.7552,可检
data/redteam/factory/edgetts/dongbei/edgetts_dongbei_zh-CN-liaoning-XiaobeiNeural_SC-000162.wav,edgetts,dongbei,SC-000162,zh-CN-liaoning-XiaobeiNeural,0.7554,可检
data/redteam/factory/edgetts/mandarin/edgetts_mandarin_zh-CN-YunyangNeural_SC-000028.wav,edgetts,mandarin,SC-000028,zh-CN-YunyangNeural,0.7555,可检
data/redteam/factory/edgetts/dongbei/edgetts_dongbei_zh-CN-liaoning-XiaobeiNeural_SC-001490.wav,edgetts,dongbei,SC-001490,zh-CN-liaoning-XiaobeiNeural,0.7557,可检
data/redteam/factory/edgetts/mandarin/edgetts_mandarin_zh-CN-YunjianNeural_SC-000468.wav,edgetts,mandarin,SC-000468,zh-CN-YunjianNeural,0.7558,可检
data/redteam/factory/edgetts/mandarin/edgetts_mandarin_zh-CN-YunxiNeural_SC-000359.wav,edgetts,mandarin,SC-000359,zh-CN-YunxiNeural,0.7558,可检
data/redteam/factory/edgetts/mandarin/edgetts_mandarin_zh-CN-YunxiNeural_SC-000404.wav,edgetts,mandarin,SC-000404,zh-CN-YunxiNeural,0.756,可检
data/redteam/factory/edgetts/mandarin/edgetts_mandarin_zh-CN-YunjianNeural_SC-000012.wav,edgetts,mandarin,SC-000012,zh-CN-YunjianNeural,0.7565,可检
data/redteam/factory/edgetts/minnan/edgetts_minnan_zh-TW-YunJheNeural_SC-000694.wav,edgetts,minnan,SC-000694,zh-TW-YunJheNeural,0.7565,可检
data/redteam/factory/edgetts/cantonese/edgetts_cantonese_zh-HK-WanLungNeural_SC-000247.wav,edgetts,cantonese,SC-000247,zh-HK-WanLungNeural,0.7567,可检
data/redteam/factory/edgetts/mandarin/edgetts_mandarin_zh-CN-YunjianNeural_SC-000382.wav,edgetts,mandarin,SC-000382,zh-CN-YunjianNeural,0.7567,可检
data/redteam/factory/edgetts/mandarin/edgetts_mandarin_zh-CN-YunxiNeural_SC-000424.wav,edgetts,mandarin,SC-000424,zh-CN-YunxiNeural,0.7568,可检
data/redteam/factory/edgetts/sichuan/edgetts_sichuan_zh-CN-XiaoxiaoNeural_SC-000319.wav,edgetts,sichuan,SC-000319,zh-CN-XiaoxiaoNeural,0.7568,可检
data/redteam/factory/edgetts/mandarin/edgetts_mandarin_zh-CN-YunyangNeural_SC-000129.wav,edgetts,mandarin,SC-000129,zh-CN-YunyangNeural,0.7576,可检
data/redteam/factory/edgetts/mandarin/edgetts_mandarin_zh-CN-YunjianNeural_SC-000279.wav,edgetts,mandarin,SC-000279,zh-CN-YunjianNeural,0.7577,可检
data/redteam/factory/edgetts/mandarin/edgetts_mandarin_zh-CN-YunjianNeural_SC-000011.wav,edgetts,mandarin,SC-000011,zh-CN-YunjianNeural,0.7583,可检
data/redteam/factory/edgetts/sichuan/edgetts_sichuan_zh-CN-YunxiNeural_SC-001369.wav,edgetts,sichuan,SC-001369,zh-CN-YunxiNeural,0.7585,可检
data/redteam/factory/edgetts/dongbei/edgetts_dongbei_zh-CN-liaoning-XiaobeiNeural_SC-000434.wav,edgetts,dongbei,SC-000434,zh-CN-liaoning-XiaobeiNeural,0.7585,可检
data/redteam/factory/edgetts/mandarin/edgetts_mandarin_zh-CN-YunjianNeural_SC-000313.wav,edgetts,mandarin,SC-000313,zh-CN-YunjianNeural,0.7588,可检
data/redteam/factory/edgetts/mandarin/edgetts_mandarin_zh-CN-YunxiNeural_SC-000276.wav,edgetts,mandarin,SC-000276,zh-CN-YunxiNeural,0.759,可检
data/redteam/factory/sovits_api/cantonese/sovits_api_cantonese_ref_boot_edgetts_cantonese_zh-HK-HiuMaanNeural_SC-000005_seg8s_SC-000112.wav,sovits_api,cantonese,SC-000112,ref_boot_edgetts_cantonese_zh-HK-HiuMaanNeural_SC-000005_seg8s,0.7591,可检
data/redteam/factory/edgetts/mandarin/edgetts_mandarin_zh-CN-YunjianNeural_SC-000336.wav,edgetts,mandarin,SC-000336,zh-CN-YunjianNeural,0.7592,可检
data/redteam/factory/edgetts/mandarin/edgetts_mandarin_zh-CN-YunjianNeural_SC-000010.wav,edgetts,mandarin,SC-000010,zh-CN-YunjianNeural,0.7593,可检
data/redteam/factory/edgetts/cantonese/edgetts_cantonese_zh-HK-WanLungNeural_SC-000023.wav,edgetts,cantonese,SC-000023,zh-HK-WanLungNeural,0.7593,可检
data/redteam/factory/edgetts/sichuan/edgetts_sichuan_zh-CN-YunxiNeural_SC-001351.wav,edgetts,sichuan,SC-001351,zh-CN-YunxiNeural,0.7593,可检
data/redteam/factory/edgetts/minnan/edgetts_minnan_zh-TW-YunJheNeural_SC-001582.wav,edgetts,minnan,SC-001582,zh-TW-YunJheNeural,0.7597,可检
data/redteam/factory/edgetts/minnan/edgetts_minnan_zh-TW-YunJheNeural_SC-001348.wav,edgetts,minnan,SC-001348,zh-TW-YunJheNeural,0.7597,可检
data/redteam/factory/edgetts/dongbei/edgetts_dongbei_zh-CN-liaoning-XiaobeiNeural_SC-001379.wav,edgetts,dongbei,SC-001379,zh-CN-liaoning-XiaobeiNeural,0.7599,可检
data/redteam/factory/edgetts/mandarin/edgetts_mandarin_zh-CN-YunyangNeural_SC-000065.wav,edgetts,mandarin,SC-000065,zh-CN-YunyangNeural,0.7603,可检
data/redteam/factory/edgetts/mandarin/edgetts_mandarin_zh-CN-YunyangNeural_SC-000224.wav,edgetts,mandarin,SC-000224,zh-CN-YunyangNeural,0.7603,可检
data/redteam/factory/edgetts/mandarin/edgetts_mandarin_zh-CN-YunjianNeural_SC-000357.wav,edgetts,mandarin,SC-000357,zh-CN-YunjianNeural,0.7603,可检
data/redteam/factory/edgetts/minnan/edgetts_minnan_zh-TW-YunJheNeural_SC-000055.wav,edgetts,minnan,SC-000055,zh-TW-YunJheNeural,0.7607,可检
data/redteam/factory/edgetts/dongbei/edgetts_dongbei_zh-CN-liaoning-XiaobeiNeural_SC-000658.wav,edgetts,dongbei,SC-000658,zh-CN-liaoning-XiaobeiNeural,0.7615,可检
data/redteam/factory/edgetts/dongbei/edgetts_dongbei_zh-CN-liaoning-XiaobeiNeural_SC-000520.wav,edgetts,dongbei,SC-000520,zh-CN-liaoning-XiaobeiNeural,0.7617,可检
data/redteam/factory/edgetts/mandarin/edgetts_mandarin_zh-CN-YunjianNeural_SC-000464.wav,edgetts,mandarin,SC-000464,zh-CN-YunjianNeural,0.762,可检
data/redteam/factory/edgetts/mandarin/edgetts_mandarin_zh-CN-YunjianNeural_SC-000332.wav,edgetts,mandarin,SC-000332,zh-CN-YunjianNeural,0.762,可检
data/redteam/factory/edgetts/mandarin/edgetts_mandarin_zh-CN-YunjianNeural_SC-000272.wav,edgetts,mandarin,SC-000272,zh-CN-YunjianNeural,0.7621,可检
data/redteam/factory/edgetts/minnan/edgetts_minnan_zh-TW-YunJheNeural_SC-001203.wav,edgetts,minnan,SC-001203,zh-TW-YunJheNeural,0.7622,可检
data/redteam/factory/edgetts/sichuan/edgetts_sichuan_zh-CN-YunxiNeural_SC-000317.wav,edgetts,sichuan,SC-000317,zh-CN-YunxiNeural,0.7625,可检
data/redteam/factory/edgetts/cantonese/edgetts_cantonese_zh-HK-WanLungNeural_SC-000285.wav,edgetts,cantonese,SC-000285,zh-HK-WanLungNeural,0.7636,可检
data/redteam/factory/edgetts/sichuan/edgetts_sichuan_zh-CN-YunxiNeural_SC-001154.wav,edgetts,sichuan,SC-001154,zh-CN-YunxiNeural,0.7636,可检
data/redteam/factory/edgetts/mandarin/edgetts_mandarin_zh-CN-YunjianNeural_SC-000227.wav,edgetts,mandarin,SC-000227,zh-CN-YunjianNeural,0.7643,可检
data/redteam/factory/edgetts/sichuan/edgetts_sichuan_zh-CN-XiaoxiaoNeural_SC-001154.wav,edgetts,sichuan,SC-001154,zh-CN-XiaoxiaoNeural,0.7649,可检
data/redteam/factory/edgetts/sichuan/edgetts_sichuan_zh-CN-YunxiNeural_SC-000177.wav,edgetts,sichuan,SC-000177,zh-CN-YunxiNeural,0.7655,可检
data/redteam/factory/edgetts/mandarin/edgetts_mandarin_zh-CN-YunyangNeural_SC-000185.wav,edgetts,mandarin,SC-000185,zh-CN-YunyangNeural,0.7656,可检
data/redteam/factory/edgetts/minnan/edgetts_minnan_zh-TW-YunJheNeural_SC-000626.wav,edgetts,minnan,SC-000626,zh-TW-YunJheNeural,0.7664,可检
data/redteam/factory/edgetts/mandarin/edgetts_mandarin_zh-CN-YunjianNeural_SC-000485.wav,edgetts,mandarin,SC-000485,zh-CN-YunjianNeural,0.7669,可检
data/redteam/factory/edgetts/dongbei/edgetts_dongbei_zh-CN-liaoning-XiaobeiNeural_SC-000656.wav,edgetts,dongbei,SC-000656,zh-CN-liaoning-XiaobeiNeural,0.767,可检
data/redteam/factory/edgetts/dongbei/edgetts_dongbei_zh-CN-liaoning-XiaobeiNeural_SC-000019.wav,edgetts,dongbei,SC-000019,zh-CN-liaoning-XiaobeiNeural,0.7674,可检
data/redteam/factory/edgetts/henan/edgetts_henan_zh-CN-shaanxi-XiaoniNeural_SC-001185.wav,edgetts,henan,SC-001185,zh-CN-shaanxi-XiaoniNeural,0.7674,可检
data/redteam/factory/edgetts/sichuan/edgetts_sichuan_zh-CN-YunxiNeural_SC-000302.wav,edgetts,sichuan,SC-000302,zh-CN-YunxiNeural,0.7675,可检
data/redteam/factory/edgetts/minnan/edgetts_minnan_zh-TW-YunJheNeural_SC-001257.wav,edgetts,minnan,SC-001257,zh-TW-YunJheNeural,0.7681,可检
data/redteam/factory/edgetts/mandarin/edgetts_mandarin_zh-CN-XiaoxiaoNeural_SC-000117.wav,edgetts,mandarin,SC-000117,zh-CN-XiaoxiaoNeural,0.7682,可检
data/redteam/factory/edgetts/mandarin/edgetts_mandarin_zh-CN-YunjianNeural_SC-000001.wav,edgetts,mandarin,SC-000001,zh-CN-YunjianNeural,0.7698,可检
data/redteam/factory/edgetts/minnan/edgetts_minnan_zh-TW-YunJheNeural_SC-000025.wav,edgetts,minnan,SC-000025,zh-TW-YunJheNeural,0.7702,可检
data/redteam/factory/edgetts/minnan/edgetts_minnan_zh-TW-YunJheNeural_SC-000005.wav,edgetts,minnan,SC-000005,zh-TW-YunJheNeural,0.7703,可检
data/redteam/factory/edgetts/mandarin/edgetts_mandarin_zh-CN-YunjianNeural_SC-000456.wav,edgetts,mandarin,SC-000456,zh-CN-YunjianNeural,0.7703,可检
data/redteam/factory/edgetts/sichuan/edgetts_sichuan_zh-CN-XiaoxiaoNeural_SC-000211.wav,edgetts,sichuan,SC-000211,zh-CN-XiaoxiaoNeural,0.7704,可检
data/redteam/factory/edgetts/mandarin/edgetts_mandarin_zh-CN-YunjianNeural_SC-000398.wav,edgetts,mandarin,SC-000398,zh-CN-YunjianNeural,0.7709,可检
data/redteam/factory/edgetts/mandarin/edgetts_mandarin_zh-CN-YunyangNeural_SC-000004.wav,edgetts,mandarin,SC-000004,zh-CN-YunyangNeural,0.771,可检
data/redteam/factory/edgetts/minnan/edgetts_minnan_zh-TW-YunJheNeural_SC-001112.wav,edgetts,minnan,SC-001112,zh-TW-YunJheNeural,0.7716,可检
data/redteam/factory/edgetts/cantonese/edgetts_cantonese_zh-HK-WanLungNeural_SC-000419.wav,edgetts,cantonese,SC-000419,zh-HK-WanLungNeural,0.772,可检
data/redteam/factory/edgetts/mandarin/edgetts_mandarin_zh-CN-YunjianNeural_SC-000098.wav,edgetts,mandarin,SC-000098,zh-CN-YunjianNeural,0.7721,可检
data/redteam/factory/edgetts/cantonese/edgetts_cantonese_zh-HK-WanLungNeural_SC-001005.wav,edgetts,cantonese,SC-001005,zh-HK-WanLungNeural,0.7722,可检
data/redteam/factory/edgetts/dongbei/edgetts_dongbei_zh-CN-liaoning-XiaobeiNeural_SC-000111.wav,edgetts,dongbei,SC-000111,zh-CN-liaoning-XiaobeiNeural,0.7724,可检
data/redteam/factory/edgetts/mandarin/edgetts_mandarin_zh-CN-YunyangNeural_SC-000464.wav,edgetts,mandarin,SC-000464,zh-CN-YunyangNeural,0.7724,可检
data/redteam/factory/edgetts/minnan/edgetts_minnan_zh-TW-YunJheNeural_SC-000282.wav,edgetts,minnan,SC-000282,zh-TW-YunJheNeural,0.7727,可检
data/redteam/factory/edgetts/sichuan/edgetts_sichuan_zh-CN-YunxiNeural_SC-000222.wav,edgetts,sichuan,SC-000222,zh-CN-YunxiNeural,0.773,可检
data/redteam/factory/edgetts/dongbei/edgetts_dongbei_zh-CN-liaoning-XiaobeiNeural_SC-000154.wav,edgetts,dongbei,SC-000154,zh-CN-liaoning-XiaobeiNeural,0.7731,可检
data/redteam/factory/edgetts/henan/edgetts_henan_zh-CN-shaanxi-XiaoniNeural_SC-000088.wav,edgetts,henan,SC-000088,zh-CN-shaanxi-XiaoniNeural,0.7733,可检
data/redteam/factory/edgetts/mandarin/edgetts_mandarin_zh-CN-YunyangNeural_SC-000166.wav,edgetts,mandarin,SC-000166,zh-CN-YunyangNeural,0.7734,可检
data/redteam/factory/edgetts/sichuan/edgetts_sichuan_zh-CN-YunxiNeural_SC-000724.wav,edgetts,sichuan,SC-000724,zh-CN-YunxiNeural,0.7734,可检
data/redteam/factory/edgetts/henan/edgetts_henan_zh-CN-shaanxi-XiaoniNeural_SC-000676.wav,edgetts,henan,SC-000676,zh-CN-shaanxi-XiaoniNeural,0.7734,可检
data/redteam/factory/edgetts/mandarin/edgetts_mandarin_zh-CN-YunxiNeural_SC-000074.wav,edgetts,mandarin,SC-000074,zh-CN-YunxiNeural,0.7736,可检
data/redteam/factory/edgetts/minnan/edgetts_minnan_zh-TW-YunJheNeural_SC-000704.wav,edgetts,minnan,SC-000704,zh-TW-YunJheNeural,0.7737,可检
data/redteam/factory/edgetts/minnan/edgetts_minnan_zh-TW-YunJheNeural_SC-000750.wav,edgetts,minnan,SC-000750,zh-TW-YunJheNeural,0.7738,可检
data/redteam/factory/edgetts/sichuan/edgetts_sichuan_zh-CN-YunxiNeural_SC-001041.wav,edgetts,sichuan,SC-001041,zh-CN-YunxiNeural,0.7739,可检
data/redteam/factory/edgetts/mandarin/edgetts_mandarin_zh-CN-YunjianNeural_SC-000386.wav,edgetts,mandarin,SC-000386,zh-CN-YunjianNeural,0.7751,可检
data/redteam/factory/edgetts/dongbei/edgetts_dongbei_zh-CN-liaoning-XiaobeiNeural_SC-000669.wav,edgetts,dongbei,SC-000669,zh-CN-liaoning-XiaobeiNeural,0.7751,可检
data/redteam/factory/edgetts/sichuan/edgetts_sichuan_zh-CN-YunxiNeural_SC-000373.wav,edgetts,sichuan,SC-000373,zh-CN-YunxiNeural,0.7756,可检
data/redteam/factory/edgetts/henan/edgetts_henan_zh-CN-shaanxi-XiaoniNeural_SC-000420.wav,edgetts,henan,SC-000420,zh-CN-shaanxi-XiaoniNeural,0.7757,可检
data/redteam/factory/edgetts/mandarin/edgetts_mandarin_zh-CN-YunyangNeural_SC-000138.wav,edgetts,mandarin,SC-000138,zh-CN-YunyangNeural,0.776,可检
data/redteam/factory/edgetts/cantonese/edgetts_cantonese_zh-HK-WanLungNeural_SC-001529.wav,edgetts,cantonese,SC-001529,zh-HK-WanLungNeural,0.776,可检
data/redteam/factory/edgetts/henan/edgetts_henan_zh-CN-shaanxi-XiaoniNeural_SC-001071.wav,edgetts,henan,SC-001071,zh-CN-shaanxi-XiaoniNeural,0.776,可检
data/redteam/factory/edgetts/mandarin/edgetts_mandarin_zh-CN-YunyangNeural_SC-000007.wav,edgetts,mandarin,SC-000007,zh-CN-YunyangNeural,0.7762,可检
data/redteam/factory/edgetts/minnan/edgetts_minnan_zh-TW-YunJheNeural_SC-000146.wav,edgetts,minnan,SC-000146,zh-TW-YunJheNeural,0.7762,可检
data/redteam/factory/edgetts/dongbei/edgetts_dongbei_zh-CN-liaoning-XiaobeiNeural_SC-000414.wav,edgetts,dongbei,SC-000414,zh-CN-liaoning-XiaobeiNeural,0.7766,可检
data/redteam/factory/edgetts/minnan/edgetts_minnan_zh-TW-YunJheNeural_SC-000536.wav,edgetts,minnan,SC-000536,zh-TW-YunJheNeural,0.7767,可检
data/redteam/factory/edgetts/mandarin/edgetts_mandarin_zh-CN-YunyangNeural_SC-000003.wav,edgetts,mandarin,SC-000003,zh-CN-YunyangNeural,0.7768,可检
data/redteam/factory/edgetts/minnan/edgetts_minnan_zh-TW-YunJheNeural_SC-000010.wav,edgetts,minnan,SC-000010,zh-TW-YunJheNeural,0.7768,可检
data/redteam/factory/edgetts/minnan/edgetts_minnan_zh-TW-YunJheNeural_SC-000705.wav,edgetts,minnan,SC-000705,zh-TW-YunJheNeural,0.7769,可检
data/redteam/factory/edgetts/cantonese/edgetts_cantonese_zh-HK-WanLungNeural_SC-001299.wav,edgetts,cantonese,SC-001299,zh-HK-WanLungNeural,0.7771,可检
data/redteam/factory/edgetts/sichuan/edgetts_sichuan_zh-CN-YunxiNeural_SC-001523.wav,edgetts,sichuan,SC-001523,zh-CN-YunxiNeural,0.7771,可检
data/redteam/factory/edgetts/mandarin/edgetts_mandarin_zh-CN-YunxiNeural_SC-000336.wav,edgetts,mandarin,SC-000336,zh-CN-YunxiNeural,0.7771,可检
data/redteam/factory/edgetts/mandarin/edgetts_mandarin_zh-CN-YunxiNeural_SC-000497.wav,edgetts,mandarin,SC-000497,zh-CN-YunxiNeural,0.7773,可检
data/redteam/factory/edgetts/mandarin/edgetts_mandarin_zh-CN-YunxiNeural_SC-000431.wav,edgetts,mandarin,SC-000431,zh-CN-YunxiNeural,0.7787,可检
data/redteam/factory/edgetts/mandarin/edgetts_mandarin_zh-CN-YunyangNeural_SC-000190.wav,edgetts,mandarin,SC-000190,zh-CN-YunyangNeural,0.7794,可检
data/redteam/factory/edgetts/dongbei/edgetts_dongbei_zh-CN-liaoning-XiaobeiNeural_SC-000544.wav,edgetts,dongbei,SC-000544,zh-CN-liaoning-XiaobeiNeural,0.7798,可检
data/redteam/factory/edgetts/mandarin/edgetts_mandarin_zh-CN-YunjianNeural_SC-000242.wav,edgetts,mandarin,SC-000242,zh-CN-YunjianNeural,0.78,可检
data/redteam/factory/edgetts/mandarin/edgetts_mandarin_zh-CN-YunyangNeural_SC-000005.wav,edgetts,mandarin,SC-000005,zh-CN-YunyangNeural,0.7805,可检
data/redteam/factory/edgetts/henan/edgetts_henan_zh-CN-shaanxi-XiaoniNeural_SC-000851.wav,edgetts,henan,SC-000851,zh-CN-shaanxi-XiaoniNeural,0.7806,可检
data/redteam/factory/edgetts/dongbei/edgetts_dongbei_zh-CN-liaoning-XiaobeiNeural_SC-001050.wav,edgetts,dongbei,SC-001050,zh-CN-liaoning-XiaobeiNeural,0.7816,可检
data/redteam/factory/edgetts/henan/edgetts_henan_zh-CN-shaanxi-XiaoniNeural_SC-001567.wav,edgetts,henan,SC-001567,zh-CN-shaanxi-XiaoniNeural,0.782,可检
data/redteam/factory/edgetts/sichuan/edgetts_sichuan_zh-CN-YunxiNeural_SC-000967.wav,edgetts,sichuan,SC-000967,zh-CN-YunxiNeural,0.7822,可检
data/redteam/factory/edgetts/cantonese/edgetts_cantonese_zh-HK-WanLungNeural_SC-000801.wav,edgetts,cantonese,SC-000801,zh-HK-WanLungNeural,0.7823,可检
data/redteam/factory/sovits_api/cantonese/sovits_api_cantonese_ref_boot_edgetts_cantonese_zh-HK-WanLungNeural_SC-000005_seg8s_SC-000197.wav,sovits_api,cantonese,SC-000197,ref_boot_edgetts_cantonese_zh-HK-WanLungNeural_SC-000005_seg8s,0.7823,可检
data/redteam/factory/edgetts/sichuan/edgetts_sichuan_zh-CN-YunxiNeural_SC-001511.wav,edgetts,sichuan,SC-001511,zh-CN-YunxiNeural,0.7824,可检
data/redteam/factory/edgetts/cantonese/edgetts_cantonese_zh-HK-WanLungNeural_SC-001262.wav,edgetts,cantonese,SC-001262,zh-HK-WanLungNeural,0.7827,可检
data/redteam/factory/edgetts/dongbei/edgetts_dongbei_zh-CN-liaoning-XiaobeiNeural_SC-001241.wav,edgetts,dongbei,SC-001241,zh-CN-liaoning-XiaobeiNeural,0.7834,可检
data/redteam/factory/edgetts/mandarin/edgetts_mandarin_zh-CN-YunxiNeural_SC-000016.wav,edgetts,mandarin,SC-000016,zh-CN-YunxiNeural,0.7836,可检
data/redteam/factory/edgetts/sichuan/edgetts_sichuan_zh-CN-YunxiNeural_SC-000016.wav,edgetts,sichuan,SC-000016,zh-CN-YunxiNeural,0.7836,可检
data/redteam/factory/edgetts/mandarin/edgetts_mandarin_zh-CN-YunyangNeural_SC-000357.wav,edgetts,mandarin,SC-000357,zh-CN-YunyangNeural,0.7839,可检
data/redteam/factory/edgetts/mandarin/edgetts_mandarin_zh-CN-YunyangNeural_SC-000242.wav,edgetts,mandarin,SC-000242,zh-CN-YunyangNeural,0.784,可检
data/redteam/factory/edgetts/dongbei/edgetts_dongbei_zh-CN-liaoning-XiaobeiNeural_SC-001516.wav,edgetts,dongbei,SC-001516,zh-CN-liaoning-XiaobeiNeural,0.7842,可检
data/redteam/factory/edgetts/dongbei/edgetts_dongbei_zh-CN-liaoning-XiaobeiNeural_SC-000931.wav,edgetts,dongbei,SC-000931,zh-CN-liaoning-XiaobeiNeural,0.7842,可检
data/redteam/factory/edgetts/mandarin/edgetts_mandarin_zh-CN-YunxiNeural_SC-000180.wav,edgetts,mandarin,SC-000180,zh-CN-YunxiNeural,0.7847,可检
data/redteam/factory/edgetts/minnan/edgetts_minnan_zh-TW-YunJheNeural_SC-000008.wav,edgetts,minnan,SC-000008,zh-TW-YunJheNeural,0.7852,可检
data/redteam/factory/edgetts/mandarin/edgetts_mandarin_zh-CN-YunxiNeural_SC-000437.wav,edgetts,mandarin,SC-000437,zh-CN-YunxiNeural,0.7854,可检
data/redteam/factory/edgetts/dongbei/edgetts_dongbei_zh-CN-liaoning-XiaobeiNeural_SC-001212.wav,edgetts,dongbei,SC-001212,zh-CN-liaoning-XiaobeiNeural,0.7859,可检
data/redteam/factory/edgetts/minnan/edgetts_minnan_zh-TW-YunJheNeural_SC-000685.wav,edgetts,minnan,SC-000685,zh-TW-YunJheNeural,0.7862,可检
data/redteam/factory/edgetts/minnan/edgetts_minnan_zh-TW-YunJheNeural_SC-000369.wav,edgetts,minnan,SC-000369,zh-TW-YunJheNeural,0.7868,可检
data/redteam/factory/edgetts/mandarin/edgetts_mandarin_zh-CN-YunyangNeural_SC-000506.wav,edgetts,mandarin,SC-000506,zh-CN-YunyangNeural,0.7868,可检
data/redteam/factory/edgetts/dongbei/edgetts_dongbei_zh-CN-liaoning-XiaobeiNeural_SC-000016.wav,edgetts,dongbei,SC-000016,zh-CN-liaoning-XiaobeiNeural,0.7869,可检
data/redteam/factory/edgetts/sichuan/edgetts_sichuan_zh-CN-YunxiNeural_SC-000986.wav,edgetts,sichuan,SC-000986,zh-CN-YunxiNeural,0.7869,可检
data/redteam/factory/edgetts/mandarin/edgetts_mandarin_zh-CN-YunxiNeural_SC-000368.wav,edgetts,mandarin,SC-000368,zh-CN-YunxiNeural,0.7873,可检
data/redteam/factory/edgetts/cantonese/edgetts_cantonese_zh-HK-WanLungNeural_SC-001555.wav,edgetts,cantonese,SC-001555,zh-HK-WanLungNeural,0.7876,可检
data/redteam/factory/edgetts/mandarin/edgetts_mandarin_zh-CN-YunxiNeural_SC-000044.wav,edgetts,mandarin,SC-000044,zh-CN-YunxiNeural,0.7878,可检
data/redteam/factory/edgetts/dongbei/edgetts_dongbei_zh-CN-liaoning-XiaobeiNeural_SC-001437.wav,edgetts,dongbei,SC-001437,zh-CN-liaoning-XiaobeiNeural,0.7881,可检
data/redteam/factory/edgetts/minnan/edgetts_minnan_zh-TW-YunJheNeural_SC-000791.wav,edgetts,minnan,SC-000791,zh-TW-YunJheNeural,0.7885,可检
data/redteam/factory/edgetts/sichuan/edgetts_sichuan_zh-CN-YunxiNeural_SC-001451.wav,edgetts,sichuan,SC-001451,zh-CN-YunxiNeural,0.7887,可检
data/redteam/factory/edgetts/minnan/edgetts_minnan_zh-TW-YunJheNeural_SC-000394.wav,edgetts,minnan,SC-000394,zh-TW-YunJheNeural,0.7889,可检
data/redteam/factory/edgetts/mandarin/edgetts_mandarin_zh-CN-YunjianNeural_SC-000276.wav,edgetts,mandarin,SC-000276,zh-CN-YunjianNeural,0.7893,可检
data/redteam/factory/edgetts/mandarin/edgetts_mandarin_zh-CN-YunjianNeural_SC-000378.wav,edgetts,mandarin,SC-000378,zh-CN-YunjianNeural,0.7895,可检
data/redteam/factory/edgetts/mandarin/edgetts_mandarin_zh-CN-YunxiNeural_SC-000213.wav,edgetts,mandarin,SC-000213,zh-CN-YunxiNeural,0.7896,可检
data/redteam/factory/edgetts/henan/edgetts_henan_zh-CN-shaanxi-XiaoniNeural_SC-001353.wav,edgetts,henan,SC-001353,zh-CN-shaanxi-XiaoniNeural,0.7901,可检
data/redteam/factory/edgetts/mandarin/edgetts_mandarin_zh-CN-YunyangNeural_SC-000234.wav,edgetts,mandarin,SC-000234,zh-CN-YunyangNeural,0.7904,可检
data/redteam/factory/edgetts/dongbei/edgetts_dongbei_zh-CN-liaoning-XiaobeiNeural_SC-000616.wav,edgetts,dongbei,SC-000616,zh-CN-liaoning-XiaobeiNeural,0.7905,可检
data/redteam/factory/edgetts/sichuan/edgetts_sichuan_zh-CN-YunxiNeural_SC-001474.wav,edgetts,sichuan,SC-001474,zh-CN-YunxiNeural,0.7907,可检
data/redteam/factory/edgetts/mandarin/edgetts_mandarin_zh-CN-YunyangNeural_SC-000461.wav,edgetts,mandarin,SC-000461,zh-CN-YunyangNeural,0.7908,可检
data/redteam/factory/edgetts/minnan/edgetts_minnan_zh-TW-YunJheNeural_SC-001394.wav,edgetts,minnan,SC-001394,zh-TW-YunJheNeural,0.7909,可检
data/redteam/factory/edgetts/mandarin/edgetts_mandarin_zh-CN-YunxiNeural_SC-000357.wav,edgetts,mandarin,SC-000357,zh-CN-YunxiNeural,0.7909,可检
data/redteam/factory/edgetts/sichuan/edgetts_sichuan_zh-CN-YunxiNeural_SC-000675.wav,edgetts,sichuan,SC-000675,zh-CN-YunxiNeural,0.7912,可检
data/redteam/factory/edgetts/mandarin/edgetts_mandarin_zh-CN-YunxiNeural_SC-000345.wav,edgetts,mandarin,SC-000345,zh-CN-YunxiNeural,0.7913,可检
data/redteam/factory/edgetts/mandarin/edgetts_mandarin_zh-CN-YunxiNeural_SC-000185.wav,edgetts,mandarin,SC-000185,zh-CN-YunxiNeural,0.7913,可检
data/redteam/factory/edgetts/minnan/edgetts_minnan_zh-TW-YunJheNeural_SC-000257.wav,edgetts,minnan,SC-000257,zh-TW-YunJheNeural,0.7914,可检
data/redteam/factory/edgetts/mandarin/edgetts_mandarin_zh-CN-YunjianNeural_SC-000368.wav,edgetts,mandarin,SC-000368,zh-CN-YunjianNeural,0.7914,可检
data/redteam/factory/edgetts/mandarin/edgetts_mandarin_zh-CN-YunxiNeural_SC-000331.wav,edgetts,mandarin,SC-000331,zh-CN-YunxiNeural,0.7914,可检
data/redteam/factory/edgetts/mandarin/edgetts_mandarin_zh-CN-YunxiNeural_SC-000364.wav,edgetts,mandarin,SC-000364,zh-CN-YunxiNeural,0.7914,可检
data/redteam/factory/edgetts/mandarin/edgetts_mandarin_zh-CN-YunyangNeural_SC-000308.wav,edgetts,mandarin,SC-000308,zh-CN-YunyangNeural,0.7915,可检
data/redteam/factory/edgetts/cantonese/edgetts_cantonese_zh-HK-WanLungNeural_SC-001445.wav,edgetts,cantonese,SC-001445,zh-HK-WanLungNeural,0.7916,可检
data/redteam/factory/edgetts/mandarin/edgetts_mandarin_zh-CN-YunxiNeural_SC-000022.wav,edgetts,mandarin,SC-000022,zh-CN-YunxiNeural,0.7917,可检
data/redteam/factory/edgetts/sichuan/edgetts_sichuan_zh-CN-YunxiNeural_SC-000022.wav,edgetts,sichuan,SC-000022,zh-CN-YunxiNeural,0.7917,可检
data/redteam/factory/edgetts/dongbei/edgetts_dongbei_zh-CN-liaoning-XiaobeiNeural_SC-001016.wav,edgetts,dongbei,SC-001016,zh-CN-liaoning-XiaobeiNeural,0.7922,可检
data/redteam/factory/edgetts/mandarin/edgetts_mandarin_zh-CN-YunjianNeural_SC-000325.wav,edgetts,mandarin,SC-000325,zh-CN-YunjianNeural,0.7922,可检
data/redteam/factory/edgetts/mandarin/edgetts_mandarin_zh-CN-YunjianNeural_SC-000030.wav,edgetts,mandarin,SC-000030,zh-CN-YunjianNeural,0.7924,可检
data/redteam/factory/edgetts/mandarin/edgetts_mandarin_zh-CN-YunjianNeural_SC-000173.wav,edgetts,mandarin,SC-000173,zh-CN-YunjianNeural,0.7924,可检
data/redteam/factory/edgetts/mandarin/edgetts_mandarin_zh-CN-YunyangNeural_SC-000098.wav,edgetts,mandarin,SC-000098,zh-CN-YunyangNeural,0.7926,可检
data/redteam/factory/edgetts/dongbei/edgetts_dongbei_zh-CN-liaoning-XiaobeiNeural_SC-000008.wav,edgetts,dongbei,SC-000008,zh-CN-liaoning-XiaobeiNeural,0.7933,可检
data/redteam/factory/edgetts/mandarin/edgetts_mandarin_zh-CN-YunjianNeural_SC-000280.wav,edgetts,mandarin,SC-000280,zh-CN-YunjianNeural,0.7936,可检
data/redteam/factory/edgetts/minnan/edgetts_minnan_zh-TW-YunJheNeural_SC-000522.wav,edgetts,minnan,SC-000522,zh-TW-YunJheNeural,0.7943,可检
data/redteam/factory/edgetts/sichuan/edgetts_sichuan_zh-CN-YunxiNeural_SC-000188.wav,edgetts,sichuan,SC-000188,zh-CN-YunxiNeural,0.7945,可检
data/redteam/factory/edgetts/henan/edgetts_henan_zh-CN-shaanxi-XiaoniNeural_SC-001066.wav,edgetts,henan,SC-001066,zh-CN-shaanxi-XiaoniNeural,0.7946,可检
data/redteam/factory/edgetts/sichuan/edgetts_sichuan_zh-CN-XiaoxiaoNeural_SC-000446.wav,edgetts,sichuan,SC-000446,zh-CN-XiaoxiaoNeural,0.7947,可检
data/redteam/factory/edgetts/henan/edgetts_henan_zh-CN-shaanxi-XiaoniNeural_SC-000013.wav,edgetts,henan,SC-000013,zh-CN-shaanxi-XiaoniNeural,0.7949,可检
data/redteam/factory/edgetts/henan/edgetts_henan_zh-CN-shaanxi-XiaoniNeural_SC-000388.wav,edgetts,henan,SC-000388,zh-CN-shaanxi-XiaoniNeural,0.7953,可检
data/redteam/factory/edgetts/sichuan/edgetts_sichuan_zh-CN-YunxiNeural_SC-001028.wav,edgetts,sichuan,SC-001028,zh-CN-YunxiNeural,0.7953,可检
data/redteam/factory/edgetts/sichuan/edgetts_sichuan_zh-CN-XiaoxiaoNeural_SC-000249.wav,edgetts,sichuan,SC-000249,zh-CN-XiaoxiaoNeural,0.7955,可检
data/redteam/factory/edgetts/dongbei/edgetts_dongbei_zh-CN-liaoning-XiaobeiNeural_SC-001389.wav,edgetts,dongbei,SC-001389,zh-CN-liaoning-XiaobeiNeural,0.7958,可检
data/redteam/factory/edgetts/henan/edgetts_henan_zh-CN-shaanxi-XiaoniNeural_SC-001197.wav,edgetts,henan,SC-001197,zh-CN-shaanxi-XiaoniNeural,0.7964,可检
data/redteam/factory/edgetts/mandarin/edgetts_mandarin_zh-CN-YunyangNeural_SC-000480.wav,edgetts,mandarin,SC-000480,zh-CN-YunyangNeural,0.7965,可检
data/redteam/factory/edgetts/mandarin/edgetts_mandarin_zh-CN-YunjianNeural_SC-000072.wav,edgetts,mandarin,SC-000072,zh-CN-YunjianNeural,0.7972,可检
data/redteam/factory/edgetts/mandarin/edgetts_mandarin_zh-CN-YunxiNeural_SC-000341.wav,edgetts,mandarin,SC-000341,zh-CN-YunxiNeural,0.7972,可检
data/redteam/factory/sovits_api/sichuan/sovits_api_sichuan_ref_boot_edgetts_sichuan_zh-CN-YunxiNeural_SC-000010_SC-000254.wav,sovits_api,sichuan,SC-000254,ref_boot_edgetts_sichuan_zh-CN-YunxiNeural_SC-000010,0.7978,可检
data/redteam/factory/edgetts/sichuan/edgetts_sichuan_zh-CN-XiaoxiaoNeural_SC-000298.wav,edgetts,sichuan,SC-000298,zh-CN-XiaoxiaoNeural,0.7984,可检
data/redteam/factory/edgetts/henan/edgetts_henan_zh-CN-shaanxi-XiaoniNeural_SC-001101.wav,edgetts,henan,SC-001101,zh-CN-shaanxi-XiaoniNeural,0.7984,可检
data/redteam/factory/edgetts/mandarin/edgetts_mandarin_zh-CN-YunjianNeural_SC-000424.wav,edgetts,mandarin,SC-000424,zh-CN-YunjianNeural,0.7985,可检
data/redteam/factory/edgetts/sichuan/edgetts_sichuan_zh-CN-YunxiNeural_SC-001195.wav,edgetts,sichuan,SC-001195,zh-CN-YunxiNeural,0.7985,可检
data/redteam/factory/edgetts/mandarin/edgetts_mandarin_zh-CN-YunyangNeural_SC-000057.wav,edgetts,mandarin,SC-000057,zh-CN-YunyangNeural,0.7986,可检
data/redteam/factory/edgetts/minnan/edgetts_minnan_zh-TW-YunJheNeural_SC-001677.wav,edgetts,minnan,SC-001677,zh-TW-YunJheNeural,0.7986,可检
data/redteam/factory/edgetts/sichuan/edgetts_sichuan_zh-CN-YunxiNeural_SC-000579.wav,edgetts,sichuan,SC-000579,zh-CN-YunxiNeural,0.7995,可检
data/redteam/factory/edgetts/mandarin/edgetts_mandarin_zh-CN-YunxiNeural_SC-000289.wav,edgetts,mandarin,SC-000289,zh-CN-YunxiNeural,0.7996,可检
data/redteam/factory/edgetts/dongbei/edgetts_dongbei_zh-CN-liaoning-XiaobeiNeural_SC-000853.wav,edgetts,dongbei,SC-000853,zh-CN-liaoning-XiaobeiNeural,0.8,可检
data/redteam/factory/edgetts/dongbei/edgetts_dongbei_zh-CN-liaoning-XiaobeiNeural_SC-000541.wav,edgetts,dongbei,SC-000541,zh-CN-liaoning-XiaobeiNeural,0.8001,可检
data/redteam/factory/sovits_api/cantonese/sovits_api_cantonese_ref_boot_edgetts_cantonese_zh-HK-WanLungNeural_SC-000005_seg8s_SC-000119.wav,sovits_api,cantonese,SC-000119,ref_boot_edgetts_cantonese_zh-HK-WanLungNeural_SC-000005_seg8s,0.8002,可检
data/redteam/factory/edgetts/dongbei/edgetts_dongbei_zh-CN-liaoning-XiaobeiNeural_SC-000002.wav,edgetts,dongbei,SC-000002,zh-CN-liaoning-XiaobeiNeural,0.8004,可检
data/redteam/factory/edgetts/mandarin/edgetts_mandarin_zh-CN-YunjianNeural_SC-000318.wav,edgetts,mandarin,SC-000318,zh-CN-YunjianNeural,0.8004,可检
data/redteam/factory/edgetts/mandarin/edgetts_mandarin_zh-CN-YunyangNeural_SC-000401.wav,edgetts,mandarin,SC-000401,zh-CN-YunyangNeural,0.8004,可检
data/redteam/factory/edgetts/mandarin/edgetts_mandarin_zh-CN-YunyangNeural_SC-000364.wav,edgetts,mandarin,SC-000364,zh-CN-YunyangNeural,0.8005,可检
data/redteam/factory/edgetts/mandarin/edgetts_mandarin_zh-CN-YunxiNeural_SC-000053.wav,edgetts,mandarin,SC-000053,zh-CN-YunxiNeural,0.8009,可检
data/redteam/factory/edgetts/minnan/edgetts_minnan_zh-TW-YunJheNeural_SC-000466.wav,edgetts,minnan,SC-000466,zh-TW-YunJheNeural,0.801,可检
data/redteam/factory/edgetts/dongbei/edgetts_dongbei_zh-CN-liaoning-XiaobeiNeural_SC-000004.wav,edgetts,dongbei,SC-000004,zh-CN-liaoning-XiaobeiNeural,0.8012,可检
data/redteam/factory/edgetts/cantonese/edgetts_cantonese_zh-HK-WanLungNeural_SC-000155.wav,edgetts,cantonese,SC-000155,zh-HK-WanLungNeural,0.8013,可检
data/redteam/factory/edgetts/mandarin/edgetts_mandarin_zh-CN-YunjianNeural_SC-000213.wav,edgetts,mandarin,SC-000213,zh-CN-YunjianNeural,0.8014,可检
data/redteam/factory/sovits_api/sichuan/sovits_api_sichuan_ref_boot_edgetts_sichuan_zh-CN-YunxiNeural_SC-000010_SC-000210.wav,sovits_api,sichuan,SC-000210,ref_boot_edgetts_sichuan_zh-CN-YunxiNeural_SC-000010,0.8015,可检
data/redteam/factory/edgetts/minnan/edgetts_minnan_zh-TW-YunJheNeural_SC-001105.wav,edgetts,minnan,SC-001105,zh-TW-YunJheNeural,0.8016,可检
data/redteam/factory/edgetts/mandarin/edgetts_mandarin_zh-CN-YunyangNeural_SC-000182.wav,edgetts,mandarin,SC-000182,zh-CN-YunyangNeural,0.8021,可检
data/redteam/factory/edgetts/mandarin/edgetts_mandarin_zh-CN-YunyangNeural_SC-000173.wav,edgetts,mandarin,SC-000173,zh-CN-YunyangNeural,0.8021,可检
data/redteam/factory/edgetts/mandarin/edgetts_mandarin_zh-CN-YunjianNeural_SC-000370.wav,edgetts,mandarin,SC-000370,zh-CN-YunjianNeural,0.8022,可检
data/redteam/factory/edgetts/dongbei/edgetts_dongbei_zh-CN-liaoning-XiaobeiNeural_SC-000087.wav,edgetts,dongbei,SC-000087,zh-CN-liaoning-XiaobeiNeural,0.8024,可检
data/redteam/factory/edgetts/cantonese/edgetts_cantonese_zh-HK-WanLungNeural_SC-000049.wav,edgetts,cantonese,SC-000049,zh-HK-WanLungNeural,0.8025,可检
data/redteam/factory/edgetts/minnan/edgetts_minnan_zh-TW-YunJheNeural_SC-000723.wav,edgetts,minnan,SC-000723,zh-TW-YunJheNeural,0.8025,可检
data/redteam/factory/edgetts/mandarin/edgetts_mandarin_zh-CN-YunjianNeural_SC-000065.wav,edgetts,mandarin,SC-000065,zh-CN-YunjianNeural,0.8028,可检
data/redteam/factory/edgetts/mandarin/edgetts_mandarin_zh-CN-YunyangNeural_SC-000089.wav,edgetts,mandarin,SC-000089,zh-CN-YunyangNeural,0.803,可检
data/redteam/factory/edgetts/cantonese/edgetts_cantonese_zh-HK-WanLungNeural_SC-001544.wav,edgetts,cantonese,SC-001544,zh-HK-WanLungNeural,0.8031,可检
data/redteam/factory/edgetts/sichuan/edgetts_sichuan_zh-CN-YunxiNeural_SC-000927.wav,edgetts,sichuan,SC-000927,zh-CN-YunxiNeural,0.8031,可检
data/redteam/factory/edgetts/henan/edgetts_henan_zh-CN-shaanxi-XiaoniNeural_SC-001646.wav,edgetts,henan,SC-001646,zh-CN-shaanxi-XiaoniNeural,0.8034,可检
data/redteam/factory/edgetts/mandarin/edgetts_mandarin_zh-CN-YunyangNeural_SC-000012.wav,edgetts,mandarin,SC-000012,zh-CN-YunyangNeural,0.8035,可检
data/redteam/factory/edgetts/mandarin/edgetts_mandarin_zh-CN-YunxiNeural_SC-000332.wav,edgetts,mandarin,SC-000332,zh-CN-YunxiNeural,0.8039,可检
data/redteam/factory/edgetts/mandarin/edgetts_mandarin_zh-CN-YunyangNeural_SC-000214.wav,edgetts,mandarin,SC-000214,zh-CN-YunyangNeural,0.8039,可检
data/redteam/factory/edgetts/sichuan/edgetts_sichuan_zh-CN-YunxiNeural_SC-000996.wav,edgetts,sichuan,SC-000996,zh-CN-YunxiNeural,0.8039,可检
data/redteam/factory/edgetts/mandarin/edgetts_mandarin_zh-CN-YunjianNeural_SC-000019.wav,edgetts,mandarin,SC-000019,zh-CN-YunjianNeural,0.804,可检
data/redteam/factory/edgetts/mandarin/edgetts_mandarin_zh-CN-YunxiNeural_SC-000496.wav,edgetts,mandarin,SC-000496,zh-CN-YunxiNeural,0.8042,可检
data/redteam/factory/edgetts/mandarin/edgetts_mandarin_zh-CN-YunxiNeural_SC-000198.wav,edgetts,mandarin,SC-000198,zh-CN-YunxiNeural,0.8043,可检
data/redteam/factory/sovits_api/minnan/sovits_api_minnan_ref_boot_edgetts_minnan_zh-TW-YunJheNeural_SC-000001_SC-000237.wav,sovits_api,minnan,SC-000237,ref_boot_edgetts_minnan_zh-TW-YunJheNeural_SC-000001,0.8051,可检
data/redteam/factory/edgetts/cantonese/edgetts_cantonese_zh-HK-WanLungNeural_SC-001135.wav,edgetts,cantonese,SC-001135,zh-HK-WanLungNeural,0.8052,可检
data/redteam/factory/edgetts/mandarin/edgetts_mandarin_zh-CN-YunyangNeural_SC-000396.wav,edgetts,mandarin,SC-000396,zh-CN-YunyangNeural,0.8053,可检
data/redteam/factory/edgetts/dongbei/edgetts_dongbei_zh-CN-liaoning-XiaobeiNeural_SC-000174.wav,edgetts,dongbei,SC-000174,zh-CN-liaoning-XiaobeiNeural,0.8058,可检
data/redteam/factory/edgetts/sichuan/edgetts_sichuan_zh-CN-YunxiNeural_SC-000293.wav,edgetts,sichuan,SC-000293,zh-CN-YunxiNeural,0.806,可检
data/redteam/factory/edgetts/sichuan/edgetts_sichuan_zh-CN-YunxiNeural_SC-000375.wav,edgetts,sichuan,SC-000375,zh-CN-YunxiNeural,0.806,可检
data/redteam/factory/edgetts/henan/edgetts_henan_zh-CN-shaanxi-XiaoniNeural_SC-000346.wav,edgetts,henan,SC-000346,zh-CN-shaanxi-XiaoniNeural,0.8062,可检
data/redteam/factory/edgetts/minnan/edgetts_minnan_zh-TW-YunJheNeural_SC-001087.wav,edgetts,minnan,SC-001087,zh-TW-YunJheNeural,0.8062,可检
data/redteam/factory/edgetts/cantonese/edgetts_cantonese_zh-HK-WanLungNeural_SC-000002.wav,edgetts,cantonese,SC-000002,zh-HK-WanLungNeural,0.8064,可检
data/redteam/factory/edgetts/mandarin/edgetts_mandarin_zh-CN-YunjianNeural_SC-000091.wav,edgetts,mandarin,SC-000091,zh-CN-YunjianNeural,0.8064,可检
data/redteam/factory/edgetts/mandarin/edgetts_mandarin_zh-CN-YunyangNeural_SC-000159.wav,edgetts,mandarin,SC-000159,zh-CN-YunyangNeural,0.8064,可检
data/redteam/factory/edgetts/henan/edgetts_henan_zh-CN-shaanxi-XiaoniNeural_SC-001553.wav,edgetts,henan,SC-001553,zh-CN-shaanxi-XiaoniNeural,0.8069,可检
data/redteam/factory/edgetts/minnan/edgetts_minnan_zh-TW-YunJheNeural_SC-000391.wav,edgetts,minnan,SC-000391,zh-TW-YunJheNeural,0.8071,可检
data/redteam/factory/edgetts/henan/edgetts_henan_zh-CN-shaanxi-XiaoniNeural_SC-000240.wav,edgetts,henan,SC-000240,zh-CN-shaanxi-XiaoniNeural,0.8074,可检
data/redteam/factory/edgetts/mandarin/edgetts_mandarin_zh-CN-YunxiNeural_SC-000455.wav,edgetts,mandarin,SC-000455,zh-CN-YunxiNeural,0.8075,可检
data/redteam/factory/edgetts/dongbei/edgetts_dongbei_zh-CN-liaoning-XiaobeiNeural_SC-000640.wav,edgetts,dongbei,SC-000640,zh-CN-liaoning-XiaobeiNeural,0.8078,可检
data/redteam/factory/edgetts/mandarin/edgetts_mandarin_zh-CN-YunyangNeural_SC-000036.wav,edgetts,mandarin,SC-000036,zh-CN-YunyangNeural,0.8079,可检
data/redteam/factory/edgetts/sichuan/edgetts_sichuan_zh-CN-YunxiNeural_SC-000559.wav,edgetts,sichuan,SC-000559,zh-CN-YunxiNeural,0.8084,可检
data/redteam/factory/edgetts/sichuan/edgetts_sichuan_zh-CN-YunxiNeural_SC-000429.wav,edgetts,sichuan,SC-000429,zh-CN-YunxiNeural,0.8091,可检
data/redteam/factory/edgetts/henan/edgetts_henan_zh-CN-shaanxi-XiaoniNeural_SC-000454.wav,edgetts,henan,SC-000454,zh-CN-shaanxi-XiaoniNeural,0.8091,可检
data/redteam/factory/edgetts/dongbei/edgetts_dongbei_zh-CN-liaoning-XiaobeiNeural_SC-000081.wav,edgetts,dongbei,SC-000081,zh-CN-liaoning-XiaobeiNeural,0.8093,可检
data/redteam/factory/edgetts/dongbei/edgetts_dongbei_zh-CN-liaoning-XiaobeiNeural_SC-000023.wav,edgetts,dongbei,SC-000023,zh-CN-liaoning-XiaobeiNeural,0.8094,可检
data/redteam/factory/edgetts/cantonese/edgetts_cantonese_zh-HK-WanLungNeural_SC-000245.wav,edgetts,cantonese,SC-000245,zh-HK-WanLungNeural,0.8099,可检
data/redteam/factory/edgetts/mandarin/edgetts_mandarin_zh-CN-YunjianNeural_SC-000175.wav,edgetts,mandarin,SC-000175,zh-CN-YunjianNeural,0.81,可检
data/redteam/factory/edgetts/minnan/edgetts_minnan_zh-TW-YunJheNeural_SC-000965.wav,edgetts,minnan,SC-000965,zh-TW-YunJheNeural,0.8102,可检
data/redteam/factory/edgetts/sichuan/edgetts_sichuan_zh-CN-YunxiNeural_SC-001296.wav,edgetts,sichuan,SC-001296,zh-CN-YunxiNeural,0.8102,可检
data/redteam/factory/edgetts/dongbei/edgetts_dongbei_zh-CN-liaoning-XiaobeiNeural_SC-000011.wav,edgetts,dongbei,SC-000011,zh-CN-liaoning-XiaobeiNeural,0.8105,可检
data/redteam/factory/edgetts/mandarin/edgetts_mandarin_zh-CN-YunxiNeural_SC-000129.wav,edgetts,mandarin,SC-000129,zh-CN-YunxiNeural,0.8105,可检
data/redteam/factory/edgetts/mandarin/edgetts_mandarin_zh-CN-YunjianNeural_SC-000511.wav,edgetts,mandarin,SC-000511,zh-CN-YunjianNeural,0.8105,可检
data/redteam/factory/edgetts/mandarin/edgetts_mandarin_zh-CN-YunjianNeural_SC-000082.wav,edgetts,mandarin,SC-000082,zh-CN-YunjianNeural,0.8108,可检
data/redteam/factory/edgetts/mandarin/edgetts_mandarin_zh-CN-YunxiNeural_SC-000483.wav,edgetts,mandarin,SC-000483,zh-CN-YunxiNeural,0.8108,可检
data/redteam/factory/edgetts/minnan/edgetts_minnan_zh-TW-YunJheNeural_SC-000670.wav,edgetts,minnan,SC-000670,zh-TW-YunJheNeural,0.8111,可检
data/redteam/factory/edgetts/mandarin/edgetts_mandarin_zh-CN-YunjianNeural_SC-000506.wav,edgetts,mandarin,SC-000506,zh-CN-YunjianNeural,0.8112,可检
data/redteam/factory/edgetts/mandarin/edgetts_mandarin_zh-CN-YunjianNeural_SC-000044.wav,edgetts,mandarin,SC-000044,zh-CN-YunjianNeural,0.8114,可检
data/redteam/factory/sovits_api/dongbei/sovits_api_dongbei_ref_boot_edgetts_dongbei_zh-CN-liaoning-XiaobeiNeural_SC-000002_seg8s_SC-000275.wav,sovits_api,dongbei,SC-000275,ref_boot_edgetts_dongbei_zh-CN-liaoning-XiaobeiNeural_SC-000002_seg8s,0.8114,可检
data/redteam/factory/edgetts/cantonese/edgetts_cantonese_zh-HK-WanLungNeural_SC-000305.wav,edgetts,cantonese,SC-000305,zh-HK-WanLungNeural,0.812,可检
data/redteam/factory/edgetts/mandarin/edgetts_mandarin_zh-CN-YunyangNeural_SC-000019.wav,edgetts,mandarin,SC-000019,zh-CN-YunyangNeural,0.8128,可检
data/redteam/factory/edgetts/cantonese/edgetts_cantonese_zh-HK-WanLungNeural_SC-001129.wav,edgetts,cantonese,SC-001129,zh-HK-WanLungNeural,0.8129,可检
data/redteam/factory/edgetts/sichuan/edgetts_sichuan_zh-CN-YunxiNeural_SC-000165.wav,edgetts,sichuan,SC-000165,zh-CN-YunxiNeural,0.8135,可检
data/redteam/factory/edgetts/mandarin/edgetts_mandarin_zh-CN-YunjianNeural_SC-000502.wav,edgetts,mandarin,SC-000502,zh-CN-YunjianNeural,0.8137,可检
data/redteam/factory/edgetts/mandarin/edgetts_mandarin_zh-CN-YunyangNeural_SC-000290.wav,edgetts,mandarin,SC-000290,zh-CN-YunyangNeural,0.8138,可检
data/redteam/factory/edgetts/sichuan/edgetts_sichuan_zh-CN-YunxiNeural_SC-000687.wav,edgetts,sichuan,SC-000687,zh-CN-YunxiNeural,0.8139,可检
data/redteam/factory/edgetts/cantonese/edgetts_cantonese_zh-HK-WanLungNeural_SC-000209.wav,edgetts,cantonese,SC-000209,zh-HK-WanLungNeural,0.814,可检
data/redteam/factory/edgetts/dongbei/edgetts_dongbei_zh-CN-liaoning-XiaobeiNeural_SC-000839.wav,edgetts,dongbei,SC-000839,zh-CN-liaoning-XiaobeiNeural,0.8141,可检
data/redteam/factory/edgetts/mandarin/edgetts_mandarin_zh-CN-YunjianNeural_SC-000292.wav,edgetts,mandarin,SC-000292,zh-CN-YunjianNeural,0.8143,可检
data/redteam/factory/edgetts/cantonese/edgetts_cantonese_zh-HK-WanLungNeural_SC-000998.wav,edgetts,cantonese,SC-000998,zh-HK-WanLungNeural,0.8143,可检
data/redteam/factory/edgetts/sichuan/edgetts_sichuan_zh-CN-YunxiNeural_SC-000482.wav,edgetts,sichuan,SC-000482,zh-CN-YunxiNeural,0.8144,可检
data/redteam/factory/edgetts/mandarin/edgetts_mandarin_zh-CN-YunyangNeural_SC-000253.wav,edgetts,mandarin,SC-000253,zh-CN-YunyangNeural,0.8144,可检
data/redteam/factory/edgetts/minnan/edgetts_minnan_zh-TW-YunJheNeural_SC-001483.wav,edgetts,minnan,SC-001483,zh-TW-YunJheNeural,0.815,可检
data/redteam/factory/edgetts/mandarin/edgetts_mandarin_zh-CN-YunyangNeural_SC-000468.wav,edgetts,mandarin,SC-000468,zh-CN-YunyangNeural,0.8151,可检
data/redteam/factory/edgetts/sichuan/edgetts_sichuan_zh-CN-YunxiNeural_SC-000409.wav,edgetts,sichuan,SC-000409,zh-CN-YunxiNeural,0.8151,可检
data/redteam/factory/edgetts/minnan/edgetts_minnan_zh-TW-YunJheNeural_SC-000802.wav,edgetts,minnan,SC-000802,zh-TW-YunJheNeural,0.8152,可检
data/redteam/factory/edgetts/mandarin/edgetts_mandarin_zh-CN-YunxiNeural_SC-000300.wav,edgetts,mandarin,SC-000300,zh-CN-YunxiNeural,0.8156,可检
data/redteam/factory/edgetts/mandarin/edgetts_mandarin_zh-CN-YunxiNeural_SC-000012.wav,edgetts,mandarin,SC-000012,zh-CN-YunxiNeural,0.8158,可检
data/redteam/factory/edgetts/sichuan/edgetts_sichuan_zh-CN-YunxiNeural_SC-000012.wav,edgetts,sichuan,SC-000012,zh-CN-YunxiNeural,0.8158,可检
data/redteam/factory/edgetts/henan/edgetts_henan_zh-CN-shaanxi-XiaoniNeural_SC-000737.wav,edgetts,henan,SC-000737,zh-CN-shaanxi-XiaoniNeural,0.8161,可检
data/redteam/factory/edgetts/mandarin/edgetts_mandarin_zh-CN-YunyangNeural_SC-000280.wav,edgetts,mandarin,SC-000280,zh-CN-YunyangNeural,0.8161,可检
data/redteam/factory/edgetts/mandarin/edgetts_mandarin_zh-CN-YunyangNeural_SC-000198.wav,edgetts,mandarin,SC-000198,zh-CN-YunyangNeural,0.8164,可检
data/redteam/factory/edgetts/sichuan/edgetts_sichuan_zh-CN-YunxiNeural_SC-001328.wav,edgetts,sichuan,SC-001328,zh-CN-YunxiNeural,0.8168,可检
data/redteam/factory/edgetts/mandarin/edgetts_mandarin_zh-CN-YunyangNeural_SC-000310.wav,edgetts,mandarin,SC-000310,zh-CN-YunyangNeural,0.8169,可检
data/redteam/factory/edgetts/sichuan/edgetts_sichuan_zh-CN-XiaoxiaoNeural_SC-001540.wav,edgetts,sichuan,SC-001540,zh-CN-XiaoxiaoNeural,0.8171,可检
data/redteam/factory/edgetts/sichuan/edgetts_sichuan_zh-CN-YunxiNeural_SC-000891.wav,edgetts,sichuan,SC-000891,zh-CN-YunxiNeural,0.8175,可检
data/redteam/factory/edgetts/minnan/edgetts_minnan_zh-TW-YunJheNeural_SC-000982.wav,edgetts,minnan,SC-000982,zh-TW-YunJheNeural,0.8175,可检
data/redteam/factory/edgetts/mandarin/edgetts_mandarin_zh-CN-YunjianNeural_SC-000096.wav,edgetts,mandarin,SC-000096,zh-CN-YunjianNeural,0.8178,可检
data/redteam/factory/edgetts/mandarin/edgetts_mandarin_zh-CN-YunyangNeural_SC-000485.wav,edgetts,mandarin,SC-000485,zh-CN-YunyangNeural,0.818,可检
data/redteam/factory/edgetts/mandarin/edgetts_mandarin_zh-CN-YunyangNeural_SC-000371.wav,edgetts,mandarin,SC-000371,zh-CN-YunyangNeural,0.8181,可检
data/redteam/factory/edgetts/mandarin/edgetts_mandarin_zh-CN-YunjianNeural_SC-000261.wav,edgetts,mandarin,SC-000261,zh-CN-YunjianNeural,0.8185,可检
data/redteam/factory/edgetts/sichuan/edgetts_sichuan_zh-CN-YunxiNeural_SC-000271.wav,edgetts,sichuan,SC-000271,zh-CN-YunxiNeural,0.8188,可检
data/redteam/factory/edgetts/dongbei/edgetts_dongbei_zh-CN-liaoning-XiaobeiNeural_SC-000273.wav,edgetts,dongbei,SC-000273,zh-CN-liaoning-XiaobeiNeural,0.8188,可检
data/redteam/factory/edgetts/mandarin/edgetts_mandarin_zh-CN-YunxiNeural_SC-000023.wav,edgetts,mandarin,SC-000023,zh-CN-YunxiNeural,0.8189,可检
data/redteam/factory/edgetts/sichuan/edgetts_sichuan_zh-CN-YunxiNeural_SC-000023.wav,edgetts,sichuan,SC-000023,zh-CN-YunxiNeural,0.8189,可检
data/redteam/factory/edgetts/sichuan/edgetts_sichuan_zh-CN-YunxiNeural_SC-001391.wav,edgetts,sichuan,SC-001391,zh-CN-YunxiNeural,0.8192,可检
data/redteam/factory/edgetts/mandarin/edgetts_mandarin_zh-CN-YunyangNeural_SC-000470.wav,edgetts,mandarin,SC-000470,zh-CN-YunyangNeural,0.8197,可检
data/redteam/factory/edgetts/dongbei/edgetts_dongbei_zh-CN-liaoning-XiaobeiNeural_SC-001665.wav,edgetts,dongbei,SC-001665,zh-CN-liaoning-XiaobeiNeural,0.8204,可检
data/redteam/factory/edgetts/dongbei/edgetts_dongbei_zh-CN-liaoning-XiaobeiNeural_SC-001637.wav,edgetts,dongbei,SC-001637,zh-CN-liaoning-XiaobeiNeural,0.8205,可检
data/redteam/factory/edgetts/sichuan/edgetts_sichuan_zh-CN-YunxiNeural_SC-000448.wav,edgetts,sichuan,SC-000448,zh-CN-YunxiNeural,0.8206,可检
data/redteam/factory/edgetts/mandarin/edgetts_mandarin_zh-CN-YunyangNeural_SC-000241.wav,edgetts,mandarin,SC-000241,zh-CN-YunyangNeural,0.8208,可检
data/redteam/factory/edgetts/dongbei/edgetts_dongbei_zh-CN-liaoning-XiaobeiNeural_SC-001259.wav,edgetts,dongbei,SC-001259,zh-CN-liaoning-XiaobeiNeural,0.8208,可检
data/redteam/factory/edgetts/mandarin/edgetts_mandarin_zh-CN-YunjianNeural_SC-000204.wav,edgetts,mandarin,SC-000204,zh-CN-YunjianNeural,0.8209,可检
data/redteam/factory/edgetts/mandarin/edgetts_mandarin_zh-CN-YunyangNeural_SC-000386.wav,edgetts,mandarin,SC-000386,zh-CN-YunyangNeural,0.8217,可检
data/redteam/factory/edgetts/mandarin/edgetts_mandarin_zh-CN-YunxiNeural_SC-000324.wav,edgetts,mandarin,SC-000324,zh-CN-YunxiNeural,0.8217,可检
data/redteam/factory/edgetts/mandarin/edgetts_mandarin_zh-CN-YunjianNeural_SC-000345.wav,edgetts,mandarin,SC-000345,zh-CN-YunjianNeural,0.822,可检
data/redteam/factory/edgetts/henan/edgetts_henan_zh-CN-shaanxi-XiaoniNeural_SC-001510.wav,edgetts,henan,SC-001510,zh-CN-shaanxi-XiaoniNeural,0.8221,可检
data/redteam/factory/edgetts/minnan/edgetts_minnan_zh-TW-YunJheNeural_SC-001093.wav,edgetts,minnan,SC-001093,zh-TW-YunJheNeural,0.8224,可检
data/redteam/factory/edgetts/dongbei/edgetts_dongbei_zh-CN-liaoning-XiaobeiNeural_SC-000608.wav,edgetts,dongbei,SC-000608,zh-CN-liaoning-XiaobeiNeural,0.8225,可检
data/redteam/factory/edgetts/mandarin/edgetts_mandarin_zh-CN-YunjianNeural_SC-000253.wav,edgetts,mandarin,SC-000253,zh-CN-YunjianNeural,0.8227,可检
data/redteam/factory/edgetts/mandarin/edgetts_mandarin_zh-CN-YunjianNeural_SC-000488.wav,edgetts,mandarin,SC-000488,zh-CN-YunjianNeural,0.8227,可检
data/redteam/factory/edgetts/mandarin/edgetts_mandarin_zh-CN-YunjianNeural_SC-000016.wav,edgetts,mandarin,SC-000016,zh-CN-YunjianNeural,0.8231,可检
data/redteam/factory/edgetts/henan/edgetts_henan_zh-CN-shaanxi-XiaoniNeural_SC-001488.wav,edgetts,henan,SC-001488,zh-CN-shaanxi-XiaoniNeural,0.8232,可检
data/redteam/factory/edgetts/cantonese/edgetts_cantonese_zh-HK-WanLungNeural_SC-001122.wav,edgetts,cantonese,SC-001122,zh-HK-WanLungNeural,0.8233,可检
data/redteam/factory/edgetts/mandarin/edgetts_mandarin_zh-CN-YunxiNeural_SC-000037.wav,edgetts,mandarin,SC-000037,zh-CN-YunxiNeural,0.8234,可检
data/redteam/factory/edgetts/minnan/edgetts_minnan_zh-TW-YunJheNeural_SC-001242.wav,edgetts,minnan,SC-001242,zh-TW-YunJheNeural,0.8237,可检
data/redteam/factory/edgetts/minnan/edgetts_minnan_zh-TW-YunJheNeural_SC-000196.wav,edgetts,minnan,SC-000196,zh-TW-YunJheNeural,0.8249,可检
data/redteam/factory/edgetts/mandarin/edgetts_mandarin_zh-CN-YunyangNeural_SC-000360.wav,edgetts,mandarin,SC-000360,zh-CN-YunyangNeural,0.8249,可检
data/redteam/factory/edgetts/cantonese/edgetts_cantonese_zh-HK-WanLungNeural_SC-001014.wav,edgetts,cantonese,SC-001014,zh-HK-WanLungNeural,0.825,可检
data/redteam/factory/edgetts/mandarin/edgetts_mandarin_zh-CN-YunyangNeural_SC-000393.wav,edgetts,mandarin,SC-000393,zh-CN-YunyangNeural,0.8256,可检
data/redteam/factory/edgetts/sichuan/edgetts_sichuan_zh-CN-YunxiNeural_SC-000722.wav,edgetts,sichuan,SC-000722,zh-CN-YunxiNeural,0.8259,可检
data/redteam/factory/edgetts/mandarin/edgetts_mandarin_zh-CN-YunjianNeural_SC-000433.wav,edgetts,mandarin,SC-000433,zh-CN-YunjianNeural,0.8259,可检
data/redteam/factory/edgetts/cantonese/edgetts_cantonese_zh-HK-WanLungNeural_SC-001456.wav,edgetts,cantonese,SC-001456,zh-HK-WanLungNeural,0.8269,可检
data/redteam/factory/edgetts/minnan/edgetts_minnan_zh-TW-YunJheNeural_SC-001098.wav,edgetts,minnan,SC-001098,zh-TW-YunJheNeural,0.8277,可检
data/redteam/factory/edgetts/mandarin/edgetts_mandarin_zh-CN-YunyangNeural_SC-000501.wav,edgetts,mandarin,SC-000501,zh-CN-YunyangNeural,0.8278,可检
data/redteam/factory/sovits_api/dongbei/sovits_api_dongbei_ref_boot_edgetts_dongbei_zh-CN-liaoning-XiaobeiNeural_SC-000002_seg8s_SC-000002.wav,sovits_api,dongbei,SC-000002,ref_boot_edgetts_dongbei_zh-CN-liaoning-XiaobeiNeural_SC-000002_seg8s,0.828,可检
data/redteam/factory/sovits_api/minnan/sovits_api_minnan_ref_boot_edgetts_minnan_zh-TW-YunJheNeural_SC-000001_SC-000282.wav,sovits_api,minnan,SC-000282,ref_boot_edgetts_minnan_zh-TW-YunJheNeural_SC-000001,0.8282,可检
data/redteam/factory/edgetts/henan/edgetts_henan_zh-CN-shaanxi-XiaoniNeural_SC-001420.wav,edgetts,henan,SC-001420,zh-CN-shaanxi-XiaoniNeural,0.8285,可检
data/redteam/factory/edgetts/sichuan/edgetts_sichuan_zh-CN-YunxiNeural_SC-000381.wav,edgetts,sichuan,SC-000381,zh-CN-YunxiNeural,0.8287,可检
data/redteam/factory/edgetts/dongbei/edgetts_dongbei_zh-CN-liaoning-XiaobeiNeural_SC-000021.wav,edgetts,dongbei,SC-000021,zh-CN-liaoning-XiaobeiNeural,0.8288,可检
data/redteam/factory/edgetts/mandarin/edgetts_mandarin_zh-CN-YunyangNeural_SC-000424.wav,edgetts,mandarin,SC-000424,zh-CN-YunyangNeural,0.8288,可检
data/redteam/factory/edgetts/mandarin/edgetts_mandarin_zh-CN-YunjianNeural_SC-000037.wav,edgetts,mandarin,SC-000037,zh-CN-YunjianNeural,0.8291,可检
data/redteam/factory/edgetts/mandarin/edgetts_mandarin_zh-CN-YunjianNeural_SC-000219.wav,edgetts,mandarin,SC-000219,zh-CN-YunjianNeural,0.8294,可检
data/redteam/factory/edgetts/dongbei/edgetts_dongbei_zh-CN-liaoning-XiaobeiNeural_SC-000877.wav,edgetts,dongbei,SC-000877,zh-CN-liaoning-XiaobeiNeural,0.8294,可检
data/redteam/factory/edgetts/dongbei/edgetts_dongbei_zh-CN-liaoning-XiaobeiNeural_SC-001554.wav,edgetts,dongbei,SC-001554,zh-CN-liaoning-XiaobeiNeural,0.8295,可检
data/redteam/factory/edgetts/henan/edgetts_henan_zh-CN-shaanxi-XiaoniNeural_SC-000362.wav,edgetts,henan,SC-000362,zh-CN-shaanxi-XiaoniNeural,0.8297,可检
data/redteam/factory/edgetts/mandarin/edgetts_mandarin_zh-CN-YunjianNeural_SC-000453.wav,edgetts,mandarin,SC-000453,zh-CN-YunjianNeural,0.8297,可检
data/redteam/factory/edgetts/sichuan/edgetts_sichuan_zh-CN-YunxiNeural_SC-000537.wav,edgetts,sichuan,SC-000537,zh-CN-YunxiNeural,0.8297,可检
data/redteam/factory/edgetts/mandarin/edgetts_mandarin_zh-CN-YunjianNeural_SC-000340.wav,edgetts,mandarin,SC-000340,zh-CN-YunjianNeural,0.8297,可检
data/redteam/factory/edgetts/mandarin/edgetts_mandarin_zh-CN-YunjianNeural_SC-000027.wav,edgetts,mandarin,SC-000027,zh-CN-YunjianNeural,0.83,可检
data/redteam/factory/edgetts/dongbei/edgetts_dongbei_zh-CN-liaoning-XiaobeiNeural_SC-000005.wav,edgetts,dongbei,SC-000005,zh-CN-liaoning-XiaobeiNeural,0.83,可检
data/redteam/factory/edgetts/henan/edgetts_henan_zh-CN-shaanxi-XiaoniNeural_SC-000021.wav,edgetts,henan,SC-000021,zh-CN-shaanxi-XiaoniNeural,0.8301,可检
data/redteam/factory/edgetts/mandarin/edgetts_mandarin_zh-CN-YunyangNeural_SC-000150.wav,edgetts,mandarin,SC-000150,zh-CN-YunyangNeural,0.8301,可检
data/redteam/factory/edgetts/sichuan/edgetts_sichuan_zh-CN-YunxiNeural_SC-000259.wav,edgetts,sichuan,SC-000259,zh-CN-YunxiNeural,0.8307,可检
data/redteam/factory/edgetts/minnan/edgetts_minnan_zh-TW-YunJheNeural_SC-000056.wav,edgetts,minnan,SC-000056,zh-TW-YunJheNeural,0.8309,可检
data/redteam/factory/edgetts/mandarin/edgetts_mandarin_zh-CN-YunyangNeural_SC-000070.wav,edgetts,mandarin,SC-000070,zh-CN-YunyangNeural,0.831,可检
data/redteam/factory/edgetts/mandarin/edgetts_mandarin_zh-CN-XiaoxiaoNeural_SC-000016.wav,edgetts,mandarin,SC-000016,zh-CN-XiaoxiaoNeural,0.8311,可检
data/redteam/factory/edgetts/sichuan/edgetts_sichuan_zh-CN-XiaoxiaoNeural_SC-000016.wav,edgetts,sichuan,SC-000016,zh-CN-XiaoxiaoNeural,0.8311,可检
data/redteam/factory/edgetts/minnan/edgetts_minnan_zh-TW-YunJheNeural_SC-001634.wav,edgetts,minnan,SC-001634,zh-TW-YunJheNeural,0.8313,可检
data/redteam/factory/edgetts/mandarin/edgetts_mandarin_zh-CN-YunyangNeural_SC-000171.wav,edgetts,mandarin,SC-000171,zh-CN-YunyangNeural,0.8314,可检
data/redteam/factory/edgetts/cantonese/edgetts_cantonese_zh-HK-WanLungNeural_SC-000489.wav,edgetts,cantonese,SC-000489,zh-HK-WanLungNeural,0.8314,可检
data/redteam/factory/edgetts/mandarin/edgetts_mandarin_zh-CN-YunyangNeural_SC-000163.wav,edgetts,mandarin,SC-000163,zh-CN-YunyangNeural,0.8314,可检
data/redteam/factory/edgetts/mandarin/edgetts_mandarin_zh-CN-YunjianNeural_SC-000435.wav,edgetts,mandarin,SC-000435,zh-CN-YunjianNeural,0.8315,可检
data/redteam/factory/edgetts/dongbei/edgetts_dongbei_zh-CN-liaoning-XiaobeiNeural_SC-001086.wav,edgetts,dongbei,SC-001086,zh-CN-liaoning-XiaobeiNeural,0.8321,可检
data/redteam/factory/edgetts/mandarin/edgetts_mandarin_zh-CN-YunjianNeural_SC-000009.wav,edgetts,mandarin,SC-000009,zh-CN-YunjianNeural,0.8326,可检
data/redteam/factory/edgetts/sichuan/edgetts_sichuan_zh-CN-YunxiNeural_SC-000513.wav,edgetts,sichuan,SC-000513,zh-CN-YunxiNeural,0.8328,可检
data/redteam/factory/edgetts/mandarin/edgetts_mandarin_zh-CN-YunyangNeural_SC-000453.wav,edgetts,mandarin,SC-000453,zh-CN-YunyangNeural,0.8334,可检
data/redteam/factory/edgetts/mandarin/edgetts_mandarin_zh-CN-YunjianNeural_SC-000311.wav,edgetts,mandarin,SC-000311,zh-CN-YunjianNeural,0.8339,可检
data/redteam/factory/edgetts/mandarin/edgetts_mandarin_zh-CN-YunjianNeural_SC-000132.wav,edgetts,mandarin,SC-000132,zh-CN-YunjianNeural,0.834,可检
data/redteam/factory/edgetts/mandarin/edgetts_mandarin_zh-CN-YunxiNeural_SC-000045.wav,edgetts,mandarin,SC-000045,zh-CN-YunxiNeural,0.8343,可检
data/redteam/factory/edgetts/dongbei/edgetts_dongbei_zh-CN-liaoning-XiaobeiNeural_SC-000084.wav,edgetts,dongbei,SC-000084,zh-CN-liaoning-XiaobeiNeural,0.8348,可检
data/redteam/factory/edgetts/sichuan/edgetts_sichuan_zh-CN-YunxiNeural_SC-000576.wav,edgetts,sichuan,SC-000576,zh-CN-YunxiNeural,0.8348,可检
data/redteam/factory/sovits_api/dongbei/sovits_api_dongbei_ref_boot_edgetts_dongbei_zh-CN-liaoning-XiaobeiNeural_SC-000002_seg8s_SC-000043.wav,sovits_api,dongbei,SC-000043,ref_boot_edgetts_dongbei_zh-CN-liaoning-XiaobeiNeural_SC-000002_seg8s,0.8351,可检
data/redteam/factory/edgetts/sichuan/edgetts_sichuan_zh-CN-XiaoxiaoNeural_SC-000179.wav,edgetts,sichuan,SC-000179,zh-CN-XiaoxiaoNeural,0.8353,可检
data/redteam/factory/edgetts/mandarin/edgetts_mandarin_zh-CN-YunxiNeural_SC-000015.wav,edgetts,mandarin,SC-000015,zh-CN-YunxiNeural,0.8354,可检
data/redteam/factory/edgetts/sichuan/edgetts_sichuan_zh-CN-YunxiNeural_SC-000015.wav,edgetts,sichuan,SC-000015,zh-CN-YunxiNeural,0.8354,可检
data/redteam/factory/edgetts/mandarin/edgetts_mandarin_zh-CN-YunxiNeural_SC-000292.wav,edgetts,mandarin,SC-000292,zh-CN-YunxiNeural,0.8355,可检
data/redteam/factory/edgetts/dongbei/edgetts_dongbei_zh-CN-liaoning-XiaobeiNeural_SC-001570.wav,edgetts,dongbei,SC-001570,zh-CN-liaoning-XiaobeiNeural,0.8355,可检
data/redteam/factory/edgetts/mandarin/edgetts_mandarin_zh-CN-YunyangNeural_SC-000015.wav,edgetts,mandarin,SC-000015,zh-CN-YunyangNeural,0.8356,可检
data/redteam/factory/edgetts/minnan/edgetts_minnan_zh-TW-YunJheNeural_SC-000339.wav,edgetts,minnan,SC-000339,zh-TW-YunJheNeural,0.8356,可检
data/redteam/factory/edgetts/minnan/edgetts_minnan_zh-TW-YunJheNeural_SC-000910.wav,edgetts,minnan,SC-000910,zh-TW-YunJheNeural,0.8357,可检
data/redteam/factory/sovits_api/sichuan/sovits_api_sichuan_ref_boot_edgetts_sichuan_zh-CN-YunxiNeural_SC-000010_SC-000118.wav,sovits_api,sichuan,SC-000118,ref_boot_edgetts_sichuan_zh-CN-YunxiNeural_SC-000010,0.8357,可检
data/redteam/factory/edgetts/mandarin/edgetts_mandarin_zh-CN-YunjianNeural_SC-000185.wav,edgetts,mandarin,SC-000185,zh-CN-YunjianNeural,0.8359,可检
data/redteam/factory/edgetts/sichuan/edgetts_sichuan_zh-CN-YunxiNeural_SC-000299.wav,edgetts,sichuan,SC-000299,zh-CN-YunxiNeural,0.8362,可检
data/redteam/factory/edgetts/mandarin/edgetts_mandarin_zh-CN-YunjianNeural_SC-000314.wav,edgetts,mandarin,SC-000314,zh-CN-YunjianNeural,0.8363,可检
data/redteam/factory/edgetts/henan/edgetts_henan_zh-CN-shaanxi-XiaoniNeural_SC-000011.wav,edgetts,henan,SC-000011,zh-CN-shaanxi-XiaoniNeural,0.8367,可检
data/redteam/factory/edgetts/dongbei/edgetts_dongbei_zh-CN-liaoning-XiaobeiNeural_SC-001601.wav,edgetts,dongbei,SC-001601,zh-CN-liaoning-XiaobeiNeural,0.8377,可检
data/redteam/factory/edgetts/sichuan/edgetts_sichuan_zh-CN-XiaoxiaoNeural_SC-000144.wav,edgetts,sichuan,SC-000144,zh-CN-XiaoxiaoNeural,0.8381,可检
data/redteam/factory/edgetts/sichuan/edgetts_sichuan_zh-CN-YunxiNeural_SC-001393.wav,edgetts,sichuan,SC-001393,zh-CN-YunxiNeural,0.8381,可检
data/redteam/factory/edgetts/cantonese/edgetts_cantonese_zh-HK-WanLungNeural_SC-000686.wav,edgetts,cantonese,SC-000686,zh-HK-WanLungNeural,0.8381,可检
data/redteam/factory/edgetts/sichuan/edgetts_sichuan_zh-CN-YunxiNeural_SC-000390.wav,edgetts,sichuan,SC-000390,zh-CN-YunxiNeural,0.8383,可检
data/redteam/factory/edgetts/cantonese/edgetts_cantonese_zh-HK-WanLungNeural_SC-000131.wav,edgetts,cantonese,SC-000131,zh-HK-WanLungNeural,0.8385,可检
data/redteam/factory/edgetts/sichuan/edgetts_sichuan_zh-CN-YunxiNeural_SC-001339.wav,edgetts,sichuan,SC-001339,zh-CN-YunxiNeural,0.8385,可检
data/redteam/factory/edgetts/mandarin/edgetts_mandarin_zh-CN-YunjianNeural_SC-000018.wav,edgetts,mandarin,SC-000018,zh-CN-YunjianNeural,0.8386,可检
data/redteam/factory/edgetts/mandarin/edgetts_mandarin_zh-CN-YunjianNeural_SC-000171.wav,edgetts,mandarin,SC-000171,zh-CN-YunjianNeural,0.8388,可检
data/redteam/factory/edgetts/henan/edgetts_henan_zh-CN-shaanxi-XiaoniNeural_SC-000418.wav,edgetts,henan,SC-000418,zh-CN-shaanxi-XiaoniNeural,0.8393,可检
data/redteam/factory/edgetts/minnan/edgetts_minnan_zh-TW-YunJheNeural_SC-001297.wav,edgetts,minnan,SC-001297,zh-TW-YunJheNeural,0.8395,可检
data/redteam/factory/edgetts/mandarin/edgetts_mandarin_zh-CN-YunjianNeural_SC-000374.wav,edgetts,mandarin,SC-000374,zh-CN-YunjianNeural,0.8398,可检
data/redteam/factory/edgetts/henan/edgetts_henan_zh-CN-shaanxi-XiaoniNeural_SC-000334.wav,edgetts,henan,SC-000334,zh-CN-shaanxi-XiaoniNeural,0.8404,可检
data/redteam/factory/edgetts/cantonese/edgetts_cantonese_zh-HK-WanLungNeural_SC-001340.wav,edgetts,cantonese,SC-001340,zh-HK-WanLungNeural,0.8405,可检
data/redteam/factory/edgetts/minnan/edgetts_minnan_zh-TW-YunJheNeural_SC-000605.wav,edgetts,minnan,SC-000605,zh-TW-YunJheNeural,0.8407,可检
data/redteam/factory/edgetts/henan/edgetts_henan_zh-CN-shaanxi-XiaoniNeural_SC-000075.wav,edgetts,henan,SC-000075,zh-CN-shaanxi-XiaoniNeural,0.8409,可检
data/redteam/factory/edgetts/mandarin/edgetts_mandarin_zh-CN-YunjianNeural_SC-000152.wav,edgetts,mandarin,SC-000152,zh-CN-YunjianNeural,0.8409,可检
data/redteam/factory/edgetts/sichuan/edgetts_sichuan_zh-CN-YunxiNeural_SC-000475.wav,edgetts,sichuan,SC-000475,zh-CN-YunxiNeural,0.8409,可检
data/redteam/factory/edgetts/mandarin/edgetts_mandarin_zh-CN-YunxiNeural_SC-000219.wav,edgetts,mandarin,SC-000219,zh-CN-YunxiNeural,0.8414,可检
data/redteam/factory/edgetts/henan/edgetts_henan_zh-CN-shaanxi-XiaoniNeural_SC-001096.wav,edgetts,henan,SC-001096,zh-CN-shaanxi-XiaoniNeural,0.8417,可检
data/redteam/factory/edgetts/mandarin/edgetts_mandarin_zh-CN-YunxiNeural_SC-000082.wav,edgetts,mandarin,SC-000082,zh-CN-YunxiNeural,0.8423,可检
data/redteam/factory/edgetts/minnan/edgetts_minnan_zh-TW-YunJheNeural_SC-000880.wav,edgetts,minnan,SC-000880,zh-TW-YunJheNeural,0.8424,可检
data/redteam/factory/edgetts/dongbei/edgetts_dongbei_zh-CN-liaoning-XiaobeiNeural_SC-000029.wav,edgetts,dongbei,SC-000029,zh-CN-liaoning-XiaobeiNeural,0.8426,可检
data/redteam/factory/edgetts/henan/edgetts_henan_zh-CN-shaanxi-XiaoniNeural_SC-000529.wav,edgetts,henan,SC-000529,zh-CN-shaanxi-XiaoniNeural,0.8427,可检
data/redteam/factory/edgetts/minnan/edgetts_minnan_zh-TW-YunJheNeural_SC-000387.wav,edgetts,minnan,SC-000387,zh-TW-YunJheNeural,0.843,可检
data/redteam/factory/edgetts/henan/edgetts_henan_zh-CN-shaanxi-XiaoniNeural_SC-000621.wav,edgetts,henan,SC-000621,zh-CN-shaanxi-XiaoniNeural,0.8432,可检
data/redteam/factory/edgetts/cantonese/edgetts_cantonese_zh-HK-WanLungNeural_SC-000556.wav,edgetts,cantonese,SC-000556,zh-HK-WanLungNeural,0.8434,可检
data/redteam/factory/edgetts/henan/edgetts_henan_zh-CN-shaanxi-XiaoniNeural_SC-000108.wav,edgetts,henan,SC-000108,zh-CN-shaanxi-XiaoniNeural,0.8436,可检
data/redteam/factory/edgetts/mandarin/edgetts_mandarin_zh-CN-YunyangNeural_SC-000449.wav,edgetts,mandarin,SC-000449,zh-CN-YunyangNeural,0.8437,可检
data/redteam/factory/sovits_api/sichuan/sovits_api_sichuan_ref_boot_edgetts_sichuan_zh-CN-XiaoxiaoNeural_SC-000010_SC-000254.wav,sovits_api,sichuan,SC-000254,ref_boot_edgetts_sichuan_zh-CN-XiaoxiaoNeural_SC-000010,0.8439,可检
data/redteam/factory/edgetts/dongbei/edgetts_dongbei_zh-CN-liaoning-XiaobeiNeural_SC-001238.wav,edgetts,dongbei,SC-001238,zh-CN-liaoning-XiaobeiNeural,0.844,可检
data/redteam/factory/edgetts/mandarin/edgetts_mandarin_zh-CN-YunyangNeural_SC-000120.wav,edgetts,mandarin,SC-000120,zh-CN-YunyangNeural,0.8441,可检
data/redteam/factory/sovits_api/mandarin/sovits_api_mandarin_ref_boot_edgetts_mandarin_zh-CN-YunjianNeural_SC-000007_seg8s_SC-000047.wav,sovits_api,mandarin,SC-000047,ref_boot_edgetts_mandarin_zh-CN-YunjianNeural_SC-000007_seg8s,0.8442,可检
data/redteam/factory/edgetts/mandarin/edgetts_mandarin_zh-CN-YunyangNeural_SC-000260.wav,edgetts,mandarin,SC-000260,zh-CN-YunyangNeural,0.8443,可检
data/redteam/factory/edgetts/dongbei/edgetts_dongbei_zh-CN-liaoning-XiaobeiNeural_SC-000206.wav,edgetts,dongbei,SC-000206,zh-CN-liaoning-XiaobeiNeural,0.8445,可检
data/redteam/factory/edgetts/henan/edgetts_henan_zh-CN-shaanxi-XiaoniNeural_SC-001515.wav,edgetts,henan,SC-001515,zh-CN-shaanxi-XiaoniNeural,0.8445,可检
data/redteam/factory/edgetts/henan/edgetts_henan_zh-CN-shaanxi-XiaoniNeural_SC-000322.wav,edgetts,henan,SC-000322,zh-CN-shaanxi-XiaoniNeural,0.8447,可检
data/redteam/factory/edgetts/minnan/edgetts_minnan_zh-TW-YunJheNeural_SC-001266.wav,edgetts,minnan,SC-001266,zh-TW-YunJheNeural,0.8447,可检
data/redteam/factory/edgetts/dongbei/edgetts_dongbei_zh-CN-liaoning-XiaobeiNeural_SC-000149.wav,edgetts,dongbei,SC-000149,zh-CN-liaoning-XiaobeiNeural,0.8448,可检
data/redteam/factory/edgetts/henan/edgetts_henan_zh-CN-shaanxi-XiaoniNeural_SC-000671.wav,edgetts,henan,SC-000671,zh-CN-shaanxi-XiaoniNeural,0.8448,可检
data/redteam/factory/edgetts/cantonese/edgetts_cantonese_zh-HK-WanLungNeural_SC-001109.wav,edgetts,cantonese,SC-001109,zh-HK-WanLungNeural,0.845,可检
data/redteam/factory/edgetts/mandarin/edgetts_mandarin_zh-CN-YunjianNeural_SC-000023.wav,edgetts,mandarin,SC-000023,zh-CN-YunjianNeural,0.8451,可检
data/redteam/factory/edgetts/dongbei/edgetts_dongbei_zh-CN-liaoning-XiaobeiNeural_SC-000288.wav,edgetts,dongbei,SC-000288,zh-CN-liaoning-XiaobeiNeural,0.8454,可检
data/redteam/factory/edgetts/mandarin/edgetts_mandarin_zh-CN-YunxiNeural_SC-000433.wav,edgetts,mandarin,SC-000433,zh-CN-YunxiNeural,0.8459,可检
data/redteam/factory/edgetts/mandarin/edgetts_mandarin_zh-CN-YunyangNeural_SC-000341.wav,edgetts,mandarin,SC-000341,zh-CN-YunyangNeural,0.8459,可检
data/redteam/factory/edgetts/mandarin/edgetts_mandarin_zh-CN-YunjianNeural_SC-000449.wav,edgetts,mandarin,SC-000449,zh-CN-YunjianNeural,0.8462,可检
data/redteam/factory/edgetts/sichuan/edgetts_sichuan_zh-CN-YunxiNeural_SC-001526.wav,edgetts,sichuan,SC-001526,zh-CN-YunxiNeural,0.8462,可检
data/redteam/factory/edgetts/cantonese/edgetts_cantonese_zh-HK-WanLungNeural_SC-000079.wav,edgetts,cantonese,SC-000079,zh-HK-WanLungNeural,0.8463,可检
data/redteam/factory/edgetts/mandarin/edgetts_mandarin_zh-CN-YunjianNeural_SC-000347.wav,edgetts,mandarin,SC-000347,zh-CN-YunjianNeural,0.8463,可检
data/redteam/factory/edgetts/cantonese/edgetts_cantonese_zh-HK-WanLungNeural_SC-000005.wav,edgetts,cantonese,SC-000005,zh-HK-WanLungNeural,0.847,可检
data/redteam/factory/edgetts/dongbei/edgetts_dongbei_zh-CN-liaoning-XiaobeiNeural_SC-000681.wav,edgetts,dongbei,SC-000681,zh-CN-liaoning-XiaobeiNeural,0.847,可检
data/redteam/factory/edgetts/dongbei/edgetts_dongbei_zh-CN-liaoning-XiaobeiNeural_SC-000778.wav,edgetts,dongbei,SC-000778,zh-CN-liaoning-XiaobeiNeural,0.8474,可检
data/redteam/factory/edgetts/dongbei/edgetts_dongbei_zh-CN-liaoning-XiaobeiNeural_SC-000017.wav,edgetts,dongbei,SC-000017,zh-CN-liaoning-XiaobeiNeural,0.8477,可检
data/redteam/factory/edgetts/dongbei/edgetts_dongbei_zh-CN-liaoning-XiaobeiNeural_SC-000007.wav,edgetts,dongbei,SC-000007,zh-CN-liaoning-XiaobeiNeural,0.8479,可检
data/redteam/factory/edgetts/dongbei/edgetts_dongbei_zh-CN-liaoning-XiaobeiNeural_SC-000451.wav,edgetts,dongbei,SC-000451,zh-CN-liaoning-XiaobeiNeural,0.8482,可检
data/redteam/factory/edgetts/minnan/edgetts_minnan_zh-TW-YunJheNeural_SC-001034.wav,edgetts,minnan,SC-001034,zh-TW-YunJheNeural,0.8485,可检
data/redteam/factory/edgetts/mandarin/edgetts_mandarin_zh-CN-YunjianNeural_SC-000510.wav,edgetts,mandarin,SC-000510,zh-CN-YunjianNeural,0.8485,可检
data/redteam/factory/edgetts/minnan/edgetts_minnan_zh-TW-YunJheNeural_SC-000423.wav,edgetts,minnan,SC-000423,zh-TW-YunJheNeural,0.8496,可检
data/redteam/factory/sovits_api/sichuan/sovits_api_sichuan_ref_boot_edgetts_sichuan_zh-CN-YunxiNeural_SC-000010_SC-000205.wav,sovits_api,sichuan,SC-000205,ref_boot_edgetts_sichuan_zh-CN-YunxiNeural_SC-000010,0.8497,可检
data/redteam/factory/edgetts/minnan/edgetts_minnan_zh-TW-YunJheNeural_SC-001414.wav,edgetts,minnan,SC-001414,zh-TW-YunJheNeural,0.8498,可检
data/redteam/factory/edgetts/henan/edgetts_henan_zh-CN-shaanxi-XiaoniNeural_SC-001325.wav,edgetts,henan,SC-001325,zh-CN-shaanxi-XiaoniNeural,0.8498,可检
data/redteam/factory/edgetts/sichuan/edgetts_sichuan_zh-CN-YunxiNeural_SC-000379.wav,edgetts,sichuan,SC-000379,zh-CN-YunxiNeural,0.85,可检
data/redteam/factory/edgetts/minnan/edgetts_minnan_zh-TW-YunJheNeural_SC-001447.wav,edgetts,minnan,SC-001447,zh-TW-YunJheNeural,0.8501,可检
data/redteam/factory/sovits_api/sichuan/sovits_api_sichuan_ref_boot_edgetts_sichuan_zh-CN-YunxiNeural_SC-000010_SC-000249.wav,sovits_api,sichuan,SC-000249,ref_boot_edgetts_sichuan_zh-CN-YunxiNeural_SC-000010,0.8501,可检
data/redteam/factory/edgetts/sichuan/edgetts_sichuan_zh-CN-XiaoxiaoNeural_SC-001375.wav,edgetts,sichuan,SC-001375,zh-CN-XiaoxiaoNeural,0.8503,可检
data/redteam/factory/sovits_api/minnan/sovits_api_minnan_ref_boot_edgetts_minnan_zh-TW-YunJheNeural_SC-000001_SC-000054.wav,sovits_api,minnan,SC-000054,ref_boot_edgetts_minnan_zh-TW-YunJheNeural_SC-000001,0.8503,可检
data/redteam/factory/edgetts/minnan/edgetts_minnan_zh-TW-YunJheNeural_SC-000936.wav,edgetts,minnan,SC-000936,zh-TW-YunJheNeural,0.8506,可检
data/redteam/factory/edgetts/dongbei/edgetts_dongbei_zh-CN-liaoning-XiaobeiNeural_SC-000025.wav,edgetts,dongbei,SC-000025,zh-CN-liaoning-XiaobeiNeural,0.8509,可检
data/redteam/factory/edgetts/dongbei/edgetts_dongbei_zh-CN-liaoning-XiaobeiNeural_SC-001378.wav,edgetts,dongbei,SC-001378,zh-CN-liaoning-XiaobeiNeural,0.8516,可检
data/redteam/factory/edgetts/sichuan/edgetts_sichuan_zh-CN-YunxiNeural_SC-000042.wav,edgetts,sichuan,SC-000042,zh-CN-YunxiNeural,0.8518,可检
data/redteam/factory/edgetts/mandarin/edgetts_mandarin_zh-CN-YunyangNeural_SC-000086.wav,edgetts,mandarin,SC-000086,zh-CN-YunyangNeural,0.852,可检
data/redteam/factory/edgetts/sichuan/edgetts_sichuan_zh-CN-XiaoxiaoNeural_SC-001195.wav,edgetts,sichuan,SC-001195,zh-CN-XiaoxiaoNeural,0.852,可检
data/redteam/factory/edgetts/cantonese/edgetts_cantonese_zh-HK-WanLungNeural_SC-000410.wav,edgetts,cantonese,SC-000410,zh-HK-WanLungNeural,0.8521,可检
data/redteam/factory/edgetts/mandarin/edgetts_mandarin_zh-CN-YunjianNeural_SC-000089.wav,edgetts,mandarin,SC-000089,zh-CN-YunjianNeural,0.8523,可检
data/redteam/factory/edgetts/henan/edgetts_henan_zh-CN-shaanxi-XiaoniNeural_SC-000969.wav,edgetts,henan,SC-000969,zh-CN-shaanxi-XiaoniNeural,0.8525,可检
data/redteam/factory/edgetts/henan/edgetts_henan_zh-CN-shaanxi-XiaoniNeural_SC-000994.wav,edgetts,henan,SC-000994,zh-CN-shaanxi-XiaoniNeural,0.8526,可检
data/redteam/factory/edgetts/henan/edgetts_henan_zh-CN-shaanxi-XiaoniNeural_SC-000732.wav,edgetts,henan,SC-000732,zh-CN-shaanxi-XiaoniNeural,0.8527,可检
data/redteam/factory/sovits_api/minnan/sovits_api_minnan_ref_boot_edgetts_minnan_zh-TW-YunJheNeural_SC-000001_SC-000006.wav,sovits_api,minnan,SC-000006,ref_boot_edgetts_minnan_zh-TW-YunJheNeural_SC-000001,0.853,可检
data/redteam/factory/edgetts/mandarin/edgetts_mandarin_zh-CN-YunxiNeural_SC-000007.wav,edgetts,mandarin,SC-000007,zh-CN-YunxiNeural,0.8532,可检
data/redteam/factory/edgetts/sichuan/edgetts_sichuan_zh-CN-YunxiNeural_SC-000007.wav,edgetts,sichuan,SC-000007,zh-CN-YunxiNeural,0.8532,可检
data/redteam/factory/edgetts/cantonese/edgetts_cantonese_zh-HK-WanLungNeural_SC-000389.wav,edgetts,cantonese,SC-000389,zh-HK-WanLungNeural,0.8532,可检
data/redteam/factory/edgetts/henan/edgetts_henan_zh-CN-shaanxi-XiaoniNeural_SC-000101.wav,edgetts,henan,SC-000101,zh-CN-shaanxi-XiaoniNeural,0.8532,可检
data/redteam/factory/sovits_api/cantonese/sovits_api_cantonese_ref_boot_edgetts_cantonese_zh-HK-HiuMaanNeural_SC-000005_seg8s_SC-000305.wav,sovits_api,cantonese,SC-000305,ref_boot_edgetts_cantonese_zh-HK-HiuMaanNeural_SC-000005_seg8s,0.8536,可检
data/redteam/factory/sovits_api/dongbei/sovits_api_dongbei_ref_boot_edgetts_dongbei_zh-CN-liaoning-XiaobeiNeural_SC-000002_seg8s_SC-000081.wav,sovits_api,dongbei,SC-000081,ref_boot_edgetts_dongbei_zh-CN-liaoning-XiaobeiNeural_SC-000002_seg8s,0.8539,可检
data/redteam/factory/edgetts/mandarin/edgetts_mandarin_zh-CN-YunjianNeural_SC-000235.wav,edgetts,mandarin,SC-000235,zh-CN-YunjianNeural,0.8545,可检
data/redteam/factory/edgetts/mandarin/edgetts_mandarin_zh-CN-YunjianNeural_SC-000070.wav,edgetts,mandarin,SC-000070,zh-CN-YunjianNeural,0.8546,可检
data/redteam/factory/edgetts/mandarin/edgetts_mandarin_zh-CN-YunxiNeural_SC-000474.wav,edgetts,mandarin,SC-000474,zh-CN-YunxiNeural,0.8548,可检
data/redteam/factory/edgetts/mandarin/edgetts_mandarin_zh-CN-YunjianNeural_SC-000168.wav,edgetts,mandarin,SC-000168,zh-CN-YunjianNeural,0.8549,可检
data/redteam/factory/edgetts/sichuan/edgetts_sichuan_zh-CN-XiaoxiaoNeural_SC-000622.wav,edgetts,sichuan,SC-000622,zh-CN-XiaoxiaoNeural,0.8552,可检
data/redteam/factory/edgetts/sichuan/edgetts_sichuan_zh-CN-XiaoxiaoNeural_SC-001526.wav,edgetts,sichuan,SC-001526,zh-CN-XiaoxiaoNeural,0.8554,可检
data/redteam/factory/edgetts/mandarin/edgetts_mandarin_zh-CN-YunxiNeural_SC-000134.wav,edgetts,mandarin,SC-000134,zh-CN-YunxiNeural,0.8555,可检
data/redteam/factory/edgetts/sichuan/edgetts_sichuan_zh-CN-XiaoxiaoNeural_SC-000297.wav,edgetts,sichuan,SC-000297,zh-CN-XiaoxiaoNeural,0.8557,可检
data/redteam/factory/edgetts/henan/edgetts_henan_zh-CN-shaanxi-XiaoniNeural_SC-001183.wav,edgetts,henan,SC-001183,zh-CN-shaanxi-XiaoniNeural,0.8557,可检
data/redteam/factory/edgetts/henan/edgetts_henan_zh-CN-shaanxi-XiaoniNeural_SC-000321.wav,edgetts,henan,SC-000321,zh-CN-shaanxi-XiaoniNeural,0.8559,可检
data/redteam/factory/edgetts/mandarin/edgetts_mandarin_zh-CN-YunxiNeural_SC-000283.wav,edgetts,mandarin,SC-000283,zh-CN-YunxiNeural,0.8559,可检
data/redteam/factory/edgetts/mandarin/edgetts_mandarin_zh-CN-YunjianNeural_SC-000304.wav,edgetts,mandarin,SC-000304,zh-CN-YunjianNeural,0.8562,可检
data/redteam/factory/edgetts/henan/edgetts_henan_zh-CN-shaanxi-XiaoniNeural_SC-000007.wav,edgetts,henan,SC-000007,zh-CN-shaanxi-XiaoniNeural,0.8563,可检
data/redteam/factory/edgetts/cantonese/edgetts_cantonese_zh-HK-WanLungNeural_SC-000625.wav,edgetts,cantonese,SC-000625,zh-HK-WanLungNeural,0.8564,可检
data/redteam/factory/edgetts/henan/edgetts_henan_zh-CN-shaanxi-XiaoniNeural_SC-000859.wav,edgetts,henan,SC-000859,zh-CN-shaanxi-XiaoniNeural,0.8564,可检
data/redteam/factory/edgetts/mandarin/edgetts_mandarin_zh-CN-YunjianNeural_SC-000267.wav,edgetts,mandarin,SC-000267,zh-CN-YunjianNeural,0.8565,可检
data/redteam/factory/edgetts/minnan/edgetts_minnan_zh-TW-YunJheNeural_SC-000002.wav,edgetts,minnan,SC-000002,zh-TW-YunJheNeural,0.8568,可检
data/redteam/factory/edgetts/cantonese/edgetts_cantonese_zh-HK-WanLungNeural_SC-000048.wav,edgetts,cantonese,SC-000048,zh-HK-WanLungNeural,0.8571,可检
data/redteam/factory/edgetts/mandarin/edgetts_mandarin_zh-CN-XiaoxiaoNeural_SC-000473.wav,edgetts,mandarin,SC-000473,zh-CN-XiaoxiaoNeural,0.8573,可检
data/redteam/factory/edgetts/minnan/edgetts_minnan_zh-TW-YunJheNeural_SC-000022.wav,edgetts,minnan,SC-000022,zh-TW-YunJheNeural,0.8576,可检
data/redteam/factory/edgetts/mandarin/edgetts_mandarin_zh-CN-YunyangNeural_SC-000292.wav,edgetts,mandarin,SC-000292,zh-CN-YunyangNeural,0.8581,可检
data/redteam/factory/edgetts/mandarin/edgetts_mandarin_zh-CN-YunyangNeural_SC-000474.wav,edgetts,mandarin,SC-000474,zh-CN-YunyangNeural,0.8581,可检
data/redteam/factory/sovits_api/minnan/sovits_api_minnan_ref_boot_edgetts_minnan_zh-TW-YunJheNeural_SC-000001_SC-000003.wav,sovits_api,minnan,SC-000003,ref_boot_edgetts_minnan_zh-TW-YunJheNeural_SC-000001,0.8583,可检
data/redteam/factory/edgetts/henan/edgetts_henan_zh-CN-shaanxi-XiaoniNeural_SC-000402.wav,edgetts,henan,SC-000402,zh-CN-shaanxi-XiaoniNeural,0.8585,可检
data/redteam/factory/edgetts/cantonese/edgetts_cantonese_zh-HK-WanLungNeural_SC-000760.wav,edgetts,cantonese,SC-000760,zh-HK-WanLungNeural,0.8586,可检
data/redteam/factory/edgetts/henan/edgetts_henan_zh-CN-shaanxi-XiaoniNeural_SC-000358.wav,edgetts,henan,SC-000358,zh-CN-shaanxi-XiaoniNeural,0.8587,可检
data/redteam/factory/edgetts/sichuan/edgetts_sichuan_zh-CN-XiaoxiaoNeural_SC-000849.wav,edgetts,sichuan,SC-000849,zh-CN-XiaoxiaoNeural,0.8587,可检
data/redteam/factory/edgetts/sichuan/edgetts_sichuan_zh-CN-YunxiNeural_SC-000708.wav,edgetts,sichuan,SC-000708,zh-CN-YunxiNeural,0.8588,可检
data/redteam/factory/edgetts/mandarin/edgetts_mandarin_zh-CN-YunyangNeural_SC-000336.wav,edgetts,mandarin,SC-000336,zh-CN-YunyangNeural,0.8588,可检
data/redteam/factory/edgetts/henan/edgetts_henan_zh-CN-shaanxi-XiaoniNeural_SC-000250.wav,edgetts,henan,SC-000250,zh-CN-shaanxi-XiaoniNeural,0.8591,可检
data/redteam/factory/edgetts/mandarin/edgetts_mandarin_zh-CN-YunjianNeural_SC-000497.wav,edgetts,mandarin,SC-000497,zh-CN-YunjianNeural,0.8592,可检
data/redteam/factory/edgetts/mandarin/edgetts_mandarin_zh-CN-YunyangNeural_SC-000440.wav,edgetts,mandarin,SC-000440,zh-CN-YunyangNeural,0.8592,可检
data/redteam/factory/edgetts/mandarin/edgetts_mandarin_zh-CN-YunyangNeural_SC-000514.wav,edgetts,mandarin,SC-000514,zh-CN-YunyangNeural,0.8595,可检
data/redteam/factory/edgetts/mandarin/edgetts_mandarin_zh-CN-YunjianNeural_SC-000182.wav,edgetts,mandarin,SC-000182,zh-CN-YunjianNeural,0.8599,可检
data/redteam/factory/edgetts/mandarin/edgetts_mandarin_zh-CN-YunjianNeural_SC-000262.wav,edgetts,mandarin,SC-000262,zh-CN-YunjianNeural,0.8599,可检
data/redteam/factory/edgetts/henan/edgetts_henan_zh-CN-shaanxi-XiaoniNeural_SC-001509.wav,edgetts,henan,SC-001509,zh-CN-shaanxi-XiaoniNeural,0.86,可检
data/redteam/factory/edgetts/mandarin/edgetts_mandarin_zh-CN-YunyangNeural_SC-000093.wav,edgetts,mandarin,SC-000093,zh-CN-YunyangNeural,0.8601,可检
data/redteam/factory/edgetts/cantonese/edgetts_cantonese_zh-HK-WanLungNeural_SC-001152.wav,edgetts,cantonese,SC-001152,zh-HK-WanLungNeural,0.8601,可检
data/redteam/factory/edgetts/minnan/edgetts_minnan_zh-TW-YunJheNeural_SC-001033.wav,edgetts,minnan,SC-001033,zh-TW-YunJheNeural,0.8602,可检
data/redteam/factory/edgetts/dongbei/edgetts_dongbei_zh-CN-liaoning-XiaobeiNeural_SC-000710.wav,edgetts,dongbei,SC-000710,zh-CN-liaoning-XiaobeiNeural,0.8602,可检
data/redteam/factory/edgetts/cantonese/edgetts_cantonese_zh-HK-WanLungNeural_SC-000228.wav,edgetts,cantonese,SC-000228,zh-HK-WanLungNeural,0.8604,可检
data/redteam/factory/edgetts/mandarin/edgetts_mandarin_zh-CN-YunjianNeural_SC-000455.wav,edgetts,mandarin,SC-000455,zh-CN-YunjianNeural,0.8607,可检
data/redteam/factory/edgetts/mandarin/edgetts_mandarin_zh-CN-YunyangNeural_SC-000435.wav,edgetts,mandarin,SC-000435,zh-CN-YunyangNeural,0.8609,可检
data/redteam/factory/sovits_api/minnan/sovits_api_minnan_ref_boot_edgetts_minnan_zh-TW-YunJheNeural_SC-000001_SC-000143.wav,sovits_api,minnan,SC-000143,ref_boot_edgetts_minnan_zh-TW-YunJheNeural_SC-000001,0.861,可检
data/redteam/factory/edgetts/dongbei/edgetts_dongbei_zh-CN-liaoning-XiaobeiNeural_SC-001362.wav,edgetts,dongbei,SC-001362,zh-CN-liaoning-XiaobeiNeural,0.8611,可检
data/redteam/factory/edgetts/henan/edgetts_henan_zh-CN-shaanxi-XiaoniNeural_SC-000662.wav,edgetts,henan,SC-000662,zh-CN-shaanxi-XiaoniNeural,0.8613,可检
data/redteam/factory/edgetts/henan/edgetts_henan_zh-CN-shaanxi-XiaoniNeural_SC-000929.wav,edgetts,henan,SC-000929,zh-CN-shaanxi-XiaoniNeural,0.8613,可检
data/redteam/factory/edgetts/mandarin/edgetts_mandarin_zh-CN-XiaoxiaoNeural_SC-000022.wav,edgetts,mandarin,SC-000022,zh-CN-XiaoxiaoNeural,0.8614,可检
data/redteam/factory/edgetts/sichuan/edgetts_sichuan_zh-CN-XiaoxiaoNeural_SC-000022.wav,edgetts,sichuan,SC-000022,zh-CN-XiaoxiaoNeural,0.8614,可检
data/redteam/factory/edgetts/sichuan/edgetts_sichuan_zh-CN-XiaoxiaoNeural_SC-001150.wav,edgetts,sichuan,SC-001150,zh-CN-XiaoxiaoNeural,0.8618,可检
data/redteam/factory/edgetts/henan/edgetts_henan_zh-CN-shaanxi-XiaoniNeural_SC-000582.wav,edgetts,henan,SC-000582,zh-CN-shaanxi-XiaoniNeural,0.862,可检
data/redteam/factory/edgetts/mandarin/edgetts_mandarin_zh-CN-YunjianNeural_SC-000020.wav,edgetts,mandarin,SC-000020,zh-CN-YunjianNeural,0.8623,可检
data/redteam/factory/edgetts/minnan/edgetts_minnan_zh-TW-YunJheNeural_SC-000816.wav,edgetts,minnan,SC-000816,zh-TW-YunJheNeural,0.8623,可检
data/redteam/factory/edgetts/henan/edgetts_henan_zh-CN-shaanxi-XiaoniNeural_SC-000033.wav,edgetts,henan,SC-000033,zh-CN-shaanxi-XiaoniNeural,0.8626,可检
data/redteam/factory/edgetts/mandarin/edgetts_mandarin_zh-CN-YunjianNeural_SC-000483.wav,edgetts,mandarin,SC-000483,zh-CN-YunjianNeural,0.8626,可检
data/redteam/factory/edgetts/mandarin/edgetts_mandarin_zh-CN-YunyangNeural_SC-000092.wav,edgetts,mandarin,SC-000092,zh-CN-YunyangNeural,0.863,可检
data/redteam/factory/sovits_api/sichuan/sovits_api_sichuan_ref_boot_edgetts_sichuan_zh-CN-YunxiNeural_SC-000010_SC-000211.wav,sovits_api,sichuan,SC-000211,ref_boot_edgetts_sichuan_zh-CN-YunxiNeural_SC-000010,0.8631,可检
data/redteam/factory/sovits_api/minnan/sovits_api_minnan_ref_boot_edgetts_minnan_zh-TW-YunJheNeural_SC-000001_SC-000323.wav,sovits_api,minnan,SC-000323,ref_boot_edgetts_minnan_zh-TW-YunJheNeural_SC-000001,0.8632,可检
data/redteam/factory/edgetts/mandarin/edgetts_mandarin_zh-CN-YunjianNeural_SC-000337.wav,edgetts,mandarin,SC-000337,zh-CN-YunjianNeural,0.8634,可检
data/redteam/factory/edgetts/sichuan/edgetts_sichuan_zh-CN-XiaoxiaoNeural_SC-000799.wav,edgetts,sichuan,SC-000799,zh-CN-XiaoxiaoNeural,0.8635,可检
data/redteam/factory/edgetts/mandarin/edgetts_mandarin_zh-CN-YunyangNeural_SC-000400.wav,edgetts,mandarin,SC-000400,zh-CN-YunyangNeural,0.8635,可检
data/redteam/factory/edgetts/dongbei/edgetts_dongbei_zh-CN-liaoning-XiaobeiNeural_SC-000749.wav,edgetts,dongbei,SC-000749,zh-CN-liaoning-XiaobeiNeural,0.8644,可检
data/redteam/factory/edgetts/dongbei/edgetts_dongbei_zh-CN-liaoning-XiaobeiNeural_SC-001698.wav,edgetts,dongbei,SC-001698,zh-CN-liaoning-XiaobeiNeural,0.8644,可检
data/redteam/factory/edgetts/sichuan/edgetts_sichuan_zh-CN-XiaoxiaoNeural_SC-001323.wav,edgetts,sichuan,SC-001323,zh-CN-XiaoxiaoNeural,0.8646,可检
data/redteam/factory/edgetts/cantonese/edgetts_cantonese_zh-HK-WanLungNeural_SC-001562.wav,edgetts,cantonese,SC-001562,zh-HK-WanLungNeural,0.8649,可检
data/redteam/factory/edgetts/cantonese/edgetts_cantonese_zh-HK-WanLungNeural_SC-001459.wav,edgetts,cantonese,SC-001459,zh-HK-WanLungNeural,0.8651,可检
data/redteam/factory/edgetts/sichuan/edgetts_sichuan_zh-CN-YunxiNeural_SC-000287.wav,edgetts,sichuan,SC-000287,zh-CN-YunxiNeural,0.8654,可检
data/redteam/factory/edgetts/mandarin/edgetts_mandarin_zh-CN-YunjianNeural_SC-000220.wav,edgetts,mandarin,SC-000220,zh-CN-YunjianNeural,0.8654,可检
data/redteam/factory/edgetts/mandarin/edgetts_mandarin_zh-CN-YunjianNeural_SC-000470.wav,edgetts,mandarin,SC-000470,zh-CN-YunjianNeural,0.8658,可检
data/redteam/factory/edgetts/mandarin/edgetts_mandarin_zh-CN-YunxiNeural_SC-000440.wav,edgetts,mandarin,SC-000440,zh-CN-YunxiNeural,0.866,可检
data/redteam/factory/edgetts/mandarin/edgetts_mandarin_zh-CN-XiaoxiaoNeural_SC-000300.wav,edgetts,mandarin,SC-000300,zh-CN-XiaoxiaoNeural,0.8663,可检
data/redteam/factory/edgetts/sichuan/edgetts_sichuan_zh-CN-YunxiNeural_SC-001055.wav,edgetts,sichuan,SC-001055,zh-CN-YunxiNeural,0.8663,可检
data/redteam/factory/edgetts/henan/edgetts_henan_zh-CN-shaanxi-XiaoniNeural_SC-000596.wav,edgetts,henan,SC-000596,zh-CN-shaanxi-XiaoniNeural,0.8663,可检
data/redteam/factory/edgetts/sichuan/edgetts_sichuan_zh-CN-YunxiNeural_SC-001177.wav,edgetts,sichuan,SC-001177,zh-CN-YunxiNeural,0.8665,可检
data/redteam/factory/edgetts/mandarin/edgetts_mandarin_zh-CN-YunjianNeural_SC-000069.wav,edgetts,mandarin,SC-000069,zh-CN-YunjianNeural,0.8666,可检
data/redteam/factory/edgetts/sichuan/edgetts_sichuan_zh-CN-XiaoxiaoNeural_SC-000254.wav,edgetts,sichuan,SC-000254,zh-CN-XiaoxiaoNeural,0.8668,可检
data/redteam/factory/edgetts/minnan/edgetts_minnan_zh-TW-YunJheNeural_SC-001415.wav,edgetts,minnan,SC-001415,zh-TW-YunJheNeural,0.8668,可检
data/redteam/factory/edgetts/mandarin/edgetts_mandarin_zh-CN-YunjianNeural_SC-000308.wav,edgetts,mandarin,SC-000308,zh-CN-YunjianNeural,0.8668,可检
data/redteam/factory/edgetts/henan/edgetts_henan_zh-CN-shaanxi-XiaoniNeural_SC-000233.wav,edgetts,henan,SC-000233,zh-CN-shaanxi-XiaoniNeural,0.8672,可检
data/redteam/factory/edgetts/sichuan/edgetts_sichuan_zh-CN-YunxiNeural_SC-000436.wav,edgetts,sichuan,SC-000436,zh-CN-YunxiNeural,0.8673,可检
data/redteam/factory/edgetts/dongbei/edgetts_dongbei_zh-CN-liaoning-XiaobeiNeural_SC-001625.wav,edgetts,dongbei,SC-001625,zh-CN-liaoning-XiaobeiNeural,0.8674,可检
data/redteam/factory/edgetts/mandarin/edgetts_mandarin_zh-CN-XiaoxiaoNeural_SC-000511.wav,edgetts,mandarin,SC-000511,zh-CN-XiaoxiaoNeural,0.8676,可检
data/redteam/factory/edgetts/mandarin/edgetts_mandarin_zh-CN-YunyangNeural_SC-000378.wav,edgetts,mandarin,SC-000378,zh-CN-YunyangNeural,0.8677,可检
data/redteam/factory/edgetts/mandarin/edgetts_mandarin_zh-CN-YunyangNeural_SC-000238.wav,edgetts,mandarin,SC-000238,zh-CN-YunyangNeural,0.8678,可检
data/redteam/factory/edgetts/sichuan/edgetts_sichuan_zh-CN-YunxiNeural_SC-000684.wav,edgetts,sichuan,SC-000684,zh-CN-YunxiNeural,0.8678,可检
data/redteam/factory/edgetts/mandarin/edgetts_mandarin_zh-CN-YunjianNeural_SC-000189.wav,edgetts,mandarin,SC-000189,zh-CN-YunjianNeural,0.8679,可检
data/redteam/factory/sovits_api/minnan/sovits_api_minnan_ref_boot_edgetts_minnan_zh-TW-YunJheNeural_SC-000001_SC-000059.wav,sovits_api,minnan,SC-000059,ref_boot_edgetts_minnan_zh-TW-YunJheNeural_SC-000001,0.8679,可检
data/redteam/factory/edgetts/dongbei/edgetts_dongbei_zh-CN-liaoning-XiaobeiNeural_SC-000975.wav,edgetts,dongbei,SC-000975,zh-CN-liaoning-XiaobeiNeural,0.8683,可检
data/redteam/factory/edgetts/mandarin/edgetts_mandarin_zh-CN-XiaoxiaoNeural_SC-000158.wav,edgetts,mandarin,SC-000158,zh-CN-XiaoxiaoNeural,0.8684,可检
data/redteam/factory/edgetts/sichuan/edgetts_sichuan_zh-CN-YunxiNeural_SC-000320.wav,edgetts,sichuan,SC-000320,zh-CN-YunxiNeural,0.8685,可检
data/redteam/factory/edgetts/dongbei/edgetts_dongbei_zh-CN-liaoning-XiaobeiNeural_SC-000439.wav,edgetts,dongbei,SC-000439,zh-CN-liaoning-XiaobeiNeural,0.8691,可检
data/redteam/factory/edgetts/dongbei/edgetts_dongbei_zh-CN-liaoning-XiaobeiNeural_SC-000570.wav,edgetts,dongbei,SC-000570,zh-CN-liaoning-XiaobeiNeural,0.8691,可检
data/redteam/factory/edgetts/minnan/edgetts_minnan_zh-TW-YunJheNeural_SC-000614.wav,edgetts,minnan,SC-000614,zh-TW-YunJheNeural,0.8691,可检
data/redteam/factory/edgetts/dongbei/edgetts_dongbei_zh-CN-liaoning-XiaobeiNeural_SC-000226.wav,edgetts,dongbei,SC-000226,zh-CN-liaoning-XiaobeiNeural,0.8694,可检
data/redteam/factory/edgetts/mandarin/edgetts_mandarin_zh-CN-YunyangNeural_SC-000008.wav,edgetts,mandarin,SC-000008,zh-CN-YunyangNeural,0.8699,可检
data/redteam/factory/edgetts/henan/edgetts_henan_zh-CN-shaanxi-XiaoniNeural_SC-001232.wav,edgetts,henan,SC-001232,zh-CN-shaanxi-XiaoniNeural,0.8699,可检
data/redteam/factory/edgetts/dongbei/edgetts_dongbei_zh-CN-liaoning-XiaobeiNeural_SC-000731.wav,edgetts,dongbei,SC-000731,zh-CN-liaoning-XiaobeiNeural,0.8699,可检
data/redteam/factory/edgetts/mandarin/edgetts_mandarin_zh-CN-YunyangNeural_SC-000510.wav,edgetts,mandarin,SC-000510,zh-CN-YunyangNeural,0.87,可检
data/redteam/factory/edgetts/cantonese/edgetts_cantonese_zh-HK-WanLungNeural_SC-000557.wav,edgetts,cantonese,SC-000557,zh-HK-WanLungNeural,0.8701,可检
data/redteam/factory/edgetts/cantonese/edgetts_cantonese_zh-HK-WanLungNeural_SC-000011.wav,edgetts,cantonese,SC-000011,zh-HK-WanLungNeural,0.8702,可检
data/redteam/factory/edgetts/mandarin/edgetts_mandarin_zh-CN-XiaoxiaoNeural_SC-000163.wav,edgetts,mandarin,SC-000163,zh-CN-XiaoxiaoNeural,0.8702,可检
data/redteam/factory/edgetts/mandarin/edgetts_mandarin_zh-CN-YunyangNeural_SC-000013.wav,edgetts,mandarin,SC-000013,zh-CN-YunyangNeural,0.8703,可检
data/redteam/factory/edgetts/mandarin/edgetts_mandarin_zh-CN-YunyangNeural_SC-000123.wav,edgetts,mandarin,SC-000123,zh-CN-YunyangNeural,0.8703,可检
data/redteam/factory/edgetts/sichuan/edgetts_sichuan_zh-CN-XiaoxiaoNeural_SC-000831.wav,edgetts,sichuan,SC-000831,zh-CN-XiaoxiaoNeural,0.8705,可检
data/redteam/factory/edgetts/sichuan/edgetts_sichuan_zh-CN-XiaoxiaoNeural_SC-001314.wav,edgetts,sichuan,SC-001314,zh-CN-XiaoxiaoNeural,0.8705,可检
data/redteam/factory/edgetts/sichuan/edgetts_sichuan_zh-CN-YunxiNeural_SC-001210.wav,edgetts,sichuan,SC-001210,zh-CN-YunxiNeural,0.8708,可检
data/redteam/factory/edgetts/mandarin/edgetts_mandarin_zh-CN-YunjianNeural_SC-000238.wav,edgetts,mandarin,SC-000238,zh-CN-YunjianNeural,0.871,可检
data/redteam/factory/edgetts/mandarin/edgetts_mandarin_zh-CN-XiaoxiaoNeural_SC-000014.wav,edgetts,mandarin,SC-000014,zh-CN-XiaoxiaoNeural,0.8713,可检
data/redteam/factory/edgetts/sichuan/edgetts_sichuan_zh-CN-XiaoxiaoNeural_SC-000014.wav,edgetts,sichuan,SC-000014,zh-CN-XiaoxiaoNeural,0.8713,可检
data/redteam/factory/edgetts/mandarin/edgetts_mandarin_zh-CN-YunjianNeural_SC-000180.wav,edgetts,mandarin,SC-000180,zh-CN-YunjianNeural,0.8713,可检
data/redteam/factory/edgetts/mandarin/edgetts_mandarin_zh-CN-YunjianNeural_SC-000514.wav,edgetts,mandarin,SC-000514,zh-CN-YunjianNeural,0.8713,可检
data/redteam/factory/edgetts/mandarin/edgetts_mandarin_zh-CN-YunxiNeural_SC-000006.wav,edgetts,mandarin,SC-000006,zh-CN-YunxiNeural,0.8715,可检
data/redteam/factory/edgetts/sichuan/edgetts_sichuan_zh-CN-YunxiNeural_SC-000006.wav,edgetts,sichuan,SC-000006,zh-CN-YunxiNeural,0.8715,可检
data/redteam/factory/edgetts/mandarin/edgetts_mandarin_zh-CN-YunyangNeural_SC-000314.wav,edgetts,mandarin,SC-000314,zh-CN-YunyangNeural,0.8716,可检
data/redteam/factory/edgetts/cantonese/edgetts_cantonese_zh-HK-WanLungNeural_SC-000027.wav,edgetts,cantonese,SC-000027,zh-HK-WanLungNeural,0.8717,可检
data/redteam/factory/edgetts/minnan/edgetts_minnan_zh-TW-YunJheNeural_SC-000422.wav,edgetts,minnan,SC-000422,zh-TW-YunJheNeural,0.8718,可检
data/redteam/factory/edgetts/mandarin/edgetts_mandarin_zh-CN-YunjianNeural_SC-000393.wav,edgetts,mandarin,SC-000393,zh-CN-YunjianNeural,0.8718,可检
data/redteam/factory/edgetts/mandarin/edgetts_mandarin_zh-CN-YunxiNeural_SC-000238.wav,edgetts,mandarin,SC-000238,zh-CN-YunxiNeural,0.8721,可检
data/redteam/factory/edgetts/cantonese/edgetts_cantonese_zh-HK-WanLungNeural_SC-000277.wav,edgetts,cantonese,SC-000277,zh-HK-WanLungNeural,0.8722,可检
data/redteam/factory/edgetts/mandarin/edgetts_mandarin_zh-CN-XiaoxiaoNeural_SC-000216.wav,edgetts,mandarin,SC-000216,zh-CN-XiaoxiaoNeural,0.8722,可检
data/redteam/factory/edgetts/minnan/edgetts_minnan_zh-TW-YunJheNeural_SC-000024.wav,edgetts,minnan,SC-000024,zh-TW-YunJheNeural,0.8724,可检
data/redteam/factory/edgetts/mandarin/edgetts_mandarin_zh-CN-YunyangNeural_SC-000374.wav,edgetts,mandarin,SC-000374,zh-CN-YunyangNeural,0.8726,可检
data/redteam/factory/edgetts/mandarin/edgetts_mandarin_zh-CN-YunjianNeural_SC-000501.wav,edgetts,mandarin,SC-000501,zh-CN-YunjianNeural,0.8727,可检
data/redteam/factory/edgetts/cantonese/edgetts_cantonese_zh-HK-WanLungNeural_SC-001606.wav,edgetts,cantonese,SC-001606,zh-HK-WanLungNeural,0.8727,可检
data/redteam/factory/edgetts/cantonese/edgetts_cantonese_zh-HK-WanLungNeural_SC-000912.wav,edgetts,cantonese,SC-000912,zh-HK-WanLungNeural,0.8728,可检
data/redteam/factory/edgetts/mandarin/edgetts_mandarin_zh-CN-YunjianNeural_SC-000403.wav,edgetts,mandarin,SC-000403,zh-CN-YunjianNeural,0.8729,可检
data/redteam/factory/edgetts/cantonese/edgetts_cantonese_zh-HK-WanLungNeural_SC-001277.wav,edgetts,cantonese,SC-001277,zh-HK-WanLungNeural,0.8732,可检
data/redteam/factory/edgetts/minnan/edgetts_minnan_zh-TW-YunJheNeural_SC-000532.wav,edgetts,minnan,SC-000532,zh-TW-YunJheNeural,0.8733,可检
data/redteam/factory/edgetts/sichuan/edgetts_sichuan_zh-CN-YunxiNeural_SC-001234.wav,edgetts,sichuan,SC-001234,zh-CN-YunxiNeural,0.8735,可检
data/redteam/factory/edgetts/sichuan/edgetts_sichuan_zh-CN-XiaoxiaoNeural_SC-000771.wav,edgetts,sichuan,SC-000771,zh-CN-XiaoxiaoNeural,0.8735,可检
data/redteam/factory/edgetts/henan/edgetts_henan_zh-CN-shaanxi-XiaoniNeural_SC-000973.wav,edgetts,henan,SC-000973,zh-CN-shaanxi-XiaoniNeural,0.8736,可检
data/redteam/factory/edgetts/mandarin/edgetts_mandarin_zh-CN-XiaoxiaoNeural_SC-000267.wav,edgetts,mandarin,SC-000267,zh-CN-XiaoxiaoNeural,0.8739,可检
data/redteam/factory/edgetts/mandarin/edgetts_mandarin_zh-CN-YunyangNeural_SC-000180.wav,edgetts,mandarin,SC-000180,zh-CN-YunyangNeural,0.874,可检
data/redteam/factory/edgetts/sichuan/edgetts_sichuan_zh-CN-YunxiNeural_SC-001002.wav,edgetts,sichuan,SC-001002,zh-CN-YunxiNeural,0.8741,可检
data/redteam/factory/edgetts/sichuan/edgetts_sichuan_zh-CN-YunxiNeural_SC-000355.wav,edgetts,sichuan,SC-000355,zh-CN-YunxiNeural,0.8743,可检
data/redteam/factory/edgetts/cantonese/edgetts_cantonese_zh-HK-WanLungNeural_SC-000329.wav,edgetts,cantonese,SC-000329,zh-HK-WanLungNeural,0.8744,可检
data/redteam/factory/edgetts/sichuan/edgetts_sichuan_zh-CN-YunxiNeural_SC-000659.wav,edgetts,sichuan,SC-000659,zh-CN-YunxiNeural,0.8744,可检
data/redteam/factory/edgetts/dongbei/edgetts_dongbei_zh-CN-liaoning-XiaobeiNeural_SC-001681.wav,edgetts,dongbei,SC-001681,zh-CN-liaoning-XiaobeiNeural,0.8745,可检
data/redteam/factory/edgetts/minnan/edgetts_minnan_zh-TW-YunJheNeural_SC-001121.wav,edgetts,minnan,SC-001121,zh-TW-YunJheNeural,0.8746,可检
data/redteam/factory/edgetts/henan/edgetts_henan_zh-CN-shaanxi-XiaoniNeural_SC-001536.wav,edgetts,henan,SC-001536,zh-CN-shaanxi-XiaoniNeural,0.8747,可检
data/redteam/factory/edgetts/cantonese/edgetts_cantonese_zh-HK-WanLungNeural_SC-000239.wav,edgetts,cantonese,SC-000239,zh-HK-WanLungNeural,0.8748,可检
data/redteam/factory/edgetts/mandarin/edgetts_mandarin_zh-CN-YunxiNeural_SC-000151.wav,edgetts,mandarin,SC-000151,zh-CN-YunxiNeural,0.8749,可检
data/redteam/factory/edgetts/mandarin/edgetts_mandarin_zh-CN-YunjianNeural_SC-000269.wav,edgetts,mandarin,SC-000269,zh-CN-YunjianNeural,0.8752,可检
data/redteam/factory/edgetts/mandarin/edgetts_mandarin_zh-CN-YunjianNeural_SC-000194.wav,edgetts,mandarin,SC-000194,zh-CN-YunjianNeural,0.8754,可检
data/redteam/factory/edgetts/mandarin/edgetts_mandarin_zh-CN-YunyangNeural_SC-000347.wav,edgetts,mandarin,SC-000347,zh-CN-YunyangNeural,0.8755,可检
data/redteam/factory/edgetts/cantonese/edgetts_cantonese_zh-HK-WanLungNeural_SC-001255.wav,edgetts,cantonese,SC-001255,zh-HK-WanLungNeural,0.8755,可检
data/redteam/factory/edgetts/cantonese/edgetts_cantonese_zh-HK-WanLungNeural_SC-001541.wav,edgetts,cantonese,SC-001541,zh-HK-WanLungNeural,0.8757,可检
data/redteam/factory/edgetts/minnan/edgetts_minnan_zh-TW-YunJheNeural_SC-000017.wav,edgetts,minnan,SC-000017,zh-TW-YunJheNeural,0.8759,可检
data/redteam/factory/edgetts/henan/edgetts_henan_zh-CN-shaanxi-XiaoniNeural_SC-000735.wav,edgetts,henan,SC-000735,zh-CN-shaanxi-XiaoniNeural,0.8759,可检
data/redteam/factory/edgetts/henan/edgetts_henan_zh-CN-shaanxi-XiaoniNeural_SC-001617.wav,edgetts,henan,SC-001617,zh-CN-shaanxi-XiaoniNeural,0.8759,可检
data/redteam/factory/edgetts/mandarin/edgetts_mandarin_zh-CN-YunjianNeural_SC-000002.wav,edgetts,mandarin,SC-000002,zh-CN-YunjianNeural,0.8761,可检
data/redteam/factory/edgetts/henan/edgetts_henan_zh-CN-shaanxi-XiaoniNeural_SC-000025.wav,edgetts,henan,SC-000025,zh-CN-shaanxi-XiaoniNeural,0.8761,可检
data/redteam/factory/edgetts/mandarin/edgetts_mandarin_zh-CN-YunyangNeural_SC-000024.wav,edgetts,mandarin,SC-000024,zh-CN-YunyangNeural,0.8762,可检
data/redteam/factory/edgetts/mandarin/edgetts_mandarin_zh-CN-XiaoxiaoNeural_SC-000336.wav,edgetts,mandarin,SC-000336,zh-CN-XiaoxiaoNeural,0.8762,可检
data/redteam/factory/edgetts/dongbei/edgetts_dongbei_zh-CN-liaoning-XiaobeiNeural_SC-001527.wav,edgetts,dongbei,SC-001527,zh-CN-liaoning-XiaobeiNeural,0.8764,可检
data/redteam/factory/edgetts/mandarin/edgetts_mandarin_zh-CN-XiaoxiaoNeural_SC-000344.wav,edgetts,mandarin,SC-000344,zh-CN-XiaoxiaoNeural,0.8765,可检
data/redteam/factory/sovits_api/cantonese/sovits_api_cantonese_ref_boot_edgetts_cantonese_zh-HK-WanLungNeural_SC-000005_seg8s_SC-000015.wav,sovits_api,cantonese,SC-000015,ref_boot_edgetts_cantonese_zh-HK-WanLungNeural_SC-000005_seg8s,0.8765,可检
data/redteam/factory/edgetts/mandarin/edgetts_mandarin_zh-CN-YunxiNeural_SC-000327.wav,edgetts,mandarin,SC-000327,zh-CN-YunxiNeural,0.8769,可检
data/redteam/factory/edgetts/minnan/edgetts_minnan_zh-TW-YunJheNeural_SC-000028.wav,edgetts,minnan,SC-000028,zh-TW-YunJheNeural,0.8771,可检
data/redteam/factory/edgetts/sichuan/edgetts_sichuan_zh-CN-YunxiNeural_SC-000683.wav,edgetts,sichuan,SC-000683,zh-CN-YunxiNeural,0.8771,可检
data/redteam/factory/edgetts/sichuan/edgetts_sichuan_zh-CN-YunxiNeural_SC-000186.wav,edgetts,sichuan,SC-000186,zh-CN-YunxiNeural,0.8772,可检
data/redteam/factory/edgetts/henan/edgetts_henan_zh-CN-shaanxi-XiaoniNeural_SC-000590.wav,edgetts,henan,SC-000590,zh-CN-shaanxi-XiaoniNeural,0.8773,可检
data/redteam/factory/edgetts/sichuan/edgetts_sichuan_zh-CN-XiaoxiaoNeural_SC-000907.wav,edgetts,sichuan,SC-000907,zh-CN-XiaoxiaoNeural,0.8776,可检
data/redteam/factory/edgetts/dongbei/edgetts_dongbei_zh-CN-liaoning-XiaobeiNeural_SC-000102.wav,edgetts,dongbei,SC-000102,zh-CN-liaoning-XiaobeiNeural,0.8777,可检
data/redteam/factory/edgetts/cantonese/edgetts_cantonese_zh-HK-WanLungNeural_SC-000885.wav,edgetts,cantonese,SC-000885,zh-HK-WanLungNeural,0.8777,可检
data/redteam/factory/edgetts/mandarin/edgetts_mandarin_zh-CN-XiaoxiaoNeural_SC-000095.wav,edgetts,mandarin,SC-000095,zh-CN-XiaoxiaoNeural,0.878,可检
data/redteam/factory/edgetts/dongbei/edgetts_dongbei_zh-CN-liaoning-XiaobeiNeural_SC-000635.wav,edgetts,dongbei,SC-000635,zh-CN-liaoning-XiaobeiNeural,0.8781,可检
data/redteam/factory/edgetts/henan/edgetts_henan_zh-CN-shaanxi-XiaoniNeural_SC-001492.wav,edgetts,henan,SC-001492,zh-CN-shaanxi-XiaoniNeural,0.8782,可检
data/redteam/factory/edgetts/mandarin/edgetts_mandarin_zh-CN-XiaoxiaoNeural_SC-000029.wav,edgetts,mandarin,SC-000029,zh-CN-XiaoxiaoNeural,0.8783,可检
data/redteam/factory/edgetts/sichuan/edgetts_sichuan_zh-CN-XiaoxiaoNeural_SC-000029.wav,edgetts,sichuan,SC-000029,zh-CN-XiaoxiaoNeural,0.8783,可检
data/redteam/factory/edgetts/sichuan/edgetts_sichuan_zh-CN-YunxiNeural_SC-001411.wav,edgetts,sichuan,SC-001411,zh-CN-YunxiNeural,0.8784,可检
data/redteam/factory/edgetts/henan/edgetts_henan_zh-CN-shaanxi-XiaoniNeural_SC-001381.wav,edgetts,henan,SC-001381,zh-CN-shaanxi-XiaoniNeural,0.8785,可检
data/redteam/factory/edgetts/cantonese/edgetts_cantonese_zh-HK-WanLungNeural_SC-000460.wav,edgetts,cantonese,SC-000460,zh-HK-WanLungNeural,0.8785,可检
data/redteam/factory/edgetts/minnan/edgetts_minnan_zh-TW-YunJheNeural_SC-001264.wav,edgetts,minnan,SC-001264,zh-TW-YunJheNeural,0.8785,可检
data/redteam/factory/sovits_api/minnan/sovits_api_minnan_ref_boot_edgetts_minnan_zh-TW-YunJheNeural_SC-000001_SC-000369.wav,sovits_api,minnan,SC-000369,ref_boot_edgetts_minnan_zh-TW-YunJheNeural_SC-000001,0.8787,可检
data/redteam/factory/edgetts/henan/edgetts_henan_zh-CN-shaanxi-XiaoniNeural_SC-000018.wav,edgetts,henan,SC-000018,zh-CN-shaanxi-XiaoniNeural,0.8788,可检
data/redteam/factory/edgetts/dongbei/edgetts_dongbei_zh-CN-liaoning-XiaobeiNeural_SC-000438.wav,edgetts,dongbei,SC-000438,zh-CN-liaoning-XiaobeiNeural,0.879,可检
data/redteam/factory/edgetts/cantonese/edgetts_cantonese_zh-HK-WanLungNeural_SC-000874.wav,edgetts,cantonese,SC-000874,zh-HK-WanLungNeural,0.8792,可检
data/redteam/factory/edgetts/henan/edgetts_henan_zh-CN-shaanxi-XiaoniNeural_SC-000680.wav,edgetts,henan,SC-000680,zh-CN-shaanxi-XiaoniNeural,0.8794,可检
data/redteam/factory/edgetts/dongbei/edgetts_dongbei_zh-CN-liaoning-XiaobeiNeural_SC-001147.wav,edgetts,dongbei,SC-001147,zh-CN-liaoning-XiaobeiNeural,0.8795,可检
data/redteam/factory/edgetts/mandarin/edgetts_mandarin_zh-CN-YunxiNeural_SC-000401.wav,edgetts,mandarin,SC-000401,zh-CN-YunxiNeural,0.8795,可检
data/redteam/factory/edgetts/henan/edgetts_henan_zh-CN-shaanxi-XiaoniNeural_SC-000005.wav,edgetts,henan,SC-000005,zh-CN-shaanxi-XiaoniNeural,0.8796,可检
data/redteam/factory/edgetts/mandarin/edgetts_mandarin_zh-CN-YunxiNeural_SC-000168.wav,edgetts,mandarin,SC-000168,zh-CN-YunxiNeural,0.8798,可检
data/redteam/factory/edgetts/mandarin/edgetts_mandarin_zh-CN-YunxiNeural_SC-000117.wav,edgetts,mandarin,SC-000117,zh-CN-YunxiNeural,0.8799,可检
data/redteam/factory/edgetts/dongbei/edgetts_dongbei_zh-CN-liaoning-XiaobeiNeural_SC-001685.wav,edgetts,dongbei,SC-001685,zh-CN-liaoning-XiaobeiNeural,0.88,可检
data/redteam/factory/edgetts/cantonese/edgetts_cantonese_zh-HK-WanLungNeural_SC-000008.wav,edgetts,cantonese,SC-000008,zh-HK-WanLungNeural,0.8801,可检
data/redteam/factory/edgetts/cantonese/edgetts_cantonese_zh-HK-WanLungNeural_SC-000018.wav,edgetts,cantonese,SC-000018,zh-HK-WanLungNeural,0.8801,可检
data/redteam/factory/edgetts/henan/edgetts_henan_zh-CN-shaanxi-XiaoniNeural_SC-000170.wav,edgetts,henan,SC-000170,zh-CN-shaanxi-XiaoniNeural,0.8803,可检
data/redteam/factory/edgetts/dongbei/edgetts_dongbei_zh-CN-liaoning-XiaobeiNeural_SC-001704.wav,edgetts,dongbei,SC-001704,zh-CN-liaoning-XiaobeiNeural,0.8804,可检
data/redteam/factory/edgetts/dongbei/edgetts_dongbei_zh-CN-liaoning-XiaobeiNeural_SC-000026.wav,edgetts,dongbei,SC-000026,zh-CN-liaoning-XiaobeiNeural,0.8806,可检
data/redteam/factory/edgetts/mandarin/edgetts_mandarin_zh-CN-YunxiNeural_SC-000024.wav,edgetts,mandarin,SC-000024,zh-CN-YunxiNeural,0.8808,可检
data/redteam/factory/edgetts/sichuan/edgetts_sichuan_zh-CN-YunxiNeural_SC-000024.wav,edgetts,sichuan,SC-000024,zh-CN-YunxiNeural,0.8808,可检
data/redteam/factory/edgetts/dongbei/edgetts_dongbei_zh-CN-liaoning-XiaobeiNeural_SC-000018.wav,edgetts,dongbei,SC-000018,zh-CN-liaoning-XiaobeiNeural,0.8808,可检
data/redteam/factory/edgetts/sichuan/edgetts_sichuan_zh-CN-YunxiNeural_SC-000627.wav,edgetts,sichuan,SC-000627,zh-CN-YunxiNeural,0.8808,可检
data/redteam/factory/edgetts/minnan/edgetts_minnan_zh-TW-YunJheNeural_SC-001661.wav,edgetts,minnan,SC-001661,zh-TW-YunJheNeural,0.8809,可检
data/redteam/factory/edgetts/mandarin/edgetts_mandarin_zh-CN-YunxiNeural_SC-000444.wav,edgetts,mandarin,SC-000444,zh-CN-YunxiNeural,0.881,可检
data/redteam/factory/edgetts/sichuan/edgetts_sichuan_zh-CN-YunxiNeural_SC-000353.wav,edgetts,sichuan,SC-000353,zh-CN-YunxiNeural,0.881,可检
data/redteam/factory/edgetts/dongbei/edgetts_dongbei_zh-CN-liaoning-XiaobeiNeural_SC-000538.wav,edgetts,dongbei,SC-000538,zh-CN-liaoning-XiaobeiNeural,0.881,可检
data/redteam/factory/edgetts/henan/edgetts_henan_zh-CN-shaanxi-XiaoniNeural_SC-001165.wav,edgetts,henan,SC-001165,zh-CN-shaanxi-XiaoniNeural,0.881,可检
data/redteam/factory/edgetts/henan/edgetts_henan_zh-CN-shaanxi-XiaoniNeural_SC-001228.wav,edgetts,henan,SC-001228,zh-CN-shaanxi-XiaoniNeural,0.8811,可检
data/redteam/factory/edgetts/henan/edgetts_henan_zh-CN-shaanxi-XiaoniNeural_SC-000995.wav,edgetts,henan,SC-000995,zh-CN-shaanxi-XiaoniNeural,0.8816,可检
data/redteam/factory/edgetts/mandarin/edgetts_mandarin_zh-CN-YunxiNeural_SC-000005.wav,edgetts,mandarin,SC-000005,zh-CN-YunxiNeural,0.8818,可检
data/redteam/factory/edgetts/sichuan/edgetts_sichuan_zh-CN-YunxiNeural_SC-000005.wav,edgetts,sichuan,SC-000005,zh-CN-YunxiNeural,0.8818,可检
data/redteam/factory/edgetts/dongbei/edgetts_dongbei_zh-CN-liaoning-XiaobeiNeural_SC-001455.wav,edgetts,dongbei,SC-001455,zh-CN-liaoning-XiaobeiNeural,0.8818,可检
data/redteam/factory/edgetts/mandarin/edgetts_mandarin_zh-CN-YunxiNeural_SC-000347.wav,edgetts,mandarin,SC-000347,zh-CN-YunxiNeural,0.8819,可检
data/redteam/factory/edgetts/sichuan/edgetts_sichuan_zh-CN-XiaoxiaoNeural_SC-001127.wav,edgetts,sichuan,SC-001127,zh-CN-XiaoxiaoNeural,0.882,可检
data/redteam/factory/edgetts/sichuan/edgetts_sichuan_zh-CN-YunxiNeural_SC-000756.wav,edgetts,sichuan,SC-000756,zh-CN-YunxiNeural,0.882,可检
data/redteam/factory/edgetts/cantonese/edgetts_cantonese_zh-HK-WanLungNeural_SC-001565.wav,edgetts,cantonese,SC-001565,zh-HK-WanLungNeural,0.8821,可检
data/redteam/factory/edgetts/mandarin/edgetts_mandarin_zh-CN-YunyangNeural_SC-000020.wav,edgetts,mandarin,SC-000020,zh-CN-YunyangNeural,0.8822,可检
data/redteam/factory/edgetts/dongbei/edgetts_dongbei_zh-CN-liaoning-XiaobeiNeural_SC-001542.wav,edgetts,dongbei,SC-001542,zh-CN-liaoning-XiaobeiNeural,0.8822,可检
data/redteam/factory/edgetts/dongbei/edgetts_dongbei_zh-CN-liaoning-XiaobeiNeural_SC-001211.wav,edgetts,dongbei,SC-001211,zh-CN-liaoning-XiaobeiNeural,0.8826,可检
data/redteam/factory/edgetts/mandarin/edgetts_mandarin_zh-CN-YunxiNeural_SC-000340.wav,edgetts,mandarin,SC-000340,zh-CN-YunxiNeural,0.8828,可检
data/redteam/factory/edgetts/dongbei/edgetts_dongbei_zh-CN-liaoning-XiaobeiNeural_SC-001221.wav,edgetts,dongbei,SC-001221,zh-CN-liaoning-XiaobeiNeural,0.8829,可检
data/redteam/factory/edgetts/sichuan/edgetts_sichuan_zh-CN-XiaoxiaoNeural_SC-001524.wav,edgetts,sichuan,SC-001524,zh-CN-XiaoxiaoNeural,0.883,可检
data/redteam/factory/edgetts/cantonese/edgetts_cantonese_zh-HK-WanLungNeural_SC-001223.wav,edgetts,cantonese,SC-001223,zh-HK-WanLungNeural,0.883,可检
data/redteam/factory/edgetts/minnan/edgetts_minnan_zh-TW-YunJheNeural_SC-001532.wav,edgetts,minnan,SC-001532,zh-TW-YunJheNeural,0.8833,可检
data/redteam/factory/edgetts/sichuan/edgetts_sichuan_zh-CN-XiaoxiaoNeural_SC-001339.wav,edgetts,sichuan,SC-001339,zh-CN-XiaoxiaoNeural,0.8836,可检
data/redteam/factory/edgetts/henan/edgetts_henan_zh-CN-shaanxi-XiaoniNeural_SC-000566.wav,edgetts,henan,SC-000566,zh-CN-shaanxi-XiaoniNeural,0.8837,可检
data/redteam/factory/edgetts/mandarin/edgetts_mandarin_zh-CN-YunyangNeural_SC-000006.wav,edgetts,mandarin,SC-000006,zh-CN-YunyangNeural,0.8838,可检
data/redteam/factory/edgetts/mandarin/edgetts_mandarin_zh-CN-YunjianNeural_SC-000404.wav,edgetts,mandarin,SC-000404,zh-CN-YunjianNeural,0.8842,可检
data/redteam/factory/edgetts/sichuan/edgetts_sichuan_zh-CN-XiaoxiaoNeural_SC-000263.wav,edgetts,sichuan,SC-000263,zh-CN-XiaoxiaoNeural,0.8846,可检
data/redteam/factory/edgetts/mandarin/edgetts_mandarin_zh-CN-YunyangNeural_SC-000462.wav,edgetts,mandarin,SC-000462,zh-CN-YunyangNeural,0.8846,可检
data/redteam/factory/edgetts/sichuan/edgetts_sichuan_zh-CN-XiaoxiaoNeural_SC-000475.wav,edgetts,sichuan,SC-000475,zh-CN-XiaoxiaoNeural,0.8846,可检
data/redteam/factory/edgetts/mandarin/edgetts_mandarin_zh-CN-YunyangNeural_SC-000069.wav,edgetts,mandarin,SC-000069,zh-CN-YunyangNeural,0.8848,可检
data/redteam/factory/edgetts/mandarin/edgetts_mandarin_zh-CN-YunjianNeural_SC-000150.wav,edgetts,mandarin,SC-000150,zh-CN-YunjianNeural,0.885,可检
data/redteam/factory/edgetts/henan/edgetts_henan_zh-CN-shaanxi-XiaoniNeural_SC-000638.wav,edgetts,henan,SC-000638,zh-CN-shaanxi-XiaoniNeural,0.8858,可检
data/redteam/factory/edgetts/mandarin/edgetts_mandarin_zh-CN-YunjianNeural_SC-000201.wav,edgetts,mandarin,SC-000201,zh-CN-YunjianNeural,0.8859,可检
data/redteam/factory/edgetts/dongbei/edgetts_dongbei_zh-CN-liaoning-XiaobeiNeural_SC-001236.wav,edgetts,dongbei,SC-001236,zh-CN-liaoning-XiaobeiNeural,0.886,可检
data/redteam/factory/edgetts/henan/edgetts_henan_zh-CN-shaanxi-XiaoniNeural_SC-000023.wav,edgetts,henan,SC-000023,zh-CN-shaanxi-XiaoniNeural,0.8864,可检
data/redteam/factory/edgetts/mandarin/edgetts_mandarin_zh-CN-XiaoxiaoNeural_SC-000105.wav,edgetts,mandarin,SC-000105,zh-CN-XiaoxiaoNeural,0.8864,可检
data/redteam/factory/edgetts/henan/edgetts_henan_zh-CN-shaanxi-XiaoniNeural_SC-001614.wav,edgetts,henan,SC-001614,zh-CN-shaanxi-XiaoniNeural,0.8864,可检
data/redteam/factory/edgetts/sichuan/edgetts_sichuan_zh-CN-YunxiNeural_SC-000066.wav,edgetts,sichuan,SC-000066,zh-CN-YunxiNeural,0.8865,可检
data/redteam/factory/edgetts/dongbei/edgetts_dongbei_zh-CN-liaoning-XiaobeiNeural_SC-000061.wav,edgetts,dongbei,SC-000061,zh-CN-liaoning-XiaobeiNeural,0.8869,可检
data/redteam/factory/edgetts/henan/edgetts_henan_zh-CN-shaanxi-XiaoniNeural_SC-000562.wav,edgetts,henan,SC-000562,zh-CN-shaanxi-XiaoniNeural,0.8872,可检
data/redteam/factory/edgetts/dongbei/edgetts_dongbei_zh-CN-liaoning-XiaobeiNeural_SC-001128.wav,edgetts,dongbei,SC-001128,zh-CN-liaoning-XiaobeiNeural,0.8872,可检
data/redteam/factory/edgetts/mandarin/edgetts_mandarin_zh-CN-YunyangNeural_SC-000511.wav,edgetts,mandarin,SC-000511,zh-CN-YunyangNeural,0.8875,可检
data/redteam/factory/edgetts/mandarin/edgetts_mandarin_zh-CN-YunjianNeural_SC-000022.wav,edgetts,mandarin,SC-000022,zh-CN-YunjianNeural,0.8879,可检
data/redteam/factory/edgetts/henan/edgetts_henan_zh-CN-shaanxi-XiaoniNeural_SC-000064.wav,edgetts,henan,SC-000064,zh-CN-shaanxi-XiaoniNeural,0.8881,可检
data/redteam/factory/edgetts/cantonese/edgetts_cantonese_zh-HK-WanLungNeural_SC-000679.wav,edgetts,cantonese,SC-000679,zh-HK-WanLungNeural,0.8881,可检
data/redteam/factory/edgetts/mandarin/edgetts_mandarin_zh-CN-YunjianNeural_SC-000045.wav,edgetts,mandarin,SC-000045,zh-CN-YunjianNeural,0.8882,可检
data/redteam/factory/edgetts/dongbei/edgetts_dongbei_zh-CN-liaoning-XiaobeiNeural_SC-000328.wav,edgetts,dongbei,SC-000328,zh-CN-liaoning-XiaobeiNeural,0.8882,可检
data/redteam/factory/sovits_api/mandarin/sovits_api_mandarin_ref_boot_edgetts_mandarin_zh-CN-YunjianNeural_SC-000007_seg8s_SC-000027.wav,sovits_api,mandarin,SC-000027,ref_boot_edgetts_mandarin_zh-CN-YunjianNeural_SC-000007_seg8s,0.8883,可检
data/redteam/factory/sovits_api/cantonese/sovits_api_cantonese_ref_boot_edgetts_cantonese_zh-HK-HiuMaanNeural_SC-000005_seg8s_SC-000040.wav,sovits_api,cantonese,SC-000040,ref_boot_edgetts_cantonese_zh-HK-HiuMaanNeural_SC-000005_seg8s,0.8884,可检
data/redteam/factory/sovits_api/mandarin/sovits_api_mandarin_ref_boot_edgetts_mandarin_zh-CN-YunxiNeural_SC-000007_seg8s_SC-000047.wav,sovits_api,mandarin,SC-000047,ref_boot_edgetts_mandarin_zh-CN-YunxiNeural_SC-000007_seg8s,0.8886,可检
data/redteam/factory/edgetts/henan/edgetts_henan_zh-CN-shaanxi-XiaoniNeural_SC-000338.wav,edgetts,henan,SC-000338,zh-CN-shaanxi-XiaoniNeural,0.889,可检
data/redteam/factory/edgetts/minnan/edgetts_minnan_zh-TW-YunJheNeural_SC-000019.wav,edgetts,minnan,SC-000019,zh-TW-YunJheNeural,0.8891,可检
data/redteam/factory/edgetts/mandarin/edgetts_mandarin_zh-CN-YunxiNeural_SC-000449.wav,edgetts,mandarin,SC-000449,zh-CN-YunxiNeural,0.8891,可检
data/redteam/factory/edgetts/mandarin/edgetts_mandarin_zh-CN-YunyangNeural_SC-000090.wav,edgetts,mandarin,SC-000090,zh-CN-YunyangNeural,0.8892,可检
data/redteam/factory/edgetts/mandarin/edgetts_mandarin_zh-CN-YunyangNeural_SC-000483.wav,edgetts,mandarin,SC-000483,zh-CN-YunyangNeural,0.8893,可检
data/redteam/factory/edgetts/henan/edgetts_henan_zh-CN-shaanxi-XiaoniNeural_SC-000028.wav,edgetts,henan,SC-000028,zh-CN-shaanxi-XiaoniNeural,0.8897,可检
data/redteam/factory/edgetts/henan/edgetts_henan_zh-CN-shaanxi-XiaoniNeural_SC-000014.wav,edgetts,henan,SC-000014,zh-CN-shaanxi-XiaoniNeural,0.8897,可检
data/redteam/factory/edgetts/henan/edgetts_henan_zh-CN-shaanxi-XiaoniNeural_SC-000147.wav,edgetts,henan,SC-000147,zh-CN-shaanxi-XiaoniNeural,0.8898,可检
data/redteam/factory/edgetts/mandarin/edgetts_mandarin_zh-CN-YunjianNeural_SC-000223.wav,edgetts,mandarin,SC-000223,zh-CN-YunjianNeural,0.8898,可检
data/redteam/factory/edgetts/sichuan/edgetts_sichuan_zh-CN-XiaoxiaoNeural_SC-000469.wav,edgetts,sichuan,SC-000469,zh-CN-XiaoxiaoNeural,0.8898,可检
data/redteam/factory/edgetts/cantonese/edgetts_cantonese_zh-HK-WanLungNeural_SC-000823.wav,edgetts,cantonese,SC-000823,zh-HK-WanLungNeural,0.8899,可检
data/redteam/factory/edgetts/sichuan/edgetts_sichuan_zh-CN-YunxiNeural_SC-001138.wav,edgetts,sichuan,SC-001138,zh-CN-YunxiNeural,0.8899,可检
data/redteam/factory/edgetts/dongbei/edgetts_dongbei_zh-CN-liaoning-XiaobeiNeural_SC-000014.wav,edgetts,dongbei,SC-000014,zh-CN-liaoning-XiaobeiNeural,0.89,可检
data/redteam/factory/edgetts/sichuan/edgetts_sichuan_zh-CN-XiaoxiaoNeural_SC-000107.wav,edgetts,sichuan,SC-000107,zh-CN-XiaoxiaoNeural,0.89,可检
data/redteam/factory/edgetts/mandarin/edgetts_mandarin_zh-CN-XiaoxiaoNeural_SC-000356.wav,edgetts,mandarin,SC-000356,zh-CN-XiaoxiaoNeural,0.8903,可检
data/redteam/factory/edgetts/cantonese/edgetts_cantonese_zh-HK-WanLungNeural_SC-000119.wav,edgetts,cantonese,SC-000119,zh-HK-WanLungNeural,0.8904,可检
data/redteam/factory/edgetts/sichuan/edgetts_sichuan_zh-CN-YunxiNeural_SC-001040.wav,edgetts,sichuan,SC-001040,zh-CN-YunxiNeural,0.8905,可检
data/redteam/factory/edgetts/mandarin/edgetts_mandarin_zh-CN-YunjianNeural_SC-000007.wav,edgetts,mandarin,SC-000007,zh-CN-YunjianNeural,0.8906,可检
data/redteam/factory/edgetts/henan/edgetts_henan_zh-CN-shaanxi-XiaoniNeural_SC-001424.wav,edgetts,henan,SC-001424,zh-CN-shaanxi-XiaoniNeural,0.8906,可检
data/redteam/factory/edgetts/mandarin/edgetts_mandarin_zh-CN-YunxiNeural_SC-000020.wav,edgetts,mandarin,SC-000020,zh-CN-YunxiNeural,0.8907,可检
data/redteam/factory/edgetts/sichuan/edgetts_sichuan_zh-CN-YunxiNeural_SC-000020.wav,edgetts,sichuan,SC-000020,zh-CN-YunxiNeural,0.8907,可检
data/redteam/factory/edgetts/sichuan/edgetts_sichuan_zh-CN-XiaoxiaoNeural_SC-000785.wav,edgetts,sichuan,SC-000785,zh-CN-XiaoxiaoNeural,0.8909,可检
data/redteam/factory/edgetts/sichuan/edgetts_sichuan_zh-CN-XiaoxiaoNeural_SC-001396.wav,edgetts,sichuan,SC-001396,zh-CN-XiaoxiaoNeural,0.8911,可检
data/redteam/factory/edgetts/cantonese/edgetts_cantonese_zh-HK-WanLungNeural_SC-000714.wav,edgetts,cantonese,SC-000714,zh-HK-WanLungNeural,0.8913,可检
data/redteam/factory/edgetts/cantonese/edgetts_cantonese_zh-HK-WanLungNeural_SC-000765.wav,edgetts,cantonese,SC-000765,zh-HK-WanLungNeural,0.8914,可检
data/redteam/factory/edgetts/minnan/edgetts_minnan_zh-TW-HsiaoChenNeural_SC-001610.wav,edgetts,minnan,SC-001610,zh-TW-HsiaoChenNeural,0.8914,可检
data/redteam/factory/sovits_api/minnan/sovits_api_minnan_ref_boot_edgetts_minnan_zh-TW-YunJheNeural_SC-000001_SC-000056.wav,sovits_api,minnan,SC-000056,ref_boot_edgetts_minnan_zh-TW-YunJheNeural_SC-000001,0.8916,可检
data/redteam/factory/edgetts/mandarin/edgetts_mandarin_zh-CN-YunjianNeural_SC-000036.wav,edgetts,mandarin,SC-000036,zh-CN-YunjianNeural,0.8917,可检
data/redteam/factory/edgetts/mandarin/edgetts_mandarin_zh-CN-YunjianNeural_SC-000134.wav,edgetts,mandarin,SC-000134,zh-CN-YunjianNeural,0.8919,可检
data/redteam/factory/sovits_api/minnan/sovits_api_minnan_ref_boot_edgetts_minnan_zh-TW-YunJheNeural_SC-000001_SC-000192.wav,sovits_api,minnan,SC-000192,ref_boot_edgetts_minnan_zh-TW-YunJheNeural_SC-000001,0.8919,可检
data/redteam/factory/edgetts/henan/edgetts_henan_zh-CN-shaanxi-XiaoniNeural_SC-000004.wav,edgetts,henan,SC-000004,zh-CN-shaanxi-XiaoniNeural,0.892,可检
data/redteam/factory/edgetts/cantonese/edgetts_cantonese_zh-HK-WanLungNeural_SC-000427.wav,edgetts,cantonese,SC-000427,zh-HK-WanLungNeural,0.892,可检
data/redteam/factory/edgetts/dongbei/edgetts_dongbei_zh-CN-liaoning-XiaobeiNeural_SC-000366.wav,edgetts,dongbei,SC-000366,zh-CN-liaoning-XiaobeiNeural,0.892,可检
data/redteam/factory/edgetts/minnan/edgetts_minnan_zh-TW-YunJheNeural_SC-001484.wav,edgetts,minnan,SC-001484,zh-TW-YunJheNeural,0.892,可检
data/redteam/factory/edgetts/dongbei/edgetts_dongbei_zh-CN-liaoning-XiaobeiNeural_SC-000869.wav,edgetts,dongbei,SC-000869,zh-CN-liaoning-XiaobeiNeural,0.8922,可检
data/redteam/factory/edgetts/minnan/edgetts_minnan_zh-TW-YunJheNeural_SC-000316.wav,edgetts,minnan,SC-000316,zh-TW-YunJheNeural,0.8924,可检
data/redteam/factory/sovits_api/minnan/sovits_api_minnan_ref_boot_edgetts_minnan_zh-TW-YunJheNeural_SC-000001_SC-000350.wav,sovits_api,minnan,SC-000350,ref_boot_edgetts_minnan_zh-TW-YunJheNeural_SC-000001,0.8926,可检
data/redteam/factory/edgetts/mandarin/edgetts_mandarin_zh-CN-XiaoxiaoNeural_SC-000015.wav,edgetts,mandarin,SC-000015,zh-CN-XiaoxiaoNeural,0.8927,可检
data/redteam/factory/edgetts/sichuan/edgetts_sichuan_zh-CN-XiaoxiaoNeural_SC-000015.wav,edgetts,sichuan,SC-000015,zh-CN-XiaoxiaoNeural,0.8927,可检
data/redteam/factory/edgetts/minnan/edgetts_minnan_zh-TW-YunJheNeural_SC-000527.wav,edgetts,minnan,SC-000527,zh-TW-YunJheNeural,0.8929,可检
data/redteam/factory/edgetts/cantonese/edgetts_cantonese_zh-HK-HiuMaanNeural_SC-000793.wav,edgetts,cantonese,SC-000793,zh-HK-HiuMaanNeural,0.893,可检
data/redteam/factory/edgetts/mandarin/edgetts_mandarin_zh-CN-YunjianNeural_SC-000486.wav,edgetts,mandarin,SC-000486,zh-CN-YunjianNeural,0.893,可检
data/redteam/factory/edgetts/cantonese/edgetts_cantonese_zh-HK-WanLungNeural_SC-000021.wav,edgetts,cantonese,SC-000021,zh-HK-WanLungNeural,0.8936,可检
data/redteam/factory/edgetts/minnan/edgetts_minnan_zh-TW-HsiaoChenNeural_SC-001583.wav,edgetts,minnan,SC-001583,zh-TW-HsiaoChenNeural,0.8937,可检
data/redteam/factory/edgetts/dongbei/edgetts_dongbei_zh-CN-liaoning-XiaobeiNeural_SC-000006.wav,edgetts,dongbei,SC-000006,zh-CN-liaoning-XiaobeiNeural,0.8938,可检
data/redteam/factory/edgetts/minnan/edgetts_minnan_zh-TW-YunJheNeural_SC-001215.wav,edgetts,minnan,SC-001215,zh-TW-YunJheNeural,0.8939,可检
data/redteam/factory/edgetts/cantonese/edgetts_cantonese_zh-HK-WanLungNeural_SC-001188.wav,edgetts,cantonese,SC-001188,zh-HK-WanLungNeural,0.8943,可检
data/redteam/factory/sovits_api/cantonese/sovits_api_cantonese_ref_boot_edgetts_cantonese_zh-HK-WanLungNeural_SC-000005_seg8s_SC-000329.wav,sovits_api,cantonese,SC-000329,ref_boot_edgetts_cantonese_zh-HK-WanLungNeural_SC-000005_seg8s,0.8944,可检
data/redteam/factory/edgetts/cantonese/edgetts_cantonese_zh-HK-WanLungNeural_SC-001069.wav,edgetts,cantonese,SC-001069,zh-HK-WanLungNeural,0.8947,可检
data/redteam/factory/edgetts/minnan/edgetts_minnan_zh-TW-YunJheNeural_SC-000445.wav,edgetts,minnan,SC-000445,zh-TW-YunJheNeural,0.8948,可检
data/redteam/factory/edgetts/mandarin/edgetts_mandarin_zh-CN-YunjianNeural_SC-000025.wav,edgetts,mandarin,SC-000025,zh-CN-YunjianNeural,0.8952,可检
data/redteam/factory/edgetts/mandarin/edgetts_mandarin_zh-CN-YunxiNeural_SC-000286.wav,edgetts,mandarin,SC-000286,zh-CN-YunxiNeural,0.8952,可检
data/redteam/factory/edgetts/henan/edgetts_henan_zh-CN-shaanxi-XiaoniNeural_SC-001550.wav,edgetts,henan,SC-001550,zh-CN-shaanxi-XiaoniNeural,0.8954,可检
data/redteam/factory/edgetts/minnan/edgetts_minnan_zh-TW-YunJheNeural_SC-000719.wav,edgetts,minnan,SC-000719,zh-TW-YunJheNeural,0.8956,可检
data/redteam/factory/edgetts/mandarin/edgetts_mandarin_zh-CN-XiaoxiaoNeural_SC-000493.wav,edgetts,mandarin,SC-000493,zh-CN-XiaoxiaoNeural,0.8956,可检
data/redteam/factory/edgetts/mandarin/edgetts_mandarin_zh-CN-YunjianNeural_SC-000017.wav,edgetts,mandarin,SC-000017,zh-CN-YunjianNeural,0.8958,可检
data/redteam/factory/edgetts/mandarin/edgetts_mandarin_zh-CN-YunyangNeural_SC-000332.wav,edgetts,mandarin,SC-000332,zh-CN-YunyangNeural,0.8958,可检
data/redteam/factory/edgetts/mandarin/edgetts_mandarin_zh-CN-YunxiNeural_SC-000017.wav,edgetts,mandarin,SC-000017,zh-CN-YunxiNeural,0.8959,可检
data/redteam/factory/edgetts/sichuan/edgetts_sichuan_zh-CN-YunxiNeural_SC-000017.wav,edgetts,sichuan,SC-000017,zh-CN-YunxiNeural,0.8959,可检
data/redteam/factory/edgetts/dongbei/edgetts_dongbei_zh-CN-liaoning-XiaobeiNeural_SC-000306.wav,edgetts,dongbei,SC-000306,zh-CN-liaoning-XiaobeiNeural,0.896,可检
data/redteam/factory/edgetts/sichuan/edgetts_sichuan_zh-CN-XiaoxiaoNeural_SC-000372.wav,edgetts,sichuan,SC-000372,zh-CN-XiaoxiaoNeural,0.8961,可检
data/redteam/factory/edgetts/cantonese/edgetts_cantonese_zh-HK-WanLungNeural_SC-000029.wav,edgetts,cantonese,SC-000029,zh-HK-WanLungNeural,0.8962,可检
data/redteam/factory/edgetts/minnan/edgetts_minnan_zh-TW-YunJheNeural_SC-000021.wav,edgetts,minnan,SC-000021,zh-TW-YunJheNeural,0.8963,可检
data/redteam/factory/edgetts/mandarin/edgetts_mandarin_zh-CN-YunxiNeural_SC-000153.wav,edgetts,mandarin,SC-000153,zh-CN-YunxiNeural,0.8964,可检
data/redteam/factory/sovits_api/sichuan/sovits_api_sichuan_ref_boot_edgetts_sichuan_zh-CN-YunxiNeural_SC-000010_SC-000186.wav,sovits_api,sichuan,SC-000186,ref_boot_edgetts_sichuan_zh-CN-YunxiNeural_SC-000010,0.8964,可检
data/redteam/factory/edgetts/dongbei/edgetts_dongbei_zh-CN-liaoning-XiaobeiNeural_SC-000698.wav,edgetts,dongbei,SC-000698,zh-CN-liaoning-XiaobeiNeural,0.8965,可检
data/redteam/factory/edgetts/cantonese/edgetts_cantonese_zh-HK-WanLungNeural_SC-000014.wav,edgetts,cantonese,SC-000014,zh-HK-WanLungNeural,0.8967,可检
data/redteam/factory/edgetts/sichuan/edgetts_sichuan_zh-CN-XiaoxiaoNeural_SC-000205.wav,edgetts,sichuan,SC-000205,zh-CN-XiaoxiaoNeural,0.897,可检
data/redteam/factory/edgetts/sichuan/edgetts_sichuan_zh-CN-XiaoxiaoNeural_SC-000293.wav,edgetts,sichuan,SC-000293,zh-CN-XiaoxiaoNeural,0.8971,可检
data/redteam/factory/edgetts/mandarin/edgetts_mandarin_zh-CN-XiaoxiaoNeural_SC-000368.wav,edgetts,mandarin,SC-000368,zh-CN-XiaoxiaoNeural,0.8971,可检
data/redteam/factory/edgetts/sichuan/edgetts_sichuan_zh-CN-XiaoxiaoNeural_SC-000307.wav,edgetts,sichuan,SC-000307,zh-CN-XiaoxiaoNeural,0.8972,可检
data/redteam/factory/edgetts/mandarin/edgetts_mandarin_zh-CN-YunxiNeural_SC-000376.wav,edgetts,mandarin,SC-000376,zh-CN-YunxiNeural,0.8972,可检
data/redteam/factory/edgetts/cantonese/edgetts_cantonese_zh-HK-WanLungNeural_SC-000490.wav,edgetts,cantonese,SC-000490,zh-HK-WanLungNeural,0.8973,可检
data/redteam/factory/edgetts/henan/edgetts_henan_zh-CN-shaanxi-XiaoniNeural_SC-000291.wav,edgetts,henan,SC-000291,zh-CN-shaanxi-XiaoniNeural,0.8974,可检
data/redteam/factory/edgetts/henan/edgetts_henan_zh-CN-shaanxi-XiaoniNeural_SC-000637.wav,edgetts,henan,SC-000637,zh-CN-shaanxi-XiaoniNeural,0.8974,可检
data/redteam/factory/edgetts/henan/edgetts_henan_zh-CN-shaanxi-XiaoniNeural_SC-000106.wav,edgetts,henan,SC-000106,zh-CN-shaanxi-XiaoniNeural,0.8975,可检
data/redteam/factory/edgetts/minnan/edgetts_minnan_zh-TW-YunJheNeural_SC-000421.wav,edgetts,minnan,SC-000421,zh-TW-YunJheNeural,0.8977,可检
data/redteam/factory/edgetts/mandarin/edgetts_mandarin_zh-CN-XiaoxiaoNeural_SC-000453.wav,edgetts,mandarin,SC-000453,zh-CN-XiaoxiaoNeural,0.8977,可检
data/redteam/factory/edgetts/mandarin/edgetts_mandarin_zh-CN-YunjianNeural_SC-000437.wav,edgetts,mandarin,SC-000437,zh-CN-YunjianNeural,0.8977,可检
data/redteam/factory/edgetts/minnan/edgetts_minnan_zh-TW-YunJheNeural_SC-000703.wav,edgetts,minnan,SC-000703,zh-TW-YunJheNeural,0.8978,可检
data/redteam/factory/edgetts/cantonese/edgetts_cantonese_zh-HK-WanLungNeural_SC-000955.wav,edgetts,cantonese,SC-000955,zh-HK-WanLungNeural,0.8979,可检
data/redteam/factory/edgetts/mandarin/edgetts_mandarin_zh-CN-XiaoxiaoNeural_SC-000220.wav,edgetts,mandarin,SC-000220,zh-CN-XiaoxiaoNeural,0.898,可检
data/redteam/factory/edgetts/dongbei/edgetts_dongbei_zh-CN-liaoning-XiaobeiNeural_SC-001131.wav,edgetts,dongbei,SC-001131,zh-CN-liaoning-XiaobeiNeural,0.898,可检
data/redteam/factory/edgetts/mandarin/edgetts_mandarin_zh-CN-XiaoxiaoNeural_SC-000223.wav,edgetts,mandarin,SC-000223,zh-CN-XiaoxiaoNeural,0.8981,可检
data/redteam/factory/edgetts/cantonese/edgetts_cantonese_zh-HK-WanLungNeural_SC-001588.wav,edgetts,cantonese,SC-001588,zh-HK-WanLungNeural,0.8982,可检
data/redteam/factory/edgetts/mandarin/edgetts_mandarin_zh-CN-YunjianNeural_SC-000129.wav,edgetts,mandarin,SC-000129,zh-CN-YunjianNeural,0.8984,可检
data/redteam/factory/edgetts/mandarin/edgetts_mandarin_zh-CN-YunjianNeural_SC-000029.wav,edgetts,mandarin,SC-000029,zh-CN-YunjianNeural,0.8985,可检
data/redteam/factory/edgetts/mandarin/edgetts_mandarin_zh-CN-YunjianNeural_SC-000401.wav,edgetts,mandarin,SC-000401,zh-CN-YunjianNeural,0.8985,可检
data/redteam/factory/edgetts/henan/edgetts_henan_zh-CN-shaanxi-XiaoniNeural_SC-001278.wav,edgetts,henan,SC-001278,zh-CN-shaanxi-XiaoniNeural,0.8985,可检
data/redteam/factory/edgetts/cantonese/edgetts_cantonese_zh-HK-WanLungNeural_SC-000971.wav,edgetts,cantonese,SC-000971,zh-HK-WanLungNeural,0.8986,可检
data/redteam/factory/edgetts/mandarin/edgetts_mandarin_zh-CN-XiaoxiaoNeural_SC-000462.wav,edgetts,mandarin,SC-000462,zh-CN-XiaoxiaoNeural,0.8987,可检
data/redteam/factory/edgetts/henan/edgetts_henan_zh-CN-shaanxi-XiaoniNeural_SC-000003.wav,edgetts,henan,SC-000003,zh-CN-shaanxi-XiaoniNeural,0.8989,可检
data/redteam/factory/edgetts/cantonese/edgetts_cantonese_zh-HK-WanLungNeural_SC-001025.wav,edgetts,cantonese,SC-001025,zh-HK-WanLungNeural,0.8989,可检
data/redteam/factory/edgetts/henan/edgetts_henan_zh-CN-shaanxi-XiaoniNeural_SC-000500.wav,edgetts,henan,SC-000500,zh-CN-shaanxi-XiaoniNeural,0.899,可检
data/redteam/factory/edgetts/dongbei/edgetts_dongbei_zh-CN-liaoning-XiaobeiNeural_SC-000976.wav,edgetts,dongbei,SC-000976,zh-CN-liaoning-XiaobeiNeural,0.899,可检
data/redteam/factory/edgetts/cantonese/edgetts_cantonese_zh-HK-WanLungNeural_SC-000003.wav,edgetts,cantonese,SC-000003,zh-HK-WanLungNeural,0.8991,可检
data/redteam/factory/edgetts/henan/edgetts_henan_zh-CN-shaanxi-XiaoniNeural_SC-001334.wav,edgetts,henan,SC-001334,zh-CN-shaanxi-XiaoniNeural,0.8993,可检
data/redteam/factory/edgetts/cantonese/edgetts_cantonese_zh-HK-WanLungNeural_SC-001059.wav,edgetts,cantonese,SC-001059,zh-HK-WanLungNeural,0.8993,可检
data/redteam/factory/edgetts/mandarin/edgetts_mandarin_zh-CN-YunjianNeural_SC-000290.wav,edgetts,mandarin,SC-000290,zh-CN-YunjianNeural,0.8994,可检
data/redteam/factory/edgetts/minnan/edgetts_minnan_zh-TW-YunJheNeural_SC-000027.wav,edgetts,minnan,SC-000027,zh-TW-YunJheNeural,0.8999,可检
data/redteam/factory/edgetts/dongbei/edgetts_dongbei_zh-CN-liaoning-XiaobeiNeural_SC-001124.wav,edgetts,dongbei,SC-001124,zh-CN-liaoning-XiaobeiNeural,0.9,可检
data/redteam/factory/edgetts/minnan/edgetts_minnan_zh-TW-YunJheNeural_SC-000860.wav,edgetts,minnan,SC-000860,zh-TW-YunJheNeural,0.9002,可检
data/redteam/factory/edgetts/henan/edgetts_henan_zh-CN-shaanxi-XiaoniNeural_SC-001284.wav,edgetts,henan,SC-001284,zh-CN-shaanxi-XiaoniNeural,0.9002,可检
data/redteam/factory/edgetts/henan/edgetts_henan_zh-CN-shaanxi-XiaoniNeural_SC-000818.wav,edgetts,henan,SC-000818,zh-CN-shaanxi-XiaoniNeural,0.9003,可检
data/redteam/factory/edgetts/mandarin/edgetts_mandarin_zh-CN-YunyangNeural_SC-000502.wav,edgetts,mandarin,SC-000502,zh-CN-YunyangNeural,0.9004,可检
data/redteam/factory/edgetts/henan/edgetts_henan_zh-CN-shaanxi-XiaoniNeural_SC-000022.wav,edgetts,henan,SC-000022,zh-CN-shaanxi-XiaoniNeural,0.9005,可检
data/redteam/factory/edgetts/sichuan/edgetts_sichuan_zh-CN-XiaoxiaoNeural_SC-000062.wav,edgetts,sichuan,SC-000062,zh-CN-XiaoxiaoNeural,0.9005,可检
data/redteam/factory/edgetts/mandarin/edgetts_mandarin_zh-CN-YunxiNeural_SC-000304.wav,edgetts,mandarin,SC-000304,zh-CN-YunxiNeural,0.9005,可检
data/redteam/factory/edgetts/minnan/edgetts_minnan_zh-TW-YunJheNeural_SC-001589.wav,edgetts,minnan,SC-001589,zh-TW-YunJheNeural,0.9006,可检
data/redteam/factory/edgetts/cantonese/edgetts_cantonese_zh-HK-WanLungNeural_SC-000690.wav,edgetts,cantonese,SC-000690,zh-HK-WanLungNeural,0.9007,可检
data/redteam/factory/edgetts/mandarin/edgetts_mandarin_zh-CN-YunyangNeural_SC-000476.wav,edgetts,mandarin,SC-000476,zh-CN-YunyangNeural,0.9007,可检
data/redteam/factory/edgetts/sichuan/edgetts_sichuan_zh-CN-XiaoxiaoNeural_SC-001404.wav,edgetts,sichuan,SC-001404,zh-CN-XiaoxiaoNeural,0.9009,可检
data/redteam/factory/edgetts/cantonese/edgetts_cantonese_zh-HK-WanLungNeural_SC-000942.wav,edgetts,cantonese,SC-000942,zh-HK-WanLungNeural,0.9013,可检
data/redteam/factory/edgetts/mandarin/edgetts_mandarin_zh-CN-XiaoxiaoNeural_SC-000041.wav,edgetts,mandarin,SC-000041,zh-CN-XiaoxiaoNeural,0.9016,可检
data/redteam/factory/edgetts/sichuan/edgetts_sichuan_zh-CN-XiaoxiaoNeural_SC-001055.wav,edgetts,sichuan,SC-001055,zh-CN-XiaoxiaoNeural,0.9018,可检
data/redteam/factory/edgetts/dongbei/edgetts_dongbei_zh-CN-liaoning-XiaobeiNeural_SC-001587.wav,edgetts,dongbei,SC-001587,zh-CN-liaoning-XiaobeiNeural,0.9019,可检
data/redteam/factory/edgetts/sichuan/edgetts_sichuan_zh-CN-XiaoxiaoNeural_SC-000509.wav,edgetts,sichuan,SC-000509,zh-CN-XiaoxiaoNeural,0.902,可检
data/redteam/factory/edgetts/mandarin/edgetts_mandarin_zh-CN-YunjianNeural_SC-000431.wav,edgetts,mandarin,SC-000431,zh-CN-YunjianNeural,0.9027,可检
data/redteam/factory/edgetts/sichuan/edgetts_sichuan_zh-CN-XiaoxiaoNeural_SC-001558.wav,edgetts,sichuan,SC-001558,zh-CN-XiaoxiaoNeural,0.9027,可检
data/redteam/factory/edgetts/sichuan/edgetts_sichuan_zh-CN-XiaoxiaoNeural_SC-001328.wav,edgetts,sichuan,SC-001328,zh-CN-XiaoxiaoNeural,0.9028,可检
data/redteam/factory/edgetts/sichuan/edgetts_sichuan_zh-CN-YunxiNeural_SC-001247.wav,edgetts,sichuan,SC-001247,zh-CN-YunxiNeural,0.9028,可检
data/redteam/factory/edgetts/henan/edgetts_henan_zh-CN-shaanxi-XiaoniNeural_SC-001106.wav,edgetts,henan,SC-001106,zh-CN-shaanxi-XiaoniNeural,0.9028,可检
data/redteam/factory/edgetts/henan/edgetts_henan_zh-CN-shaanxi-XiaoniNeural_SC-000978.wav,edgetts,henan,SC-000978,zh-CN-shaanxi-XiaoniNeural,0.9028,可检
data/redteam/factory/edgetts/minnan/edgetts_minnan_zh-TW-YunJheNeural_SC-000229.wav,edgetts,minnan,SC-000229,zh-TW-YunJheNeural,0.9029,可检
data/redteam/factory/sovits_api/dongbei/sovits_api_dongbei_ref_boot_edgetts_dongbei_zh-CN-liaoning-XiaobeiNeural_SC-000002_seg8s_SC-000200.wav,sovits_api,dongbei,SC-000200,ref_boot_edgetts_dongbei_zh-CN-liaoning-XiaobeiNeural_SC-000002_seg8s,0.9029,可检
data/redteam/factory/edgetts/mandarin/edgetts_mandarin_zh-CN-XiaoxiaoNeural_SC-000001.wav,edgetts,mandarin,SC-000001,zh-CN-XiaoxiaoNeural,0.903,可检
data/redteam/factory/edgetts/sichuan/edgetts_sichuan_zh-CN-XiaoxiaoNeural_SC-000001.wav,edgetts,sichuan,SC-000001,zh-CN-XiaoxiaoNeural,0.903,可检
data/redteam/factory/edgetts/henan/edgetts_henan_zh-CN-shaanxi-XiaoniNeural_SC-000413.wav,edgetts,henan,SC-000413,zh-CN-shaanxi-XiaoniNeural,0.903,可检
data/redteam/factory/edgetts/henan/edgetts_henan_zh-CN-shaanxi-XiaoniNeural_SC-000121.wav,edgetts,henan,SC-000121,zh-CN-shaanxi-XiaoniNeural,0.9031,可检
data/redteam/factory/edgetts/dongbei/edgetts_dongbei_zh-CN-liaoning-XiaobeiNeural_SC-001338.wav,edgetts,dongbei,SC-001338,zh-CN-liaoning-XiaobeiNeural,0.9036,可检
data/redteam/factory/edgetts/cantonese/edgetts_cantonese_zh-HK-WanLungNeural_SC-001294.wav,edgetts,cantonese,SC-001294,zh-HK-WanLungNeural,0.9037,可检
data/redteam/factory/edgetts/minnan/edgetts_minnan_zh-TW-YunJheNeural_SC-001513.wav,edgetts,minnan,SC-001513,zh-TW-YunJheNeural,0.9039,可检
data/redteam/factory/sovits_api/mandarin/sovits_api_mandarin_ref_boot_edgetts_mandarin_zh-CN-YunxiNeural_SC-000007_seg8s_SC-000030.wav,sovits_api,mandarin,SC-000030,ref_boot_edgetts_mandarin_zh-CN-YunxiNeural_SC-000007_seg8s,0.904,可检
data/redteam/factory/edgetts/mandarin/edgetts_mandarin_zh-CN-YunxiNeural_SC-000344.wav,edgetts,mandarin,SC-000344,zh-CN-YunxiNeural,0.9045,可检
data/redteam/factory/edgetts/dongbei/edgetts_dongbei_zh-CN-liaoning-XiaobeiNeural_SC-001645.wav,edgetts,dongbei,SC-001645,zh-CN-liaoning-XiaobeiNeural,0.9046,可检
data/redteam/factory/edgetts/sichuan/edgetts_sichuan_zh-CN-YunxiNeural_SC-000232.wav,edgetts,sichuan,SC-000232,zh-CN-YunxiNeural,0.9047,可检
data/redteam/factory/sovits_api/minnan/sovits_api_minnan_ref_boot_edgetts_minnan_zh-TW-YunJheNeural_SC-000001_SC-000156.wav,sovits_api,minnan,SC-000156,ref_boot_edgetts_minnan_zh-TW-YunJheNeural_SC-000001,0.9047,可检
data/redteam/factory/edgetts/dongbei/edgetts_dongbei_zh-CN-liaoning-XiaobeiNeural_SC-000909.wav,edgetts,dongbei,SC-000909,zh-CN-liaoning-XiaobeiNeural,0.9048,可检
data/redteam/factory/edgetts/cantonese/edgetts_cantonese_zh-HK-WanLungNeural_SC-001226.wav,edgetts,cantonese,SC-001226,zh-HK-WanLungNeural,0.9049,可检
data/redteam/factory/edgetts/minnan/edgetts_minnan_zh-TW-YunJheNeural_SC-001110.wav,edgetts,minnan,SC-001110,zh-TW-YunJheNeural,0.9049,可检
data/redteam/factory/edgetts/minnan/edgetts_minnan_zh-TW-YunJheNeural_SC-000961.wav,edgetts,minnan,SC-000961,zh-TW-YunJheNeural,0.9051,可检
data/redteam/factory/edgetts/cantonese/edgetts_cantonese_zh-HK-WanLungNeural_SC-001489.wav,edgetts,cantonese,SC-001489,zh-HK-WanLungNeural,0.9051,可检
data/redteam/factory/edgetts/dongbei/edgetts_dongbei_zh-CN-liaoning-XiaobeiNeural_SC-000200.wav,edgetts,dongbei,SC-000200,zh-CN-liaoning-XiaobeiNeural,0.9052,可检
data/redteam/factory/edgetts/mandarin/edgetts_mandarin_zh-CN-XiaoxiaoNeural_SC-000398.wav,edgetts,mandarin,SC-000398,zh-CN-XiaoxiaoNeural,0.9055,可检
data/redteam/factory/edgetts/sichuan/edgetts_sichuan_zh-CN-YunxiNeural_SC-000215.wav,edgetts,sichuan,SC-000215,zh-CN-YunxiNeural,0.9056,可检
data/redteam/factory/edgetts/henan/edgetts_henan_zh-CN-shaanxi-XiaoniNeural_SC-000647.wav,edgetts,henan,SC-000647,zh-CN-shaanxi-XiaoniNeural,0.9056,可检
data/redteam/factory/edgetts/cantonese/edgetts_cantonese_zh-HK-WanLungNeural_SC-000017.wav,edgetts,cantonese,SC-000017,zh-HK-WanLungNeural,0.9059,可检
data/redteam/factory/edgetts/mandarin/edgetts_mandarin_zh-CN-XiaoxiaoNeural_SC-000036.wav,edgetts,mandarin,SC-000036,zh-CN-XiaoxiaoNeural,0.9059,可检
data/redteam/factory/edgetts/cantonese/edgetts_cantonese_zh-HK-WanLungNeural_SC-000246.wav,edgetts,cantonese,SC-000246,zh-HK-WanLungNeural,0.9061,可检
data/redteam/factory/edgetts/dongbei/edgetts_dongbei_zh-CN-liaoning-XiaobeiNeural_SC-000558.wav,edgetts,dongbei,SC-000558,zh-CN-liaoning-XiaobeiNeural,0.9061,可检
data/redteam/factory/edgetts/henan/edgetts_henan_zh-CN-shaanxi-XiaoniNeural_SC-000365.wav,edgetts,henan,SC-000365,zh-CN-shaanxi-XiaoniNeural,0.9064,可检
data/redteam/factory/edgetts/dongbei/edgetts_dongbei_zh-CN-liaoning-XiaobeiNeural_SC-001688.wav,edgetts,dongbei,SC-001688,zh-CN-liaoning-XiaobeiNeural,0.9065,可检
data/redteam/factory/edgetts/henan/edgetts_henan_zh-CN-shaanxi-XiaoniNeural_SC-001425.wav,edgetts,henan,SC-001425,zh-CN-shaanxi-XiaoniNeural,0.9066,可检
data/redteam/factory/edgetts/mandarin/edgetts_mandarin_zh-CN-YunjianNeural_SC-000169.wav,edgetts,mandarin,SC-000169,zh-CN-YunjianNeural,0.9067,可检
data/redteam/factory/edgetts/minnan/edgetts_minnan_zh-TW-YunJheNeural_SC-001663.wav,edgetts,minnan,SC-001663,zh-TW-YunJheNeural,0.9067,可检
data/redteam/factory/edgetts/sichuan/edgetts_sichuan_zh-CN-YunxiNeural_SC-000894.wav,edgetts,sichuan,SC-000894,zh-CN-YunxiNeural,0.9068,可检
data/redteam/factory/edgetts/cantonese/edgetts_cantonese_zh-HK-WanLungNeural_SC-000443.wav,edgetts,cantonese,SC-000443,zh-HK-WanLungNeural,0.907,可检
data/redteam/factory/edgetts/henan/edgetts_henan_zh-CN-shaanxi-XiaoniNeural_SC-001345.wav,edgetts,henan,SC-001345,zh-CN-shaanxi-XiaoniNeural,0.9071,可检
data/redteam/factory/edgetts/henan/edgetts_henan_zh-CN-shaanxi-XiaoniNeural_SC-001568.wav,edgetts,henan,SC-001568,zh-CN-shaanxi-XiaoniNeural,0.9073,可检
data/redteam/factory/edgetts/sichuan/edgetts_sichuan_zh-CN-XiaoxiaoNeural_SC-000946.wav,edgetts,sichuan,SC-000946,zh-CN-XiaoxiaoNeural,0.9074,可检
data/redteam/factory/edgetts/minnan/edgetts_minnan_zh-TW-YunJheNeural_SC-001279.wav,edgetts,minnan,SC-001279,zh-TW-YunJheNeural,0.9075,可检
data/redteam/factory/edgetts/cantonese/edgetts_cantonese_zh-HK-WanLungNeural_SC-001095.wav,edgetts,cantonese,SC-001095,zh-HK-WanLungNeural,0.9077,可检
data/redteam/factory/edgetts/henan/edgetts_henan_zh-CN-shaanxi-XiaoniNeural_SC-000599.wav,edgetts,henan,SC-000599,zh-CN-shaanxi-XiaoniNeural,0.9077,可检
data/redteam/factory/edgetts/dongbei/edgetts_dongbei_zh-CN-liaoning-XiaobeiNeural_SC-001051.wav,edgetts,dongbei,SC-001051,zh-CN-liaoning-XiaobeiNeural,0.9078,可检
data/redteam/factory/edgetts/dongbei/edgetts_dongbei_zh-CN-liaoning-XiaobeiNeural_SC-000020.wav,edgetts,dongbei,SC-000020,zh-CN-liaoning-XiaobeiNeural,0.9079,可检
data/redteam/factory/edgetts/cantonese/edgetts_cantonese_zh-HK-WanLungNeural_SC-001200.wav,edgetts,cantonese,SC-001200,zh-HK-WanLungNeural,0.9079,可检
data/redteam/factory/edgetts/sichuan/edgetts_sichuan_zh-CN-XiaoxiaoNeural_SC-001233.wav,edgetts,sichuan,SC-001233,zh-CN-XiaoxiaoNeural,0.9079,可检
data/redteam/factory/edgetts/sichuan/edgetts_sichuan_zh-CN-YunxiNeural_SC-000879.wav,edgetts,sichuan,SC-000879,zh-CN-YunxiNeural,0.9081,可检
data/redteam/factory/edgetts/henan/edgetts_henan_zh-CN-shaanxi-XiaoniNeural_SC-000430.wav,edgetts,henan,SC-000430,zh-CN-shaanxi-XiaoniNeural,0.9082,可检
data/redteam/factory/edgetts/dongbei/edgetts_dongbei_zh-CN-liaoning-XiaobeiNeural_SC-000688.wav,edgetts,dongbei,SC-000688,zh-CN-liaoning-XiaobeiNeural,0.9083,可检
data/redteam/factory/edgetts/henan/edgetts_henan_zh-CN-shaanxi-XiaoniNeural_SC-000837.wav,edgetts,henan,SC-000837,zh-CN-shaanxi-XiaoniNeural,0.9088,可检
data/redteam/factory/edgetts/sichuan/edgetts_sichuan_zh-CN-YunxiNeural_SC-000307.wav,edgetts,sichuan,SC-000307,zh-CN-YunxiNeural,0.909,可检
data/redteam/factory/edgetts/cantonese/edgetts_cantonese_zh-HK-HiuMaanNeural_SC-000112.wav,edgetts,cantonese,SC-000112,zh-HK-HiuMaanNeural,0.909,可检
data/redteam/factory/sovits_api/cantonese/sovits_api_cantonese_ref_boot_edgetts_cantonese_zh-HK-WanLungNeural_SC-000005_seg8s_SC-000112.wav,sovits_api,cantonese,SC-000112,ref_boot_edgetts_cantonese_zh-HK-WanLungNeural_SC-000005_seg8s,0.909,可检
data/redteam/factory/edgetts/mandarin/edgetts_mandarin_zh-CN-YunxiNeural_SC-000096.wav,edgetts,mandarin,SC-000096,zh-CN-YunxiNeural,0.9093,可检
data/redteam/factory/edgetts/mandarin/edgetts_mandarin_zh-CN-XiaoxiaoNeural_SC-000002.wav,edgetts,mandarin,SC-000002,zh-CN-XiaoxiaoNeural,0.9096,可检
data/redteam/factory/edgetts/sichuan/edgetts_sichuan_zh-CN-XiaoxiaoNeural_SC-000002.wav,edgetts,sichuan,SC-000002,zh-CN-XiaoxiaoNeural,0.9096,可检
data/redteam/factory/edgetts/mandarin/edgetts_mandarin_zh-CN-XiaoxiaoNeural_SC-000276.wav,edgetts,mandarin,SC-000276,zh-CN-XiaoxiaoNeural,0.9097,可检
data/redteam/factory/edgetts/mandarin/edgetts_mandarin_zh-CN-XiaoxiaoNeural_SC-000301.wav,edgetts,mandarin,SC-000301,zh-CN-XiaoxiaoNeural,0.9097,可检
data/redteam/factory/edgetts/henan/edgetts_henan_zh-CN-shaanxi-XiaoniNeural_SC-000425.wav,edgetts,henan,SC-000425,zh-CN-shaanxi-XiaoniNeural,0.9098,可检
data/redteam/factory/edgetts/cantonese/edgetts_cantonese_zh-HK-WanLungNeural_SC-000191.wav,edgetts,cantonese,SC-000191,zh-HK-WanLungNeural,0.91,可检
data/redteam/factory/edgetts/cantonese/edgetts_cantonese_zh-HK-WanLungNeural_SC-001260.wav,edgetts,cantonese,SC-001260,zh-HK-WanLungNeural,0.91,可检
data/redteam/factory/edgetts/mandarin/edgetts_mandarin_zh-CN-XiaoxiaoNeural_SC-000077.wav,edgetts,mandarin,SC-000077,zh-CN-XiaoxiaoNeural,0.9102,可检
data/redteam/factory/edgetts/henan/edgetts_henan_zh-CN-shaanxi-XiaoniNeural_SC-001204.wav,edgetts,henan,SC-001204,zh-CN-shaanxi-XiaoniNeural,0.9102,可检
data/redteam/factory/edgetts/minnan/edgetts_minnan_zh-TW-HsiaoChenNeural_SC-000207.wav,edgetts,minnan,SC-000207,zh-TW-HsiaoChenNeural,0.9103,可检
data/redteam/factory/edgetts/sichuan/edgetts_sichuan_zh-CN-XiaoxiaoNeural_SC-000552.wav,edgetts,sichuan,SC-000552,zh-CN-XiaoxiaoNeural,0.9103,可检
data/redteam/factory/edgetts/mandarin/edgetts_mandarin_zh-CN-YunyangNeural_SC-000437.wav,edgetts,mandarin,SC-000437,zh-CN-YunyangNeural,0.9107,可检
data/redteam/factory/edgetts/cantonese/edgetts_cantonese_zh-HK-WanLungNeural_SC-001046.wav,edgetts,cantonese,SC-001046,zh-HK-WanLungNeural,0.9108,可检
data/redteam/factory/sovits_api/mandarin/sovits_api_mandarin_ref_boot_edgetts_mandarin_zh-CN-YunxiNeural_SC-000007_seg8s_SC-000091.wav,sovits_api,mandarin,SC-000091,ref_boot_edgetts_mandarin_zh-CN-YunxiNeural_SC-000007_seg8s,0.9108,可检
data/redteam/factory/edgetts/sichuan/edgetts_sichuan_zh-CN-XiaoxiaoNeural_SC-000099.wav,edgetts,sichuan,SC-000099,zh-CN-XiaoxiaoNeural,0.9109,可检
data/redteam/factory/edgetts/sichuan/edgetts_sichuan_zh-CN-XiaoxiaoNeural_SC-001369.wav,edgetts,sichuan,SC-001369,zh-CN-XiaoxiaoNeural,0.9109,可检
data/redteam/factory/edgetts/cantonese/edgetts_cantonese_zh-HK-WanLungNeural_SC-001199.wav,edgetts,cantonese,SC-001199,zh-HK-WanLungNeural,0.9109,可检
data/redteam/factory/edgetts/cantonese/edgetts_cantonese_zh-HK-WanLungNeural_SC-001473.wav,edgetts,cantonese,SC-001473,zh-HK-WanLungNeural,0.911,可检
data/redteam/factory/edgetts/mandarin/edgetts_mandarin_zh-CN-XiaoxiaoNeural_SC-000057.wav,edgetts,mandarin,SC-000057,zh-CN-XiaoxiaoNeural,0.9112,可检
data/redteam/factory/edgetts/mandarin/edgetts_mandarin_zh-CN-YunjianNeural_SC-000371.wav,edgetts,mandarin,SC-000371,zh-CN-YunjianNeural,0.9114,可检
data/redteam/factory/edgetts/mandarin/edgetts_mandarin_zh-CN-YunxiNeural_SC-000036.wav,edgetts,mandarin,SC-000036,zh-CN-YunxiNeural,0.9115,可检
data/redteam/factory/edgetts/henan/edgetts_henan_zh-CN-shaanxi-XiaoniNeural_SC-001114.wav,edgetts,henan,SC-001114,zh-CN-shaanxi-XiaoniNeural,0.9115,可检
data/redteam/factory/edgetts/cantonese/edgetts_cantonese_zh-HK-WanLungNeural_SC-000112.wav,edgetts,cantonese,SC-000112,zh-HK-WanLungNeural,0.9116,可检
data/redteam/factory/edgetts/dongbei/edgetts_dongbei_zh-CN-liaoning-XiaobeiNeural_SC-000968.wav,edgetts,dongbei,SC-000968,zh-CN-liaoning-XiaobeiNeural,0.9116,可检
data/redteam/factory/edgetts/dongbei/edgetts_dongbei_zh-CN-liaoning-XiaobeiNeural_SC-000407.wav,edgetts,dongbei,SC-000407,zh-CN-liaoning-XiaobeiNeural,0.9118,可检
data/redteam/factory/edgetts/dongbei/edgetts_dongbei_zh-CN-liaoning-XiaobeiNeural_SC-001496.wav,edgetts,dongbei,SC-001496,zh-CN-liaoning-XiaobeiNeural,0.9118,可检
data/redteam/factory/edgetts/dongbei/edgetts_dongbei_zh-CN-liaoning-XiaobeiNeural_SC-000051.wav,edgetts,dongbei,SC-000051,zh-CN-liaoning-XiaobeiNeural,0.9119,可检
data/redteam/factory/edgetts/minnan/edgetts_minnan_zh-TW-HsiaoChenNeural_SC-000007.wav,edgetts,minnan,SC-000007,zh-TW-HsiaoChenNeural,0.912,可检
data/redteam/factory/edgetts/henan/edgetts_henan_zh-CN-shaanxi-XiaoniNeural_SC-001216.wav,edgetts,henan,SC-001216,zh-CN-shaanxi-XiaoniNeural,0.912,可检
data/redteam/factory/edgetts/cantonese/edgetts_cantonese_zh-HK-WanLungNeural_SC-000988.wav,edgetts,cantonese,SC-000988,zh-HK-WanLungNeural,0.9126,可检
data/redteam/factory/edgetts/henan/edgetts_henan_zh-CN-shaanxi-XiaoniNeural_SC-000038.wav,edgetts,henan,SC-000038,zh-CN-shaanxi-XiaoniNeural,0.9127,可检
data/redteam/factory/edgetts/mandarin/edgetts_mandarin_zh-CN-XiaoxiaoNeural_SC-000202.wav,edgetts,mandarin,SC-000202,zh-CN-XiaoxiaoNeural,0.9127,可检
data/redteam/factory/edgetts/dongbei/edgetts_dongbei_zh-CN-liaoning-XiaobeiNeural_SC-000022.wav,edgetts,dongbei,SC-000022,zh-CN-liaoning-XiaobeiNeural,0.9128,可检
data/redteam/factory/edgetts/minnan/edgetts_minnan_zh-TW-YunJheNeural_SC-000836.wav,edgetts,minnan,SC-000836,zh-TW-YunJheNeural,0.9128,可检
data/redteam/factory/edgetts/cantonese/edgetts_cantonese_zh-HK-WanLungNeural_SC-000015.wav,edgetts,cantonese,SC-000015,zh-HK-WanLungNeural,0.9129,可检
data/redteam/factory/edgetts/dongbei/edgetts_dongbei_zh-CN-liaoning-XiaobeiNeural_SC-000009.wav,edgetts,dongbei,SC-000009,zh-CN-liaoning-XiaobeiNeural,0.913,可检
data/redteam/factory/edgetts/cantonese/edgetts_cantonese_zh-HK-WanLungNeural_SC-001482.wav,edgetts,cantonese,SC-001482,zh-HK-WanLungNeural,0.913,可检
data/redteam/factory/edgetts/mandarin/edgetts_mandarin_zh-CN-YunxiNeural_SC-000235.wav,edgetts,mandarin,SC-000235,zh-CN-YunxiNeural,0.913,可检
data/redteam/factory/edgetts/minnan/edgetts_minnan_zh-TW-YunJheNeural_SC-000007.wav,edgetts,minnan,SC-000007,zh-TW-YunJheNeural,0.9131,可检
data/redteam/factory/edgetts/dongbei/edgetts_dongbei_zh-CN-liaoning-XiaobeiNeural_SC-001643.wav,edgetts,dongbei,SC-001643,zh-CN-liaoning-XiaobeiNeural,0.9131,可检
data/redteam/factory/edgetts/henan/edgetts_henan_zh-CN-shaanxi-XiaoniNeural_SC-001202.wav,edgetts,henan,SC-001202,zh-CN-shaanxi-XiaoniNeural,0.9131,可检
data/redteam/factory/edgetts/dongbei/edgetts_dongbei_zh-CN-liaoning-XiaobeiNeural_SC-000243.wav,edgetts,dongbei,SC-000243,zh-CN-liaoning-XiaobeiNeural,0.9132,可检
data/redteam/factory/edgetts/minnan/edgetts_minnan_zh-TW-YunJheNeural_SC-001229.wav,edgetts,minnan,SC-001229,zh-TW-YunJheNeural,0.9135,可检
data/redteam/factory/edgetts/cantonese/edgetts_cantonese_zh-HK-WanLungNeural_SC-001085.wav,edgetts,cantonese,SC-001085,zh-HK-WanLungNeural,0.9135,可检
data/redteam/factory/sovits_api/sichuan/sovits_api_sichuan_ref_boot_edgetts_sichuan_zh-CN-YunxiNeural_SC-000010_SC-000029.wav,sovits_api,sichuan,SC-000029,ref_boot_edgetts_sichuan_zh-CN-YunxiNeural_SC-000010,0.9135,可检
data/redteam/factory/edgetts/mandarin/edgetts_mandarin_zh-CN-YunjianNeural_SC-000400.wav,edgetts,mandarin,SC-000400,zh-CN-YunjianNeural,0.9136,可检
data/redteam/factory/edgetts/dongbei/edgetts_dongbei_zh-CN-liaoning-XiaobeiNeural_SC-000294.wav,edgetts,dongbei,SC-000294,zh-CN-liaoning-XiaobeiNeural,0.9138,可检
data/redteam/factory/edgetts/sichuan/edgetts_sichuan_zh-CN-YunxiNeural_SC-001126.wav,edgetts,sichuan,SC-001126,zh-CN-YunxiNeural,0.9139,可检
data/redteam/factory/edgetts/dongbei/edgetts_dongbei_zh-CN-liaoning-XiaobeiNeural_SC-001531.wav,edgetts,dongbei,SC-001531,zh-CN-liaoning-XiaobeiNeural,0.9139,可检
data/redteam/factory/edgetts/dongbei/edgetts_dongbei_zh-CN-liaoning-XiaobeiNeural_SC-000990.wav,edgetts,dongbei,SC-000990,zh-CN-liaoning-XiaobeiNeural,0.9139,可检
data/redteam/factory/edgetts/mandarin/edgetts_mandarin_zh-CN-YunjianNeural_SC-000114.wav,edgetts,mandarin,SC-000114,zh-CN-YunjianNeural,0.914,可检
data/redteam/factory/edgetts/sichuan/edgetts_sichuan_zh-CN-XiaoxiaoNeural_SC-000255.wav,edgetts,sichuan,SC-000255,zh-CN-XiaoxiaoNeural,0.9142,可检
data/redteam/factory/sovits_api/minnan/sovits_api_minnan_ref_boot_edgetts_minnan_zh-TW-YunJheNeural_SC-000001_SC-000363.wav,sovits_api,minnan,SC-000363,ref_boot_edgetts_minnan_zh-TW-YunJheNeural_SC-000001,0.9142,可检
data/redteam/factory/edgetts/dongbei/edgetts_dongbei_zh-CN-liaoning-XiaobeiNeural_SC-000764.wav,edgetts,dongbei,SC-000764,zh-CN-liaoning-XiaobeiNeural,0.9144,可检
data/redteam/factory/edgetts/sichuan/edgetts_sichuan_zh-CN-XiaoxiaoNeural_SC-000954.wav,edgetts,sichuan,SC-000954,zh-CN-XiaoxiaoNeural,0.9145,可检
data/redteam/factory/edgetts/mandarin/edgetts_mandarin_zh-CN-YunjianNeural_SC-000241.wav,edgetts,mandarin,SC-000241,zh-CN-YunjianNeural,0.9145,可检
data/redteam/factory/sovits_api/cantonese/sovits_api_cantonese_ref_boot_edgetts_cantonese_zh-HK-HiuMaanNeural_SC-000005_seg8s_SC-000248.wav,sovits_api,cantonese,SC-000248,ref_boot_edgetts_cantonese_zh-HK-HiuMaanNeural_SC-000005_seg8s,0.9145,可检
data/redteam/factory/edgetts/cantonese/edgetts_cantonese_zh-HK-WanLungNeural_SC-000512.wav,edgetts,cantonese,SC-000512,zh-HK-WanLungNeural,0.9147,可检
data/redteam/factory/edgetts/dongbei/edgetts_dongbei_zh-CN-liaoning-XiaobeiNeural_SC-001443.wav,edgetts,dongbei,SC-001443,zh-CN-liaoning-XiaobeiNeural,0.9148,可检
data/redteam/factory/edgetts/cantonese/edgetts_cantonese_zh-HK-HiuMaanNeural_SC-000948.wav,edgetts,cantonese,SC-000948,zh-HK-HiuMaanNeural,0.9149,可检
data/redteam/factory/edgetts/cantonese/edgetts_cantonese_zh-HK-WanLungNeural_SC-000695.wav,edgetts,cantonese,SC-000695,zh-HK-WanLungNeural,0.915,可检
data/redteam/factory/edgetts/henan/edgetts_henan_zh-CN-shaanxi-XiaoniNeural_SC-000122.wav,edgetts,henan,SC-000122,zh-CN-shaanxi-XiaoniNeural,0.9151,可检
data/redteam/factory/edgetts/mandarin/edgetts_mandarin_zh-CN-XiaoxiaoNeural_SC-000227.wav,edgetts,mandarin,SC-000227,zh-CN-XiaoxiaoNeural,0.9151,可检
data/redteam/factory/edgetts/cantonese/edgetts_cantonese_zh-HK-WanLungNeural_SC-000916.wav,edgetts,cantonese,SC-000916,zh-HK-WanLungNeural,0.9152,可检
data/redteam/factory/edgetts/mandarin/edgetts_mandarin_zh-CN-YunjianNeural_SC-000153.wav,edgetts,mandarin,SC-000153,zh-CN-YunjianNeural,0.9154,可检
data/redteam/factory/edgetts/minnan/edgetts_minnan_zh-TW-YunJheNeural_SC-000546.wav,edgetts,minnan,SC-000546,zh-TW-YunJheNeural,0.9154,可检
data/redteam/factory/edgetts/mandarin/edgetts_mandarin_zh-CN-YunyangNeural_SC-000017.wav,edgetts,mandarin,SC-000017,zh-CN-YunyangNeural,0.9155,可检
data/redteam/factory/edgetts/henan/edgetts_henan_zh-CN-shaanxi-XiaoniNeural_SC-000479.wav,edgetts,henan,SC-000479,zh-CN-shaanxi-XiaoniNeural,0.9155,可检
data/redteam/factory/edgetts/sichuan/edgetts_sichuan_zh-CN-XiaoxiaoNeural_SC-000448.wav,edgetts,sichuan,SC-000448,zh-CN-XiaoxiaoNeural,0.9159,可检
data/redteam/factory/sovits_api/mandarin/sovits_api_mandarin_ref_boot_edgetts_mandarin_zh-CN-YunxiNeural_SC-000007_seg8s_SC-000077.wav,sovits_api,mandarin,SC-000077,ref_boot_edgetts_mandarin_zh-CN-YunxiNeural_SC-000007_seg8s,0.9161,可检
data/redteam/factory/edgetts/mandarin/edgetts_mandarin_zh-CN-YunyangNeural_SC-000331.wav,edgetts,mandarin,SC-000331,zh-CN-YunyangNeural,0.9163,可检
data/redteam/factory/edgetts/mandarin/edgetts_mandarin_zh-CN-YunxiNeural_SC-000314.wav,edgetts,mandarin,SC-000314,zh-CN-YunxiNeural,0.9163,可检
data/redteam/factory/edgetts/mandarin/edgetts_mandarin_zh-CN-YunjianNeural_SC-000507.wav,edgetts,mandarin,SC-000507,zh-CN-YunjianNeural,0.9163,可检
data/redteam/factory/edgetts/henan/edgetts_henan_zh-CN-shaanxi-XiaoniNeural_SC-000993.wav,edgetts,henan,SC-000993,zh-CN-shaanxi-XiaoniNeural,0.9164,可检
data/redteam/factory/edgetts/cantonese/edgetts_cantonese_zh-HK-WanLungNeural_SC-000197.wav,edgetts,cantonese,SC-000197,zh-HK-WanLungNeural,0.9165,可检
data/redteam/factory/edgetts/cantonese/edgetts_cantonese_zh-HK-WanLungNeural_SC-001528.wav,edgetts,cantonese,SC-001528,zh-HK-WanLungNeural,0.9165,可检
data/redteam/factory/edgetts/mandarin/edgetts_mandarin_zh-CN-XiaoxiaoNeural_SC-000175.wav,edgetts,mandarin,SC-000175,zh-CN-XiaoxiaoNeural,0.9165,可检
data/redteam/factory/sovits_api/sichuan/sovits_api_sichuan_ref_boot_edgetts_sichuan_zh-CN-YunxiNeural_SC-000010_SC-000066.wav,sovits_api,sichuan,SC-000066,ref_boot_edgetts_sichuan_zh-CN-YunxiNeural_SC-000010,0.9167,可检
data/redteam/factory/edgetts/sichuan/edgetts_sichuan_zh-CN-XiaoxiaoNeural_SC-000127.wav,edgetts,sichuan,SC-000127,zh-CN-XiaoxiaoNeural,0.9169,可检
data/redteam/factory/edgetts/mandarin/edgetts_mandarin_zh-CN-XiaoxiaoNeural_SC-000123.wav,edgetts,mandarin,SC-000123,zh-CN-XiaoxiaoNeural,0.9172,可检
data/redteam/factory/edgetts/mandarin/edgetts_mandarin_zh-CN-XiaoxiaoNeural_SC-000135.wav,edgetts,mandarin,SC-000135,zh-CN-XiaoxiaoNeural,0.9172,可检
data/redteam/factory/edgetts/sichuan/edgetts_sichuan_zh-CN-YunxiNeural_SC-000757.wav,edgetts,sichuan,SC-000757,zh-CN-YunxiNeural,0.9172,可检
data/redteam/factory/edgetts/cantonese/edgetts_cantonese_zh-HK-HiuMaanNeural_SC-000155.wav,edgetts,cantonese,SC-000155,zh-HK-HiuMaanNeural,0.9174,可检
data/redteam/factory/edgetts/henan/edgetts_henan_zh-CN-shaanxi-XiaoniNeural_SC-000873.wav,edgetts,henan,SC-000873,zh-CN-shaanxi-XiaoniNeural,0.9174,可检
data/redteam/factory/edgetts/sichuan/edgetts_sichuan_zh-CN-XiaoxiaoNeural_SC-000657.wav,edgetts,sichuan,SC-000657,zh-CN-XiaoxiaoNeural,0.9176,可检
data/redteam/factory/edgetts/mandarin/edgetts_mandarin_zh-CN-YunyangNeural_SC-000455.wav,edgetts,mandarin,SC-000455,zh-CN-YunyangNeural,0.9176,可检
data/redteam/factory/edgetts/dongbei/edgetts_dongbei_zh-CN-liaoning-XiaobeiNeural_SC-001671.wav,edgetts,dongbei,SC-001671,zh-CN-liaoning-XiaobeiNeural,0.9179,可检
data/redteam/factory/edgetts/henan/edgetts_henan_zh-CN-shaanxi-XiaoniNeural_SC-000815.wav,edgetts,henan,SC-000815,zh-CN-shaanxi-XiaoniNeural,0.9181,可检
data/redteam/factory/edgetts/mandarin/edgetts_mandarin_zh-CN-XiaoxiaoNeural_SC-000184.wav,edgetts,mandarin,SC-000184,zh-CN-XiaoxiaoNeural,0.9181,可检
data/redteam/factory/edgetts/sichuan/edgetts_sichuan_zh-CN-XiaoxiaoNeural_SC-001474.wav,edgetts,sichuan,SC-001474,zh-CN-XiaoxiaoNeural,0.9182,可检
data/redteam/factory/edgetts/mandarin/edgetts_mandarin_zh-CN-YunyangNeural_SC-000265.wav,edgetts,mandarin,SC-000265,zh-CN-YunyangNeural,0.9183,可检
data/redteam/factory/edgetts/mandarin/edgetts_mandarin_zh-CN-YunxiNeural_SC-000184.wav,edgetts,mandarin,SC-000184,zh-CN-YunxiNeural,0.9185,可检
data/redteam/factory/edgetts/cantonese/edgetts_cantonese_zh-HK-WanLungNeural_SC-001498.wav,edgetts,cantonese,SC-001498,zh-HK-WanLungNeural,0.9185,可检
data/redteam/factory/edgetts/sichuan/edgetts_sichuan_zh-CN-XiaoxiaoNeural_SC-000607.wav,edgetts,sichuan,SC-000607,zh-CN-XiaoxiaoNeural,0.9187,可检
data/redteam/factory/edgetts/sichuan/edgetts_sichuan_zh-CN-YunxiNeural_SC-001172.wav,edgetts,sichuan,SC-001172,zh-CN-YunxiNeural,0.9188,可检
data/redteam/factory/edgetts/henan/edgetts_henan_zh-CN-shaanxi-XiaoniNeural_SC-001599.wav,edgetts,henan,SC-001599,zh-CN-shaanxi-XiaoniNeural,0.9188,可检
data/redteam/factory/edgetts/mandarin/edgetts_mandarin_zh-CN-XiaoxiaoNeural_SC-000152.wav,edgetts,mandarin,SC-000152,zh-CN-XiaoxiaoNeural,0.9188,可检
data/redteam/factory/edgetts/mandarin/edgetts_mandarin_zh-CN-YunyangNeural_SC-000304.wav,edgetts,mandarin,SC-000304,zh-CN-YunyangNeural,0.9188,可检
data/redteam/factory/edgetts/cantonese/edgetts_cantonese_zh-HK-WanLungNeural_SC-001400.wav,edgetts,cantonese,SC-001400,zh-HK-WanLungNeural,0.9189,可检
data/redteam/factory/sovits_api/sichuan/sovits_api_sichuan_ref_boot_edgetts_sichuan_zh-CN-YunxiNeural_SC-000010_SC-000107.wav,sovits_api,sichuan,SC-000107,ref_boot_edgetts_sichuan_zh-CN-YunxiNeural_SC-000010,0.9189,可检
data/redteam/factory/edgetts/dongbei/edgetts_dongbei_zh-CN-liaoning-XiaobeiNeural_SC-000411.wav,edgetts,dongbei,SC-000411,zh-CN-liaoning-XiaobeiNeural,0.919,可检
data/redteam/factory/edgetts/dongbei/edgetts_dongbei_zh-CN-liaoning-XiaobeiNeural_SC-001613.wav,edgetts,dongbei,SC-001613,zh-CN-liaoning-XiaobeiNeural,0.9191,可检
data/redteam/factory/edgetts/cantonese/edgetts_cantonese_zh-HK-WanLungNeural_SC-001452.wav,edgetts,cantonese,SC-001452,zh-HK-WanLungNeural,0.9191,可检
data/redteam/factory/edgetts/sichuan/edgetts_sichuan_zh-CN-XiaoxiaoNeural_SC-001116.wav,edgetts,sichuan,SC-001116,zh-CN-XiaoxiaoNeural,0.9194,可检
data/redteam/factory/edgetts/sichuan/edgetts_sichuan_zh-CN-YunxiNeural_SC-001464.wav,edgetts,sichuan,SC-001464,zh-CN-YunxiNeural,0.9196,可检
data/redteam/factory/edgetts/cantonese/edgetts_cantonese_zh-HK-WanLungNeural_SC-000116.wav,edgetts,cantonese,SC-000116,zh-HK-WanLungNeural,0.9198,可检
data/redteam/factory/edgetts/mandarin/edgetts_mandarin_zh-CN-YunyangNeural_SC-000176.wav,edgetts,mandarin,SC-000176,zh-CN-YunyangNeural,0.9199,可检
data/redteam/factory/edgetts/cantonese/edgetts_cantonese_zh-HK-HiuMaanNeural_SC-000140.wav,edgetts,cantonese,SC-000140,zh-HK-HiuMaanNeural,0.92,可检
data/redteam/factory/edgetts/henan/edgetts_henan_zh-CN-shaanxi-XiaoniNeural_SC-000012.wav,edgetts,henan,SC-000012,zh-CN-shaanxi-XiaoniNeural,0.9201,可检
data/redteam/factory/edgetts/sichuan/edgetts_sichuan_zh-CN-XiaoxiaoNeural_SC-001018.wav,edgetts,sichuan,SC-001018,zh-CN-XiaoxiaoNeural,0.9201,可检
data/redteam/factory/edgetts/mandarin/edgetts_mandarin_zh-CN-XiaoxiaoNeural_SC-000357.wav,edgetts,mandarin,SC-000357,zh-CN-XiaoxiaoNeural,0.9201,可检
data/redteam/factory/edgetts/dongbei/edgetts_dongbei_zh-CN-liaoning-XiaobeiNeural_SC-001360.wav,edgetts,dongbei,SC-001360,zh-CN-liaoning-XiaobeiNeural,0.9201,可检
data/redteam/factory/edgetts/henan/edgetts_henan_zh-CN-shaanxi-XiaoniNeural_SC-001054.wav,edgetts,henan,SC-001054,zh-CN-shaanxi-XiaoniNeural,0.9201,可检
data/redteam/factory/edgetts/mandarin/edgetts_mandarin_zh-CN-YunxiNeural_SC-000090.wav,edgetts,mandarin,SC-000090,zh-CN-YunxiNeural,0.9202,可检
data/redteam/factory/edgetts/dongbei/edgetts_dongbei_zh-CN-liaoning-XiaobeiNeural_SC-000113.wav,edgetts,dongbei,SC-000113,zh-CN-liaoning-XiaobeiNeural,0.9202,可检
data/redteam/factory/edgetts/minnan/edgetts_minnan_zh-TW-YunJheNeural_SC-001267.wav,edgetts,minnan,SC-001267,zh-TW-YunJheNeural,0.9202,可检
data/redteam/factory/edgetts/cantonese/edgetts_cantonese_zh-HK-WanLungNeural_SC-001331.wav,edgetts,cantonese,SC-001331,zh-HK-WanLungNeural,0.9204,可检
data/redteam/factory/edgetts/henan/edgetts_henan_zh-CN-shaanxi-XiaoniNeural_SC-000795.wav,edgetts,henan,SC-000795,zh-CN-shaanxi-XiaoniNeural,0.9205,可检
data/redteam/factory/edgetts/sichuan/edgetts_sichuan_zh-CN-XiaoxiaoNeural_SC-000278.wav,edgetts,sichuan,SC-000278,zh-CN-XiaoxiaoNeural,0.9206,可检
data/redteam/factory/edgetts/mandarin/edgetts_mandarin_zh-CN-XiaoxiaoNeural_SC-000370.wav,edgetts,mandarin,SC-000370,zh-CN-XiaoxiaoNeural,0.9208,可检
data/redteam/factory/edgetts/mandarin/edgetts_mandarin_zh-CN-XiaoxiaoNeural_SC-000242.wav,edgetts,mandarin,SC-000242,zh-CN-XiaoxiaoNeural,0.921,可检
data/redteam/factory/edgetts/cantonese/edgetts_cantonese_zh-HK-WanLungNeural_SC-000716.wav,edgetts,cantonese,SC-000716,zh-HK-WanLungNeural,0.921,可检
data/redteam/factory/sovits_api/cantonese/sovits_api_cantonese_ref_boot_edgetts_cantonese_zh-HK-HiuMaanNeural_SC-000005_seg8s_SC-000197.wav,sovits_api,cantonese,SC-000197,ref_boot_edgetts_cantonese_zh-HK-HiuMaanNeural_SC-000005_seg8s,0.921,可检
data/redteam/factory/edgetts/cantonese/edgetts_cantonese_zh-HK-WanLungNeural_SC-001350.wav,edgetts,cantonese,SC-001350,zh-HK-WanLungNeural,0.9211,可检
data/redteam/factory/edgetts/henan/edgetts_henan_zh-CN-shaanxi-XiaoniNeural_SC-000796.wav,edgetts,henan,SC-000796,zh-CN-shaanxi-XiaoniNeural,0.9211,可检
data/redteam/factory/edgetts/mandarin/edgetts_mandarin_zh-CN-YunjianNeural_SC-000015.wav,edgetts,mandarin,SC-000015,zh-CN-YunjianNeural,0.9213,可检
data/redteam/factory/edgetts/sichuan/edgetts_sichuan_zh-CN-XiaoxiaoNeural_SC-000118.wav,edgetts,sichuan,SC-000118,zh-CN-XiaoxiaoNeural,0.9213,可检
data/redteam/factory/edgetts/dongbei/edgetts_dongbei_zh-CN-liaoning-XiaobeiNeural_SC-001324.wav,edgetts,dongbei,SC-001324,zh-CN-liaoning-XiaobeiNeural,0.9213,可检
data/redteam/factory/edgetts/cantonese/edgetts_cantonese_zh-HK-WanLungNeural_SC-000009.wav,edgetts,cantonese,SC-000009,zh-HK-WanLungNeural,0.9214,可检
data/redteam/factory/edgetts/mandarin/edgetts_mandarin_zh-CN-YunxiNeural_SC-000069.wav,edgetts,mandarin,SC-000069,zh-CN-YunxiNeural,0.9214,可检
data/redteam/factory/edgetts/mandarin/edgetts_mandarin_zh-CN-YunxiNeural_SC-000086.wav,edgetts,mandarin,SC-000086,zh-CN-YunxiNeural,0.9215,可检
data/redteam/factory/edgetts/cantonese/edgetts_cantonese_zh-HK-WanLungNeural_SC-000312.wav,edgetts,cantonese,SC-000312,zh-HK-WanLungNeural,0.9216,可检
data/redteam/factory/edgetts/minnan/edgetts_minnan_zh-TW-YunJheNeural_SC-000218.wav,edgetts,minnan,SC-000218,zh-TW-YunJheNeural,0.9217,可检
data/redteam/factory/sovits_api/mandarin/sovits_api_mandarin_ref_boot_edgetts_mandarin_zh-CN-XiaoxiaoNeural_SC-000007_seg8s_SC-000053.wav,sovits_api,mandarin,SC-000053,ref_boot_edgetts_mandarin_zh-CN-XiaoxiaoNeural_SC-000007_seg8s,0.9217,可检
data/redteam/factory/edgetts/minnan/edgetts_minnan_zh-TW-YunJheNeural_SC-001103.wav,edgetts,minnan,SC-001103,zh-TW-YunJheNeural,0.9218,可检
data/redteam/factory/edgetts/cantonese/edgetts_cantonese_zh-HK-WanLungNeural_SC-000575.wav,edgetts,cantonese,SC-000575,zh-HK-WanLungNeural,0.9221,可检
data/redteam/factory/edgetts/sichuan/edgetts_sichuan_zh-CN-XiaoxiaoNeural_SC-000384.wav,edgetts,sichuan,SC-000384,zh-CN-XiaoxiaoNeural,0.9221,可检
data/redteam/factory/edgetts/cantonese/edgetts_cantonese_zh-HK-WanLungNeural_SC-000004.wav,edgetts,cantonese,SC-000004,zh-HK-WanLungNeural,0.9223,可检
data/redteam/factory/edgetts/mandarin/edgetts_mandarin_zh-CN-YunyangNeural_SC-000370.wav,edgetts,mandarin,SC-000370,zh-CN-YunyangNeural,0.9223,可检
data/redteam/factory/edgetts/cantonese/edgetts_cantonese_zh-HK-WanLungNeural_SC-001419.wav,edgetts,cantonese,SC-001419,zh-HK-WanLungNeural,0.9223,可检
data/redteam/factory/edgetts/mandarin/edgetts_mandarin_zh-CN-XiaoxiaoNeural_SC-000377.wav,edgetts,mandarin,SC-000377,zh-CN-XiaoxiaoNeural,0.9223,可检
data/redteam/factory/sovits_api/dongbei/sovits_api_dongbei_ref_boot_edgetts_dongbei_zh-CN-liaoning-XiaobeiNeural_SC-000002_seg8s_SC-000294.wav,sovits_api,dongbei,SC-000294,ref_boot_edgetts_dongbei_zh-CN-liaoning-XiaobeiNeural_SC-000002_seg8s,0.9223,可检
data/redteam/factory/edgetts/mandarin/edgetts_mandarin_zh-CN-XiaoxiaoNeural_SC-000396.wav,edgetts,mandarin,SC-000396,zh-CN-XiaoxiaoNeural,0.9225,可检
data/redteam/factory/edgetts/sichuan/edgetts_sichuan_zh-CN-XiaoxiaoNeural_SC-000627.wav,edgetts,sichuan,SC-000627,zh-CN-XiaoxiaoNeural,0.9225,可检
data/redteam/factory/edgetts/sichuan/edgetts_sichuan_zh-CN-XiaoxiaoNeural_SC-001040.wav,edgetts,sichuan,SC-001040,zh-CN-XiaoxiaoNeural,0.9226,可检
data/redteam/factory/edgetts/mandarin/edgetts_mandarin_zh-CN-XiaoxiaoNeural_SC-000310.wav,edgetts,mandarin,SC-000310,zh-CN-XiaoxiaoNeural,0.9227,可检
data/redteam/factory/edgetts/cantonese/edgetts_cantonese_zh-HK-WanLungNeural_SC-001467.wav,edgetts,cantonese,SC-001467,zh-HK-WanLungNeural,0.9227,可检
data/redteam/factory/edgetts/henan/edgetts_henan_zh-CN-shaanxi-XiaoniNeural_SC-000441.wav,edgetts,henan,SC-000441,zh-CN-shaanxi-XiaoniNeural,0.9227,可检
data/redteam/factory/edgetts/henan/edgetts_henan_zh-CN-shaanxi-XiaoniNeural_SC-001566.wav,edgetts,henan,SC-001566,zh-CN-shaanxi-XiaoniNeural,0.9227,可检
data/redteam/factory/sovits_api/minnan/sovits_api_minnan_ref_boot_edgetts_minnan_zh-TW-HsiaoChenNeural_SC-000001_SC-000071.wav,sovits_api,minnan,SC-000071,ref_boot_edgetts_minnan_zh-TW-HsiaoChenNeural_SC-000001,0.9227,可检
data/redteam/factory/sovits_api/minnan/sovits_api_minnan_ref_boot_edgetts_minnan_zh-TW-HsiaoChenNeural_SC-000001_SC-000350.wav,sovits_api,minnan,SC-000350,ref_boot_edgetts_minnan_zh-TW-HsiaoChenNeural_SC-000001,0.9227,可检
data/redteam/factory/edgetts/cantonese/edgetts_cantonese_zh-HK-WanLungNeural_SC-001377.wav,edgetts,cantonese,SC-001377,zh-HK-WanLungNeural,0.9228,可检
data/redteam/factory/edgetts/dongbei/edgetts_dongbei_zh-CN-liaoning-XiaobeiNeural_SC-001674.wav,edgetts,dongbei,SC-001674,zh-CN-liaoning-XiaobeiNeural,0.9229,可检
data/redteam/factory/edgetts/cantonese/edgetts_cantonese_zh-HK-HiuMaanNeural_SC-000458.wav,edgetts,cantonese,SC-000458,zh-HK-HiuMaanNeural,0.923,可检
data/redteam/factory/edgetts/mandarin/edgetts_mandarin_zh-CN-XiaoxiaoNeural_SC-000510.wav,edgetts,mandarin,SC-000510,zh-CN-XiaoxiaoNeural,0.9232,可检
data/redteam/factory/edgetts/henan/edgetts_henan_zh-CN-shaanxi-XiaoniNeural_SC-001631.wav,edgetts,henan,SC-001631,zh-CN-shaanxi-XiaoniNeural,0.9232,可检
data/redteam/factory/edgetts/cantonese/edgetts_cantonese_zh-HK-WanLungNeural_SC-000025.wav,edgetts,cantonese,SC-000025,zh-HK-WanLungNeural,0.9236,可检
data/redteam/factory/edgetts/mandarin/edgetts_mandarin_zh-CN-YunyangNeural_SC-000488.wav,edgetts,mandarin,SC-000488,zh-CN-YunyangNeural,0.9236,可检
data/redteam/factory/edgetts/mandarin/edgetts_mandarin_zh-CN-YunxiNeural_SC-000236.wav,edgetts,mandarin,SC-000236,zh-CN-YunxiNeural,0.9238,可检
data/redteam/factory/edgetts/henan/edgetts_henan_zh-CN-shaanxi-XiaoniNeural_SC-001569.wav,edgetts,henan,SC-001569,zh-CN-shaanxi-XiaoniNeural,0.9238,可检
data/redteam/factory/edgetts/minnan/edgetts_minnan_zh-TW-YunJheNeural_SC-000753.wav,edgetts,minnan,SC-000753,zh-TW-YunJheNeural,0.9239,可检
data/redteam/factory/edgetts/sichuan/edgetts_sichuan_zh-CN-XiaoxiaoNeural_SC-000355.wav,edgetts,sichuan,SC-000355,zh-CN-XiaoxiaoNeural,0.9241,可检
data/redteam/factory/edgetts/mandarin/edgetts_mandarin_zh-CN-XiaoxiaoNeural_SC-000483.wav,edgetts,mandarin,SC-000483,zh-CN-XiaoxiaoNeural,0.9245,可检
data/redteam/factory/edgetts/henan/edgetts_henan_zh-CN-shaanxi-XiaoniNeural_SC-001485.wav,edgetts,henan,SC-001485,zh-CN-shaanxi-XiaoniNeural,0.9245,可检
data/redteam/factory/edgetts/mandarin/edgetts_mandarin_zh-CN-YunyangNeural_SC-000044.wav,edgetts,mandarin,SC-000044,zh-CN-YunyangNeural,0.9246,可检
data/redteam/factory/edgetts/mandarin/edgetts_mandarin_zh-CN-XiaoxiaoNeural_SC-000164.wav,edgetts,mandarin,SC-000164,zh-CN-XiaoxiaoNeural,0.9248,可检
data/redteam/factory/edgetts/mandarin/edgetts_mandarin_zh-CN-YunjianNeural_SC-000093.wav,edgetts,mandarin,SC-000093,zh-CN-YunjianNeural,0.9249,可检
data/redteam/factory/edgetts/cantonese/edgetts_cantonese_zh-HK-WanLungNeural_SC-000829.wav,edgetts,cantonese,SC-000829,zh-HK-WanLungNeural,0.9249,可检
data/redteam/factory/sovits_api/minnan/sovits_api_minnan_ref_boot_edgetts_minnan_zh-TW-HsiaoChenNeural_SC-000001_SC-000001.wav,sovits_api,minnan,SC-000001,ref_boot_edgetts_minnan_zh-TW-HsiaoChenNeural_SC-000001,0.9249,可检
data/redteam/factory/sovits_api/sichuan/sovits_api_sichuan_ref_boot_edgetts_sichuan_zh-CN-YunxiNeural_SC-000010_SC-000172.wav,sovits_api,sichuan,SC-000172,ref_boot_edgetts_sichuan_zh-CN-YunxiNeural_SC-000010,0.9249,可检
data/redteam/factory/edgetts/mandarin/edgetts_mandarin_zh-CN-XiaoxiaoNeural_SC-000006.wav,edgetts,mandarin,SC-000006,zh-CN-XiaoxiaoNeural,0.9251,可检
data/redteam/factory/edgetts/sichuan/edgetts_sichuan_zh-CN-XiaoxiaoNeural_SC-000006.wav,edgetts,sichuan,SC-000006,zh-CN-XiaoxiaoNeural,0.9251,可检
data/redteam/factory/edgetts/cantonese/edgetts_cantonese_zh-HK-WanLungNeural_SC-000040.wav,edgetts,cantonese,SC-000040,zh-HK-WanLungNeural,0.9253,可检
data/redteam/factory/sovits_api/cantonese/sovits_api_cantonese_ref_boot_edgetts_cantonese_zh-HK-WanLungNeural_SC-000005_seg8s_SC-000305.wav,sovits_api,cantonese,SC-000305,ref_boot_edgetts_cantonese_zh-HK-WanLungNeural_SC-000005_seg8s,0.9253,可检
data/redteam/factory/edgetts/sichuan/edgetts_sichuan_zh-CN-YunxiNeural_SC-000251.wav,edgetts,sichuan,SC-000251,zh-CN-YunxiNeural,0.9255,可检
data/redteam/factory/sovits_api/mandarin/sovits_api_mandarin_ref_boot_edgetts_mandarin_zh-CN-YunxiNeural_SC-000007_seg8s_SC-000085.wav,sovits_api,mandarin,SC-000085,ref_boot_edgetts_mandarin_zh-CN-YunxiNeural_SC-000007_seg8s,0.9256,可检
data/redteam/factory/edgetts/mandarin/edgetts_mandarin_zh-CN-XiaoxiaoNeural_SC-000194.wav,edgetts,mandarin,SC-000194,zh-CN-XiaoxiaoNeural,0.9257,可检
data/redteam/factory/sovits_api/mandarin/sovits_api_mandarin_ref_boot_edgetts_mandarin_zh-CN-YunxiNeural_SC-000007_seg8s_SC-000096.wav,sovits_api,mandarin,SC-000096,ref_boot_edgetts_mandarin_zh-CN-YunxiNeural_SC-000007_seg8s,0.9257,可检
data/redteam/factory/edgetts/cantonese/edgetts_cantonese_zh-HK-WanLungNeural_SC-000918.wav,edgetts,cantonese,SC-000918,zh-HK-WanLungNeural,0.9258,可检
data/redteam/factory/edgetts/mandarin/edgetts_mandarin_zh-CN-XiaoxiaoNeural_SC-000374.wav,edgetts,mandarin,SC-000374,zh-CN-XiaoxiaoNeural,0.9258,可检
data/redteam/factory/edgetts/mandarin/edgetts_mandarin_zh-CN-XiaoxiaoNeural_SC-000025.wav,edgetts,mandarin,SC-000025,zh-CN-XiaoxiaoNeural,0.9259,可检
data/redteam/factory/edgetts/sichuan/edgetts_sichuan_zh-CN-XiaoxiaoNeural_SC-000025.wav,edgetts,sichuan,SC-000025,zh-CN-XiaoxiaoNeural,0.9259,可检
data/redteam/factory/edgetts/minnan/edgetts_minnan_zh-TW-YunJheNeural_SC-001011.wav,edgetts,minnan,SC-001011,zh-TW-YunJheNeural,0.9259,可检
data/redteam/factory/edgetts/henan/edgetts_henan_zh-CN-shaanxi-XiaoniNeural_SC-001072.wav,edgetts,henan,SC-001072,zh-CN-shaanxi-XiaoniNeural,0.9259,可检
data/redteam/factory/edgetts/henan/edgetts_henan_zh-CN-shaanxi-XiaoniNeural_SC-001224.wav,edgetts,henan,SC-001224,zh-CN-shaanxi-XiaoniNeural,0.926,可检
data/redteam/factory/edgetts/cantonese/edgetts_cantonese_zh-HK-WanLungNeural_SC-000395.wav,edgetts,cantonese,SC-000395,zh-HK-WanLungNeural,0.9263,可检
data/redteam/factory/edgetts/mandarin/edgetts_mandarin_zh-CN-YunjianNeural_SC-000327.wav,edgetts,mandarin,SC-000327,zh-CN-YunjianNeural,0.9263,可检
data/redteam/factory/edgetts/sichuan/edgetts_sichuan_zh-CN-XiaoxiaoNeural_SC-000013.wav,edgetts,sichuan,SC-000013,zh-CN-XiaoxiaoNeural,0.9264,可检
data/redteam/factory/edgetts/sichuan/edgetts_sichuan_zh-CN-XiaoxiaoNeural_SC-000383.wav,edgetts,sichuan,SC-000383,zh-CN-XiaoxiaoNeural,0.9265,可检
data/redteam/factory/edgetts/mandarin/edgetts_mandarin_zh-CN-XiaoxiaoNeural_SC-000318.wav,edgetts,mandarin,SC-000318,zh-CN-XiaoxiaoNeural,0.9266,可检
data/redteam/factory/edgetts/mandarin/edgetts_mandarin_zh-CN-XiaoxiaoNeural_SC-000198.wav,edgetts,mandarin,SC-000198,zh-CN-XiaoxiaoNeural,0.9267,可检
data/redteam/factory/edgetts/henan/edgetts_henan_zh-CN-shaanxi-XiaoniNeural_SC-001352.wav,edgetts,henan,SC-001352,zh-CN-shaanxi-XiaoniNeural,0.9267,可检
data/redteam/factory/edgetts/mandarin/edgetts_mandarin_zh-CN-XiaoxiaoNeural_SC-000003.wav,edgetts,mandarin,SC-000003,zh-CN-XiaoxiaoNeural,0.9269,可检
data/redteam/factory/edgetts/sichuan/edgetts_sichuan_zh-CN-XiaoxiaoNeural_SC-000003.wav,edgetts,sichuan,SC-000003,zh-CN-XiaoxiaoNeural,0.9269,可检
data/redteam/factory/edgetts/dongbei/edgetts_dongbei_zh-CN-liaoning-XiaobeiNeural_SC-000167.wav,edgetts,dongbei,SC-000167,zh-CN-liaoning-XiaobeiNeural,0.9269,可检
data/redteam/factory/edgetts/henan/edgetts_henan_zh-CN-shaanxi-XiaoniNeural_SC-001312.wav,edgetts,henan,SC-001312,zh-CN-shaanxi-XiaoniNeural,0.9269,可检
data/redteam/factory/edgetts/minnan/edgetts_minnan_zh-TW-YunJheNeural_SC-000620.wav,edgetts,minnan,SC-000620,zh-TW-YunJheNeural,0.9271,可检
data/redteam/factory/edgetts/cantonese/edgetts_cantonese_zh-HK-WanLungNeural_SC-000458.wav,edgetts,cantonese,SC-000458,zh-HK-WanLungNeural,0.9272,可检
data/redteam/factory/edgetts/cantonese/edgetts_cantonese_zh-HK-WanLungNeural_SC-000561.wav,edgetts,cantonese,SC-000561,zh-HK-WanLungNeural,0.9272,可检
data/redteam/factory/edgetts/mandarin/edgetts_mandarin_zh-CN-XiaoxiaoNeural_SC-000151.wav,edgetts,mandarin,SC-000151,zh-CN-XiaoxiaoNeural,0.9274,可检
data/redteam/factory/edgetts/cantonese/edgetts_cantonese_zh-HK-WanLungNeural_SC-000928.wav,edgetts,cantonese,SC-000928,zh-HK-WanLungNeural,0.9274,可检
data/redteam/factory/edgetts/dongbei/edgetts_dongbei_zh-CN-liaoning-XiaobeiNeural_SC-000010.wav,edgetts,dongbei,SC-000010,zh-CN-liaoning-XiaobeiNeural,0.9275,可检
data/redteam/factory/edgetts/henan/edgetts_henan_zh-CN-shaanxi-XiaoniNeural_SC-001475.wav,edgetts,henan,SC-001475,zh-CN-shaanxi-XiaoniNeural,0.9275,可检
data/redteam/factory/sovits_api/minnan/sovits_api_minnan_ref_boot_edgetts_minnan_zh-TW-HsiaoChenNeural_SC-000001_SC-000363.wav,sovits_api,minnan,SC-000363,ref_boot_edgetts_minnan_zh-TW-HsiaoChenNeural_SC-000001,0.9276,可检
data/redteam/factory/edgetts/dongbei/edgetts_dongbei_zh-CN-liaoning-XiaobeiNeural_SC-001363.wav,edgetts,dongbei,SC-001363,zh-CN-liaoning-XiaobeiNeural,0.9277,可检
data/redteam/factory/sovits_api/dongbei/sovits_api_dongbei_ref_boot_edgetts_dongbei_zh-CN-liaoning-XiaobeiNeural_SC-000002_seg8s_SC-000087.wav,sovits_api,dongbei,SC-000087,ref_boot_edgetts_dongbei_zh-CN-liaoning-XiaobeiNeural_SC-000002_seg8s,0.9277,可检
data/redteam/factory/edgetts/mandarin/edgetts_mandarin_zh-CN-YunyangNeural_SC-000404.wav,edgetts,mandarin,SC-000404,zh-CN-YunyangNeural,0.9278,可检
data/redteam/factory/edgetts/mandarin/edgetts_mandarin_zh-CN-YunxiNeural_SC-000378.wav,edgetts,mandarin,SC-000378,zh-CN-YunxiNeural,0.9278,可检
data/redteam/factory/edgetts/dongbei/edgetts_dongbei_zh-CN-liaoning-XiaobeiNeural_SC-000225.wav,edgetts,dongbei,SC-000225,zh-CN-liaoning-XiaobeiNeural,0.9279,可检
data/redteam/factory/sovits_api/mandarin/sovits_api_mandarin_ref_boot_edgetts_mandarin_zh-CN-YunxiNeural_SC-000007_seg8s_SC-000011.wav,sovits_api,mandarin,SC-000011,ref_boot_edgetts_mandarin_zh-CN-YunxiNeural_SC-000007_seg8s,0.9279,可检
data/redteam/factory/sovits_api/sichuan/sovits_api_sichuan_ref_boot_edgetts_sichuan_zh-CN-YunxiNeural_SC-000010_SC-000062.wav,sovits_api,sichuan,SC-000062,ref_boot_edgetts_sichuan_zh-CN-YunxiNeural_SC-000010,0.9279,可检
data/redteam/factory/sovits_api/sichuan/sovits_api_sichuan_ref_boot_edgetts_sichuan_zh-CN-YunxiNeural_SC-000010_SC-000259.wav,sovits_api,sichuan,SC-000259,ref_boot_edgetts_sichuan_zh-CN-YunxiNeural_SC-000010,0.9281,可检
data/redteam/factory/edgetts/mandarin/edgetts_mandarin_zh-CN-XiaoxiaoNeural_SC-000091.wav,edgetts,mandarin,SC-000091,zh-CN-XiaoxiaoNeural,0.9282,可检
data/redteam/factory/sovits_api/minnan/sovits_api_minnan_ref_boot_edgetts_minnan_zh-TW-HsiaoChenNeural_SC-000001_SC-000130.wav,sovits_api,minnan,SC-000130,ref_boot_edgetts_minnan_zh-TW-HsiaoChenNeural_SC-000001,0.9284,可检
data/redteam/factory/edgetts/cantonese/edgetts_cantonese_zh-HK-WanLungNeural_SC-000010.wav,edgetts,cantonese,SC-000010,zh-HK-WanLungNeural,0.9286,可检
data/redteam/factory/edgetts/minnan/edgetts_minnan_zh-TW-HsiaoChenNeural_SC-000498.wav,edgetts,minnan,SC-000498,zh-TW-HsiaoChenNeural,0.9286,可检
data/redteam/factory/edgetts/sichuan/edgetts_sichuan_zh-CN-XiaoxiaoNeural_SC-001432.wav,edgetts,sichuan,SC-001432,zh-CN-XiaoxiaoNeural,0.9287,可检
data/redteam/factory/edgetts/henan/edgetts_henan_zh-CN-shaanxi-XiaoniNeural_SC-001368.wav,edgetts,henan,SC-001368,zh-CN-shaanxi-XiaoniNeural,0.929,可检
data/redteam/factory/edgetts/cantonese/edgetts_cantonese_zh-HK-WanLungNeural_SC-000649.wav,edgetts,cantonese,SC-000649,zh-HK-WanLungNeural,0.929,可检
data/redteam/factory/edgetts/sichuan/edgetts_sichuan_zh-CN-YunxiNeural_SC-001432.wav,edgetts,sichuan,SC-001432,zh-CN-YunxiNeural,0.9291,可检
data/redteam/factory/sovits_api/sichuan/sovits_api_sichuan_ref_boot_edgetts_sichuan_zh-CN-YunxiNeural_SC-000010_SC-000199.wav,sovits_api,sichuan,SC-000199,ref_boot_edgetts_sichuan_zh-CN-YunxiNeural_SC-000010,0.9292,可检
data/redteam/factory/edgetts/sichuan/edgetts_sichuan_zh-CN-YunxiNeural_SC-000380.wav,edgetts,sichuan,SC-000380,zh-CN-YunxiNeural,0.9295,可检
data/redteam/factory/edgetts/sichuan/edgetts_sichuan_zh-CN-XiaoxiaoNeural_SC-001557.wav,edgetts,sichuan,SC-001557,zh-CN-XiaoxiaoNeural,0.9295,可检
data/redteam/factory/edgetts/dongbei/edgetts_dongbei_zh-CN-liaoning-XiaobeiNeural_SC-000781.wav,edgetts,dongbei,SC-000781,zh-CN-liaoning-XiaobeiNeural,0.9296,可检
data/redteam/factory/sovits_api/henan/sovits_api_henan_ref_boot_edgetts_henan_zh-CN-shaanxi-XiaoniNeural_SC-000009_seg8s_SC-000217.wav,sovits_api,henan,SC-000217,ref_boot_edgetts_henan_zh-CN-shaanxi-XiaoniNeural_SC-000009_seg8s,0.9296,可检
data/redteam/factory/edgetts/mandarin/edgetts_mandarin_zh-CN-XiaoxiaoNeural_SC-000098.wav,edgetts,mandarin,SC-000098,zh-CN-XiaoxiaoNeural,0.9297,可检
data/redteam/factory/sovits_api/sichuan/sovits_api_sichuan_ref_boot_edgetts_sichuan_zh-CN-YunxiNeural_SC-000010_SC-000266.wav,sovits_api,sichuan,SC-000266,ref_boot_edgetts_sichuan_zh-CN-YunxiNeural_SC-000010,0.9297,可检
data/redteam/factory/edgetts/cantonese/edgetts_cantonese_zh-HK-WanLungNeural_SC-001449.wav,edgetts,cantonese,SC-001449,zh-HK-WanLungNeural,0.93,可检
data/redteam/factory/edgetts/mandarin/edgetts_mandarin_zh-CN-XiaoxiaoNeural_SC-000393.wav,edgetts,mandarin,SC-000393,zh-CN-XiaoxiaoNeural,0.9302,可检
data/redteam/factory/edgetts/mandarin/edgetts_mandarin_zh-CN-YunjianNeural_SC-000335.wav,edgetts,mandarin,SC-000335,zh-CN-YunjianNeural,0.9302,可检
data/redteam/factory/edgetts/cantonese/edgetts_cantonese_zh-HK-WanLungNeural_SC-001623.wav,edgetts,cantonese,SC-001623,zh-HK-WanLungNeural,0.9302,可检
data/redteam/factory/edgetts/sichuan/edgetts_sichuan_zh-CN-YunxiNeural_SC-000849.wav,edgetts,sichuan,SC-000849,zh-CN-YunxiNeural,0.9304,可检
data/redteam/factory/edgetts/henan/edgetts_henan_zh-CN-shaanxi-XiaoniNeural_SC-000008.wav,edgetts,henan,SC-000008,zh-CN-shaanxi-XiaoniNeural,0.9305,可检
data/redteam/factory/edgetts/cantonese/edgetts_cantonese_zh-HK-WanLungNeural_SC-001283.wav,edgetts,cantonese,SC-001283,zh-HK-WanLungNeural,0.9305,可检
data/redteam/factory/edgetts/mandarin/edgetts_mandarin_zh-CN-XiaoxiaoNeural_SC-000023.wav,edgetts,mandarin,SC-000023,zh-CN-XiaoxiaoNeural,0.9306,可检
data/redteam/factory/edgetts/sichuan/edgetts_sichuan_zh-CN-XiaoxiaoNeural_SC-000023.wav,edgetts,sichuan,SC-000023,zh-CN-XiaoxiaoNeural,0.9306,可检
data/redteam/factory/edgetts/dongbei/edgetts_dongbei_zh-CN-liaoning-XiaobeiNeural_SC-001332.wav,edgetts,dongbei,SC-001332,zh-CN-liaoning-XiaobeiNeural,0.9309,可检
data/redteam/factory/edgetts/dongbei/edgetts_dongbei_zh-CN-liaoning-XiaobeiNeural_SC-000492.wav,edgetts,dongbei,SC-000492,zh-CN-liaoning-XiaobeiNeural,0.9309,可检
data/redteam/factory/edgetts/mandarin/edgetts_mandarin_zh-CN-XiaoxiaoNeural_SC-000283.wav,edgetts,mandarin,SC-000283,zh-CN-XiaoxiaoNeural,0.9311,可检
data/redteam/factory/edgetts/sichuan/edgetts_sichuan_zh-CN-XiaoxiaoNeural_SC-000894.wav,edgetts,sichuan,SC-000894,zh-CN-XiaoxiaoNeural,0.9313,可检
data/redteam/factory/edgetts/mandarin/edgetts_mandarin_zh-CN-XiaoxiaoNeural_SC-000072.wav,edgetts,mandarin,SC-000072,zh-CN-XiaoxiaoNeural,0.9314,可检
data/redteam/factory/edgetts/mandarin/edgetts_mandarin_zh-CN-XiaoxiaoNeural_SC-000085.wav,edgetts,mandarin,SC-000085,zh-CN-XiaoxiaoNeural,0.9314,可检
data/redteam/factory/edgetts/henan/edgetts_henan_zh-CN-shaanxi-XiaoniNeural_SC-000634.wav,edgetts,henan,SC-000634,zh-CN-shaanxi-XiaoniNeural,0.9314,可检
data/redteam/factory/edgetts/cantonese/edgetts_cantonese_zh-HK-WanLungNeural_SC-000022.wav,edgetts,cantonese,SC-000022,zh-HK-WanLungNeural,0.9316,可检
data/redteam/factory/edgetts/mandarin/edgetts_mandarin_zh-CN-XiaoxiaoNeural_SC-000311.wav,edgetts,mandarin,SC-000311,zh-CN-XiaoxiaoNeural,0.9317,可检
data/redteam/factory/edgetts/cantonese/edgetts_cantonese_zh-HK-WanLungNeural_SC-001251.wav,edgetts,cantonese,SC-001251,zh-HK-WanLungNeural,0.9317,可检
data/redteam/factory/edgetts/henan/edgetts_henan_zh-CN-shaanxi-XiaoniNeural_SC-000029.wav,edgetts,henan,SC-000029,zh-CN-shaanxi-XiaoniNeural,0.9318,可检
data/redteam/factory/edgetts/minnan/edgetts_minnan_zh-TW-YunJheNeural_SC-001006.wav,edgetts,minnan,SC-001006,zh-TW-YunJheNeural,0.9319,可检
data/redteam/factory/edgetts/dongbei/edgetts_dongbei_zh-CN-liaoning-XiaobeiNeural_SC-001370.wav,edgetts,dongbei,SC-001370,zh-CN-liaoning-XiaobeiNeural,0.9319,可检
data/redteam/factory/edgetts/henan/edgetts_henan_zh-CN-shaanxi-XiaoniNeural_SC-000017.wav,edgetts,henan,SC-000017,zh-CN-shaanxi-XiaoniNeural,0.932,可检
data/redteam/factory/edgetts/cantonese/edgetts_cantonese_zh-HK-WanLungNeural_SC-001244.wav,edgetts,cantonese,SC-001244,zh-HK-WanLungNeural,0.932,可检
data/redteam/factory/edgetts/minnan/edgetts_minnan_zh-TW-YunJheNeural_SC-000824.wav,edgetts,minnan,SC-000824,zh-TW-YunJheNeural,0.9321,可检
data/redteam/factory/edgetts/sichuan/edgetts_sichuan_zh-CN-YunxiNeural_SC-001404.wav,edgetts,sichuan,SC-001404,zh-CN-YunxiNeural,0.9322,可检
data/redteam/factory/edgetts/henan/edgetts_henan_zh-CN-shaanxi-XiaoniNeural_SC-000826.wav,edgetts,henan,SC-000826,zh-CN-shaanxi-XiaoniNeural,0.9324,可检
data/redteam/factory/edgetts/henan/edgetts_henan_zh-CN-shaanxi-XiaoniNeural_SC-001410.wav,edgetts,henan,SC-001410,zh-CN-shaanxi-XiaoniNeural,0.9324,可检
data/redteam/factory/edgetts/henan/edgetts_henan_zh-CN-shaanxi-XiaoniNeural_SC-000521.wav,edgetts,henan,SC-000521,zh-CN-shaanxi-XiaoniNeural,0.9324,可检
data/redteam/factory/edgetts/cantonese/edgetts_cantonese_zh-HK-WanLungNeural_SC-000447.wav,edgetts,cantonese,SC-000447,zh-HK-WanLungNeural,0.9325,可检
data/redteam/factory/edgetts/cantonese/edgetts_cantonese_zh-HK-WanLungNeural_SC-000588.wav,edgetts,cantonese,SC-000588,zh-HK-WanLungNeural,0.9325,可检
data/redteam/factory/edgetts/cantonese/edgetts_cantonese_zh-HK-HiuMaanNeural_SC-001244.wav,edgetts,cantonese,SC-001244,zh-HK-HiuMaanNeural,0.9326,可检
data/redteam/factory/edgetts/cantonese/edgetts_cantonese_zh-HK-WanLungNeural_SC-000639.wav,edgetts,cantonese,SC-000639,zh-HK-WanLungNeural,0.9326,可检
data/redteam/factory/edgetts/cantonese/edgetts_cantonese_zh-HK-WanLungNeural_SC-001388.wav,edgetts,cantonese,SC-001388,zh-HK-WanLungNeural,0.9327,可检
data/redteam/factory/edgetts/mandarin/edgetts_mandarin_zh-CN-YunyangNeural_SC-000356.wav,edgetts,mandarin,SC-000356,zh-CN-YunyangNeural,0.9328,可检
data/redteam/factory/sovits_api/dongbei/sovits_api_dongbei_ref_boot_edgetts_dongbei_zh-CN-liaoning-XiaobeiNeural_SC-000002_seg8s_SC-000154.wav,sovits_api,dongbei,SC-000154,ref_boot_edgetts_dongbei_zh-CN-liaoning-XiaobeiNeural_SC-000002_seg8s,0.9328,可检
data/redteam/factory/edgetts/dongbei/edgetts_dongbei_zh-CN-liaoning-XiaobeiNeural_SC-000326.wav,edgetts,dongbei,SC-000326,zh-CN-liaoning-XiaobeiNeural,0.9329,可检
data/redteam/factory/edgetts/mandarin/edgetts_mandarin_zh-CN-XiaoxiaoNeural_SC-000386.wav,edgetts,mandarin,SC-000386,zh-CN-XiaoxiaoNeural,0.9329,可检
data/redteam/factory/sovits_api/dongbei/sovits_api_dongbei_ref_boot_edgetts_dongbei_zh-CN-liaoning-XiaobeiNeural_SC-000002_seg8s_SC-000078.wav,sovits_api,dongbei,SC-000078,ref_boot_edgetts_dongbei_zh-CN-liaoning-XiaobeiNeural_SC-000002_seg8s,0.9329,可检
data/redteam/factory/edgetts/minnan/edgetts_minnan_zh-TW-HsiaoChenNeural_SC-001308.wav,edgetts,minnan,SC-001308,zh-TW-HsiaoChenNeural,0.933,可检
data/redteam/factory/edgetts/dongbei/edgetts_dongbei_zh-CN-liaoning-XiaobeiNeural_SC-001686.wav,edgetts,dongbei,SC-001686,zh-CN-liaoning-XiaobeiNeural,0.9332,可检
data/redteam/factory/edgetts/henan/edgetts_henan_zh-CN-shaanxi-XiaoniNeural_SC-000009.wav,edgetts,henan,SC-000009,zh-CN-shaanxi-XiaoniNeural,0.9333,可检
data/redteam/factory/edgetts/cantonese/edgetts_cantonese_zh-HK-WanLungNeural_SC-000258.wav,edgetts,cantonese,SC-000258,zh-HK-WanLungNeural,0.9333,可检
data/redteam/factory/edgetts/henan/edgetts_henan_zh-CN-shaanxi-XiaoniNeural_SC-001481.wav,edgetts,henan,SC-001481,zh-CN-shaanxi-XiaoniNeural,0.9333,可检
data/redteam/factory/edgetts/mandarin/edgetts_mandarin_zh-CN-XiaoxiaoNeural_SC-000027.wav,edgetts,mandarin,SC-000027,zh-CN-XiaoxiaoNeural,0.9335,可检
data/redteam/factory/edgetts/sichuan/edgetts_sichuan_zh-CN-XiaoxiaoNeural_SC-000027.wav,edgetts,sichuan,SC-000027,zh-CN-XiaoxiaoNeural,0.9335,可检
data/redteam/factory/edgetts/mandarin/edgetts_mandarin_zh-CN-XiaoxiaoNeural_SC-000100.wav,edgetts,mandarin,SC-000100,zh-CN-XiaoxiaoNeural,0.9335,可检
data/redteam/factory/edgetts/sichuan/edgetts_sichuan_zh-CN-XiaoxiaoNeural_SC-001296.wav,edgetts,sichuan,SC-001296,zh-CN-XiaoxiaoNeural,0.9336,可检
data/redteam/factory/edgetts/henan/edgetts_henan_zh-CN-shaanxi-XiaoniNeural_SC-000531.wav,edgetts,henan,SC-000531,zh-CN-shaanxi-XiaoniNeural,0.9336,可检
data/redteam/factory/sovits_api/mandarin/sovits_api_mandarin_ref_boot_edgetts_mandarin_zh-CN-YunjianNeural_SC-000007_seg8s_SC-000057.wav,sovits_api,mandarin,SC-000057,ref_boot_edgetts_mandarin_zh-CN-YunjianNeural_SC-000007_seg8s,0.9336,可检
data/redteam/factory/sovits_api/minnan/sovits_api_minnan_ref_boot_edgetts_minnan_zh-TW-YunJheNeural_SC-000001_SC-000339.wav,sovits_api,minnan,SC-000339,ref_boot_edgetts_minnan_zh-TW-YunJheNeural_SC-000001,0.9336,可检
data/redteam/factory/edgetts/mandarin/edgetts_mandarin_zh-CN-YunjianNeural_SC-000440.wav,edgetts,mandarin,SC-000440,zh-CN-YunjianNeural,0.9337,可检
data/redteam/factory/edgetts/sichuan/edgetts_sichuan_zh-CN-YunxiNeural_SC-000481.wav,edgetts,sichuan,SC-000481,zh-CN-YunxiNeural,0.9337,可检
data/redteam/factory/sovits_api/mandarin/sovits_api_mandarin_ref_boot_edgetts_mandarin_zh-CN-YunxiNeural_SC-000007_seg8s_SC-000070.wav,sovits_api,mandarin,SC-000070,ref_boot_edgetts_mandarin_zh-CN-YunxiNeural_SC-000007_seg8s,0.9339,可检
data/redteam/factory/edgetts/henan/edgetts_henan_zh-CN-shaanxi-XiaoniNeural_SC-000137.wav,edgetts,henan,SC-000137,zh-CN-shaanxi-XiaoniNeural,0.934,可检
data/redteam/factory/sovits_api/sichuan/sovits_api_sichuan_ref_boot_edgetts_sichuan_zh-CN-YunxiNeural_SC-000010_SC-000278.wav,sovits_api,sichuan,SC-000278,ref_boot_edgetts_sichuan_zh-CN-YunxiNeural_SC-000010,0.9341,可检
data/redteam/factory/edgetts/cantonese/edgetts_cantonese_zh-HK-WanLungNeural_SC-001607.wav,edgetts,cantonese,SC-001607,zh-HK-WanLungNeural,0.9342,可检
data/redteam/factory/edgetts/cantonese/edgetts_cantonese_zh-HK-HiuMaanNeural_SC-000759.wav,edgetts,cantonese,SC-000759,zh-HK-HiuMaanNeural,0.9342,可检
data/redteam/factory/edgetts/mandarin/edgetts_mandarin_zh-CN-XiaoxiaoNeural_SC-000030.wav,edgetts,mandarin,SC-000030,zh-CN-XiaoxiaoNeural,0.9343,可检
data/redteam/factory/edgetts/henan/edgetts_henan_zh-CN-shaanxi-XiaoniNeural_SC-000736.wav,edgetts,henan,SC-000736,zh-CN-shaanxi-XiaoniNeural,0.9343,可检
data/redteam/factory/edgetts/cantonese/edgetts_cantonese_zh-HK-WanLungNeural_SC-000711.wav,edgetts,cantonese,SC-000711,zh-HK-WanLungNeural,0.9344,可检
data/redteam/factory/edgetts/mandarin/edgetts_mandarin_zh-CN-YunxiNeural_SC-000308.wav,edgetts,mandarin,SC-000308,zh-CN-YunxiNeural,0.9348,可检
data/redteam/factory/edgetts/sichuan/edgetts_sichuan_zh-CN-YunxiNeural_SC-000076.wav,edgetts,sichuan,SC-000076,zh-CN-YunxiNeural,0.9349,可检
data/redteam/factory/edgetts/henan/edgetts_henan_zh-CN-shaanxi-XiaoniNeural_SC-001219.wav,edgetts,henan,SC-001219,zh-CN-shaanxi-XiaoniNeural,0.9349,可检
data/redteam/factory/edgetts/mandarin/edgetts_mandarin_zh-CN-YunjianNeural_SC-000176.wav,edgetts,mandarin,SC-000176,zh-CN-YunjianNeural,0.935,可检
data/redteam/factory/edgetts/mandarin/edgetts_mandarin_zh-CN-YunxiNeural_SC-000452.wav,edgetts,mandarin,SC-000452,zh-CN-YunxiNeural,0.9352,可检
data/redteam/factory/edgetts/mandarin/edgetts_mandarin_zh-CN-XiaoxiaoNeural_SC-000461.wav,edgetts,mandarin,SC-000461,zh-CN-XiaoxiaoNeural,0.9353,可检
data/redteam/factory/edgetts/dongbei/edgetts_dongbei_zh-CN-liaoning-XiaobeiNeural_SC-001092.wav,edgetts,dongbei,SC-001092,zh-CN-liaoning-XiaobeiNeural,0.9354,可检
data/redteam/factory/edgetts/cantonese/edgetts_cantonese_zh-HK-WanLungNeural_SC-001579.wav,edgetts,cantonese,SC-001579,zh-HK-WanLungNeural,0.9354,可检
data/redteam/factory/edgetts/mandarin/edgetts_mandarin_zh-CN-YunyangNeural_SC-000335.wav,edgetts,mandarin,SC-000335,zh-CN-YunyangNeural,0.9354,可检
data/redteam/factory/edgetts/minnan/edgetts_minnan_zh-TW-YunJheNeural_SC-000192.wav,edgetts,minnan,SC-000192,zh-TW-YunJheNeural,0.9355,可检
data/redteam/factory/edgetts/henan/edgetts_henan_zh-CN-shaanxi-XiaoniNeural_SC-000039.wav,edgetts,henan,SC-000039,zh-CN-shaanxi-XiaoniNeural,0.9355,可检
data/redteam/factory/sovits_api/mandarin/sovits_api_mandarin_ref_boot_edgetts_mandarin_zh-CN-YunjianNeural_SC-000007_seg8s_SC-000069.wav,sovits_api,mandarin,SC-000069,ref_boot_edgetts_mandarin_zh-CN-YunjianNeural_SC-000007_seg8s,0.9355,可检
data/redteam/factory/edgetts/cantonese/edgetts_cantonese_zh-HK-HiuMaanNeural_SC-000014.wav,edgetts,cantonese,SC-000014,zh-HK-HiuMaanNeural,0.9356,可检
data/redteam/factory/edgetts/mandarin/edgetts_mandarin_zh-CN-XiaoxiaoNeural_SC-000153.wav,edgetts,mandarin,SC-000153,zh-CN-XiaoxiaoNeural,0.9356,可检
data/redteam/factory/edgetts/mandarin/edgetts_mandarin_zh-CN-XiaoxiaoNeural_SC-000120.wav,edgetts,mandarin,SC-000120,zh-CN-XiaoxiaoNeural,0.9357,可检
data/redteam/factory/edgetts/cantonese/edgetts_cantonese_zh-HK-WanLungNeural_SC-000699.wav,edgetts,cantonese,SC-000699,zh-HK-WanLungNeural,0.9357,可检
data/redteam/factory/edgetts/cantonese/edgetts_cantonese_zh-HK-WanLungNeural_SC-001184.wav,edgetts,cantonese,SC-001184,zh-HK-WanLungNeural,0.9357,可检
data/redteam/factory/edgetts/sichuan/edgetts_sichuan_zh-CN-YunxiNeural_SC-000632.wav,edgetts,sichuan,SC-000632,zh-CN-YunxiNeural,0.9357,可检
data/redteam/factory/sovits_api/minnan/sovits_api_minnan_ref_boot_edgetts_minnan_zh-TW-YunJheNeural_SC-000001_SC-000080.wav,sovits_api,minnan,SC-000080,ref_boot_edgetts_minnan_zh-TW-YunJheNeural_SC-000001,0.9357,可检
data/redteam/factory/edgetts/mandarin/edgetts_mandarin_zh-CN-XiaoxiaoNeural_SC-000464.wav,edgetts,mandarin,SC-000464,zh-CN-XiaoxiaoNeural,0.9362,可检
data/redteam/factory/edgetts/minnan/edgetts_minnan_zh-TW-YunJheNeural_SC-000071.wav,edgetts,minnan,SC-000071,zh-TW-YunJheNeural,0.9363,可检
data/redteam/factory/edgetts/cantonese/edgetts_cantonese_zh-HK-WanLungNeural_SC-000145.wav,edgetts,cantonese,SC-000145,zh-HK-WanLungNeural,0.9363,可检
data/redteam/factory/edgetts/henan/edgetts_henan_zh-CN-shaanxi-XiaoniNeural_SC-000847.wav,edgetts,henan,SC-000847,zh-CN-shaanxi-XiaoniNeural,0.9363,可检
data/redteam/factory/edgetts/mandarin/edgetts_mandarin_zh-CN-XiaoxiaoNeural_SC-000456.wav,edgetts,mandarin,SC-000456,zh-CN-XiaoxiaoNeural,0.9363,可检
data/redteam/factory/edgetts/dongbei/edgetts_dongbei_zh-CN-liaoning-XiaobeiNeural_SC-000256.wav,edgetts,dongbei,SC-000256,zh-CN-liaoning-XiaobeiNeural,0.9364,可检
data/redteam/factory/edgetts/henan/edgetts_henan_zh-CN-shaanxi-XiaoniNeural_SC-001344.wav,edgetts,henan,SC-001344,zh-CN-shaanxi-XiaoniNeural,0.9364,可检
data/redteam/factory/edgetts/minnan/edgetts_minnan_zh-TW-HsiaoChenNeural_SC-001193.wav,edgetts,minnan,SC-001193,zh-TW-HsiaoChenNeural,0.9365,可检
data/redteam/factory/edgetts/dongbei/edgetts_dongbei_zh-CN-liaoning-XiaobeiNeural_SC-001047.wav,edgetts,dongbei,SC-001047,zh-CN-liaoning-XiaobeiNeural,0.9365,可检
data/redteam/factory/edgetts/mandarin/edgetts_mandarin_zh-CN-YunxiNeural_SC-000093.wav,edgetts,mandarin,SC-000093,zh-CN-YunxiNeural,0.9366,可检
data/redteam/factory/edgetts/dongbei/edgetts_dongbei_zh-CN-liaoning-XiaobeiNeural_SC-000264.wav,edgetts,dongbei,SC-000264,zh-CN-liaoning-XiaobeiNeural,0.9367,可检
data/redteam/factory/edgetts/mandarin/edgetts_mandarin_zh-CN-XiaoxiaoNeural_SC-000182.wav,edgetts,mandarin,SC-000182,zh-CN-XiaoxiaoNeural,0.9367,可检
data/redteam/factory/edgetts/mandarin/edgetts_mandarin_zh-CN-YunxiNeural_SC-000171.wav,edgetts,mandarin,SC-000171,zh-CN-YunxiNeural,0.9367,可检
data/redteam/factory/sovits_api/minnan/sovits_api_minnan_ref_boot_edgetts_minnan_zh-TW-HsiaoChenNeural_SC-000001_SC-000063.wav,sovits_api,minnan,SC-000063,ref_boot_edgetts_minnan_zh-TW-HsiaoChenNeural_SC-000001,0.9368,可检
data/redteam/factory/edgetts/dongbei/edgetts_dongbei_zh-CN-liaoning-XiaobeiNeural_SC-001181.wav,edgetts,dongbei,SC-001181,zh-CN-liaoning-XiaobeiNeural,0.9369,可检
data/redteam/factory/edgetts/mandarin/edgetts_mandarin_zh-CN-YunyangNeural_SC-000382.wav,edgetts,mandarin,SC-000382,zh-CN-YunyangNeural,0.9369,可检
data/redteam/factory/sovits_api/mandarin/sovits_api_mandarin_ref_boot_edgetts_mandarin_zh-CN-YunjianNeural_SC-000007_seg8s_SC-000046.wav,sovits_api,mandarin,SC-000046,ref_boot_edgetts_mandarin_zh-CN-YunjianNeural_SC-000007_seg8s,0.9369,可检
data/redteam/factory/edgetts/henan/edgetts_henan_zh-CN-shaanxi-XiaoniNeural_SC-000567.wav,edgetts,henan,SC-000567,zh-CN-shaanxi-XiaoniNeural,0.937,可检
data/redteam/factory/edgetts/cantonese/edgetts_cantonese_zh-HK-WanLungNeural_SC-001198.wav,edgetts,cantonese,SC-001198,zh-HK-WanLungNeural,0.937,可检
data/redteam/factory/sovits_api/mandarin/sovits_api_mandarin_ref_boot_edgetts_mandarin_zh-CN-YunxiNeural_SC-000007_seg8s_SC-000090.wav,sovits_api,mandarin,SC-000090,ref_boot_edgetts_mandarin_zh-CN-YunxiNeural_SC-000007_seg8s,0.937,可检
data/redteam/factory/edgetts/cantonese/edgetts_cantonese_zh-HK-WanLungNeural_SC-000187.wav,edgetts,cantonese,SC-000187,zh-HK-WanLungNeural,0.9372,可检
data/redteam/factory/edgetts/dongbei/edgetts_dongbei_zh-CN-liaoning-XiaobeiNeural_SC-001119.wav,edgetts,dongbei,SC-001119,zh-CN-liaoning-XiaobeiNeural,0.9372,可检
data/redteam/factory/edgetts/dongbei/edgetts_dongbei_zh-CN-liaoning-XiaobeiNeural_SC-000231.wav,edgetts,dongbei,SC-000231,zh-CN-liaoning-XiaobeiNeural,0.9373,可检
data/redteam/factory/edgetts/sichuan/edgetts_sichuan_zh-CN-XiaoxiaoNeural_SC-001442.wav,edgetts,sichuan,SC-001442,zh-CN-XiaoxiaoNeural,0.9375,可检
data/redteam/factory/edgetts/cantonese/edgetts_cantonese_zh-HK-WanLungNeural_SC-001062.wav,edgetts,cantonese,SC-001062,zh-HK-WanLungNeural,0.9375,可检
data/redteam/factory/edgetts/cantonese/edgetts_cantonese_zh-HK-HiuMaanNeural_SC-001218.wav,edgetts,cantonese,SC-001218,zh-HK-HiuMaanNeural,0.9376,可检
data/redteam/factory/edgetts/cantonese/edgetts_cantonese_zh-HK-WanLungNeural_SC-001403.wav,edgetts,cantonese,SC-001403,zh-HK-WanLungNeural,0.9376,可检
data/redteam/factory/edgetts/henan/edgetts_henan_zh-CN-shaanxi-XiaoniNeural_SC-000006.wav,edgetts,henan,SC-000006,zh-CN-shaanxi-XiaoniNeural,0.9378,可检
data/redteam/factory/edgetts/sichuan/edgetts_sichuan_zh-CN-XiaoxiaoNeural_SC-000381.wav,edgetts,sichuan,SC-000381,zh-CN-XiaoxiaoNeural,0.9378,可检
data/redteam/factory/edgetts/cantonese/edgetts_cantonese_zh-HK-WanLungNeural_SC-000281.wav,edgetts,cantonese,SC-000281,zh-HK-WanLungNeural,0.9379,可检
data/redteam/factory/edgetts/mandarin/edgetts_mandarin_zh-CN-YunyangNeural_SC-000444.wav,edgetts,mandarin,SC-000444,zh-CN-YunyangNeural,0.9381,可检
data/redteam/factory/edgetts/mandarin/edgetts_mandarin_zh-CN-XiaoxiaoNeural_SC-000169.wav,edgetts,mandarin,SC-000169,zh-CN-XiaoxiaoNeural,0.9382,可检
data/redteam/factory/edgetts/mandarin/edgetts_mandarin_zh-CN-XiaoxiaoNeural_SC-000090.wav,edgetts,mandarin,SC-000090,zh-CN-XiaoxiaoNeural,0.9383,可检
data/redteam/factory/edgetts/minnan/edgetts_minnan_zh-TW-YunJheNeural_SC-000653.wav,edgetts,minnan,SC-000653,zh-TW-YunJheNeural,0.9384,可检
data/redteam/factory/edgetts/mandarin/edgetts_mandarin_zh-CN-YunxiNeural_SC-000224.wav,edgetts,mandarin,SC-000224,zh-CN-YunxiNeural,0.9386,可检
data/redteam/factory/edgetts/mandarin/edgetts_mandarin_zh-CN-XiaoxiaoNeural_SC-000190.wav,edgetts,mandarin,SC-000190,zh-CN-XiaoxiaoNeural,0.9386,可检
data/redteam/factory/edgetts/dongbei/edgetts_dongbei_zh-CN-liaoning-XiaobeiNeural_SC-000405.wav,edgetts,dongbei,SC-000405,zh-CN-liaoning-XiaobeiNeural,0.9387,可检
data/redteam/factory/edgetts/minnan/edgetts_minnan_zh-TW-HsiaoChenNeural_SC-000880.wav,edgetts,minnan,SC-000880,zh-TW-HsiaoChenNeural,0.9387,可检
data/redteam/factory/edgetts/mandarin/edgetts_mandarin_zh-CN-XiaoxiaoNeural_SC-000110.wav,edgetts,mandarin,SC-000110,zh-CN-XiaoxiaoNeural,0.9388,可检
data/redteam/factory/edgetts/dongbei/edgetts_dongbei_zh-CN-liaoning-XiaobeiNeural_SC-000611.wav,edgetts,dongbei,SC-000611,zh-CN-liaoning-XiaobeiNeural,0.9388,可检
data/redteam/factory/edgetts/mandarin/edgetts_mandarin_zh-CN-YunyangNeural_SC-000377.wav,edgetts,mandarin,SC-000377,zh-CN-YunyangNeural,0.9388,可检
data/redteam/factory/edgetts/dongbei/edgetts_dongbei_zh-CN-liaoning-XiaobeiNeural_SC-001429.wav,edgetts,dongbei,SC-001429,zh-CN-liaoning-XiaobeiNeural,0.9388,可检
data/redteam/factory/edgetts/mandarin/edgetts_mandarin_zh-CN-XiaoxiaoNeural_SC-000431.wav,edgetts,mandarin,SC-000431,zh-CN-XiaoxiaoNeural,0.9389,可检
data/redteam/factory/edgetts/sichuan/edgetts_sichuan_zh-CN-YunxiNeural_SC-000835.wav,edgetts,sichuan,SC-000835,zh-CN-YunxiNeural,0.9389,可检
data/redteam/factory/edgetts/mandarin/edgetts_mandarin_zh-CN-YunyangNeural_SC-000134.wav,edgetts,mandarin,SC-000134,zh-CN-YunyangNeural,0.939,可检
data/redteam/factory/sovits_api/sichuan/sovits_api_sichuan_ref_boot_edgetts_sichuan_zh-CN-YunxiNeural_SC-000010_SC-000268.wav,sovits_api,sichuan,SC-000268,ref_boot_edgetts_sichuan_zh-CN-YunxiNeural_SC-000010,0.939,可检
data/redteam/factory/edgetts/mandarin/edgetts_mandarin_zh-CN-XiaoxiaoNeural_SC-000021.wav,edgetts,mandarin,SC-000021,zh-CN-XiaoxiaoNeural,0.9391,可检
data/redteam/factory/edgetts/sichuan/edgetts_sichuan_zh-CN-XiaoxiaoNeural_SC-000021.wav,edgetts,sichuan,SC-000021,zh-CN-XiaoxiaoNeural,0.9391,可检
data/redteam/factory/edgetts/cantonese/edgetts_cantonese_zh-HK-HiuMaanNeural_SC-001118.wav,edgetts,cantonese,SC-001118,zh-HK-HiuMaanNeural,0.9391,可检
data/redteam/factory/edgetts/mandarin/edgetts_mandarin_zh-CN-YunjianNeural_SC-000024.wav,edgetts,mandarin,SC-000024,zh-CN-YunjianNeural,0.9393,可检
data/redteam/factory/edgetts/sichuan/edgetts_sichuan_zh-CN-XiaoxiaoNeural_SC-000188.wav,edgetts,sichuan,SC-000188,zh-CN-XiaoxiaoNeural,0.9394,可检
data/redteam/factory/sovits_api/mandarin/sovits_api_mandarin_ref_boot_edgetts_mandarin_zh-CN-YunjianNeural_SC-000007_seg8s_SC-000030.wav,sovits_api,mandarin,SC-000030,ref_boot_edgetts_mandarin_zh-CN-YunjianNeural_SC-000007_seg8s,0.9394,可检
data/redteam/factory/edgetts/sichuan/edgetts_sichuan_zh-CN-XiaoxiaoNeural_SC-000745.wav,edgetts,sichuan,SC-000745,zh-CN-XiaoxiaoNeural,0.9395,可检
data/redteam/factory/edgetts/mandarin/edgetts_mandarin_zh-CN-YunyangNeural_SC-000327.wav,edgetts,mandarin,SC-000327,zh-CN-YunyangNeural,0.9396,可检
data/redteam/factory/edgetts/mandarin/edgetts_mandarin_zh-CN-YunyangNeural_SC-000289.wav,edgetts,mandarin,SC-000289,zh-CN-YunyangNeural,0.9396,可检
data/redteam/factory/edgetts/henan/edgetts_henan_zh-CN-shaanxi-XiaoniNeural_SC-001653.wav,edgetts,henan,SC-001653,zh-CN-shaanxi-XiaoniNeural,0.9397,可检
data/redteam/factory/edgetts/cantonese/edgetts_cantonese_zh-HK-HiuMaanNeural_SC-000495.wav,edgetts,cantonese,SC-000495,zh-HK-HiuMaanNeural,0.9398,可检
data/redteam/factory/edgetts/mandarin/edgetts_mandarin_zh-CN-XiaoxiaoNeural_SC-000180.wav,edgetts,mandarin,SC-000180,zh-CN-XiaoxiaoNeural,0.9399,可检
data/redteam/factory/edgetts/sichuan/edgetts_sichuan_zh-CN-XiaoxiaoNeural_SC-000927.wav,edgetts,sichuan,SC-000927,zh-CN-XiaoxiaoNeural,0.9399,可检
data/redteam/factory/edgetts/cantonese/edgetts_cantonese_zh-HK-HiuMaanNeural_SC-000001.wav,edgetts,cantonese,SC-000001,zh-HK-HiuMaanNeural,0.94,可检
data/redteam/factory/edgetts/mandarin/edgetts_mandarin_zh-CN-YunjianNeural_SC-000077.wav,edgetts,mandarin,SC-000077,zh-CN-YunjianNeural,0.94,可检
data/redteam/factory/edgetts/dongbei/edgetts_dongbei_zh-CN-liaoning-XiaobeiNeural_SC-001064.wav,edgetts,dongbei,SC-001064,zh-CN-liaoning-XiaobeiNeural,0.94,可检
data/redteam/factory/edgetts/sichuan/edgetts_sichuan_zh-CN-XiaoxiaoNeural_SC-001486.wav,edgetts,sichuan,SC-001486,zh-CN-XiaoxiaoNeural,0.94,可检
data/redteam/factory/edgetts/mandarin/edgetts_mandarin_zh-CN-XiaoxiaoNeural_SC-000376.wav,edgetts,mandarin,SC-000376,zh-CN-XiaoxiaoNeural,0.9401,可检
data/redteam/factory/edgetts/cantonese/edgetts_cantonese_zh-HK-WanLungNeural_SC-001471.wav,edgetts,cantonese,SC-001471,zh-HK-WanLungNeural,0.9402,可检
data/redteam/factory/edgetts/cantonese/edgetts_cantonese_zh-HK-WanLungNeural_SC-001347.wav,edgetts,cantonese,SC-001347,zh-HK-WanLungNeural,0.9403,可检
data/redteam/factory/edgetts/dongbei/edgetts_dongbei_zh-CN-liaoning-XiaobeiNeural_SC-001672.wav,edgetts,dongbei,SC-001672,zh-CN-liaoning-XiaobeiNeural,0.9403,可检
data/redteam/factory/sovits_api/mandarin/sovits_api_mandarin_ref_boot_edgetts_mandarin_zh-CN-YunxiNeural_SC-000007_seg8s_SC-000035.wav,sovits_api,mandarin,SC-000035,ref_boot_edgetts_mandarin_zh-CN-YunxiNeural_SC-000007_seg8s,0.9404,可检
data/redteam/factory/edgetts/cantonese/edgetts_cantonese_zh-HK-WanLungNeural_SC-000142.wav,edgetts,cantonese,SC-000142,zh-HK-WanLungNeural,0.9405,可检
data/redteam/factory/edgetts/mandarin/edgetts_mandarin_zh-CN-XiaoxiaoNeural_SC-000166.wav,edgetts,mandarin,SC-000166,zh-CN-XiaoxiaoNeural,0.9405,可检
data/redteam/factory/edgetts/mandarin/edgetts_mandarin_zh-CN-XiaoxiaoNeural_SC-000468.wav,edgetts,mandarin,SC-000468,zh-CN-XiaoxiaoNeural,0.9405,可检
data/redteam/factory/edgetts/mandarin/edgetts_mandarin_zh-CN-XiaoxiaoNeural_SC-000502.wav,edgetts,mandarin,SC-000502,zh-CN-XiaoxiaoNeural,0.9405,可检
data/redteam/factory/edgetts/mandarin/edgetts_mandarin_zh-CN-XiaoxiaoNeural_SC-000325.wav,edgetts,mandarin,SC-000325,zh-CN-XiaoxiaoNeural,0.9405,可检
data/redteam/factory/edgetts/mandarin/edgetts_mandarin_zh-CN-XiaoxiaoNeural_SC-000097.wav,edgetts,mandarin,SC-000097,zh-CN-XiaoxiaoNeural,0.9406,可检
data/redteam/factory/edgetts/cantonese/edgetts_cantonese_zh-HK-WanLungNeural_SC-000689.wav,edgetts,cantonese,SC-000689,zh-HK-WanLungNeural,0.9406,可检
data/redteam/factory/edgetts/sichuan/edgetts_sichuan_zh-CN-XiaoxiaoNeural_SC-001247.wav,edgetts,sichuan,SC-001247,zh-CN-XiaoxiaoNeural,0.9407,可检
data/redteam/factory/edgetts/minnan/edgetts_minnan_zh-TW-YunJheNeural_SC-001032.wav,edgetts,minnan,SC-001032,zh-TW-YunJheNeural,0.9408,可检
data/redteam/factory/edgetts/minnan/edgetts_minnan_zh-TW-YunJheNeural_SC-001636.wav,edgetts,minnan,SC-001636,zh-TW-YunJheNeural,0.9409,可检
data/redteam/factory/edgetts/sichuan/edgetts_sichuan_zh-CN-XiaoxiaoNeural_SC-000491.wav,edgetts,sichuan,SC-000491,zh-CN-XiaoxiaoNeural,0.941,可检
data/redteam/factory/edgetts/dongbei/edgetts_dongbei_zh-CN-liaoning-XiaobeiNeural_SC-000921.wav,edgetts,dongbei,SC-000921,zh-CN-liaoning-XiaobeiNeural,0.941,可检
data/redteam/factory/edgetts/sichuan/edgetts_sichuan_zh-CN-XiaoxiaoNeural_SC-000996.wav,edgetts,sichuan,SC-000996,zh-CN-XiaoxiaoNeural,0.941,可检
data/redteam/factory/edgetts/sichuan/edgetts_sichuan_zh-CN-XiaoxiaoNeural_SC-000659.wav,edgetts,sichuan,SC-000659,zh-CN-XiaoxiaoNeural,0.9411,可检
data/redteam/factory/sovits_api/henan/sovits_api_henan_ref_boot_edgetts_henan_zh-CN-shaanxi-XiaoniNeural_SC-000009_seg8s_SC-000321.wav,sovits_api,henan,SC-000321,ref_boot_edgetts_henan_zh-CN-shaanxi-XiaoniNeural_SC-000009_seg8s,0.9412,可检
data/redteam/factory/edgetts/cantonese/edgetts_cantonese_zh-HK-WanLungNeural_SC-000654.wav,edgetts,cantonese,SC-000654,zh-HK-WanLungNeural,0.9413,可检
data/redteam/factory/edgetts/sichuan/edgetts_sichuan_zh-CN-XiaoxiaoNeural_SC-000835.wav,edgetts,sichuan,SC-000835,zh-CN-XiaoxiaoNeural,0.9413,可检
data/redteam/factory/edgetts/minnan/edgetts_minnan_zh-TW-HsiaoChenNeural_SC-000002.wav,edgetts,minnan,SC-000002,zh-TW-HsiaoChenNeural,0.9414,可检
data/redteam/factory/edgetts/cantonese/edgetts_cantonese_zh-HK-WanLungNeural_SC-000028.wav,edgetts,cantonese,SC-000028,zh-HK-WanLungNeural,0.9414,可检
data/redteam/factory/edgetts/mandarin/edgetts_mandarin_zh-CN-XiaoxiaoNeural_SC-000450.wav,edgetts,mandarin,SC-000450,zh-CN-XiaoxiaoNeural,0.9414,可检
data/redteam/factory/edgetts/dongbei/edgetts_dongbei_zh-CN-liaoning-XiaobeiNeural_SC-001305.wav,edgetts,dongbei,SC-001305,zh-CN-liaoning-XiaobeiNeural,0.9414,可检
data/redteam/factory/sovits_api/cantonese/sovits_api_cantonese_ref_boot_edgetts_cantonese_zh-HK-HiuMaanNeural_SC-000005_seg8s_SC-000049.wav,sovits_api,cantonese,SC-000049,ref_boot_edgetts_cantonese_zh-HK-HiuMaanNeural_SC-000005_seg8s,0.9416,可检
data/redteam/factory/edgetts/mandarin/edgetts_mandarin_zh-CN-XiaoxiaoNeural_SC-000234.wav,edgetts,mandarin,SC-000234,zh-CN-XiaoxiaoNeural,0.9417,可检
data/redteam/factory/edgetts/cantonese/edgetts_cantonese_zh-HK-WanLungNeural_SC-000950.wav,edgetts,cantonese,SC-000950,zh-HK-WanLungNeural,0.9417,可检
data/redteam/factory/edgetts/cantonese/edgetts_cantonese_zh-HK-HiuMaanNeural_SC-000942.wav,edgetts,cantonese,SC-000942,zh-HK-HiuMaanNeural,0.9418,可检
data/redteam/factory/edgetts/dongbei/edgetts_dongbei_zh-CN-liaoning-XiaobeiNeural_SC-000748.wav,edgetts,dongbei,SC-000748,zh-CN-liaoning-XiaobeiNeural,0.942,可检
data/redteam/factory/edgetts/minnan/edgetts_minnan_zh-TW-HsiaoChenNeural_SC-000753.wav,edgetts,minnan,SC-000753,zh-TW-HsiaoChenNeural,0.942,可检
data/redteam/factory/edgetts/henan/edgetts_henan_zh-CN-shaanxi-XiaoniNeural_SC-000623.wav,edgetts,henan,SC-000623,zh-CN-shaanxi-XiaoniNeural,0.942,可检
data/redteam/factory/sovits_api/sichuan/sovits_api_sichuan_ref_boot_edgetts_sichuan_zh-CN-YunxiNeural_SC-000010_SC-000215.wav,sovits_api,sichuan,SC-000215,ref_boot_edgetts_sichuan_zh-CN-YunxiNeural_SC-000010,0.942,可检
data/redteam/factory/edgetts/sichuan/edgetts_sichuan_zh-CN-YunxiNeural_SC-001535.wav,edgetts,sichuan,SC-001535,zh-CN-YunxiNeural,0.9421,可检
data/redteam/factory/sovits_api/sichuan/sovits_api_sichuan_ref_boot_edgetts_sichuan_zh-CN-YunxiNeural_SC-000010_SC-000222.wav,sovits_api,sichuan,SC-000222,ref_boot_edgetts_sichuan_zh-CN-YunxiNeural_SC-000010,0.9421,可检
data/redteam/factory/edgetts/henan/edgetts_henan_zh-CN-shaanxi-XiaoniNeural_SC-000499.wav,edgetts,henan,SC-000499,zh-CN-shaanxi-XiaoniNeural,0.9422,可检
data/redteam/factory/edgetts/mandarin/edgetts_mandarin_zh-CN-XiaoxiaoNeural_SC-000235.wav,edgetts,mandarin,SC-000235,zh-CN-XiaoxiaoNeural,0.9422,可检
data/redteam/factory/edgetts/sichuan/edgetts_sichuan_zh-CN-XiaoxiaoNeural_SC-000317.wav,edgetts,sichuan,SC-000317,zh-CN-XiaoxiaoNeural,0.9423,可检
data/redteam/factory/sovits_api/minnan/sovits_api_minnan_ref_boot_edgetts_minnan_zh-TW-YunJheNeural_SC-000001_SC-000004.wav,sovits_api,minnan,SC-000004,ref_boot_edgetts_minnan_zh-TW-YunJheNeural_SC-000001,0.9423,可检
data/redteam/factory/edgetts/sichuan/edgetts_sichuan_zh-CN-YunxiNeural_SC-001061.wav,edgetts,sichuan,SC-001061,zh-CN-YunxiNeural,0.9424,可检
data/redteam/factory/sovits_api/cantonese/sovits_api_cantonese_ref_boot_edgetts_cantonese_zh-HK-WanLungNeural_SC-000005_seg8s_SC-000248.wav,sovits_api,cantonese,SC-000248,ref_boot_edgetts_cantonese_zh-HK-WanLungNeural_SC-000005_seg8s,0.9425,可检
data/redteam/factory/edgetts/sichuan/edgetts_sichuan_zh-CN-XiaoxiaoNeural_SC-000199.wav,edgetts,sichuan,SC-000199,zh-CN-XiaoxiaoNeural,0.9426,可检
data/redteam/factory/edgetts/minnan/edgetts_minnan_zh-TW-YunJheNeural_SC-001074.wav,edgetts,minnan,SC-001074,zh-TW-YunJheNeural,0.9427,可检
data/redteam/factory/edgetts/sichuan/edgetts_sichuan_zh-CN-XiaoxiaoNeural_SC-000354.wav,edgetts,sichuan,SC-000354,zh-CN-XiaoxiaoNeural,0.9428,可检
data/redteam/factory/edgetts/henan/edgetts_henan_zh-CN-shaanxi-XiaoniNeural_SC-001316.wav,edgetts,henan,SC-001316,zh-CN-shaanxi-XiaoniNeural,0.9428,可检
data/redteam/factory/edgetts/mandarin/edgetts_mandarin_zh-CN-XiaoxiaoNeural_SC-000010.wav,edgetts,mandarin,SC-000010,zh-CN-XiaoxiaoNeural,0.9429,可检
data/redteam/factory/edgetts/sichuan/edgetts_sichuan_zh-CN-XiaoxiaoNeural_SC-000010.wav,edgetts,sichuan,SC-000010,zh-CN-XiaoxiaoNeural,0.9429,可检
data/redteam/factory/edgetts/sichuan/edgetts_sichuan_zh-CN-XiaoxiaoNeural_SC-000178.wav,edgetts,sichuan,SC-000178,zh-CN-XiaoxiaoNeural,0.943,可检
data/redteam/factory/edgetts/sichuan/edgetts_sichuan_zh-CN-XiaoxiaoNeural_SC-001252.wav,edgetts,sichuan,SC-001252,zh-CN-XiaoxiaoNeural,0.943,可检
data/redteam/factory/edgetts/sichuan/edgetts_sichuan_zh-CN-XiaoxiaoNeural_SC-000303.wav,edgetts,sichuan,SC-000303,zh-CN-XiaoxiaoNeural,0.9431,可检
data/redteam/factory/edgetts/sichuan/edgetts_sichuan_zh-CN-XiaoxiaoNeural_SC-001057.wav,edgetts,sichuan,SC-001057,zh-CN-XiaoxiaoNeural,0.9431,可检
data/redteam/factory/edgetts/henan/edgetts_henan_zh-CN-shaanxi-XiaoniNeural_SC-001552.wav,edgetts,henan,SC-001552,zh-CN-shaanxi-XiaoniNeural,0.9433,可检
data/redteam/factory/edgetts/sichuan/edgetts_sichuan_zh-CN-XiaoxiaoNeural_SC-000757.wav,edgetts,sichuan,SC-000757,zh-CN-XiaoxiaoNeural,0.9433,可检
data/redteam/factory/sovits_api/mandarin/sovits_api_mandarin_ref_boot_edgetts_mandarin_zh-CN-YunxiNeural_SC-000007_seg8s_SC-000012.wav,sovits_api,mandarin,SC-000012,ref_boot_edgetts_mandarin_zh-CN-YunxiNeural_SC-000007_seg8s,0.9433,可检
data/redteam/factory/edgetts/sichuan/edgetts_sichuan_zh-CN-XiaoxiaoNeural_SC-001234.wav,edgetts,sichuan,SC-001234,zh-CN-XiaoxiaoNeural,0.9434,可检
data/redteam/factory/edgetts/henan/edgetts_henan_zh-CN-shaanxi-XiaoniNeural_SC-000902.wav,edgetts,henan,SC-000902,zh-CN-shaanxi-XiaoniNeural,0.9435,可检
data/redteam/factory/edgetts/mandarin/edgetts_mandarin_zh-CN-XiaoxiaoNeural_SC-000280.wav,edgetts,mandarin,SC-000280,zh-CN-XiaoxiaoNeural,0.9435,可检
data/redteam/factory/edgetts/cantonese/edgetts_cantonese_zh-HK-WanLungNeural_SC-000603.wav,edgetts,cantonese,SC-000603,zh-HK-WanLungNeural,0.9436,可检
data/redteam/factory/edgetts/minnan/edgetts_minnan_zh-TW-YunJheNeural_SC-001383.wav,edgetts,minnan,SC-001383,zh-TW-YunJheNeural,0.9437,可检
data/redteam/factory/edgetts/sichuan/edgetts_sichuan_zh-CN-XiaoxiaoNeural_SC-000210.wav,edgetts,sichuan,SC-000210,zh-CN-XiaoxiaoNeural,0.9438,可检
data/redteam/factory/edgetts/cantonese/edgetts_cantonese_zh-HK-WanLungNeural_SC-000013.wav,edgetts,cantonese,SC-000013,zh-HK-WanLungNeural,0.9439,可检
data/redteam/factory/edgetts/mandarin/edgetts_mandarin_zh-CN-YunyangNeural_SC-000236.wav,edgetts,mandarin,SC-000236,zh-CN-YunyangNeural,0.9439,可检
data/redteam/factory/edgetts/minnan/edgetts_minnan_zh-TW-HsiaoChenNeural_SC-001136.wav,edgetts,minnan,SC-001136,zh-TW-HsiaoChenNeural,0.9439,可检
data/redteam/factory/edgetts/cantonese/edgetts_cantonese_zh-HK-WanLungNeural_SC-000803.wav,edgetts,cantonese,SC-000803,zh-HK-WanLungNeural,0.944,可检
data/redteam/factory/sovits_api/minnan/sovits_api_minnan_ref_boot_edgetts_minnan_zh-TW-YunJheNeural_SC-000001_SC-000421.wav,sovits_api,minnan,SC-000421,ref_boot_edgetts_minnan_zh-TW-YunJheNeural_SC-000001,0.944,可检
data/redteam/factory/edgetts/cantonese/edgetts_cantonese_zh-HK-WanLungNeural_SC-000798.wav,edgetts,cantonese,SC-000798,zh-HK-WanLungNeural,0.9441,可检
data/redteam/factory/edgetts/mandarin/edgetts_mandarin_zh-CN-YunxiNeural_SC-000309.wav,edgetts,mandarin,SC-000309,zh-CN-YunxiNeural,0.9442,可检
data/redteam/factory/edgetts/mandarin/edgetts_mandarin_zh-CN-XiaoxiaoNeural_SC-000181.wav,edgetts,mandarin,SC-000181,zh-CN-XiaoxiaoNeural,0.9442,可检
data/redteam/factory/edgetts/cantonese/edgetts_cantonese_zh-HK-HiuMaanNeural_SC-001223.wav,edgetts,cantonese,SC-001223,zh-HK-HiuMaanNeural,0.9442,可检
data/redteam/factory/edgetts/sichuan/edgetts_sichuan_zh-CN-XiaoxiaoNeural_SC-000271.wav,edgetts,sichuan,SC-000271,zh-CN-XiaoxiaoNeural,0.9444,可检
data/redteam/factory/edgetts/mandarin/edgetts_mandarin_zh-CN-XiaoxiaoNeural_SC-000138.wav,edgetts,mandarin,SC-000138,zh-CN-XiaoxiaoNeural,0.9444,可检
data/redteam/factory/edgetts/sichuan/edgetts_sichuan_zh-CN-XiaoxiaoNeural_SC-000855.wav,edgetts,sichuan,SC-000855,zh-CN-XiaoxiaoNeural,0.9445,可检
data/redteam/factory/sovits_api/sichuan/sovits_api_sichuan_ref_boot_edgetts_sichuan_zh-CN-YunxiNeural_SC-000010_SC-000179.wav,sovits_api,sichuan,SC-000179,ref_boot_edgetts_sichuan_zh-CN-YunxiNeural_SC-000010,0.9445,可检
data/redteam/factory/edgetts/henan/edgetts_henan_zh-CN-shaanxi-XiaoniNeural_SC-000128.wav,edgetts,henan,SC-000128,zh-CN-shaanxi-XiaoniNeural,0.9446,可检
data/redteam/factory/edgetts/sichuan/edgetts_sichuan_zh-CN-XiaoxiaoNeural_SC-000513.wav,edgetts,sichuan,SC-000513,zh-CN-XiaoxiaoNeural,0.9447,可检
data/redteam/factory/edgetts/mandarin/edgetts_mandarin_zh-CN-XiaoxiaoNeural_SC-000324.wav,edgetts,mandarin,SC-000324,zh-CN-XiaoxiaoNeural,0.9447,可检
data/redteam/factory/edgetts/sichuan/edgetts_sichuan_zh-CN-XiaoxiaoNeural_SC-001384.wav,edgetts,sichuan,SC-001384,zh-CN-XiaoxiaoNeural,0.9447,可检
data/redteam/factory/edgetts/sichuan/edgetts_sichuan_zh-CN-XiaoxiaoNeural_SC-001535.wav,edgetts,sichuan,SC-001535,zh-CN-XiaoxiaoNeural,0.9448,可检
data/redteam/factory/edgetts/sichuan/edgetts_sichuan_zh-CN-XiaoxiaoNeural_SC-000891.wav,edgetts,sichuan,SC-000891,zh-CN-XiaoxiaoNeural,0.9449,可检
data/redteam/factory/sovits_api/henan/sovits_api_henan_ref_boot_edgetts_henan_zh-CN-shaanxi-XiaoniNeural_SC-000009_seg8s_SC-000121.wav,sovits_api,henan,SC-000121,ref_boot_edgetts_henan_zh-CN-shaanxi-XiaoniNeural_SC-000009_seg8s,0.9449,可检
data/redteam/factory/edgetts/mandarin/edgetts_mandarin_zh-CN-XiaoxiaoNeural_SC-000331.wav,edgetts,mandarin,SC-000331,zh-CN-XiaoxiaoNeural,0.9452,可检
data/redteam/factory/edgetts/mandarin/edgetts_mandarin_zh-CN-YunxiNeural_SC-000377.wav,edgetts,mandarin,SC-000377,zh-CN-YunxiNeural,0.9452,可检
data/redteam/factory/edgetts/henan/edgetts_henan_zh-CN-shaanxi-XiaoniNeural_SC-000351.wav,edgetts,henan,SC-000351,zh-CN-shaanxi-XiaoniNeural,0.9453,可检
data/redteam/factory/sovits_api/henan/sovits_api_henan_ref_boot_edgetts_henan_zh-CN-shaanxi-XiaoniNeural_SC-000009_seg8s_SC-000033.wav,sovits_api,henan,SC-000033,ref_boot_edgetts_henan_zh-CN-shaanxi-XiaoniNeural_SC-000009_seg8s,0.9453,可检
data/redteam/factory/edgetts/sichuan/edgetts_sichuan_zh-CN-XiaoxiaoNeural_SC-000268.wav,edgetts,sichuan,SC-000268,zh-CN-XiaoxiaoNeural,0.9454,可检
data/redteam/factory/edgetts/cantonese/edgetts_cantonese_zh-HK-WanLungNeural_SC-001218.wav,edgetts,cantonese,SC-001218,zh-HK-WanLungNeural,0.9454,可检
data/redteam/factory/edgetts/sichuan/edgetts_sichuan_zh-CN-XiaoxiaoNeural_SC-000724.wav,edgetts,sichuan,SC-000724,zh-CN-XiaoxiaoNeural,0.9455,可检
data/redteam/factory/edgetts/cantonese/edgetts_cantonese_zh-HK-WanLungNeural_SC-001142.wav,edgetts,cantonese,SC-001142,zh-HK-WanLungNeural,0.9455,可检
data/redteam/factory/sovits_api/minnan/sovits_api_minnan_ref_boot_edgetts_minnan_zh-TW-YunJheNeural_SC-000001_SC-000257.wav,sovits_api,minnan,SC-000257,ref_boot_edgetts_minnan_zh-TW-YunJheNeural_SC-000001,0.9455,可检
data/redteam/factory/edgetts/mandarin/edgetts_mandarin_zh-CN-XiaoxiaoNeural_SC-000485.wav,edgetts,mandarin,SC-000485,zh-CN-XiaoxiaoNeural,0.9456,可检
data/redteam/factory/edgetts/sichuan/edgetts_sichuan_zh-CN-YunxiNeural_SC-001323.wav,edgetts,sichuan,SC-001323,zh-CN-YunxiNeural,0.9456,可检
data/redteam/factory/edgetts/sichuan/edgetts_sichuan_zh-CN-XiaoxiaoNeural_SC-000743.wav,edgetts,sichuan,SC-000743,zh-CN-XiaoxiaoNeural,0.9458,可检
data/redteam/factory/edgetts/sichuan/edgetts_sichuan_zh-CN-XiaoxiaoNeural_SC-001041.wav,edgetts,sichuan,SC-001041,zh-CN-XiaoxiaoNeural,0.9459,可检
data/redteam/factory/edgetts/sichuan/edgetts_sichuan_zh-CN-YunxiNeural_SC-000255.wav,edgetts,sichuan,SC-000255,zh-CN-YunxiNeural,0.946,可检
data/redteam/factory/edgetts/dongbei/edgetts_dongbei_zh-CN-liaoning-XiaobeiNeural_SC-000024.wav,edgetts,dongbei,SC-000024,zh-CN-liaoning-XiaobeiNeural,0.9461,可检
data/redteam/factory/edgetts/sichuan/edgetts_sichuan_zh-CN-XiaoxiaoNeural_SC-000636.wav,edgetts,sichuan,SC-000636,zh-CN-XiaoxiaoNeural,0.9462,可检
data/redteam/factory/edgetts/dongbei/edgetts_dongbei_zh-CN-liaoning-XiaobeiNeural_SC-001395.wav,edgetts,dongbei,SC-001395,zh-CN-liaoning-XiaobeiNeural,0.9463,可检
data/redteam/factory/sovits_api/mandarin/sovits_api_mandarin_ref_boot_edgetts_mandarin_zh-CN-XiaoxiaoNeural_SC-000007_seg8s_SC-000085.wav,sovits_api,mandarin,SC-000085,ref_boot_edgetts_mandarin_zh-CN-XiaoxiaoNeural_SC-000007_seg8s,0.9463,可检
data/redteam/factory/edgetts/cantonese/edgetts_cantonese_zh-HK-HiuMaanNeural_SC-000013.wav,edgetts,cantonese,SC-000013,zh-HK-HiuMaanNeural,0.9464,可检
data/redteam/factory/edgetts/cantonese/edgetts_cantonese_zh-HK-WanLungNeural_SC-000016.wav,edgetts,cantonese,SC-000016,zh-HK-WanLungNeural,0.9464,可检
data/redteam/factory/edgetts/mandarin/edgetts_mandarin_zh-CN-XiaoxiaoNeural_SC-000497.wav,edgetts,mandarin,SC-000497,zh-CN-XiaoxiaoNeural,0.9464,可检
data/redteam/factory/edgetts/mandarin/edgetts_mandarin_zh-CN-XiaoxiaoNeural_SC-000168.wav,edgetts,mandarin,SC-000168,zh-CN-XiaoxiaoNeural,0.9464,可检
data/redteam/factory/edgetts/henan/edgetts_henan_zh-CN-shaanxi-XiaoniNeural_SC-001399.wav,edgetts,henan,SC-001399,zh-CN-shaanxi-XiaoniNeural,0.9464,可检
data/redteam/factory/sovits_api/mandarin/sovits_api_mandarin_ref_boot_edgetts_mandarin_zh-CN-YunjianNeural_SC-000007_seg8s_SC-000074.wav,sovits_api,mandarin,SC-000074,ref_boot_edgetts_mandarin_zh-CN-YunjianNeural_SC-000007_seg8s,0.9464,可检
data/redteam/factory/edgetts/mandarin/edgetts_mandarin_zh-CN-XiaoxiaoNeural_SC-000092.wav,edgetts,mandarin,SC-000092,zh-CN-XiaoxiaoNeural,0.9465,可检
data/redteam/factory/edgetts/mandarin/edgetts_mandarin_zh-CN-XiaoxiaoNeural_SC-000486.wav,edgetts,mandarin,SC-000486,zh-CN-XiaoxiaoNeural,0.9465,可检
data/redteam/factory/edgetts/minnan/edgetts_minnan_zh-TW-YunJheNeural_SC-000900.wav,edgetts,minnan,SC-000900,zh-TW-YunJheNeural,0.9466,可检
data/redteam/factory/edgetts/cantonese/edgetts_cantonese_zh-HK-WanLungNeural_SC-001090.wav,edgetts,cantonese,SC-001090,zh-HK-WanLungNeural,0.947,可检
data/redteam/factory/sovits_api/sichuan/sovits_api_sichuan_ref_boot_edgetts_sichuan_zh-CN-YunxiNeural_SC-000010_SC-000115.wav,sovits_api,sichuan,SC-000115,ref_boot_edgetts_sichuan_zh-CN-YunxiNeural_SC-000010,0.9472,可检
data/redteam/factory/edgetts/henan/edgetts_henan_zh-CN-shaanxi-XiaoniNeural_SC-000610.wav,edgetts,henan,SC-000610,zh-CN-shaanxi-XiaoniNeural,0.9473,可检
data/redteam/factory/edgetts/dongbei/edgetts_dongbei_zh-CN-liaoning-XiaobeiNeural_SC-001469.wav,edgetts,dongbei,SC-001469,zh-CN-liaoning-XiaobeiNeural,0.9473,可检
data/redteam/factory/edgetts/cantonese/edgetts_cantonese_zh-HK-WanLungNeural_SC-001293.wav,edgetts,cantonese,SC-001293,zh-HK-WanLungNeural,0.9473,可检
data/redteam/factory/edgetts/sichuan/edgetts_sichuan_zh-CN-XiaoxiaoNeural_SC-001161.wav,edgetts,sichuan,SC-001161,zh-CN-XiaoxiaoNeural,0.9473,可检
data/redteam/factory/sovits_api/minnan/sovits_api_minnan_ref_boot_edgetts_minnan_zh-TW-YunJheNeural_SC-000001_SC-000196.wav,sovits_api,minnan,SC-000196,ref_boot_edgetts_minnan_zh-TW-YunJheNeural_SC-000001,0.9473,可检
data/redteam/factory/sovits_api/cantonese/sovits_api_cantonese_ref_boot_edgetts_cantonese_zh-HK-WanLungNeural_SC-000005_seg8s_SC-000155.wav,sovits_api,cantonese,SC-000155,ref_boot_edgetts_cantonese_zh-HK-WanLungNeural_SC-000005_seg8s,0.9473,可检
data/redteam/factory/edgetts/mandarin/edgetts_mandarin_zh-CN-XiaoxiaoNeural_SC-000026.wav,edgetts,mandarin,SC-000026,zh-CN-XiaoxiaoNeural,0.9474,可检
data/redteam/factory/edgetts/minnan/edgetts_minnan_zh-TW-HsiaoChenNeural_SC-000001.wav,edgetts,minnan,SC-000001,zh-TW-HsiaoChenNeural,0.9474,可检
data/redteam/factory/edgetts/sichuan/edgetts_sichuan_zh-CN-XiaoxiaoNeural_SC-000026.wav,edgetts,sichuan,SC-000026,zh-CN-XiaoxiaoNeural,0.9474,可检
data/redteam/factory/edgetts/sichuan/edgetts_sichuan_zh-CN-XiaoxiaoNeural_SC-001205.wav,edgetts,sichuan,SC-001205,zh-CN-XiaoxiaoNeural,0.9474,可检
data/redteam/factory/edgetts/cantonese/edgetts_cantonese_zh-HK-WanLungNeural_SC-001082.wav,edgetts,cantonese,SC-001082,zh-HK-WanLungNeural,0.9474,可检
data/redteam/factory/sovits_api/sichuan/sovits_api_sichuan_ref_boot_edgetts_sichuan_zh-CN-XiaoxiaoNeural_SC-000010_SC-000188.wav,sovits_api,sichuan,SC-000188,ref_boot_edgetts_sichuan_zh-CN-XiaoxiaoNeural_SC-000010,0.9474,可检
data/redteam/factory/sovits_api/sichuan/sovits_api_sichuan_ref_boot_edgetts_sichuan_zh-CN-YunxiNeural_SC-000010_SC-000252.wav,sovits_api,sichuan,SC-000252,ref_boot_edgetts_sichuan_zh-CN-YunxiNeural_SC-000010,0.9474,可检
data/redteam/factory/edgetts/cantonese/edgetts_cantonese_zh-HK-WanLungNeural_SC-001280.wav,edgetts,cantonese,SC-001280,zh-HK-WanLungNeural,0.9476,可检
data/redteam/factory/edgetts/henan/edgetts_henan_zh-CN-shaanxi-XiaoniNeural_SC-000938.wav,edgetts,henan,SC-000938,zh-CN-shaanxi-XiaoniNeural,0.9476,可检
data/redteam/factory/sovits_api/mandarin/sovits_api_mandarin_ref_boot_edgetts_mandarin_zh-CN-YunxiNeural_SC-000007_seg8s_SC-000045.wav,sovits_api,mandarin,SC-000045,ref_boot_edgetts_mandarin_zh-CN-YunxiNeural_SC-000007_seg8s,0.9476,可检
data/redteam/factory/edgetts/henan/edgetts_henan_zh-CN-shaanxi-XiaoniNeural_SC-000001.wav,edgetts,henan,SC-000001,zh-CN-shaanxi-XiaoniNeural,0.9477,可检
data/redteam/factory/edgetts/dongbei/edgetts_dongbei_zh-CN-liaoning-XiaobeiNeural_SC-001146.wav,edgetts,dongbei,SC-001146,zh-CN-liaoning-XiaobeiNeural,0.9477,可检
data/redteam/factory/edgetts/sichuan/edgetts_sichuan_zh-CN-XiaoxiaoNeural_SC-000215.wav,edgetts,sichuan,SC-000215,zh-CN-XiaoxiaoNeural,0.9478,可检
data/redteam/factory/edgetts/sichuan/edgetts_sichuan_zh-CN-XiaoxiaoNeural_SC-000266.wav,edgetts,sichuan,SC-000266,zh-CN-XiaoxiaoNeural,0.9478,可检
data/redteam/factory/edgetts/mandarin/edgetts_mandarin_zh-CN-YunjianNeural_SC-000484.wav,edgetts,mandarin,SC-000484,zh-CN-YunjianNeural,0.9478,可检
data/redteam/factory/edgetts/minnan/edgetts_minnan_zh-TW-HsiaoChenNeural_SC-000614.wav,edgetts,minnan,SC-000614,zh-TW-HsiaoChenNeural,0.9478,可检
data/redteam/factory/edgetts/henan/edgetts_henan_zh-CN-shaanxi-XiaoniNeural_SC-001120.wav,edgetts,henan,SC-001120,zh-CN-shaanxi-XiaoniNeural,0.9479,可检
data/redteam/factory/sovits_api/mandarin/sovits_api_mandarin_ref_boot_edgetts_mandarin_zh-CN-YunjianNeural_SC-000007_seg8s_SC-000011.wav,sovits_api,mandarin,SC-000011,ref_boot_edgetts_mandarin_zh-CN-YunjianNeural_SC-000007_seg8s,0.9479,可检
data/redteam/factory/edgetts/henan/edgetts_henan_zh-CN-shaanxi-XiaoniNeural_SC-001123.wav,edgetts,henan,SC-001123,zh-CN-shaanxi-XiaoniNeural,0.948,可检
data/redteam/factory/edgetts/cantonese/edgetts_cantonese_zh-HK-WanLungNeural_SC-000953.wav,edgetts,cantonese,SC-000953,zh-HK-WanLungNeural,0.9481,可检
data/redteam/factory/edgetts/mandarin/edgetts_mandarin_zh-CN-YunxiNeural_SC-000014.wav,edgetts,mandarin,SC-000014,zh-CN-YunxiNeural,0.9483,可检
data/redteam/factory/edgetts/sichuan/edgetts_sichuan_zh-CN-YunxiNeural_SC-000014.wav,edgetts,sichuan,SC-000014,zh-CN-YunxiNeural,0.9483,可检
data/redteam/factory/edgetts/cantonese/edgetts_cantonese_zh-HK-HiuMaanNeural_SC-000580.wav,edgetts,cantonese,SC-000580,zh-HK-HiuMaanNeural,0.9483,可检
data/redteam/factory/edgetts/sichuan/edgetts_sichuan_zh-CN-XiaoxiaoNeural_SC-000812.wav,edgetts,sichuan,SC-000812,zh-CN-XiaoxiaoNeural,0.9483,可检
data/redteam/factory/edgetts/mandarin/edgetts_mandarin_zh-CN-YunxiNeural_SC-000260.wav,edgetts,mandarin,SC-000260,zh-CN-YunxiNeural,0.9483,可检
data/redteam/factory/edgetts/sichuan/edgetts_sichuan_zh-CN-YunxiNeural_SC-000303.wav,edgetts,sichuan,SC-000303,zh-CN-YunxiNeural,0.9484,可检
data/redteam/factory/edgetts/mandarin/edgetts_mandarin_zh-CN-XiaoxiaoNeural_SC-000308.wav,edgetts,mandarin,SC-000308,zh-CN-XiaoxiaoNeural,0.9484,可检
data/redteam/factory/edgetts/henan/edgetts_henan_zh-CN-shaanxi-XiaoniNeural_SC-001076.wav,edgetts,henan,SC-001076,zh-CN-shaanxi-XiaoniNeural,0.9485,可检
data/redteam/factory/edgetts/henan/edgetts_henan_zh-CN-shaanxi-XiaoniNeural_SC-000459.wav,edgetts,henan,SC-000459,zh-CN-shaanxi-XiaoniNeural,0.9486,可检
data/redteam/factory/edgetts/henan/edgetts_henan_zh-CN-shaanxi-XiaoniNeural_SC-000442.wav,edgetts,henan,SC-000442,zh-CN-shaanxi-XiaoniNeural,0.9486,可检
data/redteam/factory/edgetts/minnan/edgetts_minnan_zh-TW-HsiaoChenNeural_SC-000965.wav,edgetts,minnan,SC-000965,zh-TW-HsiaoChenNeural,0.9487,可检
data/redteam/factory/sovits_api/cantonese/sovits_api_cantonese_ref_boot_edgetts_cantonese_zh-HK-WanLungNeural_SC-000005_seg8s_SC-000258.wav,sovits_api,cantonese,SC-000258,ref_boot_edgetts_cantonese_zh-HK-WanLungNeural_SC-000005_seg8s,0.9489,可检
data/redteam/factory/edgetts/cantonese/edgetts_cantonese_zh-HK-HiuMaanNeural_SC-000191.wav,edgetts,cantonese,SC-000191,zh-HK-HiuMaanNeural,0.949,可检
data/redteam/factory/edgetts/mandarin/edgetts_mandarin_zh-CN-YunyangNeural_SC-000484.wav,edgetts,mandarin,SC-000484,zh-CN-YunyangNeural,0.949,可检
data/redteam/factory/sovits_api/mandarin/sovits_api_mandarin_ref_boot_edgetts_mandarin_zh-CN-YunxiNeural_SC-000007_seg8s_SC-000016.wav,sovits_api,mandarin,SC-000016,ref_boot_edgetts_mandarin_zh-CN-YunxiNeural_SC-000007_seg8s,0.9491,可检
data/redteam/factory/edgetts/mandarin/edgetts_mandarin_zh-CN-YunxiNeural_SC-000050.wav,edgetts,mandarin,SC-000050,zh-CN-YunxiNeural,0.9493,可检
data/redteam/factory/edgetts/dongbei/edgetts_dongbei_zh-CN-liaoning-XiaobeiNeural_SC-000275.wav,edgetts,dongbei,SC-000275,zh-CN-liaoning-XiaobeiNeural,0.9494,可检
data/redteam/factory/sovits_api/henan/sovits_api_henan_ref_boot_edgetts_henan_zh-CN-shaanxi-XiaoniNeural_SC-000009_seg8s_SC-000291.wav,sovits_api,henan,SC-000291,ref_boot_edgetts_henan_zh-CN-shaanxi-XiaoniNeural_SC-000009_seg8s,0.9496,可检
data/redteam/factory/edgetts/henan/edgetts_henan_zh-CN-shaanxi-XiaoniNeural_SC-000432.wav,edgetts,henan,SC-000432,zh-CN-shaanxi-XiaoniNeural,0.9497,可检
data/redteam/factory/edgetts/mandarin/edgetts_mandarin_zh-CN-XiaoxiaoNeural_SC-000019.wav,edgetts,mandarin,SC-000019,zh-CN-XiaoxiaoNeural,0.9498,可检
data/redteam/factory/edgetts/sichuan/edgetts_sichuan_zh-CN-XiaoxiaoNeural_SC-000019.wav,edgetts,sichuan,SC-000019,zh-CN-XiaoxiaoNeural,0.9498,可检
data/redteam/factory/edgetts/cantonese/edgetts_cantonese_zh-HK-WanLungNeural_SC-001507.wav,edgetts,cantonese,SC-001507,zh-HK-WanLungNeural,0.9498,可检
data/redteam/factory/edgetts/mandarin/edgetts_mandarin_zh-CN-XiaoxiaoNeural_SC-000047.wav,edgetts,mandarin,SC-000047,zh-CN-XiaoxiaoNeural,0.9499,可检
data/redteam/factory/edgetts/henan/edgetts_henan_zh-CN-shaanxi-XiaoniNeural_SC-000073.wav,edgetts,henan,SC-000073,zh-CN-shaanxi-XiaoniNeural,0.9499,可检
data/redteam/factory/edgetts/sichuan/edgetts_sichuan_zh-CN-XiaoxiaoNeural_SC-000361.wav,edgetts,sichuan,SC-000361,zh-CN-XiaoxiaoNeural,0.95,可检
data/redteam/factory/edgetts/sichuan/edgetts_sichuan_zh-CN-XiaoxiaoNeural_SC-000675.wav,edgetts,sichuan,SC-000675,zh-CN-XiaoxiaoNeural,0.9501,可检
data/redteam/factory/edgetts/dongbei/edgetts_dongbei_zh-CN-liaoning-XiaobeiNeural_SC-000463.wav,edgetts,dongbei,SC-000463,zh-CN-liaoning-XiaobeiNeural,0.9502,可检
data/redteam/factory/edgetts/henan/edgetts_henan_zh-CN-shaanxi-XiaoniNeural_SC-001029.wav,edgetts,henan,SC-001029,zh-CN-shaanxi-XiaoniNeural,0.9502,可检
data/redteam/factory/sovits_api/cantonese/sovits_api_cantonese_ref_boot_edgetts_cantonese_zh-HK-HiuMaanNeural_SC-000005_seg8s_SC-000119.wav,sovits_api,cantonese,SC-000119,ref_boot_edgetts_cantonese_zh-HK-HiuMaanNeural_SC-000005_seg8s,0.9502,可检
data/redteam/factory/edgetts/cantonese/edgetts_cantonese_zh-HK-HiuMaanNeural_SC-000971.wav,edgetts,cantonese,SC-000971,zh-HK-HiuMaanNeural,0.9503,可检
data/redteam/factory/edgetts/sichuan/edgetts_sichuan_zh-CN-XiaoxiaoNeural_SC-000115.wav,edgetts,sichuan,SC-000115,zh-CN-XiaoxiaoNeural,0.9504,可检
data/redteam/factory/edgetts/henan/edgetts_henan_zh-CN-shaanxi-XiaoniNeural_SC-001380.wav,edgetts,henan,SC-001380,zh-CN-shaanxi-XiaoniNeural,0.9504,可检
data/redteam/factory/sovits_api/sichuan/sovits_api_sichuan_ref_boot_edgetts_sichuan_zh-CN-YunxiNeural_SC-000010_SC-000178.wav,sovits_api,sichuan,SC-000178,ref_boot_edgetts_sichuan_zh-CN-YunxiNeural_SC-000010,0.9504,可检
data/redteam/factory/edgetts/sichuan/edgetts_sichuan_zh-CN-XiaoxiaoNeural_SC-000330.wav,edgetts,sichuan,SC-000330,zh-CN-XiaoxiaoNeural,0.9506,可检
data/redteam/factory/sovits_api/mandarin/sovits_api_mandarin_ref_boot_edgetts_mandarin_zh-CN-YunxiNeural_SC-000007_seg8s_SC-000065.wav,sovits_api,mandarin,SC-000065,ref_boot_edgetts_mandarin_zh-CN-YunxiNeural_SC-000007_seg8s,0.9506,可检
data/redteam/factory/edgetts/dongbei/edgetts_dongbei_zh-CN-liaoning-XiaobeiNeural_SC-001450.wav,edgetts,dongbei,SC-001450,zh-CN-liaoning-XiaobeiNeural,0.9507,可检
data/redteam/factory/edgetts/dongbei/edgetts_dongbei_zh-CN-liaoning-XiaobeiNeural_SC-000343.wav,edgetts,dongbei,SC-000343,zh-CN-liaoning-XiaobeiNeural,0.9508,可检
data/redteam/factory/edgetts/mandarin/edgetts_mandarin_zh-CN-YunyangNeural_SC-000010.wav,edgetts,mandarin,SC-000010,zh-CN-YunyangNeural,0.9511,可检
data/redteam/factory/edgetts/henan/edgetts_henan_zh-CN-shaanxi-XiaoniNeural_SC-001149.wav,edgetts,henan,SC-001149,zh-CN-shaanxi-XiaoniNeural,0.9512,可检
data/redteam/factory/edgetts/henan/edgetts_henan_zh-CN-shaanxi-XiaoniNeural_SC-001326.wav,edgetts,henan,SC-001326,zh-CN-shaanxi-XiaoniNeural,0.9512,可检
data/redteam/factory/edgetts/cantonese/edgetts_cantonese_zh-HK-HiuMaanNeural_SC-001184.wav,edgetts,cantonese,SC-001184,zh-HK-HiuMaanNeural,0.9513,可检
data/redteam/factory/edgetts/minnan/edgetts_minnan_zh-TW-HsiaoChenNeural_SC-000791.wav,edgetts,minnan,SC-000791,zh-TW-HsiaoChenNeural,0.9513,可检
data/redteam/factory/edgetts/mandarin/edgetts_mandarin_zh-CN-XiaoxiaoNeural_SC-000035.wav,edgetts,mandarin,SC-000035,zh-CN-XiaoxiaoNeural,0.9514,可检
data/redteam/factory/edgetts/mandarin/edgetts_mandarin_zh-CN-XiaoxiaoNeural_SC-000435.wav,edgetts,mandarin,SC-000435,zh-CN-XiaoxiaoNeural,0.9514,可检
data/redteam/factory/edgetts/sichuan/edgetts_sichuan_zh-CN-XiaoxiaoNeural_SC-001024.wav,edgetts,sichuan,SC-001024,zh-CN-XiaoxiaoNeural,0.9518,可检
data/redteam/factory/edgetts/dongbei/edgetts_dongbei_zh-CN-liaoning-XiaobeiNeural_SC-001710.wav,edgetts,dongbei,SC-001710,zh-CN-liaoning-XiaobeiNeural,0.9518,可检
data/redteam/factory/edgetts/mandarin/edgetts_mandarin_zh-CN-XiaoxiaoNeural_SC-000005.wav,edgetts,mandarin,SC-000005,zh-CN-XiaoxiaoNeural,0.952,可检
data/redteam/factory/edgetts/sichuan/edgetts_sichuan_zh-CN-XiaoxiaoNeural_SC-000005.wav,edgetts,sichuan,SC-000005,zh-CN-XiaoxiaoNeural,0.952,可检
data/redteam/factory/edgetts/sichuan/edgetts_sichuan_zh-CN-XiaoxiaoNeural_SC-001411.wav,edgetts,sichuan,SC-001411,zh-CN-XiaoxiaoNeural,0.952,可检
data/redteam/factory/edgetts/mandarin/edgetts_mandarin_zh-CN-YunjianNeural_SC-000092.wav,edgetts,mandarin,SC-000092,zh-CN-YunjianNeural,0.9521,可检
data/redteam/factory/edgetts/minnan/edgetts_minnan_zh-TW-YunJheNeural_SC-000935.wav,edgetts,minnan,SC-000935,zh-TW-YunJheNeural,0.9521,可检
data/redteam/factory/edgetts/mandarin/edgetts_mandarin_zh-CN-XiaoxiaoNeural_SC-000289.wav,edgetts,mandarin,SC-000289,zh-CN-XiaoxiaoNeural,0.9522,可检
data/redteam/factory/edgetts/sichuan/edgetts_sichuan_zh-CN-XiaoxiaoNeural_SC-001342.wav,edgetts,sichuan,SC-001342,zh-CN-XiaoxiaoNeural,0.9522,可检
data/redteam/factory/edgetts/dongbei/edgetts_dongbei_zh-CN-liaoning-XiaobeiNeural_SC-000015.wav,edgetts,dongbei,SC-000015,zh-CN-liaoning-XiaobeiNeural,0.9523,可检
data/redteam/factory/edgetts/sichuan/edgetts_sichuan_zh-CN-XiaoxiaoNeural_SC-000042.wav,edgetts,sichuan,SC-000042,zh-CN-XiaoxiaoNeural,0.9523,可检
data/redteam/factory/edgetts/henan/edgetts_henan_zh-CN-shaanxi-XiaoniNeural_SC-000741.wav,edgetts,henan,SC-000741,zh-CN-shaanxi-XiaoniNeural,0.9523,可检
data/redteam/factory/edgetts/sichuan/edgetts_sichuan_zh-CN-XiaoxiaoNeural_SC-001464.wav,edgetts,sichuan,SC-001464,zh-CN-XiaoxiaoNeural,0.9523,可检
data/redteam/factory/edgetts/mandarin/edgetts_mandarin_zh-CN-YunjianNeural_SC-000095.wav,edgetts,mandarin,SC-000095,zh-CN-YunjianNeural,0.9524,可检
data/redteam/factory/edgetts/cantonese/edgetts_cantonese_zh-HK-WanLungNeural_SC-000012.wav,edgetts,cantonese,SC-000012,zh-HK-WanLungNeural,0.9525,可检
data/redteam/factory/edgetts/cantonese/edgetts_cantonese_zh-HK-WanLungNeural_SC-000601.wav,edgetts,cantonese,SC-000601,zh-HK-WanLungNeural,0.9525,可检
data/redteam/factory/edgetts/cantonese/edgetts_cantonese_zh-HK-WanLungNeural_SC-000872.wav,edgetts,cantonese,SC-000872,zh-HK-WanLungNeural,0.9525,可检
data/redteam/factory/edgetts/sichuan/edgetts_sichuan_zh-CN-YunxiNeural_SC-000963.wav,edgetts,sichuan,SC-000963,zh-CN-YunxiNeural,0.9527,可检
data/redteam/factory/edgetts/sichuan/edgetts_sichuan_zh-CN-YunxiNeural_SC-000469.wav,edgetts,sichuan,SC-000469,zh-CN-YunxiNeural,0.9527,可检
data/redteam/factory/edgetts/cantonese/edgetts_cantonese_zh-HK-WanLungNeural_SC-001080.wav,edgetts,cantonese,SC-001080,zh-HK-WanLungNeural,0.9528,可检
data/redteam/factory/sovits_api/minnan/sovits_api_minnan_ref_boot_edgetts_minnan_zh-TW-HsiaoChenNeural_SC-000001_SC-000316.wav,sovits_api,minnan,SC-000316,ref_boot_edgetts_minnan_zh-TW-HsiaoChenNeural_SC-000001,0.9529,可检
data/redteam/factory/edgetts/mandarin/edgetts_mandarin_zh-CN-XiaoxiaoNeural_SC-000404.wav,edgetts,mandarin,SC-000404,zh-CN-XiaoxiaoNeural,0.9532,可检
data/redteam/factory/edgetts/mandarin/edgetts_mandarin_zh-CN-YunxiNeural_SC-000262.wav,edgetts,mandarin,SC-000262,zh-CN-YunxiNeural,0.9532,可检
data/redteam/factory/edgetts/mandarin/edgetts_mandarin_zh-CN-XiaoxiaoNeural_SC-000045.wav,edgetts,mandarin,SC-000045,zh-CN-XiaoxiaoNeural,0.9533,可检
data/redteam/factory/edgetts/henan/edgetts_henan_zh-CN-shaanxi-XiaoniNeural_SC-001288.wav,edgetts,henan,SC-001288,zh-CN-shaanxi-XiaoniNeural,0.9533,可检
data/redteam/factory/edgetts/cantonese/edgetts_cantonese_zh-HK-HiuMaanNeural_SC-000686.wav,edgetts,cantonese,SC-000686,zh-HK-HiuMaanNeural,0.9533,可检
data/redteam/factory/edgetts/mandarin/edgetts_mandarin_zh-CN-XiaoxiaoNeural_SC-000133.wav,edgetts,mandarin,SC-000133,zh-CN-XiaoxiaoNeural,0.9534,可检
data/redteam/factory/edgetts/minnan/edgetts_minnan_zh-TW-YunJheNeural_SC-000648.wav,edgetts,minnan,SC-000648,zh-TW-YunJheNeural,0.9534,可检
data/redteam/factory/edgetts/dongbei/edgetts_dongbei_zh-CN-liaoning-XiaobeiNeural_SC-000417.wav,edgetts,dongbei,SC-000417,zh-CN-liaoning-XiaobeiNeural,0.9534,可检
data/redteam/factory/edgetts/minnan/edgetts_minnan_zh-TW-HsiaoChenNeural_SC-000027.wav,edgetts,minnan,SC-000027,zh-TW-HsiaoChenNeural,0.9535,可检
data/redteam/factory/edgetts/sichuan/edgetts_sichuan_zh-CN-YunxiNeural_SC-000295.wav,edgetts,sichuan,SC-000295,zh-CN-YunxiNeural,0.9535,可检
data/redteam/factory/edgetts/sichuan/edgetts_sichuan_zh-CN-XiaoxiaoNeural_SC-000353.wav,edgetts,sichuan,SC-000353,zh-CN-XiaoxiaoNeural,0.9535,可检
data/redteam/factory/edgetts/mandarin/edgetts_mandarin_zh-CN-XiaoxiaoNeural_SC-000397.wav,edgetts,mandarin,SC-000397,zh-CN-XiaoxiaoNeural,0.9535,可检
data/redteam/factory/edgetts/mandarin/edgetts_mandarin_zh-CN-XiaoxiaoNeural_SC-000185.wav,edgetts,mandarin,SC-000185,zh-CN-XiaoxiaoNeural,0.9535,可检
data/redteam/factory/edgetts/henan/edgetts_henan_zh-CN-shaanxi-XiaoniNeural_SC-000024.wav,edgetts,henan,SC-000024,zh-CN-shaanxi-XiaoniNeural,0.9536,可检
data/redteam/factory/edgetts/cantonese/edgetts_cantonese_zh-HK-HiuMaanNeural_SC-001262.wav,edgetts,cantonese,SC-001262,zh-HK-HiuMaanNeural,0.9536,可检
data/redteam/factory/edgetts/henan/edgetts_henan_zh-CN-shaanxi-XiaoniNeural_SC-001533.wav,edgetts,henan,SC-001533,zh-CN-shaanxi-XiaoniNeural,0.9536,可检
data/redteam/factory/edgetts/mandarin/edgetts_mandarin_zh-CN-XiaoxiaoNeural_SC-000340.wav,edgetts,mandarin,SC-000340,zh-CN-XiaoxiaoNeural,0.9537,可检
data/redteam/factory/sovits_api/minnan/sovits_api_minnan_ref_boot_edgetts_minnan_zh-TW-YunJheNeural_SC-000001_SC-000392.wav,sovits_api,minnan,SC-000392,ref_boot_edgetts_minnan_zh-TW-YunJheNeural_SC-000001,0.9537,可检
data/redteam/factory/edgetts/mandarin/edgetts_mandarin_zh-CN-XiaoxiaoNeural_SC-000044.wav,edgetts,mandarin,SC-000044,zh-CN-XiaoxiaoNeural,0.9538,可检
data/redteam/factory/sovits_api/mandarin/sovits_api_mandarin_ref_boot_edgetts_mandarin_zh-CN-YunjianNeural_SC-000007_seg8s_SC-000044.wav,sovits_api,mandarin,SC-000044,ref_boot_edgetts_mandarin_zh-CN-YunjianNeural_SC-000007_seg8s,0.9538,可检
data/redteam/factory/edgetts/cantonese/edgetts_cantonese_zh-HK-WanLungNeural_SC-000842.wav,edgetts,cantonese,SC-000842,zh-HK-WanLungNeural,0.9539,可检
data/redteam/factory/sovits_api/sichuan/sovits_api_sichuan_ref_boot_edgetts_sichuan_zh-CN-XiaoxiaoNeural_SC-000010_SC-000076.wav,sovits_api,sichuan,SC-000076,ref_boot_edgetts_sichuan_zh-CN-XiaoxiaoNeural_SC-000010,0.9539,可检
data/redteam/factory/edgetts/sichuan/edgetts_sichuan_zh-CN-XiaoxiaoNeural_SC-000390.wav,edgetts,sichuan,SC-000390,zh-CN-XiaoxiaoNeural,0.9541,可检
data/redteam/factory/sovits_api/mandarin/sovits_api_mandarin_ref_boot_edgetts_mandarin_zh-CN-YunxiNeural_SC-000007_seg8s_SC-000041.wav,sovits_api,mandarin,SC-000041,ref_boot_edgetts_mandarin_zh-CN-YunxiNeural_SC-000007_seg8s,0.9541,可检
data/redteam/factory/edgetts/sichuan/edgetts_sichuan_zh-CN-XiaoxiaoNeural_SC-001177.wav,edgetts,sichuan,SC-001177,zh-CN-XiaoxiaoNeural,0.9542,可检
data/redteam/factory/edgetts/cantonese/edgetts_cantonese_zh-HK-WanLungNeural_SC-001611.wav,edgetts,cantonese,SC-001611,zh-HK-WanLungNeural,0.9542,可检
data/redteam/factory/edgetts/cantonese/edgetts_cantonese_zh-HK-WanLungNeural_SC-000759.wav,edgetts,cantonese,SC-000759,zh-HK-WanLungNeural,0.9542,可检
data/redteam/factory/edgetts/mandarin/edgetts_mandarin_zh-CN-XiaoxiaoNeural_SC-000136.wav,edgetts,mandarin,SC-000136,zh-CN-XiaoxiaoNeural,0.9542,可检
data/redteam/factory/edgetts/cantonese/edgetts_cantonese_zh-HK-HiuMaanNeural_SC-000487.wav,edgetts,cantonese,SC-000487,zh-HK-HiuMaanNeural,0.9543,可检
data/redteam/factory/sovits_api/cantonese/sovits_api_cantonese_ref_boot_edgetts_cantonese_zh-HK-HiuMaanNeural_SC-000005_seg8s_SC-000312.wav,sovits_api,cantonese,SC-000312,ref_boot_edgetts_cantonese_zh-HK-HiuMaanNeural_SC-000005_seg8s,0.9543,可检
data/redteam/factory/edgetts/cantonese/edgetts_cantonese_zh-HK-HiuMaanNeural_SC-000021.wav,edgetts,cantonese,SC-000021,zh-HK-HiuMaanNeural,0.9544,可检
data/redteam/factory/edgetts/cantonese/edgetts_cantonese_zh-HK-HiuMaanNeural_SC-000916.wav,edgetts,cantonese,SC-000916,zh-HK-HiuMaanNeural,0.9544,可检
data/redteam/factory/edgetts/cantonese/edgetts_cantonese_zh-HK-HiuMaanNeural_SC-001191.wav,edgetts,cantonese,SC-001191,zh-HK-HiuMaanNeural,0.9544,可检
data/redteam/factory/sovits_api/minnan/sovits_api_minnan_ref_boot_edgetts_minnan_zh-TW-YunJheNeural_SC-000001_SC-000146.wav,sovits_api,minnan,SC-000146,ref_boot_edgetts_minnan_zh-TW-YunJheNeural_SC-000001,0.9544,可检
data/redteam/factory/edgetts/mandarin/edgetts_mandarin_zh-CN-XiaoxiaoNeural_SC-000261.wav,edgetts,mandarin,SC-000261,zh-CN-XiaoxiaoNeural,0.9545,可检
data/redteam/factory/sovits_api/mandarin/sovits_api_mandarin_ref_boot_edgetts_mandarin_zh-CN-YunxiNeural_SC-000007_seg8s_SC-000026.wav,sovits_api,mandarin,SC-000026,ref_boot_edgetts_mandarin_zh-CN-YunxiNeural_SC-000007_seg8s,0.9545,可检
data/redteam/factory/edgetts/sichuan/edgetts_sichuan_zh-CN-XiaoxiaoNeural_SC-001386.wav,edgetts,sichuan,SC-001386,zh-CN-XiaoxiaoNeural,0.9546,可检
data/redteam/factory/edgetts/cantonese/edgetts_cantonese_zh-HK-WanLungNeural_SC-001068.wav,edgetts,cantonese,SC-001068,zh-HK-WanLungNeural,0.9546,可检
data/redteam/factory/sovits_api/cantonese/sovits_api_cantonese_ref_boot_edgetts_cantonese_zh-HK-WanLungNeural_SC-000005_seg8s_SC-000246.wav,sovits_api,cantonese,SC-000246,ref_boot_edgetts_cantonese_zh-HK-WanLungNeural_SC-000005_seg8s,0.9547,可检
data/redteam/factory/edgetts/mandarin/edgetts_mandarin_zh-CN-XiaoxiaoNeural_SC-000050.wav,edgetts,mandarin,SC-000050,zh-CN-XiaoxiaoNeural,0.9549,可检
data/redteam/factory/edgetts/mandarin/edgetts_mandarin_zh-CN-XiaoxiaoNeural_SC-000514.wav,edgetts,mandarin,SC-000514,zh-CN-XiaoxiaoNeural,0.9549,可检
data/redteam/factory/edgetts/mandarin/edgetts_mandarin_zh-CN-YunjianNeural_SC-000026.wav,edgetts,mandarin,SC-000026,zh-CN-YunjianNeural,0.955,可检
data/redteam/factory/edgetts/mandarin/edgetts_mandarin_zh-CN-XiaoxiaoNeural_SC-000286.wav,edgetts,mandarin,SC-000286,zh-CN-XiaoxiaoNeural,0.955,可检
data/redteam/factory/edgetts/mandarin/edgetts_mandarin_zh-CN-XiaoxiaoNeural_SC-000506.wav,edgetts,mandarin,SC-000506,zh-CN-XiaoxiaoNeural,0.955,可检
data/redteam/factory/edgetts/minnan/edgetts_minnan_zh-TW-HsiaoChenNeural_SC-000767.wav,edgetts,minnan,SC-000767,zh-TW-HsiaoChenNeural,0.955,可检
data/redteam/factory/edgetts/cantonese/edgetts_cantonese_zh-HK-WanLungNeural_SC-000886.wav,edgetts,cantonese,SC-000886,zh-HK-WanLungNeural,0.955,可检
data/redteam/factory/edgetts/minnan/edgetts_minnan_zh-TW-YunJheNeural_SC-000001.wav,edgetts,minnan,SC-000001,zh-TW-YunJheNeural,0.9551,可检
data/redteam/factory/edgetts/sichuan/edgetts_sichuan_zh-CN-XiaoxiaoNeural_SC-001327.wav,edgetts,sichuan,SC-001327,zh-CN-XiaoxiaoNeural,0.9551,可检
data/redteam/factory/edgetts/mandarin/edgetts_mandarin_zh-CN-XiaoxiaoNeural_SC-000272.wav,edgetts,mandarin,SC-000272,zh-CN-XiaoxiaoNeural,0.9551,可检
data/redteam/factory/edgetts/cantonese/edgetts_cantonese_zh-HK-WanLungNeural_SC-000399.wav,edgetts,cantonese,SC-000399,zh-HK-WanLungNeural,0.9552,可检
data/redteam/factory/edgetts/sichuan/edgetts_sichuan_zh-CN-XiaoxiaoNeural_SC-001523.wav,edgetts,sichuan,SC-001523,zh-CN-XiaoxiaoNeural,0.9552,可检
data/redteam/factory/edgetts/cantonese/edgetts_cantonese_zh-HK-HiuMaanNeural_SC-000239.wav,edgetts,cantonese,SC-000239,zh-HK-HiuMaanNeural,0.9553,可检
data/redteam/factory/edgetts/mandarin/edgetts_mandarin_zh-CN-XiaoxiaoNeural_SC-000260.wav,edgetts,mandarin,SC-000260,zh-CN-XiaoxiaoNeural,0.9553,可检
data/redteam/factory/edgetts/mandarin/edgetts_mandarin_zh-CN-XiaoxiaoNeural_SC-000093.wav,edgetts,mandarin,SC-000093,zh-CN-XiaoxiaoNeural,0.9554,可检
data/redteam/factory/edgetts/henan/edgetts_henan_zh-CN-shaanxi-XiaoniNeural_SC-000208.wav,edgetts,henan,SC-000208,zh-CN-shaanxi-XiaoniNeural,0.9554,可检
data/redteam/factory/sovits_api/cantonese/sovits_api_cantonese_ref_boot_edgetts_cantonese_zh-HK-HiuMaanNeural_SC-000005_seg8s_SC-000281.wav,sovits_api,cantonese,SC-000281,ref_boot_edgetts_cantonese_zh-HK-HiuMaanNeural_SC-000005_seg8s,0.9554,可检
data/redteam/factory/edgetts/sichuan/edgetts_sichuan_zh-CN-XiaoxiaoNeural_SC-000259.wav,edgetts,sichuan,SC-000259,zh-CN-XiaoxiaoNeural,0.9556,可检
data/redteam/factory/edgetts/cantonese/edgetts_cantonese_zh-HK-HiuMaanNeural_SC-000886.wav,edgetts,cantonese,SC-000886,zh-HK-HiuMaanNeural,0.9557,可检
data/redteam/factory/sovits_api/mandarin/sovits_api_mandarin_ref_boot_edgetts_mandarin_zh-CN-YunxiNeural_SC-000007_seg8s_SC-000060.wav,sovits_api,mandarin,SC-000060,ref_boot_edgetts_mandarin_zh-CN-YunxiNeural_SC-000007_seg8s,0.9557,可检
data/redteam/factory/sovits_api/cantonese/sovits_api_cantonese_ref_boot_edgetts_cantonese_zh-HK-WanLungNeural_SC-000005_seg8s_SC-000285.wav,sovits_api,cantonese,SC-000285,ref_boot_edgetts_cantonese_zh-HK-WanLungNeural_SC-000005_seg8s,0.9557,可检
data/redteam/factory/sovits_api/mandarin/sovits_api_mandarin_ref_boot_edgetts_mandarin_zh-CN-YunxiNeural_SC-000007_seg8s_SC-000092.wav,sovits_api,mandarin,SC-000092,ref_boot_edgetts_mandarin_zh-CN-YunxiNeural_SC-000007_seg8s,0.9558,可检
data/redteam/factory/edgetts/mandarin/edgetts_mandarin_zh-CN-XiaoxiaoNeural_SC-000371.wav,edgetts,mandarin,SC-000371,zh-CN-XiaoxiaoNeural,0.956,可检
data/redteam/factory/edgetts/sichuan/edgetts_sichuan_zh-CN-XiaoxiaoNeural_SC-001210.wav,edgetts,sichuan,SC-001210,zh-CN-XiaoxiaoNeural,0.956,可检
data/redteam/factory/sovits_api/mandarin/sovits_api_mandarin_ref_boot_edgetts_mandarin_zh-CN-YunjianNeural_SC-000007_seg8s_SC-000091.wav,sovits_api,mandarin,SC-000091,ref_boot_edgetts_mandarin_zh-CN-YunjianNeural_SC-000007_seg8s,0.956,可检
data/redteam/factory/sovits_api/dongbei/sovits_api_dongbei_ref_boot_edgetts_dongbei_zh-CN-liaoning-XiaobeiNeural_SC-000002_seg8s_SC-000256.wav,sovits_api,dongbei,SC-000256,ref_boot_edgetts_dongbei_zh-CN-liaoning-XiaobeiNeural_SC-000002_seg8s,0.956,可检
data/redteam/factory/edgetts/henan/edgetts_henan_zh-CN-shaanxi-XiaoniNeural_SC-001168.wav,edgetts,henan,SC-001168,zh-CN-shaanxi-XiaoniNeural,0.9561,可检
data/redteam/factory/edgetts/cantonese/edgetts_cantonese_zh-HK-WanLungNeural_SC-000333.wav,edgetts,cantonese,SC-000333,zh-HK-WanLungNeural,0.9562,可检
data/redteam/factory/sovits_api/mandarin/sovits_api_mandarin_ref_boot_edgetts_mandarin_zh-CN-YunjianNeural_SC-000007_seg8s_SC-000070.wav,sovits_api,mandarin,SC-000070,ref_boot_edgetts_mandarin_zh-CN-YunjianNeural_SC-000007_seg8s,0.9563,可检
data/redteam/factory/edgetts/sichuan/edgetts_sichuan_zh-CN-XiaoxiaoNeural_SC-001491.wav,edgetts,sichuan,SC-001491,zh-CN-XiaoxiaoNeural,0.9564,可检
data/redteam/factory/edgetts/mandarin/edgetts_mandarin_zh-CN-XiaoxiaoNeural_SC-000058.wav,edgetts,mandarin,SC-000058,zh-CN-XiaoxiaoNeural,0.9565,可检
data/redteam/factory/edgetts/minnan/edgetts_minnan_zh-TW-HsiaoChenNeural_SC-000866.wav,edgetts,minnan,SC-000866,zh-TW-HsiaoChenNeural,0.9566,可检
data/redteam/factory/edgetts/henan/edgetts_henan_zh-CN-shaanxi-XiaoniNeural_SC-001355.wav,edgetts,henan,SC-001355,zh-CN-shaanxi-XiaoniNeural,0.9566,可检
data/redteam/factory/edgetts/sichuan/edgetts_sichuan_zh-CN-XiaoxiaoNeural_SC-000380.wav,edgetts,sichuan,SC-000380,zh-CN-XiaoxiaoNeural,0.9567,可检
data/redteam/factory/edgetts/dongbei/edgetts_dongbei_zh-CN-liaoning-XiaobeiNeural_SC-001440.wav,edgetts,dongbei,SC-001440,zh-CN-liaoning-XiaobeiNeural,0.9567,可检
data/redteam/factory/sovits_api/mandarin/sovits_api_mandarin_ref_boot_edgetts_mandarin_zh-CN-YunjianNeural_SC-000007_seg8s_SC-000050.wav,sovits_api,mandarin,SC-000050,ref_boot_edgetts_mandarin_zh-CN-YunjianNeural_SC-000007_seg8s,0.9568,可检
data/redteam/factory/edgetts/mandarin/edgetts_mandarin_zh-CN-XiaoxiaoNeural_SC-000269.wav,edgetts,mandarin,SC-000269,zh-CN-XiaoxiaoNeural,0.957,可检
data/redteam/factory/edgetts/minnan/edgetts_minnan_zh-TW-YunJheNeural_SC-000539.wav,edgetts,minnan,SC-000539,zh-TW-YunJheNeural,0.957,可检
data/redteam/factory/edgetts/mandarin/edgetts_mandarin_zh-CN-XiaoxiaoNeural_SC-000024.wav,edgetts,mandarin,SC-000024,zh-CN-XiaoxiaoNeural,0.9571,可检
data/redteam/factory/edgetts/sichuan/edgetts_sichuan_zh-CN-XiaoxiaoNeural_SC-000024.wav,edgetts,sichuan,SC-000024,zh-CN-XiaoxiaoNeural,0.9571,可检
data/redteam/factory/edgetts/cantonese/edgetts_cantonese_zh-HK-HiuMaanNeural_SC-001377.wav,edgetts,cantonese,SC-001377,zh-HK-HiuMaanNeural,0.9571,可检
data/redteam/factory/edgetts/mandarin/edgetts_mandarin_zh-CN-XiaoxiaoNeural_SC-000065.wav,edgetts,mandarin,SC-000065,zh-CN-XiaoxiaoNeural,0.9572,可检
data/redteam/factory/edgetts/cantonese/edgetts_cantonese_zh-HK-WanLungNeural_SC-000580.wav,edgetts,cantonese,SC-000580,zh-HK-WanLungNeural,0.9572,可检
data/redteam/factory/edgetts/mandarin/edgetts_mandarin_zh-CN-XiaoxiaoNeural_SC-000359.wav,edgetts,mandarin,SC-000359,zh-CN-XiaoxiaoNeural,0.9572,可检
data/redteam/factory/sovits_api/minnan/sovits_api_minnan_ref_boot_edgetts_minnan_zh-TW-HsiaoChenNeural_SC-000001_SC-000055.wav,sovits_api,minnan,SC-000055,ref_boot_edgetts_minnan_zh-TW-HsiaoChenNeural_SC-000001,0.9572,可检
data/redteam/factory/edgetts/minnan/edgetts_minnan_zh-TW-YunJheNeural_SC-000571.wav,edgetts,minnan,SC-000571,zh-TW-YunJheNeural,0.9573,可检
data/redteam/factory/edgetts/mandarin/edgetts_mandarin_zh-CN-XiaoxiaoNeural_SC-000173.wav,edgetts,mandarin,SC-000173,zh-CN-XiaoxiaoNeural,0.9574,可检
data/redteam/factory/sovits_api/cantonese/sovits_api_cantonese_ref_boot_edgetts_cantonese_zh-HK-HiuMaanNeural_SC-000005_seg8s_SC-000155.wav,sovits_api,cantonese,SC-000155,ref_boot_edgetts_cantonese_zh-HK-HiuMaanNeural_SC-000005_seg8s,0.9574,可检
data/redteam/factory/edgetts/cantonese/edgetts_cantonese_zh-HK-WanLungNeural_SC-000786.wav,edgetts,cantonese,SC-000786,zh-HK-WanLungNeural,0.9575,可检
data/redteam/factory/edgetts/mandarin/edgetts_mandarin_zh-CN-XiaoxiaoNeural_SC-000224.wav,edgetts,mandarin,SC-000224,zh-CN-XiaoxiaoNeural,0.9575,可检
data/redteam/factory/edgetts/cantonese/edgetts_cantonese_zh-HK-WanLungNeural_SC-000024.wav,edgetts,cantonese,SC-000024,zh-HK-WanLungNeural,0.9576,可检
data/redteam/factory/edgetts/mandarin/edgetts_mandarin_zh-CN-XiaoxiaoNeural_SC-000332.wav,edgetts,mandarin,SC-000332,zh-CN-XiaoxiaoNeural,0.9576,可检
data/redteam/factory/edgetts/sichuan/edgetts_sichuan_zh-CN-XiaoxiaoNeural_SC-000559.wav,edgetts,sichuan,SC-000559,zh-CN-XiaoxiaoNeural,0.9579,可检
data/redteam/factory/sovits_api/dongbei/sovits_api_dongbei_ref_boot_edgetts_dongbei_zh-CN-liaoning-XiaobeiNeural_SC-000002_seg8s_SC-000124.wav,sovits_api,dongbei,SC-000124,ref_boot_edgetts_dongbei_zh-CN-liaoning-XiaobeiNeural_SC-000002_seg8s,0.958,可检
data/redteam/factory/edgetts/mandarin/edgetts_mandarin_zh-CN-XiaoxiaoNeural_SC-000034.wav,edgetts,mandarin,SC-000034,zh-CN-XiaoxiaoNeural,0.9581,可检
data/redteam/factory/edgetts/mandarin/edgetts_mandarin_zh-CN-XiaoxiaoNeural_SC-000345.wav,edgetts,mandarin,SC-000345,zh-CN-XiaoxiaoNeural,0.9582,可检
data/redteam/factory/edgetts/mandarin/edgetts_mandarin_zh-CN-XiaoxiaoNeural_SC-000189.wav,edgetts,mandarin,SC-000189,zh-CN-XiaoxiaoNeural,0.9582,可检
data/redteam/factory/sovits_api/cantonese/sovits_api_cantonese_ref_boot_edgetts_cantonese_zh-HK-WanLungNeural_SC-000005_seg8s_SC-000277.wav,sovits_api,cantonese,SC-000277,ref_boot_edgetts_cantonese_zh-HK-WanLungNeural_SC-000005_seg8s,0.9582,可检
data/redteam/factory/edgetts/mandarin/edgetts_mandarin_zh-CN-XiaoxiaoNeural_SC-000150.wav,edgetts,mandarin,SC-000150,zh-CN-XiaoxiaoNeural,0.9583,可检
data/redteam/factory/edgetts/henan/edgetts_henan_zh-CN-shaanxi-XiaoniNeural_SC-001290.wav,edgetts,henan,SC-001290,zh-CN-shaanxi-XiaoniNeural,0.9583,可检
data/redteam/factory/edgetts/mandarin/edgetts_mandarin_zh-CN-XiaoxiaoNeural_SC-000171.wav,edgetts,mandarin,SC-000171,zh-CN-XiaoxiaoNeural,0.9584,可检
data/redteam/factory/edgetts/minnan/edgetts_minnan_zh-TW-HsiaoChenNeural_SC-000571.wav,edgetts,minnan,SC-000571,zh-TW-HsiaoChenNeural,0.9585,可检
data/redteam/factory/sovits_api/mandarin/sovits_api_mandarin_ref_boot_edgetts_mandarin_zh-CN-XiaoxiaoNeural_SC-000007_seg8s_SC-000082.wav,sovits_api,mandarin,SC-000082,ref_boot_edgetts_mandarin_zh-CN-XiaoxiaoNeural_SC-000007_seg8s,0.9585,可检
data/redteam/factory/sovits_api/minnan/sovits_api_minnan_ref_boot_edgetts_minnan_zh-TW-YunJheNeural_SC-000001_SC-000412.wav,sovits_api,minnan,SC-000412,ref_boot_edgetts_minnan_zh-TW-YunJheNeural_SC-000001,0.9585,可检
data/redteam/factory/sovits_api/cantonese/sovits_api_cantonese_ref_boot_edgetts_cantonese_zh-HK-HiuMaanNeural_SC-000005_seg8s_SC-000209.wav,sovits_api,cantonese,SC-000209,ref_boot_edgetts_cantonese_zh-HK-HiuMaanNeural_SC-000005_seg8s,0.9585,可检
data/redteam/factory/edgetts/cantonese/edgetts_cantonese_zh-HK-WanLungNeural_SC-000515.wav,edgetts,cantonese,SC-000515,zh-HK-WanLungNeural,0.9586,可检
data/redteam/factory/sovits_api/minnan/sovits_api_minnan_ref_boot_edgetts_minnan_zh-TW-HsiaoChenNeural_SC-000001_SC-000143.wav,sovits_api,minnan,SC-000143,ref_boot_edgetts_minnan_zh-TW-HsiaoChenNeural_SC-000001,0.9586,可检
data/redteam/factory/edgetts/mandarin/edgetts_mandarin_zh-CN-YunjianNeural_SC-000377.wav,edgetts,mandarin,SC-000377,zh-CN-YunjianNeural,0.9587,可检
data/redteam/factory/edgetts/sichuan/edgetts_sichuan_zh-CN-XiaoxiaoNeural_SC-000901.wav,edgetts,sichuan,SC-000901,zh-CN-XiaoxiaoNeural,0.9587,可检
data/redteam/factory/edgetts/sichuan/edgetts_sichuan_zh-CN-XiaoxiaoNeural_SC-000342.wav,edgetts,sichuan,SC-000342,zh-CN-XiaoxiaoNeural,0.9588,可检
data/redteam/factory/sovits_api/minnan/sovits_api_minnan_ref_boot_edgetts_minnan_zh-TW-YunJheNeural_SC-000001_SC-000071.wav,sovits_api,minnan,SC-000071,ref_boot_edgetts_minnan_zh-TW-YunJheNeural_SC-000001,0.9588,可检
data/redteam/factory/edgetts/cantonese/edgetts_cantonese_zh-HK-WanLungNeural_SC-000810.wav,edgetts,cantonese,SC-000810,zh-HK-WanLungNeural,0.9589,可检
data/redteam/factory/edgetts/dongbei/edgetts_dongbei_zh-CN-liaoning-XiaobeiNeural_SC-000003.wav,edgetts,dongbei,SC-000003,zh-CN-liaoning-XiaobeiNeural,0.959,可检
data/redteam/factory/edgetts/mandarin/edgetts_mandarin_zh-CN-YunxiNeural_SC-000484.wav,edgetts,mandarin,SC-000484,zh-CN-YunxiNeural,0.959,可检
data/redteam/factory/edgetts/dongbei/edgetts_dongbei_zh-CN-liaoning-XiaobeiNeural_SC-001668.wav,edgetts,dongbei,SC-001668,zh-CN-liaoning-XiaobeiNeural,0.959,可检
data/redteam/factory/edgetts/cantonese/edgetts_cantonese_zh-HK-HiuMaanNeural_SC-001068.wav,edgetts,cantonese,SC-001068,zh-HK-HiuMaanNeural,0.9591,可检
data/redteam/factory/sovits_api/dongbei/sovits_api_dongbei_ref_boot_edgetts_dongbei_zh-CN-liaoning-XiaobeiNeural_SC-000002_seg8s_SC-000031.wav,sovits_api,dongbei,SC-000031,ref_boot_edgetts_dongbei_zh-CN-liaoning-XiaobeiNeural_SC-000002_seg8s,0.9593,可检
data/redteam/factory/sovits_api/mandarin/sovits_api_mandarin_ref_boot_edgetts_mandarin_zh-CN-YunxiNeural_SC-000007_seg8s_SC-000089.wav,sovits_api,mandarin,SC-000089,ref_boot_edgetts_mandarin_zh-CN-YunxiNeural_SC-000007_seg8s,0.9593,可检
data/redteam/factory/edgetts/mandarin/edgetts_mandarin_zh-CN-XiaoxiaoNeural_SC-000449.wav,edgetts,mandarin,SC-000449,zh-CN-XiaoxiaoNeural,0.9594,可检
data/redteam/factory/sovits_api/mandarin/sovits_api_mandarin_ref_boot_edgetts_mandarin_zh-CN-YunxiNeural_SC-000007_seg8s_SC-000044.wav,sovits_api,mandarin,SC-000044,ref_boot_edgetts_mandarin_zh-CN-YunxiNeural_SC-000007_seg8s,0.9595,可检
data/redteam/factory/sovits_api/cantonese/sovits_api_cantonese_ref_boot_edgetts_cantonese_zh-HK-HiuMaanNeural_SC-000005_seg8s_SC-000079.wav,sovits_api,cantonese,SC-000079,ref_boot_edgetts_cantonese_zh-HK-HiuMaanNeural_SC-000005_seg8s,0.9595,可检
data/redteam/factory/edgetts/mandarin/edgetts_mandarin_zh-CN-YunjianNeural_SC-000444.wav,edgetts,mandarin,SC-000444,zh-CN-YunjianNeural,0.9596,可检
data/redteam/factory/edgetts/sichuan/edgetts_sichuan_zh-CN-XiaoxiaoNeural_SC-000299.wav,edgetts,sichuan,SC-000299,zh-CN-XiaoxiaoNeural,0.9597,可检
data/redteam/factory/sovits_api/cantonese/sovits_api_cantonese_ref_boot_edgetts_cantonese_zh-HK-WanLungNeural_SC-000005_seg8s_SC-000018.wav,sovits_api,cantonese,SC-000018,ref_boot_edgetts_cantonese_zh-HK-WanLungNeural_SC-000005_seg8s,0.9597,可检
data/redteam/factory/sovits_api/dongbei/sovits_api_dongbei_ref_boot_edgetts_dongbei_zh-CN-liaoning-XiaobeiNeural_SC-000002_seg8s_SC-000102.wav,sovits_api,dongbei,SC-000102,ref_boot_edgetts_dongbei_zh-CN-liaoning-XiaobeiNeural_SC-000002_seg8s,0.9597,可检
data/redteam/factory/edgetts/cantonese/edgetts_cantonese_zh-HK-HiuMaanNeural_SC-000752.wav,edgetts,cantonese,SC-000752,zh-HK-HiuMaanNeural,0.9598,可检
data/redteam/factory/edgetts/mandarin/edgetts_mandarin_zh-CN-XiaoxiaoNeural_SC-000471.wav,edgetts,mandarin,SC-000471,zh-CN-XiaoxiaoNeural,0.9599,可检
data/redteam/factory/edgetts/mandarin/edgetts_mandarin_zh-CN-XiaoxiaoNeural_SC-000214.wav,edgetts,mandarin,SC-000214,zh-CN-XiaoxiaoNeural,0.9601,可检
data/redteam/factory/edgetts/cantonese/edgetts_cantonese_zh-HK-WanLungNeural_SC-000508.wav,edgetts,cantonese,SC-000508,zh-HK-WanLungNeural,0.9602,可检
data/redteam/factory/edgetts/dongbei/edgetts_dongbei_zh-CN-liaoning-XiaobeiNeural_SC-000157.wav,edgetts,dongbei,SC-000157,zh-CN-liaoning-XiaobeiNeural,0.9603,可检
data/redteam/factory/edgetts/mandarin/edgetts_mandarin_zh-CN-YunjianNeural_SC-000265.wav,edgetts,mandarin,SC-000265,zh-CN-YunjianNeural,0.9603,可检
data/redteam/factory/edgetts/minnan/edgetts_minnan_zh-TW-HsiaoChenNeural_SC-001180.wav,edgetts,minnan,SC-001180,zh-TW-HsiaoChenNeural,0.9603,可检
data/redteam/factory/sovits_api/cantonese/sovits_api_cantonese_ref_boot_edgetts_cantonese_zh-HK-WanLungNeural_SC-000005_seg8s_SC-000191.wav,sovits_api,cantonese,SC-000191,ref_boot_edgetts_cantonese_zh-HK-WanLungNeural_SC-000005_seg8s,0.9603,可检
data/redteam/factory/edgetts/mandarin/edgetts_mandarin_zh-CN-XiaoxiaoNeural_SC-000074.wav,edgetts,mandarin,SC-000074,zh-CN-XiaoxiaoNeural,0.9604,可检
data/redteam/factory/edgetts/mandarin/edgetts_mandarin_zh-CN-XiaoxiaoNeural_SC-000213.wav,edgetts,mandarin,SC-000213,zh-CN-XiaoxiaoNeural,0.9604,可检
data/redteam/factory/sovits_api/cantonese/sovits_api_cantonese_ref_boot_edgetts_cantonese_zh-HK-WanLungNeural_SC-000005_seg8s_SC-000005.wav,sovits_api,cantonese,SC-000005,ref_boot_edgetts_cantonese_zh-HK-WanLungNeural_SC-000005_seg8s,0.9604,可检
data/redteam/factory/edgetts/cantonese/edgetts_cantonese_zh-HK-WanLungNeural_SC-000666.wav,edgetts,cantonese,SC-000666,zh-HK-WanLungNeural,0.9606,可检
data/redteam/factory/edgetts/sichuan/edgetts_sichuan_zh-CN-XiaoxiaoNeural_SC-000348.wav,edgetts,sichuan,SC-000348,zh-CN-XiaoxiaoNeural,0.9606,可检
data/redteam/factory/sovits_api/cantonese/sovits_api_cantonese_ref_boot_edgetts_cantonese_zh-HK-HiuMaanNeural_SC-000005_seg8s_SC-000142.wav,sovits_api,cantonese,SC-000142,ref_boot_edgetts_cantonese_zh-HK-HiuMaanNeural_SC-000005_seg8s,0.9606,可检
data/redteam/factory/edgetts/henan/edgetts_henan_zh-CN-shaanxi-XiaoniNeural_SC-000020.wav,edgetts,henan,SC-000020,zh-CN-shaanxi-XiaoniNeural,0.9607,可检
data/redteam/factory/sovits_api/sichuan/sovits_api_sichuan_ref_boot_edgetts_sichuan_zh-CN-XiaoxiaoNeural_SC-000010_SC-000062.wav,sovits_api,sichuan,SC-000062,ref_boot_edgetts_sichuan_zh-CN-XiaoxiaoNeural_SC-000010,0.9607,可检
data/redteam/factory/edgetts/henan/edgetts_henan_zh-CN-shaanxi-XiaoniNeural_SC-000932.wav,edgetts,henan,SC-000932,zh-CN-shaanxi-XiaoniNeural,0.9608,可检
data/redteam/factory/edgetts/mandarin/edgetts_mandarin_zh-CN-XiaoxiaoNeural_SC-000433.wav,edgetts,mandarin,SC-000433,zh-CN-XiaoxiaoNeural,0.9608,可检
data/redteam/factory/sovits_api/sichuan/sovits_api_sichuan_ref_boot_edgetts_sichuan_zh-CN-YunxiNeural_SC-000010_SC-000177.wav,sovits_api,sichuan,SC-000177,ref_boot_edgetts_sichuan_zh-CN-YunxiNeural_SC-000010,0.9608,可检
data/redteam/factory/edgetts/mandarin/edgetts_mandarin_zh-CN-XiaoxiaoNeural_SC-000262.wav,edgetts,mandarin,SC-000262,zh-CN-XiaoxiaoNeural,0.9609,可检
data/redteam/factory/sovits_api/dongbei/sovits_api_dongbei_ref_boot_edgetts_dongbei_zh-CN-liaoning-XiaobeiNeural_SC-000002_seg8s_SC-000226.wav,sovits_api,dongbei,SC-000226,ref_boot_edgetts_dongbei_zh-CN-liaoning-XiaobeiNeural_SC-000002_seg8s,0.9609,可检
data/redteam/factory/edgetts/mandarin/edgetts_mandarin_zh-CN-XiaoxiaoNeural_SC-000083.wav,edgetts,mandarin,SC-000083,zh-CN-XiaoxiaoNeural,0.9611,可检
data/redteam/factory/edgetts/sichuan/edgetts_sichuan_zh-CN-XiaoxiaoNeural_SC-000302.wav,edgetts,sichuan,SC-000302,zh-CN-XiaoxiaoNeural,0.9612,可检
data/redteam/factory/sovits_api/henan/sovits_api_henan_ref_boot_edgetts_henan_zh-CN-shaanxi-XiaoniNeural_SC-000009_seg8s_SC-000038.wav,sovits_api,henan,SC-000038,ref_boot_edgetts_henan_zh-CN-shaanxi-XiaoniNeural_SC-000009_seg8s,0.9612,可检
data/redteam/factory/edgetts/dongbei/edgetts_dongbei_zh-CN-liaoning-XiaobeiNeural_SC-001632.wav,edgetts,dongbei,SC-001632,zh-CN-liaoning-XiaobeiNeural,0.9613,可检
data/redteam/factory/edgetts/cantonese/edgetts_cantonese_zh-HK-WanLungNeural_SC-001118.wav,edgetts,cantonese,SC-001118,zh-HK-WanLungNeural,0.9614,可检
data/redteam/factory/edgetts/mandarin/edgetts_mandarin_zh-CN-YunyangNeural_SC-000193.wav,edgetts,mandarin,SC-000193,zh-CN-YunyangNeural,0.9614,可检
data/redteam/factory/sovits_api/cantonese/sovits_api_cantonese_ref_boot_edgetts_cantonese_zh-HK-WanLungNeural_SC-000005_seg8s_SC-000109.wav,sovits_api,cantonese,SC-000109,ref_boot_edgetts_cantonese_zh-HK-WanLungNeural_SC-000005_seg8s,0.9614,可检
data/redteam/factory/sovits_api/dongbei/sovits_api_dongbei_ref_boot_edgetts_dongbei_zh-CN-liaoning-XiaobeiNeural_SC-000002_seg8s_SC-000126.wav,sovits_api,dongbei,SC-000126,ref_boot_edgetts_dongbei_zh-CN-liaoning-XiaobeiNeural_SC-000002_seg8s,0.9615,可检
data/redteam/factory/edgetts/sichuan/edgetts_sichuan_zh-CN-XiaoxiaoNeural_SC-000615.wav,edgetts,sichuan,SC-000615,zh-CN-XiaoxiaoNeural,0.9616,可检
data/redteam/factory/edgetts/cantonese/edgetts_cantonese_zh-HK-HiuMaanNeural_SC-000494.wav,edgetts,cantonese,SC-000494,zh-HK-HiuMaanNeural,0.9616,可检
data/redteam/factory/sovits_api/cantonese/sovits_api_cantonese_ref_boot_edgetts_cantonese_zh-HK-WanLungNeural_SC-000005_seg8s_SC-000040.wav,sovits_api,cantonese,SC-000040,ref_boot_edgetts_cantonese_zh-HK-WanLungNeural_SC-000005_seg8s,0.9617,可检
data/redteam/factory/edgetts/cantonese/edgetts_cantonese_zh-HK-HiuMaanNeural_SC-000027.wav,edgetts,cantonese,SC-000027,zh-HK-HiuMaanNeural,0.9618,可检
data/redteam/factory/edgetts/mandarin/edgetts_mandarin_zh-CN-XiaoxiaoNeural_SC-000096.wav,edgetts,mandarin,SC-000096,zh-CN-XiaoxiaoNeural,0.9618,可检
data/redteam/factory/edgetts/cantonese/edgetts_cantonese_zh-HK-HiuMaanNeural_SC-000040.wav,edgetts,cantonese,SC-000040,zh-HK-HiuMaanNeural,0.9618,可检
data/redteam/factory/edgetts/henan/edgetts_henan_zh-CN-shaanxi-XiaoniNeural_SC-000898.wav,edgetts,henan,SC-000898,zh-CN-shaanxi-XiaoniNeural,0.9619,可检
data/redteam/factory/edgetts/henan/edgetts_henan_zh-CN-shaanxi-XiaoniNeural_SC-000805.wav,edgetts,henan,SC-000805,zh-CN-shaanxi-XiaoniNeural,0.962,可检
data/redteam/factory/edgetts/minnan/edgetts_minnan_zh-TW-HsiaoChenNeural_SC-000016.wav,edgetts,minnan,SC-000016,zh-TW-HsiaoChenNeural,0.9621,可检
data/redteam/factory/edgetts/sichuan/edgetts_sichuan_zh-CN-XiaoxiaoNeural_SC-000708.wav,edgetts,sichuan,SC-000708,zh-CN-XiaoxiaoNeural,0.9621,可检
data/redteam/factory/edgetts/minnan/edgetts_minnan_zh-TW-HsiaoChenNeural_SC-001021.wav,edgetts,minnan,SC-001021,zh-TW-HsiaoChenNeural,0.9621,可检
data/redteam/factory/sovits_api/sichuan/sovits_api_sichuan_ref_boot_edgetts_sichuan_zh-CN-YunxiNeural_SC-000010_SC-000144.wav,sovits_api,sichuan,SC-000144,ref_boot_edgetts_sichuan_zh-CN-YunxiNeural_SC-000010,0.9622,可检
data/redteam/factory/edgetts/mandarin/edgetts_mandarin_zh-CN-XiaoxiaoNeural_SC-000037.wav,edgetts,mandarin,SC-000037,zh-CN-XiaoxiaoNeural,0.9623,可检
data/redteam/factory/edgetts/mandarin/edgetts_mandarin_zh-CN-XiaoxiaoNeural_SC-000129.wav,edgetts,mandarin,SC-000129,zh-CN-XiaoxiaoNeural,0.9623,可检
data/redteam/factory/edgetts/henan/edgetts_henan_zh-CN-shaanxi-XiaoniNeural_SC-000848.wav,edgetts,henan,SC-000848,zh-CN-shaanxi-XiaoniNeural,0.9623,可检
data/redteam/factory/edgetts/mandarin/edgetts_mandarin_zh-CN-XiaoxiaoNeural_SC-000008.wav,edgetts,mandarin,SC-000008,zh-CN-XiaoxiaoNeural,0.9624,可检
data/redteam/factory/edgetts/sichuan/edgetts_sichuan_zh-CN-XiaoxiaoNeural_SC-000008.wav,edgetts,sichuan,SC-000008,zh-CN-XiaoxiaoNeural,0.9624,可检
data/redteam/factory/edgetts/mandarin/edgetts_mandarin_zh-CN-XiaoxiaoNeural_SC-000360.wav,edgetts,mandarin,SC-000360,zh-CN-XiaoxiaoNeural,0.9625,可检
data/redteam/factory/sovits_api/minnan/sovits_api_minnan_ref_boot_edgetts_minnan_zh-TW-HsiaoChenNeural_SC-000001_SC-000056.wav,sovits_api,minnan,SC-000056,ref_boot_edgetts_minnan_zh-TW-HsiaoChenNeural_SC-000001,0.9625,可检
data/redteam/factory/sovits_api/dongbei/sovits_api_dongbei_ref_boot_edgetts_dongbei_zh-CN-liaoning-XiaobeiNeural_SC-000002_seg8s_SC-000273.wav,sovits_api,dongbei,SC-000273,ref_boot_edgetts_dongbei_zh-CN-liaoning-XiaobeiNeural_SC-000002_seg8s,0.9625,可检
data/redteam/factory/edgetts/cantonese/edgetts_cantonese_zh-HK-HiuMaanNeural_SC-001299.wav,edgetts,cantonese,SC-001299,zh-HK-HiuMaanNeural,0.9627,可检
data/redteam/factory/edgetts/cantonese/edgetts_cantonese_zh-HK-WanLungNeural_SC-000523.wav,edgetts,cantonese,SC-000523,zh-HK-WanLungNeural,0.9627,可检
data/redteam/factory/edgetts/cantonese/edgetts_cantonese_zh-HK-WanLungNeural_SC-001615.wav,edgetts,cantonese,SC-001615,zh-HK-WanLungNeural,0.9627,可检
data/redteam/factory/sovits_api/mandarin/sovits_api_mandarin_ref_boot_edgetts_mandarin_zh-CN-YunxiNeural_SC-000007_seg8s_SC-000034.wav,sovits_api,mandarin,SC-000034,ref_boot_edgetts_mandarin_zh-CN-YunxiNeural_SC-000007_seg8s,0.9627,可检
data/redteam/factory/edgetts/cantonese/edgetts_cantonese_zh-HK-WanLungNeural_SC-001155.wav,edgetts,cantonese,SC-001155,zh-HK-WanLungNeural,0.9628,可检
data/redteam/factory/sovits_api/cantonese/sovits_api_cantonese_ref_boot_edgetts_cantonese_zh-HK-HiuMaanNeural_SC-000005_seg8s_SC-000140.wav,sovits_api,cantonese,SC-000140,ref_boot_edgetts_cantonese_zh-HK-HiuMaanNeural_SC-000005_seg8s,0.9628,可检
data/redteam/factory/edgetts/minnan/edgetts_minnan_zh-TW-YunJheNeural_SC-001134.wav,edgetts,minnan,SC-001134,zh-TW-YunJheNeural,0.963,可检
data/redteam/factory/edgetts/sichuan/edgetts_sichuan_zh-CN-XiaoxiaoNeural_SC-001138.wav,edgetts,sichuan,SC-001138,zh-CN-XiaoxiaoNeural,0.9631,可检
data/redteam/factory/sovits_api/mandarin/sovits_api_mandarin_ref_boot_edgetts_mandarin_zh-CN-YunjianNeural_SC-000007_seg8s_SC-000092.wav,sovits_api,mandarin,SC-000092,ref_boot_edgetts_mandarin_zh-CN-YunjianNeural_SC-000007_seg8s,0.9631,可检
data/redteam/factory/edgetts/mandarin/edgetts_mandarin_zh-CN-YunjianNeural_SC-000090.wav,edgetts,mandarin,SC-000090,zh-CN-YunjianNeural,0.9632,可检
data/redteam/factory/edgetts/mandarin/edgetts_mandarin_zh-CN-XiaoxiaoNeural_SC-000159.wav,edgetts,mandarin,SC-000159,zh-CN-XiaoxiaoNeural,0.9632,可检
data/redteam/factory/edgetts/sichuan/edgetts_sichuan_zh-CN-XiaoxiaoNeural_SC-000482.wav,edgetts,sichuan,SC-000482,zh-CN-XiaoxiaoNeural,0.9633,可检
data/redteam/factory/edgetts/sichuan/edgetts_sichuan_zh-CN-XiaoxiaoNeural_SC-000320.wav,edgetts,sichuan,SC-000320,zh-CN-XiaoxiaoNeural,0.9633,可检
data/redteam/factory/edgetts/sichuan/edgetts_sichuan_zh-CN-XiaoxiaoNeural_SC-000537.wav,edgetts,sichuan,SC-000537,zh-CN-XiaoxiaoNeural,0.9633,可检
data/redteam/factory/edgetts/dongbei/edgetts_dongbei_zh-CN-liaoning-XiaobeiNeural_SC-001506.wav,edgetts,dongbei,SC-001506,zh-CN-liaoning-XiaobeiNeural,0.9633,可检
data/redteam/factory/edgetts/sichuan/edgetts_sichuan_zh-CN-XiaoxiaoNeural_SC-000673.wav,edgetts,sichuan,SC-000673,zh-CN-XiaoxiaoNeural,0.9634,可检
data/redteam/factory/sovits_api/minnan/sovits_api_minnan_ref_boot_edgetts_minnan_zh-TW-YunJheNeural_SC-000001_SC-000023.wav,sovits_api,minnan,SC-000023,ref_boot_edgetts_minnan_zh-TW-YunJheNeural_SC-000001,0.9634,可检
data/redteam/factory/sovits_api/cantonese/sovits_api_cantonese_ref_boot_edgetts_cantonese_zh-HK-WanLungNeural_SC-000005_seg8s_SC-000052.wav,sovits_api,cantonese,SC-000052,ref_boot_edgetts_cantonese_zh-HK-WanLungNeural_SC-000005_seg8s,0.9634,可检
data/redteam/factory/edgetts/cantonese/edgetts_cantonese_zh-HK-HiuMaanNeural_SC-001461.wav,edgetts,cantonese,SC-001461,zh-HK-HiuMaanNeural,0.9635,可检
data/redteam/factory/edgetts/sichuan/edgetts_sichuan_zh-CN-YunxiNeural_SC-000115.wav,edgetts,sichuan,SC-000115,zh-CN-YunxiNeural,0.9636,可检
data/redteam/factory/edgetts/sichuan/edgetts_sichuan_zh-CN-XiaoxiaoNeural_SC-000751.wav,edgetts,sichuan,SC-000751,zh-CN-XiaoxiaoNeural,0.9636,可检
data/redteam/factory/sovits_api/mandarin/sovits_api_mandarin_ref_boot_edgetts_mandarin_zh-CN-YunxiNeural_SC-000007_seg8s_SC-000095.wav,sovits_api,mandarin,SC-000095,ref_boot_edgetts_mandarin_zh-CN-YunxiNeural_SC-000007_seg8s,0.9636,可检
data/redteam/factory/edgetts/sichuan/edgetts_sichuan_zh-CN-XiaoxiaoNeural_SC-000222.wav,edgetts,sichuan,SC-000222,zh-CN-XiaoxiaoNeural,0.9637,可检
data/redteam/factory/edgetts/dongbei/edgetts_dongbei_zh-CN-liaoning-XiaobeiNeural_SC-001303.wav,edgetts,dongbei,SC-001303,zh-CN-liaoning-XiaobeiNeural,0.9637,可检
data/redteam/factory/edgetts/cantonese/edgetts_cantonese_zh-HK-HiuMaanNeural_SC-001347.wav,edgetts,cantonese,SC-001347,zh-HK-HiuMaanNeural,0.9638,可检
data/redteam/factory/edgetts/cantonese/edgetts_cantonese_zh-HK-WanLungNeural_SC-000752.wav,edgetts,cantonese,SC-000752,zh-HK-WanLungNeural,0.9639,可检
data/redteam/factory/edgetts/mandarin/edgetts_mandarin_zh-CN-XiaoxiaoNeural_SC-000028.wav,edgetts,mandarin,SC-000028,zh-CN-XiaoxiaoNeural,0.964,可检
data/redteam/factory/edgetts/sichuan/edgetts_sichuan_zh-CN-XiaoxiaoNeural_SC-000028.wav,edgetts,sichuan,SC-000028,zh-CN-XiaoxiaoNeural,0.964,可检
data/redteam/factory/edgetts/cantonese/edgetts_cantonese_zh-HK-HiuMaanNeural_SC-000017.wav,edgetts,cantonese,SC-000017,zh-HK-HiuMaanNeural,0.964,可检
data/redteam/factory/sovits_api/cantonese/sovits_api_cantonese_ref_boot_edgetts_cantonese_zh-HK-HiuMaanNeural_SC-000005_seg8s_SC-000109.wav,sovits_api,cantonese,SC-000109,ref_boot_edgetts_cantonese_zh-HK-HiuMaanNeural_SC-000005_seg8s,0.964,可检
data/redteam/factory/edgetts/cantonese/edgetts_cantonese_zh-HK-WanLungNeural_SC-000103.wav,edgetts,cantonese,SC-000103,zh-HK-WanLungNeural,0.9641,可检
data/redteam/factory/edgetts/sichuan/edgetts_sichuan_zh-CN-XiaoxiaoNeural_SC-000979.wav,edgetts,sichuan,SC-000979,zh-CN-XiaoxiaoNeural,0.9642,可检
data/redteam/factory/edgetts/dongbei/edgetts_dongbei_zh-CN-liaoning-XiaobeiNeural_SC-000148.wav,edgetts,dongbei,SC-000148,zh-CN-liaoning-XiaobeiNeural,0.9643,可检
data/redteam/factory/edgetts/minnan/edgetts_minnan_zh-TW-HsiaoChenNeural_SC-000526.wav,edgetts,minnan,SC-000526,zh-TW-HsiaoChenNeural,0.9643,可检
data/redteam/factory/edgetts/mandarin/edgetts_mandarin_zh-CN-YunxiNeural_SC-000018.wav,edgetts,mandarin,SC-000018,zh-CN-YunxiNeural,0.9644,可检
data/redteam/factory/edgetts/sichuan/edgetts_sichuan_zh-CN-YunxiNeural_SC-000018.wav,edgetts,sichuan,SC-000018,zh-CN-YunxiNeural,0.9644,可检
data/redteam/factory/edgetts/henan/edgetts_henan_zh-CN-shaanxi-XiaoniNeural_SC-000068.wav,edgetts,henan,SC-000068,zh-CN-shaanxi-XiaoniNeural,0.9644,可检
data/redteam/factory/edgetts/sichuan/edgetts_sichuan_zh-CN-YunxiNeural_SC-001342.wav,edgetts,sichuan,SC-001342,zh-CN-YunxiNeural,0.9644,可检
data/redteam/factory/edgetts/mandarin/edgetts_mandarin_zh-CN-XiaoxiaoNeural_SC-000230.wav,edgetts,mandarin,SC-000230,zh-CN-XiaoxiaoNeural,0.9644,可检
data/redteam/factory/edgetts/mandarin/edgetts_mandarin_zh-CN-XiaoxiaoNeural_SC-000309.wav,edgetts,mandarin,SC-000309,zh-CN-XiaoxiaoNeural,0.9645,可检
data/redteam/factory/edgetts/mandarin/edgetts_mandarin_zh-CN-XiaoxiaoNeural_SC-000201.wav,edgetts,mandarin,SC-000201,zh-CN-XiaoxiaoNeural,0.9645,可检
data/redteam/factory/edgetts/dongbei/edgetts_dongbei_zh-CN-liaoning-XiaobeiNeural_SC-000678.wav,edgetts,dongbei,SC-000678,zh-CN-liaoning-XiaobeiNeural,0.9645,可检
data/redteam/factory/edgetts/cantonese/edgetts_cantonese_zh-HK-HiuMaanNeural_SC-001129.wav,edgetts,cantonese,SC-001129,zh-HK-HiuMaanNeural,0.9646,可检
data/redteam/factory/edgetts/cantonese/edgetts_cantonese_zh-HK-WanLungNeural_SC-000052.wav,edgetts,cantonese,SC-000052,zh-HK-WanLungNeural,0.9648,可检
data/redteam/factory/sovits_api/mandarin/sovits_api_mandarin_ref_boot_edgetts_mandarin_zh-CN-YunxiNeural_SC-000007_seg8s_SC-000022.wav,sovits_api,mandarin,SC-000022,ref_boot_edgetts_mandarin_zh-CN-YunxiNeural_SC-000007_seg8s,0.9648,可检
data/redteam/factory/edgetts/mandarin/edgetts_mandarin_zh-CN-YunxiNeural_SC-000070.wav,edgetts,mandarin,SC-000070,zh-CN-YunxiNeural,0.9649,可检
data/redteam/factory/edgetts/mandarin/edgetts_mandarin_zh-CN-XiaoxiaoNeural_SC-000403.wav,edgetts,mandarin,SC-000403,zh-CN-XiaoxiaoNeural,0.965,可检
data/redteam/factory/sovits_api/cantonese/sovits_api_cantonese_ref_boot_edgetts_cantonese_zh-HK-HiuMaanNeural_SC-000005_seg8s_SC-000048.wav,sovits_api,cantonese,SC-000048,ref_boot_edgetts_cantonese_zh-HK-HiuMaanNeural_SC-000005_seg8s,0.9651,可检
data/redteam/factory/edgetts/mandarin/edgetts_mandarin_zh-CN-XiaoxiaoNeural_SC-000114.wav,edgetts,mandarin,SC-000114,zh-CN-XiaoxiaoNeural,0.9652,可检
data/redteam/factory/edgetts/henan/edgetts_henan_zh-CN-shaanxi-XiaoniNeural_SC-000922.wav,edgetts,henan,SC-000922,zh-CN-shaanxi-XiaoniNeural,0.9652,可检
data/redteam/factory/edgetts/sichuan/edgetts_sichuan_zh-CN-XiaoxiaoNeural_SC-000232.wav,edgetts,sichuan,SC-000232,zh-CN-XiaoxiaoNeural,0.9653,可检
data/redteam/factory/edgetts/minnan/edgetts_minnan_zh-TW-HsiaoChenNeural_SC-001103.wav,edgetts,minnan,SC-001103,zh-TW-HsiaoChenNeural,0.9653,可检
data/redteam/factory/edgetts/henan/edgetts_henan_zh-CN-shaanxi-XiaoniNeural_SC-000606.wav,edgetts,henan,SC-000606,zh-CN-shaanxi-XiaoniNeural,0.9654,可检
data/redteam/factory/edgetts/mandarin/edgetts_mandarin_zh-CN-XiaoxiaoNeural_SC-000408.wav,edgetts,mandarin,SC-000408,zh-CN-XiaoxiaoNeural,0.9654,可检
data/redteam/factory/edgetts/henan/edgetts_henan_zh-CN-shaanxi-XiaoniNeural_SC-000027.wav,edgetts,henan,SC-000027,zh-CN-shaanxi-XiaoniNeural,0.9655,可检
data/redteam/factory/edgetts/mandarin/edgetts_mandarin_zh-CN-XiaoxiaoNeural_SC-000265.wav,edgetts,mandarin,SC-000265,zh-CN-XiaoxiaoNeural,0.9656,可检
data/redteam/factory/edgetts/cantonese/edgetts_cantonese_zh-HK-HiuMaanNeural_SC-001293.wav,edgetts,cantonese,SC-001293,zh-HK-HiuMaanNeural,0.9656,可检
data/redteam/factory/edgetts/sichuan/edgetts_sichuan_zh-CN-XiaoxiaoNeural_SC-000963.wav,edgetts,sichuan,SC-000963,zh-CN-XiaoxiaoNeural,0.9657,可检
data/redteam/factory/edgetts/mandarin/edgetts_mandarin_zh-CN-XiaoxiaoNeural_SC-000132.wav,edgetts,mandarin,SC-000132,zh-CN-XiaoxiaoNeural,0.9657,可检
data/redteam/factory/edgetts/dongbei/edgetts_dongbei_zh-CN-liaoning-XiaobeiNeural_SC-001662.wav,edgetts,dongbei,SC-001662,zh-CN-liaoning-XiaobeiNeural,0.9658,可检
data/redteam/factory/edgetts/mandarin/edgetts_mandarin_zh-CN-XiaoxiaoNeural_SC-000290.wav,edgetts,mandarin,SC-000290,zh-CN-XiaoxiaoNeural,0.966,可检
data/redteam/factory/edgetts/sichuan/edgetts_sichuan_zh-CN-XiaoxiaoNeural_SC-000684.wav,edgetts,sichuan,SC-000684,zh-CN-XiaoxiaoNeural,0.966,可检
data/redteam/factory/sovits_api/mandarin/sovits_api_mandarin_ref_boot_edgetts_mandarin_zh-CN-YunjianNeural_SC-000007_seg8s_SC-000089.wav,sovits_api,mandarin,SC-000089,ref_boot_edgetts_mandarin_zh-CN-YunjianNeural_SC-000007_seg8s,0.966,可检
data/redteam/factory/edgetts/cantonese/edgetts_cantonese_zh-HK-WanLungNeural_SC-000007.wav,edgetts,cantonese,SC-000007,zh-HK-WanLungNeural,0.9661,可检
data/redteam/factory/edgetts/henan/edgetts_henan_zh-CN-shaanxi-XiaoniNeural_SC-000613.wav,edgetts,henan,SC-000613,zh-CN-shaanxi-XiaoniNeural,0.9661,可检
data/redteam/factory/edgetts/mandarin/edgetts_mandarin_zh-CN-XiaoxiaoNeural_SC-000134.wav,edgetts,mandarin,SC-000134,zh-CN-XiaoxiaoNeural,0.9661,可检
data/redteam/factory/sovits_api/minnan/sovits_api_minnan_ref_boot_edgetts_minnan_zh-TW-HsiaoChenNeural_SC-000001_SC-000006.wav,sovits_api,minnan,SC-000006,ref_boot_edgetts_minnan_zh-TW-HsiaoChenNeural_SC-000001,0.9661,可检
data/redteam/factory/sovits_api/henan/sovits_api_henan_ref_boot_edgetts_henan_zh-CN-shaanxi-XiaoniNeural_SC-000009_seg8s_SC-000025.wav,sovits_api,henan,SC-000025,ref_boot_edgetts_henan_zh-CN-shaanxi-XiaoniNeural_SC-000009_seg8s,0.9661,可检
data/redteam/factory/edgetts/minnan/edgetts_minnan_zh-TW-HsiaoChenNeural_SC-001105.wav,edgetts,minnan,SC-001105,zh-TW-HsiaoChenNeural,0.9662,可检
data/redteam/factory/edgetts/henan/edgetts_henan_zh-CN-shaanxi-XiaoniNeural_SC-000002.wav,edgetts,henan,SC-000002,zh-CN-shaanxi-XiaoniNeural,0.9663,可检
data/redteam/factory/edgetts/cantonese/edgetts_cantonese_zh-HK-WanLungNeural_SC-001169.wav,edgetts,cantonese,SC-001169,zh-HK-WanLungNeural,0.9663,可检
data/redteam/factory/edgetts/sichuan/edgetts_sichuan_zh-CN-XiaoxiaoNeural_SC-000632.wav,edgetts,sichuan,SC-000632,zh-CN-XiaoxiaoNeural,0.9663,可检
data/redteam/factory/edgetts/sichuan/edgetts_sichuan_zh-CN-XiaoxiaoNeural_SC-000287.wav,edgetts,sichuan,SC-000287,zh-CN-XiaoxiaoNeural,0.9664,可检
data/redteam/factory/edgetts/henan/edgetts_henan_zh-CN-shaanxi-XiaoniNeural_SC-000906.wav,edgetts,henan,SC-000906,zh-CN-shaanxi-XiaoniNeural,0.9664,可检
data/redteam/factory/edgetts/minnan/edgetts_minnan_zh-TW-HsiaoChenNeural_SC-000797.wav,edgetts,minnan,SC-000797,zh-TW-HsiaoChenNeural,0.9664,可检
data/redteam/factory/edgetts/mandarin/edgetts_mandarin_zh-CN-XiaoxiaoNeural_SC-000004.wav,edgetts,mandarin,SC-000004,zh-CN-XiaoxiaoNeural,0.9665,可检
data/redteam/factory/edgetts/sichuan/edgetts_sichuan_zh-CN-XiaoxiaoNeural_SC-000004.wav,edgetts,sichuan,SC-000004,zh-CN-XiaoxiaoNeural,0.9665,可检
data/redteam/factory/edgetts/mandarin/edgetts_mandarin_zh-CN-XiaoxiaoNeural_SC-000488.wav,edgetts,mandarin,SC-000488,zh-CN-XiaoxiaoNeural,0.9665,可检
data/redteam/factory/sovits_api/mandarin/sovits_api_mandarin_ref_boot_edgetts_mandarin_zh-CN-YunxiNeural_SC-000007_seg8s_SC-000083.wav,sovits_api,mandarin,SC-000083,ref_boot_edgetts_mandarin_zh-CN-YunxiNeural_SC-000007_seg8s,0.9665,可检
data/redteam/factory/sovits_api/cantonese/sovits_api_cantonese_ref_boot_edgetts_cantonese_zh-HK-WanLungNeural_SC-000005_seg8s_SC-000049.wav,sovits_api,cantonese,SC-000049,ref_boot_edgetts_cantonese_zh-HK-WanLungNeural_SC-000005_seg8s,0.9665,可检
data/redteam/factory/edgetts/cantonese/edgetts_cantonese_zh-HK-HiuMaanNeural_SC-000010.wav,edgetts,cantonese,SC-000010,zh-HK-HiuMaanNeural,0.9666,可检
data/redteam/factory/sovits_api/mandarin/sovits_api_mandarin_ref_boot_edgetts_mandarin_zh-CN-YunxiNeural_SC-000007_seg8s_SC-000046.wav,sovits_api,mandarin,SC-000046,ref_boot_edgetts_mandarin_zh-CN-YunxiNeural_SC-000007_seg8s,0.9667,可检
data/redteam/factory/sovits_api/sichuan/sovits_api_sichuan_ref_boot_edgetts_sichuan_zh-CN-YunxiNeural_SC-000010_SC-000188.wav,sovits_api,sichuan,SC-000188,ref_boot_edgetts_sichuan_zh-CN-YunxiNeural_SC-000010,0.9669,可检
data/redteam/factory/edgetts/mandarin/edgetts_mandarin_zh-CN-XiaoxiaoNeural_SC-000053.wav,edgetts,mandarin,SC-000053,zh-CN-XiaoxiaoNeural,0.967,可检
data/redteam/factory/edgetts/mandarin/edgetts_mandarin_zh-CN-XiaoxiaoNeural_SC-000496.wav,edgetts,mandarin,SC-000496,zh-CN-XiaoxiaoNeural,0.967,可检
data/redteam/factory/sovits_api/mandarin/sovits_api_mandarin_ref_boot_edgetts_mandarin_zh-CN-YunxiNeural_SC-000007_seg8s_SC-000037.wav,sovits_api,mandarin,SC-000037,ref_boot_edgetts_mandarin_zh-CN-YunxiNeural_SC-000007_seg8s,0.967,可检
data/redteam/factory/sovits_api/cantonese/sovits_api_cantonese_ref_boot_edgetts_cantonese_zh-HK-WanLungNeural_SC-000005_seg8s_SC-000079.wav,sovits_api,cantonese,SC-000079,ref_boot_edgetts_cantonese_zh-HK-WanLungNeural_SC-000005_seg8s,0.967,可检
data/redteam/factory/sovits_api/henan/sovits_api_henan_ref_boot_edgetts_henan_zh-CN-shaanxi-XiaoniNeural_SC-000009_seg8s_SC-000147.wav,sovits_api,henan,SC-000147,ref_boot_edgetts_henan_zh-CN-shaanxi-XiaoniNeural_SC-000009_seg8s,0.967,可检
data/redteam/factory/edgetts/mandarin/edgetts_mandarin_zh-CN-XiaoxiaoNeural_SC-000007.wav,edgetts,mandarin,SC-000007,zh-CN-XiaoxiaoNeural,0.9671,可检
data/redteam/factory/edgetts/sichuan/edgetts_sichuan_zh-CN-XiaoxiaoNeural_SC-000007.wav,edgetts,sichuan,SC-000007,zh-CN-XiaoxiaoNeural,0.9671,可检
data/redteam/factory/edgetts/henan/edgetts_henan_zh-CN-shaanxi-XiaoniNeural_SC-000728.wav,edgetts,henan,SC-000728,zh-CN-shaanxi-XiaoniNeural,0.9671,可检
data/redteam/factory/sovits_api/minnan/sovits_api_minnan_ref_boot_edgetts_minnan_zh-TW-YunJheNeural_SC-000001_SC-000391.wav,sovits_api,minnan,SC-000391,ref_boot_edgetts_minnan_zh-TW-YunJheNeural_SC-000001,0.9671,可检
data/redteam/factory/edgetts/dongbei/edgetts_dongbei_zh-CN-liaoning-XiaobeiNeural_SC-000609.wav,edgetts,dongbei,SC-000609,zh-CN-liaoning-XiaobeiNeural,0.9672,可检
data/redteam/factory/sovits_api/mandarin/sovits_api_mandarin_ref_boot_edgetts_mandarin_zh-CN-YunxiNeural_SC-000007_seg8s_SC-000069.wav,sovits_api,mandarin,SC-000069,ref_boot_edgetts_mandarin_zh-CN-YunxiNeural_SC-000007_seg8s,0.9672,可检
data/redteam/factory/edgetts/minnan/edgetts_minnan_zh-TW-HsiaoChenNeural_SC-001532.wav,edgetts,minnan,SC-001532,zh-TW-HsiaoChenNeural,0.9673,可检
data/redteam/factory/edgetts/minnan/edgetts_minnan_zh-TW-HsiaoChenNeural_SC-001151.wav,edgetts,minnan,SC-001151,zh-TW-HsiaoChenNeural,0.9673,可检
data/redteam/factory/edgetts/mandarin/edgetts_mandarin_zh-CN-XiaoxiaoNeural_SC-000018.wav,edgetts,mandarin,SC-000018,zh-CN-XiaoxiaoNeural,0.9674,可检
data/redteam/factory/edgetts/sichuan/edgetts_sichuan_zh-CN-XiaoxiaoNeural_SC-000018.wav,edgetts,sichuan,SC-000018,zh-CN-XiaoxiaoNeural,0.9674,可检
data/redteam/factory/edgetts/minnan/edgetts_minnan_zh-TW-YunJheNeural_SC-001373.wav,edgetts,minnan,SC-001373,zh-TW-YunJheNeural,0.9674,可检
data/redteam/factory/edgetts/sichuan/edgetts_sichuan_zh-CN-XiaoxiaoNeural_SC-000481.wav,edgetts,sichuan,SC-000481,zh-CN-XiaoxiaoNeural,0.9674,可检
data/redteam/factory/sovits_api/dongbei/sovits_api_dongbei_ref_boot_edgetts_dongbei_zh-CN-liaoning-XiaobeiNeural_SC-000002_seg8s_SC-000270.wav,sovits_api,dongbei,SC-000270,ref_boot_edgetts_dongbei_zh-CN-liaoning-XiaobeiNeural_SC-000002_seg8s,0.9674,可检
data/redteam/factory/edgetts/minnan/edgetts_minnan_zh-TW-HsiaoChenNeural_SC-000130.wav,edgetts,minnan,SC-000130,zh-TW-HsiaoChenNeural,0.9675,可检
data/redteam/factory/edgetts/sichuan/edgetts_sichuan_zh-CN-XiaoxiaoNeural_SC-000315.wav,edgetts,sichuan,SC-000315,zh-CN-XiaoxiaoNeural,0.9675,可检
data/redteam/factory/edgetts/mandarin/edgetts_mandarin_zh-CN-XiaoxiaoNeural_SC-000480.wav,edgetts,mandarin,SC-000480,zh-CN-XiaoxiaoNeural,0.9677,可检
data/redteam/factory/sovits_api/cantonese/sovits_api_cantonese_ref_boot_edgetts_cantonese_zh-HK-WanLungNeural_SC-000005_seg8s_SC-000103.wav,sovits_api,cantonese,SC-000103,ref_boot_edgetts_cantonese_zh-HK-WanLungNeural_SC-000005_seg8s,0.9677,可检
data/redteam/factory/edgetts/mandarin/edgetts_mandarin_zh-CN-XiaoxiaoNeural_SC-000313.wav,edgetts,mandarin,SC-000313,zh-CN-XiaoxiaoNeural,0.968,可检
data/redteam/factory/edgetts/cantonese/edgetts_cantonese_zh-HK-HiuMaanNeural_SC-001459.wav,edgetts,cantonese,SC-001459,zh-HK-HiuMaanNeural,0.9681,可检
data/redteam/factory/sovits_api/sichuan/sovits_api_sichuan_ref_boot_edgetts_sichuan_zh-CN-XiaoxiaoNeural_SC-000010_SC-000010.wav,sovits_api,sichuan,SC-000010,ref_boot_edgetts_sichuan_zh-CN-XiaoxiaoNeural_SC-000010,0.9681,可检
data/redteam/factory/sovits_api/cantonese/sovits_api_cantonese_ref_boot_edgetts_cantonese_zh-HK-HiuMaanNeural_SC-000005_seg8s_SC-000131.wav,sovits_api,cantonese,SC-000131,ref_boot_edgetts_cantonese_zh-HK-HiuMaanNeural_SC-000005_seg8s,0.9681,可检
data/redteam/factory/sovits_api/cantonese/sovits_api_cantonese_ref_boot_edgetts_cantonese_zh-HK-WanLungNeural_SC-000005_seg8s_SC-000333.wav,sovits_api,cantonese,SC-000333,ref_boot_edgetts_cantonese_zh-HK-WanLungNeural_SC-000005_seg8s,0.9681,可检
data/redteam/factory/sovits_api/dongbei/sovits_api_dongbei_ref_boot_edgetts_dongbei_zh-CN-liaoning-XiaobeiNeural_SC-000002_seg8s_SC-000161.wav,sovits_api,dongbei,SC-000161,ref_boot_edgetts_dongbei_zh-CN-liaoning-XiaobeiNeural_SC-000002_seg8s,0.9681,可检
data/redteam/factory/edgetts/sichuan/edgetts_sichuan_zh-CN-YunxiNeural_SC-000907.wav,edgetts,sichuan,SC-000907,zh-CN-YunxiNeural,0.9684,可检
data/redteam/factory/edgetts/mandarin/edgetts_mandarin_zh-CN-YunjianNeural_SC-000014.wav,edgetts,mandarin,SC-000014,zh-CN-YunjianNeural,0.9685,可检
data/redteam/factory/edgetts/cantonese/edgetts_cantonese_zh-HK-HiuMaanNeural_SC-001263.wav,edgetts,cantonese,SC-001263,zh-HK-HiuMaanNeural,0.9685,可检
data/redteam/factory/edgetts/sichuan/edgetts_sichuan_zh-CN-XiaoxiaoNeural_SC-000467.wav,edgetts,sichuan,SC-000467,zh-CN-XiaoxiaoNeural,0.9686,可检
data/redteam/factory/edgetts/mandarin/edgetts_mandarin_zh-CN-YunxiNeural_SC-000193.wav,edgetts,mandarin,SC-000193,zh-CN-YunxiNeural,0.9686,可检
data/redteam/factory/edgetts/mandarin/edgetts_mandarin_zh-CN-XiaoxiaoNeural_SC-000501.wav,edgetts,mandarin,SC-000501,zh-CN-XiaoxiaoNeural,0.9687,可检
data/redteam/factory/sovits_api/cantonese/sovits_api_cantonese_ref_boot_edgetts_cantonese_zh-HK-HiuMaanNeural_SC-000005_seg8s_SC-000246.wav,sovits_api,cantonese,SC-000246,ref_boot_edgetts_cantonese_zh-HK-HiuMaanNeural_SC-000005_seg8s,0.9687,可检
data/redteam/factory/edgetts/cantonese/edgetts_cantonese_zh-HK-HiuMaanNeural_SC-001544.wav,edgetts,cantonese,SC-001544,zh-HK-HiuMaanNeural,0.9688,可检
data/redteam/factory/edgetts/minnan/edgetts_minnan_zh-TW-HsiaoChenNeural_SC-001258.wav,edgetts,minnan,SC-001258,zh-TW-HsiaoChenNeural,0.9689,可检
data/redteam/factory/edgetts/mandarin/edgetts_mandarin_zh-CN-XiaoxiaoNeural_SC-000253.wav,edgetts,mandarin,SC-000253,zh-CN-XiaoxiaoNeural,0.9689,可检
data/redteam/factory/sovits_api/cantonese/sovits_api_cantonese_ref_boot_edgetts_cantonese_zh-HK-WanLungNeural_SC-000005_seg8s_SC-000312.wav,sovits_api,cantonese,SC-000312,ref_boot_edgetts_cantonese_zh-HK-WanLungNeural_SC-000005_seg8s,0.9691,可检
data/redteam/factory/edgetts/sichuan/edgetts_sichuan_zh-CN-XiaoxiaoNeural_SC-000295.wav,edgetts,sichuan,SC-000295,zh-CN-XiaoxiaoNeural,0.9693,可检
data/redteam/factory/edgetts/mandarin/edgetts_mandarin_zh-CN-XiaoxiaoNeural_SC-000337.wav,edgetts,mandarin,SC-000337,zh-CN-XiaoxiaoNeural,0.9693,可检
data/redteam/factory/sovits_api/minnan/sovits_api_minnan_ref_boot_edgetts_minnan_zh-TW-HsiaoChenNeural_SC-000001_SC-000054.wav,sovits_api,minnan,SC-000054,ref_boot_edgetts_minnan_zh-TW-HsiaoChenNeural_SC-000001,0.9693,可检
data/redteam/factory/edgetts/cantonese/edgetts_cantonese_zh-HK-HiuMaanNeural_SC-001403.wav,edgetts,cantonese,SC-001403,zh-HK-HiuMaanNeural,0.9694,可检
data/redteam/factory/edgetts/sichuan/edgetts_sichuan_zh-CN-YunxiNeural_SC-000457.wav,edgetts,sichuan,SC-000457,zh-CN-YunxiNeural,0.9694,可检
data/redteam/factory/edgetts/henan/edgetts_henan_zh-CN-shaanxi-XiaoniNeural_SC-001081.wav,edgetts,henan,SC-001081,zh-CN-shaanxi-XiaoniNeural,0.9694,可检
data/redteam/factory/sovits_api/henan/sovits_api_henan_ref_boot_edgetts_henan_zh-CN-shaanxi-XiaoniNeural_SC-000009_seg8s_SC-000274.wav,sovits_api,henan,SC-000274,ref_boot_edgetts_henan_zh-CN-shaanxi-XiaoniNeural_SC-000009_seg8s,0.9694,可检
data/redteam/factory/edgetts/cantonese/edgetts_cantonese_zh-HK-HiuMaanNeural_SC-000823.wav,edgetts,cantonese,SC-000823,zh-HK-HiuMaanNeural,0.9695,可检
data/redteam/factory/edgetts/cantonese/edgetts_cantonese_zh-HK-HiuMaanNeural_SC-001169.wav,edgetts,cantonese,SC-001169,zh-HK-HiuMaanNeural,0.9695,可检
data/redteam/factory/edgetts/mandarin/edgetts_mandarin_zh-CN-XiaoxiaoNeural_SC-000335.wav,edgetts,mandarin,SC-000335,zh-CN-XiaoxiaoNeural,0.9695,可检
data/redteam/factory/edgetts/sichuan/edgetts_sichuan_zh-CN-XiaoxiaoNeural_SC-000896.wav,edgetts,sichuan,SC-000896,zh-CN-XiaoxiaoNeural,0.9695,可检
data/redteam/factory/edgetts/minnan/edgetts_minnan_zh-TW-HsiaoChenNeural_SC-000014.wav,edgetts,minnan,SC-000014,zh-TW-HsiaoChenNeural,0.9696,可检
data/redteam/factory/edgetts/sichuan/edgetts_sichuan_zh-CN-XiaoxiaoNeural_SC-001104.wav,edgetts,sichuan,SC-001104,zh-CN-XiaoxiaoNeural,0.9696,可检
data/redteam/factory/edgetts/mandarin/edgetts_mandarin_zh-CN-XiaoxiaoNeural_SC-000341.wav,edgetts,mandarin,SC-000341,zh-CN-XiaoxiaoNeural,0.9696,可检
data/redteam/factory/edgetts/cantonese/edgetts_cantonese_zh-HK-WanLungNeural_SC-000718.wav,edgetts,cantonese,SC-000718,zh-HK-WanLungNeural,0.9697,可检
data/redteam/factory/edgetts/sichuan/edgetts_sichuan_zh-CN-XiaoxiaoNeural_SC-001412.wav,edgetts,sichuan,SC-001412,zh-CN-XiaoxiaoNeural,0.9697,可检
data/redteam/factory/edgetts/mandarin/edgetts_mandarin_zh-CN-YunyangNeural_SC-000018.wav,edgetts,mandarin,SC-000018,zh-CN-YunyangNeural,0.9698,可检
data/redteam/factory/edgetts/sichuan/edgetts_sichuan_zh-CN-YunxiNeural_SC-000199.wav,edgetts,sichuan,SC-000199,zh-CN-YunxiNeural,0.9698,可检
data/redteam/factory/sovits_api/minnan/sovits_api_minnan_ref_boot_edgetts_minnan_zh-TW-HsiaoChenNeural_SC-000001_SC-000421.wav,sovits_api,minnan,SC-000421,ref_boot_edgetts_minnan_zh-TW-HsiaoChenNeural_SC-000001,0.9699,可检
data/redteam/factory/edgetts/sichuan/edgetts_sichuan_zh-CN-XiaoxiaoNeural_SC-001176.wav,edgetts,sichuan,SC-001176,zh-CN-XiaoxiaoNeural,0.97,可检
data/redteam/factory/edgetts/mandarin/edgetts_mandarin_zh-CN-XiaoxiaoNeural_SC-000437.wav,edgetts,mandarin,SC-000437,zh-CN-XiaoxiaoNeural,0.97,可检
data/redteam/factory/edgetts/mandarin/edgetts_mandarin_zh-CN-XiaoxiaoNeural_SC-000020.wav,edgetts,mandarin,SC-000020,zh-CN-XiaoxiaoNeural,0.9701,可检
data/redteam/factory/edgetts/sichuan/edgetts_sichuan_zh-CN-XiaoxiaoNeural_SC-000020.wav,edgetts,sichuan,SC-000020,zh-CN-XiaoxiaoNeural,0.9701,可检
data/redteam/factory/sovits_api/dongbei/sovits_api_dongbei_ref_boot_edgetts_dongbei_zh-CN-liaoning-XiaobeiNeural_SC-000002_seg8s_SC-000243.wav,sovits_api,dongbei,SC-000243,ref_boot_edgetts_dongbei_zh-CN-liaoning-XiaobeiNeural_SC-000002_seg8s,0.9703,可检
data/redteam/factory/sovits_api/cantonese/sovits_api_cantonese_ref_boot_edgetts_cantonese_zh-HK-HiuMaanNeural_SC-000005_seg8s_SC-000014.wav,sovits_api,cantonese,SC-000014,ref_boot_edgetts_cantonese_zh-HK-HiuMaanNeural_SC-000005_seg8s,0.9705,可检
data/redteam/factory/edgetts/mandarin/edgetts_mandarin_zh-CN-XiaoxiaoNeural_SC-000241.wav,edgetts,mandarin,SC-000241,zh-CN-XiaoxiaoNeural,0.9706,可检
data/redteam/factory/edgetts/henan/edgetts_henan_zh-CN-shaanxi-XiaoniNeural_SC-001000.wav,edgetts,henan,SC-001000,zh-CN-shaanxi-XiaoniNeural,0.9706,可检
data/redteam/factory/edgetts/cantonese/edgetts_cantonese_zh-HK-HiuMaanNeural_SC-001498.wav,edgetts,cantonese,SC-001498,zh-HK-HiuMaanNeural,0.9706,可检
data/redteam/factory/edgetts/cantonese/edgetts_cantonese_zh-HK-HiuMaanNeural_SC-001562.wav,edgetts,cantonese,SC-001562,zh-HK-HiuMaanNeural,0.9706,可检
data/redteam/factory/edgetts/cantonese/edgetts_cantonese_zh-HK-WanLungNeural_SC-000020.wav,edgetts,cantonese,SC-000020,zh-HK-WanLungNeural,0.9707,可检
data/redteam/factory/edgetts/cantonese/edgetts_cantonese_zh-HK-HiuMaanNeural_SC-000187.wav,edgetts,cantonese,SC-000187,zh-HK-HiuMaanNeural,0.9707,可检
data/redteam/factory/edgetts/mandarin/edgetts_mandarin_zh-CN-YunxiNeural_SC-000265.wav,edgetts,mandarin,SC-000265,zh-CN-YunxiNeural,0.9707,可检
data/redteam/factory/edgetts/cantonese/edgetts_cantonese_zh-HK-HiuMaanNeural_SC-001508.wav,edgetts,cantonese,SC-001508,zh-HK-HiuMaanNeural,0.9707,可检
data/redteam/factory/edgetts/cantonese/edgetts_cantonese_zh-HK-HiuMaanNeural_SC-000277.wav,edgetts,cantonese,SC-000277,zh-HK-HiuMaanNeural,0.9709,可检
data/redteam/factory/sovits_api/sichuan/sovits_api_sichuan_ref_boot_edgetts_sichuan_zh-CN-YunxiNeural_SC-000010_SC-000251.wav,sovits_api,sichuan,SC-000251,ref_boot_edgetts_sichuan_zh-CN-YunxiNeural_SC-000010,0.9709,可检
data/redteam/factory/edgetts/sichuan/edgetts_sichuan_zh-CN-XiaoxiaoNeural_SC-000436.wav,edgetts,sichuan,SC-000436,zh-CN-XiaoxiaoNeural,0.971,可检
data/redteam/factory/edgetts/sichuan/edgetts_sichuan_zh-CN-XiaoxiaoNeural_SC-001126.wav,edgetts,sichuan,SC-001126,zh-CN-XiaoxiaoNeural,0.9711,可检
data/redteam/factory/edgetts/cantonese/edgetts_cantonese_zh-HK-HiuMaanNeural_SC-001482.wav,edgetts,cantonese,SC-001482,zh-HK-HiuMaanNeural,0.9711,可检
data/redteam/factory/sovits_api/minnan/sovits_api_minnan_ref_boot_edgetts_minnan_zh-TW-YunJheNeural_SC-000001_SC-000367.wav,sovits_api,minnan,SC-000367,ref_boot_edgetts_minnan_zh-TW-YunJheNeural_SC-000001,0.9711,可检
data/redteam/factory/edgetts/cantonese/edgetts_cantonese_zh-HK-HiuMaanNeural_SC-000022.wav,edgetts,cantonese,SC-000022,zh-HK-HiuMaanNeural,0.9712,可检
data/redteam/factory/edgetts/mandarin/edgetts_mandarin_zh-CN-XiaoxiaoNeural_SC-000476.wav,edgetts,mandarin,SC-000476,zh-CN-XiaoxiaoNeural,0.9712,可检
data/redteam/factory/edgetts/cantonese/edgetts_cantonese_zh-HK-HiuMaanNeural_SC-000666.wav,edgetts,cantonese,SC-000666,zh-HK-HiuMaanNeural,0.9713,可检
data/redteam/factory/edgetts/mandarin/edgetts_mandarin_zh-CN-XiaoxiaoNeural_SC-000236.wav,edgetts,mandarin,SC-000236,zh-CN-XiaoxiaoNeural,0.9714,可检
data/redteam/factory/edgetts/sichuan/edgetts_sichuan_zh-CN-XiaoxiaoNeural_SC-000687.wav,edgetts,sichuan,SC-000687,zh-CN-XiaoxiaoNeural,0.9714,可检
data/redteam/factory/edgetts/mandarin/edgetts_mandarin_zh-CN-XiaoxiaoNeural_SC-000238.wav,edgetts,mandarin,SC-000238,zh-CN-XiaoxiaoNeural,0.9715,可检
data/redteam/factory/edgetts/sichuan/edgetts_sichuan_zh-CN-YunxiNeural_SC-001442.wav,edgetts,sichuan,SC-001442,zh-CN-YunxiNeural,0.9716,可检
data/redteam/factory/edgetts/cantonese/edgetts_cantonese_zh-HK-HiuMaanNeural_SC-001142.wav,edgetts,cantonese,SC-001142,zh-HK-HiuMaanNeural,0.9716,可检
data/redteam/factory/sovits_api/mandarin/sovits_api_mandarin_ref_boot_edgetts_mandarin_zh-CN-XiaoxiaoNeural_SC-000007_seg8s_SC-000083.wav,sovits_api,mandarin,SC-000083,ref_boot_edgetts_mandarin_zh-CN-XiaoxiaoNeural_SC-000007_seg8s,0.9716,可检
data/redteam/factory/sovits_api/mandarin/sovits_api_mandarin_ref_boot_edgetts_mandarin_zh-CN-YunjianNeural_SC-000007_seg8s_SC-000095.wav,sovits_api,mandarin,SC-000095,ref_boot_edgetts_mandarin_zh-CN-YunjianNeural_SC-000007_seg8s,0.9716,可检
data/redteam/factory/sovits_api/sichuan/sovits_api_sichuan_ref_boot_edgetts_sichuan_zh-CN-YunxiNeural_SC-000010_SC-000255.wav,sovits_api,sichuan,SC-000255,ref_boot_edgetts_sichuan_zh-CN-YunxiNeural_SC-000010,0.9716,可检
data/redteam/factory/edgetts/minnan/edgetts_minnan_zh-TW-HsiaoChenNeural_SC-000013.wav,edgetts,minnan,SC-000013,zh-TW-HsiaoChenNeural,0.9717,可检
data/redteam/factory/edgetts/minnan/edgetts_minnan_zh-TW-HsiaoChenNeural_SC-000071.wav,edgetts,minnan,SC-000071,zh-TW-HsiaoChenNeural,0.9717,可检
data/redteam/factory/edgetts/cantonese/edgetts_cantonese_zh-HK-HiuMaanNeural_SC-000679.wav,edgetts,cantonese,SC-000679,zh-HK-HiuMaanNeural,0.9717,可检
data/redteam/factory/edgetts/mandarin/edgetts_mandarin_zh-CN-XiaoxiaoNeural_SC-000382.wav,edgetts,mandarin,SC-000382,zh-CN-XiaoxiaoNeural,0.9717,可检
data/redteam/factory/edgetts/mandarin/edgetts_mandarin_zh-CN-XiaoxiaoNeural_SC-000009.wav,edgetts,mandarin,SC-000009,zh-CN-XiaoxiaoNeural,0.9718,可检
data/redteam/factory/edgetts/sichuan/edgetts_sichuan_zh-CN-XiaoxiaoNeural_SC-000009.wav,edgetts,sichuan,SC-000009,zh-CN-XiaoxiaoNeural,0.9718,可检
data/redteam/factory/edgetts/sichuan/edgetts_sichuan_zh-CN-XiaoxiaoNeural_SC-000579.wav,edgetts,sichuan,SC-000579,zh-CN-XiaoxiaoNeural,0.9719,可检
data/redteam/factory/edgetts/mandarin/edgetts_mandarin_zh-CN-XiaoxiaoNeural_SC-000424.wav,edgetts,mandarin,SC-000424,zh-CN-XiaoxiaoNeural,0.9719,可检
data/redteam/factory/edgetts/minnan/edgetts_minnan_zh-TW-HsiaoChenNeural_SC-001279.wav,edgetts,minnan,SC-001279,zh-TW-HsiaoChenNeural,0.9719,可检
data/redteam/factory/edgetts/henan/edgetts_henan_zh-CN-shaanxi-XiaoniNeural_SC-000010.wav,edgetts,henan,SC-000010,zh-CN-shaanxi-XiaoniNeural,0.972,可检
data/redteam/factory/edgetts/minnan/edgetts_minnan_zh-TW-HsiaoChenNeural_SC-001227.wav,edgetts,minnan,SC-001227,zh-TW-HsiaoChenNeural,0.972,可检
data/redteam/factory/edgetts/sichuan/edgetts_sichuan_zh-CN-XiaoxiaoNeural_SC-000212.wav,edgetts,sichuan,SC-000212,zh-CN-XiaoxiaoNeural,0.9721,可检
data/redteam/factory/edgetts/cantonese/edgetts_cantonese_zh-HK-HiuMaanNeural_SC-000955.wav,edgetts,cantonese,SC-000955,zh-HK-HiuMaanNeural,0.9721,可检
data/redteam/factory/edgetts/cantonese/edgetts_cantonese_zh-HK-HiuMaanNeural_SC-001200.wav,edgetts,cantonese,SC-001200,zh-HK-HiuMaanNeural,0.9721,可检
data/redteam/factory/edgetts/cantonese/edgetts_cantonese_zh-HK-HiuMaanNeural_SC-001565.wav,edgetts,cantonese,SC-001565,zh-HK-HiuMaanNeural,0.9721,可检
data/redteam/factory/edgetts/minnan/edgetts_minnan_zh-TW-HsiaoChenNeural_SC-000696.wav,edgetts,minnan,SC-000696,zh-TW-HsiaoChenNeural,0.9721,可检
data/redteam/factory/sovits_api/henan/sovits_api_henan_ref_boot_edgetts_henan_zh-CN-shaanxi-XiaoniNeural_SC-000009_seg8s_SC-000233.wav,sovits_api,henan,SC-000233,ref_boot_edgetts_henan_zh-CN-shaanxi-XiaoniNeural_SC-000009_seg8s,0.9721,可检
data/redteam/factory/edgetts/sichuan/edgetts_sichuan_zh-CN-XiaoxiaoNeural_SC-000792.wav,edgetts,sichuan,SC-000792,zh-CN-XiaoxiaoNeural,0.9725,可检
data/redteam/factory/edgetts/henan/edgetts_henan_zh-CN-shaanxi-XiaoniNeural_SC-000959.wav,edgetts,henan,SC-000959,zh-CN-shaanxi-XiaoniNeural,0.9725,可检
data/redteam/factory/sovits_api/cantonese/sovits_api_cantonese_ref_boot_edgetts_cantonese_zh-HK-WanLungNeural_SC-000005_seg8s_SC-000131.wav,sovits_api,cantonese,SC-000131,ref_boot_edgetts_cantonese_zh-HK-WanLungNeural_SC-000005_seg8s,0.9725,可检
data/redteam/factory/edgetts/henan/edgetts_henan_zh-CN-shaanxi-XiaoniNeural_SC-000773.wav,edgetts,henan,SC-000773,zh-CN-shaanxi-XiaoniNeural,0.9726,可检
data/redteam/factory/sovits_api/sichuan/sovits_api_sichuan_ref_boot_edgetts_sichuan_zh-CN-YunxiNeural_SC-000010_SC-000244.wav,sovits_api,sichuan,SC-000244,ref_boot_edgetts_sichuan_zh-CN-YunxiNeural_SC-000010,0.9726,可检
data/redteam/factory/sovits_api/minnan/sovits_api_minnan_ref_boot_edgetts_minnan_zh-TW-YunJheNeural_SC-000001_SC-000406.wav,sovits_api,minnan,SC-000406,ref_boot_edgetts_minnan_zh-TW-YunJheNeural_SC-000001,0.9727,可检
data/redteam/factory/edgetts/sichuan/edgetts_sichuan_zh-CN-XiaoxiaoNeural_SC-001249.wav,edgetts,sichuan,SC-001249,zh-CN-XiaoxiaoNeural,0.9728,可检
data/redteam/factory/edgetts/mandarin/edgetts_mandarin_zh-CN-XiaoxiaoNeural_SC-000104.wav,edgetts,mandarin,SC-000104,zh-CN-XiaoxiaoNeural,0.9729,可检
data/redteam/factory/sovits_api/henan/sovits_api_henan_ref_boot_edgetts_henan_zh-CN-shaanxi-XiaoniNeural_SC-000009_seg8s_SC-000108.wav,sovits_api,henan,SC-000108,ref_boot_edgetts_henan_zh-CN-shaanxi-XiaoniNeural_SC-000009_seg8s,0.9729,可检
data/redteam/factory/edgetts/minnan/edgetts_minnan_zh-TW-HsiaoChenNeural_SC-000237.wav,edgetts,minnan,SC-000237,zh-TW-HsiaoChenNeural,0.973,可检
data/redteam/factory/sovits_api/mandarin/sovits_api_mandarin_ref_boot_edgetts_mandarin_zh-CN-YunjianNeural_SC-000007_seg8s_SC-000060.wav,sovits_api,mandarin,SC-000060,ref_boot_edgetts_mandarin_zh-CN-YunjianNeural_SC-000007_seg8s,0.973,可检
data/redteam/factory/sovits_api/mandarin/sovits_api_mandarin_ref_boot_edgetts_mandarin_zh-CN-YunxiNeural_SC-000007_seg8s_SC-000050.wav,sovits_api,mandarin,SC-000050,ref_boot_edgetts_mandarin_zh-CN-YunxiNeural_SC-000007_seg8s,0.973,可检
data/redteam/factory/edgetts/henan/edgetts_henan_zh-CN-shaanxi-XiaoniNeural_SC-000139.wav,edgetts,henan,SC-000139,zh-CN-shaanxi-XiaoniNeural,0.9731,可检
data/redteam/factory/edgetts/sichuan/edgetts_sichuan_zh-CN-YunxiNeural_SC-000946.wav,edgetts,sichuan,SC-000946,zh-CN-YunxiNeural,0.9732,可检
data/redteam/factory/sovits_api/cantonese/sovits_api_cantonese_ref_boot_edgetts_cantonese_zh-HK-WanLungNeural_SC-000005_seg8s_SC-000247.wav,sovits_api,cantonese,SC-000247,ref_boot_edgetts_cantonese_zh-HK-WanLungNeural_SC-000005_seg8s,0.9732,可检
data/redteam/factory/sovits_api/minnan/sovits_api_minnan_ref_boot_edgetts_minnan_zh-TW-HsiaoChenNeural_SC-000001_SC-000391.wav,sovits_api,minnan,SC-000391,ref_boot_edgetts_minnan_zh-TW-HsiaoChenNeural_SC-000001,0.9733,可检
data/redteam/factory/edgetts/henan/edgetts_henan_zh-CN-shaanxi-XiaoniNeural_SC-000015.wav,edgetts,henan,SC-000015,zh-CN-shaanxi-XiaoniNeural,0.9734,可检
data/redteam/factory/edgetts/minnan/edgetts_minnan_zh-TW-YunJheNeural_SC-000504.wav,edgetts,minnan,SC-000504,zh-TW-YunJheNeural,0.9734,可检
data/redteam/factory/edgetts/minnan/edgetts_minnan_zh-TW-HsiaoChenNeural_SC-001348.wav,edgetts,minnan,SC-001348,zh-TW-HsiaoChenNeural,0.9734,可检
data/redteam/factory/edgetts/cantonese/edgetts_cantonese_zh-HK-WanLungNeural_SC-001304.wav,edgetts,cantonese,SC-001304,zh-HK-WanLungNeural,0.9735,可检
data/redteam/factory/edgetts/sichuan/edgetts_sichuan_zh-CN-XiaoxiaoNeural_SC-001451.wav,edgetts,sichuan,SC-001451,zh-CN-XiaoxiaoNeural,0.9735,可检
data/redteam/factory/sovits_api/mandarin/sovits_api_mandarin_ref_boot_edgetts_mandarin_zh-CN-YunxiNeural_SC-000007_seg8s_SC-000019.wav,sovits_api,mandarin,SC-000019,ref_boot_edgetts_mandarin_zh-CN-YunxiNeural_SC-000007_seg8s,0.9735,可检
data/redteam/factory/edgetts/minnan/edgetts_minnan_zh-TW-YunJheNeural_SC-000970.wav,edgetts,minnan,SC-000970,zh-TW-YunJheNeural,0.9736,可检
data/redteam/factory/edgetts/cantonese/edgetts_cantonese_zh-HK-WanLungNeural_SC-000547.wav,edgetts,cantonese,SC-000547,zh-HK-WanLungNeural,0.9736,可检
data/redteam/factory/edgetts/sichuan/edgetts_sichuan_zh-CN-XiaoxiaoNeural_SC-000251.wav,edgetts,sichuan,SC-000251,zh-CN-XiaoxiaoNeural,0.9737,可检
data/redteam/factory/sovits_api/cantonese/sovits_api_cantonese_ref_boot_edgetts_cantonese_zh-HK-HiuMaanNeural_SC-000005_seg8s_SC-000258.wav,sovits_api,cantonese,SC-000258,ref_boot_edgetts_cantonese_zh-HK-HiuMaanNeural_SC-000005_seg8s,0.9737,可检
data/redteam/factory/edgetts/mandarin/edgetts_mandarin_zh-CN-XiaoxiaoNeural_SC-000470.wav,edgetts,mandarin,SC-000470,zh-CN-XiaoxiaoNeural,0.974,可检
data/redteam/factory/edgetts/minnan/edgetts_minnan_zh-TW-HsiaoChenNeural_SC-001439.wav,edgetts,minnan,SC-001439,zh-TW-HsiaoChenNeural,0.9741,可检
data/redteam/factory/edgetts/mandarin/edgetts_mandarin_zh-CN-XiaoxiaoNeural_SC-000012.wav,edgetts,mandarin,SC-000012,zh-CN-XiaoxiaoNeural,0.9742,可检
data/redteam/factory/edgetts/sichuan/edgetts_sichuan_zh-CN-XiaoxiaoNeural_SC-000012.wav,edgetts,sichuan,SC-000012,zh-CN-XiaoxiaoNeural,0.9742,可检
data/redteam/factory/edgetts/cantonese/edgetts_cantonese_zh-HK-HiuMaanNeural_SC-000023.wav,edgetts,cantonese,SC-000023,zh-HK-HiuMaanNeural,0.9743,可检
data/redteam/factory/edgetts/cantonese/edgetts_cantonese_zh-HK-HiuMaanNeural_SC-001062.wav,edgetts,cantonese,SC-001062,zh-HK-HiuMaanNeural,0.9743,可检
data/redteam/factory/edgetts/sichuan/edgetts_sichuan_zh-CN-XiaoxiaoNeural_SC-000409.wav,edgetts,sichuan,SC-000409,zh-CN-XiaoxiaoNeural,0.9743,可检
data/redteam/factory/sovits_api/sichuan/sovits_api_sichuan_ref_boot_edgetts_sichuan_zh-CN-XiaoxiaoNeural_SC-000010_SC-000179.wav,sovits_api,sichuan,SC-000179,ref_boot_edgetts_sichuan_zh-CN-XiaoxiaoNeural_SC-000010,0.9743,可检
data/redteam/factory/edgetts/mandarin/edgetts_mandarin_zh-CN-XiaoxiaoNeural_SC-000292.wav,edgetts,mandarin,SC-000292,zh-CN-XiaoxiaoNeural,0.9744,可检
data/redteam/factory/edgetts/minnan/edgetts_minnan_zh-TW-HsiaoChenNeural_SC-001487.wav,edgetts,minnan,SC-001487,zh-TW-HsiaoChenNeural,0.9744,可检
data/redteam/factory/edgetts/minnan/edgetts_minnan_zh-TW-HsiaoChenNeural_SC-000882.wav,edgetts,minnan,SC-000882,zh-TW-HsiaoChenNeural,0.9744,可检
data/redteam/factory/edgetts/sichuan/edgetts_sichuan_zh-CN-XiaoxiaoNeural_SC-001061.wav,edgetts,sichuan,SC-001061,zh-CN-XiaoxiaoNeural,0.9744,可检
data/redteam/factory/edgetts/minnan/edgetts_minnan_zh-TW-YunJheNeural_SC-001466.wav,edgetts,minnan,SC-001466,zh-TW-YunJheNeural,0.9746,可检
data/redteam/factory/edgetts/sichuan/edgetts_sichuan_zh-CN-XiaoxiaoNeural_SC-000373.wav,edgetts,sichuan,SC-000373,zh-CN-XiaoxiaoNeural,0.9746,可检
data/redteam/factory/edgetts/cantonese/edgetts_cantonese_zh-HK-HiuMaanNeural_SC-000639.wav,edgetts,cantonese,SC-000639,zh-HK-HiuMaanNeural,0.9746,可检
data/redteam/factory/sovits_api/mandarin/sovits_api_mandarin_ref_boot_edgetts_mandarin_zh-CN-YunxiNeural_SC-000007_seg8s_SC-000053.wav,sovits_api,mandarin,SC-000053,ref_boot_edgetts_mandarin_zh-CN-YunxiNeural_SC-000007_seg8s,0.9746,可检
data/redteam/factory/edgetts/cantonese/edgetts_cantonese_zh-HK-WanLungNeural_SC-000019.wav,edgetts,cantonese,SC-000019,zh-HK-WanLungNeural,0.9748,可检
data/redteam/factory/edgetts/sichuan/edgetts_sichuan_zh-CN-XiaoxiaoNeural_SC-000165.wav,edgetts,sichuan,SC-000165,zh-CN-XiaoxiaoNeural,0.9748,可检
data/redteam/factory/edgetts/mandarin/edgetts_mandarin_zh-CN-XiaoxiaoNeural_SC-000011.wav,edgetts,mandarin,SC-000011,zh-CN-XiaoxiaoNeural,0.9749,可检
data/redteam/factory/edgetts/sichuan/edgetts_sichuan_zh-CN-XiaoxiaoNeural_SC-000011.wav,edgetts,sichuan,SC-000011,zh-CN-XiaoxiaoNeural,0.9749,可检
data/redteam/factory/edgetts/mandarin/edgetts_mandarin_zh-CN-XiaoxiaoNeural_SC-000444.wav,edgetts,mandarin,SC-000444,zh-CN-XiaoxiaoNeural,0.975,可检
data/redteam/factory/edgetts/henan/edgetts_henan_zh-CN-shaanxi-XiaoniNeural_SC-000517.wav,edgetts,henan,SC-000517,zh-CN-shaanxi-XiaoniNeural,0.975,可检
data/redteam/factory/edgetts/minnan/edgetts_minnan_zh-TW-HsiaoChenNeural_SC-001519.wav,edgetts,minnan,SC-001519,zh-TW-HsiaoChenNeural,0.975,可检
data/redteam/factory/edgetts/minnan/edgetts_minnan_zh-TW-YunJheNeural_SC-001487.wav,edgetts,minnan,SC-001487,zh-TW-YunJheNeural,0.9751,可检
data/redteam/factory/edgetts/minnan/edgetts_minnan_zh-TW-HsiaoChenNeural_SC-001466.wav,edgetts,minnan,SC-001466,zh-TW-HsiaoChenNeural,0.9752,可检
data/redteam/factory/edgetts/cantonese/edgetts_cantonese_zh-HK-WanLungNeural_SC-000487.wav,edgetts,cantonese,SC-000487,zh-HK-WanLungNeural,0.9752,可检
data/redteam/factory/edgetts/cantonese/edgetts_cantonese_zh-HK-HiuMaanNeural_SC-000489.wav,edgetts,cantonese,SC-000489,zh-HK-HiuMaanNeural,0.9752,可检
data/redteam/factory/sovits_api/mandarin/sovits_api_mandarin_ref_boot_edgetts_mandarin_zh-CN-XiaoxiaoNeural_SC-000007_seg8s_SC-000091.wav,sovits_api,mandarin,SC-000091,ref_boot_edgetts_mandarin_zh-CN-XiaoxiaoNeural_SC-000007_seg8s,0.9752,可检
data/redteam/factory/sovits_api/dongbei/sovits_api_dongbei_ref_boot_edgetts_dongbei_zh-CN-liaoning-XiaobeiNeural_SC-000002_seg8s_SC-000148.wav,sovits_api,dongbei,SC-000148,ref_boot_edgetts_dongbei_zh-CN-liaoning-XiaobeiNeural_SC-000002_seg8s,0.9752,可检
data/redteam/factory/edgetts/minnan/edgetts_minnan_zh-TW-HsiaoChenNeural_SC-000282.wav,edgetts,minnan,SC-000282,zh-TW-HsiaoChenNeural,0.9755,可检
data/redteam/factory/edgetts/henan/edgetts_henan_zh-CN-shaanxi-XiaoniNeural_SC-001382.wav,edgetts,henan,SC-001382,zh-CN-shaanxi-XiaoniNeural,0.9755,可检
data/redteam/factory/sovits_api/sichuan/sovits_api_sichuan_ref_boot_edgetts_sichuan_zh-CN-YunxiNeural_SC-000010_SC-000212.wav,sovits_api,sichuan,SC-000212,ref_boot_edgetts_sichuan_zh-CN-YunxiNeural_SC-000010,0.9755,可检
data/redteam/factory/edgetts/mandarin/edgetts_mandarin_zh-CN-YunxiNeural_SC-000190.wav,edgetts,mandarin,SC-000190,zh-CN-YunxiNeural,0.9756,可检
data/redteam/factory/sovits_api/sichuan/sovits_api_sichuan_ref_boot_edgetts_sichuan_zh-CN-XiaoxiaoNeural_SC-000010_SC-000144.wav,sovits_api,sichuan,SC-000144,ref_boot_edgetts_sichuan_zh-CN-XiaoxiaoNeural_SC-000010,0.9756,可检
data/redteam/factory/edgetts/mandarin/edgetts_mandarin_zh-CN-XiaoxiaoNeural_SC-000089.wav,edgetts,mandarin,SC-000089,zh-CN-XiaoxiaoNeural,0.9757,可检
data/redteam/factory/edgetts/minnan/edgetts_minnan_zh-TW-HsiaoChenNeural_SC-001034.wav,edgetts,minnan,SC-001034,zh-TW-HsiaoChenNeural,0.9757,可检
data/redteam/factory/sovits_api/minnan/sovits_api_minnan_ref_boot_edgetts_minnan_zh-TW-YunJheNeural_SC-000001_SC-000020.wav,sovits_api,minnan,SC-000020,ref_boot_edgetts_minnan_zh-TW-YunJheNeural_SC-000001,0.9758,可检
data/redteam/factory/sovits_api/cantonese/sovits_api_cantonese_ref_boot_edgetts_cantonese_zh-HK-WanLungNeural_SC-000005_seg8s_SC-000014.wav,sovits_api,cantonese,SC-000014,ref_boot_edgetts_cantonese_zh-HK-WanLungNeural_SC-000005_seg8s,0.9758,可检
data/redteam/factory/sovits_api/sichuan/sovits_api_sichuan_ref_boot_edgetts_sichuan_zh-CN-XiaoxiaoNeural_SC-000010_SC-000205.wav,sovits_api,sichuan,SC-000205,ref_boot_edgetts_sichuan_zh-CN-XiaoxiaoNeural_SC-000010,0.9759,可检
data/redteam/factory/sovits_api/dongbei/sovits_api_dongbei_ref_boot_edgetts_dongbei_zh-CN-liaoning-XiaobeiNeural_SC-000002_seg8s_SC-000141.wav,sovits_api,dongbei,SC-000141,ref_boot_edgetts_dongbei_zh-CN-liaoning-XiaobeiNeural_SC-000002_seg8s,0.9759,可检
data/redteam/factory/edgetts/henan/edgetts_henan_zh-CN-shaanxi-XiaoniNeural_SC-001525.wav,edgetts,henan,SC-001525,zh-CN-shaanxi-XiaoniNeural,0.976,可检
data/redteam/factory/sovits_api/minnan/sovits_api_minnan_ref_boot_edgetts_minnan_zh-TW-HsiaoChenNeural_SC-000001_SC-000257.wav,sovits_api,minnan,SC-000257,ref_boot_edgetts_minnan_zh-TW-HsiaoChenNeural_SC-000001,0.9761,可检
data/redteam/factory/sovits_api/cantonese/sovits_api_cantonese_ref_boot_edgetts_cantonese_zh-HK-HiuMaanNeural_SC-000005_seg8s_SC-000145.wav,sovits_api,cantonese,SC-000145,ref_boot_edgetts_cantonese_zh-HK-HiuMaanNeural_SC-000005_seg8s,0.9761,可检
data/redteam/factory/sovits_api/mandarin/sovits_api_mandarin_ref_boot_edgetts_mandarin_zh-CN-YunjianNeural_SC-000007_seg8s_SC-000083.wav,sovits_api,mandarin,SC-000083,ref_boot_edgetts_mandarin_zh-CN-YunjianNeural_SC-000007_seg8s,0.9762,可检
data/redteam/factory/sovits_api/mandarin/sovits_api_mandarin_ref_boot_edgetts_mandarin_zh-CN-YunxiNeural_SC-000007_seg8s_SC-000082.wav,sovits_api,mandarin,SC-000082,ref_boot_edgetts_mandarin_zh-CN-YunxiNeural_SC-000007_seg8s,0.9762,可检
data/redteam/factory/edgetts/cantonese/edgetts_cantonese_zh-HK-HiuMaanNeural_SC-001251.wav,edgetts,cantonese,SC-001251,zh-HK-HiuMaanNeural,0.9763,可检
data/redteam/factory/sovits_api/cantonese/sovits_api_cantonese_ref_boot_edgetts_cantonese_zh-HK-WanLungNeural_SC-000005_seg8s_SC-000145.wav,sovits_api,cantonese,SC-000145,ref_boot_edgetts_cantonese_zh-HK-WanLungNeural_SC-000005_seg8s,0.9763,可检
data/redteam/factory/edgetts/sichuan/edgetts_sichuan_zh-CN-XiaoxiaoNeural_SC-000177.wav,edgetts,sichuan,SC-000177,zh-CN-XiaoxiaoNeural,0.9764,可检
data/redteam/factory/edgetts/cantonese/edgetts_cantonese_zh-HK-HiuMaanNeural_SC-000515.wav,edgetts,cantonese,SC-000515,zh-HK-HiuMaanNeural,0.9764,可检
data/redteam/factory/edgetts/cantonese/edgetts_cantonese_zh-HK-HiuMaanNeural_SC-000004.wav,edgetts,cantonese,SC-000004,zh-HK-HiuMaanNeural,0.9765,可检
data/redteam/factory/edgetts/minnan/edgetts_minnan_zh-TW-HsiaoChenNeural_SC-000841.wav,edgetts,minnan,SC-000841,zh-TW-HsiaoChenNeural,0.9765,可检
data/redteam/factory/edgetts/cantonese/edgetts_cantonese_zh-HK-WanLungNeural_SC-001042.wav,edgetts,cantonese,SC-001042,zh-HK-WanLungNeural,0.9765,可检
data/redteam/factory/edgetts/mandarin/edgetts_mandarin_zh-CN-XiaoxiaoNeural_SC-000204.wav,edgetts,mandarin,SC-000204,zh-CN-XiaoxiaoNeural,0.9766,可检
data/redteam/factory/edgetts/mandarin/edgetts_mandarin_zh-CN-XiaoxiaoNeural_SC-000304.wav,edgetts,mandarin,SC-000304,zh-CN-XiaoxiaoNeural,0.9766,可检
data/redteam/factory/edgetts/henan/edgetts_henan_zh-CN-shaanxi-XiaoniNeural_SC-001254.wav,edgetts,henan,SC-001254,zh-CN-shaanxi-XiaoniNeural,0.9766,可检
data/redteam/factory/sovits_api/henan/sovits_api_henan_ref_boot_edgetts_henan_zh-CN-shaanxi-XiaoniNeural_SC-000009_seg8s_SC-000338.wav,sovits_api,henan,SC-000338,ref_boot_edgetts_henan_zh-CN-shaanxi-XiaoniNeural_SC-000009_seg8s,0.9766,可检
data/redteam/factory/sovits_api/mandarin/sovits_api_mandarin_ref_boot_edgetts_mandarin_zh-CN-YunjianNeural_SC-000007_seg8s_SC-000012.wav,sovits_api,mandarin,SC-000012,ref_boot_edgetts_mandarin_zh-CN-YunjianNeural_SC-000007_seg8s,0.9767,可检
data/redteam/factory/edgetts/henan/edgetts_henan_zh-CN-shaanxi-XiaoniNeural_SC-000284.wav,edgetts,henan,SC-000284,zh-CN-shaanxi-XiaoniNeural,0.9768,可检
data/redteam/factory/sovits_api/sichuan/sovits_api_sichuan_ref_boot_edgetts_sichuan_zh-CN-YunxiNeural_SC-000010_SC-000232.wav,sovits_api,sichuan,SC-000232,ref_boot_edgetts_sichuan_zh-CN-YunxiNeural_SC-000010,0.9768,可检
data/redteam/factory/edgetts/henan/edgetts_henan_zh-CN-shaanxi-XiaoniNeural_SC-000914.wav,edgetts,henan,SC-000914,zh-CN-shaanxi-XiaoniNeural,0.9769,可检
data/redteam/factory/edgetts/sichuan/edgetts_sichuan_zh-CN-XiaoxiaoNeural_SC-000576.wav,edgetts,sichuan,SC-000576,zh-CN-XiaoxiaoNeural,0.977,可检
data/redteam/factory/edgetts/cantonese/edgetts_cantonese_zh-HK-WanLungNeural_SC-001508.wav,edgetts,cantonese,SC-001508,zh-HK-WanLungNeural,0.977,可检
data/redteam/factory/edgetts/cantonese/edgetts_cantonese_zh-HK-HiuMaanNeural_SC-000447.wav,edgetts,cantonese,SC-000447,zh-HK-HiuMaanNeural,0.9771,可检
data/redteam/factory/edgetts/sichuan/edgetts_sichuan_zh-CN-XiaoxiaoNeural_SC-000597.wav,edgetts,sichuan,SC-000597,zh-CN-XiaoxiaoNeural,0.9771,可检
data/redteam/factory/edgetts/cantonese/edgetts_cantonese_zh-HK-HiuMaanNeural_SC-001135.wav,edgetts,cantonese,SC-001135,zh-HK-HiuMaanNeural,0.9771,可检
data/redteam/factory/edgetts/minnan/edgetts_minnan_zh-TW-YunJheNeural_SC-000063.wav,edgetts,minnan,SC-000063,zh-TW-YunJheNeural,0.9772,可检
data/redteam/factory/edgetts/sichuan/edgetts_sichuan_zh-CN-XiaoxiaoNeural_SC-000076.wav,edgetts,sichuan,SC-000076,zh-CN-XiaoxiaoNeural,0.9773,可检
data/redteam/factory/edgetts/sichuan/edgetts_sichuan_zh-CN-XiaoxiaoNeural_SC-000429.wav,edgetts,sichuan,SC-000429,zh-CN-XiaoxiaoNeural,0.9773,可检
data/redteam/factory/edgetts/minnan/edgetts_minnan_zh-TW-HsiaoChenNeural_SC-000705.wav,edgetts,minnan,SC-000705,zh-TW-HsiaoChenNeural,0.9774,可检
data/redteam/factory/edgetts/mandarin/edgetts_mandarin_zh-CN-XiaoxiaoNeural_SC-000401.wav,edgetts,mandarin,SC-000401,zh-CN-XiaoxiaoNeural,0.9775,可检
data/redteam/factory/sovits_api/mandarin/sovits_api_mandarin_ref_boot_edgetts_mandarin_zh-CN-YunxiNeural_SC-000007_seg8s_SC-000057.wav,sovits_api,mandarin,SC-000057,ref_boot_edgetts_mandarin_zh-CN-YunxiNeural_SC-000007_seg8s,0.9775,可检
data/redteam/factory/edgetts/sichuan/edgetts_sichuan_zh-CN-YunxiNeural_SC-000107.wav,edgetts,sichuan,SC-000107,zh-CN-YunxiNeural,0.9776,可检
data/redteam/factory/sovits_api/mandarin/sovits_api_mandarin_ref_boot_edgetts_mandarin_zh-CN-YunjianNeural_SC-000007_seg8s_SC-000093.wav,sovits_api,mandarin,SC-000093,ref_boot_edgetts_mandarin_zh-CN-YunjianNeural_SC-000007_seg8s,0.9776,可检
data/redteam/factory/edgetts/cantonese/edgetts_cantonese_zh-HK-HiuMaanNeural_SC-000714.wav,edgetts,cantonese,SC-000714,zh-HK-HiuMaanNeural,0.9777,可检
data/redteam/factory/sovits_api/cantonese/sovits_api_cantonese_ref_boot_edgetts_cantonese_zh-HK-HiuMaanNeural_SC-000005_seg8s_SC-000333.wav,sovits_api,cantonese,SC-000333,ref_boot_edgetts_cantonese_zh-HK-HiuMaanNeural_SC-000005_seg8s,0.9777,可检
data/redteam/factory/edgetts/cantonese/edgetts_cantonese_zh-HK-HiuMaanNeural_SC-001286.wav,edgetts,cantonese,SC-001286,zh-HK-HiuMaanNeural,0.9778,可检
data/redteam/factory/sovits_api/minnan/sovits_api_minnan_ref_boot_edgetts_minnan_zh-TW-HsiaoChenNeural_SC-000001_SC-000004.wav,sovits_api,minnan,SC-000004,ref_boot_edgetts_minnan_zh-TW-HsiaoChenNeural_SC-000001,0.9778,可检
data/redteam/factory/edgetts/minnan/edgetts_minnan_zh-TW-HsiaoChenNeural_SC-000028.wav,edgetts,minnan,SC-000028,zh-TW-HsiaoChenNeural,0.978,可检
data/redteam/factory/edgetts/mandarin/edgetts_mandarin_zh-CN-XiaoxiaoNeural_SC-000046.wav,edgetts,mandarin,SC-000046,zh-CN-XiaoxiaoNeural,0.978,可检
data/redteam/factory/sovits_api/mandarin/sovits_api_mandarin_ref_boot_edgetts_mandarin_zh-CN-YunxiNeural_SC-000007_seg8s_SC-000086.wav,sovits_api,mandarin,SC-000086,ref_boot_edgetts_mandarin_zh-CN-YunxiNeural_SC-000007_seg8s,0.9781,可检
data/redteam/factory/edgetts/sichuan/edgetts_sichuan_zh-CN-XiaoxiaoNeural_SC-001393.wav,edgetts,sichuan,SC-001393,zh-CN-XiaoxiaoNeural,0.9782,可检
data/redteam/factory/edgetts/sichuan/edgetts_sichuan_zh-CN-XiaoxiaoNeural_SC-000986.wav,edgetts,sichuan,SC-000986,zh-CN-XiaoxiaoNeural,0.9782,可检
data/redteam/factory/edgetts/cantonese/edgetts_cantonese_zh-HK-HiuMaanNeural_SC-000285.wav,edgetts,cantonese,SC-000285,zh-HK-HiuMaanNeural,0.9783,可检
data/redteam/factory/edgetts/dongbei/edgetts_dongbei_zh-CN-liaoning-XiaobeiNeural_SC-001545.wav,edgetts,dongbei,SC-001545,zh-CN-liaoning-XiaobeiNeural,0.9783,可检
data/redteam/factory/edgetts/minnan/edgetts_minnan_zh-TW-HsiaoChenNeural_SC-000022.wav,edgetts,minnan,SC-000022,zh-TW-HsiaoChenNeural,0.9784,可检
data/redteam/factory/edgetts/henan/edgetts_henan_zh-CN-shaanxi-XiaoniNeural_SC-000067.wav,edgetts,henan,SC-000067,zh-CN-shaanxi-XiaoniNeural,0.9785,可检
data/redteam/factory/edgetts/mandarin/edgetts_mandarin_zh-CN-XiaoxiaoNeural_SC-000347.wav,edgetts,mandarin,SC-000347,zh-CN-XiaoxiaoNeural,0.9785,可检
data/redteam/factory/edgetts/mandarin/edgetts_mandarin_zh-CN-XiaoxiaoNeural_SC-000455.wav,edgetts,mandarin,SC-000455,zh-CN-XiaoxiaoNeural,0.9785,可检
data/redteam/factory/edgetts/minnan/edgetts_minnan_zh-TW-HsiaoChenNeural_SC-001110.wav,edgetts,minnan,SC-001110,zh-TW-HsiaoChenNeural,0.9785,可检
data/redteam/factory/edgetts/minnan/edgetts_minnan_zh-TW-HsiaoChenNeural_SC-001712.wav,edgetts,minnan,SC-001712,zh-TW-HsiaoChenNeural,0.9786,可检
data/redteam/factory/sovits_api/mandarin/sovits_api_mandarin_ref_boot_edgetts_mandarin_zh-CN-YunjianNeural_SC-000007_seg8s_SC-000090.wav,sovits_api,mandarin,SC-000090,ref_boot_edgetts_mandarin_zh-CN-YunjianNeural_SC-000007_seg8s,0.9787,可检
data/redteam/factory/edgetts/minnan/edgetts_minnan_zh-TW-HsiaoChenNeural_SC-000257.wav,edgetts,minnan,SC-000257,zh-TW-HsiaoChenNeural,0.9788,可检
data/redteam/factory/sovits_api/mandarin/sovits_api_mandarin_ref_boot_edgetts_mandarin_zh-CN-YunjianNeural_SC-000007_seg8s_SC-000037.wav,sovits_api,mandarin,SC-000037,ref_boot_edgetts_mandarin_zh-CN-YunjianNeural_SC-000007_seg8s,0.9788,可检
data/redteam/factory/edgetts/cantonese/edgetts_cantonese_zh-HK-HiuMaanNeural_SC-000312.wav,edgetts,cantonese,SC-000312,zh-HK-HiuMaanNeural,0.9789,可检
data/redteam/factory/edgetts/cantonese/edgetts_cantonese_zh-HK-HiuMaanNeural_SC-000699.wav,edgetts,cantonese,SC-000699,zh-HK-HiuMaanNeural,0.9789,可检
data/redteam/factory/sovits_api/dongbei/sovits_api_dongbei_ref_boot_edgetts_dongbei_zh-CN-liaoning-XiaobeiNeural_SC-000002_seg8s_SC-000149.wav,sovits_api,dongbei,SC-000149,ref_boot_edgetts_dongbei_zh-CN-liaoning-XiaobeiNeural_SC-000002_seg8s,0.9789,可检
data/redteam/factory/edgetts/cantonese/edgetts_cantonese_zh-HK-HiuMaanNeural_SC-001085.wav,edgetts,cantonese,SC-001085,zh-HK-HiuMaanNeural,0.979,可检
data/redteam/factory/sovits_api/dongbei/sovits_api_dongbei_ref_boot_edgetts_dongbei_zh-CN-liaoning-XiaobeiNeural_SC-000002_seg8s_SC-000206.wav,sovits_api,dongbei,SC-000206,ref_boot_edgetts_dongbei_zh-CN-liaoning-XiaobeiNeural_SC-000002_seg8s,0.979,可检
data/redteam/factory/edgetts/sichuan/edgetts_sichuan_zh-CN-XiaoxiaoNeural_SC-000244.wav,edgetts,sichuan,SC-000244,zh-CN-XiaoxiaoNeural,0.9791,可检
data/redteam/factory/edgetts/minnan/edgetts_minnan_zh-TW-HsiaoChenNeural_SC-001133.wav,edgetts,minnan,SC-001133,zh-TW-HsiaoChenNeural,0.9791,可检
data/redteam/factory/edgetts/cantonese/edgetts_cantonese_zh-HK-HiuMaanNeural_SC-000049.wav,edgetts,cantonese,SC-000049,zh-HK-HiuMaanNeural,0.9792,可检
data/redteam/factory/edgetts/sichuan/edgetts_sichuan_zh-CN-XiaoxiaoNeural_SC-000457.wav,edgetts,sichuan,SC-000457,zh-CN-XiaoxiaoNeural,0.9792,可检
data/redteam/factory/edgetts/minnan/edgetts_minnan_zh-TW-HsiaoChenNeural_SC-000881.wav,edgetts,minnan,SC-000881,zh-TW-HsiaoChenNeural,0.9792,可检
data/redteam/factory/sovits_api/mandarin/sovits_api_mandarin_ref_boot_edgetts_mandarin_zh-CN-YunjianNeural_SC-000007_seg8s_SC-000096.wav,sovits_api,mandarin,SC-000096,ref_boot_edgetts_mandarin_zh-CN-YunjianNeural_SC-000007_seg8s,0.9792,可检
data/redteam/factory/sovits_api/dongbei/sovits_api_dongbei_ref_boot_edgetts_dongbei_zh-CN-liaoning-XiaobeiNeural_SC-000002_seg8s_SC-000167.wav,sovits_api,dongbei,SC-000167,ref_boot_edgetts_dongbei_zh-CN-liaoning-XiaobeiNeural_SC-000002_seg8s,0.9792,可检
data/redteam/factory/edgetts/minnan/edgetts_minnan_zh-TW-HsiaoChenNeural_SC-000980.wav,edgetts,minnan,SC-000980,zh-TW-HsiaoChenNeural,0.9793,可检
data/redteam/factory/edgetts/cantonese/edgetts_cantonese_zh-HK-HiuMaanNeural_SC-000801.wav,edgetts,cantonese,SC-000801,zh-HK-HiuMaanNeural,0.9793,可检
data/redteam/factory/sovits_api/mandarin/sovits_api_mandarin_ref_boot_edgetts_mandarin_zh-CN-YunjianNeural_SC-000007_seg8s_SC-000082.wav,sovits_api,mandarin,SC-000082,ref_boot_edgetts_mandarin_zh-CN-YunjianNeural_SC-000007_seg8s,0.9793,可检
data/redteam/factory/sovits_api/mandarin/sovits_api_mandarin_ref_boot_edgetts_mandarin_zh-CN-YunxiNeural_SC-000007_seg8s_SC-000072.wav,sovits_api,mandarin,SC-000072,ref_boot_edgetts_mandarin_zh-CN-YunxiNeural_SC-000007_seg8s,0.9793,可检
data/redteam/factory/edgetts/sichuan/edgetts_sichuan_zh-CN-XiaoxiaoNeural_SC-000683.wav,edgetts,sichuan,SC-000683,zh-CN-XiaoxiaoNeural,0.9794,可检
data/redteam/factory/edgetts/cantonese/edgetts_cantonese_zh-HK-HiuMaanNeural_SC-000246.wav,edgetts,cantonese,SC-000246,zh-HK-HiuMaanNeural,0.9795,可检
data/redteam/factory/edgetts/sichuan/edgetts_sichuan_zh-CN-XiaoxiaoNeural_SC-001511.wav,edgetts,sichuan,SC-001511,zh-CN-XiaoxiaoNeural,0.9795,可检
data/redteam/factory/edgetts/sichuan/edgetts_sichuan_zh-CN-XiaoxiaoNeural_SC-001028.wav,edgetts,sichuan,SC-001028,zh-CN-XiaoxiaoNeural,0.9795,可检
data/redteam/factory/edgetts/cantonese/edgetts_cantonese_zh-HK-HiuMaanNeural_SC-001607.wav,edgetts,cantonese,SC-001607,zh-HK-HiuMaanNeural,0.9795,可检
data/redteam/factory/edgetts/minnan/edgetts_minnan_zh-TW-HsiaoChenNeural_SC-000017.wav,edgetts,minnan,SC-000017,zh-TW-HsiaoChenNeural,0.9796,可检
data/redteam/factory/edgetts/cantonese/edgetts_cantonese_zh-HK-HiuMaanNeural_SC-000410.wav,edgetts,cantonese,SC-000410,zh-HK-HiuMaanNeural,0.9796,可检
data/redteam/factory/edgetts/minnan/edgetts_minnan_zh-TW-HsiaoChenNeural_SC-000802.wav,edgetts,minnan,SC-000802,zh-TW-HsiaoChenNeural,0.9796,可检
data/redteam/factory/edgetts/mandarin/edgetts_mandarin_zh-CN-XiaoxiaoNeural_SC-000452.wav,edgetts,mandarin,SC-000452,zh-CN-XiaoxiaoNeural,0.9796,可检
data/redteam/factory/edgetts/minnan/edgetts_minnan_zh-TW-HsiaoChenNeural_SC-000721.wav,edgetts,minnan,SC-000721,zh-TW-HsiaoChenNeural,0.9796,可检
data/redteam/factory/edgetts/mandarin/edgetts_mandarin_zh-CN-YunxiNeural_SC-000325.wav,edgetts,mandarin,SC-000325,zh-CN-YunxiNeural,0.9797,可检
data/redteam/factory/sovits_api/cantonese/sovits_api_cantonese_ref_boot_edgetts_cantonese_zh-HK-HiuMaanNeural_SC-000005_seg8s_SC-000329.wav,sovits_api,cantonese,SC-000329,ref_boot_edgetts_cantonese_zh-HK-HiuMaanNeural_SC-000005_seg8s,0.9797,可检
data/redteam/factory/sovits_api/mandarin/sovits_api_mandarin_ref_boot_edgetts_mandarin_zh-CN-YunjianNeural_SC-000007_seg8s_SC-000026.wav,sovits_api,mandarin,SC-000026,ref_boot_edgetts_mandarin_zh-CN-YunjianNeural_SC-000007_seg8s,0.9798,可检
data/redteam/factory/sovits_api/cantonese/sovits_api_cantonese_ref_boot_edgetts_cantonese_zh-HK-HiuMaanNeural_SC-000005_seg8s_SC-000245.wav,sovits_api,cantonese,SC-000245,ref_boot_edgetts_cantonese_zh-HK-HiuMaanNeural_SC-000005_seg8s,0.9799,可检
data/redteam/factory/edgetts/cantonese/edgetts_cantonese_zh-HK-HiuMaanNeural_SC-001467.wav,edgetts,cantonese,SC-001467,zh-HK-HiuMaanNeural,0.9801,可检
data/redteam/factory/edgetts/mandarin/edgetts_mandarin_zh-CN-XiaoxiaoNeural_SC-000314.wav,edgetts,mandarin,SC-000314,zh-CN-XiaoxiaoNeural,0.9801,可检
data/redteam/factory/sovits_api/mandarin/sovits_api_mandarin_ref_boot_edgetts_mandarin_zh-CN-XiaoxiaoNeural_SC-000007_seg8s_SC-000045.wav,sovits_api,mandarin,SC-000045,ref_boot_edgetts_mandarin_zh-CN-XiaoxiaoNeural_SC-000007_seg8s,0.9801,可检
data/redteam/factory/sovits_api/mandarin/sovits_api_mandarin_ref_boot_edgetts_mandarin_zh-CN-XiaoxiaoNeural_SC-000007_seg8s_SC-000050.wav,sovits_api,mandarin,SC-000050,ref_boot_edgetts_mandarin_zh-CN-XiaoxiaoNeural_SC-000007_seg8s,0.9801,可检
data/redteam/factory/sovits_api/henan/sovits_api_henan_ref_boot_edgetts_henan_zh-CN-shaanxi-XiaoniNeural_SC-000009_seg8s_SC-000183.wav,sovits_api,henan,SC-000183,ref_boot_edgetts_henan_zh-CN-shaanxi-XiaoniNeural_SC-000009_seg8s,0.9801,可检
data/redteam/factory/edgetts/minnan/edgetts_minnan_zh-TW-HsiaoChenNeural_SC-000527.wav,edgetts,minnan,SC-000527,zh-TW-HsiaoChenNeural,0.9802,可检
data/redteam/factory/edgetts/minnan/edgetts_minnan_zh-TW-HsiaoChenNeural_SC-000943.wav,edgetts,minnan,SC-000943,zh-TW-HsiaoChenNeural,0.9803,可检
data/redteam/factory/edgetts/mandarin/edgetts_mandarin_zh-CN-XiaoxiaoNeural_SC-000474.wav,edgetts,mandarin,SC-000474,zh-CN-XiaoxiaoNeural,0.9803,可检
data/redteam/factory/sovits_api/mandarin/sovits_api_mandarin_ref_boot_edgetts_mandarin_zh-CN-YunjianNeural_SC-000007_seg8s_SC-000019.wav,sovits_api,mandarin,SC-000019,ref_boot_edgetts_mandarin_zh-CN-YunjianNeural_SC-000007_seg8s,0.9803,可检
data/redteam/factory/sovits_api/minnan/sovits_api_minnan_ref_boot_edgetts_minnan_zh-TW-YunJheNeural_SC-000001_SC-000055.wav,sovits_api,minnan,SC-000055,ref_boot_edgetts_minnan_zh-TW-YunJheNeural_SC-000001,0.9803,可检
data/redteam/factory/sovits_api/cantonese/sovits_api_cantonese_ref_boot_edgetts_cantonese_zh-HK-HiuMaanNeural_SC-000005_seg8s_SC-000296.wav,sovits_api,cantonese,SC-000296,ref_boot_edgetts_cantonese_zh-HK-HiuMaanNeural_SC-000005_seg8s,0.9803,可检
data/redteam/factory/edgetts/cantonese/edgetts_cantonese_zh-HK-HiuMaanNeural_SC-000305.wav,edgetts,cantonese,SC-000305,zh-HK-HiuMaanNeural,0.9804,可检
data/redteam/factory/edgetts/cantonese/edgetts_cantonese_zh-HK-HiuMaanNeural_SC-000950.wav,edgetts,cantonese,SC-000950,zh-HK-HiuMaanNeural,0.9805,可检
data/redteam/factory/edgetts/minnan/edgetts_minnan_zh-TW-HsiaoChenNeural_SC-000958.wav,edgetts,minnan,SC-000958,zh-TW-HsiaoChenNeural,0.9805,可检
data/redteam/factory/sovits_api/cantonese/sovits_api_cantonese_ref_boot_edgetts_cantonese_zh-HK-WanLungNeural_SC-000005_seg8s_SC-000140.wav,sovits_api,cantonese,SC-000140,ref_boot_edgetts_cantonese_zh-HK-WanLungNeural_SC-000005_seg8s,0.9805,可检
data/redteam/factory/sovits_api/cantonese/sovits_api_cantonese_ref_boot_edgetts_cantonese_zh-HK-WanLungNeural_SC-000005_seg8s_SC-000239.wav,sovits_api,cantonese,SC-000239,ref_boot_edgetts_cantonese_zh-HK-WanLungNeural_SC-000005_seg8s,0.9805,可检
data/redteam/factory/edgetts/cantonese/edgetts_cantonese_zh-HK-HiuMaanNeural_SC-001109.wav,edgetts,cantonese,SC-001109,zh-HK-HiuMaanNeural,0.9806,可检
data/redteam/factory/edgetts/minnan/edgetts_minnan_zh-TW-HsiaoChenNeural_SC-001187.wav,edgetts,minnan,SC-001187,zh-TW-HsiaoChenNeural,0.9806,可检
data/redteam/factory/sovits_api/sichuan/sovits_api_sichuan_ref_boot_edgetts_sichuan_zh-CN-YunxiNeural_SC-000010_SC-000271.wav,sovits_api,sichuan,SC-000271,ref_boot_edgetts_sichuan_zh-CN-YunxiNeural_SC-000010,0.9806,可检
data/redteam/factory/edgetts/sichuan/edgetts_sichuan_zh-CN-XiaoxiaoNeural_SC-000186.wav,edgetts,sichuan,SC-000186,zh-CN-XiaoxiaoNeural,0.9807,可检
data/redteam/factory/edgetts/cantonese/edgetts_cantonese_zh-HK-WanLungNeural_SC-000495.wav,edgetts,cantonese,SC-000495,zh-HK-WanLungNeural,0.9807,可检
data/redteam/factory/edgetts/cantonese/edgetts_cantonese_zh-HK-HiuMaanNeural_SC-000281.wav,edgetts,cantonese,SC-000281,zh-HK-HiuMaanNeural,0.9808,可检
data/redteam/factory/edgetts/minnan/edgetts_minnan_zh-TW-HsiaoChenNeural_SC-001084.wav,edgetts,minnan,SC-001084,zh-TW-HsiaoChenNeural,0.9808,可检
data/redteam/factory/edgetts/mandarin/edgetts_mandarin_zh-CN-XiaoxiaoNeural_SC-000082.wav,edgetts,mandarin,SC-000082,zh-CN-XiaoxiaoNeural,0.9809,可检
data/redteam/factory/edgetts/minnan/edgetts_minnan_zh-TW-HsiaoChenNeural_SC-000056.wav,edgetts,minnan,SC-000056,zh-TW-HsiaoChenNeural,0.9809,可检
data/redteam/factory/edgetts/mandarin/edgetts_mandarin_zh-CN-XiaoxiaoNeural_SC-000086.wav,edgetts,mandarin,SC-000086,zh-CN-XiaoxiaoNeural,0.981,可检
data/redteam/factory/edgetts/minnan/edgetts_minnan_zh-TW-HsiaoChenNeural_SC-000363.wav,edgetts,minnan,SC-000363,zh-TW-HsiaoChenNeural,0.981,可检
data/redteam/factory/edgetts/minnan/edgetts_minnan_zh-TW-HsiaoChenNeural_SC-001049.wav,edgetts,minnan,SC-001049,zh-TW-HsiaoChenNeural,0.981,可检
data/redteam/factory/edgetts/cantonese/edgetts_cantonese_zh-HK-HiuMaanNeural_SC-001255.wav,edgetts,cantonese,SC-001255,zh-HK-HiuMaanNeural,0.981,可检
data/redteam/factory/edgetts/mandarin/edgetts_mandarin_zh-CN-XiaoxiaoNeural_SC-000507.wav,edgetts,mandarin,SC-000507,zh-CN-XiaoxiaoNeural,0.9811,可检
data/redteam/factory/edgetts/mandarin/edgetts_mandarin_zh-CN-XiaoxiaoNeural_SC-000327.wav,edgetts,mandarin,SC-000327,zh-CN-XiaoxiaoNeural,0.9812,可检
data/redteam/factory/edgetts/cantonese/edgetts_cantonese_zh-HK-HiuMaanNeural_SC-000711.wav,edgetts,cantonese,SC-000711,zh-HK-HiuMaanNeural,0.9812,可检
data/redteam/factory/edgetts/minnan/edgetts_minnan_zh-TW-HsiaoChenNeural_SC-000422.wav,edgetts,minnan,SC-000422,zh-TW-HsiaoChenNeural,0.9813,可检
data/redteam/factory/edgetts/dongbei/edgetts_dongbei_zh-CN-liaoning-XiaobeiNeural_SC-001209.wav,edgetts,dongbei,SC-001209,zh-CN-liaoning-XiaobeiNeural,0.9813,可检
data/redteam/factory/sovits_api/dongbei/sovits_api_dongbei_ref_boot_edgetts_dongbei_zh-CN-liaoning-XiaobeiNeural_SC-000002_seg8s_SC-000264.wav,sovits_api,dongbei,SC-000264,ref_boot_edgetts_dongbei_zh-CN-liaoning-XiaobeiNeural_SC-000002_seg8s,0.9813,可检
data/redteam/factory/sovits_api/henan/sovits_api_henan_ref_boot_edgetts_henan_zh-CN-shaanxi-XiaoniNeural_SC-000009_seg8s_SC-000221.wav,sovits_api,henan,SC-000221,ref_boot_edgetts_henan_zh-CN-shaanxi-XiaoniNeural_SC-000009_seg8s,0.9813,可检
data/redteam/factory/edgetts/cantonese/edgetts_cantonese_zh-HK-HiuMaanNeural_SC-000247.wav,edgetts,cantonese,SC-000247,zh-HK-HiuMaanNeural,0.9814,可检
data/redteam/factory/edgetts/cantonese/edgetts_cantonese_zh-HK-HiuMaanNeural_SC-000928.wav,edgetts,cantonese,SC-000928,zh-HK-HiuMaanNeural,0.9814,可检
data/redteam/factory/edgetts/cantonese/edgetts_cantonese_zh-HK-HiuMaanNeural_SC-001606.wav,edgetts,cantonese,SC-001606,zh-HK-HiuMaanNeural,0.9815,可检
data/redteam/factory/edgetts/sichuan/edgetts_sichuan_zh-CN-XiaoxiaoNeural_SC-001166.wav,edgetts,sichuan,SC-001166,zh-CN-XiaoxiaoNeural,0.9816,可检
data/redteam/factory/edgetts/minnan/edgetts_minnan_zh-TW-YunJheNeural_SC-001302.wav,edgetts,minnan,SC-001302,zh-TW-YunJheNeural,0.9816,可检
data/redteam/factory/edgetts/mandarin/edgetts_mandarin_zh-CN-XiaoxiaoNeural_SC-000400.wav,edgetts,mandarin,SC-000400,zh-CN-XiaoxiaoNeural,0.9817,可检
data/redteam/factory/sovits_api/cantonese/sovits_api_cantonese_ref_boot_edgetts_cantonese_zh-HK-HiuMaanNeural_SC-000005_seg8s_SC-000247.wav,sovits_api,cantonese,SC-000247,ref_boot_edgetts_cantonese_zh-HK-HiuMaanNeural_SC-000005_seg8s,0.9817,可检
data/redteam/factory/sovits_api/cantonese/sovits_api_cantonese_ref_boot_edgetts_cantonese_zh-HK-WanLungNeural_SC-000005_seg8s_SC-000142.wav,sovits_api,cantonese,SC-000142,ref_boot_edgetts_cantonese_zh-HK-WanLungNeural_SC-000005_seg8s,0.9817,可检
data/redteam/factory/sovits_api/dongbei/sovits_api_dongbei_ref_boot_edgetts_dongbei_zh-CN-liaoning-XiaobeiNeural_SC-000002_seg8s_SC-000084.wav,sovits_api,dongbei,SC-000084,ref_boot_edgetts_dongbei_zh-CN-liaoning-XiaobeiNeural_SC-000002_seg8s,0.9818,可检
data/redteam/factory/edgetts/cantonese/edgetts_cantonese_zh-HK-WanLungNeural_SC-000652.wav,edgetts,cantonese,SC-000652,zh-HK-WanLungNeural,0.9819,可检
data/redteam/factory/sovits_api/mandarin/sovits_api_mandarin_ref_boot_edgetts_mandarin_zh-CN-YunjianNeural_SC-000007_seg8s_SC-000086.wav,sovits_api,mandarin,SC-000086,ref_boot_edgetts_mandarin_zh-CN-YunjianNeural_SC-000007_seg8s,0.9819,可检
data/redteam/factory/sovits_api/cantonese/sovits_api_cantonese_ref_boot_edgetts_cantonese_zh-HK-HiuMaanNeural_SC-000005_seg8s_SC-000228.wav,sovits_api,cantonese,SC-000228,ref_boot_edgetts_cantonese_zh-HK-HiuMaanNeural_SC-000005_seg8s,0.982,可检
data/redteam/factory/edgetts/cantonese/edgetts_cantonese_zh-HK-HiuMaanNeural_SC-000443.wav,edgetts,cantonese,SC-000443,zh-HK-HiuMaanNeural,0.9821,可检
data/redteam/factory/edgetts/dongbei/edgetts_dongbei_zh-CN-liaoning-XiaobeiNeural_SC-000707.wav,edgetts,dongbei,SC-000707,zh-CN-liaoning-XiaobeiNeural,0.9821,可检
data/redteam/factory/edgetts/cantonese/edgetts_cantonese_zh-HK-HiuMaanNeural_SC-001449.wav,edgetts,cantonese,SC-001449,zh-HK-HiuMaanNeural,0.9821,可检
data/redteam/factory/edgetts/sichuan/edgetts_sichuan_zh-CN-XiaoxiaoNeural_SC-001002.wav,edgetts,sichuan,SC-001002,zh-CN-XiaoxiaoNeural,0.9821,可检
data/redteam/factory/sovits_api/mandarin/sovits_api_mandarin_ref_boot_edgetts_mandarin_zh-CN-XiaoxiaoNeural_SC-000007_seg8s_SC-000016.wav,sovits_api,mandarin,SC-000016,ref_boot_edgetts_mandarin_zh-CN-XiaoxiaoNeural_SC-000007_seg8s,0.9821,可检
data/redteam/factory/edgetts/cantonese/edgetts_cantonese_zh-HK-HiuMaanNeural_SC-000011.wav,edgetts,cantonese,SC-000011,zh-HK-HiuMaanNeural,0.9822,可检
data/redteam/factory/edgetts/cantonese/edgetts_cantonese_zh-HK-HiuMaanNeural_SC-000718.wav,edgetts,cantonese,SC-000718,zh-HK-HiuMaanNeural,0.9822,可检
data/redteam/factory/edgetts/mandarin/edgetts_mandarin_zh-CN-XiaoxiaoNeural_SC-000440.wav,edgetts,mandarin,SC-000440,zh-CN-XiaoxiaoNeural,0.9823,可检
data/redteam/factory/edgetts/minnan/edgetts_minnan_zh-TW-HsiaoChenNeural_SC-000504.wav,edgetts,minnan,SC-000504,zh-TW-HsiaoChenNeural,0.9824,可检
data/redteam/factory/edgetts/cantonese/edgetts_cantonese_zh-HK-WanLungNeural_SC-000094.wav,edgetts,cantonese,SC-000094,zh-HK-WanLungNeural,0.9824,可检
data/redteam/factory/edgetts/mandarin/edgetts_mandarin_zh-CN-XiaoxiaoNeural_SC-000193.wav,edgetts,mandarin,SC-000193,zh-CN-XiaoxiaoNeural,0.9824,可检
data/redteam/factory/edgetts/henan/edgetts_henan_zh-CN-shaanxi-XiaoniNeural_SC-000917.wav,edgetts,henan,SC-000917,zh-CN-shaanxi-XiaoniNeural,0.9824,可检
data/redteam/factory/sovits_api/mandarin/sovits_api_mandarin_ref_boot_edgetts_mandarin_zh-CN-YunjianNeural_SC-000007_seg8s_SC-000034.wav,sovits_api,mandarin,SC-000034,ref_boot_edgetts_mandarin_zh-CN-YunjianNeural_SC-000007_seg8s,0.9825,可检
data/redteam/factory/edgetts/minnan/edgetts_minnan_zh-TW-HsiaoChenNeural_SC-000080.wav,edgetts,minnan,SC-000080,zh-TW-HsiaoChenNeural,0.9826,可检
data/redteam/factory/edgetts/cantonese/edgetts_cantonese_zh-HK-HiuMaanNeural_SC-001082.wav,edgetts,cantonese,SC-001082,zh-HK-HiuMaanNeural,0.9826,可检
data/redteam/factory/sovits_api/sichuan/sovits_api_sichuan_ref_boot_edgetts_sichuan_zh-CN-XiaoxiaoNeural_SC-000010_SC-000222.wav,sovits_api,sichuan,SC-000222,ref_boot_edgetts_sichuan_zh-CN-XiaoxiaoNeural_SC-000010,0.9826,可检
data/redteam/factory/edgetts/minnan/edgetts_minnan_zh-TW-HsiaoChenNeural_SC-001582.wav,edgetts,minnan,SC-001582,zh-TW-HsiaoChenNeural,0.9827,可检
data/redteam/factory/sovits_api/mandarin/sovits_api_mandarin_ref_boot_edgetts_mandarin_zh-CN-XiaoxiaoNeural_SC-000007_seg8s_SC-000046.wav,sovits_api,mandarin,SC-000046,ref_boot_edgetts_mandarin_zh-CN-XiaoxiaoNeural_SC-000007_seg8s,0.9827,可检
data/redteam/factory/edgetts/sichuan/edgetts_sichuan_zh-CN-XiaoxiaoNeural_SC-000967.wav,edgetts,sichuan,SC-000967,zh-CN-XiaoxiaoNeural,0.9828,可检
data/redteam/factory/edgetts/sichuan/edgetts_sichuan_zh-CN-XiaoxiaoNeural_SC-000535.wav,edgetts,sichuan,SC-000535,zh-CN-XiaoxiaoNeural,0.9828,可检
data/redteam/factory/edgetts/mandarin/edgetts_mandarin_zh-CN-XiaoxiaoNeural_SC-000378.wav,edgetts,mandarin,SC-000378,zh-CN-XiaoxiaoNeural,0.9828,可检
data/redteam/factory/edgetts/cantonese/edgetts_cantonese_zh-HK-WanLungNeural_SC-000006.wav,edgetts,cantonese,SC-000006,zh-HK-WanLungNeural,0.9829,可检
data/redteam/factory/edgetts/cantonese/edgetts_cantonese_zh-HK-HiuMaanNeural_SC-001095.wav,edgetts,cantonese,SC-001095,zh-HK-HiuMaanNeural,0.9829,可检
data/redteam/factory/sovits_api/mandarin/sovits_api_mandarin_ref_boot_edgetts_mandarin_zh-CN-YunxiNeural_SC-000007_seg8s_SC-000007.wav,sovits_api,mandarin,SC-000007,ref_boot_edgetts_mandarin_zh-CN-YunxiNeural_SC-000007_seg8s,0.9829,可检
data/redteam/factory/sovits_api/minnan/sovits_api_minnan_ref_boot_edgetts_minnan_zh-TW-YunJheNeural_SC-000001_SC-000063.wav,sovits_api,minnan,SC-000063,ref_boot_edgetts_minnan_zh-TW-YunJheNeural_SC-000001,0.9829,可检
data/redteam/factory/edgetts/sichuan/edgetts_sichuan_zh-CN-XiaoxiaoNeural_SC-000756.wav,edgetts,sichuan,SC-000756,zh-CN-XiaoxiaoNeural,0.983,可检
data/redteam/factory/sovits_api/sichuan/sovits_api_sichuan_ref_boot_edgetts_sichuan_zh-CN-XiaoxiaoNeural_SC-000010_SC-000029.wav,sovits_api,sichuan,SC-000029,ref_boot_edgetts_sichuan_zh-CN-XiaoxiaoNeural_SC-000010,0.983,可检
data/redteam/factory/sovits_api/minnan/sovits_api_minnan_ref_boot_edgetts_minnan_zh-TW-HsiaoChenNeural_SC-000001_SC-000339.wav,sovits_api,minnan,SC-000339,ref_boot_edgetts_minnan_zh-TW-HsiaoChenNeural_SC-000001,0.983,可检
data/redteam/factory/sovits_api/sichuan/sovits_api_sichuan_ref_boot_edgetts_sichuan_zh-CN-XiaoxiaoNeural_SC-000010_SC-000177.wav,sovits_api,sichuan,SC-000177,ref_boot_edgetts_sichuan_zh-CN-XiaoxiaoNeural_SC-000010,0.983,可检
data/redteam/factory/edgetts/cantonese/edgetts_cantonese_zh-HK-HiuMaanNeural_SC-001277.wav,edgetts,cantonese,SC-001277,zh-HK-HiuMaanNeural,0.9831,可检
data/redteam/factory/sovits_api/mandarin/sovits_api_mandarin_ref_boot_edgetts_mandarin_zh-CN-YunxiNeural_SC-000007_seg8s_SC-000036.wav,sovits_api,mandarin,SC-000036,ref_boot_edgetts_mandarin_zh-CN-YunxiNeural_SC-000007_seg8s,0.9831,可检
data/redteam/factory/edgetts/minnan/edgetts_minnan_zh-TW-HsiaoChenNeural_SC-000670.wav,edgetts,minnan,SC-000670,zh-TW-HsiaoChenNeural,0.9832,可检
data/redteam/factory/sovits_api/sichuan/sovits_api_sichuan_ref_boot_edgetts_sichuan_zh-CN-XiaoxiaoNeural_SC-000010_SC-000259.wav,sovits_api,sichuan,SC-000259,ref_boot_edgetts_sichuan_zh-CN-XiaoxiaoNeural_SC-000010,0.9832,可检
data/redteam/factory/sovits_api/dongbei/sovits_api_dongbei_ref_boot_edgetts_dongbei_zh-CN-liaoning-XiaobeiNeural_SC-000002_seg8s_SC-000051.wav,sovits_api,dongbei,SC-000051,ref_boot_edgetts_dongbei_zh-CN-liaoning-XiaobeiNeural_SC-000002_seg8s,0.9832,可检
data/redteam/factory/edgetts/cantonese/edgetts_cantonese_zh-HK-WanLungNeural_SC-000026.wav,edgetts,cantonese,SC-000026,zh-HK-WanLungNeural,0.9833,可检
data/redteam/factory/edgetts/cantonese/edgetts_cantonese_zh-HK-HiuMaanNeural_SC-001304.wav,edgetts,cantonese,SC-001304,zh-HK-HiuMaanNeural,0.9833,可检
data/redteam/factory/edgetts/cantonese/edgetts_cantonese_zh-HK-HiuMaanNeural_SC-001080.wav,edgetts,cantonese,SC-001080,zh-HK-HiuMaanNeural,0.9833,可检
data/redteam/factory/sovits_api/henan/sovits_api_henan_ref_boot_edgetts_henan_zh-CN-shaanxi-XiaoniNeural_SC-000009_seg8s_SC-000240.wav,sovits_api,henan,SC-000240,ref_boot_edgetts_henan_zh-CN-shaanxi-XiaoniNeural_SC-000009_seg8s,0.9833,可检
data/redteam/factory/edgetts/henan/edgetts_henan_zh-CN-shaanxi-XiaoniNeural_SC-000697.wav,edgetts,henan,SC-000697,zh-CN-shaanxi-XiaoniNeural,0.9834,可检
data/redteam/factory/sovits_api/cantonese/sovits_api_cantonese_ref_boot_edgetts_cantonese_zh-HK-WanLungNeural_SC-000005_seg8s_SC-000048.wav,sovits_api,cantonese,SC-000048,ref_boot_edgetts_cantonese_zh-HK-WanLungNeural_SC-000005_seg8s,0.9834,可检
data/redteam/factory/edgetts/cantonese/edgetts_cantonese_zh-HK-HiuMaanNeural_SC-000109.wav,edgetts,cantonese,SC-000109,zh-HK-HiuMaanNeural,0.9836,可检
data/redteam/factory/edgetts/cantonese/edgetts_cantonese_zh-HK-HiuMaanNeural_SC-001400.wav,edgetts,cantonese,SC-001400,zh-HK-HiuMaanNeural,0.9836,可检
data/redteam/factory/edgetts/minnan/edgetts_minnan_zh-TW-HsiaoChenNeural_SC-001513.wav,edgetts,minnan,SC-001513,zh-TW-HsiaoChenNeural,0.9836,可检
data/redteam/factory/sovits_api/cantonese/sovits_api_cantonese_ref_boot_edgetts_cantonese_zh-HK-HiuMaanNeural_SC-000005_seg8s_SC-000103.wav,sovits_api,cantonese,SC-000103,ref_boot_edgetts_cantonese_zh-HK-HiuMaanNeural_SC-000005_seg8s,0.9836,可检
data/redteam/factory/edgetts/mandarin/edgetts_mandarin_zh-CN-YunxiNeural_SC-000241.wav,edgetts,mandarin,SC-000241,zh-CN-YunxiNeural,0.9837,可检
data/redteam/factory/edgetts/cantonese/edgetts_cantonese_zh-HK-HiuMaanNeural_SC-000556.wav,edgetts,cantonese,SC-000556,zh-HK-HiuMaanNeural,0.9837,可检
data/redteam/factory/edgetts/mandarin/edgetts_mandarin_zh-CN-XiaoxiaoNeural_SC-000017.wav,edgetts,mandarin,SC-000017,zh-CN-XiaoxiaoNeural,0.9838,可检
data/redteam/factory/edgetts/sichuan/edgetts_sichuan_zh-CN-XiaoxiaoNeural_SC-000017.wav,edgetts,sichuan,SC-000017,zh-CN-XiaoxiaoNeural,0.9838,可检
data/redteam/factory/edgetts/cantonese/edgetts_cantonese_zh-HK-HiuMaanNeural_SC-000654.wav,edgetts,cantonese,SC-000654,zh-HK-HiuMaanNeural,0.9838,可检
data/redteam/factory/edgetts/cantonese/edgetts_cantonese_zh-HK-HiuMaanNeural_SC-001528.wav,edgetts,cantonese,SC-001528,zh-HK-HiuMaanNeural,0.9838,可检
data/redteam/factory/edgetts/cantonese/edgetts_cantonese_zh-HK-HiuMaanNeural_SC-000603.wav,edgetts,cantonese,SC-000603,zh-HK-HiuMaanNeural,0.9838,可检
data/redteam/factory/edgetts/mandarin/edgetts_mandarin_zh-CN-XiaoxiaoNeural_SC-000364.wav,edgetts,mandarin,SC-000364,zh-CN-XiaoxiaoNeural,0.9838,可检
data/redteam/factory/edgetts/minnan/edgetts_minnan_zh-TW-HsiaoChenNeural_SC-001634.wav,edgetts,minnan,SC-001634,zh-TW-HsiaoChenNeural,0.9838,可检
data/redteam/factory/sovits_api/minnan/sovits_api_minnan_ref_boot_edgetts_minnan_zh-TW-HsiaoChenNeural_SC-000001_SC-000237.wav,sovits_api,minnan,SC-000237,ref_boot_edgetts_minnan_zh-TW-HsiaoChenNeural_SC-000001,0.9838,可检
data/redteam/factory/edgetts/cantonese/edgetts_cantonese_zh-HK-HiuMaanNeural_SC-000018.wav,edgetts,cantonese,SC-000018,zh-HK-HiuMaanNeural,0.9839,可检
data/redteam/factory/edgetts/minnan/edgetts_minnan_zh-TW-HsiaoChenNeural_SC-001242.wav,edgetts,minnan,SC-001242,zh-TW-HsiaoChenNeural,0.9839,可检
data/redteam/factory/sovits_api/minnan/sovits_api_minnan_ref_boot_edgetts_minnan_zh-TW-YunJheNeural_SC-000001_SC-000422.wav,sovits_api,minnan,SC-000422,ref_boot_edgetts_minnan_zh-TW-YunJheNeural_SC-000001,0.9839,可检
data/redteam/factory/sovits_api/dongbei/sovits_api_dongbei_ref_boot_edgetts_dongbei_zh-CN-liaoning-XiaobeiNeural_SC-000002_seg8s_SC-000111.wav,sovits_api,dongbei,SC-000111,ref_boot_edgetts_dongbei_zh-CN-liaoning-XiaobeiNeural_SC-000002_seg8s,0.9839,可检
data/redteam/factory/edgetts/minnan/edgetts_minnan_zh-TW-HsiaoChenNeural_SC-000426.wav,edgetts,minnan,SC-000426,zh-TW-HsiaoChenNeural,0.984,可检
data/redteam/factory/edgetts/minnan/edgetts_minnan_zh-TW-HsiaoChenNeural_SC-000478.wav,edgetts,minnan,SC-000478,zh-TW-HsiaoChenNeural,0.984,可检
data/redteam/factory/edgetts/minnan/edgetts_minnan_zh-TW-HsiaoChenNeural_SC-001543.wav,edgetts,minnan,SC-001543,zh-TW-HsiaoChenNeural,0.984,可检
data/redteam/factory/edgetts/sichuan/edgetts_sichuan_zh-CN-XiaoxiaoNeural_SC-001172.wav,edgetts,sichuan,SC-001172,zh-CN-XiaoxiaoNeural,0.984,可检
data/redteam/factory/edgetts/cantonese/edgetts_cantonese_zh-HK-HiuMaanNeural_SC-000002.wav,edgetts,cantonese,SC-000002,zh-HK-HiuMaanNeural,0.9841,可检
data/redteam/factory/edgetts/cantonese/edgetts_cantonese_zh-HK-HiuMaanNeural_SC-000829.wav,edgetts,cantonese,SC-000829,zh-HK-HiuMaanNeural,0.9841,可检
data/redteam/factory/edgetts/cantonese/edgetts_cantonese_zh-HK-WanLungNeural_SC-000924.wav,edgetts,cantonese,SC-000924,zh-HK-WanLungNeural,0.9841,可检
data/redteam/factory/edgetts/minnan/edgetts_minnan_zh-TW-HsiaoChenNeural_SC-001619.wav,edgetts,minnan,SC-001619,zh-TW-HsiaoChenNeural,0.9841,可检
data/redteam/factory/sovits_api/mandarin/sovits_api_mandarin_ref_boot_edgetts_mandarin_zh-CN-XiaoxiaoNeural_SC-000007_seg8s_SC-000041.wav,sovits_api,mandarin,SC-000041,ref_boot_edgetts_mandarin_zh-CN-XiaoxiaoNeural_SC-000007_seg8s,0.9841,可检
data/redteam/factory/edgetts/mandarin/edgetts_mandarin_zh-CN-XiaoxiaoNeural_SC-000484.wav,edgetts,mandarin,SC-000484,zh-CN-XiaoxiaoNeural,0.9842,可检
data/redteam/factory/edgetts/mandarin/edgetts_mandarin_zh-CN-XiaoxiaoNeural_SC-000176.wav,edgetts,mandarin,SC-000176,zh-CN-XiaoxiaoNeural,0.9843,可检
data/redteam/factory/edgetts/cantonese/edgetts_cantonese_zh-HK-HiuMaanNeural_SC-001294.wav,edgetts,cantonese,SC-001294,zh-HK-HiuMaanNeural,0.9843,可检
data/redteam/factory/edgetts/minnan/edgetts_minnan_zh-TW-HsiaoChenNeural_SC-000860.wav,edgetts,minnan,SC-000860,zh-TW-HsiaoChenNeural,0.9844,可检
data/redteam/factory/edgetts/cantonese/edgetts_cantonese_zh-HK-HiuMaanNeural_SC-000197.wav,edgetts,cantonese,SC-000197,zh-HK-HiuMaanNeural,0.9845,可检
data/redteam/factory/edgetts/cantonese/edgetts_cantonese_zh-HK-WanLungNeural_SC-001537.wav,edgetts,cantonese,SC-001537,zh-HK-WanLungNeural,0.9845,可检
data/redteam/factory/sovits_api/sichuan/sovits_api_sichuan_ref_boot_edgetts_sichuan_zh-CN-XiaoxiaoNeural_SC-000010_SC-000252.wav,sovits_api,sichuan,SC-000252,ref_boot_edgetts_sichuan_zh-CN-XiaoxiaoNeural_SC-000010,0.9845,可检
data/redteam/factory/sovits_api/cantonese/sovits_api_cantonese_ref_boot_edgetts_cantonese_zh-HK-WanLungNeural_SC-000005_seg8s_SC-000281.wav,sovits_api,cantonese,SC-000281,ref_boot_edgetts_cantonese_zh-HK-WanLungNeural_SC-000005_seg8s,0.9845,可检
data/redteam/factory/sovits_api/mandarin/sovits_api_mandarin_ref_boot_edgetts_mandarin_zh-CN-XiaoxiaoNeural_SC-000007_seg8s_SC-000034.wav,sovits_api,mandarin,SC-000034,ref_boot_edgetts_mandarin_zh-CN-XiaoxiaoNeural_SC-000007_seg8s,0.9846,可检
data/redteam/factory/sovits_api/minnan/sovits_api_minnan_ref_boot_edgetts_minnan_zh-TW-HsiaoChenNeural_SC-000001_SC-000218.wav,sovits_api,minnan,SC-000218,ref_boot_edgetts_minnan_zh-TW-HsiaoChenNeural_SC-000001,0.9846,可检
data/redteam/factory/edgetts/cantonese/edgetts_cantonese_zh-HK-HiuMaanNeural_SC-000419.wav,edgetts,cantonese,SC-000419,zh-HK-HiuMaanNeural,0.9847,可检
data/redteam/factory/sovits_api/minnan/sovits_api_minnan_ref_boot_edgetts_minnan_zh-TW-YunJheNeural_SC-000001_SC-000316.wav,sovits_api,minnan,SC-000316,ref_boot_edgetts_minnan_zh-TW-YunJheNeural_SC-000001,0.9847,可检
data/redteam/factory/edgetts/mandarin/edgetts_mandarin_zh-CN-YunxiNeural_SC-000100.wav,edgetts,mandarin,SC-000100,zh-CN-YunxiNeural,0.9848,可检
data/redteam/factory/edgetts/henan/edgetts_henan_zh-CN-shaanxi-XiaoniNeural_SC-000895.wav,edgetts,henan,SC-000895,zh-CN-shaanxi-XiaoniNeural,0.9848,可检
data/redteam/factory/edgetts/minnan/edgetts_minnan_zh-TW-HsiaoChenNeural_SC-000836.wav,edgetts,minnan,SC-000836,zh-TW-HsiaoChenNeural,0.9848,可检
data/redteam/factory/sovits_api/sichuan/sovits_api_sichuan_ref_boot_edgetts_sichuan_zh-CN-XiaoxiaoNeural_SC-000010_SC-000211.wav,sovits_api,sichuan,SC-000211,ref_boot_edgetts_sichuan_zh-CN-XiaoxiaoNeural_SC-000010,0.9848,可检
data/redteam/factory/edgetts/sichuan/edgetts_sichuan_zh-CN-XiaoxiaoNeural_SC-001351.wav,edgetts,sichuan,SC-001351,zh-CN-XiaoxiaoNeural,0.9849,可检
data/redteam/factory/edgetts/cantonese/edgetts_cantonese_zh-HK-HiuMaanNeural_SC-001283.wav,edgetts,cantonese,SC-001283,zh-HK-HiuMaanNeural,0.9849,可检
data/redteam/factory/sovits_api/mandarin/sovits_api_mandarin_ref_boot_edgetts_mandarin_zh-CN-XiaoxiaoNeural_SC-000007_seg8s_SC-000086.wav,sovits_api,mandarin,SC-000086,ref_boot_edgetts_mandarin_zh-CN-XiaoxiaoNeural_SC-000007_seg8s,0.9849,可检
data/redteam/factory/sovits_api/minnan/sovits_api_minnan_ref_boot_edgetts_minnan_zh-TW-HsiaoChenNeural_SC-000001_SC-000406.wav,sovits_api,minnan,SC-000406,ref_boot_edgetts_minnan_zh-TW-HsiaoChenNeural_SC-000001,0.9849,可检
data/redteam/factory/edgetts/sichuan/edgetts_sichuan_zh-CN-XiaoxiaoNeural_SC-001391.wav,edgetts,sichuan,SC-001391,zh-CN-XiaoxiaoNeural,0.985,可检
data/redteam/factory/edgetts/minnan/edgetts_minnan_zh-TW-HsiaoChenNeural_SC-000367.wav,edgetts,minnan,SC-000367,zh-TW-HsiaoChenNeural,0.9851,可检
data/redteam/factory/edgetts/cantonese/edgetts_cantonese_zh-HK-HiuMaanNeural_SC-000079.wav,edgetts,cantonese,SC-000079,zh-HK-HiuMaanNeural,0.9851,可检
data/redteam/factory/sovits_api/henan/sovits_api_henan_ref_boot_edgetts_henan_zh-CN-shaanxi-XiaoniNeural_SC-000009_seg8s_SC-000101.wav,sovits_api,henan,SC-000101,ref_boot_edgetts_henan_zh-CN-shaanxi-XiaoniNeural_SC-000009_seg8s,0.9851,可检
data/redteam/factory/edgetts/minnan/edgetts_minnan_zh-TW-HsiaoChenNeural_SC-000025.wav,edgetts,minnan,SC-000025,zh-TW-HsiaoChenNeural,0.9852,可检
data/redteam/factory/edgetts/sichuan/edgetts_sichuan_zh-CN-XiaoxiaoNeural_SC-000172.wav,edgetts,sichuan,SC-000172,zh-CN-XiaoxiaoNeural,0.9853,可检
data/redteam/factory/edgetts/cantonese/edgetts_cantonese_zh-HK-WanLungNeural_SC-001286.wav,edgetts,cantonese,SC-001286,zh-HK-WanLungNeural,0.9853,可检
data/redteam/factory/sovits_api/cantonese/sovits_api_cantonese_ref_boot_edgetts_cantonese_zh-HK-WanLungNeural_SC-000005_seg8s_SC-000209.wav,sovits_api,cantonese,SC-000209,ref_boot_edgetts_cantonese_zh-HK-WanLungNeural_SC-000005_seg8s,0.9853,可检
data/redteam/factory/edgetts/dongbei/edgetts_dongbei_zh-CN-liaoning-XiaobeiNeural_SC-000043.wav,edgetts,dongbei,SC-000043,zh-CN-liaoning-XiaobeiNeural,0.9854,可检
data/redteam/factory/edgetts/minnan/edgetts_minnan_zh-TW-HsiaoChenNeural_SC-001134.wav,edgetts,minnan,SC-001134,zh-TW-HsiaoChenNeural,0.9854,可检
data/redteam/factory/edgetts/minnan/edgetts_minnan_zh-TW-YunJheNeural_SC-000797.wav,edgetts,minnan,SC-000797,zh-TW-YunJheNeural,0.9855,可检
data/redteam/factory/edgetts/cantonese/edgetts_cantonese_zh-HK-HiuMaanNeural_SC-000119.wav,edgetts,cantonese,SC-000119,zh-HK-HiuMaanNeural,0.9857,可检
data/redteam/factory/edgetts/cantonese/edgetts_cantonese_zh-HK-HiuMaanNeural_SC-000998.wav,edgetts,cantonese,SC-000998,zh-HK-HiuMaanNeural,0.9857,可检
data/redteam/factory/edgetts/minnan/edgetts_minnan_zh-TW-HsiaoChenNeural_SC-000392.wav,edgetts,minnan,SC-000392,zh-TW-HsiaoChenNeural,0.9858,可检
data/redteam/factory/edgetts/sichuan/edgetts_sichuan_zh-CN-XiaoxiaoNeural_SC-001239.wav,edgetts,sichuan,SC-001239,zh-CN-XiaoxiaoNeural,0.9858,可检
data/redteam/factory/sovits_api/henan/sovits_api_henan_ref_boot_edgetts_henan_zh-CN-shaanxi-XiaoniNeural_SC-000009_seg8s_SC-000028.wav,sovits_api,henan,SC-000028,ref_boot_edgetts_henan_zh-CN-shaanxi-XiaoniNeural_SC-000009_seg8s,0.9858,可检
data/redteam/factory/sovits_api/sichuan/sovits_api_sichuan_ref_boot_edgetts_sichuan_zh-CN-XiaoxiaoNeural_SC-000010_SC-000271.wav,sovits_api,sichuan,SC-000271,ref_boot_edgetts_sichuan_zh-CN-XiaoxiaoNeural_SC-000010,0.9858,可检
data/redteam/factory/edgetts/minnan/edgetts_minnan_zh-TW-HsiaoChenNeural_SC-000423.wav,edgetts,minnan,SC-000423,zh-TW-HsiaoChenNeural,0.9859,可检
data/redteam/factory/edgetts/cantonese/edgetts_cantonese_zh-HK-HiuMaanNeural_SC-000103.wav,edgetts,cantonese,SC-000103,zh-HK-HiuMaanNeural,0.9859,可检
data/redteam/factory/edgetts/cantonese/edgetts_cantonese_zh-HK-HiuMaanNeural_SC-000716.wav,edgetts,cantonese,SC-000716,zh-HK-HiuMaanNeural,0.9859,可检
data/redteam/factory/edgetts/minnan/edgetts_minnan_zh-TW-HsiaoChenNeural_SC-000951.wav,edgetts,minnan,SC-000951,zh-TW-HsiaoChenNeural,0.9859,可检
data/redteam/factory/edgetts/sichuan/edgetts_sichuan_zh-CN-XiaoxiaoNeural_SC-000375.wav,edgetts,sichuan,SC-000375,zh-CN-XiaoxiaoNeural,0.9859,可检
data/redteam/factory/edgetts/cantonese/edgetts_cantonese_zh-HK-HiuMaanNeural_SC-001507.wav,edgetts,cantonese,SC-001507,zh-HK-HiuMaanNeural,0.9859,可检
data/redteam/factory/edgetts/henan/edgetts_henan_zh-CN-shaanxi-XiaoniNeural_SC-001307.wav,edgetts,henan,SC-001307,zh-CN-shaanxi-XiaoniNeural,0.986,可检
data/redteam/factory/edgetts/minnan/edgetts_minnan_zh-TW-HsiaoChenNeural_SC-001346.wav,edgetts,minnan,SC-001346,zh-TW-HsiaoChenNeural,0.986,可检
data/redteam/factory/sovits_api/mandarin/sovits_api_mandarin_ref_boot_edgetts_mandarin_zh-CN-YunjianNeural_SC-000007_seg8s_SC-000007.wav,sovits_api,mandarin,SC-000007,ref_boot_edgetts_mandarin_zh-CN-YunjianNeural_SC-000007_seg8s,0.986,可检
data/redteam/factory/edgetts/minnan/edgetts_minnan_zh-TW-HsiaoChenNeural_SC-000192.wav,edgetts,minnan,SC-000192,zh-TW-HsiaoChenNeural,0.9861,可检
data/redteam/factory/edgetts/cantonese/edgetts_cantonese_zh-HK-HiuMaanNeural_SC-001226.wav,edgetts,cantonese,SC-001226,zh-HK-HiuMaanNeural,0.9861,可检
data/redteam/factory/edgetts/cantonese/edgetts_cantonese_zh-HK-HiuMaanNeural_SC-001611.wav,edgetts,cantonese,SC-001611,zh-HK-HiuMaanNeural,0.9861,可检
data/redteam/factory/edgetts/sichuan/edgetts_sichuan_zh-CN-XiaoxiaoNeural_SC-000379.wav,edgetts,sichuan,SC-000379,zh-CN-XiaoxiaoNeural,0.9861,可检
data/redteam/factory/sovits_api/mandarin/sovits_api_mandarin_ref_boot_edgetts_mandarin_zh-CN-YunjianNeural_SC-000007_seg8s_SC-000045.wav,sovits_api,mandarin,SC-000045,ref_boot_edgetts_mandarin_zh-CN-YunjianNeural_SC-000007_seg8s,0.9861,可检
data/redteam/factory/sovits_api/minnan/sovits_api_minnan_ref_boot_edgetts_minnan_zh-TW-HsiaoChenNeural_SC-000001_SC-000080.wav,sovits_api,minnan,SC-000080,ref_boot_edgetts_minnan_zh-TW-HsiaoChenNeural_SC-000001,0.9861,可检
data/redteam/factory/sovits_api/sichuan/sovits_api_sichuan_ref_boot_edgetts_sichuan_zh-CN-XiaoxiaoNeural_SC-000010_SC-000278.wav,sovits_api,sichuan,SC-000278,ref_boot_edgetts_sichuan_zh-CN-XiaoxiaoNeural_SC-000010,0.9861,可检
data/redteam/factory/sovits_api/dongbei/sovits_api_dongbei_ref_boot_edgetts_dongbei_zh-CN-liaoning-XiaobeiNeural_SC-000002_seg8s_SC-000225.wav,sovits_api,dongbei,SC-000225,ref_boot_edgetts_dongbei_zh-CN-liaoning-XiaobeiNeural_SC-000002_seg8s,0.9861,可检
data/redteam/factory/sovits_api/henan/sovits_api_henan_ref_boot_edgetts_henan_zh-CN-shaanxi-XiaoniNeural_SC-000009_seg8s_SC-000334.wav,sovits_api,henan,SC-000334,ref_boot_edgetts_henan_zh-CN-shaanxi-XiaoniNeural_SC-000009_seg8s,0.9861,可检
data/redteam/factory/edgetts/cantonese/edgetts_cantonese_zh-HK-HiuMaanNeural_SC-001471.wav,edgetts,cantonese,SC-001471,zh-HK-HiuMaanNeural,0.9862,可检
data/redteam/factory/sovits_api/henan/sovits_api_henan_ref_boot_edgetts_henan_zh-CN-shaanxi-XiaoniNeural_SC-000009_seg8s_SC-000122.wav,sovits_api,henan,SC-000122,ref_boot_edgetts_henan_zh-CN-shaanxi-XiaoniNeural_SC-000009_seg8s,0.9862,可检
data/redteam/factory/edgetts/cantonese/edgetts_cantonese_zh-HK-HiuMaanNeural_SC-000019.wav,edgetts,cantonese,SC-000019,zh-HK-HiuMaanNeural,0.9863,可检
data/redteam/factory/edgetts/mandarin/edgetts_mandarin_zh-CN-XiaoxiaoNeural_SC-000219.wav,edgetts,mandarin,SC-000219,zh-CN-XiaoxiaoNeural,0.9863,可检
data/redteam/factory/edgetts/minnan/edgetts_minnan_zh-TW-HsiaoChenNeural_SC-001648.wav,edgetts,minnan,SC-001648,zh-TW-HsiaoChenNeural,0.9863,可检
data/redteam/factory/sovits_api/minnan/sovits_api_minnan_ref_boot_edgetts_minnan_zh-TW-HsiaoChenNeural_SC-000001_SC-000367.wav,sovits_api,minnan,SC-000367,ref_boot_edgetts_minnan_zh-TW-HsiaoChenNeural_SC-000001,0.9863,可检
data/redteam/factory/edgetts/minnan/edgetts_minnan_zh-TW-HsiaoChenNeural_SC-000012.wav,edgetts,minnan,SC-000012,zh-TW-HsiaoChenNeural,0.9864,可检
data/redteam/factory/edgetts/dongbei/edgetts_dongbei_zh-CN-liaoning-XiaobeiNeural_SC-000349.wav,edgetts,dongbei,SC-000349,zh-CN-liaoning-XiaobeiNeural,0.9864,可检
data/redteam/factory/edgetts/minnan/edgetts_minnan_zh-TW-HsiaoChenNeural_SC-000961.wav,edgetts,minnan,SC-000961,zh-TW-HsiaoChenNeural,0.9864,可检
data/redteam/factory/sovits_api/minnan/sovits_api_minnan_ref_boot_edgetts_minnan_zh-TW-HsiaoChenNeural_SC-000001_SC-000156.wav,sovits_api,minnan,SC-000156,ref_boot_edgetts_minnan_zh-TW-HsiaoChenNeural_SC-000001,0.9864,可检
data/redteam/factory/edgetts/minnan/edgetts_minnan_zh-TW-HsiaoChenNeural_SC-000465.wav,edgetts,minnan,SC-000465,zh-TW-HsiaoChenNeural,0.9865,可检
data/redteam/factory/edgetts/henan/edgetts_henan_zh-CN-shaanxi-XiaoniNeural_SC-000913.wav,edgetts,henan,SC-000913,zh-CN-shaanxi-XiaoniNeural,0.9865,可检
data/redteam/factory/sovits_api/cantonese/sovits_api_cantonese_ref_boot_edgetts_cantonese_zh-HK-HiuMaanNeural_SC-000005_seg8s_SC-000052.wav,sovits_api,cantonese,SC-000052,ref_boot_edgetts_cantonese_zh-HK-HiuMaanNeural_SC-000005_seg8s,0.9865,可检
data/redteam/factory/sovits_api/henan/sovits_api_henan_ref_boot_edgetts_henan_zh-CN-shaanxi-XiaoniNeural_SC-000009_seg8s_SC-000128.wav,sovits_api,henan,SC-000128,ref_boot_edgetts_henan_zh-CN-shaanxi-XiaoniNeural_SC-000009_seg8s,0.9865,可检
data/redteam/factory/edgetts/cantonese/edgetts_cantonese_zh-HK-HiuMaanNeural_SC-000028.wav,edgetts,cantonese,SC-000028,zh-HK-HiuMaanNeural,0.9866,可检
data/redteam/factory/edgetts/cantonese/edgetts_cantonese_zh-HK-HiuMaanNeural_SC-001090.wav,edgetts,cantonese,SC-001090,zh-HK-HiuMaanNeural,0.9866,可检
data/redteam/factory/edgetts/cantonese/edgetts_cantonese_zh-HK-HiuMaanNeural_SC-001014.wav,edgetts,cantonese,SC-001014,zh-HK-HiuMaanNeural,0.9866,可检
data/redteam/factory/sovits_api/mandarin/sovits_api_mandarin_ref_boot_edgetts_mandarin_zh-CN-XiaoxiaoNeural_SC-000007_seg8s_SC-000037.wav,sovits_api,mandarin,SC-000037,ref_boot_edgetts_mandarin_zh-CN-XiaoxiaoNeural_SC-000007_seg8s,0.9866,可检
data/redteam/factory/edgetts/minnan/edgetts_minnan_zh-TW-HsiaoChenNeural_SC-000574.wav,edgetts,minnan,SC-000574,zh-TW-HsiaoChenNeural,0.9867,可检
data/redteam/factory/sovits_api/mandarin/sovits_api_mandarin_ref_boot_edgetts_mandarin_zh-CN-YunxiNeural_SC-000007_seg8s_SC-000074.wav,sovits_api,mandarin,SC-000074,ref_boot_edgetts_mandarin_zh-CN-YunxiNeural_SC-000007_seg8s,0.9867,可检
data/redteam/factory/sovits_api/minnan/sovits_api_minnan_ref_boot_edgetts_minnan_zh-TW-YunJheNeural_SC-000001_SC-000387.wav,sovits_api,minnan,SC-000387,ref_boot_edgetts_minnan_zh-TW-YunJheNeural_SC-000001,0.9867,可检
data/redteam/factory/sovits_api/henan/sovits_api_henan_ref_boot_edgetts_henan_zh-CN-shaanxi-XiaoniNeural_SC-000009_seg8s_SC-000322.wav,sovits_api,henan,SC-000322,ref_boot_edgetts_henan_zh-CN-shaanxi-XiaoniNeural_SC-000009_seg8s,0.9867,可检
data/redteam/factory/edgetts/sichuan/edgetts_sichuan_zh-CN-XiaoxiaoNeural_SC-000125.wav,edgetts,sichuan,SC-000125,zh-CN-XiaoxiaoNeural,0.9868,可检
data/redteam/factory/edgetts/sichuan/edgetts_sichuan_zh-CN-XiaoxiaoNeural_SC-000722.wav,edgetts,sichuan,SC-000722,zh-CN-XiaoxiaoNeural,0.9868,可检
data/redteam/factory/edgetts/minnan/edgetts_minnan_zh-TW-HsiaoChenNeural_SC-000643.wav,edgetts,minnan,SC-000643,zh-TW-HsiaoChenNeural,0.9868,可检
data/redteam/factory/edgetts/cantonese/edgetts_cantonese_zh-HK-HiuMaanNeural_SC-001025.wav,edgetts,cantonese,SC-001025,zh-HK-HiuMaanNeural,0.9868,可检
data/redteam/factory/sovits_api/sichuan/sovits_api_sichuan_ref_boot_edgetts_sichuan_zh-CN-XiaoxiaoNeural_SC-000010_SC-000165.wav,sovits_api,sichuan,SC-000165,ref_boot_edgetts_sichuan_zh-CN-XiaoxiaoNeural_SC-000010,0.9868,可检
data/redteam/factory/edgetts/sichuan/edgetts_sichuan_zh-CN-XiaoxiaoNeural_SC-000252.wav,edgetts,sichuan,SC-000252,zh-CN-XiaoxiaoNeural,0.9869,可检
data/redteam/factory/edgetts/cantonese/edgetts_cantonese_zh-HK-HiuMaanNeural_SC-000872.wav,edgetts,cantonese,SC-000872,zh-HK-HiuMaanNeural,0.9869,可检
data/redteam/factory/sovits_api/cantonese/sovits_api_cantonese_ref_boot_edgetts_cantonese_zh-HK-HiuMaanNeural_SC-000005_seg8s_SC-000094.wav,sovits_api,cantonese,SC-000094,ref_boot_edgetts_cantonese_zh-HK-HiuMaanNeural_SC-000005_seg8s,0.9869,可检
data/redteam/factory/sovits_api/cantonese/sovits_api_cantonese_ref_boot_edgetts_cantonese_zh-HK-WanLungNeural_SC-000005_seg8s_SC-000245.wav,sovits_api,cantonese,SC-000245,ref_boot_edgetts_cantonese_zh-HK-WanLungNeural_SC-000005_seg8s,0.9869,可检
data/redteam/factory/sovits_api/dongbei/sovits_api_dongbei_ref_boot_edgetts_dongbei_zh-CN-liaoning-XiaobeiNeural_SC-000002_seg8s_SC-000061.wav,sovits_api,dongbei,SC-000061,ref_boot_edgetts_dongbei_zh-CN-liaoning-XiaobeiNeural_SC-000002_seg8s,0.9869,可检
data/redteam/factory/edgetts/sichuan/edgetts_sichuan_zh-CN-XiaoxiaoNeural_SC-001444.wav,edgetts,sichuan,SC-001444,zh-CN-XiaoxiaoNeural,0.987,可检
data/redteam/factory/sovits_api/cantonese/sovits_api_cantonese_ref_boot_edgetts_cantonese_zh-HK-HiuMaanNeural_SC-000005_seg8s_SC-000005.wav,sovits_api,cantonese,SC-000005,ref_boot_edgetts_cantonese_zh-HK-HiuMaanNeural_SC-000005_seg8s,0.987,可检
data/redteam/factory/sovits_api/mandarin/sovits_api_mandarin_ref_boot_edgetts_mandarin_zh-CN-YunjianNeural_SC-000007_seg8s_SC-000065.wav,sovits_api,mandarin,SC-000065,ref_boot_edgetts_mandarin_zh-CN-YunjianNeural_SC-000007_seg8s,0.987,可检
data/redteam/factory/sovits_api/sichuan/sovits_api_sichuan_ref_boot_edgetts_sichuan_zh-CN-XiaoxiaoNeural_SC-000010_SC-000172.wav,sovits_api,sichuan,SC-000172,ref_boot_edgetts_sichuan_zh-CN-XiaoxiaoNeural_SC-000010,0.987,可检
data/redteam/factory/sovits_api/minnan/sovits_api_minnan_ref_boot_edgetts_minnan_zh-TW-HsiaoChenNeural_SC-000001_SC-000422.wav,sovits_api,minnan,SC-000422,ref_boot_edgetts_minnan_zh-TW-HsiaoChenNeural_SC-000001,0.9871,可检
data/redteam/factory/sovits_api/cantonese/sovits_api_cantonese_ref_boot_edgetts_cantonese_zh-HK-WanLungNeural_SC-000005_seg8s_SC-000228.wav,sovits_api,cantonese,SC-000228,ref_boot_edgetts_cantonese_zh-HK-WanLungNeural_SC-000005_seg8s,0.9871,可检
data/redteam/factory/edgetts/mandarin/edgetts_mandarin_zh-CN-YunxiNeural_SC-000092.wav,edgetts,mandarin,SC-000092,zh-CN-YunxiNeural,0.9872,可检
data/redteam/factory/edgetts/sichuan/edgetts_sichuan_zh-CN-XiaoxiaoNeural_SC-001457.wav,edgetts,sichuan,SC-001457,zh-CN-XiaoxiaoNeural,0.9872,可检
data/redteam/factory/sovits_api/mandarin/sovits_api_mandarin_ref_boot_edgetts_mandarin_zh-CN-YunxiNeural_SC-000007_seg8s_SC-000058.wav,sovits_api,mandarin,SC-000058,ref_boot_edgetts_mandarin_zh-CN-YunxiNeural_SC-000007_seg8s,0.9872,可检
data/redteam/factory/edgetts/cantonese/edgetts_cantonese_zh-HK-HiuMaanNeural_SC-000007.wav,edgetts,cantonese,SC-000007,zh-HK-HiuMaanNeural,0.9873,可检
data/redteam/factory/edgetts/minnan/edgetts_minnan_zh-TW-HsiaoChenNeural_SC-000387.wav,edgetts,minnan,SC-000387,zh-TW-HsiaoChenNeural,0.9874,可检
data/redteam/factory/edgetts/minnan/edgetts_minnan_zh-TW-HsiaoChenNeural_SC-000569.wav,edgetts,minnan,SC-000569,zh-TW-HsiaoChenNeural,0.9874,可检
data/redteam/factory/sovits_api/mandarin/sovits_api_mandarin_ref_boot_edgetts_mandarin_zh-CN-YunjianNeural_SC-000007_seg8s_SC-000053.wav,sovits_api,mandarin,SC-000053,ref_boot_edgetts_mandarin_zh-CN-YunjianNeural_SC-000007_seg8s,0.9874,可检
data/redteam/factory/sovits_api/henan/sovits_api_henan_ref_boot_edgetts_henan_zh-CN-shaanxi-XiaoniNeural_SC-000009_seg8s_SC-000250.wav,sovits_api,henan,SC-000250,ref_boot_edgetts_henan_zh-CN-shaanxi-XiaoniNeural_SC-000009_seg8s,0.9874,可检
data/redteam/factory/sovits_api/mandarin/sovits_api_mandarin_ref_boot_edgetts_mandarin_zh-CN-XiaoxiaoNeural_SC-000007_seg8s_SC-000007.wav,sovits_api,mandarin,SC-000007,ref_boot_edgetts_mandarin_zh-CN-XiaoxiaoNeural_SC-000007_seg8s,0.9875,可检
data/redteam/factory/sovits_api/mandarin/sovits_api_mandarin_ref_boot_edgetts_mandarin_zh-CN-XiaoxiaoNeural_SC-000007_seg8s_SC-000095.wav,sovits_api,mandarin,SC-000095,ref_boot_edgetts_mandarin_zh-CN-XiaoxiaoNeural_SC-000007_seg8s,0.9875,可检
data/redteam/factory/sovits_api/sichuan/sovits_api_sichuan_ref_boot_edgetts_sichuan_zh-CN-XiaoxiaoNeural_SC-000010_SC-000107.wav,sovits_api,sichuan,SC-000107,ref_boot_edgetts_sichuan_zh-CN-XiaoxiaoNeural_SC-000010,0.9875,可检
data/redteam/factory/edgetts/minnan/edgetts_minnan_zh-TW-HsiaoChenNeural_SC-000023.wav,edgetts,minnan,SC-000023,zh-TW-HsiaoChenNeural,0.9876,可检
data/redteam/factory/edgetts/cantonese/edgetts_cantonese_zh-HK-HiuMaanNeural_SC-000016.wav,edgetts,cantonese,SC-000016,zh-HK-HiuMaanNeural,0.9876,可检
data/redteam/factory/edgetts/cantonese/edgetts_cantonese_zh-HK-HiuMaanNeural_SC-000512.wav,edgetts,cantonese,SC-000512,zh-HK-HiuMaanNeural,0.9876,可检
data/redteam/factory/edgetts/cantonese/edgetts_cantonese_zh-HK-HiuMaanNeural_SC-000601.wav,edgetts,cantonese,SC-000601,zh-HK-HiuMaanNeural,0.9876,可检
data/redteam/factory/edgetts/minnan/edgetts_minnan_zh-TW-HsiaoChenNeural_SC-000740.wav,edgetts,minnan,SC-000740,zh-TW-HsiaoChenNeural,0.9877,可检
data/redteam/factory/edgetts/minnan/edgetts_minnan_zh-TW-HsiaoChenNeural_SC-001397.wav,edgetts,minnan,SC-001397,zh-TW-HsiaoChenNeural,0.9877,可检
data/redteam/factory/sovits_api/mandarin/sovits_api_mandarin_ref_boot_edgetts_mandarin_zh-CN-YunjianNeural_SC-000007_seg8s_SC-000058.wav,sovits_api,mandarin,SC-000058,ref_boot_edgetts_mandarin_zh-CN-YunjianNeural_SC-000007_seg8s,0.9877,可检
data/redteam/factory/sovits_api/minnan/sovits_api_minnan_ref_boot_edgetts_minnan_zh-TW-HsiaoChenNeural_SC-000001_SC-000192.wav,sovits_api,minnan,SC-000192,ref_boot_edgetts_minnan_zh-TW-HsiaoChenNeural_SC-000001,0.9877,可检
data/redteam/factory/edgetts/cantonese/edgetts_cantonese_zh-HK-HiuMaanNeural_SC-001046.wav,edgetts,cantonese,SC-001046,zh-HK-HiuMaanNeural,0.9878,可检
data/redteam/factory/edgetts/minnan/edgetts_minnan_zh-TW-HsiaoChenNeural_SC-001098.wav,edgetts,minnan,SC-001098,zh-TW-HsiaoChenNeural,0.988,可检
data/redteam/factory/edgetts/cantonese/edgetts_cantonese_zh-HK-HiuMaanNeural_SC-000786.wav,edgetts,cantonese,SC-000786,zh-HK-HiuMaanNeural,0.9881,可检
data/redteam/factory/sovits_api/minnan/sovits_api_minnan_ref_boot_edgetts_minnan_zh-TW-HsiaoChenNeural_SC-000001_SC-000023.wav,sovits_api,minnan,SC-000023,ref_boot_edgetts_minnan_zh-TW-HsiaoChenNeural_SC-000001,0.9881,可检
data/redteam/factory/sovits_api/minnan/sovits_api_minnan_ref_boot_edgetts_minnan_zh-TW-HsiaoChenNeural_SC-000001_SC-000412.wav,sovits_api,minnan,SC-000412,ref_boot_edgetts_minnan_zh-TW-HsiaoChenNeural_SC-000001,0.9881,可检
data/redteam/factory/sovits_api/sichuan/sovits_api_sichuan_ref_boot_edgetts_sichuan_zh-CN-XiaoxiaoNeural_SC-000010_SC-000244.wav,sovits_api,sichuan,SC-000244,ref_boot_edgetts_sichuan_zh-CN-XiaoxiaoNeural_SC-000010,0.9881,可检
data/redteam/factory/edgetts/minnan/edgetts_minnan_zh-TW-HsiaoChenNeural_SC-000630.wav,edgetts,minnan,SC-000630,zh-TW-HsiaoChenNeural,0.9882,可检
data/redteam/factory/edgetts/minnan/edgetts_minnan_zh-TW-HsiaoChenNeural_SC-001097.wav,edgetts,minnan,SC-001097,zh-TW-HsiaoChenNeural,0.9882,可检
data/redteam/factory/sovits_api/mandarin/sovits_api_mandarin_ref_boot_edgetts_mandarin_zh-CN-XiaoxiaoNeural_SC-000007_seg8s_SC-000012.wav,sovits_api,mandarin,SC-000012,ref_boot_edgetts_mandarin_zh-CN-XiaoxiaoNeural_SC-000007_seg8s,0.9882,可检
data/redteam/factory/sovits_api/mandarin/sovits_api_mandarin_ref_boot_edgetts_mandarin_zh-CN-YunjianNeural_SC-000007_seg8s_SC-000077.wav,sovits_api,mandarin,SC-000077,ref_boot_edgetts_mandarin_zh-CN-YunjianNeural_SC-000007_seg8s,0.9882,可检
data/redteam/factory/sovits_api/minnan/sovits_api_minnan_ref_boot_edgetts_minnan_zh-TW-HsiaoChenNeural_SC-000001_SC-000394.wav,sovits_api,minnan,SC-000394,ref_boot_edgetts_minnan_zh-TW-HsiaoChenNeural_SC-000001,0.9882,可检
data/redteam/factory/edgetts/cantonese/edgetts_cantonese_zh-HK-HiuMaanNeural_SC-000460.wav,edgetts,cantonese,SC-000460,zh-HK-HiuMaanNeural,0.9883,可检
data/redteam/factory/sovits_api/henan/sovits_api_henan_ref_boot_edgetts_henan_zh-CN-shaanxi-XiaoniNeural_SC-000009_seg8s_SC-000009.wav,sovits_api,henan,SC-000009,ref_boot_edgetts_henan_zh-CN-shaanxi-XiaoniNeural_SC-000009_seg8s,0.9883,可检
data/redteam/factory/sovits_api/henan/sovits_api_henan_ref_boot_edgetts_henan_zh-CN-shaanxi-XiaoniNeural_SC-000009_seg8s_SC-000284.wav,sovits_api,henan,SC-000284,ref_boot_edgetts_henan_zh-CN-shaanxi-XiaoniNeural_SC-000009_seg8s,0.9883,可检
data/redteam/factory/edgetts/minnan/edgetts_minnan_zh-TW-HsiaoChenNeural_SC-000146.wav,edgetts,minnan,SC-000146,zh-TW-HsiaoChenNeural,0.9884,可检
data/redteam/factory/edgetts/minnan/edgetts_minnan_zh-TW-HsiaoChenNeural_SC-000605.wav,edgetts,minnan,SC-000605,zh-TW-HsiaoChenNeural,0.9884,可检
data/redteam/factory/sovits_api/dongbei/sovits_api_dongbei_ref_boot_edgetts_dongbei_zh-CN-liaoning-XiaobeiNeural_SC-000002_seg8s_SC-000021.wav,sovits_api,dongbei,SC-000021,ref_boot_edgetts_dongbei_zh-CN-liaoning-XiaobeiNeural_SC-000002_seg8s,0.9884,可检
data/redteam/factory/sovits_api/mandarin/sovits_api_mandarin_ref_boot_edgetts_mandarin_zh-CN-XiaoxiaoNeural_SC-000007_seg8s_SC-000092.wav,sovits_api,mandarin,SC-000092,ref_boot_edgetts_mandarin_zh-CN-XiaoxiaoNeural_SC-000007_seg8s,0.9884,可检
data/redteam/factory/sovits_api/sichuan/sovits_api_sichuan_ref_boot_edgetts_sichuan_zh-CN-XiaoxiaoNeural_SC-000010_SC-000255.wav,sovits_api,sichuan,SC-000255,ref_boot_edgetts_sichuan_zh-CN-XiaoxiaoNeural_SC-000010,0.9884,可检
data/redteam/factory/edgetts/cantonese/edgetts_cantonese_zh-HK-HiuMaanNeural_SC-000427.wav,edgetts,cantonese,SC-000427,zh-HK-HiuMaanNeural,0.9885,可检
data/redteam/factory/edgetts/minnan/edgetts_minnan_zh-TW-YunJheNeural_SC-001287.wav,edgetts,minnan,SC-001287,zh-TW-YunJheNeural,0.9885,可检
data/redteam/factory/edgetts/minnan/edgetts_minnan_zh-TW-HsiaoChenNeural_SC-001677.wav,edgetts,minnan,SC-001677,zh-TW-HsiaoChenNeural,0.9885,可检
data/redteam/factory/sovits_api/minnan/sovits_api_minnan_ref_boot_edgetts_minnan_zh-TW-HsiaoChenNeural_SC-000001_SC-000059.wav,sovits_api,minnan,SC-000059,ref_boot_edgetts_minnan_zh-TW-HsiaoChenNeural_SC-000001,0.9885,可检
data/redteam/factory/sovits_api/cantonese/sovits_api_cantonese_ref_boot_edgetts_cantonese_zh-HK-HiuMaanNeural_SC-000005_seg8s_SC-000285.wav,sovits_api,cantonese,SC-000285,ref_boot_edgetts_cantonese_zh-HK-HiuMaanNeural_SC-000005_seg8s,0.9886,可检
data/redteam/factory/edgetts/cantonese/edgetts_cantonese_zh-HK-HiuMaanNeural_SC-000953.wav,edgetts,cantonese,SC-000953,zh-HK-HiuMaanNeural,0.9888,可检
data/redteam/factory/sovits_api/mandarin/sovits_api_mandarin_ref_boot_edgetts_mandarin_zh-CN-YunjianNeural_SC-000007_seg8s_SC-000035.wav,sovits_api,mandarin,SC-000035,ref_boot_edgetts_mandarin_zh-CN-YunjianNeural_SC-000007_seg8s,0.9888,可检
data/redteam/factory/edgetts/minnan/edgetts_minnan_zh-TW-HsiaoChenNeural_SC-000059.wav,edgetts,minnan,SC-000059,zh-TW-HsiaoChenNeural,0.9889,可检
data/redteam/factory/sovits_api/mandarin/sovits_api_mandarin_ref_boot_edgetts_mandarin_zh-CN-YunjianNeural_SC-000007_seg8s_SC-000022.wav,sovits_api,mandarin,SC-000022,ref_boot_edgetts_mandarin_zh-CN-YunjianNeural_SC-000007_seg8s,0.9889,可检
data/redteam/factory/edgetts/minnan/edgetts_minnan_zh-TW-HsiaoChenNeural_SC-000005.wav,edgetts,minnan,SC-000005,zh-TW-HsiaoChenNeural,0.989,可检
data/redteam/factory/edgetts/mandarin/edgetts_mandarin_zh-CN-XiaoxiaoNeural_SC-000070.wav,edgetts,mandarin,SC-000070,zh-CN-XiaoxiaoNeural,0.989,可检
data/redteam/factory/edgetts/cantonese/edgetts_cantonese_zh-HK-HiuMaanNeural_SC-001069.wav,edgetts,cantonese,SC-001069,zh-HK-HiuMaanNeural,0.989,可检
data/redteam/factory/edgetts/minnan/edgetts_minnan_zh-TW-YunJheNeural_SC-001237.wav,edgetts,minnan,SC-001237,zh-TW-YunJheNeural,0.989,可检
data/redteam/factory/sovits_api/mandarin/sovits_api_mandarin_ref_boot_edgetts_mandarin_zh-CN-XiaoxiaoNeural_SC-000007_seg8s_SC-000019.wav,sovits_api,mandarin,SC-000019,ref_boot_edgetts_mandarin_zh-CN-XiaoxiaoNeural_SC-000007_seg8s,0.989,可检
data/redteam/factory/edgetts/cantonese/edgetts_cantonese_zh-HK-HiuMaanNeural_SC-000006.wav,edgetts,cantonese,SC-000006,zh-HK-HiuMaanNeural,0.9891,可检
data/redteam/factory/edgetts/minnan/edgetts_minnan_zh-TW-HsiaoChenNeural_SC-001032.wav,edgetts,minnan,SC-001032,zh-TW-HsiaoChenNeural,0.9891,可检
data/redteam/factory/sovits_api/sichuan/sovits_api_sichuan_ref_boot_edgetts_sichuan_zh-CN-XiaoxiaoNeural_SC-000010_SC-000115.wav,sovits_api,sichuan,SC-000115,ref_boot_edgetts_sichuan_zh-CN-XiaoxiaoNeural_SC-000010,0.9891,可检
data/redteam/factory/edgetts/minnan/edgetts_minnan_zh-TW-HsiaoChenNeural_SC-001011.wav,edgetts,minnan,SC-001011,zh-TW-HsiaoChenNeural,0.9892,可检
data/redteam/factory/edgetts/minnan/edgetts_minnan_zh-TW-HsiaoChenNeural_SC-000532.wav,edgetts,minnan,SC-000532,zh-TW-HsiaoChenNeural,0.9892,可检
data/redteam/factory/edgetts/mandarin/edgetts_mandarin_zh-CN-XiaoxiaoNeural_SC-000069.wav,edgetts,mandarin,SC-000069,zh-CN-XiaoxiaoNeural,0.9893,可检
data/redteam/factory/sovits_api/dongbei/sovits_api_dongbei_ref_boot_edgetts_dongbei_zh-CN-liaoning-XiaobeiNeural_SC-000002_seg8s_SC-000032.wav,sovits_api,dongbei,SC-000032,ref_boot_edgetts_dongbei_zh-CN-liaoning-XiaobeiNeural_SC-000002_seg8s,0.9893,可检
data/redteam/factory/edgetts/minnan/edgetts_minnan_zh-TW-HsiaoChenNeural_SC-000029.wav,edgetts,minnan,SC-000029,zh-TW-HsiaoChenNeural,0.9894,可检
data/redteam/factory/edgetts/minnan/edgetts_minnan_zh-TW-HsiaoChenNeural_SC-000445.wav,edgetts,minnan,SC-000445,zh-TW-HsiaoChenNeural,0.9894,可检
data/redteam/factory/edgetts/minnan/edgetts_minnan_zh-TW-HsiaoChenNeural_SC-000466.wav,edgetts,minnan,SC-000466,zh-TW-HsiaoChenNeural,0.9894,可检
data/redteam/factory/edgetts/minnan/edgetts_minnan_zh-TW-HsiaoChenNeural_SC-000824.wav,edgetts,minnan,SC-000824,zh-TW-HsiaoChenNeural,0.9894,可检
data/redteam/factory/edgetts/cantonese/edgetts_cantonese_zh-HK-HiuMaanNeural_SC-001188.wav,edgetts,cantonese,SC-001188,zh-HK-HiuMaanNeural,0.9894,可检
data/redteam/factory/sovits_api/minnan/sovits_api_minnan_ref_boot_edgetts_minnan_zh-TW-HsiaoChenNeural_SC-000001_SC-000146.wav,sovits_api,minnan,SC-000146,ref_boot_edgetts_minnan_zh-TW-HsiaoChenNeural_SC-000001,0.9894,可检
data/redteam/factory/sovits_api/henan/sovits_api_henan_ref_boot_edgetts_henan_zh-CN-shaanxi-XiaoniNeural_SC-000009_seg8s_SC-000088.wav,sovits_api,henan,SC-000088,ref_boot_edgetts_henan_zh-CN-shaanxi-XiaoniNeural_SC-000009_seg8s,0.9894,可检
data/redteam/factory/sovits_api/mandarin/sovits_api_mandarin_ref_boot_edgetts_mandarin_zh-CN-XiaoxiaoNeural_SC-000007_seg8s_SC-000011.wav,sovits_api,mandarin,SC-000011,ref_boot_edgetts_mandarin_zh-CN-XiaoxiaoNeural_SC-000007_seg8s,0.9895,可检
data/redteam/factory/edgetts/minnan/edgetts_minnan_zh-TW-HsiaoChenNeural_SC-000063.wav,edgetts,minnan,SC-000063,zh-TW-HsiaoChenNeural,0.9896,可检
data/redteam/factory/edgetts/sichuan/edgetts_sichuan_zh-CN-XiaoxiaoNeural_SC-000066.wav,edgetts,sichuan,SC-000066,zh-CN-XiaoxiaoNeural,0.9896,可检
data/redteam/factory/edgetts/cantonese/edgetts_cantonese_zh-HK-HiuMaanNeural_SC-000131.wav,edgetts,cantonese,SC-000131,zh-HK-HiuMaanNeural,0.9896,可检
data/redteam/factory/sovits_api/minnan/sovits_api_minnan_ref_boot_edgetts_minnan_zh-TW-HsiaoChenNeural_SC-000001_SC-000020.wav,sovits_api,minnan,SC-000020,ref_boot_edgetts_minnan_zh-TW-HsiaoChenNeural_SC-000001,0.9896,可检
data/redteam/factory/sovits_api/mandarin/sovits_api_mandarin_ref_boot_edgetts_mandarin_zh-CN-XiaoxiaoNeural_SC-000007_seg8s_SC-000027.wav,sovits_api,mandarin,SC-000027,ref_boot_edgetts_mandarin_zh-CN-XiaoxiaoNeural_SC-000007_seg8s,0.9896,可检
data/redteam/factory/sovits_api/mandarin/sovits_api_mandarin_ref_boot_edgetts_mandarin_zh-CN-XiaoxiaoNeural_SC-000007_seg8s_SC-000089.wav,sovits_api,mandarin,SC-000089,ref_boot_edgetts_mandarin_zh-CN-XiaoxiaoNeural_SC-000007_seg8s,0.9896,可检
data/redteam/factory/sovits_api/minnan/sovits_api_minnan_ref_boot_edgetts_minnan_zh-TW-HsiaoChenNeural_SC-000001_SC-000196.wav,sovits_api,minnan,SC-000196,ref_boot_edgetts_minnan_zh-TW-HsiaoChenNeural_SC-000001,0.9896,可检
data/redteam/factory/sovits_api/mandarin/sovits_api_mandarin_ref_boot_edgetts_mandarin_zh-CN-XiaoxiaoNeural_SC-000007_seg8s_SC-000035.wav,sovits_api,mandarin,SC-000035,ref_boot_edgetts_mandarin_zh-CN-XiaoxiaoNeural_SC-000007_seg8s,0.9897,可检
data/redteam/factory/sovits_api/cantonese/sovits_api_cantonese_ref_boot_edgetts_cantonese_zh-HK-WanLungNeural_SC-000005_seg8s_SC-000116.wav,sovits_api,cantonese,SC-000116,ref_boot_edgetts_cantonese_zh-HK-WanLungNeural_SC-000005_seg8s,0.9897,可检
data/redteam/factory/edgetts/cantonese/edgetts_cantonese_zh-HK-HiuMaanNeural_SC-000116.wav,edgetts,cantonese,SC-000116,zh-HK-HiuMaanNeural,0.9898,可检
data/redteam/factory/edgetts/cantonese/edgetts_cantonese_zh-HK-HiuMaanNeural_SC-000142.wav,edgetts,cantonese,SC-000142,zh-HK-HiuMaanNeural,0.9898,可检
data/redteam/factory/edgetts/cantonese/edgetts_cantonese_zh-HK-HiuMaanNeural_SC-000523.wav,edgetts,cantonese,SC-000523,zh-HK-HiuMaanNeural,0.9898,可检
data/redteam/factory/edgetts/minnan/edgetts_minnan_zh-TW-HsiaoChenNeural_SC-001415.wav,edgetts,minnan,SC-001415,zh-TW-HsiaoChenNeural,0.9899,可检
data/redteam/factory/sovits_api/cantonese/sovits_api_cantonese_ref_boot_edgetts_cantonese_zh-HK-HiuMaanNeural_SC-000005_seg8s_SC-000187.wav,sovits_api,cantonese,SC-000187,ref_boot_edgetts_cantonese_zh-HK-HiuMaanNeural_SC-000005_seg8s,0.9899,可检
data/redteam/factory/edgetts/sichuan/edgetts_sichuan_zh-CN-XiaoxiaoNeural_SC-000879.wav,edgetts,sichuan,SC-000879,zh-CN-XiaoxiaoNeural,0.99,可检
data/redteam/factory/edgetts/cantonese/edgetts_cantonese_zh-HK-HiuMaanNeural_SC-001555.wav,edgetts,cantonese,SC-001555,zh-HK-HiuMaanNeural,0.99,可检
data/redteam/factory/sovits_api/sichuan/sovits_api_sichuan_ref_boot_edgetts_sichuan_zh-CN-XiaoxiaoNeural_SC-000010_SC-000215.wav,sovits_api,sichuan,SC-000215,ref_boot_edgetts_sichuan_zh-CN-XiaoxiaoNeural_SC-000010,0.99,可检
data/redteam/factory/edgetts/sichuan/edgetts_sichuan_zh-CN-XiaoxiaoNeural_SC-000472.wav,edgetts,sichuan,SC-000472,zh-CN-XiaoxiaoNeural,0.9901,可检
data/redteam/factory/sovits_api/henan/sovits_api_henan_ref_boot_edgetts_henan_zh-CN-shaanxi-XiaoniNeural_SC-000009_seg8s_SC-000064.wav,sovits_api,henan,SC-000064,ref_boot_edgetts_henan_zh-CN-shaanxi-XiaoniNeural_SC-000009_seg8s,0.9901,可检
data/redteam/factory/edgetts/cantonese/edgetts_cantonese_zh-HK-HiuMaanNeural_SC-000009.wav,edgetts,cantonese,SC-000009,zh-HK-HiuMaanNeural,0.9902,可检
data/redteam/factory/edgetts/minnan/edgetts_minnan_zh-TW-HsiaoChenNeural_SC-000900.wav,edgetts,minnan,SC-000900,zh-TW-HsiaoChenNeural,0.9902,可检
data/redteam/factory/edgetts/minnan/edgetts_minnan_zh-TW-HsiaoChenNeural_SC-001663.wav,edgetts,minnan,SC-001663,zh-TW-HsiaoChenNeural,0.9902,可检
data/redteam/factory/edgetts/cantonese/edgetts_cantonese_zh-HK-HiuMaanNeural_SC-000561.wav,edgetts,cantonese,SC-000561,zh-HK-HiuMaanNeural,0.9903,可检
data/redteam/factory/sovits_api/henan/sovits_api_henan_ref_boot_edgetts_henan_zh-CN-shaanxi-XiaoniNeural_SC-000009_seg8s_SC-000073.wav,sovits_api,henan,SC-000073,ref_boot_edgetts_henan_zh-CN-shaanxi-XiaoniNeural_SC-000009_seg8s,0.9903,可检
data/redteam/factory/edgetts/cantonese/edgetts_cantonese_zh-HK-HiuMaanNeural_SC-000145.wav,edgetts,cantonese,SC-000145,zh-HK-HiuMaanNeural,0.9904,可检
data/redteam/factory/edgetts/minnan/edgetts_minnan_zh-TW-HsiaoChenNeural_SC-000539.wav,edgetts,minnan,SC-000539,zh-TW-HsiaoChenNeural,0.9904,可检
data/redteam/factory/sovits_api/henan/sovits_api_henan_ref_boot_edgetts_henan_zh-CN-shaanxi-XiaoniNeural_SC-000009_seg8s_SC-000017.wav,sovits_api,henan,SC-000017,ref_boot_edgetts_henan_zh-CN-shaanxi-XiaoniNeural_SC-000009_seg8s,0.9904,可检
data/redteam/factory/sovits_api/henan/sovits_api_henan_ref_boot_edgetts_henan_zh-CN-shaanxi-XiaoniNeural_SC-000009_seg8s_SC-000208.wav,sovits_api,henan,SC-000208,ref_boot_edgetts_henan_zh-CN-shaanxi-XiaoniNeural_SC-000009_seg8s,0.9904,可检
data/redteam/factory/edgetts/cantonese/edgetts_cantonese_zh-HK-HiuMaanNeural_SC-000988.wav,edgetts,cantonese,SC-000988,zh-HK-HiuMaanNeural,0.9905,可检
data/redteam/factory/edgetts/cantonese/edgetts_cantonese_zh-HK-HiuMaanNeural_SC-001489.wav,edgetts,cantonese,SC-001489,zh-HK-HiuMaanNeural,0.9905,可检
data/redteam/factory/sovits_api/mandarin/sovits_api_mandarin_ref_boot_edgetts_mandarin_zh-CN-XiaoxiaoNeural_SC-000007_seg8s_SC-000060.wav,sovits_api,mandarin,SC-000060,ref_boot_edgetts_mandarin_zh-CN-XiaoxiaoNeural_SC-000007_seg8s,0.9905,可检
data/redteam/factory/sovits_api/minnan/sovits_api_minnan_ref_boot_edgetts_minnan_zh-TW-HsiaoChenNeural_SC-000001_SC-000369.wav,sovits_api,minnan,SC-000369,ref_boot_edgetts_minnan_zh-TW-HsiaoChenNeural_SC-000001,0.9905,可检
data/redteam/factory/edgetts/minnan/edgetts_minnan_zh-TW-HsiaoChenNeural_SC-001636.wav,edgetts,minnan,SC-001636,zh-TW-HsiaoChenNeural,0.9906,可检
data/redteam/factory/edgetts/cantonese/edgetts_cantonese_zh-HK-HiuMaanNeural_SC-001280.wav,edgetts,cantonese,SC-001280,zh-HK-HiuMaanNeural,0.9906,可检
data/redteam/factory/edgetts/mandarin/edgetts_mandarin_zh-CN-YunxiNeural_SC-000227.wav,edgetts,mandarin,SC-000227,zh-CN-YunxiNeural,0.9906,可检
data/redteam/factory/edgetts/cantonese/edgetts_cantonese_zh-HK-HiuMaanNeural_SC-000012.wav,edgetts,cantonese,SC-000012,zh-HK-HiuMaanNeural,0.9907,可检
data/redteam/factory/edgetts/minnan/edgetts_minnan_zh-TW-HsiaoChenNeural_SC-001121.wav,edgetts,minnan,SC-001121,zh-TW-HsiaoChenNeural,0.9907,可检
data/redteam/factory/edgetts/minnan/edgetts_minnan_zh-TW-HsiaoChenNeural_SC-000648.wav,edgetts,minnan,SC-000648,zh-TW-HsiaoChenNeural,0.9907,可检
data/redteam/factory/edgetts/minnan/edgetts_minnan_zh-TW-HsiaoChenNeural_SC-001414.wav,edgetts,minnan,SC-001414,zh-TW-HsiaoChenNeural,0.9907,可检
data/redteam/factory/edgetts/cantonese/edgetts_cantonese_zh-HK-HiuMaanNeural_SC-000557.wav,edgetts,cantonese,SC-000557,zh-HK-HiuMaanNeural,0.9907,可检
data/redteam/factory/edgetts/cantonese/edgetts_cantonese_zh-HK-HiuMaanNeural_SC-000008.wav,edgetts,cantonese,SC-000008,zh-HK-HiuMaanNeural,0.9908,可检
data/redteam/factory/edgetts/cantonese/edgetts_cantonese_zh-HK-HiuMaanNeural_SC-001541.wav,edgetts,cantonese,SC-001541,zh-HK-HiuMaanNeural,0.9908,可检
data/redteam/factory/sovits_api/mandarin/sovits_api_mandarin_ref_boot_edgetts_mandarin_zh-CN-XiaoxiaoNeural_SC-000007_seg8s_SC-000093.wav,sovits_api,mandarin,SC-000093,ref_boot_edgetts_mandarin_zh-CN-XiaoxiaoNeural_SC-000007_seg8s,0.9908,可检
data/redteam/factory/sovits_api/mandarin/sovits_api_mandarin_ref_boot_edgetts_mandarin_zh-CN-XiaoxiaoNeural_SC-000007_seg8s_SC-000096.wav,sovits_api,mandarin,SC-000096,ref_boot_edgetts_mandarin_zh-CN-XiaoxiaoNeural_SC-000007_seg8s,0.9908,可检
data/redteam/factory/edgetts/minnan/edgetts_minnan_zh-TW-HsiaoChenNeural_SC-000006.wav,edgetts,minnan,SC-000006,zh-TW-HsiaoChenNeural,0.9909,可检
data/redteam/factory/edgetts/minnan/edgetts_minnan_zh-TW-YunJheNeural_SC-000845.wav,edgetts,minnan,SC-000845,zh-TW-YunJheNeural,0.9909,可检
data/redteam/factory/sovits_api/minnan/sovits_api_minnan_ref_boot_edgetts_minnan_zh-TW-HsiaoChenNeural_SC-000001_SC-000282.wav,sovits_api,minnan,SC-000282,ref_boot_edgetts_minnan_zh-TW-HsiaoChenNeural_SC-000001,0.9909,可检
data/redteam/factory/sovits_api/henan/sovits_api_henan_ref_boot_edgetts_henan_zh-CN-shaanxi-XiaoniNeural_SC-000009_seg8s_SC-000075.wav,sovits_api,henan,SC-000075,ref_boot_edgetts_henan_zh-CN-shaanxi-XiaoniNeural_SC-000009_seg8s,0.9909,可检
data/redteam/factory/edgetts/cantonese/edgetts_cantonese_zh-HK-HiuMaanNeural_SC-000015.wav,edgetts,cantonese,SC-000015,zh-HK-HiuMaanNeural,0.991,可检
data/redteam/factory/edgetts/cantonese/edgetts_cantonese_zh-HK-HiuMaanNeural_SC-000094.wav,edgetts,cantonese,SC-000094,zh-HK-HiuMaanNeural,0.991,可检
data/redteam/factory/edgetts/minnan/edgetts_minnan_zh-TW-HsiaoChenNeural_SC-000626.wav,edgetts,minnan,SC-000626,zh-TW-HsiaoChenNeural,0.991,可检
data/redteam/factory/edgetts/cantonese/edgetts_cantonese_zh-HK-HiuMaanNeural_SC-000918.wav,edgetts,cantonese,SC-000918,zh-HK-HiuMaanNeural,0.991,可检
data/redteam/factory/sovits_api/sichuan/sovits_api_sichuan_ref_boot_edgetts_sichuan_zh-CN-XiaoxiaoNeural_SC-000010_SC-000266.wav,sovits_api,sichuan,SC-000266,ref_boot_edgetts_sichuan_zh-CN-XiaoxiaoNeural_SC-000010,0.991,可检
data/redteam/factory/sovits_api/henan/sovits_api_henan_ref_boot_edgetts_henan_zh-CN-shaanxi-XiaoniNeural_SC-000009_seg8s_SC-000170.wav,sovits_api,henan,SC-000170,ref_boot_edgetts_henan_zh-CN-shaanxi-XiaoniNeural_SC-000009_seg8s,0.991,可检
data/redteam/factory/edgetts/mandarin/edgetts_mandarin_zh-CN-YunxiNeural_SC-000003.wav,edgetts,mandarin,SC-000003,zh-CN-YunxiNeural,0.9911,可检
data/redteam/factory/edgetts/minnan/edgetts_minnan_zh-TW-HsiaoChenNeural_SC-000015.wav,edgetts,minnan,SC-000015,zh-TW-HsiaoChenNeural,0.9911,可检
data/redteam/factory/edgetts/sichuan/edgetts_sichuan_zh-CN-YunxiNeural_SC-000003.wav,edgetts,sichuan,SC-000003,zh-CN-YunxiNeural,0.9911,可检
data/redteam/factory/edgetts/cantonese/edgetts_cantonese_zh-HK-HiuMaanNeural_SC-000765.wav,edgetts,cantonese,SC-000765,zh-HK-HiuMaanNeural,0.9911,可检
data/redteam/factory/sovits_api/sichuan/sovits_api_sichuan_ref_boot_edgetts_sichuan_zh-CN-XiaoxiaoNeural_SC-000010_SC-000066.wav,sovits_api,sichuan,SC-000066,ref_boot_edgetts_sichuan_zh-CN-XiaoxiaoNeural_SC-000010,0.9912,可检
data/redteam/factory/sovits_api/minnan/sovits_api_minnan_ref_boot_edgetts_minnan_zh-TW-YunJheNeural_SC-000001_SC-000394.wav,sovits_api,minnan,SC-000394,ref_boot_edgetts_minnan_zh-TW-YunJheNeural_SC-000001,0.9913,可检
data/redteam/factory/sovits_api/henan/sovits_api_henan_ref_boot_edgetts_henan_zh-CN-shaanxi-XiaoniNeural_SC-000009_seg8s_SC-000068.wav,sovits_api,henan,SC-000068,ref_boot_edgetts_henan_zh-CN-shaanxi-XiaoniNeural_SC-000009_seg8s,0.9913,可检
data/redteam/factory/edgetts/minnan/edgetts_minnan_zh-TW-HsiaoChenNeural_SC-000594.wav,edgetts,minnan,SC-000594,zh-TW-HsiaoChenNeural,0.9914,可检
data/redteam/factory/edgetts/mandarin/edgetts_mandarin_zh-CN-XiaoxiaoNeural_SC-000279.wav,edgetts,mandarin,SC-000279,zh-CN-XiaoxiaoNeural,0.9914,可检
data/redteam/factory/sovits_api/mandarin/sovits_api_mandarin_ref_boot_edgetts_mandarin_zh-CN-XiaoxiaoNeural_SC-000007_seg8s_SC-000026.wav,sovits_api,mandarin,SC-000026,ref_boot_edgetts_mandarin_zh-CN-XiaoxiaoNeural_SC-000007_seg8s,0.9914,可检
data/redteam/factory/sovits_api/mandarin/sovits_api_mandarin_ref_boot_edgetts_mandarin_zh-CN-XiaoxiaoNeural_SC-000007_seg8s_SC-000065.wav,sovits_api,mandarin,SC-000065,ref_boot_edgetts_mandarin_zh-CN-XiaoxiaoNeural_SC-000007_seg8s,0.9914,可检
data/redteam/factory/sovits_api/sichuan/sovits_api_sichuan_ref_boot_edgetts_sichuan_zh-CN-XiaoxiaoNeural_SC-000010_SC-000118.wav,sovits_api,sichuan,SC-000118,ref_boot_edgetts_sichuan_zh-CN-XiaoxiaoNeural_SC-000010,0.9915,可检
data/redteam/factory/edgetts/minnan/edgetts_minnan_zh-TW-HsiaoChenNeural_SC-001267.wav,edgetts,minnan,SC-001267,zh-TW-HsiaoChenNeural,0.9916,可检
data/redteam/factory/sovits_api/cantonese/sovits_api_cantonese_ref_boot_edgetts_cantonese_zh-HK-HiuMaanNeural_SC-000005_seg8s_SC-000191.wav,sovits_api,cantonese,SC-000191,ref_boot_edgetts_cantonese_zh-HK-HiuMaanNeural_SC-000005_seg8s,0.9916,可检
data/redteam/factory/sovits_api/cantonese/sovits_api_cantonese_ref_boot_edgetts_cantonese_zh-HK-WanLungNeural_SC-000005_seg8s_SC-000296.wav,sovits_api,cantonese,SC-000296,ref_boot_edgetts_cantonese_zh-HK-WanLungNeural_SC-000005_seg8s,0.9916,可检
data/redteam/factory/edgetts/cantonese/edgetts_cantonese_zh-HK-HiuMaanNeural_SC-000025.wav,edgetts,cantonese,SC-000025,zh-HK-HiuMaanNeural,0.9917,可检
data/redteam/factory/sovits_api/mandarin/sovits_api_mandarin_ref_boot_edgetts_mandarin_zh-CN-XiaoxiaoNeural_SC-000007_seg8s_SC-000057.wav,sovits_api,mandarin,SC-000057,ref_boot_edgetts_mandarin_zh-CN-XiaoxiaoNeural_SC-000007_seg8s,0.9917,可检
data/redteam/factory/sovits_api/henan/sovits_api_henan_ref_boot_edgetts_henan_zh-CN-shaanxi-XiaoniNeural_SC-000009_seg8s_SC-000160.wav,sovits_api,henan,SC-000160,ref_boot_edgetts_henan_zh-CN-shaanxi-XiaoniNeural_SC-000009_seg8s,0.9917,可检
data/redteam/factory/edgetts/cantonese/edgetts_cantonese_zh-HK-HiuMaanNeural_SC-000245.wav,edgetts,cantonese,SC-000245,zh-HK-HiuMaanNeural,0.9918,可检
data/redteam/factory/edgetts/minnan/edgetts_minnan_zh-TW-HsiaoChenNeural_SC-000970.wav,edgetts,minnan,SC-000970,zh-TW-HsiaoChenNeural,0.9918,可检
data/redteam/factory/edgetts/cantonese/edgetts_cantonese_zh-HK-HiuMaanNeural_SC-000048.wav,edgetts,cantonese,SC-000048,zh-HK-HiuMaanNeural,0.9919,可检
data/redteam/factory/edgetts/cantonese/edgetts_cantonese_zh-HK-HiuMaanNeural_SC-000389.wav,edgetts,cantonese,SC-000389,zh-HK-HiuMaanNeural,0.9919,可检
data/redteam/factory/edgetts/minnan/edgetts_minnan_zh-TW-HsiaoChenNeural_SC-000910.wav,edgetts,minnan,SC-000910,zh-TW-HsiaoChenNeural,0.9919,可检
data/redteam/factory/edgetts/henan/edgetts_henan_zh-CN-shaanxi-XiaoniNeural_SC-000217.wav,edgetts,henan,SC-000217,zh-CN-shaanxi-XiaoniNeural,0.992,可检
data/redteam/factory/sovits_api/sichuan/sovits_api_sichuan_ref_boot_edgetts_sichuan_zh-CN-YunxiNeural_SC-000010_SC-000010.wav,sovits_api,sichuan,SC-000010,ref_boot_edgetts_sichuan_zh-CN-YunxiNeural_SC-000010,0.992,可检
data/redteam/factory/edgetts/minnan/edgetts_minnan_zh-TW-HsiaoChenNeural_SC-000369.wav,edgetts,minnan,SC-000369,zh-TW-HsiaoChenNeural,0.9921,可检
data/redteam/factory/edgetts/cantonese/edgetts_cantonese_zh-HK-HiuMaanNeural_SC-000649.wav,edgetts,cantonese,SC-000649,zh-HK-HiuMaanNeural,0.9921,可检
data/redteam/factory/sovits_api/cantonese/sovits_api_cantonese_ref_boot_edgetts_cantonese_zh-HK-HiuMaanNeural_SC-000005_seg8s_SC-000018.wav,sovits_api,cantonese,SC-000018,ref_boot_edgetts_cantonese_zh-HK-HiuMaanNeural_SC-000005_seg8s,0.9921,可检
data/redteam/factory/sovits_api/mandarin/sovits_api_mandarin_ref_boot_edgetts_mandarin_zh-CN-XiaoxiaoNeural_SC-000007_seg8s_SC-000070.wav,sovits_api,mandarin,SC-000070,ref_boot_edgetts_mandarin_zh-CN-XiaoxiaoNeural_SC-000007_seg8s,0.9921,可检
data/redteam/factory/sovits_api/mandarin/sovits_api_mandarin_ref_boot_edgetts_mandarin_zh-CN-XiaoxiaoNeural_SC-000007_seg8s_SC-000077.wav,sovits_api,mandarin,SC-000077,ref_boot_edgetts_mandarin_zh-CN-XiaoxiaoNeural_SC-000007_seg8s,0.9921,可检
data/redteam/factory/edgetts/minnan/edgetts_minnan_zh-TW-HsiaoChenNeural_SC-000024.wav,edgetts,minnan,SC-000024,zh-TW-HsiaoChenNeural,0.9922,可检
data/redteam/factory/edgetts/minnan/edgetts_minnan_zh-TW-HsiaoChenNeural_SC-000055.wav,edgetts,minnan,SC-000055,zh-TW-HsiaoChenNeural,0.9922,可检
data/redteam/factory/edgetts/cantonese/edgetts_cantonese_zh-HK-HiuMaanNeural_SC-000770.wav,edgetts,cantonese,SC-000770,zh-HK-HiuMaanNeural,0.9923,可检
data/redteam/factory/sovits_api/dongbei/sovits_api_dongbei_ref_boot_edgetts_dongbei_zh-CN-liaoning-XiaobeiNeural_SC-000002_seg8s_SC-000013.wav,sovits_api,dongbei,SC-000013,ref_boot_edgetts_dongbei_zh-CN-liaoning-XiaobeiNeural_SC-000002_seg8s,0.9923,可检
data/redteam/factory/sovits_api/minnan/sovits_api_minnan_ref_boot_edgetts_minnan_zh-TW-HsiaoChenNeural_SC-000001_SC-000207.wav,sovits_api,minnan,SC-000207,ref_boot_edgetts_minnan_zh-TW-HsiaoChenNeural_SC-000001,0.9923,可检
data/redteam/factory/edgetts/minnan/edgetts_minnan_zh-TW-HsiaoChenNeural_SC-000054.wav,edgetts,minnan,SC-000054,zh-TW-HsiaoChenNeural,0.9924,可检
data/redteam/factory/sovits_api/sichuan/sovits_api_sichuan_ref_boot_edgetts_sichuan_zh-CN-XiaoxiaoNeural_SC-000010_SC-000127.wav,sovits_api,sichuan,SC-000127,ref_boot_edgetts_sichuan_zh-CN-XiaoxiaoNeural_SC-000010,0.9924,可检
data/redteam/factory/sovits_api/dongbei/sovits_api_dongbei_ref_boot_edgetts_dongbei_zh-CN-liaoning-XiaobeiNeural_SC-000002_seg8s_SC-000113.wav,sovits_api,dongbei,SC-000113,ref_boot_edgetts_dongbei_zh-CN-liaoning-XiaobeiNeural_SC-000002_seg8s,0.9924,可检
data/redteam/factory/edgetts/cantonese/edgetts_cantonese_zh-HK-HiuMaanNeural_SC-000209.wav,edgetts,cantonese,SC-000209,zh-HK-HiuMaanNeural,0.9925,可检
data/redteam/factory/edgetts/minnan/edgetts_minnan_zh-TW-YunJheNeural_SC-001376.wav,edgetts,minnan,SC-001376,zh-TW-YunJheNeural,0.9925,可检
data/redteam/factory/edgetts/cantonese/edgetts_cantonese_zh-HK-HiuMaanNeural_SC-001419.wav,edgetts,cantonese,SC-001419,zh-HK-HiuMaanNeural,0.9925,可检
data/redteam/factory/edgetts/minnan/edgetts_minnan_zh-TW-HsiaoChenNeural_SC-000870.wav,edgetts,minnan,SC-000870,zh-TW-HsiaoChenNeural,0.9925,可检
data/redteam/factory/edgetts/cantonese/edgetts_cantonese_zh-HK-HiuMaanNeural_SC-001456.wav,edgetts,cantonese,SC-001456,zh-HK-HiuMaanNeural,0.9925,可检
data/redteam/factory/sovits_api/dongbei/sovits_api_dongbei_ref_boot_edgetts_dongbei_zh-CN-liaoning-XiaobeiNeural_SC-000002_seg8s_SC-000288.wav,sovits_api,dongbei,SC-000288,ref_boot_edgetts_dongbei_zh-CN-liaoning-XiaobeiNeural_SC-000002_seg8s,0.9925,可检
data/redteam/factory/edgetts/minnan/edgetts_minnan_zh-TW-HsiaoChenNeural_SC-000394.wav,edgetts,minnan,SC-000394,zh-TW-HsiaoChenNeural,0.9926,可检
data/redteam/factory/edgetts/minnan/edgetts_minnan_zh-TW-HsiaoChenNeural_SC-000816.wav,edgetts,minnan,SC-000816,zh-TW-HsiaoChenNeural,0.9926,可检
data/redteam/factory/edgetts/cantonese/edgetts_cantonese_zh-HK-HiuMaanNeural_SC-000810.wav,edgetts,cantonese,SC-000810,zh-HK-HiuMaanNeural,0.9926,可检
data/redteam/factory/sovits_api/cantonese/sovits_api_cantonese_ref_boot_edgetts_cantonese_zh-HK-WanLungNeural_SC-000005_seg8s_SC-000187.wav,sovits_api,cantonese,SC-000187,ref_boot_edgetts_cantonese_zh-HK-WanLungNeural_SC-000005_seg8s,0.9926,可检
data/redteam/factory/sovits_api/henan/sovits_api_henan_ref_boot_edgetts_henan_zh-CN-shaanxi-XiaoniNeural_SC-000009_seg8s_SC-000067.wav,sovits_api,henan,SC-000067,ref_boot_edgetts_henan_zh-CN-shaanxi-XiaoniNeural_SC-000009_seg8s,0.9926,可检
data/redteam/factory/sovits_api/henan/sovits_api_henan_ref_boot_edgetts_henan_zh-CN-shaanxi-XiaoniNeural_SC-000009_seg8s_SC-000195.wav,sovits_api,henan,SC-000195,ref_boot_edgetts_henan_zh-CN-shaanxi-XiaoniNeural_SC-000009_seg8s,0.9926,可检
data/redteam/factory/edgetts/cantonese/edgetts_cantonese_zh-HK-HiuMaanNeural_SC-000258.wav,edgetts,cantonese,SC-000258,zh-HK-HiuMaanNeural,0.9927,可检
data/redteam/factory/sovits_api/sichuan/sovits_api_sichuan_ref_boot_edgetts_sichuan_zh-CN-XiaoxiaoNeural_SC-000010_SC-000212.wav,sovits_api,sichuan,SC-000212,ref_boot_edgetts_sichuan_zh-CN-XiaoxiaoNeural_SC-000010,0.9927,可检
data/redteam/factory/edgetts/cantonese/edgetts_cantonese_zh-HK-HiuMaanNeural_SC-001445.wav,edgetts,cantonese,SC-001445,zh-HK-HiuMaanNeural,0.9928,可检
data/redteam/factory/edgetts/cantonese/edgetts_cantonese_zh-HK-HiuMaanNeural_SC-000912.wav,edgetts,cantonese,SC-000912,zh-HK-HiuMaanNeural,0.9928,可检
data/redteam/factory/edgetts/minnan/edgetts_minnan_zh-TW-HsiaoChenNeural_SC-000196.wav,edgetts,minnan,SC-000196,zh-TW-HsiaoChenNeural,0.9929,可检
data/redteam/factory/edgetts/cantonese/edgetts_cantonese_zh-HK-HiuMaanNeural_SC-000296.wav,edgetts,cantonese,SC-000296,zh-HK-HiuMaanNeural,0.9929,可检
data/redteam/factory/edgetts/cantonese/edgetts_cantonese_zh-HK-WanLungNeural_SC-001263.wav,edgetts,cantonese,SC-001263,zh-HK-WanLungNeural,0.9929,可检
data/redteam/factory/edgetts/cantonese/edgetts_cantonese_zh-HK-HiuMaanNeural_SC-000798.wav,edgetts,cantonese,SC-000798,zh-HK-HiuMaanNeural,0.9929,可检
data/redteam/factory/sovits_api/mandarin/sovits_api_mandarin_ref_boot_edgetts_mandarin_zh-CN-YunjianNeural_SC-000007_seg8s_SC-000072.wav,sovits_api,mandarin,SC-000072,ref_boot_edgetts_mandarin_zh-CN-YunjianNeural_SC-000007_seg8s,0.9929,可检
data/redteam/factory/edgetts/minnan/edgetts_minnan_zh-TW-HsiaoChenNeural_SC-000008.wav,edgetts,minnan,SC-000008,zh-TW-HsiaoChenNeural,0.993,可检
data/redteam/factory/edgetts/minnan/edgetts_minnan_zh-TW-HsiaoChenNeural_SC-000323.wav,edgetts,minnan,SC-000323,zh-TW-HsiaoChenNeural,0.993,可检
data/redteam/factory/edgetts/minnan/edgetts_minnan_zh-TW-HsiaoChenNeural_SC-001311.wav,edgetts,minnan,SC-001311,zh-TW-HsiaoChenNeural,0.993,可检
data/redteam/factory/sovits_api/sichuan/sovits_api_sichuan_ref_boot_edgetts_sichuan_zh-CN-XiaoxiaoNeural_SC-000010_SC-000186.wav,sovits_api,sichuan,SC-000186,ref_boot_edgetts_sichuan_zh-CN-XiaoxiaoNeural_SC-000010,0.993,可检
data/redteam/factory/edgetts/minnan/edgetts_minnan_zh-TW-HsiaoChenNeural_SC-000020.wav,edgetts,minnan,SC-000020,zh-TW-HsiaoChenNeural,0.9931,可检
data/redteam/factory/edgetts/cantonese/edgetts_cantonese_zh-HK-HiuMaanNeural_SC-000003.wav,edgetts,cantonese,SC-000003,zh-HK-HiuMaanNeural,0.9931,可检
data/redteam/factory/edgetts/cantonese/edgetts_cantonese_zh-HK-HiuMaanNeural_SC-001473.wav,edgetts,cantonese,SC-001473,zh-HK-HiuMaanNeural,0.9931,可检
data/redteam/factory/sovits_api/cantonese/sovits_api_cantonese_ref_boot_edgetts_cantonese_zh-HK-HiuMaanNeural_SC-000005_seg8s_SC-000116.wav,sovits_api,cantonese,SC-000116,ref_boot_edgetts_cantonese_zh-HK-HiuMaanNeural_SC-000005_seg8s,0.9932,可检
data/redteam/factory/edgetts/minnan/edgetts_minnan_zh-TW-HsiaoChenNeural_SC-001240.wav,edgetts,minnan,SC-001240,zh-TW-HsiaoChenNeural,0.9933,可检
data/redteam/factory/edgetts/minnan/edgetts_minnan_zh-TW-HsiaoChenNeural_SC-001297.wav,edgetts,minnan,SC-001297,zh-TW-HsiaoChenNeural,0.9933,可检
data/redteam/factory/edgetts/cantonese/edgetts_cantonese_zh-HK-HiuMaanNeural_SC-000490.wav,edgetts,cantonese,SC-000490,zh-HK-HiuMaanNeural,0.9933,可检
data/redteam/factory/edgetts/cantonese/edgetts_cantonese_zh-HK-HiuMaanNeural_SC-000024.wav,edgetts,cantonese,SC-000024,zh-HK-HiuMaanNeural,0.9934,可检
data/redteam/factory/edgetts/cantonese/edgetts_cantonese_zh-HK-HiuMaanNeural_SC-000885.wav,edgetts,cantonese,SC-000885,zh-HK-HiuMaanNeural,0.9934,可检
data/redteam/factory/edgetts/minnan/edgetts_minnan_zh-TW-YunJheNeural_SC-001712.wav,edgetts,minnan,SC-001712,zh-TW-YunJheNeural,0.9934,可检
data/redteam/factory/edgetts/minnan/edgetts_minnan_zh-TW-HsiaoChenNeural_SC-000883.wav,edgetts,minnan,SC-000883,zh-TW-HsiaoChenNeural,0.9936,可检
data/redteam/factory/sovits_api/dongbei/sovits_api_dongbei_ref_boot_edgetts_dongbei_zh-CN-liaoning-XiaobeiNeural_SC-000002_seg8s_SC-000024.wav,sovits_api,dongbei,SC-000024,ref_boot_edgetts_dongbei_zh-CN-liaoning-XiaobeiNeural_SC-000002_seg8s,0.9936,可检
data/redteam/factory/sovits_api/sichuan/sovits_api_sichuan_ref_boot_edgetts_sichuan_zh-CN-XiaoxiaoNeural_SC-000010_SC-000232.wav,sovits_api,sichuan,SC-000232,ref_boot_edgetts_sichuan_zh-CN-XiaoxiaoNeural_SC-000010,0.9936,可检
data/redteam/factory/edgetts/minnan/edgetts_minnan_zh-TW-HsiaoChenNeural_SC-000864.wav,edgetts,minnan,SC-000864,zh-TW-HsiaoChenNeural,0.9937,可检
data/redteam/factory/sovits_api/mandarin/sovits_api_mandarin_ref_boot_edgetts_mandarin_zh-CN-XiaoxiaoNeural_SC-000007_seg8s_SC-000044.wav,sovits_api,mandarin,SC-000044,ref_boot_edgetts_mandarin_zh-CN-XiaoxiaoNeural_SC-000007_seg8s,0.9937,可检
data/redteam/factory/sovits_api/henan/sovits_api_henan_ref_boot_edgetts_henan_zh-CN-shaanxi-XiaoniNeural_SC-000009_seg8s_SC-000203.wav,sovits_api,henan,SC-000203,ref_boot_edgetts_henan_zh-CN-shaanxi-XiaoniNeural_SC-000009_seg8s,0.9937,可检
data/redteam/factory/edgetts/minnan/edgetts_minnan_zh-TW-HsiaoChenNeural_SC-000421.wav,edgetts,minnan,SC-000421,zh-TW-HsiaoChenNeural,0.9938,可检
data/redteam/factory/sovits_api/henan/sovits_api_henan_ref_boot_edgetts_henan_zh-CN-shaanxi-XiaoniNeural_SC-000009_seg8s_SC-000137.wav,sovits_api,henan,SC-000137,ref_boot_edgetts_henan_zh-CN-shaanxi-XiaoniNeural_SC-000009_seg8s,0.9938,可检
data/redteam/factory/edgetts/minnan/edgetts_minnan_zh-TW-HsiaoChenNeural_SC-000703.wav,edgetts,minnan,SC-000703,zh-TW-HsiaoChenNeural,0.9939,可检
data/redteam/factory/edgetts/minnan/edgetts_minnan_zh-TW-HsiaoChenNeural_SC-000966.wav,edgetts,minnan,SC-000966,zh-TW-HsiaoChenNeural,0.9939,可检
data/redteam/factory/edgetts/minnan/edgetts_minnan_zh-TW-HsiaoChenNeural_SC-000982.wav,edgetts,minnan,SC-000982,zh-TW-HsiaoChenNeural,0.9939,可检
data/redteam/factory/edgetts/minnan/edgetts_minnan_zh-TW-HsiaoChenNeural_SC-001695.wav,edgetts,minnan,SC-001695,zh-TW-HsiaoChenNeural,0.9939,可检
data/redteam/factory/edgetts/minnan/edgetts_minnan_zh-TW-HsiaoChenNeural_SC-000546.wav,edgetts,minnan,SC-000546,zh-TW-HsiaoChenNeural,0.9939,可检
data/redteam/factory/sovits_api/mandarin/sovits_api_mandarin_ref_boot_edgetts_mandarin_zh-CN-YunjianNeural_SC-000007_seg8s_SC-000016.wav,sovits_api,mandarin,SC-000016,ref_boot_edgetts_mandarin_zh-CN-YunjianNeural_SC-000007_seg8s,0.9939,可检
data/redteam/factory/sovits_api/mandarin/sovits_api_mandarin_ref_boot_edgetts_mandarin_zh-CN-YunjianNeural_SC-000007_seg8s_SC-000085.wav,sovits_api,mandarin,SC-000085,ref_boot_edgetts_mandarin_zh-CN-YunjianNeural_SC-000007_seg8s,0.9939,可检
data/redteam/factory/sovits_api/sichuan/sovits_api_sichuan_ref_boot_edgetts_sichuan_zh-CN-XiaoxiaoNeural_SC-000010_SC-000199.wav,sovits_api,sichuan,SC-000199,ref_boot_edgetts_sichuan_zh-CN-XiaoxiaoNeural_SC-000010,0.9939,可检
data/redteam/factory/sovits_api/sichuan/sovits_api_sichuan_ref_boot_edgetts_sichuan_zh-CN-XiaoxiaoNeural_SC-000010_SC-000268.wav,sovits_api,sichuan,SC-000268,ref_boot_edgetts_sichuan_zh-CN-XiaoxiaoNeural_SC-000010,0.9939,可检
data/redteam/factory/edgetts/minnan/edgetts_minnan_zh-TW-HsiaoChenNeural_SC-001264.wav,edgetts,minnan,SC-001264,zh-TW-HsiaoChenNeural,0.994,可检
data/redteam/factory/sovits_api/mandarin/sovits_api_mandarin_ref_boot_edgetts_mandarin_zh-CN-XiaoxiaoNeural_SC-000007_seg8s_SC-000036.wav,sovits_api,mandarin,SC-000036,ref_boot_edgetts_mandarin_zh-CN-XiaoxiaoNeural_SC-000007_seg8s,0.994,可检
data/redteam/factory/edgetts/cantonese/edgetts_cantonese_zh-HK-HiuMaanNeural_SC-001059.wav,edgetts,cantonese,SC-001059,zh-HK-HiuMaanNeural,0.9941,可检
data/redteam/factory/sovits_api/mandarin/sovits_api_mandarin_ref_boot_edgetts_mandarin_zh-CN-XiaoxiaoNeural_SC-000007_seg8s_SC-000022.wav,sovits_api,mandarin,SC-000022,ref_boot_edgetts_mandarin_zh-CN-XiaoxiaoNeural_SC-000007_seg8s,0.9941,可检
data/redteam/factory/sovits_api/mandarin/sovits_api_mandarin_ref_boot_edgetts_mandarin_zh-CN-XiaoxiaoNeural_SC-000007_seg8s_SC-000030.wav,sovits_api,mandarin,SC-000030,ref_boot_edgetts_mandarin_zh-CN-XiaoxiaoNeural_SC-000007_seg8s,0.9941,可检
data/redteam/factory/sovits_api/mandarin/sovits_api_mandarin_ref_boot_edgetts_mandarin_zh-CN-YunjianNeural_SC-000007_seg8s_SC-000036.wav,sovits_api,mandarin,SC-000036,ref_boot_edgetts_mandarin_zh-CN-YunjianNeural_SC-000007_seg8s,0.9941,可检
data/redteam/factory/sovits_api/henan/sovits_api_henan_ref_boot_edgetts_henan_zh-CN-shaanxi-XiaoniNeural_SC-000009_seg8s_SC-000039.wav,sovits_api,henan,SC-000039,ref_boot_edgetts_henan_zh-CN-shaanxi-XiaoniNeural_SC-000009_seg8s,0.9941,可检
data/redteam/factory/edgetts/minnan/edgetts_minnan_zh-TW-HsiaoChenNeural_SC-000019.wav,edgetts,minnan,SC-000019,zh-TW-HsiaoChenNeural,0.9942,可检
data/redteam/factory/edgetts/henan/edgetts_henan_zh-CN-shaanxi-XiaoniNeural_SC-000221.wav,edgetts,henan,SC-000221,zh-CN-shaanxi-XiaoniNeural,0.9942,可检
data/redteam/factory/edgetts/cantonese/edgetts_cantonese_zh-HK-HiuMaanNeural_SC-000652.wav,edgetts,cantonese,SC-000652,zh-HK-HiuMaanNeural,0.9942,可检
data/redteam/factory/edgetts/cantonese/edgetts_cantonese_zh-HK-HiuMaanNeural_SC-001155.wav,edgetts,cantonese,SC-001155,zh-HK-HiuMaanNeural,0.9942,可检
data/redteam/factory/edgetts/cantonese/edgetts_cantonese_zh-HK-HiuMaanNeural_SC-000547.wav,edgetts,cantonese,SC-000547,zh-HK-HiuMaanNeural,0.9942,可检
data/redteam/factory/sovits_api/henan/sovits_api_henan_ref_boot_edgetts_henan_zh-CN-shaanxi-XiaoniNeural_SC-000009_seg8s_SC-000106.wav,sovits_api,henan,SC-000106,ref_boot_edgetts_henan_zh-CN-shaanxi-XiaoniNeural_SC-000009_seg8s,0.9942,可检
data/redteam/factory/edgetts/cantonese/edgetts_cantonese_zh-HK-HiuMaanNeural_SC-001350.wav,edgetts,cantonese,SC-001350,zh-HK-HiuMaanNeural,0.9943,可检
data/redteam/factory/edgetts/minnan/edgetts_minnan_zh-TW-HsiaoChenNeural_SC-000612.wav,edgetts,minnan,SC-000612,zh-TW-HsiaoChenNeural,0.9944,可检
data/redteam/factory/edgetts/cantonese/edgetts_cantonese_zh-HK-HiuMaanNeural_SC-001198.wav,edgetts,cantonese,SC-001198,zh-HK-HiuMaanNeural,0.9944,可检
data/redteam/factory/sovits_api/minnan/sovits_api_minnan_ref_boot_edgetts_minnan_zh-TW-YunJheNeural_SC-000001_SC-000207.wav,sovits_api,minnan,SC-000207,ref_boot_edgetts_minnan_zh-TW-YunJheNeural_SC-000001,0.9944,可检
data/redteam/factory/edgetts/cantonese/edgetts_cantonese_zh-HK-HiuMaanNeural_SC-000588.wav,edgetts,cantonese,SC-000588,zh-HK-HiuMaanNeural,0.9945,可检
data/redteam/factory/edgetts/minnan/edgetts_minnan_zh-TW-HsiaoChenNeural_SC-000653.wav,edgetts,minnan,SC-000653,zh-TW-HsiaoChenNeural,0.9945,可检
data/redteam/factory/edgetts/cantonese/edgetts_cantonese_zh-HK-HiuMaanNeural_SC-001615.wav,edgetts,cantonese,SC-001615,zh-HK-HiuMaanNeural,0.9945,可检
data/redteam/factory/edgetts/minnan/edgetts_minnan_zh-TW-HsiaoChenNeural_SC-000935.wav,edgetts,minnan,SC-000935,zh-TW-HsiaoChenNeural,0.9946,可检
data/redteam/factory/edgetts/cantonese/edgetts_cantonese_zh-HK-HiuMaanNeural_SC-000842.wav,edgetts,cantonese,SC-000842,zh-HK-HiuMaanNeural,0.9946,可检
data/redteam/factory/sovits_api/mandarin/sovits_api_mandarin_ref_boot_edgetts_mandarin_zh-CN-XiaoxiaoNeural_SC-000007_seg8s_SC-000047.wav,sovits_api,mandarin,SC-000047,ref_boot_edgetts_mandarin_zh-CN-XiaoxiaoNeural_SC-000007_seg8s,0.9946,可检
data/redteam/factory/edgetts/cantonese/edgetts_cantonese_zh-HK-HiuMaanNeural_SC-000248.wav,edgetts,cantonese,SC-000248,zh-HK-HiuMaanNeural,0.9947,可检
data/redteam/factory/sovits_api/mandarin/sovits_api_mandarin_ref_boot_edgetts_mandarin_zh-CN-XiaoxiaoNeural_SC-000007_seg8s_SC-000058.wav,sovits_api,mandarin,SC-000058,ref_boot_edgetts_mandarin_zh-CN-XiaoxiaoNeural_SC-000007_seg8s,0.9947,可检
data/redteam/factory/sovits_api/sichuan/sovits_api_sichuan_ref_boot_edgetts_sichuan_zh-CN-XiaoxiaoNeural_SC-000010_SC-000178.wav,sovits_api,sichuan,SC-000178,ref_boot_edgetts_sichuan_zh-CN-XiaoxiaoNeural_SC-000010,0.9947,可检
data/redteam/factory/edgetts/cantonese/edgetts_cantonese_zh-HK-HiuMaanNeural_SC-000228.wav,edgetts,cantonese,SC-000228,zh-HK-HiuMaanNeural,0.9948,可检
data/redteam/factory/edgetts/minnan/edgetts_minnan_zh-TW-HsiaoChenNeural_SC-001045.wav,edgetts,minnan,SC-001045,zh-TW-HsiaoChenNeural,0.9948,可检
data/redteam/factory/edgetts/minnan/edgetts_minnan_zh-TW-HsiaoChenNeural_SC-000845.wav,edgetts,minnan,SC-000845,zh-TW-HsiaoChenNeural,0.9948,可检
data/redteam/factory/sovits_api/minnan/sovits_api_minnan_ref_boot_edgetts_minnan_zh-TW-HsiaoChenNeural_SC-000001_SC-000003.wav,sovits_api,minnan,SC-000003,ref_boot_edgetts_minnan_zh-TW-HsiaoChenNeural_SC-000001,0.9948,可检
data/redteam/factory/sovits_api/minnan/sovits_api_minnan_ref_boot_edgetts_minnan_zh-TW-YunJheNeural_SC-000001_SC-000218.wav,sovits_api,minnan,SC-000218,ref_boot_edgetts_minnan_zh-TW-YunJheNeural_SC-000001,0.9948,可检
data/redteam/factory/edgetts/minnan/edgetts_minnan_zh-TW-HsiaoChenNeural_SC-001589.wav,edgetts,minnan,SC-001589,zh-TW-HsiaoChenNeural,0.9949,可检
data/redteam/factory/edgetts/minnan/edgetts_minnan_zh-TW-HsiaoChenNeural_SC-000009.wav,edgetts,minnan,SC-000009,zh-TW-HsiaoChenNeural,0.995,可检
data/redteam/factory/edgetts/cantonese/edgetts_cantonese_zh-HK-HiuMaanNeural_SC-000329.wav,edgetts,cantonese,SC-000329,zh-HK-HiuMaanNeural,0.995,可检
data/redteam/factory/edgetts/cantonese/edgetts_cantonese_zh-HK-HiuMaanNeural_SC-001579.wav,edgetts,cantonese,SC-001579,zh-HK-HiuMaanNeural,0.995,可检
data/redteam/factory/sovits_api/sichuan/sovits_api_sichuan_ref_boot_edgetts_sichuan_zh-CN-XiaoxiaoNeural_SC-000010_SC-000125.wav,sovits_api,sichuan,SC-000125,ref_boot_edgetts_sichuan_zh-CN-XiaoxiaoNeural_SC-000010,0.995,可检
data/redteam/factory/edgetts/minnan/edgetts_minnan_zh-TW-HsiaoChenNeural_SC-000694.wav,edgetts,minnan,SC-000694,zh-TW-HsiaoChenNeural,0.9951,可检
data/redteam/factory/sovits_api/sichuan/sovits_api_sichuan_ref_boot_edgetts_sichuan_zh-CN-YunxiNeural_SC-000010_SC-000042.wav,sovits_api,sichuan,SC-000042,ref_boot_edgetts_sichuan_zh-CN-YunxiNeural_SC-000010,0.9951,可检
data/redteam/factory/sovits_api/mandarin/sovits_api_mandarin_ref_boot_edgetts_mandarin_zh-CN-YunjianNeural_SC-000007_seg8s_SC-000041.wav,sovits_api,mandarin,SC-000041,ref_boot_edgetts_mandarin_zh-CN-YunjianNeural_SC-000007_seg8s,0.9951,可检
data/redteam/factory/edgetts/minnan/edgetts_minnan_zh-TW-YunJheNeural_SC-000323.wav,edgetts,minnan,SC-000323,zh-TW-YunJheNeural,0.9952,可检
data/redteam/factory/edgetts/minnan/edgetts_minnan_zh-TW-HsiaoChenNeural_SC-001215.wav,edgetts,minnan,SC-001215,zh-TW-HsiaoChenNeural,0.9952,可检
data/redteam/factory/sovits_api/sichuan/sovits_api_sichuan_ref_boot_edgetts_sichuan_zh-CN-XiaoxiaoNeural_SC-000010_SC-000263.wav,sovits_api,sichuan,SC-000263,ref_boot_edgetts_sichuan_zh-CN-XiaoxiaoNeural_SC-000010,0.9953,可检
data/redteam/factory/sovits_api/cantonese/sovits_api_cantonese_ref_boot_edgetts_cantonese_zh-HK-HiuMaanNeural_SC-000005_seg8s_SC-000239.wav,sovits_api,cantonese,SC-000239,ref_boot_edgetts_cantonese_zh-HK-HiuMaanNeural_SC-000005_seg8s,0.9953,可检
data/redteam/factory/edgetts/minnan/edgetts_minnan_zh-TW-HsiaoChenNeural_SC-000003.wav,edgetts,minnan,SC-000003,zh-TW-HsiaoChenNeural,0.9954,可检
data/redteam/factory/edgetts/cantonese/edgetts_cantonese_zh-HK-HiuMaanNeural_SC-001331.wav,edgetts,cantonese,SC-001331,zh-HK-HiuMaanNeural,0.9955,可检
data/redteam/factory/edgetts/minnan/edgetts_minnan_zh-TW-HsiaoChenNeural_SC-000834.wav,edgetts,minnan,SC-000834,zh-TW-HsiaoChenNeural,0.9955,可检
data/redteam/factory/sovits_api/mandarin/sovits_api_mandarin_ref_boot_edgetts_mandarin_zh-CN-XiaoxiaoNeural_SC-000007_seg8s_SC-000090.wav,sovits_api,mandarin,SC-000090,ref_boot_edgetts_mandarin_zh-CN-XiaoxiaoNeural_SC-000007_seg8s,0.9955,可检
data/redteam/factory/sovits_api/sichuan/sovits_api_sichuan_ref_boot_edgetts_sichuan_zh-CN-YunxiNeural_SC-000010_SC-000165.wav,sovits_api,sichuan,SC-000165,ref_boot_edgetts_sichuan_zh-CN-YunxiNeural_SC-000010,0.9955,可检
data/redteam/factory/edgetts/cantonese/edgetts_cantonese_zh-HK-HiuMaanNeural_SC-000029.wav,edgetts,cantonese,SC-000029,zh-HK-HiuMaanNeural,0.9956,可检
data/redteam/factory/sovits_api/minnan/sovits_api_minnan_ref_boot_edgetts_minnan_zh-TW-HsiaoChenNeural_SC-000001_SC-000387.wav,sovits_api,minnan,SC-000387,ref_boot_edgetts_minnan_zh-TW-HsiaoChenNeural_SC-000001,0.9956,可检
data/redteam/factory/sovits_api/dongbei/sovits_api_dongbei_ref_boot_edgetts_dongbei_zh-CN-liaoning-XiaobeiNeural_SC-000002_seg8s_SC-000231.wav,sovits_api,dongbei,SC-000231,ref_boot_edgetts_dongbei_zh-CN-liaoning-XiaobeiNeural_SC-000002_seg8s,0.9956,可检
data/redteam/factory/edgetts/minnan/edgetts_minnan_zh-TW-HsiaoChenNeural_SC-000156.wav,edgetts,minnan,SC-000156,zh-TW-HsiaoChenNeural,0.9957,可检
data/redteam/factory/edgetts/minnan/edgetts_minnan_zh-TW-HsiaoChenNeural_SC-000772.wav,edgetts,minnan,SC-000772,zh-TW-HsiaoChenNeural,0.9957,可检
data/redteam/factory/edgetts/cantonese/edgetts_cantonese_zh-HK-HiuMaanNeural_SC-000352.wav,edgetts,cantonese,SC-000352,zh-HK-HiuMaanNeural,0.9958,可检
data/redteam/factory/edgetts/minnan/edgetts_minnan_zh-TW-HsiaoChenNeural_SC-000685.wav,edgetts,minnan,SC-000685,zh-TW-HsiaoChenNeural,0.9958,可检
data/redteam/factory/sovits_api/henan/sovits_api_henan_ref_boot_edgetts_henan_zh-CN-shaanxi-XiaoniNeural_SC-000009_seg8s_SC-000139.wav,sovits_api,henan,SC-000139,ref_boot_edgetts_henan_zh-CN-shaanxi-XiaoniNeural_SC-000009_seg8s,0.9958,可检
data/redteam/factory/edgetts/minnan/edgetts_minnan_zh-TW-HsiaoChenNeural_SC-000218.wav,edgetts,minnan,SC-000218,zh-TW-HsiaoChenNeural,0.9959,可检
data/redteam/factory/edgetts/cantonese/edgetts_cantonese_zh-HK-HiuMaanNeural_SC-000399.wav,edgetts,cantonese,SC-000399,zh-HK-HiuMaanNeural,0.9959,可检
data/redteam/factory/edgetts/minnan/edgetts_minnan_zh-TW-HsiaoChenNeural_SC-000830.wav,edgetts,minnan,SC-000830,zh-TW-HsiaoChenNeural,0.9959,可检
data/redteam/factory/edgetts/cantonese/edgetts_cantonese_zh-HK-HiuMaanNeural_SC-000690.wav,edgetts,cantonese,SC-000690,zh-HK-HiuMaanNeural,0.9959,可检
data/redteam/factory/edgetts/cantonese/edgetts_cantonese_zh-HK-HiuMaanNeural_SC-001388.wav,edgetts,cantonese,SC-001388,zh-HK-HiuMaanNeural,0.9959,可检
data/redteam/factory/edgetts/cantonese/edgetts_cantonese_zh-HK-HiuMaanNeural_SC-000020.wav,edgetts,cantonese,SC-000020,zh-HK-HiuMaanNeural,0.996,可检
data/redteam/factory/edgetts/minnan/edgetts_minnan_zh-TW-HsiaoChenNeural_SC-001237.wav,edgetts,minnan,SC-001237,zh-TW-HsiaoChenNeural,0.996,可检
data/redteam/factory/edgetts/cantonese/edgetts_cantonese_zh-HK-HiuMaanNeural_SC-000508.wav,edgetts,cantonese,SC-000508,zh-HK-HiuMaanNeural,0.9961,可检
data/redteam/factory/edgetts/minnan/edgetts_minnan_zh-TW-HsiaoChenNeural_SC-000339.wav,edgetts,minnan,SC-000339,zh-TW-HsiaoChenNeural,0.9962,可检
data/redteam/factory/edgetts/cantonese/edgetts_cantonese_zh-HK-HiuMaanNeural_SC-001152.wav,edgetts,cantonese,SC-001152,zh-HK-HiuMaanNeural,0.9962,可检
data/redteam/factory/sovits_api/mandarin/sovits_api_mandarin_ref_boot_edgetts_mandarin_zh-CN-XiaoxiaoNeural_SC-000007_seg8s_SC-000069.wav,sovits_api,mandarin,SC-000069,ref_boot_edgetts_mandarin_zh-CN-XiaoxiaoNeural_SC-000007_seg8s,0.9962,可检
data/redteam/factory/sovits_api/sichuan/sovits_api_sichuan_ref_boot_edgetts_sichuan_zh-CN-XiaoxiaoNeural_SC-000010_SC-000249.wav,sovits_api,sichuan,SC-000249,ref_boot_edgetts_sichuan_zh-CN-XiaoxiaoNeural_SC-000010,0.9963,可检
data/redteam/factory/sovits_api/sichuan/sovits_api_sichuan_ref_boot_edgetts_sichuan_zh-CN-XiaoxiaoNeural_SC-000010_SC-000251.wav,sovits_api,sichuan,SC-000251,ref_boot_edgetts_sichuan_zh-CN-XiaoxiaoNeural_SC-000010,0.9963,可检
data/redteam/factory/edgetts/cantonese/edgetts_cantonese_zh-HK-HiuMaanNeural_SC-000333.wav,edgetts,cantonese,SC-000333,zh-HK-HiuMaanNeural,0.9964,可检
data/redteam/factory/sovits_api/sichuan/sovits_api_sichuan_ref_boot_edgetts_sichuan_zh-CN-XiaoxiaoNeural_SC-000010_SC-000099.wav,sovits_api,sichuan,SC-000099,ref_boot_edgetts_sichuan_zh-CN-XiaoxiaoNeural_SC-000010,0.9964,可检
data/redteam/factory/edgetts/minnan/edgetts_minnan_zh-TW-HsiaoChenNeural_SC-001074.wav,edgetts,minnan,SC-001074,zh-TW-HsiaoChenNeural,0.9965,可检
data/redteam/factory/edgetts/minnan/edgetts_minnan_zh-TW-HsiaoChenNeural_SC-000551.wav,edgetts,minnan,SC-000551,zh-TW-HsiaoChenNeural,0.9966,可检
data/redteam/factory/edgetts/minnan/edgetts_minnan_zh-TW-HsiaoChenNeural_SC-001229.wav,edgetts,minnan,SC-001229,zh-TW-HsiaoChenNeural,0.9966,可检
data/redteam/factory/edgetts/cantonese/edgetts_cantonese_zh-HK-HiuMaanNeural_SC-000695.wav,edgetts,cantonese,SC-000695,zh-HK-HiuMaanNeural,0.9966,可检
data/redteam/factory/sovits_api/cantonese/sovits_api_cantonese_ref_boot_edgetts_cantonese_zh-HK-HiuMaanNeural_SC-000005_seg8s_SC-000015.wav,sovits_api,cantonese,SC-000015,ref_boot_edgetts_cantonese_zh-HK-HiuMaanNeural_SC-000005_seg8s,0.9966,可检
data/redteam/factory/edgetts/cantonese/edgetts_cantonese_zh-HK-HiuMaanNeural_SC-000026.wav,edgetts,cantonese,SC-000026,zh-HK-HiuMaanNeural,0.9967,可检
data/redteam/factory/edgetts/cantonese/edgetts_cantonese_zh-HK-HiuMaanNeural_SC-000575.wav,edgetts,cantonese,SC-000575,zh-HK-HiuMaanNeural,0.9967,可检
data/redteam/factory/edgetts/cantonese/edgetts_cantonese_zh-HK-HiuMaanNeural_SC-000625.wav,edgetts,cantonese,SC-000625,zh-HK-HiuMaanNeural,0.9967,可检
data/redteam/factory/sovits_api/minnan/sovits_api_minnan_ref_boot_edgetts_minnan_zh-TW-HsiaoChenNeural_SC-000001_SC-000229.wav,sovits_api,minnan,SC-000229,ref_boot_edgetts_minnan_zh-TW-HsiaoChenNeural_SC-000001,0.9967,可检
data/redteam/factory/sovits_api/minnan/sovits_api_minnan_ref_boot_edgetts_minnan_zh-TW-HsiaoChenNeural_SC-000001_SC-000323.wav,sovits_api,minnan,SC-000323,ref_boot_edgetts_minnan_zh-TW-HsiaoChenNeural_SC-000001,0.9967,可检
data/redteam/factory/sovits_api/cantonese/sovits_api_cantonese_ref_boot_edgetts_cantonese_zh-HK-WanLungNeural_SC-000005_seg8s_SC-000094.wav,sovits_api,cantonese,SC-000094,ref_boot_edgetts_cantonese_zh-HK-WanLungNeural_SC-000005_seg8s,0.9967,可检
data/redteam/factory/edgetts/minnan/edgetts_minnan_zh-TW-HsiaoChenNeural_SC-001189.wav,edgetts,minnan,SC-001189,zh-TW-HsiaoChenNeural,0.9968,可检
data/redteam/factory/edgetts/minnan/edgetts_minnan_zh-TW-HsiaoChenNeural_SC-001376.wav,edgetts,minnan,SC-001376,zh-TW-HsiaoChenNeural,0.9968,可检
data/redteam/factory/edgetts/minnan/edgetts_minnan_zh-TW-HsiaoChenNeural_SC-001093.wav,edgetts,minnan,SC-001093,zh-TW-HsiaoChenNeural,0.9968,可检
data/redteam/factory/sovits_api/cantonese/sovits_api_cantonese_ref_boot_edgetts_cantonese_zh-HK-HiuMaanNeural_SC-000005_seg8s_SC-000008.wav,sovits_api,cantonese,SC-000008,ref_boot_edgetts_cantonese_zh-HK-HiuMaanNeural_SC-000005_seg8s,0.9968,可检
data/redteam/factory/edgetts/cantonese/edgetts_cantonese_zh-HK-HiuMaanNeural_SC-000052.wav,edgetts,cantonese,SC-000052,zh-HK-HiuMaanNeural,0.9969,可检
data/redteam/factory/edgetts/cantonese/edgetts_cantonese_zh-HK-WanLungNeural_SC-000296.wav,edgetts,cantonese,SC-000296,zh-HK-WanLungNeural,0.9969,可检
data/redteam/factory/edgetts/minnan/edgetts_minnan_zh-TW-HsiaoChenNeural_SC-001006.wav,edgetts,minnan,SC-001006,zh-TW-HsiaoChenNeural,0.9969,可检
data/redteam/factory/edgetts/minnan/edgetts_minnan_zh-TW-HsiaoChenNeural_SC-000229.wav,edgetts,minnan,SC-000229,zh-TW-HsiaoChenNeural,0.997,可检
data/redteam/factory/edgetts/cantonese/edgetts_cantonese_zh-HK-HiuMaanNeural_SC-001042.wav,edgetts,cantonese,SC-001042,zh-HK-HiuMaanNeural,0.997,可检
data/redteam/factory/edgetts/minnan/edgetts_minnan_zh-TW-HsiaoChenNeural_SC-001447.wav,edgetts,minnan,SC-001447,zh-TW-HsiaoChenNeural,0.9971,可检
data/redteam/factory/edgetts/minnan/edgetts_minnan_zh-TW-HsiaoChenNeural_SC-001033.wav,edgetts,minnan,SC-001033,zh-TW-HsiaoChenNeural,0.9971,可检
data/redteam/factory/edgetts/minnan/edgetts_minnan_zh-TW-HsiaoChenNeural_SC-001483.wav,edgetts,minnan,SC-001483,zh-TW-HsiaoChenNeural,0.9971,可检
data/redteam/factory/edgetts/minnan/edgetts_minnan_zh-TW-HsiaoChenNeural_SC-001484.wav,edgetts,minnan,SC-001484,zh-TW-HsiaoChenNeural,0.9971,可检
data/redteam/factory/edgetts/minnan/edgetts_minnan_zh-TW-HsiaoChenNeural_SC-001441.wav,edgetts,minnan,SC-001441,zh-TW-HsiaoChenNeural,0.9971,可检
data/redteam/factory/edgetts/minnan/edgetts_minnan_zh-TW-HsiaoChenNeural_SC-000018.wav,edgetts,minnan,SC-000018,zh-TW-HsiaoChenNeural,0.9972,可检
data/redteam/factory/edgetts/minnan/edgetts_minnan_zh-TW-HsiaoChenNeural_SC-001302.wav,edgetts,minnan,SC-001302,zh-TW-HsiaoChenNeural,0.9972,可检
data/redteam/factory/edgetts/minnan/edgetts_minnan_zh-TW-HsiaoChenNeural_SC-000940.wav,edgetts,minnan,SC-000940,zh-TW-HsiaoChenNeural,0.9972,可检
data/redteam/factory/edgetts/cantonese/edgetts_cantonese_zh-HK-HiuMaanNeural_SC-001199.wav,edgetts,cantonese,SC-001199,zh-HK-HiuMaanNeural,0.9972,可检
data/redteam/factory/sovits_api/sichuan/sovits_api_sichuan_ref_boot_edgetts_sichuan_zh-CN-XiaoxiaoNeural_SC-000010_SC-000042.wav,sovits_api,sichuan,SC-000042,ref_boot_edgetts_sichuan_zh-CN-XiaoxiaoNeural_SC-000010,0.9972,可检
data/redteam/factory/sovits_api/sichuan/sovits_api_sichuan_ref_boot_edgetts_sichuan_zh-CN-YunxiNeural_SC-000010_SC-000076.wav,sovits_api,sichuan,SC-000076,ref_boot_edgetts_sichuan_zh-CN-YunxiNeural_SC-000010,0.9972,可检
data/redteam/factory/edgetts/cantonese/edgetts_cantonese_zh-HK-HiuMaanNeural_SC-000924.wav,edgetts,cantonese,SC-000924,zh-HK-HiuMaanNeural,0.9973,可检
data/redteam/factory/edgetts/cantonese/edgetts_cantonese_zh-HK-HiuMaanNeural_SC-001529.wav,edgetts,cantonese,SC-001529,zh-HK-HiuMaanNeural,0.9973,可检
data/redteam/factory/edgetts/cantonese/edgetts_cantonese_zh-HK-HiuMaanNeural_SC-001340.wav,edgetts,cantonese,SC-001340,zh-HK-HiuMaanNeural,0.9973,可检
data/redteam/factory/sovits_api/cantonese/sovits_api_cantonese_ref_boot_edgetts_cantonese_zh-HK-WanLungNeural_SC-000005_seg8s_SC-000008.wav,sovits_api,cantonese,SC-000008,ref_boot_edgetts_cantonese_zh-HK-WanLungNeural_SC-000005_seg8s,0.9973,可检
data/redteam/factory/edgetts/cantonese/edgetts_cantonese_zh-HK-HiuMaanNeural_SC-000874.wav,edgetts,cantonese,SC-000874,zh-HK-HiuMaanNeural,0.9975,可检
data/redteam/factory/edgetts/minnan/edgetts_minnan_zh-TW-HsiaoChenNeural_SC-000719.wav,edgetts,minnan,SC-000719,zh-TW-HsiaoChenNeural,0.9975,可检
data/redteam/factory/edgetts/cantonese/edgetts_cantonese_zh-HK-HiuMaanNeural_SC-001588.wav,edgetts,cantonese,SC-001588,zh-HK-HiuMaanNeural,0.9976,可检
data/redteam/factory/edgetts/minnan/edgetts_minnan_zh-TW-HsiaoChenNeural_SC-000021.wav,edgetts,minnan,SC-000021,zh-TW-HsiaoChenNeural,0.9977,可检
data/redteam/factory/edgetts/minnan/edgetts_minnan_zh-TW-YunJheNeural_SC-000006.wav,edgetts,minnan,SC-000006,zh-TW-YunJheNeural,0.9977,可检
data/redteam/factory/edgetts/minnan/edgetts_minnan_zh-TW-HsiaoChenNeural_SC-000143.wav,edgetts,minnan,SC-000143,zh-TW-HsiaoChenNeural,0.9977,可检
data/redteam/factory/edgetts/minnan/edgetts_minnan_zh-TW-HsiaoChenNeural_SC-000406.wav,edgetts,minnan,SC-000406,zh-TW-HsiaoChenNeural,0.9977,可检
data/redteam/factory/edgetts/minnan/edgetts_minnan_zh-TW-HsiaoChenNeural_SC-001394.wav,edgetts,minnan,SC-001394,zh-TW-HsiaoChenNeural,0.9977,可检
data/redteam/factory/edgetts/minnan/edgetts_minnan_zh-TW-HsiaoChenNeural_SC-001373.wav,edgetts,minnan,SC-001373,zh-TW-HsiaoChenNeural,0.9977,可检
data/redteam/factory/edgetts/minnan/edgetts_minnan_zh-TW-HsiaoChenNeural_SC-001287.wav,edgetts,minnan,SC-001287,zh-TW-HsiaoChenNeural,0.9979,可检
data/redteam/factory/edgetts/minnan/edgetts_minnan_zh-TW-HsiaoChenNeural_SC-001220.wav,edgetts,minnan,SC-001220,zh-TW-HsiaoChenNeural,0.998,可检
data/redteam/factory/edgetts/minnan/edgetts_minnan_zh-TW-HsiaoChenNeural_SC-001087.wav,edgetts,minnan,SC-001087,zh-TW-HsiaoChenNeural,0.9981,可检
data/redteam/factory/edgetts/minnan/edgetts_minnan_zh-TW-HsiaoChenNeural_SC-001203.wav,edgetts,minnan,SC-001203,zh-TW-HsiaoChenNeural,0.9982,可检
data/redteam/factory/edgetts/cantonese/edgetts_cantonese_zh-HK-HiuMaanNeural_SC-001122.wav,edgetts,cantonese,SC-001122,zh-HK-HiuMaanNeural,0.9982,可检
data/redteam/factory/edgetts/minnan/edgetts_minnan_zh-TW-HsiaoChenNeural_SC-001691.wav,edgetts,minnan,SC-001691,zh-TW-HsiaoChenNeural,0.9982,可检
data/redteam/factory/edgetts/cantonese/edgetts_cantonese_zh-HK-HiuMaanNeural_SC-001005.wav,edgetts,cantonese,SC-001005,zh-HK-HiuMaanNeural,0.9983,可检
data/redteam/factory/edgetts/minnan/edgetts_minnan_zh-TW-HsiaoChenNeural_SC-000350.wav,edgetts,minnan,SC-000350,zh-TW-HsiaoChenNeural,0.9984,可检
data/redteam/factory/edgetts/minnan/edgetts_minnan_zh-TW-HsiaoChenNeural_SC-000391.wav,edgetts,minnan,SC-000391,zh-TW-HsiaoChenNeural,0.9984,可检
data/redteam/factory/edgetts/minnan/edgetts_minnan_zh-TW-HsiaoChenNeural_SC-000412.wav,edgetts,minnan,SC-000412,zh-TW-HsiaoChenNeural,0.9984,可检
data/redteam/factory/edgetts/minnan/edgetts_minnan_zh-TW-HsiaoChenNeural_SC-001112.wav,edgetts,minnan,SC-001112,zh-TW-HsiaoChenNeural,0.9984,可检
data/redteam/factory/edgetts/minnan/edgetts_minnan_zh-TW-HsiaoChenNeural_SC-001661.wav,edgetts,minnan,SC-001661,zh-TW-HsiaoChenNeural,0.9984,可检
data/redteam/factory/edgetts/minnan/edgetts_minnan_zh-TW-HsiaoChenNeural_SC-001010.wav,edgetts,minnan,SC-001010,zh-TW-HsiaoChenNeural,0.9984,可检
data/redteam/factory/edgetts/cantonese/edgetts_cantonese_zh-HK-HiuMaanNeural_SC-001623.wav,edgetts,cantonese,SC-001623,zh-HK-HiuMaanNeural,0.9984,可检
data/redteam/factory/sovits_api/mandarin/sovits_api_mandarin_ref_boot_edgetts_mandarin_zh-CN-XiaoxiaoNeural_SC-000007_seg8s_SC-000074.wav,sovits_api,mandarin,SC-000074,ref_boot_edgetts_mandarin_zh-CN-XiaoxiaoNeural_SC-000007_seg8s,0.9984,可检
data/redteam/factory/sovits_api/cantonese/sovits_api_cantonese_ref_boot_edgetts_cantonese_zh-HK-HiuMaanNeural_SC-000005_seg8s_SC-000277.wav,sovits_api,cantonese,SC-000277,ref_boot_edgetts_cantonese_zh-HK-HiuMaanNeural_SC-000005_seg8s,0.9984,可检
data/redteam/factory/edgetts/minnan/edgetts_minnan_zh-TW-HsiaoChenNeural_SC-000004.wav,edgetts,minnan,SC-000004,zh-TW-HsiaoChenNeural,0.9985,可检
data/redteam/factory/edgetts/minnan/edgetts_minnan_zh-TW-HsiaoChenNeural_SC-000026.wav,edgetts,minnan,SC-000026,zh-TW-HsiaoChenNeural,0.9985,可检
data/redteam/factory/edgetts/minnan/edgetts_minnan_zh-TW-HsiaoChenNeural_SC-000704.wav,edgetts,minnan,SC-000704,zh-TW-HsiaoChenNeural,0.9985,可检
data/redteam/factory/edgetts/minnan/edgetts_minnan_zh-TW-HsiaoChenNeural_SC-000536.wav,edgetts,minnan,SC-000536,zh-TW-HsiaoChenNeural,0.9985,可检
data/redteam/factory/edgetts/cantonese/edgetts_cantonese_zh-HK-HiuMaanNeural_SC-000803.wav,edgetts,cantonese,SC-000803,zh-HK-HiuMaanNeural,0.9985,可检
data/redteam/factory/edgetts/minnan/edgetts_minnan_zh-TW-HsiaoChenNeural_SC-001266.wav,edgetts,minnan,SC-001266,zh-TW-HsiaoChenNeural,0.9986,可检
data/redteam/factory/sovits_api/dongbei/sovits_api_dongbei_ref_boot_edgetts_dongbei_zh-CN-liaoning-XiaobeiNeural_SC-000002_seg8s_SC-000162.wav,sovits_api,dongbei,SC-000162,ref_boot_edgetts_dongbei_zh-CN-liaoning-XiaobeiNeural_SC-000002_seg8s,0.9986,可检
data/redteam/factory/edgetts/cantonese/edgetts_cantonese_zh-HK-HiuMaanNeural_SC-000005.wav,edgetts,cantonese,SC-000005,zh-HK-HiuMaanNeural,0.9987,可检
data/redteam/factory/edgetts/minnan/edgetts_minnan_zh-TW-HsiaoChenNeural_SC-000522.wav,edgetts,minnan,SC-000522,zh-TW-HsiaoChenNeural,0.9987,可检
data/redteam/factory/edgetts/cantonese/edgetts_cantonese_zh-HK-HiuMaanNeural_SC-000395.wav,edgetts,cantonese,SC-000395,zh-HK-HiuMaanNeural,0.9987,可检
data/redteam/factory/edgetts/cantonese/edgetts_cantonese_zh-HK-HiuMaanNeural_SC-000760.wav,edgetts,cantonese,SC-000760,zh-HK-HiuMaanNeural,0.9987,可检
data/redteam/factory/sovits_api/sichuan/sovits_api_sichuan_ref_boot_edgetts_sichuan_zh-CN-YunxiNeural_SC-000010_SC-000127.wav,sovits_api,sichuan,SC-000127,ref_boot_edgetts_sichuan_zh-CN-YunxiNeural_SC-000010,0.9987,可检
data/redteam/factory/edgetts/minnan/edgetts_minnan_zh-TW-YunJheNeural_SC-000864.wav,edgetts,minnan,SC-000864,zh-TW-YunJheNeural,0.9988,可检
data/redteam/factory/edgetts/cantonese/edgetts_cantonese_zh-HK-HiuMaanNeural_SC-001537.wav,edgetts,cantonese,SC-001537,zh-HK-HiuMaanNeural,0.9988,可检
data/redteam/factory/edgetts/minnan/edgetts_minnan_zh-TW-HsiaoChenNeural_SC-000010.wav,edgetts,minnan,SC-000010,zh-TW-HsiaoChenNeural,0.9989,可检
data/redteam/factory/edgetts/cantonese/edgetts_cantonese_zh-HK-WanLungNeural_SC-000248.wav,edgetts,cantonese,SC-000248,zh-HK-WanLungNeural,0.9989,可检
data/redteam/factory/edgetts/minnan/edgetts_minnan_zh-TW-HsiaoChenNeural_SC-000936.wav,edgetts,minnan,SC-000936,zh-TW-HsiaoChenNeural,0.9989,可检
data/redteam/factory/sovits_api/dongbei/sovits_api_dongbei_ref_boot_edgetts_dongbei_zh-CN-liaoning-XiaobeiNeural_SC-000002_seg8s_SC-000174.wav,sovits_api,dongbei,SC-000174,ref_boot_edgetts_dongbei_zh-CN-liaoning-XiaobeiNeural_SC-000002_seg8s,0.9989,可检
data/redteam/factory/edgetts/minnan/edgetts_minnan_zh-TW-HsiaoChenNeural_SC-000620.wav,edgetts,minnan,SC-000620,zh-TW-HsiaoChenNeural,0.999,可检
data/redteam/factory/edgetts/minnan/edgetts_minnan_zh-TW-HsiaoChenNeural_SC-000750.wav,edgetts,minnan,SC-000750,zh-TW-HsiaoChenNeural,0.999,可检
data/redteam/factory/edgetts/minnan/edgetts_minnan_zh-TW-HsiaoChenNeural_SC-000316.wav,edgetts,minnan,SC-000316,zh-TW-HsiaoChenNeural,0.9991,可检
data/redteam/factory/edgetts/minnan/edgetts_minnan_zh-TW-HsiaoChenNeural_SC-001257.wav,edgetts,minnan,SC-001257,zh-TW-HsiaoChenNeural,0.9991,可检
data/redteam/factory/edgetts/cantonese/edgetts_cantonese_zh-HK-HiuMaanNeural_SC-000689.wav,edgetts,cantonese,SC-000689,zh-HK-HiuMaanNeural,0.9991,可检
data/redteam/factory/edgetts/minnan/edgetts_minnan_zh-TW-HsiaoChenNeural_SC-001383.wav,edgetts,minnan,SC-001383,zh-TW-HsiaoChenNeural,0.9992,可检
data/redteam/factory/edgetts/cantonese/edgetts_cantonese_zh-HK-HiuMaanNeural_SC-001452.wav,edgetts,cantonese,SC-001452,zh-HK-HiuMaanNeural,0.9992,可检
data/redteam/factory/sovits_api/mandarin/sovits_api_mandarin_ref_boot_edgetts_mandarin_zh-CN-XiaoxiaoNeural_SC-000007_seg8s_SC-000072.wav,sovits_api,mandarin,SC-000072,ref_boot_edgetts_mandarin_zh-CN-XiaoxiaoNeural_SC-000007_seg8s,0.9992,可检
data/redteam/factory/edgetts/minnan/edgetts_minnan_zh-TW-HsiaoChenNeural_SC-001454.wav,edgetts,minnan,SC-001454,zh-TW-HsiaoChenNeural,0.9993,可检
data/redteam/factory/edgetts/cantonese/edgetts_cantonese_zh-HK-HiuMaanNeural_SC-001260.wav,edgetts,cantonese,SC-001260,zh-HK-HiuMaanNeural,0.9993,可检
data/redteam/factory/sovits_api/sichuan/sovits_api_sichuan_ref_boot_edgetts_sichuan_zh-CN-YunxiNeural_SC-000010_SC-000125.wav,sovits_api,sichuan,SC-000125,ref_boot_edgetts_sichuan_zh-CN-YunxiNeural_SC-000010,0.9993,可检
data/redteam/factory/edgetts/minnan/edgetts_minnan_zh-TW-HsiaoChenNeural_SC-000790.wav,edgetts,minnan,SC-000790,zh-TW-HsiaoChenNeural,0.9995,可检
data/redteam/factory/edgetts/minnan/edgetts_minnan_zh-TW-HsiaoChenNeural_SC-000011.wav,edgetts,minnan,SC-000011,zh-TW-HsiaoChenNeural,0.9996,可检
data/redteam/factory/edgetts/minnan/edgetts_minnan_zh-TW-HsiaoChenNeural_SC-000516.wav,edgetts,minnan,SC-000516,zh-TW-HsiaoChenNeural,0.9997,可检
data/redteam/factory/sovits_api/minnan/sovits_api_minnan_ref_boot_edgetts_minnan_zh-TW-HsiaoChenNeural_SC-000001_SC-000392.wav,sovits_api,minnan,SC-000392,ref_boot_edgetts_minnan_zh-TW-HsiaoChenNeural_SC-000001,0.9998,可检
data/redteam/factory/sovits_api/sichuan/sovits_api_sichuan_ref_boot_edgetts_sichuan_zh-CN-XiaoxiaoNeural_SC-000010_SC-000210.wav,sovits_api,sichuan,SC-000210,ref_boot_edgetts_sichuan_zh-CN-XiaoxiaoNeural_SC-000010,0.9998,可检
data/redteam/factory/edgetts/minnan/edgetts_minnan_zh-TW-HsiaoChenNeural_SC-000723.wav,edgetts,minnan,SC-000723,zh-TW-HsiaoChenNeural,0.9999,可检
