path,engine,dialect,script_id,speaker_ref,difficulty_spoof_prob,verdict
data/redteam/factory/segments/edgetts/mandarin/seg_edgetts_mandarin_zh-CN-YunxiNeural_SC-000017_00.wav,edgetts,mandarin,SC-000017,zh-CN-YunxiNeural,0.6382,可检
data/redteam/factory/segments/edgetts/mandarin/seg_edgetts_mandarin_zh-CN-YunxiNeural_SC-000017_01.wav,edgetts,mandarin,SC-000017,zh-CN-YunxiNeural,0.8827,可检
data/redteam/factory/segments/edgetts/mandarin/seg_edgetts_mandarin_zh-CN-YunxiNeural_SC-000017_02.wav,edgetts,mandarin,SC-000017,zh-CN-YunxiNeural,0.5011,可检
data/redteam/factory/segments/edgetts/mandarin/seg_edgetts_mandarin_zh-CN-YunxiNeural_SC-000017_03.wav,edgetts,mandarin,SC-000017,zh-CN-YunxiNeural,0.8783,可检
data/redteam/factory/segments/edgetts/mandarin/seg_edgetts_mandarin_zh-CN-YunxiNeural_SC-000017_04.wav,edgetts,mandarin,SC-000017,zh-CN-YunxiNeural,0.8397,可检
data/redteam/factory/segments/edgetts/mandarin/seg_edgetts_mandarin_zh-CN-YunxiNeural_SC-000017_05.wav,edgetts,mandarin,SC-000017,zh-CN-YunxiNeural,0.9266,可检
data/redteam/factory/segments/edgetts/mandarin/seg_edgetts_mandarin_zh-CN-YunxiNeural_SC-000017_06.wav,edgetts,mandarin,SC-000017,zh-CN-YunxiNeural,0.9328,可检
data/redteam/factory/segments/edgetts/mandarin/seg_edgetts_mandarin_zh-CN-YunxiNeural_SC-000017_07.wav,edgetts,mandarin,SC-000017,zh-CN-YunxiNeural,0.8292,可检
data/redteam/factory/segments/edgetts/mandarin/seg_edgetts_mandarin_zh-CN-YunxiNeural_SC-000017_08.wav,edgetts,mandarin,SC-000017,zh-CN-YunxiNeural,0.6032,可检
data/redteam/factory/segments/edgetts/mandarin/seg_edgetts_mandarin_zh-CN-XiaoxiaoNeural_SC-000017_00.wav,edgetts,mandarin,SC-000017,zh-CN-XiaoxiaoNeural,0.8515,可检
data/redteam/factory/segments/edgetts/mandarin/seg_edgetts_mandarin_zh-CN-XiaoxiaoNeural_SC-000017_01.wav,edgetts,mandarin,SC-000017,zh-CN-XiaoxiaoNeural,0.9902,可检
data/redteam/factory/segments/edgetts/mandarin/seg_edgetts_mandarin_zh-CN-XiaoxiaoNeural_SC-000017_02.wav,edgetts,mandarin,SC-000017,zh-CN-XiaoxiaoNeural,0.9176,可检
data/redteam/factory/segments/edgetts/mandarin/seg_edgetts_mandarin_zh-CN-XiaoxiaoNeural_SC-000017_03.wav,edgetts,mandarin,SC-000017,zh-CN-XiaoxiaoNeural,0.9913,可检
data/redteam/factory/segments/edgetts/mandarin/seg_edgetts_mandarin_zh-CN-XiaoxiaoNeural_SC-000017_04.wav,edgetts,mandarin,SC-000017,zh-CN-XiaoxiaoNeural,0.9666,可检
data/redteam/factory/segments/edgetts/mandarin/seg_edgetts_mandarin_zh-CN-XiaoxiaoNeural_SC-000017_05.wav,edgetts,mandarin,SC-000017,zh-CN-XiaoxiaoNeural,0.9951,可检
data/redteam/factory/segments/edgetts/mandarin/seg_edgetts_mandarin_zh-CN-XiaoxiaoNeural_SC-000017_06.wav,edgetts,mandarin,SC-000017,zh-CN-XiaoxiaoNeural,0.6996,可检
data/redteam/factory/segments/edgetts/mandarin/seg_edgetts_mandarin_zh-CN-XiaoxiaoNeural_SC-000017_07.wav,edgetts,mandarin,SC-000017,zh-CN-XiaoxiaoNeural,0.9339,可检
data/redteam/factory/segments/edgetts/mandarin/seg_edgetts_mandarin_zh-CN-XiaoxiaoNeural_SC-000017_08.wav,edgetts,mandarin,SC-000017,zh-CN-XiaoxiaoNeural,0.8432,可检
data/redteam/factory/segments/edgetts/mandarin/seg_edgetts_mandarin_zh-CN-XiaoxiaoNeural_SC-000017_09.wav,edgetts,mandarin,SC-000017,zh-CN-XiaoxiaoNeural,0.9488,可检
data/redteam/factory/segments/edgetts/mandarin/seg_edgetts_mandarin_zh-CN-XiaoxiaoNeural_SC-000017_10.wav,edgetts,mandarin,SC-000017,zh-CN-XiaoxiaoNeural,0.941,可检
data/redteam/factory/segments/edgetts/mandarin/seg_edgetts_mandarin_zh-CN-XiaoxiaoNeural_SC-000017_11.wav,edgetts,mandarin,SC-000017,zh-CN-XiaoxiaoNeural,0.9458,可检
data/redteam/factory/segments/edgetts/mandarin/seg_edgetts_mandarin_zh-CN-YunjianNeural_SC-000017_00.wav,edgetts,mandarin,SC-000017,zh-CN-YunjianNeural,0.6501,可检
data/redteam/factory/segments/edgetts/mandarin/seg_edgetts_mandarin_zh-CN-YunjianNeural_SC-000017_01.wav,edgetts,mandarin,SC-000017,zh-CN-YunjianNeural,0.9756,可检
data/redteam/factory/segments/edgetts/mandarin/seg_edgetts_mandarin_zh-CN-YunjianNeural_SC-000017_02.wav,edgetts,mandarin,SC-000017,zh-CN-YunjianNeural,0.8701,可检
data/redteam/factory/segments/edgetts/mandarin/seg_edgetts_mandarin_zh-CN-YunjianNeural_SC-000017_03.wav,edgetts,mandarin,SC-000017,zh-CN-YunjianNeural,0.6326,可检
data/redteam/factory/segments/edgetts/mandarin/seg_edgetts_mandarin_zh-CN-YunjianNeural_SC-000017_04.wav,edgetts,mandarin,SC-000017,zh-CN-YunjianNeural,0.692,可检
data/redteam/factory/segments/edgetts/mandarin/seg_edgetts_mandarin_zh-CN-YunjianNeural_SC-000017_05.wav,edgetts,mandarin,SC-000017,zh-CN-YunjianNeural,0.8911,可检
data/redteam/factory/segments/edgetts/mandarin/seg_edgetts_mandarin_zh-CN-YunjianNeural_SC-000017_06.wav,edgetts,mandarin,SC-000017,zh-CN-YunjianNeural,0.6822,可检
data/redteam/factory/segments/edgetts/mandarin/seg_edgetts_mandarin_zh-CN-YunjianNeural_SC-000017_07.wav,edgetts,mandarin,SC-000017,zh-CN-YunjianNeural,0.913,可检
data/redteam/factory/segments/edgetts/mandarin/seg_edgetts_mandarin_zh-CN-YunjianNeural_SC-000017_08.wav,edgetts,mandarin,SC-000017,zh-CN-YunjianNeural,0.73,可检
data/redteam/factory/segments/edgetts/mandarin/seg_edgetts_mandarin_zh-CN-YunjianNeural_SC-000017_09.wav,edgetts,mandarin,SC-000017,zh-CN-YunjianNeural,0.6463,可检
data/redteam/factory/segments/edgetts/mandarin/seg_edgetts_mandarin_zh-CN-YunjianNeural_SC-000017_10.wav,edgetts,mandarin,SC-000017,zh-CN-YunjianNeural,0.5157,可检
data/redteam/factory/segments/edgetts/mandarin/seg_edgetts_mandarin_zh-CN-YunjianNeural_SC-000017_11.wav,edgetts,mandarin,SC-000017,zh-CN-YunjianNeural,0.751,可检
data/redteam/factory/segments/edgetts/mandarin/seg_edgetts_mandarin_zh-CN-YunyangNeural_SC-000017_00.wav,edgetts,mandarin,SC-000017,zh-CN-YunyangNeural,0.6496,可检
data/redteam/factory/segments/edgetts/mandarin/seg_edgetts_mandarin_zh-CN-YunyangNeural_SC-000017_01.wav,edgetts,mandarin,SC-000017,zh-CN-YunyangNeural,0.4831,边界
data/redteam/factory/segments/edgetts/mandarin/seg_edgetts_mandarin_zh-CN-YunyangNeural_SC-000017_02.wav,edgetts,mandarin,SC-000017,zh-CN-YunyangNeural,0.6379,可检
data/redteam/factory/segments/edgetts/mandarin/seg_edgetts_mandarin_zh-CN-YunyangNeural_SC-000017_03.wav,edgetts,mandarin,SC-000017,zh-CN-YunyangNeural,0.607,可检
data/redteam/factory/segments/edgetts/mandarin/seg_edgetts_mandarin_zh-CN-YunyangNeural_SC-000017_04.wav,edgetts,mandarin,SC-000017,zh-CN-YunyangNeural,0.7546,可检
data/redteam/factory/segments/edgetts/mandarin/seg_edgetts_mandarin_zh-CN-YunyangNeural_SC-000017_05.wav,edgetts,mandarin,SC-000017,zh-CN-YunyangNeural,0.5247,可检
data/redteam/factory/segments/edgetts/mandarin/seg_edgetts_mandarin_zh-CN-YunyangNeural_SC-000017_06.wav,edgetts,mandarin,SC-000017,zh-CN-YunyangNeural,0.7647,可检
data/redteam/factory/segments/edgetts/mandarin/seg_edgetts_mandarin_zh-CN-YunyangNeural_SC-000017_07.wav,edgetts,mandarin,SC-000017,zh-CN-YunyangNeural,0.7573,可检
data/redteam/factory/segments/edgetts/mandarin/seg_edgetts_mandarin_zh-CN-YunyangNeural_SC-000017_08.wav,edgetts,mandarin,SC-000017,zh-CN-YunyangNeural,0.6258,可检
data/redteam/factory/segments/edgetts/minnan/seg_edgetts_minnan_zh-TW-HsiaoChenNeural_SC-000017_00.wav,edgetts,minnan,SC-000017,zh-TW-HsiaoChenNeural,0.963,可检
data/redteam/factory/segments/edgetts/minnan/seg_edgetts_minnan_zh-TW-HsiaoChenNeural_SC-000017_01.wav,edgetts,minnan,SC-000017,zh-TW-HsiaoChenNeural,0.9895,可检
data/redteam/factory/segments/edgetts/minnan/seg_edgetts_minnan_zh-TW-HsiaoChenNeural_SC-000017_02.wav,edgetts,minnan,SC-000017,zh-TW-HsiaoChenNeural,0.9792,可检
data/redteam/factory/segments/edgetts/minnan/seg_edgetts_minnan_zh-TW-HsiaoChenNeural_SC-000017_03.wav,edgetts,minnan,SC-000017,zh-TW-HsiaoChenNeural,0.9402,可检
data/redteam/factory/segments/edgetts/minnan/seg_edgetts_minnan_zh-TW-HsiaoChenNeural_SC-000017_04.wav,edgetts,minnan,SC-000017,zh-TW-HsiaoChenNeural,0.9665,可检
data/redteam/factory/segments/edgetts/minnan/seg_edgetts_minnan_zh-TW-HsiaoChenNeural_SC-000017_05.wav,edgetts,minnan,SC-000017,zh-TW-HsiaoChenNeural,0.9571,可检
data/redteam/factory/segments/edgetts/minnan/seg_edgetts_minnan_zh-TW-HsiaoChenNeural_SC-000017_06.wav,edgetts,minnan,SC-000017,zh-TW-HsiaoChenNeural,0.9913,可检
data/redteam/factory/segments/edgetts/minnan/seg_edgetts_minnan_zh-TW-HsiaoChenNeural_SC-000017_07.wav,edgetts,minnan,SC-000017,zh-TW-HsiaoChenNeural,0.9934,可检
data/redteam/factory/segments/edgetts/minnan/seg_edgetts_minnan_zh-TW-HsiaoChenNeural_SC-000017_08.wav,edgetts,minnan,SC-000017,zh-TW-HsiaoChenNeural,0.9513,可检
data/redteam/factory/segments/edgetts/minnan/seg_edgetts_minnan_zh-TW-HsiaoChenNeural_SC-000017_09.wav,edgetts,minnan,SC-000017,zh-TW-HsiaoChenNeural,0.9551,可检
data/redteam/factory/segments/edgetts/minnan/seg_edgetts_minnan_zh-TW-HsiaoChenNeural_SC-000017_10.wav,edgetts,minnan,SC-000017,zh-TW-HsiaoChenNeural,0.9476,可检
data/redteam/factory/segments/edgetts/minnan/seg_edgetts_minnan_zh-TW-HsiaoChenNeural_SC-000017_11.wav,edgetts,minnan,SC-000017,zh-TW-HsiaoChenNeural,0.9862,可检
data/redteam/factory/segments/edgetts/minnan/seg_edgetts_minnan_zh-TW-HsiaoChenNeural_SC-000024_00.wav,edgetts,minnan,SC-000024,zh-TW-HsiaoChenNeural,0.961,可检
data/redteam/factory/segments/edgetts/minnan/seg_edgetts_minnan_zh-TW-HsiaoChenNeural_SC-000024_01.wav,edgetts,minnan,SC-000024,zh-TW-HsiaoChenNeural,0.9981,可检
data/redteam/factory/segments/edgetts/minnan/seg_edgetts_minnan_zh-TW-HsiaoChenNeural_SC-000024_02.wav,edgetts,minnan,SC-000024,zh-TW-HsiaoChenNeural,0.9303,可检
data/redteam/factory/segments/edgetts/minnan/seg_edgetts_minnan_zh-TW-HsiaoChenNeural_SC-000024_03.wav,edgetts,minnan,SC-000024,zh-TW-HsiaoChenNeural,0.9784,可检
data/redteam/factory/segments/edgetts/minnan/seg_edgetts_minnan_zh-TW-YunJheNeural_SC-000017_00.wav,edgetts,minnan,SC-000017,zh-TW-YunJheNeural,0.701,可检
data/redteam/factory/segments/edgetts/minnan/seg_edgetts_minnan_zh-TW-YunJheNeural_SC-000017_01.wav,edgetts,minnan,SC-000017,zh-TW-YunJheNeural,0.871,可检
data/redteam/factory/segments/edgetts/minnan/seg_edgetts_minnan_zh-TW-YunJheNeural_SC-000017_02.wav,edgetts,minnan,SC-000017,zh-TW-YunJheNeural,0.4046,边界
data/redteam/factory/segments/edgetts/minnan/seg_edgetts_minnan_zh-TW-YunJheNeural_SC-000017_03.wav,edgetts,minnan,SC-000017,zh-TW-YunJheNeural,0.7802,可检
data/redteam/factory/segments/edgetts/minnan/seg_edgetts_minnan_zh-TW-YunJheNeural_SC-000017_04.wav,edgetts,minnan,SC-000017,zh-TW-YunJheNeural,0.835,可检
data/redteam/factory/segments/edgetts/minnan/seg_edgetts_minnan_zh-TW-YunJheNeural_SC-000017_05.wav,edgetts,minnan,SC-000017,zh-TW-YunJheNeural,0.5394,可检
data/redteam/factory/segments/edgetts/minnan/seg_edgetts_minnan_zh-TW-YunJheNeural_SC-000017_06.wav,edgetts,minnan,SC-000017,zh-TW-YunJheNeural,0.8701,可检
data/redteam/factory/segments/edgetts/minnan/seg_edgetts_minnan_zh-TW-YunJheNeural_SC-000017_07.wav,edgetts,minnan,SC-000017,zh-TW-YunJheNeural,0.8981,可检
data/redteam/factory/segments/edgetts/minnan/seg_edgetts_minnan_zh-TW-YunJheNeural_SC-000017_08.wav,edgetts,minnan,SC-000017,zh-TW-YunJheNeural,0.3542,边界
data/redteam/factory/segments/edgetts/minnan/seg_edgetts_minnan_zh-TW-YunJheNeural_SC-000017_09.wav,edgetts,minnan,SC-000017,zh-TW-YunJheNeural,0.5556,可检
data/redteam/factory/segments/edgetts/sichuan/seg_edgetts_sichuan_zh-CN-YunxiNeural_SC-000017_00.wav,edgetts,sichuan,SC-000017,zh-CN-YunxiNeural,0.6382,可检
data/redteam/factory/segments/edgetts/sichuan/seg_edgetts_sichuan_zh-CN-YunxiNeural_SC-000017_01.wav,edgetts,sichuan,SC-000017,zh-CN-YunxiNeural,0.8827,可检
data/redteam/factory/segments/edgetts/sichuan/seg_edgetts_sichuan_zh-CN-YunxiNeural_SC-000017_02.wav,edgetts,sichuan,SC-000017,zh-CN-YunxiNeural,0.5011,可检
data/redteam/factory/segments/edgetts/sichuan/seg_edgetts_sichuan_zh-CN-YunxiNeural_SC-000017_03.wav,edgetts,sichuan,SC-000017,zh-CN-YunxiNeural,0.8783,可检
data/redteam/factory/segments/edgetts/sichuan/seg_edgetts_sichuan_zh-CN-YunxiNeural_SC-000017_04.wav,edgetts,sichuan,SC-000017,zh-CN-YunxiNeural,0.8397,可检
data/redteam/factory/segments/edgetts/sichuan/seg_edgetts_sichuan_zh-CN-YunxiNeural_SC-000017_05.wav,edgetts,sichuan,SC-000017,zh-CN-YunxiNeural,0.9266,可检
data/redteam/factory/segments/edgetts/sichuan/seg_edgetts_sichuan_zh-CN-YunxiNeural_SC-000017_06.wav,edgetts,sichuan,SC-000017,zh-CN-YunxiNeural,0.9328,可检
data/redteam/factory/segments/edgetts/sichuan/seg_edgetts_sichuan_zh-CN-YunxiNeural_SC-000017_07.wav,edgetts,sichuan,SC-000017,zh-CN-YunxiNeural,0.8292,可检
data/redteam/factory/segments/edgetts/sichuan/seg_edgetts_sichuan_zh-CN-YunxiNeural_SC-000017_08.wav,edgetts,sichuan,SC-000017,zh-CN-YunxiNeural,0.6032,可检
data/redteam/factory/segments/edgetts/sichuan/seg_edgetts_sichuan_zh-CN-XiaoxiaoNeural_SC-000017_00.wav,edgetts,sichuan,SC-000017,zh-CN-XiaoxiaoNeural,0.8515,可检
data/redteam/factory/segments/edgetts/sichuan/seg_edgetts_sichuan_zh-CN-XiaoxiaoNeural_SC-000017_01.wav,edgetts,sichuan,SC-000017,zh-CN-XiaoxiaoNeural,0.9902,可检
data/redteam/factory/segments/edgetts/sichuan/seg_edgetts_sichuan_zh-CN-XiaoxiaoNeural_SC-000017_02.wav,edgetts,sichuan,SC-000017,zh-CN-XiaoxiaoNeural,0.9176,可检
data/redteam/factory/segments/edgetts/sichuan/seg_edgetts_sichuan_zh-CN-XiaoxiaoNeural_SC-000017_03.wav,edgetts,sichuan,SC-000017,zh-CN-XiaoxiaoNeural,0.9913,可检
data/redteam/factory/segments/edgetts/sichuan/seg_edgetts_sichuan_zh-CN-XiaoxiaoNeural_SC-000017_04.wav,edgetts,sichuan,SC-000017,zh-CN-XiaoxiaoNeural,0.9666,可检
data/redteam/factory/segments/edgetts/sichuan/seg_edgetts_sichuan_zh-CN-XiaoxiaoNeural_SC-000017_05.wav,edgetts,sichuan,SC-000017,zh-CN-XiaoxiaoNeural,0.9951,可检
data/redteam/factory/segments/edgetts/sichuan/seg_edgetts_sichuan_zh-CN-XiaoxiaoNeural_SC-000017_06.wav,edgetts,sichuan,SC-000017,zh-CN-XiaoxiaoNeural,0.6996,可检
data/redteam/factory/segments/edgetts/sichuan/seg_edgetts_sichuan_zh-CN-XiaoxiaoNeural_SC-000017_07.wav,edgetts,sichuan,SC-000017,zh-CN-XiaoxiaoNeural,0.9339,可检
data/redteam/factory/segments/edgetts/sichuan/seg_edgetts_sichuan_zh-CN-XiaoxiaoNeural_SC-000017_08.wav,edgetts,sichuan,SC-000017,zh-CN-XiaoxiaoNeural,0.8432,可检
data/redteam/factory/segments/edgetts/sichuan/seg_edgetts_sichuan_zh-CN-XiaoxiaoNeural_SC-000017_09.wav,edgetts,sichuan,SC-000017,zh-CN-XiaoxiaoNeural,0.9488,可检
data/redteam/factory/segments/edgetts/sichuan/seg_edgetts_sichuan_zh-CN-XiaoxiaoNeural_SC-000017_10.wav,edgetts,sichuan,SC-000017,zh-CN-XiaoxiaoNeural,0.941,可检
data/redteam/factory/segments/edgetts/sichuan/seg_edgetts_sichuan_zh-CN-XiaoxiaoNeural_SC-000017_11.wav,edgetts,sichuan,SC-000017,zh-CN-XiaoxiaoNeural,0.9458,可检
data/redteam/factory/segments/edgetts/cantonese/seg_edgetts_cantonese_zh-HK-HiuMaanNeural_SC-000017_00.wav,edgetts,cantonese,SC-000017,zh-HK-HiuMaanNeural,0.9582,可检
data/redteam/factory/segments/edgetts/cantonese/seg_edgetts_cantonese_zh-HK-HiuMaanNeural_SC-000017_01.wav,edgetts,cantonese,SC-000017,zh-HK-HiuMaanNeural,0.8596,可检
data/redteam/factory/segments/edgetts/cantonese/seg_edgetts_cantonese_zh-HK-HiuMaanNeural_SC-000017_02.wav,edgetts,cantonese,SC-000017,zh-HK-HiuMaanNeural,0.9519,可检
data/redteam/factory/segments/edgetts/cantonese/seg_edgetts_cantonese_zh-HK-HiuMaanNeural_SC-000017_03.wav,edgetts,cantonese,SC-000017,zh-HK-HiuMaanNeural,0.8766,可检
data/redteam/factory/segments/edgetts/cantonese/seg_edgetts_cantonese_zh-HK-HiuMaanNeural_SC-000017_04.wav,edgetts,cantonese,SC-000017,zh-HK-HiuMaanNeural,0.9807,可检
data/redteam/factory/segments/edgetts/cantonese/seg_edgetts_cantonese_zh-HK-HiuMaanNeural_SC-000017_05.wav,edgetts,cantonese,SC-000017,zh-HK-HiuMaanNeural,0.8948,可检
data/redteam/factory/segments/edgetts/cantonese/seg_edgetts_cantonese_zh-HK-HiuMaanNeural_SC-000017_06.wav,edgetts,cantonese,SC-000017,zh-HK-HiuMaanNeural,0.988,可检
data/redteam/factory/segments/edgetts/cantonese/seg_edgetts_cantonese_zh-HK-HiuMaanNeural_SC-000017_07.wav,edgetts,cantonese,SC-000017,zh-HK-HiuMaanNeural,0.8883,可检
data/redteam/factory/segments/edgetts/cantonese/seg_edgetts_cantonese_zh-HK-HiuMaanNeural_SC-000017_08.wav,edgetts,cantonese,SC-000017,zh-HK-HiuMaanNeural,0.9921,可检
data/redteam/factory/segments/edgetts/cantonese/seg_edgetts_cantonese_zh-HK-HiuMaanNeural_SC-000017_09.wav,edgetts,cantonese,SC-000017,zh-HK-HiuMaanNeural,0.9505,可检
data/redteam/factory/segments/edgetts/cantonese/seg_edgetts_cantonese_zh-HK-HiuMaanNeural_SC-000017_10.wav,edgetts,cantonese,SC-000017,zh-HK-HiuMaanNeural,0.8967,可检
data/redteam/factory/segments/edgetts/cantonese/seg_edgetts_cantonese_zh-HK-HiuMaanNeural_SC-000017_11.wav,edgetts,cantonese,SC-000017,zh-HK-HiuMaanNeural,0.958,可检
data/redteam/factory/segments/edgetts/cantonese/seg_edgetts_cantonese_zh-HK-HiuMaanNeural_SC-000024_00.wav,edgetts,cantonese,SC-000024,zh-HK-HiuMaanNeural,0.9808,可检
data/redteam/factory/segments/edgetts/cantonese/seg_edgetts_cantonese_zh-HK-HiuMaanNeural_SC-000024_01.wav,edgetts,cantonese,SC-000024,zh-HK-HiuMaanNeural,0.9796,可检
data/redteam/factory/segments/edgetts/cantonese/seg_edgetts_cantonese_zh-HK-HiuMaanNeural_SC-000024_02.wav,edgetts,cantonese,SC-000024,zh-HK-HiuMaanNeural,0.953,可检
data/redteam/factory/segments/edgetts/cantonese/seg_edgetts_cantonese_zh-HK-HiuMaanNeural_SC-000024_03.wav,edgetts,cantonese,SC-000024,zh-HK-HiuMaanNeural,0.9622,可检
data/redteam/factory/segments/edgetts/cantonese/seg_edgetts_cantonese_zh-HK-WanLungNeural_SC-000017_00.wav,edgetts,cantonese,SC-000017,zh-HK-WanLungNeural,0.8023,可检
data/redteam/factory/segments/edgetts/cantonese/seg_edgetts_cantonese_zh-HK-WanLungNeural_SC-000017_01.wav,edgetts,cantonese,SC-000017,zh-HK-WanLungNeural,0.9635,可检
data/redteam/factory/segments/edgetts/cantonese/seg_edgetts_cantonese_zh-HK-WanLungNeural_SC-000017_02.wav,edgetts,cantonese,SC-000017,zh-HK-WanLungNeural,0.7169,可检
data/redteam/factory/segments/edgetts/cantonese/seg_edgetts_cantonese_zh-HK-WanLungNeural_SC-000017_03.wav,edgetts,cantonese,SC-000017,zh-HK-WanLungNeural,0.5682,可检
data/redteam/factory/segments/edgetts/cantonese/seg_edgetts_cantonese_zh-HK-WanLungNeural_SC-000017_04.wav,edgetts,cantonese,SC-000017,zh-HK-WanLungNeural,0.8438,可检
data/redteam/factory/segments/edgetts/cantonese/seg_edgetts_cantonese_zh-HK-WanLungNeural_SC-000017_05.wav,edgetts,cantonese,SC-000017,zh-HK-WanLungNeural,0.8142,可检
data/redteam/factory/segments/edgetts/cantonese/seg_edgetts_cantonese_zh-HK-WanLungNeural_SC-000017_06.wav,edgetts,cantonese,SC-000017,zh-HK-WanLungNeural,0.7145,可检
data/redteam/factory/segments/edgetts/cantonese/seg_edgetts_cantonese_zh-HK-WanLungNeural_SC-000017_07.wav,edgetts,cantonese,SC-000017,zh-HK-WanLungNeural,0.9255,可检
data/redteam/factory/segments/edgetts/cantonese/seg_edgetts_cantonese_zh-HK-WanLungNeural_SC-000017_08.wav,edgetts,cantonese,SC-000017,zh-HK-WanLungNeural,0.8429,可检
data/redteam/factory/segments/edgetts/cantonese/seg_edgetts_cantonese_zh-HK-WanLungNeural_SC-000017_09.wav,edgetts,cantonese,SC-000017,zh-HK-WanLungNeural,0.9583,可检
data/redteam/factory/segments/edgetts/cantonese/seg_edgetts_cantonese_zh-HK-WanLungNeural_SC-000017_10.wav,edgetts,cantonese,SC-000017,zh-HK-WanLungNeural,0.8625,可检
data/redteam/factory/segments/edgetts/cantonese/seg_edgetts_cantonese_zh-HK-WanLungNeural_SC-000017_11.wav,edgetts,cantonese,SC-000017,zh-HK-WanLungNeural,0.7351,可检
data/redteam/factory/segments/edgetts/cantonese/seg_edgetts_cantonese_zh-HK-WanLungNeural_SC-000024_00.wav,edgetts,cantonese,SC-000024,zh-HK-WanLungNeural,0.8137,可检
data/redteam/factory/segments/edgetts/cantonese/seg_edgetts_cantonese_zh-HK-WanLungNeural_SC-000024_01.wav,edgetts,cantonese,SC-000024,zh-HK-WanLungNeural,0.7781,可检
data/redteam/factory/segments/edgetts/cantonese/seg_edgetts_cantonese_zh-HK-WanLungNeural_SC-000024_02.wav,edgetts,cantonese,SC-000024,zh-HK-WanLungNeural,0.8523,可检
data/redteam/factory/segments/edgetts/cantonese/seg_edgetts_cantonese_zh-HK-WanLungNeural_SC-000024_03.wav,edgetts,cantonese,SC-000024,zh-HK-WanLungNeural,0.6929,可检
data/redteam/factory/segments/edgetts/dongbei/seg_edgetts_dongbei_zh-CN-liaoning-XiaobeiNeural_SC-000024_00.wav,edgetts,dongbei,SC-000024,zh-CN-liaoning-XiaobeiNeural,0.7929,可检
data/redteam/factory/segments/edgetts/dongbei/seg_edgetts_dongbei_zh-CN-liaoning-XiaobeiNeural_SC-000024_01.wav,edgetts,dongbei,SC-000024,zh-CN-liaoning-XiaobeiNeural,0.9267,可检
data/redteam/factory/segments/edgetts/dongbei/seg_edgetts_dongbei_zh-CN-liaoning-XiaobeiNeural_SC-000024_02.wav,edgetts,dongbei,SC-000024,zh-CN-liaoning-XiaobeiNeural,0.7344,可检
data/redteam/factory/segments/edgetts/dongbei/seg_edgetts_dongbei_zh-CN-liaoning-XiaobeiNeural_SC-000024_03.wav,edgetts,dongbei,SC-000024,zh-CN-liaoning-XiaobeiNeural,0.7544,可检
data/redteam/factory/segments/edgetts/dongbei/seg_edgetts_dongbei_zh-CN-liaoning-XiaobeiNeural_SC-000017_00.wav,edgetts,dongbei,SC-000017,zh-CN-liaoning-XiaobeiNeural,0.9074,可检
data/redteam/factory/segments/edgetts/dongbei/seg_edgetts_dongbei_zh-CN-liaoning-XiaobeiNeural_SC-000017_01.wav,edgetts,dongbei,SC-000017,zh-CN-liaoning-XiaobeiNeural,0.9262,可检
data/redteam/factory/segments/edgetts/dongbei/seg_edgetts_dongbei_zh-CN-liaoning-XiaobeiNeural_SC-000017_02.wav,edgetts,dongbei,SC-000017,zh-CN-liaoning-XiaobeiNeural,0.9054,可检
data/redteam/factory/segments/edgetts/dongbei/seg_edgetts_dongbei_zh-CN-liaoning-XiaobeiNeural_SC-000017_03.wav,edgetts,dongbei,SC-000017,zh-CN-liaoning-XiaobeiNeural,0.8655,可检
data/redteam/factory/segments/edgetts/dongbei/seg_edgetts_dongbei_zh-CN-liaoning-XiaobeiNeural_SC-000017_04.wav,edgetts,dongbei,SC-000017,zh-CN-liaoning-XiaobeiNeural,0.9601,可检
data/redteam/factory/segments/edgetts/dongbei/seg_edgetts_dongbei_zh-CN-liaoning-XiaobeiNeural_SC-000017_05.wav,edgetts,dongbei,SC-000017,zh-CN-liaoning-XiaobeiNeural,0.7614,可检
data/redteam/factory/segments/edgetts/dongbei/seg_edgetts_dongbei_zh-CN-liaoning-XiaobeiNeural_SC-000017_06.wav,edgetts,dongbei,SC-000017,zh-CN-liaoning-XiaobeiNeural,0.8204,可检
data/redteam/factory/segments/edgetts/dongbei/seg_edgetts_dongbei_zh-CN-liaoning-XiaobeiNeural_SC-000017_07.wav,edgetts,dongbei,SC-000017,zh-CN-liaoning-XiaobeiNeural,0.8893,可检
data/redteam/factory/segments/edgetts/dongbei/seg_edgetts_dongbei_zh-CN-liaoning-XiaobeiNeural_SC-000017_08.wav,edgetts,dongbei,SC-000017,zh-CN-liaoning-XiaobeiNeural,0.8841,可检
data/redteam/factory/segments/edgetts/dongbei/seg_edgetts_dongbei_zh-CN-liaoning-XiaobeiNeural_SC-000017_09.wav,edgetts,dongbei,SC-000017,zh-CN-liaoning-XiaobeiNeural,0.688,可检
data/redteam/factory/segments/edgetts/dongbei/seg_edgetts_dongbei_zh-CN-liaoning-XiaobeiNeural_SC-000017_10.wav,edgetts,dongbei,SC-000017,zh-CN-liaoning-XiaobeiNeural,0.8707,可检
data/redteam/factory/segments/edgetts/dongbei/seg_edgetts_dongbei_zh-CN-liaoning-XiaobeiNeural_SC-000017_11.wav,edgetts,dongbei,SC-000017,zh-CN-liaoning-XiaobeiNeural,0.6557,可检
data/redteam/factory/segments/edgetts/dongbei/seg_edgetts_dongbei_zh-CN-liaoning-XiaobeiNeural_SC-000017_12.wav,edgetts,dongbei,SC-000017,zh-CN-liaoning-XiaobeiNeural,0.8599,可检
data/redteam/factory/segments/edgetts/henan/seg_edgetts_henan_zh-CN-shaanxi-XiaoniNeural_SC-000017_00.wav,edgetts,henan,SC-000017,zh-CN-shaanxi-XiaoniNeural,0.9898,可检
data/redteam/factory/segments/edgetts/henan/seg_edgetts_henan_zh-CN-shaanxi-XiaoniNeural_SC-000017_01.wav,edgetts,henan,SC-000017,zh-CN-shaanxi-XiaoniNeural,0.9889,可检
data/redteam/factory/segments/edgetts/henan/seg_edgetts_henan_zh-CN-shaanxi-XiaoniNeural_SC-000017_02.wav,edgetts,henan,SC-000017,zh-CN-shaanxi-XiaoniNeural,0.9599,可检
data/redteam/factory/segments/edgetts/henan/seg_edgetts_henan_zh-CN-shaanxi-XiaoniNeural_SC-000017_03.wav,edgetts,henan,SC-000017,zh-CN-shaanxi-XiaoniNeural,0.9634,可检
data/redteam/factory/segments/edgetts/henan/seg_edgetts_henan_zh-CN-shaanxi-XiaoniNeural_SC-000017_04.wav,edgetts,henan,SC-000017,zh-CN-shaanxi-XiaoniNeural,0.9203,可检
data/redteam/factory/segments/edgetts/henan/seg_edgetts_henan_zh-CN-shaanxi-XiaoniNeural_SC-000017_05.wav,edgetts,henan,SC-000017,zh-CN-shaanxi-XiaoniNeural,0.9846,可检
data/redteam/factory/segments/edgetts/henan/seg_edgetts_henan_zh-CN-shaanxi-XiaoniNeural_SC-000017_06.wav,edgetts,henan,SC-000017,zh-CN-shaanxi-XiaoniNeural,0.9344,可检
data/redteam/factory/segments/edgetts/henan/seg_edgetts_henan_zh-CN-shaanxi-XiaoniNeural_SC-000017_07.wav,edgetts,henan,SC-000017,zh-CN-shaanxi-XiaoniNeural,0.9878,可检
data/redteam/factory/segments/edgetts/henan/seg_edgetts_henan_zh-CN-shaanxi-XiaoniNeural_SC-000017_08.wav,edgetts,henan,SC-000017,zh-CN-shaanxi-XiaoniNeural,0.8192,可检
data/redteam/factory/segments/edgetts/henan/seg_edgetts_henan_zh-CN-shaanxi-XiaoniNeural_SC-000017_09.wav,edgetts,henan,SC-000017,zh-CN-shaanxi-XiaoniNeural,0.9748,可检
data/redteam/factory/segments/edgetts/henan/seg_edgetts_henan_zh-CN-shaanxi-XiaoniNeural_SC-000017_10.wav,edgetts,henan,SC-000017,zh-CN-shaanxi-XiaoniNeural,0.6303,可检
data/redteam/factory/segments/edgetts/henan/seg_edgetts_henan_zh-CN-shaanxi-XiaoniNeural_SC-000017_11.wav,edgetts,henan,SC-000017,zh-CN-shaanxi-XiaoniNeural,0.9855,可检
data/redteam/factory/segments/edgetts/henan/seg_edgetts_henan_zh-CN-shaanxi-XiaoniNeural_SC-000024_00.wav,edgetts,henan,SC-000024,zh-CN-shaanxi-XiaoniNeural,0.9637,可检
data/redteam/factory/segments/edgetts/henan/seg_edgetts_henan_zh-CN-shaanxi-XiaoniNeural_SC-000024_01.wav,edgetts,henan,SC-000024,zh-CN-shaanxi-XiaoniNeural,0.9575,可检
data/redteam/factory/segments/edgetts/henan/seg_edgetts_henan_zh-CN-shaanxi-XiaoniNeural_SC-000024_02.wav,edgetts,henan,SC-000024,zh-CN-shaanxi-XiaoniNeural,0.8884,可检
data/redteam/factory/segments/edgetts/henan/seg_edgetts_henan_zh-CN-shaanxi-XiaoniNeural_SC-000024_03.wav,edgetts,henan,SC-000024,zh-CN-shaanxi-XiaoniNeural,0.8154,可检
data/redteam/factory/segments/edgetts/mandarin/seg_edgetts_mandarin_zh-CN-YunxiNeural_SC-000036_00.wav,edgetts,mandarin,SC-000036,zh-CN-YunxiNeural,0.6645,可检
data/redteam/factory/segments/edgetts/mandarin/seg_edgetts_mandarin_zh-CN-YunxiNeural_SC-000036_01.wav,edgetts,mandarin,SC-000036,zh-CN-YunxiNeural,0.5617,可检
data/redteam/factory/segments/edgetts/mandarin/seg_edgetts_mandarin_zh-CN-YunxiNeural_SC-000036_02.wav,edgetts,mandarin,SC-000036,zh-CN-YunxiNeural,0.7924,可检
data/redteam/factory/segments/edgetts/mandarin/seg_edgetts_mandarin_zh-CN-YunxiNeural_SC-000036_03.wav,edgetts,mandarin,SC-000036,zh-CN-YunxiNeural,0.504,可检
data/redteam/factory/segments/edgetts/mandarin/seg_edgetts_mandarin_zh-CN-YunxiNeural_SC-000036_04.wav,edgetts,mandarin,SC-000036,zh-CN-YunxiNeural,0.8821,可检
data/redteam/factory/segments/edgetts/mandarin/seg_edgetts_mandarin_zh-CN-XiaoxiaoNeural_SC-000036_00.wav,edgetts,mandarin,SC-000036,zh-CN-XiaoxiaoNeural,0.6393,可检
data/redteam/factory/segments/edgetts/mandarin/seg_edgetts_mandarin_zh-CN-XiaoxiaoNeural_SC-000036_01.wav,edgetts,mandarin,SC-000036,zh-CN-XiaoxiaoNeural,0.9891,可检
data/redteam/factory/segments/edgetts/mandarin/seg_edgetts_mandarin_zh-CN-XiaoxiaoNeural_SC-000036_02.wav,edgetts,mandarin,SC-000036,zh-CN-XiaoxiaoNeural,0.9771,可检
data/redteam/factory/segments/edgetts/mandarin/seg_edgetts_mandarin_zh-CN-XiaoxiaoNeural_SC-000036_03.wav,edgetts,mandarin,SC-000036,zh-CN-XiaoxiaoNeural,0.929,可检
data/redteam/factory/segments/edgetts/mandarin/seg_edgetts_mandarin_zh-CN-XiaoxiaoNeural_SC-000036_04.wav,edgetts,mandarin,SC-000036,zh-CN-XiaoxiaoNeural,0.9008,可检
data/redteam/factory/segments/edgetts/mandarin/seg_edgetts_mandarin_zh-CN-XiaoxiaoNeural_SC-000036_05.wav,edgetts,mandarin,SC-000036,zh-CN-XiaoxiaoNeural,0.8508,可检
data/redteam/factory/segments/edgetts/mandarin/seg_edgetts_mandarin_zh-CN-XiaoxiaoNeural_SC-000069_00.wav,edgetts,mandarin,SC-000069,zh-CN-XiaoxiaoNeural,0.9061,可检
data/redteam/factory/segments/edgetts/mandarin/seg_edgetts_mandarin_zh-CN-XiaoxiaoNeural_SC-000069_01.wav,edgetts,mandarin,SC-000069,zh-CN-XiaoxiaoNeural,0.9863,可检
data/redteam/factory/segments/edgetts/mandarin/seg_edgetts_mandarin_zh-CN-XiaoxiaoNeural_SC-000069_02.wav,edgetts,mandarin,SC-000069,zh-CN-XiaoxiaoNeural,0.9768,可检
data/redteam/factory/segments/edgetts/mandarin/seg_edgetts_mandarin_zh-CN-XiaoxiaoNeural_SC-000069_03.wav,edgetts,mandarin,SC-000069,zh-CN-XiaoxiaoNeural,0.9814,可检
data/redteam/factory/segments/edgetts/mandarin/seg_edgetts_mandarin_zh-CN-YunjianNeural_SC-000036_00.wav,edgetts,mandarin,SC-000036,zh-CN-YunjianNeural,0.878,可检
data/redteam/factory/segments/edgetts/mandarin/seg_edgetts_mandarin_zh-CN-YunjianNeural_SC-000036_01.wav,edgetts,mandarin,SC-000036,zh-CN-YunjianNeural,0.8225,可检
data/redteam/factory/segments/edgetts/mandarin/seg_edgetts_mandarin_zh-CN-YunjianNeural_SC-000036_02.wav,edgetts,mandarin,SC-000036,zh-CN-YunjianNeural,0.9744,可检
data/redteam/factory/segments/edgetts/mandarin/seg_edgetts_mandarin_zh-CN-YunjianNeural_SC-000036_03.wav,edgetts,mandarin,SC-000036,zh-CN-YunjianNeural,0.7505,可检
data/redteam/factory/segments/edgetts/mandarin/seg_edgetts_mandarin_zh-CN-YunjianNeural_SC-000036_04.wav,edgetts,mandarin,SC-000036,zh-CN-YunjianNeural,0.5341,可检
data/redteam/factory/segments/edgetts/mandarin/seg_edgetts_mandarin_zh-CN-YunjianNeural_SC-000069_00.wav,edgetts,mandarin,SC-000069,zh-CN-YunjianNeural,0.655,可检
data/redteam/factory/segments/edgetts/mandarin/seg_edgetts_mandarin_zh-CN-YunjianNeural_SC-000069_01.wav,edgetts,mandarin,SC-000069,zh-CN-YunjianNeural,0.8519,可检
data/redteam/factory/segments/edgetts/mandarin/seg_edgetts_mandarin_zh-CN-YunjianNeural_SC-000069_02.wav,edgetts,mandarin,SC-000069,zh-CN-YunjianNeural,0.8184,可检
data/redteam/factory/segments/edgetts/mandarin/seg_edgetts_mandarin_zh-CN-YunjianNeural_SC-000069_03.wav,edgetts,mandarin,SC-000069,zh-CN-YunjianNeural,0.8887,可检
data/redteam/factory/segments/edgetts/mandarin/seg_edgetts_mandarin_zh-CN-YunyangNeural_SC-000036_00.wav,edgetts,mandarin,SC-000036,zh-CN-YunyangNeural,0.5028,可检
data/redteam/factory/segments/edgetts/mandarin/seg_edgetts_mandarin_zh-CN-YunyangNeural_SC-000036_01.wav,edgetts,mandarin,SC-000036,zh-CN-YunyangNeural,0.6484,可检
data/redteam/factory/segments/edgetts/mandarin/seg_edgetts_mandarin_zh-CN-YunyangNeural_SC-000036_02.wav,edgetts,mandarin,SC-000036,zh-CN-YunyangNeural,0.7976,可检
data/redteam/factory/segments/edgetts/mandarin/seg_edgetts_mandarin_zh-CN-YunyangNeural_SC-000036_03.wav,edgetts,mandarin,SC-000036,zh-CN-YunyangNeural,0.4913,边界
data/redteam/factory/segments/edgetts/mandarin/seg_edgetts_mandarin_zh-CN-YunyangNeural_SC-000036_04.wav,edgetts,mandarin,SC-000036,zh-CN-YunyangNeural,0.6364,可检
data/redteam/factory/segments/edgetts/minnan/seg_edgetts_minnan_zh-TW-HsiaoChenNeural_SC-000056_00.wav,edgetts,minnan,SC-000056,zh-TW-HsiaoChenNeural,0.9669,可检
data/redteam/factory/segments/edgetts/minnan/seg_edgetts_minnan_zh-TW-HsiaoChenNeural_SC-000056_01.wav,edgetts,minnan,SC-000056,zh-TW-HsiaoChenNeural,0.9812,可检
data/redteam/factory/segments/edgetts/minnan/seg_edgetts_minnan_zh-TW-HsiaoChenNeural_SC-000056_02.wav,edgetts,minnan,SC-000056,zh-TW-HsiaoChenNeural,0.9385,可检
data/redteam/factory/segments/edgetts/minnan/seg_edgetts_minnan_zh-TW-HsiaoChenNeural_SC-000056_03.wav,edgetts,minnan,SC-000056,zh-TW-HsiaoChenNeural,0.9564,可检
data/redteam/factory/segments/edgetts/minnan/seg_edgetts_minnan_zh-TW-HsiaoChenNeural_SC-000056_04.wav,edgetts,minnan,SC-000056,zh-TW-HsiaoChenNeural,0.9824,可检
data/redteam/factory/segments/edgetts/minnan/seg_edgetts_minnan_zh-TW-HsiaoChenNeural_SC-000056_05.wav,edgetts,minnan,SC-000056,zh-TW-HsiaoChenNeural,0.9926,可检
data/redteam/factory/segments/edgetts/minnan/seg_edgetts_minnan_zh-TW-HsiaoChenNeural_SC-000056_06.wav,edgetts,minnan,SC-000056,zh-TW-HsiaoChenNeural,0.9755,可检
data/redteam/factory/segments/edgetts/minnan/seg_edgetts_minnan_zh-TW-HsiaoChenNeural_SC-000056_07.wav,edgetts,minnan,SC-000056,zh-TW-HsiaoChenNeural,0.98,可检
data/redteam/factory/segments/edgetts/minnan/seg_edgetts_minnan_zh-TW-HsiaoChenNeural_SC-000056_08.wav,edgetts,minnan,SC-000056,zh-TW-HsiaoChenNeural,0.9437,可检
data/redteam/factory/segments/edgetts/minnan/seg_edgetts_minnan_zh-TW-HsiaoChenNeural_SC-000143_00.wav,edgetts,minnan,SC-000143,zh-TW-HsiaoChenNeural,0.9519,可检
data/redteam/factory/segments/edgetts/minnan/seg_edgetts_minnan_zh-TW-HsiaoChenNeural_SC-000143_01.wav,edgetts,minnan,SC-000143,zh-TW-HsiaoChenNeural,0.9806,可检
data/redteam/factory/segments/edgetts/minnan/seg_edgetts_minnan_zh-TW-HsiaoChenNeural_SC-000143_02.wav,edgetts,minnan,SC-000143,zh-TW-HsiaoChenNeural,0.9909,可检
data/redteam/factory/segments/edgetts/minnan/seg_edgetts_minnan_zh-TW-HsiaoChenNeural_SC-000143_03.wav,edgetts,minnan,SC-000143,zh-TW-HsiaoChenNeural,0.9735,可检
data/redteam/factory/segments/edgetts/minnan/seg_edgetts_minnan_zh-TW-HsiaoChenNeural_SC-000143_04.wav,edgetts,minnan,SC-000143,zh-TW-HsiaoChenNeural,0.8581,可检
data/redteam/factory/segments/edgetts/minnan/seg_edgetts_minnan_zh-TW-HsiaoChenNeural_SC-000143_05.wav,edgetts,minnan,SC-000143,zh-TW-HsiaoChenNeural,0.967,可检
data/redteam/factory/segments/edgetts/minnan/seg_edgetts_minnan_zh-TW-HsiaoChenNeural_SC-000218_00.wav,edgetts,minnan,SC-000218,zh-TW-HsiaoChenNeural,0.9821,可检
data/redteam/factory/segments/edgetts/minnan/seg_edgetts_minnan_zh-TW-HsiaoChenNeural_SC-000218_01.wav,edgetts,minnan,SC-000218,zh-TW-HsiaoChenNeural,0.9464,可检
data/redteam/factory/segments/edgetts/minnan/seg_edgetts_minnan_zh-TW-HsiaoChenNeural_SC-000218_02.wav,edgetts,minnan,SC-000218,zh-TW-HsiaoChenNeural,0.9928,可检
data/redteam/factory/segments/edgetts/minnan/seg_edgetts_minnan_zh-TW-HsiaoChenNeural_SC-000218_03.wav,edgetts,minnan,SC-000218,zh-TW-HsiaoChenNeural,0.9619,可检
data/redteam/factory/segments/edgetts/minnan/seg_edgetts_minnan_zh-TW-HsiaoChenNeural_SC-000323_00.wav,edgetts,minnan,SC-000323,zh-TW-HsiaoChenNeural,0.9133,可检
data/redteam/factory/segments/edgetts/minnan/seg_edgetts_minnan_zh-TW-HsiaoChenNeural_SC-000323_01.wav,edgetts,minnan,SC-000323,zh-TW-HsiaoChenNeural,0.9562,可检
data/redteam/factory/segments/edgetts/minnan/seg_edgetts_minnan_zh-TW-HsiaoChenNeural_SC-000323_02.wav,edgetts,minnan,SC-000323,zh-TW-HsiaoChenNeural,0.9898,可检
data/redteam/factory/segments/edgetts/minnan/seg_edgetts_minnan_zh-TW-HsiaoChenNeural_SC-000323_03.wav,edgetts,minnan,SC-000323,zh-TW-HsiaoChenNeural,0.9832,可检
data/redteam/factory/segments/edgetts/minnan/seg_edgetts_minnan_zh-TW-HsiaoChenNeural_SC-000323_04.wav,edgetts,minnan,SC-000323,zh-TW-HsiaoChenNeural,0.9473,可检
data/redteam/factory/segments/edgetts/minnan/seg_edgetts_minnan_zh-TW-HsiaoChenNeural_SC-000339_00.wav,edgetts,minnan,SC-000339,zh-TW-HsiaoChenNeural,0.961,可检
data/redteam/factory/segments/edgetts/minnan/seg_edgetts_minnan_zh-TW-HsiaoChenNeural_SC-000339_01.wav,edgetts,minnan,SC-000339,zh-TW-HsiaoChenNeural,0.975,可检
data/redteam/factory/segments/edgetts/minnan/seg_edgetts_minnan_zh-TW-HsiaoChenNeural_SC-000339_02.wav,edgetts,minnan,SC-000339,zh-TW-HsiaoChenNeural,0.9704,可检
data/redteam/factory/segments/edgetts/minnan/seg_edgetts_minnan_zh-TW-HsiaoChenNeural_SC-000339_03.wav,edgetts,minnan,SC-000339,zh-TW-HsiaoChenNeural,0.968,可检
data/redteam/factory/segments/edgetts/minnan/seg_edgetts_minnan_zh-TW-HsiaoChenNeural_SC-000339_04.wav,edgetts,minnan,SC-000339,zh-TW-HsiaoChenNeural,0.9799,可检
data/redteam/factory/segments/edgetts/minnan/seg_edgetts_minnan_zh-TW-HsiaoChenNeural_SC-000369_00.wav,edgetts,minnan,SC-000369,zh-TW-HsiaoChenNeural,0.9898,可检
data/redteam/factory/segments/edgetts/minnan/seg_edgetts_minnan_zh-TW-HsiaoChenNeural_SC-000369_01.wav,edgetts,minnan,SC-000369,zh-TW-HsiaoChenNeural,0.9822,可检
data/redteam/factory/segments/edgetts/minnan/seg_edgetts_minnan_zh-TW-HsiaoChenNeural_SC-000369_02.wav,edgetts,minnan,SC-000369,zh-TW-HsiaoChenNeural,0.9636,可检
data/redteam/factory/segments/edgetts/minnan/seg_edgetts_minnan_zh-TW-HsiaoChenNeural_SC-000369_03.wav,edgetts,minnan,SC-000369,zh-TW-HsiaoChenNeural,0.9633,可检
data/redteam/factory/segments/edgetts/minnan/seg_edgetts_minnan_zh-TW-HsiaoChenNeural_SC-000369_04.wav,edgetts,minnan,SC-000369,zh-TW-HsiaoChenNeural,0.9693,可检
data/redteam/factory/segments/edgetts/minnan/seg_edgetts_minnan_zh-TW-HsiaoChenNeural_SC-000445_00.wav,edgetts,minnan,SC-000445,zh-TW-HsiaoChenNeural,0.9797,可检
data/redteam/factory/segments/edgetts/minnan/seg_edgetts_minnan_zh-TW-HsiaoChenNeural_SC-000445_01.wav,edgetts,minnan,SC-000445,zh-TW-HsiaoChenNeural,0.9825,可检
data/redteam/factory/segments/edgetts/minnan/seg_edgetts_minnan_zh-TW-HsiaoChenNeural_SC-000445_02.wav,edgetts,minnan,SC-000445,zh-TW-HsiaoChenNeural,0.9959,可检
data/redteam/factory/segments/edgetts/minnan/seg_edgetts_minnan_zh-TW-HsiaoChenNeural_SC-000445_03.wav,edgetts,minnan,SC-000445,zh-TW-HsiaoChenNeural,0.9849,可检
data/redteam/factory/segments/edgetts/minnan/seg_edgetts_minnan_zh-TW-HsiaoChenNeural_SC-000445_04.wav,edgetts,minnan,SC-000445,zh-TW-HsiaoChenNeural,0.9531,可检
data/redteam/factory/segments/edgetts/minnan/seg_edgetts_minnan_zh-TW-HsiaoChenNeural_SC-000465_00.wav,edgetts,minnan,SC-000465,zh-TW-HsiaoChenNeural,0.9626,可检
data/redteam/factory/segments/edgetts/minnan/seg_edgetts_minnan_zh-TW-HsiaoChenNeural_SC-000465_01.wav,edgetts,minnan,SC-000465,zh-TW-HsiaoChenNeural,0.9297,可检
data/redteam/factory/segments/edgetts/minnan/seg_edgetts_minnan_zh-TW-HsiaoChenNeural_SC-000465_02.wav,edgetts,minnan,SC-000465,zh-TW-HsiaoChenNeural,0.9784,可检
data/redteam/factory/segments/edgetts/minnan/seg_edgetts_minnan_zh-TW-HsiaoChenNeural_SC-000465_03.wav,edgetts,minnan,SC-000465,zh-TW-HsiaoChenNeural,0.9863,可检
data/redteam/factory/segments/edgetts/minnan/seg_edgetts_minnan_zh-TW-HsiaoChenNeural_SC-000465_04.wav,edgetts,minnan,SC-000465,zh-TW-HsiaoChenNeural,0.9677,可检
data/redteam/factory/segments/edgetts/minnan/seg_edgetts_minnan_zh-TW-HsiaoChenNeural_SC-000466_00.wav,edgetts,minnan,SC-000466,zh-TW-HsiaoChenNeural,0.9628,可检
data/redteam/factory/segments/edgetts/minnan/seg_edgetts_minnan_zh-TW-HsiaoChenNeural_SC-000466_01.wav,edgetts,minnan,SC-000466,zh-TW-HsiaoChenNeural,0.9815,可检
data/redteam/factory/segments/edgetts/minnan/seg_edgetts_minnan_zh-TW-HsiaoChenNeural_SC-000466_02.wav,edgetts,minnan,SC-000466,zh-TW-HsiaoChenNeural,0.9848,可检
data/redteam/factory/segments/edgetts/minnan/seg_edgetts_minnan_zh-TW-HsiaoChenNeural_SC-000466_03.wav,edgetts,minnan,SC-000466,zh-TW-HsiaoChenNeural,0.9395,可检
data/redteam/factory/segments/edgetts/minnan/seg_edgetts_minnan_zh-TW-HsiaoChenNeural_SC-000466_04.wav,edgetts,minnan,SC-000466,zh-TW-HsiaoChenNeural,0.9364,可检
data/redteam/factory/segments/edgetts/minnan/seg_edgetts_minnan_zh-TW-HsiaoChenNeural_SC-000466_05.wav,edgetts,minnan,SC-000466,zh-TW-HsiaoChenNeural,0.9247,可检
data/redteam/factory/segments/edgetts/minnan/seg_edgetts_minnan_zh-TW-YunJheNeural_SC-000056_00.wav,edgetts,minnan,SC-000056,zh-TW-YunJheNeural,0.5182,可检
data/redteam/factory/segments/edgetts/minnan/seg_edgetts_minnan_zh-TW-YunJheNeural_SC-000056_01.wav,edgetts,minnan,SC-000056,zh-TW-YunJheNeural,0.9433,可检
data/redteam/factory/segments/edgetts/minnan/seg_edgetts_minnan_zh-TW-YunJheNeural_SC-000056_02.wav,edgetts,minnan,SC-000056,zh-TW-YunJheNeural,0.9011,可检
data/redteam/factory/segments/edgetts/minnan/seg_edgetts_minnan_zh-TW-YunJheNeural_SC-000056_03.wav,edgetts,minnan,SC-000056,zh-TW-YunJheNeural,0.7007,可检
data/redteam/factory/segments/edgetts/minnan/seg_edgetts_minnan_zh-TW-YunJheNeural_SC-000056_04.wav,edgetts,minnan,SC-000056,zh-TW-YunJheNeural,0.6643,可检
data/redteam/factory/segments/edgetts/minnan/seg_edgetts_minnan_zh-TW-YunJheNeural_SC-000056_05.wav,edgetts,minnan,SC-000056,zh-TW-YunJheNeural,0.9656,可检
data/redteam/factory/segments/edgetts/minnan/seg_edgetts_minnan_zh-TW-YunJheNeural_SC-000143_00.wav,edgetts,minnan,SC-000143,zh-TW-YunJheNeural,0.836,可检
data/redteam/factory/segments/edgetts/minnan/seg_edgetts_minnan_zh-TW-YunJheNeural_SC-000143_01.wav,edgetts,minnan,SC-000143,zh-TW-YunJheNeural,0.7167,可检
data/redteam/factory/segments/edgetts/minnan/seg_edgetts_minnan_zh-TW-YunJheNeural_SC-000143_02.wav,edgetts,minnan,SC-000143,zh-TW-YunJheNeural,0.8717,可检
data/redteam/factory/segments/edgetts/minnan/seg_edgetts_minnan_zh-TW-YunJheNeural_SC-000143_03.wav,edgetts,minnan,SC-000143,zh-TW-YunJheNeural,0.5725,可检
data/redteam/factory/segments/edgetts/minnan/seg_edgetts_minnan_zh-TW-YunJheNeural_SC-000218_00.wav,edgetts,minnan,SC-000218,zh-TW-YunJheNeural,0.9378,可检
data/redteam/factory/segments/edgetts/minnan/seg_edgetts_minnan_zh-TW-YunJheNeural_SC-000218_01.wav,edgetts,minnan,SC-000218,zh-TW-YunJheNeural,0.7884,可检
data/redteam/factory/segments/edgetts/minnan/seg_edgetts_minnan_zh-TW-YunJheNeural_SC-000218_02.wav,edgetts,minnan,SC-000218,zh-TW-YunJheNeural,0.8542,可检
data/redteam/factory/segments/edgetts/minnan/seg_edgetts_minnan_zh-TW-YunJheNeural_SC-000323_00.wav,edgetts,minnan,SC-000323,zh-TW-YunJheNeural,0.9389,可检
data/redteam/factory/segments/edgetts/minnan/seg_edgetts_minnan_zh-TW-YunJheNeural_SC-000323_01.wav,edgetts,minnan,SC-000323,zh-TW-YunJheNeural,0.9311,可检
data/redteam/factory/segments/edgetts/minnan/seg_edgetts_minnan_zh-TW-YunJheNeural_SC-000323_02.wav,edgetts,minnan,SC-000323,zh-TW-YunJheNeural,0.9669,可检
data/redteam/factory/segments/edgetts/minnan/seg_edgetts_minnan_zh-TW-YunJheNeural_SC-000323_03.wav,edgetts,minnan,SC-000323,zh-TW-YunJheNeural,0.8304,可检
data/redteam/factory/segments/edgetts/minnan/seg_edgetts_minnan_zh-TW-YunJheNeural_SC-000323_04.wav,edgetts,minnan,SC-000323,zh-TW-YunJheNeural,0.9102,可检
data/redteam/factory/segments/edgetts/minnan/seg_edgetts_minnan_zh-TW-YunJheNeural_SC-000339_00.wav,edgetts,minnan,SC-000339,zh-TW-YunJheNeural,0.7262,可检
data/redteam/factory/segments/edgetts/minnan/seg_edgetts_minnan_zh-TW-YunJheNeural_SC-000339_01.wav,edgetts,minnan,SC-000339,zh-TW-YunJheNeural,0.7551,可检
data/redteam/factory/segments/edgetts/minnan/seg_edgetts_minnan_zh-TW-YunJheNeural_SC-000339_02.wav,edgetts,minnan,SC-000339,zh-TW-YunJheNeural,0.7065,可检
data/redteam/factory/segments/edgetts/minnan/seg_edgetts_minnan_zh-TW-YunJheNeural_SC-000339_03.wav,edgetts,minnan,SC-000339,zh-TW-YunJheNeural,0.5348,可检
data/redteam/factory/segments/edgetts/minnan/seg_edgetts_minnan_zh-TW-YunJheNeural_SC-000369_00.wav,edgetts,minnan,SC-000369,zh-TW-YunJheNeural,0.8754,可检
data/redteam/factory/segments/edgetts/minnan/seg_edgetts_minnan_zh-TW-YunJheNeural_SC-000369_01.wav,edgetts,minnan,SC-000369,zh-TW-YunJheNeural,0.7177,可检
data/redteam/factory/segments/edgetts/minnan/seg_edgetts_minnan_zh-TW-YunJheNeural_SC-000369_02.wav,edgetts,minnan,SC-000369,zh-TW-YunJheNeural,0.8684,可检
data/redteam/factory/segments/edgetts/minnan/seg_edgetts_minnan_zh-TW-YunJheNeural_SC-000369_03.wav,edgetts,minnan,SC-000369,zh-TW-YunJheNeural,0.7158,可检
data/redteam/factory/segments/edgetts/minnan/seg_edgetts_minnan_zh-TW-YunJheNeural_SC-000445_00.wav,edgetts,minnan,SC-000445,zh-TW-YunJheNeural,0.8043,可检
data/redteam/factory/segments/edgetts/minnan/seg_edgetts_minnan_zh-TW-YunJheNeural_SC-000445_01.wav,edgetts,minnan,SC-000445,zh-TW-YunJheNeural,0.7336,可检
data/redteam/factory/segments/edgetts/minnan/seg_edgetts_minnan_zh-TW-YunJheNeural_SC-000445_02.wav,edgetts,minnan,SC-000445,zh-TW-YunJheNeural,0.654,可检
data/redteam/factory/segments/edgetts/minnan/seg_edgetts_minnan_zh-TW-YunJheNeural_SC-000445_03.wav,edgetts,minnan,SC-000445,zh-TW-YunJheNeural,0.2343,隐蔽
data/redteam/factory/segments/edgetts/minnan/seg_edgetts_minnan_zh-TW-YunJheNeural_SC-000465_00.wav,edgetts,minnan,SC-000465,zh-TW-YunJheNeural,0.9046,可检
data/redteam/factory/segments/edgetts/minnan/seg_edgetts_minnan_zh-TW-YunJheNeural_SC-000465_01.wav,edgetts,minnan,SC-000465,zh-TW-YunJheNeural,0.8514,可检
data/redteam/factory/segments/edgetts/minnan/seg_edgetts_minnan_zh-TW-YunJheNeural_SC-000465_02.wav,edgetts,minnan,SC-000465,zh-TW-YunJheNeural,0.8751,可检
data/redteam/factory/segments/edgetts/minnan/seg_edgetts_minnan_zh-TW-YunJheNeural_SC-000466_00.wav,edgetts,minnan,SC-000466,zh-TW-YunJheNeural,0.5483,可检
data/redteam/factory/segments/edgetts/minnan/seg_edgetts_minnan_zh-TW-YunJheNeural_SC-000466_01.wav,edgetts,minnan,SC-000466,zh-TW-YunJheNeural,0.6418,可检
data/redteam/factory/segments/edgetts/minnan/seg_edgetts_minnan_zh-TW-YunJheNeural_SC-000466_02.wav,edgetts,minnan,SC-000466,zh-TW-YunJheNeural,0.8758,可检
data/redteam/factory/segments/edgetts/minnan/seg_edgetts_minnan_zh-TW-YunJheNeural_SC-000466_03.wav,edgetts,minnan,SC-000466,zh-TW-YunJheNeural,0.8659,可检
data/redteam/factory/segments/edgetts/minnan/seg_edgetts_minnan_zh-TW-YunJheNeural_SC-000466_04.wav,edgetts,minnan,SC-000466,zh-TW-YunJheNeural,0.5796,可检
data/redteam/factory/segments/edgetts/sichuan/seg_edgetts_sichuan_zh-CN-YunxiNeural_SC-000042_00.wav,edgetts,sichuan,SC-000042,zh-CN-YunxiNeural,0.8915,可检
data/redteam/factory/segments/edgetts/sichuan/seg_edgetts_sichuan_zh-CN-YunxiNeural_SC-000042_01.wav,edgetts,sichuan,SC-000042,zh-CN-YunxiNeural,0.6441,可检
data/redteam/factory/segments/edgetts/sichuan/seg_edgetts_sichuan_zh-CN-YunxiNeural_SC-000042_02.wav,edgetts,sichuan,SC-000042,zh-CN-YunxiNeural,0.908,可检
data/redteam/factory/segments/edgetts/sichuan/seg_edgetts_sichuan_zh-CN-YunxiNeural_SC-000042_03.wav,edgetts,sichuan,SC-000042,zh-CN-YunxiNeural,0.7695,可检
data/redteam/factory/segments/edgetts/sichuan/seg_edgetts_sichuan_zh-CN-YunxiNeural_SC-000042_04.wav,edgetts,sichuan,SC-000042,zh-CN-YunxiNeural,0.9223,可检
data/redteam/factory/segments/edgetts/sichuan/seg_edgetts_sichuan_zh-CN-YunxiNeural_SC-000115_00.wav,edgetts,sichuan,SC-000115,zh-CN-YunxiNeural,0.7313,可检
data/redteam/factory/segments/edgetts/sichuan/seg_edgetts_sichuan_zh-CN-YunxiNeural_SC-000115_01.wav,edgetts,sichuan,SC-000115,zh-CN-YunxiNeural,0.8982,可检
data/redteam/factory/segments/edgetts/sichuan/seg_edgetts_sichuan_zh-CN-YunxiNeural_SC-000115_02.wav,edgetts,sichuan,SC-000115,zh-CN-YunxiNeural,0.8669,可检
data/redteam/factory/segments/edgetts/sichuan/seg_edgetts_sichuan_zh-CN-YunxiNeural_SC-000115_03.wav,edgetts,sichuan,SC-000115,zh-CN-YunxiNeural,0.7872,可检
data/redteam/factory/segments/edgetts/sichuan/seg_edgetts_sichuan_zh-CN-YunxiNeural_SC-000251_00.wav,edgetts,sichuan,SC-000251,zh-CN-YunxiNeural,0.7267,可检
data/redteam/factory/segments/edgetts/sichuan/seg_edgetts_sichuan_zh-CN-YunxiNeural_SC-000251_01.wav,edgetts,sichuan,SC-000251,zh-CN-YunxiNeural,0.8969,可检
data/redteam/factory/segments/edgetts/sichuan/seg_edgetts_sichuan_zh-CN-YunxiNeural_SC-000251_02.wav,edgetts,sichuan,SC-000251,zh-CN-YunxiNeural,0.76,可检
data/redteam/factory/segments/edgetts/sichuan/seg_edgetts_sichuan_zh-CN-YunxiNeural_SC-000251_03.wav,edgetts,sichuan,SC-000251,zh-CN-YunxiNeural,0.7009,可检
data/redteam/factory/segments/edgetts/sichuan/seg_edgetts_sichuan_zh-CN-XiaoxiaoNeural_SC-000042_00.wav,edgetts,sichuan,SC-000042,zh-CN-XiaoxiaoNeural,0.9979,可检
data/redteam/factory/segments/edgetts/sichuan/seg_edgetts_sichuan_zh-CN-XiaoxiaoNeural_SC-000042_01.wav,edgetts,sichuan,SC-000042,zh-CN-XiaoxiaoNeural,0.9882,可检
data/redteam/factory/segments/edgetts/sichuan/seg_edgetts_sichuan_zh-CN-XiaoxiaoNeural_SC-000042_02.wav,edgetts,sichuan,SC-000042,zh-CN-XiaoxiaoNeural,0.9189,可检
data/redteam/factory/segments/edgetts/sichuan/seg_edgetts_sichuan_zh-CN-XiaoxiaoNeural_SC-000042_03.wav,edgetts,sichuan,SC-000042,zh-CN-XiaoxiaoNeural,0.9828,可检
data/redteam/factory/segments/edgetts/sichuan/seg_edgetts_sichuan_zh-CN-XiaoxiaoNeural_SC-000042_04.wav,edgetts,sichuan,SC-000042,zh-CN-XiaoxiaoNeural,0.9563,可检
data/redteam/factory/segments/edgetts/sichuan/seg_edgetts_sichuan_zh-CN-XiaoxiaoNeural_SC-000042_05.wav,edgetts,sichuan,SC-000042,zh-CN-XiaoxiaoNeural,0.9899,可检
data/redteam/factory/segments/edgetts/sichuan/seg_edgetts_sichuan_zh-CN-XiaoxiaoNeural_SC-000042_06.wav,edgetts,sichuan,SC-000042,zh-CN-XiaoxiaoNeural,0.921,可检
data/redteam/factory/segments/edgetts/sichuan/seg_edgetts_sichuan_zh-CN-XiaoxiaoNeural_SC-000115_00.wav,edgetts,sichuan,SC-000115,zh-CN-XiaoxiaoNeural,0.8792,可检
data/redteam/factory/segments/edgetts/sichuan/seg_edgetts_sichuan_zh-CN-XiaoxiaoNeural_SC-000115_01.wav,edgetts,sichuan,SC-000115,zh-CN-XiaoxiaoNeural,0.9811,可检
data/redteam/factory/segments/edgetts/sichuan/seg_edgetts_sichuan_zh-CN-XiaoxiaoNeural_SC-000115_02.wav,edgetts,sichuan,SC-000115,zh-CN-XiaoxiaoNeural,0.7921,可检
data/redteam/factory/segments/edgetts/sichuan/seg_edgetts_sichuan_zh-CN-XiaoxiaoNeural_SC-000115_03.wav,edgetts,sichuan,SC-000115,zh-CN-XiaoxiaoNeural,0.9963,可检
data/redteam/factory/segments/edgetts/sichuan/seg_edgetts_sichuan_zh-CN-XiaoxiaoNeural_SC-000115_04.wav,edgetts,sichuan,SC-000115,zh-CN-XiaoxiaoNeural,0.8181,可检
data/redteam/factory/segments/edgetts/sichuan/seg_edgetts_sichuan_zh-CN-XiaoxiaoNeural_SC-000165_00.wav,edgetts,sichuan,SC-000165,zh-CN-XiaoxiaoNeural,0.8451,可检
data/redteam/factory/segments/edgetts/sichuan/seg_edgetts_sichuan_zh-CN-XiaoxiaoNeural_SC-000165_01.wav,edgetts,sichuan,SC-000165,zh-CN-XiaoxiaoNeural,0.8421,可检
data/redteam/factory/segments/edgetts/sichuan/seg_edgetts_sichuan_zh-CN-XiaoxiaoNeural_SC-000165_02.wav,edgetts,sichuan,SC-000165,zh-CN-XiaoxiaoNeural,0.8614,可检
data/redteam/factory/segments/edgetts/sichuan/seg_edgetts_sichuan_zh-CN-XiaoxiaoNeural_SC-000165_03.wav,edgetts,sichuan,SC-000165,zh-CN-XiaoxiaoNeural,0.9701,可检
data/redteam/factory/segments/edgetts/sichuan/seg_edgetts_sichuan_zh-CN-XiaoxiaoNeural_SC-000251_00.wav,edgetts,sichuan,SC-000251,zh-CN-XiaoxiaoNeural,0.9773,可检
data/redteam/factory/segments/edgetts/sichuan/seg_edgetts_sichuan_zh-CN-XiaoxiaoNeural_SC-000251_01.wav,edgetts,sichuan,SC-000251,zh-CN-XiaoxiaoNeural,0.9928,可检
data/redteam/factory/segments/edgetts/sichuan/seg_edgetts_sichuan_zh-CN-XiaoxiaoNeural_SC-000251_02.wav,edgetts,sichuan,SC-000251,zh-CN-XiaoxiaoNeural,0.9937,可检
data/redteam/factory/segments/edgetts/sichuan/seg_edgetts_sichuan_zh-CN-XiaoxiaoNeural_SC-000251_03.wav,edgetts,sichuan,SC-000251,zh-CN-XiaoxiaoNeural,0.9598,可检
data/redteam/factory/segments/edgetts/cantonese/seg_edgetts_cantonese_zh-HK-HiuMaanNeural_SC-000048_00.wav,edgetts,cantonese,SC-000048,zh-HK-HiuMaanNeural,0.9298,可检
data/redteam/factory/segments/edgetts/cantonese/seg_edgetts_cantonese_zh-HK-HiuMaanNeural_SC-000048_01.wav,edgetts,cantonese,SC-000048,zh-HK-HiuMaanNeural,0.949,可检
data/redteam/factory/segments/edgetts/cantonese/seg_edgetts_cantonese_zh-HK-HiuMaanNeural_SC-000048_02.wav,edgetts,cantonese,SC-000048,zh-HK-HiuMaanNeural,0.9835,可检
data/redteam/factory/segments/edgetts/cantonese/seg_edgetts_cantonese_zh-HK-HiuMaanNeural_SC-000048_03.wav,edgetts,cantonese,SC-000048,zh-HK-HiuMaanNeural,0.9481,可检
data/redteam/factory/segments/edgetts/cantonese/seg_edgetts_cantonese_zh-HK-HiuMaanNeural_SC-000103_00.wav,edgetts,cantonese,SC-000103,zh-HK-HiuMaanNeural,0.9748,可检
data/redteam/factory/segments/edgetts/cantonese/seg_edgetts_cantonese_zh-HK-HiuMaanNeural_SC-000103_01.wav,edgetts,cantonese,SC-000103,zh-HK-HiuMaanNeural,0.9763,可检
data/redteam/factory/segments/edgetts/cantonese/seg_edgetts_cantonese_zh-HK-HiuMaanNeural_SC-000103_02.wav,edgetts,cantonese,SC-000103,zh-HK-HiuMaanNeural,0.9472,可检
data/redteam/factory/segments/edgetts/cantonese/seg_edgetts_cantonese_zh-HK-HiuMaanNeural_SC-000103_03.wav,edgetts,cantonese,SC-000103,zh-HK-HiuMaanNeural,0.9505,可检
data/redteam/factory/segments/edgetts/cantonese/seg_edgetts_cantonese_zh-HK-HiuMaanNeural_SC-000103_04.wav,edgetts,cantonese,SC-000103,zh-HK-HiuMaanNeural,0.9201,可检
data/redteam/factory/segments/edgetts/cantonese/seg_edgetts_cantonese_zh-HK-HiuMaanNeural_SC-000116_00.wav,edgetts,cantonese,SC-000116,zh-HK-HiuMaanNeural,0.9939,可检
data/redteam/factory/segments/edgetts/cantonese/seg_edgetts_cantonese_zh-HK-HiuMaanNeural_SC-000116_01.wav,edgetts,cantonese,SC-000116,zh-HK-HiuMaanNeural,0.9663,可检
data/redteam/factory/segments/edgetts/cantonese/seg_edgetts_cantonese_zh-HK-HiuMaanNeural_SC-000116_02.wav,edgetts,cantonese,SC-000116,zh-HK-HiuMaanNeural,0.9847,可检
data/redteam/factory/segments/edgetts/cantonese/seg_edgetts_cantonese_zh-HK-HiuMaanNeural_SC-000116_03.wav,edgetts,cantonese,SC-000116,zh-HK-HiuMaanNeural,0.898,可检
data/redteam/factory/segments/edgetts/cantonese/seg_edgetts_cantonese_zh-HK-HiuMaanNeural_SC-000116_04.wav,edgetts,cantonese,SC-000116,zh-HK-HiuMaanNeural,0.9582,可检
data/redteam/factory/segments/edgetts/cantonese/seg_edgetts_cantonese_zh-HK-HiuMaanNeural_SC-000116_05.wav,edgetts,cantonese,SC-000116,zh-HK-HiuMaanNeural,0.9635,可检
data/redteam/factory/segments/edgetts/cantonese/seg_edgetts_cantonese_zh-HK-HiuMaanNeural_SC-000228_00.wav,edgetts,cantonese,SC-000228,zh-HK-HiuMaanNeural,0.985,可检
data/redteam/factory/segments/edgetts/cantonese/seg_edgetts_cantonese_zh-HK-HiuMaanNeural_SC-000228_01.wav,edgetts,cantonese,SC-000228,zh-HK-HiuMaanNeural,0.9073,可检
data/redteam/factory/segments/edgetts/cantonese/seg_edgetts_cantonese_zh-HK-HiuMaanNeural_SC-000228_02.wav,edgetts,cantonese,SC-000228,zh-HK-HiuMaanNeural,0.9383,可检
data/redteam/factory/segments/edgetts/cantonese/seg_edgetts_cantonese_zh-HK-HiuMaanNeural_SC-000228_03.wav,edgetts,cantonese,SC-000228,zh-HK-HiuMaanNeural,0.9544,可检
data/redteam/factory/segments/edgetts/cantonese/seg_edgetts_cantonese_zh-HK-HiuMaanNeural_SC-000228_04.wav,edgetts,cantonese,SC-000228,zh-HK-HiuMaanNeural,0.9563,可检
data/redteam/factory/segments/edgetts/cantonese/seg_edgetts_cantonese_zh-HK-HiuMaanNeural_SC-000245_00.wav,edgetts,cantonese,SC-000245,zh-HK-HiuMaanNeural,0.9609,可检
data/redteam/factory/segments/edgetts/cantonese/seg_edgetts_cantonese_zh-HK-HiuMaanNeural_SC-000245_01.wav,edgetts,cantonese,SC-000245,zh-HK-HiuMaanNeural,0.9004,可检
data/redteam/factory/segments/edgetts/cantonese/seg_edgetts_cantonese_zh-HK-HiuMaanNeural_SC-000245_02.wav,edgetts,cantonese,SC-000245,zh-HK-HiuMaanNeural,0.8924,可检
data/redteam/factory/segments/edgetts/cantonese/seg_edgetts_cantonese_zh-HK-HiuMaanNeural_SC-000245_03.wav,edgetts,cantonese,SC-000245,zh-HK-HiuMaanNeural,0.9543,可检
data/redteam/factory/segments/edgetts/cantonese/seg_edgetts_cantonese_zh-HK-HiuMaanNeural_SC-000245_04.wav,edgetts,cantonese,SC-000245,zh-HK-HiuMaanNeural,0.9806,可检
data/redteam/factory/segments/edgetts/cantonese/seg_edgetts_cantonese_zh-HK-HiuMaanNeural_SC-000245_05.wav,edgetts,cantonese,SC-000245,zh-HK-HiuMaanNeural,0.9631,可检
data/redteam/factory/segments/edgetts/cantonese/seg_edgetts_cantonese_zh-HK-HiuMaanNeural_SC-000245_06.wav,edgetts,cantonese,SC-000245,zh-HK-HiuMaanNeural,0.9074,可检
data/redteam/factory/segments/edgetts/cantonese/seg_edgetts_cantonese_zh-HK-HiuMaanNeural_SC-000245_07.wav,edgetts,cantonese,SC-000245,zh-HK-HiuMaanNeural,0.9597,可检
data/redteam/factory/segments/edgetts/cantonese/seg_edgetts_cantonese_zh-HK-HiuMaanNeural_SC-000333_00.wav,edgetts,cantonese,SC-000333,zh-HK-HiuMaanNeural,0.9872,可检
data/redteam/factory/segments/edgetts/cantonese/seg_edgetts_cantonese_zh-HK-HiuMaanNeural_SC-000333_01.wav,edgetts,cantonese,SC-000333,zh-HK-HiuMaanNeural,0.9794,可检
data/redteam/factory/segments/edgetts/cantonese/seg_edgetts_cantonese_zh-HK-HiuMaanNeural_SC-000333_02.wav,edgetts,cantonese,SC-000333,zh-HK-HiuMaanNeural,0.9691,可检
data/redteam/factory/segments/edgetts/cantonese/seg_edgetts_cantonese_zh-HK-HiuMaanNeural_SC-000333_03.wav,edgetts,cantonese,SC-000333,zh-HK-HiuMaanNeural,0.9505,可检
data/redteam/factory/segments/edgetts/cantonese/seg_edgetts_cantonese_zh-HK-HiuMaanNeural_SC-000333_04.wav,edgetts,cantonese,SC-000333,zh-HK-HiuMaanNeural,0.9584,可检
data/redteam/factory/segments/edgetts/cantonese/seg_edgetts_cantonese_zh-HK-HiuMaanNeural_SC-000395_00.wav,edgetts,cantonese,SC-000395,zh-HK-HiuMaanNeural,0.9778,可检
data/redteam/factory/segments/edgetts/cantonese/seg_edgetts_cantonese_zh-HK-HiuMaanNeural_SC-000395_01.wav,edgetts,cantonese,SC-000395,zh-HK-HiuMaanNeural,0.9707,可检
data/redteam/factory/segments/edgetts/cantonese/seg_edgetts_cantonese_zh-HK-HiuMaanNeural_SC-000395_02.wav,edgetts,cantonese,SC-000395,zh-HK-HiuMaanNeural,0.9526,可检
data/redteam/factory/segments/edgetts/cantonese/seg_edgetts_cantonese_zh-HK-HiuMaanNeural_SC-000395_03.wav,edgetts,cantonese,SC-000395,zh-HK-HiuMaanNeural,0.9099,可检
data/redteam/factory/segments/edgetts/cantonese/seg_edgetts_cantonese_zh-HK-HiuMaanNeural_SC-000427_00.wav,edgetts,cantonese,SC-000427,zh-HK-HiuMaanNeural,0.976,可检
data/redteam/factory/segments/edgetts/cantonese/seg_edgetts_cantonese_zh-HK-HiuMaanNeural_SC-000427_01.wav,edgetts,cantonese,SC-000427,zh-HK-HiuMaanNeural,0.9577,可检
data/redteam/factory/segments/edgetts/cantonese/seg_edgetts_cantonese_zh-HK-HiuMaanNeural_SC-000427_02.wav,edgetts,cantonese,SC-000427,zh-HK-HiuMaanNeural,0.9743,可检
data/redteam/factory/segments/edgetts/cantonese/seg_edgetts_cantonese_zh-HK-HiuMaanNeural_SC-000427_03.wav,edgetts,cantonese,SC-000427,zh-HK-HiuMaanNeural,0.9663,可检
data/redteam/factory/segments/edgetts/cantonese/seg_edgetts_cantonese_zh-HK-WanLungNeural_SC-000103_00.wav,edgetts,cantonese,SC-000103,zh-HK-WanLungNeural,0.861,可检
data/redteam/factory/segments/edgetts/cantonese/seg_edgetts_cantonese_zh-HK-WanLungNeural_SC-000103_01.wav,edgetts,cantonese,SC-000103,zh-HK-WanLungNeural,0.8536,可检
data/redteam/factory/segments/edgetts/cantonese/seg_edgetts_cantonese_zh-HK-WanLungNeural_SC-000103_02.wav,edgetts,cantonese,SC-000103,zh-HK-WanLungNeural,0.9599,可检
data/redteam/factory/segments/edgetts/cantonese/seg_edgetts_cantonese_zh-HK-WanLungNeural_SC-000103_03.wav,edgetts,cantonese,SC-000103,zh-HK-WanLungNeural,0.9407,可检
data/redteam/factory/segments/edgetts/cantonese/seg_edgetts_cantonese_zh-HK-WanLungNeural_SC-000103_04.wav,edgetts,cantonese,SC-000103,zh-HK-WanLungNeural,0.8872,可检
data/redteam/factory/segments/edgetts/cantonese/seg_edgetts_cantonese_zh-HK-WanLungNeural_SC-000116_00.wav,edgetts,cantonese,SC-000116,zh-HK-WanLungNeural,0.902,可检
data/redteam/factory/segments/edgetts/cantonese/seg_edgetts_cantonese_zh-HK-WanLungNeural_SC-000116_01.wav,edgetts,cantonese,SC-000116,zh-HK-WanLungNeural,0.9671,可检
data/redteam/factory/segments/edgetts/cantonese/seg_edgetts_cantonese_zh-HK-WanLungNeural_SC-000116_02.wav,edgetts,cantonese,SC-000116,zh-HK-WanLungNeural,0.6736,可检
data/redteam/factory/segments/edgetts/cantonese/seg_edgetts_cantonese_zh-HK-WanLungNeural_SC-000116_03.wav,edgetts,cantonese,SC-000116,zh-HK-WanLungNeural,0.8065,可检
data/redteam/factory/segments/edgetts/cantonese/seg_edgetts_cantonese_zh-HK-WanLungNeural_SC-000116_04.wav,edgetts,cantonese,SC-000116,zh-HK-WanLungNeural,0.8486,可检
data/redteam/factory/segments/edgetts/cantonese/seg_edgetts_cantonese_zh-HK-WanLungNeural_SC-000228_00.wav,edgetts,cantonese,SC-000228,zh-HK-WanLungNeural,0.9409,可检
data/redteam/factory/segments/edgetts/cantonese/seg_edgetts_cantonese_zh-HK-WanLungNeural_SC-000228_01.wav,edgetts,cantonese,SC-000228,zh-HK-WanLungNeural,0.8625,可检
data/redteam/factory/segments/edgetts/cantonese/seg_edgetts_cantonese_zh-HK-WanLungNeural_SC-000228_02.wav,edgetts,cantonese,SC-000228,zh-HK-WanLungNeural,0.7906,可检
data/redteam/factory/segments/edgetts/cantonese/seg_edgetts_cantonese_zh-HK-WanLungNeural_SC-000228_03.wav,edgetts,cantonese,SC-000228,zh-HK-WanLungNeural,0.9034,可检
data/redteam/factory/segments/edgetts/cantonese/seg_edgetts_cantonese_zh-HK-WanLungNeural_SC-000228_04.wav,edgetts,cantonese,SC-000228,zh-HK-WanLungNeural,0.6975,可检
data/redteam/factory/segments/edgetts/cantonese/seg_edgetts_cantonese_zh-HK-WanLungNeural_SC-000245_00.wav,edgetts,cantonese,SC-000245,zh-HK-WanLungNeural,0.927,可检
data/redteam/factory/segments/edgetts/cantonese/seg_edgetts_cantonese_zh-HK-WanLungNeural_SC-000245_01.wav,edgetts,cantonese,SC-000245,zh-HK-WanLungNeural,0.8021,可检
data/redteam/factory/segments/edgetts/cantonese/seg_edgetts_cantonese_zh-HK-WanLungNeural_SC-000245_02.wav,edgetts,cantonese,SC-000245,zh-HK-WanLungNeural,0.839,可检
data/redteam/factory/segments/edgetts/cantonese/seg_edgetts_cantonese_zh-HK-WanLungNeural_SC-000245_03.wav,edgetts,cantonese,SC-000245,zh-HK-WanLungNeural,0.7825,可检
data/redteam/factory/segments/edgetts/cantonese/seg_edgetts_cantonese_zh-HK-WanLungNeural_SC-000245_04.wav,edgetts,cantonese,SC-000245,zh-HK-WanLungNeural,0.7277,可检
data/redteam/factory/segments/edgetts/cantonese/seg_edgetts_cantonese_zh-HK-WanLungNeural_SC-000245_05.wav,edgetts,cantonese,SC-000245,zh-HK-WanLungNeural,0.8919,可检
data/redteam/factory/segments/edgetts/cantonese/seg_edgetts_cantonese_zh-HK-WanLungNeural_SC-000245_06.wav,edgetts,cantonese,SC-000245,zh-HK-WanLungNeural,0.8103,可检
data/redteam/factory/segments/edgetts/cantonese/seg_edgetts_cantonese_zh-HK-WanLungNeural_SC-000245_07.wav,edgetts,cantonese,SC-000245,zh-HK-WanLungNeural,0.8378,可检
data/redteam/factory/segments/edgetts/cantonese/seg_edgetts_cantonese_zh-HK-WanLungNeural_SC-000333_00.wav,edgetts,cantonese,SC-000333,zh-HK-WanLungNeural,0.6786,可检
data/redteam/factory/segments/edgetts/cantonese/seg_edgetts_cantonese_zh-HK-WanLungNeural_SC-000333_01.wav,edgetts,cantonese,SC-000333,zh-HK-WanLungNeural,0.9903,可检
data/redteam/factory/segments/edgetts/cantonese/seg_edgetts_cantonese_zh-HK-WanLungNeural_SC-000333_02.wav,edgetts,cantonese,SC-000333,zh-HK-WanLungNeural,0.731,可检
data/redteam/factory/segments/edgetts/cantonese/seg_edgetts_cantonese_zh-HK-WanLungNeural_SC-000333_03.wav,edgetts,cantonese,SC-000333,zh-HK-WanLungNeural,0.9315,可检
data/redteam/factory/segments/edgetts/cantonese/seg_edgetts_cantonese_zh-HK-WanLungNeural_SC-000333_04.wav,edgetts,cantonese,SC-000333,zh-HK-WanLungNeural,0.7186,可检
data/redteam/factory/segments/edgetts/cantonese/seg_edgetts_cantonese_zh-HK-WanLungNeural_SC-000395_00.wav,edgetts,cantonese,SC-000395,zh-HK-WanLungNeural,0.923,可检
data/redteam/factory/segments/edgetts/cantonese/seg_edgetts_cantonese_zh-HK-WanLungNeural_SC-000395_01.wav,edgetts,cantonese,SC-000395,zh-HK-WanLungNeural,0.8319,可检
data/redteam/factory/segments/edgetts/cantonese/seg_edgetts_cantonese_zh-HK-WanLungNeural_SC-000395_02.wav,edgetts,cantonese,SC-000395,zh-HK-WanLungNeural,0.7873,可检
data/redteam/factory/segments/edgetts/cantonese/seg_edgetts_cantonese_zh-HK-WanLungNeural_SC-000395_03.wav,edgetts,cantonese,SC-000395,zh-HK-WanLungNeural,0.8071,可检
data/redteam/factory/segments/edgetts/cantonese/seg_edgetts_cantonese_zh-HK-WanLungNeural_SC-000427_00.wav,edgetts,cantonese,SC-000427,zh-HK-WanLungNeural,0.6913,可检
data/redteam/factory/segments/edgetts/cantonese/seg_edgetts_cantonese_zh-HK-WanLungNeural_SC-000427_01.wav,edgetts,cantonese,SC-000427,zh-HK-WanLungNeural,0.9094,可检
data/redteam/factory/segments/edgetts/cantonese/seg_edgetts_cantonese_zh-HK-WanLungNeural_SC-000427_02.wav,edgetts,cantonese,SC-000427,zh-HK-WanLungNeural,0.5406,可检
data/redteam/factory/segments/edgetts/cantonese/seg_edgetts_cantonese_zh-HK-WanLungNeural_SC-000427_03.wav,edgetts,cantonese,SC-000427,zh-HK-WanLungNeural,0.8054,可检
data/redteam/factory/segments/edgetts/dongbei/seg_edgetts_dongbei_zh-CN-liaoning-XiaobeiNeural_SC-000113_00.wav,edgetts,dongbei,SC-000113,zh-CN-liaoning-XiaobeiNeural,0.8722,可检
data/redteam/factory/segments/edgetts/dongbei/seg_edgetts_dongbei_zh-CN-liaoning-XiaobeiNeural_SC-000113_01.wav,edgetts,dongbei,SC-000113,zh-CN-liaoning-XiaobeiNeural,0.5644,可检
data/redteam/factory/segments/edgetts/dongbei/seg_edgetts_dongbei_zh-CN-liaoning-XiaobeiNeural_SC-000113_02.wav,edgetts,dongbei,SC-000113,zh-CN-liaoning-XiaobeiNeural,0.967,可检
data/redteam/factory/segments/edgetts/dongbei/seg_edgetts_dongbei_zh-CN-liaoning-XiaobeiNeural_SC-000113_03.wav,edgetts,dongbei,SC-000113,zh-CN-liaoning-XiaobeiNeural,0.7498,可检
data/redteam/factory/segments/edgetts/dongbei/seg_edgetts_dongbei_zh-CN-liaoning-XiaobeiNeural_SC-000154_00.wav,edgetts,dongbei,SC-000154,zh-CN-liaoning-XiaobeiNeural,0.7248,可检
data/redteam/factory/segments/edgetts/dongbei/seg_edgetts_dongbei_zh-CN-liaoning-XiaobeiNeural_SC-000154_01.wav,edgetts,dongbei,SC-000154,zh-CN-liaoning-XiaobeiNeural,0.8751,可检
data/redteam/factory/segments/edgetts/dongbei/seg_edgetts_dongbei_zh-CN-liaoning-XiaobeiNeural_SC-000154_02.wav,edgetts,dongbei,SC-000154,zh-CN-liaoning-XiaobeiNeural,0.6641,可检
data/redteam/factory/segments/edgetts/dongbei/seg_edgetts_dongbei_zh-CN-liaoning-XiaobeiNeural_SC-000154_03.wav,edgetts,dongbei,SC-000154,zh-CN-liaoning-XiaobeiNeural,0.8894,可检
data/redteam/factory/segments/edgetts/dongbei/seg_edgetts_dongbei_zh-CN-liaoning-XiaobeiNeural_SC-000154_04.wav,edgetts,dongbei,SC-000154,zh-CN-liaoning-XiaobeiNeural,0.8539,可检
data/redteam/factory/segments/edgetts/dongbei/seg_edgetts_dongbei_zh-CN-liaoning-XiaobeiNeural_SC-000154_05.wav,edgetts,dongbei,SC-000154,zh-CN-liaoning-XiaobeiNeural,0.8555,可检
data/redteam/factory/segments/edgetts/dongbei/seg_edgetts_dongbei_zh-CN-liaoning-XiaobeiNeural_SC-000154_06.wav,edgetts,dongbei,SC-000154,zh-CN-liaoning-XiaobeiNeural,0.9866,可检
data/redteam/factory/segments/edgetts/dongbei/seg_edgetts_dongbei_zh-CN-liaoning-XiaobeiNeural_SC-000231_00.wav,edgetts,dongbei,SC-000231,zh-CN-liaoning-XiaobeiNeural,0.874,可检
data/redteam/factory/segments/edgetts/dongbei/seg_edgetts_dongbei_zh-CN-liaoning-XiaobeiNeural_SC-000231_01.wav,edgetts,dongbei,SC-000231,zh-CN-liaoning-XiaobeiNeural,0.9341,可检
data/redteam/factory/segments/edgetts/dongbei/seg_edgetts_dongbei_zh-CN-liaoning-XiaobeiNeural_SC-000231_02.wav,edgetts,dongbei,SC-000231,zh-CN-liaoning-XiaobeiNeural,0.7405,可检
data/redteam/factory/segments/edgetts/dongbei/seg_edgetts_dongbei_zh-CN-liaoning-XiaobeiNeural_SC-000231_03.wav,edgetts,dongbei,SC-000231,zh-CN-liaoning-XiaobeiNeural,0.8252,可检
data/redteam/factory/segments/edgetts/dongbei/seg_edgetts_dongbei_zh-CN-liaoning-XiaobeiNeural_SC-000264_00.wav,edgetts,dongbei,SC-000264,zh-CN-liaoning-XiaobeiNeural,0.8326,可检
data/redteam/factory/segments/edgetts/dongbei/seg_edgetts_dongbei_zh-CN-liaoning-XiaobeiNeural_SC-000264_01.wav,edgetts,dongbei,SC-000264,zh-CN-liaoning-XiaobeiNeural,0.7294,可检
data/redteam/factory/segments/edgetts/dongbei/seg_edgetts_dongbei_zh-CN-liaoning-XiaobeiNeural_SC-000264_02.wav,edgetts,dongbei,SC-000264,zh-CN-liaoning-XiaobeiNeural,0.833,可检
data/redteam/factory/segments/edgetts/dongbei/seg_edgetts_dongbei_zh-CN-liaoning-XiaobeiNeural_SC-000264_03.wav,edgetts,dongbei,SC-000264,zh-CN-liaoning-XiaobeiNeural,0.7919,可检
data/redteam/factory/segments/edgetts/dongbei/seg_edgetts_dongbei_zh-CN-liaoning-XiaobeiNeural_SC-000264_04.wav,edgetts,dongbei,SC-000264,zh-CN-liaoning-XiaobeiNeural,0.6577,可检
data/redteam/factory/segments/edgetts/dongbei/seg_edgetts_dongbei_zh-CN-liaoning-XiaobeiNeural_SC-000294_00.wav,edgetts,dongbei,SC-000294,zh-CN-liaoning-XiaobeiNeural,0.5601,可检
data/redteam/factory/segments/edgetts/dongbei/seg_edgetts_dongbei_zh-CN-liaoning-XiaobeiNeural_SC-000294_01.wav,edgetts,dongbei,SC-000294,zh-CN-liaoning-XiaobeiNeural,0.9189,可检
data/redteam/factory/segments/edgetts/dongbei/seg_edgetts_dongbei_zh-CN-liaoning-XiaobeiNeural_SC-000294_02.wav,edgetts,dongbei,SC-000294,zh-CN-liaoning-XiaobeiNeural,0.7448,可检
data/redteam/factory/segments/edgetts/dongbei/seg_edgetts_dongbei_zh-CN-liaoning-XiaobeiNeural_SC-000294_03.wav,edgetts,dongbei,SC-000294,zh-CN-liaoning-XiaobeiNeural,0.7163,可检
data/redteam/factory/segments/edgetts/dongbei/seg_edgetts_dongbei_zh-CN-liaoning-XiaobeiNeural_SC-000343_00.wav,edgetts,dongbei,SC-000343,zh-CN-liaoning-XiaobeiNeural,0.7072,可检
data/redteam/factory/segments/edgetts/dongbei/seg_edgetts_dongbei_zh-CN-liaoning-XiaobeiNeural_SC-000343_01.wav,edgetts,dongbei,SC-000343,zh-CN-liaoning-XiaobeiNeural,0.9019,可检
data/redteam/factory/segments/edgetts/dongbei/seg_edgetts_dongbei_zh-CN-liaoning-XiaobeiNeural_SC-000343_02.wav,edgetts,dongbei,SC-000343,zh-CN-liaoning-XiaobeiNeural,0.8726,可检
data/redteam/factory/segments/edgetts/dongbei/seg_edgetts_dongbei_zh-CN-liaoning-XiaobeiNeural_SC-000343_03.wav,edgetts,dongbei,SC-000343,zh-CN-liaoning-XiaobeiNeural,0.9691,可检
data/redteam/factory/segments/edgetts/dongbei/seg_edgetts_dongbei_zh-CN-liaoning-XiaobeiNeural_SC-000349_00.wav,edgetts,dongbei,SC-000349,zh-CN-liaoning-XiaobeiNeural,0.8693,可检
data/redteam/factory/segments/edgetts/dongbei/seg_edgetts_dongbei_zh-CN-liaoning-XiaobeiNeural_SC-000349_01.wav,edgetts,dongbei,SC-000349,zh-CN-liaoning-XiaobeiNeural,0.5808,可检
data/redteam/factory/segments/edgetts/dongbei/seg_edgetts_dongbei_zh-CN-liaoning-XiaobeiNeural_SC-000349_02.wav,edgetts,dongbei,SC-000349,zh-CN-liaoning-XiaobeiNeural,0.6469,可检
data/redteam/factory/segments/edgetts/dongbei/seg_edgetts_dongbei_zh-CN-liaoning-XiaobeiNeural_SC-000349_03.wav,edgetts,dongbei,SC-000349,zh-CN-liaoning-XiaobeiNeural,0.749,可检
data/redteam/factory/segments/edgetts/dongbei/seg_edgetts_dongbei_zh-CN-liaoning-XiaobeiNeural_SC-000349_04.wav,edgetts,dongbei,SC-000349,zh-CN-liaoning-XiaobeiNeural,0.7892,可检
data/redteam/factory/segments/edgetts/dongbei/seg_edgetts_dongbei_zh-CN-liaoning-XiaobeiNeural_SC-000349_05.wav,edgetts,dongbei,SC-000349,zh-CN-liaoning-XiaobeiNeural,0.8864,可检
data/redteam/factory/segments/edgetts/dongbei/seg_edgetts_dongbei_zh-CN-liaoning-XiaobeiNeural_SC-000405_00.wav,edgetts,dongbei,SC-000405,zh-CN-liaoning-XiaobeiNeural,0.4313,边界
data/redteam/factory/segments/edgetts/dongbei/seg_edgetts_dongbei_zh-CN-liaoning-XiaobeiNeural_SC-000405_01.wav,edgetts,dongbei,SC-000405,zh-CN-liaoning-XiaobeiNeural,0.7382,可检
data/redteam/factory/segments/edgetts/dongbei/seg_edgetts_dongbei_zh-CN-liaoning-XiaobeiNeural_SC-000405_02.wav,edgetts,dongbei,SC-000405,zh-CN-liaoning-XiaobeiNeural,0.9213,可检
data/redteam/factory/segments/edgetts/dongbei/seg_edgetts_dongbei_zh-CN-liaoning-XiaobeiNeural_SC-000405_03.wav,edgetts,dongbei,SC-000405,zh-CN-liaoning-XiaobeiNeural,0.6598,可检
data/redteam/factory/segments/edgetts/dongbei/seg_edgetts_dongbei_zh-CN-liaoning-XiaobeiNeural_SC-000405_04.wav,edgetts,dongbei,SC-000405,zh-CN-liaoning-XiaobeiNeural,0.8416,可检
data/redteam/factory/segments/edgetts/dongbei/seg_edgetts_dongbei_zh-CN-liaoning-XiaobeiNeural_SC-000411_00.wav,edgetts,dongbei,SC-000411,zh-CN-liaoning-XiaobeiNeural,0.7873,可检
data/redteam/factory/segments/edgetts/dongbei/seg_edgetts_dongbei_zh-CN-liaoning-XiaobeiNeural_SC-000411_01.wav,edgetts,dongbei,SC-000411,zh-CN-liaoning-XiaobeiNeural,0.9615,可检
data/redteam/factory/segments/edgetts/dongbei/seg_edgetts_dongbei_zh-CN-liaoning-XiaobeiNeural_SC-000411_02.wav,edgetts,dongbei,SC-000411,zh-CN-liaoning-XiaobeiNeural,0.6158,可检
data/redteam/factory/segments/edgetts/dongbei/seg_edgetts_dongbei_zh-CN-liaoning-XiaobeiNeural_SC-000411_03.wav,edgetts,dongbei,SC-000411,zh-CN-liaoning-XiaobeiNeural,0.6774,可检
data/redteam/factory/segments/edgetts/dongbei/seg_edgetts_dongbei_zh-CN-liaoning-XiaobeiNeural_SC-000411_04.wav,edgetts,dongbei,SC-000411,zh-CN-liaoning-XiaobeiNeural,0.7688,可检
data/redteam/factory/segments/edgetts/henan/seg_edgetts_henan_zh-CN-shaanxi-XiaoniNeural_SC-000106_00.wav,edgetts,henan,SC-000106,zh-CN-shaanxi-XiaoniNeural,0.7632,可检
data/redteam/factory/segments/edgetts/henan/seg_edgetts_henan_zh-CN-shaanxi-XiaoniNeural_SC-000106_01.wav,edgetts,henan,SC-000106,zh-CN-shaanxi-XiaoniNeural,0.7881,可检
data/redteam/factory/segments/edgetts/henan/seg_edgetts_henan_zh-CN-shaanxi-XiaoniNeural_SC-000106_02.wav,edgetts,henan,SC-000106,zh-CN-shaanxi-XiaoniNeural,0.5817,可检
data/redteam/factory/segments/edgetts/henan/seg_edgetts_henan_zh-CN-shaanxi-XiaoniNeural_SC-000106_03.wav,edgetts,henan,SC-000106,zh-CN-shaanxi-XiaoniNeural,0.9868,可检
data/redteam/factory/segments/edgetts/henan/seg_edgetts_henan_zh-CN-shaanxi-XiaoniNeural_SC-000137_00.wav,edgetts,henan,SC-000137,zh-CN-shaanxi-XiaoniNeural,0.8194,可检
data/redteam/factory/segments/edgetts/henan/seg_edgetts_henan_zh-CN-shaanxi-XiaoniNeural_SC-000137_01.wav,edgetts,henan,SC-000137,zh-CN-shaanxi-XiaoniNeural,0.9765,可检
data/redteam/factory/segments/edgetts/henan/seg_edgetts_henan_zh-CN-shaanxi-XiaoniNeural_SC-000137_02.wav,edgetts,henan,SC-000137,zh-CN-shaanxi-XiaoniNeural,0.9832,可检
data/redteam/factory/segments/edgetts/henan/seg_edgetts_henan_zh-CN-shaanxi-XiaoniNeural_SC-000137_03.wav,edgetts,henan,SC-000137,zh-CN-shaanxi-XiaoniNeural,0.6342,可检
data/redteam/factory/segments/edgetts/henan/seg_edgetts_henan_zh-CN-shaanxi-XiaoniNeural_SC-000351_00.wav,edgetts,henan,SC-000351,zh-CN-shaanxi-XiaoniNeural,0.7494,可检
data/redteam/factory/segments/edgetts/henan/seg_edgetts_henan_zh-CN-shaanxi-XiaoniNeural_SC-000351_01.wav,edgetts,henan,SC-000351,zh-CN-shaanxi-XiaoniNeural,0.8784,可检
data/redteam/factory/segments/edgetts/henan/seg_edgetts_henan_zh-CN-shaanxi-XiaoniNeural_SC-000351_02.wav,edgetts,henan,SC-000351,zh-CN-shaanxi-XiaoniNeural,0.9504,可检
data/redteam/factory/segments/edgetts/henan/seg_edgetts_henan_zh-CN-shaanxi-XiaoniNeural_SC-000351_03.wav,edgetts,henan,SC-000351,zh-CN-shaanxi-XiaoniNeural,0.735,可检
data/redteam/factory/segments/edgetts/henan/seg_edgetts_henan_zh-CN-shaanxi-XiaoniNeural_SC-000365_00.wav,edgetts,henan,SC-000365,zh-CN-shaanxi-XiaoniNeural,0.8772,可检
data/redteam/factory/segments/edgetts/henan/seg_edgetts_henan_zh-CN-shaanxi-XiaoniNeural_SC-000365_01.wav,edgetts,henan,SC-000365,zh-CN-shaanxi-XiaoniNeural,0.9442,可检
data/redteam/factory/segments/edgetts/henan/seg_edgetts_henan_zh-CN-shaanxi-XiaoniNeural_SC-000365_02.wav,edgetts,henan,SC-000365,zh-CN-shaanxi-XiaoniNeural,0.9325,可检
data/redteam/factory/segments/edgetts/henan/seg_edgetts_henan_zh-CN-shaanxi-XiaoniNeural_SC-000365_03.wav,edgetts,henan,SC-000365,zh-CN-shaanxi-XiaoniNeural,0.6551,可检
data/redteam/factory/segments/edgetts/henan/seg_edgetts_henan_zh-CN-shaanxi-XiaoniNeural_SC-000365_04.wav,edgetts,henan,SC-000365,zh-CN-shaanxi-XiaoniNeural,0.9355,可检
data/redteam/factory/segments/edgetts/mandarin/seg_edgetts_mandarin_zh-CN-YunxiNeural_SC-000327_00.wav,edgetts,mandarin,SC-000327,zh-CN-YunxiNeural,0.2224,隐蔽
data/redteam/factory/segments/edgetts/mandarin/seg_edgetts_mandarin_zh-CN-YunxiNeural_SC-000327_01.wav,edgetts,mandarin,SC-000327,zh-CN-YunxiNeural,0.7269,可检
data/redteam/factory/segments/edgetts/mandarin/seg_edgetts_mandarin_zh-CN-YunxiNeural_SC-000327_02.wav,edgetts,mandarin,SC-000327,zh-CN-YunxiNeural,0.8898,可检
data/redteam/factory/segments/edgetts/mandarin/seg_edgetts_mandarin_zh-CN-YunxiNeural_SC-000327_03.wav,edgetts,mandarin,SC-000327,zh-CN-YunxiNeural,0.2628,隐蔽
data/redteam/factory/segments/edgetts/mandarin/seg_edgetts_mandarin_zh-CN-YunxiNeural_SC-000480_00.wav,edgetts,mandarin,SC-000480,zh-CN-YunxiNeural,0.2559,隐蔽
data/redteam/factory/segments/edgetts/mandarin/seg_edgetts_mandarin_zh-CN-YunxiNeural_SC-000480_01.wav,edgetts,mandarin,SC-000480,zh-CN-YunxiNeural,0.8538,可检
data/redteam/factory/segments/edgetts/mandarin/seg_edgetts_mandarin_zh-CN-YunxiNeural_SC-000480_02.wav,edgetts,mandarin,SC-000480,zh-CN-YunxiNeural,0.5326,可检
data/redteam/factory/segments/edgetts/mandarin/seg_edgetts_mandarin_zh-CN-XiaoxiaoNeural_SC-000327_00.wav,edgetts,mandarin,SC-000327,zh-CN-XiaoxiaoNeural,0.756,可检
data/redteam/factory/segments/edgetts/mandarin/seg_edgetts_mandarin_zh-CN-XiaoxiaoNeural_SC-000327_01.wav,edgetts,mandarin,SC-000327,zh-CN-XiaoxiaoNeural,0.9262,可检
data/redteam/factory/segments/edgetts/mandarin/seg_edgetts_mandarin_zh-CN-XiaoxiaoNeural_SC-000327_02.wav,edgetts,mandarin,SC-000327,zh-CN-XiaoxiaoNeural,0.9402,可检
data/redteam/factory/segments/edgetts/mandarin/seg_edgetts_mandarin_zh-CN-XiaoxiaoNeural_SC-000327_03.wav,edgetts,mandarin,SC-000327,zh-CN-XiaoxiaoNeural,0.9531,可检
data/redteam/factory/segments/edgetts/mandarin/seg_edgetts_mandarin_zh-CN-XiaoxiaoNeural_SC-000327_04.wav,edgetts,mandarin,SC-000327,zh-CN-XiaoxiaoNeural,0.7804,可检
data/redteam/factory/segments/edgetts/mandarin/seg_edgetts_mandarin_zh-CN-XiaoxiaoNeural_SC-000444_00.wav,edgetts,mandarin,SC-000444,zh-CN-XiaoxiaoNeural,0.9898,可检
data/redteam/factory/segments/edgetts/mandarin/seg_edgetts_mandarin_zh-CN-XiaoxiaoNeural_SC-000444_01.wav,edgetts,mandarin,SC-000444,zh-CN-XiaoxiaoNeural,0.8837,可检
data/redteam/factory/segments/edgetts/mandarin/seg_edgetts_mandarin_zh-CN-XiaoxiaoNeural_SC-000444_02.wav,edgetts,mandarin,SC-000444,zh-CN-XiaoxiaoNeural,0.8956,可检
data/redteam/factory/segments/edgetts/mandarin/seg_edgetts_mandarin_zh-CN-XiaoxiaoNeural_SC-000444_03.wav,edgetts,mandarin,SC-000444,zh-CN-XiaoxiaoNeural,0.8927,可检
data/redteam/factory/segments/edgetts/mandarin/seg_edgetts_mandarin_zh-CN-XiaoxiaoNeural_SC-000480_00.wav,edgetts,mandarin,SC-000480,zh-CN-XiaoxiaoNeural,0.8416,可检
data/redteam/factory/segments/edgetts/mandarin/seg_edgetts_mandarin_zh-CN-XiaoxiaoNeural_SC-000480_01.wav,edgetts,mandarin,SC-000480,zh-CN-XiaoxiaoNeural,0.9794,可检
data/redteam/factory/segments/edgetts/mandarin/seg_edgetts_mandarin_zh-CN-XiaoxiaoNeural_SC-000480_02.wav,edgetts,mandarin,SC-000480,zh-CN-XiaoxiaoNeural,0.9896,可检
data/redteam/factory/segments/edgetts/mandarin/seg_edgetts_mandarin_zh-CN-XiaoxiaoNeural_SC-000480_03.wav,edgetts,mandarin,SC-000480,zh-CN-XiaoxiaoNeural,0.9916,可检
data/redteam/factory/segments/edgetts/mandarin/seg_edgetts_mandarin_zh-CN-XiaoxiaoNeural_SC-000480_04.wav,edgetts,mandarin,SC-000480,zh-CN-XiaoxiaoNeural,0.9956,可检
data/redteam/factory/segments/edgetts/mandarin/seg_edgetts_mandarin_zh-CN-YunjianNeural_SC-000327_00.wav,edgetts,mandarin,SC-000327,zh-CN-YunjianNeural,0.4241,边界
data/redteam/factory/segments/edgetts/mandarin/seg_edgetts_mandarin_zh-CN-YunjianNeural_SC-000327_01.wav,edgetts,mandarin,SC-000327,zh-CN-YunjianNeural,0.7233,可检
data/redteam/factory/segments/edgetts/mandarin/seg_edgetts_mandarin_zh-CN-YunjianNeural_SC-000327_02.wav,edgetts,mandarin,SC-000327,zh-CN-YunjianNeural,0.6085,可检
data/redteam/factory/segments/edgetts/mandarin/seg_edgetts_mandarin_zh-CN-YunjianNeural_SC-000327_03.wav,edgetts,mandarin,SC-000327,zh-CN-YunjianNeural,0.7718,可检
data/redteam/factory/segments/edgetts/mandarin/seg_edgetts_mandarin_zh-CN-YunjianNeural_SC-000444_00.wav,edgetts,mandarin,SC-000444,zh-CN-YunjianNeural,0.6464,可检
data/redteam/factory/segments/edgetts/mandarin/seg_edgetts_mandarin_zh-CN-YunjianNeural_SC-000444_01.wav,edgetts,mandarin,SC-000444,zh-CN-YunjianNeural,0.6787,可检
data/redteam/factory/segments/edgetts/mandarin/seg_edgetts_mandarin_zh-CN-YunjianNeural_SC-000444_02.wav,edgetts,mandarin,SC-000444,zh-CN-YunjianNeural,0.7772,可检
data/redteam/factory/segments/edgetts/mandarin/seg_edgetts_mandarin_zh-CN-YunjianNeural_SC-000444_03.wav,edgetts,mandarin,SC-000444,zh-CN-YunjianNeural,0.8387,可检
data/redteam/factory/segments/edgetts/mandarin/seg_edgetts_mandarin_zh-CN-YunjianNeural_SC-000480_00.wav,edgetts,mandarin,SC-000480,zh-CN-YunjianNeural,0.5862,可检
data/redteam/factory/segments/edgetts/mandarin/seg_edgetts_mandarin_zh-CN-YunjianNeural_SC-000480_01.wav,edgetts,mandarin,SC-000480,zh-CN-YunjianNeural,0.6756,可检
data/redteam/factory/segments/edgetts/mandarin/seg_edgetts_mandarin_zh-CN-YunjianNeural_SC-000480_02.wav,edgetts,mandarin,SC-000480,zh-CN-YunjianNeural,0.831,可检
data/redteam/factory/segments/edgetts/mandarin/seg_edgetts_mandarin_zh-CN-YunjianNeural_SC-000480_03.wav,edgetts,mandarin,SC-000480,zh-CN-YunjianNeural,0.8158,可检
data/redteam/factory/segments/edgetts/mandarin/seg_edgetts_mandarin_zh-CN-YunyangNeural_SC-000327_00.wav,edgetts,mandarin,SC-000327,zh-CN-YunyangNeural,0.7553,可检
data/redteam/factory/segments/edgetts/mandarin/seg_edgetts_mandarin_zh-CN-YunyangNeural_SC-000327_01.wav,edgetts,mandarin,SC-000327,zh-CN-YunyangNeural,0.3538,边界
data/redteam/factory/segments/edgetts/mandarin/seg_edgetts_mandarin_zh-CN-YunyangNeural_SC-000327_02.wav,edgetts,mandarin,SC-000327,zh-CN-YunyangNeural,0.6886,可检
data/redteam/factory/segments/edgetts/mandarin/seg_edgetts_mandarin_zh-CN-YunyangNeural_SC-000327_03.wav,edgetts,mandarin,SC-000327,zh-CN-YunyangNeural,0.6175,可检
data/redteam/factory/segments/edgetts/mandarin/seg_edgetts_mandarin_zh-CN-YunyangNeural_SC-000480_00.wav,edgetts,mandarin,SC-000480,zh-CN-YunyangNeural,0.6061,可检
data/redteam/factory/segments/edgetts/mandarin/seg_edgetts_mandarin_zh-CN-YunyangNeural_SC-000480_01.wav,edgetts,mandarin,SC-000480,zh-CN-YunyangNeural,0.6046,可检
data/redteam/factory/segments/edgetts/mandarin/seg_edgetts_mandarin_zh-CN-YunyangNeural_SC-000480_02.wav,edgetts,mandarin,SC-000480,zh-CN-YunyangNeural,0.7456,可检
data/redteam/factory/segments/edgetts/minnan/seg_edgetts_minnan_zh-TW-HsiaoChenNeural_SC-000802_00.wav,edgetts,minnan,SC-000802,zh-TW-HsiaoChenNeural,0.9696,可检
data/redteam/factory/segments/edgetts/minnan/seg_edgetts_minnan_zh-TW-HsiaoChenNeural_SC-000802_01.wav,edgetts,minnan,SC-000802,zh-TW-HsiaoChenNeural,0.9622,可检
data/redteam/factory/segments/edgetts/minnan/seg_edgetts_minnan_zh-TW-HsiaoChenNeural_SC-000802_02.wav,edgetts,minnan,SC-000802,zh-TW-HsiaoChenNeural,0.9438,可检
data/redteam/factory/segments/edgetts/minnan/seg_edgetts_minnan_zh-TW-HsiaoChenNeural_SC-000802_03.wav,edgetts,minnan,SC-000802,zh-TW-HsiaoChenNeural,0.974,可检
data/redteam/factory/segments/edgetts/minnan/seg_edgetts_minnan_zh-TW-HsiaoChenNeural_SC-000900_00.wav,edgetts,minnan,SC-000900,zh-TW-HsiaoChenNeural,0.9313,可检
data/redteam/factory/segments/edgetts/minnan/seg_edgetts_minnan_zh-TW-HsiaoChenNeural_SC-000900_01.wav,edgetts,minnan,SC-000900,zh-TW-HsiaoChenNeural,0.9951,可检
data/redteam/factory/segments/edgetts/minnan/seg_edgetts_minnan_zh-TW-HsiaoChenNeural_SC-000900_02.wav,edgetts,minnan,SC-000900,zh-TW-HsiaoChenNeural,0.9504,可检
data/redteam/factory/segments/edgetts/minnan/seg_edgetts_minnan_zh-TW-HsiaoChenNeural_SC-000900_03.wav,edgetts,minnan,SC-000900,zh-TW-HsiaoChenNeural,0.9883,可检
data/redteam/factory/segments/edgetts/minnan/seg_edgetts_minnan_zh-TW-HsiaoChenNeural_SC-000900_04.wav,edgetts,minnan,SC-000900,zh-TW-HsiaoChenNeural,0.9817,可检
data/redteam/factory/segments/edgetts/minnan/seg_edgetts_minnan_zh-TW-HsiaoChenNeural_SC-001084_00.wav,edgetts,minnan,SC-001084,zh-TW-HsiaoChenNeural,0.9602,可检
data/redteam/factory/segments/edgetts/minnan/seg_edgetts_minnan_zh-TW-HsiaoChenNeural_SC-001084_01.wav,edgetts,minnan,SC-001084,zh-TW-HsiaoChenNeural,0.9895,可检
data/redteam/factory/segments/edgetts/minnan/seg_edgetts_minnan_zh-TW-HsiaoChenNeural_SC-001084_02.wav,edgetts,minnan,SC-001084,zh-TW-HsiaoChenNeural,0.9431,可检
data/redteam/factory/segments/edgetts/minnan/seg_edgetts_minnan_zh-TW-HsiaoChenNeural_SC-001084_03.wav,edgetts,minnan,SC-001084,zh-TW-HsiaoChenNeural,0.8925,可检
data/redteam/factory/segments/edgetts/minnan/seg_edgetts_minnan_zh-TW-HsiaoChenNeural_SC-001084_04.wav,edgetts,minnan,SC-001084,zh-TW-HsiaoChenNeural,0.9448,可检
data/redteam/factory/segments/edgetts/minnan/seg_edgetts_minnan_zh-TW-HsiaoChenNeural_SC-001084_05.wav,edgetts,minnan,SC-001084,zh-TW-HsiaoChenNeural,0.9541,可检
data/redteam/factory/segments/edgetts/minnan/seg_edgetts_minnan_zh-TW-HsiaoChenNeural_SC-001112_00.wav,edgetts,minnan,SC-001112,zh-TW-HsiaoChenNeural,0.9792,可检
data/redteam/factory/segments/edgetts/minnan/seg_edgetts_minnan_zh-TW-HsiaoChenNeural_SC-001112_01.wav,edgetts,minnan,SC-001112,zh-TW-HsiaoChenNeural,0.9848,可检
data/redteam/factory/segments/edgetts/minnan/seg_edgetts_minnan_zh-TW-HsiaoChenNeural_SC-001112_02.wav,edgetts,minnan,SC-001112,zh-TW-HsiaoChenNeural,0.9543,可检
data/redteam/factory/segments/edgetts/minnan/seg_edgetts_minnan_zh-TW-HsiaoChenNeural_SC-001112_03.wav,edgetts,minnan,SC-001112,zh-TW-HsiaoChenNeural,0.9786,可检
data/redteam/factory/segments/edgetts/minnan/seg_edgetts_minnan_zh-TW-HsiaoChenNeural_SC-001112_04.wav,edgetts,minnan,SC-001112,zh-TW-HsiaoChenNeural,0.8644,可检
data/redteam/factory/segments/edgetts/minnan/seg_edgetts_minnan_zh-TW-HsiaoChenNeural_SC-001447_00.wav,edgetts,minnan,SC-001447,zh-TW-HsiaoChenNeural,0.9786,可检
data/redteam/factory/segments/edgetts/minnan/seg_edgetts_minnan_zh-TW-HsiaoChenNeural_SC-001447_01.wav,edgetts,minnan,SC-001447,zh-TW-HsiaoChenNeural,0.9918,可检
data/redteam/factory/segments/edgetts/minnan/seg_edgetts_minnan_zh-TW-HsiaoChenNeural_SC-001447_02.wav,edgetts,minnan,SC-001447,zh-TW-HsiaoChenNeural,0.918,可检
data/redteam/factory/segments/edgetts/minnan/seg_edgetts_minnan_zh-TW-HsiaoChenNeural_SC-001447_03.wav,edgetts,minnan,SC-001447,zh-TW-HsiaoChenNeural,0.989,可检
data/redteam/factory/segments/edgetts/minnan/seg_edgetts_minnan_zh-TW-YunJheNeural_SC-000900_00.wav,edgetts,minnan,SC-000900,zh-TW-YunJheNeural,0.8215,可检
data/redteam/factory/segments/edgetts/minnan/seg_edgetts_minnan_zh-TW-YunJheNeural_SC-000900_01.wav,edgetts,minnan,SC-000900,zh-TW-YunJheNeural,0.9517,可检
data/redteam/factory/segments/edgetts/minnan/seg_edgetts_minnan_zh-TW-YunJheNeural_SC-000900_02.wav,edgetts,minnan,SC-000900,zh-TW-YunJheNeural,0.91,可检
data/redteam/factory/segments/edgetts/minnan/seg_edgetts_minnan_zh-TW-YunJheNeural_SC-000900_03.wav,edgetts,minnan,SC-000900,zh-TW-YunJheNeural,0.5381,可检
data/redteam/factory/segments/edgetts/minnan/seg_edgetts_minnan_zh-TW-YunJheNeural_SC-001084_00.wav,edgetts,minnan,SC-001084,zh-TW-YunJheNeural,0.9252,可检
data/redteam/factory/segments/edgetts/minnan/seg_edgetts_minnan_zh-TW-YunJheNeural_SC-001084_01.wav,edgetts,minnan,SC-001084,zh-TW-YunJheNeural,0.9341,可检
data/redteam/factory/segments/edgetts/minnan/seg_edgetts_minnan_zh-TW-YunJheNeural_SC-001084_02.wav,edgetts,minnan,SC-001084,zh-TW-YunJheNeural,0.4167,边界
data/redteam/factory/segments/edgetts/minnan/seg_edgetts_minnan_zh-TW-YunJheNeural_SC-001084_03.wav,edgetts,minnan,SC-001084,zh-TW-YunJheNeural,0.4884,边界
data/redteam/factory/segments/edgetts/minnan/seg_edgetts_minnan_zh-TW-YunJheNeural_SC-001112_00.wav,edgetts,minnan,SC-001112,zh-TW-YunJheNeural,0.9385,可检
data/redteam/factory/segments/edgetts/minnan/seg_edgetts_minnan_zh-TW-YunJheNeural_SC-001112_01.wav,edgetts,minnan,SC-001112,zh-TW-YunJheNeural,0.7713,可检
data/redteam/factory/segments/edgetts/minnan/seg_edgetts_minnan_zh-TW-YunJheNeural_SC-001112_02.wav,edgetts,minnan,SC-001112,zh-TW-YunJheNeural,0.3484,边界
data/redteam/factory/segments/edgetts/minnan/seg_edgetts_minnan_zh-TW-YunJheNeural_SC-001447_00.wav,edgetts,minnan,SC-001447,zh-TW-YunJheNeural,0.4467,边界
data/redteam/factory/segments/edgetts/minnan/seg_edgetts_minnan_zh-TW-YunJheNeural_SC-001447_01.wav,edgetts,minnan,SC-001447,zh-TW-YunJheNeural,0.6036,可检
data/redteam/factory/segments/edgetts/minnan/seg_edgetts_minnan_zh-TW-YunJheNeural_SC-001447_02.wav,edgetts,minnan,SC-001447,zh-TW-YunJheNeural,0.798,可检
data/redteam/factory/segments/edgetts/sichuan/seg_edgetts_sichuan_zh-CN-YunxiNeural_SC-000576_00.wav,edgetts,sichuan,SC-000576,zh-CN-YunxiNeural,0.3121,边界
data/redteam/factory/segments/edgetts/sichuan/seg_edgetts_sichuan_zh-CN-YunxiNeural_SC-000576_01.wav,edgetts,sichuan,SC-000576,zh-CN-YunxiNeural,0.9766,可检
data/redteam/factory/segments/edgetts/sichuan/seg_edgetts_sichuan_zh-CN-YunxiNeural_SC-000576_02.wav,edgetts,sichuan,SC-000576,zh-CN-YunxiNeural,0.8297,可检
data/redteam/factory/segments/edgetts/sichuan/seg_edgetts_sichuan_zh-CN-XiaoxiaoNeural_SC-000353_00.wav,edgetts,sichuan,SC-000353,zh-CN-XiaoxiaoNeural,0.761,可检
data/redteam/factory/segments/edgetts/sichuan/seg_edgetts_sichuan_zh-CN-XiaoxiaoNeural_SC-000353_01.wav,edgetts,sichuan,SC-000353,zh-CN-XiaoxiaoNeural,0.9851,可检
data/redteam/factory/segments/edgetts/sichuan/seg_edgetts_sichuan_zh-CN-XiaoxiaoNeural_SC-000353_02.wav,edgetts,sichuan,SC-000353,zh-CN-XiaoxiaoNeural,0.9246,可检
data/redteam/factory/segments/edgetts/sichuan/seg_edgetts_sichuan_zh-CN-XiaoxiaoNeural_SC-000353_03.wav,edgetts,sichuan,SC-000353,zh-CN-XiaoxiaoNeural,0.9791,可检
data/redteam/factory/segments/edgetts/sichuan/seg_edgetts_sichuan_zh-CN-XiaoxiaoNeural_SC-000576_00.wav,edgetts,sichuan,SC-000576,zh-CN-XiaoxiaoNeural,0.8945,可检
data/redteam/factory/segments/edgetts/sichuan/seg_edgetts_sichuan_zh-CN-XiaoxiaoNeural_SC-000576_01.wav,edgetts,sichuan,SC-000576,zh-CN-XiaoxiaoNeural,0.9339,可检
data/redteam/factory/segments/edgetts/sichuan/seg_edgetts_sichuan_zh-CN-XiaoxiaoNeural_SC-000576_02.wav,edgetts,sichuan,SC-000576,zh-CN-XiaoxiaoNeural,0.9805,可检
data/redteam/factory/segments/edgetts/sichuan/seg_edgetts_sichuan_zh-CN-XiaoxiaoNeural_SC-000576_03.wav,edgetts,sichuan,SC-000576,zh-CN-XiaoxiaoNeural,0.7215,可检
data/redteam/factory/segments/edgetts/sichuan/seg_edgetts_sichuan_zh-CN-XiaoxiaoNeural_SC-000576_04.wav,edgetts,sichuan,SC-000576,zh-CN-XiaoxiaoNeural,0.8764,可检
data/redteam/factory/segments/edgetts/cantonese/seg_edgetts_cantonese_zh-HK-HiuMaanNeural_SC-000699_00.wav,edgetts,cantonese,SC-000699,zh-HK-HiuMaanNeural,0.9833,可检
data/redteam/factory/segments/edgetts/cantonese/seg_edgetts_cantonese_zh-HK-HiuMaanNeural_SC-000699_01.wav,edgetts,cantonese,SC-000699,zh-HK-HiuMaanNeural,0.9551,可检
data/redteam/factory/segments/edgetts/cantonese/seg_edgetts_cantonese_zh-HK-HiuMaanNeural_SC-000699_02.wav,edgetts,cantonese,SC-000699,zh-HK-HiuMaanNeural,0.9855,可检
data/redteam/factory/segments/edgetts/cantonese/seg_edgetts_cantonese_zh-HK-HiuMaanNeural_SC-000699_03.wav,edgetts,cantonese,SC-000699,zh-HK-HiuMaanNeural,0.9781,可检
data/redteam/factory/segments/edgetts/cantonese/seg_edgetts_cantonese_zh-HK-HiuMaanNeural_SC-000765_00.wav,edgetts,cantonese,SC-000765,zh-HK-HiuMaanNeural,0.9478,可检
data/redteam/factory/segments/edgetts/cantonese/seg_edgetts_cantonese_zh-HK-HiuMaanNeural_SC-000765_01.wav,edgetts,cantonese,SC-000765,zh-HK-HiuMaanNeural,0.9666,可检
data/redteam/factory/segments/edgetts/cantonese/seg_edgetts_cantonese_zh-HK-HiuMaanNeural_SC-000765_02.wav,edgetts,cantonese,SC-000765,zh-HK-HiuMaanNeural,0.8768,可检
data/redteam/factory/segments/edgetts/cantonese/seg_edgetts_cantonese_zh-HK-HiuMaanNeural_SC-000765_03.wav,edgetts,cantonese,SC-000765,zh-HK-HiuMaanNeural,0.9475,可检
data/redteam/factory/segments/edgetts/cantonese/seg_edgetts_cantonese_zh-HK-HiuMaanNeural_SC-000765_04.wav,edgetts,cantonese,SC-000765,zh-HK-HiuMaanNeural,0.9137,可检
data/redteam/factory/segments/edgetts/cantonese/seg_edgetts_cantonese_zh-HK-WanLungNeural_SC-000699_00.wav,edgetts,cantonese,SC-000699,zh-HK-WanLungNeural,0.7956,可检
data/redteam/factory/segments/edgetts/cantonese/seg_edgetts_cantonese_zh-HK-WanLungNeural_SC-000699_01.wav,edgetts,cantonese,SC-000699,zh-HK-WanLungNeural,0.7376,可检
data/redteam/factory/segments/edgetts/cantonese/seg_edgetts_cantonese_zh-HK-WanLungNeural_SC-000699_02.wav,edgetts,cantonese,SC-000699,zh-HK-WanLungNeural,0.9093,可检
data/redteam/factory/segments/edgetts/cantonese/seg_edgetts_cantonese_zh-HK-WanLungNeural_SC-000699_03.wav,edgetts,cantonese,SC-000699,zh-HK-WanLungNeural,0.8613,可检
data/redteam/factory/segments/edgetts/cantonese/seg_edgetts_cantonese_zh-HK-WanLungNeural_SC-000765_00.wav,edgetts,cantonese,SC-000765,zh-HK-WanLungNeural,0.714,可检
data/redteam/factory/segments/edgetts/cantonese/seg_edgetts_cantonese_zh-HK-WanLungNeural_SC-000765_01.wav,edgetts,cantonese,SC-000765,zh-HK-WanLungNeural,0.9621,可检
data/redteam/factory/segments/edgetts/cantonese/seg_edgetts_cantonese_zh-HK-WanLungNeural_SC-000765_02.wav,edgetts,cantonese,SC-000765,zh-HK-WanLungNeural,0.9632,可检
data/redteam/factory/segments/edgetts/cantonese/seg_edgetts_cantonese_zh-HK-WanLungNeural_SC-000765_03.wav,edgetts,cantonese,SC-000765,zh-HK-WanLungNeural,0.7968,可检
data/redteam/factory/segments/edgetts/dongbei/seg_edgetts_dongbei_zh-CN-liaoning-XiaobeiNeural_SC-000438_00.wav,edgetts,dongbei,SC-000438,zh-CN-liaoning-XiaobeiNeural,0.5584,可检
data/redteam/factory/segments/edgetts/dongbei/seg_edgetts_dongbei_zh-CN-liaoning-XiaobeiNeural_SC-000438_01.wav,edgetts,dongbei,SC-000438,zh-CN-liaoning-XiaobeiNeural,0.8672,可检
data/redteam/factory/segments/edgetts/dongbei/seg_edgetts_dongbei_zh-CN-liaoning-XiaobeiNeural_SC-000438_02.wav,edgetts,dongbei,SC-000438,zh-CN-liaoning-XiaobeiNeural,0.9864,可检
data/redteam/factory/segments/edgetts/dongbei/seg_edgetts_dongbei_zh-CN-liaoning-XiaobeiNeural_SC-000438_03.wav,edgetts,dongbei,SC-000438,zh-CN-liaoning-XiaobeiNeural,0.7734,可检
data/redteam/factory/segments/edgetts/dongbei/seg_edgetts_dongbei_zh-CN-liaoning-XiaobeiNeural_SC-000438_04.wav,edgetts,dongbei,SC-000438,zh-CN-liaoning-XiaobeiNeural,0.9227,可检
data/redteam/factory/segments/edgetts/dongbei/seg_edgetts_dongbei_zh-CN-liaoning-XiaobeiNeural_SC-001092_00.wav,edgetts,dongbei,SC-001092,zh-CN-liaoning-XiaobeiNeural,0.719,可检
data/redteam/factory/segments/edgetts/dongbei/seg_edgetts_dongbei_zh-CN-liaoning-XiaobeiNeural_SC-001092_01.wav,edgetts,dongbei,SC-001092,zh-CN-liaoning-XiaobeiNeural,0.7494,可检
data/redteam/factory/segments/edgetts/dongbei/seg_edgetts_dongbei_zh-CN-liaoning-XiaobeiNeural_SC-001092_02.wav,edgetts,dongbei,SC-001092,zh-CN-liaoning-XiaobeiNeural,0.7743,可检
data/redteam/factory/segments/edgetts/dongbei/seg_edgetts_dongbei_zh-CN-liaoning-XiaobeiNeural_SC-001092_03.wav,edgetts,dongbei,SC-001092,zh-CN-liaoning-XiaobeiNeural,0.7138,可检
data/redteam/factory/segments/edgetts/dongbei/seg_edgetts_dongbei_zh-CN-liaoning-XiaobeiNeural_SC-001092_04.wav,edgetts,dongbei,SC-001092,zh-CN-liaoning-XiaobeiNeural,0.4441,边界
data/redteam/factory/segments/edgetts/dongbei/seg_edgetts_dongbei_zh-CN-liaoning-XiaobeiNeural_SC-001147_00.wav,edgetts,dongbei,SC-001147,zh-CN-liaoning-XiaobeiNeural,0.6642,可检
data/redteam/factory/segments/edgetts/dongbei/seg_edgetts_dongbei_zh-CN-liaoning-XiaobeiNeural_SC-001147_01.wav,edgetts,dongbei,SC-001147,zh-CN-liaoning-XiaobeiNeural,0.6884,可检
data/redteam/factory/segments/edgetts/dongbei/seg_edgetts_dongbei_zh-CN-liaoning-XiaobeiNeural_SC-001147_02.wav,edgetts,dongbei,SC-001147,zh-CN-liaoning-XiaobeiNeural,0.6066,可检
data/redteam/factory/segments/edgetts/dongbei/seg_edgetts_dongbei_zh-CN-liaoning-XiaobeiNeural_SC-001147_03.wav,edgetts,dongbei,SC-001147,zh-CN-liaoning-XiaobeiNeural,0.8554,可检
data/redteam/factory/segments/edgetts/dongbei/seg_edgetts_dongbei_zh-CN-liaoning-XiaobeiNeural_SC-001440_00.wav,edgetts,dongbei,SC-001440,zh-CN-liaoning-XiaobeiNeural,0.9609,可检
data/redteam/factory/segments/edgetts/dongbei/seg_edgetts_dongbei_zh-CN-liaoning-XiaobeiNeural_SC-001440_01.wav,edgetts,dongbei,SC-001440,zh-CN-liaoning-XiaobeiNeural,0.6014,可检
data/redteam/factory/segments/edgetts/dongbei/seg_edgetts_dongbei_zh-CN-liaoning-XiaobeiNeural_SC-001440_02.wav,edgetts,dongbei,SC-001440,zh-CN-liaoning-XiaobeiNeural,0.7183,可检
data/redteam/factory/segments/edgetts/dongbei/seg_edgetts_dongbei_zh-CN-liaoning-XiaobeiNeural_SC-001440_03.wav,edgetts,dongbei,SC-001440,zh-CN-liaoning-XiaobeiNeural,0.8868,可检
data/redteam/factory/segments/edgetts/henan/seg_edgetts_henan_zh-CN-shaanxi-XiaoniNeural_SC-000873_00.wav,edgetts,henan,SC-000873,zh-CN-shaanxi-XiaoniNeural,0.7584,可检
data/redteam/factory/segments/edgetts/henan/seg_edgetts_henan_zh-CN-shaanxi-XiaoniNeural_SC-000873_01.wav,edgetts,henan,SC-000873,zh-CN-shaanxi-XiaoniNeural,0.8077,可检
data/redteam/factory/segments/edgetts/henan/seg_edgetts_henan_zh-CN-shaanxi-XiaoniNeural_SC-000873_02.wav,edgetts,henan,SC-000873,zh-CN-shaanxi-XiaoniNeural,0.8778,可检
data/redteam/factory/segments/edgetts/henan/seg_edgetts_henan_zh-CN-shaanxi-XiaoniNeural_SC-000873_03.wav,edgetts,henan,SC-000873,zh-CN-shaanxi-XiaoniNeural,0.6842,可检
data/redteam/factory/segments/edgetts/henan/seg_edgetts_henan_zh-CN-shaanxi-XiaoniNeural_SC-001123_00.wav,edgetts,henan,SC-001123,zh-CN-shaanxi-XiaoniNeural,0.8953,可检
data/redteam/factory/segments/edgetts/henan/seg_edgetts_henan_zh-CN-shaanxi-XiaoniNeural_SC-001123_01.wav,edgetts,henan,SC-001123,zh-CN-shaanxi-XiaoniNeural,0.981,可检
data/redteam/factory/segments/edgetts/henan/seg_edgetts_henan_zh-CN-shaanxi-XiaoniNeural_SC-001123_02.wav,edgetts,henan,SC-001123,zh-CN-shaanxi-XiaoniNeural,0.8443,可检
data/redteam/factory/segments/edgetts/henan/seg_edgetts_henan_zh-CN-shaanxi-XiaoniNeural_SC-001123_03.wav,edgetts,henan,SC-001123,zh-CN-shaanxi-XiaoniNeural,0.9745,可检
data/redteam/factory/segments/edgetts/henan/seg_edgetts_henan_zh-CN-shaanxi-XiaoniNeural_SC-001123_04.wav,edgetts,henan,SC-001123,zh-CN-shaanxi-XiaoniNeural,0.8352,可检
data/redteam/factory/segments/edgetts/mandarin/seg_edgetts_mandarin_zh-CN-YunxiNeural_SC-000331_00.wav,edgetts,mandarin,SC-000331,zh-CN-YunxiNeural,0.8175,可检
data/redteam/factory/segments/edgetts/mandarin/seg_edgetts_mandarin_zh-CN-YunxiNeural_SC-000331_01.wav,edgetts,mandarin,SC-000331,zh-CN-YunxiNeural,0.6032,可检
data/redteam/factory/segments/edgetts/mandarin/seg_edgetts_mandarin_zh-CN-YunxiNeural_SC-000331_02.wav,edgetts,mandarin,SC-000331,zh-CN-YunxiNeural,0.5239,可检
data/redteam/factory/segments/edgetts/mandarin/seg_edgetts_mandarin_zh-CN-YunxiNeural_SC-000449_00.wav,edgetts,mandarin,SC-000449,zh-CN-YunxiNeural,0.3355,边界
data/redteam/factory/segments/edgetts/mandarin/seg_edgetts_mandarin_zh-CN-YunxiNeural_SC-000449_01.wav,edgetts,mandarin,SC-000449,zh-CN-YunxiNeural,0.9169,可检
data/redteam/factory/segments/edgetts/mandarin/seg_edgetts_mandarin_zh-CN-YunxiNeural_SC-000449_02.wav,edgetts,mandarin,SC-000449,zh-CN-YunxiNeural,0.3985,边界
data/redteam/factory/segments/edgetts/mandarin/seg_edgetts_mandarin_zh-CN-XiaoxiaoNeural_SC-000331_00.wav,edgetts,mandarin,SC-000331,zh-CN-XiaoxiaoNeural,0.8993,可检
data/redteam/factory/segments/edgetts/mandarin/seg_edgetts_mandarin_zh-CN-XiaoxiaoNeural_SC-000331_01.wav,edgetts,mandarin,SC-000331,zh-CN-XiaoxiaoNeural,0.7294,可检
data/redteam/factory/segments/edgetts/mandarin/seg_edgetts_mandarin_zh-CN-XiaoxiaoNeural_SC-000331_02.wav,edgetts,mandarin,SC-000331,zh-CN-XiaoxiaoNeural,0.9928,可检
data/redteam/factory/segments/edgetts/mandarin/seg_edgetts_mandarin_zh-CN-XiaoxiaoNeural_SC-000331_03.wav,edgetts,mandarin,SC-000331,zh-CN-XiaoxiaoNeural,0.9583,可检
data/redteam/factory/segments/edgetts/mandarin/seg_edgetts_mandarin_zh-CN-XiaoxiaoNeural_SC-000449_00.wav,edgetts,mandarin,SC-000449,zh-CN-XiaoxiaoNeural,0.8575,可检
data/redteam/factory/segments/edgetts/mandarin/seg_edgetts_mandarin_zh-CN-XiaoxiaoNeural_SC-000449_01.wav,edgetts,mandarin,SC-000449,zh-CN-XiaoxiaoNeural,0.9832,可检
data/redteam/factory/segments/edgetts/mandarin/seg_edgetts_mandarin_zh-CN-XiaoxiaoNeural_SC-000449_02.wav,edgetts,mandarin,SC-000449,zh-CN-XiaoxiaoNeural,0.9448,可检
data/redteam/factory/segments/edgetts/mandarin/seg_edgetts_mandarin_zh-CN-XiaoxiaoNeural_SC-000449_03.wav,edgetts,mandarin,SC-000449,zh-CN-XiaoxiaoNeural,0.7941,可检
data/redteam/factory/segments/edgetts/mandarin/seg_edgetts_mandarin_zh-CN-YunjianNeural_SC-000331_00.wav,edgetts,mandarin,SC-000331,zh-CN-YunjianNeural,0.8245,可检
data/redteam/factory/segments/edgetts/mandarin/seg_edgetts_mandarin_zh-CN-YunjianNeural_SC-000331_01.wav,edgetts,mandarin,SC-000331,zh-CN-YunjianNeural,0.7006,可检
data/redteam/factory/segments/edgetts/mandarin/seg_edgetts_mandarin_zh-CN-YunjianNeural_SC-000331_02.wav,edgetts,mandarin,SC-000331,zh-CN-YunjianNeural,0.6536,可检
data/redteam/factory/segments/edgetts/mandarin/seg_edgetts_mandarin_zh-CN-YunjianNeural_SC-000331_03.wav,edgetts,mandarin,SC-000331,zh-CN-YunjianNeural,0.4552,边界
data/redteam/factory/segments/edgetts/mandarin/seg_edgetts_mandarin_zh-CN-YunjianNeural_SC-000449_00.wav,edgetts,mandarin,SC-000449,zh-CN-YunjianNeural,0.753,可检
data/redteam/factory/segments/edgetts/mandarin/seg_edgetts_mandarin_zh-CN-YunjianNeural_SC-000449_01.wav,edgetts,mandarin,SC-000449,zh-CN-YunjianNeural,0.8367,可检
data/redteam/factory/segments/edgetts/mandarin/seg_edgetts_mandarin_zh-CN-YunjianNeural_SC-000449_02.wav,edgetts,mandarin,SC-000449,zh-CN-YunjianNeural,0.8308,可检
data/redteam/factory/segments/edgetts/mandarin/seg_edgetts_mandarin_zh-CN-YunjianNeural_SC-000449_03.wav,edgetts,mandarin,SC-000449,zh-CN-YunjianNeural,0.3309,边界
data/redteam/factory/segments/edgetts/mandarin/seg_edgetts_mandarin_zh-CN-YunyangNeural_SC-000449_00.wav,edgetts,mandarin,SC-000449,zh-CN-YunyangNeural,0.5927,可检
data/redteam/factory/segments/edgetts/mandarin/seg_edgetts_mandarin_zh-CN-YunyangNeural_SC-000449_01.wav,edgetts,mandarin,SC-000449,zh-CN-YunyangNeural,0.6936,可检
data/redteam/factory/segments/edgetts/mandarin/seg_edgetts_mandarin_zh-CN-YunyangNeural_SC-000449_02.wav,edgetts,mandarin,SC-000449,zh-CN-YunyangNeural,0.6557,可检
data/redteam/factory/segments/edgetts/minnan/seg_edgetts_minnan_zh-TW-HsiaoChenNeural_SC-000569_00.wav,edgetts,minnan,SC-000569,zh-TW-HsiaoChenNeural,0.9612,可检
data/redteam/factory/segments/edgetts/minnan/seg_edgetts_minnan_zh-TW-HsiaoChenNeural_SC-000569_01.wav,edgetts,minnan,SC-000569,zh-TW-HsiaoChenNeural,0.9466,可检
data/redteam/factory/segments/edgetts/minnan/seg_edgetts_minnan_zh-TW-HsiaoChenNeural_SC-000569_02.wav,edgetts,minnan,SC-000569,zh-TW-HsiaoChenNeural,0.9754,可检
data/redteam/factory/segments/edgetts/minnan/seg_edgetts_minnan_zh-TW-HsiaoChenNeural_SC-000569_03.wav,edgetts,minnan,SC-000569,zh-TW-HsiaoChenNeural,0.9686,可检
data/redteam/factory/segments/edgetts/minnan/seg_edgetts_minnan_zh-TW-HsiaoChenNeural_SC-000569_04.wav,edgetts,minnan,SC-000569,zh-TW-HsiaoChenNeural,0.9536,可检
data/redteam/factory/segments/edgetts/minnan/seg_edgetts_minnan_zh-TW-HsiaoChenNeural_SC-000816_00.wav,edgetts,minnan,SC-000816,zh-TW-HsiaoChenNeural,0.9582,可检
data/redteam/factory/segments/edgetts/minnan/seg_edgetts_minnan_zh-TW-HsiaoChenNeural_SC-000816_01.wav,edgetts,minnan,SC-000816,zh-TW-HsiaoChenNeural,0.9793,可检
data/redteam/factory/segments/edgetts/minnan/seg_edgetts_minnan_zh-TW-HsiaoChenNeural_SC-000816_02.wav,edgetts,minnan,SC-000816,zh-TW-HsiaoChenNeural,0.9647,可检
data/redteam/factory/segments/edgetts/minnan/seg_edgetts_minnan_zh-TW-HsiaoChenNeural_SC-000816_03.wav,edgetts,minnan,SC-000816,zh-TW-HsiaoChenNeural,0.8353,可检
data/redteam/factory/segments/edgetts/minnan/seg_edgetts_minnan_zh-TW-HsiaoChenNeural_SC-000816_04.wav,edgetts,minnan,SC-000816,zh-TW-HsiaoChenNeural,0.9617,可检
data/redteam/factory/segments/edgetts/minnan/seg_edgetts_minnan_zh-TW-HsiaoChenNeural_SC-000965_00.wav,edgetts,minnan,SC-000965,zh-TW-HsiaoChenNeural,0.9281,可检
data/redteam/factory/segments/edgetts/minnan/seg_edgetts_minnan_zh-TW-HsiaoChenNeural_SC-000965_01.wav,edgetts,minnan,SC-000965,zh-TW-HsiaoChenNeural,0.945,可检
data/redteam/factory/segments/edgetts/minnan/seg_edgetts_minnan_zh-TW-HsiaoChenNeural_SC-000965_02.wav,edgetts,minnan,SC-000965,zh-TW-HsiaoChenNeural,0.9766,可检
data/redteam/factory/segments/edgetts/minnan/seg_edgetts_minnan_zh-TW-HsiaoChenNeural_SC-000965_03.wav,edgetts,minnan,SC-000965,zh-TW-HsiaoChenNeural,0.9857,可检
data/redteam/factory/segments/edgetts/minnan/seg_edgetts_minnan_zh-TW-HsiaoChenNeural_SC-000965_04.wav,edgetts,minnan,SC-000965,zh-TW-HsiaoChenNeural,0.9726,可检
data/redteam/factory/segments/edgetts/minnan/seg_edgetts_minnan_zh-TW-HsiaoChenNeural_SC-001242_00.wav,edgetts,minnan,SC-001242,zh-TW-HsiaoChenNeural,0.9489,可检
data/redteam/factory/segments/edgetts/minnan/seg_edgetts_minnan_zh-TW-HsiaoChenNeural_SC-001242_01.wav,edgetts,minnan,SC-001242,zh-TW-HsiaoChenNeural,0.9783,可检
data/redteam/factory/segments/edgetts/minnan/seg_edgetts_minnan_zh-TW-HsiaoChenNeural_SC-001242_02.wav,edgetts,minnan,SC-001242,zh-TW-HsiaoChenNeural,0.981,可检
data/redteam/factory/segments/edgetts/minnan/seg_edgetts_minnan_zh-TW-HsiaoChenNeural_SC-001242_03.wav,edgetts,minnan,SC-001242,zh-TW-HsiaoChenNeural,0.9505,可检
data/redteam/factory/segments/edgetts/minnan/seg_edgetts_minnan_zh-TW-HsiaoChenNeural_SC-001383_00.wav,edgetts,minnan,SC-001383,zh-TW-HsiaoChenNeural,0.9812,可检
data/redteam/factory/segments/edgetts/minnan/seg_edgetts_minnan_zh-TW-HsiaoChenNeural_SC-001383_01.wav,edgetts,minnan,SC-001383,zh-TW-HsiaoChenNeural,0.9921,可检
data/redteam/factory/segments/edgetts/minnan/seg_edgetts_minnan_zh-TW-HsiaoChenNeural_SC-001383_02.wav,edgetts,minnan,SC-001383,zh-TW-HsiaoChenNeural,0.9472,可检
data/redteam/factory/segments/edgetts/minnan/seg_edgetts_minnan_zh-TW-HsiaoChenNeural_SC-001383_03.wav,edgetts,minnan,SC-001383,zh-TW-HsiaoChenNeural,0.9835,可检
data/redteam/factory/segments/edgetts/minnan/seg_edgetts_minnan_zh-TW-HsiaoChenNeural_SC-001383_04.wav,edgetts,minnan,SC-001383,zh-TW-HsiaoChenNeural,0.9823,可检
data/redteam/factory/segments/edgetts/minnan/seg_edgetts_minnan_zh-TW-HsiaoChenNeural_SC-001383_05.wav,edgetts,minnan,SC-001383,zh-TW-HsiaoChenNeural,0.9798,可检
data/redteam/factory/segments/edgetts/minnan/seg_edgetts_minnan_zh-TW-YunJheNeural_SC-000569_00.wav,edgetts,minnan,SC-000569,zh-TW-YunJheNeural,0.9007,可检
data/redteam/factory/segments/edgetts/minnan/seg_edgetts_minnan_zh-TW-YunJheNeural_SC-000569_01.wav,edgetts,minnan,SC-000569,zh-TW-YunJheNeural,0.9575,可检
data/redteam/factory/segments/edgetts/minnan/seg_edgetts_minnan_zh-TW-YunJheNeural_SC-000569_02.wav,edgetts,minnan,SC-000569,zh-TW-YunJheNeural,0.9518,可检
data/redteam/factory/segments/edgetts/minnan/seg_edgetts_minnan_zh-TW-YunJheNeural_SC-000569_03.wav,edgetts,minnan,SC-000569,zh-TW-YunJheNeural,0.913,可检
data/redteam/factory/segments/edgetts/minnan/seg_edgetts_minnan_zh-TW-YunJheNeural_SC-000816_00.wav,edgetts,minnan,SC-000816,zh-TW-YunJheNeural,0.8531,可检
data/redteam/factory/segments/edgetts/minnan/seg_edgetts_minnan_zh-TW-YunJheNeural_SC-000816_01.wav,edgetts,minnan,SC-000816,zh-TW-YunJheNeural,0.8262,可检
data/redteam/factory/segments/edgetts/minnan/seg_edgetts_minnan_zh-TW-YunJheNeural_SC-000816_02.wav,edgetts,minnan,SC-000816,zh-TW-YunJheNeural,0.4295,边界
data/redteam/factory/segments/edgetts/minnan/seg_edgetts_minnan_zh-TW-YunJheNeural_SC-000816_03.wav,edgetts,minnan,SC-000816,zh-TW-YunJheNeural,0.5515,可检
data/redteam/factory/segments/edgetts/minnan/seg_edgetts_minnan_zh-TW-YunJheNeural_SC-000965_00.wav,edgetts,minnan,SC-000965,zh-TW-YunJheNeural,0.8328,可检
data/redteam/factory/segments/edgetts/minnan/seg_edgetts_minnan_zh-TW-YunJheNeural_SC-000965_01.wav,edgetts,minnan,SC-000965,zh-TW-YunJheNeural,0.7521,可检
data/redteam/factory/segments/edgetts/minnan/seg_edgetts_minnan_zh-TW-YunJheNeural_SC-000965_02.wav,edgetts,minnan,SC-000965,zh-TW-YunJheNeural,0.45,边界
data/redteam/factory/segments/edgetts/minnan/seg_edgetts_minnan_zh-TW-YunJheNeural_SC-000965_03.wav,edgetts,minnan,SC-000965,zh-TW-YunJheNeural,0.4907,边界
data/redteam/factory/segments/edgetts/minnan/seg_edgetts_minnan_zh-TW-YunJheNeural_SC-001383_00.wav,edgetts,minnan,SC-001383,zh-TW-YunJheNeural,0.7979,可检
data/redteam/factory/segments/edgetts/minnan/seg_edgetts_minnan_zh-TW-YunJheNeural_SC-001383_01.wav,edgetts,minnan,SC-001383,zh-TW-YunJheNeural,0.8099,可检
data/redteam/factory/segments/edgetts/minnan/seg_edgetts_minnan_zh-TW-YunJheNeural_SC-001383_02.wav,edgetts,minnan,SC-001383,zh-TW-YunJheNeural,0.6863,可检
data/redteam/factory/segments/edgetts/minnan/seg_edgetts_minnan_zh-TW-YunJheNeural_SC-001383_03.wav,edgetts,minnan,SC-001383,zh-TW-YunJheNeural,0.8218,可检
data/redteam/factory/segments/edgetts/sichuan/seg_edgetts_sichuan_zh-CN-YunxiNeural_SC-000381_00.wav,edgetts,sichuan,SC-000381,zh-CN-YunxiNeural,0.7376,可检
data/redteam/factory/segments/edgetts/sichuan/seg_edgetts_sichuan_zh-CN-YunxiNeural_SC-000381_01.wav,edgetts,sichuan,SC-000381,zh-CN-YunxiNeural,0.6463,可检
data/redteam/factory/segments/edgetts/sichuan/seg_edgetts_sichuan_zh-CN-YunxiNeural_SC-000381_02.wav,edgetts,sichuan,SC-000381,zh-CN-YunxiNeural,0.6365,可检
data/redteam/factory/segments/edgetts/sichuan/seg_edgetts_sichuan_zh-CN-YunxiNeural_SC-000381_03.wav,edgetts,sichuan,SC-000381,zh-CN-YunxiNeural,0.8435,可检
data/redteam/factory/segments/edgetts/sichuan/seg_edgetts_sichuan_zh-CN-YunxiNeural_SC-000722_00.wav,edgetts,sichuan,SC-000722,zh-CN-YunxiNeural,0.5572,可检
data/redteam/factory/segments/edgetts/sichuan/seg_edgetts_sichuan_zh-CN-YunxiNeural_SC-000722_01.wav,edgetts,sichuan,SC-000722,zh-CN-YunxiNeural,0.5224,可检
data/redteam/factory/segments/edgetts/sichuan/seg_edgetts_sichuan_zh-CN-YunxiNeural_SC-000722_02.wav,edgetts,sichuan,SC-000722,zh-CN-YunxiNeural,0.6399,可检
data/redteam/factory/segments/edgetts/sichuan/seg_edgetts_sichuan_zh-CN-YunxiNeural_SC-000722_03.wav,edgetts,sichuan,SC-000722,zh-CN-YunxiNeural,0.8719,可检
data/redteam/factory/segments/edgetts/sichuan/seg_edgetts_sichuan_zh-CN-YunxiNeural_SC-000879_00.wav,edgetts,sichuan,SC-000879,zh-CN-YunxiNeural,0.3838,边界
data/redteam/factory/segments/edgetts/sichuan/seg_edgetts_sichuan_zh-CN-YunxiNeural_SC-000879_01.wav,edgetts,sichuan,SC-000879,zh-CN-YunxiNeural,0.9583,可检
data/redteam/factory/segments/edgetts/sichuan/seg_edgetts_sichuan_zh-CN-YunxiNeural_SC-000879_02.wav,edgetts,sichuan,SC-000879,zh-CN-YunxiNeural,0.8266,可检
data/redteam/factory/segments/edgetts/sichuan/seg_edgetts_sichuan_zh-CN-YunxiNeural_SC-000879_03.wav,edgetts,sichuan,SC-000879,zh-CN-YunxiNeural,0.6226,可检
data/redteam/factory/segments/edgetts/sichuan/seg_edgetts_sichuan_zh-CN-YunxiNeural_SC-001024_00.wav,edgetts,sichuan,SC-001024,zh-CN-YunxiNeural,0.3738,边界
data/redteam/factory/segments/edgetts/sichuan/seg_edgetts_sichuan_zh-CN-YunxiNeural_SC-001024_01.wav,edgetts,sichuan,SC-001024,zh-CN-YunxiNeural,0.866,可检
data/redteam/factory/segments/edgetts/sichuan/seg_edgetts_sichuan_zh-CN-YunxiNeural_SC-001024_02.wav,edgetts,sichuan,SC-001024,zh-CN-YunxiNeural,0.5893,可检
data/redteam/factory/segments/edgetts/sichuan/seg_edgetts_sichuan_zh-CN-XiaoxiaoNeural_SC-000381_00.wav,edgetts,sichuan,SC-000381,zh-CN-XiaoxiaoNeural,0.9117,可检
data/redteam/factory/segments/edgetts/sichuan/seg_edgetts_sichuan_zh-CN-XiaoxiaoNeural_SC-000381_01.wav,edgetts,sichuan,SC-000381,zh-CN-XiaoxiaoNeural,0.9808,可检
data/redteam/factory/segments/edgetts/sichuan/seg_edgetts_sichuan_zh-CN-XiaoxiaoNeural_SC-000381_02.wav,edgetts,sichuan,SC-000381,zh-CN-XiaoxiaoNeural,0.9956,可检
data/redteam/factory/segments/edgetts/sichuan/seg_edgetts_sichuan_zh-CN-XiaoxiaoNeural_SC-000381_03.wav,edgetts,sichuan,SC-000381,zh-CN-XiaoxiaoNeural,0.6196,可检
data/redteam/factory/segments/edgetts/sichuan/seg_edgetts_sichuan_zh-CN-XiaoxiaoNeural_SC-000381_04.wav,edgetts,sichuan,SC-000381,zh-CN-XiaoxiaoNeural,0.9287,可检
data/redteam/factory/segments/edgetts/sichuan/seg_edgetts_sichuan_zh-CN-XiaoxiaoNeural_SC-000722_00.wav,edgetts,sichuan,SC-000722,zh-CN-XiaoxiaoNeural,0.9109,可检
data/redteam/factory/segments/edgetts/sichuan/seg_edgetts_sichuan_zh-CN-XiaoxiaoNeural_SC-000722_01.wav,edgetts,sichuan,SC-000722,zh-CN-XiaoxiaoNeural,0.9284,可检
data/redteam/factory/segments/edgetts/sichuan/seg_edgetts_sichuan_zh-CN-XiaoxiaoNeural_SC-000722_02.wav,edgetts,sichuan,SC-000722,zh-CN-XiaoxiaoNeural,0.9831,可检
data/redteam/factory/segments/edgetts/sichuan/seg_edgetts_sichuan_zh-CN-XiaoxiaoNeural_SC-000722_03.wav,edgetts,sichuan,SC-000722,zh-CN-XiaoxiaoNeural,0.9734,可检
data/redteam/factory/segments/edgetts/sichuan/seg_edgetts_sichuan_zh-CN-XiaoxiaoNeural_SC-000722_04.wav,edgetts,sichuan,SC-000722,zh-CN-XiaoxiaoNeural,0.8852,可检
data/redteam/factory/segments/edgetts/sichuan/seg_edgetts_sichuan_zh-CN-XiaoxiaoNeural_SC-000879_00.wav,edgetts,sichuan,SC-000879,zh-CN-XiaoxiaoNeural,0.8026,可检
data/redteam/factory/segments/edgetts/sichuan/seg_edgetts_sichuan_zh-CN-XiaoxiaoNeural_SC-000879_01.wav,edgetts,sichuan,SC-000879,zh-CN-XiaoxiaoNeural,0.8732,可检
data/redteam/factory/segments/edgetts/sichuan/seg_edgetts_sichuan_zh-CN-XiaoxiaoNeural_SC-000879_02.wav,edgetts,sichuan,SC-000879,zh-CN-XiaoxiaoNeural,0.9796,可检
data/redteam/factory/segments/edgetts/sichuan/seg_edgetts_sichuan_zh-CN-XiaoxiaoNeural_SC-000879_03.wav,edgetts,sichuan,SC-000879,zh-CN-XiaoxiaoNeural,0.9851,可检
data/redteam/factory/segments/edgetts/sichuan/seg_edgetts_sichuan_zh-CN-XiaoxiaoNeural_SC-000879_04.wav,edgetts,sichuan,SC-000879,zh-CN-XiaoxiaoNeural,0.976,可检
data/redteam/factory/segments/edgetts/sichuan/seg_edgetts_sichuan_zh-CN-XiaoxiaoNeural_SC-001024_00.wav,edgetts,sichuan,SC-001024,zh-CN-XiaoxiaoNeural,0.7145,可检
data/redteam/factory/segments/edgetts/sichuan/seg_edgetts_sichuan_zh-CN-XiaoxiaoNeural_SC-001024_01.wav,edgetts,sichuan,SC-001024,zh-CN-XiaoxiaoNeural,0.8772,可检
data/redteam/factory/segments/edgetts/sichuan/seg_edgetts_sichuan_zh-CN-XiaoxiaoNeural_SC-001024_02.wav,edgetts,sichuan,SC-001024,zh-CN-XiaoxiaoNeural,0.9256,可检
data/redteam/factory/segments/edgetts/sichuan/seg_edgetts_sichuan_zh-CN-XiaoxiaoNeural_SC-001024_03.wav,edgetts,sichuan,SC-001024,zh-CN-XiaoxiaoNeural,0.9954,可检
data/redteam/factory/segments/edgetts/cantonese/seg_edgetts_cantonese_zh-HK-HiuMaanNeural_SC-000711_00.wav,edgetts,cantonese,SC-000711,zh-HK-HiuMaanNeural,0.9912,可检
data/redteam/factory/segments/edgetts/cantonese/seg_edgetts_cantonese_zh-HK-HiuMaanNeural_SC-000711_01.wav,edgetts,cantonese,SC-000711,zh-HK-HiuMaanNeural,0.9472,可检
data/redteam/factory/segments/edgetts/cantonese/seg_edgetts_cantonese_zh-HK-HiuMaanNeural_SC-000711_02.wav,edgetts,cantonese,SC-000711,zh-HK-HiuMaanNeural,0.9663,可检
data/redteam/factory/segments/edgetts/cantonese/seg_edgetts_cantonese_zh-HK-HiuMaanNeural_SC-000711_03.wav,edgetts,cantonese,SC-000711,zh-HK-HiuMaanNeural,0.9766,可检
data/redteam/factory/segments/edgetts/cantonese/seg_edgetts_cantonese_zh-HK-HiuMaanNeural_SC-000711_04.wav,edgetts,cantonese,SC-000711,zh-HK-HiuMaanNeural,0.9598,可检
data/redteam/factory/segments/edgetts/cantonese/seg_edgetts_cantonese_zh-HK-HiuMaanNeural_SC-001155_00.wav,edgetts,cantonese,SC-001155,zh-HK-HiuMaanNeural,0.9659,可检
data/redteam/factory/segments/edgetts/cantonese/seg_edgetts_cantonese_zh-HK-HiuMaanNeural_SC-001155_01.wav,edgetts,cantonese,SC-001155,zh-HK-HiuMaanNeural,0.9678,可检
data/redteam/factory/segments/edgetts/cantonese/seg_edgetts_cantonese_zh-HK-HiuMaanNeural_SC-001155_02.wav,edgetts,cantonese,SC-001155,zh-HK-HiuMaanNeural,0.9814,可检
data/redteam/factory/segments/edgetts/cantonese/seg_edgetts_cantonese_zh-HK-HiuMaanNeural_SC-001155_03.wav,edgetts,cantonese,SC-001155,zh-HK-HiuMaanNeural,0.9327,可检
data/redteam/factory/segments/edgetts/cantonese/seg_edgetts_cantonese_zh-HK-WanLungNeural_SC-000711_00.wav,edgetts,cantonese,SC-000711,zh-HK-WanLungNeural,0.7913,可检
data/redteam/factory/segments/edgetts/cantonese/seg_edgetts_cantonese_zh-HK-WanLungNeural_SC-000711_01.wav,edgetts,cantonese,SC-000711,zh-HK-WanLungNeural,0.7935,可检
data/redteam/factory/segments/edgetts/cantonese/seg_edgetts_cantonese_zh-HK-WanLungNeural_SC-000711_02.wav,edgetts,cantonese,SC-000711,zh-HK-WanLungNeural,0.7906,可检
data/redteam/factory/segments/edgetts/cantonese/seg_edgetts_cantonese_zh-HK-WanLungNeural_SC-000711_03.wav,edgetts,cantonese,SC-000711,zh-HK-WanLungNeural,0.8515,可检
data/redteam/factory/segments/edgetts/cantonese/seg_edgetts_cantonese_zh-HK-WanLungNeural_SC-000711_04.wav,edgetts,cantonese,SC-000711,zh-HK-WanLungNeural,0.9334,可检
data/redteam/factory/segments/edgetts/cantonese/seg_edgetts_cantonese_zh-HK-WanLungNeural_SC-001155_00.wav,edgetts,cantonese,SC-001155,zh-HK-WanLungNeural,0.8153,可检
data/redteam/factory/segments/edgetts/cantonese/seg_edgetts_cantonese_zh-HK-WanLungNeural_SC-001155_01.wav,edgetts,cantonese,SC-001155,zh-HK-WanLungNeural,0.9871,可检
data/redteam/factory/segments/edgetts/cantonese/seg_edgetts_cantonese_zh-HK-WanLungNeural_SC-001155_02.wav,edgetts,cantonese,SC-001155,zh-HK-WanLungNeural,0.993,可检
data/redteam/factory/segments/edgetts/cantonese/seg_edgetts_cantonese_zh-HK-WanLungNeural_SC-001155_03.wav,edgetts,cantonese,SC-001155,zh-HK-WanLungNeural,0.9291,可检
data/redteam/factory/segments/edgetts/dongbei/seg_edgetts_dongbei_zh-CN-liaoning-XiaobeiNeural_SC-000749_00.wav,edgetts,dongbei,SC-000749,zh-CN-liaoning-XiaobeiNeural,0.5569,可检
data/redteam/factory/segments/edgetts/dongbei/seg_edgetts_dongbei_zh-CN-liaoning-XiaobeiNeural_SC-000749_01.wav,edgetts,dongbei,SC-000749,zh-CN-liaoning-XiaobeiNeural,0.8328,可检
data/redteam/factory/segments/edgetts/dongbei/seg_edgetts_dongbei_zh-CN-liaoning-XiaobeiNeural_SC-000749_02.wav,edgetts,dongbei,SC-000749,zh-CN-liaoning-XiaobeiNeural,0.6434,可检
data/redteam/factory/segments/edgetts/dongbei/seg_edgetts_dongbei_zh-CN-liaoning-XiaobeiNeural_SC-000749_03.wav,edgetts,dongbei,SC-000749,zh-CN-liaoning-XiaobeiNeural,0.7283,可检
data/redteam/factory/segments/edgetts/dongbei/seg_edgetts_dongbei_zh-CN-liaoning-XiaobeiNeural_SC-001238_00.wav,edgetts,dongbei,SC-001238,zh-CN-liaoning-XiaobeiNeural,0.7279,可检
data/redteam/factory/segments/edgetts/dongbei/seg_edgetts_dongbei_zh-CN-liaoning-XiaobeiNeural_SC-001238_01.wav,edgetts,dongbei,SC-001238,zh-CN-liaoning-XiaobeiNeural,0.9108,可检
data/redteam/factory/segments/edgetts/dongbei/seg_edgetts_dongbei_zh-CN-liaoning-XiaobeiNeural_SC-001238_02.wav,edgetts,dongbei,SC-001238,zh-CN-liaoning-XiaobeiNeural,0.8136,可检
data/redteam/factory/segments/edgetts/dongbei/seg_edgetts_dongbei_zh-CN-liaoning-XiaobeiNeural_SC-001238_03.wav,edgetts,dongbei,SC-001238,zh-CN-liaoning-XiaobeiNeural,0.8017,可检
data/redteam/factory/segments/edgetts/dongbei/seg_edgetts_dongbei_zh-CN-liaoning-XiaobeiNeural_SC-001238_04.wav,edgetts,dongbei,SC-001238,zh-CN-liaoning-XiaobeiNeural,0.6137,可检
data/redteam/factory/segments/edgetts/dongbei/seg_edgetts_dongbei_zh-CN-liaoning-XiaobeiNeural_SC-001645_00.wav,edgetts,dongbei,SC-001645,zh-CN-liaoning-XiaobeiNeural,0.8684,可检
data/redteam/factory/segments/edgetts/dongbei/seg_edgetts_dongbei_zh-CN-liaoning-XiaobeiNeural_SC-001645_01.wav,edgetts,dongbei,SC-001645,zh-CN-liaoning-XiaobeiNeural,0.7678,可检
data/redteam/factory/segments/edgetts/dongbei/seg_edgetts_dongbei_zh-CN-liaoning-XiaobeiNeural_SC-001645_02.wav,edgetts,dongbei,SC-001645,zh-CN-liaoning-XiaobeiNeural,0.85,可检
data/redteam/factory/segments/edgetts/dongbei/seg_edgetts_dongbei_zh-CN-liaoning-XiaobeiNeural_SC-001645_03.wav,edgetts,dongbei,SC-001645,zh-CN-liaoning-XiaobeiNeural,0.8142,可检
data/redteam/factory/segments/edgetts/henan/seg_edgetts_henan_zh-CN-shaanxi-XiaoniNeural_SC-000662_00.wav,edgetts,henan,SC-000662,zh-CN-shaanxi-XiaoniNeural,0.9243,可检
data/redteam/factory/segments/edgetts/henan/seg_edgetts_henan_zh-CN-shaanxi-XiaoniNeural_SC-000662_01.wav,edgetts,henan,SC-000662,zh-CN-shaanxi-XiaoniNeural,0.8741,可检
data/redteam/factory/segments/edgetts/henan/seg_edgetts_henan_zh-CN-shaanxi-XiaoniNeural_SC-000662_02.wav,edgetts,henan,SC-000662,zh-CN-shaanxi-XiaoniNeural,0.8606,可检
data/redteam/factory/segments/edgetts/henan/seg_edgetts_henan_zh-CN-shaanxi-XiaoniNeural_SC-000662_03.wav,edgetts,henan,SC-000662,zh-CN-shaanxi-XiaoniNeural,0.9141,可检
data/redteam/factory/segments/edgetts/henan/seg_edgetts_henan_zh-CN-shaanxi-XiaoniNeural_SC-000662_04.wav,edgetts,henan,SC-000662,zh-CN-shaanxi-XiaoniNeural,0.9042,可检
data/redteam/factory/segments/edgetts/henan/seg_edgetts_henan_zh-CN-shaanxi-XiaoniNeural_SC-000818_00.wav,edgetts,henan,SC-000818,zh-CN-shaanxi-XiaoniNeural,0.9519,可检
data/redteam/factory/segments/edgetts/henan/seg_edgetts_henan_zh-CN-shaanxi-XiaoniNeural_SC-000818_01.wav,edgetts,henan,SC-000818,zh-CN-shaanxi-XiaoniNeural,0.962,可检
data/redteam/factory/segments/edgetts/henan/seg_edgetts_henan_zh-CN-shaanxi-XiaoniNeural_SC-000818_02.wav,edgetts,henan,SC-000818,zh-CN-shaanxi-XiaoniNeural,0.7972,可检
data/redteam/factory/segments/edgetts/henan/seg_edgetts_henan_zh-CN-shaanxi-XiaoniNeural_SC-000818_03.wav,edgetts,henan,SC-000818,zh-CN-shaanxi-XiaoniNeural,0.9653,可检
data/redteam/factory/segments/edgetts/henan/seg_edgetts_henan_zh-CN-shaanxi-XiaoniNeural_SC-000818_04.wav,edgetts,henan,SC-000818,zh-CN-shaanxi-XiaoniNeural,0.9241,可检
data/redteam/factory/segments/edgetts/henan/seg_edgetts_henan_zh-CN-shaanxi-XiaoniNeural_SC-000994_00.wav,edgetts,henan,SC-000994,zh-CN-shaanxi-XiaoniNeural,0.6757,可检
data/redteam/factory/segments/edgetts/henan/seg_edgetts_henan_zh-CN-shaanxi-XiaoniNeural_SC-000994_01.wav,edgetts,henan,SC-000994,zh-CN-shaanxi-XiaoniNeural,0.8853,可检
data/redteam/factory/segments/edgetts/henan/seg_edgetts_henan_zh-CN-shaanxi-XiaoniNeural_SC-000994_02.wav,edgetts,henan,SC-000994,zh-CN-shaanxi-XiaoniNeural,0.752,可检
data/redteam/factory/segments/edgetts/henan/seg_edgetts_henan_zh-CN-shaanxi-XiaoniNeural_SC-000994_03.wav,edgetts,henan,SC-000994,zh-CN-shaanxi-XiaoniNeural,0.8832,可检
data/redteam/factory/segments/edgetts/henan/seg_edgetts_henan_zh-CN-shaanxi-XiaoniNeural_SC-000994_04.wav,edgetts,henan,SC-000994,zh-CN-shaanxi-XiaoniNeural,0.9743,可检
data/redteam/factory/segments/edgetts/henan/seg_edgetts_henan_zh-CN-shaanxi-XiaoniNeural_SC-001149_00.wav,edgetts,henan,SC-001149,zh-CN-shaanxi-XiaoniNeural,0.9209,可检
data/redteam/factory/segments/edgetts/henan/seg_edgetts_henan_zh-CN-shaanxi-XiaoniNeural_SC-001149_01.wav,edgetts,henan,SC-001149,zh-CN-shaanxi-XiaoniNeural,0.8555,可检
data/redteam/factory/segments/edgetts/henan/seg_edgetts_henan_zh-CN-shaanxi-XiaoniNeural_SC-001149_02.wav,edgetts,henan,SC-001149,zh-CN-shaanxi-XiaoniNeural,0.7795,可检
data/redteam/factory/segments/edgetts/henan/seg_edgetts_henan_zh-CN-shaanxi-XiaoniNeural_SC-001149_03.wav,edgetts,henan,SC-001149,zh-CN-shaanxi-XiaoniNeural,0.9869,可检
data/redteam/factory/segments/edgetts/henan/seg_edgetts_henan_zh-CN-shaanxi-XiaoniNeural_SC-001481_00.wav,edgetts,henan,SC-001481,zh-CN-shaanxi-XiaoniNeural,0.9558,可检
data/redteam/factory/segments/edgetts/henan/seg_edgetts_henan_zh-CN-shaanxi-XiaoniNeural_SC-001481_01.wav,edgetts,henan,SC-001481,zh-CN-shaanxi-XiaoniNeural,0.9472,可检
data/redteam/factory/segments/edgetts/henan/seg_edgetts_henan_zh-CN-shaanxi-XiaoniNeural_SC-001481_02.wav,edgetts,henan,SC-001481,zh-CN-shaanxi-XiaoniNeural,0.9466,可检
data/redteam/factory/segments/edgetts/henan/seg_edgetts_henan_zh-CN-shaanxi-XiaoniNeural_SC-001481_03.wav,edgetts,henan,SC-001481,zh-CN-shaanxi-XiaoniNeural,0.7681,可检
data/redteam/factory/segments/edgetts/henan/seg_edgetts_henan_zh-CN-shaanxi-XiaoniNeural_SC-001481_04.wav,edgetts,henan,SC-001481,zh-CN-shaanxi-XiaoniNeural,0.9301,可检
data/redteam/factory/segments/edgetts/henan/seg_edgetts_henan_zh-CN-shaanxi-XiaoniNeural_SC-001481_05.wav,edgetts,henan,SC-001481,zh-CN-shaanxi-XiaoniNeural,0.5995,可检
data/redteam/factory/segments/edgetts/henan/seg_edgetts_henan_zh-CN-shaanxi-XiaoniNeural_SC-001569_00.wav,edgetts,henan,SC-001569,zh-CN-shaanxi-XiaoniNeural,0.8265,可检
data/redteam/factory/segments/edgetts/henan/seg_edgetts_henan_zh-CN-shaanxi-XiaoniNeural_SC-001569_01.wav,edgetts,henan,SC-001569,zh-CN-shaanxi-XiaoniNeural,0.8689,可检
data/redteam/factory/segments/edgetts/henan/seg_edgetts_henan_zh-CN-shaanxi-XiaoniNeural_SC-001569_02.wav,edgetts,henan,SC-001569,zh-CN-shaanxi-XiaoniNeural,0.9539,可检
data/redteam/factory/segments/edgetts/henan/seg_edgetts_henan_zh-CN-shaanxi-XiaoniNeural_SC-001569_03.wav,edgetts,henan,SC-001569,zh-CN-shaanxi-XiaoniNeural,0.9596,可检
data/redteam/factory/segments/edgetts/mandarin/seg_edgetts_mandarin_zh-CN-YunxiNeural_SC-000347_00.wav,edgetts,mandarin,SC-000347,zh-CN-YunxiNeural,0.6957,可检
data/redteam/factory/segments/edgetts/mandarin/seg_edgetts_mandarin_zh-CN-YunxiNeural_SC-000347_01.wav,edgetts,mandarin,SC-000347,zh-CN-YunxiNeural,0.9162,可检
data/redteam/factory/segments/edgetts/mandarin/seg_edgetts_mandarin_zh-CN-YunxiNeural_SC-000347_02.wav,edgetts,mandarin,SC-000347,zh-CN-YunxiNeural,0.9454,可检
data/redteam/factory/segments/edgetts/mandarin/seg_edgetts_mandarin_zh-CN-YunxiNeural_SC-000347_03.wav,edgetts,mandarin,SC-000347,zh-CN-YunxiNeural,0.5989,可检
data/redteam/factory/segments/edgetts/mandarin/seg_edgetts_mandarin_zh-CN-XiaoxiaoNeural_SC-000347_00.wav,edgetts,mandarin,SC-000347,zh-CN-XiaoxiaoNeural,0.8646,可检
data/redteam/factory/segments/edgetts/mandarin/seg_edgetts_mandarin_zh-CN-XiaoxiaoNeural_SC-000347_01.wav,edgetts,mandarin,SC-000347,zh-CN-XiaoxiaoNeural,0.9205,可检
data/redteam/factory/segments/edgetts/mandarin/seg_edgetts_mandarin_zh-CN-XiaoxiaoNeural_SC-000347_02.wav,edgetts,mandarin,SC-000347,zh-CN-XiaoxiaoNeural,0.8547,可检
data/redteam/factory/segments/edgetts/mandarin/seg_edgetts_mandarin_zh-CN-XiaoxiaoNeural_SC-000347_03.wav,edgetts,mandarin,SC-000347,zh-CN-XiaoxiaoNeural,0.9983,可检
data/redteam/factory/segments/edgetts/mandarin/seg_edgetts_mandarin_zh-CN-YunjianNeural_SC-000347_00.wav,edgetts,mandarin,SC-000347,zh-CN-YunjianNeural,0.3915,边界
data/redteam/factory/segments/edgetts/mandarin/seg_edgetts_mandarin_zh-CN-YunjianNeural_SC-000347_01.wav,edgetts,mandarin,SC-000347,zh-CN-YunjianNeural,0.9226,可检
data/redteam/factory/segments/edgetts/mandarin/seg_edgetts_mandarin_zh-CN-YunjianNeural_SC-000347_02.wav,edgetts,mandarin,SC-000347,zh-CN-YunjianNeural,0.4289,边界
data/redteam/factory/segments/edgetts/mandarin/seg_edgetts_mandarin_zh-CN-YunjianNeural_SC-000347_03.wav,edgetts,mandarin,SC-000347,zh-CN-YunjianNeural,0.8049,可检
data/redteam/factory/segments/edgetts/mandarin/seg_edgetts_mandarin_zh-CN-YunjianNeural_SC-000347_04.wav,edgetts,mandarin,SC-000347,zh-CN-YunjianNeural,0.8176,可检
data/redteam/factory/segments/edgetts/mandarin/seg_edgetts_mandarin_zh-CN-YunjianNeural_SC-000371_00.wav,edgetts,mandarin,SC-000371,zh-CN-YunjianNeural,0.5924,可检
data/redteam/factory/segments/edgetts/mandarin/seg_edgetts_mandarin_zh-CN-YunjianNeural_SC-000371_01.wav,edgetts,mandarin,SC-000371,zh-CN-YunjianNeural,0.7294,可检
data/redteam/factory/segments/edgetts/mandarin/seg_edgetts_mandarin_zh-CN-YunjianNeural_SC-000371_02.wav,edgetts,mandarin,SC-000371,zh-CN-YunjianNeural,0.5121,可检
data/redteam/factory/segments/edgetts/mandarin/seg_edgetts_mandarin_zh-CN-YunjianNeural_SC-000371_03.wav,edgetts,mandarin,SC-000371,zh-CN-YunjianNeural,0.4535,边界
data/redteam/factory/segments/edgetts/mandarin/seg_edgetts_mandarin_zh-CN-YunyangNeural_SC-000347_00.wav,edgetts,mandarin,SC-000347,zh-CN-YunyangNeural,0.7643,可检
data/redteam/factory/segments/edgetts/mandarin/seg_edgetts_mandarin_zh-CN-YunyangNeural_SC-000347_01.wav,edgetts,mandarin,SC-000347,zh-CN-YunyangNeural,0.4525,边界
data/redteam/factory/segments/edgetts/mandarin/seg_edgetts_mandarin_zh-CN-YunyangNeural_SC-000347_02.wav,edgetts,mandarin,SC-000347,zh-CN-YunyangNeural,0.7259,可检
data/redteam/factory/segments/edgetts/mandarin/seg_edgetts_mandarin_zh-CN-YunyangNeural_SC-000347_03.wav,edgetts,mandarin,SC-000347,zh-CN-YunyangNeural,0.4807,边界
data/redteam/factory/segments/edgetts/minnan/seg_edgetts_minnan_zh-TW-HsiaoChenNeural_SC-000571_00.wav,edgetts,minnan,SC-000571,zh-TW-HsiaoChenNeural,0.8809,可检
data/redteam/factory/segments/edgetts/minnan/seg_edgetts_minnan_zh-TW-HsiaoChenNeural_SC-000571_01.wav,edgetts,minnan,SC-000571,zh-TW-HsiaoChenNeural,0.9803,可检
data/redteam/factory/segments/edgetts/minnan/seg_edgetts_minnan_zh-TW-HsiaoChenNeural_SC-000571_02.wav,edgetts,minnan,SC-000571,zh-TW-HsiaoChenNeural,0.9753,可检
data/redteam/factory/segments/edgetts/minnan/seg_edgetts_minnan_zh-TW-HsiaoChenNeural_SC-000571_03.wav,edgetts,minnan,SC-000571,zh-TW-HsiaoChenNeural,0.9346,可检
data/redteam/factory/segments/edgetts/minnan/seg_edgetts_minnan_zh-TW-HsiaoChenNeural_SC-001032_00.wav,edgetts,minnan,SC-001032,zh-TW-HsiaoChenNeural,0.9213,可检
data/redteam/factory/segments/edgetts/minnan/seg_edgetts_minnan_zh-TW-HsiaoChenNeural_SC-001032_01.wav,edgetts,minnan,SC-001032,zh-TW-HsiaoChenNeural,0.9986,可检
data/redteam/factory/segments/edgetts/minnan/seg_edgetts_minnan_zh-TW-HsiaoChenNeural_SC-001032_02.wav,edgetts,minnan,SC-001032,zh-TW-HsiaoChenNeural,0.9402,可检
data/redteam/factory/segments/edgetts/minnan/seg_edgetts_minnan_zh-TW-HsiaoChenNeural_SC-001032_03.wav,edgetts,minnan,SC-001032,zh-TW-HsiaoChenNeural,0.9811,可检
data/redteam/factory/segments/edgetts/minnan/seg_edgetts_minnan_zh-TW-HsiaoChenNeural_SC-001257_00.wav,edgetts,minnan,SC-001257,zh-TW-HsiaoChenNeural,0.8907,可检
data/redteam/factory/segments/edgetts/minnan/seg_edgetts_minnan_zh-TW-HsiaoChenNeural_SC-001257_01.wav,edgetts,minnan,SC-001257,zh-TW-HsiaoChenNeural,0.9439,可检
data/redteam/factory/segments/edgetts/minnan/seg_edgetts_minnan_zh-TW-HsiaoChenNeural_SC-001257_02.wav,edgetts,minnan,SC-001257,zh-TW-HsiaoChenNeural,0.9855,可检
data/redteam/factory/segments/edgetts/minnan/seg_edgetts_minnan_zh-TW-HsiaoChenNeural_SC-001257_03.wav,edgetts,minnan,SC-001257,zh-TW-HsiaoChenNeural,0.9739,可检
data/redteam/factory/segments/edgetts/sichuan/seg_edgetts_sichuan_zh-CN-YunxiNeural_SC-000457_00.wav,edgetts,sichuan,SC-000457,zh-CN-YunxiNeural,0.7563,可检
data/redteam/factory/segments/edgetts/sichuan/seg_edgetts_sichuan_zh-CN-YunxiNeural_SC-000457_01.wav,edgetts,sichuan,SC-000457,zh-CN-YunxiNeural,0.4078,边界
data/redteam/factory/segments/edgetts/sichuan/seg_edgetts_sichuan_zh-CN-YunxiNeural_SC-000457_02.wav,edgetts,sichuan,SC-000457,zh-CN-YunxiNeural,0.8507,可检
data/redteam/factory/segments/edgetts/sichuan/seg_edgetts_sichuan_zh-CN-YunxiNeural_SC-000457_03.wav,edgetts,sichuan,SC-000457,zh-CN-YunxiNeural,0.7831,可检
data/redteam/factory/segments/edgetts/sichuan/seg_edgetts_sichuan_zh-CN-YunxiNeural_SC-001028_00.wav,edgetts,sichuan,SC-001028,zh-CN-YunxiNeural,0.6044,可检
data/redteam/factory/segments/edgetts/sichuan/seg_edgetts_sichuan_zh-CN-YunxiNeural_SC-001028_01.wav,edgetts,sichuan,SC-001028,zh-CN-YunxiNeural,0.8419,可检
data/redteam/factory/segments/edgetts/sichuan/seg_edgetts_sichuan_zh-CN-YunxiNeural_SC-001028_02.wav,edgetts,sichuan,SC-001028,zh-CN-YunxiNeural,0.5261,可检
data/redteam/factory/segments/edgetts/sichuan/seg_edgetts_sichuan_zh-CN-YunxiNeural_SC-001028_03.wav,edgetts,sichuan,SC-001028,zh-CN-YunxiNeural,0.7669,可检
data/redteam/factory/segments/edgetts/sichuan/seg_edgetts_sichuan_zh-CN-YunxiNeural_SC-001451_00.wav,edgetts,sichuan,SC-001451,zh-CN-YunxiNeural,0.6641,可检
data/redteam/factory/segments/edgetts/sichuan/seg_edgetts_sichuan_zh-CN-YunxiNeural_SC-001451_01.wav,edgetts,sichuan,SC-001451,zh-CN-YunxiNeural,0.437,边界
data/redteam/factory/segments/edgetts/sichuan/seg_edgetts_sichuan_zh-CN-YunxiNeural_SC-001451_02.wav,edgetts,sichuan,SC-001451,zh-CN-YunxiNeural,0.7721,可检
data/redteam/factory/segments/edgetts/sichuan/seg_edgetts_sichuan_zh-CN-YunxiNeural_SC-001451_03.wav,edgetts,sichuan,SC-001451,zh-CN-YunxiNeural,0.6932,可检
data/redteam/factory/segments/edgetts/sichuan/seg_edgetts_sichuan_zh-CN-XiaoxiaoNeural_SC-000457_00.wav,edgetts,sichuan,SC-000457,zh-CN-XiaoxiaoNeural,0.9572,可检
data/redteam/factory/segments/edgetts/sichuan/seg_edgetts_sichuan_zh-CN-XiaoxiaoNeural_SC-000457_01.wav,edgetts,sichuan,SC-000457,zh-CN-XiaoxiaoNeural,0.9319,可检
data/redteam/factory/segments/edgetts/sichuan/seg_edgetts_sichuan_zh-CN-XiaoxiaoNeural_SC-000457_02.wav,edgetts,sichuan,SC-000457,zh-CN-XiaoxiaoNeural,0.7662,可检
data/redteam/factory/segments/edgetts/sichuan/seg_edgetts_sichuan_zh-CN-XiaoxiaoNeural_SC-000457_03.wav,edgetts,sichuan,SC-000457,zh-CN-XiaoxiaoNeural,0.8662,可检
data/redteam/factory/segments/edgetts/sichuan/seg_edgetts_sichuan_zh-CN-XiaoxiaoNeural_SC-000457_04.wav,edgetts,sichuan,SC-000457,zh-CN-XiaoxiaoNeural,0.97,可检
data/redteam/factory/segments/edgetts/sichuan/seg_edgetts_sichuan_zh-CN-XiaoxiaoNeural_SC-000457_05.wav,edgetts,sichuan,SC-000457,zh-CN-XiaoxiaoNeural,0.9335,可检
data/redteam/factory/segments/edgetts/sichuan/seg_edgetts_sichuan_zh-CN-XiaoxiaoNeural_SC-000457_06.wav,edgetts,sichuan,SC-000457,zh-CN-XiaoxiaoNeural,0.8577,可检
data/redteam/factory/segments/edgetts/sichuan/seg_edgetts_sichuan_zh-CN-XiaoxiaoNeural_SC-000963_00.wav,edgetts,sichuan,SC-000963,zh-CN-XiaoxiaoNeural,0.9145,可检
data/redteam/factory/segments/edgetts/sichuan/seg_edgetts_sichuan_zh-CN-XiaoxiaoNeural_SC-000963_01.wav,edgetts,sichuan,SC-000963,zh-CN-XiaoxiaoNeural,0.8974,可检
data/redteam/factory/segments/edgetts/sichuan/seg_edgetts_sichuan_zh-CN-XiaoxiaoNeural_SC-000963_02.wav,edgetts,sichuan,SC-000963,zh-CN-XiaoxiaoNeural,0.8716,可检
data/redteam/factory/segments/edgetts/sichuan/seg_edgetts_sichuan_zh-CN-XiaoxiaoNeural_SC-000963_03.wav,edgetts,sichuan,SC-000963,zh-CN-XiaoxiaoNeural,0.9539,可检
data/redteam/factory/segments/edgetts/sichuan/seg_edgetts_sichuan_zh-CN-XiaoxiaoNeural_SC-001028_00.wav,edgetts,sichuan,SC-001028,zh-CN-XiaoxiaoNeural,0.9619,可检
data/redteam/factory/segments/edgetts/sichuan/seg_edgetts_sichuan_zh-CN-XiaoxiaoNeural_SC-001028_01.wav,edgetts,sichuan,SC-001028,zh-CN-XiaoxiaoNeural,0.9246,可检
data/redteam/factory/segments/edgetts/sichuan/seg_edgetts_sichuan_zh-CN-XiaoxiaoNeural_SC-001028_02.wav,edgetts,sichuan,SC-001028,zh-CN-XiaoxiaoNeural,0.8858,可检
data/redteam/factory/segments/edgetts/sichuan/seg_edgetts_sichuan_zh-CN-XiaoxiaoNeural_SC-001028_03.wav,edgetts,sichuan,SC-001028,zh-CN-XiaoxiaoNeural,0.9369,可检
data/redteam/factory/segments/edgetts/sichuan/seg_edgetts_sichuan_zh-CN-XiaoxiaoNeural_SC-001028_04.wav,edgetts,sichuan,SC-001028,zh-CN-XiaoxiaoNeural,0.9341,可检
data/redteam/factory/segments/edgetts/sichuan/seg_edgetts_sichuan_zh-CN-XiaoxiaoNeural_SC-001451_00.wav,edgetts,sichuan,SC-001451,zh-CN-XiaoxiaoNeural,0.6041,可检
data/redteam/factory/segments/edgetts/sichuan/seg_edgetts_sichuan_zh-CN-XiaoxiaoNeural_SC-001451_01.wav,edgetts,sichuan,SC-001451,zh-CN-XiaoxiaoNeural,0.9187,可检
data/redteam/factory/segments/edgetts/sichuan/seg_edgetts_sichuan_zh-CN-XiaoxiaoNeural_SC-001451_02.wav,edgetts,sichuan,SC-001451,zh-CN-XiaoxiaoNeural,0.951,可检
data/redteam/factory/segments/edgetts/sichuan/seg_edgetts_sichuan_zh-CN-XiaoxiaoNeural_SC-001451_03.wav,edgetts,sichuan,SC-001451,zh-CN-XiaoxiaoNeural,0.9753,可检
data/redteam/factory/segments/edgetts/sichuan/seg_edgetts_sichuan_zh-CN-XiaoxiaoNeural_SC-001451_04.wav,edgetts,sichuan,SC-001451,zh-CN-XiaoxiaoNeural,0.9492,可检
data/redteam/factory/segments/edgetts/cantonese/seg_edgetts_cantonese_zh-HK-HiuMaanNeural_SC-000515_00.wav,edgetts,cantonese,SC-000515,zh-HK-HiuMaanNeural,0.9848,可检
data/redteam/factory/segments/edgetts/cantonese/seg_edgetts_cantonese_zh-HK-HiuMaanNeural_SC-000515_01.wav,edgetts,cantonese,SC-000515,zh-HK-HiuMaanNeural,0.9913,可检
data/redteam/factory/segments/edgetts/cantonese/seg_edgetts_cantonese_zh-HK-HiuMaanNeural_SC-000515_02.wav,edgetts,cantonese,SC-000515,zh-HK-HiuMaanNeural,0.9659,可检
data/redteam/factory/segments/edgetts/cantonese/seg_edgetts_cantonese_zh-HK-HiuMaanNeural_SC-000515_03.wav,edgetts,cantonese,SC-000515,zh-HK-HiuMaanNeural,0.9357,可检
data/redteam/factory/segments/edgetts/cantonese/seg_edgetts_cantonese_zh-HK-HiuMaanNeural_SC-000515_04.wav,edgetts,cantonese,SC-000515,zh-HK-HiuMaanNeural,0.9881,可检
data/redteam/factory/segments/edgetts/cantonese/seg_edgetts_cantonese_zh-HK-HiuMaanNeural_SC-000666_00.wav,edgetts,cantonese,SC-000666,zh-HK-HiuMaanNeural,0.9766,可检
data/redteam/factory/segments/edgetts/cantonese/seg_edgetts_cantonese_zh-HK-HiuMaanNeural_SC-000666_01.wav,edgetts,cantonese,SC-000666,zh-HK-HiuMaanNeural,0.9488,可检
data/redteam/factory/segments/edgetts/cantonese/seg_edgetts_cantonese_zh-HK-HiuMaanNeural_SC-000666_02.wav,edgetts,cantonese,SC-000666,zh-HK-HiuMaanNeural,0.9702,可检
data/redteam/factory/segments/edgetts/cantonese/seg_edgetts_cantonese_zh-HK-HiuMaanNeural_SC-000666_03.wav,edgetts,cantonese,SC-000666,zh-HK-HiuMaanNeural,0.9704,可检
data/redteam/factory/segments/edgetts/cantonese/seg_edgetts_cantonese_zh-HK-HiuMaanNeural_SC-000666_04.wav,edgetts,cantonese,SC-000666,zh-HK-HiuMaanNeural,0.9287,可检
data/redteam/factory/segments/edgetts/cantonese/seg_edgetts_cantonese_zh-HK-HiuMaanNeural_SC-000786_00.wav,edgetts,cantonese,SC-000786,zh-HK-HiuMaanNeural,0.9918,可检
data/redteam/factory/segments/edgetts/cantonese/seg_edgetts_cantonese_zh-HK-HiuMaanNeural_SC-000786_01.wav,edgetts,cantonese,SC-000786,zh-HK-HiuMaanNeural,0.9967,可检
data/redteam/factory/segments/edgetts/cantonese/seg_edgetts_cantonese_zh-HK-HiuMaanNeural_SC-000786_02.wav,edgetts,cantonese,SC-000786,zh-HK-HiuMaanNeural,0.9794,可检
data/redteam/factory/segments/edgetts/cantonese/seg_edgetts_cantonese_zh-HK-HiuMaanNeural_SC-000786_03.wav,edgetts,cantonese,SC-000786,zh-HK-HiuMaanNeural,0.977,可检
data/redteam/factory/segments/edgetts/cantonese/seg_edgetts_cantonese_zh-HK-HiuMaanNeural_SC-000988_00.wav,edgetts,cantonese,SC-000988,zh-HK-HiuMaanNeural,0.9236,可检
data/redteam/factory/segments/edgetts/cantonese/seg_edgetts_cantonese_zh-HK-HiuMaanNeural_SC-000988_01.wav,edgetts,cantonese,SC-000988,zh-HK-HiuMaanNeural,0.9869,可检
data/redteam/factory/segments/edgetts/cantonese/seg_edgetts_cantonese_zh-HK-HiuMaanNeural_SC-000988_02.wav,edgetts,cantonese,SC-000988,zh-HK-HiuMaanNeural,0.9659,可检
data/redteam/factory/segments/edgetts/cantonese/seg_edgetts_cantonese_zh-HK-HiuMaanNeural_SC-000988_03.wav,edgetts,cantonese,SC-000988,zh-HK-HiuMaanNeural,0.9407,可检
data/redteam/factory/segments/edgetts/cantonese/seg_edgetts_cantonese_zh-HK-HiuMaanNeural_SC-000988_04.wav,edgetts,cantonese,SC-000988,zh-HK-HiuMaanNeural,0.9591,可检
data/redteam/factory/segments/edgetts/cantonese/seg_edgetts_cantonese_zh-HK-HiuMaanNeural_SC-000988_05.wav,edgetts,cantonese,SC-000988,zh-HK-HiuMaanNeural,0.9505,可检
data/redteam/factory/segments/edgetts/cantonese/seg_edgetts_cantonese_zh-HK-HiuMaanNeural_SC-001419_00.wav,edgetts,cantonese,SC-001419,zh-HK-HiuMaanNeural,0.9815,可检
data/redteam/factory/segments/edgetts/cantonese/seg_edgetts_cantonese_zh-HK-HiuMaanNeural_SC-001419_01.wav,edgetts,cantonese,SC-001419,zh-HK-HiuMaanNeural,0.9724,可检
data/redteam/factory/segments/edgetts/cantonese/seg_edgetts_cantonese_zh-HK-HiuMaanNeural_SC-001419_02.wav,edgetts,cantonese,SC-001419,zh-HK-HiuMaanNeural,0.9839,可检
data/redteam/factory/segments/edgetts/cantonese/seg_edgetts_cantonese_zh-HK-HiuMaanNeural_SC-001419_03.wav,edgetts,cantonese,SC-001419,zh-HK-HiuMaanNeural,0.971,可检
data/redteam/factory/segments/edgetts/cantonese/seg_edgetts_cantonese_zh-HK-HiuMaanNeural_SC-001419_04.wav,edgetts,cantonese,SC-001419,zh-HK-HiuMaanNeural,0.9428,可检
data/redteam/factory/segments/edgetts/cantonese/seg_edgetts_cantonese_zh-HK-WanLungNeural_SC-000515_00.wav,edgetts,cantonese,SC-000515,zh-HK-WanLungNeural,0.8032,可检
data/redteam/factory/segments/edgetts/cantonese/seg_edgetts_cantonese_zh-HK-WanLungNeural_SC-000515_01.wav,edgetts,cantonese,SC-000515,zh-HK-WanLungNeural,0.9511,可检
data/redteam/factory/segments/edgetts/cantonese/seg_edgetts_cantonese_zh-HK-WanLungNeural_SC-000515_02.wav,edgetts,cantonese,SC-000515,zh-HK-WanLungNeural,0.9069,可检
data/redteam/factory/segments/edgetts/cantonese/seg_edgetts_cantonese_zh-HK-WanLungNeural_SC-000515_03.wav,edgetts,cantonese,SC-000515,zh-HK-WanLungNeural,0.8629,可检
data/redteam/factory/segments/edgetts/cantonese/seg_edgetts_cantonese_zh-HK-WanLungNeural_SC-000515_04.wav,edgetts,cantonese,SC-000515,zh-HK-WanLungNeural,0.8939,可检
data/redteam/factory/segments/edgetts/cantonese/seg_edgetts_cantonese_zh-HK-WanLungNeural_SC-000666_00.wav,edgetts,cantonese,SC-000666,zh-HK-WanLungNeural,0.8586,可检
data/redteam/factory/segments/edgetts/cantonese/seg_edgetts_cantonese_zh-HK-WanLungNeural_SC-000666_01.wav,edgetts,cantonese,SC-000666,zh-HK-WanLungNeural,0.9761,可检
data/redteam/factory/segments/edgetts/cantonese/seg_edgetts_cantonese_zh-HK-WanLungNeural_SC-000666_02.wav,edgetts,cantonese,SC-000666,zh-HK-WanLungNeural,0.6625,可检
data/redteam/factory/segments/edgetts/cantonese/seg_edgetts_cantonese_zh-HK-WanLungNeural_SC-000666_03.wav,edgetts,cantonese,SC-000666,zh-HK-WanLungNeural,0.922,可检
data/redteam/factory/segments/edgetts/cantonese/seg_edgetts_cantonese_zh-HK-WanLungNeural_SC-000666_04.wav,edgetts,cantonese,SC-000666,zh-HK-WanLungNeural,0.8327,可检
data/redteam/factory/segments/edgetts/cantonese/seg_edgetts_cantonese_zh-HK-WanLungNeural_SC-000786_00.wav,edgetts,cantonese,SC-000786,zh-HK-WanLungNeural,0.9733,可检
data/redteam/factory/segments/edgetts/cantonese/seg_edgetts_cantonese_zh-HK-WanLungNeural_SC-000786_01.wav,edgetts,cantonese,SC-000786,zh-HK-WanLungNeural,0.6825,可检
data/redteam/factory/segments/edgetts/cantonese/seg_edgetts_cantonese_zh-HK-WanLungNeural_SC-000786_02.wav,edgetts,cantonese,SC-000786,zh-HK-WanLungNeural,0.942,可检
data/redteam/factory/segments/edgetts/cantonese/seg_edgetts_cantonese_zh-HK-WanLungNeural_SC-000786_03.wav,edgetts,cantonese,SC-000786,zh-HK-WanLungNeural,0.9102,可检
data/redteam/factory/segments/edgetts/cantonese/seg_edgetts_cantonese_zh-HK-WanLungNeural_SC-000988_00.wav,edgetts,cantonese,SC-000988,zh-HK-WanLungNeural,0.812,可检
data/redteam/factory/segments/edgetts/cantonese/seg_edgetts_cantonese_zh-HK-WanLungNeural_SC-000988_01.wav,edgetts,cantonese,SC-000988,zh-HK-WanLungNeural,0.803,可检
data/redteam/factory/segments/edgetts/cantonese/seg_edgetts_cantonese_zh-HK-WanLungNeural_SC-000988_02.wav,edgetts,cantonese,SC-000988,zh-HK-WanLungNeural,0.9859,可检
data/redteam/factory/segments/edgetts/cantonese/seg_edgetts_cantonese_zh-HK-WanLungNeural_SC-000988_03.wav,edgetts,cantonese,SC-000988,zh-HK-WanLungNeural,0.9209,可检
data/redteam/factory/segments/edgetts/cantonese/seg_edgetts_cantonese_zh-HK-WanLungNeural_SC-000988_04.wav,edgetts,cantonese,SC-000988,zh-HK-WanLungNeural,0.8383,可检
data/redteam/factory/segments/edgetts/cantonese/seg_edgetts_cantonese_zh-HK-WanLungNeural_SC-000988_05.wav,edgetts,cantonese,SC-000988,zh-HK-WanLungNeural,0.5796,可检
data/redteam/factory/segments/edgetts/cantonese/seg_edgetts_cantonese_zh-HK-WanLungNeural_SC-001419_00.wav,edgetts,cantonese,SC-001419,zh-HK-WanLungNeural,0.6182,可检
data/redteam/factory/segments/edgetts/cantonese/seg_edgetts_cantonese_zh-HK-WanLungNeural_SC-001419_01.wav,edgetts,cantonese,SC-001419,zh-HK-WanLungNeural,0.933,可检
data/redteam/factory/segments/edgetts/cantonese/seg_edgetts_cantonese_zh-HK-WanLungNeural_SC-001419_02.wav,edgetts,cantonese,SC-001419,zh-HK-WanLungNeural,0.9839,可检
data/redteam/factory/segments/edgetts/cantonese/seg_edgetts_cantonese_zh-HK-WanLungNeural_SC-001419_03.wav,edgetts,cantonese,SC-001419,zh-HK-WanLungNeural,0.7884,可检
data/redteam/factory/segments/edgetts/dongbei/seg_edgetts_dongbei_zh-CN-liaoning-XiaobeiNeural_SC-000541_00.wav,edgetts,dongbei,SC-000541,zh-CN-liaoning-XiaobeiNeural,0.5095,可检
data/redteam/factory/segments/edgetts/dongbei/seg_edgetts_dongbei_zh-CN-liaoning-XiaobeiNeural_SC-000541_01.wav,edgetts,dongbei,SC-000541,zh-CN-liaoning-XiaobeiNeural,0.6433,可检
data/redteam/factory/segments/edgetts/dongbei/seg_edgetts_dongbei_zh-CN-liaoning-XiaobeiNeural_SC-000541_02.wav,edgetts,dongbei,SC-000541,zh-CN-liaoning-XiaobeiNeural,0.4874,边界
data/redteam/factory/segments/edgetts/dongbei/seg_edgetts_dongbei_zh-CN-liaoning-XiaobeiNeural_SC-000541_03.wav,edgetts,dongbei,SC-000541,zh-CN-liaoning-XiaobeiNeural,0.7771,可检
data/redteam/factory/segments/edgetts/dongbei/seg_edgetts_dongbei_zh-CN-liaoning-XiaobeiNeural_SC-000635_00.wav,edgetts,dongbei,SC-000635,zh-CN-liaoning-XiaobeiNeural,0.7835,可检
data/redteam/factory/segments/edgetts/dongbei/seg_edgetts_dongbei_zh-CN-liaoning-XiaobeiNeural_SC-000635_01.wav,edgetts,dongbei,SC-000635,zh-CN-liaoning-XiaobeiNeural,0.9075,可检
data/redteam/factory/segments/edgetts/dongbei/seg_edgetts_dongbei_zh-CN-liaoning-XiaobeiNeural_SC-000635_02.wav,edgetts,dongbei,SC-000635,zh-CN-liaoning-XiaobeiNeural,0.8441,可检
data/redteam/factory/segments/edgetts/dongbei/seg_edgetts_dongbei_zh-CN-liaoning-XiaobeiNeural_SC-000635_03.wav,edgetts,dongbei,SC-000635,zh-CN-liaoning-XiaobeiNeural,0.7755,可检
data/redteam/factory/segments/edgetts/dongbei/seg_edgetts_dongbei_zh-CN-liaoning-XiaobeiNeural_SC-000635_04.wav,edgetts,dongbei,SC-000635,zh-CN-liaoning-XiaobeiNeural,0.8648,可检
data/redteam/factory/segments/edgetts/dongbei/seg_edgetts_dongbei_zh-CN-liaoning-XiaobeiNeural_SC-001209_00.wav,edgetts,dongbei,SC-001209,zh-CN-liaoning-XiaobeiNeural,0.6877,可检
data/redteam/factory/segments/edgetts/dongbei/seg_edgetts_dongbei_zh-CN-liaoning-XiaobeiNeural_SC-001209_01.wav,edgetts,dongbei,SC-001209,zh-CN-liaoning-XiaobeiNeural,0.9633,可检
data/redteam/factory/segments/edgetts/dongbei/seg_edgetts_dongbei_zh-CN-liaoning-XiaobeiNeural_SC-001209_02.wav,edgetts,dongbei,SC-001209,zh-CN-liaoning-XiaobeiNeural,0.9327,可检
data/redteam/factory/segments/edgetts/dongbei/seg_edgetts_dongbei_zh-CN-liaoning-XiaobeiNeural_SC-001209_03.wav,edgetts,dongbei,SC-001209,zh-CN-liaoning-XiaobeiNeural,0.9341,可检
data/redteam/factory/segments/edgetts/dongbei/seg_edgetts_dongbei_zh-CN-liaoning-XiaobeiNeural_SC-001389_00.wav,edgetts,dongbei,SC-001389,zh-CN-liaoning-XiaobeiNeural,0.6621,可检
data/redteam/factory/segments/edgetts/dongbei/seg_edgetts_dongbei_zh-CN-liaoning-XiaobeiNeural_SC-001389_01.wav,edgetts,dongbei,SC-001389,zh-CN-liaoning-XiaobeiNeural,0.8148,可检
data/redteam/factory/segments/edgetts/dongbei/seg_edgetts_dongbei_zh-CN-liaoning-XiaobeiNeural_SC-001389_02.wav,edgetts,dongbei,SC-001389,zh-CN-liaoning-XiaobeiNeural,0.6099,可检
data/redteam/factory/segments/edgetts/dongbei/seg_edgetts_dongbei_zh-CN-liaoning-XiaobeiNeural_SC-001389_03.wav,edgetts,dongbei,SC-001389,zh-CN-liaoning-XiaobeiNeural,0.8137,可检
data/redteam/factory/segments/edgetts/dongbei/seg_edgetts_dongbei_zh-CN-liaoning-XiaobeiNeural_SC-001389_04.wav,edgetts,dongbei,SC-001389,zh-CN-liaoning-XiaobeiNeural,0.4204,边界
data/redteam/factory/segments/edgetts/dongbei/seg_edgetts_dongbei_zh-CN-liaoning-XiaobeiNeural_SC-001662_00.wav,edgetts,dongbei,SC-001662,zh-CN-liaoning-XiaobeiNeural,0.7958,可检
data/redteam/factory/segments/edgetts/dongbei/seg_edgetts_dongbei_zh-CN-liaoning-XiaobeiNeural_SC-001662_01.wav,edgetts,dongbei,SC-001662,zh-CN-liaoning-XiaobeiNeural,0.6415,可检
data/redteam/factory/segments/edgetts/dongbei/seg_edgetts_dongbei_zh-CN-liaoning-XiaobeiNeural_SC-001662_02.wav,edgetts,dongbei,SC-001662,zh-CN-liaoning-XiaobeiNeural,0.7271,可检
data/redteam/factory/segments/edgetts/dongbei/seg_edgetts_dongbei_zh-CN-liaoning-XiaobeiNeural_SC-001662_03.wav,edgetts,dongbei,SC-001662,zh-CN-liaoning-XiaobeiNeural,0.808,可检
data/redteam/factory/segments/edgetts/dongbei/seg_edgetts_dongbei_zh-CN-liaoning-XiaobeiNeural_SC-001686_00.wav,edgetts,dongbei,SC-001686,zh-CN-liaoning-XiaobeiNeural,0.7452,可检
data/redteam/factory/segments/edgetts/dongbei/seg_edgetts_dongbei_zh-CN-liaoning-XiaobeiNeural_SC-001686_01.wav,edgetts,dongbei,SC-001686,zh-CN-liaoning-XiaobeiNeural,0.5516,可检
data/redteam/factory/segments/edgetts/dongbei/seg_edgetts_dongbei_zh-CN-liaoning-XiaobeiNeural_SC-001686_02.wav,edgetts,dongbei,SC-001686,zh-CN-liaoning-XiaobeiNeural,0.7473,可检
data/redteam/factory/segments/edgetts/dongbei/seg_edgetts_dongbei_zh-CN-liaoning-XiaobeiNeural_SC-001686_03.wav,edgetts,dongbei,SC-001686,zh-CN-liaoning-XiaobeiNeural,0.8821,可检
data/redteam/factory/segments/edgetts/dongbei/seg_edgetts_dongbei_zh-CN-liaoning-XiaobeiNeural_SC-001686_04.wav,edgetts,dongbei,SC-001686,zh-CN-liaoning-XiaobeiNeural,0.6735,可检
data/redteam/factory/segments/edgetts/henan/seg_edgetts_henan_zh-CN-shaanxi-XiaoniNeural_SC-000499_00.wav,edgetts,henan,SC-000499,zh-CN-shaanxi-XiaoniNeural,0.7228,可检
data/redteam/factory/segments/edgetts/henan/seg_edgetts_henan_zh-CN-shaanxi-XiaoniNeural_SC-000499_01.wav,edgetts,henan,SC-000499,zh-CN-shaanxi-XiaoniNeural,0.9829,可检
data/redteam/factory/segments/edgetts/henan/seg_edgetts_henan_zh-CN-shaanxi-XiaoniNeural_SC-000499_02.wav,edgetts,henan,SC-000499,zh-CN-shaanxi-XiaoniNeural,0.7729,可检
data/redteam/factory/segments/edgetts/henan/seg_edgetts_henan_zh-CN-shaanxi-XiaoniNeural_SC-000499_03.wav,edgetts,henan,SC-000499,zh-CN-shaanxi-XiaoniNeural,0.7745,可检
data/redteam/factory/segments/edgetts/henan/seg_edgetts_henan_zh-CN-shaanxi-XiaoniNeural_SC-000567_00.wav,edgetts,henan,SC-000567,zh-CN-shaanxi-XiaoniNeural,0.8547,可检
data/redteam/factory/segments/edgetts/henan/seg_edgetts_henan_zh-CN-shaanxi-XiaoniNeural_SC-000567_01.wav,edgetts,henan,SC-000567,zh-CN-shaanxi-XiaoniNeural,0.9175,可检
data/redteam/factory/segments/edgetts/henan/seg_edgetts_henan_zh-CN-shaanxi-XiaoniNeural_SC-000567_02.wav,edgetts,henan,SC-000567,zh-CN-shaanxi-XiaoniNeural,0.9105,可检
data/redteam/factory/segments/edgetts/henan/seg_edgetts_henan_zh-CN-shaanxi-XiaoniNeural_SC-000567_03.wav,edgetts,henan,SC-000567,zh-CN-shaanxi-XiaoniNeural,0.7503,可检
data/redteam/factory/segments/edgetts/henan/seg_edgetts_henan_zh-CN-shaanxi-XiaoniNeural_SC-000567_04.wav,edgetts,henan,SC-000567,zh-CN-shaanxi-XiaoniNeural,0.7329,可检
data/redteam/factory/segments/edgetts/henan/seg_edgetts_henan_zh-CN-shaanxi-XiaoniNeural_SC-000898_00.wav,edgetts,henan,SC-000898,zh-CN-shaanxi-XiaoniNeural,0.9271,可检
data/redteam/factory/segments/edgetts/henan/seg_edgetts_henan_zh-CN-shaanxi-XiaoniNeural_SC-000898_01.wav,edgetts,henan,SC-000898,zh-CN-shaanxi-XiaoniNeural,0.9565,可检
data/redteam/factory/segments/edgetts/henan/seg_edgetts_henan_zh-CN-shaanxi-XiaoniNeural_SC-000898_02.wav,edgetts,henan,SC-000898,zh-CN-shaanxi-XiaoniNeural,0.9639,可检
data/redteam/factory/segments/edgetts/henan/seg_edgetts_henan_zh-CN-shaanxi-XiaoniNeural_SC-000898_03.wav,edgetts,henan,SC-000898,zh-CN-shaanxi-XiaoniNeural,0.973,可检
data/redteam/factory/segments/edgetts/henan/seg_edgetts_henan_zh-CN-shaanxi-XiaoniNeural_SC-000932_00.wav,edgetts,henan,SC-000932,zh-CN-shaanxi-XiaoniNeural,0.9254,可检
data/redteam/factory/segments/edgetts/henan/seg_edgetts_henan_zh-CN-shaanxi-XiaoniNeural_SC-000932_01.wav,edgetts,henan,SC-000932,zh-CN-shaanxi-XiaoniNeural,0.892,可检
data/redteam/factory/segments/edgetts/henan/seg_edgetts_henan_zh-CN-shaanxi-XiaoniNeural_SC-000932_02.wav,edgetts,henan,SC-000932,zh-CN-shaanxi-XiaoniNeural,0.5844,可检
data/redteam/factory/segments/edgetts/henan/seg_edgetts_henan_zh-CN-shaanxi-XiaoniNeural_SC-000932_03.wav,edgetts,henan,SC-000932,zh-CN-shaanxi-XiaoniNeural,0.9478,可检
data/redteam/factory/segments/edgetts/henan/seg_edgetts_henan_zh-CN-shaanxi-XiaoniNeural_SC-001399_00.wav,edgetts,henan,SC-001399,zh-CN-shaanxi-XiaoniNeural,0.8336,可检
data/redteam/factory/segments/edgetts/henan/seg_edgetts_henan_zh-CN-shaanxi-XiaoniNeural_SC-001399_01.wav,edgetts,henan,SC-001399,zh-CN-shaanxi-XiaoniNeural,0.948,可检
data/redteam/factory/segments/edgetts/henan/seg_edgetts_henan_zh-CN-shaanxi-XiaoniNeural_SC-001399_02.wav,edgetts,henan,SC-001399,zh-CN-shaanxi-XiaoniNeural,0.856,可检
data/redteam/factory/segments/edgetts/henan/seg_edgetts_henan_zh-CN-shaanxi-XiaoniNeural_SC-001399_03.wav,edgetts,henan,SC-001399,zh-CN-shaanxi-XiaoniNeural,0.9705,可检
data/redteam/factory/segments/edgetts/henan/seg_edgetts_henan_zh-CN-shaanxi-XiaoniNeural_SC-001399_04.wav,edgetts,henan,SC-001399,zh-CN-shaanxi-XiaoniNeural,0.9064,可检
data/redteam/factory/segments/edgetts/mandarin/seg_edgetts_mandarin_zh-CN-YunxiNeural_SC-000335_00.wav,edgetts,mandarin,SC-000335,zh-CN-YunxiNeural,0.8535,可检
data/redteam/factory/segments/edgetts/mandarin/seg_edgetts_mandarin_zh-CN-YunxiNeural_SC-000335_01.wav,edgetts,mandarin,SC-000335,zh-CN-YunxiNeural,0.9332,可检
data/redteam/factory/segments/edgetts/mandarin/seg_edgetts_mandarin_zh-CN-YunxiNeural_SC-000335_02.wav,edgetts,mandarin,SC-000335,zh-CN-YunxiNeural,0.402,边界
data/redteam/factory/segments/edgetts/mandarin/seg_edgetts_mandarin_zh-CN-XiaoxiaoNeural_SC-000335_00.wav,edgetts,mandarin,SC-000335,zh-CN-XiaoxiaoNeural,0.862,可检
data/redteam/factory/segments/edgetts/mandarin/seg_edgetts_mandarin_zh-CN-XiaoxiaoNeural_SC-000335_01.wav,edgetts,mandarin,SC-000335,zh-CN-XiaoxiaoNeural,0.9896,可检
data/redteam/factory/segments/edgetts/mandarin/seg_edgetts_mandarin_zh-CN-XiaoxiaoNeural_SC-000335_02.wav,edgetts,mandarin,SC-000335,zh-CN-XiaoxiaoNeural,0.9049,可检
data/redteam/factory/segments/edgetts/mandarin/seg_edgetts_mandarin_zh-CN-XiaoxiaoNeural_SC-000335_03.wav,edgetts,mandarin,SC-000335,zh-CN-XiaoxiaoNeural,0.9028,可检
data/redteam/factory/segments/edgetts/mandarin/seg_edgetts_mandarin_zh-CN-XiaoxiaoNeural_SC-000335_04.wav,edgetts,mandarin,SC-000335,zh-CN-XiaoxiaoNeural,0.8333,可检
data/redteam/factory/segments/edgetts/mandarin/seg_edgetts_mandarin_zh-CN-XiaoxiaoNeural_SC-000470_00.wav,edgetts,mandarin,SC-000470,zh-CN-XiaoxiaoNeural,0.9421,可检
data/redteam/factory/segments/edgetts/mandarin/seg_edgetts_mandarin_zh-CN-XiaoxiaoNeural_SC-000470_01.wav,edgetts,mandarin,SC-000470,zh-CN-XiaoxiaoNeural,0.8633,可检
data/redteam/factory/segments/edgetts/mandarin/seg_edgetts_mandarin_zh-CN-XiaoxiaoNeural_SC-000470_02.wav,edgetts,mandarin,SC-000470,zh-CN-XiaoxiaoNeural,0.9802,可检
data/redteam/factory/segments/edgetts/mandarin/seg_edgetts_mandarin_zh-CN-XiaoxiaoNeural_SC-000470_03.wav,edgetts,mandarin,SC-000470,zh-CN-XiaoxiaoNeural,0.9337,可检
data/redteam/factory/segments/edgetts/mandarin/seg_edgetts_mandarin_zh-CN-YunjianNeural_SC-000335_00.wav,edgetts,mandarin,SC-000335,zh-CN-YunjianNeural,0.6102,可检
data/redteam/factory/segments/edgetts/mandarin/seg_edgetts_mandarin_zh-CN-YunjianNeural_SC-000335_01.wav,edgetts,mandarin,SC-000335,zh-CN-YunjianNeural,0.8987,可检
data/redteam/factory/segments/edgetts/mandarin/seg_edgetts_mandarin_zh-CN-YunjianNeural_SC-000335_02.wav,edgetts,mandarin,SC-000335,zh-CN-YunjianNeural,0.7502,可检
data/redteam/factory/segments/edgetts/mandarin/seg_edgetts_mandarin_zh-CN-YunjianNeural_SC-000335_03.wav,edgetts,mandarin,SC-000335,zh-CN-YunjianNeural,0.7362,可检
data/redteam/factory/segments/edgetts/mandarin/seg_edgetts_mandarin_zh-CN-YunjianNeural_SC-000470_00.wav,edgetts,mandarin,SC-000470,zh-CN-YunjianNeural,0.4869,边界
data/redteam/factory/segments/edgetts/mandarin/seg_edgetts_mandarin_zh-CN-YunjianNeural_SC-000470_01.wav,edgetts,mandarin,SC-000470,zh-CN-YunjianNeural,0.5662,可检
data/redteam/factory/segments/edgetts/mandarin/seg_edgetts_mandarin_zh-CN-YunjianNeural_SC-000470_02.wav,edgetts,mandarin,SC-000470,zh-CN-YunjianNeural,0.703,可检
data/redteam/factory/segments/edgetts/mandarin/seg_edgetts_mandarin_zh-CN-YunjianNeural_SC-000470_03.wav,edgetts,mandarin,SC-000470,zh-CN-YunjianNeural,0.63,可检
data/redteam/factory/segments/edgetts/mandarin/seg_edgetts_mandarin_zh-CN-YunyangNeural_SC-000335_00.wav,edgetts,mandarin,SC-000335,zh-CN-YunyangNeural,0.873,可检
data/redteam/factory/segments/edgetts/mandarin/seg_edgetts_mandarin_zh-CN-YunyangNeural_SC-000335_01.wav,edgetts,mandarin,SC-000335,zh-CN-YunyangNeural,0.9494,可检
data/redteam/factory/segments/edgetts/mandarin/seg_edgetts_mandarin_zh-CN-YunyangNeural_SC-000335_02.wav,edgetts,mandarin,SC-000335,zh-CN-YunyangNeural,0.5972,可检
data/redteam/factory/segments/edgetts/minnan/seg_edgetts_minnan_zh-TW-HsiaoChenNeural_SC-000574_00.wav,edgetts,minnan,SC-000574,zh-TW-HsiaoChenNeural,0.8479,可检
data/redteam/factory/segments/edgetts/minnan/seg_edgetts_minnan_zh-TW-HsiaoChenNeural_SC-000574_01.wav,edgetts,minnan,SC-000574,zh-TW-HsiaoChenNeural,0.9779,可检
data/redteam/factory/segments/edgetts/minnan/seg_edgetts_minnan_zh-TW-HsiaoChenNeural_SC-000574_02.wav,edgetts,minnan,SC-000574,zh-TW-HsiaoChenNeural,0.9731,可检
data/redteam/factory/segments/edgetts/minnan/seg_edgetts_minnan_zh-TW-HsiaoChenNeural_SC-000574_03.wav,edgetts,minnan,SC-000574,zh-TW-HsiaoChenNeural,0.9813,可检
data/redteam/factory/segments/edgetts/minnan/seg_edgetts_minnan_zh-TW-HsiaoChenNeural_SC-000643_00.wav,edgetts,minnan,SC-000643,zh-TW-HsiaoChenNeural,0.9088,可检
data/redteam/factory/segments/edgetts/minnan/seg_edgetts_minnan_zh-TW-HsiaoChenNeural_SC-000643_01.wav,edgetts,minnan,SC-000643,zh-TW-HsiaoChenNeural,0.9585,可检
data/redteam/factory/segments/edgetts/minnan/seg_edgetts_minnan_zh-TW-HsiaoChenNeural_SC-000643_02.wav,edgetts,minnan,SC-000643,zh-TW-HsiaoChenNeural,0.95,可检
data/redteam/factory/segments/edgetts/minnan/seg_edgetts_minnan_zh-TW-HsiaoChenNeural_SC-000643_03.wav,edgetts,minnan,SC-000643,zh-TW-HsiaoChenNeural,0.8999,可检
data/redteam/factory/segments/edgetts/minnan/seg_edgetts_minnan_zh-TW-HsiaoChenNeural_SC-000936_00.wav,edgetts,minnan,SC-000936,zh-TW-HsiaoChenNeural,0.9624,可检
data/redteam/factory/segments/edgetts/minnan/seg_edgetts_minnan_zh-TW-HsiaoChenNeural_SC-000936_01.wav,edgetts,minnan,SC-000936,zh-TW-HsiaoChenNeural,0.8954,可检
data/redteam/factory/segments/edgetts/minnan/seg_edgetts_minnan_zh-TW-HsiaoChenNeural_SC-000936_02.wav,edgetts,minnan,SC-000936,zh-TW-HsiaoChenNeural,0.9628,可检
data/redteam/factory/segments/edgetts/minnan/seg_edgetts_minnan_zh-TW-HsiaoChenNeural_SC-000936_03.wav,edgetts,minnan,SC-000936,zh-TW-HsiaoChenNeural,0.9655,可检
data/redteam/factory/segments/edgetts/minnan/seg_edgetts_minnan_zh-TW-HsiaoChenNeural_SC-000936_04.wav,edgetts,minnan,SC-000936,zh-TW-HsiaoChenNeural,0.9392,可检
data/redteam/factory/segments/edgetts/minnan/seg_edgetts_minnan_zh-TW-HsiaoChenNeural_SC-000970_00.wav,edgetts,minnan,SC-000970,zh-TW-HsiaoChenNeural,0.8488,可检
data/redteam/factory/segments/edgetts/minnan/seg_edgetts_minnan_zh-TW-HsiaoChenNeural_SC-000970_01.wav,edgetts,minnan,SC-000970,zh-TW-HsiaoChenNeural,0.9839,可检
data/redteam/factory/segments/edgetts/minnan/seg_edgetts_minnan_zh-TW-HsiaoChenNeural_SC-000970_02.wav,edgetts,minnan,SC-000970,zh-TW-HsiaoChenNeural,0.9894,可检
data/redteam/factory/segments/edgetts/minnan/seg_edgetts_minnan_zh-TW-HsiaoChenNeural_SC-000970_03.wav,edgetts,minnan,SC-000970,zh-TW-HsiaoChenNeural,0.9811,可检
data/redteam/factory/segments/edgetts/minnan/seg_edgetts_minnan_zh-TW-HsiaoChenNeural_SC-000970_04.wav,edgetts,minnan,SC-000970,zh-TW-HsiaoChenNeural,0.8753,可检
data/redteam/factory/segments/edgetts/minnan/seg_edgetts_minnan_zh-TW-HsiaoChenNeural_SC-001215_00.wav,edgetts,minnan,SC-001215,zh-TW-HsiaoChenNeural,0.9465,可检
data/redteam/factory/segments/edgetts/minnan/seg_edgetts_minnan_zh-TW-HsiaoChenNeural_SC-001215_01.wav,edgetts,minnan,SC-001215,zh-TW-HsiaoChenNeural,0.974,可检
data/redteam/factory/segments/edgetts/minnan/seg_edgetts_minnan_zh-TW-HsiaoChenNeural_SC-001215_02.wav,edgetts,minnan,SC-001215,zh-TW-HsiaoChenNeural,0.986,可检
data/redteam/factory/segments/edgetts/minnan/seg_edgetts_minnan_zh-TW-HsiaoChenNeural_SC-001215_03.wav,edgetts,minnan,SC-001215,zh-TW-HsiaoChenNeural,0.9826,可检
data/redteam/factory/segments/edgetts/minnan/seg_edgetts_minnan_zh-TW-HsiaoChenNeural_SC-001215_04.wav,edgetts,minnan,SC-001215,zh-TW-HsiaoChenNeural,0.9613,可检
data/redteam/factory/segments/edgetts/minnan/seg_edgetts_minnan_zh-TW-HsiaoChenNeural_SC-001215_05.wav,edgetts,minnan,SC-001215,zh-TW-HsiaoChenNeural,0.9877,可检
data/redteam/factory/segments/edgetts/minnan/seg_edgetts_minnan_zh-TW-HsiaoChenNeural_SC-001215_06.wav,edgetts,minnan,SC-001215,zh-TW-HsiaoChenNeural,0.9883,可检
data/redteam/factory/segments/edgetts/minnan/seg_edgetts_minnan_zh-TW-HsiaoChenNeural_SC-001483_00.wav,edgetts,minnan,SC-001483,zh-TW-HsiaoChenNeural,0.9227,可检
data/redteam/factory/segments/edgetts/minnan/seg_edgetts_minnan_zh-TW-HsiaoChenNeural_SC-001483_01.wav,edgetts,minnan,SC-001483,zh-TW-HsiaoChenNeural,0.9447,可检
data/redteam/factory/segments/edgetts/minnan/seg_edgetts_minnan_zh-TW-HsiaoChenNeural_SC-001483_02.wav,edgetts,minnan,SC-001483,zh-TW-HsiaoChenNeural,0.9598,可检
data/redteam/factory/segments/edgetts/minnan/seg_edgetts_minnan_zh-TW-HsiaoChenNeural_SC-001483_03.wav,edgetts,minnan,SC-001483,zh-TW-HsiaoChenNeural,0.9545,可检
data/redteam/factory/segments/edgetts/minnan/seg_edgetts_minnan_zh-TW-YunJheNeural_SC-000936_00.wav,edgetts,minnan,SC-000936,zh-TW-YunJheNeural,0.4065,边界
data/redteam/factory/segments/edgetts/minnan/seg_edgetts_minnan_zh-TW-YunJheNeural_SC-000936_01.wav,edgetts,minnan,SC-000936,zh-TW-YunJheNeural,0.4755,边界
data/redteam/factory/segments/edgetts/minnan/seg_edgetts_minnan_zh-TW-YunJheNeural_SC-000936_02.wav,edgetts,minnan,SC-000936,zh-TW-YunJheNeural,0.7167,可检
data/redteam/factory/segments/edgetts/minnan/seg_edgetts_minnan_zh-TW-YunJheNeural_SC-000936_03.wav,edgetts,minnan,SC-000936,zh-TW-YunJheNeural,0.6817,可检
data/redteam/factory/segments/edgetts/minnan/seg_edgetts_minnan_zh-TW-YunJheNeural_SC-000970_00.wav,edgetts,minnan,SC-000970,zh-TW-YunJheNeural,0.7533,可检
data/redteam/factory/segments/edgetts/minnan/seg_edgetts_minnan_zh-TW-YunJheNeural_SC-000970_01.wav,edgetts,minnan,SC-000970,zh-TW-YunJheNeural,0.7854,可检
data/redteam/factory/segments/edgetts/minnan/seg_edgetts_minnan_zh-TW-YunJheNeural_SC-000970_02.wav,edgetts,minnan,SC-000970,zh-TW-YunJheNeural,0.9708,可检
data/redteam/factory/segments/edgetts/minnan/seg_edgetts_minnan_zh-TW-YunJheNeural_SC-000970_03.wav,edgetts,minnan,SC-000970,zh-TW-YunJheNeural,0.5154,可检
data/redteam/factory/segments/edgetts/minnan/seg_edgetts_minnan_zh-TW-YunJheNeural_SC-001215_00.wav,edgetts,minnan,SC-001215,zh-TW-YunJheNeural,0.5566,可检
data/redteam/factory/segments/edgetts/minnan/seg_edgetts_minnan_zh-TW-YunJheNeural_SC-001215_01.wav,edgetts,minnan,SC-001215,zh-TW-YunJheNeural,0.9652,可检
data/redteam/factory/segments/edgetts/minnan/seg_edgetts_minnan_zh-TW-YunJheNeural_SC-001215_02.wav,edgetts,minnan,SC-001215,zh-TW-YunJheNeural,0.7733,可检
data/redteam/factory/segments/edgetts/minnan/seg_edgetts_minnan_zh-TW-YunJheNeural_SC-001215_03.wav,edgetts,minnan,SC-001215,zh-TW-YunJheNeural,0.7951,可检
data/redteam/factory/segments/edgetts/minnan/seg_edgetts_minnan_zh-TW-YunJheNeural_SC-001215_04.wav,edgetts,minnan,SC-001215,zh-TW-YunJheNeural,0.8679,可检
data/redteam/factory/segments/edgetts/sichuan/seg_edgetts_sichuan_zh-CN-YunxiNeural_SC-000513_00.wav,edgetts,sichuan,SC-000513,zh-CN-YunxiNeural,0.8244,可检
data/redteam/factory/segments/edgetts/sichuan/seg_edgetts_sichuan_zh-CN-YunxiNeural_SC-000513_01.wav,edgetts,sichuan,SC-000513,zh-CN-YunxiNeural,0.6574,可检
data/redteam/factory/segments/edgetts/sichuan/seg_edgetts_sichuan_zh-CN-YunxiNeural_SC-000513_02.wav,edgetts,sichuan,SC-000513,zh-CN-YunxiNeural,0.8861,可检
data/redteam/factory/segments/edgetts/sichuan/seg_edgetts_sichuan_zh-CN-YunxiNeural_SC-000743_00.wav,edgetts,sichuan,SC-000743,zh-CN-YunxiNeural,0.8355,可检
data/redteam/factory/segments/edgetts/sichuan/seg_edgetts_sichuan_zh-CN-YunxiNeural_SC-000743_01.wav,edgetts,sichuan,SC-000743,zh-CN-YunxiNeural,0.8846,可检
data/redteam/factory/segments/edgetts/sichuan/seg_edgetts_sichuan_zh-CN-YunxiNeural_SC-000743_02.wav,edgetts,sichuan,SC-000743,zh-CN-YunxiNeural,0.6106,可检
data/redteam/factory/segments/edgetts/sichuan/seg_edgetts_sichuan_zh-CN-XiaoxiaoNeural_SC-000513_00.wav,edgetts,sichuan,SC-000513,zh-CN-XiaoxiaoNeural,0.9738,可检
data/redteam/factory/segments/edgetts/sichuan/seg_edgetts_sichuan_zh-CN-XiaoxiaoNeural_SC-000513_01.wav,edgetts,sichuan,SC-000513,zh-CN-XiaoxiaoNeural,0.9949,可检
data/redteam/factory/segments/edgetts/sichuan/seg_edgetts_sichuan_zh-CN-XiaoxiaoNeural_SC-000513_02.wav,edgetts,sichuan,SC-000513,zh-CN-XiaoxiaoNeural,0.8707,可检
data/redteam/factory/segments/edgetts/sichuan/seg_edgetts_sichuan_zh-CN-XiaoxiaoNeural_SC-000513_03.wav,edgetts,sichuan,SC-000513,zh-CN-XiaoxiaoNeural,0.817,可检
data/redteam/factory/segments/edgetts/sichuan/seg_edgetts_sichuan_zh-CN-XiaoxiaoNeural_SC-000513_04.wav,edgetts,sichuan,SC-000513,zh-CN-XiaoxiaoNeural,0.8503,可检
data/redteam/factory/segments/edgetts/sichuan/seg_edgetts_sichuan_zh-CN-XiaoxiaoNeural_SC-000743_00.wav,edgetts,sichuan,SC-000743,zh-CN-XiaoxiaoNeural,0.951,可检
data/redteam/factory/segments/edgetts/sichuan/seg_edgetts_sichuan_zh-CN-XiaoxiaoNeural_SC-000743_01.wav,edgetts,sichuan,SC-000743,zh-CN-XiaoxiaoNeural,0.9067,可检
data/redteam/factory/segments/edgetts/sichuan/seg_edgetts_sichuan_zh-CN-XiaoxiaoNeural_SC-000743_02.wav,edgetts,sichuan,SC-000743,zh-CN-XiaoxiaoNeural,0.9037,可检
data/redteam/factory/segments/edgetts/sichuan/seg_edgetts_sichuan_zh-CN-XiaoxiaoNeural_SC-000743_03.wav,edgetts,sichuan,SC-000743,zh-CN-XiaoxiaoNeural,0.7558,可检
data/redteam/factory/segments/edgetts/sichuan/seg_edgetts_sichuan_zh-CN-XiaoxiaoNeural_SC-001457_00.wav,edgetts,sichuan,SC-001457,zh-CN-XiaoxiaoNeural,0.9744,可检
data/redteam/factory/segments/edgetts/sichuan/seg_edgetts_sichuan_zh-CN-XiaoxiaoNeural_SC-001457_01.wav,edgetts,sichuan,SC-001457,zh-CN-XiaoxiaoNeural,0.9624,可检
data/redteam/factory/segments/edgetts/sichuan/seg_edgetts_sichuan_zh-CN-XiaoxiaoNeural_SC-001457_02.wav,edgetts,sichuan,SC-001457,zh-CN-XiaoxiaoNeural,0.9606,可检
data/redteam/factory/segments/edgetts/sichuan/seg_edgetts_sichuan_zh-CN-XiaoxiaoNeural_SC-001457_03.wav,edgetts,sichuan,SC-001457,zh-CN-XiaoxiaoNeural,0.7896,可检
data/redteam/factory/segments/edgetts/cantonese/seg_edgetts_cantonese_zh-HK-HiuMaanNeural_SC-000601_00.wav,edgetts,cantonese,SC-000601,zh-HK-HiuMaanNeural,0.9574,可检
data/redteam/factory/segments/edgetts/cantonese/seg_edgetts_cantonese_zh-HK-HiuMaanNeural_SC-000601_01.wav,edgetts,cantonese,SC-000601,zh-HK-HiuMaanNeural,0.958,可检
data/redteam/factory/segments/edgetts/cantonese/seg_edgetts_cantonese_zh-HK-HiuMaanNeural_SC-000601_02.wav,edgetts,cantonese,SC-000601,zh-HK-HiuMaanNeural,0.894,可检
data/redteam/factory/segments/edgetts/cantonese/seg_edgetts_cantonese_zh-HK-HiuMaanNeural_SC-000601_03.wav,edgetts,cantonese,SC-000601,zh-HK-HiuMaanNeural,0.9394,可检
data/redteam/factory/segments/edgetts/cantonese/seg_edgetts_cantonese_zh-HK-HiuMaanNeural_SC-000998_00.wav,edgetts,cantonese,SC-000998,zh-HK-HiuMaanNeural,0.9883,可检
data/redteam/factory/segments/edgetts/cantonese/seg_edgetts_cantonese_zh-HK-HiuMaanNeural_SC-000998_01.wav,edgetts,cantonese,SC-000998,zh-HK-HiuMaanNeural,0.8877,可检
data/redteam/factory/segments/edgetts/cantonese/seg_edgetts_cantonese_zh-HK-HiuMaanNeural_SC-000998_02.wav,edgetts,cantonese,SC-000998,zh-HK-HiuMaanNeural,0.9778,可检
data/redteam/factory/segments/edgetts/cantonese/seg_edgetts_cantonese_zh-HK-HiuMaanNeural_SC-000998_03.wav,edgetts,cantonese,SC-000998,zh-HK-HiuMaanNeural,0.989,可检
data/redteam/factory/segments/edgetts/cantonese/seg_edgetts_cantonese_zh-HK-HiuMaanNeural_SC-000998_04.wav,edgetts,cantonese,SC-000998,zh-HK-HiuMaanNeural,0.9699,可检
data/redteam/factory/segments/edgetts/cantonese/seg_edgetts_cantonese_zh-HK-HiuMaanNeural_SC-001184_00.wav,edgetts,cantonese,SC-001184,zh-HK-HiuMaanNeural,0.9163,可检
data/redteam/factory/segments/edgetts/cantonese/seg_edgetts_cantonese_zh-HK-HiuMaanNeural_SC-001184_01.wav,edgetts,cantonese,SC-001184,zh-HK-HiuMaanNeural,0.9619,可检
data/redteam/factory/segments/edgetts/cantonese/seg_edgetts_cantonese_zh-HK-HiuMaanNeural_SC-001184_02.wav,edgetts,cantonese,SC-001184,zh-HK-HiuMaanNeural,0.9347,可检
data/redteam/factory/segments/edgetts/cantonese/seg_edgetts_cantonese_zh-HK-HiuMaanNeural_SC-001184_03.wav,edgetts,cantonese,SC-001184,zh-HK-HiuMaanNeural,0.8828,可检
data/redteam/factory/segments/edgetts/cantonese/seg_edgetts_cantonese_zh-HK-HiuMaanNeural_SC-001340_00.wav,edgetts,cantonese,SC-001340,zh-HK-HiuMaanNeural,0.9811,可检
data/redteam/factory/segments/edgetts/cantonese/seg_edgetts_cantonese_zh-HK-HiuMaanNeural_SC-001340_01.wav,edgetts,cantonese,SC-001340,zh-HK-HiuMaanNeural,0.9847,可检
data/redteam/factory/segments/edgetts/cantonese/seg_edgetts_cantonese_zh-HK-HiuMaanNeural_SC-001340_02.wav,edgetts,cantonese,SC-001340,zh-HK-HiuMaanNeural,0.9749,可检
data/redteam/factory/segments/edgetts/cantonese/seg_edgetts_cantonese_zh-HK-HiuMaanNeural_SC-001340_03.wav,edgetts,cantonese,SC-001340,zh-HK-HiuMaanNeural,0.8813,可检
data/redteam/factory/segments/edgetts/cantonese/seg_edgetts_cantonese_zh-HK-HiuMaanNeural_SC-001340_04.wav,edgetts,cantonese,SC-001340,zh-HK-HiuMaanNeural,0.9755,可检
data/redteam/factory/segments/edgetts/cantonese/seg_edgetts_cantonese_zh-HK-HiuMaanNeural_SC-001537_00.wav,edgetts,cantonese,SC-001537,zh-HK-HiuMaanNeural,0.99,可检
data/redteam/factory/segments/edgetts/cantonese/seg_edgetts_cantonese_zh-HK-HiuMaanNeural_SC-001537_01.wav,edgetts,cantonese,SC-001537,zh-HK-HiuMaanNeural,0.9759,可检
data/redteam/factory/segments/edgetts/cantonese/seg_edgetts_cantonese_zh-HK-HiuMaanNeural_SC-001537_02.wav,edgetts,cantonese,SC-001537,zh-HK-HiuMaanNeural,0.9815,可检
data/redteam/factory/segments/edgetts/cantonese/seg_edgetts_cantonese_zh-HK-HiuMaanNeural_SC-001537_03.wav,edgetts,cantonese,SC-001537,zh-HK-HiuMaanNeural,0.944,可检
data/redteam/factory/segments/edgetts/cantonese/seg_edgetts_cantonese_zh-HK-HiuMaanNeural_SC-001537_04.wav,edgetts,cantonese,SC-001537,zh-HK-HiuMaanNeural,0.9587,可检
data/redteam/factory/segments/edgetts/cantonese/seg_edgetts_cantonese_zh-HK-WanLungNeural_SC-000601_00.wav,edgetts,cantonese,SC-000601,zh-HK-WanLungNeural,0.7909,可检
data/redteam/factory/segments/edgetts/cantonese/seg_edgetts_cantonese_zh-HK-WanLungNeural_SC-000601_01.wav,edgetts,cantonese,SC-000601,zh-HK-WanLungNeural,0.9192,可检
data/redteam/factory/segments/edgetts/cantonese/seg_edgetts_cantonese_zh-HK-WanLungNeural_SC-000601_02.wav,edgetts,cantonese,SC-000601,zh-HK-WanLungNeural,0.8809,可检
data/redteam/factory/segments/edgetts/cantonese/seg_edgetts_cantonese_zh-HK-WanLungNeural_SC-000601_03.wav,edgetts,cantonese,SC-000601,zh-HK-WanLungNeural,0.7719,可检
data/redteam/factory/segments/edgetts/cantonese/seg_edgetts_cantonese_zh-HK-WanLungNeural_SC-000998_00.wav,edgetts,cantonese,SC-000998,zh-HK-WanLungNeural,0.8737,可检
data/redteam/factory/segments/edgetts/cantonese/seg_edgetts_cantonese_zh-HK-WanLungNeural_SC-000998_01.wav,edgetts,cantonese,SC-000998,zh-HK-WanLungNeural,0.7816,可检
data/redteam/factory/segments/edgetts/cantonese/seg_edgetts_cantonese_zh-HK-WanLungNeural_SC-000998_02.wav,edgetts,cantonese,SC-000998,zh-HK-WanLungNeural,0.9479,可检
data/redteam/factory/segments/edgetts/cantonese/seg_edgetts_cantonese_zh-HK-WanLungNeural_SC-000998_03.wav,edgetts,cantonese,SC-000998,zh-HK-WanLungNeural,0.9321,可检
data/redteam/factory/segments/edgetts/cantonese/seg_edgetts_cantonese_zh-HK-WanLungNeural_SC-000998_04.wav,edgetts,cantonese,SC-000998,zh-HK-WanLungNeural,0.9643,可检
data/redteam/factory/segments/edgetts/cantonese/seg_edgetts_cantonese_zh-HK-WanLungNeural_SC-001184_00.wav,edgetts,cantonese,SC-001184,zh-HK-WanLungNeural,0.672,可检
data/redteam/factory/segments/edgetts/cantonese/seg_edgetts_cantonese_zh-HK-WanLungNeural_SC-001184_01.wav,edgetts,cantonese,SC-001184,zh-HK-WanLungNeural,0.7934,可检
data/redteam/factory/segments/edgetts/cantonese/seg_edgetts_cantonese_zh-HK-WanLungNeural_SC-001184_02.wav,edgetts,cantonese,SC-001184,zh-HK-WanLungNeural,0.8472,可检
data/redteam/factory/segments/edgetts/cantonese/seg_edgetts_cantonese_zh-HK-WanLungNeural_SC-001184_03.wav,edgetts,cantonese,SC-001184,zh-HK-WanLungNeural,0.8733,可检
data/redteam/factory/segments/edgetts/cantonese/seg_edgetts_cantonese_zh-HK-WanLungNeural_SC-001340_00.wav,edgetts,cantonese,SC-001340,zh-HK-WanLungNeural,0.7616,可检
data/redteam/factory/segments/edgetts/cantonese/seg_edgetts_cantonese_zh-HK-WanLungNeural_SC-001340_01.wav,edgetts,cantonese,SC-001340,zh-HK-WanLungNeural,0.893,可检
data/redteam/factory/segments/edgetts/cantonese/seg_edgetts_cantonese_zh-HK-WanLungNeural_SC-001340_02.wav,edgetts,cantonese,SC-001340,zh-HK-WanLungNeural,0.7932,可检
data/redteam/factory/segments/edgetts/cantonese/seg_edgetts_cantonese_zh-HK-WanLungNeural_SC-001340_03.wav,edgetts,cantonese,SC-001340,zh-HK-WanLungNeural,0.6337,可检
data/redteam/factory/segments/edgetts/cantonese/seg_edgetts_cantonese_zh-HK-WanLungNeural_SC-001340_04.wav,edgetts,cantonese,SC-001340,zh-HK-WanLungNeural,0.9446,可检
data/redteam/factory/segments/edgetts/cantonese/seg_edgetts_cantonese_zh-HK-WanLungNeural_SC-001537_00.wav,edgetts,cantonese,SC-001537,zh-HK-WanLungNeural,0.7746,可检
data/redteam/factory/segments/edgetts/cantonese/seg_edgetts_cantonese_zh-HK-WanLungNeural_SC-001537_01.wav,edgetts,cantonese,SC-001537,zh-HK-WanLungNeural,0.7734,可检
data/redteam/factory/segments/edgetts/cantonese/seg_edgetts_cantonese_zh-HK-WanLungNeural_SC-001537_02.wav,edgetts,cantonese,SC-001537,zh-HK-WanLungNeural,0.9847,可检
data/redteam/factory/segments/edgetts/cantonese/seg_edgetts_cantonese_zh-HK-WanLungNeural_SC-001537_03.wav,edgetts,cantonese,SC-001537,zh-HK-WanLungNeural,0.6322,可检
data/redteam/factory/segments/edgetts/cantonese/seg_edgetts_cantonese_zh-HK-WanLungNeural_SC-001537_04.wav,edgetts,cantonese,SC-001537,zh-HK-WanLungNeural,0.8348,可检
data/redteam/factory/segments/edgetts/dongbei/seg_edgetts_dongbei_zh-CN-liaoning-XiaobeiNeural_SC-000463_00.wav,edgetts,dongbei,SC-000463,zh-CN-liaoning-XiaobeiNeural,0.5655,可检
data/redteam/factory/segments/edgetts/dongbei/seg_edgetts_dongbei_zh-CN-liaoning-XiaobeiNeural_SC-000463_01.wav,edgetts,dongbei,SC-000463,zh-CN-liaoning-XiaobeiNeural,0.9551,可检
data/redteam/factory/segments/edgetts/dongbei/seg_edgetts_dongbei_zh-CN-liaoning-XiaobeiNeural_SC-000463_02.wav,edgetts,dongbei,SC-000463,zh-CN-liaoning-XiaobeiNeural,0.8476,可检
data/redteam/factory/segments/edgetts/dongbei/seg_edgetts_dongbei_zh-CN-liaoning-XiaobeiNeural_SC-000463_03.wav,edgetts,dongbei,SC-000463,zh-CN-liaoning-XiaobeiNeural,0.8438,可检
data/redteam/factory/segments/edgetts/dongbei/seg_edgetts_dongbei_zh-CN-liaoning-XiaobeiNeural_SC-001119_00.wav,edgetts,dongbei,SC-001119,zh-CN-liaoning-XiaobeiNeural,0.4142,边界
data/redteam/factory/segments/edgetts/dongbei/seg_edgetts_dongbei_zh-CN-liaoning-XiaobeiNeural_SC-001119_01.wav,edgetts,dongbei,SC-001119,zh-CN-liaoning-XiaobeiNeural,0.9025,可检
data/redteam/factory/segments/edgetts/dongbei/seg_edgetts_dongbei_zh-CN-liaoning-XiaobeiNeural_SC-001119_02.wav,edgetts,dongbei,SC-001119,zh-CN-liaoning-XiaobeiNeural,0.8609,可检
data/redteam/factory/segments/edgetts/dongbei/seg_edgetts_dongbei_zh-CN-liaoning-XiaobeiNeural_SC-001119_03.wav,edgetts,dongbei,SC-001119,zh-CN-liaoning-XiaobeiNeural,0.9286,可检
data/redteam/factory/segments/edgetts/dongbei/seg_edgetts_dongbei_zh-CN-liaoning-XiaobeiNeural_SC-001119_04.wav,edgetts,dongbei,SC-001119,zh-CN-liaoning-XiaobeiNeural,0.8602,可检
data/redteam/factory/segments/edgetts/dongbei/seg_edgetts_dongbei_zh-CN-liaoning-XiaobeiNeural_SC-001395_00.wav,edgetts,dongbei,SC-001395,zh-CN-liaoning-XiaobeiNeural,0.5558,可检
data/redteam/factory/segments/edgetts/dongbei/seg_edgetts_dongbei_zh-CN-liaoning-XiaobeiNeural_SC-001395_01.wav,edgetts,dongbei,SC-001395,zh-CN-liaoning-XiaobeiNeural,0.5449,可检
data/redteam/factory/segments/edgetts/dongbei/seg_edgetts_dongbei_zh-CN-liaoning-XiaobeiNeural_SC-001395_02.wav,edgetts,dongbei,SC-001395,zh-CN-liaoning-XiaobeiNeural,0.7374,可检
data/redteam/factory/segments/edgetts/dongbei/seg_edgetts_dongbei_zh-CN-liaoning-XiaobeiNeural_SC-001395_03.wav,edgetts,dongbei,SC-001395,zh-CN-liaoning-XiaobeiNeural,0.7597,可检
data/redteam/factory/segments/edgetts/dongbei/seg_edgetts_dongbei_zh-CN-liaoning-XiaobeiNeural_SC-001531_00.wav,edgetts,dongbei,SC-001531,zh-CN-liaoning-XiaobeiNeural,0.8147,可检
data/redteam/factory/segments/edgetts/dongbei/seg_edgetts_dongbei_zh-CN-liaoning-XiaobeiNeural_SC-001531_01.wav,edgetts,dongbei,SC-001531,zh-CN-liaoning-XiaobeiNeural,0.9255,可检
data/redteam/factory/segments/edgetts/dongbei/seg_edgetts_dongbei_zh-CN-liaoning-XiaobeiNeural_SC-001531_02.wav,edgetts,dongbei,SC-001531,zh-CN-liaoning-XiaobeiNeural,0.8691,可检
data/redteam/factory/segments/edgetts/dongbei/seg_edgetts_dongbei_zh-CN-liaoning-XiaobeiNeural_SC-001531_03.wav,edgetts,dongbei,SC-001531,zh-CN-liaoning-XiaobeiNeural,0.9593,可检
data/redteam/factory/segments/edgetts/dongbei/seg_edgetts_dongbei_zh-CN-liaoning-XiaobeiNeural_SC-001531_04.wav,edgetts,dongbei,SC-001531,zh-CN-liaoning-XiaobeiNeural,0.8649,可检
data/redteam/factory/segments/edgetts/henan/seg_edgetts_henan_zh-CN-shaanxi-XiaoniNeural_SC-000430_00.wav,edgetts,henan,SC-000430,zh-CN-shaanxi-XiaoniNeural,0.8822,可检
data/redteam/factory/segments/edgetts/henan/seg_edgetts_henan_zh-CN-shaanxi-XiaoniNeural_SC-000430_01.wav,edgetts,henan,SC-000430,zh-CN-shaanxi-XiaoniNeural,0.9478,可检
data/redteam/factory/segments/edgetts/henan/seg_edgetts_henan_zh-CN-shaanxi-XiaoniNeural_SC-000430_02.wav,edgetts,henan,SC-000430,zh-CN-shaanxi-XiaoniNeural,0.7282,可检
data/redteam/factory/segments/edgetts/henan/seg_edgetts_henan_zh-CN-shaanxi-XiaoniNeural_SC-000430_03.wav,edgetts,henan,SC-000430,zh-CN-shaanxi-XiaoniNeural,0.7955,可检
data/redteam/factory/segments/edgetts/henan/seg_edgetts_henan_zh-CN-shaanxi-XiaoniNeural_SC-000621_00.wav,edgetts,henan,SC-000621,zh-CN-shaanxi-XiaoniNeural,0.8192,可检
data/redteam/factory/segments/edgetts/henan/seg_edgetts_henan_zh-CN-shaanxi-XiaoniNeural_SC-000621_01.wav,edgetts,henan,SC-000621,zh-CN-shaanxi-XiaoniNeural,0.9421,可检
data/redteam/factory/segments/edgetts/henan/seg_edgetts_henan_zh-CN-shaanxi-XiaoniNeural_SC-000621_02.wav,edgetts,henan,SC-000621,zh-CN-shaanxi-XiaoniNeural,0.8941,可检
data/redteam/factory/segments/edgetts/henan/seg_edgetts_henan_zh-CN-shaanxi-XiaoniNeural_SC-000621_03.wav,edgetts,henan,SC-000621,zh-CN-shaanxi-XiaoniNeural,0.5169,可检
data/redteam/factory/segments/edgetts/henan/seg_edgetts_henan_zh-CN-shaanxi-XiaoniNeural_SC-000741_00.wav,edgetts,henan,SC-000741,zh-CN-shaanxi-XiaoniNeural,0.9915,可检
data/redteam/factory/segments/edgetts/henan/seg_edgetts_henan_zh-CN-shaanxi-XiaoniNeural_SC-000741_01.wav,edgetts,henan,SC-000741,zh-CN-shaanxi-XiaoniNeural,0.8474,可检
data/redteam/factory/segments/edgetts/henan/seg_edgetts_henan_zh-CN-shaanxi-XiaoniNeural_SC-000741_02.wav,edgetts,henan,SC-000741,zh-CN-shaanxi-XiaoniNeural,0.9875,可检
data/redteam/factory/segments/edgetts/henan/seg_edgetts_henan_zh-CN-shaanxi-XiaoniNeural_SC-000741_03.wav,edgetts,henan,SC-000741,zh-CN-shaanxi-XiaoniNeural,0.4882,边界
data/redteam/factory/segments/edgetts/henan/seg_edgetts_henan_zh-CN-shaanxi-XiaoniNeural_SC-001168_00.wav,edgetts,henan,SC-001168,zh-CN-shaanxi-XiaoniNeural,0.9472,可检
data/redteam/factory/segments/edgetts/henan/seg_edgetts_henan_zh-CN-shaanxi-XiaoniNeural_SC-001168_01.wav,edgetts,henan,SC-001168,zh-CN-shaanxi-XiaoniNeural,0.9669,可检
data/redteam/factory/segments/edgetts/henan/seg_edgetts_henan_zh-CN-shaanxi-XiaoniNeural_SC-001168_02.wav,edgetts,henan,SC-001168,zh-CN-shaanxi-XiaoniNeural,0.7357,可检
data/redteam/factory/segments/edgetts/henan/seg_edgetts_henan_zh-CN-shaanxi-XiaoniNeural_SC-001168_03.wav,edgetts,henan,SC-001168,zh-CN-shaanxi-XiaoniNeural,0.6395,可检
data/redteam/factory/segments/edgetts/henan/seg_edgetts_henan_zh-CN-shaanxi-XiaoniNeural_SC-001224_00.wav,edgetts,henan,SC-001224,zh-CN-shaanxi-XiaoniNeural,0.4563,边界
data/redteam/factory/segments/edgetts/henan/seg_edgetts_henan_zh-CN-shaanxi-XiaoniNeural_SC-001224_01.wav,edgetts,henan,SC-001224,zh-CN-shaanxi-XiaoniNeural,0.9506,可检
data/redteam/factory/segments/edgetts/henan/seg_edgetts_henan_zh-CN-shaanxi-XiaoniNeural_SC-001224_02.wav,edgetts,henan,SC-001224,zh-CN-shaanxi-XiaoniNeural,0.961,可检
data/redteam/factory/segments/edgetts/henan/seg_edgetts_henan_zh-CN-shaanxi-XiaoniNeural_SC-001224_03.wav,edgetts,henan,SC-001224,zh-CN-shaanxi-XiaoniNeural,0.878,可检
data/redteam/factory/segments/edgetts/henan/seg_edgetts_henan_zh-CN-shaanxi-XiaoniNeural_SC-001352_00.wav,edgetts,henan,SC-001352,zh-CN-shaanxi-XiaoniNeural,0.8978,可检
data/redteam/factory/segments/edgetts/henan/seg_edgetts_henan_zh-CN-shaanxi-XiaoniNeural_SC-001352_01.wav,edgetts,henan,SC-001352,zh-CN-shaanxi-XiaoniNeural,0.8828,可检
data/redteam/factory/segments/edgetts/henan/seg_edgetts_henan_zh-CN-shaanxi-XiaoniNeural_SC-001352_02.wav,edgetts,henan,SC-001352,zh-CN-shaanxi-XiaoniNeural,0.988,可检
data/redteam/factory/segments/edgetts/henan/seg_edgetts_henan_zh-CN-shaanxi-XiaoniNeural_SC-001352_03.wav,edgetts,henan,SC-001352,zh-CN-shaanxi-XiaoniNeural,0.8217,可检
data/redteam/factory/segments/edgetts/mandarin/seg_edgetts_mandarin_zh-CN-YunxiNeural_SC-000507_00.wav,edgetts,mandarin,SC-000507,zh-CN-YunxiNeural,0.9148,可检
data/redteam/factory/segments/edgetts/mandarin/seg_edgetts_mandarin_zh-CN-YunxiNeural_SC-000507_01.wav,edgetts,mandarin,SC-000507,zh-CN-YunxiNeural,0.3345,边界
data/redteam/factory/segments/edgetts/mandarin/seg_edgetts_mandarin_zh-CN-YunxiNeural_SC-000507_02.wav,edgetts,mandarin,SC-000507,zh-CN-YunxiNeural,0.6044,可检
data/redteam/factory/segments/edgetts/mandarin/seg_edgetts_mandarin_zh-CN-XiaoxiaoNeural_SC-000204_00.wav,edgetts,mandarin,SC-000204,zh-CN-XiaoxiaoNeural,0.9494,可检
data/redteam/factory/segments/edgetts/mandarin/seg_edgetts_mandarin_zh-CN-XiaoxiaoNeural_SC-000204_01.wav,edgetts,mandarin,SC-000204,zh-CN-XiaoxiaoNeural,0.9841,可检
data/redteam/factory/segments/edgetts/mandarin/seg_edgetts_mandarin_zh-CN-XiaoxiaoNeural_SC-000204_02.wav,edgetts,mandarin,SC-000204,zh-CN-XiaoxiaoNeural,0.9624,可检
data/redteam/factory/segments/edgetts/mandarin/seg_edgetts_mandarin_zh-CN-XiaoxiaoNeural_SC-000204_03.wav,edgetts,mandarin,SC-000204,zh-CN-XiaoxiaoNeural,0.7429,可检
data/redteam/factory/segments/edgetts/mandarin/seg_edgetts_mandarin_zh-CN-XiaoxiaoNeural_SC-000507_00.wav,edgetts,mandarin,SC-000507,zh-CN-XiaoxiaoNeural,0.8767,可检
data/redteam/factory/segments/edgetts/mandarin/seg_edgetts_mandarin_zh-CN-XiaoxiaoNeural_SC-000507_01.wav,edgetts,mandarin,SC-000507,zh-CN-XiaoxiaoNeural,0.8624,可检
data/redteam/factory/segments/edgetts/mandarin/seg_edgetts_mandarin_zh-CN-XiaoxiaoNeural_SC-000507_02.wav,edgetts,mandarin,SC-000507,zh-CN-XiaoxiaoNeural,0.9519,可检
data/redteam/factory/segments/edgetts/mandarin/seg_edgetts_mandarin_zh-CN-XiaoxiaoNeural_SC-000507_03.wav,edgetts,mandarin,SC-000507,zh-CN-XiaoxiaoNeural,0.9176,可检
data/redteam/factory/segments/edgetts/mandarin/seg_edgetts_mandarin_zh-CN-YunjianNeural_SC-000204_00.wav,edgetts,mandarin,SC-000204,zh-CN-YunjianNeural,0.818,可检
data/redteam/factory/segments/edgetts/mandarin/seg_edgetts_mandarin_zh-CN-YunjianNeural_SC-000204_01.wav,edgetts,mandarin,SC-000204,zh-CN-YunjianNeural,0.8468,可检
data/redteam/factory/segments/edgetts/mandarin/seg_edgetts_mandarin_zh-CN-YunjianNeural_SC-000204_02.wav,edgetts,mandarin,SC-000204,zh-CN-YunjianNeural,0.8546,可检
data/redteam/factory/segments/edgetts/mandarin/seg_edgetts_mandarin_zh-CN-YunjianNeural_SC-000204_03.wav,edgetts,mandarin,SC-000204,zh-CN-YunjianNeural,0.4483,边界
data/redteam/factory/segments/edgetts/mandarin/seg_edgetts_mandarin_zh-CN-YunjianNeural_SC-000507_00.wav,edgetts,mandarin,SC-000507,zh-CN-YunjianNeural,0.9205,可检
data/redteam/factory/segments/edgetts/mandarin/seg_edgetts_mandarin_zh-CN-YunjianNeural_SC-000507_01.wav,edgetts,mandarin,SC-000507,zh-CN-YunjianNeural,0.4635,边界
data/redteam/factory/segments/edgetts/mandarin/seg_edgetts_mandarin_zh-CN-YunjianNeural_SC-000507_02.wav,edgetts,mandarin,SC-000507,zh-CN-YunjianNeural,0.916,可检
data/redteam/factory/segments/edgetts/mandarin/seg_edgetts_mandarin_zh-CN-YunjianNeural_SC-000507_03.wav,edgetts,mandarin,SC-000507,zh-CN-YunjianNeural,0.6026,可检
data/redteam/factory/segments/edgetts/minnan/seg_edgetts_minnan_zh-TW-HsiaoChenNeural_SC-000940_00.wav,edgetts,minnan,SC-000940,zh-TW-HsiaoChenNeural,0.9831,可检
data/redteam/factory/segments/edgetts/minnan/seg_edgetts_minnan_zh-TW-HsiaoChenNeural_SC-000940_01.wav,edgetts,minnan,SC-000940,zh-TW-HsiaoChenNeural,0.9488,可检
data/redteam/factory/segments/edgetts/minnan/seg_edgetts_minnan_zh-TW-HsiaoChenNeural_SC-000940_02.wav,edgetts,minnan,SC-000940,zh-TW-HsiaoChenNeural,0.9905,可检
data/redteam/factory/segments/edgetts/minnan/seg_edgetts_minnan_zh-TW-HsiaoChenNeural_SC-000940_03.wav,edgetts,minnan,SC-000940,zh-TW-HsiaoChenNeural,0.9735,可检
data/redteam/factory/segments/edgetts/minnan/seg_edgetts_minnan_zh-TW-HsiaoChenNeural_SC-000940_04.wav,edgetts,minnan,SC-000940,zh-TW-HsiaoChenNeural,0.9843,可检
data/redteam/factory/segments/edgetts/minnan/seg_edgetts_minnan_zh-TW-HsiaoChenNeural_SC-001034_00.wav,edgetts,minnan,SC-001034,zh-TW-HsiaoChenNeural,0.8992,可检
data/redteam/factory/segments/edgetts/minnan/seg_edgetts_minnan_zh-TW-HsiaoChenNeural_SC-001034_01.wav,edgetts,minnan,SC-001034,zh-TW-HsiaoChenNeural,0.9916,可检
data/redteam/factory/segments/edgetts/minnan/seg_edgetts_minnan_zh-TW-HsiaoChenNeural_SC-001034_02.wav,edgetts,minnan,SC-001034,zh-TW-HsiaoChenNeural,0.9707,可检
data/redteam/factory/segments/edgetts/minnan/seg_edgetts_minnan_zh-TW-HsiaoChenNeural_SC-001034_03.wav,edgetts,minnan,SC-001034,zh-TW-HsiaoChenNeural,0.999,可检
data/redteam/factory/segments/edgetts/minnan/seg_edgetts_minnan_zh-TW-YunJheNeural_SC-000940_00.wav,edgetts,minnan,SC-000940,zh-TW-YunJheNeural,0.6376,可检
data/redteam/factory/segments/edgetts/minnan/seg_edgetts_minnan_zh-TW-YunJheNeural_SC-000940_01.wav,edgetts,minnan,SC-000940,zh-TW-YunJheNeural,0.5981,可检
data/redteam/factory/segments/edgetts/minnan/seg_edgetts_minnan_zh-TW-YunJheNeural_SC-000940_02.wav,edgetts,minnan,SC-000940,zh-TW-YunJheNeural,0.9502,可检
data/redteam/factory/segments/edgetts/minnan/seg_edgetts_minnan_zh-TW-YunJheNeural_SC-000940_03.wav,edgetts,minnan,SC-000940,zh-TW-YunJheNeural,0.6474,可检
data/redteam/factory/segments/edgetts/sichuan/seg_edgetts_sichuan_zh-CN-YunxiNeural_SC-000812_00.wav,edgetts,sichuan,SC-000812,zh-CN-YunxiNeural,0.3626,边界
data/redteam/factory/segments/edgetts/sichuan/seg_edgetts_sichuan_zh-CN-YunxiNeural_SC-000812_01.wav,edgetts,sichuan,SC-000812,zh-CN-YunxiNeural,0.7296,可检
data/redteam/factory/segments/edgetts/sichuan/seg_edgetts_sichuan_zh-CN-YunxiNeural_SC-000812_02.wav,edgetts,sichuan,SC-000812,zh-CN-YunxiNeural,0.7984,可检
data/redteam/factory/segments/edgetts/sichuan/seg_edgetts_sichuan_zh-CN-YunxiNeural_SC-000812_03.wav,edgetts,sichuan,SC-000812,zh-CN-YunxiNeural,0.4262,边界
data/redteam/factory/segments/edgetts/sichuan/seg_edgetts_sichuan_zh-CN-YunxiNeural_SC-000896_00.wav,edgetts,sichuan,SC-000896,zh-CN-YunxiNeural,0.4656,边界
data/redteam/factory/segments/edgetts/sichuan/seg_edgetts_sichuan_zh-CN-YunxiNeural_SC-000896_01.wav,edgetts,sichuan,SC-000896,zh-CN-YunxiNeural,0.6792,可检
data/redteam/factory/segments/edgetts/sichuan/seg_edgetts_sichuan_zh-CN-YunxiNeural_SC-000896_02.wav,edgetts,sichuan,SC-000896,zh-CN-YunxiNeural,0.6305,可检
data/redteam/factory/segments/edgetts/sichuan/seg_edgetts_sichuan_zh-CN-YunxiNeural_SC-000896_03.wav,edgetts,sichuan,SC-000896,zh-CN-YunxiNeural,0.5121,可检
data/redteam/factory/segments/edgetts/sichuan/seg_edgetts_sichuan_zh-CN-XiaoxiaoNeural_SC-000812_00.wav,edgetts,sichuan,SC-000812,zh-CN-XiaoxiaoNeural,0.8912,可检
data/redteam/factory/segments/edgetts/sichuan/seg_edgetts_sichuan_zh-CN-XiaoxiaoNeural_SC-000812_01.wav,edgetts,sichuan,SC-000812,zh-CN-XiaoxiaoNeural,0.969,可检
data/redteam/factory/segments/edgetts/sichuan/seg_edgetts_sichuan_zh-CN-XiaoxiaoNeural_SC-000812_02.wav,edgetts,sichuan,SC-000812,zh-CN-XiaoxiaoNeural,0.8271,可检
data/redteam/factory/segments/edgetts/sichuan/seg_edgetts_sichuan_zh-CN-XiaoxiaoNeural_SC-000812_03.wav,edgetts,sichuan,SC-000812,zh-CN-XiaoxiaoNeural,0.9384,可检
data/redteam/factory/segments/edgetts/sichuan/seg_edgetts_sichuan_zh-CN-XiaoxiaoNeural_SC-000812_04.wav,edgetts,sichuan,SC-000812,zh-CN-XiaoxiaoNeural,0.9255,可检
data/redteam/factory/segments/edgetts/sichuan/seg_edgetts_sichuan_zh-CN-XiaoxiaoNeural_SC-000896_00.wav,edgetts,sichuan,SC-000896,zh-CN-XiaoxiaoNeural,0.9852,可检
data/redteam/factory/segments/edgetts/sichuan/seg_edgetts_sichuan_zh-CN-XiaoxiaoNeural_SC-000896_01.wav,edgetts,sichuan,SC-000896,zh-CN-XiaoxiaoNeural,0.9771,可检
data/redteam/factory/segments/edgetts/sichuan/seg_edgetts_sichuan_zh-CN-XiaoxiaoNeural_SC-000896_02.wav,edgetts,sichuan,SC-000896,zh-CN-XiaoxiaoNeural,0.7904,可检
data/redteam/factory/segments/edgetts/sichuan/seg_edgetts_sichuan_zh-CN-XiaoxiaoNeural_SC-000896_03.wav,edgetts,sichuan,SC-000896,zh-CN-XiaoxiaoNeural,0.7805,可检
data/redteam/factory/segments/edgetts/sichuan/seg_edgetts_sichuan_zh-CN-XiaoxiaoNeural_SC-000896_04.wav,edgetts,sichuan,SC-000896,zh-CN-XiaoxiaoNeural,0.8858,可检
data/redteam/factory/segments/edgetts/cantonese/seg_edgetts_cantonese_zh-HK-HiuMaanNeural_SC-000547_00.wav,edgetts,cantonese,SC-000547,zh-HK-HiuMaanNeural,0.9641,可检
data/redteam/factory/segments/edgetts/cantonese/seg_edgetts_cantonese_zh-HK-HiuMaanNeural_SC-000547_01.wav,edgetts,cantonese,SC-000547,zh-HK-HiuMaanNeural,0.9532,可检
data/redteam/factory/segments/edgetts/cantonese/seg_edgetts_cantonese_zh-HK-HiuMaanNeural_SC-000547_02.wav,edgetts,cantonese,SC-000547,zh-HK-HiuMaanNeural,0.9756,可检
data/redteam/factory/segments/edgetts/cantonese/seg_edgetts_cantonese_zh-HK-HiuMaanNeural_SC-000547_03.wav,edgetts,cantonese,SC-000547,zh-HK-HiuMaanNeural,0.9493,可检
data/redteam/factory/segments/edgetts/cantonese/seg_edgetts_cantonese_zh-HK-HiuMaanNeural_SC-001244_00.wav,edgetts,cantonese,SC-001244,zh-HK-HiuMaanNeural,0.9812,可检
data/redteam/factory/segments/edgetts/cantonese/seg_edgetts_cantonese_zh-HK-HiuMaanNeural_SC-001244_01.wav,edgetts,cantonese,SC-001244,zh-HK-HiuMaanNeural,0.949,可检
data/redteam/factory/segments/edgetts/cantonese/seg_edgetts_cantonese_zh-HK-HiuMaanNeural_SC-001244_02.wav,edgetts,cantonese,SC-001244,zh-HK-HiuMaanNeural,0.9654,可检
data/redteam/factory/segments/edgetts/cantonese/seg_edgetts_cantonese_zh-HK-HiuMaanNeural_SC-001244_03.wav,edgetts,cantonese,SC-001244,zh-HK-HiuMaanNeural,0.952,可检
data/redteam/factory/segments/edgetts/cantonese/seg_edgetts_cantonese_zh-HK-HiuMaanNeural_SC-001449_00.wav,edgetts,cantonese,SC-001449,zh-HK-HiuMaanNeural,0.9883,可检
data/redteam/factory/segments/edgetts/cantonese/seg_edgetts_cantonese_zh-HK-HiuMaanNeural_SC-001449_01.wav,edgetts,cantonese,SC-001449,zh-HK-HiuMaanNeural,0.9881,可检
data/redteam/factory/segments/edgetts/cantonese/seg_edgetts_cantonese_zh-HK-HiuMaanNeural_SC-001449_02.wav,edgetts,cantonese,SC-001449,zh-HK-HiuMaanNeural,0.933,可检
data/redteam/factory/segments/edgetts/cantonese/seg_edgetts_cantonese_zh-HK-HiuMaanNeural_SC-001449_03.wav,edgetts,cantonese,SC-001449,zh-HK-HiuMaanNeural,0.9084,可检
data/redteam/factory/segments/edgetts/cantonese/seg_edgetts_cantonese_zh-HK-WanLungNeural_SC-000547_00.wav,edgetts,cantonese,SC-000547,zh-HK-WanLungNeural,0.9516,可检
data/redteam/factory/segments/edgetts/cantonese/seg_edgetts_cantonese_zh-HK-WanLungNeural_SC-000547_01.wav,edgetts,cantonese,SC-000547,zh-HK-WanLungNeural,0.7796,可检
data/redteam/factory/segments/edgetts/cantonese/seg_edgetts_cantonese_zh-HK-WanLungNeural_SC-000547_02.wav,edgetts,cantonese,SC-000547,zh-HK-WanLungNeural,0.9589,可检
data/redteam/factory/segments/edgetts/cantonese/seg_edgetts_cantonese_zh-HK-WanLungNeural_SC-000547_03.wav,edgetts,cantonese,SC-000547,zh-HK-WanLungNeural,0.9195,可检
data/redteam/factory/segments/edgetts/cantonese/seg_edgetts_cantonese_zh-HK-WanLungNeural_SC-001244_00.wav,edgetts,cantonese,SC-001244,zh-HK-WanLungNeural,0.7056,可检
data/redteam/factory/segments/edgetts/cantonese/seg_edgetts_cantonese_zh-HK-WanLungNeural_SC-001244_01.wav,edgetts,cantonese,SC-001244,zh-HK-WanLungNeural,0.9777,可检
data/redteam/factory/segments/edgetts/cantonese/seg_edgetts_cantonese_zh-HK-WanLungNeural_SC-001244_02.wav,edgetts,cantonese,SC-001244,zh-HK-WanLungNeural,0.9832,可检
data/redteam/factory/segments/edgetts/cantonese/seg_edgetts_cantonese_zh-HK-WanLungNeural_SC-001244_03.wav,edgetts,cantonese,SC-001244,zh-HK-WanLungNeural,0.8937,可检
data/redteam/factory/segments/edgetts/cantonese/seg_edgetts_cantonese_zh-HK-WanLungNeural_SC-001449_00.wav,edgetts,cantonese,SC-001449,zh-HK-WanLungNeural,0.8975,可检
data/redteam/factory/segments/edgetts/cantonese/seg_edgetts_cantonese_zh-HK-WanLungNeural_SC-001449_01.wav,edgetts,cantonese,SC-001449,zh-HK-WanLungNeural,0.9351,可检
data/redteam/factory/segments/edgetts/cantonese/seg_edgetts_cantonese_zh-HK-WanLungNeural_SC-001449_02.wav,edgetts,cantonese,SC-001449,zh-HK-WanLungNeural,0.9365,可检
data/redteam/factory/segments/edgetts/cantonese/seg_edgetts_cantonese_zh-HK-WanLungNeural_SC-001449_03.wav,edgetts,cantonese,SC-001449,zh-HK-WanLungNeural,0.7209,可检
data/redteam/factory/segments/edgetts/dongbei/seg_edgetts_dongbei_zh-CN-liaoning-XiaobeiNeural_SC-000656_00.wav,edgetts,dongbei,SC-000656,zh-CN-liaoning-XiaobeiNeural,0.5963,可检
data/redteam/factory/segments/edgetts/dongbei/seg_edgetts_dongbei_zh-CN-liaoning-XiaobeiNeural_SC-000656_01.wav,edgetts,dongbei,SC-000656,zh-CN-liaoning-XiaobeiNeural,0.6478,可检
data/redteam/factory/segments/edgetts/dongbei/seg_edgetts_dongbei_zh-CN-liaoning-XiaobeiNeural_SC-000656_02.wav,edgetts,dongbei,SC-000656,zh-CN-liaoning-XiaobeiNeural,0.9534,可检
data/redteam/factory/segments/edgetts/dongbei/seg_edgetts_dongbei_zh-CN-liaoning-XiaobeiNeural_SC-000656_03.wav,edgetts,dongbei,SC-000656,zh-CN-liaoning-XiaobeiNeural,0.727,可检
data/redteam/factory/segments/edgetts/dongbei/seg_edgetts_dongbei_zh-CN-liaoning-XiaobeiNeural_SC-000781_00.wav,edgetts,dongbei,SC-000781,zh-CN-liaoning-XiaobeiNeural,0.6633,可检
data/redteam/factory/segments/edgetts/dongbei/seg_edgetts_dongbei_zh-CN-liaoning-XiaobeiNeural_SC-000781_01.wav,edgetts,dongbei,SC-000781,zh-CN-liaoning-XiaobeiNeural,0.9685,可检
data/redteam/factory/segments/edgetts/dongbei/seg_edgetts_dongbei_zh-CN-liaoning-XiaobeiNeural_SC-000781_02.wav,edgetts,dongbei,SC-000781,zh-CN-liaoning-XiaobeiNeural,0.9822,可检
data/redteam/factory/segments/edgetts/dongbei/seg_edgetts_dongbei_zh-CN-liaoning-XiaobeiNeural_SC-000781_03.wav,edgetts,dongbei,SC-000781,zh-CN-liaoning-XiaobeiNeural,0.9572,可检
data/redteam/factory/segments/edgetts/dongbei/seg_edgetts_dongbei_zh-CN-liaoning-XiaobeiNeural_SC-000968_00.wav,edgetts,dongbei,SC-000968,zh-CN-liaoning-XiaobeiNeural,0.6124,可检
data/redteam/factory/segments/edgetts/dongbei/seg_edgetts_dongbei_zh-CN-liaoning-XiaobeiNeural_SC-000968_01.wav,edgetts,dongbei,SC-000968,zh-CN-liaoning-XiaobeiNeural,0.9118,可检
data/redteam/factory/segments/edgetts/dongbei/seg_edgetts_dongbei_zh-CN-liaoning-XiaobeiNeural_SC-000968_02.wav,edgetts,dongbei,SC-000968,zh-CN-liaoning-XiaobeiNeural,0.7487,可检
data/redteam/factory/segments/edgetts/dongbei/seg_edgetts_dongbei_zh-CN-liaoning-XiaobeiNeural_SC-000968_03.wav,edgetts,dongbei,SC-000968,zh-CN-liaoning-XiaobeiNeural,0.8695,可检
data/redteam/factory/segments/edgetts/dongbei/seg_edgetts_dongbei_zh-CN-liaoning-XiaobeiNeural_SC-001124_00.wav,edgetts,dongbei,SC-001124,zh-CN-liaoning-XiaobeiNeural,0.7827,可检
data/redteam/factory/segments/edgetts/dongbei/seg_edgetts_dongbei_zh-CN-liaoning-XiaobeiNeural_SC-001124_01.wav,edgetts,dongbei,SC-001124,zh-CN-liaoning-XiaobeiNeural,0.6611,可检
data/redteam/factory/segments/edgetts/dongbei/seg_edgetts_dongbei_zh-CN-liaoning-XiaobeiNeural_SC-001124_02.wav,edgetts,dongbei,SC-001124,zh-CN-liaoning-XiaobeiNeural,0.6846,可检
data/redteam/factory/segments/edgetts/dongbei/seg_edgetts_dongbei_zh-CN-liaoning-XiaobeiNeural_SC-001124_03.wav,edgetts,dongbei,SC-001124,zh-CN-liaoning-XiaobeiNeural,0.5948,可检
data/redteam/factory/segments/edgetts/dongbei/seg_edgetts_dongbei_zh-CN-liaoning-XiaobeiNeural_SC-001124_04.wav,edgetts,dongbei,SC-001124,zh-CN-liaoning-XiaobeiNeural,0.8727,可检
data/redteam/factory/segments/edgetts/dongbei/seg_edgetts_dongbei_zh-CN-liaoning-XiaobeiNeural_SC-001360_00.wav,edgetts,dongbei,SC-001360,zh-CN-liaoning-XiaobeiNeural,0.5805,可检
data/redteam/factory/segments/edgetts/dongbei/seg_edgetts_dongbei_zh-CN-liaoning-XiaobeiNeural_SC-001360_01.wav,edgetts,dongbei,SC-001360,zh-CN-liaoning-XiaobeiNeural,0.583,可检
data/redteam/factory/segments/edgetts/dongbei/seg_edgetts_dongbei_zh-CN-liaoning-XiaobeiNeural_SC-001360_02.wav,edgetts,dongbei,SC-001360,zh-CN-liaoning-XiaobeiNeural,0.8547,可检
data/redteam/factory/segments/edgetts/dongbei/seg_edgetts_dongbei_zh-CN-liaoning-XiaobeiNeural_SC-001360_03.wav,edgetts,dongbei,SC-001360,zh-CN-liaoning-XiaobeiNeural,0.6165,可检
data/redteam/factory/segments/edgetts/dongbei/seg_edgetts_dongbei_zh-CN-liaoning-XiaobeiNeural_SC-001632_00.wav,edgetts,dongbei,SC-001632,zh-CN-liaoning-XiaobeiNeural,0.8424,可检
data/redteam/factory/segments/edgetts/dongbei/seg_edgetts_dongbei_zh-CN-liaoning-XiaobeiNeural_SC-001632_01.wav,edgetts,dongbei,SC-001632,zh-CN-liaoning-XiaobeiNeural,0.9361,可检
data/redteam/factory/segments/edgetts/dongbei/seg_edgetts_dongbei_zh-CN-liaoning-XiaobeiNeural_SC-001632_02.wav,edgetts,dongbei,SC-001632,zh-CN-liaoning-XiaobeiNeural,0.8376,可检
data/redteam/factory/segments/edgetts/dongbei/seg_edgetts_dongbei_zh-CN-liaoning-XiaobeiNeural_SC-001632_03.wav,edgetts,dongbei,SC-001632,zh-CN-liaoning-XiaobeiNeural,0.9915,可检
data/redteam/factory/segments/edgetts/dongbei/seg_edgetts_dongbei_zh-CN-liaoning-XiaobeiNeural_SC-001632_04.wav,edgetts,dongbei,SC-001632,zh-CN-liaoning-XiaobeiNeural,0.881,可检
data/redteam/factory/segments/edgetts/dongbei/seg_edgetts_dongbei_zh-CN-liaoning-XiaobeiNeural_SC-001632_05.wav,edgetts,dongbei,SC-001632,zh-CN-liaoning-XiaobeiNeural,0.9753,可检
data/redteam/factory/segments/edgetts/dongbei/seg_edgetts_dongbei_zh-CN-liaoning-XiaobeiNeural_SC-001632_06.wav,edgetts,dongbei,SC-001632,zh-CN-liaoning-XiaobeiNeural,0.8568,可检
data/redteam/factory/segments/edgetts/henan/seg_edgetts_henan_zh-CN-shaanxi-XiaoniNeural_SC-000432_00.wav,edgetts,henan,SC-000432,zh-CN-shaanxi-XiaoniNeural,0.7701,可检
data/redteam/factory/segments/edgetts/henan/seg_edgetts_henan_zh-CN-shaanxi-XiaoniNeural_SC-000432_01.wav,edgetts,henan,SC-000432,zh-CN-shaanxi-XiaoniNeural,0.9346,可检
data/redteam/factory/segments/edgetts/henan/seg_edgetts_henan_zh-CN-shaanxi-XiaoniNeural_SC-000432_02.wav,edgetts,henan,SC-000432,zh-CN-shaanxi-XiaoniNeural,0.9115,可检
data/redteam/factory/segments/edgetts/henan/seg_edgetts_henan_zh-CN-shaanxi-XiaoniNeural_SC-000432_03.wav,edgetts,henan,SC-000432,zh-CN-shaanxi-XiaoniNeural,0.863,可检
data/redteam/factory/segments/edgetts/henan/seg_edgetts_henan_zh-CN-shaanxi-XiaoniNeural_SC-000517_00.wav,edgetts,henan,SC-000517,zh-CN-shaanxi-XiaoniNeural,0.6705,可检
data/redteam/factory/segments/edgetts/henan/seg_edgetts_henan_zh-CN-shaanxi-XiaoniNeural_SC-000517_01.wav,edgetts,henan,SC-000517,zh-CN-shaanxi-XiaoniNeural,0.9739,可检
data/redteam/factory/segments/edgetts/henan/seg_edgetts_henan_zh-CN-shaanxi-XiaoniNeural_SC-000517_02.wav,edgetts,henan,SC-000517,zh-CN-shaanxi-XiaoniNeural,0.984,可检
data/redteam/factory/segments/edgetts/henan/seg_edgetts_henan_zh-CN-shaanxi-XiaoniNeural_SC-000517_03.wav,edgetts,henan,SC-000517,zh-CN-shaanxi-XiaoniNeural,0.9889,可检
data/redteam/factory/segments/edgetts/henan/seg_edgetts_henan_zh-CN-shaanxi-XiaoniNeural_SC-000623_00.wav,edgetts,henan,SC-000623,zh-CN-shaanxi-XiaoniNeural,0.9477,可检
data/redteam/factory/segments/edgetts/henan/seg_edgetts_henan_zh-CN-shaanxi-XiaoniNeural_SC-000623_01.wav,edgetts,henan,SC-000623,zh-CN-shaanxi-XiaoniNeural,0.8134,可检
data/redteam/factory/segments/edgetts/henan/seg_edgetts_henan_zh-CN-shaanxi-XiaoniNeural_SC-000623_02.wav,edgetts,henan,SC-000623,zh-CN-shaanxi-XiaoniNeural,0.9646,可检
data/redteam/factory/segments/edgetts/henan/seg_edgetts_henan_zh-CN-shaanxi-XiaoniNeural_SC-000623_03.wav,edgetts,henan,SC-000623,zh-CN-shaanxi-XiaoniNeural,0.9872,可检
data/redteam/factory/segments/edgetts/henan/seg_edgetts_henan_zh-CN-shaanxi-XiaoniNeural_SC-000623_04.wav,edgetts,henan,SC-000623,zh-CN-shaanxi-XiaoniNeural,0.9129,可检
data/redteam/factory/segments/edgetts/henan/seg_edgetts_henan_zh-CN-shaanxi-XiaoniNeural_SC-000773_00.wav,edgetts,henan,SC-000773,zh-CN-shaanxi-XiaoniNeural,0.8579,可检
data/redteam/factory/segments/edgetts/henan/seg_edgetts_henan_zh-CN-shaanxi-XiaoniNeural_SC-000773_01.wav,edgetts,henan,SC-000773,zh-CN-shaanxi-XiaoniNeural,0.7847,可检
data/redteam/factory/segments/edgetts/henan/seg_edgetts_henan_zh-CN-shaanxi-XiaoniNeural_SC-000773_02.wav,edgetts,henan,SC-000773,zh-CN-shaanxi-XiaoniNeural,0.9274,可检
data/redteam/factory/segments/edgetts/henan/seg_edgetts_henan_zh-CN-shaanxi-XiaoniNeural_SC-000773_03.wav,edgetts,henan,SC-000773,zh-CN-shaanxi-XiaoniNeural,0.889,可检
data/redteam/factory/segments/edgetts/henan/seg_edgetts_henan_zh-CN-shaanxi-XiaoniNeural_SC-000773_04.wav,edgetts,henan,SC-000773,zh-CN-shaanxi-XiaoniNeural,0.9472,可检
data/redteam/factory/segments/edgetts/henan/seg_edgetts_henan_zh-CN-shaanxi-XiaoniNeural_SC-000906_00.wav,edgetts,henan,SC-000906,zh-CN-shaanxi-XiaoniNeural,0.6761,可检
data/redteam/factory/segments/edgetts/henan/seg_edgetts_henan_zh-CN-shaanxi-XiaoniNeural_SC-000906_01.wav,edgetts,henan,SC-000906,zh-CN-shaanxi-XiaoniNeural,0.7322,可检
data/redteam/factory/segments/edgetts/henan/seg_edgetts_henan_zh-CN-shaanxi-XiaoniNeural_SC-000906_02.wav,edgetts,henan,SC-000906,zh-CN-shaanxi-XiaoniNeural,0.7533,可检
data/redteam/factory/segments/edgetts/henan/seg_edgetts_henan_zh-CN-shaanxi-XiaoniNeural_SC-000906_03.wav,edgetts,henan,SC-000906,zh-CN-shaanxi-XiaoniNeural,0.9107,可检
data/redteam/factory/segments/edgetts/henan/seg_edgetts_henan_zh-CN-shaanxi-XiaoniNeural_SC-000906_04.wav,edgetts,henan,SC-000906,zh-CN-shaanxi-XiaoniNeural,0.9718,可检
data/redteam/factory/segments/edgetts/henan/seg_edgetts_henan_zh-CN-shaanxi-XiaoniNeural_SC-000906_05.wav,edgetts,henan,SC-000906,zh-CN-shaanxi-XiaoniNeural,0.8067,可检
data/redteam/factory/segments/edgetts/henan/seg_edgetts_henan_zh-CN-shaanxi-XiaoniNeural_SC-001617_00.wav,edgetts,henan,SC-001617,zh-CN-shaanxi-XiaoniNeural,0.9248,可检
data/redteam/factory/segments/edgetts/henan/seg_edgetts_henan_zh-CN-shaanxi-XiaoniNeural_SC-001617_01.wav,edgetts,henan,SC-001617,zh-CN-shaanxi-XiaoniNeural,0.6527,可检
data/redteam/factory/segments/edgetts/henan/seg_edgetts_henan_zh-CN-shaanxi-XiaoniNeural_SC-001617_02.wav,edgetts,henan,SC-001617,zh-CN-shaanxi-XiaoniNeural,0.9794,可检
data/redteam/factory/segments/edgetts/henan/seg_edgetts_henan_zh-CN-shaanxi-XiaoniNeural_SC-001617_03.wav,edgetts,henan,SC-001617,zh-CN-shaanxi-XiaoniNeural,0.9122,可检
data/redteam/factory/segments/edgetts/mandarin/seg_edgetts_mandarin_zh-CN-XiaoxiaoNeural_SC-000455_00.wav,edgetts,mandarin,SC-000455,zh-CN-XiaoxiaoNeural,0.8701,可检
data/redteam/factory/segments/edgetts/mandarin/seg_edgetts_mandarin_zh-CN-XiaoxiaoNeural_SC-000455_01.wav,edgetts,mandarin,SC-000455,zh-CN-XiaoxiaoNeural,0.9946,可检
data/redteam/factory/segments/edgetts/mandarin/seg_edgetts_mandarin_zh-CN-XiaoxiaoNeural_SC-000455_02.wav,edgetts,mandarin,SC-000455,zh-CN-XiaoxiaoNeural,0.8749,可检
data/redteam/factory/segments/edgetts/mandarin/seg_edgetts_mandarin_zh-CN-XiaoxiaoNeural_SC-000455_03.wav,edgetts,mandarin,SC-000455,zh-CN-XiaoxiaoNeural,0.9683,可检
data/redteam/factory/segments/edgetts/mandarin/seg_edgetts_mandarin_zh-CN-XiaoxiaoNeural_SC-000488_00.wav,edgetts,mandarin,SC-000488,zh-CN-XiaoxiaoNeural,0.8696,可检
data/redteam/factory/segments/edgetts/mandarin/seg_edgetts_mandarin_zh-CN-XiaoxiaoNeural_SC-000488_01.wav,edgetts,mandarin,SC-000488,zh-CN-XiaoxiaoNeural,0.7288,可检
data/redteam/factory/segments/edgetts/mandarin/seg_edgetts_mandarin_zh-CN-XiaoxiaoNeural_SC-000488_02.wav,edgetts,mandarin,SC-000488,zh-CN-XiaoxiaoNeural,0.7096,可检
data/redteam/factory/segments/edgetts/mandarin/seg_edgetts_mandarin_zh-CN-XiaoxiaoNeural_SC-000488_03.wav,edgetts,mandarin,SC-000488,zh-CN-XiaoxiaoNeural,0.818,可检
data/redteam/factory/segments/edgetts/mandarin/seg_edgetts_mandarin_zh-CN-YunjianNeural_SC-000455_00.wav,edgetts,mandarin,SC-000455,zh-CN-YunjianNeural,0.7221,可检
data/redteam/factory/segments/edgetts/mandarin/seg_edgetts_mandarin_zh-CN-YunjianNeural_SC-000455_01.wav,edgetts,mandarin,SC-000455,zh-CN-YunjianNeural,0.9136,可检
data/redteam/factory/segments/edgetts/mandarin/seg_edgetts_mandarin_zh-CN-YunjianNeural_SC-000455_02.wav,edgetts,mandarin,SC-000455,zh-CN-YunjianNeural,0.5323,可检
data/redteam/factory/segments/edgetts/mandarin/seg_edgetts_mandarin_zh-CN-YunjianNeural_SC-000455_03.wav,edgetts,mandarin,SC-000455,zh-CN-YunjianNeural,0.806,可检
data/redteam/factory/segments/edgetts/mandarin/seg_edgetts_mandarin_zh-CN-YunxiNeural_SC-000455_00.wav,edgetts,mandarin,SC-000455,zh-CN-YunxiNeural,0.5678,可检
data/redteam/factory/segments/edgetts/mandarin/seg_edgetts_mandarin_zh-CN-YunxiNeural_SC-000455_01.wav,edgetts,mandarin,SC-000455,zh-CN-YunxiNeural,0.9016,可检
data/redteam/factory/segments/edgetts/mandarin/seg_edgetts_mandarin_zh-CN-YunxiNeural_SC-000455_02.wav,edgetts,mandarin,SC-000455,zh-CN-YunxiNeural,0.7671,可检
data/redteam/factory/segments/edgetts/minnan/seg_edgetts_minnan_zh-TW-HsiaoChenNeural_SC-000653_00.wav,edgetts,minnan,SC-000653,zh-TW-HsiaoChenNeural,0.9812,可检
data/redteam/factory/segments/edgetts/minnan/seg_edgetts_minnan_zh-TW-HsiaoChenNeural_SC-000653_01.wav,edgetts,minnan,SC-000653,zh-TW-HsiaoChenNeural,0.9904,可检
data/redteam/factory/segments/edgetts/minnan/seg_edgetts_minnan_zh-TW-HsiaoChenNeural_SC-000653_02.wav,edgetts,minnan,SC-000653,zh-TW-HsiaoChenNeural,0.9739,可检
data/redteam/factory/segments/edgetts/minnan/seg_edgetts_minnan_zh-TW-HsiaoChenNeural_SC-000653_03.wav,edgetts,minnan,SC-000653,zh-TW-HsiaoChenNeural,0.9939,可检
data/redteam/factory/segments/edgetts/minnan/seg_edgetts_minnan_zh-TW-HsiaoChenNeural_SC-000719_00.wav,edgetts,minnan,SC-000719,zh-TW-HsiaoChenNeural,0.9586,可检
data/redteam/factory/segments/edgetts/minnan/seg_edgetts_minnan_zh-TW-HsiaoChenNeural_SC-000719_01.wav,edgetts,minnan,SC-000719,zh-TW-HsiaoChenNeural,0.9421,可检
data/redteam/factory/segments/edgetts/minnan/seg_edgetts_minnan_zh-TW-HsiaoChenNeural_SC-000719_02.wav,edgetts,minnan,SC-000719,zh-TW-HsiaoChenNeural,0.9939,可检
data/redteam/factory/segments/edgetts/minnan/seg_edgetts_minnan_zh-TW-HsiaoChenNeural_SC-000719_03.wav,edgetts,minnan,SC-000719,zh-TW-HsiaoChenNeural,0.9498,可检
data/redteam/factory/segments/edgetts/minnan/seg_edgetts_minnan_zh-TW-HsiaoChenNeural_SC-000719_04.wav,edgetts,minnan,SC-000719,zh-TW-HsiaoChenNeural,0.9395,可检
data/redteam/factory/segments/edgetts/minnan/seg_edgetts_minnan_zh-TW-HsiaoChenNeural_SC-000881_00.wav,edgetts,minnan,SC-000881,zh-TW-HsiaoChenNeural,0.9041,可检
data/redteam/factory/segments/edgetts/minnan/seg_edgetts_minnan_zh-TW-HsiaoChenNeural_SC-000881_01.wav,edgetts,minnan,SC-000881,zh-TW-HsiaoChenNeural,0.9964,可检
data/redteam/factory/segments/edgetts/minnan/seg_edgetts_minnan_zh-TW-HsiaoChenNeural_SC-000881_02.wav,edgetts,minnan,SC-000881,zh-TW-HsiaoChenNeural,0.993,可检
data/redteam/factory/segments/edgetts/minnan/seg_edgetts_minnan_zh-TW-HsiaoChenNeural_SC-000881_03.wav,edgetts,minnan,SC-000881,zh-TW-HsiaoChenNeural,0.9234,可检
data/redteam/factory/segments/edgetts/minnan/seg_edgetts_minnan_zh-TW-HsiaoChenNeural_SC-000943_00.wav,edgetts,minnan,SC-000943,zh-TW-HsiaoChenNeural,0.9602,可检
data/redteam/factory/segments/edgetts/minnan/seg_edgetts_minnan_zh-TW-HsiaoChenNeural_SC-000943_01.wav,edgetts,minnan,SC-000943,zh-TW-HsiaoChenNeural,0.9611,可检
data/redteam/factory/segments/edgetts/minnan/seg_edgetts_minnan_zh-TW-HsiaoChenNeural_SC-000943_02.wav,edgetts,minnan,SC-000943,zh-TW-HsiaoChenNeural,0.9341,可检
data/redteam/factory/segments/edgetts/minnan/seg_edgetts_minnan_zh-TW-HsiaoChenNeural_SC-000943_03.wav,edgetts,minnan,SC-000943,zh-TW-HsiaoChenNeural,0.993,可检
data/redteam/factory/segments/edgetts/minnan/seg_edgetts_minnan_zh-TW-HsiaoChenNeural_SC-000943_04.wav,edgetts,minnan,SC-000943,zh-TW-HsiaoChenNeural,0.8668,可检
data/redteam/factory/segments/edgetts/minnan/seg_edgetts_minnan_zh-TW-HsiaoChenNeural_SC-000982_00.wav,edgetts,minnan,SC-000982,zh-TW-HsiaoChenNeural,0.9235,可检
data/redteam/factory/segments/edgetts/minnan/seg_edgetts_minnan_zh-TW-HsiaoChenNeural_SC-000982_01.wav,edgetts,minnan,SC-000982,zh-TW-HsiaoChenNeural,0.9484,可检
data/redteam/factory/segments/edgetts/minnan/seg_edgetts_minnan_zh-TW-HsiaoChenNeural_SC-000982_02.wav,edgetts,minnan,SC-000982,zh-TW-HsiaoChenNeural,0.9549,可检
data/redteam/factory/segments/edgetts/minnan/seg_edgetts_minnan_zh-TW-HsiaoChenNeural_SC-000982_03.wav,edgetts,minnan,SC-000982,zh-TW-HsiaoChenNeural,0.9703,可检
data/redteam/factory/segments/edgetts/minnan/seg_edgetts_minnan_zh-TW-HsiaoChenNeural_SC-001151_00.wav,edgetts,minnan,SC-001151,zh-TW-HsiaoChenNeural,0.9086,可检
data/redteam/factory/segments/edgetts/minnan/seg_edgetts_minnan_zh-TW-HsiaoChenNeural_SC-001151_01.wav,edgetts,minnan,SC-001151,zh-TW-HsiaoChenNeural,0.9633,可检
data/redteam/factory/segments/edgetts/minnan/seg_edgetts_minnan_zh-TW-HsiaoChenNeural_SC-001151_02.wav,edgetts,minnan,SC-001151,zh-TW-HsiaoChenNeural,0.9844,可检
data/redteam/factory/segments/edgetts/minnan/seg_edgetts_minnan_zh-TW-HsiaoChenNeural_SC-001151_03.wav,edgetts,minnan,SC-001151,zh-TW-HsiaoChenNeural,0.9575,可检
data/redteam/factory/segments/edgetts/minnan/seg_edgetts_minnan_zh-TW-HsiaoChenNeural_SC-001487_00.wav,edgetts,minnan,SC-001487,zh-TW-HsiaoChenNeural,0.9485,可检
data/redteam/factory/segments/edgetts/minnan/seg_edgetts_minnan_zh-TW-HsiaoChenNeural_SC-001487_01.wav,edgetts,minnan,SC-001487,zh-TW-HsiaoChenNeural,0.9916,可检
data/redteam/factory/segments/edgetts/minnan/seg_edgetts_minnan_zh-TW-HsiaoChenNeural_SC-001487_02.wav,edgetts,minnan,SC-001487,zh-TW-HsiaoChenNeural,0.9658,可检
data/redteam/factory/segments/edgetts/minnan/seg_edgetts_minnan_zh-TW-HsiaoChenNeural_SC-001487_03.wav,edgetts,minnan,SC-001487,zh-TW-HsiaoChenNeural,0.9965,可检
data/redteam/factory/segments/edgetts/minnan/seg_edgetts_minnan_zh-TW-HsiaoChenNeural_SC-001487_04.wav,edgetts,minnan,SC-001487,zh-TW-HsiaoChenNeural,0.8807,可检
data/redteam/factory/segments/edgetts/minnan/seg_edgetts_minnan_zh-TW-HsiaoChenNeural_SC-001487_05.wav,edgetts,minnan,SC-001487,zh-TW-HsiaoChenNeural,0.9808,可检
data/redteam/factory/segments/edgetts/minnan/seg_edgetts_minnan_zh-TW-YunJheNeural_SC-000719_00.wav,edgetts,minnan,SC-000719,zh-TW-YunJheNeural,0.4099,边界
data/redteam/factory/segments/edgetts/minnan/seg_edgetts_minnan_zh-TW-YunJheNeural_SC-000719_01.wav,edgetts,minnan,SC-000719,zh-TW-YunJheNeural,0.5832,可检
data/redteam/factory/segments/edgetts/minnan/seg_edgetts_minnan_zh-TW-YunJheNeural_SC-000719_02.wav,edgetts,minnan,SC-000719,zh-TW-YunJheNeural,0.9224,可检
data/redteam/factory/segments/edgetts/minnan/seg_edgetts_minnan_zh-TW-YunJheNeural_SC-000943_00.wav,edgetts,minnan,SC-000943,zh-TW-YunJheNeural,0.6244,可检
data/redteam/factory/segments/edgetts/minnan/seg_edgetts_minnan_zh-TW-YunJheNeural_SC-000943_01.wav,edgetts,minnan,SC-000943,zh-TW-YunJheNeural,0.7962,可检
data/redteam/factory/segments/edgetts/minnan/seg_edgetts_minnan_zh-TW-YunJheNeural_SC-000943_02.wav,edgetts,minnan,SC-000943,zh-TW-YunJheNeural,0.9198,可检
data/redteam/factory/segments/edgetts/minnan/seg_edgetts_minnan_zh-TW-YunJheNeural_SC-001151_00.wav,edgetts,minnan,SC-001151,zh-TW-YunJheNeural,0.9523,可检
data/redteam/factory/segments/edgetts/minnan/seg_edgetts_minnan_zh-TW-YunJheNeural_SC-001151_01.wav,edgetts,minnan,SC-001151,zh-TW-YunJheNeural,0.7602,可检
data/redteam/factory/segments/edgetts/minnan/seg_edgetts_minnan_zh-TW-YunJheNeural_SC-001151_02.wav,edgetts,minnan,SC-001151,zh-TW-YunJheNeural,0.5047,可检
data/redteam/factory/segments/edgetts/minnan/seg_edgetts_minnan_zh-TW-YunJheNeural_SC-001487_00.wav,edgetts,minnan,SC-001487,zh-TW-YunJheNeural,0.834,可检
data/redteam/factory/segments/edgetts/minnan/seg_edgetts_minnan_zh-TW-YunJheNeural_SC-001487_01.wav,edgetts,minnan,SC-001487,zh-TW-YunJheNeural,0.7193,可检
data/redteam/factory/segments/edgetts/minnan/seg_edgetts_minnan_zh-TW-YunJheNeural_SC-001487_02.wav,edgetts,minnan,SC-001487,zh-TW-YunJheNeural,0.853,可检
data/redteam/factory/segments/edgetts/minnan/seg_edgetts_minnan_zh-TW-YunJheNeural_SC-001487_03.wav,edgetts,minnan,SC-001487,zh-TW-YunJheNeural,0.6325,可检
data/redteam/factory/segments/edgetts/sichuan/seg_edgetts_sichuan_zh-CN-YunxiNeural_SC-000373_00.wav,edgetts,sichuan,SC-000373,zh-CN-YunxiNeural,0.7019,可检
data/redteam/factory/segments/edgetts/sichuan/seg_edgetts_sichuan_zh-CN-YunxiNeural_SC-000373_01.wav,edgetts,sichuan,SC-000373,zh-CN-YunxiNeural,0.4051,边界
data/redteam/factory/segments/edgetts/sichuan/seg_edgetts_sichuan_zh-CN-YunxiNeural_SC-000373_02.wav,edgetts,sichuan,SC-000373,zh-CN-YunxiNeural,0.815,可检
data/redteam/factory/segments/edgetts/sichuan/seg_edgetts_sichuan_zh-CN-YunxiNeural_SC-000409_00.wav,edgetts,sichuan,SC-000409,zh-CN-YunxiNeural,0.9055,可检
data/redteam/factory/segments/edgetts/sichuan/seg_edgetts_sichuan_zh-CN-YunxiNeural_SC-000409_01.wav,edgetts,sichuan,SC-000409,zh-CN-YunxiNeural,0.3314,边界
data/redteam/factory/segments/edgetts/sichuan/seg_edgetts_sichuan_zh-CN-YunxiNeural_SC-000409_02.wav,edgetts,sichuan,SC-000409,zh-CN-YunxiNeural,0.7634,可检
data/redteam/factory/segments/edgetts/sichuan/seg_edgetts_sichuan_zh-CN-YunxiNeural_SC-000409_03.wav,edgetts,sichuan,SC-000409,zh-CN-YunxiNeural,0.8335,可检
data/redteam/factory/segments/edgetts/sichuan/seg_edgetts_sichuan_zh-CN-YunxiNeural_SC-000409_04.wav,edgetts,sichuan,SC-000409,zh-CN-YunxiNeural,0.4212,边界
data/redteam/factory/segments/edgetts/sichuan/seg_edgetts_sichuan_zh-CN-YunxiNeural_SC-000537_00.wav,edgetts,sichuan,SC-000537,zh-CN-YunxiNeural,0.5478,可检
data/redteam/factory/segments/edgetts/sichuan/seg_edgetts_sichuan_zh-CN-YunxiNeural_SC-000537_01.wav,edgetts,sichuan,SC-000537,zh-CN-YunxiNeural,0.8519,可检
data/redteam/factory/segments/edgetts/sichuan/seg_edgetts_sichuan_zh-CN-YunxiNeural_SC-000537_02.wav,edgetts,sichuan,SC-000537,zh-CN-YunxiNeural,0.4767,边界
data/redteam/factory/segments/edgetts/sichuan/seg_edgetts_sichuan_zh-CN-YunxiNeural_SC-000683_00.wav,edgetts,sichuan,SC-000683,zh-CN-YunxiNeural,0.5927,可检
data/redteam/factory/segments/edgetts/sichuan/seg_edgetts_sichuan_zh-CN-YunxiNeural_SC-000683_01.wav,edgetts,sichuan,SC-000683,zh-CN-YunxiNeural,0.8498,可检
data/redteam/factory/segments/edgetts/sichuan/seg_edgetts_sichuan_zh-CN-YunxiNeural_SC-000683_02.wav,edgetts,sichuan,SC-000683,zh-CN-YunxiNeural,0.9849,可检
data/redteam/factory/segments/edgetts/sichuan/seg_edgetts_sichuan_zh-CN-YunxiNeural_SC-000683_03.wav,edgetts,sichuan,SC-000683,zh-CN-YunxiNeural,0.6194,可检
data/redteam/factory/segments/edgetts/sichuan/seg_edgetts_sichuan_zh-CN-YunxiNeural_SC-000986_00.wav,edgetts,sichuan,SC-000986,zh-CN-YunxiNeural,0.5912,可检
data/redteam/factory/segments/edgetts/sichuan/seg_edgetts_sichuan_zh-CN-YunxiNeural_SC-000986_01.wav,edgetts,sichuan,SC-000986,zh-CN-YunxiNeural,0.8694,可检
data/redteam/factory/segments/edgetts/sichuan/seg_edgetts_sichuan_zh-CN-YunxiNeural_SC-000986_02.wav,edgetts,sichuan,SC-000986,zh-CN-YunxiNeural,0.7984,可检
data/redteam/factory/segments/edgetts/sichuan/seg_edgetts_sichuan_zh-CN-XiaoxiaoNeural_SC-000373_00.wav,edgetts,sichuan,SC-000373,zh-CN-XiaoxiaoNeural,0.9953,可检
data/redteam/factory/segments/edgetts/sichuan/seg_edgetts_sichuan_zh-CN-XiaoxiaoNeural_SC-000373_01.wav,edgetts,sichuan,SC-000373,zh-CN-XiaoxiaoNeural,0.9405,可检
data/redteam/factory/segments/edgetts/sichuan/seg_edgetts_sichuan_zh-CN-XiaoxiaoNeural_SC-000373_02.wav,edgetts,sichuan,SC-000373,zh-CN-XiaoxiaoNeural,0.9741,可检
data/redteam/factory/segments/edgetts/sichuan/seg_edgetts_sichuan_zh-CN-XiaoxiaoNeural_SC-000373_03.wav,edgetts,sichuan,SC-000373,zh-CN-XiaoxiaoNeural,0.9178,可检
data/redteam/factory/segments/edgetts/sichuan/seg_edgetts_sichuan_zh-CN-XiaoxiaoNeural_SC-000373_04.wav,edgetts,sichuan,SC-000373,zh-CN-XiaoxiaoNeural,0.8483,可检
data/redteam/factory/segments/edgetts/sichuan/seg_edgetts_sichuan_zh-CN-XiaoxiaoNeural_SC-000409_00.wav,edgetts,sichuan,SC-000409,zh-CN-XiaoxiaoNeural,0.9699,可检
data/redteam/factory/segments/edgetts/sichuan/seg_edgetts_sichuan_zh-CN-XiaoxiaoNeural_SC-000409_01.wav,edgetts,sichuan,SC-000409,zh-CN-XiaoxiaoNeural,0.8841,可检
data/redteam/factory/segments/edgetts/sichuan/seg_edgetts_sichuan_zh-CN-XiaoxiaoNeural_SC-000409_02.wav,edgetts,sichuan,SC-000409,zh-CN-XiaoxiaoNeural,0.8595,可检
data/redteam/factory/segments/edgetts/sichuan/seg_edgetts_sichuan_zh-CN-XiaoxiaoNeural_SC-000409_03.wav,edgetts,sichuan,SC-000409,zh-CN-XiaoxiaoNeural,0.9954,可检
data/redteam/factory/segments/edgetts/sichuan/seg_edgetts_sichuan_zh-CN-XiaoxiaoNeural_SC-000409_04.wav,edgetts,sichuan,SC-000409,zh-CN-XiaoxiaoNeural,0.8505,可检
data/redteam/factory/segments/edgetts/sichuan/seg_edgetts_sichuan_zh-CN-XiaoxiaoNeural_SC-000409_05.wav,edgetts,sichuan,SC-000409,zh-CN-XiaoxiaoNeural,0.7739,可检
data/redteam/factory/segments/edgetts/sichuan/seg_edgetts_sichuan_zh-CN-XiaoxiaoNeural_SC-000472_00.wav,edgetts,sichuan,SC-000472,zh-CN-XiaoxiaoNeural,0.9846,可检
data/redteam/factory/segments/edgetts/sichuan/seg_edgetts_sichuan_zh-CN-XiaoxiaoNeural_SC-000472_01.wav,edgetts,sichuan,SC-000472,zh-CN-XiaoxiaoNeural,0.9551,可检
data/redteam/factory/segments/edgetts/sichuan/seg_edgetts_sichuan_zh-CN-XiaoxiaoNeural_SC-000472_02.wav,edgetts,sichuan,SC-000472,zh-CN-XiaoxiaoNeural,0.864,可检
data/redteam/factory/segments/edgetts/sichuan/seg_edgetts_sichuan_zh-CN-XiaoxiaoNeural_SC-000472_03.wav,edgetts,sichuan,SC-000472,zh-CN-XiaoxiaoNeural,0.9628,可检
data/redteam/factory/segments/edgetts/sichuan/seg_edgetts_sichuan_zh-CN-XiaoxiaoNeural_SC-000537_00.wav,edgetts,sichuan,SC-000537,zh-CN-XiaoxiaoNeural,0.9688,可检
data/redteam/factory/segments/edgetts/sichuan/seg_edgetts_sichuan_zh-CN-XiaoxiaoNeural_SC-000537_01.wav,edgetts,sichuan,SC-000537,zh-CN-XiaoxiaoNeural,0.9747,可检
data/redteam/factory/segments/edgetts/sichuan/seg_edgetts_sichuan_zh-CN-XiaoxiaoNeural_SC-000537_02.wav,edgetts,sichuan,SC-000537,zh-CN-XiaoxiaoNeural,0.8968,可检
data/redteam/factory/segments/edgetts/sichuan/seg_edgetts_sichuan_zh-CN-XiaoxiaoNeural_SC-000537_03.wav,edgetts,sichuan,SC-000537,zh-CN-XiaoxiaoNeural,0.7385,可检
data/redteam/factory/segments/edgetts/sichuan/seg_edgetts_sichuan_zh-CN-XiaoxiaoNeural_SC-000683_00.wav,edgetts,sichuan,SC-000683,zh-CN-XiaoxiaoNeural,0.9436,可检
data/redteam/factory/segments/edgetts/sichuan/seg_edgetts_sichuan_zh-CN-XiaoxiaoNeural_SC-000683_01.wav,edgetts,sichuan,SC-000683,zh-CN-XiaoxiaoNeural,0.8998,可检
data/redteam/factory/segments/edgetts/sichuan/seg_edgetts_sichuan_zh-CN-XiaoxiaoNeural_SC-000683_02.wav,edgetts,sichuan,SC-000683,zh-CN-XiaoxiaoNeural,0.9184,可检
data/redteam/factory/segments/edgetts/sichuan/seg_edgetts_sichuan_zh-CN-XiaoxiaoNeural_SC-000683_03.wav,edgetts,sichuan,SC-000683,zh-CN-XiaoxiaoNeural,0.9673,可检
data/redteam/factory/segments/edgetts/sichuan/seg_edgetts_sichuan_zh-CN-XiaoxiaoNeural_SC-000683_04.wav,edgetts,sichuan,SC-000683,zh-CN-XiaoxiaoNeural,0.9438,可检
data/redteam/factory/segments/edgetts/sichuan/seg_edgetts_sichuan_zh-CN-XiaoxiaoNeural_SC-000986_00.wav,edgetts,sichuan,SC-000986,zh-CN-XiaoxiaoNeural,0.722,可检
data/redteam/factory/segments/edgetts/sichuan/seg_edgetts_sichuan_zh-CN-XiaoxiaoNeural_SC-000986_01.wav,edgetts,sichuan,SC-000986,zh-CN-XiaoxiaoNeural,0.8793,可检
data/redteam/factory/segments/edgetts/sichuan/seg_edgetts_sichuan_zh-CN-XiaoxiaoNeural_SC-000986_02.wav,edgetts,sichuan,SC-000986,zh-CN-XiaoxiaoNeural,0.9529,可检
data/redteam/factory/segments/edgetts/sichuan/seg_edgetts_sichuan_zh-CN-XiaoxiaoNeural_SC-000986_03.wav,edgetts,sichuan,SC-000986,zh-CN-XiaoxiaoNeural,0.8476,可检
data/redteam/factory/segments/edgetts/sichuan/seg_edgetts_sichuan_zh-CN-XiaoxiaoNeural_SC-001205_00.wav,edgetts,sichuan,SC-001205,zh-CN-XiaoxiaoNeural,0.9177,可检
data/redteam/factory/segments/edgetts/sichuan/seg_edgetts_sichuan_zh-CN-XiaoxiaoNeural_SC-001205_01.wav,edgetts,sichuan,SC-001205,zh-CN-XiaoxiaoNeural,0.7901,可检
data/redteam/factory/segments/edgetts/sichuan/seg_edgetts_sichuan_zh-CN-XiaoxiaoNeural_SC-001205_02.wav,edgetts,sichuan,SC-001205,zh-CN-XiaoxiaoNeural,0.8347,可检
data/redteam/factory/segments/edgetts/sichuan/seg_edgetts_sichuan_zh-CN-XiaoxiaoNeural_SC-001205_03.wav,edgetts,sichuan,SC-001205,zh-CN-XiaoxiaoNeural,0.9567,可检
data/redteam/factory/segments/edgetts/cantonese/seg_edgetts_cantonese_zh-HK-HiuMaanNeural_SC-000490_00.wav,edgetts,cantonese,SC-000490,zh-HK-HiuMaanNeural,0.9838,可检
data/redteam/factory/segments/edgetts/cantonese/seg_edgetts_cantonese_zh-HK-HiuMaanNeural_SC-000490_01.wav,edgetts,cantonese,SC-000490,zh-HK-HiuMaanNeural,0.9239,可检
data/redteam/factory/segments/edgetts/cantonese/seg_edgetts_cantonese_zh-HK-HiuMaanNeural_SC-000490_02.wav,edgetts,cantonese,SC-000490,zh-HK-HiuMaanNeural,0.9733,可检
data/redteam/factory/segments/edgetts/cantonese/seg_edgetts_cantonese_zh-HK-HiuMaanNeural_SC-000490_03.wav,edgetts,cantonese,SC-000490,zh-HK-HiuMaanNeural,0.9541,可检
data/redteam/factory/segments/edgetts/cantonese/seg_edgetts_cantonese_zh-HK-HiuMaanNeural_SC-000490_04.wav,edgetts,cantonese,SC-000490,zh-HK-HiuMaanNeural,0.8849,可检
data/redteam/factory/segments/edgetts/cantonese/seg_edgetts_cantonese_zh-HK-HiuMaanNeural_SC-000625_00.wav,edgetts,cantonese,SC-000625,zh-HK-HiuMaanNeural,0.9654,可检
data/redteam/factory/segments/edgetts/cantonese/seg_edgetts_cantonese_zh-HK-HiuMaanNeural_SC-000625_01.wav,edgetts,cantonese,SC-000625,zh-HK-HiuMaanNeural,0.8829,可检
data/redteam/factory/segments/edgetts/cantonese/seg_edgetts_cantonese_zh-HK-HiuMaanNeural_SC-000625_02.wav,edgetts,cantonese,SC-000625,zh-HK-HiuMaanNeural,0.9828,可检
data/redteam/factory/segments/edgetts/cantonese/seg_edgetts_cantonese_zh-HK-HiuMaanNeural_SC-000625_03.wav,edgetts,cantonese,SC-000625,zh-HK-HiuMaanNeural,0.9865,可检
data/redteam/factory/segments/edgetts/cantonese/seg_edgetts_cantonese_zh-HK-HiuMaanNeural_SC-000625_04.wav,edgetts,cantonese,SC-000625,zh-HK-HiuMaanNeural,0.8564,可检
data/redteam/factory/segments/edgetts/cantonese/seg_edgetts_cantonese_zh-HK-HiuMaanNeural_SC-000689_00.wav,edgetts,cantonese,SC-000689,zh-HK-HiuMaanNeural,0.9694,可检
data/redteam/factory/segments/edgetts/cantonese/seg_edgetts_cantonese_zh-HK-HiuMaanNeural_SC-000689_01.wav,edgetts,cantonese,SC-000689,zh-HK-HiuMaanNeural,0.9266,可检
data/redteam/factory/segments/edgetts/cantonese/seg_edgetts_cantonese_zh-HK-HiuMaanNeural_SC-000689_02.wav,edgetts,cantonese,SC-000689,zh-HK-HiuMaanNeural,0.9704,可检
data/redteam/factory/segments/edgetts/cantonese/seg_edgetts_cantonese_zh-HK-HiuMaanNeural_SC-000689_03.wav,edgetts,cantonese,SC-000689,zh-HK-HiuMaanNeural,0.9763,可检
data/redteam/factory/segments/edgetts/cantonese/seg_edgetts_cantonese_zh-HK-HiuMaanNeural_SC-000689_04.wav,edgetts,cantonese,SC-000689,zh-HK-HiuMaanNeural,0.9156,可检
data/redteam/factory/segments/edgetts/cantonese/seg_edgetts_cantonese_zh-HK-HiuMaanNeural_SC-000752_00.wav,edgetts,cantonese,SC-000752,zh-HK-HiuMaanNeural,0.9599,可检
data/redteam/factory/segments/edgetts/cantonese/seg_edgetts_cantonese_zh-HK-HiuMaanNeural_SC-000752_01.wav,edgetts,cantonese,SC-000752,zh-HK-HiuMaanNeural,0.9568,可检
data/redteam/factory/segments/edgetts/cantonese/seg_edgetts_cantonese_zh-HK-HiuMaanNeural_SC-000752_02.wav,edgetts,cantonese,SC-000752,zh-HK-HiuMaanNeural,0.9748,可检
data/redteam/factory/segments/edgetts/cantonese/seg_edgetts_cantonese_zh-HK-HiuMaanNeural_SC-000752_03.wav,edgetts,cantonese,SC-000752,zh-HK-HiuMaanNeural,0.9445,可检
data/redteam/factory/segments/edgetts/cantonese/seg_edgetts_cantonese_zh-HK-HiuMaanNeural_SC-000752_04.wav,edgetts,cantonese,SC-000752,zh-HK-HiuMaanNeural,0.9253,可检
data/redteam/factory/segments/edgetts/cantonese/seg_edgetts_cantonese_zh-HK-HiuMaanNeural_SC-001080_00.wav,edgetts,cantonese,SC-001080,zh-HK-HiuMaanNeural,0.9761,可检
data/redteam/factory/segments/edgetts/cantonese/seg_edgetts_cantonese_zh-HK-HiuMaanNeural_SC-001080_01.wav,edgetts,cantonese,SC-001080,zh-HK-HiuMaanNeural,0.8726,可检
data/redteam/factory/segments/edgetts/cantonese/seg_edgetts_cantonese_zh-HK-HiuMaanNeural_SC-001080_02.wav,edgetts,cantonese,SC-001080,zh-HK-HiuMaanNeural,0.9448,可检
data/redteam/factory/segments/edgetts/cantonese/seg_edgetts_cantonese_zh-HK-HiuMaanNeural_SC-001080_03.wav,edgetts,cantonese,SC-001080,zh-HK-HiuMaanNeural,0.9082,可检
data/redteam/factory/segments/edgetts/cantonese/seg_edgetts_cantonese_zh-HK-HiuMaanNeural_SC-001080_04.wav,edgetts,cantonese,SC-001080,zh-HK-HiuMaanNeural,0.9739,可检
data/redteam/factory/segments/edgetts/cantonese/seg_edgetts_cantonese_zh-HK-HiuMaanNeural_SC-001286_00.wav,edgetts,cantonese,SC-001286,zh-HK-HiuMaanNeural,0.9797,可检
data/redteam/factory/segments/edgetts/cantonese/seg_edgetts_cantonese_zh-HK-HiuMaanNeural_SC-001286_01.wav,edgetts,cantonese,SC-001286,zh-HK-HiuMaanNeural,0.9428,可检
data/redteam/factory/segments/edgetts/cantonese/seg_edgetts_cantonese_zh-HK-HiuMaanNeural_SC-001286_02.wav,edgetts,cantonese,SC-001286,zh-HK-HiuMaanNeural,0.9763,可检
data/redteam/factory/segments/edgetts/cantonese/seg_edgetts_cantonese_zh-HK-HiuMaanNeural_SC-001286_03.wav,edgetts,cantonese,SC-001286,zh-HK-HiuMaanNeural,0.9514,可检
data/redteam/factory/segments/edgetts/cantonese/seg_edgetts_cantonese_zh-HK-WanLungNeural_SC-000490_00.wav,edgetts,cantonese,SC-000490,zh-HK-WanLungNeural,0.9188,可检
data/redteam/factory/segments/edgetts/cantonese/seg_edgetts_cantonese_zh-HK-WanLungNeural_SC-000490_01.wav,edgetts,cantonese,SC-000490,zh-HK-WanLungNeural,0.8177,可检
data/redteam/factory/segments/edgetts/cantonese/seg_edgetts_cantonese_zh-HK-WanLungNeural_SC-000490_02.wav,edgetts,cantonese,SC-000490,zh-HK-WanLungNeural,0.7019,可检
data/redteam/factory/segments/edgetts/cantonese/seg_edgetts_cantonese_zh-HK-WanLungNeural_SC-000490_03.wav,edgetts,cantonese,SC-000490,zh-HK-WanLungNeural,0.7663,可检
data/redteam/factory/segments/edgetts/cantonese/seg_edgetts_cantonese_zh-HK-WanLungNeural_SC-000625_00.wav,edgetts,cantonese,SC-000625,zh-HK-WanLungNeural,0.7748,可检
data/redteam/factory/segments/edgetts/cantonese/seg_edgetts_cantonese_zh-HK-WanLungNeural_SC-000625_01.wav,edgetts,cantonese,SC-000625,zh-HK-WanLungNeural,0.953,可检
data/redteam/factory/segments/edgetts/cantonese/seg_edgetts_cantonese_zh-HK-WanLungNeural_SC-000625_02.wav,edgetts,cantonese,SC-000625,zh-HK-WanLungNeural,0.9029,可检
data/redteam/factory/segments/edgetts/cantonese/seg_edgetts_cantonese_zh-HK-WanLungNeural_SC-000625_03.wav,edgetts,cantonese,SC-000625,zh-HK-WanLungNeural,0.8855,可检
data/redteam/factory/segments/edgetts/cantonese/seg_edgetts_cantonese_zh-HK-WanLungNeural_SC-000625_04.wav,edgetts,cantonese,SC-000625,zh-HK-WanLungNeural,0.8546,可检
data/redteam/factory/segments/edgetts/cantonese/seg_edgetts_cantonese_zh-HK-WanLungNeural_SC-000689_00.wav,edgetts,cantonese,SC-000689,zh-HK-WanLungNeural,0.6862,可检
data/redteam/factory/segments/edgetts/cantonese/seg_edgetts_cantonese_zh-HK-WanLungNeural_SC-000689_01.wav,edgetts,cantonese,SC-000689,zh-HK-WanLungNeural,0.6517,可检
data/redteam/factory/segments/edgetts/cantonese/seg_edgetts_cantonese_zh-HK-WanLungNeural_SC-000689_02.wav,edgetts,cantonese,SC-000689,zh-HK-WanLungNeural,0.8669,可检
data/redteam/factory/segments/edgetts/cantonese/seg_edgetts_cantonese_zh-HK-WanLungNeural_SC-000689_03.wav,edgetts,cantonese,SC-000689,zh-HK-WanLungNeural,0.8907,可检
data/redteam/factory/segments/edgetts/cantonese/seg_edgetts_cantonese_zh-HK-WanLungNeural_SC-000689_04.wav,edgetts,cantonese,SC-000689,zh-HK-WanLungNeural,0.7854,可检
data/redteam/factory/segments/edgetts/cantonese/seg_edgetts_cantonese_zh-HK-WanLungNeural_SC-000752_00.wav,edgetts,cantonese,SC-000752,zh-HK-WanLungNeural,0.75,可检
data/redteam/factory/segments/edgetts/cantonese/seg_edgetts_cantonese_zh-HK-WanLungNeural_SC-000752_01.wav,edgetts,cantonese,SC-000752,zh-HK-WanLungNeural,0.9341,可检
data/redteam/factory/segments/edgetts/cantonese/seg_edgetts_cantonese_zh-HK-WanLungNeural_SC-000752_02.wav,edgetts,cantonese,SC-000752,zh-HK-WanLungNeural,0.9335,可检
data/redteam/factory/segments/edgetts/cantonese/seg_edgetts_cantonese_zh-HK-WanLungNeural_SC-000752_03.wav,edgetts,cantonese,SC-000752,zh-HK-WanLungNeural,0.8983,可检
data/redteam/factory/segments/edgetts/cantonese/seg_edgetts_cantonese_zh-HK-WanLungNeural_SC-001080_00.wav,edgetts,cantonese,SC-001080,zh-HK-WanLungNeural,0.8283,可检
data/redteam/factory/segments/edgetts/cantonese/seg_edgetts_cantonese_zh-HK-WanLungNeural_SC-001080_01.wav,edgetts,cantonese,SC-001080,zh-HK-WanLungNeural,0.8692,可检
data/redteam/factory/segments/edgetts/cantonese/seg_edgetts_cantonese_zh-HK-WanLungNeural_SC-001080_02.wav,edgetts,cantonese,SC-001080,zh-HK-WanLungNeural,0.7378,可检
data/redteam/factory/segments/edgetts/cantonese/seg_edgetts_cantonese_zh-HK-WanLungNeural_SC-001080_03.wav,edgetts,cantonese,SC-001080,zh-HK-WanLungNeural,0.9406,可检
data/redteam/factory/segments/edgetts/cantonese/seg_edgetts_cantonese_zh-HK-WanLungNeural_SC-001080_04.wav,edgetts,cantonese,SC-001080,zh-HK-WanLungNeural,0.8986,可检
data/redteam/factory/segments/edgetts/cantonese/seg_edgetts_cantonese_zh-HK-WanLungNeural_SC-001286_00.wav,edgetts,cantonese,SC-001286,zh-HK-WanLungNeural,0.8818,可检
data/redteam/factory/segments/edgetts/cantonese/seg_edgetts_cantonese_zh-HK-WanLungNeural_SC-001286_01.wav,edgetts,cantonese,SC-001286,zh-HK-WanLungNeural,0.9686,可检
data/redteam/factory/segments/edgetts/cantonese/seg_edgetts_cantonese_zh-HK-WanLungNeural_SC-001286_02.wav,edgetts,cantonese,SC-001286,zh-HK-WanLungNeural,0.9217,可检
data/redteam/factory/segments/edgetts/cantonese/seg_edgetts_cantonese_zh-HK-WanLungNeural_SC-001286_03.wav,edgetts,cantonese,SC-001286,zh-HK-WanLungNeural,0.8101,可检
data/redteam/factory/segments/edgetts/dongbei/seg_edgetts_dongbei_zh-CN-liaoning-XiaobeiNeural_SC-000658_00.wav,edgetts,dongbei,SC-000658,zh-CN-liaoning-XiaobeiNeural,0.6587,可检
data/redteam/factory/segments/edgetts/dongbei/seg_edgetts_dongbei_zh-CN-liaoning-XiaobeiNeural_SC-000658_01.wav,edgetts,dongbei,SC-000658,zh-CN-liaoning-XiaobeiNeural,0.9145,可检
data/redteam/factory/segments/edgetts/dongbei/seg_edgetts_dongbei_zh-CN-liaoning-XiaobeiNeural_SC-000658_02.wav,edgetts,dongbei,SC-000658,zh-CN-liaoning-XiaobeiNeural,0.8434,可检
data/redteam/factory/segments/edgetts/dongbei/seg_edgetts_dongbei_zh-CN-liaoning-XiaobeiNeural_SC-000658_03.wav,edgetts,dongbei,SC-000658,zh-CN-liaoning-XiaobeiNeural,0.6207,可检
data/redteam/factory/segments/edgetts/dongbei/seg_edgetts_dongbei_zh-CN-liaoning-XiaobeiNeural_SC-000658_04.wav,edgetts,dongbei,SC-000658,zh-CN-liaoning-XiaobeiNeural,0.8188,可检
data/redteam/factory/segments/edgetts/dongbei/seg_edgetts_dongbei_zh-CN-liaoning-XiaobeiNeural_SC-000877_00.wav,edgetts,dongbei,SC-000877,zh-CN-liaoning-XiaobeiNeural,0.7443,可检
data/redteam/factory/segments/edgetts/dongbei/seg_edgetts_dongbei_zh-CN-liaoning-XiaobeiNeural_SC-000877_01.wav,edgetts,dongbei,SC-000877,zh-CN-liaoning-XiaobeiNeural,0.9431,可检
data/redteam/factory/segments/edgetts/dongbei/seg_edgetts_dongbei_zh-CN-liaoning-XiaobeiNeural_SC-000877_02.wav,edgetts,dongbei,SC-000877,zh-CN-liaoning-XiaobeiNeural,0.9705,可检
data/redteam/factory/segments/edgetts/dongbei/seg_edgetts_dongbei_zh-CN-liaoning-XiaobeiNeural_SC-000877_03.wav,edgetts,dongbei,SC-000877,zh-CN-liaoning-XiaobeiNeural,0.6209,可检
data/redteam/factory/segments/edgetts/dongbei/seg_edgetts_dongbei_zh-CN-liaoning-XiaobeiNeural_SC-000877_04.wav,edgetts,dongbei,SC-000877,zh-CN-liaoning-XiaobeiNeural,0.4467,边界
data/redteam/factory/segments/edgetts/dongbei/seg_edgetts_dongbei_zh-CN-liaoning-XiaobeiNeural_SC-001128_00.wav,edgetts,dongbei,SC-001128,zh-CN-liaoning-XiaobeiNeural,0.7156,可检
data/redteam/factory/segments/edgetts/dongbei/seg_edgetts_dongbei_zh-CN-liaoning-XiaobeiNeural_SC-001128_01.wav,edgetts,dongbei,SC-001128,zh-CN-liaoning-XiaobeiNeural,0.6144,可检
data/redteam/factory/segments/edgetts/dongbei/seg_edgetts_dongbei_zh-CN-liaoning-XiaobeiNeural_SC-001128_02.wav,edgetts,dongbei,SC-001128,zh-CN-liaoning-XiaobeiNeural,0.7554,可检
data/redteam/factory/segments/edgetts/dongbei/seg_edgetts_dongbei_zh-CN-liaoning-XiaobeiNeural_SC-001128_03.wav,edgetts,dongbei,SC-001128,zh-CN-liaoning-XiaobeiNeural,0.4749,边界
data/redteam/factory/segments/edgetts/dongbei/seg_edgetts_dongbei_zh-CN-liaoning-XiaobeiNeural_SC-001128_04.wav,edgetts,dongbei,SC-001128,zh-CN-liaoning-XiaobeiNeural,0.6803,可检
data/redteam/factory/segments/edgetts/dongbei/seg_edgetts_dongbei_zh-CN-liaoning-XiaobeiNeural_SC-001362_00.wav,edgetts,dongbei,SC-001362,zh-CN-liaoning-XiaobeiNeural,0.6952,可检
data/redteam/factory/segments/edgetts/dongbei/seg_edgetts_dongbei_zh-CN-liaoning-XiaobeiNeural_SC-001362_01.wav,edgetts,dongbei,SC-001362,zh-CN-liaoning-XiaobeiNeural,0.6566,可检
data/redteam/factory/segments/edgetts/dongbei/seg_edgetts_dongbei_zh-CN-liaoning-XiaobeiNeural_SC-001362_02.wav,edgetts,dongbei,SC-001362,zh-CN-liaoning-XiaobeiNeural,0.6785,可检
data/redteam/factory/segments/edgetts/dongbei/seg_edgetts_dongbei_zh-CN-liaoning-XiaobeiNeural_SC-001362_03.wav,edgetts,dongbei,SC-001362,zh-CN-liaoning-XiaobeiNeural,0.9452,可检
data/redteam/factory/segments/edgetts/dongbei/seg_edgetts_dongbei_zh-CN-liaoning-XiaobeiNeural_SC-001362_04.wav,edgetts,dongbei,SC-001362,zh-CN-liaoning-XiaobeiNeural,0.8513,可检
data/redteam/factory/segments/edgetts/dongbei/seg_edgetts_dongbei_zh-CN-liaoning-XiaobeiNeural_SC-001545_00.wav,edgetts,dongbei,SC-001545,zh-CN-liaoning-XiaobeiNeural,0.6679,可检
data/redteam/factory/segments/edgetts/dongbei/seg_edgetts_dongbei_zh-CN-liaoning-XiaobeiNeural_SC-001545_01.wav,edgetts,dongbei,SC-001545,zh-CN-liaoning-XiaobeiNeural,0.8469,可检
data/redteam/factory/segments/edgetts/dongbei/seg_edgetts_dongbei_zh-CN-liaoning-XiaobeiNeural_SC-001545_02.wav,edgetts,dongbei,SC-001545,zh-CN-liaoning-XiaobeiNeural,0.7397,可检
data/redteam/factory/segments/edgetts/dongbei/seg_edgetts_dongbei_zh-CN-liaoning-XiaobeiNeural_SC-001545_03.wav,edgetts,dongbei,SC-001545,zh-CN-liaoning-XiaobeiNeural,0.9565,可检
data/redteam/factory/segments/edgetts/dongbei/seg_edgetts_dongbei_zh-CN-liaoning-XiaobeiNeural_SC-001545_04.wav,edgetts,dongbei,SC-001545,zh-CN-liaoning-XiaobeiNeural,0.8669,可检
data/redteam/factory/segments/edgetts/dongbei/seg_edgetts_dongbei_zh-CN-liaoning-XiaobeiNeural_SC-001635_00.wav,edgetts,dongbei,SC-001635,zh-CN-liaoning-XiaobeiNeural,0.5624,可检
data/redteam/factory/segments/edgetts/dongbei/seg_edgetts_dongbei_zh-CN-liaoning-XiaobeiNeural_SC-001635_01.wav,edgetts,dongbei,SC-001635,zh-CN-liaoning-XiaobeiNeural,0.6115,可检
data/redteam/factory/segments/edgetts/dongbei/seg_edgetts_dongbei_zh-CN-liaoning-XiaobeiNeural_SC-001635_02.wav,edgetts,dongbei,SC-001635,zh-CN-liaoning-XiaobeiNeural,0.8103,可检
data/redteam/factory/segments/edgetts/dongbei/seg_edgetts_dongbei_zh-CN-liaoning-XiaobeiNeural_SC-001635_03.wav,edgetts,dongbei,SC-001635,zh-CN-liaoning-XiaobeiNeural,0.7999,可检
data/redteam/factory/segments/edgetts/henan/seg_edgetts_henan_zh-CN-shaanxi-XiaoniNeural_SC-000697_00.wav,edgetts,henan,SC-000697,zh-CN-shaanxi-XiaoniNeural,0.6879,可检
data/redteam/factory/segments/edgetts/henan/seg_edgetts_henan_zh-CN-shaanxi-XiaoniNeural_SC-000697_01.wav,edgetts,henan,SC-000697,zh-CN-shaanxi-XiaoniNeural,0.9751,可检
data/redteam/factory/segments/edgetts/henan/seg_edgetts_henan_zh-CN-shaanxi-XiaoniNeural_SC-000697_02.wav,edgetts,henan,SC-000697,zh-CN-shaanxi-XiaoniNeural,0.9833,可检
data/redteam/factory/segments/edgetts/henan/seg_edgetts_henan_zh-CN-shaanxi-XiaoniNeural_SC-000697_03.wav,edgetts,henan,SC-000697,zh-CN-shaanxi-XiaoniNeural,0.8868,可检
data/redteam/factory/segments/edgetts/henan/seg_edgetts_henan_zh-CN-shaanxi-XiaoniNeural_SC-000697_04.wav,edgetts,henan,SC-000697,zh-CN-shaanxi-XiaoniNeural,0.9525,可检
data/redteam/factory/segments/edgetts/henan/seg_edgetts_henan_zh-CN-shaanxi-XiaoniNeural_SC-001054_00.wav,edgetts,henan,SC-001054,zh-CN-shaanxi-XiaoniNeural,0.9347,可检
data/redteam/factory/segments/edgetts/henan/seg_edgetts_henan_zh-CN-shaanxi-XiaoniNeural_SC-001054_01.wav,edgetts,henan,SC-001054,zh-CN-shaanxi-XiaoniNeural,0.9732,可检
data/redteam/factory/segments/edgetts/henan/seg_edgetts_henan_zh-CN-shaanxi-XiaoniNeural_SC-001054_02.wav,edgetts,henan,SC-001054,zh-CN-shaanxi-XiaoniNeural,0.7356,可检
data/redteam/factory/segments/edgetts/henan/seg_edgetts_henan_zh-CN-shaanxi-XiaoniNeural_SC-001054_03.wav,edgetts,henan,SC-001054,zh-CN-shaanxi-XiaoniNeural,0.8309,可检
data/redteam/factory/segments/edgetts/henan/seg_edgetts_henan_zh-CN-shaanxi-XiaoniNeural_SC-001054_04.wav,edgetts,henan,SC-001054,zh-CN-shaanxi-XiaoniNeural,0.9307,可检
data/redteam/factory/segments/edgetts/henan/seg_edgetts_henan_zh-CN-shaanxi-XiaoniNeural_SC-001106_00.wav,edgetts,henan,SC-001106,zh-CN-shaanxi-XiaoniNeural,0.8633,可检
data/redteam/factory/segments/edgetts/henan/seg_edgetts_henan_zh-CN-shaanxi-XiaoniNeural_SC-001106_01.wav,edgetts,henan,SC-001106,zh-CN-shaanxi-XiaoniNeural,0.7698,可检
data/redteam/factory/segments/edgetts/henan/seg_edgetts_henan_zh-CN-shaanxi-XiaoniNeural_SC-001106_02.wav,edgetts,henan,SC-001106,zh-CN-shaanxi-XiaoniNeural,0.7516,可检
data/redteam/factory/segments/edgetts/henan/seg_edgetts_henan_zh-CN-shaanxi-XiaoniNeural_SC-001106_03.wav,edgetts,henan,SC-001106,zh-CN-shaanxi-XiaoniNeural,0.9758,可检
data/redteam/factory/segments/edgetts/mandarin/seg_edgetts_mandarin_zh-CN-YunxiNeural_SC-000159_00.wav,edgetts,mandarin,SC-000159,zh-CN-YunxiNeural,0.718,可检
data/redteam/factory/segments/edgetts/mandarin/seg_edgetts_mandarin_zh-CN-YunxiNeural_SC-000159_01.wav,edgetts,mandarin,SC-000159,zh-CN-YunxiNeural,0.4608,边界
data/redteam/factory/segments/edgetts/mandarin/seg_edgetts_mandarin_zh-CN-YunxiNeural_SC-000159_02.wav,edgetts,mandarin,SC-000159,zh-CN-YunxiNeural,0.8396,可检
data/redteam/factory/segments/edgetts/mandarin/seg_edgetts_mandarin_zh-CN-YunxiNeural_SC-000474_00.wav,edgetts,mandarin,SC-000474,zh-CN-YunxiNeural,0.6268,可检
data/redteam/factory/segments/edgetts/mandarin/seg_edgetts_mandarin_zh-CN-YunxiNeural_SC-000474_01.wav,edgetts,mandarin,SC-000474,zh-CN-YunxiNeural,0.5347,可检
data/redteam/factory/segments/edgetts/mandarin/seg_edgetts_mandarin_zh-CN-YunxiNeural_SC-000474_02.wav,edgetts,mandarin,SC-000474,zh-CN-YunxiNeural,0.4452,边界
data/redteam/factory/segments/edgetts/mandarin/seg_edgetts_mandarin_zh-CN-YunxiNeural_SC-000474_03.wav,edgetts,mandarin,SC-000474,zh-CN-YunxiNeural,0.3808,边界
data/redteam/factory/segments/edgetts/mandarin/seg_edgetts_mandarin_zh-CN-YunxiNeural_SC-000511_00.wav,edgetts,mandarin,SC-000511,zh-CN-YunxiNeural,0.2386,隐蔽
data/redteam/factory/segments/edgetts/mandarin/seg_edgetts_mandarin_zh-CN-YunxiNeural_SC-000511_01.wav,edgetts,mandarin,SC-000511,zh-CN-YunxiNeural,0.8163,可检
data/redteam/factory/segments/edgetts/mandarin/seg_edgetts_mandarin_zh-CN-YunxiNeural_SC-000511_02.wav,edgetts,mandarin,SC-000511,zh-CN-YunxiNeural,0.3797,边界
data/redteam/factory/segments/edgetts/mandarin/seg_edgetts_mandarin_zh-CN-XiaoxiaoNeural_SC-000159_00.wav,edgetts,mandarin,SC-000159,zh-CN-XiaoxiaoNeural,0.8715,可检
data/redteam/factory/segments/edgetts/mandarin/seg_edgetts_mandarin_zh-CN-XiaoxiaoNeural_SC-000159_01.wav,edgetts,mandarin,SC-000159,zh-CN-XiaoxiaoNeural,0.8599,可检
data/redteam/factory/segments/edgetts/mandarin/seg_edgetts_mandarin_zh-CN-XiaoxiaoNeural_SC-000159_02.wav,edgetts,mandarin,SC-000159,zh-CN-XiaoxiaoNeural,0.7336,可检
data/redteam/factory/segments/edgetts/mandarin/seg_edgetts_mandarin_zh-CN-XiaoxiaoNeural_SC-000159_03.wav,edgetts,mandarin,SC-000159,zh-CN-XiaoxiaoNeural,0.9887,可检
data/redteam/factory/segments/edgetts/mandarin/seg_edgetts_mandarin_zh-CN-XiaoxiaoNeural_SC-000159_04.wav,edgetts,mandarin,SC-000159,zh-CN-XiaoxiaoNeural,0.9104,可检
data/redteam/factory/segments/edgetts/mandarin/seg_edgetts_mandarin_zh-CN-XiaoxiaoNeural_SC-000304_00.wav,edgetts,mandarin,SC-000304,zh-CN-XiaoxiaoNeural,0.8861,可检
data/redteam/factory/segments/edgetts/mandarin/seg_edgetts_mandarin_zh-CN-XiaoxiaoNeural_SC-000304_01.wav,edgetts,mandarin,SC-000304,zh-CN-XiaoxiaoNeural,0.9722,可检
data/redteam/factory/segments/edgetts/mandarin/seg_edgetts_mandarin_zh-CN-XiaoxiaoNeural_SC-000304_02.wav,edgetts,mandarin,SC-000304,zh-CN-XiaoxiaoNeural,0.9885,可检
data/redteam/factory/segments/edgetts/mandarin/seg_edgetts_mandarin_zh-CN-XiaoxiaoNeural_SC-000304_03.wav,edgetts,mandarin,SC-000304,zh-CN-XiaoxiaoNeural,0.9414,可检
data/redteam/factory/segments/edgetts/mandarin/seg_edgetts_mandarin_zh-CN-XiaoxiaoNeural_SC-000304_04.wav,edgetts,mandarin,SC-000304,zh-CN-XiaoxiaoNeural,0.8898,可检
data/redteam/factory/segments/edgetts/mandarin/seg_edgetts_mandarin_zh-CN-XiaoxiaoNeural_SC-000401_00.wav,edgetts,mandarin,SC-000401,zh-CN-XiaoxiaoNeural,0.9788,可检
data/redteam/factory/segments/edgetts/mandarin/seg_edgetts_mandarin_zh-CN-XiaoxiaoNeural_SC-000401_01.wav,edgetts,mandarin,SC-000401,zh-CN-XiaoxiaoNeural,0.9731,可检
data/redteam/factory/segments/edgetts/mandarin/seg_edgetts_mandarin_zh-CN-XiaoxiaoNeural_SC-000401_02.wav,edgetts,mandarin,SC-000401,zh-CN-XiaoxiaoNeural,0.9258,可检
data/redteam/factory/segments/edgetts/mandarin/seg_edgetts_mandarin_zh-CN-XiaoxiaoNeural_SC-000401_03.wav,edgetts,mandarin,SC-000401,zh-CN-XiaoxiaoNeural,0.9297,可检
data/redteam/factory/segments/edgetts/mandarin/seg_edgetts_mandarin_zh-CN-XiaoxiaoNeural_SC-000474_00.wav,edgetts,mandarin,SC-000474,zh-CN-XiaoxiaoNeural,0.8974,可检
data/redteam/factory/segments/edgetts/mandarin/seg_edgetts_mandarin_zh-CN-XiaoxiaoNeural_SC-000474_01.wav,edgetts,mandarin,SC-000474,zh-CN-XiaoxiaoNeural,0.9736,可检
data/redteam/factory/segments/edgetts/mandarin/seg_edgetts_mandarin_zh-CN-XiaoxiaoNeural_SC-000474_02.wav,edgetts,mandarin,SC-000474,zh-CN-XiaoxiaoNeural,0.8932,可检
data/redteam/factory/segments/edgetts/mandarin/seg_edgetts_mandarin_zh-CN-XiaoxiaoNeural_SC-000474_03.wav,edgetts,mandarin,SC-000474,zh-CN-XiaoxiaoNeural,0.8552,可检
data/redteam/factory/segments/edgetts/mandarin/seg_edgetts_mandarin_zh-CN-XiaoxiaoNeural_SC-000474_04.wav,edgetts,mandarin,SC-000474,zh-CN-XiaoxiaoNeural,0.9929,可检
data/redteam/factory/segments/edgetts/mandarin/seg_edgetts_mandarin_zh-CN-XiaoxiaoNeural_SC-000511_00.wav,edgetts,mandarin,SC-000511,zh-CN-XiaoxiaoNeural,0.8308,可检
data/redteam/factory/segments/edgetts/mandarin/seg_edgetts_mandarin_zh-CN-XiaoxiaoNeural_SC-000511_01.wav,edgetts,mandarin,SC-000511,zh-CN-XiaoxiaoNeural,0.811,可检
data/redteam/factory/segments/edgetts/mandarin/seg_edgetts_mandarin_zh-CN-XiaoxiaoNeural_SC-000511_02.wav,edgetts,mandarin,SC-000511,zh-CN-XiaoxiaoNeural,0.8391,可检
data/redteam/factory/segments/edgetts/mandarin/seg_edgetts_mandarin_zh-CN-XiaoxiaoNeural_SC-000511_03.wav,edgetts,mandarin,SC-000511,zh-CN-XiaoxiaoNeural,0.9716,可检
data/redteam/factory/segments/edgetts/mandarin/seg_edgetts_mandarin_zh-CN-YunjianNeural_SC-000159_00.wav,edgetts,mandarin,SC-000159,zh-CN-YunjianNeural,0.8522,可检
data/redteam/factory/segments/edgetts/mandarin/seg_edgetts_mandarin_zh-CN-YunjianNeural_SC-000159_01.wav,edgetts,mandarin,SC-000159,zh-CN-YunjianNeural,0.6996,可检
data/redteam/factory/segments/edgetts/mandarin/seg_edgetts_mandarin_zh-CN-YunjianNeural_SC-000159_02.wav,edgetts,mandarin,SC-000159,zh-CN-YunjianNeural,0.6922,可检
data/redteam/factory/segments/edgetts/mandarin/seg_edgetts_mandarin_zh-CN-YunjianNeural_SC-000159_03.wav,edgetts,mandarin,SC-000159,zh-CN-YunjianNeural,0.5246,可检
data/redteam/factory/segments/edgetts/mandarin/seg_edgetts_mandarin_zh-CN-YunjianNeural_SC-000474_00.wav,edgetts,mandarin,SC-000474,zh-CN-YunjianNeural,0.4707,边界
data/redteam/factory/segments/edgetts/mandarin/seg_edgetts_mandarin_zh-CN-YunjianNeural_SC-000474_01.wav,edgetts,mandarin,SC-000474,zh-CN-YunjianNeural,0.6918,可检
data/redteam/factory/segments/edgetts/mandarin/seg_edgetts_mandarin_zh-CN-YunjianNeural_SC-000474_02.wav,edgetts,mandarin,SC-000474,zh-CN-YunjianNeural,0.7027,可检
data/redteam/factory/segments/edgetts/mandarin/seg_edgetts_mandarin_zh-CN-YunjianNeural_SC-000474_03.wav,edgetts,mandarin,SC-000474,zh-CN-YunjianNeural,0.9958,可检
data/redteam/factory/segments/edgetts/mandarin/seg_edgetts_mandarin_zh-CN-YunjianNeural_SC-000511_00.wav,edgetts,mandarin,SC-000511,zh-CN-YunjianNeural,0.4976,边界
data/redteam/factory/segments/edgetts/mandarin/seg_edgetts_mandarin_zh-CN-YunjianNeural_SC-000511_01.wav,edgetts,mandarin,SC-000511,zh-CN-YunjianNeural,0.8117,可检
data/redteam/factory/segments/edgetts/mandarin/seg_edgetts_mandarin_zh-CN-YunjianNeural_SC-000511_02.wav,edgetts,mandarin,SC-000511,zh-CN-YunjianNeural,0.6544,可检
data/redteam/factory/segments/edgetts/mandarin/seg_edgetts_mandarin_zh-CN-YunjianNeural_SC-000511_03.wav,edgetts,mandarin,SC-000511,zh-CN-YunjianNeural,0.7635,可检
data/redteam/factory/segments/edgetts/mandarin/seg_edgetts_mandarin_zh-CN-YunyangNeural_SC-000159_00.wav,edgetts,mandarin,SC-000159,zh-CN-YunyangNeural,0.8664,可检
data/redteam/factory/segments/edgetts/mandarin/seg_edgetts_mandarin_zh-CN-YunyangNeural_SC-000159_01.wav,edgetts,mandarin,SC-000159,zh-CN-YunyangNeural,0.242,隐蔽
data/redteam/factory/segments/edgetts/mandarin/seg_edgetts_mandarin_zh-CN-YunyangNeural_SC-000159_02.wav,edgetts,mandarin,SC-000159,zh-CN-YunyangNeural,0.6884,可检
data/redteam/factory/segments/edgetts/mandarin/seg_edgetts_mandarin_zh-CN-YunyangNeural_SC-000159_03.wav,edgetts,mandarin,SC-000159,zh-CN-YunyangNeural,0.6629,可检
data/redteam/factory/segments/edgetts/mandarin/seg_edgetts_mandarin_zh-CN-YunyangNeural_SC-000474_00.wav,edgetts,mandarin,SC-000474,zh-CN-YunyangNeural,0.5805,可检
data/redteam/factory/segments/edgetts/mandarin/seg_edgetts_mandarin_zh-CN-YunyangNeural_SC-000474_01.wav,edgetts,mandarin,SC-000474,zh-CN-YunyangNeural,0.536,可检
data/redteam/factory/segments/edgetts/mandarin/seg_edgetts_mandarin_zh-CN-YunyangNeural_SC-000474_02.wav,edgetts,mandarin,SC-000474,zh-CN-YunyangNeural,0.4073,边界
data/redteam/factory/segments/edgetts/mandarin/seg_edgetts_mandarin_zh-CN-YunyangNeural_SC-000474_03.wav,edgetts,mandarin,SC-000474,zh-CN-YunyangNeural,0.6929,可检
data/redteam/factory/segments/edgetts/minnan/seg_edgetts_minnan_zh-TW-HsiaoChenNeural_SC-000539_00.wav,edgetts,minnan,SC-000539,zh-TW-HsiaoChenNeural,0.9422,可检
data/redteam/factory/segments/edgetts/minnan/seg_edgetts_minnan_zh-TW-HsiaoChenNeural_SC-000539_01.wav,edgetts,minnan,SC-000539,zh-TW-HsiaoChenNeural,0.9681,可检
data/redteam/factory/segments/edgetts/minnan/seg_edgetts_minnan_zh-TW-HsiaoChenNeural_SC-000539_02.wav,edgetts,minnan,SC-000539,zh-TW-HsiaoChenNeural,0.9875,可检
data/redteam/factory/segments/edgetts/minnan/seg_edgetts_minnan_zh-TW-HsiaoChenNeural_SC-000539_03.wav,edgetts,minnan,SC-000539,zh-TW-HsiaoChenNeural,0.9954,可检
data/redteam/factory/segments/edgetts/minnan/seg_edgetts_minnan_zh-TW-HsiaoChenNeural_SC-000539_04.wav,edgetts,minnan,SC-000539,zh-TW-HsiaoChenNeural,0.914,可检
data/redteam/factory/segments/edgetts/minnan/seg_edgetts_minnan_zh-TW-HsiaoChenNeural_SC-000841_00.wav,edgetts,minnan,SC-000841,zh-TW-HsiaoChenNeural,0.9598,可检
data/redteam/factory/segments/edgetts/minnan/seg_edgetts_minnan_zh-TW-HsiaoChenNeural_SC-000841_01.wav,edgetts,minnan,SC-000841,zh-TW-HsiaoChenNeural,0.9368,可检
data/redteam/factory/segments/edgetts/minnan/seg_edgetts_minnan_zh-TW-HsiaoChenNeural_SC-000841_02.wav,edgetts,minnan,SC-000841,zh-TW-HsiaoChenNeural,0.9477,可检
data/redteam/factory/segments/edgetts/minnan/seg_edgetts_minnan_zh-TW-HsiaoChenNeural_SC-000841_03.wav,edgetts,minnan,SC-000841,zh-TW-HsiaoChenNeural,0.9575,可检
data/redteam/factory/segments/edgetts/minnan/seg_edgetts_minnan_zh-TW-HsiaoChenNeural_SC-000841_04.wav,edgetts,minnan,SC-000841,zh-TW-HsiaoChenNeural,0.9851,可检
data/redteam/factory/segments/edgetts/minnan/seg_edgetts_minnan_zh-TW-HsiaoChenNeural_SC-001006_00.wav,edgetts,minnan,SC-001006,zh-TW-HsiaoChenNeural,0.9666,可检
data/redteam/factory/segments/edgetts/minnan/seg_edgetts_minnan_zh-TW-HsiaoChenNeural_SC-001006_01.wav,edgetts,minnan,SC-001006,zh-TW-HsiaoChenNeural,0.9622,可检
data/redteam/factory/segments/edgetts/minnan/seg_edgetts_minnan_zh-TW-HsiaoChenNeural_SC-001006_02.wav,edgetts,minnan,SC-001006,zh-TW-HsiaoChenNeural,0.8369,可检
data/redteam/factory/segments/edgetts/minnan/seg_edgetts_minnan_zh-TW-HsiaoChenNeural_SC-001006_03.wav,edgetts,minnan,SC-001006,zh-TW-HsiaoChenNeural,0.9885,可检
data/redteam/factory/segments/edgetts/minnan/seg_edgetts_minnan_zh-TW-HsiaoChenNeural_SC-001180_00.wav,edgetts,minnan,SC-001180,zh-TW-HsiaoChenNeural,0.9825,可检
data/redteam/factory/segments/edgetts/minnan/seg_edgetts_minnan_zh-TW-HsiaoChenNeural_SC-001180_01.wav,edgetts,minnan,SC-001180,zh-TW-HsiaoChenNeural,0.9349,可检
data/redteam/factory/segments/edgetts/minnan/seg_edgetts_minnan_zh-TW-HsiaoChenNeural_SC-001180_02.wav,edgetts,minnan,SC-001180,zh-TW-HsiaoChenNeural,0.9728,可检
data/redteam/factory/segments/edgetts/minnan/seg_edgetts_minnan_zh-TW-HsiaoChenNeural_SC-001180_03.wav,edgetts,minnan,SC-001180,zh-TW-HsiaoChenNeural,0.9815,可检
data/redteam/factory/segments/edgetts/minnan/seg_edgetts_minnan_zh-TW-HsiaoChenNeural_SC-001180_04.wav,edgetts,minnan,SC-001180,zh-TW-HsiaoChenNeural,0.8866,可检
data/redteam/factory/segments/edgetts/minnan/seg_edgetts_minnan_zh-TW-HsiaoChenNeural_SC-001267_00.wav,edgetts,minnan,SC-001267,zh-TW-HsiaoChenNeural,0.976,可检
data/redteam/factory/segments/edgetts/minnan/seg_edgetts_minnan_zh-TW-HsiaoChenNeural_SC-001267_01.wav,edgetts,minnan,SC-001267,zh-TW-HsiaoChenNeural,0.9743,可检
data/redteam/factory/segments/edgetts/minnan/seg_edgetts_minnan_zh-TW-HsiaoChenNeural_SC-001267_02.wav,edgetts,minnan,SC-001267,zh-TW-HsiaoChenNeural,0.9921,可检
data/redteam/factory/segments/edgetts/minnan/seg_edgetts_minnan_zh-TW-HsiaoChenNeural_SC-001267_03.wav,edgetts,minnan,SC-001267,zh-TW-HsiaoChenNeural,0.9537,可检
data/redteam/factory/segments/edgetts/minnan/seg_edgetts_minnan_zh-TW-HsiaoChenNeural_SC-001267_04.wav,edgetts,minnan,SC-001267,zh-TW-HsiaoChenNeural,0.9193,可检
data/redteam/factory/segments/edgetts/minnan/seg_edgetts_minnan_zh-TW-HsiaoChenNeural_SC-001513_00.wav,edgetts,minnan,SC-001513,zh-TW-HsiaoChenNeural,0.8576,可检
data/redteam/factory/segments/edgetts/minnan/seg_edgetts_minnan_zh-TW-HsiaoChenNeural_SC-001513_01.wav,edgetts,minnan,SC-001513,zh-TW-HsiaoChenNeural,0.9598,可检
data/redteam/factory/segments/edgetts/minnan/seg_edgetts_minnan_zh-TW-HsiaoChenNeural_SC-001513_02.wav,edgetts,minnan,SC-001513,zh-TW-HsiaoChenNeural,0.9189,可检
data/redteam/factory/segments/edgetts/minnan/seg_edgetts_minnan_zh-TW-HsiaoChenNeural_SC-001513_03.wav,edgetts,minnan,SC-001513,zh-TW-HsiaoChenNeural,0.9368,可检
data/redteam/factory/segments/edgetts/minnan/seg_edgetts_minnan_zh-TW-HsiaoChenNeural_SC-001513_04.wav,edgetts,minnan,SC-001513,zh-TW-HsiaoChenNeural,0.965,可检
data/redteam/factory/segments/edgetts/minnan/seg_edgetts_minnan_zh-TW-HsiaoChenNeural_SC-001619_00.wav,edgetts,minnan,SC-001619,zh-TW-HsiaoChenNeural,0.9467,可检
data/redteam/factory/segments/edgetts/minnan/seg_edgetts_minnan_zh-TW-HsiaoChenNeural_SC-001619_01.wav,edgetts,minnan,SC-001619,zh-TW-HsiaoChenNeural,0.9912,可检
data/redteam/factory/segments/edgetts/minnan/seg_edgetts_minnan_zh-TW-HsiaoChenNeural_SC-001619_02.wav,edgetts,minnan,SC-001619,zh-TW-HsiaoChenNeural,0.9731,可检
data/redteam/factory/segments/edgetts/minnan/seg_edgetts_minnan_zh-TW-HsiaoChenNeural_SC-001619_03.wav,edgetts,minnan,SC-001619,zh-TW-HsiaoChenNeural,0.9645,可检
data/redteam/factory/segments/edgetts/minnan/seg_edgetts_minnan_zh-TW-YunJheNeural_SC-000539_00.wav,edgetts,minnan,SC-000539,zh-TW-YunJheNeural,0.6824,可检
data/redteam/factory/segments/edgetts/minnan/seg_edgetts_minnan_zh-TW-YunJheNeural_SC-000539_01.wav,edgetts,minnan,SC-000539,zh-TW-YunJheNeural,0.9671,可检
data/redteam/factory/segments/edgetts/minnan/seg_edgetts_minnan_zh-TW-YunJheNeural_SC-000539_02.wav,edgetts,minnan,SC-000539,zh-TW-YunJheNeural,0.5452,可检
data/redteam/factory/segments/edgetts/minnan/seg_edgetts_minnan_zh-TW-YunJheNeural_SC-000539_03.wav,edgetts,minnan,SC-000539,zh-TW-YunJheNeural,0.6402,可检
data/redteam/factory/segments/edgetts/minnan/seg_edgetts_minnan_zh-TW-YunJheNeural_SC-000841_00.wav,edgetts,minnan,SC-000841,zh-TW-YunJheNeural,0.591,可检
data/redteam/factory/segments/edgetts/minnan/seg_edgetts_minnan_zh-TW-YunJheNeural_SC-000841_01.wav,edgetts,minnan,SC-000841,zh-TW-YunJheNeural,0.3123,边界
data/redteam/factory/segments/edgetts/minnan/seg_edgetts_minnan_zh-TW-YunJheNeural_SC-000841_02.wav,edgetts,minnan,SC-000841,zh-TW-YunJheNeural,0.9456,可检
data/redteam/factory/segments/edgetts/minnan/seg_edgetts_minnan_zh-TW-YunJheNeural_SC-000841_03.wav,edgetts,minnan,SC-000841,zh-TW-YunJheNeural,0.9199,可检
data/redteam/factory/segments/edgetts/minnan/seg_edgetts_minnan_zh-TW-YunJheNeural_SC-001180_00.wav,edgetts,minnan,SC-001180,zh-TW-YunJheNeural,0.8751,可检
data/redteam/factory/segments/edgetts/minnan/seg_edgetts_minnan_zh-TW-YunJheNeural_SC-001180_01.wav,edgetts,minnan,SC-001180,zh-TW-YunJheNeural,0.7079,可检
data/redteam/factory/segments/edgetts/minnan/seg_edgetts_minnan_zh-TW-YunJheNeural_SC-001180_02.wav,edgetts,minnan,SC-001180,zh-TW-YunJheNeural,0.7555,可检
data/redteam/factory/segments/edgetts/minnan/seg_edgetts_minnan_zh-TW-YunJheNeural_SC-001180_03.wav,edgetts,minnan,SC-001180,zh-TW-YunJheNeural,0.7798,可检
data/redteam/factory/segments/edgetts/minnan/seg_edgetts_minnan_zh-TW-YunJheNeural_SC-001267_00.wav,edgetts,minnan,SC-001267,zh-TW-YunJheNeural,0.5463,可检
data/redteam/factory/segments/edgetts/minnan/seg_edgetts_minnan_zh-TW-YunJheNeural_SC-001267_01.wav,edgetts,minnan,SC-001267,zh-TW-YunJheNeural,0.5149,可检
data/redteam/factory/segments/edgetts/minnan/seg_edgetts_minnan_zh-TW-YunJheNeural_SC-001267_02.wav,edgetts,minnan,SC-001267,zh-TW-YunJheNeural,0.9073,可检
data/redteam/factory/segments/edgetts/minnan/seg_edgetts_minnan_zh-TW-YunJheNeural_SC-001267_03.wav,edgetts,minnan,SC-001267,zh-TW-YunJheNeural,0.6383,可检
data/redteam/factory/segments/edgetts/sichuan/seg_edgetts_sichuan_zh-CN-YunxiNeural_SC-000375_00.wav,edgetts,sichuan,SC-000375,zh-CN-YunxiNeural,0.3052,边界
data/redteam/factory/segments/edgetts/sichuan/seg_edgetts_sichuan_zh-CN-YunxiNeural_SC-000375_01.wav,edgetts,sichuan,SC-000375,zh-CN-YunxiNeural,0.4191,边界
data/redteam/factory/segments/edgetts/sichuan/seg_edgetts_sichuan_zh-CN-YunxiNeural_SC-000375_02.wav,edgetts,sichuan,SC-000375,zh-CN-YunxiNeural,0.7328,可检
data/redteam/factory/segments/edgetts/sichuan/seg_edgetts_sichuan_zh-CN-YunxiNeural_SC-000429_00.wav,edgetts,sichuan,SC-000429,zh-CN-YunxiNeural,0.9662,可检
data/redteam/factory/segments/edgetts/sichuan/seg_edgetts_sichuan_zh-CN-YunxiNeural_SC-000429_01.wav,edgetts,sichuan,SC-000429,zh-CN-YunxiNeural,0.2243,隐蔽
data/redteam/factory/segments/edgetts/sichuan/seg_edgetts_sichuan_zh-CN-YunxiNeural_SC-000429_02.wav,edgetts,sichuan,SC-000429,zh-CN-YunxiNeural,0.4878,边界
data/redteam/factory/segments/edgetts/sichuan/seg_edgetts_sichuan_zh-CN-YunxiNeural_SC-000429_03.wav,edgetts,sichuan,SC-000429,zh-CN-YunxiNeural,0.7185,可检
data/redteam/factory/segments/edgetts/sichuan/seg_edgetts_sichuan_zh-CN-YunxiNeural_SC-000552_00.wav,edgetts,sichuan,SC-000552,zh-CN-YunxiNeural,0.7688,可检
data/redteam/factory/segments/edgetts/sichuan/seg_edgetts_sichuan_zh-CN-YunxiNeural_SC-000552_01.wav,edgetts,sichuan,SC-000552,zh-CN-YunxiNeural,0.9017,可检
data/redteam/factory/segments/edgetts/sichuan/seg_edgetts_sichuan_zh-CN-YunxiNeural_SC-000552_02.wav,edgetts,sichuan,SC-000552,zh-CN-YunxiNeural,0.8297,可检
data/redteam/factory/segments/edgetts/sichuan/seg_edgetts_sichuan_zh-CN-YunxiNeural_SC-000627_00.wav,edgetts,sichuan,SC-000627,zh-CN-YunxiNeural,0.7689,可检
data/redteam/factory/segments/edgetts/sichuan/seg_edgetts_sichuan_zh-CN-YunxiNeural_SC-000627_01.wav,edgetts,sichuan,SC-000627,zh-CN-YunxiNeural,0.5747,可检
data/redteam/factory/segments/edgetts/sichuan/seg_edgetts_sichuan_zh-CN-YunxiNeural_SC-000627_02.wav,edgetts,sichuan,SC-000627,zh-CN-YunxiNeural,0.8872,可检
data/redteam/factory/segments/edgetts/sichuan/seg_edgetts_sichuan_zh-CN-YunxiNeural_SC-000627_03.wav,edgetts,sichuan,SC-000627,zh-CN-YunxiNeural,0.5071,可检
data/redteam/factory/segments/edgetts/sichuan/seg_edgetts_sichuan_zh-CN-YunxiNeural_SC-000756_00.wav,edgetts,sichuan,SC-000756,zh-CN-YunxiNeural,0.8896,可检
data/redteam/factory/segments/edgetts/sichuan/seg_edgetts_sichuan_zh-CN-YunxiNeural_SC-000756_01.wav,edgetts,sichuan,SC-000756,zh-CN-YunxiNeural,0.7525,可检
data/redteam/factory/segments/edgetts/sichuan/seg_edgetts_sichuan_zh-CN-YunxiNeural_SC-000756_02.wav,edgetts,sichuan,SC-000756,zh-CN-YunxiNeural,0.9671,可检
data/redteam/factory/segments/edgetts/sichuan/seg_edgetts_sichuan_zh-CN-YunxiNeural_SC-000996_00.wav,edgetts,sichuan,SC-000996,zh-CN-YunxiNeural,0.6222,可检
data/redteam/factory/segments/edgetts/sichuan/seg_edgetts_sichuan_zh-CN-YunxiNeural_SC-000996_01.wav,edgetts,sichuan,SC-000996,zh-CN-YunxiNeural,0.7487,可检
data/redteam/factory/segments/edgetts/sichuan/seg_edgetts_sichuan_zh-CN-YunxiNeural_SC-000996_02.wav,edgetts,sichuan,SC-000996,zh-CN-YunxiNeural,0.7269,可检
data/redteam/factory/segments/edgetts/sichuan/seg_edgetts_sichuan_zh-CN-XiaoxiaoNeural_SC-000375_00.wav,edgetts,sichuan,SC-000375,zh-CN-XiaoxiaoNeural,0.7752,可检
data/redteam/factory/segments/edgetts/sichuan/seg_edgetts_sichuan_zh-CN-XiaoxiaoNeural_SC-000375_01.wav,edgetts,sichuan,SC-000375,zh-CN-XiaoxiaoNeural,0.9652,可检
data/redteam/factory/segments/edgetts/sichuan/seg_edgetts_sichuan_zh-CN-XiaoxiaoNeural_SC-000375_02.wav,edgetts,sichuan,SC-000375,zh-CN-XiaoxiaoNeural,0.8507,可检
data/redteam/factory/segments/edgetts/sichuan/seg_edgetts_sichuan_zh-CN-XiaoxiaoNeural_SC-000375_03.wav,edgetts,sichuan,SC-000375,zh-CN-XiaoxiaoNeural,0.9524,可检
data/redteam/factory/segments/edgetts/sichuan/seg_edgetts_sichuan_zh-CN-XiaoxiaoNeural_SC-000375_04.wav,edgetts,sichuan,SC-000375,zh-CN-XiaoxiaoNeural,0.9742,可检
data/redteam/factory/segments/edgetts/sichuan/seg_edgetts_sichuan_zh-CN-XiaoxiaoNeural_SC-000429_00.wav,edgetts,sichuan,SC-000429,zh-CN-XiaoxiaoNeural,0.9031,可检
data/redteam/factory/segments/edgetts/sichuan/seg_edgetts_sichuan_zh-CN-XiaoxiaoNeural_SC-000429_01.wav,edgetts,sichuan,SC-000429,zh-CN-XiaoxiaoNeural,0.9712,可检
data/redteam/factory/segments/edgetts/sichuan/seg_edgetts_sichuan_zh-CN-XiaoxiaoNeural_SC-000429_02.wav,edgetts,sichuan,SC-000429,zh-CN-XiaoxiaoNeural,0.9147,可检
data/redteam/factory/segments/edgetts/sichuan/seg_edgetts_sichuan_zh-CN-XiaoxiaoNeural_SC-000429_03.wav,edgetts,sichuan,SC-000429,zh-CN-XiaoxiaoNeural,0.9711,可检
data/redteam/factory/segments/edgetts/sichuan/seg_edgetts_sichuan_zh-CN-XiaoxiaoNeural_SC-000429_04.wav,edgetts,sichuan,SC-000429,zh-CN-XiaoxiaoNeural,0.8638,可检
data/redteam/factory/segments/edgetts/sichuan/seg_edgetts_sichuan_zh-CN-XiaoxiaoNeural_SC-000552_00.wav,edgetts,sichuan,SC-000552,zh-CN-XiaoxiaoNeural,0.9518,可检
data/redteam/factory/segments/edgetts/sichuan/seg_edgetts_sichuan_zh-CN-XiaoxiaoNeural_SC-000552_01.wav,edgetts,sichuan,SC-000552,zh-CN-XiaoxiaoNeural,0.8679,可检
data/redteam/factory/segments/edgetts/sichuan/seg_edgetts_sichuan_zh-CN-XiaoxiaoNeural_SC-000552_02.wav,edgetts,sichuan,SC-000552,zh-CN-XiaoxiaoNeural,0.8359,可检
data/redteam/factory/segments/edgetts/sichuan/seg_edgetts_sichuan_zh-CN-XiaoxiaoNeural_SC-000552_03.wav,edgetts,sichuan,SC-000552,zh-CN-XiaoxiaoNeural,0.9556,可检
data/redteam/factory/segments/edgetts/sichuan/seg_edgetts_sichuan_zh-CN-XiaoxiaoNeural_SC-000627_00.wav,edgetts,sichuan,SC-000627,zh-CN-XiaoxiaoNeural,0.9258,可检
data/redteam/factory/segments/edgetts/sichuan/seg_edgetts_sichuan_zh-CN-XiaoxiaoNeural_SC-000627_01.wav,edgetts,sichuan,SC-000627,zh-CN-XiaoxiaoNeural,0.9891,可检
data/redteam/factory/segments/edgetts/sichuan/seg_edgetts_sichuan_zh-CN-XiaoxiaoNeural_SC-000627_02.wav,edgetts,sichuan,SC-000627,zh-CN-XiaoxiaoNeural,0.9954,可检
data/redteam/factory/segments/edgetts/sichuan/seg_edgetts_sichuan_zh-CN-XiaoxiaoNeural_SC-000627_03.wav,edgetts,sichuan,SC-000627,zh-CN-XiaoxiaoNeural,0.8979,可检
data/redteam/factory/segments/edgetts/sichuan/seg_edgetts_sichuan_zh-CN-XiaoxiaoNeural_SC-000627_04.wav,edgetts,sichuan,SC-000627,zh-CN-XiaoxiaoNeural,0.9288,可检
data/redteam/factory/segments/edgetts/sichuan/seg_edgetts_sichuan_zh-CN-XiaoxiaoNeural_SC-000756_00.wav,edgetts,sichuan,SC-000756,zh-CN-XiaoxiaoNeural,0.9846,可检
data/redteam/factory/segments/edgetts/sichuan/seg_edgetts_sichuan_zh-CN-XiaoxiaoNeural_SC-000756_01.wav,edgetts,sichuan,SC-000756,zh-CN-XiaoxiaoNeural,0.9902,可检
data/redteam/factory/segments/edgetts/sichuan/seg_edgetts_sichuan_zh-CN-XiaoxiaoNeural_SC-000756_02.wav,edgetts,sichuan,SC-000756,zh-CN-XiaoxiaoNeural,0.9962,可检
data/redteam/factory/segments/edgetts/sichuan/seg_edgetts_sichuan_zh-CN-XiaoxiaoNeural_SC-000756_03.wav,edgetts,sichuan,SC-000756,zh-CN-XiaoxiaoNeural,0.9966,可检
data/redteam/factory/segments/edgetts/sichuan/seg_edgetts_sichuan_zh-CN-XiaoxiaoNeural_SC-000756_04.wav,edgetts,sichuan,SC-000756,zh-CN-XiaoxiaoNeural,0.972,可检
data/redteam/factory/segments/edgetts/sichuan/seg_edgetts_sichuan_zh-CN-XiaoxiaoNeural_SC-000996_00.wav,edgetts,sichuan,SC-000996,zh-CN-XiaoxiaoNeural,0.9815,可检
data/redteam/factory/segments/edgetts/sichuan/seg_edgetts_sichuan_zh-CN-XiaoxiaoNeural_SC-000996_01.wav,edgetts,sichuan,SC-000996,zh-CN-XiaoxiaoNeural,0.9546,可检
data/redteam/factory/segments/edgetts/sichuan/seg_edgetts_sichuan_zh-CN-XiaoxiaoNeural_SC-000996_02.wav,edgetts,sichuan,SC-000996,zh-CN-XiaoxiaoNeural,0.9842,可检
data/redteam/factory/segments/edgetts/sichuan/seg_edgetts_sichuan_zh-CN-XiaoxiaoNeural_SC-000996_03.wav,edgetts,sichuan,SC-000996,zh-CN-XiaoxiaoNeural,0.8464,可检
data/redteam/factory/segments/edgetts/cantonese/seg_edgetts_cantonese_zh-HK-HiuMaanNeural_SC-001082_00.wav,edgetts,cantonese,SC-001082,zh-HK-HiuMaanNeural,0.9911,可检
data/redteam/factory/segments/edgetts/cantonese/seg_edgetts_cantonese_zh-HK-HiuMaanNeural_SC-001082_01.wav,edgetts,cantonese,SC-001082,zh-HK-HiuMaanNeural,0.9816,可检
data/redteam/factory/segments/edgetts/cantonese/seg_edgetts_cantonese_zh-HK-HiuMaanNeural_SC-001082_02.wav,edgetts,cantonese,SC-001082,zh-HK-HiuMaanNeural,0.9338,可检
data/redteam/factory/segments/edgetts/cantonese/seg_edgetts_cantonese_zh-HK-HiuMaanNeural_SC-001082_03.wav,edgetts,cantonese,SC-001082,zh-HK-HiuMaanNeural,0.9642,可检
data/redteam/factory/segments/edgetts/cantonese/seg_edgetts_cantonese_zh-HK-HiuMaanNeural_SC-001082_04.wav,edgetts,cantonese,SC-001082,zh-HK-HiuMaanNeural,0.9723,可检
data/redteam/factory/segments/edgetts/cantonese/seg_edgetts_cantonese_zh-HK-HiuMaanNeural_SC-001198_00.wav,edgetts,cantonese,SC-001198,zh-HK-HiuMaanNeural,0.958,可检
data/redteam/factory/segments/edgetts/cantonese/seg_edgetts_cantonese_zh-HK-HiuMaanNeural_SC-001198_01.wav,edgetts,cantonese,SC-001198,zh-HK-HiuMaanNeural,0.9652,可检
data/redteam/factory/segments/edgetts/cantonese/seg_edgetts_cantonese_zh-HK-HiuMaanNeural_SC-001198_02.wav,edgetts,cantonese,SC-001198,zh-HK-HiuMaanNeural,0.9631,可检
data/redteam/factory/segments/edgetts/cantonese/seg_edgetts_cantonese_zh-HK-HiuMaanNeural_SC-001198_03.wav,edgetts,cantonese,SC-001198,zh-HK-HiuMaanNeural,0.9547,可检
data/redteam/factory/segments/edgetts/cantonese/seg_edgetts_cantonese_zh-HK-WanLungNeural_SC-001082_00.wav,edgetts,cantonese,SC-001082,zh-HK-WanLungNeural,0.6924,可检
data/redteam/factory/segments/edgetts/cantonese/seg_edgetts_cantonese_zh-HK-WanLungNeural_SC-001082_01.wav,edgetts,cantonese,SC-001082,zh-HK-WanLungNeural,0.8591,可检
data/redteam/factory/segments/edgetts/cantonese/seg_edgetts_cantonese_zh-HK-WanLungNeural_SC-001082_02.wav,edgetts,cantonese,SC-001082,zh-HK-WanLungNeural,0.9067,可检
data/redteam/factory/segments/edgetts/cantonese/seg_edgetts_cantonese_zh-HK-WanLungNeural_SC-001082_03.wav,edgetts,cantonese,SC-001082,zh-HK-WanLungNeural,0.694,可检
data/redteam/factory/segments/edgetts/cantonese/seg_edgetts_cantonese_zh-HK-WanLungNeural_SC-001198_00.wav,edgetts,cantonese,SC-001198,zh-HK-WanLungNeural,0.8258,可检
data/redteam/factory/segments/edgetts/cantonese/seg_edgetts_cantonese_zh-HK-WanLungNeural_SC-001198_01.wav,edgetts,cantonese,SC-001198,zh-HK-WanLungNeural,0.6692,可检
data/redteam/factory/segments/edgetts/cantonese/seg_edgetts_cantonese_zh-HK-WanLungNeural_SC-001198_02.wav,edgetts,cantonese,SC-001198,zh-HK-WanLungNeural,0.8504,可检
data/redteam/factory/segments/edgetts/cantonese/seg_edgetts_cantonese_zh-HK-WanLungNeural_SC-001198_03.wav,edgetts,cantonese,SC-001198,zh-HK-WanLungNeural,0.7854,可检
data/redteam/factory/segments/edgetts/dongbei/seg_edgetts_dongbei_zh-CN-liaoning-XiaobeiNeural_SC-000820_00.wav,edgetts,dongbei,SC-000820,zh-CN-liaoning-XiaobeiNeural,0.7167,可检
data/redteam/factory/segments/edgetts/dongbei/seg_edgetts_dongbei_zh-CN-liaoning-XiaobeiNeural_SC-000820_01.wav,edgetts,dongbei,SC-000820,zh-CN-liaoning-XiaobeiNeural,0.7079,可检
data/redteam/factory/segments/edgetts/dongbei/seg_edgetts_dongbei_zh-CN-liaoning-XiaobeiNeural_SC-000820_02.wav,edgetts,dongbei,SC-000820,zh-CN-liaoning-XiaobeiNeural,0.6451,可检
data/redteam/factory/segments/edgetts/dongbei/seg_edgetts_dongbei_zh-CN-liaoning-XiaobeiNeural_SC-000820_03.wav,edgetts,dongbei,SC-000820,zh-CN-liaoning-XiaobeiNeural,0.3196,边界
data/redteam/factory/segments/edgetts/dongbei/seg_edgetts_dongbei_zh-CN-liaoning-XiaobeiNeural_SC-001086_00.wav,edgetts,dongbei,SC-001086,zh-CN-liaoning-XiaobeiNeural,0.5619,可检
data/redteam/factory/segments/edgetts/dongbei/seg_edgetts_dongbei_zh-CN-liaoning-XiaobeiNeural_SC-001086_01.wav,edgetts,dongbei,SC-001086,zh-CN-liaoning-XiaobeiNeural,0.9254,可检
data/redteam/factory/segments/edgetts/dongbei/seg_edgetts_dongbei_zh-CN-liaoning-XiaobeiNeural_SC-001086_02.wav,edgetts,dongbei,SC-001086,zh-CN-liaoning-XiaobeiNeural,0.8521,可检
data/redteam/factory/segments/edgetts/dongbei/seg_edgetts_dongbei_zh-CN-liaoning-XiaobeiNeural_SC-001086_03.wav,edgetts,dongbei,SC-001086,zh-CN-liaoning-XiaobeiNeural,0.6931,可检
data/redteam/factory/segments/edgetts/dongbei/seg_edgetts_dongbei_zh-CN-liaoning-XiaobeiNeural_SC-001086_04.wav,edgetts,dongbei,SC-001086,zh-CN-liaoning-XiaobeiNeural,0.7105,可检
data/redteam/factory/segments/edgetts/dongbei/seg_edgetts_dongbei_zh-CN-liaoning-XiaobeiNeural_SC-001303_00.wav,edgetts,dongbei,SC-001303,zh-CN-liaoning-XiaobeiNeural,0.7794,可检
data/redteam/factory/segments/edgetts/dongbei/seg_edgetts_dongbei_zh-CN-liaoning-XiaobeiNeural_SC-001303_01.wav,edgetts,dongbei,SC-001303,zh-CN-liaoning-XiaobeiNeural,0.5176,可检
data/redteam/factory/segments/edgetts/dongbei/seg_edgetts_dongbei_zh-CN-liaoning-XiaobeiNeural_SC-001303_02.wav,edgetts,dongbei,SC-001303,zh-CN-liaoning-XiaobeiNeural,0.5442,可检
data/redteam/factory/segments/edgetts/dongbei/seg_edgetts_dongbei_zh-CN-liaoning-XiaobeiNeural_SC-001303_03.wav,edgetts,dongbei,SC-001303,zh-CN-liaoning-XiaobeiNeural,0.866,可检
data/redteam/factory/segments/edgetts/dongbei/seg_edgetts_dongbei_zh-CN-liaoning-XiaobeiNeural_SC-001363_00.wav,edgetts,dongbei,SC-001363,zh-CN-liaoning-XiaobeiNeural,0.9167,可检
data/redteam/factory/segments/edgetts/dongbei/seg_edgetts_dongbei_zh-CN-liaoning-XiaobeiNeural_SC-001363_01.wav,edgetts,dongbei,SC-001363,zh-CN-liaoning-XiaobeiNeural,0.8289,可检
data/redteam/factory/segments/edgetts/dongbei/seg_edgetts_dongbei_zh-CN-liaoning-XiaobeiNeural_SC-001363_02.wav,edgetts,dongbei,SC-001363,zh-CN-liaoning-XiaobeiNeural,0.7899,可检
data/redteam/factory/segments/edgetts/dongbei/seg_edgetts_dongbei_zh-CN-liaoning-XiaobeiNeural_SC-001363_03.wav,edgetts,dongbei,SC-001363,zh-CN-liaoning-XiaobeiNeural,0.6025,可检
data/redteam/factory/segments/edgetts/dongbei/seg_edgetts_dongbei_zh-CN-liaoning-XiaobeiNeural_SC-001672_00.wav,edgetts,dongbei,SC-001672,zh-CN-liaoning-XiaobeiNeural,0.8284,可检
data/redteam/factory/segments/edgetts/dongbei/seg_edgetts_dongbei_zh-CN-liaoning-XiaobeiNeural_SC-001672_01.wav,edgetts,dongbei,SC-001672,zh-CN-liaoning-XiaobeiNeural,0.8091,可检
data/redteam/factory/segments/edgetts/dongbei/seg_edgetts_dongbei_zh-CN-liaoning-XiaobeiNeural_SC-001672_02.wav,edgetts,dongbei,SC-001672,zh-CN-liaoning-XiaobeiNeural,0.78,可检
data/redteam/factory/segments/edgetts/dongbei/seg_edgetts_dongbei_zh-CN-liaoning-XiaobeiNeural_SC-001672_03.wav,edgetts,dongbei,SC-001672,zh-CN-liaoning-XiaobeiNeural,0.7076,可检
data/redteam/factory/segments/edgetts/henan/seg_edgetts_henan_zh-CN-shaanxi-XiaoniNeural_SC-000442_00.wav,edgetts,henan,SC-000442,zh-CN-shaanxi-XiaoniNeural,0.6668,可检
data/redteam/factory/segments/edgetts/henan/seg_edgetts_henan_zh-CN-shaanxi-XiaoniNeural_SC-000442_01.wav,edgetts,henan,SC-000442,zh-CN-shaanxi-XiaoniNeural,0.8997,可检
data/redteam/factory/segments/edgetts/henan/seg_edgetts_henan_zh-CN-shaanxi-XiaoniNeural_SC-000442_02.wav,edgetts,henan,SC-000442,zh-CN-shaanxi-XiaoniNeural,0.9258,可检
data/redteam/factory/segments/edgetts/henan/seg_edgetts_henan_zh-CN-shaanxi-XiaoniNeural_SC-000442_03.wav,edgetts,henan,SC-000442,zh-CN-shaanxi-XiaoniNeural,0.9476,可检
data/redteam/factory/segments/edgetts/henan/seg_edgetts_henan_zh-CN-shaanxi-XiaoniNeural_SC-000599_00.wav,edgetts,henan,SC-000599,zh-CN-shaanxi-XiaoniNeural,0.74,可检
data/redteam/factory/segments/edgetts/henan/seg_edgetts_henan_zh-CN-shaanxi-XiaoniNeural_SC-000599_01.wav,edgetts,henan,SC-000599,zh-CN-shaanxi-XiaoniNeural,0.8219,可检
data/redteam/factory/segments/edgetts/henan/seg_edgetts_henan_zh-CN-shaanxi-XiaoniNeural_SC-000599_02.wav,edgetts,henan,SC-000599,zh-CN-shaanxi-XiaoniNeural,0.9461,可检
data/redteam/factory/segments/edgetts/henan/seg_edgetts_henan_zh-CN-shaanxi-XiaoniNeural_SC-000599_03.wav,edgetts,henan,SC-000599,zh-CN-shaanxi-XiaoniNeural,0.8779,可检
data/redteam/factory/segments/edgetts/henan/seg_edgetts_henan_zh-CN-shaanxi-XiaoniNeural_SC-000728_00.wav,edgetts,henan,SC-000728,zh-CN-shaanxi-XiaoniNeural,0.8418,可检
data/redteam/factory/segments/edgetts/henan/seg_edgetts_henan_zh-CN-shaanxi-XiaoniNeural_SC-000728_01.wav,edgetts,henan,SC-000728,zh-CN-shaanxi-XiaoniNeural,0.9574,可检
data/redteam/factory/segments/edgetts/henan/seg_edgetts_henan_zh-CN-shaanxi-XiaoniNeural_SC-000728_02.wav,edgetts,henan,SC-000728,zh-CN-shaanxi-XiaoniNeural,0.9411,可检
data/redteam/factory/segments/edgetts/henan/seg_edgetts_henan_zh-CN-shaanxi-XiaoniNeural_SC-000728_03.wav,edgetts,henan,SC-000728,zh-CN-shaanxi-XiaoniNeural,0.9544,可检
data/redteam/factory/segments/edgetts/henan/seg_edgetts_henan_zh-CN-shaanxi-XiaoniNeural_SC-000914_00.wav,edgetts,henan,SC-000914,zh-CN-shaanxi-XiaoniNeural,0.9056,可检
data/redteam/factory/segments/edgetts/henan/seg_edgetts_henan_zh-CN-shaanxi-XiaoniNeural_SC-000914_01.wav,edgetts,henan,SC-000914,zh-CN-shaanxi-XiaoniNeural,0.7449,可检
data/redteam/factory/segments/edgetts/henan/seg_edgetts_henan_zh-CN-shaanxi-XiaoniNeural_SC-000914_02.wav,edgetts,henan,SC-000914,zh-CN-shaanxi-XiaoniNeural,0.8117,可检
data/redteam/factory/segments/edgetts/henan/seg_edgetts_henan_zh-CN-shaanxi-XiaoniNeural_SC-000914_03.wav,edgetts,henan,SC-000914,zh-CN-shaanxi-XiaoniNeural,0.9103,可检
data/redteam/factory/segments/edgetts/henan/seg_edgetts_henan_zh-CN-shaanxi-XiaoniNeural_SC-000914_04.wav,edgetts,henan,SC-000914,zh-CN-shaanxi-XiaoniNeural,0.8111,可检
data/redteam/factory/segments/edgetts/henan/seg_edgetts_henan_zh-CN-shaanxi-XiaoniNeural_SC-001368_00.wav,edgetts,henan,SC-001368,zh-CN-shaanxi-XiaoniNeural,0.8965,可检
data/redteam/factory/segments/edgetts/henan/seg_edgetts_henan_zh-CN-shaanxi-XiaoniNeural_SC-001368_01.wav,edgetts,henan,SC-001368,zh-CN-shaanxi-XiaoniNeural,0.9387,可检
data/redteam/factory/segments/edgetts/henan/seg_edgetts_henan_zh-CN-shaanxi-XiaoniNeural_SC-001368_02.wav,edgetts,henan,SC-001368,zh-CN-shaanxi-XiaoniNeural,0.9449,可检
data/redteam/factory/segments/edgetts/henan/seg_edgetts_henan_zh-CN-shaanxi-XiaoniNeural_SC-001368_03.wav,edgetts,henan,SC-001368,zh-CN-shaanxi-XiaoniNeural,0.9925,可检
data/redteam/factory/segments/edgetts/henan/seg_edgetts_henan_zh-CN-shaanxi-XiaoniNeural_SC-001425_00.wav,edgetts,henan,SC-001425,zh-CN-shaanxi-XiaoniNeural,0.8798,可检
data/redteam/factory/segments/edgetts/henan/seg_edgetts_henan_zh-CN-shaanxi-XiaoniNeural_SC-001425_01.wav,edgetts,henan,SC-001425,zh-CN-shaanxi-XiaoniNeural,0.9699,可检
data/redteam/factory/segments/edgetts/henan/seg_edgetts_henan_zh-CN-shaanxi-XiaoniNeural_SC-001425_02.wav,edgetts,henan,SC-001425,zh-CN-shaanxi-XiaoniNeural,0.9419,可检
data/redteam/factory/segments/edgetts/henan/seg_edgetts_henan_zh-CN-shaanxi-XiaoniNeural_SC-001425_03.wav,edgetts,henan,SC-001425,zh-CN-shaanxi-XiaoniNeural,0.8867,可检
data/redteam/factory/segments/edgetts/henan/seg_edgetts_henan_zh-CN-shaanxi-XiaoniNeural_SC-001425_04.wav,edgetts,henan,SC-001425,zh-CN-shaanxi-XiaoniNeural,0.9893,可检
data/redteam/factory/segments/edgetts/henan/seg_edgetts_henan_zh-CN-shaanxi-XiaoniNeural_SC-001425_05.wav,edgetts,henan,SC-001425,zh-CN-shaanxi-XiaoniNeural,0.7843,可检
data/redteam/factory/segments/edgetts/henan/seg_edgetts_henan_zh-CN-shaanxi-XiaoniNeural_SC-001510_00.wav,edgetts,henan,SC-001510,zh-CN-shaanxi-XiaoniNeural,0.863,可检
data/redteam/factory/segments/edgetts/henan/seg_edgetts_henan_zh-CN-shaanxi-XiaoniNeural_SC-001510_01.wav,edgetts,henan,SC-001510,zh-CN-shaanxi-XiaoniNeural,0.9434,可检
data/redteam/factory/segments/edgetts/henan/seg_edgetts_henan_zh-CN-shaanxi-XiaoniNeural_SC-001510_02.wav,edgetts,henan,SC-001510,zh-CN-shaanxi-XiaoniNeural,0.8436,可检
data/redteam/factory/segments/edgetts/henan/seg_edgetts_henan_zh-CN-shaanxi-XiaoniNeural_SC-001510_03.wav,edgetts,henan,SC-001510,zh-CN-shaanxi-XiaoniNeural,0.787,可检
data/redteam/factory/segments/edgetts/henan/seg_edgetts_henan_zh-CN-shaanxi-XiaoniNeural_SC-001566_00.wav,edgetts,henan,SC-001566,zh-CN-shaanxi-XiaoniNeural,0.9631,可检
data/redteam/factory/segments/edgetts/henan/seg_edgetts_henan_zh-CN-shaanxi-XiaoniNeural_SC-001566_01.wav,edgetts,henan,SC-001566,zh-CN-shaanxi-XiaoniNeural,0.9207,可检
data/redteam/factory/segments/edgetts/henan/seg_edgetts_henan_zh-CN-shaanxi-XiaoniNeural_SC-001566_02.wav,edgetts,henan,SC-001566,zh-CN-shaanxi-XiaoniNeural,0.6728,可检
data/redteam/factory/segments/edgetts/henan/seg_edgetts_henan_zh-CN-shaanxi-XiaoniNeural_SC-001566_03.wav,edgetts,henan,SC-001566,zh-CN-shaanxi-XiaoniNeural,0.8564,可检
data/redteam/factory/segments/edgetts/mandarin/seg_edgetts_mandarin_zh-CN-YunxiNeural_SC-000235_00.wav,edgetts,mandarin,SC-000235,zh-CN-YunxiNeural,0.3271,边界
data/redteam/factory/segments/edgetts/mandarin/seg_edgetts_mandarin_zh-CN-YunxiNeural_SC-000235_01.wav,edgetts,mandarin,SC-000235,zh-CN-YunxiNeural,0.7194,可检
data/redteam/factory/segments/edgetts/mandarin/seg_edgetts_mandarin_zh-CN-YunxiNeural_SC-000235_02.wav,edgetts,mandarin,SC-000235,zh-CN-YunxiNeural,0.8472,可检
data/redteam/factory/segments/edgetts/mandarin/seg_edgetts_mandarin_zh-CN-YunxiNeural_SC-000341_00.wav,edgetts,mandarin,SC-000341,zh-CN-YunxiNeural,0.7692,可检
data/redteam/factory/segments/edgetts/mandarin/seg_edgetts_mandarin_zh-CN-YunxiNeural_SC-000341_01.wav,edgetts,mandarin,SC-000341,zh-CN-YunxiNeural,0.4154,边界
data/redteam/factory/segments/edgetts/mandarin/seg_edgetts_mandarin_zh-CN-YunxiNeural_SC-000341_02.wav,edgetts,mandarin,SC-000341,zh-CN-YunxiNeural,0.7317,可检
data/redteam/factory/segments/edgetts/mandarin/seg_edgetts_mandarin_zh-CN-YunxiNeural_SC-000341_03.wav,edgetts,mandarin,SC-000341,zh-CN-YunxiNeural,0.7157,可检
data/redteam/factory/segments/edgetts/mandarin/seg_edgetts_mandarin_zh-CN-YunxiNeural_SC-000440_00.wav,edgetts,mandarin,SC-000440,zh-CN-YunxiNeural,0.2546,隐蔽
data/redteam/factory/segments/edgetts/mandarin/seg_edgetts_mandarin_zh-CN-YunxiNeural_SC-000440_01.wav,edgetts,mandarin,SC-000440,zh-CN-YunxiNeural,0.2876,隐蔽
data/redteam/factory/segments/edgetts/mandarin/seg_edgetts_mandarin_zh-CN-YunxiNeural_SC-000440_02.wav,edgetts,mandarin,SC-000440,zh-CN-YunxiNeural,0.3582,边界
data/redteam/factory/segments/edgetts/mandarin/seg_edgetts_mandarin_zh-CN-YunxiNeural_SC-000440_03.wav,edgetts,mandarin,SC-000440,zh-CN-YunxiNeural,0.4601,边界
data/redteam/factory/segments/edgetts/mandarin/seg_edgetts_mandarin_zh-CN-XiaoxiaoNeural_SC-000235_00.wav,edgetts,mandarin,SC-000235,zh-CN-XiaoxiaoNeural,0.8068,可检
data/redteam/factory/segments/edgetts/mandarin/seg_edgetts_mandarin_zh-CN-XiaoxiaoNeural_SC-000235_01.wav,edgetts,mandarin,SC-000235,zh-CN-XiaoxiaoNeural,0.9866,可检
data/redteam/factory/segments/edgetts/mandarin/seg_edgetts_mandarin_zh-CN-XiaoxiaoNeural_SC-000235_02.wav,edgetts,mandarin,SC-000235,zh-CN-XiaoxiaoNeural,0.8018,可检
data/redteam/factory/segments/edgetts/mandarin/seg_edgetts_mandarin_zh-CN-XiaoxiaoNeural_SC-000235_03.wav,edgetts,mandarin,SC-000235,zh-CN-XiaoxiaoNeural,0.8709,可检
data/redteam/factory/segments/edgetts/mandarin/seg_edgetts_mandarin_zh-CN-XiaoxiaoNeural_SC-000341_00.wav,edgetts,mandarin,SC-000341,zh-CN-XiaoxiaoNeural,0.9774,可检
data/redteam/factory/segments/edgetts/mandarin/seg_edgetts_mandarin_zh-CN-XiaoxiaoNeural_SC-000341_01.wav,edgetts,mandarin,SC-000341,zh-CN-XiaoxiaoNeural,0.9743,可检
data/redteam/factory/segments/edgetts/mandarin/seg_edgetts_mandarin_zh-CN-XiaoxiaoNeural_SC-000341_02.wav,edgetts,mandarin,SC-000341,zh-CN-XiaoxiaoNeural,0.8025,可检
data/redteam/factory/segments/edgetts/mandarin/seg_edgetts_mandarin_zh-CN-XiaoxiaoNeural_SC-000341_03.wav,edgetts,mandarin,SC-000341,zh-CN-XiaoxiaoNeural,0.9105,可检
data/redteam/factory/segments/edgetts/mandarin/seg_edgetts_mandarin_zh-CN-XiaoxiaoNeural_SC-000341_04.wav,edgetts,mandarin,SC-000341,zh-CN-XiaoxiaoNeural,0.7321,可检
data/redteam/factory/segments/edgetts/mandarin/seg_edgetts_mandarin_zh-CN-XiaoxiaoNeural_SC-000440_00.wav,edgetts,mandarin,SC-000440,zh-CN-XiaoxiaoNeural,0.9805,可检
data/redteam/factory/segments/edgetts/mandarin/seg_edgetts_mandarin_zh-CN-XiaoxiaoNeural_SC-000440_01.wav,edgetts,mandarin,SC-000440,zh-CN-XiaoxiaoNeural,0.9362,可检
data/redteam/factory/segments/edgetts/mandarin/seg_edgetts_mandarin_zh-CN-XiaoxiaoNeural_SC-000440_02.wav,edgetts,mandarin,SC-000440,zh-CN-XiaoxiaoNeural,0.8228,可检
data/redteam/factory/segments/edgetts/mandarin/seg_edgetts_mandarin_zh-CN-XiaoxiaoNeural_SC-000440_03.wav,edgetts,mandarin,SC-000440,zh-CN-XiaoxiaoNeural,0.9841,可检
data/redteam/factory/segments/edgetts/mandarin/seg_edgetts_mandarin_zh-CN-XiaoxiaoNeural_SC-000440_04.wav,edgetts,mandarin,SC-000440,zh-CN-XiaoxiaoNeural,0.9707,可检
data/redteam/factory/segments/edgetts/mandarin/seg_edgetts_mandarin_zh-CN-YunjianNeural_SC-000235_00.wav,edgetts,mandarin,SC-000235,zh-CN-YunjianNeural,0.7835,可检
data/redteam/factory/segments/edgetts/mandarin/seg_edgetts_mandarin_zh-CN-YunjianNeural_SC-000235_01.wav,edgetts,mandarin,SC-000235,zh-CN-YunjianNeural,0.712,可检
data/redteam/factory/segments/edgetts/mandarin/seg_edgetts_mandarin_zh-CN-YunjianNeural_SC-000235_02.wav,edgetts,mandarin,SC-000235,zh-CN-YunjianNeural,0.8657,可检
data/redteam/factory/segments/edgetts/mandarin/seg_edgetts_mandarin_zh-CN-YunjianNeural_SC-000235_03.wav,edgetts,mandarin,SC-000235,zh-CN-YunjianNeural,0.955,可检
data/redteam/factory/segments/edgetts/mandarin/seg_edgetts_mandarin_zh-CN-YunjianNeural_SC-000341_00.wav,edgetts,mandarin,SC-000341,zh-CN-YunjianNeural,0.6273,可检
data/redteam/factory/segments/edgetts/mandarin/seg_edgetts_mandarin_zh-CN-YunjianNeural_SC-000341_01.wav,edgetts,mandarin,SC-000341,zh-CN-YunjianNeural,0.7702,可检
data/redteam/factory/segments/edgetts/mandarin/seg_edgetts_mandarin_zh-CN-YunjianNeural_SC-000341_02.wav,edgetts,mandarin,SC-000341,zh-CN-YunjianNeural,0.5458,可检
data/redteam/factory/segments/edgetts/mandarin/seg_edgetts_mandarin_zh-CN-YunjianNeural_SC-000341_03.wav,edgetts,mandarin,SC-000341,zh-CN-YunjianNeural,0.7502,可检
data/redteam/factory/segments/edgetts/mandarin/seg_edgetts_mandarin_zh-CN-YunjianNeural_SC-000341_04.wav,edgetts,mandarin,SC-000341,zh-CN-YunjianNeural,0.708,可检
data/redteam/factory/segments/edgetts/mandarin/seg_edgetts_mandarin_zh-CN-YunjianNeural_SC-000440_00.wav,edgetts,mandarin,SC-000440,zh-CN-YunjianNeural,0.8273,可检
data/redteam/factory/segments/edgetts/mandarin/seg_edgetts_mandarin_zh-CN-YunjianNeural_SC-000440_01.wav,edgetts,mandarin,SC-000440,zh-CN-YunjianNeural,0.6741,可检
data/redteam/factory/segments/edgetts/mandarin/seg_edgetts_mandarin_zh-CN-YunjianNeural_SC-000440_02.wav,edgetts,mandarin,SC-000440,zh-CN-YunjianNeural,0.5074,可检
data/redteam/factory/segments/edgetts/mandarin/seg_edgetts_mandarin_zh-CN-YunjianNeural_SC-000440_03.wav,edgetts,mandarin,SC-000440,zh-CN-YunjianNeural,0.7755,可检
data/redteam/factory/segments/edgetts/mandarin/seg_edgetts_mandarin_zh-CN-YunjianNeural_SC-000440_04.wav,edgetts,mandarin,SC-000440,zh-CN-YunjianNeural,0.8691,可检
data/redteam/factory/segments/edgetts/mandarin/seg_edgetts_mandarin_zh-CN-YunyangNeural_SC-000341_00.wav,edgetts,mandarin,SC-000341,zh-CN-YunyangNeural,0.7937,可检
data/redteam/factory/segments/edgetts/mandarin/seg_edgetts_mandarin_zh-CN-YunyangNeural_SC-000341_01.wav,edgetts,mandarin,SC-000341,zh-CN-YunyangNeural,0.406,边界
data/redteam/factory/segments/edgetts/mandarin/seg_edgetts_mandarin_zh-CN-YunyangNeural_SC-000341_02.wav,edgetts,mandarin,SC-000341,zh-CN-YunyangNeural,0.905,可检
data/redteam/factory/segments/edgetts/mandarin/seg_edgetts_mandarin_zh-CN-YunyangNeural_SC-000341_03.wav,edgetts,mandarin,SC-000341,zh-CN-YunyangNeural,0.6309,可检
data/redteam/factory/segments/edgetts/mandarin/seg_edgetts_mandarin_zh-CN-YunyangNeural_SC-000440_00.wav,edgetts,mandarin,SC-000440,zh-CN-YunyangNeural,0.6077,可检
data/redteam/factory/segments/edgetts/mandarin/seg_edgetts_mandarin_zh-CN-YunyangNeural_SC-000440_01.wav,edgetts,mandarin,SC-000440,zh-CN-YunyangNeural,0.3477,边界
data/redteam/factory/segments/edgetts/mandarin/seg_edgetts_mandarin_zh-CN-YunyangNeural_SC-000440_02.wav,edgetts,mandarin,SC-000440,zh-CN-YunyangNeural,0.6947,可检
data/redteam/factory/segments/edgetts/mandarin/seg_edgetts_mandarin_zh-CN-YunyangNeural_SC-000440_03.wav,edgetts,mandarin,SC-000440,zh-CN-YunyangNeural,0.5902,可检
data/redteam/factory/segments/edgetts/minnan/seg_edgetts_minnan_zh-TW-HsiaoChenNeural_SC-000685_00.wav,edgetts,minnan,SC-000685,zh-TW-HsiaoChenNeural,0.9806,可检
data/redteam/factory/segments/edgetts/minnan/seg_edgetts_minnan_zh-TW-HsiaoChenNeural_SC-000685_01.wav,edgetts,minnan,SC-000685,zh-TW-HsiaoChenNeural,0.98,可检
data/redteam/factory/segments/edgetts/minnan/seg_edgetts_minnan_zh-TW-HsiaoChenNeural_SC-000685_02.wav,edgetts,minnan,SC-000685,zh-TW-HsiaoChenNeural,0.88,可检
data/redteam/factory/segments/edgetts/minnan/seg_edgetts_minnan_zh-TW-HsiaoChenNeural_SC-000685_03.wav,edgetts,minnan,SC-000685,zh-TW-HsiaoChenNeural,0.964,可检
data/redteam/factory/segments/edgetts/minnan/seg_edgetts_minnan_zh-TW-HsiaoChenNeural_SC-000685_04.wav,edgetts,minnan,SC-000685,zh-TW-HsiaoChenNeural,0.987,可检
data/redteam/factory/segments/edgetts/minnan/seg_edgetts_minnan_zh-TW-HsiaoChenNeural_SC-000883_00.wav,edgetts,minnan,SC-000883,zh-TW-HsiaoChenNeural,0.9703,可检
data/redteam/factory/segments/edgetts/minnan/seg_edgetts_minnan_zh-TW-HsiaoChenNeural_SC-000883_01.wav,edgetts,minnan,SC-000883,zh-TW-HsiaoChenNeural,0.958,可检
data/redteam/factory/segments/edgetts/minnan/seg_edgetts_minnan_zh-TW-HsiaoChenNeural_SC-000883_02.wav,edgetts,minnan,SC-000883,zh-TW-HsiaoChenNeural,0.9853,可检
data/redteam/factory/segments/edgetts/minnan/seg_edgetts_minnan_zh-TW-HsiaoChenNeural_SC-000883_03.wav,edgetts,minnan,SC-000883,zh-TW-HsiaoChenNeural,0.9846,可检
data/redteam/factory/segments/edgetts/minnan/seg_edgetts_minnan_zh-TW-HsiaoChenNeural_SC-001110_00.wav,edgetts,minnan,SC-001110,zh-TW-HsiaoChenNeural,0.955,可检
data/redteam/factory/segments/edgetts/minnan/seg_edgetts_minnan_zh-TW-HsiaoChenNeural_SC-001110_01.wav,edgetts,minnan,SC-001110,zh-TW-HsiaoChenNeural,0.9835,可检
data/redteam/factory/segments/edgetts/minnan/seg_edgetts_minnan_zh-TW-HsiaoChenNeural_SC-001110_02.wav,edgetts,minnan,SC-001110,zh-TW-HsiaoChenNeural,0.958,可检
data/redteam/factory/segments/edgetts/minnan/seg_edgetts_minnan_zh-TW-HsiaoChenNeural_SC-001110_03.wav,edgetts,minnan,SC-001110,zh-TW-HsiaoChenNeural,0.9505,可检
data/redteam/factory/segments/edgetts/minnan/seg_edgetts_minnan_zh-TW-HsiaoChenNeural_SC-001441_00.wav,edgetts,minnan,SC-001441,zh-TW-HsiaoChenNeural,0.9703,可检
data/redteam/factory/segments/edgetts/minnan/seg_edgetts_minnan_zh-TW-HsiaoChenNeural_SC-001441_01.wav,edgetts,minnan,SC-001441,zh-TW-HsiaoChenNeural,0.9806,可检
data/redteam/factory/segments/edgetts/minnan/seg_edgetts_minnan_zh-TW-HsiaoChenNeural_SC-001441_02.wav,edgetts,minnan,SC-001441,zh-TW-HsiaoChenNeural,0.9651,可检
data/redteam/factory/segments/edgetts/minnan/seg_edgetts_minnan_zh-TW-HsiaoChenNeural_SC-001441_03.wav,edgetts,minnan,SC-001441,zh-TW-HsiaoChenNeural,0.9362,可检
data/redteam/factory/segments/edgetts/minnan/seg_edgetts_minnan_zh-TW-HsiaoChenNeural_SC-001441_04.wav,edgetts,minnan,SC-001441,zh-TW-HsiaoChenNeural,0.9248,可检
data/redteam/factory/segments/edgetts/minnan/seg_edgetts_minnan_zh-TW-HsiaoChenNeural_SC-001519_00.wav,edgetts,minnan,SC-001519,zh-TW-HsiaoChenNeural,0.9784,可检
data/redteam/factory/segments/edgetts/minnan/seg_edgetts_minnan_zh-TW-HsiaoChenNeural_SC-001519_01.wav,edgetts,minnan,SC-001519,zh-TW-HsiaoChenNeural,0.9506,可检
data/redteam/factory/segments/edgetts/minnan/seg_edgetts_minnan_zh-TW-HsiaoChenNeural_SC-001519_02.wav,edgetts,minnan,SC-001519,zh-TW-HsiaoChenNeural,0.9772,可检
data/redteam/factory/segments/edgetts/minnan/seg_edgetts_minnan_zh-TW-HsiaoChenNeural_SC-001519_03.wav,edgetts,minnan,SC-001519,zh-TW-HsiaoChenNeural,0.9374,可检
data/redteam/factory/segments/edgetts/minnan/seg_edgetts_minnan_zh-TW-HsiaoChenNeural_SC-001519_04.wav,edgetts,minnan,SC-001519,zh-TW-HsiaoChenNeural,0.9681,可检
data/redteam/factory/segments/edgetts/minnan/seg_edgetts_minnan_zh-TW-HsiaoChenNeural_SC-001519_05.wav,edgetts,minnan,SC-001519,zh-TW-HsiaoChenNeural,0.9764,可检
data/redteam/factory/segments/edgetts/minnan/seg_edgetts_minnan_zh-TW-YunJheNeural_SC-000685_00.wav,edgetts,minnan,SC-000685,zh-TW-YunJheNeural,0.889,可检
data/redteam/factory/segments/edgetts/minnan/seg_edgetts_minnan_zh-TW-YunJheNeural_SC-000685_01.wav,edgetts,minnan,SC-000685,zh-TW-YunJheNeural,0.6259,可检
data/redteam/factory/segments/edgetts/minnan/seg_edgetts_minnan_zh-TW-YunJheNeural_SC-000685_02.wav,edgetts,minnan,SC-000685,zh-TW-YunJheNeural,0.9485,可检
data/redteam/factory/segments/edgetts/minnan/seg_edgetts_minnan_zh-TW-YunJheNeural_SC-000685_03.wav,edgetts,minnan,SC-000685,zh-TW-YunJheNeural,0.6528,可检
data/redteam/factory/segments/edgetts/minnan/seg_edgetts_minnan_zh-TW-YunJheNeural_SC-001519_00.wav,edgetts,minnan,SC-001519,zh-TW-YunJheNeural,0.7294,可检
data/redteam/factory/segments/edgetts/minnan/seg_edgetts_minnan_zh-TW-YunJheNeural_SC-001519_01.wav,edgetts,minnan,SC-001519,zh-TW-YunJheNeural,0.9274,可检
data/redteam/factory/segments/edgetts/minnan/seg_edgetts_minnan_zh-TW-YunJheNeural_SC-001519_02.wav,edgetts,minnan,SC-001519,zh-TW-YunJheNeural,0.5918,可检
data/redteam/factory/segments/edgetts/minnan/seg_edgetts_minnan_zh-TW-YunJheNeural_SC-001519_03.wav,edgetts,minnan,SC-001519,zh-TW-YunJheNeural,0.7768,可检
data/redteam/factory/segments/edgetts/sichuan/seg_edgetts_sichuan_zh-CN-YunxiNeural_SC-000379_00.wav,edgetts,sichuan,SC-000379,zh-CN-YunxiNeural,0.3435,边界
data/redteam/factory/segments/edgetts/sichuan/seg_edgetts_sichuan_zh-CN-YunxiNeural_SC-000379_01.wav,edgetts,sichuan,SC-000379,zh-CN-YunxiNeural,0.8573,可检
data/redteam/factory/segments/edgetts/sichuan/seg_edgetts_sichuan_zh-CN-YunxiNeural_SC-000379_02.wav,edgetts,sichuan,SC-000379,zh-CN-YunxiNeural,0.8899,可检
data/redteam/factory/segments/edgetts/sichuan/seg_edgetts_sichuan_zh-CN-YunxiNeural_SC-000436_00.wav,edgetts,sichuan,SC-000436,zh-CN-YunxiNeural,0.3946,边界
data/redteam/factory/segments/edgetts/sichuan/seg_edgetts_sichuan_zh-CN-YunxiNeural_SC-000436_01.wav,edgetts,sichuan,SC-000436,zh-CN-YunxiNeural,0.6444,可检
data/redteam/factory/segments/edgetts/sichuan/seg_edgetts_sichuan_zh-CN-YunxiNeural_SC-000436_02.wav,edgetts,sichuan,SC-000436,zh-CN-YunxiNeural,0.3948,边界
data/redteam/factory/segments/edgetts/sichuan/seg_edgetts_sichuan_zh-CN-YunxiNeural_SC-000436_03.wav,edgetts,sichuan,SC-000436,zh-CN-YunxiNeural,0.8651,可检
data/redteam/factory/segments/edgetts/sichuan/seg_edgetts_sichuan_zh-CN-YunxiNeural_SC-001002_00.wav,edgetts,sichuan,SC-001002,zh-CN-YunxiNeural,0.8585,可检
data/redteam/factory/segments/edgetts/sichuan/seg_edgetts_sichuan_zh-CN-YunxiNeural_SC-001002_01.wav,edgetts,sichuan,SC-001002,zh-CN-YunxiNeural,0.6221,可检
data/redteam/factory/segments/edgetts/sichuan/seg_edgetts_sichuan_zh-CN-YunxiNeural_SC-001002_02.wav,edgetts,sichuan,SC-001002,zh-CN-YunxiNeural,0.8506,可检
data/redteam/factory/segments/edgetts/sichuan/seg_edgetts_sichuan_zh-CN-YunxiNeural_SC-001061_00.wav,edgetts,sichuan,SC-001061,zh-CN-YunxiNeural,0.504,可检
data/redteam/factory/segments/edgetts/sichuan/seg_edgetts_sichuan_zh-CN-YunxiNeural_SC-001061_01.wav,edgetts,sichuan,SC-001061,zh-CN-YunxiNeural,0.8495,可检
data/redteam/factory/segments/edgetts/sichuan/seg_edgetts_sichuan_zh-CN-YunxiNeural_SC-001061_02.wav,edgetts,sichuan,SC-001061,zh-CN-YunxiNeural,0.8441,可检
data/redteam/factory/segments/edgetts/sichuan/seg_edgetts_sichuan_zh-CN-YunxiNeural_SC-001061_03.wav,edgetts,sichuan,SC-001061,zh-CN-YunxiNeural,0.6924,可检
data/redteam/factory/segments/edgetts/sichuan/seg_edgetts_sichuan_zh-CN-XiaoxiaoNeural_SC-000379_00.wav,edgetts,sichuan,SC-000379,zh-CN-XiaoxiaoNeural,0.9855,可检
data/redteam/factory/segments/edgetts/sichuan/seg_edgetts_sichuan_zh-CN-XiaoxiaoNeural_SC-000379_01.wav,edgetts,sichuan,SC-000379,zh-CN-XiaoxiaoNeural,0.9894,可检
data/redteam/factory/segments/edgetts/sichuan/seg_edgetts_sichuan_zh-CN-XiaoxiaoNeural_SC-000379_02.wav,edgetts,sichuan,SC-000379,zh-CN-XiaoxiaoNeural,0.9965,可检
data/redteam/factory/segments/edgetts/sichuan/seg_edgetts_sichuan_zh-CN-XiaoxiaoNeural_SC-000379_03.wav,edgetts,sichuan,SC-000379,zh-CN-XiaoxiaoNeural,0.9987,可检
data/redteam/factory/segments/edgetts/sichuan/seg_edgetts_sichuan_zh-CN-XiaoxiaoNeural_SC-000436_00.wav,edgetts,sichuan,SC-000436,zh-CN-XiaoxiaoNeural,0.9671,可检
data/redteam/factory/segments/edgetts/sichuan/seg_edgetts_sichuan_zh-CN-XiaoxiaoNeural_SC-000436_01.wav,edgetts,sichuan,SC-000436,zh-CN-XiaoxiaoNeural,0.905,可检
data/redteam/factory/segments/edgetts/sichuan/seg_edgetts_sichuan_zh-CN-XiaoxiaoNeural_SC-000436_02.wav,edgetts,sichuan,SC-000436,zh-CN-XiaoxiaoNeural,0.7781,可检
data/redteam/factory/segments/edgetts/sichuan/seg_edgetts_sichuan_zh-CN-XiaoxiaoNeural_SC-000436_03.wav,edgetts,sichuan,SC-000436,zh-CN-XiaoxiaoNeural,0.9257,可检
data/redteam/factory/segments/edgetts/sichuan/seg_edgetts_sichuan_zh-CN-XiaoxiaoNeural_SC-000436_04.wav,edgetts,sichuan,SC-000436,zh-CN-XiaoxiaoNeural,0.9712,可检
data/redteam/factory/segments/edgetts/sichuan/seg_edgetts_sichuan_zh-CN-XiaoxiaoNeural_SC-001002_00.wav,edgetts,sichuan,SC-001002,zh-CN-XiaoxiaoNeural,0.9456,可检
data/redteam/factory/segments/edgetts/sichuan/seg_edgetts_sichuan_zh-CN-XiaoxiaoNeural_SC-001002_01.wav,edgetts,sichuan,SC-001002,zh-CN-XiaoxiaoNeural,0.8658,可检
data/redteam/factory/segments/edgetts/sichuan/seg_edgetts_sichuan_zh-CN-XiaoxiaoNeural_SC-001002_02.wav,edgetts,sichuan,SC-001002,zh-CN-XiaoxiaoNeural,0.9267,可检
data/redteam/factory/segments/edgetts/sichuan/seg_edgetts_sichuan_zh-CN-XiaoxiaoNeural_SC-001002_03.wav,edgetts,sichuan,SC-001002,zh-CN-XiaoxiaoNeural,0.9639,可检
data/redteam/factory/segments/edgetts/sichuan/seg_edgetts_sichuan_zh-CN-XiaoxiaoNeural_SC-001002_04.wav,edgetts,sichuan,SC-001002,zh-CN-XiaoxiaoNeural,0.902,可检
data/redteam/factory/segments/edgetts/sichuan/seg_edgetts_sichuan_zh-CN-XiaoxiaoNeural_SC-001061_00.wav,edgetts,sichuan,SC-001061,zh-CN-XiaoxiaoNeural,0.9719,可检
data/redteam/factory/segments/edgetts/sichuan/seg_edgetts_sichuan_zh-CN-XiaoxiaoNeural_SC-001061_01.wav,edgetts,sichuan,SC-001061,zh-CN-XiaoxiaoNeural,0.892,可检
data/redteam/factory/segments/edgetts/sichuan/seg_edgetts_sichuan_zh-CN-XiaoxiaoNeural_SC-001061_02.wav,edgetts,sichuan,SC-001061,zh-CN-XiaoxiaoNeural,0.9082,可检
data/redteam/factory/segments/edgetts/sichuan/seg_edgetts_sichuan_zh-CN-XiaoxiaoNeural_SC-001061_03.wav,edgetts,sichuan,SC-001061,zh-CN-XiaoxiaoNeural,0.9464,可检
data/redteam/factory/segments/edgetts/sichuan/seg_edgetts_sichuan_zh-CN-XiaoxiaoNeural_SC-001061_04.wav,edgetts,sichuan,SC-001061,zh-CN-XiaoxiaoNeural,0.9683,可检
data/redteam/factory/segments/edgetts/cantonese/seg_edgetts_cantonese_zh-HK-HiuMaanNeural_SC-000561_00.wav,edgetts,cantonese,SC-000561,zh-HK-HiuMaanNeural,0.977,可检
data/redteam/factory/segments/edgetts/cantonese/seg_edgetts_cantonese_zh-HK-HiuMaanNeural_SC-000561_01.wav,edgetts,cantonese,SC-000561,zh-HK-HiuMaanNeural,0.941,可检
data/redteam/factory/segments/edgetts/cantonese/seg_edgetts_cantonese_zh-HK-HiuMaanNeural_SC-000561_02.wav,edgetts,cantonese,SC-000561,zh-HK-HiuMaanNeural,0.9212,可检
data/redteam/factory/segments/edgetts/cantonese/seg_edgetts_cantonese_zh-HK-HiuMaanNeural_SC-000561_03.wav,edgetts,cantonese,SC-000561,zh-HK-HiuMaanNeural,0.995,可检
data/redteam/factory/segments/edgetts/cantonese/seg_edgetts_cantonese_zh-HK-HiuMaanNeural_SC-000561_04.wav,edgetts,cantonese,SC-000561,zh-HK-HiuMaanNeural,0.9626,可检
data/redteam/factory/segments/edgetts/cantonese/seg_edgetts_cantonese_zh-HK-HiuMaanNeural_SC-000810_00.wav,edgetts,cantonese,SC-000810,zh-HK-HiuMaanNeural,0.9932,可检
data/redteam/factory/segments/edgetts/cantonese/seg_edgetts_cantonese_zh-HK-HiuMaanNeural_SC-000810_01.wav,edgetts,cantonese,SC-000810,zh-HK-HiuMaanNeural,0.9714,可检
data/redteam/factory/segments/edgetts/cantonese/seg_edgetts_cantonese_zh-HK-HiuMaanNeural_SC-000810_02.wav,edgetts,cantonese,SC-000810,zh-HK-HiuMaanNeural,0.8975,可检
data/redteam/factory/segments/edgetts/cantonese/seg_edgetts_cantonese_zh-HK-HiuMaanNeural_SC-000810_03.wav,edgetts,cantonese,SC-000810,zh-HK-HiuMaanNeural,0.9713,可检
data/redteam/factory/segments/edgetts/cantonese/seg_edgetts_cantonese_zh-HK-HiuMaanNeural_SC-001042_00.wav,edgetts,cantonese,SC-001042,zh-HK-HiuMaanNeural,0.9535,可检
data/redteam/factory/segments/edgetts/cantonese/seg_edgetts_cantonese_zh-HK-HiuMaanNeural_SC-001042_01.wav,edgetts,cantonese,SC-001042,zh-HK-HiuMaanNeural,0.9864,可检
data/redteam/factory/segments/edgetts/cantonese/seg_edgetts_cantonese_zh-HK-HiuMaanNeural_SC-001042_02.wav,edgetts,cantonese,SC-001042,zh-HK-HiuMaanNeural,0.9409,可检
data/redteam/factory/segments/edgetts/cantonese/seg_edgetts_cantonese_zh-HK-HiuMaanNeural_SC-001042_03.wav,edgetts,cantonese,SC-001042,zh-HK-HiuMaanNeural,0.9504,可检
data/redteam/factory/segments/edgetts/cantonese/seg_edgetts_cantonese_zh-HK-HiuMaanNeural_SC-001199_00.wav,edgetts,cantonese,SC-001199,zh-HK-HiuMaanNeural,0.9835,可检
data/redteam/factory/segments/edgetts/cantonese/seg_edgetts_cantonese_zh-HK-HiuMaanNeural_SC-001199_01.wav,edgetts,cantonese,SC-001199,zh-HK-HiuMaanNeural,0.9898,可检
data/redteam/factory/segments/edgetts/cantonese/seg_edgetts_cantonese_zh-HK-HiuMaanNeural_SC-001199_02.wav,edgetts,cantonese,SC-001199,zh-HK-HiuMaanNeural,0.9831,可检
data/redteam/factory/segments/edgetts/cantonese/seg_edgetts_cantonese_zh-HK-HiuMaanNeural_SC-001199_03.wav,edgetts,cantonese,SC-001199,zh-HK-HiuMaanNeural,0.9597,可检
data/redteam/factory/segments/edgetts/cantonese/seg_edgetts_cantonese_zh-HK-HiuMaanNeural_SC-001199_04.wav,edgetts,cantonese,SC-001199,zh-HK-HiuMaanNeural,0.9445,可检
data/redteam/factory/segments/edgetts/cantonese/seg_edgetts_cantonese_zh-HK-HiuMaanNeural_SC-001294_00.wav,edgetts,cantonese,SC-001294,zh-HK-HiuMaanNeural,0.9427,可检
data/redteam/factory/segments/edgetts/cantonese/seg_edgetts_cantonese_zh-HK-HiuMaanNeural_SC-001294_01.wav,edgetts,cantonese,SC-001294,zh-HK-HiuMaanNeural,0.9627,可检
data/redteam/factory/segments/edgetts/cantonese/seg_edgetts_cantonese_zh-HK-HiuMaanNeural_SC-001294_02.wav,edgetts,cantonese,SC-001294,zh-HK-HiuMaanNeural,0.9916,可检
data/redteam/factory/segments/edgetts/cantonese/seg_edgetts_cantonese_zh-HK-HiuMaanNeural_SC-001294_03.wav,edgetts,cantonese,SC-001294,zh-HK-HiuMaanNeural,0.9019,可检
data/redteam/factory/segments/edgetts/cantonese/seg_edgetts_cantonese_zh-HK-HiuMaanNeural_SC-001623_00.wav,edgetts,cantonese,SC-001623,zh-HK-HiuMaanNeural,0.994,可检
data/redteam/factory/segments/edgetts/cantonese/seg_edgetts_cantonese_zh-HK-HiuMaanNeural_SC-001623_01.wav,edgetts,cantonese,SC-001623,zh-HK-HiuMaanNeural,0.926,可检
data/redteam/factory/segments/edgetts/cantonese/seg_edgetts_cantonese_zh-HK-HiuMaanNeural_SC-001623_02.wav,edgetts,cantonese,SC-001623,zh-HK-HiuMaanNeural,0.976,可检
data/redteam/factory/segments/edgetts/cantonese/seg_edgetts_cantonese_zh-HK-HiuMaanNeural_SC-001623_03.wav,edgetts,cantonese,SC-001623,zh-HK-HiuMaanNeural,0.9893,可检
data/redteam/factory/segments/edgetts/cantonese/seg_edgetts_cantonese_zh-HK-HiuMaanNeural_SC-001623_04.wav,edgetts,cantonese,SC-001623,zh-HK-HiuMaanNeural,0.989,可检
data/redteam/factory/segments/edgetts/cantonese/seg_edgetts_cantonese_zh-HK-WanLungNeural_SC-000561_00.wav,edgetts,cantonese,SC-000561,zh-HK-WanLungNeural,0.6894,可检
data/redteam/factory/segments/edgetts/cantonese/seg_edgetts_cantonese_zh-HK-WanLungNeural_SC-000561_01.wav,edgetts,cantonese,SC-000561,zh-HK-WanLungNeural,0.9794,可检
data/redteam/factory/segments/edgetts/cantonese/seg_edgetts_cantonese_zh-HK-WanLungNeural_SC-000561_02.wav,edgetts,cantonese,SC-000561,zh-HK-WanLungNeural,0.7529,可检
data/redteam/factory/segments/edgetts/cantonese/seg_edgetts_cantonese_zh-HK-WanLungNeural_SC-000561_03.wav,edgetts,cantonese,SC-000561,zh-HK-WanLungNeural,0.9854,可检
data/redteam/factory/segments/edgetts/cantonese/seg_edgetts_cantonese_zh-HK-WanLungNeural_SC-000810_00.wav,edgetts,cantonese,SC-000810,zh-HK-WanLungNeural,0.7463,可检
data/redteam/factory/segments/edgetts/cantonese/seg_edgetts_cantonese_zh-HK-WanLungNeural_SC-000810_01.wav,edgetts,cantonese,SC-000810,zh-HK-WanLungNeural,0.7933,可检
data/redteam/factory/segments/edgetts/cantonese/seg_edgetts_cantonese_zh-HK-WanLungNeural_SC-000810_02.wav,edgetts,cantonese,SC-000810,zh-HK-WanLungNeural,0.5997,可检
data/redteam/factory/segments/edgetts/cantonese/seg_edgetts_cantonese_zh-HK-WanLungNeural_SC-000810_03.wav,edgetts,cantonese,SC-000810,zh-HK-WanLungNeural,0.873,可检
data/redteam/factory/segments/edgetts/cantonese/seg_edgetts_cantonese_zh-HK-WanLungNeural_SC-001042_00.wav,edgetts,cantonese,SC-001042,zh-HK-WanLungNeural,0.9417,可检
data/redteam/factory/segments/edgetts/cantonese/seg_edgetts_cantonese_zh-HK-WanLungNeural_SC-001042_01.wav,edgetts,cantonese,SC-001042,zh-HK-WanLungNeural,0.7649,可检
data/redteam/factory/segments/edgetts/cantonese/seg_edgetts_cantonese_zh-HK-WanLungNeural_SC-001042_02.wav,edgetts,cantonese,SC-001042,zh-HK-WanLungNeural,0.8888,可检
data/redteam/factory/segments/edgetts/cantonese/seg_edgetts_cantonese_zh-HK-WanLungNeural_SC-001042_03.wav,edgetts,cantonese,SC-001042,zh-HK-WanLungNeural,0.9112,可检
data/redteam/factory/segments/edgetts/cantonese/seg_edgetts_cantonese_zh-HK-WanLungNeural_SC-001199_00.wav,edgetts,cantonese,SC-001199,zh-HK-WanLungNeural,0.9263,可检
data/redteam/factory/segments/edgetts/cantonese/seg_edgetts_cantonese_zh-HK-WanLungNeural_SC-001199_01.wav,edgetts,cantonese,SC-001199,zh-HK-WanLungNeural,0.775,可检
data/redteam/factory/segments/edgetts/cantonese/seg_edgetts_cantonese_zh-HK-WanLungNeural_SC-001199_02.wav,edgetts,cantonese,SC-001199,zh-HK-WanLungNeural,0.9859,可检
data/redteam/factory/segments/edgetts/cantonese/seg_edgetts_cantonese_zh-HK-WanLungNeural_SC-001199_03.wav,edgetts,cantonese,SC-001199,zh-HK-WanLungNeural,0.8613,可检
data/redteam/factory/segments/edgetts/cantonese/seg_edgetts_cantonese_zh-HK-WanLungNeural_SC-001199_04.wav,edgetts,cantonese,SC-001199,zh-HK-WanLungNeural,0.8093,可检
data/redteam/factory/segments/edgetts/cantonese/seg_edgetts_cantonese_zh-HK-WanLungNeural_SC-001294_00.wav,edgetts,cantonese,SC-001294,zh-HK-WanLungNeural,0.7734,可检
data/redteam/factory/segments/edgetts/cantonese/seg_edgetts_cantonese_zh-HK-WanLungNeural_SC-001294_01.wav,edgetts,cantonese,SC-001294,zh-HK-WanLungNeural,0.973,可检
data/redteam/factory/segments/edgetts/cantonese/seg_edgetts_cantonese_zh-HK-WanLungNeural_SC-001294_02.wav,edgetts,cantonese,SC-001294,zh-HK-WanLungNeural,0.9692,可检
data/redteam/factory/segments/edgetts/cantonese/seg_edgetts_cantonese_zh-HK-WanLungNeural_SC-001294_03.wav,edgetts,cantonese,SC-001294,zh-HK-WanLungNeural,0.8084,可检
data/redteam/factory/segments/edgetts/cantonese/seg_edgetts_cantonese_zh-HK-WanLungNeural_SC-001623_00.wav,edgetts,cantonese,SC-001623,zh-HK-WanLungNeural,0.7899,可检
data/redteam/factory/segments/edgetts/cantonese/seg_edgetts_cantonese_zh-HK-WanLungNeural_SC-001623_01.wav,edgetts,cantonese,SC-001623,zh-HK-WanLungNeural,0.8884,可检
data/redteam/factory/segments/edgetts/cantonese/seg_edgetts_cantonese_zh-HK-WanLungNeural_SC-001623_02.wav,edgetts,cantonese,SC-001623,zh-HK-WanLungNeural,0.8843,可检
data/redteam/factory/segments/edgetts/cantonese/seg_edgetts_cantonese_zh-HK-WanLungNeural_SC-001623_03.wav,edgetts,cantonese,SC-001623,zh-HK-WanLungNeural,0.8964,可检
data/redteam/factory/segments/edgetts/dongbei/seg_edgetts_dongbei_zh-CN-liaoning-XiaobeiNeural_SC-000434_00.wav,edgetts,dongbei,SC-000434,zh-CN-liaoning-XiaobeiNeural,0.8865,可检
data/redteam/factory/segments/edgetts/dongbei/seg_edgetts_dongbei_zh-CN-liaoning-XiaobeiNeural_SC-000434_01.wav,edgetts,dongbei,SC-000434,zh-CN-liaoning-XiaobeiNeural,0.8934,可检
data/redteam/factory/segments/edgetts/dongbei/seg_edgetts_dongbei_zh-CN-liaoning-XiaobeiNeural_SC-000434_02.wav,edgetts,dongbei,SC-000434,zh-CN-liaoning-XiaobeiNeural,0.6733,可检
data/redteam/factory/segments/edgetts/dongbei/seg_edgetts_dongbei_zh-CN-liaoning-XiaobeiNeural_SC-000434_03.wav,edgetts,dongbei,SC-000434,zh-CN-liaoning-XiaobeiNeural,0.9417,可检
data/redteam/factory/segments/edgetts/dongbei/seg_edgetts_dongbei_zh-CN-liaoning-XiaobeiNeural_SC-000434_04.wav,edgetts,dongbei,SC-000434,zh-CN-liaoning-XiaobeiNeural,0.8787,可检
data/redteam/factory/segments/edgetts/dongbei/seg_edgetts_dongbei_zh-CN-liaoning-XiaobeiNeural_SC-001088_00.wav,edgetts,dongbei,SC-001088,zh-CN-liaoning-XiaobeiNeural,0.7501,可检
data/redteam/factory/segments/edgetts/dongbei/seg_edgetts_dongbei_zh-CN-liaoning-XiaobeiNeural_SC-001088_01.wav,edgetts,dongbei,SC-001088,zh-CN-liaoning-XiaobeiNeural,0.9056,可检
data/redteam/factory/segments/edgetts/dongbei/seg_edgetts_dongbei_zh-CN-liaoning-XiaobeiNeural_SC-001088_02.wav,edgetts,dongbei,SC-001088,zh-CN-liaoning-XiaobeiNeural,0.4718,边界
data/redteam/factory/segments/edgetts/dongbei/seg_edgetts_dongbei_zh-CN-liaoning-XiaobeiNeural_SC-001088_03.wav,edgetts,dongbei,SC-001088,zh-CN-liaoning-XiaobeiNeural,0.7362,可检
data/redteam/factory/segments/edgetts/dongbei/seg_edgetts_dongbei_zh-CN-liaoning-XiaobeiNeural_SC-001305_00.wav,edgetts,dongbei,SC-001305,zh-CN-liaoning-XiaobeiNeural,0.7829,可检
data/redteam/factory/segments/edgetts/dongbei/seg_edgetts_dongbei_zh-CN-liaoning-XiaobeiNeural_SC-001305_01.wav,edgetts,dongbei,SC-001305,zh-CN-liaoning-XiaobeiNeural,0.6846,可检
data/redteam/factory/segments/edgetts/dongbei/seg_edgetts_dongbei_zh-CN-liaoning-XiaobeiNeural_SC-001305_02.wav,edgetts,dongbei,SC-001305,zh-CN-liaoning-XiaobeiNeural,0.6984,可检
data/redteam/factory/segments/edgetts/dongbei/seg_edgetts_dongbei_zh-CN-liaoning-XiaobeiNeural_SC-001305_03.wav,edgetts,dongbei,SC-001305,zh-CN-liaoning-XiaobeiNeural,0.6992,可检
data/redteam/factory/segments/edgetts/dongbei/seg_edgetts_dongbei_zh-CN-liaoning-XiaobeiNeural_SC-001305_04.wav,edgetts,dongbei,SC-001305,zh-CN-liaoning-XiaobeiNeural,0.5993,可检
data/redteam/factory/segments/edgetts/dongbei/seg_edgetts_dongbei_zh-CN-liaoning-XiaobeiNeural_SC-001506_00.wav,edgetts,dongbei,SC-001506,zh-CN-liaoning-XiaobeiNeural,0.8247,可检
data/redteam/factory/segments/edgetts/dongbei/seg_edgetts_dongbei_zh-CN-liaoning-XiaobeiNeural_SC-001506_01.wav,edgetts,dongbei,SC-001506,zh-CN-liaoning-XiaobeiNeural,0.8816,可检
data/redteam/factory/segments/edgetts/dongbei/seg_edgetts_dongbei_zh-CN-liaoning-XiaobeiNeural_SC-001506_02.wav,edgetts,dongbei,SC-001506,zh-CN-liaoning-XiaobeiNeural,0.7574,可检
data/redteam/factory/segments/edgetts/dongbei/seg_edgetts_dongbei_zh-CN-liaoning-XiaobeiNeural_SC-001506_03.wav,edgetts,dongbei,SC-001506,zh-CN-liaoning-XiaobeiNeural,0.8194,可检
data/redteam/factory/segments/edgetts/dongbei/seg_edgetts_dongbei_zh-CN-liaoning-XiaobeiNeural_SC-001506_04.wav,edgetts,dongbei,SC-001506,zh-CN-liaoning-XiaobeiNeural,0.819,可检
data/redteam/factory/segments/edgetts/dongbei/seg_edgetts_dongbei_zh-CN-liaoning-XiaobeiNeural_SC-001674_00.wav,edgetts,dongbei,SC-001674,zh-CN-liaoning-XiaobeiNeural,0.724,可检
data/redteam/factory/segments/edgetts/dongbei/seg_edgetts_dongbei_zh-CN-liaoning-XiaobeiNeural_SC-001674_01.wav,edgetts,dongbei,SC-001674,zh-CN-liaoning-XiaobeiNeural,0.8901,可检
data/redteam/factory/segments/edgetts/dongbei/seg_edgetts_dongbei_zh-CN-liaoning-XiaobeiNeural_SC-001674_02.wav,edgetts,dongbei,SC-001674,zh-CN-liaoning-XiaobeiNeural,0.8184,可检
data/redteam/factory/segments/edgetts/dongbei/seg_edgetts_dongbei_zh-CN-liaoning-XiaobeiNeural_SC-001674_03.wav,edgetts,dongbei,SC-001674,zh-CN-liaoning-XiaobeiNeural,0.6876,可检
data/redteam/factory/segments/edgetts/henan/seg_edgetts_henan_zh-CN-shaanxi-XiaoniNeural_SC-000531_00.wav,edgetts,henan,SC-000531,zh-CN-shaanxi-XiaoniNeural,0.9536,可检
data/redteam/factory/segments/edgetts/henan/seg_edgetts_henan_zh-CN-shaanxi-XiaoniNeural_SC-000531_01.wav,edgetts,henan,SC-000531,zh-CN-shaanxi-XiaoniNeural,0.811,可检
data/redteam/factory/segments/edgetts/henan/seg_edgetts_henan_zh-CN-shaanxi-XiaoniNeural_SC-000531_02.wav,edgetts,henan,SC-000531,zh-CN-shaanxi-XiaoniNeural,0.888,可检
data/redteam/factory/segments/edgetts/henan/seg_edgetts_henan_zh-CN-shaanxi-XiaoniNeural_SC-000531_03.wav,edgetts,henan,SC-000531,zh-CN-shaanxi-XiaoniNeural,0.5913,可检
data/redteam/factory/segments/edgetts/henan/seg_edgetts_henan_zh-CN-shaanxi-XiaoniNeural_SC-000978_00.wav,edgetts,henan,SC-000978,zh-CN-shaanxi-XiaoniNeural,0.6374,可检
data/redteam/factory/segments/edgetts/henan/seg_edgetts_henan_zh-CN-shaanxi-XiaoniNeural_SC-000978_01.wav,edgetts,henan,SC-000978,zh-CN-shaanxi-XiaoniNeural,0.7202,可检
data/redteam/factory/segments/edgetts/henan/seg_edgetts_henan_zh-CN-shaanxi-XiaoniNeural_SC-000978_02.wav,edgetts,henan,SC-000978,zh-CN-shaanxi-XiaoniNeural,0.9516,可检
data/redteam/factory/segments/edgetts/henan/seg_edgetts_henan_zh-CN-shaanxi-XiaoniNeural_SC-000978_03.wav,edgetts,henan,SC-000978,zh-CN-shaanxi-XiaoniNeural,0.7958,可检
data/redteam/factory/segments/sovits_api/mandarin/seg_sovits_api_mandarin_ref_boot_edgetts_mandarin_zh-CN-XiaoxiaoNeural_SC-000007_seg8s_SC-000007_00.wav,sovits_api,mandarin,SC-000007,ref_boot_edgetts_mandarin_zh-CN-XiaoxiaoNeural_SC-000007_seg8s,0.9086,可检
data/redteam/factory/segments/sovits_api/mandarin/seg_sovits_api_mandarin_ref_boot_edgetts_mandarin_zh-CN-XiaoxiaoNeural_SC-000007_seg8s_SC-000007_01.wav,sovits_api,mandarin,SC-000007,ref_boot_edgetts_mandarin_zh-CN-XiaoxiaoNeural_SC-000007_seg8s,0.792,可检
data/redteam/factory/segments/sovits_api/mandarin/seg_sovits_api_mandarin_ref_boot_edgetts_mandarin_zh-CN-XiaoxiaoNeural_SC-000007_seg8s_SC-000007_02.wav,sovits_api,mandarin,SC-000007,ref_boot_edgetts_mandarin_zh-CN-XiaoxiaoNeural_SC-000007_seg8s,0.9412,可检
data/redteam/factory/segments/sovits_api/mandarin/seg_sovits_api_mandarin_ref_boot_edgetts_mandarin_zh-CN-XiaoxiaoNeural_SC-000007_seg8s_SC-000007_03.wav,sovits_api,mandarin,SC-000007,ref_boot_edgetts_mandarin_zh-CN-XiaoxiaoNeural_SC-000007_seg8s,0.9839,可检
data/redteam/factory/segments/sovits_api/henan/seg_sovits_api_henan_ref_boot_edgetts_henan_zh-CN-shaanxi-XiaoniNeural_SC-000009_seg8s_SC-000009_00.wav,sovits_api,henan,SC-000009,ref_boot_edgetts_henan_zh-CN-shaanxi-XiaoniNeural_SC-000009_seg8s,0.8979,可检
data/redteam/factory/segments/sovits_api/henan/seg_sovits_api_henan_ref_boot_edgetts_henan_zh-CN-shaanxi-XiaoniNeural_SC-000009_seg8s_SC-000009_01.wav,sovits_api,henan,SC-000009,ref_boot_edgetts_henan_zh-CN-shaanxi-XiaoniNeural_SC-000009_seg8s,0.8933,可检
data/redteam/factory/segments/sovits_api/henan/seg_sovits_api_henan_ref_boot_edgetts_henan_zh-CN-shaanxi-XiaoniNeural_SC-000009_seg8s_SC-000009_02.wav,sovits_api,henan,SC-000009,ref_boot_edgetts_henan_zh-CN-shaanxi-XiaoniNeural_SC-000009_seg8s,0.9325,可检
data/redteam/factory/segments/sovits_api/henan/seg_sovits_api_henan_ref_boot_edgetts_henan_zh-CN-shaanxi-XiaoniNeural_SC-000009_seg8s_SC-000009_03.wav,sovits_api,henan,SC-000009,ref_boot_edgetts_henan_zh-CN-shaanxi-XiaoniNeural_SC-000009_seg8s,0.9557,可检
data/redteam/factory/segments/sovits_api/mandarin/seg_sovits_api_mandarin_ref_boot_edgetts_mandarin_zh-CN-YunxiNeural_SC-000007_seg8s_SC-000007_00.wav,sovits_api,mandarin,SC-000007,ref_boot_edgetts_mandarin_zh-CN-YunxiNeural_SC-000007_seg8s,0.9419,可检
data/redteam/factory/segments/sovits_api/mandarin/seg_sovits_api_mandarin_ref_boot_edgetts_mandarin_zh-CN-YunxiNeural_SC-000007_seg8s_SC-000007_01.wav,sovits_api,mandarin,SC-000007,ref_boot_edgetts_mandarin_zh-CN-YunxiNeural_SC-000007_seg8s,0.8657,可检
data/redteam/factory/segments/sovits_api/mandarin/seg_sovits_api_mandarin_ref_boot_edgetts_mandarin_zh-CN-YunxiNeural_SC-000007_seg8s_SC-000007_02.wav,sovits_api,mandarin,SC-000007,ref_boot_edgetts_mandarin_zh-CN-YunxiNeural_SC-000007_seg8s,0.5956,可检
data/redteam/factory/segments/sovits_api/mandarin/seg_sovits_api_mandarin_ref_boot_edgetts_mandarin_zh-CN-XiaoxiaoNeural_SC-000007_seg8s_SC-000019_00.wav,sovits_api,mandarin,SC-000019,ref_boot_edgetts_mandarin_zh-CN-XiaoxiaoNeural_SC-000007_seg8s,0.8505,可检
data/redteam/factory/segments/sovits_api/mandarin/seg_sovits_api_mandarin_ref_boot_edgetts_mandarin_zh-CN-XiaoxiaoNeural_SC-000007_seg8s_SC-000019_01.wav,sovits_api,mandarin,SC-000019,ref_boot_edgetts_mandarin_zh-CN-XiaoxiaoNeural_SC-000007_seg8s,0.9922,可检
data/redteam/factory/segments/sovits_api/mandarin/seg_sovits_api_mandarin_ref_boot_edgetts_mandarin_zh-CN-XiaoxiaoNeural_SC-000007_seg8s_SC-000019_02.wav,sovits_api,mandarin,SC-000019,ref_boot_edgetts_mandarin_zh-CN-XiaoxiaoNeural_SC-000007_seg8s,0.9412,可检
data/redteam/factory/segments/sovits_api/mandarin/seg_sovits_api_mandarin_ref_boot_edgetts_mandarin_zh-CN-XiaoxiaoNeural_SC-000007_seg8s_SC-000019_03.wav,sovits_api,mandarin,SC-000019,ref_boot_edgetts_mandarin_zh-CN-XiaoxiaoNeural_SC-000007_seg8s,0.5466,可检
data/redteam/factory/segments/sovits_api/sichuan/seg_sovits_api_sichuan_ref_boot_edgetts_sichuan_zh-CN-XiaoxiaoNeural_SC-000010_SC-000042_00.wav,sovits_api,sichuan,SC-000042,ref_boot_edgetts_sichuan_zh-CN-XiaoxiaoNeural_SC-000010,0.8788,可检
data/redteam/factory/segments/sovits_api/sichuan/seg_sovits_api_sichuan_ref_boot_edgetts_sichuan_zh-CN-XiaoxiaoNeural_SC-000010_SC-000042_01.wav,sovits_api,sichuan,SC-000042,ref_boot_edgetts_sichuan_zh-CN-XiaoxiaoNeural_SC-000010,0.9061,可检
data/redteam/factory/segments/sovits_api/sichuan/seg_sovits_api_sichuan_ref_boot_edgetts_sichuan_zh-CN-XiaoxiaoNeural_SC-000010_SC-000042_02.wav,sovits_api,sichuan,SC-000042,ref_boot_edgetts_sichuan_zh-CN-XiaoxiaoNeural_SC-000010,0.9686,可检
data/redteam/factory/segments/sovits_api/sichuan/seg_sovits_api_sichuan_ref_boot_edgetts_sichuan_zh-CN-XiaoxiaoNeural_SC-000010_SC-000042_03.wav,sovits_api,sichuan,SC-000042,ref_boot_edgetts_sichuan_zh-CN-XiaoxiaoNeural_SC-000010,0.8226,可检
data/redteam/factory/segments/sovits_api/sichuan/seg_sovits_api_sichuan_ref_boot_edgetts_sichuan_zh-CN-XiaoxiaoNeural_SC-000010_SC-000042_04.wav,sovits_api,sichuan,SC-000042,ref_boot_edgetts_sichuan_zh-CN-XiaoxiaoNeural_SC-000010,0.9779,可检
data/redteam/factory/segments/sovits_api/sichuan/seg_sovits_api_sichuan_ref_boot_edgetts_sichuan_zh-CN-XiaoxiaoNeural_SC-000010_SC-000042_05.wav,sovits_api,sichuan,SC-000042,ref_boot_edgetts_sichuan_zh-CN-XiaoxiaoNeural_SC-000010,0.9587,可检
data/redteam/factory/segments/sovits_api/sichuan/seg_sovits_api_sichuan_ref_boot_edgetts_sichuan_zh-CN-YunxiNeural_SC-000010_SC-000042_00.wav,sovits_api,sichuan,SC-000042,ref_boot_edgetts_sichuan_zh-CN-YunxiNeural_SC-000010,0.9397,可检
data/redteam/factory/segments/sovits_api/sichuan/seg_sovits_api_sichuan_ref_boot_edgetts_sichuan_zh-CN-YunxiNeural_SC-000010_SC-000042_01.wav,sovits_api,sichuan,SC-000042,ref_boot_edgetts_sichuan_zh-CN-YunxiNeural_SC-000010,0.3991,边界
data/redteam/factory/segments/sovits_api/sichuan/seg_sovits_api_sichuan_ref_boot_edgetts_sichuan_zh-CN-YunxiNeural_SC-000010_SC-000042_02.wav,sovits_api,sichuan,SC-000042,ref_boot_edgetts_sichuan_zh-CN-YunxiNeural_SC-000010,0.9567,可检
data/redteam/factory/segments/sovits_api/sichuan/seg_sovits_api_sichuan_ref_boot_edgetts_sichuan_zh-CN-YunxiNeural_SC-000010_SC-000042_03.wav,sovits_api,sichuan,SC-000042,ref_boot_edgetts_sichuan_zh-CN-YunxiNeural_SC-000010,0.8676,可检
data/redteam/factory/segments/sovits_api/sichuan/seg_sovits_api_sichuan_ref_boot_edgetts_sichuan_zh-CN-YunxiNeural_SC-000010_SC-000042_04.wav,sovits_api,sichuan,SC-000042,ref_boot_edgetts_sichuan_zh-CN-YunxiNeural_SC-000010,0.8833,可检
data/redteam/factory/segments/sovits_api/dongbei/seg_sovits_api_dongbei_ref_boot_edgetts_dongbei_zh-CN-liaoning-XiaobeiNeural_SC-000002_seg8s_SC-000024_00.wav,sovits_api,dongbei,SC-000024,ref_boot_edgetts_dongbei_zh-CN-liaoning-XiaobeiNeural_SC-000002_seg8s,0.7652,可检
data/redteam/factory/segments/sovits_api/dongbei/seg_sovits_api_dongbei_ref_boot_edgetts_dongbei_zh-CN-liaoning-XiaobeiNeural_SC-000002_seg8s_SC-000024_01.wav,sovits_api,dongbei,SC-000024,ref_boot_edgetts_dongbei_zh-CN-liaoning-XiaobeiNeural_SC-000002_seg8s,0.8424,可检
data/redteam/factory/segments/sovits_api/dongbei/seg_sovits_api_dongbei_ref_boot_edgetts_dongbei_zh-CN-liaoning-XiaobeiNeural_SC-000002_seg8s_SC-000024_02.wav,sovits_api,dongbei,SC-000024,ref_boot_edgetts_dongbei_zh-CN-liaoning-XiaobeiNeural_SC-000002_seg8s,0.9895,可检
data/redteam/factory/segments/sovits_api/henan/seg_sovits_api_henan_ref_boot_edgetts_henan_zh-CN-shaanxi-XiaoniNeural_SC-000009_seg8s_SC-000017_00.wav,sovits_api,henan,SC-000017,ref_boot_edgetts_henan_zh-CN-shaanxi-XiaoniNeural_SC-000009_seg8s,0.9166,可检
data/redteam/factory/segments/sovits_api/henan/seg_sovits_api_henan_ref_boot_edgetts_henan_zh-CN-shaanxi-XiaoniNeural_SC-000009_seg8s_SC-000017_01.wav,sovits_api,henan,SC-000017,ref_boot_edgetts_henan_zh-CN-shaanxi-XiaoniNeural_SC-000009_seg8s,0.996,可检
data/redteam/factory/segments/sovits_api/henan/seg_sovits_api_henan_ref_boot_edgetts_henan_zh-CN-shaanxi-XiaoniNeural_SC-000009_seg8s_SC-000017_02.wav,sovits_api,henan,SC-000017,ref_boot_edgetts_henan_zh-CN-shaanxi-XiaoniNeural_SC-000009_seg8s,0.959,可检
data/redteam/factory/segments/sovits_api/henan/seg_sovits_api_henan_ref_boot_edgetts_henan_zh-CN-shaanxi-XiaoniNeural_SC-000009_seg8s_SC-000017_03.wav,sovits_api,henan,SC-000017,ref_boot_edgetts_henan_zh-CN-shaanxi-XiaoniNeural_SC-000009_seg8s,0.8422,可检
data/redteam/factory/segments/sovits_api/henan/seg_sovits_api_henan_ref_boot_edgetts_henan_zh-CN-shaanxi-XiaoniNeural_SC-000009_seg8s_SC-000017_04.wav,sovits_api,henan,SC-000017,ref_boot_edgetts_henan_zh-CN-shaanxi-XiaoniNeural_SC-000009_seg8s,0.9767,可检
data/redteam/factory/segments/sovits_api/henan/seg_sovits_api_henan_ref_boot_edgetts_henan_zh-CN-shaanxi-XiaoniNeural_SC-000009_seg8s_SC-000017_05.wav,sovits_api,henan,SC-000017,ref_boot_edgetts_henan_zh-CN-shaanxi-XiaoniNeural_SC-000009_seg8s,0.9809,可检
data/redteam/factory/segments/sovits_api/henan/seg_sovits_api_henan_ref_boot_edgetts_henan_zh-CN-shaanxi-XiaoniNeural_SC-000009_seg8s_SC-000017_06.wav,sovits_api,henan,SC-000017,ref_boot_edgetts_henan_zh-CN-shaanxi-XiaoniNeural_SC-000009_seg8s,0.9369,可检
data/redteam/factory/segments/sovits_api/henan/seg_sovits_api_henan_ref_boot_edgetts_henan_zh-CN-shaanxi-XiaoniNeural_SC-000009_seg8s_SC-000017_07.wav,sovits_api,henan,SC-000017,ref_boot_edgetts_henan_zh-CN-shaanxi-XiaoniNeural_SC-000009_seg8s,0.8173,可检
data/redteam/factory/segments/sovits_api/henan/seg_sovits_api_henan_ref_boot_edgetts_henan_zh-CN-shaanxi-XiaoniNeural_SC-000009_seg8s_SC-000017_08.wav,sovits_api,henan,SC-000017,ref_boot_edgetts_henan_zh-CN-shaanxi-XiaoniNeural_SC-000009_seg8s,0.7994,可检
data/redteam/factory/segments/sovits_api/henan/seg_sovits_api_henan_ref_boot_edgetts_henan_zh-CN-shaanxi-XiaoniNeural_SC-000009_seg8s_SC-000017_09.wav,sovits_api,henan,SC-000017,ref_boot_edgetts_henan_zh-CN-shaanxi-XiaoniNeural_SC-000009_seg8s,0.9751,可检
data/redteam/factory/segments/sovits_api/henan/seg_sovits_api_henan_ref_boot_edgetts_henan_zh-CN-shaanxi-XiaoniNeural_SC-000009_seg8s_SC-000017_10.wav,sovits_api,henan,SC-000017,ref_boot_edgetts_henan_zh-CN-shaanxi-XiaoniNeural_SC-000009_seg8s,0.9662,可检
data/redteam/factory/segments/sovits_api/henan/seg_sovits_api_henan_ref_boot_edgetts_henan_zh-CN-shaanxi-XiaoniNeural_SC-000009_seg8s_SC-000017_11.wav,sovits_api,henan,SC-000017,ref_boot_edgetts_henan_zh-CN-shaanxi-XiaoniNeural_SC-000009_seg8s,0.7228,可检
data/redteam/factory/segments/sovits_api/henan/seg_sovits_api_henan_ref_boot_edgetts_henan_zh-CN-shaanxi-XiaoniNeural_SC-000009_seg8s_SC-000017_12.wav,sovits_api,henan,SC-000017,ref_boot_edgetts_henan_zh-CN-shaanxi-XiaoniNeural_SC-000009_seg8s,0.9753,可检
data/redteam/factory/segments/sovits_api/henan/seg_sovits_api_henan_ref_boot_edgetts_henan_zh-CN-shaanxi-XiaoniNeural_SC-000009_seg8s_SC-000017_13.wav,sovits_api,henan,SC-000017,ref_boot_edgetts_henan_zh-CN-shaanxi-XiaoniNeural_SC-000009_seg8s,0.9556,可检
data/redteam/factory/segments/sovits_api/mandarin/seg_sovits_api_mandarin_ref_boot_edgetts_mandarin_zh-CN-XiaoxiaoNeural_SC-000007_seg8s_SC-000036_00.wav,sovits_api,mandarin,SC-000036,ref_boot_edgetts_mandarin_zh-CN-XiaoxiaoNeural_SC-000007_seg8s,0.8598,可检
data/redteam/factory/segments/sovits_api/mandarin/seg_sovits_api_mandarin_ref_boot_edgetts_mandarin_zh-CN-XiaoxiaoNeural_SC-000007_seg8s_SC-000036_01.wav,sovits_api,mandarin,SC-000036,ref_boot_edgetts_mandarin_zh-CN-XiaoxiaoNeural_SC-000007_seg8s,0.8425,可检
data/redteam/factory/segments/sovits_api/mandarin/seg_sovits_api_mandarin_ref_boot_edgetts_mandarin_zh-CN-XiaoxiaoNeural_SC-000007_seg8s_SC-000036_02.wav,sovits_api,mandarin,SC-000036,ref_boot_edgetts_mandarin_zh-CN-XiaoxiaoNeural_SC-000007_seg8s,0.9955,可检
data/redteam/factory/segments/sovits_api/mandarin/seg_sovits_api_mandarin_ref_boot_edgetts_mandarin_zh-CN-XiaoxiaoNeural_SC-000007_seg8s_SC-000036_03.wav,sovits_api,mandarin,SC-000036,ref_boot_edgetts_mandarin_zh-CN-XiaoxiaoNeural_SC-000007_seg8s,0.8214,可检
data/redteam/factory/segments/sovits_api/mandarin/seg_sovits_api_mandarin_ref_boot_edgetts_mandarin_zh-CN-XiaoxiaoNeural_SC-000007_seg8s_SC-000036_04.wav,sovits_api,mandarin,SC-000036,ref_boot_edgetts_mandarin_zh-CN-XiaoxiaoNeural_SC-000007_seg8s,0.8743,可检
data/redteam/factory/segments/sovits_api/mandarin/seg_sovits_api_mandarin_ref_boot_edgetts_mandarin_zh-CN-XiaoxiaoNeural_SC-000007_seg8s_SC-000036_05.wav,sovits_api,mandarin,SC-000036,ref_boot_edgetts_mandarin_zh-CN-XiaoxiaoNeural_SC-000007_seg8s,0.4871,边界
data/redteam/factory/segments/sovits_api/mandarin/seg_sovits_api_mandarin_ref_boot_edgetts_mandarin_zh-CN-XiaoxiaoNeural_SC-000007_seg8s_SC-000037_00.wav,sovits_api,mandarin,SC-000037,ref_boot_edgetts_mandarin_zh-CN-XiaoxiaoNeural_SC-000007_seg8s,0.9648,可检
data/redteam/factory/segments/sovits_api/mandarin/seg_sovits_api_mandarin_ref_boot_edgetts_mandarin_zh-CN-XiaoxiaoNeural_SC-000007_seg8s_SC-000037_01.wav,sovits_api,mandarin,SC-000037,ref_boot_edgetts_mandarin_zh-CN-XiaoxiaoNeural_SC-000007_seg8s,0.8419,可检
data/redteam/factory/segments/sovits_api/mandarin/seg_sovits_api_mandarin_ref_boot_edgetts_mandarin_zh-CN-XiaoxiaoNeural_SC-000007_seg8s_SC-000037_02.wav,sovits_api,mandarin,SC-000037,ref_boot_edgetts_mandarin_zh-CN-XiaoxiaoNeural_SC-000007_seg8s,0.9806,可检
data/redteam/factory/segments/sovits_api/mandarin/seg_sovits_api_mandarin_ref_boot_edgetts_mandarin_zh-CN-XiaoxiaoNeural_SC-000007_seg8s_SC-000037_03.wav,sovits_api,mandarin,SC-000037,ref_boot_edgetts_mandarin_zh-CN-XiaoxiaoNeural_SC-000007_seg8s,0.921,可检
data/redteam/factory/segments/sovits_api/mandarin/seg_sovits_api_mandarin_ref_boot_edgetts_mandarin_zh-CN-XiaoxiaoNeural_SC-000007_seg8s_SC-000069_00.wav,sovits_api,mandarin,SC-000069,ref_boot_edgetts_mandarin_zh-CN-XiaoxiaoNeural_SC-000007_seg8s,0.8227,可检
data/redteam/factory/segments/sovits_api/mandarin/seg_sovits_api_mandarin_ref_boot_edgetts_mandarin_zh-CN-XiaoxiaoNeural_SC-000007_seg8s_SC-000069_01.wav,sovits_api,mandarin,SC-000069,ref_boot_edgetts_mandarin_zh-CN-XiaoxiaoNeural_SC-000007_seg8s,0.9832,可检
data/redteam/factory/segments/sovits_api/mandarin/seg_sovits_api_mandarin_ref_boot_edgetts_mandarin_zh-CN-XiaoxiaoNeural_SC-000007_seg8s_SC-000069_02.wav,sovits_api,mandarin,SC-000069,ref_boot_edgetts_mandarin_zh-CN-XiaoxiaoNeural_SC-000007_seg8s,0.969,可检
data/redteam/factory/segments/sovits_api/mandarin/seg_sovits_api_mandarin_ref_boot_edgetts_mandarin_zh-CN-XiaoxiaoNeural_SC-000007_seg8s_SC-000069_03.wav,sovits_api,mandarin,SC-000069,ref_boot_edgetts_mandarin_zh-CN-XiaoxiaoNeural_SC-000007_seg8s,0.9768,可检
data/redteam/factory/segments/sovits_api/mandarin/seg_sovits_api_mandarin_ref_boot_edgetts_mandarin_zh-CN-XiaoxiaoNeural_SC-000007_seg8s_SC-000090_00.wav,sovits_api,mandarin,SC-000090,ref_boot_edgetts_mandarin_zh-CN-XiaoxiaoNeural_SC-000007_seg8s,0.7569,可检
data/redteam/factory/segments/sovits_api/mandarin/seg_sovits_api_mandarin_ref_boot_edgetts_mandarin_zh-CN-XiaoxiaoNeural_SC-000007_seg8s_SC-000090_01.wav,sovits_api,mandarin,SC-000090,ref_boot_edgetts_mandarin_zh-CN-XiaoxiaoNeural_SC-000007_seg8s,0.9874,可检
data/redteam/factory/segments/sovits_api/mandarin/seg_sovits_api_mandarin_ref_boot_edgetts_mandarin_zh-CN-XiaoxiaoNeural_SC-000007_seg8s_SC-000090_02.wav,sovits_api,mandarin,SC-000090,ref_boot_edgetts_mandarin_zh-CN-XiaoxiaoNeural_SC-000007_seg8s,0.9883,可检
data/redteam/factory/segments/sovits_api/mandarin/seg_sovits_api_mandarin_ref_boot_edgetts_mandarin_zh-CN-XiaoxiaoNeural_SC-000007_seg8s_SC-000090_03.wav,sovits_api,mandarin,SC-000090,ref_boot_edgetts_mandarin_zh-CN-XiaoxiaoNeural_SC-000007_seg8s,0.8794,可检
data/redteam/factory/segments/sovits_api/mandarin/seg_sovits_api_mandarin_ref_boot_edgetts_mandarin_zh-CN-YunjianNeural_SC-000007_seg8s_SC-000036_00.wav,sovits_api,mandarin,SC-000036,ref_boot_edgetts_mandarin_zh-CN-YunjianNeural_SC-000007_seg8s,0.9599,可检
data/redteam/factory/segments/sovits_api/mandarin/seg_sovits_api_mandarin_ref_boot_edgetts_mandarin_zh-CN-YunjianNeural_SC-000007_seg8s_SC-000036_01.wav,sovits_api,mandarin,SC-000036,ref_boot_edgetts_mandarin_zh-CN-YunjianNeural_SC-000007_seg8s,0.8799,可检
data/redteam/factory/segments/sovits_api/mandarin/seg_sovits_api_mandarin_ref_boot_edgetts_mandarin_zh-CN-YunjianNeural_SC-000007_seg8s_SC-000036_02.wav,sovits_api,mandarin,SC-000036,ref_boot_edgetts_mandarin_zh-CN-YunjianNeural_SC-000007_seg8s,0.9391,可检
data/redteam/factory/segments/sovits_api/mandarin/seg_sovits_api_mandarin_ref_boot_edgetts_mandarin_zh-CN-YunjianNeural_SC-000007_seg8s_SC-000036_03.wav,sovits_api,mandarin,SC-000036,ref_boot_edgetts_mandarin_zh-CN-YunjianNeural_SC-000007_seg8s,0.9643,可检
data/redteam/factory/segments/sovits_api/mandarin/seg_sovits_api_mandarin_ref_boot_edgetts_mandarin_zh-CN-YunjianNeural_SC-000007_seg8s_SC-000036_04.wav,sovits_api,mandarin,SC-000036,ref_boot_edgetts_mandarin_zh-CN-YunjianNeural_SC-000007_seg8s,0.7744,可检
data/redteam/factory/segments/sovits_api/mandarin/seg_sovits_api_mandarin_ref_boot_edgetts_mandarin_zh-CN-YunjianNeural_SC-000007_seg8s_SC-000037_00.wav,sovits_api,mandarin,SC-000037,ref_boot_edgetts_mandarin_zh-CN-YunjianNeural_SC-000007_seg8s,0.8923,可检
data/redteam/factory/segments/sovits_api/mandarin/seg_sovits_api_mandarin_ref_boot_edgetts_mandarin_zh-CN-YunjianNeural_SC-000007_seg8s_SC-000037_01.wav,sovits_api,mandarin,SC-000037,ref_boot_edgetts_mandarin_zh-CN-YunjianNeural_SC-000007_seg8s,0.8731,可检
data/redteam/factory/segments/sovits_api/mandarin/seg_sovits_api_mandarin_ref_boot_edgetts_mandarin_zh-CN-YunjianNeural_SC-000007_seg8s_SC-000037_02.wav,sovits_api,mandarin,SC-000037,ref_boot_edgetts_mandarin_zh-CN-YunjianNeural_SC-000007_seg8s,0.7795,可检
data/redteam/factory/segments/sovits_api/mandarin/seg_sovits_api_mandarin_ref_boot_edgetts_mandarin_zh-CN-YunjianNeural_SC-000007_seg8s_SC-000037_03.wav,sovits_api,mandarin,SC-000037,ref_boot_edgetts_mandarin_zh-CN-YunjianNeural_SC-000007_seg8s,0.8157,可检
data/redteam/factory/segments/sovits_api/mandarin/seg_sovits_api_mandarin_ref_boot_edgetts_mandarin_zh-CN-YunjianNeural_SC-000007_seg8s_SC-000069_00.wav,sovits_api,mandarin,SC-000069,ref_boot_edgetts_mandarin_zh-CN-YunjianNeural_SC-000007_seg8s,0.8679,可检
data/redteam/factory/segments/sovits_api/mandarin/seg_sovits_api_mandarin_ref_boot_edgetts_mandarin_zh-CN-YunjianNeural_SC-000007_seg8s_SC-000069_01.wav,sovits_api,mandarin,SC-000069,ref_boot_edgetts_mandarin_zh-CN-YunjianNeural_SC-000007_seg8s,0.912,可检
data/redteam/factory/segments/sovits_api/mandarin/seg_sovits_api_mandarin_ref_boot_edgetts_mandarin_zh-CN-YunjianNeural_SC-000007_seg8s_SC-000069_02.wav,sovits_api,mandarin,SC-000069,ref_boot_edgetts_mandarin_zh-CN-YunjianNeural_SC-000007_seg8s,0.8632,可检
data/redteam/factory/segments/sovits_api/mandarin/seg_sovits_api_mandarin_ref_boot_edgetts_mandarin_zh-CN-YunjianNeural_SC-000007_seg8s_SC-000069_03.wav,sovits_api,mandarin,SC-000069,ref_boot_edgetts_mandarin_zh-CN-YunjianNeural_SC-000007_seg8s,0.5567,可检
data/redteam/factory/segments/sovits_api/mandarin/seg_sovits_api_mandarin_ref_boot_edgetts_mandarin_zh-CN-YunjianNeural_SC-000007_seg8s_SC-000090_00.wav,sovits_api,mandarin,SC-000090,ref_boot_edgetts_mandarin_zh-CN-YunjianNeural_SC-000007_seg8s,0.7402,可检
data/redteam/factory/segments/sovits_api/mandarin/seg_sovits_api_mandarin_ref_boot_edgetts_mandarin_zh-CN-YunjianNeural_SC-000007_seg8s_SC-000090_01.wav,sovits_api,mandarin,SC-000090,ref_boot_edgetts_mandarin_zh-CN-YunjianNeural_SC-000007_seg8s,0.7578,可检
data/redteam/factory/segments/sovits_api/mandarin/seg_sovits_api_mandarin_ref_boot_edgetts_mandarin_zh-CN-YunjianNeural_SC-000007_seg8s_SC-000090_02.wav,sovits_api,mandarin,SC-000090,ref_boot_edgetts_mandarin_zh-CN-YunjianNeural_SC-000007_seg8s,0.9323,可检
data/redteam/factory/segments/sovits_api/mandarin/seg_sovits_api_mandarin_ref_boot_edgetts_mandarin_zh-CN-YunjianNeural_SC-000007_seg8s_SC-000090_03.wav,sovits_api,mandarin,SC-000090,ref_boot_edgetts_mandarin_zh-CN-YunjianNeural_SC-000007_seg8s,0.614,可检
data/redteam/factory/segments/sovits_api/mandarin/seg_sovits_api_mandarin_ref_boot_edgetts_mandarin_zh-CN-YunxiNeural_SC-000007_seg8s_SC-000036_00.wav,sovits_api,mandarin,SC-000036,ref_boot_edgetts_mandarin_zh-CN-YunxiNeural_SC-000007_seg8s,0.8751,可检
data/redteam/factory/segments/sovits_api/mandarin/seg_sovits_api_mandarin_ref_boot_edgetts_mandarin_zh-CN-YunxiNeural_SC-000007_seg8s_SC-000036_01.wav,sovits_api,mandarin,SC-000036,ref_boot_edgetts_mandarin_zh-CN-YunxiNeural_SC-000007_seg8s,0.9151,可检
data/redteam/factory/segments/sovits_api/mandarin/seg_sovits_api_mandarin_ref_boot_edgetts_mandarin_zh-CN-YunxiNeural_SC-000007_seg8s_SC-000036_02.wav,sovits_api,mandarin,SC-000036,ref_boot_edgetts_mandarin_zh-CN-YunxiNeural_SC-000007_seg8s,0.5675,可检
data/redteam/factory/segments/sovits_api/mandarin/seg_sovits_api_mandarin_ref_boot_edgetts_mandarin_zh-CN-YunxiNeural_SC-000007_seg8s_SC-000036_03.wav,sovits_api,mandarin,SC-000036,ref_boot_edgetts_mandarin_zh-CN-YunxiNeural_SC-000007_seg8s,0.9227,可检
data/redteam/factory/segments/sovits_api/mandarin/seg_sovits_api_mandarin_ref_boot_edgetts_mandarin_zh-CN-YunxiNeural_SC-000007_seg8s_SC-000036_04.wav,sovits_api,mandarin,SC-000036,ref_boot_edgetts_mandarin_zh-CN-YunxiNeural_SC-000007_seg8s,0.5302,可检
data/redteam/factory/segments/sovits_api/mandarin/seg_sovits_api_mandarin_ref_boot_edgetts_mandarin_zh-CN-YunxiNeural_SC-000007_seg8s_SC-000086_00.wav,sovits_api,mandarin,SC-000086,ref_boot_edgetts_mandarin_zh-CN-YunxiNeural_SC-000007_seg8s,0.6394,可检
data/redteam/factory/segments/sovits_api/mandarin/seg_sovits_api_mandarin_ref_boot_edgetts_mandarin_zh-CN-YunxiNeural_SC-000007_seg8s_SC-000086_01.wav,sovits_api,mandarin,SC-000086,ref_boot_edgetts_mandarin_zh-CN-YunxiNeural_SC-000007_seg8s,0.8309,可检
data/redteam/factory/segments/sovits_api/mandarin/seg_sovits_api_mandarin_ref_boot_edgetts_mandarin_zh-CN-YunxiNeural_SC-000007_seg8s_SC-000086_02.wav,sovits_api,mandarin,SC-000086,ref_boot_edgetts_mandarin_zh-CN-YunxiNeural_SC-000007_seg8s,0.7019,可检
data/redteam/factory/segments/sovits_api/mandarin/seg_sovits_api_mandarin_ref_boot_edgetts_mandarin_zh-CN-YunxiNeural_SC-000007_seg8s_SC-000086_03.wav,sovits_api,mandarin,SC-000086,ref_boot_edgetts_mandarin_zh-CN-YunxiNeural_SC-000007_seg8s,0.8638,可检
data/redteam/factory/segments/sovits_api/mandarin/seg_sovits_api_mandarin_ref_boot_edgetts_mandarin_zh-CN-YunxiNeural_SC-000007_seg8s_SC-000090_00.wav,sovits_api,mandarin,SC-000090,ref_boot_edgetts_mandarin_zh-CN-YunxiNeural_SC-000007_seg8s,0.6289,可检
data/redteam/factory/segments/sovits_api/mandarin/seg_sovits_api_mandarin_ref_boot_edgetts_mandarin_zh-CN-YunxiNeural_SC-000007_seg8s_SC-000090_01.wav,sovits_api,mandarin,SC-000090,ref_boot_edgetts_mandarin_zh-CN-YunxiNeural_SC-000007_seg8s,0.9261,可检
data/redteam/factory/segments/sovits_api/mandarin/seg_sovits_api_mandarin_ref_boot_edgetts_mandarin_zh-CN-YunxiNeural_SC-000007_seg8s_SC-000090_02.wav,sovits_api,mandarin,SC-000090,ref_boot_edgetts_mandarin_zh-CN-YunxiNeural_SC-000007_seg8s,0.8986,可检
data/redteam/factory/segments/sovits_api/minnan/seg_sovits_api_minnan_ref_boot_edgetts_minnan_zh-TW-HsiaoChenNeural_SC-000001_SC-000056_00.wav,sovits_api,minnan,SC-000056,ref_boot_edgetts_minnan_zh-TW-HsiaoChenNeural_SC-000001,0.8811,可检
data/redteam/factory/segments/sovits_api/minnan/seg_sovits_api_minnan_ref_boot_edgetts_minnan_zh-TW-HsiaoChenNeural_SC-000001_SC-000056_01.wav,sovits_api,minnan,SC-000056,ref_boot_edgetts_minnan_zh-TW-HsiaoChenNeural_SC-000001,0.8912,可检
data/redteam/factory/segments/sovits_api/minnan/seg_sovits_api_minnan_ref_boot_edgetts_minnan_zh-TW-HsiaoChenNeural_SC-000001_SC-000056_02.wav,sovits_api,minnan,SC-000056,ref_boot_edgetts_minnan_zh-TW-HsiaoChenNeural_SC-000001,0.9405,可检
data/redteam/factory/segments/sovits_api/minnan/seg_sovits_api_minnan_ref_boot_edgetts_minnan_zh-TW-HsiaoChenNeural_SC-000001_SC-000056_03.wav,sovits_api,minnan,SC-000056,ref_boot_edgetts_minnan_zh-TW-HsiaoChenNeural_SC-000001,0.9188,可检
data/redteam/factory/segments/sovits_api/minnan/seg_sovits_api_minnan_ref_boot_edgetts_minnan_zh-TW-HsiaoChenNeural_SC-000001_SC-000056_04.wav,sovits_api,minnan,SC-000056,ref_boot_edgetts_minnan_zh-TW-HsiaoChenNeural_SC-000001,0.9726,可检
data/redteam/factory/segments/sovits_api/minnan/seg_sovits_api_minnan_ref_boot_edgetts_minnan_zh-TW-HsiaoChenNeural_SC-000001_SC-000056_05.wav,sovits_api,minnan,SC-000056,ref_boot_edgetts_minnan_zh-TW-HsiaoChenNeural_SC-000001,0.9282,可检
data/redteam/factory/segments/sovits_api/minnan/seg_sovits_api_minnan_ref_boot_edgetts_minnan_zh-TW-HsiaoChenNeural_SC-000001_SC-000056_06.wav,sovits_api,minnan,SC-000056,ref_boot_edgetts_minnan_zh-TW-HsiaoChenNeural_SC-000001,0.775,可检
data/redteam/factory/segments/sovits_api/minnan/seg_sovits_api_minnan_ref_boot_edgetts_minnan_zh-TW-HsiaoChenNeural_SC-000001_SC-000056_07.wav,sovits_api,minnan,SC-000056,ref_boot_edgetts_minnan_zh-TW-HsiaoChenNeural_SC-000001,0.9097,可检
data/redteam/factory/segments/sovits_api/minnan/seg_sovits_api_minnan_ref_boot_edgetts_minnan_zh-TW-HsiaoChenNeural_SC-000001_SC-000056_08.wav,sovits_api,minnan,SC-000056,ref_boot_edgetts_minnan_zh-TW-HsiaoChenNeural_SC-000001,0.9452,可检
data/redteam/factory/segments/sovits_api/minnan/seg_sovits_api_minnan_ref_boot_edgetts_minnan_zh-TW-HsiaoChenNeural_SC-000001_SC-000143_00.wav,sovits_api,minnan,SC-000143,ref_boot_edgetts_minnan_zh-TW-HsiaoChenNeural_SC-000001,0.983,可检
data/redteam/factory/segments/sovits_api/minnan/seg_sovits_api_minnan_ref_boot_edgetts_minnan_zh-TW-HsiaoChenNeural_SC-000001_SC-000143_01.wav,sovits_api,minnan,SC-000143,ref_boot_edgetts_minnan_zh-TW-HsiaoChenNeural_SC-000001,0.9746,可检
data/redteam/factory/segments/sovits_api/minnan/seg_sovits_api_minnan_ref_boot_edgetts_minnan_zh-TW-HsiaoChenNeural_SC-000001_SC-000143_02.wav,sovits_api,minnan,SC-000143,ref_boot_edgetts_minnan_zh-TW-HsiaoChenNeural_SC-000001,0.7147,可检
data/redteam/factory/segments/sovits_api/minnan/seg_sovits_api_minnan_ref_boot_edgetts_minnan_zh-TW-HsiaoChenNeural_SC-000001_SC-000143_03.wav,sovits_api,minnan,SC-000143,ref_boot_edgetts_minnan_zh-TW-HsiaoChenNeural_SC-000001,0.5348,可检
data/redteam/factory/segments/sovits_api/minnan/seg_sovits_api_minnan_ref_boot_edgetts_minnan_zh-TW-HsiaoChenNeural_SC-000001_SC-000143_04.wav,sovits_api,minnan,SC-000143,ref_boot_edgetts_minnan_zh-TW-HsiaoChenNeural_SC-000001,0.4205,边界
data/redteam/factory/segments/sovits_api/minnan/seg_sovits_api_minnan_ref_boot_edgetts_minnan_zh-TW-HsiaoChenNeural_SC-000001_SC-000218_00.wav,sovits_api,minnan,SC-000218,ref_boot_edgetts_minnan_zh-TW-HsiaoChenNeural_SC-000001,0.9966,可检
data/redteam/factory/segments/sovits_api/minnan/seg_sovits_api_minnan_ref_boot_edgetts_minnan_zh-TW-HsiaoChenNeural_SC-000001_SC-000218_01.wav,sovits_api,minnan,SC-000218,ref_boot_edgetts_minnan_zh-TW-HsiaoChenNeural_SC-000001,0.977,可检
data/redteam/factory/segments/sovits_api/minnan/seg_sovits_api_minnan_ref_boot_edgetts_minnan_zh-TW-HsiaoChenNeural_SC-000001_SC-000218_02.wav,sovits_api,minnan,SC-000218,ref_boot_edgetts_minnan_zh-TW-HsiaoChenNeural_SC-000001,0.958,可检
data/redteam/factory/segments/sovits_api/minnan/seg_sovits_api_minnan_ref_boot_edgetts_minnan_zh-TW-HsiaoChenNeural_SC-000001_SC-000218_03.wav,sovits_api,minnan,SC-000218,ref_boot_edgetts_minnan_zh-TW-HsiaoChenNeural_SC-000001,0.808,可检
data/redteam/factory/segments/sovits_api/minnan/seg_sovits_api_minnan_ref_boot_edgetts_minnan_zh-TW-HsiaoChenNeural_SC-000001_SC-000339_00.wav,sovits_api,minnan,SC-000339,ref_boot_edgetts_minnan_zh-TW-HsiaoChenNeural_SC-000001,0.9426,可检
data/redteam/factory/segments/sovits_api/minnan/seg_sovits_api_minnan_ref_boot_edgetts_minnan_zh-TW-HsiaoChenNeural_SC-000001_SC-000339_01.wav,sovits_api,minnan,SC-000339,ref_boot_edgetts_minnan_zh-TW-HsiaoChenNeural_SC-000001,0.9426,可检
data/redteam/factory/segments/sovits_api/minnan/seg_sovits_api_minnan_ref_boot_edgetts_minnan_zh-TW-HsiaoChenNeural_SC-000001_SC-000339_02.wav,sovits_api,minnan,SC-000339,ref_boot_edgetts_minnan_zh-TW-HsiaoChenNeural_SC-000001,0.8266,可检
data/redteam/factory/segments/sovits_api/minnan/seg_sovits_api_minnan_ref_boot_edgetts_minnan_zh-TW-HsiaoChenNeural_SC-000001_SC-000339_03.wav,sovits_api,minnan,SC-000339,ref_boot_edgetts_minnan_zh-TW-HsiaoChenNeural_SC-000001,0.8618,可检
data/redteam/factory/segments/sovits_api/minnan/seg_sovits_api_minnan_ref_boot_edgetts_minnan_zh-TW-HsiaoChenNeural_SC-000001_SC-000367_00.wav,sovits_api,minnan,SC-000367,ref_boot_edgetts_minnan_zh-TW-HsiaoChenNeural_SC-000001,0.9961,可检
data/redteam/factory/segments/sovits_api/minnan/seg_sovits_api_minnan_ref_boot_edgetts_minnan_zh-TW-HsiaoChenNeural_SC-000001_SC-000367_01.wav,sovits_api,minnan,SC-000367,ref_boot_edgetts_minnan_zh-TW-HsiaoChenNeural_SC-000001,0.9116,可检
data/redteam/factory/segments/sovits_api/minnan/seg_sovits_api_minnan_ref_boot_edgetts_minnan_zh-TW-HsiaoChenNeural_SC-000001_SC-000367_02.wav,sovits_api,minnan,SC-000367,ref_boot_edgetts_minnan_zh-TW-HsiaoChenNeural_SC-000001,0.6332,可检
data/redteam/factory/segments/sovits_api/minnan/seg_sovits_api_minnan_ref_boot_edgetts_minnan_zh-TW-HsiaoChenNeural_SC-000001_SC-000367_03.wav,sovits_api,minnan,SC-000367,ref_boot_edgetts_minnan_zh-TW-HsiaoChenNeural_SC-000001,0.9691,可检
data/redteam/factory/segments/sovits_api/minnan/seg_sovits_api_minnan_ref_boot_edgetts_minnan_zh-TW-HsiaoChenNeural_SC-000001_SC-000369_00.wav,sovits_api,minnan,SC-000369,ref_boot_edgetts_minnan_zh-TW-HsiaoChenNeural_SC-000001,0.9861,可检
data/redteam/factory/segments/sovits_api/minnan/seg_sovits_api_minnan_ref_boot_edgetts_minnan_zh-TW-HsiaoChenNeural_SC-000001_SC-000369_01.wav,sovits_api,minnan,SC-000369,ref_boot_edgetts_minnan_zh-TW-HsiaoChenNeural_SC-000001,0.6984,可检
data/redteam/factory/segments/sovits_api/minnan/seg_sovits_api_minnan_ref_boot_edgetts_minnan_zh-TW-HsiaoChenNeural_SC-000001_SC-000369_02.wav,sovits_api,minnan,SC-000369,ref_boot_edgetts_minnan_zh-TW-HsiaoChenNeural_SC-000001,0.5863,可检
data/redteam/factory/segments/sovits_api/minnan/seg_sovits_api_minnan_ref_boot_edgetts_minnan_zh-TW-HsiaoChenNeural_SC-000001_SC-000369_03.wav,sovits_api,minnan,SC-000369,ref_boot_edgetts_minnan_zh-TW-HsiaoChenNeural_SC-000001,0.6069,可检
data/redteam/factory/segments/sovits_api/minnan/seg_sovits_api_minnan_ref_boot_edgetts_minnan_zh-TW-HsiaoChenNeural_SC-000001_SC-000369_04.wav,sovits_api,minnan,SC-000369,ref_boot_edgetts_minnan_zh-TW-HsiaoChenNeural_SC-000001,0.6261,可检
data/redteam/factory/segments/sovits_api/minnan/seg_sovits_api_minnan_ref_boot_edgetts_minnan_zh-TW-HsiaoChenNeural_SC-000001_SC-000369_05.wav,sovits_api,minnan,SC-000369,ref_boot_edgetts_minnan_zh-TW-HsiaoChenNeural_SC-000001,0.9784,可检
data/redteam/factory/segments/sovits_api/minnan/seg_sovits_api_minnan_ref_boot_edgetts_minnan_zh-TW-YunJheNeural_SC-000001_SC-000056_00.wav,sovits_api,minnan,SC-000056,ref_boot_edgetts_minnan_zh-TW-YunJheNeural_SC-000001,0.8289,可检
data/redteam/factory/segments/sovits_api/minnan/seg_sovits_api_minnan_ref_boot_edgetts_minnan_zh-TW-YunJheNeural_SC-000001_SC-000056_01.wav,sovits_api,minnan,SC-000056,ref_boot_edgetts_minnan_zh-TW-YunJheNeural_SC-000001,0.3907,边界
data/redteam/factory/segments/sovits_api/minnan/seg_sovits_api_minnan_ref_boot_edgetts_minnan_zh-TW-YunJheNeural_SC-000001_SC-000056_02.wav,sovits_api,minnan,SC-000056,ref_boot_edgetts_minnan_zh-TW-YunJheNeural_SC-000001,0.3727,边界
data/redteam/factory/segments/sovits_api/minnan/seg_sovits_api_minnan_ref_boot_edgetts_minnan_zh-TW-YunJheNeural_SC-000001_SC-000056_03.wav,sovits_api,minnan,SC-000056,ref_boot_edgetts_minnan_zh-TW-YunJheNeural_SC-000001,0.9304,可检
data/redteam/factory/segments/sovits_api/minnan/seg_sovits_api_minnan_ref_boot_edgetts_minnan_zh-TW-YunJheNeural_SC-000001_SC-000056_04.wav,sovits_api,minnan,SC-000056,ref_boot_edgetts_minnan_zh-TW-YunJheNeural_SC-000001,0.9415,可检
data/redteam/factory/segments/sovits_api/minnan/seg_sovits_api_minnan_ref_boot_edgetts_minnan_zh-TW-YunJheNeural_SC-000001_SC-000056_05.wav,sovits_api,minnan,SC-000056,ref_boot_edgetts_minnan_zh-TW-YunJheNeural_SC-000001,0.7293,可检
data/redteam/factory/segments/sovits_api/minnan/seg_sovits_api_minnan_ref_boot_edgetts_minnan_zh-TW-YunJheNeural_SC-000001_SC-000056_06.wav,sovits_api,minnan,SC-000056,ref_boot_edgetts_minnan_zh-TW-YunJheNeural_SC-000001,0.5923,可检
data/redteam/factory/segments/sovits_api/minnan/seg_sovits_api_minnan_ref_boot_edgetts_minnan_zh-TW-YunJheNeural_SC-000001_SC-000056_07.wav,sovits_api,minnan,SC-000056,ref_boot_edgetts_minnan_zh-TW-YunJheNeural_SC-000001,0.9196,可检
data/redteam/factory/segments/sovits_api/minnan/seg_sovits_api_minnan_ref_boot_edgetts_minnan_zh-TW-YunJheNeural_SC-000001_SC-000056_08.wav,sovits_api,minnan,SC-000056,ref_boot_edgetts_minnan_zh-TW-YunJheNeural_SC-000001,0.886,可检
data/redteam/factory/segments/sovits_api/minnan/seg_sovits_api_minnan_ref_boot_edgetts_minnan_zh-TW-YunJheNeural_SC-000001_SC-000143_00.wav,sovits_api,minnan,SC-000143,ref_boot_edgetts_minnan_zh-TW-YunJheNeural_SC-000001,0.6833,可检
data/redteam/factory/segments/sovits_api/minnan/seg_sovits_api_minnan_ref_boot_edgetts_minnan_zh-TW-YunJheNeural_SC-000001_SC-000143_01.wav,sovits_api,minnan,SC-000143,ref_boot_edgetts_minnan_zh-TW-YunJheNeural_SC-000001,0.7695,可检
data/redteam/factory/segments/sovits_api/minnan/seg_sovits_api_minnan_ref_boot_edgetts_minnan_zh-TW-YunJheNeural_SC-000001_SC-000143_02.wav,sovits_api,minnan,SC-000143,ref_boot_edgetts_minnan_zh-TW-YunJheNeural_SC-000001,0.639,可检
data/redteam/factory/segments/sovits_api/minnan/seg_sovits_api_minnan_ref_boot_edgetts_minnan_zh-TW-YunJheNeural_SC-000001_SC-000143_03.wav,sovits_api,minnan,SC-000143,ref_boot_edgetts_minnan_zh-TW-YunJheNeural_SC-000001,0.8093,可检
data/redteam/factory/segments/sovits_api/minnan/seg_sovits_api_minnan_ref_boot_edgetts_minnan_zh-TW-YunJheNeural_SC-000001_SC-000143_04.wav,sovits_api,minnan,SC-000143,ref_boot_edgetts_minnan_zh-TW-YunJheNeural_SC-000001,0.6058,可检
data/redteam/factory/segments/sovits_api/minnan/seg_sovits_api_minnan_ref_boot_edgetts_minnan_zh-TW-YunJheNeural_SC-000001_SC-000218_00.wav,sovits_api,minnan,SC-000218,ref_boot_edgetts_minnan_zh-TW-YunJheNeural_SC-000001,0.8632,可检
data/redteam/factory/segments/sovits_api/minnan/seg_sovits_api_minnan_ref_boot_edgetts_minnan_zh-TW-YunJheNeural_SC-000001_SC-000218_01.wav,sovits_api,minnan,SC-000218,ref_boot_edgetts_minnan_zh-TW-YunJheNeural_SC-000001,0.906,可检
data/redteam/factory/segments/sovits_api/minnan/seg_sovits_api_minnan_ref_boot_edgetts_minnan_zh-TW-YunJheNeural_SC-000001_SC-000218_02.wav,sovits_api,minnan,SC-000218,ref_boot_edgetts_minnan_zh-TW-YunJheNeural_SC-000001,0.9388,可检
data/redteam/factory/segments/sovits_api/minnan/seg_sovits_api_minnan_ref_boot_edgetts_minnan_zh-TW-YunJheNeural_SC-000001_SC-000218_03.wav,sovits_api,minnan,SC-000218,ref_boot_edgetts_minnan_zh-TW-YunJheNeural_SC-000001,0.5808,可检
data/redteam/factory/segments/sovits_api/minnan/seg_sovits_api_minnan_ref_boot_edgetts_minnan_zh-TW-YunJheNeural_SC-000001_SC-000282_00.wav,sovits_api,minnan,SC-000282,ref_boot_edgetts_minnan_zh-TW-YunJheNeural_SC-000001,0.7561,可检
data/redteam/factory/segments/sovits_api/minnan/seg_sovits_api_minnan_ref_boot_edgetts_minnan_zh-TW-YunJheNeural_SC-000001_SC-000282_01.wav,sovits_api,minnan,SC-000282,ref_boot_edgetts_minnan_zh-TW-YunJheNeural_SC-000001,0.3436,边界
data/redteam/factory/segments/sovits_api/minnan/seg_sovits_api_minnan_ref_boot_edgetts_minnan_zh-TW-YunJheNeural_SC-000001_SC-000282_02.wav,sovits_api,minnan,SC-000282,ref_boot_edgetts_minnan_zh-TW-YunJheNeural_SC-000001,0.6616,可检
data/redteam/factory/segments/sovits_api/minnan/seg_sovits_api_minnan_ref_boot_edgetts_minnan_zh-TW-YunJheNeural_SC-000001_SC-000339_00.wav,sovits_api,minnan,SC-000339,ref_boot_edgetts_minnan_zh-TW-YunJheNeural_SC-000001,0.9226,可检
data/redteam/factory/segments/sovits_api/minnan/seg_sovits_api_minnan_ref_boot_edgetts_minnan_zh-TW-YunJheNeural_SC-000001_SC-000339_01.wav,sovits_api,minnan,SC-000339,ref_boot_edgetts_minnan_zh-TW-YunJheNeural_SC-000001,0.9024,可检
data/redteam/factory/segments/sovits_api/minnan/seg_sovits_api_minnan_ref_boot_edgetts_minnan_zh-TW-YunJheNeural_SC-000001_SC-000339_02.wav,sovits_api,minnan,SC-000339,ref_boot_edgetts_minnan_zh-TW-YunJheNeural_SC-000001,0.6111,可检
data/redteam/factory/segments/sovits_api/minnan/seg_sovits_api_minnan_ref_boot_edgetts_minnan_zh-TW-YunJheNeural_SC-000001_SC-000339_03.wav,sovits_api,minnan,SC-000339,ref_boot_edgetts_minnan_zh-TW-YunJheNeural_SC-000001,0.5567,可检
data/redteam/factory/segments/sovits_api/minnan/seg_sovits_api_minnan_ref_boot_edgetts_minnan_zh-TW-YunJheNeural_SC-000001_SC-000367_00.wav,sovits_api,minnan,SC-000367,ref_boot_edgetts_minnan_zh-TW-YunJheNeural_SC-000001,0.9053,可检
data/redteam/factory/segments/sovits_api/minnan/seg_sovits_api_minnan_ref_boot_edgetts_minnan_zh-TW-YunJheNeural_SC-000001_SC-000367_01.wav,sovits_api,minnan,SC-000367,ref_boot_edgetts_minnan_zh-TW-YunJheNeural_SC-000001,0.8721,可检
data/redteam/factory/segments/sovits_api/minnan/seg_sovits_api_minnan_ref_boot_edgetts_minnan_zh-TW-YunJheNeural_SC-000001_SC-000367_02.wav,sovits_api,minnan,SC-000367,ref_boot_edgetts_minnan_zh-TW-YunJheNeural_SC-000001,0.3014,边界
data/redteam/factory/segments/sovits_api/minnan/seg_sovits_api_minnan_ref_boot_edgetts_minnan_zh-TW-YunJheNeural_SC-000001_SC-000367_03.wav,sovits_api,minnan,SC-000367,ref_boot_edgetts_minnan_zh-TW-YunJheNeural_SC-000001,0.4551,边界
data/redteam/factory/segments/sovits_api/minnan/seg_sovits_api_minnan_ref_boot_edgetts_minnan_zh-TW-YunJheNeural_SC-000001_SC-000369_00.wav,sovits_api,minnan,SC-000369,ref_boot_edgetts_minnan_zh-TW-YunJheNeural_SC-000001,0.4186,边界
data/redteam/factory/segments/sovits_api/minnan/seg_sovits_api_minnan_ref_boot_edgetts_minnan_zh-TW-YunJheNeural_SC-000001_SC-000369_01.wav,sovits_api,minnan,SC-000369,ref_boot_edgetts_minnan_zh-TW-YunJheNeural_SC-000001,0.2267,隐蔽
data/redteam/factory/segments/sovits_api/minnan/seg_sovits_api_minnan_ref_boot_edgetts_minnan_zh-TW-YunJheNeural_SC-000001_SC-000369_02.wav,sovits_api,minnan,SC-000369,ref_boot_edgetts_minnan_zh-TW-YunJheNeural_SC-000001,0.8806,可检
data/redteam/factory/segments/sovits_api/minnan/seg_sovits_api_minnan_ref_boot_edgetts_minnan_zh-TW-YunJheNeural_SC-000001_SC-000369_03.wav,sovits_api,minnan,SC-000369,ref_boot_edgetts_minnan_zh-TW-YunJheNeural_SC-000001,0.7758,可检
data/redteam/factory/segments/sovits_api/minnan/seg_sovits_api_minnan_ref_boot_edgetts_minnan_zh-TW-YunJheNeural_SC-000001_SC-000369_04.wav,sovits_api,minnan,SC-000369,ref_boot_edgetts_minnan_zh-TW-YunJheNeural_SC-000001,0.6675,可检
data/redteam/factory/segments/sovits_api/sichuan/seg_sovits_api_sichuan_ref_boot_edgetts_sichuan_zh-CN-XiaoxiaoNeural_SC-000010_SC-000115_00.wav,sovits_api,sichuan,SC-000115,ref_boot_edgetts_sichuan_zh-CN-XiaoxiaoNeural_SC-000010,0.8215,可检
data/redteam/factory/segments/sovits_api/sichuan/seg_sovits_api_sichuan_ref_boot_edgetts_sichuan_zh-CN-XiaoxiaoNeural_SC-000010_SC-000115_01.wav,sovits_api,sichuan,SC-000115,ref_boot_edgetts_sichuan_zh-CN-XiaoxiaoNeural_SC-000010,0.9802,可检
data/redteam/factory/segments/sovits_api/sichuan/seg_sovits_api_sichuan_ref_boot_edgetts_sichuan_zh-CN-XiaoxiaoNeural_SC-000010_SC-000115_02.wav,sovits_api,sichuan,SC-000115,ref_boot_edgetts_sichuan_zh-CN-XiaoxiaoNeural_SC-000010,0.9847,可检
data/redteam/factory/segments/sovits_api/sichuan/seg_sovits_api_sichuan_ref_boot_edgetts_sichuan_zh-CN-XiaoxiaoNeural_SC-000010_SC-000115_03.wav,sovits_api,sichuan,SC-000115,ref_boot_edgetts_sichuan_zh-CN-XiaoxiaoNeural_SC-000010,0.9821,可检
data/redteam/factory/segments/sovits_api/sichuan/seg_sovits_api_sichuan_ref_boot_edgetts_sichuan_zh-CN-XiaoxiaoNeural_SC-000010_SC-000165_00.wav,sovits_api,sichuan,SC-000165,ref_boot_edgetts_sichuan_zh-CN-XiaoxiaoNeural_SC-000010,0.9957,可检
data/redteam/factory/segments/sovits_api/sichuan/seg_sovits_api_sichuan_ref_boot_edgetts_sichuan_zh-CN-XiaoxiaoNeural_SC-000010_SC-000165_01.wav,sovits_api,sichuan,SC-000165,ref_boot_edgetts_sichuan_zh-CN-XiaoxiaoNeural_SC-000010,0.9615,可检
data/redteam/factory/segments/sovits_api/sichuan/seg_sovits_api_sichuan_ref_boot_edgetts_sichuan_zh-CN-XiaoxiaoNeural_SC-000010_SC-000165_02.wav,sovits_api,sichuan,SC-000165,ref_boot_edgetts_sichuan_zh-CN-XiaoxiaoNeural_SC-000010,0.9947,可检
data/redteam/factory/segments/sovits_api/sichuan/seg_sovits_api_sichuan_ref_boot_edgetts_sichuan_zh-CN-XiaoxiaoNeural_SC-000010_SC-000165_03.wav,sovits_api,sichuan,SC-000165,ref_boot_edgetts_sichuan_zh-CN-XiaoxiaoNeural_SC-000010,0.8287,可检
data/redteam/factory/segments/sovits_api/sichuan/seg_sovits_api_sichuan_ref_boot_edgetts_sichuan_zh-CN-XiaoxiaoNeural_SC-000010_SC-000251_00.wav,sovits_api,sichuan,SC-000251,ref_boot_edgetts_sichuan_zh-CN-XiaoxiaoNeural_SC-000010,0.9329,可检
data/redteam/factory/segments/sovits_api/sichuan/seg_sovits_api_sichuan_ref_boot_edgetts_sichuan_zh-CN-XiaoxiaoNeural_SC-000010_SC-000251_01.wav,sovits_api,sichuan,SC-000251,ref_boot_edgetts_sichuan_zh-CN-XiaoxiaoNeural_SC-000010,0.9585,可检
data/redteam/factory/segments/sovits_api/sichuan/seg_sovits_api_sichuan_ref_boot_edgetts_sichuan_zh-CN-XiaoxiaoNeural_SC-000010_SC-000251_02.wav,sovits_api,sichuan,SC-000251,ref_boot_edgetts_sichuan_zh-CN-XiaoxiaoNeural_SC-000010,0.9851,可检
data/redteam/factory/segments/sovits_api/sichuan/seg_sovits_api_sichuan_ref_boot_edgetts_sichuan_zh-CN-XiaoxiaoNeural_SC-000010_SC-000251_03.wav,sovits_api,sichuan,SC-000251,ref_boot_edgetts_sichuan_zh-CN-XiaoxiaoNeural_SC-000010,0.8583,可检
data/redteam/factory/segments/sovits_api/sichuan/seg_sovits_api_sichuan_ref_boot_edgetts_sichuan_zh-CN-XiaoxiaoNeural_SC-000010_SC-000251_04.wav,sovits_api,sichuan,SC-000251,ref_boot_edgetts_sichuan_zh-CN-XiaoxiaoNeural_SC-000010,0.7736,可检
data/redteam/factory/segments/sovits_api/sichuan/seg_sovits_api_sichuan_ref_boot_edgetts_sichuan_zh-CN-XiaoxiaoNeural_SC-000010_SC-000255_00.wav,sovits_api,sichuan,SC-000255,ref_boot_edgetts_sichuan_zh-CN-XiaoxiaoNeural_SC-000010,0.9857,可检
data/redteam/factory/segments/sovits_api/sichuan/seg_sovits_api_sichuan_ref_boot_edgetts_sichuan_zh-CN-XiaoxiaoNeural_SC-000010_SC-000255_01.wav,sovits_api,sichuan,SC-000255,ref_boot_edgetts_sichuan_zh-CN-XiaoxiaoNeural_SC-000010,0.7643,可检
data/redteam/factory/segments/sovits_api/sichuan/seg_sovits_api_sichuan_ref_boot_edgetts_sichuan_zh-CN-XiaoxiaoNeural_SC-000010_SC-000255_02.wav,sovits_api,sichuan,SC-000255,ref_boot_edgetts_sichuan_zh-CN-XiaoxiaoNeural_SC-000010,0.9932,可检
data/redteam/factory/segments/sovits_api/sichuan/seg_sovits_api_sichuan_ref_boot_edgetts_sichuan_zh-CN-XiaoxiaoNeural_SC-000010_SC-000255_03.wav,sovits_api,sichuan,SC-000255,ref_boot_edgetts_sichuan_zh-CN-XiaoxiaoNeural_SC-000010,0.9381,可检
data/redteam/factory/segments/sovits_api/sichuan/seg_sovits_api_sichuan_ref_boot_edgetts_sichuan_zh-CN-YunxiNeural_SC-000010_SC-000115_00.wav,sovits_api,sichuan,SC-000115,ref_boot_edgetts_sichuan_zh-CN-YunxiNeural_SC-000010,0.4695,边界
data/redteam/factory/segments/sovits_api/sichuan/seg_sovits_api_sichuan_ref_boot_edgetts_sichuan_zh-CN-YunxiNeural_SC-000010_SC-000115_01.wav,sovits_api,sichuan,SC-000115,ref_boot_edgetts_sichuan_zh-CN-YunxiNeural_SC-000010,0.9933,可检
data/redteam/factory/segments/sovits_api/sichuan/seg_sovits_api_sichuan_ref_boot_edgetts_sichuan_zh-CN-YunxiNeural_SC-000010_SC-000115_02.wav,sovits_api,sichuan,SC-000115,ref_boot_edgetts_sichuan_zh-CN-YunxiNeural_SC-000010,0.5652,可检
data/redteam/factory/segments/sovits_api/sichuan/seg_sovits_api_sichuan_ref_boot_edgetts_sichuan_zh-CN-YunxiNeural_SC-000010_SC-000115_03.wav,sovits_api,sichuan,SC-000115,ref_boot_edgetts_sichuan_zh-CN-YunxiNeural_SC-000010,0.7844,可检
data/redteam/factory/segments/sovits_api/sichuan/seg_sovits_api_sichuan_ref_boot_edgetts_sichuan_zh-CN-YunxiNeural_SC-000010_SC-000165_00.wav,sovits_api,sichuan,SC-000165,ref_boot_edgetts_sichuan_zh-CN-YunxiNeural_SC-000010,0.6013,可检
data/redteam/factory/segments/sovits_api/sichuan/seg_sovits_api_sichuan_ref_boot_edgetts_sichuan_zh-CN-YunxiNeural_SC-000010_SC-000165_01.wav,sovits_api,sichuan,SC-000165,ref_boot_edgetts_sichuan_zh-CN-YunxiNeural_SC-000010,0.8421,可检
data/redteam/factory/segments/sovits_api/sichuan/seg_sovits_api_sichuan_ref_boot_edgetts_sichuan_zh-CN-YunxiNeural_SC-000010_SC-000165_02.wav,sovits_api,sichuan,SC-000165,ref_boot_edgetts_sichuan_zh-CN-YunxiNeural_SC-000010,0.9623,可检
data/redteam/factory/segments/sovits_api/sichuan/seg_sovits_api_sichuan_ref_boot_edgetts_sichuan_zh-CN-YunxiNeural_SC-000010_SC-000165_03.wav,sovits_api,sichuan,SC-000165,ref_boot_edgetts_sichuan_zh-CN-YunxiNeural_SC-000010,0.9483,可检
data/redteam/factory/segments/sovits_api/sichuan/seg_sovits_api_sichuan_ref_boot_edgetts_sichuan_zh-CN-YunxiNeural_SC-000010_SC-000251_00.wav,sovits_api,sichuan,SC-000251,ref_boot_edgetts_sichuan_zh-CN-YunxiNeural_SC-000010,0.9683,可检
data/redteam/factory/segments/sovits_api/sichuan/seg_sovits_api_sichuan_ref_boot_edgetts_sichuan_zh-CN-YunxiNeural_SC-000010_SC-000251_01.wav,sovits_api,sichuan,SC-000251,ref_boot_edgetts_sichuan_zh-CN-YunxiNeural_SC-000010,0.7687,可检
data/redteam/factory/segments/sovits_api/sichuan/seg_sovits_api_sichuan_ref_boot_edgetts_sichuan_zh-CN-YunxiNeural_SC-000010_SC-000251_02.wav,sovits_api,sichuan,SC-000251,ref_boot_edgetts_sichuan_zh-CN-YunxiNeural_SC-000010,0.7264,可检
data/redteam/factory/segments/sovits_api/sichuan/seg_sovits_api_sichuan_ref_boot_edgetts_sichuan_zh-CN-YunxiNeural_SC-000010_SC-000251_03.wav,sovits_api,sichuan,SC-000251,ref_boot_edgetts_sichuan_zh-CN-YunxiNeural_SC-000010,0.7258,可检
data/redteam/factory/segments/sovits_api/sichuan/seg_sovits_api_sichuan_ref_boot_edgetts_sichuan_zh-CN-YunxiNeural_SC-000010_SC-000255_00.wav,sovits_api,sichuan,SC-000255,ref_boot_edgetts_sichuan_zh-CN-YunxiNeural_SC-000010,0.7949,可检
data/redteam/factory/segments/sovits_api/sichuan/seg_sovits_api_sichuan_ref_boot_edgetts_sichuan_zh-CN-YunxiNeural_SC-000010_SC-000255_01.wav,sovits_api,sichuan,SC-000255,ref_boot_edgetts_sichuan_zh-CN-YunxiNeural_SC-000010,0.6233,可检
data/redteam/factory/segments/sovits_api/sichuan/seg_sovits_api_sichuan_ref_boot_edgetts_sichuan_zh-CN-YunxiNeural_SC-000010_SC-000255_02.wav,sovits_api,sichuan,SC-000255,ref_boot_edgetts_sichuan_zh-CN-YunxiNeural_SC-000010,0.9004,可检
data/redteam/factory/segments/sovits_api/cantonese/seg_sovits_api_cantonese_ref_boot_edgetts_cantonese_zh-HK-HiuMaanNeural_SC-000005_seg8s_SC-000048_00.wav,sovits_api,cantonese,SC-000048,ref_boot_edgetts_cantonese_zh-HK-HiuMaanNeural_SC-000005_seg8s,0.9599,可检
data/redteam/factory/segments/sovits_api/cantonese/seg_sovits_api_cantonese_ref_boot_edgetts_cantonese_zh-HK-HiuMaanNeural_SC-000005_seg8s_SC-000048_01.wav,sovits_api,cantonese,SC-000048,ref_boot_edgetts_cantonese_zh-HK-HiuMaanNeural_SC-000005_seg8s,0.8548,可检
data/redteam/factory/segments/sovits_api/cantonese/seg_sovits_api_cantonese_ref_boot_edgetts_cantonese_zh-HK-HiuMaanNeural_SC-000005_seg8s_SC-000048_02.wav,sovits_api,cantonese,SC-000048,ref_boot_edgetts_cantonese_zh-HK-HiuMaanNeural_SC-000005_seg8s,0.8914,可检
data/redteam/factory/segments/sovits_api/cantonese/seg_sovits_api_cantonese_ref_boot_edgetts_cantonese_zh-HK-HiuMaanNeural_SC-000005_seg8s_SC-000048_03.wav,sovits_api,cantonese,SC-000048,ref_boot_edgetts_cantonese_zh-HK-HiuMaanNeural_SC-000005_seg8s,0.7043,可检
data/redteam/factory/segments/sovits_api/cantonese/seg_sovits_api_cantonese_ref_boot_edgetts_cantonese_zh-HK-HiuMaanNeural_SC-000005_seg8s_SC-000103_00.wav,sovits_api,cantonese,SC-000103,ref_boot_edgetts_cantonese_zh-HK-HiuMaanNeural_SC-000005_seg8s,0.9562,可检
data/redteam/factory/segments/sovits_api/cantonese/seg_sovits_api_cantonese_ref_boot_edgetts_cantonese_zh-HK-HiuMaanNeural_SC-000005_seg8s_SC-000103_01.wav,sovits_api,cantonese,SC-000103,ref_boot_edgetts_cantonese_zh-HK-HiuMaanNeural_SC-000005_seg8s,0.9186,可检
data/redteam/factory/segments/sovits_api/cantonese/seg_sovits_api_cantonese_ref_boot_edgetts_cantonese_zh-HK-HiuMaanNeural_SC-000005_seg8s_SC-000103_02.wav,sovits_api,cantonese,SC-000103,ref_boot_edgetts_cantonese_zh-HK-HiuMaanNeural_SC-000005_seg8s,0.9423,可检
data/redteam/factory/segments/sovits_api/cantonese/seg_sovits_api_cantonese_ref_boot_edgetts_cantonese_zh-HK-HiuMaanNeural_SC-000005_seg8s_SC-000103_03.wav,sovits_api,cantonese,SC-000103,ref_boot_edgetts_cantonese_zh-HK-HiuMaanNeural_SC-000005_seg8s,0.9032,可检
data/redteam/factory/segments/sovits_api/cantonese/seg_sovits_api_cantonese_ref_boot_edgetts_cantonese_zh-HK-HiuMaanNeural_SC-000005_seg8s_SC-000103_04.wav,sovits_api,cantonese,SC-000103,ref_boot_edgetts_cantonese_zh-HK-HiuMaanNeural_SC-000005_seg8s,0.8674,可检
data/redteam/factory/segments/sovits_api/cantonese/seg_sovits_api_cantonese_ref_boot_edgetts_cantonese_zh-HK-HiuMaanNeural_SC-000005_seg8s_SC-000116_00.wav,sovits_api,cantonese,SC-000116,ref_boot_edgetts_cantonese_zh-HK-HiuMaanNeural_SC-000005_seg8s,0.9372,可检
data/redteam/factory/segments/sovits_api/cantonese/seg_sovits_api_cantonese_ref_boot_edgetts_cantonese_zh-HK-HiuMaanNeural_SC-000005_seg8s_SC-000116_01.wav,sovits_api,cantonese,SC-000116,ref_boot_edgetts_cantonese_zh-HK-HiuMaanNeural_SC-000005_seg8s,0.9206,可检
data/redteam/factory/segments/sovits_api/cantonese/seg_sovits_api_cantonese_ref_boot_edgetts_cantonese_zh-HK-HiuMaanNeural_SC-000005_seg8s_SC-000116_02.wav,sovits_api,cantonese,SC-000116,ref_boot_edgetts_cantonese_zh-HK-HiuMaanNeural_SC-000005_seg8s,0.9938,可检
data/redteam/factory/segments/sovits_api/cantonese/seg_sovits_api_cantonese_ref_boot_edgetts_cantonese_zh-HK-HiuMaanNeural_SC-000005_seg8s_SC-000116_03.wav,sovits_api,cantonese,SC-000116,ref_boot_edgetts_cantonese_zh-HK-HiuMaanNeural_SC-000005_seg8s,0.7733,可检
data/redteam/factory/segments/sovits_api/cantonese/seg_sovits_api_cantonese_ref_boot_edgetts_cantonese_zh-HK-HiuMaanNeural_SC-000005_seg8s_SC-000116_04.wav,sovits_api,cantonese,SC-000116,ref_boot_edgetts_cantonese_zh-HK-HiuMaanNeural_SC-000005_seg8s,0.7248,可检
data/redteam/factory/segments/sovits_api/cantonese/seg_sovits_api_cantonese_ref_boot_edgetts_cantonese_zh-HK-HiuMaanNeural_SC-000005_seg8s_SC-000116_05.wav,sovits_api,cantonese,SC-000116,ref_boot_edgetts_cantonese_zh-HK-HiuMaanNeural_SC-000005_seg8s,0.8979,可检
data/redteam/factory/segments/sovits_api/cantonese/seg_sovits_api_cantonese_ref_boot_edgetts_cantonese_zh-HK-HiuMaanNeural_SC-000005_seg8s_SC-000131_00.wav,sovits_api,cantonese,SC-000131,ref_boot_edgetts_cantonese_zh-HK-HiuMaanNeural_SC-000005_seg8s,0.9191,可检
data/redteam/factory/segments/sovits_api/cantonese/seg_sovits_api_cantonese_ref_boot_edgetts_cantonese_zh-HK-HiuMaanNeural_SC-000005_seg8s_SC-000131_01.wav,sovits_api,cantonese,SC-000131,ref_boot_edgetts_cantonese_zh-HK-HiuMaanNeural_SC-000005_seg8s,0.9318,可检
data/redteam/factory/segments/sovits_api/cantonese/seg_sovits_api_cantonese_ref_boot_edgetts_cantonese_zh-HK-HiuMaanNeural_SC-000005_seg8s_SC-000131_02.wav,sovits_api,cantonese,SC-000131,ref_boot_edgetts_cantonese_zh-HK-HiuMaanNeural_SC-000005_seg8s,0.8889,可检
data/redteam/factory/segments/sovits_api/cantonese/seg_sovits_api_cantonese_ref_boot_edgetts_cantonese_zh-HK-HiuMaanNeural_SC-000005_seg8s_SC-000131_03.wav,sovits_api,cantonese,SC-000131,ref_boot_edgetts_cantonese_zh-HK-HiuMaanNeural_SC-000005_seg8s,0.7309,可检
data/redteam/factory/segments/sovits_api/cantonese/seg_sovits_api_cantonese_ref_boot_edgetts_cantonese_zh-HK-HiuMaanNeural_SC-000005_seg8s_SC-000228_00.wav,sovits_api,cantonese,SC-000228,ref_boot_edgetts_cantonese_zh-HK-HiuMaanNeural_SC-000005_seg8s,0.9254,可检
data/redteam/factory/segments/sovits_api/cantonese/seg_sovits_api_cantonese_ref_boot_edgetts_cantonese_zh-HK-HiuMaanNeural_SC-000005_seg8s_SC-000228_01.wav,sovits_api,cantonese,SC-000228,ref_boot_edgetts_cantonese_zh-HK-HiuMaanNeural_SC-000005_seg8s,0.9431,可检
data/redteam/factory/segments/sovits_api/cantonese/seg_sovits_api_cantonese_ref_boot_edgetts_cantonese_zh-HK-HiuMaanNeural_SC-000005_seg8s_SC-000228_02.wav,sovits_api,cantonese,SC-000228,ref_boot_edgetts_cantonese_zh-HK-HiuMaanNeural_SC-000005_seg8s,0.9717,可检
data/redteam/factory/segments/sovits_api/cantonese/seg_sovits_api_cantonese_ref_boot_edgetts_cantonese_zh-HK-HiuMaanNeural_SC-000005_seg8s_SC-000228_03.wav,sovits_api,cantonese,SC-000228,ref_boot_edgetts_cantonese_zh-HK-HiuMaanNeural_SC-000005_seg8s,0.9533,可检
data/redteam/factory/segments/sovits_api/cantonese/seg_sovits_api_cantonese_ref_boot_edgetts_cantonese_zh-HK-HiuMaanNeural_SC-000005_seg8s_SC-000245_00.wav,sovits_api,cantonese,SC-000245,ref_boot_edgetts_cantonese_zh-HK-HiuMaanNeural_SC-000005_seg8s,0.9266,可检
data/redteam/factory/segments/sovits_api/cantonese/seg_sovits_api_cantonese_ref_boot_edgetts_cantonese_zh-HK-HiuMaanNeural_SC-000005_seg8s_SC-000245_01.wav,sovits_api,cantonese,SC-000245,ref_boot_edgetts_cantonese_zh-HK-HiuMaanNeural_SC-000005_seg8s,0.7033,可检
data/redteam/factory/segments/sovits_api/cantonese/seg_sovits_api_cantonese_ref_boot_edgetts_cantonese_zh-HK-HiuMaanNeural_SC-000005_seg8s_SC-000245_02.wav,sovits_api,cantonese,SC-000245,ref_boot_edgetts_cantonese_zh-HK-HiuMaanNeural_SC-000005_seg8s,0.985,可检
data/redteam/factory/segments/sovits_api/cantonese/seg_sovits_api_cantonese_ref_boot_edgetts_cantonese_zh-HK-HiuMaanNeural_SC-000005_seg8s_SC-000245_03.wav,sovits_api,cantonese,SC-000245,ref_boot_edgetts_cantonese_zh-HK-HiuMaanNeural_SC-000005_seg8s,0.9615,可检
data/redteam/factory/segments/sovits_api/cantonese/seg_sovits_api_cantonese_ref_boot_edgetts_cantonese_zh-HK-HiuMaanNeural_SC-000005_seg8s_SC-000245_04.wav,sovits_api,cantonese,SC-000245,ref_boot_edgetts_cantonese_zh-HK-HiuMaanNeural_SC-000005_seg8s,0.6979,可检
data/redteam/factory/segments/sovits_api/cantonese/seg_sovits_api_cantonese_ref_boot_edgetts_cantonese_zh-HK-HiuMaanNeural_SC-000005_seg8s_SC-000245_05.wav,sovits_api,cantonese,SC-000245,ref_boot_edgetts_cantonese_zh-HK-HiuMaanNeural_SC-000005_seg8s,0.7124,可检
data/redteam/factory/segments/sovits_api/cantonese/seg_sovits_api_cantonese_ref_boot_edgetts_cantonese_zh-HK-HiuMaanNeural_SC-000005_seg8s_SC-000245_06.wav,sovits_api,cantonese,SC-000245,ref_boot_edgetts_cantonese_zh-HK-HiuMaanNeural_SC-000005_seg8s,0.9809,可检
data/redteam/factory/segments/sovits_api/cantonese/seg_sovits_api_cantonese_ref_boot_edgetts_cantonese_zh-HK-HiuMaanNeural_SC-000005_seg8s_SC-000245_07.wav,sovits_api,cantonese,SC-000245,ref_boot_edgetts_cantonese_zh-HK-HiuMaanNeural_SC-000005_seg8s,0.795,可检
data/redteam/factory/segments/sovits_api/cantonese/seg_sovits_api_cantonese_ref_boot_edgetts_cantonese_zh-HK-HiuMaanNeural_SC-000005_seg8s_SC-000333_00.wav,sovits_api,cantonese,SC-000333,ref_boot_edgetts_cantonese_zh-HK-HiuMaanNeural_SC-000005_seg8s,0.8848,可检
data/redteam/factory/segments/sovits_api/cantonese/seg_sovits_api_cantonese_ref_boot_edgetts_cantonese_zh-HK-HiuMaanNeural_SC-000005_seg8s_SC-000333_01.wav,sovits_api,cantonese,SC-000333,ref_boot_edgetts_cantonese_zh-HK-HiuMaanNeural_SC-000005_seg8s,0.9809,可检
data/redteam/factory/segments/sovits_api/cantonese/seg_sovits_api_cantonese_ref_boot_edgetts_cantonese_zh-HK-HiuMaanNeural_SC-000005_seg8s_SC-000333_02.wav,sovits_api,cantonese,SC-000333,ref_boot_edgetts_cantonese_zh-HK-HiuMaanNeural_SC-000005_seg8s,0.8154,可检
data/redteam/factory/segments/sovits_api/cantonese/seg_sovits_api_cantonese_ref_boot_edgetts_cantonese_zh-HK-HiuMaanNeural_SC-000005_seg8s_SC-000333_03.wav,sovits_api,cantonese,SC-000333,ref_boot_edgetts_cantonese_zh-HK-HiuMaanNeural_SC-000005_seg8s,0.875,可检
data/redteam/factory/segments/sovits_api/cantonese/seg_sovits_api_cantonese_ref_boot_edgetts_cantonese_zh-HK-HiuMaanNeural_SC-000005_seg8s_SC-000333_04.wav,sovits_api,cantonese,SC-000333,ref_boot_edgetts_cantonese_zh-HK-HiuMaanNeural_SC-000005_seg8s,0.9943,可检
data/redteam/factory/segments/sovits_api/cantonese/seg_sovits_api_cantonese_ref_boot_edgetts_cantonese_zh-HK-WanLungNeural_SC-000005_seg8s_SC-000048_00.wav,sovits_api,cantonese,SC-000048,ref_boot_edgetts_cantonese_zh-HK-WanLungNeural_SC-000005_seg8s,0.9873,可检
data/redteam/factory/segments/sovits_api/cantonese/seg_sovits_api_cantonese_ref_boot_edgetts_cantonese_zh-HK-WanLungNeural_SC-000005_seg8s_SC-000048_01.wav,sovits_api,cantonese,SC-000048,ref_boot_edgetts_cantonese_zh-HK-WanLungNeural_SC-000005_seg8s,0.6879,可检
data/redteam/factory/segments/sovits_api/cantonese/seg_sovits_api_cantonese_ref_boot_edgetts_cantonese_zh-HK-WanLungNeural_SC-000005_seg8s_SC-000048_02.wav,sovits_api,cantonese,SC-000048,ref_boot_edgetts_cantonese_zh-HK-WanLungNeural_SC-000005_seg8s,0.9265,可检
data/redteam/factory/segments/sovits_api/cantonese/seg_sovits_api_cantonese_ref_boot_edgetts_cantonese_zh-HK-WanLungNeural_SC-000005_seg8s_SC-000048_03.wav,sovits_api,cantonese,SC-000048,ref_boot_edgetts_cantonese_zh-HK-WanLungNeural_SC-000005_seg8s,0.9318,可检
data/redteam/factory/segments/sovits_api/cantonese/seg_sovits_api_cantonese_ref_boot_edgetts_cantonese_zh-HK-WanLungNeural_SC-000005_seg8s_SC-000103_00.wav,sovits_api,cantonese,SC-000103,ref_boot_edgetts_cantonese_zh-HK-WanLungNeural_SC-000005_seg8s,0.2817,隐蔽
data/redteam/factory/segments/sovits_api/cantonese/seg_sovits_api_cantonese_ref_boot_edgetts_cantonese_zh-HK-WanLungNeural_SC-000005_seg8s_SC-000103_01.wav,sovits_api,cantonese,SC-000103,ref_boot_edgetts_cantonese_zh-HK-WanLungNeural_SC-000005_seg8s,0.9221,可检
data/redteam/factory/segments/sovits_api/cantonese/seg_sovits_api_cantonese_ref_boot_edgetts_cantonese_zh-HK-WanLungNeural_SC-000005_seg8s_SC-000103_02.wav,sovits_api,cantonese,SC-000103,ref_boot_edgetts_cantonese_zh-HK-WanLungNeural_SC-000005_seg8s,0.9637,可检
data/redteam/factory/segments/sovits_api/cantonese/seg_sovits_api_cantonese_ref_boot_edgetts_cantonese_zh-HK-WanLungNeural_SC-000005_seg8s_SC-000103_03.wav,sovits_api,cantonese,SC-000103,ref_boot_edgetts_cantonese_zh-HK-WanLungNeural_SC-000005_seg8s,0.9226,可检
data/redteam/factory/segments/sovits_api/cantonese/seg_sovits_api_cantonese_ref_boot_edgetts_cantonese_zh-HK-WanLungNeural_SC-000005_seg8s_SC-000103_04.wav,sovits_api,cantonese,SC-000103,ref_boot_edgetts_cantonese_zh-HK-WanLungNeural_SC-000005_seg8s,0.9449,可检
data/redteam/factory/segments/sovits_api/cantonese/seg_sovits_api_cantonese_ref_boot_edgetts_cantonese_zh-HK-WanLungNeural_SC-000005_seg8s_SC-000103_05.wav,sovits_api,cantonese,SC-000103,ref_boot_edgetts_cantonese_zh-HK-WanLungNeural_SC-000005_seg8s,0.6389,可检
data/redteam/factory/segments/sovits_api/cantonese/seg_sovits_api_cantonese_ref_boot_edgetts_cantonese_zh-HK-WanLungNeural_SC-000005_seg8s_SC-000116_00.wav,sovits_api,cantonese,SC-000116,ref_boot_edgetts_cantonese_zh-HK-WanLungNeural_SC-000005_seg8s,0.777,可检
data/redteam/factory/segments/sovits_api/cantonese/seg_sovits_api_cantonese_ref_boot_edgetts_cantonese_zh-HK-WanLungNeural_SC-000005_seg8s_SC-000116_01.wav,sovits_api,cantonese,SC-000116,ref_boot_edgetts_cantonese_zh-HK-WanLungNeural_SC-000005_seg8s,0.9653,可检
data/redteam/factory/segments/sovits_api/cantonese/seg_sovits_api_cantonese_ref_boot_edgetts_cantonese_zh-HK-WanLungNeural_SC-000005_seg8s_SC-000116_02.wav,sovits_api,cantonese,SC-000116,ref_boot_edgetts_cantonese_zh-HK-WanLungNeural_SC-000005_seg8s,0.9986,可检
data/redteam/factory/segments/sovits_api/cantonese/seg_sovits_api_cantonese_ref_boot_edgetts_cantonese_zh-HK-WanLungNeural_SC-000005_seg8s_SC-000116_03.wav,sovits_api,cantonese,SC-000116,ref_boot_edgetts_cantonese_zh-HK-WanLungNeural_SC-000005_seg8s,0.9489,可检
data/redteam/factory/segments/sovits_api/cantonese/seg_sovits_api_cantonese_ref_boot_edgetts_cantonese_zh-HK-WanLungNeural_SC-000005_seg8s_SC-000116_04.wav,sovits_api,cantonese,SC-000116,ref_boot_edgetts_cantonese_zh-HK-WanLungNeural_SC-000005_seg8s,0.8145,可检
data/redteam/factory/segments/sovits_api/cantonese/seg_sovits_api_cantonese_ref_boot_edgetts_cantonese_zh-HK-WanLungNeural_SC-000005_seg8s_SC-000228_00.wav,sovits_api,cantonese,SC-000228,ref_boot_edgetts_cantonese_zh-HK-WanLungNeural_SC-000005_seg8s,0.8827,可检
data/redteam/factory/segments/sovits_api/cantonese/seg_sovits_api_cantonese_ref_boot_edgetts_cantonese_zh-HK-WanLungNeural_SC-000005_seg8s_SC-000228_01.wav,sovits_api,cantonese,SC-000228,ref_boot_edgetts_cantonese_zh-HK-WanLungNeural_SC-000005_seg8s,0.9074,可检
data/redteam/factory/segments/sovits_api/cantonese/seg_sovits_api_cantonese_ref_boot_edgetts_cantonese_zh-HK-WanLungNeural_SC-000005_seg8s_SC-000228_02.wav,sovits_api,cantonese,SC-000228,ref_boot_edgetts_cantonese_zh-HK-WanLungNeural_SC-000005_seg8s,0.8042,可检
data/redteam/factory/segments/sovits_api/cantonese/seg_sovits_api_cantonese_ref_boot_edgetts_cantonese_zh-HK-WanLungNeural_SC-000005_seg8s_SC-000228_03.wav,sovits_api,cantonese,SC-000228,ref_boot_edgetts_cantonese_zh-HK-WanLungNeural_SC-000005_seg8s,0.7994,可检
data/redteam/factory/segments/sovits_api/cantonese/seg_sovits_api_cantonese_ref_boot_edgetts_cantonese_zh-HK-WanLungNeural_SC-000005_seg8s_SC-000245_00.wav,sovits_api,cantonese,SC-000245,ref_boot_edgetts_cantonese_zh-HK-WanLungNeural_SC-000005_seg8s,0.9395,可检
data/redteam/factory/segments/sovits_api/cantonese/seg_sovits_api_cantonese_ref_boot_edgetts_cantonese_zh-HK-WanLungNeural_SC-000005_seg8s_SC-000245_01.wav,sovits_api,cantonese,SC-000245,ref_boot_edgetts_cantonese_zh-HK-WanLungNeural_SC-000005_seg8s,0.6162,可检
data/redteam/factory/segments/sovits_api/cantonese/seg_sovits_api_cantonese_ref_boot_edgetts_cantonese_zh-HK-WanLungNeural_SC-000005_seg8s_SC-000245_02.wav,sovits_api,cantonese,SC-000245,ref_boot_edgetts_cantonese_zh-HK-WanLungNeural_SC-000005_seg8s,0.6262,可检
data/redteam/factory/segments/sovits_api/cantonese/seg_sovits_api_cantonese_ref_boot_edgetts_cantonese_zh-HK-WanLungNeural_SC-000005_seg8s_SC-000245_03.wav,sovits_api,cantonese,SC-000245,ref_boot_edgetts_cantonese_zh-HK-WanLungNeural_SC-000005_seg8s,0.6726,可检
data/redteam/factory/segments/sovits_api/cantonese/seg_sovits_api_cantonese_ref_boot_edgetts_cantonese_zh-HK-WanLungNeural_SC-000005_seg8s_SC-000245_04.wav,sovits_api,cantonese,SC-000245,ref_boot_edgetts_cantonese_zh-HK-WanLungNeural_SC-000005_seg8s,0.4995,边界
data/redteam/factory/segments/sovits_api/cantonese/seg_sovits_api_cantonese_ref_boot_edgetts_cantonese_zh-HK-WanLungNeural_SC-000005_seg8s_SC-000245_05.wav,sovits_api,cantonese,SC-000245,ref_boot_edgetts_cantonese_zh-HK-WanLungNeural_SC-000005_seg8s,0.7757,可检
data/redteam/factory/segments/sovits_api/cantonese/seg_sovits_api_cantonese_ref_boot_edgetts_cantonese_zh-HK-WanLungNeural_SC-000005_seg8s_SC-000245_06.wav,sovits_api,cantonese,SC-000245,ref_boot_edgetts_cantonese_zh-HK-WanLungNeural_SC-000005_seg8s,0.779,可检
data/redteam/factory/segments/sovits_api/cantonese/seg_sovits_api_cantonese_ref_boot_edgetts_cantonese_zh-HK-WanLungNeural_SC-000005_seg8s_SC-000245_07.wav,sovits_api,cantonese,SC-000245,ref_boot_edgetts_cantonese_zh-HK-WanLungNeural_SC-000005_seg8s,0.7327,可检
data/redteam/factory/segments/sovits_api/cantonese/seg_sovits_api_cantonese_ref_boot_edgetts_cantonese_zh-HK-WanLungNeural_SC-000005_seg8s_SC-000333_00.wav,sovits_api,cantonese,SC-000333,ref_boot_edgetts_cantonese_zh-HK-WanLungNeural_SC-000005_seg8s,0.9877,可检
data/redteam/factory/segments/sovits_api/cantonese/seg_sovits_api_cantonese_ref_boot_edgetts_cantonese_zh-HK-WanLungNeural_SC-000005_seg8s_SC-000333_01.wav,sovits_api,cantonese,SC-000333,ref_boot_edgetts_cantonese_zh-HK-WanLungNeural_SC-000005_seg8s,0.9683,可检
data/redteam/factory/segments/sovits_api/cantonese/seg_sovits_api_cantonese_ref_boot_edgetts_cantonese_zh-HK-WanLungNeural_SC-000005_seg8s_SC-000333_02.wav,sovits_api,cantonese,SC-000333,ref_boot_edgetts_cantonese_zh-HK-WanLungNeural_SC-000005_seg8s,0.6496,可检
data/redteam/factory/segments/sovits_api/cantonese/seg_sovits_api_cantonese_ref_boot_edgetts_cantonese_zh-HK-WanLungNeural_SC-000005_seg8s_SC-000333_03.wav,sovits_api,cantonese,SC-000333,ref_boot_edgetts_cantonese_zh-HK-WanLungNeural_SC-000005_seg8s,0.7408,可检
data/redteam/factory/segments/sovits_api/cantonese/seg_sovits_api_cantonese_ref_boot_edgetts_cantonese_zh-HK-WanLungNeural_SC-000005_seg8s_SC-000333_04.wav,sovits_api,cantonese,SC-000333,ref_boot_edgetts_cantonese_zh-HK-WanLungNeural_SC-000005_seg8s,0.8758,可检
data/redteam/factory/segments/sovits_api/dongbei/seg_sovits_api_dongbei_ref_boot_edgetts_dongbei_zh-CN-liaoning-XiaobeiNeural_SC-000002_seg8s_SC-000124_00.wav,sovits_api,dongbei,SC-000124,ref_boot_edgetts_dongbei_zh-CN-liaoning-XiaobeiNeural_SC-000002_seg8s,0.8264,可检
data/redteam/factory/segments/sovits_api/dongbei/seg_sovits_api_dongbei_ref_boot_edgetts_dongbei_zh-CN-liaoning-XiaobeiNeural_SC-000002_seg8s_SC-000124_01.wav,sovits_api,dongbei,SC-000124,ref_boot_edgetts_dongbei_zh-CN-liaoning-XiaobeiNeural_SC-000002_seg8s,0.8979,可检
data/redteam/factory/segments/sovits_api/dongbei/seg_sovits_api_dongbei_ref_boot_edgetts_dongbei_zh-CN-liaoning-XiaobeiNeural_SC-000002_seg8s_SC-000124_02.wav,sovits_api,dongbei,SC-000124,ref_boot_edgetts_dongbei_zh-CN-liaoning-XiaobeiNeural_SC-000002_seg8s,0.8261,可检
data/redteam/factory/segments/sovits_api/dongbei/seg_sovits_api_dongbei_ref_boot_edgetts_dongbei_zh-CN-liaoning-XiaobeiNeural_SC-000002_seg8s_SC-000154_00.wav,sovits_api,dongbei,SC-000154,ref_boot_edgetts_dongbei_zh-CN-liaoning-XiaobeiNeural_SC-000002_seg8s,0.9328,可检
data/redteam/factory/segments/sovits_api/dongbei/seg_sovits_api_dongbei_ref_boot_edgetts_dongbei_zh-CN-liaoning-XiaobeiNeural_SC-000002_seg8s_SC-000154_01.wav,sovits_api,dongbei,SC-000154,ref_boot_edgetts_dongbei_zh-CN-liaoning-XiaobeiNeural_SC-000002_seg8s,0.9167,可检
data/redteam/factory/segments/sovits_api/dongbei/seg_sovits_api_dongbei_ref_boot_edgetts_dongbei_zh-CN-liaoning-XiaobeiNeural_SC-000002_seg8s_SC-000154_02.wav,sovits_api,dongbei,SC-000154,ref_boot_edgetts_dongbei_zh-CN-liaoning-XiaobeiNeural_SC-000002_seg8s,0.6403,可检
data/redteam/factory/segments/sovits_api/dongbei/seg_sovits_api_dongbei_ref_boot_edgetts_dongbei_zh-CN-liaoning-XiaobeiNeural_SC-000002_seg8s_SC-000154_03.wav,sovits_api,dongbei,SC-000154,ref_boot_edgetts_dongbei_zh-CN-liaoning-XiaobeiNeural_SC-000002_seg8s,0.9672,可检
data/redteam/factory/segments/sovits_api/dongbei/seg_sovits_api_dongbei_ref_boot_edgetts_dongbei_zh-CN-liaoning-XiaobeiNeural_SC-000002_seg8s_SC-000154_04.wav,sovits_api,dongbei,SC-000154,ref_boot_edgetts_dongbei_zh-CN-liaoning-XiaobeiNeural_SC-000002_seg8s,0.4774,边界
data/redteam/factory/segments/sovits_api/dongbei/seg_sovits_api_dongbei_ref_boot_edgetts_dongbei_zh-CN-liaoning-XiaobeiNeural_SC-000002_seg8s_SC-000154_05.wav,sovits_api,dongbei,SC-000154,ref_boot_edgetts_dongbei_zh-CN-liaoning-XiaobeiNeural_SC-000002_seg8s,0.8933,可检
data/redteam/factory/segments/sovits_api/dongbei/seg_sovits_api_dongbei_ref_boot_edgetts_dongbei_zh-CN-liaoning-XiaobeiNeural_SC-000002_seg8s_SC-000154_06.wav,sovits_api,dongbei,SC-000154,ref_boot_edgetts_dongbei_zh-CN-liaoning-XiaobeiNeural_SC-000002_seg8s,0.9213,可检
data/redteam/factory/segments/sovits_api/dongbei/seg_sovits_api_dongbei_ref_boot_edgetts_dongbei_zh-CN-liaoning-XiaobeiNeural_SC-000002_seg8s_SC-000225_00.wav,sovits_api,dongbei,SC-000225,ref_boot_edgetts_dongbei_zh-CN-liaoning-XiaobeiNeural_SC-000002_seg8s,0.9791,可检
data/redteam/factory/segments/sovits_api/dongbei/seg_sovits_api_dongbei_ref_boot_edgetts_dongbei_zh-CN-liaoning-XiaobeiNeural_SC-000002_seg8s_SC-000225_01.wav,sovits_api,dongbei,SC-000225,ref_boot_edgetts_dongbei_zh-CN-liaoning-XiaobeiNeural_SC-000002_seg8s,0.7884,可检
data/redteam/factory/segments/sovits_api/dongbei/seg_sovits_api_dongbei_ref_boot_edgetts_dongbei_zh-CN-liaoning-XiaobeiNeural_SC-000002_seg8s_SC-000225_02.wav,sovits_api,dongbei,SC-000225,ref_boot_edgetts_dongbei_zh-CN-liaoning-XiaobeiNeural_SC-000002_seg8s,0.9605,可检
data/redteam/factory/segments/sovits_api/dongbei/seg_sovits_api_dongbei_ref_boot_edgetts_dongbei_zh-CN-liaoning-XiaobeiNeural_SC-000002_seg8s_SC-000231_00.wav,sovits_api,dongbei,SC-000231,ref_boot_edgetts_dongbei_zh-CN-liaoning-XiaobeiNeural_SC-000002_seg8s,0.8684,可检
data/redteam/factory/segments/sovits_api/dongbei/seg_sovits_api_dongbei_ref_boot_edgetts_dongbei_zh-CN-liaoning-XiaobeiNeural_SC-000002_seg8s_SC-000231_01.wav,sovits_api,dongbei,SC-000231,ref_boot_edgetts_dongbei_zh-CN-liaoning-XiaobeiNeural_SC-000002_seg8s,0.9288,可检
data/redteam/factory/segments/sovits_api/dongbei/seg_sovits_api_dongbei_ref_boot_edgetts_dongbei_zh-CN-liaoning-XiaobeiNeural_SC-000002_seg8s_SC-000231_02.wav,sovits_api,dongbei,SC-000231,ref_boot_edgetts_dongbei_zh-CN-liaoning-XiaobeiNeural_SC-000002_seg8s,0.8869,可检
data/redteam/factory/segments/sovits_api/dongbei/seg_sovits_api_dongbei_ref_boot_edgetts_dongbei_zh-CN-liaoning-XiaobeiNeural_SC-000002_seg8s_SC-000231_03.wav,sovits_api,dongbei,SC-000231,ref_boot_edgetts_dongbei_zh-CN-liaoning-XiaobeiNeural_SC-000002_seg8s,0.6083,可检
data/redteam/factory/segments/sovits_api/dongbei/seg_sovits_api_dongbei_ref_boot_edgetts_dongbei_zh-CN-liaoning-XiaobeiNeural_SC-000002_seg8s_SC-000264_00.wav,sovits_api,dongbei,SC-000264,ref_boot_edgetts_dongbei_zh-CN-liaoning-XiaobeiNeural_SC-000002_seg8s,0.9308,可检
data/redteam/factory/segments/sovits_api/dongbei/seg_sovits_api_dongbei_ref_boot_edgetts_dongbei_zh-CN-liaoning-XiaobeiNeural_SC-000002_seg8s_SC-000264_01.wav,sovits_api,dongbei,SC-000264,ref_boot_edgetts_dongbei_zh-CN-liaoning-XiaobeiNeural_SC-000002_seg8s,0.9343,可检
data/redteam/factory/segments/sovits_api/dongbei/seg_sovits_api_dongbei_ref_boot_edgetts_dongbei_zh-CN-liaoning-XiaobeiNeural_SC-000002_seg8s_SC-000264_02.wav,sovits_api,dongbei,SC-000264,ref_boot_edgetts_dongbei_zh-CN-liaoning-XiaobeiNeural_SC-000002_seg8s,0.8445,可检
data/redteam/factory/segments/sovits_api/dongbei/seg_sovits_api_dongbei_ref_boot_edgetts_dongbei_zh-CN-liaoning-XiaobeiNeural_SC-000002_seg8s_SC-000264_03.wav,sovits_api,dongbei,SC-000264,ref_boot_edgetts_dongbei_zh-CN-liaoning-XiaobeiNeural_SC-000002_seg8s,0.9348,可检
data/redteam/factory/segments/sovits_api/dongbei/seg_sovits_api_dongbei_ref_boot_edgetts_dongbei_zh-CN-liaoning-XiaobeiNeural_SC-000002_seg8s_SC-000294_00.wav,sovits_api,dongbei,SC-000294,ref_boot_edgetts_dongbei_zh-CN-liaoning-XiaobeiNeural_SC-000002_seg8s,0.6488,可检
data/redteam/factory/segments/sovits_api/dongbei/seg_sovits_api_dongbei_ref_boot_edgetts_dongbei_zh-CN-liaoning-XiaobeiNeural_SC-000002_seg8s_SC-000294_01.wav,sovits_api,dongbei,SC-000294,ref_boot_edgetts_dongbei_zh-CN-liaoning-XiaobeiNeural_SC-000002_seg8s,0.7528,可检
data/redteam/factory/segments/sovits_api/dongbei/seg_sovits_api_dongbei_ref_boot_edgetts_dongbei_zh-CN-liaoning-XiaobeiNeural_SC-000002_seg8s_SC-000294_02.wav,sovits_api,dongbei,SC-000294,ref_boot_edgetts_dongbei_zh-CN-liaoning-XiaobeiNeural_SC-000002_seg8s,0.8664,可检
data/redteam/factory/segments/sovits_api/henan/seg_sovits_api_henan_ref_boot_edgetts_henan_zh-CN-shaanxi-XiaoniNeural_SC-000009_seg8s_SC-000106_00.wav,sovits_api,henan,SC-000106,ref_boot_edgetts_henan_zh-CN-shaanxi-XiaoniNeural_SC-000009_seg8s,0.9804,可检
data/redteam/factory/segments/sovits_api/henan/seg_sovits_api_henan_ref_boot_edgetts_henan_zh-CN-shaanxi-XiaoniNeural_SC-000009_seg8s_SC-000106_01.wav,sovits_api,henan,SC-000106,ref_boot_edgetts_henan_zh-CN-shaanxi-XiaoniNeural_SC-000009_seg8s,0.9236,可检
data/redteam/factory/segments/sovits_api/henan/seg_sovits_api_henan_ref_boot_edgetts_henan_zh-CN-shaanxi-XiaoniNeural_SC-000009_seg8s_SC-000106_02.wav,sovits_api,henan,SC-000106,ref_boot_edgetts_henan_zh-CN-shaanxi-XiaoniNeural_SC-000009_seg8s,0.9291,可检
data/redteam/factory/segments/sovits_api/henan/seg_sovits_api_henan_ref_boot_edgetts_henan_zh-CN-shaanxi-XiaoniNeural_SC-000009_seg8s_SC-000106_03.wav,sovits_api,henan,SC-000106,ref_boot_edgetts_henan_zh-CN-shaanxi-XiaoniNeural_SC-000009_seg8s,0.8863,可检
data/redteam/factory/segments/sovits_api/henan/seg_sovits_api_henan_ref_boot_edgetts_henan_zh-CN-shaanxi-XiaoniNeural_SC-000009_seg8s_SC-000137_00.wav,sovits_api,henan,SC-000137,ref_boot_edgetts_henan_zh-CN-shaanxi-XiaoniNeural_SC-000009_seg8s,0.8858,可检
data/redteam/factory/segments/sovits_api/henan/seg_sovits_api_henan_ref_boot_edgetts_henan_zh-CN-shaanxi-XiaoniNeural_SC-000009_seg8s_SC-000137_01.wav,sovits_api,henan,SC-000137,ref_boot_edgetts_henan_zh-CN-shaanxi-XiaoniNeural_SC-000009_seg8s,0.9916,可检
data/redteam/factory/segments/sovits_api/henan/seg_sovits_api_henan_ref_boot_edgetts_henan_zh-CN-shaanxi-XiaoniNeural_SC-000009_seg8s_SC-000137_02.wav,sovits_api,henan,SC-000137,ref_boot_edgetts_henan_zh-CN-shaanxi-XiaoniNeural_SC-000009_seg8s,0.971,可检
data/redteam/factory/segments/sovits_api/henan/seg_sovits_api_henan_ref_boot_edgetts_henan_zh-CN-shaanxi-XiaoniNeural_SC-000009_seg8s_SC-000137_03.wav,sovits_api,henan,SC-000137,ref_boot_edgetts_henan_zh-CN-shaanxi-XiaoniNeural_SC-000009_seg8s,0.9316,可检
data/redteam/factory/segments/sovits_api/henan/seg_sovits_api_henan_ref_boot_edgetts_henan_zh-CN-shaanxi-XiaoniNeural_SC-000009_seg8s_SC-000139_00.wav,sovits_api,henan,SC-000139,ref_boot_edgetts_henan_zh-CN-shaanxi-XiaoniNeural_SC-000009_seg8s,0.9878,可检
data/redteam/factory/segments/sovits_api/henan/seg_sovits_api_henan_ref_boot_edgetts_henan_zh-CN-shaanxi-XiaoniNeural_SC-000009_seg8s_SC-000139_01.wav,sovits_api,henan,SC-000139,ref_boot_edgetts_henan_zh-CN-shaanxi-XiaoniNeural_SC-000009_seg8s,0.9832,可检
data/redteam/factory/segments/sovits_api/henan/seg_sovits_api_henan_ref_boot_edgetts_henan_zh-CN-shaanxi-XiaoniNeural_SC-000009_seg8s_SC-000139_02.wav,sovits_api,henan,SC-000139,ref_boot_edgetts_henan_zh-CN-shaanxi-XiaoniNeural_SC-000009_seg8s,0.9407,可检
data/redteam/factory/segments/sovits_api/henan/seg_sovits_api_henan_ref_boot_edgetts_henan_zh-CN-shaanxi-XiaoniNeural_SC-000009_seg8s_SC-000139_03.wav,sovits_api,henan,SC-000139,ref_boot_edgetts_henan_zh-CN-shaanxi-XiaoniNeural_SC-000009_seg8s,0.8713,可检
