path,engine,dialect,script_id,speaker_ref,difficulty_spoof_prob,verdict
data/redteam/factory/segments/edgetts/mandarin/seg_edgetts_mandarin_zh-CN-YunyangNeural_SC-000036_00.wav,edgetts,mandarin,SC-000036,zh-CN-YunyangNeural,0.0351,隐蔽(难检)
data/redteam/factory/segments/edgetts/mandarin/seg_edgetts_mandarin_zh-CN-YunjianNeural_SC-000335_00.wav,edgetts,mandarin,SC-000335,zh-CN-YunjianNeural,0.0371,隐蔽(难检)
data/redteam/factory/segments/edgetts/mandarin/seg_edgetts_mandarin_zh-CN-YunxiNeural_SC-000480_00.wav,edgetts,mandarin,SC-000480,zh-CN-YunxiNeural,0.0377,隐蔽(难检)
data/redteam/factory/segments/edgetts/mandarin/seg_edgetts_mandarin_zh-CN-YunjianNeural_SC-000470_00.wav,edgetts,mandarin,SC-000470,zh-CN-YunjianNeural,0.0389,隐蔽(难检)
data/redteam/factory/segments/edgetts/dongbei/seg_edgetts_dongbei_zh-CN-liaoning-XiaobeiNeural_SC-000820_03.wav,edgetts,dongbei,SC-000820,zh-CN-liaoning-XiaobeiNeural,0.0405,隐蔽(难检)
data/redteam/factory/segments/edgetts/mandarin/seg_edgetts_mandarin_zh-CN-YunyangNeural_SC-000474_01.wav,edgetts,mandarin,SC-000474,zh-CN-YunyangNeural,0.0423,隐蔽(难检)
data/redteam/factory/segments/edgetts/sichuan/seg_edgetts_sichuan_zh-CN-YunxiNeural_SC-000381_00.wav,edgetts,sichuan,SC-000381,zh-CN-YunxiNeural,0.0437,隐蔽(难检)
data/redteam/factory/segments/sovits_api/cantonese/seg_sovits_api_cantonese_ref_boot_edgetts_cantonese_zh-HK-WanLungNeural_SC-000005_seg8s_SC-000048_01.wav,sovits_api,cantonese,SC-000048,ref_boot_edgetts_cantonese_zh-HK-WanLungNeural_SC-000005_seg8s,0.0462,隐蔽(难检)
data/redteam/factory/segments/edgetts/mandarin/seg_edgetts_mandarin_zh-CN-YunxiNeural_SC-000235_00.wav,edgetts,mandarin,SC-000235,zh-CN-YunxiNeural,0.0466,隐蔽(难检)
data/redteam/factory/segments/edgetts/sichuan/seg_edgetts_sichuan_zh-CN-YunxiNeural_SC-000429_01.wav,edgetts,sichuan,SC-000429,zh-CN-YunxiNeural,0.0485,隐蔽(难检)
data/redteam/factory/segments/edgetts/mandarin/seg_edgetts_mandarin_zh-CN-YunjianNeural_SC-000371_00.wav,edgetts,mandarin,SC-000371,zh-CN-YunjianNeural,0.0486,隐蔽(难检)
data/redteam/factory/segments/edgetts/mandarin/seg_edgetts_mandarin_zh-CN-YunjianNeural_SC-000347_00.wav,edgetts,mandarin,SC-000347,zh-CN-YunjianNeural,0.0506,隐蔽(难检)
data/redteam/factory/segments/edgetts/mandarin/seg_edgetts_mandarin_zh-CN-YunxiNeural_SC-000347_00.wav,edgetts,mandarin,SC-000347,zh-CN-YunxiNeural,0.0509,隐蔽(难检)
data/redteam/factory/segments/edgetts/mandarin/seg_edgetts_mandarin_zh-CN-YunxiNeural_SC-000235_01.wav,edgetts,mandarin,SC-000235,zh-CN-YunxiNeural,0.0515,隐蔽(难检)
data/redteam/factory/segments/edgetts/mandarin/seg_edgetts_mandarin_zh-CN-YunjianNeural_SC-000511_00.wav,edgetts,mandarin,SC-000511,zh-CN-YunjianNeural,0.052,隐蔽(难检)
data/redteam/factory/segments/edgetts/cantonese/seg_edgetts_cantonese_zh-HK-WanLungNeural_SC-000765_00.wav,edgetts,cantonese,SC-000765,zh-HK-WanLungNeural,0.0522,隐蔽(难检)
data/redteam/factory/segments/edgetts/mandarin/seg_edgetts_mandarin_zh-CN-YunyangNeural_SC-000449_00.wav,edgetts,mandarin,SC-000449,zh-CN-YunyangNeural,0.0523,隐蔽(难检)
data/redteam/factory/segments/edgetts/henan/seg_edgetts_henan_zh-CN-shaanxi-XiaoniNeural_SC-000106_02.wav,edgetts,henan,SC-000106,zh-CN-shaanxi-XiaoniNeural,0.0524,隐蔽(难检)
data/redteam/factory/segments/edgetts/sichuan/seg_edgetts_sichuan_zh-CN-YunxiNeural_SC-001451_00.wav,edgetts,sichuan,SC-001451,zh-CN-YunxiNeural,0.0532,隐蔽(难检)
data/redteam/factory/segments/edgetts/henan/seg_edgetts_henan_zh-CN-shaanxi-XiaoniNeural_SC-000773_00.wav,edgetts,henan,SC-000773,zh-CN-shaanxi-XiaoniNeural,0.0535,隐蔽(难检)
data/redteam/factory/segments/sovits_api/dongbei/seg_sovits_api_dongbei_ref_boot_edgetts_dongbei_zh-CN-liaoning-XiaobeiNeural_SC-000002_seg8s_SC-000264_00.wav,sovits_api,dongbei,SC-000264,ref_boot_edgetts_dongbei_zh-CN-liaoning-XiaobeiNeural_SC-000002_seg8s,0.0543,隐蔽(难检)
data/redteam/factory/segments/edgetts/mandarin/seg_edgetts_mandarin_zh-CN-YunjianNeural_SC-000036_00.wav,edgetts,mandarin,SC-000036,zh-CN-YunjianNeural,0.0544,隐蔽(难检)
data/redteam/factory/segments/edgetts/mandarin/seg_edgetts_mandarin_zh-CN-YunyangNeural_SC-000036_03.wav,edgetts,mandarin,SC-000036,zh-CN-YunyangNeural,0.0544,隐蔽(难检)
data/redteam/factory/segments/edgetts/mandarin/seg_edgetts_mandarin_zh-CN-YunxiNeural_SC-000449_02.wav,edgetts,mandarin,SC-000449,zh-CN-YunxiNeural,0.055,隐蔽(难检)
data/redteam/factory/segments/edgetts/sichuan/seg_edgetts_sichuan_zh-CN-YunxiNeural_SC-000576_00.wav,edgetts,sichuan,SC-000576,zh-CN-YunxiNeural,0.056,隐蔽(难检)
data/redteam/factory/segments/edgetts/mandarin/seg_edgetts_mandarin_zh-CN-YunjianNeural_SC-000341_00.wav,edgetts,mandarin,SC-000341,zh-CN-YunjianNeural,0.056,隐蔽(难检)
data/redteam/factory/segments/edgetts/henan/seg_edgetts_henan_zh-CN-shaanxi-XiaoniNeural_SC-000697_00.wav,edgetts,henan,SC-000697,zh-CN-shaanxi-XiaoniNeural,0.0562,隐蔽(难检)
data/redteam/factory/segments/edgetts/mandarin/seg_edgetts_mandarin_zh-CN-YunjianNeural_SC-000449_00.wav,edgetts,mandarin,SC-000449,zh-CN-YunjianNeural,0.057,隐蔽(难检)
data/redteam/factory/segments/edgetts/mandarin/seg_edgetts_mandarin_zh-CN-YunyangNeural_SC-000017_08.wav,edgetts,mandarin,SC-000017,zh-CN-YunyangNeural,0.0576,隐蔽(难检)
data/redteam/factory/segments/edgetts/mandarin/seg_edgetts_mandarin_zh-CN-YunxiNeural_SC-000036_00.wav,edgetts,mandarin,SC-000036,zh-CN-YunxiNeural,0.0586,隐蔽(难检)
data/redteam/factory/segments/edgetts/henan/seg_edgetts_henan_zh-CN-shaanxi-XiaoniNeural_SC-000728_00.wav,edgetts,henan,SC-000728,zh-CN-shaanxi-XiaoniNeural,0.0589,隐蔽(难检)
data/redteam/factory/segments/sovits_api/cantonese/seg_sovits_api_cantonese_ref_boot_edgetts_cantonese_zh-HK-WanLungNeural_SC-000005_seg8s_SC-000228_03.wav,sovits_api,cantonese,SC-000228,ref_boot_edgetts_cantonese_zh-HK-WanLungNeural_SC-000005_seg8s,0.0589,隐蔽(难检)
data/redteam/factory/segments/sovits_api/cantonese/seg_sovits_api_cantonese_ref_boot_edgetts_cantonese_zh-HK-WanLungNeural_SC-000005_seg8s_SC-000228_02.wav,sovits_api,cantonese,SC-000228,ref_boot_edgetts_cantonese_zh-HK-WanLungNeural_SC-000005_seg8s,0.0594,隐蔽(难检)
data/redteam/factory/segments/edgetts/sichuan/seg_edgetts_sichuan_zh-CN-XiaoxiaoNeural_SC-001024_02.wav,edgetts,sichuan,SC-001024,zh-CN-XiaoxiaoNeural,0.0599,隐蔽(难检)
data/redteam/factory/segments/edgetts/henan/seg_edgetts_henan_zh-CN-shaanxi-XiaoniNeural_SC-000351_00.wav,edgetts,henan,SC-000351,zh-CN-shaanxi-XiaoniNeural,0.0608,隐蔽(难检)
data/redteam/factory/segments/edgetts/mandarin/seg_edgetts_mandarin_zh-CN-YunyangNeural_SC-000474_00.wav,edgetts,mandarin,SC-000474,zh-CN-YunyangNeural,0.0616,隐蔽(难检)
data/redteam/factory/segments/edgetts/mandarin/seg_edgetts_mandarin_zh-CN-YunjianNeural_SC-000470_02.wav,edgetts,mandarin,SC-000470,zh-CN-YunjianNeural,0.0622,隐蔽(难检)
data/redteam/factory/segments/edgetts/mandarin/seg_edgetts_mandarin_zh-CN-XiaoxiaoNeural_SC-000235_00.wav,edgetts,mandarin,SC-000235,zh-CN-XiaoxiaoNeural,0.0622,隐蔽(难检)
data/redteam/factory/segments/edgetts/mandarin/seg_edgetts_mandarin_zh-CN-YunjianNeural_SC-000474_01.wav,edgetts,mandarin,SC-000474,zh-CN-YunjianNeural,0.0627,隐蔽(难检)
data/redteam/factory/segments/edgetts/henan/seg_edgetts_henan_zh-CN-shaanxi-XiaoniNeural_SC-000978_00.wav,edgetts,henan,SC-000978,zh-CN-shaanxi-XiaoniNeural,0.0636,隐蔽(难检)
data/redteam/factory/segments/edgetts/mandarin/seg_edgetts_mandarin_zh-CN-YunjianNeural_SC-000327_00.wav,edgetts,mandarin,SC-000327,zh-CN-YunjianNeural,0.0639,隐蔽(难检)
data/redteam/factory/segments/edgetts/sichuan/seg_edgetts_sichuan_zh-CN-XiaoxiaoNeural_SC-001002_01.wav,edgetts,sichuan,SC-001002,zh-CN-XiaoxiaoNeural,0.0641,隐蔽(难检)
data/redteam/factory/segments/edgetts/mandarin/seg_edgetts_mandarin_zh-CN-YunjianNeural_SC-000204_01.wav,edgetts,mandarin,SC-000204,zh-CN-YunjianNeural,0.0645,隐蔽(难检)
data/redteam/factory/segments/edgetts/cantonese/seg_edgetts_cantonese_zh-HK-WanLungNeural_SC-000116_00.wav,edgetts,cantonese,SC-000116,zh-HK-WanLungNeural,0.0646,隐蔽(难检)
data/redteam/factory/segments/edgetts/dongbei/seg_edgetts_dongbei_zh-CN-liaoning-XiaobeiNeural_SC-000877_03.wav,edgetts,dongbei,SC-000877,zh-CN-liaoning-XiaobeiNeural,0.0649,隐蔽(难检)
data/redteam/factory/segments/edgetts/cantonese/seg_edgetts_cantonese_zh-HK-WanLungNeural_SC-001537_00.wav,edgetts,cantonese,SC-001537,zh-HK-WanLungNeural,0.065,隐蔽(难检)
data/redteam/factory/segments/edgetts/sichuan/seg_edgetts_sichuan_zh-CN-YunxiNeural_SC-000513_00.wav,edgetts,sichuan,SC-000513,zh-CN-YunxiNeural,0.0667,隐蔽(难检)
data/redteam/factory/segments/edgetts/mandarin/seg_edgetts_mandarin_zh-CN-YunyangNeural_SC-000017_07.wav,edgetts,mandarin,SC-000017,zh-CN-YunyangNeural,0.0674,隐蔽(难检)
data/redteam/factory/segments/sovits_api/mandarin/seg_sovits_api_mandarin_ref_boot_edgetts_mandarin_zh-CN-YunxiNeural_SC-000007_seg8s_SC-000090_02.wav,sovits_api,mandarin,SC-000090,ref_boot_edgetts_mandarin_zh-CN-YunxiNeural_SC-000007_seg8s,0.0674,隐蔽(难检)
data/redteam/factory/segments/edgetts/sichuan/seg_edgetts_sichuan_zh-CN-YunxiNeural_SC-000373_01.wav,edgetts,sichuan,SC-000373,zh-CN-YunxiNeural,0.0676,隐蔽(难检)
data/redteam/factory/segments/edgetts/sichuan/seg_edgetts_sichuan_zh-CN-YunxiNeural_SC-001061_00.wav,edgetts,sichuan,SC-001061,zh-CN-YunxiNeural,0.0685,隐蔽(难检)
data/redteam/factory/segments/sovits_api/minnan/seg_sovits_api_minnan_ref_boot_edgetts_minnan_zh-TW-HsiaoChenNeural_SC-000001_SC-000369_02.wav,sovits_api,minnan,SC-000369,ref_boot_edgetts_minnan_zh-TW-HsiaoChenNeural_SC-000001,0.0687,隐蔽(难检)
data/redteam/factory/segments/edgetts/sichuan/seg_edgetts_sichuan_zh-CN-XiaoxiaoNeural_SC-000722_00.wav,edgetts,sichuan,SC-000722,zh-CN-XiaoxiaoNeural,0.0689,隐蔽(难检)
data/redteam/factory/segments/edgetts/mandarin/seg_edgetts_mandarin_zh-CN-XiaoxiaoNeural_SC-000488_00.wav,edgetts,mandarin,SC-000488,zh-CN-XiaoxiaoNeural,0.0694,隐蔽(难检)
data/redteam/factory/segments/edgetts/dongbei/seg_edgetts_dongbei_zh-CN-liaoning-XiaobeiNeural_SC-001672_00.wav,edgetts,dongbei,SC-001672,zh-CN-liaoning-XiaobeiNeural,0.0695,隐蔽(难检)
data/redteam/factory/segments/sovits_api/cantonese/seg_sovits_api_cantonese_ref_boot_edgetts_cantonese_zh-HK-WanLungNeural_SC-000005_seg8s_SC-000103_04.wav,sovits_api,cantonese,SC-000103,ref_boot_edgetts_cantonese_zh-HK-WanLungNeural_SC-000005_seg8s,0.0696,隐蔽(难检)
data/redteam/factory/segments/edgetts/mandarin/seg_edgetts_mandarin_zh-CN-YunxiNeural_SC-000327_00.wav,edgetts,mandarin,SC-000327,zh-CN-YunxiNeural,0.0699,隐蔽(难检)
data/redteam/factory/segments/edgetts/sichuan/seg_edgetts_sichuan_zh-CN-YunxiNeural_SC-000627_00.wav,edgetts,sichuan,SC-000627,zh-CN-YunxiNeural,0.07,隐蔽(难检)
data/redteam/factory/segments/edgetts/mandarin/seg_edgetts_mandarin_zh-CN-YunjianNeural_SC-000440_00.wav,edgetts,mandarin,SC-000440,zh-CN-YunjianNeural,0.0714,隐蔽(难检)
data/redteam/factory/segments/edgetts/henan/seg_edgetts_henan_zh-CN-shaanxi-XiaoniNeural_SC-000517_00.wav,edgetts,henan,SC-000517,zh-CN-shaanxi-XiaoniNeural,0.0715,隐蔽(难检)
data/redteam/factory/segments/edgetts/sichuan/seg_edgetts_sichuan_zh-CN-YunxiNeural_SC-000756_00.wav,edgetts,sichuan,SC-000756,zh-CN-YunxiNeural,0.0726,隐蔽(难检)
data/redteam/factory/segments/edgetts/mandarin/seg_edgetts_mandarin_zh-CN-YunjianNeural_SC-000017_09.wav,edgetts,mandarin,SC-000017,zh-CN-YunjianNeural,0.0731,隐蔽(难检)
data/redteam/factory/segments/edgetts/mandarin/seg_edgetts_mandarin_zh-CN-YunjianNeural_SC-000331_00.wav,edgetts,mandarin,SC-000331,zh-CN-YunjianNeural,0.0732,隐蔽(难检)
data/redteam/factory/segments/edgetts/mandarin/seg_edgetts_mandarin_zh-CN-YunxiNeural_SC-000440_00.wav,edgetts,mandarin,SC-000440,zh-CN-YunxiNeural,0.0733,隐蔽(难检)
data/redteam/factory/segments/edgetts/cantonese/seg_edgetts_cantonese_zh-HK-WanLungNeural_SC-001623_01.wav,edgetts,cantonese,SC-001623,zh-HK-WanLungNeural,0.0733,隐蔽(难检)
data/redteam/factory/segments/sovits_api/dongbei/seg_sovits_api_dongbei_ref_boot_edgetts_dongbei_zh-CN-liaoning-XiaobeiNeural_SC-000002_seg8s_SC-000124_00.wav,sovits_api,dongbei,SC-000124,ref_boot_edgetts_dongbei_zh-CN-liaoning-XiaobeiNeural_SC-000002_seg8s,0.0735,隐蔽(难检)
data/redteam/factory/segments/edgetts/sichuan/seg_edgetts_sichuan_zh-CN-YunxiNeural_SC-000743_00.wav,edgetts,sichuan,SC-000743,zh-CN-YunxiNeural,0.0737,隐蔽(难检)
data/redteam/factory/segments/edgetts/sichuan/seg_edgetts_sichuan_zh-CN-YunxiNeural_SC-000879_00.wav,edgetts,sichuan,SC-000879,zh-CN-YunxiNeural,0.074,隐蔽(难检)
data/redteam/factory/segments/sovits_api/mandarin/seg_sovits_api_mandarin_ref_boot_edgetts_mandarin_zh-CN-YunjianNeural_SC-000007_seg8s_SC-000036_01.wav,sovits_api,mandarin,SC-000036,ref_boot_edgetts_mandarin_zh-CN-YunjianNeural_SC-000007_seg8s,0.0744,隐蔽(难检)
data/redteam/factory/segments/edgetts/sichuan/seg_edgetts_sichuan_zh-CN-YunxiNeural_SC-000812_00.wav,edgetts,sichuan,SC-000812,zh-CN-YunxiNeural,0.0746,隐蔽(难检)
data/redteam/factory/segments/edgetts/mandarin/seg_edgetts_mandarin_zh-CN-YunxiNeural_SC-000440_02.wav,edgetts,mandarin,SC-000440,zh-CN-YunxiNeural,0.0747,隐蔽(难检)
data/redteam/factory/segments/edgetts/mandarin/seg_edgetts_mandarin_zh-CN-YunyangNeural_SC-000347_00.wav,edgetts,mandarin,SC-000347,zh-CN-YunyangNeural,0.0748,隐蔽(难检)
data/redteam/factory/segments/edgetts/dongbei/seg_edgetts_dongbei_zh-CN-liaoning-XiaobeiNeural_SC-001389_04.wav,edgetts,dongbei,SC-001389,zh-CN-liaoning-XiaobeiNeural,0.075,隐蔽(难检)
data/redteam/factory/segments/edgetts/sichuan/seg_edgetts_sichuan_zh-CN-XiaoxiaoNeural_SC-000576_00.wav,edgetts,sichuan,SC-000576,zh-CN-XiaoxiaoNeural,0.0751,隐蔽(难检)
data/redteam/factory/segments/edgetts/cantonese/seg_edgetts_cantonese_zh-HK-WanLungNeural_SC-000689_00.wav,edgetts,cantonese,SC-000689,zh-HK-WanLungNeural,0.0752,隐蔽(难检)
data/redteam/factory/segments/sovits_api/dongbei/seg_sovits_api_dongbei_ref_boot_edgetts_dongbei_zh-CN-liaoning-XiaobeiNeural_SC-000002_seg8s_SC-000154_00.wav,sovits_api,dongbei,SC-000154,ref_boot_edgetts_dongbei_zh-CN-liaoning-XiaobeiNeural_SC-000002_seg8s,0.0753,隐蔽(难检)
data/redteam/factory/segments/edgetts/mandarin/seg_edgetts_mandarin_zh-CN-YunyangNeural_SC-000327_00.wav,edgetts,mandarin,SC-000327,zh-CN-YunyangNeural,0.0754,隐蔽(难检)
data/redteam/factory/segments/edgetts/sichuan/seg_edgetts_sichuan_zh-CN-YunxiNeural_SC-001002_01.wav,edgetts,sichuan,SC-001002,zh-CN-YunxiNeural,0.076,隐蔽(难检)
data/redteam/factory/segments/edgetts/cantonese/seg_edgetts_cantonese_zh-HK-WanLungNeural_SC-000515_03.wav,edgetts,cantonese,SC-000515,zh-HK-WanLungNeural,0.0762,隐蔽(难检)
data/redteam/factory/segments/edgetts/mandarin/seg_edgetts_mandarin_zh-CN-YunjianNeural_SC-000335_02.wav,edgetts,mandarin,SC-000335,zh-CN-YunjianNeural,0.0767,隐蔽(难检)
data/redteam/factory/segments/edgetts/henan/seg_edgetts_henan_zh-CN-shaanxi-XiaoniNeural_SC-000697_01.wav,edgetts,henan,SC-000697,zh-CN-shaanxi-XiaoniNeural,0.0771,隐蔽(难检)
data/redteam/factory/segments/sovits_api/mandarin/seg_sovits_api_mandarin_ref_boot_edgetts_mandarin_zh-CN-YunjianNeural_SC-000007_seg8s_SC-000090_00.wav,sovits_api,mandarin,SC-000090,ref_boot_edgetts_mandarin_zh-CN-YunjianNeural_SC-000007_seg8s,0.0771,隐蔽(难检)
data/redteam/factory/segments/edgetts/henan/seg_edgetts_henan_zh-CN-shaanxi-XiaoniNeural_SC-000137_00.wav,edgetts,henan,SC-000137,zh-CN-shaanxi-XiaoniNeural,0.0773,隐蔽(难检)
data/redteam/factory/segments/edgetts/cantonese/seg_edgetts_cantonese_zh-HK-WanLungNeural_SC-000490_03.wav,edgetts,cantonese,SC-000490,zh-HK-WanLungNeural,0.0782,隐蔽(难检)
data/redteam/factory/segments/edgetts/dongbei/seg_edgetts_dongbei_zh-CN-liaoning-XiaobeiNeural_SC-001645_01.wav,edgetts,dongbei,SC-001645,zh-CN-liaoning-XiaobeiNeural,0.0783,隐蔽(难检)
data/redteam/factory/segments/edgetts/henan/seg_edgetts_henan_zh-CN-shaanxi-XiaoniNeural_SC-000599_00.wav,edgetts,henan,SC-000599,zh-CN-shaanxi-XiaoniNeural,0.0783,隐蔽(难检)
data/redteam/factory/segments/edgetts/mandarin/seg_edgetts_mandarin_zh-CN-YunjianNeural_SC-000159_01.wav,edgetts,mandarin,SC-000159,zh-CN-YunjianNeural,0.0793,隐蔽(难检)
data/redteam/factory/segments/edgetts/sichuan/seg_edgetts_sichuan_zh-CN-YunxiNeural_SC-001002_00.wav,edgetts,sichuan,SC-001002,zh-CN-YunxiNeural,0.0793,隐蔽(难检)
data/redteam/factory/segments/edgetts/cantonese/seg_edgetts_cantonese_zh-HK-WanLungNeural_SC-001286_00.wav,edgetts,cantonese,SC-001286,zh-HK-WanLungNeural,0.0794,隐蔽(难检)
data/redteam/factory/segments/sovits_api/cantonese/seg_sovits_api_cantonese_ref_boot_edgetts_cantonese_zh-HK-WanLungNeural_SC-000005_seg8s_SC-000048_03.wav,sovits_api,cantonese,SC-000048,ref_boot_edgetts_cantonese_zh-HK-WanLungNeural_SC-000005_seg8s,0.0796,隐蔽(难检)
data/redteam/factory/segments/sovits_api/mandarin/seg_sovits_api_mandarin_ref_boot_edgetts_mandarin_zh-CN-YunxiNeural_SC-000007_seg8s_SC-000086_00.wav,sovits_api,mandarin,SC-000086,ref_boot_edgetts_mandarin_zh-CN-YunxiNeural_SC-000007_seg8s,0.08,隐蔽(难检)
data/redteam/factory/segments/edgetts/cantonese/seg_edgetts_cantonese_zh-HK-WanLungNeural_SC-000625_00.wav,edgetts,cantonese,SC-000625,zh-HK-WanLungNeural,0.0813,隐蔽(难检)
data/redteam/factory/segments/edgetts/mandarin/seg_edgetts_mandarin_zh-CN-YunjianNeural_SC-000444_03.wav,edgetts,mandarin,SC-000444,zh-CN-YunjianNeural,0.0814,隐蔽(难检)
data/redteam/factory/segments/edgetts/henan/seg_edgetts_henan_zh-CN-shaanxi-XiaoniNeural_SC-001510_00.wav,edgetts,henan,SC-001510,zh-CN-shaanxi-XiaoniNeural,0.0818,隐蔽(难检)
data/redteam/factory/segments/edgetts/dongbei/seg_edgetts_dongbei_zh-CN-liaoning-XiaobeiNeural_SC-001360_00.wav,edgetts,dongbei,SC-001360,zh-CN-liaoning-XiaobeiNeural,0.0822,隐蔽(难检)
data/redteam/factory/segments/edgetts/dongbei/seg_edgetts_dongbei_zh-CN-liaoning-XiaobeiNeural_SC-000154_00.wav,edgetts,dongbei,SC-000154,zh-CN-liaoning-XiaobeiNeural,0.0824,隐蔽(难检)
data/redteam/factory/segments/edgetts/sichuan/seg_edgetts_sichuan_zh-CN-YunxiNeural_SC-000537_00.wav,edgetts,sichuan,SC-000537,zh-CN-YunxiNeural,0.0824,隐蔽(难检)
data/redteam/factory/segments/edgetts/mandarin/seg_edgetts_mandarin_zh-CN-YunxiNeural_SC-000331_00.wav,edgetts,mandarin,SC-000331,zh-CN-YunxiNeural,0.0825,隐蔽(难检)
data/redteam/factory/segments/edgetts/mandarin/seg_edgetts_mandarin_zh-CN-YunjianNeural_SC-000159_02.wav,edgetts,mandarin,SC-000159,zh-CN-YunjianNeural,0.083,隐蔽(难检)
data/redteam/factory/segments/edgetts/sichuan/seg_edgetts_sichuan_zh-CN-YunxiNeural_SC-001061_01.wav,edgetts,sichuan,SC-001061,zh-CN-YunxiNeural,0.083,隐蔽(难检)
data/redteam/factory/segments/edgetts/sichuan/seg_edgetts_sichuan_zh-CN-YunxiNeural_SC-000722_00.wav,edgetts,sichuan,SC-000722,zh-CN-YunxiNeural,0.0838,隐蔽(难检)
data/redteam/factory/segments/edgetts/sichuan/seg_edgetts_sichuan_zh-CN-YunxiNeural_SC-001061_02.wav,edgetts,sichuan,SC-001061,zh-CN-YunxiNeural,0.0841,隐蔽(难检)
data/redteam/factory/segments/edgetts/henan/seg_edgetts_henan_zh-CN-shaanxi-XiaoniNeural_SC-001123_00.wav,edgetts,henan,SC-001123,zh-CN-shaanxi-XiaoniNeural,0.0845,隐蔽(难检)
data/redteam/factory/segments/edgetts/mandarin/seg_edgetts_mandarin_zh-CN-YunjianNeural_SC-000235_00.wav,edgetts,mandarin,SC-000235,zh-CN-YunjianNeural,0.0849,隐蔽(难检)
data/redteam/factory/segments/edgetts/sichuan/seg_edgetts_sichuan_zh-CN-XiaoxiaoNeural_SC-001457_02.wav,edgetts,sichuan,SC-001457,zh-CN-XiaoxiaoNeural,0.0859,隐蔽(难检)
data/redteam/factory/segments/edgetts/henan/seg_edgetts_henan_zh-CN-shaanxi-XiaoniNeural_SC-001566_00.wav,edgetts,henan,SC-001566,zh-CN-shaanxi-XiaoniNeural,0.0861,隐蔽(难检)
data/redteam/factory/segments/edgetts/sichuan/seg_edgetts_sichuan_zh-CN-YunxiNeural_SC-000436_00.wav,edgetts,sichuan,SC-000436,zh-CN-YunxiNeural,0.0868,隐蔽(难检)
data/redteam/factory/segments/edgetts/mandarin/seg_edgetts_mandarin_zh-CN-YunyangNeural_SC-000159_01.wav,edgetts,mandarin,SC-000159,zh-CN-YunyangNeural,0.0872,隐蔽(难检)
data/redteam/factory/segments/edgetts/henan/seg_edgetts_henan_zh-CN-shaanxi-XiaoniNeural_SC-001224_00.wav,edgetts,henan,SC-001224,zh-CN-shaanxi-XiaoniNeural,0.0875,隐蔽(难检)
data/redteam/factory/segments/edgetts/mandarin/seg_edgetts_mandarin_zh-CN-YunjianNeural_SC-000511_03.wav,edgetts,mandarin,SC-000511,zh-CN-YunjianNeural,0.0879,隐蔽(难检)
data/redteam/factory/segments/edgetts/mandarin/seg_edgetts_mandarin_zh-CN-YunjianNeural_SC-000449_02.wav,edgetts,mandarin,SC-000449,zh-CN-YunjianNeural,0.088,隐蔽(难检)
data/redteam/factory/segments/sovits_api/cantonese/seg_sovits_api_cantonese_ref_boot_edgetts_cantonese_zh-HK-HiuMaanNeural_SC-000005_seg8s_SC-000103_02.wav,sovits_api,cantonese,SC-000103,ref_boot_edgetts_cantonese_zh-HK-HiuMaanNeural_SC-000005_seg8s,0.0881,隐蔽(难检)
data/redteam/factory/segments/edgetts/dongbei/seg_edgetts_dongbei_zh-CN-liaoning-XiaobeiNeural_SC-001088_03.wav,edgetts,dongbei,SC-001088,zh-CN-liaoning-XiaobeiNeural,0.0883,隐蔽(难检)
data/redteam/factory/segments/edgetts/sichuan/seg_edgetts_sichuan_zh-CN-YunxiNeural_SC-000381_02.wav,edgetts,sichuan,SC-000381,zh-CN-YunxiNeural,0.0884,隐蔽(难检)
data/redteam/factory/segments/edgetts/henan/seg_edgetts_henan_zh-CN-shaanxi-XiaoniNeural_SC-000599_02.wav,edgetts,henan,SC-000599,zh-CN-shaanxi-XiaoniNeural,0.0885,隐蔽(难检)
data/redteam/factory/segments/edgetts/mandarin/seg_edgetts_mandarin_zh-CN-XiaoxiaoNeural_SC-000069_00.wav,edgetts,mandarin,SC-000069,zh-CN-XiaoxiaoNeural,0.089,隐蔽(难检)
data/redteam/factory/segments/edgetts/sichuan/seg_edgetts_sichuan_zh-CN-YunxiNeural_SC-000722_03.wav,edgetts,sichuan,SC-000722,zh-CN-YunxiNeural,0.0896,隐蔽(难检)
data/redteam/factory/segments/sovits_api/cantonese/seg_sovits_api_cantonese_ref_boot_edgetts_cantonese_zh-HK-HiuMaanNeural_SC-000005_seg8s_SC-000048_01.wav,sovits_api,cantonese,SC-000048,ref_boot_edgetts_cantonese_zh-HK-HiuMaanNeural_SC-000005_seg8s,0.0902,隐蔽(难检)
data/redteam/factory/segments/edgetts/dongbei/seg_edgetts_dongbei_zh-CN-liaoning-XiaobeiNeural_SC-000968_00.wav,edgetts,dongbei,SC-000968,zh-CN-liaoning-XiaobeiNeural,0.0903,隐蔽(难检)
data/redteam/factory/segments/edgetts/henan/seg_edgetts_henan_zh-CN-shaanxi-XiaoniNeural_SC-001352_03.wav,edgetts,henan,SC-001352,zh-CN-shaanxi-XiaoniNeural,0.0905,隐蔽(难检)
data/redteam/factory/segments/sovits_api/cantonese/seg_sovits_api_cantonese_ref_boot_edgetts_cantonese_zh-HK-WanLungNeural_SC-000005_seg8s_SC-000103_00.wav,sovits_api,cantonese,SC-000103,ref_boot_edgetts_cantonese_zh-HK-WanLungNeural_SC-000005_seg8s,0.091,隐蔽(难检)
data/redteam/factory/segments/edgetts/mandarin/seg_edgetts_mandarin_zh-CN-YunjianNeural_SC-000507_00.wav,edgetts,mandarin,SC-000507,zh-CN-YunjianNeural,0.0911,隐蔽(难检)
data/redteam/factory/segments/edgetts/henan/seg_edgetts_henan_zh-CN-shaanxi-XiaoniNeural_SC-000932_00.wav,edgetts,henan,SC-000932,zh-CN-shaanxi-XiaoniNeural,0.0912,隐蔽(难检)
data/redteam/factory/segments/edgetts/sichuan/seg_edgetts_sichuan_zh-CN-YunxiNeural_SC-000409_03.wav,edgetts,sichuan,SC-000409,zh-CN-YunxiNeural,0.0916,隐蔽(难检)
data/redteam/factory/segments/edgetts/henan/seg_edgetts_henan_zh-CN-shaanxi-XiaoniNeural_SC-000906_00.wav,edgetts,henan,SC-000906,zh-CN-shaanxi-XiaoniNeural,0.0919,隐蔽(难检)
data/redteam/factory/segments/edgetts/henan/seg_edgetts_henan_zh-CN-shaanxi-XiaoniNeural_SC-001481_03.wav,edgetts,henan,SC-001481,zh-CN-shaanxi-XiaoniNeural,0.0926,隐蔽(难检)
data/redteam/factory/segments/edgetts/dongbei/seg_edgetts_dongbei_zh-CN-liaoning-XiaobeiNeural_SC-001147_03.wav,edgetts,dongbei,SC-001147,zh-CN-liaoning-XiaobeiNeural,0.0927,隐蔽(难检)
data/redteam/factory/segments/edgetts/sichuan/seg_edgetts_sichuan_zh-CN-YunxiNeural_SC-000683_00.wav,edgetts,sichuan,SC-000683,zh-CN-YunxiNeural,0.0929,隐蔽(难检)
data/redteam/factory/segments/edgetts/cantonese/seg_edgetts_cantonese_zh-HK-WanLungNeural_SC-000228_04.wav,edgetts,cantonese,SC-000228,zh-HK-WanLungNeural,0.093,隐蔽(难检)
data/redteam/factory/segments/sovits_api/mandarin/seg_sovits_api_mandarin_ref_boot_edgetts_mandarin_zh-CN-XiaoxiaoNeural_SC-000007_seg8s_SC-000007_01.wav,sovits_api,mandarin,SC-000007,ref_boot_edgetts_mandarin_zh-CN-XiaoxiaoNeural_SC-000007_seg8s,0.093,隐蔽(难检)
data/redteam/factory/segments/edgetts/sichuan/seg_edgetts_sichuan_zh-CN-XiaoxiaoNeural_SC-000879_01.wav,edgetts,sichuan,SC-000879,zh-CN-XiaoxiaoNeural,0.0933,隐蔽(难检)
data/redteam/factory/segments/edgetts/mandarin/seg_edgetts_mandarin_zh-CN-XiaoxiaoNeural_SC-000449_00.wav,edgetts,mandarin,SC-000449,zh-CN-XiaoxiaoNeural,0.0935,隐蔽(难检)
data/redteam/factory/segments/edgetts/mandarin/seg_edgetts_mandarin_zh-CN-YunjianNeural_SC-000480_00.wav,edgetts,mandarin,SC-000480,zh-CN-YunjianNeural,0.0936,隐蔽(难检)
data/redteam/factory/segments/sovits_api/mandarin/seg_sovits_api_mandarin_ref_boot_edgetts_mandarin_zh-CN-YunjianNeural_SC-000007_seg8s_SC-000090_03.wav,sovits_api,mandarin,SC-000090,ref_boot_edgetts_mandarin_zh-CN-YunjianNeural_SC-000007_seg8s,0.0936,隐蔽(难检)
data/redteam/factory/segments/edgetts/mandarin/seg_edgetts_mandarin_zh-CN-YunxiNeural_SC-000474_02.wav,edgetts,mandarin,SC-000474,zh-CN-YunxiNeural,0.0938,隐蔽(难检)
data/redteam/factory/segments/edgetts/mandarin/seg_edgetts_mandarin_zh-CN-YunyangNeural_SC-000335_00.wav,edgetts,mandarin,SC-000335,zh-CN-YunyangNeural,0.0939,隐蔽(难检)
data/redteam/factory/segments/edgetts/sichuan/seg_edgetts_sichuan_zh-CN-YunxiNeural_SC-000722_01.wav,edgetts,sichuan,SC-000722,zh-CN-YunxiNeural,0.0941,隐蔽(难检)
data/redteam/factory/segments/edgetts/minnan/seg_edgetts_minnan_zh-TW-HsiaoChenNeural_SC-000569_00.wav,edgetts,minnan,SC-000569,zh-TW-HsiaoChenNeural,0.0947,隐蔽(难检)
data/redteam/factory/segments/sovits_api/mandarin/seg_sovits_api_mandarin_ref_boot_edgetts_mandarin_zh-CN-YunjianNeural_SC-000007_seg8s_SC-000036_00.wav,sovits_api,mandarin,SC-000036,ref_boot_edgetts_mandarin_zh-CN-YunjianNeural_SC-000007_seg8s,0.0953,隐蔽(难检)
data/redteam/factory/segments/edgetts/mandarin/seg_edgetts_mandarin_zh-CN-YunxiNeural_SC-000017_07.wav,edgetts,mandarin,SC-000017,zh-CN-YunxiNeural,0.0954,隐蔽(难检)
data/redteam/factory/segments/edgetts/sichuan/seg_edgetts_sichuan_zh-CN-YunxiNeural_SC-000017_07.wav,edgetts,sichuan,SC-000017,zh-CN-YunxiNeural,0.0954,隐蔽(难检)
data/redteam/factory/segments/edgetts/minnan/seg_edgetts_minnan_zh-TW-HsiaoChenNeural_SC-001032_00.wav,edgetts,minnan,SC-001032,zh-TW-HsiaoChenNeural,0.096,隐蔽(难检)
data/redteam/factory/segments/edgetts/sichuan/seg_edgetts_sichuan_zh-CN-YunxiNeural_SC-000457_01.wav,edgetts,sichuan,SC-000457,zh-CN-YunxiNeural,0.096,隐蔽(难检)
data/redteam/factory/segments/sovits_api/mandarin/seg_sovits_api_mandarin_ref_boot_edgetts_mandarin_zh-CN-YunxiNeural_SC-000007_seg8s_SC-000007_00.wav,sovits_api,mandarin,SC-000007,ref_boot_edgetts_mandarin_zh-CN-YunxiNeural_SC-000007_seg8s,0.096,隐蔽(难检)
data/redteam/factory/segments/edgetts/dongbei/seg_edgetts_dongbei_zh-CN-liaoning-XiaobeiNeural_SC-000017_09.wav,edgetts,dongbei,SC-000017,zh-CN-liaoning-XiaobeiNeural,0.0962,隐蔽(难检)
data/redteam/factory/segments/edgetts/sichuan/seg_edgetts_sichuan_zh-CN-YunxiNeural_SC-001028_00.wav,edgetts,sichuan,SC-001028,zh-CN-YunxiNeural,0.0962,隐蔽(难检)
data/redteam/factory/segments/edgetts/mandarin/seg_edgetts_mandarin_zh-CN-YunxiNeural_SC-000341_00.wav,edgetts,mandarin,SC-000341,zh-CN-YunxiNeural,0.0964,隐蔽(难检)
data/redteam/factory/segments/edgetts/mandarin/seg_edgetts_mandarin_zh-CN-YunyangNeural_SC-000159_02.wav,edgetts,mandarin,SC-000159,zh-CN-YunyangNeural,0.0966,隐蔽(难检)
data/redteam/factory/segments/edgetts/dongbei/seg_edgetts_dongbei_zh-CN-liaoning-XiaobeiNeural_SC-001119_00.wav,edgetts,dongbei,SC-001119,zh-CN-liaoning-XiaobeiNeural,0.097,隐蔽(难检)
data/redteam/factory/segments/edgetts/dongbei/seg_edgetts_dongbei_zh-CN-liaoning-XiaobeiNeural_SC-001305_03.wav,edgetts,dongbei,SC-001305,zh-CN-liaoning-XiaobeiNeural,0.0973,隐蔽(难检)
data/redteam/factory/segments/sovits_api/cantonese/seg_sovits_api_cantonese_ref_boot_edgetts_cantonese_zh-HK-WanLungNeural_SC-000005_seg8s_SC-000228_00.wav,sovits_api,cantonese,SC-000228,ref_boot_edgetts_cantonese_zh-HK-WanLungNeural_SC-000005_seg8s,0.0974,隐蔽(难检)
data/redteam/factory/segments/edgetts/dongbei/seg_edgetts_dongbei_zh-CN-liaoning-XiaobeiNeural_SC-000820_00.wav,edgetts,dongbei,SC-000820,zh-CN-liaoning-XiaobeiNeural,0.0976,隐蔽(难检)
data/redteam/factory/segments/edgetts/henan/seg_edgetts_henan_zh-CN-shaanxi-XiaoniNeural_SC-001224_01.wav,edgetts,henan,SC-001224,zh-CN-shaanxi-XiaoniNeural,0.0982,隐蔽(难检)
data/redteam/factory/segments/edgetts/dongbei/seg_edgetts_dongbei_zh-CN-liaoning-XiaobeiNeural_SC-001440_02.wav,edgetts,dongbei,SC-001440,zh-CN-liaoning-XiaobeiNeural,0.0983,隐蔽(难检)
data/redteam/factory/segments/edgetts/mandarin/seg_edgetts_mandarin_zh-CN-YunyangNeural_SC-000347_03.wav,edgetts,mandarin,SC-000347,zh-CN-YunyangNeural,0.0983,隐蔽(难检)
data/redteam/factory/segments/edgetts/cantonese/seg_edgetts_cantonese_zh-HK-WanLungNeural_SC-000547_03.wav,edgetts,cantonese,SC-000547,zh-HK-WanLungNeural,0.0985,隐蔽(难检)
data/redteam/factory/segments/edgetts/sichuan/seg_edgetts_sichuan_zh-CN-XiaoxiaoNeural_SC-000627_00.wav,edgetts,sichuan,SC-000627,zh-CN-XiaoxiaoNeural,0.0987,隐蔽(难检)
data/redteam/factory/segments/edgetts/sichuan/seg_edgetts_sichuan_zh-CN-YunxiNeural_SC-000373_00.wav,edgetts,sichuan,SC-000373,zh-CN-YunxiNeural,0.0988,隐蔽(难检)
data/redteam/factory/segments/edgetts/mandarin/seg_edgetts_mandarin_zh-CN-YunyangNeural_SC-000327_02.wav,edgetts,mandarin,SC-000327,zh-CN-YunyangNeural,0.0992,隐蔽(难检)
data/redteam/factory/segments/edgetts/mandarin/seg_edgetts_mandarin_zh-CN-YunxiNeural_SC-000511_02.wav,edgetts,mandarin,SC-000511,zh-CN-YunxiNeural,0.0993,隐蔽(难检)
data/redteam/factory/segments/edgetts/sichuan/seg_edgetts_sichuan_zh-CN-XiaoxiaoNeural_SC-001024_00.wav,edgetts,sichuan,SC-001024,zh-CN-XiaoxiaoNeural,0.0994,隐蔽(难检)
data/redteam/factory/segments/edgetts/mandarin/seg_edgetts_mandarin_zh-CN-YunyangNeural_SC-000341_02.wav,edgetts,mandarin,SC-000341,zh-CN-YunyangNeural,0.0994,隐蔽(难检)
data/redteam/factory/segments/edgetts/henan/seg_edgetts_henan_zh-CN-shaanxi-XiaoniNeural_SC-001106_03.wav,edgetts,henan,SC-001106,zh-CN-shaanxi-XiaoniNeural,0.0995,隐蔽(难检)
data/redteam/factory/segments/sovits_api/mandarin/seg_sovits_api_mandarin_ref_boot_edgetts_mandarin_zh-CN-YunjianNeural_SC-000007_seg8s_SC-000037_01.wav,sovits_api,mandarin,SC-000037,ref_boot_edgetts_mandarin_zh-CN-YunjianNeural_SC-000007_seg8s,0.0995,隐蔽(难检)
data/redteam/factory/segments/edgetts/mandarin/seg_edgetts_mandarin_zh-CN-YunxiNeural_SC-000341_02.wav,edgetts,mandarin,SC-000341,zh-CN-YunxiNeural,0.0996,隐蔽(难检)
data/redteam/factory/segments/sovits_api/cantonese/seg_sovits_api_cantonese_ref_boot_edgetts_cantonese_zh-HK-WanLungNeural_SC-000005_seg8s_SC-000245_05.wav,sovits_api,cantonese,SC-000245,ref_boot_edgetts_cantonese_zh-HK-WanLungNeural_SC-000005_seg8s,0.0998,隐蔽(难检)
data/redteam/factory/segments/edgetts/henan/seg_edgetts_henan_zh-CN-shaanxi-XiaoniNeural_SC-000623_00.wav,edgetts,henan,SC-000623,zh-CN-shaanxi-XiaoniNeural,0.0999,隐蔽(难检)
data/redteam/factory/segments/sovits_api/dongbei/seg_sovits_api_dongbei_ref_boot_edgetts_dongbei_zh-CN-liaoning-XiaobeiNeural_SC-000002_seg8s_SC-000124_01.wav,sovits_api,dongbei,SC-000124,ref_boot_edgetts_dongbei_zh-CN-liaoning-XiaobeiNeural_SC-000002_seg8s,0.1002,隐蔽(难检)
data/redteam/factory/segments/edgetts/dongbei/seg_edgetts_dongbei_zh-CN-liaoning-XiaobeiNeural_SC-000438_00.wav,edgetts,dongbei,SC-000438,zh-CN-liaoning-XiaobeiNeural,0.1003,隐蔽(难检)
data/redteam/factory/segments/edgetts/henan/seg_edgetts_henan_zh-CN-shaanxi-XiaoniNeural_SC-000430_00.wav,edgetts,henan,SC-000430,zh-CN-shaanxi-XiaoniNeural,0.1005,隐蔽(难检)
data/redteam/factory/segments/edgetts/henan/seg_edgetts_henan_zh-CN-shaanxi-XiaoniNeural_SC-001425_03.wav,edgetts,henan,SC-001425,zh-CN-shaanxi-XiaoniNeural,0.101,隐蔽(难检)
data/redteam/factory/segments/edgetts/mandarin/seg_edgetts_mandarin_zh-CN-YunyangNeural_SC-000017_06.wav,edgetts,mandarin,SC-000017,zh-CN-YunyangNeural,0.1011,隐蔽(难检)
data/redteam/factory/segments/edgetts/dongbei/seg_edgetts_dongbei_zh-CN-liaoning-XiaobeiNeural_SC-000968_01.wav,edgetts,dongbei,SC-000968,zh-CN-liaoning-XiaobeiNeural,0.1011,隐蔽(难检)
data/redteam/factory/segments/edgetts/henan/seg_edgetts_henan_zh-CN-shaanxi-XiaoniNeural_SC-000024_02.wav,edgetts,henan,SC-000024,zh-CN-shaanxi-XiaoniNeural,0.1016,隐蔽(难检)
data/redteam/factory/segments/edgetts/sichuan/seg_edgetts_sichuan_zh-CN-YunxiNeural_SC-000375_02.wav,edgetts,sichuan,SC-000375,zh-CN-YunxiNeural,0.1016,隐蔽(难检)
data/redteam/factory/segments/edgetts/mandarin/seg_edgetts_mandarin_zh-CN-YunjianNeural_SC-000440_04.wav,edgetts,mandarin,SC-000440,zh-CN-YunjianNeural,0.1018,隐蔽(难检)
data/redteam/factory/segments/edgetts/mandarin/seg_edgetts_mandarin_zh-CN-YunxiNeural_SC-000507_01.wav,edgetts,mandarin,SC-000507,zh-CN-YunxiNeural,0.102,隐蔽(难检)
data/redteam/factory/segments/edgetts/sichuan/seg_edgetts_sichuan_zh-CN-XiaoxiaoNeural_SC-000353_00.wav,edgetts,sichuan,SC-000353,zh-CN-XiaoxiaoNeural,0.1023,隐蔽(难检)
data/redteam/factory/segments/edgetts/sichuan/seg_edgetts_sichuan_zh-CN-YunxiNeural_SC-000409_04.wav,edgetts,sichuan,SC-000409,zh-CN-YunxiNeural,0.1023,隐蔽(难检)
data/redteam/factory/segments/edgetts/sichuan/seg_edgetts_sichuan_zh-CN-XiaoxiaoNeural_SC-001061_01.wav,edgetts,sichuan,SC-001061,zh-CN-XiaoxiaoNeural,0.1027,隐蔽(难检)
data/redteam/factory/segments/sovits_api/dongbei/seg_sovits_api_dongbei_ref_boot_edgetts_dongbei_zh-CN-liaoning-XiaobeiNeural_SC-000002_seg8s_SC-000154_02.wav,sovits_api,dongbei,SC-000154,ref_boot_edgetts_dongbei_zh-CN-liaoning-XiaobeiNeural_SC-000002_seg8s,0.1028,隐蔽(难检)
data/redteam/factory/segments/edgetts/cantonese/seg_edgetts_cantonese_zh-HK-WanLungNeural_SC-000333_04.wav,edgetts,cantonese,SC-000333,zh-HK-WanLungNeural,0.1035,隐蔽(难检)
data/redteam/factory/segments/edgetts/mandarin/seg_edgetts_mandarin_zh-CN-XiaoxiaoNeural_SC-000480_00.wav,edgetts,mandarin,SC-000480,zh-CN-XiaoxiaoNeural,0.1035,隐蔽(难检)
data/redteam/factory/segments/edgetts/mandarin/seg_edgetts_mandarin_zh-CN-YunxiNeural_SC-000455_02.wav,edgetts,mandarin,SC-000455,zh-CN-YunxiNeural,0.1036,隐蔽(难检)
data/redteam/factory/segments/edgetts/henan/seg_edgetts_henan_zh-CN-shaanxi-XiaoniNeural_SC-001399_00.wav,edgetts,henan,SC-001399,zh-CN-shaanxi-XiaoniNeural,0.1041,隐蔽(难检)
data/redteam/factory/segments/edgetts/cantonese/seg_edgetts_cantonese_zh-HK-WanLungNeural_SC-000395_03.wav,edgetts,cantonese,SC-000395,zh-HK-WanLungNeural,0.105,隐蔽(难检)
data/redteam/factory/segments/edgetts/sichuan/seg_edgetts_sichuan_zh-CN-YunxiNeural_SC-000381_03.wav,edgetts,sichuan,SC-000381,zh-CN-YunxiNeural,0.1051,隐蔽(难检)
data/redteam/factory/segments/edgetts/dongbei/seg_edgetts_dongbei_zh-CN-liaoning-XiaobeiNeural_SC-001632_00.wav,edgetts,dongbei,SC-001632,zh-CN-liaoning-XiaobeiNeural,0.1054,隐蔽(难检)
data/redteam/factory/segments/edgetts/mandarin/seg_edgetts_mandarin_zh-CN-YunjianNeural_SC-000474_02.wav,edgetts,mandarin,SC-000474,zh-CN-YunjianNeural,0.1054,隐蔽(难检)
data/redteam/factory/segments/edgetts/henan/seg_edgetts_henan_zh-CN-shaanxi-XiaoniNeural_SC-001425_05.wav,edgetts,henan,SC-001425,zh-CN-shaanxi-XiaoniNeural,0.1054,隐蔽(难检)
data/redteam/factory/segments/sovits_api/cantonese/seg_sovits_api_cantonese_ref_boot_edgetts_cantonese_zh-HK-HiuMaanNeural_SC-000005_seg8s_SC-000116_03.wav,sovits_api,cantonese,SC-000116,ref_boot_edgetts_cantonese_zh-HK-HiuMaanNeural_SC-000005_seg8s,0.1054,隐蔽(难检)
data/redteam/factory/segments/edgetts/mandarin/seg_edgetts_mandarin_zh-CN-YunyangNeural_SC-000480_00.wav,edgetts,mandarin,SC-000480,zh-CN-YunyangNeural,0.1059,隐蔽(难检)
data/redteam/factory/segments/edgetts/mandarin/seg_edgetts_mandarin_zh-CN-YunyangNeural_SC-000449_02.wav,edgetts,mandarin,SC-000449,zh-CN-YunyangNeural,0.1064,隐蔽(难检)
data/redteam/factory/segments/edgetts/henan/seg_edgetts_henan_zh-CN-shaanxi-XiaoniNeural_SC-000914_00.wav,edgetts,henan,SC-000914,zh-CN-shaanxi-XiaoniNeural,0.1065,隐蔽(难检)
data/redteam/factory/segments/edgetts/henan/seg_edgetts_henan_zh-CN-shaanxi-XiaoniNeural_SC-000106_01.wav,edgetts,henan,SC-000106,zh-CN-shaanxi-XiaoniNeural,0.1066,隐蔽(难检)
data/redteam/factory/segments/edgetts/mandarin/seg_edgetts_mandarin_zh-CN-YunyangNeural_SC-000480_02.wav,edgetts,mandarin,SC-000480,zh-CN-YunyangNeural,0.107,隐蔽(难检)
data/redteam/factory/segments/edgetts/mandarin/seg_edgetts_mandarin_zh-CN-XiaoxiaoNeural_SC-000511_00.wav,edgetts,mandarin,SC-000511,zh-CN-XiaoxiaoNeural,0.1071,隐蔽(难检)
data/redteam/factory/segments/edgetts/mandarin/seg_edgetts_mandarin_zh-CN-XiaoxiaoNeural_SC-000327_04.wav,edgetts,mandarin,SC-000327,zh-CN-XiaoxiaoNeural,0.1072,隐蔽(难检)
data/redteam/factory/segments/edgetts/dongbei/seg_edgetts_dongbei_zh-CN-liaoning-XiaobeiNeural_SC-000017_00.wav,edgetts,dongbei,SC-000017,zh-CN-liaoning-XiaobeiNeural,0.1073,隐蔽(难检)
data/redteam/factory/segments/edgetts/henan/seg_edgetts_henan_zh-CN-shaanxi-XiaoniNeural_SC-000728_01.wav,edgetts,henan,SC-000728,zh-CN-shaanxi-XiaoniNeural,0.1077,隐蔽(难检)
data/redteam/factory/segments/edgetts/cantonese/seg_edgetts_cantonese_zh-HK-WanLungNeural_SC-001286_01.wav,edgetts,cantonese,SC-001286,zh-HK-WanLungNeural,0.108,隐蔽(难检)
data/redteam/factory/segments/edgetts/mandarin/seg_edgetts_mandarin_zh-CN-YunjianNeural_SC-000449_03.wav,edgetts,mandarin,SC-000449,zh-CN-YunjianNeural,0.1081,隐蔽(难检)
data/redteam/factory/segments/edgetts/dongbei/seg_edgetts_dongbei_zh-CN-liaoning-XiaobeiNeural_SC-000749_00.wav,edgetts,dongbei,SC-000749,zh-CN-liaoning-XiaobeiNeural,0.1082,隐蔽(难检)
data/redteam/factory/segments/sovits_api/cantonese/seg_sovits_api_cantonese_ref_boot_edgetts_cantonese_zh-HK-WanLungNeural_SC-000005_seg8s_SC-000245_01.wav,sovits_api,cantonese,SC-000245,ref_boot_edgetts_cantonese_zh-HK-WanLungNeural_SC-000005_seg8s,0.1082,隐蔽(难检)
data/redteam/factory/segments/edgetts/minnan/seg_edgetts_minnan_zh-TW-YunJheNeural_SC-000841_00.wav,edgetts,minnan,SC-000841,zh-TW-YunJheNeural,0.1083,隐蔽(难检)
data/redteam/factory/segments/edgetts/henan/seg_edgetts_henan_zh-CN-shaanxi-XiaoniNeural_SC-000499_00.wav,edgetts,henan,SC-000499,zh-CN-shaanxi-XiaoniNeural,0.1084,隐蔽(难检)
data/redteam/factory/segments/edgetts/mandarin/seg_edgetts_mandarin_zh-CN-YunjianNeural_SC-000159_00.wav,edgetts,mandarin,SC-000159,zh-CN-YunjianNeural,0.1085,隐蔽(难检)
data/redteam/factory/segments/edgetts/henan/seg_edgetts_henan_zh-CN-shaanxi-XiaoniNeural_SC-000365_04.wav,edgetts,henan,SC-000365,zh-CN-shaanxi-XiaoniNeural,0.1086,隐蔽(难检)
data/redteam/factory/segments/edgetts/mandarin/seg_edgetts_mandarin_zh-CN-YunyangNeural_SC-000440_00.wav,edgetts,mandarin,SC-000440,zh-CN-YunyangNeural,0.1092,隐蔽(难检)
data/redteam/factory/segments/sovits_api/sichuan/seg_sovits_api_sichuan_ref_boot_edgetts_sichuan_zh-CN-XiaoxiaoNeural_SC-000010_SC-000255_01.wav,sovits_api,sichuan,SC-000255,ref_boot_edgetts_sichuan_zh-CN-XiaoxiaoNeural_SC-000010,0.1093,隐蔽(难检)
data/redteam/factory/segments/edgetts/dongbei/seg_edgetts_dongbei_zh-CN-liaoning-XiaobeiNeural_SC-000231_02.wav,edgetts,dongbei,SC-000231,zh-CN-liaoning-XiaobeiNeural,0.1095,隐蔽(难检)
data/redteam/factory/segments/edgetts/sichuan/seg_edgetts_sichuan_zh-CN-YunxiNeural_SC-000996_00.wav,edgetts,sichuan,SC-000996,zh-CN-YunxiNeural,0.1095,隐蔽(难检)
data/redteam/factory/segments/edgetts/sichuan/seg_edgetts_sichuan_zh-CN-YunxiNeural_SC-000409_01.wav,edgetts,sichuan,SC-000409,zh-CN-YunxiNeural,0.1096,隐蔽(难检)
data/redteam/factory/segments/sovits_api/mandarin/seg_sovits_api_mandarin_ref_boot_edgetts_mandarin_zh-CN-XiaoxiaoNeural_SC-000007_seg8s_SC-000019_03.wav,sovits_api,mandarin,SC-000019,ref_boot_edgetts_mandarin_zh-CN-XiaoxiaoNeural_SC-000007_seg8s,0.1096,隐蔽(难检)
data/redteam/factory/segments/sovits_api/minnan/seg_sovits_api_minnan_ref_boot_edgetts_minnan_zh-TW-HsiaoChenNeural_SC-000001_SC-000143_04.wav,sovits_api,minnan,SC-000143,ref_boot_edgetts_minnan_zh-TW-HsiaoChenNeural_SC-000001,0.1097,隐蔽(难检)
data/redteam/factory/segments/edgetts/cantonese/seg_edgetts_cantonese_zh-HK-WanLungNeural_SC-000427_00.wav,edgetts,cantonese,SC-000427,zh-HK-WanLungNeural,0.11,隐蔽(难检)
data/redteam/factory/segments/edgetts/cantonese/seg_edgetts_cantonese_zh-HK-WanLungNeural_SC-000017_06.wav,edgetts,cantonese,SC-000017,zh-HK-WanLungNeural,0.1103,隐蔽(难检)
data/redteam/factory/segments/edgetts/cantonese/seg_edgetts_cantonese_zh-HK-WanLungNeural_SC-001184_03.wav,edgetts,cantonese,SC-001184,zh-HK-WanLungNeural,0.1105,隐蔽(难检)
data/redteam/factory/segments/edgetts/mandarin/seg_edgetts_mandarin_zh-CN-YunxiNeural_SC-000511_00.wav,edgetts,mandarin,SC-000511,zh-CN-YunxiNeural,0.1106,隐蔽(难检)
data/redteam/factory/segments/edgetts/mandarin/seg_edgetts_mandarin_zh-CN-YunjianNeural_SC-000507_01.wav,edgetts,mandarin,SC-000507,zh-CN-YunjianNeural,0.1108,隐蔽(难检)
data/redteam/factory/segments/edgetts/sichuan/seg_edgetts_sichuan_zh-CN-XiaoxiaoNeural_SC-000165_00.wav,edgetts,sichuan,SC-000165,zh-CN-XiaoxiaoNeural,0.1113,隐蔽(难检)
data/redteam/factory/segments/edgetts/minnan/seg_edgetts_minnan_zh-TW-HsiaoChenNeural_SC-000881_00.wav,edgetts,minnan,SC-000881,zh-TW-HsiaoChenNeural,0.1115,隐蔽(难检)
data/redteam/factory/segments/edgetts/cantonese/seg_edgetts_cantonese_zh-HK-WanLungNeural_SC-001419_00.wav,edgetts,cantonese,SC-001419,zh-HK-WanLungNeural,0.1117,隐蔽(难检)
data/redteam/factory/segments/edgetts/sichuan/seg_edgetts_sichuan_zh-CN-XiaoxiaoNeural_SC-000375_04.wav,edgetts,sichuan,SC-000375,zh-CN-XiaoxiaoNeural,0.1121,隐蔽(难检)
data/redteam/factory/segments/edgetts/sichuan/seg_edgetts_sichuan_zh-CN-XiaoxiaoNeural_SC-001061_03.wav,edgetts,sichuan,SC-001061,zh-CN-XiaoxiaoNeural,0.1121,隐蔽(难检)
data/redteam/factory/segments/edgetts/cantonese/seg_edgetts_cantonese_zh-HK-WanLungNeural_SC-000245_07.wav,edgetts,cantonese,SC-000245,zh-HK-WanLungNeural,0.1123,隐蔽(难检)
data/redteam/factory/segments/edgetts/mandarin/seg_edgetts_mandarin_zh-CN-YunyangNeural_SC-000341_00.wav,edgetts,mandarin,SC-000341,zh-CN-YunyangNeural,0.1123,隐蔽(难检)
data/redteam/factory/segments/edgetts/mandarin/seg_edgetts_mandarin_zh-CN-YunjianNeural_SC-000036_01.wav,edgetts,mandarin,SC-000036,zh-CN-YunjianNeural,0.1125,隐蔽(难检)
data/redteam/factory/segments/edgetts/cantonese/seg_edgetts_cantonese_zh-HK-WanLungNeural_SC-001537_04.wav,edgetts,cantonese,SC-001537,zh-HK-WanLungNeural,0.1125,隐蔽(难检)
data/redteam/factory/segments/edgetts/mandarin/seg_edgetts_mandarin_zh-CN-XiaoxiaoNeural_SC-000304_00.wav,edgetts,mandarin,SC-000304,zh-CN-XiaoxiaoNeural,0.1125,隐蔽(难检)
data/redteam/factory/segments/edgetts/mandarin/seg_edgetts_mandarin_zh-CN-XiaoxiaoNeural_SC-000335_03.wav,edgetts,mandarin,SC-000335,zh-CN-XiaoxiaoNeural,0.1127,隐蔽(难检)
data/redteam/factory/segments/edgetts/mandarin/seg_edgetts_mandarin_zh-CN-YunxiNeural_SC-000347_01.wav,edgetts,mandarin,SC-000347,zh-CN-YunxiNeural,0.1129,隐蔽(难检)
data/redteam/factory/segments/edgetts/sichuan/seg_edgetts_sichuan_zh-CN-YunxiNeural_SC-000379_01.wav,edgetts,sichuan,SC-000379,zh-CN-YunxiNeural,0.1129,隐蔽(难检)
data/redteam/factory/segments/edgetts/mandarin/seg_edgetts_mandarin_zh-CN-YunxiNeural_SC-000507_00.wav,edgetts,mandarin,SC-000507,zh-CN-YunxiNeural,0.1131,隐蔽(难检)
data/redteam/factory/segments/edgetts/cantonese/seg_edgetts_cantonese_zh-HK-WanLungNeural_SC-001080_02.wav,edgetts,cantonese,SC-001080,zh-HK-WanLungNeural,0.1131,隐蔽(难检)
data/redteam/factory/segments/edgetts/cantonese/seg_edgetts_cantonese_zh-HK-WanLungNeural_SC-000245_01.wav,edgetts,cantonese,SC-000245,zh-HK-WanLungNeural,0.1134,隐蔽(难检)
data/redteam/factory/segments/edgetts/mandarin/seg_edgetts_mandarin_zh-CN-YunxiNeural_SC-000159_02.wav,edgetts,mandarin,SC-000159,zh-CN-YunxiNeural,0.1135,隐蔽(难检)
data/redteam/factory/segments/edgetts/sichuan/seg_edgetts_sichuan_zh-CN-XiaoxiaoNeural_SC-000513_04.wav,edgetts,sichuan,SC-000513,zh-CN-XiaoxiaoNeural,0.1138,隐蔽(难检)
data/redteam/factory/segments/sovits_api/minnan/seg_sovits_api_minnan_ref_boot_edgetts_minnan_zh-TW-HsiaoChenNeural_SC-000001_SC-000218_03.wav,sovits_api,minnan,SC-000218,ref_boot_edgetts_minnan_zh-TW-HsiaoChenNeural_SC-000001,0.1143,隐蔽(难检)
data/redteam/factory/segments/sovits_api/mandarin/seg_sovits_api_mandarin_ref_boot_edgetts_mandarin_zh-CN-YunjianNeural_SC-000007_seg8s_SC-000069_00.wav,sovits_api,mandarin,SC-000069,ref_boot_edgetts_mandarin_zh-CN-YunjianNeural_SC-000007_seg8s,0.1145,隐蔽(难检)
data/redteam/factory/segments/sovits_api/cantonese/seg_sovits_api_cantonese_ref_boot_edgetts_cantonese_zh-HK-WanLungNeural_SC-000005_seg8s_SC-000228_01.wav,sovits_api,cantonese,SC-000228,ref_boot_edgetts_cantonese_zh-HK-WanLungNeural_SC-000005_seg8s,0.1149,隐蔽(难检)
data/redteam/factory/segments/edgetts/sichuan/seg_edgetts_sichuan_zh-CN-XiaoxiaoNeural_SC-000375_02.wav,edgetts,sichuan,SC-000375,zh-CN-XiaoxiaoNeural,0.1151,隐蔽(难检)
data/redteam/factory/segments/edgetts/minnan/seg_edgetts_minnan_zh-TW-YunJheNeural_SC-000719_00.wav,edgetts,minnan,SC-000719,zh-TW-YunJheNeural,0.1152,隐蔽(难检)
data/redteam/factory/segments/edgetts/henan/seg_edgetts_henan_zh-CN-shaanxi-XiaoniNeural_SC-001054_03.wav,edgetts,henan,SC-001054,zh-CN-shaanxi-XiaoniNeural,0.1153,隐蔽(难检)
data/redteam/factory/segments/edgetts/mandarin/seg_edgetts_mandarin_zh-CN-YunyangNeural_SC-000327_01.wav,edgetts,mandarin,SC-000327,zh-CN-YunyangNeural,0.1155,隐蔽(难检)
data/redteam/factory/segments/edgetts/cantonese/seg_edgetts_cantonese_zh-HK-WanLungNeural_SC-001294_02.wav,edgetts,cantonese,SC-001294,zh-HK-WanLungNeural,0.1155,隐蔽(难检)
data/redteam/factory/segments/edgetts/cantonese/seg_edgetts_cantonese_zh-HK-WanLungNeural_SC-000116_03.wav,edgetts,cantonese,SC-000116,zh-HK-WanLungNeural,0.1159,隐蔽(难检)
data/redteam/factory/segments/edgetts/mandarin/seg_edgetts_mandarin_zh-CN-YunyangNeural_SC-000017_05.wav,edgetts,mandarin,SC-000017,zh-CN-YunyangNeural,0.116,隐蔽(难检)
data/redteam/factory/segments/edgetts/mandarin/seg_edgetts_mandarin_zh-CN-YunyangNeural_SC-000159_00.wav,edgetts,mandarin,SC-000159,zh-CN-YunyangNeural,0.1164,隐蔽(难检)
data/redteam/factory/segments/edgetts/mandarin/seg_edgetts_mandarin_zh-CN-YunjianNeural_SC-000455_00.wav,edgetts,mandarin,SC-000455,zh-CN-YunjianNeural,0.1167,隐蔽(难检)
data/redteam/factory/segments/edgetts/mandarin/seg_edgetts_mandarin_zh-CN-YunjianNeural_SC-000235_03.wav,edgetts,mandarin,SC-000235,zh-CN-YunjianNeural,0.117,隐蔽(难检)
data/redteam/factory/segments/sovits_api/mandarin/seg_sovits_api_mandarin_ref_boot_edgetts_mandarin_zh-CN-XiaoxiaoNeural_SC-000007_seg8s_SC-000037_03.wav,sovits_api,mandarin,SC-000037,ref_boot_edgetts_mandarin_zh-CN-XiaoxiaoNeural_SC-000007_seg8s,0.117,隐蔽(难检)
data/redteam/factory/segments/sovits_api/sichuan/seg_sovits_api_sichuan_ref_boot_edgetts_sichuan_zh-CN-YunxiNeural_SC-000010_SC-000251_00.wav,sovits_api,sichuan,SC-000251,ref_boot_edgetts_sichuan_zh-CN-YunxiNeural_SC-000010,0.1172,隐蔽(难检)
data/redteam/factory/segments/sovits_api/sichuan/seg_sovits_api_sichuan_ref_boot_edgetts_sichuan_zh-CN-XiaoxiaoNeural_SC-000010_SC-000251_00.wav,sovits_api,sichuan,SC-000251,ref_boot_edgetts_sichuan_zh-CN-XiaoxiaoNeural_SC-000010,0.1173,隐蔽(难检)
data/redteam/factory/segments/edgetts/dongbei/seg_edgetts_dongbei_zh-CN-liaoning-XiaobeiNeural_SC-000264_04.wav,edgetts,dongbei,SC-000264,zh-CN-liaoning-XiaobeiNeural,0.1175,隐蔽(难检)
data/redteam/factory/segments/edgetts/henan/seg_edgetts_henan_zh-CN-shaanxi-XiaoniNeural_SC-000818_00.wav,edgetts,henan,SC-000818,zh-CN-shaanxi-XiaoniNeural,0.1175,隐蔽(难检)
data/redteam/factory/segments/edgetts/cantonese/seg_edgetts_cantonese_zh-HK-WanLungNeural_SC-001294_01.wav,edgetts,cantonese,SC-001294,zh-HK-WanLungNeural,0.1176,隐蔽(难检)
data/redteam/factory/segments/edgetts/sichuan/seg_edgetts_sichuan_zh-CN-XiaoxiaoNeural_SC-000996_01.wav,edgetts,sichuan,SC-000996,zh-CN-XiaoxiaoNeural,0.1177,隐蔽(难检)
data/redteam/factory/segments/edgetts/mandarin/seg_edgetts_mandarin_zh-CN-YunjianNeural_SC-000327_03.wav,edgetts,mandarin,SC-000327,zh-CN-YunjianNeural,0.1191,隐蔽(难检)
data/redteam/factory/segments/edgetts/mandarin/seg_edgetts_mandarin_zh-CN-YunjianNeural_SC-000327_02.wav,edgetts,mandarin,SC-000327,zh-CN-YunjianNeural,0.1198,隐蔽(难检)
data/redteam/factory/segments/edgetts/minnan/seg_edgetts_minnan_zh-TW-HsiaoChenNeural_SC-001215_00.wav,edgetts,minnan,SC-001215,zh-TW-HsiaoChenNeural,0.1198,隐蔽(难检)
data/redteam/factory/segments/edgetts/cantonese/seg_edgetts_cantonese_zh-HK-WanLungNeural_SC-000103_01.wav,edgetts,cantonese,SC-000103,zh-HK-WanLungNeural,0.1199,隐蔽(难检)
data/redteam/factory/segments/sovits_api/mandarin/seg_sovits_api_mandarin_ref_boot_edgetts_mandarin_zh-CN-YunjianNeural_SC-000007_seg8s_SC-000090_01.wav,sovits_api,mandarin,SC-000090,ref_boot_edgetts_mandarin_zh-CN-YunjianNeural_SC-000007_seg8s,0.1199,隐蔽(难检)
data/redteam/factory/segments/edgetts/dongbei/seg_edgetts_dongbei_zh-CN-liaoning-XiaobeiNeural_SC-000405_00.wav,edgetts,dongbei,SC-000405,zh-CN-liaoning-XiaobeiNeural,0.1202,隐蔽(难检)
data/redteam/factory/segments/sovits_api/cantonese/seg_sovits_api_cantonese_ref_boot_edgetts_cantonese_zh-HK-WanLungNeural_SC-000005_seg8s_SC-000333_02.wav,sovits_api,cantonese,SC-000333,ref_boot_edgetts_cantonese_zh-HK-WanLungNeural_SC-000005_seg8s,0.1204,隐蔽(难检)
data/redteam/factory/segments/edgetts/mandarin/seg_edgetts_mandarin_zh-CN-YunjianNeural_SC-000017_00.wav,edgetts,mandarin,SC-000017,zh-CN-YunjianNeural,0.1211,隐蔽(难检)
data/redteam/factory/segments/edgetts/sichuan/seg_edgetts_sichuan_zh-CN-XiaoxiaoNeural_SC-000722_01.wav,edgetts,sichuan,SC-000722,zh-CN-XiaoxiaoNeural,0.1213,隐蔽(难检)
data/redteam/factory/segments/sovits_api/mandarin/seg_sovits_api_mandarin_ref_boot_edgetts_mandarin_zh-CN-YunjianNeural_SC-000007_seg8s_SC-000036_04.wav,sovits_api,mandarin,SC-000036,ref_boot_edgetts_mandarin_zh-CN-YunjianNeural_SC-000007_seg8s,0.1213,隐蔽(难检)
data/redteam/factory/segments/sovits_api/cantonese/seg_sovits_api_cantonese_ref_boot_edgetts_cantonese_zh-HK-WanLungNeural_SC-000005_seg8s_SC-000245_00.wav,sovits_api,cantonese,SC-000245,ref_boot_edgetts_cantonese_zh-HK-WanLungNeural_SC-000005_seg8s,0.1214,隐蔽(难检)
data/redteam/factory/segments/sovits_api/henan/seg_sovits_api_henan_ref_boot_edgetts_henan_zh-CN-shaanxi-XiaoniNeural_SC-000009_seg8s_SC-000017_03.wav,sovits_api,henan,SC-000017,ref_boot_edgetts_henan_zh-CN-shaanxi-XiaoniNeural_SC-000009_seg8s,0.1216,隐蔽(难检)
data/redteam/factory/segments/edgetts/cantonese/seg_edgetts_cantonese_zh-HK-WanLungNeural_SC-000017_04.wav,edgetts,cantonese,SC-000017,zh-HK-WanLungNeural,0.1217,隐蔽(难检)
data/redteam/factory/segments/edgetts/cantonese/seg_edgetts_cantonese_zh-HK-WanLungNeural_SC-000810_02.wav,edgetts,cantonese,SC-000810,zh-HK-WanLungNeural,0.1217,隐蔽(难检)
data/redteam/factory/segments/sovits_api/henan/seg_sovits_api_henan_ref_boot_edgetts_henan_zh-CN-shaanxi-XiaoniNeural_SC-000009_seg8s_SC-000137_01.wav,sovits_api,henan,SC-000137,ref_boot_edgetts_henan_zh-CN-shaanxi-XiaoniNeural_SC-000009_seg8s,0.1223,隐蔽(难检)
data/redteam/factory/segments/edgetts/cantonese/seg_edgetts_cantonese_zh-HK-WanLungNeural_SC-000998_00.wav,edgetts,cantonese,SC-000998,zh-HK-WanLungNeural,0.1226,隐蔽(难检)
data/redteam/factory/segments/edgetts/henan/seg_edgetts_henan_zh-CN-shaanxi-XiaoniNeural_SC-000906_03.wav,edgetts,henan,SC-000906,zh-CN-shaanxi-XiaoniNeural,0.1232,隐蔽(难检)
data/redteam/factory/segments/edgetts/cantonese/seg_edgetts_cantonese_zh-HK-WanLungNeural_SC-001080_04.wav,edgetts,cantonese,SC-001080,zh-HK-WanLungNeural,0.1233,隐蔽(难检)
data/redteam/factory/segments/sovits_api/minnan/seg_sovits_api_minnan_ref_boot_edgetts_minnan_zh-TW-YunJheNeural_SC-000001_SC-000367_00.wav,sovits_api,minnan,SC-000367,ref_boot_edgetts_minnan_zh-TW-YunJheNeural_SC-000001,0.1234,隐蔽(难检)
data/redteam/factory/segments/edgetts/henan/seg_edgetts_henan_zh-CN-shaanxi-XiaoniNeural_SC-000432_00.wav,edgetts,henan,SC-000432,zh-CN-shaanxi-XiaoniNeural,0.1235,隐蔽(难检)
data/redteam/factory/segments/edgetts/minnan/seg_edgetts_minnan_zh-TW-HsiaoChenNeural_SC-000465_01.wav,edgetts,minnan,SC-000465,zh-TW-HsiaoChenNeural,0.1237,隐蔽(难检)
data/redteam/factory/segments/edgetts/sichuan/seg_edgetts_sichuan_zh-CN-XiaoxiaoNeural_SC-000115_04.wav,edgetts,sichuan,SC-000115,zh-CN-XiaoxiaoNeural,0.1239,隐蔽(难检)
data/redteam/factory/segments/edgetts/henan/seg_edgetts_henan_zh-CN-shaanxi-XiaoniNeural_SC-000873_00.wav,edgetts,henan,SC-000873,zh-CN-shaanxi-XiaoniNeural,0.1239,隐蔽(难检)
data/redteam/factory/segments/sovits_api/cantonese/seg_sovits_api_cantonese_ref_boot_edgetts_cantonese_zh-HK-WanLungNeural_SC-000005_seg8s_SC-000048_02.wav,sovits_api,cantonese,SC-000048,ref_boot_edgetts_cantonese_zh-HK-WanLungNeural_SC-000005_seg8s,0.1241,隐蔽(难检)
data/redteam/factory/segments/edgetts/henan/seg_edgetts_henan_zh-CN-shaanxi-XiaoniNeural_SC-000906_04.wav,edgetts,henan,SC-000906,zh-CN-shaanxi-XiaoniNeural,0.1242,隐蔽(难检)
data/redteam/factory/segments/edgetts/cantonese/seg_edgetts_cantonese_zh-HK-WanLungNeural_SC-001340_00.wav,edgetts,cantonese,SC-001340,zh-HK-WanLungNeural,0.1246,隐蔽(难检)
data/redteam/factory/segments/sovits_api/minnan/seg_sovits_api_minnan_ref_boot_edgetts_minnan_zh-TW-HsiaoChenNeural_SC-000001_SC-000056_01.wav,sovits_api,minnan,SC-000056,ref_boot_edgetts_minnan_zh-TW-HsiaoChenNeural_SC-000001,0.1249,隐蔽(难检)
data/redteam/factory/segments/sovits_api/henan/seg_sovits_api_henan_ref_boot_edgetts_henan_zh-CN-shaanxi-XiaoniNeural_SC-000009_seg8s_SC-000137_00.wav,sovits_api,henan,SC-000137,ref_boot_edgetts_henan_zh-CN-shaanxi-XiaoniNeural_SC-000009_seg8s,0.1255,隐蔽(难检)
data/redteam/factory/segments/edgetts/sichuan/seg_edgetts_sichuan_zh-CN-XiaoxiaoNeural_SC-001451_00.wav,edgetts,sichuan,SC-001451,zh-CN-XiaoxiaoNeural,0.1258,隐蔽(难检)
data/redteam/factory/segments/sovits_api/cantonese/seg_sovits_api_cantonese_ref_boot_edgetts_cantonese_zh-HK-WanLungNeural_SC-000005_seg8s_SC-000103_03.wav,sovits_api,cantonese,SC-000103,ref_boot_edgetts_cantonese_zh-HK-WanLungNeural_SC-000005_seg8s,0.1259,隐蔽(难检)
data/redteam/factory/segments/edgetts/dongbei/seg_edgetts_dongbei_zh-CN-liaoning-XiaobeiNeural_SC-001092_02.wav,edgetts,dongbei,SC-001092,zh-CN-liaoning-XiaobeiNeural,0.126,隐蔽(难检)
data/redteam/factory/segments/edgetts/sichuan/seg_edgetts_sichuan_zh-CN-YunxiNeural_SC-000879_01.wav,edgetts,sichuan,SC-000879,zh-CN-YunxiNeural,0.126,隐蔽(难检)
data/redteam/factory/segments/edgetts/dongbei/seg_edgetts_dongbei_zh-CN-liaoning-XiaobeiNeural_SC-001209_00.wav,edgetts,dongbei,SC-001209,zh-CN-liaoning-XiaobeiNeural,0.126,隐蔽(难检)
data/redteam/factory/segments/edgetts/henan/seg_edgetts_henan_zh-CN-shaanxi-XiaoniNeural_SC-000773_03.wav,edgetts,henan,SC-000773,zh-CN-shaanxi-XiaoniNeural,0.1262,隐蔽(难检)
data/redteam/factory/segments/edgetts/sichuan/seg_edgetts_sichuan_zh-CN-YunxiNeural_SC-000743_01.wav,edgetts,sichuan,SC-000743,zh-CN-YunxiNeural,0.1263,隐蔽(难检)
data/redteam/factory/segments/edgetts/mandarin/seg_edgetts_mandarin_zh-CN-YunjianNeural_SC-000204_03.wav,edgetts,mandarin,SC-000204,zh-CN-YunjianNeural,0.1265,隐蔽(难检)
data/redteam/factory/segments/edgetts/henan/seg_edgetts_henan_zh-CN-shaanxi-XiaoniNeural_SC-000621_00.wav,edgetts,henan,SC-000621,zh-CN-shaanxi-XiaoniNeural,0.1267,隐蔽(难检)
data/redteam/factory/segments/sovits_api/cantonese/seg_sovits_api_cantonese_ref_boot_edgetts_cantonese_zh-HK-WanLungNeural_SC-000005_seg8s_SC-000116_00.wav,sovits_api,cantonese,SC-000116,ref_boot_edgetts_cantonese_zh-HK-WanLungNeural_SC-000005_seg8s,0.1268,隐蔽(难检)
data/redteam/factory/segments/edgetts/dongbei/seg_edgetts_dongbei_zh-CN-liaoning-XiaobeiNeural_SC-001088_02.wav,edgetts,dongbei,SC-001088,zh-CN-liaoning-XiaobeiNeural,0.1272,隐蔽(难检)
data/redteam/factory/segments/edgetts/dongbei/seg_edgetts_dongbei_zh-CN-liaoning-XiaobeiNeural_SC-001305_02.wav,edgetts,dongbei,SC-001305,zh-CN-liaoning-XiaobeiNeural,0.1273,隐蔽(难检)
data/redteam/factory/segments/edgetts/mandarin/seg_edgetts_mandarin_zh-CN-YunyangNeural_SC-000017_00.wav,edgetts,mandarin,SC-000017,zh-CN-YunyangNeural,0.1276,隐蔽(难检)
data/redteam/factory/segments/edgetts/sichuan/seg_edgetts_sichuan_zh-CN-XiaoxiaoNeural_SC-000381_03.wav,edgetts,sichuan,SC-000381,zh-CN-XiaoxiaoNeural,0.1276,隐蔽(难检)
data/redteam/factory/segments/edgetts/sichuan/seg_edgetts_sichuan_zh-CN-XiaoxiaoNeural_SC-000429_03.wav,edgetts,sichuan,SC-000429,zh-CN-XiaoxiaoNeural,0.1276,隐蔽(难检)
data/redteam/factory/segments/edgetts/cantonese/seg_edgetts_cantonese_zh-HK-WanLungNeural_SC-000666_02.wav,edgetts,cantonese,SC-000666,zh-HK-WanLungNeural,0.1277,隐蔽(难检)
data/redteam/factory/segments/edgetts/sichuan/seg_edgetts_sichuan_zh-CN-YunxiNeural_SC-000436_02.wav,edgetts,sichuan,SC-000436,zh-CN-YunxiNeural,0.1279,隐蔽(难检)
data/redteam/factory/segments/edgetts/mandarin/seg_edgetts_mandarin_zh-CN-YunjianNeural_SC-000017_11.wav,edgetts,mandarin,SC-000017,zh-CN-YunjianNeural,0.1281,隐蔽(难检)
data/redteam/factory/segments/edgetts/sichuan/seg_edgetts_sichuan_zh-CN-XiaoxiaoNeural_SC-000576_04.wav,edgetts,sichuan,SC-000576,zh-CN-XiaoxiaoNeural,0.1283,隐蔽(难检)
data/redteam/factory/segments/sovits_api/mandarin/seg_sovits_api_mandarin_ref_boot_edgetts_mandarin_zh-CN-YunxiNeural_SC-000007_seg8s_SC-000036_04.wav,sovits_api,mandarin,SC-000036,ref_boot_edgetts_mandarin_zh-CN-YunxiNeural_SC-000007_seg8s,0.1283,隐蔽(难检)
data/redteam/factory/segments/edgetts/henan/seg_edgetts_henan_zh-CN-shaanxi-XiaoniNeural_SC-000531_00.wav,edgetts,henan,SC-000531,zh-CN-shaanxi-XiaoniNeural,0.1287,隐蔽(难检)
data/redteam/factory/segments/sovits_api/sichuan/seg_sovits_api_sichuan_ref_boot_edgetts_sichuan_zh-CN-XiaoxiaoNeural_SC-000010_SC-000165_03.wav,sovits_api,sichuan,SC-000165,ref_boot_edgetts_sichuan_zh-CN-XiaoxiaoNeural_SC-000010,0.1287,隐蔽(难检)
data/redteam/factory/segments/edgetts/mandarin/seg_edgetts_mandarin_zh-CN-YunxiNeural_SC-000159_00.wav,edgetts,mandarin,SC-000159,zh-CN-YunxiNeural,0.1288,隐蔽(难检)
data/redteam/factory/segments/sovits_api/cantonese/seg_sovits_api_cantonese_ref_boot_edgetts_cantonese_zh-HK-WanLungNeural_SC-000005_seg8s_SC-000245_03.wav,sovits_api,cantonese,SC-000245,ref_boot_edgetts_cantonese_zh-HK-WanLungNeural_SC-000005_seg8s,0.1289,隐蔽(难检)
data/redteam/factory/segments/edgetts/mandarin/seg_edgetts_mandarin_zh-CN-YunjianNeural_SC-000444_00.wav,edgetts,mandarin,SC-000444,zh-CN-YunjianNeural,0.1292,隐蔽(难检)
data/redteam/factory/segments/edgetts/mandarin/seg_edgetts_mandarin_zh-CN-YunjianNeural_SC-000507_02.wav,edgetts,mandarin,SC-000507,zh-CN-YunjianNeural,0.1292,隐蔽(难检)
data/redteam/factory/segments/edgetts/mandarin/seg_edgetts_mandarin_zh-CN-YunjianNeural_SC-000341_02.wav,edgetts,mandarin,SC-000341,zh-CN-YunjianNeural,0.1292,隐蔽(难检)
data/redteam/factory/segments/sovits_api/dongbei/seg_sovits_api_dongbei_ref_boot_edgetts_dongbei_zh-CN-liaoning-XiaobeiNeural_SC-000002_seg8s_SC-000231_02.wav,sovits_api,dongbei,SC-000231,ref_boot_edgetts_dongbei_zh-CN-liaoning-XiaobeiNeural_SC-000002_seg8s,0.1293,隐蔽(难检)
data/redteam/factory/segments/sovits_api/mandarin/seg_sovits_api_mandarin_ref_boot_edgetts_mandarin_zh-CN-XiaoxiaoNeural_SC-000007_seg8s_SC-000007_02.wav,sovits_api,mandarin,SC-000007,ref_boot_edgetts_mandarin_zh-CN-XiaoxiaoNeural_SC-000007_seg8s,0.1295,隐蔽(难检)
data/redteam/factory/segments/edgetts/dongbei/seg_edgetts_dongbei_zh-CN-liaoning-XiaobeiNeural_SC-001124_02.wav,edgetts,dongbei,SC-001124,zh-CN-liaoning-XiaobeiNeural,0.1296,隐蔽(难检)
data/redteam/factory/segments/edgetts/cantonese/seg_edgetts_cantonese_zh-HK-WanLungNeural_SC-000490_02.wav,edgetts,cantonese,SC-000490,zh-HK-WanLungNeural,0.1296,隐蔽(难检)
data/redteam/factory/segments/edgetts/mandarin/seg_edgetts_mandarin_zh-CN-YunxiNeural_SC-000327_03.wav,edgetts,mandarin,SC-000327,zh-CN-YunxiNeural,0.1297,隐蔽(难检)
data/redteam/factory/segments/edgetts/dongbei/seg_edgetts_dongbei_zh-CN-liaoning-XiaobeiNeural_SC-000017_07.wav,edgetts,dongbei,SC-000017,zh-CN-liaoning-XiaobeiNeural,0.1298,隐蔽(难检)
data/redteam/factory/segments/sovits_api/mandarin/seg_sovits_api_mandarin_ref_boot_edgetts_mandarin_zh-CN-XiaoxiaoNeural_SC-000007_seg8s_SC-000019_00.wav,sovits_api,mandarin,SC-000019,ref_boot_edgetts_mandarin_zh-CN-XiaoxiaoNeural_SC-000007_seg8s,0.1299,隐蔽(难检)
data/redteam/factory/segments/edgetts/mandarin/seg_edgetts_mandarin_zh-CN-XiaoxiaoNeural_SC-000341_01.wav,edgetts,mandarin,SC-000341,zh-CN-XiaoxiaoNeural,0.13,隐蔽(难检)
data/redteam/factory/segments/edgetts/cantonese/seg_edgetts_cantonese_zh-HK-WanLungNeural_SC-000699_02.wav,edgetts,cantonese,SC-000699,zh-HK-WanLungNeural,0.1301,隐蔽(难检)
data/redteam/factory/segments/edgetts/dongbei/seg_edgetts_dongbei_zh-CN-liaoning-XiaobeiNeural_SC-000541_00.wav,edgetts,dongbei,SC-000541,zh-CN-liaoning-XiaobeiNeural,0.1301,隐蔽(难检)
data/redteam/factory/segments/edgetts/cantonese/seg_edgetts_cantonese_zh-HK-WanLungNeural_SC-001042_01.wav,edgetts,cantonese,SC-001042,zh-HK-WanLungNeural,0.1305,隐蔽(难检)
data/redteam/factory/segments/edgetts/dongbei/seg_edgetts_dongbei_zh-CN-liaoning-XiaobeiNeural_SC-000781_00.wav,edgetts,dongbei,SC-000781,zh-CN-liaoning-XiaobeiNeural,0.1306,隐蔽(难检)
data/redteam/factory/segments/edgetts/sichuan/seg_edgetts_sichuan_zh-CN-YunxiNeural_SC-000996_01.wav,edgetts,sichuan,SC-000996,zh-CN-YunxiNeural,0.1306,隐蔽(难检)
data/redteam/factory/segments/edgetts/mandarin/seg_edgetts_mandarin_zh-CN-YunyangNeural_SC-000036_04.wav,edgetts,mandarin,SC-000036,zh-CN-YunyangNeural,0.1308,隐蔽(难检)
data/redteam/factory/segments/sovits_api/minnan/seg_sovits_api_minnan_ref_boot_edgetts_minnan_zh-TW-HsiaoChenNeural_SC-000001_SC-000369_00.wav,sovits_api,minnan,SC-000369,ref_boot_edgetts_minnan_zh-TW-HsiaoChenNeural_SC-000001,0.1309,隐蔽(难检)
data/redteam/factory/segments/edgetts/henan/seg_edgetts_henan_zh-CN-shaanxi-XiaoniNeural_SC-000567_02.wav,edgetts,henan,SC-000567,zh-CN-shaanxi-XiaoniNeural,0.131,隐蔽(难检)
data/redteam/factory/segments/edgetts/sichuan/seg_edgetts_sichuan_zh-CN-YunxiNeural_SC-000251_03.wav,edgetts,sichuan,SC-000251,zh-CN-YunxiNeural,0.1311,隐蔽(难检)
data/redteam/factory/segments/edgetts/dongbei/seg_edgetts_dongbei_zh-CN-liaoning-XiaobeiNeural_SC-001506_00.wav,edgetts,dongbei,SC-001506,zh-CN-liaoning-XiaobeiNeural,0.1311,隐蔽(难检)
data/redteam/factory/segments/edgetts/dongbei/seg_edgetts_dongbei_zh-CN-liaoning-XiaobeiNeural_SC-001632_06.wav,edgetts,dongbei,SC-001632,zh-CN-liaoning-XiaobeiNeural,0.1312,隐蔽(难检)
data/redteam/factory/segments/edgetts/cantonese/seg_edgetts_cantonese_zh-HK-WanLungNeural_SC-000017_03.wav,edgetts,cantonese,SC-000017,zh-HK-WanLungNeural,0.1314,隐蔽(难检)
data/redteam/factory/segments/edgetts/cantonese/seg_edgetts_cantonese_zh-HK-WanLungNeural_SC-000017_08.wav,edgetts,cantonese,SC-000017,zh-HK-WanLungNeural,0.1315,隐蔽(难检)
data/redteam/factory/segments/edgetts/henan/seg_edgetts_henan_zh-CN-shaanxi-XiaoniNeural_SC-001425_00.wav,edgetts,henan,SC-001425,zh-CN-shaanxi-XiaoniNeural,0.132,隐蔽(难检)
data/redteam/factory/segments/sovits_api/mandarin/seg_sovits_api_mandarin_ref_boot_edgetts_mandarin_zh-CN-YunxiNeural_SC-000007_seg8s_SC-000090_00.wav,sovits_api,mandarin,SC-000090,ref_boot_edgetts_mandarin_zh-CN-YunxiNeural_SC-000007_seg8s,0.1323,隐蔽(难检)
data/redteam/factory/segments/edgetts/cantonese/seg_edgetts_cantonese_zh-HK-WanLungNeural_SC-000625_02.wav,edgetts,cantonese,SC-000625,zh-HK-WanLungNeural,0.1324,隐蔽(难检)
data/redteam/factory/segments/sovits_api/sichuan/seg_sovits_api_sichuan_ref_boot_edgetts_sichuan_zh-CN-YunxiNeural_SC-000010_SC-000251_03.wav,sovits_api,sichuan,SC-000251,ref_boot_edgetts_sichuan_zh-CN-YunxiNeural_SC-000010,0.1324,隐蔽(难检)
data/redteam/factory/segments/edgetts/cantonese/seg_edgetts_cantonese_zh-HK-WanLungNeural_SC-000561_02.wav,edgetts,cantonese,SC-000561,zh-HK-WanLungNeural,0.1325,隐蔽(难检)
data/redteam/factory/segments/edgetts/mandarin/seg_edgetts_mandarin_zh-CN-YunjianNeural_SC-000341_04.wav,edgetts,mandarin,SC-000341,zh-CN-YunjianNeural,0.1326,隐蔽(难检)
data/redteam/factory/segments/edgetts/henan/seg_edgetts_henan_zh-CN-shaanxi-XiaoniNeural_SC-000024_00.wav,edgetts,henan,SC-000024,zh-CN-shaanxi-XiaoniNeural,0.1328,隐蔽(难检)
data/redteam/factory/segments/edgetts/dongbei/seg_edgetts_dongbei_zh-CN-liaoning-XiaobeiNeural_SC-001086_01.wav,edgetts,dongbei,SC-001086,zh-CN-liaoning-XiaobeiNeural,0.133,隐蔽(难检)
data/redteam/factory/segments/edgetts/sichuan/seg_edgetts_sichuan_zh-CN-YunxiNeural_SC-001028_02.wav,edgetts,sichuan,SC-001028,zh-CN-YunxiNeural,0.1331,隐蔽(难检)
data/redteam/factory/segments/edgetts/dongbei/seg_edgetts_dongbei_zh-CN-liaoning-XiaobeiNeural_SC-000656_01.wav,edgetts,dongbei,SC-000656,zh-CN-liaoning-XiaobeiNeural,0.1331,隐蔽(难检)
data/redteam/factory/segments/sovits_api/cantonese/seg_sovits_api_cantonese_ref_boot_edgetts_cantonese_zh-HK-WanLungNeural_SC-000005_seg8s_SC-000333_04.wav,sovits_api,cantonese,SC-000333,ref_boot_edgetts_cantonese_zh-HK-WanLungNeural_SC-000005_seg8s,0.1331,隐蔽(难检)
data/redteam/factory/segments/edgetts/cantonese/seg_edgetts_cantonese_zh-HK-WanLungNeural_SC-000711_03.wav,edgetts,cantonese,SC-000711,zh-HK-WanLungNeural,0.1332,隐蔽(难检)
data/redteam/factory/segments/sovits_api/minnan/seg_sovits_api_minnan_ref_boot_edgetts_minnan_zh-TW-HsiaoChenNeural_SC-000001_SC-000339_02.wav,sovits_api,minnan,SC-000339,ref_boot_edgetts_minnan_zh-TW-HsiaoChenNeural_SC-000001,0.1332,隐蔽(难检)
data/redteam/factory/segments/edgetts/sichuan/seg_edgetts_sichuan_zh-CN-YunxiNeural_SC-000373_02.wav,edgetts,sichuan,SC-000373,zh-CN-YunxiNeural,0.1337,隐蔽(难检)
data/redteam/factory/segments/sovits_api/sichuan/seg_sovits_api_sichuan_ref_boot_edgetts_sichuan_zh-CN-XiaoxiaoNeural_SC-000010_SC-000255_03.wav,sovits_api,sichuan,SC-000255,ref_boot_edgetts_sichuan_zh-CN-XiaoxiaoNeural_SC-000010,0.1337,隐蔽(难检)
data/redteam/factory/segments/sovits_api/dongbei/seg_sovits_api_dongbei_ref_boot_edgetts_dongbei_zh-CN-liaoning-XiaobeiNeural_SC-000002_seg8s_SC-000294_01.wav,sovits_api,dongbei,SC-000294,ref_boot_edgetts_dongbei_zh-CN-liaoning-XiaobeiNeural_SC-000002_seg8s,0.1337,隐蔽(难检)
data/redteam/factory/segments/edgetts/mandarin/seg_edgetts_mandarin_zh-CN-YunyangNeural_SC-000159_03.wav,edgetts,mandarin,SC-000159,zh-CN-YunyangNeural,0.134,隐蔽(难检)
data/redteam/factory/segments/edgetts/cantonese/seg_edgetts_cantonese_zh-HK-WanLungNeural_SC-000998_03.wav,edgetts,cantonese,SC-000998,zh-HK-WanLungNeural,0.1345,隐蔽(难检)
data/redteam/factory/segments/edgetts/mandarin/seg_edgetts_mandarin_zh-CN-YunjianNeural_SC-000204_00.wav,edgetts,mandarin,SC-000204,zh-CN-YunjianNeural,0.1346,隐蔽(难检)
data/redteam/factory/segments/edgetts/mandarin/seg_edgetts_mandarin_zh-CN-YunjianNeural_SC-000017_08.wav,edgetts,mandarin,SC-000017,zh-CN-YunjianNeural,0.1347,隐蔽(难检)
data/redteam/factory/segments/edgetts/dongbei/seg_edgetts_dongbei_zh-CN-liaoning-XiaobeiNeural_SC-001360_01.wav,edgetts,dongbei,SC-001360,zh-CN-liaoning-XiaobeiNeural,0.1349,隐蔽(难检)
data/redteam/factory/segments/edgetts/sichuan/seg_edgetts_sichuan_zh-CN-XiaoxiaoNeural_SC-001028_01.wav,edgetts,sichuan,SC-001028,zh-CN-XiaoxiaoNeural,0.1352,隐蔽(难检)
data/redteam/factory/segments/sovits_api/cantonese/seg_sovits_api_cantonese_ref_boot_edgetts_cantonese_zh-HK-WanLungNeural_SC-000005_seg8s_SC-000245_02.wav,sovits_api,cantonese,SC-000245,ref_boot_edgetts_cantonese_zh-HK-WanLungNeural_SC-000005_seg8s,0.1352,隐蔽(难检)
data/redteam/factory/segments/sovits_api/mandarin/seg_sovits_api_mandarin_ref_boot_edgetts_mandarin_zh-CN-XiaoxiaoNeural_SC-000007_seg8s_SC-000090_00.wav,sovits_api,mandarin,SC-000090,ref_boot_edgetts_mandarin_zh-CN-XiaoxiaoNeural_SC-000007_seg8s,0.1354,隐蔽(难检)
data/redteam/factory/segments/edgetts/mandarin/seg_edgetts_mandarin_zh-CN-YunyangNeural_SC-000440_02.wav,edgetts,mandarin,SC-000440,zh-CN-YunyangNeural,0.1355,隐蔽(难检)
data/redteam/factory/segments/edgetts/mandarin/seg_edgetts_mandarin_zh-CN-YunjianNeural_SC-000371_03.wav,edgetts,mandarin,SC-000371,zh-CN-YunjianNeural,0.136,隐蔽(难检)
data/redteam/factory/segments/edgetts/mandarin/seg_edgetts_mandarin_zh-CN-YunyangNeural_SC-000335_02.wav,edgetts,mandarin,SC-000335,zh-CN-YunyangNeural,0.1367,隐蔽(难检)
data/redteam/factory/segments/sovits_api/cantonese/seg_sovits_api_cantonese_ref_boot_edgetts_cantonese_zh-HK-WanLungNeural_SC-000005_seg8s_SC-000103_02.wav,sovits_api,cantonese,SC-000103,ref_boot_edgetts_cantonese_zh-HK-WanLungNeural_SC-000005_seg8s,0.1367,隐蔽(难检)
data/redteam/factory/segments/edgetts/sichuan/seg_edgetts_sichuan_zh-CN-XiaoxiaoNeural_SC-000896_02.wav,edgetts,sichuan,SC-000896,zh-CN-XiaoxiaoNeural,0.1369,隐蔽(难检)
data/redteam/factory/segments/sovits_api/minnan/seg_sovits_api_minnan_ref_boot_edgetts_minnan_zh-TW-HsiaoChenNeural_SC-000001_SC-000369_03.wav,sovits_api,minnan,SC-000369,ref_boot_edgetts_minnan_zh-TW-HsiaoChenNeural_SC-000001,0.1371,隐蔽(难检)
data/redteam/factory/segments/edgetts/dongbei/seg_edgetts_dongbei_zh-CN-liaoning-XiaobeiNeural_SC-001531_00.wav,edgetts,dongbei,SC-001531,zh-CN-liaoning-XiaobeiNeural,0.1372,隐蔽(难检)
data/redteam/factory/segments/edgetts/cantonese/seg_edgetts_cantonese_zh-HK-WanLungNeural_SC-000601_03.wav,edgetts,cantonese,SC-000601,zh-HK-WanLungNeural,0.1374,隐蔽(难检)
data/redteam/factory/segments/edgetts/sichuan/seg_edgetts_sichuan_zh-CN-YunxiNeural_SC-000115_00.wav,edgetts,sichuan,SC-000115,zh-CN-YunxiNeural,0.1376,隐蔽(难检)
data/redteam/factory/segments/edgetts/mandarin/seg_edgetts_mandarin_zh-CN-XiaoxiaoNeural_SC-000159_02.wav,edgetts,mandarin,SC-000159,zh-CN-XiaoxiaoNeural,0.1381,隐蔽(难检)
data/redteam/factory/segments/edgetts/mandarin/seg_edgetts_mandarin_zh-CN-YunjianNeural_SC-000455_02.wav,edgetts,mandarin,SC-000455,zh-CN-YunjianNeural,0.1385,隐蔽(难检)
data/redteam/factory/segments/edgetts/henan/seg_edgetts_henan_zh-CN-shaanxi-XiaoniNeural_SC-001149_02.wav,edgetts,henan,SC-001149,zh-CN-shaanxi-XiaoniNeural,0.1387,隐蔽(难检)
data/redteam/factory/segments/edgetts/sichuan/seg_edgetts_sichuan_zh-CN-XiaoxiaoNeural_SC-001205_03.wav,edgetts,sichuan,SC-001205,zh-CN-XiaoxiaoNeural,0.1387,隐蔽(难检)
data/redteam/factory/segments/edgetts/mandarin/seg_edgetts_mandarin_zh-CN-YunxiNeural_SC-000017_06.wav,edgetts,mandarin,SC-000017,zh-CN-YunxiNeural,0.1388,隐蔽(难检)
data/redteam/factory/segments/edgetts/mandarin/seg_edgetts_mandarin_zh-CN-YunjianNeural_SC-000017_03.wav,edgetts,mandarin,SC-000017,zh-CN-YunjianNeural,0.1388,隐蔽(难检)
data/redteam/factory/segments/edgetts/sichuan/seg_edgetts_sichuan_zh-CN-YunxiNeural_SC-000017_06.wav,edgetts,sichuan,SC-000017,zh-CN-YunxiNeural,0.1388,隐蔽(难检)
data/redteam/factory/segments/sovits_api/minnan/seg_sovits_api_minnan_ref_boot_edgetts_minnan_zh-TW-YunJheNeural_SC-000001_SC-000282_01.wav,sovits_api,minnan,SC-000282,ref_boot_edgetts_minnan_zh-TW-YunJheNeural_SC-000001,0.1388,隐蔽(难检)
data/redteam/factory/segments/sovits_api/henan/seg_sovits_api_henan_ref_boot_edgetts_henan_zh-CN-shaanxi-XiaoniNeural_SC-000009_seg8s_SC-000017_07.wav,sovits_api,henan,SC-000017,ref_boot_edgetts_henan_zh-CN-shaanxi-XiaoniNeural_SC-000009_seg8s,0.139,隐蔽(难检)
data/redteam/factory/segments/edgetts/mandarin/seg_edgetts_mandarin_zh-CN-YunjianNeural_SC-000204_02.wav,edgetts,mandarin,SC-000204,zh-CN-YunjianNeural,0.1395,隐蔽(难检)
data/redteam/factory/segments/edgetts/cantonese/seg_edgetts_cantonese_zh-HK-WanLungNeural_SC-001419_01.wav,edgetts,cantonese,SC-001419,zh-HK-WanLungNeural,0.1396,隐蔽(难检)
data/redteam/factory/segments/edgetts/mandarin/seg_edgetts_mandarin_zh-CN-XiaoxiaoNeural_SC-000455_00.wav,edgetts,mandarin,SC-000455,zh-CN-XiaoxiaoNeural,0.1397,隐蔽(难检)
data/redteam/factory/segments/edgetts/dongbei/seg_edgetts_dongbei_zh-CN-liaoning-XiaobeiNeural_SC-001395_01.wav,edgetts,dongbei,SC-001395,zh-CN-liaoning-XiaobeiNeural,0.1398,隐蔽(难检)
data/redteam/factory/segments/edgetts/sichuan/seg_edgetts_sichuan_zh-CN-XiaoxiaoNeural_SC-000429_02.wav,edgetts,sichuan,SC-000429,zh-CN-XiaoxiaoNeural,0.1398,隐蔽(难检)
data/redteam/factory/segments/edgetts/cantonese/seg_edgetts_cantonese_zh-HK-WanLungNeural_SC-000245_00.wav,edgetts,cantonese,SC-000245,zh-HK-WanLungNeural,0.1401,隐蔽(难检)
data/redteam/factory/segments/edgetts/mandarin/seg_edgetts_mandarin_zh-CN-XiaoxiaoNeural_SC-000159_00.wav,edgetts,mandarin,SC-000159,zh-CN-XiaoxiaoNeural,0.1406,隐蔽(难检)
data/redteam/factory/segments/edgetts/dongbei/seg_edgetts_dongbei_zh-CN-liaoning-XiaobeiNeural_SC-000438_03.wav,edgetts,dongbei,SC-000438,zh-CN-liaoning-XiaobeiNeural,0.1407,隐蔽(难检)
data/redteam/factory/segments/sovits_api/mandarin/seg_sovits_api_mandarin_ref_boot_edgetts_mandarin_zh-CN-YunjianNeural_SC-000007_seg8s_SC-000069_03.wav,sovits_api,mandarin,SC-000069,ref_boot_edgetts_mandarin_zh-CN-YunjianNeural_SC-000007_seg8s,0.1414,隐蔽(难检)
data/redteam/factory/segments/sovits_api/henan/seg_sovits_api_henan_ref_boot_edgetts_henan_zh-CN-shaanxi-XiaoniNeural_SC-000009_seg8s_SC-000137_03.wav,sovits_api,henan,SC-000137,ref_boot_edgetts_henan_zh-CN-shaanxi-XiaoniNeural_SC-000009_seg8s,0.1414,隐蔽(难检)
data/redteam/factory/segments/edgetts/dongbei/seg_edgetts_dongbei_zh-CN-liaoning-XiaobeiNeural_SC-001238_02.wav,edgetts,dongbei,SC-001238,zh-CN-liaoning-XiaobeiNeural,0.1417,隐蔽(难检)
data/redteam/factory/segments/edgetts/sichuan/seg_edgetts_sichuan_zh-CN-YunxiNeural_SC-000552_00.wav,edgetts,sichuan,SC-000552,zh-CN-YunxiNeural,0.1417,隐蔽(难检)
data/redteam/factory/segments/edgetts/cantonese/seg_edgetts_cantonese_zh-HK-WanLungNeural_SC-000024_03.wav,edgetts,cantonese,SC-000024,zh-HK-WanLungNeural,0.1418,隐蔽(难检)
data/redteam/factory/segments/edgetts/henan/seg_edgetts_henan_zh-CN-shaanxi-XiaoniNeural_SC-001168_00.wav,edgetts,henan,SC-001168,zh-CN-shaanxi-XiaoniNeural,0.1418,隐蔽(难检)
data/redteam/factory/segments/edgetts/sichuan/seg_edgetts_sichuan_zh-CN-XiaoxiaoNeural_SC-000683_02.wav,edgetts,sichuan,SC-000683,zh-CN-XiaoxiaoNeural,0.1418,隐蔽(难检)
data/redteam/factory/segments/sovits_api/sichuan/seg_sovits_api_sichuan_ref_boot_edgetts_sichuan_zh-CN-XiaoxiaoNeural_SC-000010_SC-000042_05.wav,sovits_api,sichuan,SC-000042,ref_boot_edgetts_sichuan_zh-CN-XiaoxiaoNeural_SC-000010,0.1418,隐蔽(难检)
data/redteam/factory/segments/edgetts/mandarin/seg_edgetts_mandarin_zh-CN-XiaoxiaoNeural_SC-000474_02.wav,edgetts,mandarin,SC-000474,zh-CN-XiaoxiaoNeural,0.1419,隐蔽(难检)
data/redteam/factory/segments/edgetts/mandarin/seg_edgetts_mandarin_zh-CN-YunjianNeural_SC-000017_10.wav,edgetts,mandarin,SC-000017,zh-CN-YunjianNeural,0.142,隐蔽(难检)
data/redteam/factory/segments/edgetts/dongbei/seg_edgetts_dongbei_zh-CN-liaoning-XiaobeiNeural_SC-001238_04.wav,edgetts,dongbei,SC-001238,zh-CN-liaoning-XiaobeiNeural,0.1421,隐蔽(难检)
data/redteam/factory/segments/edgetts/cantonese/seg_edgetts_cantonese_zh-HK-WanLungNeural_SC-001340_01.wav,edgetts,cantonese,SC-001340,zh-HK-WanLungNeural,0.1421,隐蔽(难检)
data/redteam/factory/segments/edgetts/cantonese/seg_edgetts_cantonese_zh-HK-WanLungNeural_SC-000988_00.wav,edgetts,cantonese,SC-000988,zh-HK-WanLungNeural,0.1422,隐蔽(难检)
data/redteam/factory/segments/edgetts/cantonese/seg_edgetts_cantonese_zh-HK-WanLungNeural_SC-000017_11.wav,edgetts,cantonese,SC-000017,zh-HK-WanLungNeural,0.1423,隐蔽(难检)
data/redteam/factory/segments/edgetts/sichuan/seg_edgetts_sichuan_zh-CN-XiaoxiaoNeural_SC-000743_03.wav,edgetts,sichuan,SC-000743,zh-CN-XiaoxiaoNeural,0.1423,隐蔽(难检)
data/redteam/factory/segments/edgetts/mandarin/seg_edgetts_mandarin_zh-CN-XiaoxiaoNeural_SC-000036_00.wav,edgetts,mandarin,SC-000036,zh-CN-XiaoxiaoNeural,0.1425,隐蔽(难检)
data/redteam/factory/segments/sovits_api/mandarin/seg_sovits_api_mandarin_ref_boot_edgetts_mandarin_zh-CN-YunjianNeural_SC-000007_seg8s_SC-000069_02.wav,sovits_api,mandarin,SC-000069,ref_boot_edgetts_mandarin_zh-CN-YunjianNeural_SC-000007_seg8s,0.1425,隐蔽(难检)
data/redteam/factory/segments/edgetts/mandarin/seg_edgetts_mandarin_zh-CN-YunjianNeural_SC-000017_07.wav,edgetts,mandarin,SC-000017,zh-CN-YunjianNeural,0.1426,隐蔽(难检)
data/redteam/factory/segments/edgetts/mandarin/seg_edgetts_mandarin_zh-CN-YunjianNeural_SC-000341_01.wav,edgetts,mandarin,SC-000341,zh-CN-YunjianNeural,0.143,隐蔽(难检)
data/redteam/factory/segments/edgetts/cantonese/seg_edgetts_cantonese_zh-HK-WanLungNeural_SC-000017_07.wav,edgetts,cantonese,SC-000017,zh-HK-WanLungNeural,0.1434,隐蔽(难检)
data/redteam/factory/segments/edgetts/sichuan/seg_edgetts_sichuan_zh-CN-YunxiNeural_SC-000457_00.wav,edgetts,sichuan,SC-000457,zh-CN-YunxiNeural,0.1435,隐蔽(难检)
data/redteam/factory/segments/edgetts/dongbei/seg_edgetts_dongbei_zh-CN-liaoning-XiaobeiNeural_SC-000411_02.wav,edgetts,dongbei,SC-000411,zh-CN-liaoning-XiaobeiNeural,0.1436,隐蔽(难检)
data/redteam/factory/segments/edgetts/dongbei/seg_edgetts_dongbei_zh-CN-liaoning-XiaobeiNeural_SC-000294_01.wav,edgetts,dongbei,SC-000294,zh-CN-liaoning-XiaobeiNeural,0.1439,隐蔽(难检)
data/redteam/factory/segments/edgetts/mandarin/seg_edgetts_mandarin_zh-CN-YunjianNeural_SC-000159_03.wav,edgetts,mandarin,SC-000159,zh-CN-YunjianNeural,0.1442,隐蔽(难检)
data/redteam/factory/segments/edgetts/sichuan/seg_edgetts_sichuan_zh-CN-XiaoxiaoNeural_SC-000576_03.wav,edgetts,sichuan,SC-000576,zh-CN-XiaoxiaoNeural,0.1443,隐蔽(难检)
data/redteam/factory/segments/edgetts/cantonese/seg_edgetts_cantonese_zh-HK-WanLungNeural_SC-000333_03.wav,edgetts,cantonese,SC-000333,zh-HK-WanLungNeural,0.1445,隐蔽(难检)
data/redteam/factory/segments/edgetts/mandarin/seg_edgetts_mandarin_zh-CN-YunjianNeural_SC-000036_04.wav,edgetts,mandarin,SC-000036,zh-CN-YunjianNeural,0.1446,隐蔽(难检)
data/redteam/factory/segments/edgetts/mandarin/seg_edgetts_mandarin_zh-CN-YunjianNeural_SC-000235_02.wav,edgetts,mandarin,SC-000235,zh-CN-YunjianNeural,0.1447,隐蔽(难检)
data/redteam/factory/segments/edgetts/cantonese/seg_edgetts_cantonese_zh-HK-WanLungNeural_SC-001199_01.wav,edgetts,cantonese,SC-001199,zh-HK-WanLungNeural,0.1447,隐蔽(难检)
data/redteam/factory/segments/edgetts/sichuan/seg_edgetts_sichuan_zh-CN-YunxiNeural_SC-001002_02.wav,edgetts,sichuan,SC-001002,zh-CN-YunxiNeural,0.1449,隐蔽(难检)
data/redteam/factory/segments/sovits_api/sichuan/seg_sovits_api_sichuan_ref_boot_edgetts_sichuan_zh-CN-XiaoxiaoNeural_SC-000010_SC-000251_04.wav,sovits_api,sichuan,SC-000251,ref_boot_edgetts_sichuan_zh-CN-XiaoxiaoNeural_SC-000010,0.1449,隐蔽(难检)
data/redteam/factory/segments/edgetts/mandarin/seg_edgetts_mandarin_zh-CN-YunjianNeural_SC-000507_03.wav,edgetts,mandarin,SC-000507,zh-CN-YunjianNeural,0.1451,隐蔽(难检)
data/redteam/factory/segments/edgetts/mandarin/seg_edgetts_mandarin_zh-CN-YunjianNeural_SC-000017_02.wav,edgetts,mandarin,SC-000017,zh-CN-YunjianNeural,0.1453,隐蔽(难检)
data/redteam/factory/segments/sovits_api/cantonese/seg_sovits_api_cantonese_ref_boot_edgetts_cantonese_zh-HK-WanLungNeural_SC-000005_seg8s_SC-000103_05.wav,sovits_api,cantonese,SC-000103,ref_boot_edgetts_cantonese_zh-HK-WanLungNeural_SC-000005_seg8s,0.1453,隐蔽(难检)
data/redteam/factory/segments/edgetts/dongbei/seg_edgetts_dongbei_zh-CN-liaoning-XiaobeiNeural_SC-001092_01.wav,edgetts,dongbei,SC-001092,zh-CN-liaoning-XiaobeiNeural,0.1462,隐蔽(难检)
data/redteam/factory/segments/edgetts/cantonese/seg_edgetts_cantonese_zh-HK-WanLungNeural_SC-000689_04.wav,edgetts,cantonese,SC-000689,zh-HK-WanLungNeural,0.1466,隐蔽(难检)
data/redteam/factory/segments/edgetts/dongbei/seg_edgetts_dongbei_zh-CN-liaoning-XiaobeiNeural_SC-000231_00.wav,edgetts,dongbei,SC-000231,zh-CN-liaoning-XiaobeiNeural,0.1468,隐蔽(难检)
data/redteam/factory/segments/edgetts/mandarin/seg_edgetts_mandarin_zh-CN-YunxiNeural_SC-000474_01.wav,edgetts,mandarin,SC-000474,zh-CN-YunxiNeural,0.1469,隐蔽(难检)
data/redteam/factory/segments/edgetts/mandarin/seg_edgetts_mandarin_zh-CN-YunjianNeural_SC-000335_01.wav,edgetts,mandarin,SC-000335,zh-CN-YunjianNeural,0.147,隐蔽(难检)
data/redteam/factory/segments/sovits_api/cantonese/seg_sovits_api_cantonese_ref_boot_edgetts_cantonese_zh-HK-WanLungNeural_SC-000005_seg8s_SC-000116_04.wav,sovits_api,cantonese,SC-000116,ref_boot_edgetts_cantonese_zh-HK-WanLungNeural_SC-000005_seg8s,0.1471,隐蔽(难检)
data/redteam/factory/segments/edgetts/minnan/seg_edgetts_minnan_zh-TW-HsiaoChenNeural_SC-000369_01.wav,edgetts,minnan,SC-000369,zh-TW-HsiaoChenNeural,0.1473,隐蔽(难检)
data/redteam/factory/segments/edgetts/dongbei/seg_edgetts_dongbei_zh-CN-liaoning-XiaobeiNeural_SC-001238_03.wav,edgetts,dongbei,SC-001238,zh-CN-liaoning-XiaobeiNeural,0.1473,隐蔽(难检)
data/redteam/factory/segments/edgetts/sichuan/seg_edgetts_sichuan_zh-CN-YunxiNeural_SC-000375_00.wav,edgetts,sichuan,SC-000375,zh-CN-YunxiNeural,0.1474,隐蔽(难检)
data/redteam/factory/segments/edgetts/sichuan/seg_edgetts_sichuan_zh-CN-YunxiNeural_SC-001024_00.wav,edgetts,sichuan,SC-001024,zh-CN-YunxiNeural,0.1475,隐蔽(难检)
data/redteam/factory/segments/edgetts/henan/seg_edgetts_henan_zh-CN-shaanxi-XiaoniNeural_SC-001481_04.wav,edgetts,henan,SC-001481,zh-CN-shaanxi-XiaoniNeural,0.1475,隐蔽(难检)
data/redteam/factory/segments/edgetts/mandarin/seg_edgetts_mandarin_zh-CN-XiaoxiaoNeural_SC-000069_01.wav,edgetts,mandarin,SC-000069,zh-CN-XiaoxiaoNeural,0.1478,隐蔽(难检)
data/redteam/factory/segments/edgetts/cantonese/seg_edgetts_cantonese_zh-HK-WanLungNeural_SC-000699_00.wav,edgetts,cantonese,SC-000699,zh-HK-WanLungNeural,0.148,隐蔽(难检)
data/redteam/factory/segments/sovits_api/minnan/seg_sovits_api_minnan_ref_boot_edgetts_minnan_zh-TW-HsiaoChenNeural_SC-000001_SC-000369_04.wav,sovits_api,minnan,SC-000369,ref_boot_edgetts_minnan_zh-TW-HsiaoChenNeural_SC-000001,0.148,隐蔽(难检)
data/redteam/factory/segments/edgetts/henan/seg_edgetts_henan_zh-CN-shaanxi-XiaoniNeural_SC-001566_02.wav,edgetts,henan,SC-001566,zh-CN-shaanxi-XiaoniNeural,0.1481,隐蔽(难检)
data/redteam/factory/segments/edgetts/mandarin/seg_edgetts_mandarin_zh-CN-YunjianNeural_SC-000347_04.wav,edgetts,mandarin,SC-000347,zh-CN-YunjianNeural,0.1484,隐蔽(难检)
data/redteam/factory/segments/edgetts/dongbei/seg_edgetts_dongbei_zh-CN-liaoning-XiaobeiNeural_SC-000781_01.wav,edgetts,dongbei,SC-000781,zh-CN-liaoning-XiaobeiNeural,0.1485,隐蔽(难检)
data/redteam/factory/segments/edgetts/sichuan/seg_edgetts_sichuan_zh-CN-YunxiNeural_SC-000986_01.wav,edgetts,sichuan,SC-000986,zh-CN-YunxiNeural,0.1486,隐蔽(难检)
data/redteam/factory/segments/edgetts/cantonese/seg_edgetts_cantonese_zh-HK-WanLungNeural_SC-000395_01.wav,edgetts,cantonese,SC-000395,zh-HK-WanLungNeural,0.1488,隐蔽(难检)
data/redteam/factory/segments/edgetts/cantonese/seg_edgetts_cantonese_zh-HK-WanLungNeural_SC-001155_00.wav,edgetts,cantonese,SC-001155,zh-HK-WanLungNeural,0.1489,隐蔽(难检)
data/redteam/factory/segments/edgetts/henan/seg_edgetts_henan_zh-CN-shaanxi-XiaoniNeural_SC-000741_01.wav,edgetts,henan,SC-000741,zh-CN-shaanxi-XiaoniNeural,0.1489,隐蔽(难检)
data/redteam/factory/segments/edgetts/cantonese/seg_edgetts_cantonese_zh-HK-WanLungNeural_SC-000515_00.wav,edgetts,cantonese,SC-000515,zh-HK-WanLungNeural,0.149,隐蔽(难检)
data/redteam/factory/segments/edgetts/cantonese/seg_edgetts_cantonese_zh-HK-WanLungNeural_SC-001184_02.wav,edgetts,cantonese,SC-001184,zh-HK-WanLungNeural,0.1494,隐蔽(难检)
data/redteam/factory/segments/edgetts/mandarin/seg_edgetts_mandarin_zh-CN-XiaoxiaoNeural_SC-000511_02.wav,edgetts,mandarin,SC-000511,zh-CN-XiaoxiaoNeural,0.1495,隐蔽(难检)
data/redteam/factory/segments/edgetts/sichuan/seg_edgetts_sichuan_zh-CN-YunxiNeural_SC-000115_03.wav,edgetts,sichuan,SC-000115,zh-CN-YunxiNeural,0.1496,隐蔽(难检)
data/redteam/factory/segments/edgetts/minnan/seg_edgetts_minnan_zh-TW-YunJheNeural_SC-000970_03.wav,edgetts,minnan,SC-000970,zh-TW-YunJheNeural,0.1496,隐蔽(难检)
data/redteam/factory/segments/edgetts/henan/seg_edgetts_henan_zh-CN-shaanxi-XiaoniNeural_SC-000741_00.wav,edgetts,henan,SC-000741,zh-CN-shaanxi-XiaoniNeural,0.1496,隐蔽(难检)
data/redteam/factory/segments/edgetts/henan/seg_edgetts_henan_zh-CN-shaanxi-XiaoniNeural_SC-001481_05.wav,edgetts,henan,SC-001481,zh-CN-shaanxi-XiaoniNeural,0.1497,隐蔽(难检)
data/redteam/factory/segments/edgetts/henan/seg_edgetts_henan_zh-CN-shaanxi-XiaoniNeural_SC-001352_00.wav,edgetts,henan,SC-001352,zh-CN-shaanxi-XiaoniNeural,0.1498,隐蔽(难检)
data/redteam/factory/segments/sovits_api/minnan/seg_sovits_api_minnan_ref_boot_edgetts_minnan_zh-TW-YunJheNeural_SC-000001_SC-000282_02.wav,sovits_api,minnan,SC-000282,ref_boot_edgetts_minnan_zh-TW-YunJheNeural_SC-000001,0.1501,隐蔽(难检)
data/redteam/factory/segments/sovits_api/cantonese/seg_sovits_api_cantonese_ref_boot_edgetts_cantonese_zh-HK-WanLungNeural_SC-000005_seg8s_SC-000103_01.wav,sovits_api,cantonese,SC-000103,ref_boot_edgetts_cantonese_zh-HK-WanLungNeural_SC-000005_seg8s,0.1502,隐蔽(难检)
data/redteam/factory/segments/edgetts/cantonese/seg_edgetts_cantonese_zh-HK-WanLungNeural_SC-001286_03.wav,edgetts,cantonese,SC-001286,zh-HK-WanLungNeural,0.1503,隐蔽(难检)
data/redteam/factory/segments/sovits_api/mandarin/seg_sovits_api_mandarin_ref_boot_edgetts_mandarin_zh-CN-YunjianNeural_SC-000007_seg8s_SC-000036_03.wav,sovits_api,mandarin,SC-000036,ref_boot_edgetts_mandarin_zh-CN-YunjianNeural_SC-000007_seg8s,0.1505,隐蔽(难检)
data/redteam/factory/segments/sovits_api/cantonese/seg_sovits_api_cantonese_ref_boot_edgetts_cantonese_zh-HK-HiuMaanNeural_SC-000005_seg8s_SC-000131_00.wav,sovits_api,cantonese,SC-000131,ref_boot_edgetts_cantonese_zh-HK-HiuMaanNeural_SC-000005_seg8s,0.1505,隐蔽(难检)
data/redteam/factory/segments/sovits_api/dongbei/seg_sovits_api_dongbei_ref_boot_edgetts_dongbei_zh-CN-liaoning-XiaobeiNeural_SC-000002_seg8s_SC-000154_04.wav,sovits_api,dongbei,SC-000154,ref_boot_edgetts_dongbei_zh-CN-liaoning-XiaobeiNeural_SC-000002_seg8s,0.1506,隐蔽(难检)
data/redteam/factory/segments/edgetts/cantonese/seg_edgetts_cantonese_zh-HK-WanLungNeural_SC-001340_04.wav,edgetts,cantonese,SC-001340,zh-HK-WanLungNeural,0.1508,隐蔽(难检)
data/redteam/factory/segments/edgetts/sichuan/seg_edgetts_sichuan_zh-CN-XiaoxiaoNeural_SC-000879_03.wav,edgetts,sichuan,SC-000879,zh-CN-XiaoxiaoNeural,0.1512,隐蔽(难检)
data/redteam/factory/segments/edgetts/cantonese/seg_edgetts_cantonese_zh-HK-WanLungNeural_SC-001449_03.wav,edgetts,cantonese,SC-001449,zh-HK-WanLungNeural,0.1512,隐蔽(难检)
data/redteam/factory/segments/edgetts/mandarin/seg_edgetts_mandarin_zh-CN-YunxiNeural_SC-000159_01.wav,edgetts,mandarin,SC-000159,zh-CN-YunxiNeural,0.1512,隐蔽(难检)
data/redteam/factory/segments/sovits_api/henan/seg_sovits_api_henan_ref_boot_edgetts_henan_zh-CN-shaanxi-XiaoniNeural_SC-000009_seg8s_SC-000009_03.wav,sovits_api,henan,SC-000009,ref_boot_edgetts_henan_zh-CN-shaanxi-XiaoniNeural_SC-000009_seg8s,0.1514,隐蔽(难检)
data/redteam/factory/segments/edgetts/sichuan/seg_edgetts_sichuan_zh-CN-XiaoxiaoNeural_SC-000537_00.wav,edgetts,sichuan,SC-000537,zh-CN-XiaoxiaoNeural,0.1515,隐蔽(难检)
data/redteam/factory/segments/edgetts/mandarin/seg_edgetts_mandarin_zh-CN-YunyangNeural_SC-000480_01.wav,edgetts,mandarin,SC-000480,zh-CN-YunyangNeural,0.1516,隐蔽(难检)
data/redteam/factory/segments/edgetts/dongbei/seg_edgetts_dongbei_zh-CN-liaoning-XiaobeiNeural_SC-001662_02.wav,edgetts,dongbei,SC-001662,zh-CN-liaoning-XiaobeiNeural,0.1517,隐蔽(难检)
data/redteam/factory/segments/edgetts/sichuan/seg_edgetts_sichuan_zh-CN-YunxiNeural_SC-000683_02.wav,edgetts,sichuan,SC-000683,zh-CN-YunxiNeural,0.1518,隐蔽(难检)
data/redteam/factory/segments/edgetts/cantonese/seg_edgetts_cantonese_zh-HK-WanLungNeural_SC-000561_00.wav,edgetts,cantonese,SC-000561,zh-HK-WanLungNeural,0.1519,隐蔽(难检)
data/redteam/factory/segments/edgetts/henan/seg_edgetts_henan_zh-CN-shaanxi-XiaoniNeural_SC-000621_03.wav,edgetts,henan,SC-000621,zh-CN-shaanxi-XiaoniNeural,0.1522,隐蔽(难检)
data/redteam/factory/segments/edgetts/mandarin/seg_edgetts_mandarin_zh-CN-YunjianNeural_SC-000470_01.wav,edgetts,mandarin,SC-000470,zh-CN-YunjianNeural,0.1529,隐蔽(难检)
data/redteam/factory/segments/edgetts/dongbei/seg_edgetts_dongbei_zh-CN-liaoning-XiaobeiNeural_SC-001088_00.wav,edgetts,dongbei,SC-001088,zh-CN-liaoning-XiaobeiNeural,0.1533,隐蔽(难检)
data/redteam/factory/segments/edgetts/henan/seg_edgetts_henan_zh-CN-shaanxi-XiaoniNeural_SC-000024_03.wav,edgetts,henan,SC-000024,zh-CN-shaanxi-XiaoniNeural,0.1535,隐蔽(难检)
data/redteam/factory/segments/edgetts/mandarin/seg_edgetts_mandarin_zh-CN-YunjianNeural_SC-000341_03.wav,edgetts,mandarin,SC-000341,zh-CN-YunjianNeural,0.1535,隐蔽(难检)
data/redteam/factory/segments/sovits_api/sichuan/seg_sovits_api_sichuan_ref_boot_edgetts_sichuan_zh-CN-XiaoxiaoNeural_SC-000010_SC-000115_02.wav,sovits_api,sichuan,SC-000115,ref_boot_edgetts_sichuan_zh-CN-XiaoxiaoNeural_SC-000010,0.1535,隐蔽(难检)
data/redteam/factory/segments/edgetts/henan/seg_edgetts_henan_zh-CN-shaanxi-XiaoniNeural_SC-001054_00.wav,edgetts,henan,SC-001054,zh-CN-shaanxi-XiaoniNeural,0.1536,隐蔽(难检)
data/redteam/factory/segments/edgetts/mandarin/seg_edgetts_mandarin_zh-CN-YunyangNeural_SC-000440_03.wav,edgetts,mandarin,SC-000440,zh-CN-YunyangNeural,0.1536,隐蔽(难检)
data/redteam/factory/segments/edgetts/dongbei/seg_edgetts_dongbei_zh-CN-liaoning-XiaobeiNeural_SC-001506_02.wav,edgetts,dongbei,SC-001506,zh-CN-liaoning-XiaobeiNeural,0.1538,隐蔽(难检)
data/redteam/factory/segments/edgetts/henan/seg_edgetts_henan_zh-CN-shaanxi-XiaoniNeural_SC-000818_03.wav,edgetts,henan,SC-000818,zh-CN-shaanxi-XiaoniNeural,0.1541,隐蔽(难检)
data/redteam/factory/segments/edgetts/cantonese/seg_edgetts_cantonese_zh-HK-WanLungNeural_SC-000601_02.wav,edgetts,cantonese,SC-000601,zh-HK-WanLungNeural,0.1544,隐蔽(难检)
data/redteam/factory/segments/sovits_api/henan/seg_sovits_api_henan_ref_boot_edgetts_henan_zh-CN-shaanxi-XiaoniNeural_SC-000009_seg8s_SC-000139_00.wav,sovits_api,henan,SC-000139,ref_boot_edgetts_henan_zh-CN-shaanxi-XiaoniNeural_SC-000009_seg8s,0.1547,隐蔽(难检)
data/redteam/factory/segments/edgetts/minnan/seg_edgetts_minnan_zh-TW-YunJheNeural_SC-000017_07.wav,edgetts,minnan,SC-000017,zh-TW-YunJheNeural,0.1549,隐蔽(难检)
data/redteam/factory/segments/sovits_api/cantonese/seg_sovits_api_cantonese_ref_boot_edgetts_cantonese_zh-HK-HiuMaanNeural_SC-000005_seg8s_SC-000245_04.wav,sovits_api,cantonese,SC-000245,ref_boot_edgetts_cantonese_zh-HK-HiuMaanNeural_SC-000005_seg8s,0.1549,隐蔽(难检)
data/redteam/factory/segments/edgetts/mandarin/seg_edgetts_mandarin_zh-CN-YunxiNeural_SC-000449_00.wav,edgetts,mandarin,SC-000449,zh-CN-YunxiNeural,0.155,隐蔽(难检)
data/redteam/factory/segments/edgetts/cantonese/seg_edgetts_cantonese_zh-HK-WanLungNeural_SC-000711_04.wav,edgetts,cantonese,SC-000711,zh-HK-WanLungNeural,0.1551,隐蔽(难检)
data/redteam/factory/segments/edgetts/dongbei/seg_edgetts_dongbei_zh-CN-liaoning-XiaobeiNeural_SC-000434_01.wav,edgetts,dongbei,SC-000434,zh-CN-liaoning-XiaobeiNeural,0.1551,隐蔽(难检)
data/redteam/factory/segments/edgetts/dongbei/seg_edgetts_dongbei_zh-CN-liaoning-XiaobeiNeural_SC-001545_03.wav,edgetts,dongbei,SC-001545,zh-CN-liaoning-XiaobeiNeural,0.1552,隐蔽(难检)
data/redteam/factory/segments/edgetts/henan/seg_edgetts_henan_zh-CN-shaanxi-XiaoniNeural_SC-000365_02.wav,edgetts,henan,SC-000365,zh-CN-shaanxi-XiaoniNeural,0.1554,隐蔽(难检)
data/redteam/factory/segments/edgetts/cantonese/seg_edgetts_cantonese_zh-HK-WanLungNeural_SC-000561_03.wav,edgetts,cantonese,SC-000561,zh-HK-WanLungNeural,0.1557,隐蔽(难检)
data/redteam/factory/segments/edgetts/mandarin/seg_edgetts_mandarin_zh-CN-YunjianNeural_SC-000347_02.wav,edgetts,mandarin,SC-000347,zh-CN-YunjianNeural,0.1559,隐蔽(难检)
data/redteam/factory/segments/edgetts/cantonese/seg_edgetts_cantonese_zh-HK-WanLungNeural_SC-001537_01.wav,edgetts,cantonese,SC-001537,zh-HK-WanLungNeural,0.156,隐蔽(难检)
data/redteam/factory/segments/edgetts/mandarin/seg_edgetts_mandarin_zh-CN-YunxiNeural_SC-000440_03.wav,edgetts,mandarin,SC-000440,zh-CN-YunxiNeural,0.156,隐蔽(难检)
data/redteam/factory/segments/edgetts/mandarin/seg_edgetts_mandarin_zh-CN-XiaoxiaoNeural_SC-000511_01.wav,edgetts,mandarin,SC-000511,zh-CN-XiaoxiaoNeural,0.1561,隐蔽(难检)
data/redteam/factory/segments/edgetts/sichuan/seg_edgetts_sichuan_zh-CN-YunxiNeural_SC-000251_00.wav,edgetts,sichuan,SC-000251,zh-CN-YunxiNeural,0.1567,隐蔽(难检)
data/redteam/factory/segments/edgetts/mandarin/seg_edgetts_mandarin_zh-CN-YunjianNeural_SC-000474_00.wav,edgetts,mandarin,SC-000474,zh-CN-YunjianNeural,0.1568,隐蔽(难检)
data/redteam/factory/segments/edgetts/mandarin/seg_edgetts_mandarin_zh-CN-YunxiNeural_SC-000017_04.wav,edgetts,mandarin,SC-000017,zh-CN-YunxiNeural,0.1569,隐蔽(难检)
data/redteam/factory/segments/edgetts/sichuan/seg_edgetts_sichuan_zh-CN-YunxiNeural_SC-000017_04.wav,edgetts,sichuan,SC-000017,zh-CN-YunxiNeural,0.1569,隐蔽(难检)
data/redteam/factory/segments/edgetts/cantonese/seg_edgetts_cantonese_zh-HK-WanLungNeural_SC-000988_01.wav,edgetts,cantonese,SC-000988,zh-HK-WanLungNeural,0.1569,隐蔽(难检)
data/redteam/factory/segments/edgetts/henan/seg_edgetts_henan_zh-CN-shaanxi-XiaoniNeural_SC-001149_00.wav,edgetts,henan,SC-001149,zh-CN-shaanxi-XiaoniNeural,0.157,隐蔽(难检)
data/redteam/factory/segments/edgetts/henan/seg_edgetts_henan_zh-CN-shaanxi-XiaoniNeural_SC-000773_04.wav,edgetts,henan,SC-000773,zh-CN-shaanxi-XiaoniNeural,0.157,隐蔽(难检)
data/redteam/factory/segments/edgetts/cantonese/seg_edgetts_cantonese_zh-HK-WanLungNeural_SC-001082_00.wav,edgetts,cantonese,SC-001082,zh-HK-WanLungNeural,0.1573,隐蔽(难检)
data/redteam/factory/segments/edgetts/mandarin/seg_edgetts_mandarin_zh-CN-XiaoxiaoNeural_SC-000017_06.wav,edgetts,mandarin,SC-000017,zh-CN-XiaoxiaoNeural,0.1575,隐蔽(难检)
data/redteam/factory/segments/edgetts/sichuan/seg_edgetts_sichuan_zh-CN-XiaoxiaoNeural_SC-000017_06.wav,edgetts,sichuan,SC-000017,zh-CN-XiaoxiaoNeural,0.1575,隐蔽(难检)
data/redteam/factory/segments/edgetts/sichuan/seg_edgetts_sichuan_zh-CN-YunxiNeural_SC-000996_02.wav,edgetts,sichuan,SC-000996,zh-CN-YunxiNeural,0.1575,隐蔽(难检)
data/redteam/factory/segments/sovits_api/henan/seg_sovits_api_henan_ref_boot_edgetts_henan_zh-CN-shaanxi-XiaoniNeural_SC-000009_seg8s_SC-000017_11.wav,sovits_api,henan,SC-000017,ref_boot_edgetts_henan_zh-CN-shaanxi-XiaoniNeural_SC-000009_seg8s,0.1576,隐蔽(难检)
data/redteam/factory/segments/edgetts/sichuan/seg_edgetts_sichuan_zh-CN-XiaoxiaoNeural_SC-000381_00.wav,edgetts,sichuan,SC-000381,zh-CN-XiaoxiaoNeural,0.1577,隐蔽(难检)
data/redteam/factory/segments/edgetts/mandarin/seg_edgetts_mandarin_zh-CN-YunjianNeural_SC-000371_02.wav,edgetts,mandarin,SC-000371,zh-CN-YunjianNeural,0.1578,隐蔽(难检)
data/redteam/factory/segments/sovits_api/sichuan/seg_sovits_api_sichuan_ref_boot_edgetts_sichuan_zh-CN-XiaoxiaoNeural_SC-000010_SC-000115_00.wav,sovits_api,sichuan,SC-000115,ref_boot_edgetts_sichuan_zh-CN-XiaoxiaoNeural_SC-000010,0.1579,隐蔽(难检)
data/redteam/factory/segments/edgetts/mandarin/seg_edgetts_mandarin_zh-CN-YunjianNeural_SC-000069_03.wav,edgetts,mandarin,SC-000069,zh-CN-YunjianNeural,0.158,隐蔽(难检)
data/redteam/factory/segments/edgetts/henan/seg_edgetts_henan_zh-CN-shaanxi-XiaoniNeural_SC-000818_02.wav,edgetts,henan,SC-000818,zh-CN-shaanxi-XiaoniNeural,0.1582,隐蔽(难检)
data/redteam/factory/segments/edgetts/mandarin/seg_edgetts_mandarin_zh-CN-XiaoxiaoNeural_SC-000017_00.wav,edgetts,mandarin,SC-000017,zh-CN-XiaoxiaoNeural,0.1586,隐蔽(难检)
data/redteam/factory/segments/edgetts/sichuan/seg_edgetts_sichuan_zh-CN-XiaoxiaoNeural_SC-000017_00.wav,edgetts,sichuan,SC-000017,zh-CN-XiaoxiaoNeural,0.1586,隐蔽(难检)
data/redteam/factory/segments/edgetts/dongbei/seg_edgetts_dongbei_zh-CN-liaoning-XiaobeiNeural_SC-000968_02.wav,edgetts,dongbei,SC-000968,zh-CN-liaoning-XiaobeiNeural,0.1589,隐蔽(难检)
data/redteam/factory/segments/sovits_api/henan/seg_sovits_api_henan_ref_boot_edgetts_henan_zh-CN-shaanxi-XiaoniNeural_SC-000009_seg8s_SC-000106_01.wav,sovits_api,henan,SC-000106,ref_boot_edgetts_henan_zh-CN-shaanxi-XiaoniNeural_SC-000009_seg8s,0.1589,隐蔽(难检)
data/redteam/factory/segments/edgetts/minnan/seg_edgetts_minnan_zh-TW-YunJheNeural_SC-000466_00.wav,edgetts,minnan,SC-000466,zh-TW-YunJheNeural,0.159,隐蔽(难检)
data/redteam/factory/segments/edgetts/cantonese/seg_edgetts_cantonese_zh-HK-WanLungNeural_SC-000333_01.wav,edgetts,cantonese,SC-000333,zh-HK-WanLungNeural,0.159,隐蔽(难检)
data/redteam/factory/segments/edgetts/henan/seg_edgetts_henan_zh-CN-shaanxi-XiaoniNeural_SC-000728_02.wav,edgetts,henan,SC-000728,zh-CN-shaanxi-XiaoniNeural,0.159,隐蔽(难检)
data/redteam/factory/segments/edgetts/mandarin/seg_edgetts_mandarin_zh-CN-YunjianNeural_SC-000371_01.wav,edgetts,mandarin,SC-000371,zh-CN-YunjianNeural,0.1595,隐蔽(难检)
data/redteam/factory/segments/sovits_api/dongbei/seg_sovits_api_dongbei_ref_boot_edgetts_dongbei_zh-CN-liaoning-XiaobeiNeural_SC-000002_seg8s_SC-000294_02.wav,sovits_api,dongbei,SC-000294,ref_boot_edgetts_dongbei_zh-CN-liaoning-XiaobeiNeural_SC-000002_seg8s,0.1595,隐蔽(难检)
data/redteam/factory/segments/edgetts/mandarin/seg_edgetts_mandarin_zh-CN-XiaoxiaoNeural_SC-000331_01.wav,edgetts,mandarin,SC-000331,zh-CN-XiaoxiaoNeural,0.1599,隐蔽(难检)
data/redteam/factory/segments/edgetts/sichuan/seg_edgetts_sichuan_zh-CN-XiaoxiaoNeural_SC-001205_01.wav,edgetts,sichuan,SC-001205,zh-CN-XiaoxiaoNeural,0.16,隐蔽(难检)
data/redteam/factory/segments/sovits_api/cantonese/seg_sovits_api_cantonese_ref_boot_edgetts_cantonese_zh-HK-HiuMaanNeural_SC-000005_seg8s_SC-000333_00.wav,sovits_api,cantonese,SC-000333,ref_boot_edgetts_cantonese_zh-HK-HiuMaanNeural_SC-000005_seg8s,0.1602,隐蔽(难检)
data/redteam/factory/segments/edgetts/mandarin/seg_edgetts_mandarin_zh-CN-YunjianNeural_SC-000331_03.wav,edgetts,mandarin,SC-000331,zh-CN-YunjianNeural,0.1603,隐蔽(难检)
data/redteam/factory/segments/edgetts/dongbei/seg_edgetts_dongbei_zh-CN-liaoning-XiaobeiNeural_SC-001440_01.wav,edgetts,dongbei,SC-001440,zh-CN-liaoning-XiaobeiNeural,0.1609,隐蔽(难检)
data/redteam/factory/segments/edgetts/dongbei/seg_edgetts_dongbei_zh-CN-liaoning-XiaobeiNeural_SC-001362_02.wav,edgetts,dongbei,SC-001362,zh-CN-liaoning-XiaobeiNeural,0.1611,隐蔽(难检)
data/redteam/factory/segments/sovits_api/mandarin/seg_sovits_api_mandarin_ref_boot_edgetts_mandarin_zh-CN-YunxiNeural_SC-000007_seg8s_SC-000007_01.wav,sovits_api,mandarin,SC-000007,ref_boot_edgetts_mandarin_zh-CN-YunxiNeural_SC-000007_seg8s,0.1611,隐蔽(难检)
data/redteam/factory/segments/edgetts/mandarin/seg_edgetts_mandarin_zh-CN-XiaoxiaoNeural_SC-000235_03.wav,edgetts,mandarin,SC-000235,zh-CN-XiaoxiaoNeural,0.1612,隐蔽(难检)
data/redteam/factory/segments/sovits_api/mandarin/seg_sovits_api_mandarin_ref_boot_edgetts_mandarin_zh-CN-YunxiNeural_SC-000007_seg8s_SC-000086_02.wav,sovits_api,mandarin,SC-000086,ref_boot_edgetts_mandarin_zh-CN-YunxiNeural_SC-000007_seg8s,0.1613,隐蔽(难检)
data/redteam/factory/segments/edgetts/henan/seg_edgetts_henan_zh-CN-shaanxi-XiaoniNeural_SC-000662_01.wav,edgetts,henan,SC-000662,zh-CN-shaanxi-XiaoniNeural,0.1614,隐蔽(难检)
data/redteam/factory/segments/edgetts/henan/seg_edgetts_henan_zh-CN-shaanxi-XiaoniNeural_SC-000623_04.wav,edgetts,henan,SC-000623,zh-CN-shaanxi-XiaoniNeural,0.1615,隐蔽(难检)
data/redteam/factory/segments/edgetts/sichuan/seg_edgetts_sichuan_zh-CN-XiaoxiaoNeural_SC-000115_00.wav,edgetts,sichuan,SC-000115,zh-CN-XiaoxiaoNeural,0.1616,隐蔽(难检)
data/redteam/factory/segments/edgetts/mandarin/seg_edgetts_mandarin_zh-CN-YunyangNeural_SC-000347_02.wav,edgetts,mandarin,SC-000347,zh-CN-YunyangNeural,0.1616,隐蔽(难检)
data/redteam/factory/segments/edgetts/sichuan/seg_edgetts_sichuan_zh-CN-XiaoxiaoNeural_SC-000513_03.wav,edgetts,sichuan,SC-000513,zh-CN-XiaoxiaoNeural,0.162,隐蔽(难检)
data/redteam/factory/segments/edgetts/dongbei/seg_edgetts_dongbei_zh-CN-liaoning-XiaobeiNeural_SC-001545_01.wav,edgetts,dongbei,SC-001545,zh-CN-liaoning-XiaobeiNeural,0.162,隐蔽(难检)
data/redteam/factory/segments/edgetts/henan/seg_edgetts_henan_zh-CN-shaanxi-XiaoniNeural_SC-000137_01.wav,edgetts,henan,SC-000137,zh-CN-shaanxi-XiaoniNeural,0.1622,隐蔽(难检)
data/redteam/factory/segments/edgetts/henan/seg_edgetts_henan_zh-CN-shaanxi-XiaoniNeural_SC-000365_03.wav,edgetts,henan,SC-000365,zh-CN-shaanxi-XiaoniNeural,0.1624,隐蔽(难检)
data/redteam/factory/segments/edgetts/sichuan/seg_edgetts_sichuan_zh-CN-XiaoxiaoNeural_SC-000896_04.wav,edgetts,sichuan,SC-000896,zh-CN-XiaoxiaoNeural,0.1624,隐蔽(难检)
data/redteam/factory/segments/edgetts/cantonese/seg_edgetts_cantonese_zh-HK-WanLungNeural_SC-000427_02.wav,edgetts,cantonese,SC-000427,zh-HK-WanLungNeural,0.1625,隐蔽(难检)
data/redteam/factory/segments/edgetts/cantonese/seg_edgetts_cantonese_zh-HK-WanLungNeural_SC-001340_03.wav,edgetts,cantonese,SC-001340,zh-HK-WanLungNeural,0.1625,隐蔽(难检)
data/redteam/factory/segments/edgetts/mandarin/seg_edgetts_mandarin_zh-CN-YunxiNeural_SC-000440_01.wav,edgetts,mandarin,SC-000440,zh-CN-YunxiNeural,0.1626,隐蔽(难检)
data/redteam/factory/segments/edgetts/minnan/seg_edgetts_minnan_zh-TW-HsiaoChenNeural_SC-000982_02.wav,edgetts,minnan,SC-000982,zh-TW-HsiaoChenNeural,0.1631,隐蔽(难检)
data/redteam/factory/segments/sovits_api/minnan/seg_sovits_api_minnan_ref_boot_edgetts_minnan_zh-TW-HsiaoChenNeural_SC-000001_SC-000143_03.wav,sovits_api,minnan,SC-000143,ref_boot_edgetts_minnan_zh-TW-HsiaoChenNeural_SC-000001,0.1631,隐蔽(难检)
data/redteam/factory/segments/edgetts/cantonese/seg_edgetts_cantonese_zh-HK-WanLungNeural_SC-000245_04.wav,edgetts,cantonese,SC-000245,zh-HK-WanLungNeural,0.1632,隐蔽(难检)
data/redteam/factory/segments/edgetts/cantonese/seg_edgetts_cantonese_zh-HK-WanLungNeural_SC-000786_00.wav,edgetts,cantonese,SC-000786,zh-HK-WanLungNeural,0.1632,隐蔽(难检)
data/redteam/factory/segments/edgetts/dongbei/seg_edgetts_dongbei_zh-CN-liaoning-XiaobeiNeural_SC-001124_01.wav,edgetts,dongbei,SC-001124,zh-CN-liaoning-XiaobeiNeural,0.1632,隐蔽(难检)
data/redteam/factory/segments/edgetts/mandarin/seg_edgetts_mandarin_zh-CN-YunjianNeural_SC-000069_00.wav,edgetts,mandarin,SC-000069,zh-CN-YunjianNeural,0.1637,隐蔽(难检)
data/redteam/factory/segments/edgetts/henan/seg_edgetts_henan_zh-CN-shaanxi-XiaoniNeural_SC-000442_00.wav,edgetts,henan,SC-000442,zh-CN-shaanxi-XiaoniNeural,0.1637,隐蔽(难检)
data/redteam/factory/segments/edgetts/cantonese/seg_edgetts_cantonese_zh-HK-WanLungNeural_SC-001294_03.wav,edgetts,cantonese,SC-001294,zh-HK-WanLungNeural,0.1637,隐蔽(难检)
data/redteam/factory/segments/edgetts/cantonese/seg_edgetts_cantonese_zh-HK-WanLungNeural_SC-000752_01.wav,edgetts,cantonese,SC-000752,zh-HK-WanLungNeural,0.1638,隐蔽(难检)
data/redteam/factory/segments/edgetts/dongbei/seg_edgetts_dongbei_zh-CN-liaoning-XiaobeiNeural_SC-000434_00.wav,edgetts,dongbei,SC-000434,zh-CN-liaoning-XiaobeiNeural,0.1638,隐蔽(难检)
data/redteam/factory/segments/edgetts/cantonese/seg_edgetts_cantonese_zh-HK-WanLungNeural_SC-000017_01.wav,edgetts,cantonese,SC-000017,zh-HK-WanLungNeural,0.1639,隐蔽(难检)
data/redteam/factory/segments/edgetts/mandarin/seg_edgetts_mandarin_zh-CN-XiaoxiaoNeural_SC-000327_03.wav,edgetts,mandarin,SC-000327,zh-CN-XiaoxiaoNeural,0.164,隐蔽(难检)
data/redteam/factory/segments/edgetts/cantonese/seg_edgetts_cantonese_zh-HK-WanLungNeural_SC-000711_00.wav,edgetts,cantonese,SC-000711,zh-HK-WanLungNeural,0.164,隐蔽(难检)
data/redteam/factory/segments/edgetts/sichuan/seg_edgetts_sichuan_zh-CN-YunxiNeural_SC-001451_01.wav,edgetts,sichuan,SC-001451,zh-CN-YunxiNeural,0.164,隐蔽(难检)
data/redteam/factory/segments/edgetts/dongbei/seg_edgetts_dongbei_zh-CN-liaoning-XiaobeiNeural_SC-000264_01.wav,edgetts,dongbei,SC-000264,zh-CN-liaoning-XiaobeiNeural,0.1641,隐蔽(难检)
data/redteam/factory/segments/edgetts/henan/seg_edgetts_henan_zh-CN-shaanxi-XiaoniNeural_SC-001481_00.wav,edgetts,henan,SC-001481,zh-CN-shaanxi-XiaoniNeural,0.1641,隐蔽(难检)
data/redteam/factory/segments/edgetts/mandarin/seg_edgetts_mandarin_zh-CN-YunjianNeural_SC-000440_02.wav,edgetts,mandarin,SC-000440,zh-CN-YunjianNeural,0.1641,隐蔽(难检)
data/redteam/factory/segments/sovits_api/cantonese/seg_sovits_api_cantonese_ref_boot_edgetts_cantonese_zh-HK-HiuMaanNeural_SC-000005_seg8s_SC-000116_05.wav,sovits_api,cantonese,SC-000116,ref_boot_edgetts_cantonese_zh-HK-HiuMaanNeural_SC-000005_seg8s,0.1641,隐蔽(难检)
data/redteam/factory/segments/edgetts/sichuan/seg_edgetts_sichuan_zh-CN-XiaoxiaoNeural_SC-000115_02.wav,edgetts,sichuan,SC-000115,zh-CN-XiaoxiaoNeural,0.1642,隐蔽(难检)
data/redteam/factory/segments/edgetts/sichuan/seg_edgetts_sichuan_zh-CN-XiaoxiaoNeural_SC-000756_00.wav,edgetts,sichuan,SC-000756,zh-CN-XiaoxiaoNeural,0.1644,隐蔽(难检)
data/redteam/factory/segments/edgetts/henan/seg_edgetts_henan_zh-CN-shaanxi-XiaoniNeural_SC-000741_03.wav,edgetts,henan,SC-000741,zh-CN-shaanxi-XiaoniNeural,0.1647,隐蔽(难检)
data/redteam/factory/segments/sovits_api/minnan/seg_sovits_api_minnan_ref_boot_edgetts_minnan_zh-TW-HsiaoChenNeural_SC-000001_SC-000143_02.wav,sovits_api,minnan,SC-000143,ref_boot_edgetts_minnan_zh-TW-HsiaoChenNeural_SC-000001,0.1649,隐蔽(难检)
data/redteam/factory/segments/edgetts/dongbei/seg_edgetts_dongbei_zh-CN-liaoning-XiaobeiNeural_SC-000294_03.wav,edgetts,dongbei,SC-000294,zh-CN-liaoning-XiaobeiNeural,0.1655,隐蔽(难检)
data/redteam/factory/segments/edgetts/henan/seg_edgetts_henan_zh-CN-shaanxi-XiaoniNeural_SC-001368_00.wav,edgetts,henan,SC-001368,zh-CN-shaanxi-XiaoniNeural,0.1656,隐蔽(难检)
data/redteam/factory/segments/sovits_api/minnan/seg_sovits_api_minnan_ref_boot_edgetts_minnan_zh-TW-YunJheNeural_SC-000001_SC-000369_01.wav,sovits_api,minnan,SC-000369,ref_boot_edgetts_minnan_zh-TW-YunJheNeural_SC-000001,0.1656,隐蔽(难检)
data/redteam/factory/segments/edgetts/mandarin/seg_edgetts_mandarin_zh-CN-YunjianNeural_SC-000235_01.wav,edgetts,mandarin,SC-000235,zh-CN-YunjianNeural,0.1657,隐蔽(难检)
data/redteam/factory/segments/edgetts/henan/seg_edgetts_henan_zh-CN-shaanxi-XiaoniNeural_SC-000932_02.wav,edgetts,henan,SC-000932,zh-CN-shaanxi-XiaoniNeural,0.1659,隐蔽(难检)
data/redteam/factory/segments/edgetts/mandarin/seg_edgetts_mandarin_zh-CN-XiaoxiaoNeural_SC-000347_02.wav,edgetts,mandarin,SC-000347,zh-CN-XiaoxiaoNeural,0.1662,隐蔽(难检)
data/redteam/factory/segments/edgetts/sichuan/seg_edgetts_sichuan_zh-CN-YunxiNeural_SC-000115_02.wav,edgetts,sichuan,SC-000115,zh-CN-YunxiNeural,0.1664,隐蔽(难检)
data/redteam/factory/segments/edgetts/henan/seg_edgetts_henan_zh-CN-shaanxi-XiaoniNeural_SC-000994_01.wav,edgetts,henan,SC-000994,zh-CN-shaanxi-XiaoniNeural,0.1664,隐蔽(难检)
data/redteam/factory/segments/sovits_api/dongbei/seg_sovits_api_dongbei_ref_boot_edgetts_dongbei_zh-CN-liaoning-XiaobeiNeural_SC-000002_seg8s_SC-000124_02.wav,sovits_api,dongbei,SC-000124,ref_boot_edgetts_dongbei_zh-CN-liaoning-XiaobeiNeural_SC-000002_seg8s,0.1666,隐蔽(难检)
data/redteam/factory/segments/edgetts/cantonese/seg_edgetts_cantonese_zh-HK-WanLungNeural_SC-000601_00.wav,edgetts,cantonese,SC-000601,zh-HK-WanLungNeural,0.1667,隐蔽(难检)
data/redteam/factory/segments/edgetts/mandarin/seg_edgetts_mandarin_zh-CN-YunjianNeural_SC-000440_01.wav,edgetts,mandarin,SC-000440,zh-CN-YunjianNeural,0.1667,隐蔽(难检)
data/redteam/factory/segments/edgetts/mandarin/seg_edgetts_mandarin_zh-CN-YunjianNeural_SC-000036_03.wav,edgetts,mandarin,SC-000036,zh-CN-YunjianNeural,0.1668,隐蔽(难检)
data/redteam/factory/segments/edgetts/sichuan/seg_edgetts_sichuan_zh-CN-YunxiNeural_SC-000627_03.wav,edgetts,sichuan,SC-000627,zh-CN-YunxiNeural,0.1668,隐蔽(难检)
data/redteam/factory/segments/edgetts/henan/seg_edgetts_henan_zh-CN-shaanxi-XiaoniNeural_SC-000662_00.wav,edgetts,henan,SC-000662,zh-CN-shaanxi-XiaoniNeural,0.1669,隐蔽(难检)
data/redteam/factory/segments/edgetts/mandarin/seg_edgetts_mandarin_zh-CN-XiaoxiaoNeural_SC-000440_01.wav,edgetts,mandarin,SC-000440,zh-CN-XiaoxiaoNeural,0.1669,隐蔽(难检)
data/redteam/factory/segments/edgetts/dongbei/seg_edgetts_dongbei_zh-CN-liaoning-XiaobeiNeural_SC-001124_03.wav,edgetts,dongbei,SC-001124,zh-CN-liaoning-XiaobeiNeural,0.1672,隐蔽(难检)
data/redteam/factory/segments/sovits_api/minnan/seg_sovits_api_minnan_ref_boot_edgetts_minnan_zh-TW-YunJheNeural_SC-000001_SC-000143_00.wav,sovits_api,minnan,SC-000143,ref_boot_edgetts_minnan_zh-TW-YunJheNeural_SC-000001,0.1672,隐蔽(难检)
data/redteam/factory/segments/sovits_api/cantonese/seg_sovits_api_cantonese_ref_boot_edgetts_cantonese_zh-HK-WanLungNeural_SC-000005_seg8s_SC-000333_03.wav,sovits_api,cantonese,SC-000333,ref_boot_edgetts_cantonese_zh-HK-WanLungNeural_SC-000005_seg8s,0.1672,隐蔽(难检)
data/redteam/factory/segments/edgetts/mandarin/seg_edgetts_mandarin_zh-CN-XiaoxiaoNeural_SC-000449_02.wav,edgetts,mandarin,SC-000449,zh-CN-XiaoxiaoNeural,0.1673,隐蔽(难检)
data/redteam/factory/segments/sovits_api/minnan/seg_sovits_api_minnan_ref_boot_edgetts_minnan_zh-TW-HsiaoChenNeural_SC-000001_SC-000367_00.wav,sovits_api,minnan,SC-000367,ref_boot_edgetts_minnan_zh-TW-HsiaoChenNeural_SC-000001,0.1673,隐蔽(难检)
data/redteam/factory/segments/edgetts/cantonese/seg_edgetts_cantonese_zh-HK-WanLungNeural_SC-001080_00.wav,edgetts,cantonese,SC-001080,zh-HK-WanLungNeural,0.1676,隐蔽(难检)
data/redteam/factory/segments/edgetts/cantonese/seg_edgetts_cantonese_zh-HK-WanLungNeural_SC-001294_00.wav,edgetts,cantonese,SC-001294,zh-HK-WanLungNeural,0.1677,隐蔽(难检)
data/redteam/factory/segments/edgetts/dongbei/seg_edgetts_dongbei_zh-CN-liaoning-XiaobeiNeural_SC-001305_01.wav,edgetts,dongbei,SC-001305,zh-CN-liaoning-XiaobeiNeural,0.1677,隐蔽(难检)
data/redteam/factory/segments/edgetts/sichuan/seg_edgetts_sichuan_zh-CN-YunxiNeural_SC-000986_00.wav,edgetts,sichuan,SC-000986,zh-CN-YunxiNeural,0.168,隐蔽(难检)
data/redteam/factory/segments/edgetts/mandarin/seg_edgetts_mandarin_zh-CN-YunyangNeural_SC-000017_01.wav,edgetts,mandarin,SC-000017,zh-CN-YunyangNeural,0.1681,隐蔽(难检)
data/redteam/factory/segments/edgetts/sichuan/seg_edgetts_sichuan_zh-CN-XiaoxiaoNeural_SC-001028_02.wav,edgetts,sichuan,SC-001028,zh-CN-XiaoxiaoNeural,0.1683,隐蔽(难检)
data/redteam/factory/segments/edgetts/sichuan/seg_edgetts_sichuan_zh-CN-XiaoxiaoNeural_SC-000373_03.wav,edgetts,sichuan,SC-000373,zh-CN-XiaoxiaoNeural,0.1683,隐蔽(难检)
data/redteam/factory/segments/sovits_api/mandarin/seg_sovits_api_mandarin_ref_boot_edgetts_mandarin_zh-CN-YunjianNeural_SC-000007_seg8s_SC-000037_03.wav,sovits_api,mandarin,SC-000037,ref_boot_edgetts_mandarin_zh-CN-YunjianNeural_SC-000007_seg8s,0.1684,隐蔽(难检)
data/redteam/factory/segments/edgetts/mandarin/seg_edgetts_mandarin_zh-CN-YunyangNeural_SC-000440_01.wav,edgetts,mandarin,SC-000440,zh-CN-YunyangNeural,0.1687,隐蔽(难检)
data/redteam/factory/segments/edgetts/henan/seg_edgetts_henan_zh-CN-shaanxi-XiaoniNeural_SC-000430_02.wav,edgetts,henan,SC-000430,zh-CN-shaanxi-XiaoniNeural,0.1689,隐蔽(难检)
data/redteam/factory/segments/edgetts/mandarin/seg_edgetts_mandarin_zh-CN-YunyangNeural_SC-000474_02.wav,edgetts,mandarin,SC-000474,zh-CN-YunyangNeural,0.169,隐蔽(难检)
data/redteam/factory/segments/edgetts/cantonese/seg_edgetts_cantonese_zh-HK-WanLungNeural_SC-000765_03.wav,edgetts,cantonese,SC-000765,zh-HK-WanLungNeural,0.1697,隐蔽(难检)
data/redteam/factory/segments/edgetts/cantonese/seg_edgetts_cantonese_zh-HK-WanLungNeural_SC-001082_03.wav,edgetts,cantonese,SC-001082,zh-HK-WanLungNeural,0.1698,隐蔽(难检)
data/redteam/factory/segments/edgetts/dongbei/seg_edgetts_dongbei_zh-CN-liaoning-XiaobeiNeural_SC-000541_03.wav,edgetts,dongbei,SC-000541,zh-CN-liaoning-XiaobeiNeural,0.1699,隐蔽(难检)
data/redteam/factory/segments/edgetts/dongbei/seg_edgetts_dongbei_zh-CN-liaoning-XiaobeiNeural_SC-001362_03.wav,edgetts,dongbei,SC-001362,zh-CN-liaoning-XiaobeiNeural,0.1699,隐蔽(难检)
data/redteam/factory/segments/edgetts/mandarin/seg_edgetts_mandarin_zh-CN-YunjianNeural_SC-000331_02.wav,edgetts,mandarin,SC-000331,zh-CN-YunjianNeural,0.1704,隐蔽(难检)
data/redteam/factory/segments/edgetts/sichuan/seg_edgetts_sichuan_zh-CN-YunxiNeural_SC-000513_01.wav,edgetts,sichuan,SC-000513,zh-CN-YunxiNeural,0.1705,隐蔽(难检)
data/redteam/factory/segments/sovits_api/mandarin/seg_sovits_api_mandarin_ref_boot_edgetts_mandarin_zh-CN-XiaoxiaoNeural_SC-000007_seg8s_SC-000036_05.wav,sovits_api,mandarin,SC-000036,ref_boot_edgetts_mandarin_zh-CN-XiaoxiaoNeural_SC-000007_seg8s,0.1705,隐蔽(难检)
data/redteam/factory/segments/edgetts/sichuan/seg_edgetts_sichuan_zh-CN-XiaoxiaoNeural_SC-000373_01.wav,edgetts,sichuan,SC-000373,zh-CN-XiaoxiaoNeural,0.1707,隐蔽(难检)
data/redteam/factory/segments/edgetts/sichuan/seg_edgetts_sichuan_zh-CN-XiaoxiaoNeural_SC-001457_01.wav,edgetts,sichuan,SC-001457,zh-CN-XiaoxiaoNeural,0.1708,隐蔽(难检)
data/redteam/factory/segments/edgetts/mandarin/seg_edgetts_mandarin_zh-CN-XiaoxiaoNeural_SC-000474_03.wav,edgetts,mandarin,SC-000474,zh-CN-XiaoxiaoNeural,0.1709,隐蔽(难检)
data/redteam/factory/segments/edgetts/sichuan/seg_edgetts_sichuan_zh-CN-YunxiNeural_SC-000429_02.wav,edgetts,sichuan,SC-000429,zh-CN-YunxiNeural,0.1709,隐蔽(难检)
data/redteam/factory/segments/edgetts/mandarin/seg_edgetts_mandarin_zh-CN-XiaoxiaoNeural_SC-000440_00.wav,edgetts,mandarin,SC-000440,zh-CN-XiaoxiaoNeural,0.171,隐蔽(难检)
data/redteam/factory/segments/edgetts/minnan/seg_edgetts_minnan_zh-TW-HsiaoChenNeural_SC-000802_01.wav,edgetts,minnan,SC-000802,zh-TW-HsiaoChenNeural,0.1712,隐蔽(难检)
data/redteam/factory/segments/edgetts/mandarin/seg_edgetts_mandarin_zh-CN-YunxiNeural_SC-000331_02.wav,edgetts,mandarin,SC-000331,zh-CN-YunxiNeural,0.1714,隐蔽(难检)
data/redteam/factory/segments/edgetts/sichuan/seg_edgetts_sichuan_zh-CN-YunxiNeural_SC-000683_03.wav,edgetts,sichuan,SC-000683,zh-CN-YunxiNeural,0.1715,隐蔽(难检)
data/redteam/factory/segments/edgetts/mandarin/seg_edgetts_mandarin_zh-CN-XiaoxiaoNeural_SC-000341_00.wav,edgetts,mandarin,SC-000341,zh-CN-XiaoxiaoNeural,0.1715,隐蔽(难检)
data/redteam/factory/segments/edgetts/mandarin/seg_edgetts_mandarin_zh-CN-YunyangNeural_SC-000449_01.wav,edgetts,mandarin,SC-000449,zh-CN-YunyangNeural,0.1718,隐蔽(难检)
data/redteam/factory/segments/edgetts/dongbei/seg_edgetts_dongbei_zh-CN-liaoning-XiaobeiNeural_SC-001686_01.wav,edgetts,dongbei,SC-001686,zh-CN-liaoning-XiaobeiNeural,0.1719,隐蔽(难检)
data/redteam/factory/segments/edgetts/mandarin/seg_edgetts_mandarin_zh-CN-XiaoxiaoNeural_SC-000327_01.wav,edgetts,mandarin,SC-000327,zh-CN-XiaoxiaoNeural,0.1722,隐蔽(难检)
data/redteam/factory/segments/edgetts/dongbei/seg_edgetts_dongbei_zh-CN-liaoning-XiaobeiNeural_SC-000264_00.wav,edgetts,dongbei,SC-000264,zh-CN-liaoning-XiaobeiNeural,0.1723,隐蔽(难检)
data/redteam/factory/segments/edgetts/mandarin/seg_edgetts_mandarin_zh-CN-XiaoxiaoNeural_SC-000449_03.wav,edgetts,mandarin,SC-000449,zh-CN-XiaoxiaoNeural,0.1723,隐蔽(难检)
data/redteam/factory/segments/edgetts/mandarin/seg_edgetts_mandarin_zh-CN-YunjianNeural_SC-000069_02.wav,edgetts,mandarin,SC-000069,zh-CN-YunjianNeural,0.1724,隐蔽(难检)
data/redteam/factory/segments/edgetts/mandarin/seg_edgetts_mandarin_zh-CN-YunxiNeural_SC-000335_02.wav,edgetts,mandarin,SC-000335,zh-CN-YunxiNeural,0.1724,隐蔽(难检)
data/redteam/factory/segments/edgetts/mandarin/seg_edgetts_mandarin_zh-CN-YunxiNeural_SC-000017_02.wav,edgetts,mandarin,SC-000017,zh-CN-YunxiNeural,0.1726,隐蔽(难检)
data/redteam/factory/segments/edgetts/sichuan/seg_edgetts_sichuan_zh-CN-YunxiNeural_SC-000017_02.wav,edgetts,sichuan,SC-000017,zh-CN-YunxiNeural,0.1726,隐蔽(难检)
data/redteam/factory/segments/edgetts/henan/seg_edgetts_henan_zh-CN-shaanxi-XiaoniNeural_SC-000914_04.wav,edgetts,henan,SC-000914,zh-CN-shaanxi-XiaoniNeural,0.173,隐蔽(难检)
data/redteam/factory/segments/edgetts/dongbei/seg_edgetts_dongbei_zh-CN-liaoning-XiaobeiNeural_SC-000463_00.wav,edgetts,dongbei,SC-000463,zh-CN-liaoning-XiaobeiNeural,0.1732,隐蔽(难检)
data/redteam/factory/segments/edgetts/cantonese/seg_edgetts_cantonese_zh-HK-WanLungNeural_SC-000017_10.wav,edgetts,cantonese,SC-000017,zh-HK-WanLungNeural,0.1733,隐蔽(难检)
data/redteam/factory/segments/edgetts/mandarin/seg_edgetts_mandarin_zh-CN-YunyangNeural_SC-000036_01.wav,edgetts,mandarin,SC-000036,zh-CN-YunyangNeural,0.1733,隐蔽(难检)
data/redteam/factory/segments/edgetts/dongbei/seg_edgetts_dongbei_zh-CN-liaoning-XiaobeiNeural_SC-001635_00.wav,edgetts,dongbei,SC-001635,zh-CN-liaoning-XiaobeiNeural,0.1735,隐蔽(难检)
data/redteam/factory/segments/sovits_api/dongbei/seg_sovits_api_dongbei_ref_boot_edgetts_dongbei_zh-CN-liaoning-XiaobeiNeural_SC-000002_seg8s_SC-000154_05.wav,sovits_api,dongbei,SC-000154,ref_boot_edgetts_dongbei_zh-CN-liaoning-XiaobeiNeural_SC-000002_seg8s,0.1735,隐蔽(难检)
data/redteam/factory/segments/sovits_api/mandarin/seg_sovits_api_mandarin_ref_boot_edgetts_mandarin_zh-CN-YunjianNeural_SC-000007_seg8s_SC-000037_00.wav,sovits_api,mandarin,SC-000037,ref_boot_edgetts_mandarin_zh-CN-YunjianNeural_SC-000007_seg8s,0.1736,隐蔽(难检)
data/redteam/factory/segments/edgetts/mandarin/seg_edgetts_mandarin_zh-CN-YunyangNeural_SC-000017_02.wav,edgetts,mandarin,SC-000017,zh-CN-YunyangNeural,0.1739,隐蔽(难检)
data/redteam/factory/segments/edgetts/mandarin/seg_edgetts_mandarin_zh-CN-YunjianNeural_SC-000347_01.wav,edgetts,mandarin,SC-000347,zh-CN-YunjianNeural,0.174,隐蔽(难检)
data/redteam/factory/segments/sovits_api/minnan/seg_sovits_api_minnan_ref_boot_edgetts_minnan_zh-TW-YunJheNeural_SC-000001_SC-000367_02.wav,sovits_api,minnan,SC-000367,ref_boot_edgetts_minnan_zh-TW-YunJheNeural_SC-000001,0.1741,隐蔽(难检)
data/redteam/factory/segments/edgetts/dongbei/seg_edgetts_dongbei_zh-CN-liaoning-XiaobeiNeural_SC-001662_01.wav,edgetts,dongbei,SC-001662,zh-CN-liaoning-XiaobeiNeural,0.1742,隐蔽(难检)
data/redteam/factory/segments/edgetts/mandarin/seg_edgetts_mandarin_zh-CN-YunjianNeural_SC-000511_02.wav,edgetts,mandarin,SC-000511,zh-CN-YunjianNeural,0.1743,隐蔽(难检)
data/redteam/factory/segments/edgetts/henan/seg_edgetts_henan_zh-CN-shaanxi-XiaoniNeural_SC-000873_01.wav,edgetts,henan,SC-000873,zh-CN-shaanxi-XiaoniNeural,0.1747,隐蔽(难检)
data/redteam/factory/segments/edgetts/dongbei/seg_edgetts_dongbei_zh-CN-liaoning-XiaobeiNeural_SC-000411_03.wav,edgetts,dongbei,SC-000411,zh-CN-liaoning-XiaobeiNeural,0.1748,隐蔽(难检)
data/redteam/factory/segments/edgetts/sichuan/seg_edgetts_sichuan_zh-CN-XiaoxiaoNeural_SC-001205_02.wav,edgetts,sichuan,SC-001205,zh-CN-XiaoxiaoNeural,0.1748,隐蔽(难检)
data/redteam/factory/segments/edgetts/cantonese/seg_edgetts_cantonese_zh-HK-WanLungNeural_SC-001082_01.wav,edgetts,cantonese,SC-001082,zh-HK-WanLungNeural,0.1749,隐蔽(难检)
data/redteam/factory/segments/edgetts/mandarin/seg_edgetts_mandarin_zh-CN-XiaoxiaoNeural_SC-000159_04.wav,edgetts,mandarin,SC-000159,zh-CN-XiaoxiaoNeural,0.175,隐蔽(难检)
data/redteam/factory/segments/edgetts/sichuan/seg_edgetts_sichuan_zh-CN-XiaoxiaoNeural_SC-000552_03.wav,edgetts,sichuan,SC-000552,zh-CN-XiaoxiaoNeural,0.175,隐蔽(难检)
data/redteam/factory/segments/edgetts/mandarin/seg_edgetts_mandarin_zh-CN-YunxiNeural_SC-000474_03.wav,edgetts,mandarin,SC-000474,zh-CN-YunxiNeural,0.1752,隐蔽(难检)
data/redteam/factory/segments/edgetts/cantonese/seg_edgetts_cantonese_zh-HK-WanLungNeural_SC-000017_00.wav,edgetts,cantonese,SC-000017,zh-HK-WanLungNeural,0.1754,隐蔽(难检)
data/redteam/factory/segments/sovits_api/henan/seg_sovits_api_henan_ref_boot_edgetts_henan_zh-CN-shaanxi-XiaoniNeural_SC-000009_seg8s_SC-000017_02.wav,sovits_api,henan,SC-000017,ref_boot_edgetts_henan_zh-CN-shaanxi-XiaoniNeural_SC-000009_seg8s,0.1757,隐蔽(难检)
data/redteam/factory/segments/edgetts/sichuan/seg_edgetts_sichuan_zh-CN-XiaoxiaoNeural_SC-000436_02.wav,edgetts,sichuan,SC-000436,zh-CN-XiaoxiaoNeural,0.176,隐蔽(难检)
data/redteam/factory/segments/edgetts/sichuan/seg_edgetts_sichuan_zh-CN-YunxiNeural_SC-000896_00.wav,edgetts,sichuan,SC-000896,zh-CN-YunxiNeural,0.1762,隐蔽(难检)
data/redteam/factory/segments/edgetts/mandarin/seg_edgetts_mandarin_zh-CN-XiaoxiaoNeural_SC-000341_02.wav,edgetts,mandarin,SC-000341,zh-CN-XiaoxiaoNeural,0.1762,隐蔽(难检)
data/redteam/factory/segments/edgetts/dongbei/seg_edgetts_dongbei_zh-CN-liaoning-XiaobeiNeural_SC-000294_00.wav,edgetts,dongbei,SC-000294,zh-CN-liaoning-XiaobeiNeural,0.1763,隐蔽(难检)
data/redteam/factory/segments/edgetts/henan/seg_edgetts_henan_zh-CN-shaanxi-XiaoniNeural_SC-001054_02.wav,edgetts,henan,SC-001054,zh-CN-shaanxi-XiaoniNeural,0.1763,隐蔽(难检)
data/redteam/factory/segments/edgetts/minnan/seg_edgetts_minnan_zh-TW-HsiaoChenNeural_SC-000466_04.wav,edgetts,minnan,SC-000466,zh-TW-HsiaoChenNeural,0.1767,隐蔽(难检)
data/redteam/factory/segments/edgetts/dongbei/seg_edgetts_dongbei_zh-CN-liaoning-XiaobeiNeural_SC-000405_04.wav,edgetts,dongbei,SC-000405,zh-CN-liaoning-XiaobeiNeural,0.1769,隐蔽(难检)
data/redteam/factory/segments/edgetts/mandarin/seg_edgetts_mandarin_zh-CN-YunyangNeural_SC-000474_03.wav,edgetts,mandarin,SC-000474,zh-CN-YunyangNeural,0.1769,隐蔽(难检)
data/redteam/factory/segments/sovits_api/sichuan/seg_sovits_api_sichuan_ref_boot_edgetts_sichuan_zh-CN-YunxiNeural_SC-000010_SC-000255_00.wav,sovits_api,sichuan,SC-000255,ref_boot_edgetts_sichuan_zh-CN-YunxiNeural_SC-000010,0.1769,隐蔽(难检)
data/redteam/factory/segments/edgetts/cantonese/seg_edgetts_cantonese_zh-HK-HiuMaanNeural_SC-001184_00.wav,edgetts,cantonese,SC-001184,zh-HK-HiuMaanNeural,0.1772,隐蔽(难检)
data/redteam/factory/segments/edgetts/sichuan/seg_edgetts_sichuan_zh-CN-XiaoxiaoNeural_SC-000812_03.wav,edgetts,sichuan,SC-000812,zh-CN-XiaoxiaoNeural,0.1772,隐蔽(难检)
data/redteam/factory/segments/edgetts/sichuan/seg_edgetts_sichuan_zh-CN-XiaoxiaoNeural_SC-000537_01.wav,edgetts,sichuan,SC-000537,zh-CN-XiaoxiaoNeural,0.1772,隐蔽(难检)
data/redteam/factory/segments/edgetts/dongbei/seg_edgetts_dongbei_zh-CN-liaoning-XiaobeiNeural_SC-000017_10.wav,edgetts,dongbei,SC-000017,zh-CN-liaoning-XiaobeiNeural,0.1776,隐蔽(难检)
data/redteam/factory/segments/edgetts/mandarin/seg_edgetts_mandarin_zh-CN-YunxiNeural_SC-000331_01.wav,edgetts,mandarin,SC-000331,zh-CN-YunxiNeural,0.1776,隐蔽(难检)
data/redteam/factory/segments/edgetts/henan/seg_edgetts_henan_zh-CN-shaanxi-XiaoniNeural_SC-001617_00.wav,edgetts,henan,SC-001617,zh-CN-shaanxi-XiaoniNeural,0.1778,隐蔽(难检)
data/redteam/factory/segments/edgetts/cantonese/seg_edgetts_cantonese_zh-HK-HiuMaanNeural_SC-000017_10.wav,edgetts,cantonese,SC-000017,zh-HK-HiuMaanNeural,0.1779,隐蔽(难检)
data/redteam/factory/segments/edgetts/cantonese/seg_edgetts_cantonese_zh-HK-WanLungNeural_SC-001198_01.wav,edgetts,cantonese,SC-001198,zh-HK-WanLungNeural,0.1779,隐蔽(难检)
data/redteam/factory/segments/edgetts/sichuan/seg_edgetts_sichuan_zh-CN-XiaoxiaoNeural_SC-000251_00.wav,edgetts,sichuan,SC-000251,zh-CN-XiaoxiaoNeural,0.1781,隐蔽(难检)
data/redteam/factory/segments/edgetts/henan/seg_edgetts_henan_zh-CN-shaanxi-XiaoniNeural_SC-000567_01.wav,edgetts,henan,SC-000567,zh-CN-shaanxi-XiaoniNeural,0.1782,隐蔽(难检)
data/redteam/factory/segments/sovits_api/dongbei/seg_sovits_api_dongbei_ref_boot_edgetts_dongbei_zh-CN-liaoning-XiaobeiNeural_SC-000002_seg8s_SC-000294_00.wav,sovits_api,dongbei,SC-000294,ref_boot_edgetts_dongbei_zh-CN-liaoning-XiaobeiNeural_SC-000002_seg8s,0.1784,隐蔽(难检)
data/redteam/factory/segments/edgetts/dongbei/seg_edgetts_dongbei_zh-CN-liaoning-XiaobeiNeural_SC-001440_03.wav,edgetts,dongbei,SC-001440,zh-CN-liaoning-XiaobeiNeural,0.1788,隐蔽(难检)
data/redteam/factory/segments/edgetts/cantonese/seg_edgetts_cantonese_zh-HK-WanLungNeural_SC-000988_05.wav,edgetts,cantonese,SC-000988,zh-HK-WanLungNeural,0.1789,隐蔽(难检)
data/redteam/factory/segments/edgetts/sichuan/seg_edgetts_sichuan_zh-CN-YunxiNeural_SC-000042_01.wav,edgetts,sichuan,SC-000042,zh-CN-YunxiNeural,0.1791,隐蔽(难检)
data/redteam/factory/segments/edgetts/cantonese/seg_edgetts_cantonese_zh-HK-WanLungNeural_SC-000116_02.wav,edgetts,cantonese,SC-000116,zh-HK-WanLungNeural,0.1791,隐蔽(难检)
data/redteam/factory/segments/edgetts/dongbei/seg_edgetts_dongbei_zh-CN-liaoning-XiaobeiNeural_SC-000541_02.wav,edgetts,dongbei,SC-000541,zh-CN-liaoning-XiaobeiNeural,0.1791,隐蔽(难检)
data/redteam/factory/segments/edgetts/cantonese/seg_edgetts_cantonese_zh-HK-WanLungNeural_SC-000752_00.wav,edgetts,cantonese,SC-000752,zh-HK-WanLungNeural,0.1792,隐蔽(难检)
data/redteam/factory/segments/edgetts/minnan/seg_edgetts_minnan_zh-TW-HsiaoChenNeural_SC-000024_02.wav,edgetts,minnan,SC-000024,zh-TW-HsiaoChenNeural,0.1793,隐蔽(难检)
data/redteam/factory/segments/edgetts/henan/seg_edgetts_henan_zh-CN-shaanxi-XiaoniNeural_SC-001510_01.wav,edgetts,henan,SC-001510,zh-CN-shaanxi-XiaoniNeural,0.1793,隐蔽(难检)
data/redteam/factory/segments/edgetts/mandarin/seg_edgetts_mandarin_zh-CN-YunxiNeural_SC-000017_00.wav,edgetts,mandarin,SC-000017,zh-CN-YunxiNeural,0.1794,隐蔽(难检)
data/redteam/factory/segments/edgetts/sichuan/seg_edgetts_sichuan_zh-CN-YunxiNeural_SC-000017_00.wav,edgetts,sichuan,SC-000017,zh-CN-YunxiNeural,0.1794,隐蔽(难检)
data/redteam/factory/segments/edgetts/henan/seg_edgetts_henan_zh-CN-shaanxi-XiaoniNeural_SC-000567_00.wav,edgetts,henan,SC-000567,zh-CN-shaanxi-XiaoniNeural,0.1795,隐蔽(难检)
data/redteam/factory/segments/edgetts/mandarin/seg_edgetts_mandarin_zh-CN-XiaoxiaoNeural_SC-000455_02.wav,edgetts,mandarin,SC-000455,zh-CN-XiaoxiaoNeural,0.1795,隐蔽(难检)
data/redteam/factory/segments/edgetts/henan/seg_edgetts_henan_zh-CN-shaanxi-XiaoniNeural_SC-000773_02.wav,edgetts,henan,SC-000773,zh-CN-shaanxi-XiaoniNeural,0.1796,隐蔽(难检)
data/redteam/factory/segments/edgetts/dongbei/seg_edgetts_dongbei_zh-CN-liaoning-XiaobeiNeural_SC-001086_00.wav,edgetts,dongbei,SC-001086,zh-CN-liaoning-XiaobeiNeural,0.1797,隐蔽(难检)
data/redteam/factory/segments/edgetts/mandarin/seg_edgetts_mandarin_zh-CN-YunyangNeural_SC-000017_03.wav,edgetts,mandarin,SC-000017,zh-CN-YunyangNeural,0.1798,隐蔽(难检)
data/redteam/factory/segments/edgetts/henan/seg_edgetts_henan_zh-CN-shaanxi-XiaoniNeural_SC-000994_02.wav,edgetts,henan,SC-000994,zh-CN-shaanxi-XiaoniNeural,0.1799,隐蔽(难检)
data/redteam/factory/segments/sovits_api/cantonese/seg_sovits_api_cantonese_ref_boot_edgetts_cantonese_zh-HK-WanLungNeural_SC-000005_seg8s_SC-000245_07.wav,sovits_api,cantonese,SC-000245,ref_boot_edgetts_cantonese_zh-HK-WanLungNeural_SC-000005_seg8s,0.18,隐蔽(难检)
data/redteam/factory/segments/edgetts/sichuan/seg_edgetts_sichuan_zh-CN-XiaoxiaoNeural_SC-000457_02.wav,edgetts,sichuan,SC-000457,zh-CN-XiaoxiaoNeural,0.1803,隐蔽(难检)
data/redteam/factory/segments/edgetts/sichuan/seg_edgetts_sichuan_zh-CN-YunxiNeural_SC-000375_01.wav,edgetts,sichuan,SC-000375,zh-CN-YunxiNeural,0.1805,隐蔽(难检)
data/redteam/factory/segments/sovits_api/minnan/seg_sovits_api_minnan_ref_boot_edgetts_minnan_zh-TW-YunJheNeural_SC-000001_SC-000056_02.wav,sovits_api,minnan,SC-000056,ref_boot_edgetts_minnan_zh-TW-YunJheNeural_SC-000001,0.1807,隐蔽(难检)
data/redteam/factory/segments/sovits_api/minnan/seg_sovits_api_minnan_ref_boot_edgetts_minnan_zh-TW-HsiaoChenNeural_SC-000001_SC-000367_01.wav,sovits_api,minnan,SC-000367,ref_boot_edgetts_minnan_zh-TW-HsiaoChenNeural_SC-000001,0.181,隐蔽(难检)
data/redteam/factory/segments/edgetts/henan/seg_edgetts_henan_zh-CN-shaanxi-XiaoniNeural_SC-001123_02.wav,edgetts,henan,SC-001123,zh-CN-shaanxi-XiaoniNeural,0.1811,隐蔽(难检)
data/redteam/factory/segments/sovits_api/minnan/seg_sovits_api_minnan_ref_boot_edgetts_minnan_zh-TW-HsiaoChenNeural_SC-000001_SC-000143_00.wav,sovits_api,minnan,SC-000143,ref_boot_edgetts_minnan_zh-TW-HsiaoChenNeural_SC-000001,0.1813,隐蔽(难检)
data/redteam/factory/segments/edgetts/sichuan/seg_edgetts_sichuan_zh-CN-XiaoxiaoNeural_SC-000457_03.wav,edgetts,sichuan,SC-000457,zh-CN-XiaoxiaoNeural,0.1814,隐蔽(难检)
data/redteam/factory/segments/edgetts/dongbei/seg_edgetts_dongbei_zh-CN-liaoning-XiaobeiNeural_SC-000656_03.wav,edgetts,dongbei,SC-000656,zh-CN-liaoning-XiaobeiNeural,0.1815,隐蔽(难检)
data/redteam/factory/segments/edgetts/minnan/seg_edgetts_minnan_zh-TW-HsiaoChenNeural_SC-000539_00.wav,edgetts,minnan,SC-000539,zh-TW-HsiaoChenNeural,0.1815,隐蔽(难检)
data/redteam/factory/segments/edgetts/minnan/seg_edgetts_minnan_zh-TW-YunJheNeural_SC-001519_00.wav,edgetts,minnan,SC-001519,zh-TW-YunJheNeural,0.1815,隐蔽(难检)
data/redteam/factory/segments/edgetts/sichuan/seg_edgetts_sichuan_zh-CN-XiaoxiaoNeural_SC-000409_05.wav,edgetts,sichuan,SC-000409,zh-CN-XiaoxiaoNeural,0.1819,隐蔽(难检)
data/redteam/factory/segments/edgetts/dongbei/seg_edgetts_dongbei_zh-CN-liaoning-XiaobeiNeural_SC-001389_03.wav,edgetts,dongbei,SC-001389,zh-CN-liaoning-XiaobeiNeural,0.1823,隐蔽(难检)
data/redteam/factory/segments/edgetts/minnan/seg_edgetts_minnan_zh-TW-HsiaoChenNeural_SC-001034_02.wav,edgetts,minnan,SC-001034,zh-TW-HsiaoChenNeural,0.1826,隐蔽(难检)
data/redteam/factory/segments/edgetts/sichuan/seg_edgetts_sichuan_zh-CN-YunxiNeural_SC-000756_02.wav,edgetts,sichuan,SC-000756,zh-CN-YunxiNeural,0.1826,隐蔽(难检)
data/redteam/factory/segments/edgetts/sichuan/seg_edgetts_sichuan_zh-CN-YunxiNeural_SC-000379_00.wav,edgetts,sichuan,SC-000379,zh-CN-YunxiNeural,0.1826,隐蔽(难检)
data/redteam/factory/segments/edgetts/minnan/seg_edgetts_minnan_zh-TW-HsiaoChenNeural_SC-000465_00.wav,edgetts,minnan,SC-000465,zh-TW-HsiaoChenNeural,0.1829,隐蔽(难检)
data/redteam/factory/segments/edgetts/mandarin/seg_edgetts_mandarin_zh-CN-XiaoxiaoNeural_SC-000327_00.wav,edgetts,mandarin,SC-000327,zh-CN-XiaoxiaoNeural,0.1832,隐蔽(难检)
data/redteam/factory/segments/sovits_api/sichuan/seg_sovits_api_sichuan_ref_boot_edgetts_sichuan_zh-CN-YunxiNeural_SC-000010_SC-000165_00.wav,sovits_api,sichuan,SC-000165,ref_boot_edgetts_sichuan_zh-CN-YunxiNeural_SC-000010,0.1832,隐蔽(难检)
data/redteam/factory/segments/edgetts/cantonese/seg_edgetts_cantonese_zh-HK-WanLungNeural_SC-000245_03.wav,edgetts,cantonese,SC-000245,zh-HK-WanLungNeural,0.1833,隐蔽(难检)
data/redteam/factory/segments/edgetts/cantonese/seg_edgetts_cantonese_zh-HK-WanLungNeural_SC-000988_03.wav,edgetts,cantonese,SC-000988,zh-HK-WanLungNeural,0.1833,隐蔽(难检)
data/redteam/factory/segments/edgetts/dongbei/seg_edgetts_dongbei_zh-CN-liaoning-XiaobeiNeural_SC-000820_02.wav,edgetts,dongbei,SC-000820,zh-CN-liaoning-XiaobeiNeural,0.1835,隐蔽(难检)
data/redteam/factory/segments/sovits_api/cantonese/seg_sovits_api_cantonese_ref_boot_edgetts_cantonese_zh-HK-HiuMaanNeural_SC-000005_seg8s_SC-000048_00.wav,sovits_api,cantonese,SC-000048,ref_boot_edgetts_cantonese_zh-HK-HiuMaanNeural_SC-000005_seg8s,0.1835,隐蔽(难检)
data/redteam/factory/segments/edgetts/dongbei/seg_edgetts_dongbei_zh-CN-liaoning-XiaobeiNeural_SC-000658_02.wav,edgetts,dongbei,SC-000658,zh-CN-liaoning-XiaobeiNeural,0.1836,隐蔽(难检)
data/redteam/factory/segments/sovits_api/minnan/seg_sovits_api_minnan_ref_boot_edgetts_minnan_zh-TW-HsiaoChenNeural_SC-000001_SC-000056_00.wav,sovits_api,minnan,SC-000056,ref_boot_edgetts_minnan_zh-TW-HsiaoChenNeural_SC-000001,0.1836,隐蔽(难检)
data/redteam/factory/segments/edgetts/dongbei/seg_edgetts_dongbei_zh-CN-liaoning-XiaobeiNeural_SC-000294_02.wav,edgetts,dongbei,SC-000294,zh-CN-liaoning-XiaobeiNeural,0.184,隐蔽(难检)
data/redteam/factory/segments/edgetts/cantonese/seg_edgetts_cantonese_zh-HK-WanLungNeural_SC-000228_00.wav,edgetts,cantonese,SC-000228,zh-HK-WanLungNeural,0.1841,隐蔽(难检)
data/redteam/factory/segments/edgetts/cantonese/seg_edgetts_cantonese_zh-HK-WanLungNeural_SC-001449_00.wav,edgetts,cantonese,SC-001449,zh-HK-WanLungNeural,0.1841,隐蔽(难检)
data/redteam/factory/segments/edgetts/minnan/seg_edgetts_minnan_zh-TW-YunJheNeural_SC-000218_01.wav,edgetts,minnan,SC-000218,zh-TW-YunJheNeural,0.1843,隐蔽(难检)
data/redteam/factory/segments/edgetts/dongbei/seg_edgetts_dongbei_zh-CN-liaoning-XiaobeiNeural_SC-000541_01.wav,edgetts,dongbei,SC-000541,zh-CN-liaoning-XiaobeiNeural,0.1845,隐蔽(难检)
data/redteam/factory/segments/sovits_api/sichuan/seg_sovits_api_sichuan_ref_boot_edgetts_sichuan_zh-CN-XiaoxiaoNeural_SC-000010_SC-000251_03.wav,sovits_api,sichuan,SC-000251,ref_boot_edgetts_sichuan_zh-CN-XiaoxiaoNeural_SC-000010,0.1846,隐蔽(难检)
data/redteam/factory/segments/edgetts/sichuan/seg_edgetts_sichuan_zh-CN-YunxiNeural_SC-000381_01.wav,edgetts,sichuan,SC-000381,zh-CN-YunxiNeural,0.1848,隐蔽(难检)
data/redteam/factory/segments/edgetts/sichuan/seg_edgetts_sichuan_zh-CN-XiaoxiaoNeural_SC-000996_00.wav,edgetts,sichuan,SC-000996,zh-CN-XiaoxiaoNeural,0.1848,隐蔽(难检)
data/redteam/factory/segments/edgetts/sichuan/seg_edgetts_sichuan_zh-CN-YunxiNeural_SC-000986_02.wav,edgetts,sichuan,SC-000986,zh-CN-YunxiNeural,0.1849,隐蔽(难检)
data/redteam/factory/segments/edgetts/dongbei/seg_edgetts_dongbei_zh-CN-liaoning-XiaobeiNeural_SC-001128_01.wav,edgetts,dongbei,SC-001128,zh-CN-liaoning-XiaobeiNeural,0.1851,隐蔽(难检)
data/redteam/factory/segments/edgetts/mandarin/seg_edgetts_mandarin_zh-CN-YunjianNeural_SC-000511_01.wav,edgetts,mandarin,SC-000511,zh-CN-YunjianNeural,0.1851,隐蔽(难检)
data/redteam/factory/segments/edgetts/sichuan/seg_edgetts_sichuan_zh-CN-YunxiNeural_SC-000896_03.wav,edgetts,sichuan,SC-000896,zh-CN-YunxiNeural,0.1852,隐蔽(难检)
data/redteam/factory/segments/edgetts/sichuan/seg_edgetts_sichuan_zh-CN-XiaoxiaoNeural_SC-000627_04.wav,edgetts,sichuan,SC-000627,zh-CN-XiaoxiaoNeural,0.1853,隐蔽(难检)
data/redteam/factory/segments/edgetts/mandarin/seg_edgetts_mandarin_zh-CN-YunjianNeural_SC-000440_03.wav,edgetts,mandarin,SC-000440,zh-CN-YunjianNeural,0.1854,隐蔽(难检)
data/redteam/factory/segments/edgetts/mandarin/seg_edgetts_mandarin_zh-CN-XiaoxiaoNeural_SC-000474_01.wav,edgetts,mandarin,SC-000474,zh-CN-XiaoxiaoNeural,0.1857,隐蔽(难检)
data/redteam/factory/segments/edgetts/mandarin/seg_edgetts_mandarin_zh-CN-YunjianNeural_SC-000480_01.wav,edgetts,mandarin,SC-000480,zh-CN-YunjianNeural,0.1858,隐蔽(难检)
data/redteam/factory/segments/edgetts/mandarin/seg_edgetts_mandarin_zh-CN-XiaoxiaoNeural_SC-000331_03.wav,edgetts,mandarin,SC-000331,zh-CN-XiaoxiaoNeural,0.1858,隐蔽(难检)
data/redteam/factory/segments/edgetts/dongbei/seg_edgetts_dongbei_zh-CN-liaoning-XiaobeiNeural_SC-001645_00.wav,edgetts,dongbei,SC-001645,zh-CN-liaoning-XiaobeiNeural,0.1861,隐蔽(难检)
data/redteam/factory/segments/edgetts/mandarin/seg_edgetts_mandarin_zh-CN-YunxiNeural_SC-000327_02.wav,edgetts,mandarin,SC-000327,zh-CN-YunxiNeural,0.1863,隐蔽(难检)
data/redteam/factory/segments/sovits_api/minnan/seg_sovits_api_minnan_ref_boot_edgetts_minnan_zh-TW-HsiaoChenNeural_SC-000001_SC-000056_07.wav,sovits_api,minnan,SC-000056,ref_boot_edgetts_minnan_zh-TW-HsiaoChenNeural_SC-000001,0.1863,隐蔽(难检)
data/redteam/factory/segments/edgetts/dongbei/seg_edgetts_dongbei_zh-CN-liaoning-XiaobeiNeural_SC-000024_02.wav,edgetts,dongbei,SC-000024,zh-CN-liaoning-XiaobeiNeural,0.1864,隐蔽(难检)
data/redteam/factory/segments/edgetts/mandarin/seg_edgetts_mandarin_zh-CN-YunyangNeural_SC-000036_02.wav,edgetts,mandarin,SC-000036,zh-CN-YunyangNeural,0.1865,隐蔽(难检)
data/redteam/factory/segments/sovits_api/dongbei/seg_sovits_api_dongbei_ref_boot_edgetts_dongbei_zh-CN-liaoning-XiaobeiNeural_SC-000002_seg8s_SC-000231_03.wav,sovits_api,dongbei,SC-000231,ref_boot_edgetts_dongbei_zh-CN-liaoning-XiaobeiNeural_SC-000002_seg8s,0.1867,隐蔽(难检)
data/redteam/factory/segments/edgetts/cantonese/seg_edgetts_cantonese_zh-HK-WanLungNeural_SC-001244_00.wav,edgetts,cantonese,SC-001244,zh-HK-WanLungNeural,0.1868,隐蔽(难检)
data/redteam/factory/segments/sovits_api/sichuan/seg_sovits_api_sichuan_ref_boot_edgetts_sichuan_zh-CN-XiaoxiaoNeural_SC-000010_SC-000042_03.wav,sovits_api,sichuan,SC-000042,ref_boot_edgetts_sichuan_zh-CN-XiaoxiaoNeural_SC-000010,0.1868,隐蔽(难检)
data/redteam/factory/segments/edgetts/henan/seg_edgetts_henan_zh-CN-shaanxi-XiaoniNeural_SC-000531_01.wav,edgetts,henan,SC-000531,zh-CN-shaanxi-XiaoniNeural,0.187,隐蔽(难检)
data/redteam/factory/segments/edgetts/dongbei/seg_edgetts_dongbei_zh-CN-liaoning-XiaobeiNeural_SC-001360_03.wav,edgetts,dongbei,SC-001360,zh-CN-liaoning-XiaobeiNeural,0.1871,隐蔽(难检)
data/redteam/factory/segments/edgetts/dongbei/seg_edgetts_dongbei_zh-CN-liaoning-XiaobeiNeural_SC-000749_02.wav,edgetts,dongbei,SC-000749,zh-CN-liaoning-XiaobeiNeural,0.1873,隐蔽(难检)
data/redteam/factory/segments/edgetts/mandarin/seg_edgetts_mandarin_zh-CN-XiaoxiaoNeural_SC-000488_03.wav,edgetts,mandarin,SC-000488,zh-CN-XiaoxiaoNeural,0.1875,隐蔽(难检)
data/redteam/factory/segments/edgetts/henan/seg_edgetts_henan_zh-CN-shaanxi-XiaoniNeural_SC-000017_10.wav,edgetts,henan,SC-000017,zh-CN-shaanxi-XiaoniNeural,0.1876,隐蔽(难检)
data/redteam/factory/segments/edgetts/dongbei/seg_edgetts_dongbei_zh-CN-liaoning-XiaobeiNeural_SC-001119_04.wav,edgetts,dongbei,SC-001119,zh-CN-liaoning-XiaobeiNeural,0.1876,隐蔽(难检)
data/redteam/factory/segments/edgetts/cantonese/seg_edgetts_cantonese_zh-HK-WanLungNeural_SC-001082_02.wav,edgetts,cantonese,SC-001082,zh-HK-WanLungNeural,0.1876,隐蔽(难检)
data/redteam/factory/segments/sovits_api/mandarin/seg_sovits_api_mandarin_ref_boot_edgetts_mandarin_zh-CN-YunjianNeural_SC-000007_seg8s_SC-000037_02.wav,sovits_api,mandarin,SC-000037,ref_boot_edgetts_mandarin_zh-CN-YunjianNeural_SC-000007_seg8s,0.1876,隐蔽(难检)
data/redteam/factory/segments/edgetts/dongbei/seg_edgetts_dongbei_zh-CN-liaoning-XiaobeiNeural_SC-001360_02.wav,edgetts,dongbei,SC-001360,zh-CN-liaoning-XiaobeiNeural,0.1878,隐蔽(难检)
data/redteam/factory/segments/edgetts/henan/seg_edgetts_henan_zh-CN-shaanxi-XiaoniNeural_SC-001617_01.wav,edgetts,henan,SC-001617,zh-CN-shaanxi-XiaoniNeural,0.1878,隐蔽(难检)
data/redteam/factory/segments/edgetts/mandarin/seg_edgetts_mandarin_zh-CN-YunjianNeural_SC-000455_03.wav,edgetts,mandarin,SC-000455,zh-CN-YunjianNeural,0.1879,隐蔽(难检)
data/redteam/factory/segments/edgetts/henan/seg_edgetts_henan_zh-CN-shaanxi-XiaoniNeural_SC-000531_03.wav,edgetts,henan,SC-000531,zh-CN-shaanxi-XiaoniNeural,0.188,隐蔽(难检)
data/redteam/factory/segments/edgetts/sichuan/seg_edgetts_sichuan_zh-CN-XiaoxiaoNeural_SC-000537_03.wav,edgetts,sichuan,SC-000537,zh-CN-XiaoxiaoNeural,0.1882,隐蔽(难检)
data/redteam/factory/segments/edgetts/cantonese/seg_edgetts_cantonese_zh-HK-WanLungNeural_SC-000998_01.wav,edgetts,cantonese,SC-000998,zh-HK-WanLungNeural,0.1886,隐蔽(难检)
data/redteam/factory/segments/edgetts/cantonese/seg_edgetts_cantonese_zh-HK-WanLungNeural_SC-000689_01.wav,edgetts,cantonese,SC-000689,zh-HK-WanLungNeural,0.1887,隐蔽(难检)
data/redteam/factory/segments/edgetts/mandarin/seg_edgetts_mandarin_zh-CN-XiaoxiaoNeural_SC-000036_03.wav,edgetts,mandarin,SC-000036,zh-CN-XiaoxiaoNeural,0.1888,隐蔽(难检)
data/redteam/factory/segments/sovits_api/mandarin/seg_sovits_api_mandarin_ref_boot_edgetts_mandarin_zh-CN-XiaoxiaoNeural_SC-000007_seg8s_SC-000036_03.wav,sovits_api,mandarin,SC-000036,ref_boot_edgetts_mandarin_zh-CN-XiaoxiaoNeural_SC-000007_seg8s,0.1888,隐蔽(难检)
data/redteam/factory/segments/edgetts/dongbei/seg_edgetts_dongbei_zh-CN-liaoning-XiaobeiNeural_SC-000463_02.wav,edgetts,dongbei,SC-000463,zh-CN-liaoning-XiaobeiNeural,0.1889,隐蔽(难检)
data/redteam/factory/segments/sovits_api/henan/seg_sovits_api_henan_ref_boot_edgetts_henan_zh-CN-shaanxi-XiaoniNeural_SC-000009_seg8s_SC-000017_04.wav,sovits_api,henan,SC-000017,ref_boot_edgetts_henan_zh-CN-shaanxi-XiaoniNeural_SC-000009_seg8s,0.1889,隐蔽(难检)
data/redteam/factory/segments/sovits_api/sichuan/seg_sovits_api_sichuan_ref_boot_edgetts_sichuan_zh-CN-YunxiNeural_SC-000010_SC-000115_02.wav,sovits_api,sichuan,SC-000115,ref_boot_edgetts_sichuan_zh-CN-YunxiNeural_SC-000010,0.1889,隐蔽(难检)
data/redteam/factory/segments/edgetts/dongbei/seg_edgetts_dongbei_zh-CN-liaoning-XiaobeiNeural_SC-001124_04.wav,edgetts,dongbei,SC-001124,zh-CN-liaoning-XiaobeiNeural,0.1891,隐蔽(难检)
data/redteam/factory/segments/sovits_api/minnan/seg_sovits_api_minnan_ref_boot_edgetts_minnan_zh-TW-YunJheNeural_SC-000001_SC-000369_03.wav,sovits_api,minnan,SC-000369,ref_boot_edgetts_minnan_zh-TW-YunJheNeural_SC-000001,0.1894,隐蔽(难检)
data/redteam/factory/segments/edgetts/dongbei/seg_edgetts_dongbei_zh-CN-liaoning-XiaobeiNeural_SC-001147_01.wav,edgetts,dongbei,SC-001147,zh-CN-liaoning-XiaobeiNeural,0.1896,隐蔽(难检)
data/redteam/factory/segments/edgetts/mandarin/seg_edgetts_mandarin_zh-CN-XiaoxiaoNeural_SC-000204_03.wav,edgetts,mandarin,SC-000204,zh-CN-XiaoxiaoNeural,0.1897,隐蔽(难检)
data/redteam/factory/segments/edgetts/sichuan/seg_edgetts_sichuan_zh-CN-XiaoxiaoNeural_SC-000042_06.wav,edgetts,sichuan,SC-000042,zh-CN-XiaoxiaoNeural,0.1902,隐蔽(难检)
data/redteam/factory/segments/edgetts/mandarin/seg_edgetts_mandarin_zh-CN-YunyangNeural_SC-000341_01.wav,edgetts,mandarin,SC-000341,zh-CN-YunyangNeural,0.1904,隐蔽(难检)
data/redteam/factory/segments/edgetts/henan/seg_edgetts_henan_zh-CN-shaanxi-XiaoniNeural_SC-000106_00.wav,edgetts,henan,SC-000106,zh-CN-shaanxi-XiaoniNeural,0.1907,隐蔽(难检)
data/redteam/factory/segments/edgetts/mandarin/seg_edgetts_mandarin_zh-CN-YunyangNeural_SC-000341_03.wav,edgetts,mandarin,SC-000341,zh-CN-YunyangNeural,0.1907,隐蔽(难检)
data/redteam/factory/segments/edgetts/cantonese/seg_edgetts_cantonese_zh-HK-WanLungNeural_SC-000699_01.wav,edgetts,cantonese,SC-000699,zh-HK-WanLungNeural,0.1908,隐蔽(难检)
data/redteam/factory/segments/edgetts/sichuan/seg_edgetts_sichuan_zh-CN-XiaoxiaoNeural_SC-000472_02.wav,edgetts,sichuan,SC-000472,zh-CN-XiaoxiaoNeural,0.191,隐蔽(难检)
data/redteam/factory/segments/edgetts/dongbei/seg_edgetts_dongbei_zh-CN-liaoning-XiaobeiNeural_SC-001147_02.wav,edgetts,dongbei,SC-001147,zh-CN-liaoning-XiaobeiNeural,0.1913,隐蔽(难检)
data/redteam/factory/segments/edgetts/dongbei/seg_edgetts_dongbei_zh-CN-liaoning-XiaobeiNeural_SC-001238_00.wav,edgetts,dongbei,SC-001238,zh-CN-liaoning-XiaobeiNeural,0.1914,隐蔽(难检)
data/redteam/factory/segments/edgetts/mandarin/seg_edgetts_mandarin_zh-CN-YunjianNeural_SC-000335_03.wav,edgetts,mandarin,SC-000335,zh-CN-YunjianNeural,0.1914,隐蔽(难检)
data/redteam/factory/segments/edgetts/mandarin/seg_edgetts_mandarin_zh-CN-YunjianNeural_SC-000444_02.wav,edgetts,mandarin,SC-000444,zh-CN-YunjianNeural,0.1917,隐蔽(难检)
data/redteam/factory/segments/edgetts/cantonese/seg_edgetts_cantonese_zh-HK-WanLungNeural_SC-000228_01.wav,edgetts,cantonese,SC-000228,zh-HK-WanLungNeural,0.1918,隐蔽(难检)
data/redteam/factory/segments/edgetts/minnan/seg_edgetts_minnan_zh-TW-HsiaoChenNeural_SC-001110_00.wav,edgetts,minnan,SC-001110,zh-TW-HsiaoChenNeural,0.192,隐蔽(难检)
data/redteam/factory/segments/edgetts/sichuan/seg_edgetts_sichuan_zh-CN-XiaoxiaoNeural_SC-001457_00.wav,edgetts,sichuan,SC-001457,zh-CN-XiaoxiaoNeural,0.1921,隐蔽(难检)
data/redteam/factory/segments/edgetts/sichuan/seg_edgetts_sichuan_zh-CN-XiaoxiaoNeural_SC-000683_03.wav,edgetts,sichuan,SC-000683,zh-CN-XiaoxiaoNeural,0.1921,隐蔽(难检)
data/redteam/factory/segments/sovits_api/cantonese/seg_sovits_api_cantonese_ref_boot_edgetts_cantonese_zh-HK-WanLungNeural_SC-000005_seg8s_SC-000333_00.wav,sovits_api,cantonese,SC-000333,ref_boot_edgetts_cantonese_zh-HK-WanLungNeural_SC-000005_seg8s,0.1927,隐蔽(难检)
data/redteam/factory/segments/edgetts/cantonese/seg_edgetts_cantonese_zh-HK-WanLungNeural_SC-000103_03.wav,edgetts,cantonese,SC-000103,zh-HK-WanLungNeural,0.1931,隐蔽(难检)
data/redteam/factory/segments/edgetts/sichuan/seg_edgetts_sichuan_zh-CN-XiaoxiaoNeural_SC-001028_03.wav,edgetts,sichuan,SC-001028,zh-CN-XiaoxiaoNeural,0.1932,隐蔽(难检)
data/redteam/factory/segments/edgetts/minnan/seg_edgetts_minnan_zh-TW-YunJheNeural_SC-000056_04.wav,edgetts,minnan,SC-000056,zh-TW-YunJheNeural,0.1935,隐蔽(难检)
data/redteam/factory/segments/edgetts/sichuan/seg_edgetts_sichuan_zh-CN-XiaoxiaoNeural_SC-000879_00.wav,edgetts,sichuan,SC-000879,zh-CN-XiaoxiaoNeural,0.1935,隐蔽(难检)
data/redteam/factory/segments/edgetts/minnan/seg_edgetts_minnan_zh-TW-HsiaoChenNeural_SC-000841_01.wav,edgetts,minnan,SC-000841,zh-TW-HsiaoChenNeural,0.1936,隐蔽(难检)
data/redteam/factory/segments/sovits_api/mandarin/seg_sovits_api_mandarin_ref_boot_edgetts_mandarin_zh-CN-XiaoxiaoNeural_SC-000007_seg8s_SC-000037_01.wav,sovits_api,mandarin,SC-000037,ref_boot_edgetts_mandarin_zh-CN-XiaoxiaoNeural_SC-000007_seg8s,0.1938,隐蔽(难检)
data/redteam/factory/segments/edgetts/cantonese/seg_edgetts_cantonese_zh-HK-WanLungNeural_SC-000333_02.wav,edgetts,cantonese,SC-000333,zh-HK-WanLungNeural,0.194,隐蔽(难检)
data/redteam/factory/segments/edgetts/dongbei/seg_edgetts_dongbei_zh-CN-liaoning-XiaobeiNeural_SC-000877_04.wav,edgetts,dongbei,SC-000877,zh-CN-liaoning-XiaobeiNeural,0.194,隐蔽(难检)
data/redteam/factory/segments/sovits_api/sichuan/seg_sovits_api_sichuan_ref_boot_edgetts_sichuan_zh-CN-YunxiNeural_SC-000010_SC-000115_03.wav,sovits_api,sichuan,SC-000115,ref_boot_edgetts_sichuan_zh-CN-YunxiNeural_SC-000010,0.1941,隐蔽(难检)
data/redteam/factory/segments/edgetts/sichuan/seg_edgetts_sichuan_zh-CN-YunxiNeural_SC-000537_02.wav,edgetts,sichuan,SC-000537,zh-CN-YunxiNeural,0.1945,隐蔽(难检)
data/redteam/factory/segments/edgetts/sichuan/seg_edgetts_sichuan_zh-CN-XiaoxiaoNeural_SC-000552_02.wav,edgetts,sichuan,SC-000552,zh-CN-XiaoxiaoNeural,0.1946,隐蔽(难检)
data/redteam/factory/segments/edgetts/minnan/seg_edgetts_minnan_zh-TW-YunJheNeural_SC-000816_00.wav,edgetts,minnan,SC-000816,zh-TW-YunJheNeural,0.1947,隐蔽(难检)
data/redteam/factory/segments/edgetts/sichuan/seg_edgetts_sichuan_zh-CN-XiaoxiaoNeural_SC-000986_01.wav,edgetts,sichuan,SC-000986,zh-CN-XiaoxiaoNeural,0.1947,隐蔽(难检)
data/redteam/factory/segments/edgetts/sichuan/seg_edgetts_sichuan_zh-CN-XiaoxiaoNeural_SC-000409_01.wav,edgetts,sichuan,SC-000409,zh-CN-XiaoxiaoNeural,0.1948,隐蔽(难检)
data/redteam/factory/segments/edgetts/sichuan/seg_edgetts_sichuan_zh-CN-YunxiNeural_SC-000627_02.wav,edgetts,sichuan,SC-000627,zh-CN-YunxiNeural,0.1949,隐蔽(难检)
data/redteam/factory/segments/edgetts/dongbei/seg_edgetts_dongbei_zh-CN-liaoning-XiaobeiNeural_SC-000231_01.wav,edgetts,dongbei,SC-000231,zh-CN-liaoning-XiaobeiNeural,0.1951,隐蔽(难检)
data/redteam/factory/segments/edgetts/dongbei/seg_edgetts_dongbei_zh-CN-liaoning-XiaobeiNeural_SC-000349_01.wav,edgetts,dongbei,SC-000349,zh-CN-liaoning-XiaobeiNeural,0.1955,隐蔽(难检)
data/redteam/factory/segments/edgetts/sichuan/seg_edgetts_sichuan_zh-CN-XiaoxiaoNeural_SC-000472_00.wav,edgetts,sichuan,SC-000472,zh-CN-XiaoxiaoNeural,0.1957,隐蔽(难检)
data/redteam/factory/segments/edgetts/mandarin/seg_edgetts_mandarin_zh-CN-XiaoxiaoNeural_SC-000507_01.wav,edgetts,mandarin,SC-000507,zh-CN-XiaoxiaoNeural,0.1959,隐蔽(难检)
data/redteam/factory/segments/edgetts/cantonese/seg_edgetts_cantonese_zh-HK-WanLungNeural_SC-001623_00.wav,edgetts,cantonese,SC-001623,zh-HK-WanLungNeural,0.196,隐蔽(难检)
data/redteam/factory/segments/edgetts/dongbei/seg_edgetts_dongbei_zh-CN-liaoning-XiaobeiNeural_SC-001674_03.wav,edgetts,dongbei,SC-001674,zh-CN-liaoning-XiaobeiNeural,0.1961,隐蔽(难检)
data/redteam/factory/segments/edgetts/sichuan/seg_edgetts_sichuan_zh-CN-XiaoxiaoNeural_SC-000457_05.wav,edgetts,sichuan,SC-000457,zh-CN-XiaoxiaoNeural,0.1964,隐蔽(难检)
data/redteam/factory/segments/edgetts/minnan/seg_edgetts_minnan_zh-TW-HsiaoChenNeural_SC-001112_04.wav,edgetts,minnan,SC-001112,zh-TW-HsiaoChenNeural,0.1965,隐蔽(难检)
data/redteam/factory/segments/sovits_api/mandarin/seg_sovits_api_mandarin_ref_boot_edgetts_mandarin_zh-CN-XiaoxiaoNeural_SC-000007_seg8s_SC-000007_00.wav,sovits_api,mandarin,SC-000007,ref_boot_edgetts_mandarin_zh-CN-XiaoxiaoNeural_SC-000007_seg8s,0.1967,隐蔽(难检)
data/redteam/factory/segments/edgetts/minnan/seg_edgetts_minnan_zh-TW-HsiaoChenNeural_SC-001513_02.wav,edgetts,minnan,SC-001513,zh-TW-HsiaoChenNeural,0.1969,隐蔽(难检)
data/redteam/factory/segments/edgetts/mandarin/seg_edgetts_mandarin_zh-CN-YunyangNeural_SC-000347_01.wav,edgetts,mandarin,SC-000347,zh-CN-YunyangNeural,0.197,隐蔽(难检)
data/redteam/factory/segments/edgetts/sichuan/seg_edgetts_sichuan_zh-CN-YunxiNeural_SC-000429_00.wav,edgetts,sichuan,SC-000429,zh-CN-YunxiNeural,0.1971,隐蔽(难检)
data/redteam/factory/segments/edgetts/sichuan/seg_edgetts_sichuan_zh-CN-XiaoxiaoNeural_SC-000379_02.wav,edgetts,sichuan,SC-000379,zh-CN-XiaoxiaoNeural,0.1973,隐蔽(难检)
data/redteam/factory/segments/edgetts/cantonese/seg_edgetts_cantonese_zh-HK-WanLungNeural_SC-001286_02.wav,edgetts,cantonese,SC-001286,zh-HK-WanLungNeural,0.1974,隐蔽(难检)
data/redteam/factory/segments/edgetts/minnan/seg_edgetts_minnan_zh-TW-HsiaoChenNeural_SC-000569_04.wav,edgetts,minnan,SC-000569,zh-TW-HsiaoChenNeural,0.1975,隐蔽(难检)
data/redteam/factory/segments/edgetts/mandarin/seg_edgetts_mandarin_zh-CN-XiaoxiaoNeural_SC-000507_02.wav,edgetts,mandarin,SC-000507,zh-CN-XiaoxiaoNeural,0.1977,隐蔽(难检)
data/redteam/factory/segments/edgetts/sichuan/seg_edgetts_sichuan_zh-CN-XiaoxiaoNeural_SC-001061_00.wav,edgetts,sichuan,SC-001061,zh-CN-XiaoxiaoNeural,0.1983,隐蔽(难检)
data/redteam/factory/segments/edgetts/cantonese/seg_edgetts_cantonese_zh-HK-WanLungNeural_SC-000515_04.wav,edgetts,cantonese,SC-000515,zh-HK-WanLungNeural,0.1984,隐蔽(难检)
data/redteam/factory/segments/edgetts/henan/seg_edgetts_henan_zh-CN-shaanxi-XiaoniNeural_SC-000623_01.wav,edgetts,henan,SC-000623,zh-CN-shaanxi-XiaoniNeural,0.1985,隐蔽(难检)
data/redteam/factory/segments/edgetts/cantonese/seg_edgetts_cantonese_zh-HK-WanLungNeural_SC-000024_00.wav,edgetts,cantonese,SC-000024,zh-HK-WanLungNeural,0.1987,隐蔽(难检)
data/redteam/factory/segments/edgetts/dongbei/seg_edgetts_dongbei_zh-CN-liaoning-XiaobeiNeural_SC-001086_04.wav,edgetts,dongbei,SC-001086,zh-CN-liaoning-XiaobeiNeural,0.1987,隐蔽(难检)
data/redteam/factory/segments/edgetts/sichuan/seg_edgetts_sichuan_zh-CN-XiaoxiaoNeural_SC-000436_00.wav,edgetts,sichuan,SC-000436,zh-CN-XiaoxiaoNeural,0.1987,隐蔽(难检)
data/redteam/factory/segments/edgetts/dongbei/seg_edgetts_dongbei_zh-CN-liaoning-XiaobeiNeural_SC-000405_03.wav,edgetts,dongbei,SC-000405,zh-CN-liaoning-XiaobeiNeural,0.1989,隐蔽(难检)
data/redteam/factory/segments/edgetts/cantonese/seg_edgetts_cantonese_zh-HK-WanLungNeural_SC-001340_02.wav,edgetts,cantonese,SC-001340,zh-HK-WanLungNeural,0.1989,隐蔽(难检)
data/redteam/factory/segments/edgetts/mandarin/seg_edgetts_mandarin_zh-CN-XiaoxiaoNeural_SC-000507_03.wav,edgetts,mandarin,SC-000507,zh-CN-XiaoxiaoNeural,0.199,隐蔽(难检)
data/redteam/factory/segments/edgetts/dongbei/seg_edgetts_dongbei_zh-CN-liaoning-XiaobeiNeural_SC-000635_00.wav,edgetts,dongbei,SC-000635,zh-CN-liaoning-XiaobeiNeural,0.1991,隐蔽(难检)
data/redteam/factory/segments/edgetts/henan/seg_edgetts_henan_zh-CN-shaanxi-XiaoniNeural_SC-000994_00.wav,edgetts,henan,SC-000994,zh-CN-shaanxi-XiaoniNeural,0.1992,隐蔽(难检)
data/redteam/factory/segments/edgetts/cantonese/seg_edgetts_cantonese_zh-HK-WanLungNeural_SC-001537_03.wav,edgetts,cantonese,SC-001537,zh-HK-WanLungNeural,0.1992,隐蔽(难检)
data/redteam/factory/segments/edgetts/sichuan/seg_edgetts_sichuan_zh-CN-YunxiNeural_SC-000513_02.wav,edgetts,sichuan,SC-000513,zh-CN-YunxiNeural,0.1993,隐蔽(难检)
data/redteam/factory/segments/edgetts/minnan/seg_edgetts_minnan_zh-TW-HsiaoChenNeural_SC-001242_00.wav,edgetts,minnan,SC-001242,zh-TW-HsiaoChenNeural,0.1994,隐蔽(难检)
data/redteam/factory/segments/edgetts/dongbei/seg_edgetts_dongbei_zh-CN-liaoning-XiaobeiNeural_SC-000463_03.wav,edgetts,dongbei,SC-000463,zh-CN-liaoning-XiaobeiNeural,0.1994,隐蔽(难检)
data/redteam/factory/segments/edgetts/dongbei/seg_edgetts_dongbei_zh-CN-liaoning-XiaobeiNeural_SC-000434_04.wav,edgetts,dongbei,SC-000434,zh-CN-liaoning-XiaobeiNeural,0.1995,隐蔽(难检)
data/redteam/factory/segments/edgetts/sichuan/seg_edgetts_sichuan_zh-CN-XiaoxiaoNeural_SC-001451_04.wav,edgetts,sichuan,SC-001451,zh-CN-XiaoxiaoNeural,0.1997,隐蔽(难检)
data/redteam/factory/segments/edgetts/cantonese/seg_edgetts_cantonese_zh-HK-WanLungNeural_SC-001184_01.wav,edgetts,cantonese,SC-001184,zh-HK-WanLungNeural,0.1998,隐蔽(难检)
data/redteam/factory/segments/edgetts/sichuan/seg_edgetts_sichuan_zh-CN-YunxiNeural_SC-000627_01.wav,edgetts,sichuan,SC-000627,zh-CN-YunxiNeural,0.2,隐蔽(难检)
data/redteam/factory/segments/edgetts/sichuan/seg_edgetts_sichuan_zh-CN-XiaoxiaoNeural_SC-000896_03.wav,edgetts,sichuan,SC-000896,zh-CN-XiaoxiaoNeural,0.2001,隐蔽(难检)
data/redteam/factory/segments/edgetts/mandarin/seg_edgetts_mandarin_zh-CN-XiaoxiaoNeural_SC-000401_03.wav,edgetts,mandarin,SC-000401,zh-CN-XiaoxiaoNeural,0.2002,隐蔽(难检)
data/redteam/factory/segments/edgetts/minnan/seg_edgetts_minnan_zh-TW-HsiaoChenNeural_SC-001006_02.wav,edgetts,minnan,SC-001006,zh-TW-HsiaoChenNeural,0.2002,隐蔽(难检)
data/redteam/factory/segments/edgetts/dongbei/seg_edgetts_dongbei_zh-CN-liaoning-XiaobeiNeural_SC-000438_01.wav,edgetts,dongbei,SC-000438,zh-CN-liaoning-XiaobeiNeural,0.2004,隐蔽(难检)
data/redteam/factory/segments/edgetts/cantonese/seg_edgetts_cantonese_zh-HK-WanLungNeural_SC-001155_01.wav,edgetts,cantonese,SC-001155,zh-HK-WanLungNeural,0.2004,隐蔽(难检)
data/redteam/factory/segments/edgetts/sichuan/seg_edgetts_sichuan_zh-CN-YunxiNeural_SC-000743_02.wav,edgetts,sichuan,SC-000743,zh-CN-YunxiNeural,0.2005,隐蔽(难检)
data/redteam/factory/segments/edgetts/mandarin/seg_edgetts_mandarin_zh-CN-XiaoxiaoNeural_SC-000488_02.wav,edgetts,mandarin,SC-000488,zh-CN-XiaoxiaoNeural,0.2005,隐蔽(难检)
data/redteam/factory/segments/edgetts/sichuan/seg_edgetts_sichuan_zh-CN-XiaoxiaoNeural_SC-001061_02.wav,edgetts,sichuan,SC-001061,zh-CN-XiaoxiaoNeural,0.2006,隐蔽(难检)
data/redteam/factory/segments/sovits_api/cantonese/seg_sovits_api_cantonese_ref_boot_edgetts_cantonese_zh-HK-HiuMaanNeural_SC-000005_seg8s_SC-000131_03.wav,sovits_api,cantonese,SC-000131,ref_boot_edgetts_cantonese_zh-HK-HiuMaanNeural_SC-000005_seg8s,0.2007,隐蔽(难检)
data/redteam/factory/segments/edgetts/mandarin/seg_edgetts_mandarin_zh-CN-XiaoxiaoNeural_SC-000449_01.wav,edgetts,mandarin,SC-000449,zh-CN-XiaoxiaoNeural,0.2008,隐蔽(难检)
data/redteam/factory/segments/edgetts/mandarin/seg_edgetts_mandarin_zh-CN-XiaoxiaoNeural_SC-000347_01.wav,edgetts,mandarin,SC-000347,zh-CN-XiaoxiaoNeural,0.2013,隐蔽(难检)
data/redteam/factory/segments/edgetts/dongbei/seg_edgetts_dongbei_zh-CN-liaoning-XiaobeiNeural_SC-001389_02.wav,edgetts,dongbei,SC-001389,zh-CN-liaoning-XiaobeiNeural,0.2014,隐蔽(难检)
data/redteam/factory/segments/sovits_api/cantonese/seg_sovits_api_cantonese_ref_boot_edgetts_cantonese_zh-HK-HiuMaanNeural_SC-000005_seg8s_SC-000103_04.wav,sovits_api,cantonese,SC-000103,ref_boot_edgetts_cantonese_zh-HK-HiuMaanNeural_SC-000005_seg8s,0.2014,隐蔽(难检)
data/redteam/factory/segments/edgetts/henan/seg_edgetts_henan_zh-CN-shaanxi-XiaoniNeural_SC-000914_02.wav,edgetts,henan,SC-000914,zh-CN-shaanxi-XiaoniNeural,0.2015,隐蔽(难检)
data/redteam/factory/segments/edgetts/cantonese/seg_edgetts_cantonese_zh-HK-WanLungNeural_SC-001155_02.wav,edgetts,cantonese,SC-001155,zh-HK-WanLungNeural,0.2017,隐蔽(难检)
data/redteam/factory/segments/edgetts/sichuan/seg_edgetts_sichuan_zh-CN-YunxiNeural_SC-000409_00.wav,edgetts,sichuan,SC-000409,zh-CN-YunxiNeural,0.2023,隐蔽(难检)
data/redteam/factory/segments/edgetts/mandarin/seg_edgetts_mandarin_zh-CN-YunjianNeural_SC-000480_02.wav,edgetts,mandarin,SC-000480,zh-CN-YunjianNeural,0.2024,隐蔽(难检)
data/redteam/factory/segments/sovits_api/cantonese/seg_sovits_api_cantonese_ref_boot_edgetts_cantonese_zh-HK-WanLungNeural_SC-000005_seg8s_SC-000116_02.wav,sovits_api,cantonese,SC-000116,ref_boot_edgetts_cantonese_zh-HK-WanLungNeural_SC-000005_seg8s,0.2024,隐蔽(难检)
data/redteam/factory/segments/edgetts/sichuan/seg_edgetts_sichuan_zh-CN-YunxiNeural_SC-000812_01.wav,edgetts,sichuan,SC-000812,zh-CN-YunxiNeural,0.2032,隐蔽(难检)
data/redteam/factory/segments/edgetts/dongbei/seg_edgetts_dongbei_zh-CN-liaoning-XiaobeiNeural_SC-000113_01.wav,edgetts,dongbei,SC-000113,zh-CN-liaoning-XiaobeiNeural,0.2033,隐蔽(难检)
data/redteam/factory/segments/sovits_api/minnan/seg_sovits_api_minnan_ref_boot_edgetts_minnan_zh-TW-HsiaoChenNeural_SC-000001_SC-000367_02.wav,sovits_api,minnan,SC-000367,ref_boot_edgetts_minnan_zh-TW-HsiaoChenNeural_SC-000001,0.2033,隐蔽(难检)
data/redteam/factory/segments/edgetts/cantonese/seg_edgetts_cantonese_zh-HK-WanLungNeural_SC-001419_03.wav,edgetts,cantonese,SC-001419,zh-HK-WanLungNeural,0.2036,隐蔽(难检)
data/redteam/factory/segments/sovits_api/cantonese/seg_sovits_api_cantonese_ref_boot_edgetts_cantonese_zh-HK-WanLungNeural_SC-000005_seg8s_SC-000048_00.wav,sovits_api,cantonese,SC-000048,ref_boot_edgetts_cantonese_zh-HK-WanLungNeural_SC-000005_seg8s,0.2037,隐蔽(难检)
data/redteam/factory/segments/edgetts/henan/seg_edgetts_henan_zh-CN-shaanxi-XiaoniNeural_SC-000906_01.wav,edgetts,henan,SC-000906,zh-CN-shaanxi-XiaoniNeural,0.2041,隐蔽(难检)
data/redteam/factory/segments/edgetts/sichuan/seg_edgetts_sichuan_zh-CN-XiaoxiaoNeural_SC-001002_04.wav,edgetts,sichuan,SC-001002,zh-CN-XiaoxiaoNeural,0.2042,隐蔽(难检)
data/redteam/factory/segments/edgetts/minnan/seg_edgetts_minnan_zh-TW-HsiaoChenNeural_SC-001180_00.wav,edgetts,minnan,SC-001180,zh-TW-HsiaoChenNeural,0.2044,隐蔽(难检)
data/redteam/factory/segments/sovits_api/dongbei/seg_sovits_api_dongbei_ref_boot_edgetts_dongbei_zh-CN-liaoning-XiaobeiNeural_SC-000002_seg8s_SC-000024_02.wav,sovits_api,dongbei,SC-000024,ref_boot_edgetts_dongbei_zh-CN-liaoning-XiaobeiNeural_SC-000002_seg8s,0.2045,隐蔽(难检)
data/redteam/factory/segments/edgetts/dongbei/seg_edgetts_dongbei_zh-CN-liaoning-XiaobeiNeural_SC-001672_02.wav,edgetts,dongbei,SC-001672,zh-CN-liaoning-XiaobeiNeural,0.2046,隐蔽(难检)
data/redteam/factory/segments/edgetts/dongbei/seg_edgetts_dongbei_zh-CN-liaoning-XiaobeiNeural_SC-001305_04.wav,edgetts,dongbei,SC-001305,zh-CN-liaoning-XiaobeiNeural,0.2048,隐蔽(难检)
data/redteam/factory/segments/edgetts/mandarin/seg_edgetts_mandarin_zh-CN-YunxiNeural_SC-000341_01.wav,edgetts,mandarin,SC-000341,zh-CN-YunxiNeural,0.2049,隐蔽(难检)
data/redteam/factory/segments/sovits_api/cantonese/seg_sovits_api_cantonese_ref_boot_edgetts_cantonese_zh-HK-WanLungNeural_SC-000005_seg8s_SC-000245_04.wav,sovits_api,cantonese,SC-000245,ref_boot_edgetts_cantonese_zh-HK-WanLungNeural_SC-000005_seg8s,0.2049,隐蔽(难检)
data/redteam/factory/segments/edgetts/cantonese/seg_edgetts_cantonese_zh-HK-WanLungNeural_SC-000810_03.wav,edgetts,cantonese,SC-000810,zh-HK-WanLungNeural,0.205,隐蔽(难检)
data/redteam/factory/segments/edgetts/cantonese/seg_edgetts_cantonese_zh-HK-WanLungNeural_SC-000666_00.wav,edgetts,cantonese,SC-000666,zh-HK-WanLungNeural,0.2052,隐蔽(难检)
data/redteam/factory/segments/edgetts/sichuan/seg_edgetts_sichuan_zh-CN-YunxiNeural_SC-000429_03.wav,edgetts,sichuan,SC-000429,zh-CN-YunxiNeural,0.2056,隐蔽(难检)
data/redteam/factory/segments/edgetts/dongbei/seg_edgetts_dongbei_zh-CN-liaoning-XiaobeiNeural_SC-001238_01.wav,edgetts,dongbei,SC-001238,zh-CN-liaoning-XiaobeiNeural,0.2064,隐蔽(难检)
data/redteam/factory/segments/sovits_api/minnan/seg_sovits_api_minnan_ref_boot_edgetts_minnan_zh-TW-YunJheNeural_SC-000001_SC-000056_06.wav,sovits_api,minnan,SC-000056,ref_boot_edgetts_minnan_zh-TW-YunJheNeural_SC-000001,0.2064,隐蔽(难检)
data/redteam/factory/segments/edgetts/cantonese/seg_edgetts_cantonese_zh-HK-WanLungNeural_SC-000765_02.wav,edgetts,cantonese,SC-000765,zh-HK-WanLungNeural,0.2066,隐蔽(难检)
data/redteam/factory/segments/edgetts/minnan/seg_edgetts_minnan_zh-TW-YunJheNeural_SC-000965_03.wav,edgetts,minnan,SC-000965,zh-TW-YunJheNeural,0.2066,隐蔽(难检)
data/redteam/factory/segments/edgetts/minnan/seg_edgetts_minnan_zh-TW-HsiaoChenNeural_SC-000323_01.wav,edgetts,minnan,SC-000323,zh-TW-HsiaoChenNeural,0.2068,隐蔽(难检)
data/redteam/factory/segments/edgetts/mandarin/seg_edgetts_mandarin_zh-CN-XiaoxiaoNeural_SC-000235_02.wav,edgetts,mandarin,SC-000235,zh-CN-XiaoxiaoNeural,0.2073,隐蔽(难检)
data/redteam/factory/segments/edgetts/sichuan/seg_edgetts_sichuan_zh-CN-YunxiNeural_SC-001028_03.wav,edgetts,sichuan,SC-001028,zh-CN-YunxiNeural,0.2075,隐蔽(难检)
data/redteam/factory/segments/edgetts/minnan/seg_edgetts_minnan_zh-TW-HsiaoChenNeural_SC-001084_03.wav,edgetts,minnan,SC-001084,zh-TW-HsiaoChenNeural,0.208,隐蔽(难检)
data/redteam/factory/segments/edgetts/sichuan/seg_edgetts_sichuan_zh-CN-XiaoxiaoNeural_SC-000743_00.wav,edgetts,sichuan,SC-000743,zh-CN-XiaoxiaoNeural,0.208,隐蔽(难检)
data/redteam/factory/segments/edgetts/minnan/seg_edgetts_minnan_zh-TW-HsiaoChenNeural_SC-000982_01.wav,edgetts,minnan,SC-000982,zh-TW-HsiaoChenNeural,0.208,隐蔽(难检)
data/redteam/factory/segments/edgetts/henan/seg_edgetts_henan_zh-CN-shaanxi-XiaoniNeural_SC-000914_01.wav,edgetts,henan,SC-000914,zh-CN-shaanxi-XiaoniNeural,0.2081,隐蔽(难检)
data/redteam/factory/segments/edgetts/dongbei/seg_edgetts_dongbei_zh-CN-liaoning-XiaobeiNeural_SC-001363_03.wav,edgetts,dongbei,SC-001363,zh-CN-liaoning-XiaobeiNeural,0.2084,隐蔽(难检)
data/redteam/factory/segments/edgetts/sichuan/seg_edgetts_sichuan_zh-CN-YunxiNeural_SC-000896_02.wav,edgetts,sichuan,SC-000896,zh-CN-YunxiNeural,0.2087,隐蔽(难检)
data/redteam/factory/segments/edgetts/sichuan/seg_edgetts_sichuan_zh-CN-XiaoxiaoNeural_SC-000375_00.wav,edgetts,sichuan,SC-000375,zh-CN-XiaoxiaoNeural,0.2087,隐蔽(难检)
data/redteam/factory/segments/edgetts/sichuan/seg_edgetts_sichuan_zh-CN-XiaoxiaoNeural_SC-001024_01.wav,edgetts,sichuan,SC-001024,zh-CN-XiaoxiaoNeural,0.2088,隐蔽(难检)
data/redteam/factory/segments/edgetts/cantonese/seg_edgetts_cantonese_zh-HK-WanLungNeural_SC-000786_01.wav,edgetts,cantonese,SC-000786,zh-HK-WanLungNeural,0.209,隐蔽(难检)
data/redteam/factory/segments/edgetts/cantonese/seg_edgetts_cantonese_zh-HK-WanLungNeural_SC-000228_02.wav,edgetts,cantonese,SC-000228,zh-HK-WanLungNeural,0.2092,隐蔽(难检)
data/redteam/factory/segments/sovits_api/minnan/seg_sovits_api_minnan_ref_boot_edgetts_minnan_zh-TW-YunJheNeural_SC-000001_SC-000369_00.wav,sovits_api,minnan,SC-000369,ref_boot_edgetts_minnan_zh-TW-YunJheNeural_SC-000001,0.2097,隐蔽(难检)
data/redteam/factory/segments/edgetts/dongbei/seg_edgetts_dongbei_zh-CN-liaoning-XiaobeiNeural_SC-001672_03.wav,edgetts,dongbei,SC-001672,zh-CN-liaoning-XiaobeiNeural,0.2098,隐蔽(难检)
data/redteam/factory/segments/edgetts/mandarin/seg_edgetts_mandarin_zh-CN-YunxiNeural_SC-000036_03.wav,edgetts,mandarin,SC-000036,zh-CN-YunxiNeural,0.21,隐蔽(难检)
data/redteam/factory/segments/edgetts/sichuan/seg_edgetts_sichuan_zh-CN-YunxiNeural_SC-000896_01.wav,edgetts,sichuan,SC-000896,zh-CN-YunxiNeural,0.21,隐蔽(难检)
data/redteam/factory/segments/edgetts/mandarin/seg_edgetts_mandarin_zh-CN-YunjianNeural_SC-000470_03.wav,edgetts,mandarin,SC-000470,zh-CN-YunjianNeural,0.2102,隐蔽(难检)
data/redteam/factory/segments/edgetts/cantonese/seg_edgetts_cantonese_zh-HK-WanLungNeural_SC-000711_01.wav,edgetts,cantonese,SC-000711,zh-HK-WanLungNeural,0.2103,隐蔽(难检)
data/redteam/factory/segments/edgetts/sichuan/seg_edgetts_sichuan_zh-CN-YunxiNeural_SC-001024_01.wav,edgetts,sichuan,SC-001024,zh-CN-YunxiNeural,0.2105,隐蔽(难检)
data/redteam/factory/segments/edgetts/sichuan/seg_edgetts_sichuan_zh-CN-XiaoxiaoNeural_SC-000812_00.wav,edgetts,sichuan,SC-000812,zh-CN-XiaoxiaoNeural,0.2105,隐蔽(难检)
data/redteam/factory/segments/edgetts/mandarin/seg_edgetts_mandarin_zh-CN-YunxiNeural_SC-000480_01.wav,edgetts,mandarin,SC-000480,zh-CN-YunxiNeural,0.2108,隐蔽(难检)
data/redteam/factory/segments/edgetts/cantonese/seg_edgetts_cantonese_zh-HK-WanLungNeural_SC-001198_03.wav,edgetts,cantonese,SC-001198,zh-HK-WanLungNeural,0.2109,隐蔽(难检)
data/redteam/factory/segments/sovits_api/minnan/seg_sovits_api_minnan_ref_boot_edgetts_minnan_zh-TW-YunJheNeural_SC-000001_SC-000143_02.wav,sovits_api,minnan,SC-000143,ref_boot_edgetts_minnan_zh-TW-YunJheNeural_SC-000001,0.2109,隐蔽(难检)
data/redteam/factory/segments/edgetts/dongbei/seg_edgetts_dongbei_zh-CN-liaoning-XiaobeiNeural_SC-000968_03.wav,edgetts,dongbei,SC-000968,zh-CN-liaoning-XiaobeiNeural,0.211,隐蔽(难检)
data/redteam/factory/segments/edgetts/mandarin/seg_edgetts_mandarin_zh-CN-XiaoxiaoNeural_SC-000069_02.wav,edgetts,mandarin,SC-000069,zh-CN-XiaoxiaoNeural,0.2111,隐蔽(难检)
data/redteam/factory/segments/edgetts/minnan/seg_edgetts_minnan_zh-TW-YunJheNeural_SC-000445_03.wav,edgetts,minnan,SC-000445,zh-TW-YunJheNeural,0.2112,隐蔽(难检)
data/redteam/factory/segments/edgetts/minnan/seg_edgetts_minnan_zh-TW-YunJheNeural_SC-001447_01.wav,edgetts,minnan,SC-001447,zh-TW-YunJheNeural,0.2115,隐蔽(难检)
data/redteam/factory/segments/edgetts/mandarin/seg_edgetts_mandarin_zh-CN-XiaoxiaoNeural_SC-000017_07.wav,edgetts,mandarin,SC-000017,zh-CN-XiaoxiaoNeural,0.2116,隐蔽(难检)
data/redteam/factory/segments/edgetts/sichuan/seg_edgetts_sichuan_zh-CN-XiaoxiaoNeural_SC-000017_07.wav,edgetts,sichuan,SC-000017,zh-CN-XiaoxiaoNeural,0.2116,隐蔽(难检)
data/redteam/factory/segments/edgetts/cantonese/seg_edgetts_cantonese_zh-HK-WanLungNeural_SC-000988_04.wav,edgetts,cantonese,SC-000988,zh-HK-WanLungNeural,0.2117,隐蔽(难检)
data/redteam/factory/segments/edgetts/dongbei/seg_edgetts_dongbei_zh-CN-liaoning-XiaobeiNeural_SC-001362_00.wav,edgetts,dongbei,SC-001362,zh-CN-liaoning-XiaobeiNeural,0.2117,隐蔽(难检)
data/redteam/factory/segments/edgetts/henan/seg_edgetts_henan_zh-CN-shaanxi-XiaoniNeural_SC-000137_03.wav,edgetts,henan,SC-000137,zh-CN-shaanxi-XiaoniNeural,0.2119,隐蔽(难检)
data/redteam/factory/segments/edgetts/cantonese/seg_edgetts_cantonese_zh-HK-WanLungNeural_SC-001155_03.wav,edgetts,cantonese,SC-001155,zh-HK-WanLungNeural,0.212,隐蔽(难检)
data/redteam/factory/segments/edgetts/sichuan/seg_edgetts_sichuan_zh-CN-YunxiNeural_SC-000251_02.wav,edgetts,sichuan,SC-000251,zh-CN-YunxiNeural,0.2121,隐蔽(难检)
data/redteam/factory/segments/edgetts/sichuan/seg_edgetts_sichuan_zh-CN-XiaoxiaoNeural_SC-000373_04.wav,edgetts,sichuan,SC-000373,zh-CN-XiaoxiaoNeural,0.2121,隐蔽(难检)
data/redteam/factory/segments/sovits_api/cantonese/seg_sovits_api_cantonese_ref_boot_edgetts_cantonese_zh-HK-HiuMaanNeural_SC-000005_seg8s_SC-000245_03.wav,sovits_api,cantonese,SC-000245,ref_boot_edgetts_cantonese_zh-HK-HiuMaanNeural_SC-000005_seg8s,0.2122,隐蔽(难检)
data/redteam/factory/segments/edgetts/sichuan/seg_edgetts_sichuan_zh-CN-YunxiNeural_SC-000436_01.wav,edgetts,sichuan,SC-000436,zh-CN-YunxiNeural,0.2125,隐蔽(难检)
data/redteam/factory/segments/edgetts/sichuan/seg_edgetts_sichuan_zh-CN-XiaoxiaoNeural_SC-000409_04.wav,edgetts,sichuan,SC-000409,zh-CN-XiaoxiaoNeural,0.2126,隐蔽(难检)
data/redteam/factory/segments/sovits_api/minnan/seg_sovits_api_minnan_ref_boot_edgetts_minnan_zh-TW-YunJheNeural_SC-000001_SC-000367_01.wav,sovits_api,minnan,SC-000367,ref_boot_edgetts_minnan_zh-TW-YunJheNeural_SC-000001,0.2127,隐蔽(难检)
data/redteam/factory/segments/edgetts/sichuan/seg_edgetts_sichuan_zh-CN-XiaoxiaoNeural_SC-000986_00.wav,edgetts,sichuan,SC-000986,zh-CN-XiaoxiaoNeural,0.2129,隐蔽(难检)
data/redteam/factory/segments/edgetts/mandarin/seg_edgetts_mandarin_zh-CN-YunyangNeural_SC-000327_03.wav,edgetts,mandarin,SC-000327,zh-CN-YunyangNeural,0.2134,隐蔽(难检)
data/redteam/factory/segments/edgetts/henan/seg_edgetts_henan_zh-CN-shaanxi-XiaoniNeural_SC-000499_02.wav,edgetts,henan,SC-000499,zh-CN-shaanxi-XiaoniNeural,0.2135,隐蔽(难检)
data/redteam/factory/segments/edgetts/mandarin/seg_edgetts_mandarin_zh-CN-YunjianNeural_SC-000444_01.wav,edgetts,mandarin,SC-000444,zh-CN-YunjianNeural,0.2136,隐蔽(难检)
data/redteam/factory/segments/edgetts/dongbei/seg_edgetts_dongbei_zh-CN-liaoning-XiaobeiNeural_SC-001086_03.wav,edgetts,dongbei,SC-001086,zh-CN-liaoning-XiaobeiNeural,0.2138,隐蔽(难检)
data/redteam/factory/segments/edgetts/mandarin/seg_edgetts_mandarin_zh-CN-XiaoxiaoNeural_SC-000017_08.wav,edgetts,mandarin,SC-000017,zh-CN-XiaoxiaoNeural,0.214,隐蔽(难检)
data/redteam/factory/segments/edgetts/sichuan/seg_edgetts_sichuan_zh-CN-XiaoxiaoNeural_SC-000017_08.wav,edgetts,sichuan,SC-000017,zh-CN-XiaoxiaoNeural,0.214,隐蔽(难检)
data/redteam/factory/segments/edgetts/dongbei/seg_edgetts_dongbei_zh-CN-liaoning-XiaobeiNeural_SC-000343_03.wav,edgetts,dongbei,SC-000343,zh-CN-liaoning-XiaobeiNeural,0.2142,隐蔽(难检)
data/redteam/factory/segments/edgetts/minnan/seg_edgetts_minnan_zh-TW-YunJheNeural_SC-000965_02.wav,edgetts,minnan,SC-000965,zh-TW-YunJheNeural,0.2142,隐蔽(难检)
data/redteam/factory/segments/edgetts/cantonese/seg_edgetts_cantonese_zh-HK-WanLungNeural_SC-000395_02.wav,edgetts,cantonese,SC-000395,zh-HK-WanLungNeural,0.2143,隐蔽(难检)
data/redteam/factory/segments/edgetts/cantonese/seg_edgetts_cantonese_zh-HK-WanLungNeural_SC-000752_03.wav,edgetts,cantonese,SC-000752,zh-HK-WanLungNeural,0.2145,隐蔽(难检)
data/redteam/factory/segments/edgetts/mandarin/seg_edgetts_mandarin_zh-CN-YunxiNeural_SC-000507_02.wav,edgetts,mandarin,SC-000507,zh-CN-YunxiNeural,0.2148,隐蔽(难检)
data/redteam/factory/segments/edgetts/minnan/seg_edgetts_minnan_zh-TW-YunJheNeural_SC-000841_01.wav,edgetts,minnan,SC-000841,zh-TW-YunJheNeural,0.2148,隐蔽(难检)
data/redteam/factory/segments/edgetts/sichuan/seg_edgetts_sichuan_zh-CN-XiaoxiaoNeural_SC-000627_03.wav,edgetts,sichuan,SC-000627,zh-CN-XiaoxiaoNeural,0.2148,隐蔽(难检)
data/redteam/factory/segments/edgetts/cantonese/seg_edgetts_cantonese_zh-HK-WanLungNeural_SC-001449_02.wav,edgetts,cantonese,SC-001449,zh-HK-WanLungNeural,0.2151,隐蔽(难检)
data/redteam/factory/segments/edgetts/mandarin/seg_edgetts_mandarin_zh-CN-XiaoxiaoNeural_SC-000017_11.wav,edgetts,mandarin,SC-000017,zh-CN-XiaoxiaoNeural,0.2155,隐蔽(难检)
data/redteam/factory/segments/edgetts/sichuan/seg_edgetts_sichuan_zh-CN-XiaoxiaoNeural_SC-000017_11.wav,edgetts,sichuan,SC-000017,zh-CN-XiaoxiaoNeural,0.2155,隐蔽(难检)
data/redteam/factory/segments/edgetts/dongbei/seg_edgetts_dongbei_zh-CN-liaoning-XiaobeiNeural_SC-000749_01.wav,edgetts,dongbei,SC-000749,zh-CN-liaoning-XiaobeiNeural,0.2156,隐蔽(难检)
data/redteam/factory/segments/edgetts/cantonese/seg_edgetts_cantonese_zh-HK-WanLungNeural_SC-000625_03.wav,edgetts,cantonese,SC-000625,zh-HK-WanLungNeural,0.2156,隐蔽(难检)
data/redteam/factory/segments/edgetts/mandarin/seg_edgetts_mandarin_zh-CN-YunjianNeural_SC-000017_04.wav,edgetts,mandarin,SC-000017,zh-CN-YunjianNeural,0.2157,隐蔽(难检)
data/redteam/factory/segments/edgetts/sichuan/seg_edgetts_sichuan_zh-CN-XiaoxiaoNeural_SC-001457_03.wav,edgetts,sichuan,SC-001457,zh-CN-XiaoxiaoNeural,0.2157,隐蔽(难检)
data/redteam/factory/segments/edgetts/minnan/seg_edgetts_minnan_zh-TW-HsiaoChenNeural_SC-001084_02.wav,edgetts,minnan,SC-001084,zh-TW-HsiaoChenNeural,0.2158,隐蔽(难检)
data/redteam/factory/segments/edgetts/dongbei/seg_edgetts_dongbei_zh-CN-liaoning-XiaobeiNeural_SC-001674_00.wav,edgetts,dongbei,SC-001674,zh-CN-liaoning-XiaobeiNeural,0.2158,隐蔽(难检)
data/redteam/factory/segments/sovits_api/minnan/seg_sovits_api_minnan_ref_boot_edgetts_minnan_zh-TW-YunJheNeural_SC-000001_SC-000369_04.wav,sovits_api,minnan,SC-000369,ref_boot_edgetts_minnan_zh-TW-YunJheNeural_SC-000001,0.2159,隐蔽(难检)
data/redteam/factory/segments/edgetts/sichuan/seg_edgetts_sichuan_zh-CN-XiaoxiaoNeural_SC-000996_03.wav,edgetts,sichuan,SC-000996,zh-CN-XiaoxiaoNeural,0.2164,隐蔽(难检)
data/redteam/factory/segments/edgetts/cantonese/seg_edgetts_cantonese_zh-HK-WanLungNeural_SC-000427_03.wav,edgetts,cantonese,SC-000427,zh-HK-WanLungNeural,0.2165,隐蔽(难检)
data/redteam/factory/segments/edgetts/minnan/seg_edgetts_minnan_zh-TW-HsiaoChenNeural_SC-001257_01.wav,edgetts,minnan,SC-001257,zh-TW-HsiaoChenNeural,0.2165,隐蔽(难检)
data/redteam/factory/segments/edgetts/minnan/seg_edgetts_minnan_zh-TW-HsiaoChenNeural_SC-000323_00.wav,edgetts,minnan,SC-000323,zh-TW-HsiaoChenNeural,0.2167,隐蔽(难检)
data/redteam/factory/segments/sovits_api/henan/seg_sovits_api_henan_ref_boot_edgetts_henan_zh-CN-shaanxi-XiaoniNeural_SC-000009_seg8s_SC-000106_00.wav,sovits_api,henan,SC-000106,ref_boot_edgetts_henan_zh-CN-shaanxi-XiaoniNeural_SC-000009_seg8s,0.2167,隐蔽(难检)
data/redteam/factory/segments/sovits_api/mandarin/seg_sovits_api_mandarin_ref_boot_edgetts_mandarin_zh-CN-YunjianNeural_SC-000007_seg8s_SC-000036_02.wav,sovits_api,mandarin,SC-000036,ref_boot_edgetts_mandarin_zh-CN-YunjianNeural_SC-000007_seg8s,0.2168,隐蔽(难检)
data/redteam/factory/segments/edgetts/minnan/seg_edgetts_minnan_zh-TW-HsiaoChenNeural_SC-000024_00.wav,edgetts,minnan,SC-000024,zh-TW-HsiaoChenNeural,0.2169,隐蔽(难检)
data/redteam/factory/segments/sovits_api/sichuan/seg_sovits_api_sichuan_ref_boot_edgetts_sichuan_zh-CN-YunxiNeural_SC-000010_SC-000042_01.wav,sovits_api,sichuan,SC-000042,ref_boot_edgetts_sichuan_zh-CN-YunxiNeural_SC-000010,0.2169,隐蔽(难检)
data/redteam/factory/segments/edgetts/cantonese/seg_edgetts_cantonese_zh-HK-WanLungNeural_SC-000245_05.wav,edgetts,cantonese,SC-000245,zh-HK-WanLungNeural,0.217,隐蔽(难检)
data/redteam/factory/segments/edgetts/minnan/seg_edgetts_minnan_zh-TW-HsiaoChenNeural_SC-000816_02.wav,edgetts,minnan,SC-000816,zh-TW-HsiaoChenNeural,0.2172,隐蔽(难检)
data/redteam/factory/segments/edgetts/minnan/seg_edgetts_minnan_zh-TW-HsiaoChenNeural_SC-000643_01.wav,edgetts,minnan,SC-000643,zh-TW-HsiaoChenNeural,0.2173,隐蔽(难检)
data/redteam/factory/segments/edgetts/cantonese/seg_edgetts_cantonese_zh-HK-WanLungNeural_SC-001623_02.wav,edgetts,cantonese,SC-001623,zh-HK-WanLungNeural,0.2175,隐蔽(难检)
data/redteam/factory/segments/edgetts/cantonese/seg_edgetts_cantonese_zh-HK-WanLungNeural_SC-000245_02.wav,edgetts,cantonese,SC-000245,zh-HK-WanLungNeural,0.2177,隐蔽(难检)
data/redteam/factory/segments/edgetts/sichuan/seg_edgetts_sichuan_zh-CN-YunxiNeural_SC-001024_02.wav,edgetts,sichuan,SC-001024,zh-CN-YunxiNeural,0.2177,隐蔽(难检)
data/redteam/factory/segments/edgetts/mandarin/seg_edgetts_mandarin_zh-CN-XiaoxiaoNeural_SC-000204_00.wav,edgetts,mandarin,SC-000204,zh-CN-XiaoxiaoNeural,0.2177,隐蔽(难检)
data/redteam/factory/segments/edgetts/mandarin/seg_edgetts_mandarin_zh-CN-YunxiNeural_SC-000347_03.wav,edgetts,mandarin,SC-000347,zh-CN-YunxiNeural,0.2179,隐蔽(难检)
data/redteam/factory/segments/edgetts/sichuan/seg_edgetts_sichuan_zh-CN-XiaoxiaoNeural_SC-000409_02.wav,edgetts,sichuan,SC-000409,zh-CN-XiaoxiaoNeural,0.2182,隐蔽(难检)
data/redteam/factory/segments/edgetts/mandarin/seg_edgetts_mandarin_zh-CN-YunjianNeural_SC-000474_03.wav,edgetts,mandarin,SC-000474,zh-CN-YunjianNeural,0.2182,隐蔽(难检)
data/redteam/factory/segments/sovits_api/minnan/seg_sovits_api_minnan_ref_boot_edgetts_minnan_zh-TW-HsiaoChenNeural_SC-000001_SC-000056_06.wav,sovits_api,minnan,SC-000056,ref_boot_edgetts_minnan_zh-TW-HsiaoChenNeural_SC-000001,0.2182,隐蔽(难检)
data/redteam/factory/segments/edgetts/minnan/seg_edgetts_minnan_zh-TW-HsiaoChenNeural_SC-000982_03.wav,edgetts,minnan,SC-000982,zh-TW-HsiaoChenNeural,0.2183,隐蔽(难检)
data/redteam/factory/segments/edgetts/dongbei/seg_edgetts_dongbei_zh-CN-liaoning-XiaobeiNeural_SC-000434_02.wav,edgetts,dongbei,SC-000434,zh-CN-liaoning-XiaobeiNeural,0.2183,隐蔽(难检)
data/redteam/factory/segments/edgetts/cantonese/seg_edgetts_cantonese_zh-HK-WanLungNeural_SC-001623_03.wav,edgetts,cantonese,SC-001623,zh-HK-WanLungNeural,0.2185,隐蔽(难检)
data/redteam/factory/segments/edgetts/minnan/seg_edgetts_minnan_zh-TW-HsiaoChenNeural_SC-000539_04.wav,edgetts,minnan,SC-000539,zh-TW-HsiaoChenNeural,0.2187,隐蔽(难检)
data/redteam/factory/segments/edgetts/mandarin/seg_edgetts_mandarin_zh-CN-YunxiNeural_SC-000455_00.wav,edgetts,mandarin,SC-000455,zh-CN-YunxiNeural,0.2188,隐蔽(难检)
data/redteam/factory/segments/sovits_api/sichuan/seg_sovits_api_sichuan_ref_boot_edgetts_sichuan_zh-CN-YunxiNeural_SC-000010_SC-000115_00.wav,sovits_api,sichuan,SC-000115,ref_boot_edgetts_sichuan_zh-CN-YunxiNeural_SC-000010,0.2188,隐蔽(难检)
data/redteam/factory/segments/edgetts/mandarin/seg_edgetts_mandarin_zh-CN-XiaoxiaoNeural_SC-000444_03.wav,edgetts,mandarin,SC-000444,zh-CN-XiaoxiaoNeural,0.2189,隐蔽(难检)
data/redteam/factory/segments/edgetts/minnan/seg_edgetts_minnan_zh-TW-HsiaoChenNeural_SC-000465_03.wav,edgetts,minnan,SC-000465,zh-TW-HsiaoChenNeural,0.2191,隐蔽(难检)
data/redteam/factory/segments/edgetts/minnan/seg_edgetts_minnan_zh-TW-HsiaoChenNeural_SC-001441_03.wav,edgetts,minnan,SC-001441,zh-TW-HsiaoChenNeural,0.2191,隐蔽(难检)
data/redteam/factory/segments/edgetts/minnan/seg_edgetts_minnan_zh-TW-YunJheNeural_SC-000143_01.wav,edgetts,minnan,SC-000143,zh-TW-YunJheNeural,0.2193,隐蔽(难检)
data/redteam/factory/segments/edgetts/mandarin/seg_edgetts_mandarin_zh-CN-XiaoxiaoNeural_SC-000440_02.wav,edgetts,mandarin,SC-000440,zh-CN-XiaoxiaoNeural,0.2196,隐蔽(难检)
data/redteam/factory/segments/edgetts/henan/seg_edgetts_henan_zh-CN-shaanxi-XiaoniNeural_SC-000898_00.wav,edgetts,henan,SC-000898,zh-CN-shaanxi-XiaoniNeural,0.22,隐蔽(难检)
data/redteam/factory/segments/edgetts/minnan/seg_edgetts_minnan_zh-TW-HsiaoChenNeural_SC-000881_03.wav,edgetts,minnan,SC-000881,zh-TW-HsiaoChenNeural,0.22,隐蔽(难检)
data/redteam/factory/segments/edgetts/henan/seg_edgetts_henan_zh-CN-shaanxi-XiaoniNeural_SC-001168_03.wav,edgetts,henan,SC-001168,zh-CN-shaanxi-XiaoniNeural,0.2201,隐蔽(难检)
data/redteam/factory/segments/edgetts/henan/seg_edgetts_henan_zh-CN-shaanxi-XiaoniNeural_SC-001106_02.wav,edgetts,henan,SC-001106,zh-CN-shaanxi-XiaoniNeural,0.2201,隐蔽(难检)
data/redteam/factory/segments/edgetts/mandarin/seg_edgetts_mandarin_zh-CN-XiaoxiaoNeural_SC-000440_04.wav,edgetts,mandarin,SC-000440,zh-CN-XiaoxiaoNeural,0.2201,隐蔽(难检)
data/redteam/factory/segments/edgetts/sichuan/seg_edgetts_sichuan_zh-CN-YunxiNeural_SC-001061_03.wav,edgetts,sichuan,SC-001061,zh-CN-YunxiNeural,0.2203,隐蔽(难检)
data/redteam/factory/segments/edgetts/sichuan/seg_edgetts_sichuan_zh-CN-XiaoxiaoNeural_SC-000472_01.wav,edgetts,sichuan,SC-000472,zh-CN-XiaoxiaoNeural,0.2206,隐蔽(难检)
data/redteam/factory/segments/edgetts/henan/seg_edgetts_henan_zh-CN-shaanxi-XiaoniNeural_SC-000017_08.wav,edgetts,henan,SC-000017,zh-CN-shaanxi-XiaoniNeural,0.2207,隐蔽(难检)
data/redteam/factory/segments/edgetts/henan/seg_edgetts_henan_zh-CN-shaanxi-XiaoniNeural_SC-001566_01.wav,edgetts,henan,SC-001566,zh-CN-shaanxi-XiaoniNeural,0.221,隐蔽(难检)
data/redteam/factory/segments/edgetts/cantonese/seg_edgetts_cantonese_zh-HK-WanLungNeural_SC-000333_00.wav,edgetts,cantonese,SC-000333,zh-HK-WanLungNeural,0.2211,隐蔽(难检)
data/redteam/factory/segments/edgetts/mandarin/seg_edgetts_mandarin_zh-CN-YunjianNeural_SC-000327_01.wav,edgetts,mandarin,SC-000327,zh-CN-YunjianNeural,0.2211,隐蔽(难检)
data/redteam/factory/segments/edgetts/cantonese/seg_edgetts_cantonese_zh-HK-WanLungNeural_SC-001199_04.wav,edgetts,cantonese,SC-001199,zh-HK-WanLungNeural,0.2213,隐蔽(难检)
data/redteam/factory/segments/edgetts/cantonese/seg_edgetts_cantonese_zh-HK-WanLungNeural_SC-000024_01.wav,edgetts,cantonese,SC-000024,zh-HK-WanLungNeural,0.2214,隐蔽(难检)
data/redteam/factory/segments/sovits_api/minnan/seg_sovits_api_minnan_ref_boot_edgetts_minnan_zh-TW-HsiaoChenNeural_SC-000001_SC-000056_08.wav,sovits_api,minnan,SC-000056,ref_boot_edgetts_minnan_zh-TW-HsiaoChenNeural_SC-000001,0.2214,隐蔽(难检)
data/redteam/factory/segments/edgetts/minnan/seg_edgetts_minnan_zh-TW-YunJheNeural_SC-001519_03.wav,edgetts,minnan,SC-001519,zh-TW-YunJheNeural,0.2215,隐蔽(难检)
data/redteam/factory/segments/sovits_api/henan/seg_sovits_api_henan_ref_boot_edgetts_henan_zh-CN-shaanxi-XiaoniNeural_SC-000009_seg8s_SC-000017_08.wav,sovits_api,henan,SC-000017,ref_boot_edgetts_henan_zh-CN-shaanxi-XiaoniNeural_SC-000009_seg8s,0.2215,隐蔽(难检)
data/redteam/factory/segments/edgetts/cantonese/seg_edgetts_cantonese_zh-HK-WanLungNeural_SC-000116_04.wav,edgetts,cantonese,SC-000116,zh-HK-WanLungNeural,0.2219,隐蔽(难检)
data/redteam/factory/segments/edgetts/dongbei/seg_edgetts_dongbei_zh-CN-liaoning-XiaobeiNeural_SC-000411_04.wav,edgetts,dongbei,SC-000411,zh-CN-liaoning-XiaobeiNeural,0.2219,隐蔽(难检)
data/redteam/factory/segments/edgetts/minnan/seg_edgetts_minnan_zh-TW-YunJheNeural_SC-000056_00.wav,edgetts,minnan,SC-000056,zh-TW-YunJheNeural,0.222,隐蔽(难检)
data/redteam/factory/segments/edgetts/henan/seg_edgetts_henan_zh-CN-shaanxi-XiaoniNeural_SC-000978_01.wav,edgetts,henan,SC-000978,zh-CN-shaanxi-XiaoniNeural,0.222,隐蔽(难检)
data/redteam/factory/segments/edgetts/dongbei/seg_edgetts_dongbei_zh-CN-liaoning-XiaobeiNeural_SC-000820_01.wav,edgetts,dongbei,SC-000820,zh-CN-liaoning-XiaobeiNeural,0.2221,隐蔽(难检)
data/redteam/factory/segments/edgetts/mandarin/seg_edgetts_mandarin_zh-CN-XiaoxiaoNeural_SC-000017_10.wav,edgetts,mandarin,SC-000017,zh-CN-XiaoxiaoNeural,0.2223,隐蔽(难检)
data/redteam/factory/segments/edgetts/sichuan/seg_edgetts_sichuan_zh-CN-XiaoxiaoNeural_SC-000017_10.wav,edgetts,sichuan,SC-000017,zh-CN-XiaoxiaoNeural,0.2223,隐蔽(难检)
data/redteam/factory/segments/edgetts/cantonese/seg_edgetts_cantonese_zh-HK-WanLungNeural_SC-001449_01.wav,edgetts,cantonese,SC-001449,zh-HK-WanLungNeural,0.2225,隐蔽(难检)
data/redteam/factory/segments/edgetts/cantonese/seg_edgetts_cantonese_zh-HK-WanLungNeural_SC-001419_02.wav,edgetts,cantonese,SC-001419,zh-HK-WanLungNeural,0.2226,隐蔽(难检)
data/redteam/factory/segments/edgetts/minnan/seg_edgetts_minnan_zh-TW-HsiaoChenNeural_SC-000802_00.wav,edgetts,minnan,SC-000802,zh-TW-HsiaoChenNeural,0.2227,隐蔽(难检)
data/redteam/factory/segments/edgetts/cantonese/seg_edgetts_cantonese_zh-HK-WanLungNeural_SC-000103_00.wav,edgetts,cantonese,SC-000103,zh-HK-WanLungNeural,0.2231,隐蔽(难检)
data/redteam/factory/segments/edgetts/minnan/seg_edgetts_minnan_zh-TW-HsiaoChenNeural_SC-000965_00.wav,edgetts,minnan,SC-000965,zh-TW-HsiaoChenNeural,0.2235,隐蔽(难检)
data/redteam/factory/segments/edgetts/sichuan/seg_edgetts_sichuan_zh-CN-XiaoxiaoNeural_SC-000683_00.wav,edgetts,sichuan,SC-000683,zh-CN-XiaoxiaoNeural,0.2238,隐蔽(难检)
data/redteam/factory/segments/edgetts/dongbei/seg_edgetts_dongbei_zh-CN-liaoning-XiaobeiNeural_SC-001303_02.wav,edgetts,dongbei,SC-001303,zh-CN-liaoning-XiaobeiNeural,0.2238,隐蔽(难检)
data/redteam/factory/segments/sovits_api/henan/seg_sovits_api_henan_ref_boot_edgetts_henan_zh-CN-shaanxi-XiaoniNeural_SC-000009_seg8s_SC-000106_03.wav,sovits_api,henan,SC-000106,ref_boot_edgetts_henan_zh-CN-shaanxi-XiaoniNeural_SC-000009_seg8s,0.2238,隐蔽(难检)
data/redteam/factory/segments/edgetts/minnan/seg_edgetts_minnan_zh-TW-YunJheNeural_SC-001112_02.wav,edgetts,minnan,SC-001112,zh-TW-YunJheNeural,0.224,隐蔽(难检)
data/redteam/factory/segments/edgetts/minnan/seg_edgetts_minnan_zh-TW-HsiaoChenNeural_SC-000539_02.wav,edgetts,minnan,SC-000539,zh-TW-HsiaoChenNeural,0.224,隐蔽(难检)
data/redteam/factory/segments/edgetts/cantonese/seg_edgetts_cantonese_zh-HK-WanLungNeural_SC-000024_02.wav,edgetts,cantonese,SC-000024,zh-HK-WanLungNeural,0.2242,隐蔽(难检)
data/redteam/factory/segments/edgetts/sichuan/seg_edgetts_sichuan_zh-CN-YunxiNeural_SC-000879_03.wav,edgetts,sichuan,SC-000879,zh-CN-YunxiNeural,0.2243,隐蔽(难检)
data/redteam/factory/segments/edgetts/mandarin/seg_edgetts_mandarin_zh-CN-XiaoxiaoNeural_SC-000470_01.wav,edgetts,mandarin,SC-000470,zh-CN-XiaoxiaoNeural,0.2243,隐蔽(难检)
data/redteam/factory/segments/edgetts/dongbei/seg_edgetts_dongbei_zh-CN-liaoning-XiaobeiNeural_SC-000264_03.wav,edgetts,dongbei,SC-000264,zh-CN-liaoning-XiaobeiNeural,0.2244,隐蔽(难检)
data/redteam/factory/segments/edgetts/minnan/seg_edgetts_minnan_zh-TW-HsiaoChenNeural_SC-000816_03.wav,edgetts,minnan,SC-000816,zh-TW-HsiaoChenNeural,0.2244,隐蔽(难检)
data/redteam/factory/segments/edgetts/sichuan/seg_edgetts_sichuan_zh-CN-YunxiNeural_SC-000457_03.wav,edgetts,sichuan,SC-000457,zh-CN-YunxiNeural,0.2245,隐蔽(难检)
data/redteam/factory/segments/edgetts/minnan/seg_edgetts_minnan_zh-TW-YunJheNeural_SC-000339_01.wav,edgetts,minnan,SC-000339,zh-TW-YunJheNeural,0.2246,隐蔽(难检)
data/redteam/factory/segments/edgetts/mandarin/seg_edgetts_mandarin_zh-CN-XiaoxiaoNeural_SC-000331_00.wav,edgetts,mandarin,SC-000331,zh-CN-XiaoxiaoNeural,0.2246,隐蔽(难检)
data/redteam/factory/segments/edgetts/minnan/seg_edgetts_minnan_zh-TW-YunJheNeural_SC-001084_01.wav,edgetts,minnan,SC-001084,zh-TW-YunJheNeural,0.2247,隐蔽(难检)
data/redteam/factory/segments/edgetts/sichuan/seg_edgetts_sichuan_zh-CN-YunxiNeural_SC-000879_02.wav,edgetts,sichuan,SC-000879,zh-CN-YunxiNeural,0.2247,隐蔽(难检)
data/redteam/factory/segments/edgetts/henan/seg_edgetts_henan_zh-CN-shaanxi-XiaoniNeural_SC-001106_01.wav,edgetts,henan,SC-001106,zh-CN-shaanxi-XiaoniNeural,0.2247,隐蔽(难检)
data/redteam/factory/segments/edgetts/henan/seg_edgetts_henan_zh-CN-shaanxi-XiaoniNeural_SC-000662_04.wav,edgetts,henan,SC-000662,zh-CN-shaanxi-XiaoniNeural,0.2248,隐蔽(难检)
data/redteam/factory/segments/edgetts/henan/seg_edgetts_henan_zh-CN-shaanxi-XiaoniNeural_SC-001352_01.wav,edgetts,henan,SC-001352,zh-CN-shaanxi-XiaoniNeural,0.2249,隐蔽(难检)
data/redteam/factory/segments/edgetts/dongbei/seg_edgetts_dongbei_zh-CN-liaoning-XiaobeiNeural_SC-001672_01.wav,edgetts,dongbei,SC-001672,zh-CN-liaoning-XiaobeiNeural,0.225,隐蔽(难检)
data/redteam/factory/segments/edgetts/cantonese/seg_edgetts_cantonese_zh-HK-WanLungNeural_SC-000103_04.wav,edgetts,cantonese,SC-000103,zh-HK-WanLungNeural,0.2254,隐蔽(难检)
data/redteam/factory/segments/edgetts/dongbei/seg_edgetts_dongbei_zh-CN-liaoning-XiaobeiNeural_SC-000231_03.wav,edgetts,dongbei,SC-000231,zh-CN-liaoning-XiaobeiNeural,0.2255,隐蔽(难检)
data/redteam/factory/segments/edgetts/minnan/seg_edgetts_minnan_zh-TW-HsiaoChenNeural_SC-000719_03.wav,edgetts,minnan,SC-000719,zh-TW-HsiaoChenNeural,0.2256,隐蔽(难检)
data/redteam/factory/segments/edgetts/cantonese/seg_edgetts_cantonese_zh-HK-WanLungNeural_SC-000752_02.wav,edgetts,cantonese,SC-000752,zh-HK-WanLungNeural,0.2257,隐蔽(难检)
data/redteam/factory/segments/edgetts/dongbei/seg_edgetts_dongbei_zh-CN-liaoning-XiaobeiNeural_SC-000781_03.wav,edgetts,dongbei,SC-000781,zh-CN-liaoning-XiaobeiNeural,0.2258,隐蔽(难检)
data/redteam/factory/segments/edgetts/mandarin/seg_edgetts_mandarin_zh-CN-YunjianNeural_SC-000331_01.wav,edgetts,mandarin,SC-000331,zh-CN-YunjianNeural,0.2259,隐蔽(难检)
data/redteam/factory/segments/sovits_api/cantonese/seg_sovits_api_cantonese_ref_boot_edgetts_cantonese_zh-HK-HiuMaanNeural_SC-000005_seg8s_SC-000116_00.wav,sovits_api,cantonese,SC-000116,ref_boot_edgetts_cantonese_zh-HK-HiuMaanNeural_SC-000005_seg8s,0.2259,隐蔽(难检)
data/redteam/factory/segments/sovits_api/minnan/seg_sovits_api_minnan_ref_boot_edgetts_minnan_zh-TW-YunJheNeural_SC-000001_SC-000339_03.wav,sovits_api,minnan,SC-000339,ref_boot_edgetts_minnan_zh-TW-YunJheNeural_SC-000001,0.2262,隐蔽(难检)
data/redteam/factory/segments/edgetts/mandarin/seg_edgetts_mandarin_zh-CN-YunxiNeural_SC-000017_05.wav,edgetts,mandarin,SC-000017,zh-CN-YunxiNeural,0.2265,隐蔽(难检)
data/redteam/factory/segments/edgetts/sichuan/seg_edgetts_sichuan_zh-CN-YunxiNeural_SC-000017_05.wav,edgetts,sichuan,SC-000017,zh-CN-YunxiNeural,0.2265,隐蔽(难检)
data/redteam/factory/segments/sovits_api/minnan/seg_sovits_api_minnan_ref_boot_edgetts_minnan_zh-TW-HsiaoChenNeural_SC-000001_SC-000218_00.wav,sovits_api,minnan,SC-000218,ref_boot_edgetts_minnan_zh-TW-HsiaoChenNeural_SC-000001,0.2265,隐蔽(难检)
data/redteam/factory/segments/sovits_api/cantonese/seg_sovits_api_cantonese_ref_boot_edgetts_cantonese_zh-HK-HiuMaanNeural_SC-000005_seg8s_SC-000048_03.wav,sovits_api,cantonese,SC-000048,ref_boot_edgetts_cantonese_zh-HK-HiuMaanNeural_SC-000005_seg8s,0.2268,隐蔽(难检)
data/redteam/factory/segments/sovits_api/cantonese/seg_sovits_api_cantonese_ref_boot_edgetts_cantonese_zh-HK-HiuMaanNeural_SC-000005_seg8s_SC-000245_05.wav,sovits_api,cantonese,SC-000245,ref_boot_edgetts_cantonese_zh-HK-HiuMaanNeural_SC-000005_seg8s,0.2268,隐蔽(难检)
data/redteam/factory/segments/edgetts/minnan/seg_edgetts_minnan_zh-TW-HsiaoChenNeural_SC-001110_03.wav,edgetts,minnan,SC-001110,zh-TW-HsiaoChenNeural,0.2269,隐蔽(难检)
data/redteam/factory/segments/edgetts/mandarin/seg_edgetts_mandarin_zh-CN-XiaoxiaoNeural_SC-000069_03.wav,edgetts,mandarin,SC-000069,zh-CN-XiaoxiaoNeural,0.227,隐蔽(难检)
data/redteam/factory/segments/edgetts/minnan/seg_edgetts_minnan_zh-TW-HsiaoChenNeural_SC-000643_00.wav,edgetts,minnan,SC-000643,zh-TW-HsiaoChenNeural,0.227,隐蔽(难检)
data/redteam/factory/segments/edgetts/henan/seg_edgetts_henan_zh-CN-shaanxi-XiaoniNeural_SC-000623_03.wav,edgetts,henan,SC-000623,zh-CN-shaanxi-XiaoniNeural,0.227,隐蔽(难检)
data/redteam/factory/segments/edgetts/sichuan/seg_edgetts_sichuan_zh-CN-XiaoxiaoNeural_SC-000963_00.wav,edgetts,sichuan,SC-000963,zh-CN-XiaoxiaoNeural,0.2271,隐蔽(难检)
data/redteam/factory/segments/edgetts/henan/seg_edgetts_henan_zh-CN-shaanxi-XiaoniNeural_SC-000430_03.wav,edgetts,henan,SC-000430,zh-CN-shaanxi-XiaoniNeural,0.2271,隐蔽(难检)
data/redteam/factory/segments/edgetts/cantonese/seg_edgetts_cantonese_zh-HK-WanLungNeural_SC-000017_02.wav,edgetts,cantonese,SC-000017,zh-HK-WanLungNeural,0.2272,隐蔽(难检)
data/redteam/factory/segments/sovits_api/cantonese/seg_sovits_api_cantonese_ref_boot_edgetts_cantonese_zh-HK-HiuMaanNeural_SC-000005_seg8s_SC-000228_02.wav,sovits_api,cantonese,SC-000228,ref_boot_edgetts_cantonese_zh-HK-HiuMaanNeural_SC-000005_seg8s,0.2273,隐蔽(难检)
data/redteam/factory/segments/sovits_api/dongbei/seg_sovits_api_dongbei_ref_boot_edgetts_dongbei_zh-CN-liaoning-XiaobeiNeural_SC-000002_seg8s_SC-000231_00.wav,sovits_api,dongbei,SC-000231,ref_boot_edgetts_dongbei_zh-CN-liaoning-XiaobeiNeural_SC-000002_seg8s,0.2275,隐蔽(难检)
data/redteam/factory/segments/edgetts/dongbei/seg_edgetts_dongbei_zh-CN-liaoning-XiaobeiNeural_SC-001092_04.wav,edgetts,dongbei,SC-001092,zh-CN-liaoning-XiaobeiNeural,0.2277,隐蔽(难检)
data/redteam/factory/segments/edgetts/minnan/seg_edgetts_minnan_zh-TW-HsiaoChenNeural_SC-000841_02.wav,edgetts,minnan,SC-000841,zh-TW-HsiaoChenNeural,0.228,隐蔽(难检)
data/redteam/factory/segments/edgetts/minnan/seg_edgetts_minnan_zh-TW-HsiaoChenNeural_SC-000466_03.wav,edgetts,minnan,SC-000466,zh-TW-HsiaoChenNeural,0.2281,隐蔽(难检)
data/redteam/factory/segments/edgetts/cantonese/seg_edgetts_cantonese_zh-HK-WanLungNeural_SC-001199_03.wav,edgetts,cantonese,SC-001199,zh-HK-WanLungNeural,0.2282,隐蔽(难检)
data/redteam/factory/segments/sovits_api/mandarin/seg_sovits_api_mandarin_ref_boot_edgetts_mandarin_zh-CN-YunxiNeural_SC-000007_seg8s_SC-000007_02.wav,sovits_api,mandarin,SC-000007,ref_boot_edgetts_mandarin_zh-CN-YunxiNeural_SC-000007_seg8s,0.2283,隐蔽(难检)
data/redteam/factory/segments/edgetts/minnan/seg_edgetts_minnan_zh-TW-HsiaoChenNeural_SC-001257_00.wav,edgetts,minnan,SC-001257,zh-TW-HsiaoChenNeural,0.2284,隐蔽(难检)
data/redteam/factory/segments/edgetts/minnan/seg_edgetts_minnan_zh-TW-HsiaoChenNeural_SC-000445_03.wav,edgetts,minnan,SC-000445,zh-TW-HsiaoChenNeural,0.2288,隐蔽(难检)
data/redteam/factory/segments/edgetts/sichuan/seg_edgetts_sichuan_zh-CN-YunxiNeural_SC-000576_01.wav,edgetts,sichuan,SC-000576,zh-CN-YunxiNeural,0.2288,隐蔽(难检)
data/redteam/factory/segments/edgetts/minnan/seg_edgetts_minnan_zh-TW-YunJheNeural_SC-000539_02.wav,edgetts,minnan,SC-000539,zh-TW-YunJheNeural,0.2288,隐蔽(难检)
data/redteam/factory/segments/edgetts/sichuan/seg_edgetts_sichuan_zh-CN-YunxiNeural_SC-000552_02.wav,edgetts,sichuan,SC-000552,zh-CN-YunxiNeural,0.2289,隐蔽(难检)
data/redteam/factory/segments/edgetts/dongbei/seg_edgetts_dongbei_zh-CN-liaoning-XiaobeiNeural_SC-001545_00.wav,edgetts,dongbei,SC-001545,zh-CN-liaoning-XiaobeiNeural,0.229,隐蔽(难检)
data/redteam/factory/segments/edgetts/dongbei/seg_edgetts_dongbei_zh-CN-liaoning-XiaobeiNeural_SC-000658_03.wav,edgetts,dongbei,SC-000658,zh-CN-liaoning-XiaobeiNeural,0.2292,隐蔽(难检)
data/redteam/factory/segments/edgetts/mandarin/seg_edgetts_mandarin_zh-CN-YunjianNeural_SC-000017_01.wav,edgetts,mandarin,SC-000017,zh-CN-YunjianNeural,0.2293,隐蔽(难检)
data/redteam/factory/segments/edgetts/sichuan/seg_edgetts_sichuan_zh-CN-YunxiNeural_SC-000042_02.wav,edgetts,sichuan,SC-000042,zh-CN-YunxiNeural,0.2293,隐蔽(难检)
data/redteam/factory/segments/edgetts/dongbei/seg_edgetts_dongbei_zh-CN-liaoning-XiaobeiNeural_SC-000781_02.wav,edgetts,dongbei,SC-000781,zh-CN-liaoning-XiaobeiNeural,0.2293,隐蔽(难检)
data/redteam/factory/segments/edgetts/sichuan/seg_edgetts_sichuan_zh-CN-XiaoxiaoNeural_SC-000373_00.wav,edgetts,sichuan,SC-000373,zh-CN-XiaoxiaoNeural,0.2293,隐蔽(难检)
data/redteam/factory/segments/edgetts/cantonese/seg_edgetts_cantonese_zh-HK-WanLungNeural_SC-001198_00.wav,edgetts,cantonese,SC-001198,zh-HK-WanLungNeural,0.2293,隐蔽(难检)
data/redteam/factory/segments/edgetts/minnan/seg_edgetts_minnan_zh-TW-YunJheNeural_SC-001084_02.wav,edgetts,minnan,SC-001084,zh-TW-YunJheNeural,0.2294,隐蔽(难检)
data/redteam/factory/segments/edgetts/mandarin/seg_edgetts_mandarin_zh-CN-XiaoxiaoNeural_SC-000444_00.wav,edgetts,mandarin,SC-000444,zh-CN-XiaoxiaoNeural,0.2295,隐蔽(难检)
data/redteam/factory/segments/edgetts/sichuan/seg_edgetts_sichuan_zh-CN-XiaoxiaoNeural_SC-000457_00.wav,edgetts,sichuan,SC-000457,zh-CN-XiaoxiaoNeural,0.2295,隐蔽(难检)
data/redteam/factory/segments/edgetts/dongbei/seg_edgetts_dongbei_zh-CN-liaoning-XiaobeiNeural_SC-001303_00.wav,edgetts,dongbei,SC-001303,zh-CN-liaoning-XiaobeiNeural,0.2295,隐蔽(难检)
data/redteam/factory/segments/edgetts/minnan/seg_edgetts_minnan_zh-TW-HsiaoChenNeural_SC-000143_00.wav,edgetts,minnan,SC-000143,zh-TW-HsiaoChenNeural,0.2296,隐蔽(难检)
data/redteam/factory/segments/edgetts/dongbei/seg_edgetts_dongbei_zh-CN-liaoning-XiaobeiNeural_SC-001088_01.wav,edgetts,dongbei,SC-001088,zh-CN-liaoning-XiaobeiNeural,0.2296,隐蔽(难检)
data/redteam/factory/segments/edgetts/dongbei/seg_edgetts_dongbei_zh-CN-liaoning-XiaobeiNeural_SC-001395_03.wav,edgetts,dongbei,SC-001395,zh-CN-liaoning-XiaobeiNeural,0.2298,隐蔽(难检)
data/redteam/factory/segments/edgetts/mandarin/seg_edgetts_mandarin_zh-CN-YunxiNeural_SC-000341_03.wav,edgetts,mandarin,SC-000341,zh-CN-YunxiNeural,0.2298,隐蔽(难检)
data/redteam/factory/segments/edgetts/minnan/seg_edgetts_minnan_zh-TW-HsiaoChenNeural_SC-001112_01.wav,edgetts,minnan,SC-001112,zh-TW-HsiaoChenNeural,0.2299,隐蔽(难检)
data/redteam/factory/segments/edgetts/dongbei/seg_edgetts_dongbei_zh-CN-liaoning-XiaobeiNeural_SC-001635_01.wav,edgetts,dongbei,SC-001635,zh-CN-liaoning-XiaobeiNeural,0.23,隐蔽(难检)
data/redteam/factory/segments/sovits_api/henan/seg_sovits_api_henan_ref_boot_edgetts_henan_zh-CN-shaanxi-XiaoniNeural_SC-000009_seg8s_SC-000009_01.wav,sovits_api,henan,SC-000009,ref_boot_edgetts_henan_zh-CN-shaanxi-XiaoniNeural_SC-000009_seg8s,0.2302,隐蔽(难检)
data/redteam/factory/segments/edgetts/henan/seg_edgetts_henan_zh-CN-shaanxi-XiaoniNeural_SC-000906_05.wav,edgetts,henan,SC-000906,zh-CN-shaanxi-XiaoniNeural,0.2304,隐蔽(难检)
data/redteam/factory/segments/sovits_api/cantonese/seg_sovits_api_cantonese_ref_boot_edgetts_cantonese_zh-HK-WanLungNeural_SC-000005_seg8s_SC-000116_03.wav,sovits_api,cantonese,SC-000116,ref_boot_edgetts_cantonese_zh-HK-WanLungNeural_SC-000005_seg8s,0.2306,隐蔽(难检)
data/redteam/factory/segments/edgetts/minnan/seg_edgetts_minnan_zh-TW-HsiaoChenNeural_SC-000339_03.wav,edgetts,minnan,SC-000339,zh-TW-HsiaoChenNeural,0.2309,隐蔽(难检)
data/redteam/factory/segments/edgetts/cantonese/seg_edgetts_cantonese_zh-HK-WanLungNeural_SC-000689_03.wav,edgetts,cantonese,SC-000689,zh-HK-WanLungNeural,0.2312,隐蔽(难检)
data/redteam/factory/segments/edgetts/mandarin/seg_edgetts_mandarin_zh-CN-YunxiNeural_SC-000327_01.wav,edgetts,mandarin,SC-000327,zh-CN-YunxiNeural,0.2313,隐蔽(难检)
data/redteam/factory/segments/edgetts/henan/seg_edgetts_henan_zh-CN-shaanxi-XiaoniNeural_SC-000442_02.wav,edgetts,henan,SC-000442,zh-CN-shaanxi-XiaoniNeural,0.2314,隐蔽(难检)
data/redteam/factory/segments/edgetts/minnan/seg_edgetts_minnan_zh-TW-HsiaoChenNeural_SC-000970_03.wav,edgetts,minnan,SC-000970,zh-TW-HsiaoChenNeural,0.2315,隐蔽(难检)
data/redteam/factory/segments/edgetts/mandarin/seg_edgetts_mandarin_zh-CN-XiaoxiaoNeural_SC-000444_02.wav,edgetts,mandarin,SC-000444,zh-CN-XiaoxiaoNeural,0.2316,隐蔽(难检)
data/redteam/factory/segments/edgetts/cantonese/seg_edgetts_cantonese_zh-HK-WanLungNeural_SC-000515_02.wav,edgetts,cantonese,SC-000515,zh-HK-WanLungNeural,0.2317,隐蔽(难检)
data/redteam/factory/segments/edgetts/dongbei/seg_edgetts_dongbei_zh-CN-liaoning-XiaobeiNeural_SC-001531_01.wav,edgetts,dongbei,SC-001531,zh-CN-liaoning-XiaobeiNeural,0.2321,隐蔽(难检)
data/redteam/factory/segments/edgetts/sichuan/seg_edgetts_sichuan_zh-CN-YunxiNeural_SC-000552_01.wav,edgetts,sichuan,SC-000552,zh-CN-YunxiNeural,0.2322,隐蔽(难检)
data/redteam/factory/segments/edgetts/cantonese/seg_edgetts_cantonese_zh-HK-WanLungNeural_SC-001184_00.wav,edgetts,cantonese,SC-001184,zh-HK-WanLungNeural,0.2324,隐蔽(难检)
data/redteam/factory/segments/edgetts/cantonese/seg_edgetts_cantonese_zh-HK-WanLungNeural_SC-000810_01.wav,edgetts,cantonese,SC-000810,zh-HK-WanLungNeural,0.2324,隐蔽(难检)
data/redteam/factory/segments/edgetts/dongbei/seg_edgetts_dongbei_zh-CN-liaoning-XiaobeiNeural_SC-000113_03.wav,edgetts,dongbei,SC-000113,zh-CN-liaoning-XiaobeiNeural,0.2325,隐蔽(难检)
data/redteam/factory/segments/edgetts/dongbei/seg_edgetts_dongbei_zh-CN-liaoning-XiaobeiNeural_SC-001645_02.wav,edgetts,dongbei,SC-001645,zh-CN-liaoning-XiaobeiNeural,0.2325,隐蔽(难检)
data/redteam/factory/segments/edgetts/sichuan/seg_edgetts_sichuan_zh-CN-XiaoxiaoNeural_SC-000375_01.wav,edgetts,sichuan,SC-000375,zh-CN-XiaoxiaoNeural,0.2325,隐蔽(难检)
data/redteam/factory/segments/sovits_api/minnan/seg_sovits_api_minnan_ref_boot_edgetts_minnan_zh-TW-YunJheNeural_SC-000001_SC-000369_02.wav,sovits_api,minnan,SC-000369,ref_boot_edgetts_minnan_zh-TW-YunJheNeural_SC-000001,0.2329,隐蔽(难检)
data/redteam/factory/segments/sovits_api/sichuan/seg_sovits_api_sichuan_ref_boot_edgetts_sichuan_zh-CN-XiaoxiaoNeural_SC-000010_SC-000042_01.wav,sovits_api,sichuan,SC-000042,ref_boot_edgetts_sichuan_zh-CN-XiaoxiaoNeural_SC-000010,0.2337,隐蔽(难检)
data/redteam/factory/segments/edgetts/sichuan/seg_edgetts_sichuan_zh-CN-XiaoxiaoNeural_SC-000722_03.wav,edgetts,sichuan,SC-000722,zh-CN-XiaoxiaoNeural,0.2338,隐蔽(难检)
data/redteam/factory/segments/edgetts/minnan/seg_edgetts_minnan_zh-TW-HsiaoChenNeural_SC-001483_01.wav,edgetts,minnan,SC-001483,zh-TW-HsiaoChenNeural,0.2339,隐蔽(难检)
data/redteam/factory/segments/sovits_api/cantonese/seg_sovits_api_cantonese_ref_boot_edgetts_cantonese_zh-HK-HiuMaanNeural_SC-000005_seg8s_SC-000245_00.wav,sovits_api,cantonese,SC-000245,ref_boot_edgetts_cantonese_zh-HK-HiuMaanNeural_SC-000005_seg8s,0.2339,隐蔽(难检)
data/redteam/factory/segments/edgetts/sichuan/seg_edgetts_sichuan_zh-CN-XiaoxiaoNeural_SC-000722_04.wav,edgetts,sichuan,SC-000722,zh-CN-XiaoxiaoNeural,0.234,隐蔽(难检)
data/redteam/factory/segments/edgetts/cantonese/seg_edgetts_cantonese_zh-HK-HiuMaanNeural_SC-000666_04.wav,edgetts,cantonese,SC-000666,zh-HK-HiuMaanNeural,0.2341,隐蔽(难检)
data/redteam/factory/segments/edgetts/mandarin/seg_edgetts_mandarin_zh-CN-YunjianNeural_SC-000069_01.wav,edgetts,mandarin,SC-000069,zh-CN-YunjianNeural,0.2342,隐蔽(难检)
data/redteam/factory/segments/sovits_api/cantonese/seg_sovits_api_cantonese_ref_boot_edgetts_cantonese_zh-HK-HiuMaanNeural_SC-000005_seg8s_SC-000245_01.wav,sovits_api,cantonese,SC-000245,ref_boot_edgetts_cantonese_zh-HK-HiuMaanNeural_SC-000005_seg8s,0.2343,隐蔽(难检)
data/redteam/factory/segments/edgetts/minnan/seg_edgetts_minnan_zh-TW-YunJheNeural_SC-000569_01.wav,edgetts,minnan,SC-000569,zh-TW-YunJheNeural,0.2344,隐蔽(难检)
data/redteam/factory/segments/edgetts/sichuan/seg_edgetts_sichuan_zh-CN-YunxiNeural_SC-000722_02.wav,edgetts,sichuan,SC-000722,zh-CN-YunxiNeural,0.2344,隐蔽(难检)
data/redteam/factory/segments/edgetts/henan/seg_edgetts_henan_zh-CN-shaanxi-XiaoniNeural_SC-001425_02.wav,edgetts,henan,SC-001425,zh-CN-shaanxi-XiaoniNeural,0.2348,隐蔽(难检)
data/redteam/factory/segments/edgetts/mandarin/seg_edgetts_mandarin_zh-CN-XiaoxiaoNeural_SC-000470_03.wav,edgetts,mandarin,SC-000470,zh-CN-XiaoxiaoNeural,0.235,隐蔽(难检)
data/redteam/factory/segments/edgetts/sichuan/seg_edgetts_sichuan_zh-CN-XiaoxiaoNeural_SC-000513_02.wav,edgetts,sichuan,SC-000513,zh-CN-XiaoxiaoNeural,0.2351,隐蔽(难检)
data/redteam/factory/segments/edgetts/sichuan/seg_edgetts_sichuan_zh-CN-XiaoxiaoNeural_SC-000537_02.wav,edgetts,sichuan,SC-000537,zh-CN-XiaoxiaoNeural,0.2351,隐蔽(难检)
data/redteam/factory/segments/edgetts/sichuan/seg_edgetts_sichuan_zh-CN-YunxiNeural_SC-000812_02.wav,edgetts,sichuan,SC-000812,zh-CN-YunxiNeural,0.2354,隐蔽(难检)
data/redteam/factory/segments/edgetts/mandarin/seg_edgetts_mandarin_zh-CN-YunjianNeural_SC-000017_06.wav,edgetts,mandarin,SC-000017,zh-CN-YunjianNeural,0.2357,隐蔽(难检)
data/redteam/factory/segments/edgetts/sichuan/seg_edgetts_sichuan_zh-CN-XiaoxiaoNeural_SC-001451_02.wav,edgetts,sichuan,SC-001451,zh-CN-XiaoxiaoNeural,0.2359,隐蔽(难检)
data/redteam/factory/segments/edgetts/dongbei/seg_edgetts_dongbei_zh-CN-liaoning-XiaobeiNeural_SC-000154_02.wav,edgetts,dongbei,SC-000154,zh-CN-liaoning-XiaobeiNeural,0.2361,隐蔽(难检)
data/redteam/factory/segments/edgetts/minnan/seg_edgetts_minnan_zh-TW-YunJheNeural_SC-001084_03.wav,edgetts,minnan,SC-001084,zh-TW-YunJheNeural,0.2363,隐蔽(难检)
data/redteam/factory/segments/edgetts/dongbei/seg_edgetts_dongbei_zh-CN-liaoning-XiaobeiNeural_SC-000349_04.wav,edgetts,dongbei,SC-000349,zh-CN-liaoning-XiaobeiNeural,0.2367,隐蔽(难检)
data/redteam/factory/segments/edgetts/minnan/seg_edgetts_minnan_zh-TW-HsiaoChenNeural_SC-000685_03.wav,edgetts,minnan,SC-000685,zh-TW-HsiaoChenNeural,0.2367,隐蔽(难检)
data/redteam/factory/segments/edgetts/mandarin/seg_edgetts_mandarin_zh-CN-XiaoxiaoNeural_SC-000341_03.wav,edgetts,mandarin,SC-000341,zh-CN-XiaoxiaoNeural,0.2368,隐蔽(难检)
data/redteam/factory/segments/edgetts/dongbei/seg_edgetts_dongbei_zh-CN-liaoning-XiaobeiNeural_SC-000017_01.wav,edgetts,dongbei,SC-000017,zh-CN-liaoning-XiaobeiNeural,0.2369,隐蔽(难检)
data/redteam/factory/segments/edgetts/mandarin/seg_edgetts_mandarin_zh-CN-XiaoxiaoNeural_SC-000036_04.wav,edgetts,mandarin,SC-000036,zh-CN-XiaoxiaoNeural,0.2371,隐蔽(难检)
data/redteam/factory/segments/edgetts/minnan/seg_edgetts_minnan_zh-TW-HsiaoChenNeural_SC-000056_07.wav,edgetts,minnan,SC-000056,zh-TW-HsiaoChenNeural,0.2372,隐蔽(难检)
data/redteam/factory/segments/edgetts/henan/seg_edgetts_henan_zh-CN-shaanxi-XiaoniNeural_SC-001399_02.wav,edgetts,henan,SC-001399,zh-CN-shaanxi-XiaoniNeural,0.2372,隐蔽(难检)
data/redteam/factory/segments/sovits_api/mandarin/seg_sovits_api_mandarin_ref_boot_edgetts_mandarin_zh-CN-YunxiNeural_SC-000007_seg8s_SC-000090_01.wav,sovits_api,mandarin,SC-000090,ref_boot_edgetts_mandarin_zh-CN-YunxiNeural_SC-000007_seg8s,0.2373,隐蔽(难检)
data/redteam/factory/segments/edgetts/mandarin/seg_edgetts_mandarin_zh-CN-YunxiNeural_SC-000335_00.wav,edgetts,mandarin,SC-000335,zh-CN-YunxiNeural,0.238,隐蔽(难检)
data/redteam/factory/segments/edgetts/mandarin/seg_edgetts_mandarin_zh-CN-XiaoxiaoNeural_SC-000036_05.wav,edgetts,mandarin,SC-000036,zh-CN-XiaoxiaoNeural,0.2381,隐蔽(难检)
data/redteam/factory/segments/sovits_api/mandarin/seg_sovits_api_mandarin_ref_boot_edgetts_mandarin_zh-CN-XiaoxiaoNeural_SC-000007_seg8s_SC-000036_01.wav,sovits_api,mandarin,SC-000036,ref_boot_edgetts_mandarin_zh-CN-XiaoxiaoNeural_SC-000007_seg8s,0.2381,隐蔽(难检)
data/redteam/factory/segments/edgetts/dongbei/seg_edgetts_dongbei_zh-CN-liaoning-XiaobeiNeural_SC-001209_02.wav,edgetts,dongbei,SC-001209,zh-CN-liaoning-XiaobeiNeural,0.2383,隐蔽(难检)
data/redteam/factory/segments/edgetts/minnan/seg_edgetts_minnan_zh-TW-HsiaoChenNeural_SC-001487_04.wav,edgetts,minnan,SC-001487,zh-TW-HsiaoChenNeural,0.2383,隐蔽(难检)
data/redteam/factory/segments/sovits_api/sichuan/seg_sovits_api_sichuan_ref_boot_edgetts_sichuan_zh-CN-YunxiNeural_SC-000010_SC-000042_02.wav,sovits_api,sichuan,SC-000042,ref_boot_edgetts_sichuan_zh-CN-YunxiNeural_SC-000010,0.2383,隐蔽(难检)
data/redteam/factory/segments/edgetts/cantonese/seg_edgetts_cantonese_zh-HK-WanLungNeural_SC-000395_00.wav,edgetts,cantonese,SC-000395,zh-HK-WanLungNeural,0.2384,隐蔽(难检)
data/redteam/factory/segments/edgetts/minnan/seg_edgetts_minnan_zh-TW-HsiaoChenNeural_SC-000339_01.wav,edgetts,minnan,SC-000339,zh-TW-HsiaoChenNeural,0.2385,隐蔽(难检)
data/redteam/factory/segments/edgetts/henan/seg_edgetts_henan_zh-CN-shaanxi-XiaoniNeural_SC-001224_02.wav,edgetts,henan,SC-001224,zh-CN-shaanxi-XiaoniNeural,0.2385,隐蔽(难检)
data/redteam/factory/segments/edgetts/minnan/seg_edgetts_minnan_zh-TW-YunJheNeural_SC-000017_02.wav,edgetts,minnan,SC-000017,zh-TW-YunJheNeural,0.2393,隐蔽(难检)
data/redteam/factory/segments/sovits_api/henan/seg_sovits_api_henan_ref_boot_edgetts_henan_zh-CN-shaanxi-XiaoniNeural_SC-000009_seg8s_SC-000139_03.wav,sovits_api,henan,SC-000139,ref_boot_edgetts_henan_zh-CN-shaanxi-XiaoniNeural_SC-000009_seg8s,0.2393,隐蔽(难检)
data/redteam/factory/segments/edgetts/minnan/seg_edgetts_minnan_zh-TW-YunJheNeural_SC-000943_02.wav,edgetts,minnan,SC-000943,zh-TW-YunJheNeural,0.2394,隐蔽(难检)
data/redteam/factory/segments/edgetts/cantonese/seg_edgetts_cantonese_zh-HK-HiuMaanNeural_SC-000561_00.wav,edgetts,cantonese,SC-000561,zh-HK-HiuMaanNeural,0.2394,隐蔽(难检)
data/redteam/factory/segments/edgetts/cantonese/seg_edgetts_cantonese_zh-HK-WanLungNeural_SC-000625_01.wav,edgetts,cantonese,SC-000625,zh-HK-WanLungNeural,0.2395,隐蔽(难检)
data/redteam/factory/segments/edgetts/cantonese/seg_edgetts_cantonese_zh-HK-WanLungNeural_SC-001042_02.wav,edgetts,cantonese,SC-001042,zh-HK-WanLungNeural,0.2395,隐蔽(难检)
data/redteam/factory/segments/edgetts/sichuan/seg_edgetts_sichuan_zh-CN-XiaoxiaoNeural_SC-000743_01.wav,edgetts,sichuan,SC-000743,zh-CN-XiaoxiaoNeural,0.2398,隐蔽(难检)
data/redteam/factory/segments/edgetts/minnan/seg_edgetts_minnan_zh-TW-HsiaoChenNeural_SC-000943_02.wav,edgetts,minnan,SC-000943,zh-TW-HsiaoChenNeural,0.2399,隐蔽(难检)
data/redteam/factory/segments/edgetts/cantonese/seg_edgetts_cantonese_zh-HK-WanLungNeural_SC-000017_05.wav,edgetts,cantonese,SC-000017,zh-HK-WanLungNeural,0.2401,隐蔽(难检)
data/redteam/factory/segments/edgetts/mandarin/seg_edgetts_mandarin_zh-CN-YunxiNeural_SC-000017_08.wav,edgetts,mandarin,SC-000017,zh-CN-YunxiNeural,0.2404,隐蔽(难检)
data/redteam/factory/segments/edgetts/sichuan/seg_edgetts_sichuan_zh-CN-YunxiNeural_SC-000017_08.wav,edgetts,sichuan,SC-000017,zh-CN-YunxiNeural,0.2404,隐蔽(难检)
data/redteam/factory/segments/sovits_api/henan/seg_sovits_api_henan_ref_boot_edgetts_henan_zh-CN-shaanxi-XiaoniNeural_SC-000009_seg8s_SC-000009_00.wav,sovits_api,henan,SC-000009,ref_boot_edgetts_henan_zh-CN-shaanxi-XiaoniNeural_SC-000009_seg8s,0.2405,隐蔽(难检)
data/redteam/factory/segments/edgetts/minnan/seg_edgetts_minnan_zh-TW-HsiaoChenNeural_SC-001519_01.wav,edgetts,minnan,SC-001519,zh-TW-HsiaoChenNeural,0.2406,隐蔽(难检)
data/redteam/factory/segments/sovits_api/henan/seg_sovits_api_henan_ref_boot_edgetts_henan_zh-CN-shaanxi-XiaoniNeural_SC-000009_seg8s_SC-000017_12.wav,sovits_api,henan,SC-000017,ref_boot_edgetts_henan_zh-CN-shaanxi-XiaoniNeural_SC-000009_seg8s,0.2406,隐蔽(难检)
data/redteam/factory/segments/edgetts/henan/seg_edgetts_henan_zh-CN-shaanxi-XiaoniNeural_SC-000873_03.wav,edgetts,henan,SC-000873,zh-CN-shaanxi-XiaoniNeural,0.2409,隐蔽(难检)
data/redteam/factory/segments/edgetts/sichuan/seg_edgetts_sichuan_zh-CN-XiaoxiaoNeural_SC-000812_04.wav,edgetts,sichuan,SC-000812,zh-CN-XiaoxiaoNeural,0.2409,隐蔽(难检)
data/redteam/factory/segments/sovits_api/sichuan/seg_sovits_api_sichuan_ref_boot_edgetts_sichuan_zh-CN-XiaoxiaoNeural_SC-000010_SC-000255_02.wav,sovits_api,sichuan,SC-000255,ref_boot_edgetts_sichuan_zh-CN-XiaoxiaoNeural_SC-000010,0.241,隐蔽(难检)
data/redteam/factory/segments/edgetts/mandarin/seg_edgetts_mandarin_zh-CN-XiaoxiaoNeural_SC-000335_02.wav,edgetts,mandarin,SC-000335,zh-CN-XiaoxiaoNeural,0.2411,隐蔽(难检)
data/redteam/factory/segments/edgetts/cantonese/seg_edgetts_cantonese_zh-HK-WanLungNeural_SC-000810_00.wav,edgetts,cantonese,SC-000810,zh-HK-WanLungNeural,0.2411,隐蔽(难检)
data/redteam/factory/segments/edgetts/henan/seg_edgetts_henan_zh-CN-shaanxi-XiaoniNeural_SC-000932_01.wav,edgetts,henan,SC-000932,zh-CN-shaanxi-XiaoniNeural,0.2413,隐蔽(难检)
data/redteam/factory/segments/edgetts/minnan/seg_edgetts_minnan_zh-TW-HsiaoChenNeural_SC-000900_00.wav,edgetts,minnan,SC-000900,zh-TW-HsiaoChenNeural,0.2414,隐蔽(难检)
data/redteam/factory/segments/edgetts/minnan/seg_edgetts_minnan_zh-TW-HsiaoChenNeural_SC-000816_00.wav,edgetts,minnan,SC-000816,zh-TW-HsiaoChenNeural,0.2415,隐蔽(难检)
data/redteam/factory/segments/edgetts/sichuan/seg_edgetts_sichuan_zh-CN-XiaoxiaoNeural_SC-000457_04.wav,edgetts,sichuan,SC-000457,zh-CN-XiaoxiaoNeural,0.2419,隐蔽(难检)
data/redteam/factory/segments/edgetts/cantonese/seg_edgetts_cantonese_zh-HK-WanLungNeural_SC-001244_02.wav,edgetts,cantonese,SC-001244,zh-HK-WanLungNeural,0.2419,隐蔽(难检)
data/redteam/factory/segments/edgetts/minnan/seg_edgetts_minnan_zh-TW-HsiaoChenNeural_SC-001215_01.wav,edgetts,minnan,SC-001215,zh-TW-HsiaoChenNeural,0.2421,隐蔽(难检)
data/redteam/factory/segments/edgetts/minnan/seg_edgetts_minnan_zh-TW-HsiaoChenNeural_SC-001513_00.wav,edgetts,minnan,SC-001513,zh-TW-HsiaoChenNeural,0.2422,隐蔽(难检)
data/redteam/factory/segments/edgetts/minnan/seg_edgetts_minnan_zh-TW-HsiaoChenNeural_SC-001383_02.wav,edgetts,minnan,SC-001383,zh-TW-HsiaoChenNeural,0.2423,隐蔽(难检)
data/redteam/factory/segments/edgetts/mandarin/seg_edgetts_mandarin_zh-CN-YunjianNeural_SC-000480_03.wav,edgetts,mandarin,SC-000480,zh-CN-YunjianNeural,0.2429,隐蔽(难检)
data/redteam/factory/segments/edgetts/minnan/seg_edgetts_minnan_zh-TW-YunJheNeural_SC-000719_01.wav,edgetts,minnan,SC-000719,zh-TW-YunJheNeural,0.2432,隐蔽(难检)
data/redteam/factory/segments/sovits_api/cantonese/seg_sovits_api_cantonese_ref_boot_edgetts_cantonese_zh-HK-HiuMaanNeural_SC-000005_seg8s_SC-000228_00.wav,sovits_api,cantonese,SC-000228,ref_boot_edgetts_cantonese_zh-HK-HiuMaanNeural_SC-000005_seg8s,0.2432,隐蔽(难检)
data/redteam/factory/segments/edgetts/dongbei/seg_edgetts_dongbei_zh-CN-liaoning-XiaobeiNeural_SC-001128_03.wav,edgetts,dongbei,SC-001128,zh-CN-liaoning-XiaobeiNeural,0.2433,隐蔽(难检)
data/redteam/factory/segments/edgetts/minnan/seg_edgetts_minnan_zh-TW-YunJheNeural_SC-000816_02.wav,edgetts,minnan,SC-000816,zh-TW-YunJheNeural,0.2434,隐蔽(难检)
data/redteam/factory/segments/edgetts/henan/seg_edgetts_henan_zh-CN-shaanxi-XiaoniNeural_SC-001106_00.wav,edgetts,henan,SC-001106,zh-CN-shaanxi-XiaoniNeural,0.2437,隐蔽(难检)
data/redteam/factory/segments/edgetts/cantonese/seg_edgetts_cantonese_zh-HK-WanLungNeural_SC-000666_01.wav,edgetts,cantonese,SC-000666,zh-HK-WanLungNeural,0.2438,隐蔽(难检)
data/redteam/factory/segments/edgetts/sichuan/seg_edgetts_sichuan_zh-CN-XiaoxiaoNeural_SC-000353_02.wav,edgetts,sichuan,SC-000353,zh-CN-XiaoxiaoNeural,0.2441,隐蔽(难检)
data/redteam/factory/segments/edgetts/henan/seg_edgetts_henan_zh-CN-shaanxi-XiaoniNeural_SC-000499_03.wav,edgetts,henan,SC-000499,zh-CN-shaanxi-XiaoniNeural,0.2448,隐蔽(难检)
data/redteam/factory/segments/edgetts/mandarin/seg_edgetts_mandarin_zh-CN-YunxiNeural_SC-000036_02.wav,edgetts,mandarin,SC-000036,zh-CN-YunxiNeural,0.2451,隐蔽(难检)
data/redteam/factory/segments/edgetts/minnan/seg_edgetts_minnan_zh-TW-HsiaoChenNeural_SC-001032_03.wav,edgetts,minnan,SC-001032,zh-TW-HsiaoChenNeural,0.2451,隐蔽(难检)
data/redteam/factory/segments/edgetts/mandarin/seg_edgetts_mandarin_zh-CN-XiaoxiaoNeural_SC-000204_01.wav,edgetts,mandarin,SC-000204,zh-CN-XiaoxiaoNeural,0.2451,隐蔽(难检)
data/redteam/factory/segments/edgetts/dongbei/seg_edgetts_dongbei_zh-CN-liaoning-XiaobeiNeural_SC-001362_04.wav,edgetts,dongbei,SC-001362,zh-CN-liaoning-XiaobeiNeural,0.2451,隐蔽(难检)
data/redteam/factory/segments/edgetts/mandarin/seg_edgetts_mandarin_zh-CN-XiaoxiaoNeural_SC-000444_01.wav,edgetts,mandarin,SC-000444,zh-CN-XiaoxiaoNeural,0.2452,隐蔽(难检)
data/redteam/factory/segments/edgetts/mandarin/seg_edgetts_mandarin_zh-CN-XiaoxiaoNeural_SC-000347_00.wav,edgetts,mandarin,SC-000347,zh-CN-XiaoxiaoNeural,0.2455,隐蔽(难检)
data/redteam/factory/segments/edgetts/henan/seg_edgetts_henan_zh-CN-shaanxi-XiaoniNeural_SC-000623_02.wav,edgetts,henan,SC-000623,zh-CN-shaanxi-XiaoniNeural,0.2455,隐蔽(难检)
data/redteam/factory/segments/edgetts/minnan/seg_edgetts_minnan_zh-TW-HsiaoChenNeural_SC-000685_02.wav,edgetts,minnan,SC-000685,zh-TW-HsiaoChenNeural,0.2458,隐蔽(难检)
data/redteam/factory/segments/edgetts/minnan/seg_edgetts_minnan_zh-TW-HsiaoChenNeural_SC-000339_02.wav,edgetts,minnan,SC-000339,zh-TW-HsiaoChenNeural,0.2459,隐蔽(难检)
data/redteam/factory/segments/edgetts/mandarin/seg_edgetts_mandarin_zh-CN-YunjianNeural_SC-000455_01.wav,edgetts,mandarin,SC-000455,zh-CN-YunjianNeural,0.246,隐蔽(难检)
data/redteam/factory/segments/edgetts/minnan/seg_edgetts_minnan_zh-TW-HsiaoChenNeural_SC-000943_04.wav,edgetts,minnan,SC-000943,zh-TW-HsiaoChenNeural,0.246,隐蔽(难检)
data/redteam/factory/segments/edgetts/cantonese/seg_edgetts_cantonese_zh-HK-WanLungNeural_SC-000490_01.wav,edgetts,cantonese,SC-000490,zh-HK-WanLungNeural,0.2461,隐蔽(难检)
data/redteam/factory/segments/edgetts/minnan/seg_edgetts_minnan_zh-TW-HsiaoChenNeural_SC-000940_00.wav,edgetts,minnan,SC-000940,zh-TW-HsiaoChenNeural,0.2464,隐蔽(难检)
data/redteam/factory/segments/edgetts/minnan/seg_edgetts_minnan_zh-TW-HsiaoChenNeural_SC-001151_00.wav,edgetts,minnan,SC-001151,zh-TW-HsiaoChenNeural,0.2464,隐蔽(难检)
data/redteam/factory/segments/edgetts/cantonese/seg_edgetts_cantonese_zh-HK-WanLungNeural_SC-000666_04.wav,edgetts,cantonese,SC-000666,zh-HK-WanLungNeural,0.2465,隐蔽(难检)
data/redteam/factory/segments/edgetts/minnan/seg_edgetts_minnan_zh-TW-HsiaoChenNeural_SC-000940_03.wav,edgetts,minnan,SC-000940,zh-TW-HsiaoChenNeural,0.2465,隐蔽(难检)
data/redteam/factory/segments/edgetts/dongbei/seg_edgetts_dongbei_zh-CN-liaoning-XiaobeiNeural_SC-001363_02.wav,edgetts,dongbei,SC-001363,zh-CN-liaoning-XiaobeiNeural,0.2465,隐蔽(难检)
data/redteam/factory/segments/edgetts/sichuan/seg_edgetts_sichuan_zh-CN-YunxiNeural_SC-001451_03.wav,edgetts,sichuan,SC-001451,zh-CN-YunxiNeural,0.2467,隐蔽(难检)
data/redteam/factory/segments/edgetts/cantonese/seg_edgetts_cantonese_zh-HK-WanLungNeural_SC-000689_02.wav,edgetts,cantonese,SC-000689,zh-HK-WanLungNeural,0.247,隐蔽(难检)
data/redteam/factory/segments/sovits_api/mandarin/seg_sovits_api_mandarin_ref_boot_edgetts_mandarin_zh-CN-XiaoxiaoNeural_SC-000007_seg8s_SC-000036_04.wav,sovits_api,mandarin,SC-000036,ref_boot_edgetts_mandarin_zh-CN-XiaoxiaoNeural_SC-000007_seg8s,0.2471,隐蔽(难检)
data/redteam/factory/segments/edgetts/sichuan/seg_edgetts_sichuan_zh-CN-XiaoxiaoNeural_SC-000457_01.wav,edgetts,sichuan,SC-000457,zh-CN-XiaoxiaoNeural,0.2472,隐蔽(难检)
data/redteam/factory/segments/sovits_api/henan/seg_sovits_api_henan_ref_boot_edgetts_henan_zh-CN-shaanxi-XiaoniNeural_SC-000009_seg8s_SC-000017_13.wav,sovits_api,henan,SC-000017,ref_boot_edgetts_henan_zh-CN-shaanxi-XiaoniNeural_SC-000009_seg8s,0.2472,隐蔽(难检)
data/redteam/factory/segments/edgetts/minnan/seg_edgetts_minnan_zh-TW-HsiaoChenNeural_SC-001112_02.wav,edgetts,minnan,SC-001112,zh-TW-HsiaoChenNeural,0.2477,隐蔽(难检)
data/redteam/factory/segments/edgetts/dongbei/seg_edgetts_dongbei_zh-CN-liaoning-XiaobeiNeural_SC-000656_00.wav,edgetts,dongbei,SC-000656,zh-CN-liaoning-XiaobeiNeural,0.2478,隐蔽(难检)
data/redteam/factory/segments/sovits_api/sichuan/seg_sovits_api_sichuan_ref_boot_edgetts_sichuan_zh-CN-YunxiNeural_SC-000010_SC-000115_01.wav,sovits_api,sichuan,SC-000115,ref_boot_edgetts_sichuan_zh-CN-YunxiNeural_SC-000010,0.2479,隐蔽(难检)
data/redteam/factory/segments/edgetts/minnan/seg_edgetts_minnan_zh-TW-HsiaoChenNeural_SC-000943_01.wav,edgetts,minnan,SC-000943,zh-TW-HsiaoChenNeural,0.248,隐蔽(难检)
data/redteam/factory/segments/edgetts/dongbei/seg_edgetts_dongbei_zh-CN-liaoning-XiaobeiNeural_SC-000349_00.wav,edgetts,dongbei,SC-000349,zh-CN-liaoning-XiaobeiNeural,0.2482,隐蔽(难检)
data/redteam/factory/segments/edgetts/dongbei/seg_edgetts_dongbei_zh-CN-liaoning-XiaobeiNeural_SC-001686_02.wav,edgetts,dongbei,SC-001686,zh-CN-liaoning-XiaobeiNeural,0.2484,隐蔽(难检)
data/redteam/factory/segments/edgetts/sichuan/seg_edgetts_sichuan_zh-CN-XiaoxiaoNeural_SC-000552_01.wav,edgetts,sichuan,SC-000552,zh-CN-XiaoxiaoNeural,0.2484,隐蔽(难检)
data/redteam/factory/segments/edgetts/henan/seg_edgetts_henan_zh-CN-shaanxi-XiaoniNeural_SC-000567_04.wav,edgetts,henan,SC-000567,zh-CN-shaanxi-XiaoniNeural,0.2485,隐蔽(难检)
data/redteam/factory/segments/edgetts/minnan/seg_edgetts_minnan_zh-TW-HsiaoChenNeural_SC-000881_02.wav,edgetts,minnan,SC-000881,zh-TW-HsiaoChenNeural,0.2485,隐蔽(难检)
data/redteam/factory/segments/edgetts/cantonese/seg_edgetts_cantonese_zh-HK-WanLungNeural_SC-000103_02.wav,edgetts,cantonese,SC-000103,zh-HK-WanLungNeural,0.2488,隐蔽(难检)
data/redteam/factory/segments/edgetts/mandarin/seg_edgetts_mandarin_zh-CN-YunxiNeural_SC-000449_01.wav,edgetts,mandarin,SC-000449,zh-CN-YunxiNeural,0.249,隐蔽(难检)
data/redteam/factory/segments/edgetts/sichuan/seg_edgetts_sichuan_zh-CN-XiaoxiaoNeural_SC-000436_03.wav,edgetts,sichuan,SC-000436,zh-CN-XiaoxiaoNeural,0.2493,隐蔽(难检)
data/redteam/factory/segments/edgetts/mandarin/seg_edgetts_mandarin_zh-CN-XiaoxiaoNeural_SC-000507_00.wav,edgetts,mandarin,SC-000507,zh-CN-XiaoxiaoNeural,0.2495,隐蔽(难检)
data/redteam/factory/segments/edgetts/minnan/seg_edgetts_minnan_zh-TW-HsiaoChenNeural_SC-001006_03.wav,edgetts,minnan,SC-001006,zh-TW-HsiaoChenNeural,0.2495,隐蔽(难检)
data/redteam/factory/segments/sovits_api/minnan/seg_sovits_api_minnan_ref_boot_edgetts_minnan_zh-TW-HsiaoChenNeural_SC-000001_SC-000339_00.wav,sovits_api,minnan,SC-000339,ref_boot_edgetts_minnan_zh-TW-HsiaoChenNeural_SC-000001,0.2495,隐蔽(难检)
data/redteam/factory/segments/edgetts/minnan/seg_edgetts_minnan_zh-TW-YunJheNeural_SC-000685_03.wav,edgetts,minnan,SC-000685,zh-TW-YunJheNeural,0.2496,隐蔽(难检)
data/redteam/factory/segments/edgetts/dongbei/seg_edgetts_dongbei_zh-CN-liaoning-XiaobeiNeural_SC-001686_00.wav,edgetts,dongbei,SC-001686,zh-CN-liaoning-XiaobeiNeural,0.2497,隐蔽(难检)
data/redteam/factory/segments/edgetts/henan/seg_edgetts_henan_zh-CN-shaanxi-XiaoniNeural_SC-000906_02.wav,edgetts,henan,SC-000906,zh-CN-shaanxi-XiaoniNeural,0.2497,隐蔽(难检)
data/redteam/factory/segments/edgetts/minnan/seg_edgetts_minnan_zh-TW-HsiaoChenNeural_SC-001519_03.wav,edgetts,minnan,SC-001519,zh-TW-HsiaoChenNeural,0.2498,隐蔽(难检)
data/redteam/factory/segments/sovits_api/sichuan/seg_sovits_api_sichuan_ref_boot_edgetts_sichuan_zh-CN-XiaoxiaoNeural_SC-000010_SC-000115_01.wav,sovits_api,sichuan,SC-000115,ref_boot_edgetts_sichuan_zh-CN-XiaoxiaoNeural_SC-000010,0.2499,隐蔽(难检)
data/redteam/factory/segments/edgetts/mandarin/seg_edgetts_mandarin_zh-CN-XiaoxiaoNeural_SC-000341_04.wav,edgetts,mandarin,SC-000341,zh-CN-XiaoxiaoNeural,0.2501,隐蔽(难检)
data/redteam/factory/segments/edgetts/minnan/seg_edgetts_minnan_zh-TW-HsiaoChenNeural_SC-001242_01.wav,edgetts,minnan,SC-001242,zh-TW-HsiaoChenNeural,0.2503,隐蔽(难检)
data/redteam/factory/segments/edgetts/dongbei/seg_edgetts_dongbei_zh-CN-liaoning-XiaobeiNeural_SC-001686_03.wav,edgetts,dongbei,SC-001686,zh-CN-liaoning-XiaobeiNeural,0.2503,隐蔽(难检)
data/redteam/factory/segments/edgetts/minnan/seg_edgetts_minnan_zh-TW-HsiaoChenNeural_SC-001267_04.wav,edgetts,minnan,SC-001267,zh-TW-HsiaoChenNeural,0.2506,隐蔽(难检)
data/redteam/factory/segments/edgetts/henan/seg_edgetts_henan_zh-CN-shaanxi-XiaoniNeural_SC-001368_01.wav,edgetts,henan,SC-001368,zh-CN-shaanxi-XiaoniNeural,0.2506,隐蔽(难检)
data/redteam/factory/segments/edgetts/minnan/seg_edgetts_minnan_zh-TW-YunJheNeural_SC-001267_03.wav,edgetts,minnan,SC-001267,zh-TW-YunJheNeural,0.2507,隐蔽(难检)
data/redteam/factory/segments/edgetts/cantonese/seg_edgetts_cantonese_zh-HK-WanLungNeural_SC-000998_02.wav,edgetts,cantonese,SC-000998,zh-HK-WanLungNeural,0.2509,隐蔽(难检)
data/redteam/factory/segments/edgetts/cantonese/seg_edgetts_cantonese_zh-HK-WanLungNeural_SC-001244_03.wav,edgetts,cantonese,SC-001244,zh-HK-WanLungNeural,0.2509,隐蔽(难检)
data/redteam/factory/segments/edgetts/minnan/seg_edgetts_minnan_zh-TW-HsiaoChenNeural_SC-001383_03.wav,edgetts,minnan,SC-001383,zh-TW-HsiaoChenNeural,0.251,隐蔽(难检)
data/redteam/factory/segments/edgetts/dongbei/seg_edgetts_dongbei_zh-CN-liaoning-XiaobeiNeural_SC-000349_03.wav,edgetts,dongbei,SC-000349,zh-CN-liaoning-XiaobeiNeural,0.2512,隐蔽(难检)
data/redteam/factory/segments/edgetts/cantonese/seg_edgetts_cantonese_zh-HK-WanLungNeural_SC-001080_03.wav,edgetts,cantonese,SC-001080,zh-HK-WanLungNeural,0.2515,隐蔽(难检)
data/redteam/factory/segments/edgetts/dongbei/seg_edgetts_dongbei_zh-CN-liaoning-XiaobeiNeural_SC-000658_00.wav,edgetts,dongbei,SC-000658,zh-CN-liaoning-XiaobeiNeural,0.2516,隐蔽(难检)
data/redteam/factory/segments/sovits_api/minnan/seg_sovits_api_minnan_ref_boot_edgetts_minnan_zh-TW-YunJheNeural_SC-000001_SC-000339_00.wav,sovits_api,minnan,SC-000339,ref_boot_edgetts_minnan_zh-TW-YunJheNeural_SC-000001,0.2517,隐蔽(难检)
data/redteam/factory/segments/edgetts/mandarin/seg_edgetts_mandarin_zh-CN-XiaoxiaoNeural_SC-000017_02.wav,edgetts,mandarin,SC-000017,zh-CN-XiaoxiaoNeural,0.2519,隐蔽(难检)
data/redteam/factory/segments/edgetts/sichuan/seg_edgetts_sichuan_zh-CN-XiaoxiaoNeural_SC-000017_02.wav,edgetts,sichuan,SC-000017,zh-CN-XiaoxiaoNeural,0.2519,隐蔽(难检)
data/redteam/factory/segments/edgetts/cantonese/seg_edgetts_cantonese_zh-HK-WanLungNeural_SC-000699_03.wav,edgetts,cantonese,SC-000699,zh-HK-WanLungNeural,0.2519,隐蔽(难检)
data/redteam/factory/segments/edgetts/minnan/seg_edgetts_minnan_zh-TW-HsiaoChenNeural_SC-001215_06.wav,edgetts,minnan,SC-001215,zh-TW-HsiaoChenNeural,0.2521,隐蔽(难检)
data/redteam/factory/segments/edgetts/minnan/seg_edgetts_minnan_zh-TW-HsiaoChenNeural_SC-001006_01.wav,edgetts,minnan,SC-001006,zh-TW-HsiaoChenNeural,0.2521,隐蔽(难检)
data/redteam/factory/segments/edgetts/dongbei/seg_edgetts_dongbei_zh-CN-liaoning-XiaobeiNeural_SC-001303_01.wav,edgetts,dongbei,SC-001303,zh-CN-liaoning-XiaobeiNeural,0.2521,隐蔽(难检)
data/redteam/factory/segments/sovits_api/henan/seg_sovits_api_henan_ref_boot_edgetts_henan_zh-CN-shaanxi-XiaoniNeural_SC-000009_seg8s_SC-000139_02.wav,sovits_api,henan,SC-000139,ref_boot_edgetts_henan_zh-CN-shaanxi-XiaoniNeural_SC-000009_seg8s,0.2521,隐蔽(难检)
data/redteam/factory/segments/edgetts/dongbei/seg_edgetts_dongbei_zh-CN-liaoning-XiaobeiNeural_SC-000349_02.wav,edgetts,dongbei,SC-000349,zh-CN-liaoning-XiaobeiNeural,0.2523,隐蔽(难检)
data/redteam/factory/segments/edgetts/cantonese/seg_edgetts_cantonese_zh-HK-WanLungNeural_SC-001199_00.wav,edgetts,cantonese,SC-001199,zh-HK-WanLungNeural,0.2523,隐蔽(难检)
data/redteam/factory/segments/edgetts/henan/seg_edgetts_henan_zh-CN-shaanxi-XiaoniNeural_SC-000024_01.wav,edgetts,henan,SC-000024,zh-CN-shaanxi-XiaoniNeural,0.2529,隐蔽(难检)
data/redteam/factory/segments/edgetts/sichuan/seg_edgetts_sichuan_zh-CN-XiaoxiaoNeural_SC-000353_01.wav,edgetts,sichuan,SC-000353,zh-CN-XiaoxiaoNeural,0.253,隐蔽(难检)
data/redteam/factory/segments/edgetts/sichuan/seg_edgetts_sichuan_zh-CN-YunxiNeural_SC-000756_01.wav,edgetts,sichuan,SC-000756,zh-CN-YunxiNeural,0.253,隐蔽(难检)
data/redteam/factory/segments/edgetts/henan/seg_edgetts_henan_zh-CN-shaanxi-XiaoniNeural_SC-000978_02.wav,edgetts,henan,SC-000978,zh-CN-shaanxi-XiaoniNeural,0.253,隐蔽(难检)
data/redteam/factory/segments/edgetts/henan/seg_edgetts_henan_zh-CN-shaanxi-XiaoniNeural_SC-001566_03.wav,edgetts,henan,SC-001566,zh-CN-shaanxi-XiaoniNeural,0.2532,隐蔽(难检)
data/redteam/factory/segments/sovits_api/cantonese/seg_sovits_api_cantonese_ref_boot_edgetts_cantonese_zh-HK-WanLungNeural_SC-000005_seg8s_SC-000116_01.wav,sovits_api,cantonese,SC-000116,ref_boot_edgetts_cantonese_zh-HK-WanLungNeural_SC-000005_seg8s,0.2532,隐蔽(难检)
data/redteam/factory/segments/edgetts/minnan/seg_edgetts_minnan_zh-TW-HsiaoChenNeural_SC-001110_01.wav,edgetts,minnan,SC-001110,zh-TW-HsiaoChenNeural,0.2534,隐蔽(难检)
data/redteam/factory/segments/edgetts/cantonese/seg_edgetts_cantonese_zh-HK-WanLungNeural_SC-000547_01.wav,edgetts,cantonese,SC-000547,zh-HK-WanLungNeural,0.2536,隐蔽(难检)
data/redteam/factory/segments/sovits_api/mandarin/seg_sovits_api_mandarin_ref_boot_edgetts_mandarin_zh-CN-YunjianNeural_SC-000007_seg8s_SC-000069_01.wav,sovits_api,mandarin,SC-000069,ref_boot_edgetts_mandarin_zh-CN-YunjianNeural_SC-000007_seg8s,0.2539,隐蔽(难检)
data/redteam/factory/segments/edgetts/dongbei/seg_edgetts_dongbei_zh-CN-liaoning-XiaobeiNeural_SC-001389_01.wav,edgetts,dongbei,SC-001389,zh-CN-liaoning-XiaobeiNeural,0.2541,隐蔽(难检)
data/redteam/factory/segments/edgetts/dongbei/seg_edgetts_dongbei_zh-CN-liaoning-XiaobeiNeural_SC-000343_00.wav,edgetts,dongbei,SC-000343,zh-CN-liaoning-XiaobeiNeural,0.2543,隐蔽(难检)
data/redteam/factory/segments/edgetts/minnan/seg_edgetts_minnan_zh-TW-HsiaoChenNeural_SC-001006_00.wav,edgetts,minnan,SC-001006,zh-TW-HsiaoChenNeural,0.2543,隐蔽(难检)
data/redteam/factory/segments/edgetts/cantonese/seg_edgetts_cantonese_zh-HK-WanLungNeural_SC-000786_03.wav,edgetts,cantonese,SC-000786,zh-HK-WanLungNeural,0.2548,隐蔽(难检)
data/redteam/factory/segments/edgetts/minnan/seg_edgetts_minnan_zh-TW-HsiaoChenNeural_SC-001180_04.wav,edgetts,minnan,SC-001180,zh-TW-HsiaoChenNeural,0.2548,隐蔽(难检)
data/redteam/factory/segments/edgetts/mandarin/seg_edgetts_mandarin_zh-CN-YunjianNeural_SC-000449_01.wav,edgetts,mandarin,SC-000449,zh-CN-YunjianNeural,0.2552,隐蔽(难检)
data/redteam/factory/segments/sovits_api/sichuan/seg_sovits_api_sichuan_ref_boot_edgetts_sichuan_zh-CN-XiaoxiaoNeural_SC-000010_SC-000042_00.wav,sovits_api,sichuan,SC-000042,ref_boot_edgetts_sichuan_zh-CN-XiaoxiaoNeural_SC-000010,0.2552,隐蔽(难检)
data/redteam/factory/segments/edgetts/cantonese/seg_edgetts_cantonese_zh-HK-WanLungNeural_SC-001042_03.wav,edgetts,cantonese,SC-001042,zh-HK-WanLungNeural,0.2556,隐蔽(难检)
data/redteam/factory/segments/edgetts/dongbei/seg_edgetts_dongbei_zh-CN-liaoning-XiaobeiNeural_SC-001531_02.wav,edgetts,dongbei,SC-001531,zh-CN-liaoning-XiaobeiNeural,0.2557,隐蔽(难检)
data/redteam/factory/segments/edgetts/mandarin/seg_edgetts_mandarin_zh-CN-YunxiNeural_SC-000036_04.wav,edgetts,mandarin,SC-000036,zh-CN-YunxiNeural,0.2561,隐蔽(难检)
data/redteam/factory/segments/edgetts/sichuan/seg_edgetts_sichuan_zh-CN-YunxiNeural_SC-001028_01.wav,edgetts,sichuan,SC-001028,zh-CN-YunxiNeural,0.2561,隐蔽(难检)
data/redteam/factory/segments/edgetts/minnan/seg_edgetts_minnan_zh-TW-HsiaoChenNeural_SC-000218_00.wav,edgetts,minnan,SC-000218,zh-TW-HsiaoChenNeural,0.2564,隐蔽(难检)
data/redteam/factory/segments/edgetts/cantonese/seg_edgetts_cantonese_zh-HK-WanLungNeural_SC-001080_01.wav,edgetts,cantonese,SC-001080,zh-HK-WanLungNeural,0.2564,隐蔽(难检)
data/redteam/factory/segments/edgetts/henan/seg_edgetts_henan_zh-CN-shaanxi-XiaoniNeural_SC-001123_04.wav,edgetts,henan,SC-001123,zh-CN-shaanxi-XiaoniNeural,0.2565,隐蔽(难检)
data/redteam/factory/segments/edgetts/minnan/seg_edgetts_minnan_zh-TW-HsiaoChenNeural_SC-000965_02.wav,edgetts,minnan,SC-000965,zh-TW-HsiaoChenNeural,0.2565,隐蔽(难检)
data/redteam/factory/segments/edgetts/minnan/seg_edgetts_minnan_zh-TW-YunJheNeural_SC-000339_02.wav,edgetts,minnan,SC-000339,zh-TW-YunJheNeural,0.2566,隐蔽(难检)
data/redteam/factory/segments/edgetts/dongbei/seg_edgetts_dongbei_zh-CN-liaoning-XiaobeiNeural_SC-000405_01.wav,edgetts,dongbei,SC-000405,zh-CN-liaoning-XiaobeiNeural,0.2566,隐蔽(难检)
data/redteam/factory/segments/edgetts/minnan/seg_edgetts_minnan_zh-TW-YunJheNeural_SC-001383_00.wav,edgetts,minnan,SC-001383,zh-TW-YunJheNeural,0.2566,隐蔽(难检)
data/redteam/factory/segments/edgetts/minnan/seg_edgetts_minnan_zh-TW-HsiaoChenNeural_SC-001151_03.wav,edgetts,minnan,SC-001151,zh-TW-HsiaoChenNeural,0.2566,隐蔽(难检)
data/redteam/factory/segments/sovits_api/minnan/seg_sovits_api_minnan_ref_boot_edgetts_minnan_zh-TW-YunJheNeural_SC-000001_SC-000056_01.wav,sovits_api,minnan,SC-000056,ref_boot_edgetts_minnan_zh-TW-YunJheNeural_SC-000001,0.2566,隐蔽(难检)
data/redteam/factory/segments/edgetts/mandarin/seg_edgetts_mandarin_zh-CN-XiaoxiaoNeural_SC-000017_04.wav,edgetts,mandarin,SC-000017,zh-CN-XiaoxiaoNeural,0.2567,隐蔽(难检)
data/redteam/factory/segments/edgetts/sichuan/seg_edgetts_sichuan_zh-CN-XiaoxiaoNeural_SC-000017_04.wav,edgetts,sichuan,SC-000017,zh-CN-XiaoxiaoNeural,0.2567,隐蔽(难检)
data/redteam/factory/segments/edgetts/minnan/seg_edgetts_minnan_zh-TW-HsiaoChenNeural_SC-000017_10.wav,edgetts,minnan,SC-000017,zh-TW-HsiaoChenNeural,0.2569,隐蔽(难检)
data/redteam/factory/segments/edgetts/minnan/seg_edgetts_minnan_zh-TW-HsiaoChenNeural_SC-000466_05.wav,edgetts,minnan,SC-000466,zh-TW-HsiaoChenNeural,0.2569,隐蔽(难检)
data/redteam/factory/segments/edgetts/mandarin/seg_edgetts_mandarin_zh-CN-YunxiNeural_SC-000017_01.wav,edgetts,mandarin,SC-000017,zh-CN-YunxiNeural,0.2571,隐蔽(难检)
data/redteam/factory/segments/edgetts/sichuan/seg_edgetts_sichuan_zh-CN-YunxiNeural_SC-000017_01.wav,edgetts,sichuan,SC-000017,zh-CN-YunxiNeural,0.2571,隐蔽(难检)
data/redteam/factory/segments/sovits_api/sichuan/seg_sovits_api_sichuan_ref_boot_edgetts_sichuan_zh-CN-XiaoxiaoNeural_SC-000010_SC-000042_02.wav,sovits_api,sichuan,SC-000042,ref_boot_edgetts_sichuan_zh-CN-XiaoxiaoNeural_SC-000010,0.2572,隐蔽(难检)
data/redteam/factory/segments/sovits_api/mandarin/seg_sovits_api_mandarin_ref_boot_edgetts_mandarin_zh-CN-XiaoxiaoNeural_SC-000007_seg8s_SC-000037_02.wav,sovits_api,mandarin,SC-000037,ref_boot_edgetts_mandarin_zh-CN-XiaoxiaoNeural_SC-000007_seg8s,0.2573,隐蔽(难检)
data/redteam/factory/segments/edgetts/henan/seg_edgetts_henan_zh-CN-shaanxi-XiaoniNeural_SC-000621_01.wav,edgetts,henan,SC-000621,zh-CN-shaanxi-XiaoniNeural,0.2574,隐蔽(难检)
data/redteam/factory/segments/edgetts/minnan/seg_edgetts_minnan_zh-TW-HsiaoChenNeural_SC-001513_03.wav,edgetts,minnan,SC-001513,zh-TW-HsiaoChenNeural,0.2575,隐蔽(难检)
data/redteam/factory/segments/edgetts/henan/seg_edgetts_henan_zh-CN-shaanxi-XiaoniNeural_SC-001510_03.wav,edgetts,henan,SC-001510,zh-CN-shaanxi-XiaoniNeural,0.2576,隐蔽(难检)
data/redteam/factory/segments/edgetts/sichuan/seg_edgetts_sichuan_zh-CN-YunxiNeural_SC-000812_03.wav,edgetts,sichuan,SC-000812,zh-CN-YunxiNeural,0.2577,隐蔽(难检)
data/redteam/factory/segments/edgetts/mandarin/seg_edgetts_mandarin_zh-CN-YunxiNeural_SC-000036_01.wav,edgetts,mandarin,SC-000036,zh-CN-YunxiNeural,0.2579,隐蔽(难检)
data/redteam/factory/segments/edgetts/dongbei/seg_edgetts_dongbei_zh-CN-liaoning-XiaobeiNeural_SC-001128_04.wav,edgetts,dongbei,SC-001128,zh-CN-liaoning-XiaobeiNeural,0.2579,隐蔽(难检)
data/redteam/factory/segments/edgetts/mandarin/seg_edgetts_mandarin_zh-CN-YunjianNeural_SC-000347_03.wav,edgetts,mandarin,SC-000347,zh-CN-YunjianNeural,0.2584,隐蔽(难检)
data/redteam/factory/segments/edgetts/mandarin/seg_edgetts_mandarin_zh-CN-YunxiNeural_SC-000480_02.wav,edgetts,mandarin,SC-000480,zh-CN-YunxiNeural,0.2586,隐蔽(难检)
data/redteam/factory/segments/edgetts/sichuan/seg_edgetts_sichuan_zh-CN-XiaoxiaoNeural_SC-000457_06.wav,edgetts,sichuan,SC-000457,zh-CN-XiaoxiaoNeural,0.2591,隐蔽(难检)
data/redteam/factory/segments/edgetts/minnan/seg_edgetts_minnan_zh-TW-HsiaoChenNeural_SC-000965_03.wav,edgetts,minnan,SC-000965,zh-TW-HsiaoChenNeural,0.2593,隐蔽(难检)
data/redteam/factory/segments/edgetts/cantonese/seg_edgetts_cantonese_zh-HK-WanLungNeural_SC-000245_06.wav,edgetts,cantonese,SC-000245,zh-HK-WanLungNeural,0.2594,隐蔽(难检)
data/redteam/factory/segments/edgetts/minnan/seg_edgetts_minnan_zh-TW-YunJheNeural_SC-000936_00.wav,edgetts,minnan,SC-000936,zh-TW-YunJheNeural,0.2595,隐蔽(难检)
data/redteam/factory/segments/edgetts/minnan/seg_edgetts_minnan_zh-TW-YunJheNeural_SC-000936_01.wav,edgetts,minnan,SC-000936,zh-TW-YunJheNeural,0.2599,隐蔽(难检)
data/redteam/factory/segments/edgetts/dongbei/seg_edgetts_dongbei_zh-CN-liaoning-XiaobeiNeural_SC-001545_04.wav,edgetts,dongbei,SC-001545,zh-CN-liaoning-XiaobeiNeural,0.2599,隐蔽(难检)
data/redteam/factory/segments/edgetts/minnan/seg_edgetts_minnan_zh-TW-HsiaoChenNeural_SC-000653_02.wav,edgetts,minnan,SC-000653,zh-TW-HsiaoChenNeural,0.26,隐蔽(难检)
data/redteam/factory/segments/edgetts/cantonese/seg_edgetts_cantonese_zh-HK-WanLungNeural_SC-000711_02.wav,edgetts,cantonese,SC-000711,zh-HK-WanLungNeural,0.2601,隐蔽(难检)
data/redteam/factory/segments/edgetts/dongbei/seg_edgetts_dongbei_zh-CN-liaoning-XiaobeiNeural_SC-001645_03.wav,edgetts,dongbei,SC-001645,zh-CN-liaoning-XiaobeiNeural,0.2601,隐蔽(难检)
data/redteam/factory/segments/edgetts/sichuan/seg_edgetts_sichuan_zh-CN-XiaoxiaoNeural_SC-000986_02.wav,edgetts,sichuan,SC-000986,zh-CN-XiaoxiaoNeural,0.2603,隐蔽(难检)
data/redteam/factory/segments/edgetts/minnan/seg_edgetts_minnan_zh-TW-YunJheNeural_SC-000017_00.wav,edgetts,minnan,SC-000017,zh-TW-YunJheNeural,0.2606,隐蔽(难检)
data/redteam/factory/segments/sovits_api/mandarin/seg_sovits_api_mandarin_ref_boot_edgetts_mandarin_zh-CN-XiaoxiaoNeural_SC-000007_seg8s_SC-000036_00.wav,sovits_api,mandarin,SC-000036,ref_boot_edgetts_mandarin_zh-CN-XiaoxiaoNeural_SC-000007_seg8s,0.2612,隐蔽(难检)
data/redteam/factory/segments/sovits_api/minnan/seg_sovits_api_minnan_ref_boot_edgetts_minnan_zh-TW-YunJheNeural_SC-000001_SC-000218_00.wav,sovits_api,minnan,SC-000218,ref_boot_edgetts_minnan_zh-TW-YunJheNeural_SC-000001,0.2612,隐蔽(难检)
data/redteam/factory/segments/edgetts/mandarin/seg_edgetts_mandarin_zh-CN-YunxiNeural_SC-000235_02.wav,edgetts,mandarin,SC-000235,zh-CN-YunxiNeural,0.2613,隐蔽(难检)
data/redteam/factory/segments/sovits_api/henan/seg_sovits_api_henan_ref_boot_edgetts_henan_zh-CN-shaanxi-XiaoniNeural_SC-000009_seg8s_SC-000017_00.wav,sovits_api,henan,SC-000017,ref_boot_edgetts_henan_zh-CN-shaanxi-XiaoniNeural_SC-000009_seg8s,0.2614,隐蔽(难检)
data/redteam/factory/segments/edgetts/henan/seg_edgetts_henan_zh-CN-shaanxi-XiaoniNeural_SC-000773_01.wav,edgetts,henan,SC-000773,zh-CN-shaanxi-XiaoniNeural,0.2615,隐蔽(难检)
data/redteam/factory/segments/edgetts/dongbei/seg_edgetts_dongbei_zh-CN-liaoning-XiaobeiNeural_SC-001635_03.wav,edgetts,dongbei,SC-001635,zh-CN-liaoning-XiaobeiNeural,0.2615,隐蔽(难检)
data/redteam/factory/segments/edgetts/minnan/seg_edgetts_minnan_zh-TW-HsiaoChenNeural_SC-001267_03.wav,edgetts,minnan,SC-001267,zh-TW-HsiaoChenNeural,0.2615,隐蔽(难检)
data/redteam/factory/segments/edgetts/minnan/seg_edgetts_minnan_zh-TW-HsiaoChenNeural_SC-000970_01.wav,edgetts,minnan,SC-000970,zh-TW-HsiaoChenNeural,0.2616,隐蔽(难检)
data/redteam/factory/segments/edgetts/cantonese/seg_edgetts_cantonese_zh-HK-HiuMaanNeural_SC-000017_01.wav,edgetts,cantonese,SC-000017,zh-HK-HiuMaanNeural,0.2617,隐蔽(难检)
data/redteam/factory/segments/edgetts/sichuan/seg_edgetts_sichuan_zh-CN-XiaoxiaoNeural_SC-000165_01.wav,edgetts,sichuan,SC-000165,zh-CN-XiaoxiaoNeural,0.2619,隐蔽(难检)
data/redteam/factory/segments/edgetts/minnan/seg_edgetts_minnan_zh-TW-HsiaoChenNeural_SC-000574_01.wav,edgetts,minnan,SC-000574,zh-TW-HsiaoChenNeural,0.2619,隐蔽(难检)
data/redteam/factory/segments/edgetts/minnan/seg_edgetts_minnan_zh-TW-YunJheNeural_SC-000685_00.wav,edgetts,minnan,SC-000685,zh-TW-YunJheNeural,0.262,隐蔽(难检)
data/redteam/factory/segments/edgetts/dongbei/seg_edgetts_dongbei_zh-CN-liaoning-XiaobeiNeural_SC-001545_02.wav,edgetts,dongbei,SC-001545,zh-CN-liaoning-XiaobeiNeural,0.2621,隐蔽(难检)
data/redteam/factory/segments/sovits_api/sichuan/seg_sovits_api_sichuan_ref_boot_edgetts_sichuan_zh-CN-YunxiNeural_SC-000010_SC-000255_01.wav,sovits_api,sichuan,SC-000255,ref_boot_edgetts_sichuan_zh-CN-YunxiNeural_SC-000010,0.2621,隐蔽(难检)
data/redteam/factory/segments/edgetts/cantonese/seg_edgetts_cantonese_zh-HK-WanLungNeural_SC-000625_04.wav,edgetts,cantonese,SC-000625,zh-HK-WanLungNeural,0.2622,隐蔽(难检)
data/redteam/factory/segments/edgetts/minnan/seg_edgetts_minnan_zh-TW-HsiaoChenNeural_SC-000339_04.wav,edgetts,minnan,SC-000339,zh-TW-HsiaoChenNeural,0.2625,隐蔽(难检)
data/redteam/factory/segments/sovits_api/minnan/seg_sovits_api_minnan_ref_boot_edgetts_minnan_zh-TW-YunJheNeural_SC-000001_SC-000339_02.wav,sovits_api,minnan,SC-000339,ref_boot_edgetts_minnan_zh-TW-YunJheNeural_SC-000001,0.2627,隐蔽(难检)
data/redteam/factory/segments/edgetts/mandarin/seg_edgetts_mandarin_zh-CN-XiaoxiaoNeural_SC-000304_04.wav,edgetts,mandarin,SC-000304,zh-CN-XiaoxiaoNeural,0.2629,隐蔽(难检)
data/redteam/factory/segments/edgetts/dongbei/seg_edgetts_dongbei_zh-CN-liaoning-XiaobeiNeural_SC-000017_11.wav,edgetts,dongbei,SC-000017,zh-CN-liaoning-XiaobeiNeural,0.2631,隐蔽(难检)
data/redteam/factory/segments/edgetts/minnan/seg_edgetts_minnan_zh-TW-HsiaoChenNeural_SC-001112_03.wav,edgetts,minnan,SC-001112,zh-TW-HsiaoChenNeural,0.2632,隐蔽(难检)
data/redteam/factory/segments/edgetts/minnan/seg_edgetts_minnan_zh-TW-HsiaoChenNeural_SC-000719_00.wav,edgetts,minnan,SC-000719,zh-TW-HsiaoChenNeural,0.2632,隐蔽(难检)
data/redteam/factory/segments/edgetts/mandarin/seg_edgetts_mandarin_zh-CN-XiaoxiaoNeural_SC-000017_09.wav,edgetts,mandarin,SC-000017,zh-CN-XiaoxiaoNeural,0.2636,隐蔽(难检)
data/redteam/factory/segments/edgetts/sichuan/seg_edgetts_sichuan_zh-CN-XiaoxiaoNeural_SC-000017_09.wav,edgetts,sichuan,SC-000017,zh-CN-XiaoxiaoNeural,0.2636,隐蔽(难检)
data/redteam/factory/segments/edgetts/minnan/seg_edgetts_minnan_zh-TW-HsiaoChenNeural_SC-000369_03.wav,edgetts,minnan,SC-000369,zh-TW-HsiaoChenNeural,0.2637,隐蔽(难检)
data/redteam/factory/segments/edgetts/minnan/seg_edgetts_minnan_zh-TW-YunJheNeural_SC-000970_00.wav,edgetts,minnan,SC-000970,zh-TW-YunJheNeural,0.2637,隐蔽(难检)
data/redteam/factory/segments/edgetts/henan/seg_edgetts_henan_zh-CN-shaanxi-XiaoniNeural_SC-000442_03.wav,edgetts,henan,SC-000442,zh-CN-shaanxi-XiaoniNeural,0.2638,隐蔽(难检)
data/redteam/factory/segments/edgetts/henan/seg_edgetts_henan_zh-CN-shaanxi-XiaoniNeural_SC-000978_03.wav,edgetts,henan,SC-000978,zh-CN-shaanxi-XiaoniNeural,0.2638,隐蔽(难检)
data/redteam/factory/segments/edgetts/minnan/seg_edgetts_minnan_zh-TW-HsiaoChenNeural_SC-000017_08.wav,edgetts,minnan,SC-000017,zh-TW-HsiaoChenNeural,0.2639,隐蔽(难检)
data/redteam/factory/segments/edgetts/dongbei/seg_edgetts_dongbei_zh-CN-liaoning-XiaobeiNeural_SC-001363_00.wav,edgetts,dongbei,SC-001363,zh-CN-liaoning-XiaobeiNeural,0.2639,隐蔽(难检)
data/redteam/factory/segments/edgetts/minnan/seg_edgetts_minnan_zh-TW-HsiaoChenNeural_SC-001619_00.wav,edgetts,minnan,SC-001619,zh-TW-HsiaoChenNeural,0.264,隐蔽(难检)
data/redteam/factory/segments/edgetts/dongbei/seg_edgetts_dongbei_zh-CN-liaoning-XiaobeiNeural_SC-000154_03.wav,edgetts,dongbei,SC-000154,zh-CN-liaoning-XiaobeiNeural,0.2641,隐蔽(难检)
data/redteam/factory/segments/edgetts/mandarin/seg_edgetts_mandarin_zh-CN-YunxiNeural_SC-000455_01.wav,edgetts,mandarin,SC-000455,zh-CN-YunxiNeural,0.2643,隐蔽(难检)
data/redteam/factory/segments/edgetts/dongbei/seg_edgetts_dongbei_zh-CN-liaoning-XiaobeiNeural_SC-000635_04.wav,edgetts,dongbei,SC-000635,zh-CN-liaoning-XiaobeiNeural,0.2644,隐蔽(难检)
data/redteam/factory/segments/edgetts/minnan/seg_edgetts_minnan_zh-TW-YunJheNeural_SC-001383_01.wav,edgetts,minnan,SC-001383,zh-TW-YunJheNeural,0.2645,隐蔽(难检)
data/redteam/factory/segments/edgetts/henan/seg_edgetts_henan_zh-CN-shaanxi-XiaoniNeural_SC-000697_04.wav,edgetts,henan,SC-000697,zh-CN-shaanxi-XiaoniNeural,0.2649,隐蔽(难检)
data/redteam/factory/segments/sovits_api/henan/seg_sovits_api_henan_ref_boot_edgetts_henan_zh-CN-shaanxi-XiaoniNeural_SC-000009_seg8s_SC-000106_02.wav,sovits_api,henan,SC-000106,ref_boot_edgetts_henan_zh-CN-shaanxi-XiaoniNeural_SC-000009_seg8s,0.2649,隐蔽(难检)
data/redteam/factory/segments/edgetts/minnan/seg_edgetts_minnan_zh-TW-HsiaoChenNeural_SC-000143_01.wav,edgetts,minnan,SC-000143,zh-TW-HsiaoChenNeural,0.265,隐蔽(难检)
data/redteam/factory/segments/sovits_api/sichuan/seg_sovits_api_sichuan_ref_boot_edgetts_sichuan_zh-CN-XiaoxiaoNeural_SC-000010_SC-000165_00.wav,sovits_api,sichuan,SC-000165,ref_boot_edgetts_sichuan_zh-CN-XiaoxiaoNeural_SC-000010,0.2653,隐蔽(难检)
data/redteam/factory/segments/edgetts/dongbei/seg_edgetts_dongbei_zh-CN-liaoning-XiaobeiNeural_SC-000017_12.wav,edgetts,dongbei,SC-000017,zh-CN-liaoning-XiaobeiNeural,0.2656,隐蔽(难检)
data/redteam/factory/segments/edgetts/sichuan/seg_edgetts_sichuan_zh-CN-YunxiNeural_SC-000683_01.wav,edgetts,sichuan,SC-000683,zh-CN-YunxiNeural,0.2656,隐蔽(难检)
data/redteam/factory/segments/edgetts/henan/seg_edgetts_henan_zh-CN-shaanxi-XiaoniNeural_SC-000365_00.wav,edgetts,henan,SC-000365,zh-CN-shaanxi-XiaoniNeural,0.2657,隐蔽(难检)
data/redteam/factory/segments/edgetts/minnan/seg_edgetts_minnan_zh-TW-HsiaoChenNeural_SC-000936_04.wav,edgetts,minnan,SC-000936,zh-TW-HsiaoChenNeural,0.2658,隐蔽(难检)
data/redteam/factory/segments/edgetts/sichuan/seg_edgetts_sichuan_zh-CN-XiaoxiaoNeural_SC-000042_02.wav,edgetts,sichuan,SC-000042,zh-CN-XiaoxiaoNeural,0.2661,隐蔽(难检)
data/redteam/factory/segments/edgetts/minnan/seg_edgetts_minnan_zh-TW-HsiaoChenNeural_SC-000719_04.wav,edgetts,minnan,SC-000719,zh-TW-HsiaoChenNeural,0.2661,隐蔽(难检)
data/redteam/factory/segments/edgetts/sichuan/seg_edgetts_sichuan_zh-CN-YunxiNeural_SC-000042_00.wav,edgetts,sichuan,SC-000042,zh-CN-YunxiNeural,0.2662,隐蔽(难检)
data/redteam/factory/segments/edgetts/sichuan/seg_edgetts_sichuan_zh-CN-XiaoxiaoNeural_SC-000986_03.wav,edgetts,sichuan,SC-000986,zh-CN-XiaoxiaoNeural,0.2663,隐蔽(难检)
data/redteam/factory/segments/edgetts/minnan/seg_edgetts_minnan_zh-TW-HsiaoChenNeural_SC-001084_04.wav,edgetts,minnan,SC-001084,zh-TW-HsiaoChenNeural,0.2664,隐蔽(难检)
data/redteam/factory/segments/edgetts/dongbei/seg_edgetts_dongbei_zh-CN-liaoning-XiaobeiNeural_SC-000749_03.wav,edgetts,dongbei,SC-000749,zh-CN-liaoning-XiaobeiNeural,0.2665,隐蔽(难检)
data/redteam/factory/segments/edgetts/minnan/seg_edgetts_minnan_zh-TW-HsiaoChenNeural_SC-000571_02.wav,edgetts,minnan,SC-000571,zh-TW-HsiaoChenNeural,0.2665,隐蔽(难检)
data/redteam/factory/segments/sovits_api/minnan/seg_sovits_api_minnan_ref_boot_edgetts_minnan_zh-TW-HsiaoChenNeural_SC-000001_SC-000056_05.wav,sovits_api,minnan,SC-000056,ref_boot_edgetts_minnan_zh-TW-HsiaoChenNeural_SC-000001,0.2667,隐蔽(难检)
data/redteam/factory/segments/edgetts/henan/seg_edgetts_henan_zh-CN-shaanxi-XiaoniNeural_SC-000365_01.wav,edgetts,henan,SC-000365,zh-CN-shaanxi-XiaoniNeural,0.2668,隐蔽(难检)
data/redteam/factory/segments/edgetts/dongbei/seg_edgetts_dongbei_zh-CN-liaoning-XiaobeiNeural_SC-001086_02.wav,edgetts,dongbei,SC-001086,zh-CN-liaoning-XiaobeiNeural,0.267,隐蔽(难检)
data/redteam/factory/segments/edgetts/minnan/seg_edgetts_minnan_zh-TW-YunJheNeural_SC-001215_00.wav,edgetts,minnan,SC-001215,zh-TW-YunJheNeural,0.2672,隐蔽(难检)
data/redteam/factory/segments/edgetts/sichuan/seg_edgetts_sichuan_zh-CN-XiaoxiaoNeural_SC-000812_02.wav,edgetts,sichuan,SC-000812,zh-CN-XiaoxiaoNeural,0.2674,隐蔽(难检)
data/redteam/factory/segments/edgetts/minnan/seg_edgetts_minnan_zh-TW-HsiaoChenNeural_SC-000685_01.wav,edgetts,minnan,SC-000685,zh-TW-HsiaoChenNeural,0.2677,隐蔽(难检)
data/redteam/factory/segments/edgetts/minnan/seg_edgetts_minnan_zh-TW-HsiaoChenNeural_SC-000143_04.wav,edgetts,minnan,SC-000143,zh-TW-HsiaoChenNeural,0.2688,隐蔽(难检)
data/redteam/factory/segments/edgetts/dongbei/seg_edgetts_dongbei_zh-CN-liaoning-XiaobeiNeural_SC-001092_00.wav,edgetts,dongbei,SC-001092,zh-CN-liaoning-XiaobeiNeural,0.2688,隐蔽(难检)
data/redteam/factory/segments/edgetts/minnan/seg_edgetts_minnan_zh-TW-HsiaoChenNeural_SC-000970_04.wav,edgetts,minnan,SC-000970,zh-TW-HsiaoChenNeural,0.2688,隐蔽(难检)
data/redteam/factory/segments/edgetts/minnan/seg_edgetts_minnan_zh-TW-HsiaoChenNeural_SC-000970_02.wav,edgetts,minnan,SC-000970,zh-TW-HsiaoChenNeural,0.2692,隐蔽(难检)
data/redteam/factory/segments/edgetts/minnan/seg_edgetts_minnan_zh-TW-HsiaoChenNeural_SC-000574_02.wav,edgetts,minnan,SC-000574,zh-TW-HsiaoChenNeural,0.2693,隐蔽(难检)
data/redteam/factory/segments/edgetts/dongbei/seg_edgetts_dongbei_zh-CN-liaoning-XiaobeiNeural_SC-000411_00.wav,edgetts,dongbei,SC-000411,zh-CN-liaoning-XiaobeiNeural,0.2695,隐蔽(难检)
data/redteam/factory/segments/edgetts/minnan/seg_edgetts_minnan_zh-TW-HsiaoChenNeural_SC-000982_00.wav,edgetts,minnan,SC-000982,zh-TW-HsiaoChenNeural,0.2695,隐蔽(难检)
data/redteam/factory/segments/edgetts/cantonese/seg_edgetts_cantonese_zh-HK-WanLungNeural_SC-000561_01.wav,edgetts,cantonese,SC-000561,zh-HK-WanLungNeural,0.2696,隐蔽(难检)
data/redteam/factory/segments/edgetts/henan/seg_edgetts_henan_zh-CN-shaanxi-XiaoniNeural_SC-000017_04.wav,edgetts,henan,SC-000017,zh-CN-shaanxi-XiaoniNeural,0.2698,隐蔽(难检)
data/redteam/factory/segments/edgetts/minnan/seg_edgetts_minnan_zh-TW-HsiaoChenNeural_SC-001447_02.wav,edgetts,minnan,SC-001447,zh-TW-HsiaoChenNeural,0.27,隐蔽(难检)
data/redteam/factory/segments/edgetts/minnan/seg_edgetts_minnan_zh-TW-HsiaoChenNeural_SC-001447_01.wav,edgetts,minnan,SC-001447,zh-TW-HsiaoChenNeural,0.2702,隐蔽(难检)
data/redteam/factory/segments/edgetts/minnan/seg_edgetts_minnan_zh-TW-HsiaoChenNeural_SC-001084_05.wav,edgetts,minnan,SC-001084,zh-TW-HsiaoChenNeural,0.2713,隐蔽(难检)
data/redteam/factory/segments/edgetts/cantonese/seg_edgetts_cantonese_zh-HK-WanLungNeural_SC-000998_04.wav,edgetts,cantonese,SC-000998,zh-HK-WanLungNeural,0.2713,隐蔽(难检)
data/redteam/factory/segments/edgetts/cantonese/seg_edgetts_cantonese_zh-HK-WanLungNeural_SC-000490_00.wav,edgetts,cantonese,SC-000490,zh-HK-WanLungNeural,0.2715,隐蔽(难检)
data/redteam/factory/segments/edgetts/dongbei/seg_edgetts_dongbei_zh-CN-liaoning-XiaobeiNeural_SC-001362_01.wav,edgetts,dongbei,SC-001362,zh-CN-liaoning-XiaobeiNeural,0.2716,隐蔽(难检)
data/redteam/factory/segments/edgetts/sichuan/seg_edgetts_sichuan_zh-CN-YunxiNeural_SC-000042_03.wav,edgetts,sichuan,SC-000042,zh-CN-YunxiNeural,0.2719,隐蔽(难检)
data/redteam/factory/segments/sovits_api/dongbei/seg_sovits_api_dongbei_ref_boot_edgetts_dongbei_zh-CN-liaoning-XiaobeiNeural_SC-000002_seg8s_SC-000225_01.wav,sovits_api,dongbei,SC-000225,ref_boot_edgetts_dongbei_zh-CN-liaoning-XiaobeiNeural_SC-000002_seg8s,0.2719,隐蔽(难检)
data/redteam/factory/segments/sovits_api/minnan/seg_sovits_api_minnan_ref_boot_edgetts_minnan_zh-TW-YunJheNeural_SC-000001_SC-000143_01.wav,sovits_api,minnan,SC-000143,ref_boot_edgetts_minnan_zh-TW-YunJheNeural_SC-000001,0.272,隐蔽(难检)
data/redteam/factory/segments/edgetts/minnan/seg_edgetts_minnan_zh-TW-HsiaoChenNeural_SC-001619_02.wav,edgetts,minnan,SC-001619,zh-TW-HsiaoChenNeural,0.2724,隐蔽(难检)
data/redteam/factory/segments/edgetts/sichuan/seg_edgetts_sichuan_zh-CN-XiaoxiaoNeural_SC-001028_04.wav,edgetts,sichuan,SC-001028,zh-CN-XiaoxiaoNeural,0.2725,隐蔽(难检)
data/redteam/factory/segments/edgetts/henan/seg_edgetts_henan_zh-CN-shaanxi-XiaoniNeural_SC-000697_03.wav,edgetts,henan,SC-000697,zh-CN-shaanxi-XiaoniNeural,0.2726,隐蔽(难检)
data/redteam/factory/segments/edgetts/minnan/seg_edgetts_minnan_zh-TW-HsiaoChenNeural_SC-001519_04.wav,edgetts,minnan,SC-001519,zh-TW-HsiaoChenNeural,0.2726,隐蔽(难检)
data/redteam/factory/segments/edgetts/cantonese/seg_edgetts_cantonese_zh-HK-WanLungNeural_SC-001042_00.wav,edgetts,cantonese,SC-001042,zh-HK-WanLungNeural,0.2726,隐蔽(难检)
data/redteam/factory/segments/edgetts/cantonese/seg_edgetts_cantonese_zh-HK-WanLungNeural_SC-000547_02.wav,edgetts,cantonese,SC-000547,zh-HK-WanLungNeural,0.2729,隐蔽(难检)
data/redteam/factory/segments/edgetts/dongbei/seg_edgetts_dongbei_zh-CN-liaoning-XiaobeiNeural_SC-000024_01.wav,edgetts,dongbei,SC-000024,zh-CN-liaoning-XiaobeiNeural,0.2731,隐蔽(难检)
data/redteam/factory/segments/edgetts/minnan/seg_edgetts_minnan_zh-TW-YunJheNeural_SC-001519_02.wav,edgetts,minnan,SC-001519,zh-TW-YunJheNeural,0.2732,隐蔽(难检)
data/redteam/factory/segments/edgetts/sichuan/seg_edgetts_sichuan_zh-CN-XiaoxiaoNeural_SC-000381_04.wav,edgetts,sichuan,SC-000381,zh-CN-XiaoxiaoNeural,0.2733,隐蔽(难检)
data/redteam/factory/segments/edgetts/minnan/seg_edgetts_minnan_zh-TW-HsiaoChenNeural_SC-000574_00.wav,edgetts,minnan,SC-000574,zh-TW-HsiaoChenNeural,0.2734,隐蔽(难检)
data/redteam/factory/segments/edgetts/henan/seg_edgetts_henan_zh-CN-shaanxi-XiaoniNeural_SC-000567_03.wav,edgetts,henan,SC-000567,zh-CN-shaanxi-XiaoniNeural,0.2736,隐蔽(难检)
data/redteam/factory/segments/edgetts/dongbei/seg_edgetts_dongbei_zh-CN-liaoning-XiaobeiNeural_SC-001128_00.wav,edgetts,dongbei,SC-001128,zh-CN-liaoning-XiaobeiNeural,0.2736,隐蔽(难检)
data/redteam/factory/segments/edgetts/minnan/seg_edgetts_minnan_zh-TW-HsiaoChenNeural_SC-000965_01.wav,edgetts,minnan,SC-000965,zh-TW-HsiaoChenNeural,0.2738,隐蔽(难检)
data/redteam/factory/segments/edgetts/henan/seg_edgetts_henan_zh-CN-shaanxi-XiaoniNeural_SC-001399_04.wav,edgetts,henan,SC-001399,zh-CN-shaanxi-XiaoniNeural,0.2739,隐蔽(难检)
data/redteam/factory/segments/edgetts/minnan/seg_edgetts_minnan_zh-TW-YunJheNeural_SC-001383_02.wav,edgetts,minnan,SC-001383,zh-TW-YunJheNeural,0.2743,隐蔽(难检)
data/redteam/factory/segments/edgetts/sichuan/seg_edgetts_sichuan_zh-CN-XiaoxiaoNeural_SC-000165_02.wav,edgetts,sichuan,SC-000165,zh-CN-XiaoxiaoNeural,0.2744,隐蔽(难检)
data/redteam/factory/segments/sovits_api/cantonese/seg_sovits_api_cantonese_ref_boot_edgetts_cantonese_zh-HK-HiuMaanNeural_SC-000005_seg8s_SC-000131_01.wav,sovits_api,cantonese,SC-000131,ref_boot_edgetts_cantonese_zh-HK-HiuMaanNeural_SC-000005_seg8s,0.2749,隐蔽(难检)
data/redteam/factory/segments/edgetts/minnan/seg_edgetts_minnan_zh-TW-HsiaoChenNeural_SC-000643_03.wav,edgetts,minnan,SC-000643,zh-TW-HsiaoChenNeural,0.2751,隐蔽(难检)
data/redteam/factory/segments/edgetts/sichuan/seg_edgetts_sichuan_zh-CN-XiaoxiaoNeural_SC-000743_02.wav,edgetts,sichuan,SC-000743,zh-CN-XiaoxiaoNeural,0.2751,隐蔽(难检)
data/redteam/factory/segments/edgetts/minnan/seg_edgetts_minnan_zh-TW-YunJheNeural_SC-000056_01.wav,edgetts,minnan,SC-000056,zh-TW-YunJheNeural,0.2753,隐蔽(难检)
data/redteam/factory/segments/sovits_api/cantonese/seg_sovits_api_cantonese_ref_boot_edgetts_cantonese_zh-HK-HiuMaanNeural_SC-000005_seg8s_SC-000116_02.wav,sovits_api,cantonese,SC-000116,ref_boot_edgetts_cantonese_zh-HK-HiuMaanNeural_SC-000005_seg8s,0.2756,隐蔽(难检)
data/redteam/factory/segments/edgetts/dongbei/seg_edgetts_dongbei_zh-CN-liaoning-XiaobeiNeural_SC-000635_03.wav,edgetts,dongbei,SC-000635,zh-CN-liaoning-XiaobeiNeural,0.276,隐蔽(难检)
data/redteam/factory/segments/edgetts/cantonese/seg_edgetts_cantonese_zh-HK-WanLungNeural_SC-001198_02.wav,edgetts,cantonese,SC-001198,zh-HK-WanLungNeural,0.276,隐蔽(难检)
data/redteam/factory/segments/edgetts/sichuan/seg_edgetts_sichuan_zh-CN-XiaoxiaoNeural_SC-001002_02.wav,edgetts,sichuan,SC-001002,zh-CN-XiaoxiaoNeural,0.2762,隐蔽(难检)
data/redteam/factory/segments/edgetts/cantonese/seg_edgetts_cantonese_zh-HK-HiuMaanNeural_SC-000228_04.wav,edgetts,cantonese,SC-000228,zh-HK-HiuMaanNeural,0.2763,隐蔽(难检)
data/redteam/factory/segments/edgetts/mandarin/seg_edgetts_mandarin_zh-CN-XiaoxiaoNeural_SC-000327_02.wav,edgetts,mandarin,SC-000327,zh-CN-XiaoxiaoNeural,0.2765,隐蔽(难检)
data/redteam/factory/segments/edgetts/minnan/seg_edgetts_minnan_zh-TW-YunJheNeural_SC-000900_03.wav,edgetts,minnan,SC-000900,zh-TW-YunJheNeural,0.2765,隐蔽(难检)
data/redteam/factory/segments/edgetts/minnan/seg_edgetts_minnan_zh-TW-HsiaoChenNeural_SC-000056_02.wav,edgetts,minnan,SC-000056,zh-TW-HsiaoChenNeural,0.2767,隐蔽(难检)
data/redteam/factory/segments/edgetts/minnan/seg_edgetts_minnan_zh-TW-HsiaoChenNeural_SC-000900_02.wav,edgetts,minnan,SC-000900,zh-TW-HsiaoChenNeural,0.2767,隐蔽(难检)
data/redteam/factory/segments/edgetts/sichuan/seg_edgetts_sichuan_zh-CN-XiaoxiaoNeural_SC-000963_02.wav,edgetts,sichuan,SC-000963,zh-CN-XiaoxiaoNeural,0.2767,隐蔽(难检)
data/redteam/factory/segments/edgetts/minnan/seg_edgetts_minnan_zh-TW-YunJheNeural_SC-000685_01.wav,edgetts,minnan,SC-000685,zh-TW-YunJheNeural,0.2767,隐蔽(难检)
data/redteam/factory/segments/edgetts/henan/seg_edgetts_henan_zh-CN-shaanxi-XiaoniNeural_SC-000599_01.wav,edgetts,henan,SC-000599,zh-CN-shaanxi-XiaoniNeural,0.2771,隐蔽(难检)
data/redteam/factory/segments/sovits_api/minnan/seg_sovits_api_minnan_ref_boot_edgetts_minnan_zh-TW-YunJheNeural_SC-000001_SC-000056_00.wav,sovits_api,minnan,SC-000056,ref_boot_edgetts_minnan_zh-TW-YunJheNeural_SC-000001,0.2771,隐蔽(难检)
data/redteam/factory/segments/edgetts/minnan/seg_edgetts_minnan_zh-TW-HsiaoChenNeural_SC-001257_03.wav,edgetts,minnan,SC-001257,zh-TW-HsiaoChenNeural,0.2772,隐蔽(难检)
data/redteam/factory/segments/edgetts/mandarin/seg_edgetts_mandarin_zh-CN-XiaoxiaoNeural_SC-000480_01.wav,edgetts,mandarin,SC-000480,zh-CN-XiaoxiaoNeural,0.2773,隐蔽(难检)
data/redteam/factory/segments/edgetts/cantonese/seg_edgetts_cantonese_zh-HK-HiuMaanNeural_SC-000515_04.wav,edgetts,cantonese,SC-000515,zh-HK-HiuMaanNeural,0.2774,隐蔽(难检)
data/redteam/factory/segments/edgetts/sichuan/seg_edgetts_sichuan_zh-CN-XiaoxiaoNeural_SC-000379_01.wav,edgetts,sichuan,SC-000379,zh-CN-XiaoxiaoNeural,0.2774,隐蔽(难检)
data/redteam/factory/segments/edgetts/henan/seg_edgetts_henan_zh-CN-shaanxi-XiaoniNeural_SC-000432_03.wav,edgetts,henan,SC-000432,zh-CN-shaanxi-XiaoniNeural,0.2776,隐蔽(难检)
data/redteam/factory/segments/edgetts/minnan/seg_edgetts_minnan_zh-TW-YunJheNeural_SC-000445_01.wav,edgetts,minnan,SC-000445,zh-TW-YunJheNeural,0.2777,隐蔽(难检)
data/redteam/factory/segments/edgetts/minnan/seg_edgetts_minnan_zh-TW-HsiaoChenNeural_SC-001483_00.wav,edgetts,minnan,SC-001483,zh-TW-HsiaoChenNeural,0.2777,隐蔽(难检)
data/redteam/factory/segments/edgetts/sichuan/seg_edgetts_sichuan_zh-CN-XiaoxiaoNeural_SC-001451_01.wav,edgetts,sichuan,SC-001451,zh-CN-XiaoxiaoNeural,0.2778,隐蔽(难检)
data/redteam/factory/segments/edgetts/dongbei/seg_edgetts_dongbei_zh-CN-liaoning-XiaobeiNeural_SC-001686_04.wav,edgetts,dongbei,SC-001686,zh-CN-liaoning-XiaobeiNeural,0.2779,隐蔽(难检)
data/redteam/factory/segments/edgetts/sichuan/seg_edgetts_sichuan_zh-CN-YunxiNeural_SC-000251_01.wav,edgetts,sichuan,SC-000251,zh-CN-YunxiNeural,0.2784,隐蔽(难检)
data/redteam/factory/segments/edgetts/henan/seg_edgetts_henan_zh-CN-shaanxi-XiaoniNeural_SC-001149_01.wav,edgetts,henan,SC-001149,zh-CN-shaanxi-XiaoniNeural,0.2784,隐蔽(难检)
data/redteam/factory/segments/edgetts/minnan/seg_edgetts_minnan_zh-TW-YunJheNeural_SC-000940_01.wav,edgetts,minnan,SC-000940,zh-TW-YunJheNeural,0.2784,隐蔽(难检)
data/redteam/factory/segments/sovits_api/minnan/seg_sovits_api_minnan_ref_boot_edgetts_minnan_zh-TW-YunJheNeural_SC-000001_SC-000143_04.wav,sovits_api,minnan,SC-000143,ref_boot_edgetts_minnan_zh-TW-YunJheNeural_SC-000001,0.2785,隐蔽(难检)
data/redteam/factory/segments/edgetts/minnan/seg_edgetts_minnan_zh-TW-HsiaoChenNeural_SC-000024_01.wav,edgetts,minnan,SC-000024,zh-TW-HsiaoChenNeural,0.2786,隐蔽(难检)
data/redteam/factory/segments/edgetts/minnan/seg_edgetts_minnan_zh-TW-YunJheNeural_SC-000940_03.wav,edgetts,minnan,SC-000940,zh-TW-YunJheNeural,0.279,隐蔽(难检)
data/redteam/factory/segments/edgetts/minnan/seg_edgetts_minnan_zh-TW-YunJheNeural_SC-001151_02.wav,edgetts,minnan,SC-001151,zh-TW-YunJheNeural,0.279,隐蔽(难检)
data/redteam/factory/segments/edgetts/henan/seg_edgetts_henan_zh-CN-shaanxi-XiaoniNeural_SC-001481_02.wav,edgetts,henan,SC-001481,zh-CN-shaanxi-XiaoniNeural,0.2792,隐蔽(难检)
data/redteam/factory/segments/edgetts/minnan/seg_edgetts_minnan_zh-TW-HsiaoChenNeural_SC-001519_02.wav,edgetts,minnan,SC-001519,zh-TW-HsiaoChenNeural,0.2793,隐蔽(难检)
data/redteam/factory/segments/edgetts/cantonese/seg_edgetts_cantonese_zh-HK-WanLungNeural_SC-000786_02.wav,edgetts,cantonese,SC-000786,zh-HK-WanLungNeural,0.2794,隐蔽(难检)
data/redteam/factory/segments/edgetts/minnan/seg_edgetts_minnan_zh-TW-HsiaoChenNeural_SC-000056_01.wav,edgetts,minnan,SC-000056,zh-TW-HsiaoChenNeural,0.2795,隐蔽(难检)
data/redteam/factory/segments/edgetts/mandarin/seg_edgetts_mandarin_zh-CN-YunxiNeural_SC-000335_01.wav,edgetts,mandarin,SC-000335,zh-CN-YunxiNeural,0.2798,隐蔽(难检)
data/redteam/factory/segments/edgetts/cantonese/seg_edgetts_cantonese_zh-HK-WanLungNeural_SC-000515_01.wav,edgetts,cantonese,SC-000515,zh-HK-WanLungNeural,0.2801,隐蔽(难检)
data/redteam/factory/segments/edgetts/minnan/seg_edgetts_minnan_zh-TW-YunJheNeural_SC-001215_03.wav,edgetts,minnan,SC-001215,zh-TW-YunJheNeural,0.2801,隐蔽(难检)
data/redteam/factory/segments/sovits_api/sichuan/seg_sovits_api_sichuan_ref_boot_edgetts_sichuan_zh-CN-XiaoxiaoNeural_SC-000010_SC-000165_01.wav,sovits_api,sichuan,SC-000165,ref_boot_edgetts_sichuan_zh-CN-XiaoxiaoNeural_SC-000010,0.2801,隐蔽(难检)
data/redteam/factory/segments/edgetts/minnan/seg_edgetts_minnan_zh-TW-HsiaoChenNeural_SC-000323_04.wav,edgetts,minnan,SC-000323,zh-TW-HsiaoChenNeural,0.2805,隐蔽(难检)
data/redteam/factory/segments/edgetts/minnan/seg_edgetts_minnan_zh-TW-HsiaoChenNeural_SC-001483_02.wav,edgetts,minnan,SC-001483,zh-TW-HsiaoChenNeural,0.2806,隐蔽(难检)
data/redteam/factory/segments/edgetts/sichuan/seg_edgetts_sichuan_zh-CN-XiaoxiaoNeural_SC-000896_01.wav,edgetts,sichuan,SC-000896,zh-CN-XiaoxiaoNeural,0.2807,隐蔽(难检)
data/redteam/factory/segments/edgetts/henan/seg_edgetts_henan_zh-CN-shaanxi-XiaoniNeural_SC-001399_01.wav,edgetts,henan,SC-001399,zh-CN-shaanxi-XiaoniNeural,0.2815,隐蔽(难检)
data/redteam/factory/segments/edgetts/minnan/seg_edgetts_minnan_zh-TW-YunJheNeural_SC-000056_05.wav,edgetts,minnan,SC-000056,zh-TW-YunJheNeural,0.2816,隐蔽(难检)
data/redteam/factory/segments/edgetts/cantonese/seg_edgetts_cantonese_zh-HK-HiuMaanNeural_SC-001340_04.wav,edgetts,cantonese,SC-001340,zh-HK-HiuMaanNeural,0.2817,隐蔽(难检)
data/redteam/factory/segments/edgetts/mandarin/seg_edgetts_mandarin_zh-CN-XiaoxiaoNeural_SC-000335_04.wav,edgetts,mandarin,SC-000335,zh-CN-XiaoxiaoNeural,0.2818,隐蔽(难检)
data/redteam/factory/segments/edgetts/henan/seg_edgetts_henan_zh-CN-shaanxi-XiaoniNeural_SC-000621_02.wav,edgetts,henan,SC-000621,zh-CN-shaanxi-XiaoniNeural,0.2825,隐蔽(难检)
data/redteam/factory/segments/edgetts/minnan/seg_edgetts_minnan_zh-TW-YunJheNeural_SC-001267_01.wav,edgetts,minnan,SC-001267,zh-TW-YunJheNeural,0.2826,隐蔽(难检)
data/redteam/factory/segments/edgetts/dongbei/seg_edgetts_dongbei_zh-CN-liaoning-XiaobeiNeural_SC-000024_00.wav,edgetts,dongbei,SC-000024,zh-CN-liaoning-XiaobeiNeural,0.2829,隐蔽(难检)
data/redteam/factory/segments/edgetts/sichuan/seg_edgetts_sichuan_zh-CN-YunxiNeural_SC-000457_02.wav,edgetts,sichuan,SC-000457,zh-CN-YunxiNeural,0.283,隐蔽(难检)
data/redteam/factory/segments/edgetts/minnan/seg_edgetts_minnan_zh-TW-HsiaoChenNeural_SC-001110_02.wav,edgetts,minnan,SC-001110,zh-TW-HsiaoChenNeural,0.283,隐蔽(难检)
data/redteam/factory/segments/edgetts/minnan/seg_edgetts_minnan_zh-TW-YunJheNeural_SC-000369_01.wav,edgetts,minnan,SC-000369,zh-TW-YunJheNeural,0.2836,隐蔽(难检)
data/redteam/factory/segments/edgetts/dongbei/seg_edgetts_dongbei_zh-CN-liaoning-XiaobeiNeural_SC-001119_02.wav,edgetts,dongbei,SC-001119,zh-CN-liaoning-XiaobeiNeural,0.2836,隐蔽(难检)
data/redteam/factory/segments/edgetts/dongbei/seg_edgetts_dongbei_zh-CN-liaoning-XiaobeiNeural_SC-001531_04.wav,edgetts,dongbei,SC-001531,zh-CN-liaoning-XiaobeiNeural,0.2837,隐蔽(难检)
data/redteam/factory/segments/edgetts/mandarin/seg_edgetts_mandarin_zh-CN-XiaoxiaoNeural_SC-000304_01.wav,edgetts,mandarin,SC-000304,zh-CN-XiaoxiaoNeural,0.2839,隐蔽(难检)
data/redteam/factory/segments/sovits_api/henan/seg_sovits_api_henan_ref_boot_edgetts_henan_zh-CN-shaanxi-XiaoniNeural_SC-000009_seg8s_SC-000009_02.wav,sovits_api,henan,SC-000009,ref_boot_edgetts_henan_zh-CN-shaanxi-XiaoniNeural_SC-000009_seg8s,0.2839,隐蔽(难检)
data/redteam/factory/segments/edgetts/dongbei/seg_edgetts_dongbei_zh-CN-liaoning-XiaobeiNeural_SC-001395_02.wav,edgetts,dongbei,SC-001395,zh-CN-liaoning-XiaobeiNeural,0.284,隐蔽(难检)
data/redteam/factory/segments/edgetts/sichuan/seg_edgetts_sichuan_zh-CN-XiaoxiaoNeural_SC-000756_04.wav,edgetts,sichuan,SC-000756,zh-CN-XiaoxiaoNeural,0.2843,隐蔽(难检)
data/redteam/factory/segments/edgetts/henan/seg_edgetts_henan_zh-CN-shaanxi-XiaoniNeural_SC-000741_02.wav,edgetts,henan,SC-000741,zh-CN-shaanxi-XiaoniNeural,0.2846,隐蔽(难检)
data/redteam/factory/segments/edgetts/henan/seg_edgetts_henan_zh-CN-shaanxi-XiaoniNeural_SC-001510_02.wav,edgetts,henan,SC-001510,zh-CN-shaanxi-XiaoniNeural,0.2848,隐蔽(难检)
data/redteam/factory/segments/edgetts/minnan/seg_edgetts_minnan_zh-TW-HsiaoChenNeural_SC-001441_04.wav,edgetts,minnan,SC-001441,zh-TW-HsiaoChenNeural,0.2848,隐蔽(难检)
data/redteam/factory/segments/edgetts/minnan/seg_edgetts_minnan_zh-TW-HsiaoChenNeural_SC-000143_03.wav,edgetts,minnan,SC-000143,zh-TW-HsiaoChenNeural,0.2849,隐蔽(难检)
data/redteam/factory/segments/edgetts/henan/seg_edgetts_henan_zh-CN-shaanxi-XiaoniNeural_SC-000351_02.wav,edgetts,henan,SC-000351,zh-CN-shaanxi-XiaoniNeural,0.2849,隐蔽(难检)
data/redteam/factory/segments/edgetts/minnan/seg_edgetts_minnan_zh-TW-HsiaoChenNeural_SC-001519_05.wav,edgetts,minnan,SC-001519,zh-TW-HsiaoChenNeural,0.2852,隐蔽(难检)
data/redteam/factory/segments/sovits_api/cantonese/seg_sovits_api_cantonese_ref_boot_edgetts_cantonese_zh-HK-HiuMaanNeural_SC-000005_seg8s_SC-000245_07.wav,sovits_api,cantonese,SC-000245,ref_boot_edgetts_cantonese_zh-HK-HiuMaanNeural_SC-000005_seg8s,0.2854,隐蔽(难检)
data/redteam/factory/segments/edgetts/sichuan/seg_edgetts_sichuan_zh-CN-XiaoxiaoNeural_SC-000409_00.wav,edgetts,sichuan,SC-000409,zh-CN-XiaoxiaoNeural,0.2855,隐蔽(难检)
data/redteam/factory/segments/sovits_api/cantonese/seg_sovits_api_cantonese_ref_boot_edgetts_cantonese_zh-HK-HiuMaanNeural_SC-000005_seg8s_SC-000333_02.wav,sovits_api,cantonese,SC-000333,ref_boot_edgetts_cantonese_zh-HK-HiuMaanNeural_SC-000005_seg8s,0.2856,隐蔽(难检)
data/redteam/factory/segments/edgetts/minnan/seg_edgetts_minnan_zh-TW-HsiaoChenNeural_SC-000943_00.wav,edgetts,minnan,SC-000943,zh-TW-HsiaoChenNeural,0.2859,隐蔽(难检)
data/redteam/factory/segments/edgetts/mandarin/seg_edgetts_mandarin_zh-CN-XiaoxiaoNeural_SC-000401_02.wav,edgetts,mandarin,SC-000401,zh-CN-XiaoxiaoNeural,0.2863,隐蔽(难检)
data/redteam/factory/segments/edgetts/mandarin/seg_edgetts_mandarin_zh-CN-YunyangNeural_SC-000335_01.wav,edgetts,mandarin,SC-000335,zh-CN-YunyangNeural,0.2864,隐蔽(难检)
data/redteam/factory/segments/edgetts/minnan/seg_edgetts_minnan_zh-TW-HsiaoChenNeural_SC-001487_05.wav,edgetts,minnan,SC-001487,zh-TW-HsiaoChenNeural,0.2864,隐蔽(难检)
data/redteam/factory/segments/edgetts/mandarin/seg_edgetts_mandarin_zh-CN-YunyangNeural_SC-000017_04.wav,edgetts,mandarin,SC-000017,zh-CN-YunyangNeural,0.2867,隐蔽(难检)
data/redteam/factory/segments/edgetts/minnan/seg_edgetts_minnan_zh-TW-HsiaoChenNeural_SC-000571_03.wav,edgetts,minnan,SC-000571,zh-TW-HsiaoChenNeural,0.2876,隐蔽(难检)
data/redteam/factory/segments/edgetts/mandarin/seg_edgetts_mandarin_zh-CN-XiaoxiaoNeural_SC-000335_00.wav,edgetts,mandarin,SC-000335,zh-CN-XiaoxiaoNeural,0.2876,隐蔽(难检)
data/redteam/factory/segments/edgetts/mandarin/seg_edgetts_mandarin_zh-CN-XiaoxiaoNeural_SC-000401_01.wav,edgetts,mandarin,SC-000401,zh-CN-XiaoxiaoNeural,0.2876,隐蔽(难检)
data/redteam/factory/segments/edgetts/minnan/seg_edgetts_minnan_zh-TW-YunJheNeural_SC-000466_01.wav,edgetts,minnan,SC-000466,zh-TW-YunJheNeural,0.2877,隐蔽(难检)
data/redteam/factory/segments/edgetts/dongbei/seg_edgetts_dongbei_zh-CN-liaoning-XiaobeiNeural_SC-000635_02.wav,edgetts,dongbei,SC-000635,zh-CN-liaoning-XiaobeiNeural,0.2877,隐蔽(难检)
data/redteam/factory/segments/edgetts/henan/seg_edgetts_henan_zh-CN-shaanxi-XiaoniNeural_SC-000932_03.wav,edgetts,henan,SC-000932,zh-CN-shaanxi-XiaoniNeural,0.2879,隐蔽(难检)
data/redteam/factory/segments/sovits_api/minnan/seg_sovits_api_minnan_ref_boot_edgetts_minnan_zh-TW-HsiaoChenNeural_SC-000001_SC-000339_03.wav,sovits_api,minnan,SC-000339,ref_boot_edgetts_minnan_zh-TW-HsiaoChenNeural_SC-000001,0.2879,隐蔽(难检)
data/redteam/factory/segments/edgetts/mandarin/seg_edgetts_mandarin_zh-CN-XiaoxiaoNeural_SC-000488_01.wav,edgetts,mandarin,SC-000488,zh-CN-XiaoxiaoNeural,0.288,隐蔽(难检)
data/redteam/factory/segments/edgetts/mandarin/seg_edgetts_mandarin_zh-CN-XiaoxiaoNeural_SC-000474_00.wav,edgetts,mandarin,SC-000474,zh-CN-XiaoxiaoNeural,0.2881,隐蔽(难检)
data/redteam/factory/segments/sovits_api/sichuan/seg_sovits_api_sichuan_ref_boot_edgetts_sichuan_zh-CN-XiaoxiaoNeural_SC-000010_SC-000251_01.wav,sovits_api,sichuan,SC-000251,ref_boot_edgetts_sichuan_zh-CN-XiaoxiaoNeural_SC-000010,0.2882,隐蔽(难检)
data/redteam/factory/segments/edgetts/cantonese/seg_edgetts_cantonese_zh-HK-WanLungNeural_SC-000765_01.wav,edgetts,cantonese,SC-000765,zh-HK-WanLungNeural,0.2883,隐蔽(难检)
data/redteam/factory/segments/edgetts/dongbei/seg_edgetts_dongbei_zh-CN-liaoning-XiaobeiNeural_SC-000017_08.wav,edgetts,dongbei,SC-000017,zh-CN-liaoning-XiaobeiNeural,0.2888,隐蔽(难检)
data/redteam/factory/segments/edgetts/dongbei/seg_edgetts_dongbei_zh-CN-liaoning-XiaobeiNeural_SC-001632_02.wav,edgetts,dongbei,SC-001632,zh-CN-liaoning-XiaobeiNeural,0.2888,隐蔽(难检)
data/redteam/factory/segments/edgetts/sichuan/seg_edgetts_sichuan_zh-CN-YunxiNeural_SC-000576_02.wav,edgetts,sichuan,SC-000576,zh-CN-YunxiNeural,0.289,隐蔽(难检)
data/redteam/factory/segments/edgetts/cantonese/seg_edgetts_cantonese_zh-HK-WanLungNeural_SC-000228_03.wav,edgetts,cantonese,SC-000228,zh-HK-WanLungNeural,0.2891,隐蔽(难检)
data/redteam/factory/segments/edgetts/minnan/seg_edgetts_minnan_zh-TW-YunJheNeural_SC-000816_01.wav,edgetts,minnan,SC-000816,zh-TW-YunJheNeural,0.2894,隐蔽(难检)
data/redteam/factory/segments/edgetts/dongbei/seg_edgetts_dongbei_zh-CN-liaoning-XiaobeiNeural_SC-000877_00.wav,edgetts,dongbei,SC-000877,zh-CN-liaoning-XiaobeiNeural,0.2895,隐蔽(难检)
data/redteam/factory/segments/edgetts/minnan/seg_edgetts_minnan_zh-TW-HsiaoChenNeural_SC-000970_00.wav,edgetts,minnan,SC-000970,zh-TW-HsiaoChenNeural,0.2897,隐蔽(难检)
data/redteam/factory/segments/edgetts/dongbei/seg_edgetts_dongbei_zh-CN-liaoning-XiaobeiNeural_SC-000434_03.wav,edgetts,dongbei,SC-000434,zh-CN-liaoning-XiaobeiNeural,0.2897,隐蔽(难检)
data/redteam/factory/segments/edgetts/minnan/seg_edgetts_minnan_zh-TW-HsiaoChenNeural_SC-001180_01.wav,edgetts,minnan,SC-001180,zh-TW-HsiaoChenNeural,0.2899,隐蔽(难检)
data/redteam/factory/segments/edgetts/minnan/seg_edgetts_minnan_zh-TW-HsiaoChenNeural_SC-000719_01.wav,edgetts,minnan,SC-000719,zh-TW-HsiaoChenNeural,0.29,隐蔽(难检)
data/redteam/factory/segments/edgetts/cantonese/seg_edgetts_cantonese_zh-HK-HiuMaanNeural_SC-000017_02.wav,edgetts,cantonese,SC-000017,zh-HK-HiuMaanNeural,0.2901,隐蔽(难检)
data/redteam/factory/segments/sovits_api/cantonese/seg_sovits_api_cantonese_ref_boot_edgetts_cantonese_zh-HK-WanLungNeural_SC-000005_seg8s_SC-000245_06.wav,sovits_api,cantonese,SC-000245,ref_boot_edgetts_cantonese_zh-HK-WanLungNeural_SC-000005_seg8s,0.2901,隐蔽(难检)
data/redteam/factory/segments/edgetts/henan/seg_edgetts_henan_zh-CN-shaanxi-XiaoniNeural_SC-000432_01.wav,edgetts,henan,SC-000432,zh-CN-shaanxi-XiaoniNeural,0.2904,隐蔽(难检)
data/redteam/factory/segments/edgetts/minnan/seg_edgetts_minnan_zh-TW-YunJheNeural_SC-001267_00.wav,edgetts,minnan,SC-001267,zh-TW-YunJheNeural,0.2906,隐蔽(难检)
data/redteam/factory/segments/edgetts/henan/seg_edgetts_henan_zh-CN-shaanxi-XiaoniNeural_SC-000898_01.wav,edgetts,henan,SC-000898,zh-CN-shaanxi-XiaoniNeural,0.2908,隐蔽(难检)
data/redteam/factory/segments/edgetts/minnan/seg_edgetts_minnan_zh-TW-HsiaoChenNeural_SC-000816_01.wav,edgetts,minnan,SC-000816,zh-TW-HsiaoChenNeural,0.2911,隐蔽(难检)
data/redteam/factory/segments/edgetts/minnan/seg_edgetts_minnan_zh-TW-HsiaoChenNeural_SC-001034_00.wav,edgetts,minnan,SC-001034,zh-TW-HsiaoChenNeural,0.2912,隐蔽(难检)
data/redteam/factory/segments/edgetts/dongbei/seg_edgetts_dongbei_zh-CN-liaoning-XiaobeiNeural_SC-001303_03.wav,edgetts,dongbei,SC-001303,zh-CN-liaoning-XiaobeiNeural,0.2912,隐蔽(难检)
data/redteam/factory/segments/sovits_api/cantonese/seg_sovits_api_cantonese_ref_boot_edgetts_cantonese_zh-HK-HiuMaanNeural_SC-000005_seg8s_SC-000131_02.wav,sovits_api,cantonese,SC-000131,ref_boot_edgetts_cantonese_zh-HK-HiuMaanNeural_SC-000005_seg8s,0.2914,隐蔽(难检)
data/redteam/factory/segments/edgetts/sichuan/seg_edgetts_sichuan_zh-CN-XiaoxiaoNeural_SC-000576_01.wav,edgetts,sichuan,SC-000576,zh-CN-XiaoxiaoNeural,0.2915,隐蔽(难检)
data/redteam/factory/segments/sovits_api/sichuan/seg_sovits_api_sichuan_ref_boot_edgetts_sichuan_zh-CN-XiaoxiaoNeural_SC-000010_SC-000115_03.wav,sovits_api,sichuan,SC-000115,ref_boot_edgetts_sichuan_zh-CN-XiaoxiaoNeural_SC-000010,0.2916,隐蔽(难检)
data/redteam/factory/segments/edgetts/sichuan/seg_edgetts_sichuan_zh-CN-XiaoxiaoNeural_SC-000042_04.wav,edgetts,sichuan,SC-000042,zh-CN-XiaoxiaoNeural,0.2917,隐蔽(难检)
data/redteam/factory/segments/edgetts/minnan/seg_edgetts_minnan_zh-TW-HsiaoChenNeural_SC-001180_02.wav,edgetts,minnan,SC-001180,zh-TW-HsiaoChenNeural,0.2921,隐蔽(难检)
data/redteam/factory/segments/edgetts/cantonese/seg_edgetts_cantonese_zh-HK-HiuMaanNeural_SC-000666_03.wav,edgetts,cantonese,SC-000666,zh-HK-HiuMaanNeural,0.2925,隐蔽(难检)
data/redteam/factory/segments/edgetts/minnan/seg_edgetts_minnan_zh-TW-YunJheNeural_SC-000940_00.wav,edgetts,minnan,SC-000940,zh-TW-YunJheNeural,0.2926,隐蔽(难检)
data/redteam/factory/segments/edgetts/minnan/seg_edgetts_minnan_zh-TW-YunJheNeural_SC-001447_00.wav,edgetts,minnan,SC-001447,zh-TW-YunJheNeural,0.293,隐蔽(难检)
data/redteam/factory/segments/edgetts/cantonese/seg_edgetts_cantonese_zh-HK-HiuMaanNeural_SC-000116_05.wav,edgetts,cantonese,SC-000116,zh-HK-HiuMaanNeural,0.2932,隐蔽(难检)
data/redteam/factory/segments/edgetts/henan/seg_edgetts_henan_zh-CN-shaanxi-XiaoniNeural_SC-001569_03.wav,edgetts,henan,SC-001569,zh-CN-shaanxi-XiaoniNeural,0.2936,隐蔽(难检)
data/redteam/factory/segments/edgetts/dongbei/seg_edgetts_dongbei_zh-CN-liaoning-XiaobeiNeural_SC-000264_02.wav,edgetts,dongbei,SC-000264,zh-CN-liaoning-XiaobeiNeural,0.2937,隐蔽(难检)
data/redteam/factory/segments/edgetts/minnan/seg_edgetts_minnan_zh-TW-HsiaoChenNeural_SC-000936_00.wav,edgetts,minnan,SC-000936,zh-TW-HsiaoChenNeural,0.2937,隐蔽(难检)
data/redteam/factory/segments/edgetts/mandarin/seg_edgetts_mandarin_zh-CN-XiaoxiaoNeural_SC-000204_02.wav,edgetts,mandarin,SC-000204,zh-CN-XiaoxiaoNeural,0.294,隐蔽(难检)
data/redteam/factory/segments/edgetts/minnan/seg_edgetts_minnan_zh-TW-HsiaoChenNeural_SC-001619_03.wav,edgetts,minnan,SC-001619,zh-TW-HsiaoChenNeural,0.2942,隐蔽(难检)
data/redteam/factory/segments/sovits_api/mandarin/seg_sovits_api_mandarin_ref_boot_edgetts_mandarin_zh-CN-YunjianNeural_SC-000007_seg8s_SC-000090_02.wav,sovits_api,mandarin,SC-000090,ref_boot_edgetts_mandarin_zh-CN-YunjianNeural_SC-000007_seg8s,0.2942,隐蔽(难检)
data/redteam/factory/segments/edgetts/sichuan/seg_edgetts_sichuan_zh-CN-YunxiNeural_SC-000042_04.wav,edgetts,sichuan,SC-000042,zh-CN-YunxiNeural,0.2947,隐蔽(难检)
data/redteam/factory/segments/edgetts/minnan/seg_edgetts_minnan_zh-TW-HsiaoChenNeural_SC-000643_02.wav,edgetts,minnan,SC-000643,zh-TW-HsiaoChenNeural,0.2947,隐蔽(难检)
data/redteam/factory/segments/edgetts/minnan/seg_edgetts_minnan_zh-TW-HsiaoChenNeural_SC-000056_08.wav,edgetts,minnan,SC-000056,zh-TW-HsiaoChenNeural,0.2948,隐蔽(难检)
data/redteam/factory/segments/edgetts/minnan/seg_edgetts_minnan_zh-TW-YunJheNeural_SC-000017_09.wav,edgetts,minnan,SC-000017,zh-TW-YunJheNeural,0.2949,隐蔽(难检)
data/redteam/factory/segments/edgetts/minnan/seg_edgetts_minnan_zh-TW-HsiaoChenNeural_SC-000841_03.wav,edgetts,minnan,SC-000841,zh-TW-HsiaoChenNeural,0.2949,隐蔽(难检)
data/redteam/factory/segments/edgetts/sichuan/seg_edgetts_sichuan_zh-CN-XiaoxiaoNeural_SC-001002_00.wav,edgetts,sichuan,SC-001002,zh-CN-XiaoxiaoNeural,0.2949,隐蔽(难检)
data/redteam/factory/segments/edgetts/minnan/seg_edgetts_minnan_zh-TW-YunJheNeural_SC-000539_03.wav,edgetts,minnan,SC-000539,zh-TW-YunJheNeural,0.2953,隐蔽(难检)
data/redteam/factory/segments/edgetts/minnan/seg_edgetts_minnan_zh-TW-HsiaoChenNeural_SC-000802_02.wav,edgetts,minnan,SC-000802,zh-TW-HsiaoChenNeural,0.2956,隐蔽(难检)
data/redteam/factory/segments/edgetts/cantonese/seg_edgetts_cantonese_zh-HK-WanLungNeural_SC-000601_01.wav,edgetts,cantonese,SC-000601,zh-HK-WanLungNeural,0.2957,隐蔽(难检)
data/redteam/factory/segments/edgetts/cantonese/seg_edgetts_cantonese_zh-HK-WanLungNeural_SC-000666_03.wav,edgetts,cantonese,SC-000666,zh-HK-WanLungNeural,0.2958,隐蔽(难检)
data/redteam/factory/segments/edgetts/minnan/seg_edgetts_minnan_zh-TW-HsiaoChenNeural_SC-001519_00.wav,edgetts,minnan,SC-001519,zh-TW-HsiaoChenNeural,0.2959,隐蔽(难检)
data/redteam/factory/segments/edgetts/dongbei/seg_edgetts_dongbei_zh-CN-liaoning-XiaobeiNeural_SC-000024_03.wav,edgetts,dongbei,SC-000024,zh-CN-liaoning-XiaobeiNeural,0.296,隐蔽(难检)
data/redteam/factory/segments/edgetts/cantonese/seg_edgetts_cantonese_zh-HK-HiuMaanNeural_SC-000786_00.wav,edgetts,cantonese,SC-000786,zh-HK-HiuMaanNeural,0.296,隐蔽(难检)
data/redteam/factory/segments/edgetts/minnan/seg_edgetts_minnan_zh-TW-YunJheNeural_SC-000943_01.wav,edgetts,minnan,SC-000943,zh-TW-YunJheNeural,0.2961,隐蔽(难检)
data/redteam/factory/segments/edgetts/dongbei/seg_edgetts_dongbei_zh-CN-liaoning-XiaobeiNeural_SC-001395_00.wav,edgetts,dongbei,SC-001395,zh-CN-liaoning-XiaobeiNeural,0.2963,隐蔽(难检)
data/redteam/factory/segments/edgetts/minnan/seg_edgetts_minnan_zh-TW-HsiaoChenNeural_SC-001180_03.wav,edgetts,minnan,SC-001180,zh-TW-HsiaoChenNeural,0.2963,隐蔽(难检)
data/redteam/factory/segments/edgetts/dongbei/seg_edgetts_dongbei_zh-CN-liaoning-XiaobeiNeural_SC-001363_01.wav,edgetts,dongbei,SC-001363,zh-CN-liaoning-XiaobeiNeural,0.2968,隐蔽(难检)
data/redteam/factory/segments/edgetts/dongbei/seg_edgetts_dongbei_zh-CN-liaoning-XiaobeiNeural_SC-001506_03.wav,edgetts,dongbei,SC-001506,zh-CN-liaoning-XiaobeiNeural,0.2968,隐蔽(难检)
data/redteam/factory/segments/edgetts/henan/seg_edgetts_henan_zh-CN-shaanxi-XiaoniNeural_SC-000662_02.wav,edgetts,henan,SC-000662,zh-CN-shaanxi-XiaoniNeural,0.2969,隐蔽(难检)
data/redteam/factory/segments/edgetts/dongbei/seg_edgetts_dongbei_zh-CN-liaoning-XiaobeiNeural_SC-001124_00.wav,edgetts,dongbei,SC-001124,zh-CN-liaoning-XiaobeiNeural,0.297,隐蔽(难检)
data/redteam/factory/segments/edgetts/minnan/seg_edgetts_minnan_zh-TW-HsiaoChenNeural_SC-001487_02.wav,edgetts,minnan,SC-001487,zh-TW-HsiaoChenNeural,0.2975,隐蔽(难检)
data/redteam/factory/segments/edgetts/minnan/seg_edgetts_minnan_zh-TW-HsiaoChenNeural_SC-001267_01.wav,edgetts,minnan,SC-001267,zh-TW-HsiaoChenNeural,0.2979,隐蔽(难检)
data/redteam/factory/segments/edgetts/cantonese/seg_edgetts_cantonese_zh-HK-HiuMaanNeural_SC-001042_03.wav,edgetts,cantonese,SC-001042,zh-HK-HiuMaanNeural,0.298,隐蔽(难检)
data/redteam/factory/segments/edgetts/minnan/seg_edgetts_minnan_zh-TW-YunJheNeural_SC-001112_01.wav,edgetts,minnan,SC-001112,zh-TW-YunJheNeural,0.2983,隐蔽(难检)
data/redteam/factory/segments/edgetts/minnan/seg_edgetts_minnan_zh-TW-YunJheNeural_SC-000017_08.wav,edgetts,minnan,SC-000017,zh-TW-YunJheNeural,0.2984,隐蔽(难检)
data/redteam/factory/segments/edgetts/minnan/seg_edgetts_minnan_zh-TW-YunJheNeural_SC-000143_03.wav,edgetts,minnan,SC-000143,zh-TW-YunJheNeural,0.2986,隐蔽(难检)
data/redteam/factory/segments/edgetts/minnan/seg_edgetts_minnan_zh-TW-HsiaoChenNeural_SC-000017_00.wav,edgetts,minnan,SC-000017,zh-TW-HsiaoChenNeural,0.2991,隐蔽(难检)
data/redteam/factory/segments/edgetts/minnan/seg_edgetts_minnan_zh-TW-HsiaoChenNeural_SC-000900_03.wav,edgetts,minnan,SC-000900,zh-TW-HsiaoChenNeural,0.2991,隐蔽(难检)
data/redteam/factory/segments/edgetts/minnan/seg_edgetts_minnan_zh-TW-YunJheNeural_SC-001180_02.wav,edgetts,minnan,SC-001180,zh-TW-YunJheNeural,0.2991,隐蔽(难检)
data/redteam/factory/segments/edgetts/minnan/seg_edgetts_minnan_zh-TW-HsiaoChenNeural_SC-001441_01.wav,edgetts,minnan,SC-001441,zh-TW-HsiaoChenNeural,0.2991,隐蔽(难检)
data/redteam/factory/segments/edgetts/sichuan/seg_edgetts_sichuan_zh-CN-XiaoxiaoNeural_SC-000436_01.wav,edgetts,sichuan,SC-000436,zh-CN-XiaoxiaoNeural,0.2992,隐蔽(难检)
data/redteam/factory/segments/edgetts/sichuan/seg_edgetts_sichuan_zh-CN-XiaoxiaoNeural_SC-000429_04.wav,edgetts,sichuan,SC-000429,zh-CN-XiaoxiaoNeural,0.2994,隐蔽(难检)
data/redteam/factory/segments/edgetts/minnan/seg_edgetts_minnan_zh-TW-HsiaoChenNeural_SC-000056_06.wav,edgetts,minnan,SC-000056,zh-TW-HsiaoChenNeural,0.2996,隐蔽(难检)
data/redteam/factory/segments/edgetts/cantonese/seg_edgetts_cantonese_zh-HK-HiuMaanNeural_SC-000689_04.wav,edgetts,cantonese,SC-000689,zh-HK-HiuMaanNeural,0.2996,隐蔽(难检)
data/redteam/factory/segments/edgetts/henan/seg_edgetts_henan_zh-CN-shaanxi-XiaoniNeural_SC-000818_04.wav,edgetts,henan,SC-000818,zh-CN-shaanxi-XiaoniNeural,0.2997,隐蔽(难检)
data/redteam/factory/segments/sovits_api/cantonese/seg_sovits_api_cantonese_ref_boot_edgetts_cantonese_zh-HK-HiuMaanNeural_SC-000005_seg8s_SC-000103_00.wav,sovits_api,cantonese,SC-000103,ref_boot_edgetts_cantonese_zh-HK-HiuMaanNeural_SC-000005_seg8s,0.3,边界
data/redteam/factory/segments/edgetts/minnan/seg_edgetts_minnan_zh-TW-YunJheNeural_SC-001180_00.wav,edgetts,minnan,SC-001180,zh-TW-YunJheNeural,0.3009,边界
data/redteam/factory/segments/edgetts/sichuan/seg_edgetts_sichuan_zh-CN-XiaoxiaoNeural_SC-000627_02.wav,edgetts,sichuan,SC-000627,zh-CN-XiaoxiaoNeural,0.3009,边界
data/redteam/factory/segments/edgetts/henan/seg_edgetts_henan_zh-CN-shaanxi-XiaoniNeural_SC-001368_02.wav,edgetts,henan,SC-001368,zh-CN-shaanxi-XiaoniNeural,0.3009,边界
data/redteam/factory/segments/edgetts/henan/seg_edgetts_henan_zh-CN-shaanxi-XiaoniNeural_SC-001168_02.wav,edgetts,henan,SC-001168,zh-CN-shaanxi-XiaoniNeural,0.3013,边界
data/redteam/factory/segments/edgetts/mandarin/seg_edgetts_mandarin_zh-CN-XiaoxiaoNeural_SC-000159_01.wav,edgetts,mandarin,SC-000159,zh-CN-XiaoxiaoNeural,0.3013,边界
data/redteam/factory/segments/edgetts/dongbei/seg_edgetts_dongbei_zh-CN-liaoning-XiaobeiNeural_SC-001147_00.wav,edgetts,dongbei,SC-001147,zh-CN-liaoning-XiaobeiNeural,0.3018,边界
data/redteam/factory/segments/edgetts/sichuan/seg_edgetts_sichuan_zh-CN-YunxiNeural_SC-000409_02.wav,edgetts,sichuan,SC-000409,zh-CN-YunxiNeural,0.302,边界
data/redteam/factory/segments/edgetts/cantonese/seg_edgetts_cantonese_zh-HK-WanLungNeural_SC-000547_00.wav,edgetts,cantonese,SC-000547,zh-HK-WanLungNeural,0.3022,边界
data/redteam/factory/segments/edgetts/minnan/seg_edgetts_minnan_zh-TW-HsiaoChenNeural_SC-001084_00.wav,edgetts,minnan,SC-001084,zh-TW-HsiaoChenNeural,0.3024,边界
data/redteam/factory/segments/sovits_api/minnan/seg_sovits_api_minnan_ref_boot_edgetts_minnan_zh-TW-HsiaoChenNeural_SC-000001_SC-000056_03.wav,sovits_api,minnan,SC-000056,ref_boot_edgetts_minnan_zh-TW-HsiaoChenNeural_SC-000001,0.3024,边界
data/redteam/factory/segments/edgetts/henan/seg_edgetts_henan_zh-CN-shaanxi-XiaoniNeural_SC-000442_01.wav,edgetts,henan,SC-000442,zh-CN-shaanxi-XiaoniNeural,0.3027,边界
data/redteam/factory/segments/edgetts/minnan/seg_edgetts_minnan_zh-TW-HsiaoChenNeural_SC-000445_01.wav,edgetts,minnan,SC-000445,zh-TW-HsiaoChenNeural,0.3029,边界
data/redteam/factory/segments/sovits_api/mandarin/seg_sovits_api_mandarin_ref_boot_edgetts_mandarin_zh-CN-XiaoxiaoNeural_SC-000007_seg8s_SC-000069_01.wav,sovits_api,mandarin,SC-000069,ref_boot_edgetts_mandarin_zh-CN-XiaoxiaoNeural_SC-000007_seg8s,0.303,边界
data/redteam/factory/segments/edgetts/mandarin/seg_edgetts_mandarin_zh-CN-XiaoxiaoNeural_SC-000455_03.wav,edgetts,mandarin,SC-000455,zh-CN-XiaoxiaoNeural,0.3037,边界
data/redteam/factory/segments/edgetts/dongbei/seg_edgetts_dongbei_zh-CN-liaoning-XiaobeiNeural_SC-001674_01.wav,edgetts,dongbei,SC-001674,zh-CN-liaoning-XiaobeiNeural,0.3038,边界
data/redteam/factory/segments/edgetts/henan/seg_edgetts_henan_zh-CN-shaanxi-XiaoniNeural_SC-001569_01.wav,edgetts,henan,SC-001569,zh-CN-shaanxi-XiaoniNeural,0.3039,边界
data/redteam/factory/segments/edgetts/mandarin/seg_edgetts_mandarin_zh-CN-XiaoxiaoNeural_SC-000470_00.wav,edgetts,mandarin,SC-000470,zh-CN-XiaoxiaoNeural,0.3041,边界
data/redteam/factory/segments/edgetts/minnan/seg_edgetts_minnan_zh-TW-YunJheNeural_SC-001151_01.wav,edgetts,minnan,SC-001151,zh-TW-YunJheNeural,0.3041,边界
data/redteam/factory/segments/edgetts/minnan/seg_edgetts_minnan_zh-TW-HsiaoChenNeural_SC-000218_01.wav,edgetts,minnan,SC-000218,zh-TW-HsiaoChenNeural,0.3043,边界
data/redteam/factory/segments/edgetts/mandarin/seg_edgetts_mandarin_zh-CN-YunxiNeural_SC-000511_01.wav,edgetts,mandarin,SC-000511,zh-CN-YunxiNeural,0.3043,边界
data/redteam/factory/segments/edgetts/henan/seg_edgetts_henan_zh-CN-shaanxi-XiaoniNeural_SC-000351_01.wav,edgetts,henan,SC-000351,zh-CN-shaanxi-XiaoniNeural,0.3045,边界
data/redteam/factory/segments/edgetts/minnan/seg_edgetts_minnan_zh-TW-YunJheNeural_SC-001447_02.wav,edgetts,minnan,SC-001447,zh-TW-YunJheNeural,0.305,边界
data/redteam/factory/segments/edgetts/dongbei/seg_edgetts_dongbei_zh-CN-liaoning-XiaobeiNeural_SC-000017_03.wav,edgetts,dongbei,SC-000017,zh-CN-liaoning-XiaobeiNeural,0.3051,边界
data/redteam/factory/segments/edgetts/mandarin/seg_edgetts_mandarin_zh-CN-XiaoxiaoNeural_SC-000480_02.wav,edgetts,mandarin,SC-000480,zh-CN-XiaoxiaoNeural,0.3054,边界
data/redteam/factory/segments/edgetts/sichuan/seg_edgetts_sichuan_zh-CN-XiaoxiaoNeural_SC-000513_00.wav,edgetts,sichuan,SC-000513,zh-CN-XiaoxiaoNeural,0.3054,边界
data/redteam/factory/segments/edgetts/minnan/seg_edgetts_minnan_zh-TW-YunJheNeural_SC-000369_03.wav,edgetts,minnan,SC-000369,zh-TW-YunJheNeural,0.3057,边界
data/redteam/factory/segments/edgetts/minnan/seg_edgetts_minnan_zh-TW-HsiaoChenNeural_SC-001215_03.wav,edgetts,minnan,SC-001215,zh-TW-HsiaoChenNeural,0.3057,边界
data/redteam/factory/segments/edgetts/minnan/seg_edgetts_minnan_zh-TW-HsiaoChenNeural_SC-000017_02.wav,edgetts,minnan,SC-000017,zh-TW-HsiaoChenNeural,0.3058,边界
data/redteam/factory/segments/edgetts/minnan/seg_edgetts_minnan_zh-TW-HsiaoChenNeural_SC-000466_01.wav,edgetts,minnan,SC-000466,zh-TW-HsiaoChenNeural,0.3066,边界
data/redteam/factory/segments/sovits_api/mandarin/seg_sovits_api_mandarin_ref_boot_edgetts_mandarin_zh-CN-XiaoxiaoNeural_SC-000007_seg8s_SC-000069_02.wav,sovits_api,mandarin,SC-000069,ref_boot_edgetts_mandarin_zh-CN-XiaoxiaoNeural_SC-000007_seg8s,0.3066,边界
data/redteam/factory/segments/edgetts/mandarin/seg_edgetts_mandarin_zh-CN-XiaoxiaoNeural_SC-000401_00.wav,edgetts,mandarin,SC-000401,zh-CN-XiaoxiaoNeural,0.3067,边界
data/redteam/factory/segments/edgetts/minnan/seg_edgetts_minnan_zh-TW-YunJheNeural_SC-001180_03.wav,edgetts,minnan,SC-001180,zh-TW-YunJheNeural,0.3068,边界
data/redteam/factory/segments/edgetts/minnan/seg_edgetts_minnan_zh-TW-HsiaoChenNeural_SC-001483_03.wav,edgetts,minnan,SC-001483,zh-TW-HsiaoChenNeural,0.3069,边界
data/redteam/factory/segments/edgetts/dongbei/seg_edgetts_dongbei_zh-CN-liaoning-XiaobeiNeural_SC-000017_05.wav,edgetts,dongbei,SC-000017,zh-CN-liaoning-XiaobeiNeural,0.3072,边界
data/redteam/factory/segments/edgetts/minnan/seg_edgetts_minnan_zh-TW-YunJheNeural_SC-000339_03.wav,edgetts,minnan,SC-000339,zh-TW-YunJheNeural,0.3075,边界
data/redteam/factory/segments/sovits_api/cantonese/seg_sovits_api_cantonese_ref_boot_edgetts_cantonese_zh-HK-HiuMaanNeural_SC-000005_seg8s_SC-000103_01.wav,sovits_api,cantonese,SC-000103,ref_boot_edgetts_cantonese_zh-HK-HiuMaanNeural_SC-000005_seg8s,0.3076,边界
data/redteam/factory/segments/edgetts/minnan/seg_edgetts_minnan_zh-TW-HsiaoChenNeural_SC-000369_02.wav,edgetts,minnan,SC-000369,zh-TW-HsiaoChenNeural,0.3078,边界
data/redteam/factory/segments/edgetts/cantonese/seg_edgetts_cantonese_zh-HK-HiuMaanNeural_SC-001244_01.wav,edgetts,cantonese,SC-001244,zh-HK-HiuMaanNeural,0.308,边界
data/redteam/factory/segments/edgetts/henan/seg_edgetts_henan_zh-CN-shaanxi-XiaoniNeural_SC-001569_00.wav,edgetts,henan,SC-001569,zh-CN-shaanxi-XiaoniNeural,0.3081,边界
data/redteam/factory/segments/edgetts/minnan/seg_edgetts_minnan_zh-TW-YunJheNeural_SC-000936_02.wav,edgetts,minnan,SC-000936,zh-TW-YunJheNeural,0.3083,边界
data/redteam/factory/segments/edgetts/dongbei/seg_edgetts_dongbei_zh-CN-liaoning-XiaobeiNeural_SC-000658_01.wav,edgetts,dongbei,SC-000658,zh-CN-liaoning-XiaobeiNeural,0.3083,边界
data/redteam/factory/segments/edgetts/cantonese/seg_edgetts_cantonese_zh-HK-HiuMaanNeural_SC-000333_03.wav,edgetts,cantonese,SC-000333,zh-HK-HiuMaanNeural,0.3086,边界
data/redteam/factory/segments/edgetts/henan/seg_edgetts_henan_zh-CN-shaanxi-XiaoniNeural_SC-000517_02.wav,edgetts,henan,SC-000517,zh-CN-shaanxi-XiaoniNeural,0.3088,边界
data/redteam/factory/segments/edgetts/henan/seg_edgetts_henan_zh-CN-shaanxi-XiaoniNeural_SC-001123_01.wav,edgetts,henan,SC-001123,zh-CN-shaanxi-XiaoniNeural,0.3089,边界
data/redteam/factory/segments/sovits_api/dongbei/seg_sovits_api_dongbei_ref_boot_edgetts_dongbei_zh-CN-liaoning-XiaobeiNeural_SC-000002_seg8s_SC-000024_00.wav,sovits_api,dongbei,SC-000024,ref_boot_edgetts_dongbei_zh-CN-liaoning-XiaobeiNeural_SC-000002_seg8s,0.3089,边界
data/redteam/factory/segments/edgetts/dongbei/seg_edgetts_dongbei_zh-CN-liaoning-XiaobeiNeural_SC-001440_00.wav,edgetts,dongbei,SC-001440,zh-CN-liaoning-XiaobeiNeural,0.3091,边界
data/redteam/factory/segments/edgetts/sichuan/seg_edgetts_sichuan_zh-CN-XiaoxiaoNeural_SC-000963_01.wav,edgetts,sichuan,SC-000963,zh-CN-XiaoxiaoNeural,0.3094,边界
data/redteam/factory/segments/sovits_api/dongbei/seg_sovits_api_dongbei_ref_boot_edgetts_dongbei_zh-CN-liaoning-XiaobeiNeural_SC-000002_seg8s_SC-000264_03.wav,sovits_api,dongbei,SC-000264,ref_boot_edgetts_dongbei_zh-CN-liaoning-XiaobeiNeural_SC-000002_seg8s,0.3094,边界
data/redteam/factory/segments/edgetts/mandarin/seg_edgetts_mandarin_zh-CN-YunxiNeural_SC-000017_03.wav,edgetts,mandarin,SC-000017,zh-CN-YunxiNeural,0.31,边界
data/redteam/factory/segments/edgetts/sichuan/seg_edgetts_sichuan_zh-CN-YunxiNeural_SC-000017_03.wav,edgetts,sichuan,SC-000017,zh-CN-YunxiNeural,0.31,边界
data/redteam/factory/segments/edgetts/minnan/seg_edgetts_minnan_zh-TW-HsiaoChenNeural_SC-000802_03.wav,edgetts,minnan,SC-000802,zh-TW-HsiaoChenNeural,0.3105,边界
data/redteam/factory/segments/sovits_api/mandarin/seg_sovits_api_mandarin_ref_boot_edgetts_mandarin_zh-CN-XiaoxiaoNeural_SC-000007_seg8s_SC-000069_00.wav,sovits_api,mandarin,SC-000069,ref_boot_edgetts_mandarin_zh-CN-XiaoxiaoNeural_SC-000007_seg8s,0.3105,边界
data/redteam/factory/segments/sovits_api/minnan/seg_sovits_api_minnan_ref_boot_edgetts_minnan_zh-TW-HsiaoChenNeural_SC-000001_SC-000339_01.wav,sovits_api,minnan,SC-000339,ref_boot_edgetts_minnan_zh-TW-HsiaoChenNeural_SC-000001,0.3106,边界
data/redteam/factory/segments/edgetts/minnan/seg_edgetts_minnan_zh-TW-YunJheNeural_SC-000900_01.wav,edgetts,minnan,SC-000900,zh-TW-YunJheNeural,0.3107,边界
data/redteam/factory/segments/edgetts/henan/seg_edgetts_henan_zh-CN-shaanxi-XiaoniNeural_SC-000517_01.wav,edgetts,henan,SC-000517,zh-CN-shaanxi-XiaoniNeural,0.3111,边界
data/redteam/factory/segments/edgetts/minnan/seg_edgetts_minnan_zh-TW-YunJheNeural_SC-001487_01.wav,edgetts,minnan,SC-001487,zh-TW-YunJheNeural,0.3113,边界
data/redteam/factory/segments/sovits_api/dongbei/seg_sovits_api_dongbei_ref_boot_edgetts_dongbei_zh-CN-liaoning-XiaobeiNeural_SC-000002_seg8s_SC-000231_01.wav,sovits_api,dongbei,SC-000231,ref_boot_edgetts_dongbei_zh-CN-liaoning-XiaobeiNeural_SC-000002_seg8s,0.3113,边界
data/redteam/factory/segments/sovits_api/mandarin/seg_sovits_api_mandarin_ref_boot_edgetts_mandarin_zh-CN-YunxiNeural_SC-000007_seg8s_SC-000036_02.wav,sovits_api,mandarin,SC-000036,ref_boot_edgetts_mandarin_zh-CN-YunxiNeural_SC-000007_seg8s,0.312,边界
data/redteam/factory/segments/edgetts/henan/seg_edgetts_henan_zh-CN-shaanxi-XiaoniNeural_SC-000873_02.wav,edgetts,henan,SC-000873,zh-CN-shaanxi-XiaoniNeural,0.3122,边界
data/redteam/factory/segments/edgetts/minnan/seg_edgetts_minnan_zh-TW-HsiaoChenNeural_SC-000571_01.wav,edgetts,minnan,SC-000571,zh-TW-HsiaoChenNeural,0.3122,边界
data/redteam/factory/segments/edgetts/henan/seg_edgetts_henan_zh-CN-shaanxi-XiaoniNeural_SC-000017_00.wav,edgetts,henan,SC-000017,zh-CN-shaanxi-XiaoniNeural,0.3123,边界
data/redteam/factory/segments/edgetts/henan/seg_edgetts_henan_zh-CN-shaanxi-XiaoniNeural_SC-001617_03.wav,edgetts,henan,SC-001617,zh-CN-shaanxi-XiaoniNeural,0.3125,边界
data/redteam/factory/segments/edgetts/cantonese/seg_edgetts_cantonese_zh-HK-WanLungNeural_SC-001244_01.wav,edgetts,cantonese,SC-001244,zh-HK-WanLungNeural,0.3129,边界
data/redteam/factory/segments/edgetts/mandarin/seg_edgetts_mandarin_zh-CN-YunjianNeural_SC-000036_02.wav,edgetts,mandarin,SC-000036,zh-CN-YunjianNeural,0.3132,边界
data/redteam/factory/segments/edgetts/minnan/seg_edgetts_minnan_zh-TW-YunJheNeural_SC-000970_01.wav,edgetts,minnan,SC-000970,zh-TW-YunJheNeural,0.3134,边界
data/redteam/factory/segments/edgetts/dongbei/seg_edgetts_dongbei_zh-CN-liaoning-XiaobeiNeural_SC-001632_01.wav,edgetts,dongbei,SC-001632,zh-CN-liaoning-XiaobeiNeural,0.3138,边界
data/redteam/factory/segments/edgetts/dongbei/seg_edgetts_dongbei_zh-CN-liaoning-XiaobeiNeural_SC-001119_03.wav,edgetts,dongbei,SC-001119,zh-CN-liaoning-XiaobeiNeural,0.3143,边界
data/redteam/factory/segments/edgetts/cantonese/seg_edgetts_cantonese_zh-HK-HiuMaanNeural_SC-000765_00.wav,edgetts,cantonese,SC-000765,zh-HK-HiuMaanNeural,0.3145,边界
data/redteam/factory/segments/edgetts/sichuan/seg_edgetts_sichuan_zh-CN-YunxiNeural_SC-000537_01.wav,edgetts,sichuan,SC-000537,zh-CN-YunxiNeural,0.3148,边界
data/redteam/factory/segments/edgetts/minnan/seg_edgetts_minnan_zh-TW-HsiaoChenNeural_SC-001441_02.wav,edgetts,minnan,SC-001441,zh-TW-HsiaoChenNeural,0.3151,边界
data/redteam/factory/segments/edgetts/dongbei/seg_edgetts_dongbei_zh-CN-liaoning-XiaobeiNeural_SC-000658_04.wav,edgetts,dongbei,SC-000658,zh-CN-liaoning-XiaobeiNeural,0.3152,边界
data/redteam/factory/segments/edgetts/henan/seg_edgetts_henan_zh-CN-shaanxi-XiaoniNeural_SC-000017_02.wav,edgetts,henan,SC-000017,zh-CN-shaanxi-XiaoniNeural,0.3155,边界
data/redteam/factory/segments/edgetts/sichuan/seg_edgetts_sichuan_zh-CN-YunxiNeural_SC-000115_01.wav,edgetts,sichuan,SC-000115,zh-CN-YunxiNeural,0.3157,边界
data/redteam/factory/segments/edgetts/cantonese/seg_edgetts_cantonese_zh-HK-HiuMaanNeural_SC-000245_02.wav,edgetts,cantonese,SC-000245,zh-HK-HiuMaanNeural,0.3159,边界
data/redteam/factory/segments/edgetts/henan/seg_edgetts_henan_zh-CN-shaanxi-XiaoniNeural_SC-001481_01.wav,edgetts,henan,SC-001481,zh-CN-shaanxi-XiaoniNeural,0.3164,边界
data/redteam/factory/segments/edgetts/dongbei/seg_edgetts_dongbei_zh-CN-liaoning-XiaobeiNeural_SC-001662_03.wav,edgetts,dongbei,SC-001662,zh-CN-liaoning-XiaobeiNeural,0.3164,边界
data/redteam/factory/segments/edgetts/minnan/seg_edgetts_minnan_zh-TW-HsiaoChenNeural_SC-001383_04.wav,edgetts,minnan,SC-001383,zh-TW-HsiaoChenNeural,0.3165,边界
data/redteam/factory/segments/edgetts/minnan/seg_edgetts_minnan_zh-TW-YunJheNeural_SC-001267_02.wav,edgetts,minnan,SC-001267,zh-TW-YunJheNeural,0.317,边界
data/redteam/factory/segments/edgetts/minnan/seg_edgetts_minnan_zh-TW-HsiaoChenNeural_SC-000883_03.wav,edgetts,minnan,SC-000883,zh-TW-HsiaoChenNeural,0.3172,边界
data/redteam/factory/segments/edgetts/sichuan/seg_edgetts_sichuan_zh-CN-XiaoxiaoNeural_SC-000896_00.wav,edgetts,sichuan,SC-000896,zh-CN-XiaoxiaoNeural,0.3173,边界
data/redteam/factory/segments/edgetts/minnan/seg_edgetts_minnan_zh-TW-YunJheNeural_SC-000323_03.wav,edgetts,minnan,SC-000323,zh-TW-YunJheNeural,0.3174,边界
data/redteam/factory/segments/edgetts/minnan/seg_edgetts_minnan_zh-TW-HsiaoChenNeural_SC-000940_04.wav,edgetts,minnan,SC-000940,zh-TW-HsiaoChenNeural,0.3174,边界
data/redteam/factory/segments/edgetts/minnan/seg_edgetts_minnan_zh-TW-YunJheNeural_SC-000936_03.wav,edgetts,minnan,SC-000936,zh-TW-YunJheNeural,0.3175,边界
data/redteam/factory/segments/edgetts/minnan/seg_edgetts_minnan_zh-TW-HsiaoChenNeural_SC-001215_05.wav,edgetts,minnan,SC-001215,zh-TW-HsiaoChenNeural,0.3177,边界
data/redteam/factory/segments/edgetts/minnan/seg_edgetts_minnan_zh-TW-YunJheNeural_SC-000323_00.wav,edgetts,minnan,SC-000323,zh-TW-YunJheNeural,0.3179,边界
data/redteam/factory/segments/edgetts/minnan/seg_edgetts_minnan_zh-TW-HsiaoChenNeural_SC-000571_00.wav,edgetts,minnan,SC-000571,zh-TW-HsiaoChenNeural,0.3181,边界
data/redteam/factory/segments/edgetts/minnan/seg_edgetts_minnan_zh-TW-YunJheNeural_SC-000017_01.wav,edgetts,minnan,SC-000017,zh-TW-YunJheNeural,0.3183,边界
data/redteam/factory/segments/edgetts/dongbei/seg_edgetts_dongbei_zh-CN-liaoning-XiaobeiNeural_SC-000017_02.wav,edgetts,dongbei,SC-000017,zh-CN-liaoning-XiaobeiNeural,0.3185,边界
data/redteam/factory/segments/edgetts/minnan/seg_edgetts_minnan_zh-TW-HsiaoChenNeural_SC-000816_04.wav,edgetts,minnan,SC-000816,zh-TW-HsiaoChenNeural,0.3187,边界
data/redteam/factory/segments/edgetts/minnan/seg_edgetts_minnan_zh-TW-HsiaoChenNeural_SC-000056_00.wav,edgetts,minnan,SC-000056,zh-TW-HsiaoChenNeural,0.319,边界
data/redteam/factory/segments/edgetts/minnan/seg_edgetts_minnan_zh-TW-HsiaoChenNeural_SC-001267_02.wav,edgetts,minnan,SC-001267,zh-TW-HsiaoChenNeural,0.3195,边界
data/redteam/factory/segments/edgetts/sichuan/seg_edgetts_sichuan_zh-CN-XiaoxiaoNeural_SC-000436_04.wav,edgetts,sichuan,SC-000436,zh-CN-XiaoxiaoNeural,0.3195,边界
data/redteam/factory/segments/edgetts/cantonese/seg_edgetts_cantonese_zh-HK-HiuMaanNeural_SC-000765_03.wav,edgetts,cantonese,SC-000765,zh-HK-HiuMaanNeural,0.3197,边界
data/redteam/factory/segments/sovits_api/sichuan/seg_sovits_api_sichuan_ref_boot_edgetts_sichuan_zh-CN-YunxiNeural_SC-000010_SC-000255_02.wav,sovits_api,sichuan,SC-000255,ref_boot_edgetts_sichuan_zh-CN-YunxiNeural_SC-000010,0.32,边界
data/redteam/factory/segments/sovits_api/minnan/seg_sovits_api_minnan_ref_boot_edgetts_minnan_zh-TW-YunJheNeural_SC-000001_SC-000218_01.wav,sovits_api,minnan,SC-000218,ref_boot_edgetts_minnan_zh-TW-YunJheNeural_SC-000001,0.3203,边界
data/redteam/factory/segments/edgetts/minnan/seg_edgetts_minnan_zh-TW-HsiaoChenNeural_SC-001032_02.wav,edgetts,minnan,SC-001032,zh-TW-HsiaoChenNeural,0.3205,边界
data/redteam/factory/segments/edgetts/henan/seg_edgetts_henan_zh-CN-shaanxi-XiaoniNeural_SC-000599_03.wav,edgetts,henan,SC-000599,zh-CN-shaanxi-XiaoniNeural,0.3206,边界
data/redteam/factory/segments/edgetts/sichuan/seg_edgetts_sichuan_zh-CN-XiaoxiaoNeural_SC-000683_01.wav,edgetts,sichuan,SC-000683,zh-CN-XiaoxiaoNeural,0.3207,边界
data/redteam/factory/segments/sovits_api/dongbei/seg_sovits_api_dongbei_ref_boot_edgetts_dongbei_zh-CN-liaoning-XiaobeiNeural_SC-000002_seg8s_SC-000225_02.wav,sovits_api,dongbei,SC-000225,ref_boot_edgetts_dongbei_zh-CN-liaoning-XiaobeiNeural_SC-000002_seg8s,0.3207,边界
data/redteam/factory/segments/edgetts/minnan/seg_edgetts_minnan_zh-TW-HsiaoChenNeural_SC-001151_01.wav,edgetts,minnan,SC-001151,zh-TW-HsiaoChenNeural,0.3209,边界
data/redteam/factory/segments/edgetts/minnan/seg_edgetts_minnan_zh-TW-HsiaoChenNeural_SC-000685_04.wav,edgetts,minnan,SC-000685,zh-TW-HsiaoChenNeural,0.3209,边界
data/redteam/factory/segments/sovits_api/cantonese/seg_sovits_api_cantonese_ref_boot_edgetts_cantonese_zh-HK-HiuMaanNeural_SC-000005_seg8s_SC-000333_01.wav,sovits_api,cantonese,SC-000333,ref_boot_edgetts_cantonese_zh-HK-HiuMaanNeural_SC-000005_seg8s,0.321,边界
data/redteam/factory/segments/edgetts/cantonese/seg_edgetts_cantonese_zh-HK-WanLungNeural_SC-000988_02.wav,edgetts,cantonese,SC-000988,zh-HK-WanLungNeural,0.3212,边界
data/redteam/factory/segments/edgetts/minnan/seg_edgetts_minnan_zh-TW-HsiaoChenNeural_SC-000539_01.wav,edgetts,minnan,SC-000539,zh-TW-HsiaoChenNeural,0.3215,边界
data/redteam/factory/segments/edgetts/minnan/seg_edgetts_minnan_zh-TW-HsiaoChenNeural_SC-000569_03.wav,edgetts,minnan,SC-000569,zh-TW-HsiaoChenNeural,0.3217,边界
data/redteam/factory/segments/edgetts/minnan/seg_edgetts_minnan_zh-TW-HsiaoChenNeural_SC-000369_04.wav,edgetts,minnan,SC-000369,zh-TW-HsiaoChenNeural,0.3218,边界
data/redteam/factory/segments/edgetts/minnan/seg_edgetts_minnan_zh-TW-YunJheNeural_SC-000017_04.wav,edgetts,minnan,SC-000017,zh-TW-YunJheNeural,0.322,边界
data/redteam/factory/segments/edgetts/cantonese/seg_edgetts_cantonese_zh-HK-WanLungNeural_SC-001537_02.wav,edgetts,cantonese,SC-001537,zh-HK-WanLungNeural,0.3222,边界
data/redteam/factory/segments/edgetts/minnan/seg_edgetts_minnan_zh-TW-HsiaoChenNeural_SC-001487_03.wav,edgetts,minnan,SC-001487,zh-TW-HsiaoChenNeural,0.3223,边界
data/redteam/factory/segments/edgetts/minnan/seg_edgetts_minnan_zh-TW-HsiaoChenNeural_SC-000056_04.wav,edgetts,minnan,SC-000056,zh-TW-HsiaoChenNeural,0.3224,边界
data/redteam/factory/segments/edgetts/minnan/seg_edgetts_minnan_zh-TW-HsiaoChenNeural_SC-000017_03.wav,edgetts,minnan,SC-000017,zh-TW-HsiaoChenNeural,0.3226,边界
data/redteam/factory/segments/edgetts/dongbei/seg_edgetts_dongbei_zh-CN-liaoning-XiaobeiNeural_SC-001128_02.wav,edgetts,dongbei,SC-001128,zh-CN-liaoning-XiaobeiNeural,0.3226,边界
data/redteam/factory/segments/edgetts/minnan/seg_edgetts_minnan_zh-TW-HsiaoChenNeural_SC-001257_02.wav,edgetts,minnan,SC-001257,zh-TW-HsiaoChenNeural,0.3227,边界
data/redteam/factory/segments/edgetts/sichuan/seg_edgetts_sichuan_zh-CN-XiaoxiaoNeural_SC-000353_03.wav,edgetts,sichuan,SC-000353,zh-CN-XiaoxiaoNeural,0.3229,边界
data/redteam/factory/segments/edgetts/sichuan/seg_edgetts_sichuan_zh-CN-XiaoxiaoNeural_SC-000472_03.wav,edgetts,sichuan,SC-000472,zh-CN-XiaoxiaoNeural,0.323,边界
data/redteam/factory/segments/edgetts/sichuan/seg_edgetts_sichuan_zh-CN-XiaoxiaoNeural_SC-000409_03.wav,edgetts,sichuan,SC-000409,zh-CN-XiaoxiaoNeural,0.3232,边界
data/redteam/factory/segments/edgetts/minnan/seg_edgetts_minnan_zh-TW-HsiaoChenNeural_SC-001267_00.wav,edgetts,minnan,SC-001267,zh-TW-HsiaoChenNeural,0.3232,边界
data/redteam/factory/segments/edgetts/minnan/seg_edgetts_minnan_zh-TW-HsiaoChenNeural_SC-000017_05.wav,edgetts,minnan,SC-000017,zh-TW-HsiaoChenNeural,0.3233,边界
data/redteam/factory/segments/edgetts/sichuan/seg_edgetts_sichuan_zh-CN-XiaoxiaoNeural_SC-000627_01.wav,edgetts,sichuan,SC-000627,zh-CN-XiaoxiaoNeural,0.3242,边界
data/redteam/factory/segments/edgetts/dongbei/seg_edgetts_dongbei_zh-CN-liaoning-XiaobeiNeural_SC-001092_03.wav,edgetts,dongbei,SC-001092,zh-CN-liaoning-XiaobeiNeural,0.3243,边界
data/redteam/factory/segments/edgetts/cantonese/seg_edgetts_cantonese_zh-HK-HiuMaanNeural_SC-000048_02.wav,edgetts,cantonese,SC-000048,zh-HK-HiuMaanNeural,0.3245,边界
data/redteam/factory/segments/sovits_api/mandarin/seg_sovits_api_mandarin_ref_boot_edgetts_mandarin_zh-CN-YunxiNeural_SC-000007_seg8s_SC-000086_03.wav,sovits_api,mandarin,SC-000086,ref_boot_edgetts_mandarin_zh-CN-YunxiNeural_SC-000007_seg8s,0.3246,边界
data/redteam/factory/segments/edgetts/mandarin/seg_edgetts_mandarin_zh-CN-XiaoxiaoNeural_SC-000017_01.wav,edgetts,mandarin,SC-000017,zh-CN-XiaoxiaoNeural,0.325,边界
data/redteam/factory/segments/edgetts/sichuan/seg_edgetts_sichuan_zh-CN-XiaoxiaoNeural_SC-000017_01.wav,edgetts,sichuan,SC-000017,zh-CN-XiaoxiaoNeural,0.325,边界
data/redteam/factory/segments/sovits_api/mandarin/seg_sovits_api_mandarin_ref_boot_edgetts_mandarin_zh-CN-YunxiNeural_SC-000007_seg8s_SC-000086_01.wav,sovits_api,mandarin,SC-000086,ref_boot_edgetts_mandarin_zh-CN-YunxiNeural_SC-000007_seg8s,0.3252,边界
data/redteam/factory/segments/edgetts/minnan/seg_edgetts_minnan_zh-TW-HsiaoChenNeural_SC-000841_00.wav,edgetts,minnan,SC-000841,zh-TW-HsiaoChenNeural,0.3256,边界
data/redteam/factory/segments/edgetts/henan/seg_edgetts_henan_zh-CN-shaanxi-XiaoniNeural_SC-000017_03.wav,edgetts,henan,SC-000017,zh-CN-shaanxi-XiaoniNeural,0.3257,边界
data/redteam/factory/segments/edgetts/cantonese/seg_edgetts_cantonese_zh-HK-HiuMaanNeural_SC-000017_00.wav,edgetts,cantonese,SC-000017,zh-HK-HiuMaanNeural,0.3261,边界
data/redteam/factory/segments/edgetts/sichuan/seg_edgetts_sichuan_zh-CN-YunxiNeural_SC-000379_02.wav,edgetts,sichuan,SC-000379,zh-CN-YunxiNeural,0.3261,边界
data/redteam/factory/segments/edgetts/minnan/seg_edgetts_minnan_zh-TW-HsiaoChenNeural_SC-000445_00.wav,edgetts,minnan,SC-000445,zh-TW-HsiaoChenNeural,0.3263,边界
data/redteam/factory/segments/edgetts/cantonese/seg_edgetts_cantonese_zh-HK-HiuMaanNeural_SC-001340_00.wav,edgetts,cantonese,SC-001340,zh-HK-HiuMaanNeural,0.3273,边界
data/redteam/factory/segments/edgetts/minnan/seg_edgetts_minnan_zh-TW-YunJheNeural_SC-000017_05.wav,edgetts,minnan,SC-000017,zh-TW-YunJheNeural,0.3274,边界
data/redteam/factory/segments/edgetts/minnan/seg_edgetts_minnan_zh-TW-YunJheNeural_SC-000323_04.wav,edgetts,minnan,SC-000323,zh-TW-YunJheNeural,0.3277,边界
data/redteam/factory/segments/edgetts/cantonese/seg_edgetts_cantonese_zh-HK-HiuMaanNeural_SC-000547_01.wav,edgetts,cantonese,SC-000547,zh-HK-HiuMaanNeural,0.3281,边界
data/redteam/factory/segments/sovits_api/mandarin/seg_sovits_api_mandarin_ref_boot_edgetts_mandarin_zh-CN-XiaoxiaoNeural_SC-000007_seg8s_SC-000069_03.wav,sovits_api,mandarin,SC-000069,ref_boot_edgetts_mandarin_zh-CN-XiaoxiaoNeural_SC-000007_seg8s,0.3281,边界
data/redteam/factory/segments/edgetts/cantonese/seg_edgetts_cantonese_zh-HK-HiuMaanNeural_SC-000666_01.wav,edgetts,cantonese,SC-000666,zh-HK-HiuMaanNeural,0.3284,边界
data/redteam/factory/segments/edgetts/dongbei/seg_edgetts_dongbei_zh-CN-liaoning-XiaobeiNeural_SC-001674_02.wav,edgetts,dongbei,SC-001674,zh-CN-liaoning-XiaobeiNeural,0.3284,边界
data/redteam/factory/segments/edgetts/dongbei/seg_edgetts_dongbei_zh-CN-liaoning-XiaobeiNeural_SC-000154_01.wav,edgetts,dongbei,SC-000154,zh-CN-liaoning-XiaobeiNeural,0.3286,边界
data/redteam/factory/segments/edgetts/henan/seg_edgetts_henan_zh-CN-shaanxi-XiaoniNeural_SC-000432_02.wav,edgetts,henan,SC-000432,zh-CN-shaanxi-XiaoniNeural,0.3287,边界
data/redteam/factory/segments/edgetts/cantonese/seg_edgetts_cantonese_zh-HK-WanLungNeural_SC-000017_09.wav,edgetts,cantonese,SC-000017,zh-HK-WanLungNeural,0.3294,边界
data/redteam/factory/segments/edgetts/minnan/seg_edgetts_minnan_zh-TW-HsiaoChenNeural_SC-000936_01.wav,edgetts,minnan,SC-000936,zh-TW-HsiaoChenNeural,0.3296,边界
data/redteam/factory/segments/edgetts/minnan/seg_edgetts_minnan_zh-TW-YunJheNeural_SC-000017_03.wav,edgetts,minnan,SC-000017,zh-TW-YunJheNeural,0.3297,边界
data/redteam/factory/segments/edgetts/minnan/seg_edgetts_minnan_zh-TW-YunJheNeural_SC-000539_00.wav,edgetts,minnan,SC-000539,zh-TW-YunJheNeural,0.3297,边界
data/redteam/factory/segments/edgetts/henan/seg_edgetts_henan_zh-CN-shaanxi-XiaoniNeural_SC-000531_02.wav,edgetts,henan,SC-000531,zh-CN-shaanxi-XiaoniNeural,0.3297,边界
data/redteam/factory/segments/edgetts/minnan/seg_edgetts_minnan_zh-TW-YunJheNeural_SC-001215_02.wav,edgetts,minnan,SC-001215,zh-TW-YunJheNeural,0.3302,边界
data/redteam/factory/segments/edgetts/minnan/seg_edgetts_minnan_zh-TW-YunJheNeural_SC-000466_03.wav,edgetts,minnan,SC-000466,zh-TW-YunJheNeural,0.3303,边界
data/redteam/factory/segments/edgetts/minnan/seg_edgetts_minnan_zh-TW-HsiaoChenNeural_SC-001242_02.wav,edgetts,minnan,SC-001242,zh-TW-HsiaoChenNeural,0.331,边界
data/redteam/factory/segments/edgetts/minnan/seg_edgetts_minnan_zh-TW-HsiaoChenNeural_SC-001487_00.wav,edgetts,minnan,SC-001487,zh-TW-HsiaoChenNeural,0.331,边界
data/redteam/factory/segments/edgetts/minnan/seg_edgetts_minnan_zh-TW-HsiaoChenNeural_SC-000900_04.wav,edgetts,minnan,SC-000900,zh-TW-HsiaoChenNeural,0.3311,边界
data/redteam/factory/segments/edgetts/minnan/seg_edgetts_minnan_zh-TW-HsiaoChenNeural_SC-000017_04.wav,edgetts,minnan,SC-000017,zh-TW-HsiaoChenNeural,0.3313,边界
data/redteam/factory/segments/edgetts/sichuan/seg_edgetts_sichuan_zh-CN-XiaoxiaoNeural_SC-000115_01.wav,edgetts,sichuan,SC-000115,zh-CN-XiaoxiaoNeural,0.3313,边界
data/redteam/factory/segments/sovits_api/mandarin/seg_sovits_api_mandarin_ref_boot_edgetts_mandarin_zh-CN-YunxiNeural_SC-000007_seg8s_SC-000036_01.wav,sovits_api,mandarin,SC-000036,ref_boot_edgetts_mandarin_zh-CN-YunxiNeural_SC-000007_seg8s,0.3313,边界
data/redteam/factory/segments/edgetts/henan/seg_edgetts_henan_zh-CN-shaanxi-XiaoniNeural_SC-000517_03.wav,edgetts,henan,SC-000517,zh-CN-shaanxi-XiaoniNeural,0.3317,边界
data/redteam/factory/segments/edgetts/henan/seg_edgetts_henan_zh-CN-shaanxi-XiaoniNeural_SC-001352_02.wav,edgetts,henan,SC-001352,zh-CN-shaanxi-XiaoniNeural,0.3318,边界
data/redteam/factory/segments/edgetts/dongbei/seg_edgetts_dongbei_zh-CN-liaoning-XiaobeiNeural_SC-001506_04.wav,edgetts,dongbei,SC-001506,zh-CN-liaoning-XiaobeiNeural,0.3324,边界
data/redteam/factory/segments/edgetts/minnan/seg_edgetts_minnan_zh-TW-HsiaoChenNeural_SC-000024_03.wav,edgetts,minnan,SC-000024,zh-TW-HsiaoChenNeural,0.3326,边界
data/redteam/factory/segments/edgetts/henan/seg_edgetts_henan_zh-CN-shaanxi-XiaoniNeural_SC-000017_11.wav,edgetts,henan,SC-000017,zh-CN-shaanxi-XiaoniNeural,0.3326,边界
data/redteam/factory/segments/edgetts/dongbei/seg_edgetts_dongbei_zh-CN-liaoning-XiaobeiNeural_SC-000154_05.wav,edgetts,dongbei,SC-000154,zh-CN-liaoning-XiaobeiNeural,0.3327,边界
data/redteam/factory/segments/edgetts/henan/seg_edgetts_henan_zh-CN-shaanxi-XiaoniNeural_SC-000994_04.wav,edgetts,henan,SC-000994,zh-CN-shaanxi-XiaoniNeural,0.3327,边界
data/redteam/factory/segments/edgetts/mandarin/seg_edgetts_mandarin_zh-CN-XiaoxiaoNeural_SC-000159_03.wav,edgetts,mandarin,SC-000159,zh-CN-XiaoxiaoNeural,0.3329,边界
data/redteam/factory/segments/edgetts/minnan/seg_edgetts_minnan_zh-TW-HsiaoChenNeural_SC-000339_00.wav,edgetts,minnan,SC-000339,zh-TW-HsiaoChenNeural,0.3332,边界
data/redteam/factory/segments/edgetts/minnan/seg_edgetts_minnan_zh-TW-YunJheNeural_SC-001487_00.wav,edgetts,minnan,SC-001487,zh-TW-YunJheNeural,0.3332,边界
data/redteam/factory/segments/edgetts/cantonese/seg_edgetts_cantonese_zh-HK-WanLungNeural_SC-000116_01.wav,edgetts,cantonese,SC-000116,zh-HK-WanLungNeural,0.3333,边界
data/redteam/factory/segments/sovits_api/dongbei/seg_sovits_api_dongbei_ref_boot_edgetts_dongbei_zh-CN-liaoning-XiaobeiNeural_SC-000002_seg8s_SC-000225_00.wav,sovits_api,dongbei,SC-000225,ref_boot_edgetts_dongbei_zh-CN-liaoning-XiaobeiNeural_SC-000002_seg8s,0.3333,边界
data/redteam/factory/segments/edgetts/cantonese/seg_edgetts_cantonese_zh-HK-HiuMaanNeural_SC-000752_04.wav,edgetts,cantonese,SC-000752,zh-HK-HiuMaanNeural,0.3334,边界
data/redteam/factory/segments/sovits_api/henan/seg_sovits_api_henan_ref_boot_edgetts_henan_zh-CN-shaanxi-XiaoniNeural_SC-000009_seg8s_SC-000017_05.wav,sovits_api,henan,SC-000017,ref_boot_edgetts_henan_zh-CN-shaanxi-XiaoniNeural_SC-000009_seg8s,0.3338,边界
data/redteam/factory/segments/edgetts/dongbei/seg_edgetts_dongbei_zh-CN-liaoning-XiaobeiNeural_SC-001389_00.wav,edgetts,dongbei,SC-001389,zh-CN-liaoning-XiaobeiNeural,0.3339,边界
data/redteam/factory/segments/edgetts/mandarin/seg_edgetts_mandarin_zh-CN-XiaoxiaoNeural_SC-000455_01.wav,edgetts,mandarin,SC-000455,zh-CN-XiaoxiaoNeural,0.334,边界
data/redteam/factory/segments/edgetts/minnan/seg_edgetts_minnan_zh-TW-HsiaoChenNeural_SC-000569_02.wav,edgetts,minnan,SC-000569,zh-TW-HsiaoChenNeural,0.3342,边界
data/redteam/factory/segments/edgetts/cantonese/seg_edgetts_cantonese_zh-HK-HiuMaanNeural_SC-001537_00.wav,edgetts,cantonese,SC-001537,zh-HK-HiuMaanNeural,0.3344,边界
data/redteam/factory/segments/edgetts/minnan/seg_edgetts_minnan_zh-TW-YunJheNeural_SC-000900_02.wav,edgetts,minnan,SC-000900,zh-TW-YunJheNeural,0.3345,边界
data/redteam/factory/segments/sovits_api/minnan/seg_sovits_api_minnan_ref_boot_edgetts_minnan_zh-TW-YunJheNeural_SC-000001_SC-000218_03.wav,sovits_api,minnan,SC-000218,ref_boot_edgetts_minnan_zh-TW-YunJheNeural_SC-000001,0.3348,边界
data/redteam/factory/segments/sovits_api/dongbei/seg_sovits_api_dongbei_ref_boot_edgetts_dongbei_zh-CN-liaoning-XiaobeiNeural_SC-000002_seg8s_SC-000264_01.wav,sovits_api,dongbei,SC-000264,ref_boot_edgetts_dongbei_zh-CN-liaoning-XiaobeiNeural_SC-000002_seg8s,0.3348,边界
data/redteam/factory/segments/edgetts/minnan/seg_edgetts_minnan_zh-TW-HsiaoChenNeural_SC-001215_04.wav,edgetts,minnan,SC-001215,zh-TW-HsiaoChenNeural,0.335,边界
data/redteam/factory/segments/sovits_api/cantonese/seg_sovits_api_cantonese_ref_boot_edgetts_cantonese_zh-HK-HiuMaanNeural_SC-000005_seg8s_SC-000048_02.wav,sovits_api,cantonese,SC-000048,ref_boot_edgetts_cantonese_zh-HK-HiuMaanNeural_SC-000005_seg8s,0.3351,边界
data/redteam/factory/segments/edgetts/dongbei/seg_edgetts_dongbei_zh-CN-liaoning-XiaobeiNeural_SC-000017_06.wav,edgetts,dongbei,SC-000017,zh-CN-liaoning-XiaobeiNeural,0.3352,边界
data/redteam/factory/segments/edgetts/dongbei/seg_edgetts_dongbei_zh-CN-liaoning-XiaobeiNeural_SC-000349_05.wav,edgetts,dongbei,SC-000349,zh-CN-liaoning-XiaobeiNeural,0.3353,边界
data/redteam/factory/segments/edgetts/sichuan/seg_edgetts_sichuan_zh-CN-XiaoxiaoNeural_SC-000429_00.wav,edgetts,sichuan,SC-000429,zh-CN-XiaoxiaoNeural,0.3355,边界
data/redteam/factory/segments/sovits_api/henan/seg_sovits_api_henan_ref_boot_edgetts_henan_zh-CN-shaanxi-XiaoniNeural_SC-000009_seg8s_SC-000017_01.wav,sovits_api,henan,SC-000017,ref_boot_edgetts_henan_zh-CN-shaanxi-XiaoniNeural_SC-000009_seg8s,0.3355,边界
data/redteam/factory/segments/edgetts/sichuan/seg_edgetts_sichuan_zh-CN-XiaoxiaoNeural_SC-000373_02.wav,edgetts,sichuan,SC-000373,zh-CN-XiaoxiaoNeural,0.3361,边界
data/redteam/factory/segments/edgetts/minnan/seg_edgetts_minnan_zh-TW-HsiaoChenNeural_SC-000936_02.wav,edgetts,minnan,SC-000936,zh-TW-HsiaoChenNeural,0.3363,边界
data/redteam/factory/segments/sovits_api/minnan/seg_sovits_api_minnan_ref_boot_edgetts_minnan_zh-TW-HsiaoChenNeural_SC-000001_SC-000369_01.wav,sovits_api,minnan,SC-000369,ref_boot_edgetts_minnan_zh-TW-HsiaoChenNeural_SC-000001,0.3363,边界
data/redteam/factory/segments/sovits_api/henan/seg_sovits_api_henan_ref_boot_edgetts_henan_zh-CN-shaanxi-XiaoniNeural_SC-000009_seg8s_SC-000139_01.wav,sovits_api,henan,SC-000139,ref_boot_edgetts_henan_zh-CN-shaanxi-XiaoniNeural_SC-000009_seg8s,0.3364,边界
data/redteam/factory/segments/edgetts/mandarin/seg_edgetts_mandarin_zh-CN-YunxiNeural_SC-000474_00.wav,edgetts,mandarin,SC-000474,zh-CN-YunxiNeural,0.3365,边界
data/redteam/factory/segments/edgetts/sichuan/seg_edgetts_sichuan_zh-CN-XiaoxiaoNeural_SC-000381_01.wav,edgetts,sichuan,SC-000381,zh-CN-XiaoxiaoNeural,0.3368,边界
data/redteam/factory/segments/edgetts/dongbei/seg_edgetts_dongbei_zh-CN-liaoning-XiaobeiNeural_SC-000343_02.wav,edgetts,dongbei,SC-000343,zh-CN-liaoning-XiaobeiNeural,0.3378,边界
data/redteam/factory/segments/edgetts/cantonese/seg_edgetts_cantonese_zh-HK-HiuMaanNeural_SC-000048_00.wav,edgetts,cantonese,SC-000048,zh-HK-HiuMaanNeural,0.3383,边界
data/redteam/factory/segments/edgetts/henan/seg_edgetts_henan_zh-CN-shaanxi-XiaoniNeural_SC-001425_01.wav,edgetts,henan,SC-001425,zh-CN-shaanxi-XiaoniNeural,0.3384,边界
data/redteam/factory/segments/edgetts/henan/seg_edgetts_henan_zh-CN-shaanxi-XiaoniNeural_SC-000898_02.wav,edgetts,henan,SC-000898,zh-CN-shaanxi-XiaoniNeural,0.3388,边界
data/redteam/factory/segments/edgetts/dongbei/seg_edgetts_dongbei_zh-CN-liaoning-XiaobeiNeural_SC-000113_00.wav,edgetts,dongbei,SC-000113,zh-CN-liaoning-XiaobeiNeural,0.3391,边界
data/redteam/factory/segments/edgetts/dongbei/seg_edgetts_dongbei_zh-CN-liaoning-XiaobeiNeural_SC-000154_06.wav,edgetts,dongbei,SC-000154,zh-CN-liaoning-XiaobeiNeural,0.3394,边界
data/redteam/factory/segments/edgetts/minnan/seg_edgetts_minnan_zh-TW-HsiaoChenNeural_SC-000056_03.wav,edgetts,minnan,SC-000056,zh-TW-HsiaoChenNeural,0.3395,边界
data/redteam/factory/segments/edgetts/minnan/seg_edgetts_minnan_zh-TW-HsiaoChenNeural_SC-000965_04.wav,edgetts,minnan,SC-000965,zh-TW-HsiaoChenNeural,0.3395,边界
data/redteam/factory/segments/edgetts/minnan/seg_edgetts_minnan_zh-TW-YunJheNeural_SC-000465_02.wav,edgetts,minnan,SC-000465,zh-TW-YunJheNeural,0.3398,边界
data/redteam/factory/segments/edgetts/minnan/seg_edgetts_minnan_zh-TW-HsiaoChenNeural_SC-000465_04.wav,edgetts,minnan,SC-000465,zh-TW-HsiaoChenNeural,0.3399,边界
data/redteam/factory/segments/sovits_api/mandarin/seg_sovits_api_mandarin_ref_boot_edgetts_mandarin_zh-CN-YunxiNeural_SC-000007_seg8s_SC-000036_00.wav,sovits_api,mandarin,SC-000036,ref_boot_edgetts_mandarin_zh-CN-YunxiNeural_SC-000007_seg8s,0.34,边界
data/redteam/factory/segments/edgetts/minnan/seg_edgetts_minnan_zh-TW-HsiaoChenNeural_SC-000017_09.wav,edgetts,minnan,SC-000017,zh-TW-HsiaoChenNeural,0.3403,边界
data/redteam/factory/segments/edgetts/minnan/seg_edgetts_minnan_zh-TW-HsiaoChenNeural_SC-000883_01.wav,edgetts,minnan,SC-000883,zh-TW-HsiaoChenNeural,0.3406,边界
data/redteam/factory/segments/edgetts/minnan/seg_edgetts_minnan_zh-TW-HsiaoChenNeural_SC-000883_02.wav,edgetts,minnan,SC-000883,zh-TW-HsiaoChenNeural,0.3406,边界
data/redteam/factory/segments/edgetts/mandarin/seg_edgetts_mandarin_zh-CN-YunjianNeural_SC-000017_05.wav,edgetts,mandarin,SC-000017,zh-CN-YunjianNeural,0.3407,边界
data/redteam/factory/segments/edgetts/cantonese/seg_edgetts_cantonese_zh-HK-HiuMaanNeural_SC-000333_04.wav,edgetts,cantonese,SC-000333,zh-HK-HiuMaanNeural,0.3408,边界
data/redteam/factory/segments/sovits_api/mandarin/seg_sovits_api_mandarin_ref_boot_edgetts_mandarin_zh-CN-XiaoxiaoNeural_SC-000007_seg8s_SC-000090_03.wav,sovits_api,mandarin,SC-000090,ref_boot_edgetts_mandarin_zh-CN-XiaoxiaoNeural_SC-000007_seg8s,0.3413,边界
data/redteam/factory/segments/edgetts/dongbei/seg_edgetts_dongbei_zh-CN-liaoning-XiaobeiNeural_SC-001506_01.wav,edgetts,dongbei,SC-001506,zh-CN-liaoning-XiaobeiNeural,0.3415,边界
data/redteam/factory/segments/edgetts/minnan/seg_edgetts_minnan_zh-TW-YunJheNeural_SC-000017_06.wav,edgetts,minnan,SC-000017,zh-TW-YunJheNeural,0.3417,边界
data/redteam/factory/segments/edgetts/cantonese/seg_edgetts_cantonese_zh-HK-HiuMaanNeural_SC-001340_03.wav,edgetts,cantonese,SC-001340,zh-HK-HiuMaanNeural,0.3417,边界
data/redteam/factory/segments/edgetts/sichuan/seg_edgetts_sichuan_zh-CN-XiaoxiaoNeural_SC-000375_03.wav,edgetts,sichuan,SC-000375,zh-CN-XiaoxiaoNeural,0.3422,边界
data/redteam/factory/segments/edgetts/sichuan/seg_edgetts_sichuan_zh-CN-XiaoxiaoNeural_SC-001205_00.wav,edgetts,sichuan,SC-001205,zh-CN-XiaoxiaoNeural,0.3428,边界
data/redteam/factory/segments/edgetts/dongbei/seg_edgetts_dongbei_zh-CN-liaoning-XiaobeiNeural_SC-000017_04.wav,edgetts,dongbei,SC-000017,zh-CN-liaoning-XiaobeiNeural,0.3429,边界
data/redteam/factory/segments/edgetts/minnan/seg_edgetts_minnan_zh-TW-HsiaoChenNeural_SC-001441_00.wav,edgetts,minnan,SC-001441,zh-TW-HsiaoChenNeural,0.3433,边界
data/redteam/factory/segments/edgetts/cantonese/seg_edgetts_cantonese_zh-HK-WanLungNeural_SC-000427_01.wav,edgetts,cantonese,SC-000427,zh-HK-WanLungNeural,0.3437,边界
data/redteam/factory/segments/edgetts/henan/seg_edgetts_henan_zh-CN-shaanxi-XiaoniNeural_SC-000017_01.wav,edgetts,henan,SC-000017,zh-CN-shaanxi-XiaoniNeural,0.3441,边界
data/redteam/factory/segments/edgetts/minnan/seg_edgetts_minnan_zh-TW-HsiaoChenNeural_SC-001619_01.wav,edgetts,minnan,SC-001619,zh-TW-HsiaoChenNeural,0.3442,边界
data/redteam/factory/segments/edgetts/cantonese/seg_edgetts_cantonese_zh-HK-HiuMaanNeural_SC-000395_03.wav,edgetts,cantonese,SC-000395,zh-HK-HiuMaanNeural,0.345,边界
data/redteam/factory/segments/edgetts/minnan/seg_edgetts_minnan_zh-TW-HsiaoChenNeural_SC-000017_07.wav,edgetts,minnan,SC-000017,zh-TW-HsiaoChenNeural,0.3461,边界
data/redteam/factory/segments/edgetts/minnan/seg_edgetts_minnan_zh-TW-YunJheNeural_SC-000465_01.wav,edgetts,minnan,SC-000465,zh-TW-YunJheNeural,0.3471,边界
data/redteam/factory/segments/edgetts/cantonese/seg_edgetts_cantonese_zh-HK-HiuMaanNeural_SC-001155_00.wav,edgetts,cantonese,SC-001155,zh-HK-HiuMaanNeural,0.3472,边界
data/redteam/factory/segments/edgetts/henan/seg_edgetts_henan_zh-CN-shaanxi-XiaoniNeural_SC-000430_01.wav,edgetts,henan,SC-000430,zh-CN-shaanxi-XiaoniNeural,0.3472,边界
data/redteam/factory/segments/edgetts/minnan/seg_edgetts_minnan_zh-TW-YunJheNeural_SC-000445_02.wav,edgetts,minnan,SC-000445,zh-TW-YunJheNeural,0.3473,边界
data/redteam/factory/segments/edgetts/dongbei/seg_edgetts_dongbei_zh-CN-liaoning-XiaobeiNeural_SC-000405_02.wav,edgetts,dongbei,SC-000405,zh-CN-liaoning-XiaobeiNeural,0.3473,边界
data/redteam/factory/segments/edgetts/henan/seg_edgetts_henan_zh-CN-shaanxi-XiaoniNeural_SC-000994_03.wav,edgetts,henan,SC-000994,zh-CN-shaanxi-XiaoniNeural,0.3474,边界
data/redteam/factory/segments/edgetts/minnan/seg_edgetts_minnan_zh-TW-HsiaoChenNeural_SC-001034_01.wav,edgetts,minnan,SC-001034,zh-TW-HsiaoChenNeural,0.3477,边界
data/redteam/factory/segments/edgetts/henan/seg_edgetts_henan_zh-CN-shaanxi-XiaoniNeural_SC-000818_01.wav,edgetts,henan,SC-000818,zh-CN-shaanxi-XiaoniNeural,0.3479,边界
data/redteam/factory/segments/edgetts/minnan/seg_edgetts_minnan_zh-TW-HsiaoChenNeural_SC-000143_02.wav,edgetts,minnan,SC-000143,zh-TW-HsiaoChenNeural,0.349,边界
data/redteam/factory/segments/sovits_api/cantonese/seg_sovits_api_cantonese_ref_boot_edgetts_cantonese_zh-HK-HiuMaanNeural_SC-000005_seg8s_SC-000116_01.wav,sovits_api,cantonese,SC-000116,ref_boot_edgetts_cantonese_zh-HK-HiuMaanNeural_SC-000005_seg8s,0.3493,边界
data/redteam/factory/segments/edgetts/sichuan/seg_edgetts_sichuan_zh-CN-XiaoxiaoNeural_SC-001002_03.wav,edgetts,sichuan,SC-001002,zh-CN-XiaoxiaoNeural,0.3501,边界
data/redteam/factory/segments/edgetts/minnan/seg_edgetts_minnan_zh-TW-HsiaoChenNeural_SC-000653_03.wav,edgetts,minnan,SC-000653,zh-TW-HsiaoChenNeural,0.3503,边界
data/redteam/factory/segments/edgetts/cantonese/seg_edgetts_cantonese_zh-HK-HiuMaanNeural_SC-000048_03.wav,edgetts,cantonese,SC-000048,zh-HK-HiuMaanNeural,0.3512,边界
data/redteam/factory/segments/edgetts/dongbei/seg_edgetts_dongbei_zh-CN-liaoning-XiaobeiNeural_SC-001632_05.wav,edgetts,dongbei,SC-001632,zh-CN-liaoning-XiaobeiNeural,0.3513,边界
data/redteam/factory/segments/edgetts/minnan/seg_edgetts_minnan_zh-TW-YunJheNeural_SC-000056_02.wav,edgetts,minnan,SC-000056,zh-TW-YunJheNeural,0.3517,边界
data/redteam/factory/segments/edgetts/minnan/seg_edgetts_minnan_zh-TW-YunJheNeural_SC-001519_01.wav,edgetts,minnan,SC-001519,zh-TW-YunJheNeural,0.3518,边界
data/redteam/factory/segments/edgetts/minnan/seg_edgetts_minnan_zh-TW-YunJheNeural_SC-000339_00.wav,edgetts,minnan,SC-000339,zh-TW-YunJheNeural,0.3519,边界
data/redteam/factory/segments/edgetts/cantonese/seg_edgetts_cantonese_zh-HK-HiuMaanNeural_SC-000810_02.wav,edgetts,cantonese,SC-000810,zh-HK-HiuMaanNeural,0.3521,边界
data/redteam/factory/segments/sovits_api/cantonese/seg_sovits_api_cantonese_ref_boot_edgetts_cantonese_zh-HK-HiuMaanNeural_SC-000005_seg8s_SC-000103_03.wav,sovits_api,cantonese,SC-000103,ref_boot_edgetts_cantonese_zh-HK-HiuMaanNeural_SC-000005_seg8s,0.3522,边界
data/redteam/factory/segments/edgetts/dongbei/seg_edgetts_dongbei_zh-CN-liaoning-XiaobeiNeural_SC-001119_01.wav,edgetts,dongbei,SC-001119,zh-CN-liaoning-XiaobeiNeural,0.3523,边界
data/redteam/factory/segments/edgetts/henan/seg_edgetts_henan_zh-CN-shaanxi-XiaoniNeural_SC-000017_07.wav,edgetts,henan,SC-000017,zh-CN-shaanxi-XiaoniNeural,0.3524,边界
data/redteam/factory/segments/edgetts/minnan/seg_edgetts_minnan_zh-TW-YunJheNeural_SC-001084_00.wav,edgetts,minnan,SC-001084,zh-TW-YunJheNeural,0.3524,边界
data/redteam/factory/segments/sovits_api/sichuan/seg_sovits_api_sichuan_ref_boot_edgetts_sichuan_zh-CN-YunxiNeural_SC-000010_SC-000251_01.wav,sovits_api,sichuan,SC-000251,ref_boot_edgetts_sichuan_zh-CN-YunxiNeural_SC-000010,0.3524,边界
data/redteam/factory/segments/edgetts/dongbei/seg_edgetts_dongbei_zh-CN-liaoning-XiaobeiNeural_SC-000343_01.wav,edgetts,dongbei,SC-000343,zh-CN-liaoning-XiaobeiNeural,0.3525,边界
data/redteam/factory/segments/edgetts/dongbei/seg_edgetts_dongbei_zh-CN-liaoning-XiaobeiNeural_SC-001305_00.wav,edgetts,dongbei,SC-001305,zh-CN-liaoning-XiaobeiNeural,0.3528,边界
data/redteam/factory/segments/sovits_api/minnan/seg_sovits_api_minnan_ref_boot_edgetts_minnan_zh-TW-HsiaoChenNeural_SC-000001_SC-000056_02.wav,sovits_api,minnan,SC-000056,ref_boot_edgetts_minnan_zh-TW-HsiaoChenNeural_SC-000001,0.3529,边界
data/redteam/factory/segments/edgetts/minnan/seg_edgetts_minnan_zh-TW-HsiaoChenNeural_SC-000017_11.wav,edgetts,minnan,SC-000017,zh-TW-HsiaoChenNeural,0.353,边界
data/redteam/factory/segments/edgetts/minnan/seg_edgetts_minnan_zh-TW-YunJheNeural_SC-000143_02.wav,edgetts,minnan,SC-000143,zh-TW-YunJheNeural,0.353,边界
data/redteam/factory/segments/edgetts/minnan/seg_edgetts_minnan_zh-TW-YunJheNeural_SC-000218_00.wav,edgetts,minnan,SC-000218,zh-TW-YunJheNeural,0.353,边界
data/redteam/factory/segments/edgetts/minnan/seg_edgetts_minnan_zh-TW-HsiaoChenNeural_SC-000940_02.wav,edgetts,minnan,SC-000940,zh-TW-HsiaoChenNeural,0.3532,边界
data/redteam/factory/segments/edgetts/minnan/seg_edgetts_minnan_zh-TW-HsiaoChenNeural_SC-000323_03.wav,edgetts,minnan,SC-000323,zh-TW-HsiaoChenNeural,0.3533,边界
data/redteam/factory/segments/edgetts/sichuan/seg_edgetts_sichuan_zh-CN-XiaoxiaoNeural_SC-000756_01.wav,edgetts,sichuan,SC-000756,zh-CN-XiaoxiaoNeural,0.3534,边界
data/redteam/factory/segments/edgetts/henan/seg_edgetts_henan_zh-CN-shaanxi-XiaoniNeural_SC-001617_02.wav,edgetts,henan,SC-001617,zh-CN-shaanxi-XiaoniNeural,0.3535,边界
data/redteam/factory/segments/edgetts/dongbei/seg_edgetts_dongbei_zh-CN-liaoning-XiaobeiNeural_SC-001209_03.wav,edgetts,dongbei,SC-001209,zh-CN-liaoning-XiaobeiNeural,0.3536,边界
data/redteam/factory/segments/edgetts/minnan/seg_edgetts_minnan_zh-TW-HsiaoChenNeural_SC-001447_03.wav,edgetts,minnan,SC-001447,zh-TW-HsiaoChenNeural,0.3538,边界
data/redteam/factory/segments/edgetts/henan/seg_edgetts_henan_zh-CN-shaanxi-XiaoniNeural_SC-000017_06.wav,edgetts,henan,SC-000017,zh-CN-shaanxi-XiaoniNeural,0.3542,边界
data/redteam/factory/segments/edgetts/minnan/seg_edgetts_minnan_zh-TW-HsiaoChenNeural_SC-000841_04.wav,edgetts,minnan,SC-000841,zh-TW-HsiaoChenNeural,0.3544,边界
data/redteam/factory/segments/sovits_api/sichuan/seg_sovits_api_sichuan_ref_boot_edgetts_sichuan_zh-CN-YunxiNeural_SC-000010_SC-000251_02.wav,sovits_api,sichuan,SC-000251,ref_boot_edgetts_sichuan_zh-CN-YunxiNeural_SC-000010,0.3545,边界
data/redteam/factory/segments/edgetts/minnan/seg_edgetts_minnan_zh-TW-HsiaoChenNeural_SC-001242_03.wav,edgetts,minnan,SC-001242,zh-TW-HsiaoChenNeural,0.3546,边界
data/redteam/factory/segments/edgetts/cantonese/seg_edgetts_cantonese_zh-HK-HiuMaanNeural_SC-000561_04.wav,edgetts,cantonese,SC-000561,zh-HK-HiuMaanNeural,0.3548,边界
data/redteam/factory/segments/edgetts/cantonese/seg_edgetts_cantonese_zh-HK-HiuMaanNeural_SC-000228_03.wav,edgetts,cantonese,SC-000228,zh-HK-HiuMaanNeural,0.3549,边界
data/redteam/factory/segments/edgetts/minnan/seg_edgetts_minnan_zh-TW-HsiaoChenNeural_SC-000466_00.wav,edgetts,minnan,SC-000466,zh-TW-HsiaoChenNeural,0.355,边界
data/redteam/factory/segments/sovits_api/cantonese/seg_sovits_api_cantonese_ref_boot_edgetts_cantonese_zh-HK-WanLungNeural_SC-000005_seg8s_SC-000333_01.wav,sovits_api,cantonese,SC-000333,ref_boot_edgetts_cantonese_zh-HK-WanLungNeural_SC-000005_seg8s,0.3551,边界
data/redteam/factory/segments/edgetts/dongbei/seg_edgetts_dongbei_zh-CN-liaoning-XiaobeiNeural_SC-001209_01.wav,edgetts,dongbei,SC-001209,zh-CN-liaoning-XiaobeiNeural,0.3552,边界
data/redteam/factory/segments/edgetts/sichuan/seg_edgetts_sichuan_zh-CN-XiaoxiaoNeural_SC-000812_01.wav,edgetts,sichuan,SC-000812,zh-CN-XiaoxiaoNeural,0.3556,边界
data/redteam/factory/segments/edgetts/cantonese/seg_edgetts_cantonese_zh-HK-HiuMaanNeural_SC-001198_01.wav,edgetts,cantonese,SC-001198,zh-HK-HiuMaanNeural,0.3557,边界
data/redteam/factory/segments/sovits_api/cantonese/seg_sovits_api_cantonese_ref_boot_edgetts_cantonese_zh-HK-HiuMaanNeural_SC-000005_seg8s_SC-000116_04.wav,sovits_api,cantonese,SC-000116,ref_boot_edgetts_cantonese_zh-HK-HiuMaanNeural_SC-000005_seg8s,0.356,边界
data/redteam/factory/segments/edgetts/minnan/seg_edgetts_minnan_zh-TW-HsiaoChenNeural_SC-000465_02.wav,edgetts,minnan,SC-000465,zh-TW-HsiaoChenNeural,0.3563,边界
data/redteam/factory/segments/sovits_api/minnan/seg_sovits_api_minnan_ref_boot_edgetts_minnan_zh-TW-YunJheNeural_SC-000001_SC-000056_05.wav,sovits_api,minnan,SC-000056,ref_boot_edgetts_minnan_zh-TW-YunJheNeural_SC-000001,0.3564,边界
data/redteam/factory/segments/edgetts/minnan/seg_edgetts_minnan_zh-TW-HsiaoChenNeural_SC-000143_05.wav,edgetts,minnan,SC-000143,zh-TW-HsiaoChenNeural,0.3566,边界
data/redteam/factory/segments/edgetts/minnan/seg_edgetts_minnan_zh-TW-YunJheNeural_SC-000965_01.wav,edgetts,minnan,SC-000965,zh-TW-YunJheNeural,0.3566,边界
data/redteam/factory/segments/edgetts/minnan/seg_edgetts_minnan_zh-TW-HsiaoChenNeural_SC-000218_03.wav,edgetts,minnan,SC-000218,zh-TW-HsiaoChenNeural,0.3567,边界
data/redteam/factory/segments/edgetts/dongbei/seg_edgetts_dongbei_zh-CN-liaoning-XiaobeiNeural_SC-000411_01.wav,edgetts,dongbei,SC-000411,zh-CN-liaoning-XiaobeiNeural,0.3567,边界
data/redteam/factory/segments/edgetts/sichuan/seg_edgetts_sichuan_zh-CN-XiaoxiaoNeural_SC-000381_02.wav,edgetts,sichuan,SC-000381,zh-CN-XiaoxiaoNeural,0.3571,边界
data/redteam/factory/segments/edgetts/minnan/seg_edgetts_minnan_zh-TW-HsiaoChenNeural_SC-000936_03.wav,edgetts,minnan,SC-000936,zh-TW-HsiaoChenNeural,0.3571,边界
data/redteam/factory/segments/edgetts/minnan/seg_edgetts_minnan_zh-TW-HsiaoChenNeural_SC-001215_02.wav,edgetts,minnan,SC-001215,zh-TW-HsiaoChenNeural,0.3578,边界
data/redteam/factory/segments/edgetts/henan/seg_edgetts_henan_zh-CN-shaanxi-XiaoniNeural_SC-001224_03.wav,edgetts,henan,SC-001224,zh-CN-shaanxi-XiaoniNeural,0.358,边界
data/redteam/factory/segments/edgetts/dongbei/seg_edgetts_dongbei_zh-CN-liaoning-XiaobeiNeural_SC-000463_01.wav,edgetts,dongbei,SC-000463,zh-CN-liaoning-XiaobeiNeural,0.3587,边界
data/redteam/factory/segments/edgetts/cantonese/seg_edgetts_cantonese_zh-HK-HiuMaanNeural_SC-000689_00.wav,edgetts,cantonese,SC-000689,zh-HK-HiuMaanNeural,0.3587,边界
data/redteam/factory/segments/edgetts/dongbei/seg_edgetts_dongbei_zh-CN-liaoning-XiaobeiNeural_SC-000113_02.wav,edgetts,dongbei,SC-000113,zh-CN-liaoning-XiaobeiNeural,0.3588,边界
data/redteam/factory/segments/edgetts/minnan/seg_edgetts_minnan_zh-TW-YunJheNeural_SC-000466_02.wav,edgetts,minnan,SC-000466,zh-TW-YunJheNeural,0.359,边界
data/redteam/factory/segments/edgetts/minnan/seg_edgetts_minnan_zh-TW-YunJheNeural_SC-000056_03.wav,edgetts,minnan,SC-000056,zh-TW-YunJheNeural,0.3591,边界
data/redteam/factory/segments/edgetts/minnan/seg_edgetts_minnan_zh-TW-HsiaoChenNeural_SC-001513_01.wav,edgetts,minnan,SC-001513,zh-TW-HsiaoChenNeural,0.3592,边界
data/redteam/factory/segments/sovits_api/henan/seg_sovits_api_henan_ref_boot_edgetts_henan_zh-CN-shaanxi-XiaoniNeural_SC-000009_seg8s_SC-000017_06.wav,sovits_api,henan,SC-000017,ref_boot_edgetts_henan_zh-CN-shaanxi-XiaoniNeural_SC-000009_seg8s,0.3595,边界
data/redteam/factory/segments/sovits_api/minnan/seg_sovits_api_minnan_ref_boot_edgetts_minnan_zh-TW-YunJheNeural_SC-000001_SC-000282_00.wav,sovits_api,minnan,SC-000282,ref_boot_edgetts_minnan_zh-TW-YunJheNeural_SC-000001,0.3599,边界
data/redteam/factory/segments/edgetts/minnan/seg_edgetts_minnan_zh-TW-HsiaoChenNeural_SC-000017_01.wav,edgetts,minnan,SC-000017,zh-TW-HsiaoChenNeural,0.36,边界
data/redteam/factory/segments/edgetts/henan/seg_edgetts_henan_zh-CN-shaanxi-XiaoniNeural_SC-000017_09.wav,edgetts,henan,SC-000017,zh-CN-shaanxi-XiaoniNeural,0.3601,边界
data/redteam/factory/segments/edgetts/sichuan/seg_edgetts_sichuan_zh-CN-XiaoxiaoNeural_SC-000576_02.wav,edgetts,sichuan,SC-000576,zh-CN-XiaoxiaoNeural,0.361,边界
data/redteam/factory/segments/edgetts/sichuan/seg_edgetts_sichuan_zh-CN-XiaoxiaoNeural_SC-000879_02.wav,edgetts,sichuan,SC-000879,zh-CN-XiaoxiaoNeural,0.361,边界
data/redteam/factory/segments/edgetts/minnan/seg_edgetts_minnan_zh-TW-YunJheNeural_SC-000816_03.wav,edgetts,minnan,SC-000816,zh-TW-YunJheNeural,0.3617,边界
data/redteam/factory/segments/edgetts/henan/seg_edgetts_henan_zh-CN-shaanxi-XiaoniNeural_SC-001569_02.wav,edgetts,henan,SC-001569,zh-CN-shaanxi-XiaoniNeural,0.3621,边界
data/redteam/factory/segments/sovits_api/minnan/seg_sovits_api_minnan_ref_boot_edgetts_minnan_zh-TW-HsiaoChenNeural_SC-000001_SC-000369_05.wav,sovits_api,minnan,SC-000369,ref_boot_edgetts_minnan_zh-TW-HsiaoChenNeural_SC-000001,0.3621,边界
data/redteam/factory/segments/edgetts/minnan/seg_edgetts_minnan_zh-TW-HsiaoChenNeural_SC-000940_01.wav,edgetts,minnan,SC-000940,zh-TW-HsiaoChenNeural,0.3622,边界
data/redteam/factory/segments/edgetts/cantonese/seg_edgetts_cantonese_zh-HK-HiuMaanNeural_SC-000988_05.wav,edgetts,cantonese,SC-000988,zh-HK-HiuMaanNeural,0.3623,边界
data/redteam/factory/segments/edgetts/mandarin/seg_edgetts_mandarin_zh-CN-XiaoxiaoNeural_SC-000511_03.wav,edgetts,mandarin,SC-000511,zh-CN-XiaoxiaoNeural,0.3625,边界
data/redteam/factory/segments/edgetts/minnan/seg_edgetts_minnan_zh-TW-YunJheNeural_SC-000369_02.wav,edgetts,minnan,SC-000369,zh-TW-YunJheNeural,0.3628,边界
data/redteam/factory/segments/sovits_api/mandarin/seg_sovits_api_mandarin_ref_boot_edgetts_mandarin_zh-CN-XiaoxiaoNeural_SC-000007_seg8s_SC-000090_01.wav,sovits_api,mandarin,SC-000090,ref_boot_edgetts_mandarin_zh-CN-XiaoxiaoNeural_SC-000007_seg8s,0.3634,边界
data/redteam/factory/segments/edgetts/cantonese/seg_edgetts_cantonese_zh-HK-HiuMaanNeural_SC-000490_01.wav,edgetts,cantonese,SC-000490,zh-HK-HiuMaanNeural,0.3635,边界
data/redteam/factory/segments/edgetts/cantonese/seg_edgetts_cantonese_zh-HK-HiuMaanNeural_SC-000515_00.wav,edgetts,cantonese,SC-000515,zh-HK-HiuMaanNeural,0.3636,边界
data/redteam/factory/segments/edgetts/sichuan/seg_edgetts_sichuan_zh-CN-YunxiNeural_SC-001451_02.wav,edgetts,sichuan,SC-001451,zh-CN-YunxiNeural,0.3646,边界
data/redteam/factory/segments/edgetts/minnan/seg_edgetts_minnan_zh-TW-HsiaoChenNeural_SC-001383_05.wav,edgetts,minnan,SC-001383,zh-TW-HsiaoChenNeural,0.3648,边界
data/redteam/factory/segments/sovits_api/minnan/seg_sovits_api_minnan_ref_boot_edgetts_minnan_zh-TW-YunJheNeural_SC-000001_SC-000056_03.wav,sovits_api,minnan,SC-000056,ref_boot_edgetts_minnan_zh-TW-YunJheNeural_SC-000001,0.3648,边界
data/redteam/factory/segments/edgetts/minnan/seg_edgetts_minnan_zh-TW-HsiaoChenNeural_SC-000445_02.wav,edgetts,minnan,SC-000445,zh-TW-HsiaoChenNeural,0.3652,边界
data/redteam/factory/segments/edgetts/minnan/seg_edgetts_minnan_zh-TW-YunJheNeural_SC-001215_04.wav,edgetts,minnan,SC-001215,zh-TW-YunJheNeural,0.3652,边界
data/redteam/factory/segments/edgetts/minnan/seg_edgetts_minnan_zh-TW-HsiaoChenNeural_SC-000719_02.wav,edgetts,minnan,SC-000719,zh-TW-HsiaoChenNeural,0.3654,边界
data/redteam/factory/segments/sovits_api/minnan/seg_sovits_api_minnan_ref_boot_edgetts_minnan_zh-TW-HsiaoChenNeural_SC-000001_SC-000218_01.wav,sovits_api,minnan,SC-000218,ref_boot_edgetts_minnan_zh-TW-HsiaoChenNeural_SC-000001,0.3656,边界
data/redteam/factory/segments/edgetts/cantonese/seg_edgetts_cantonese_zh-HK-WanLungNeural_SC-001199_02.wav,edgetts,cantonese,SC-001199,zh-HK-WanLungNeural,0.3664,边界
data/redteam/factory/segments/edgetts/minnan/seg_edgetts_minnan_zh-TW-YunJheNeural_SC-000900_00.wav,edgetts,minnan,SC-000900,zh-TW-YunJheNeural,0.3668,边界
data/redteam/factory/segments/edgetts/cantonese/seg_edgetts_cantonese_zh-HK-HiuMaanNeural_SC-000017_11.wav,edgetts,cantonese,SC-000017,zh-HK-HiuMaanNeural,0.3676,边界
data/redteam/factory/segments/edgetts/minnan/seg_edgetts_minnan_zh-TW-HsiaoChenNeural_SC-000323_02.wav,edgetts,minnan,SC-000323,zh-TW-HsiaoChenNeural,0.3678,边界
data/redteam/factory/segments/edgetts/cantonese/seg_edgetts_cantonese_zh-HK-HiuMaanNeural_SC-000711_02.wav,edgetts,cantonese,SC-000711,zh-HK-HiuMaanNeural,0.368,边界
data/redteam/factory/segments/sovits_api/dongbei/seg_sovits_api_dongbei_ref_boot_edgetts_dongbei_zh-CN-liaoning-XiaobeiNeural_SC-000002_seg8s_SC-000024_01.wav,sovits_api,dongbei,SC-000024,ref_boot_edgetts_dongbei_zh-CN-liaoning-XiaobeiNeural_SC-000002_seg8s,0.3681,边界
data/redteam/factory/segments/edgetts/sichuan/seg_edgetts_sichuan_zh-CN-XiaoxiaoNeural_SC-000165_03.wav,edgetts,sichuan,SC-000165,zh-CN-XiaoxiaoNeural,0.3682,边界
data/redteam/factory/segments/edgetts/minnan/seg_edgetts_minnan_zh-TW-HsiaoChenNeural_SC-000466_02.wav,edgetts,minnan,SC-000466,zh-TW-HsiaoChenNeural,0.3688,边界
data/redteam/factory/segments/edgetts/sichuan/seg_edgetts_sichuan_zh-CN-XiaoxiaoNeural_SC-000042_05.wav,edgetts,sichuan,SC-000042,zh-CN-XiaoxiaoNeural,0.3689,边界
data/redteam/factory/segments/edgetts/minnan/seg_edgetts_minnan_zh-TW-HsiaoChenNeural_SC-000218_02.wav,edgetts,minnan,SC-000218,zh-TW-HsiaoChenNeural,0.3691,边界
data/redteam/factory/segments/edgetts/mandarin/seg_edgetts_mandarin_zh-CN-XiaoxiaoNeural_SC-000347_03.wav,edgetts,mandarin,SC-000347,zh-CN-XiaoxiaoNeural,0.3691,边界
data/redteam/factory/segments/edgetts/cantonese/seg_edgetts_cantonese_zh-HK-HiuMaanNeural_SC-001244_02.wav,edgetts,cantonese,SC-001244,zh-HK-HiuMaanNeural,0.3696,边界
data/redteam/factory/segments/sovits_api/henan/seg_sovits_api_henan_ref_boot_edgetts_henan_zh-CN-shaanxi-XiaoniNeural_SC-000009_seg8s_SC-000137_02.wav,sovits_api,henan,SC-000137,ref_boot_edgetts_henan_zh-CN-shaanxi-XiaoniNeural_SC-000009_seg8s,0.3696,边界
data/redteam/factory/segments/edgetts/cantonese/seg_edgetts_cantonese_zh-HK-HiuMaanNeural_SC-000245_01.wav,edgetts,cantonese,SC-000245,zh-HK-HiuMaanNeural,0.3698,边界
data/redteam/factory/segments/sovits_api/mandarin/seg_sovits_api_mandarin_ref_boot_edgetts_mandarin_zh-CN-XiaoxiaoNeural_SC-000007_seg8s_SC-000019_02.wav,sovits_api,mandarin,SC-000019,ref_boot_edgetts_mandarin_zh-CN-XiaoxiaoNeural_SC-000007_seg8s,0.3699,边界
data/redteam/factory/segments/edgetts/minnan/seg_edgetts_minnan_zh-TW-HsiaoChenNeural_SC-000369_00.wav,edgetts,minnan,SC-000369,zh-TW-HsiaoChenNeural,0.3703,边界
data/redteam/factory/segments/edgetts/henan/seg_edgetts_henan_zh-CN-shaanxi-XiaoniNeural_SC-000914_03.wav,edgetts,henan,SC-000914,zh-CN-shaanxi-XiaoniNeural,0.3707,边界
data/redteam/factory/segments/edgetts/minnan/seg_edgetts_minnan_zh-TW-YunJheNeural_SC-000943_00.wav,edgetts,minnan,SC-000943,zh-TW-YunJheNeural,0.3709,边界
data/redteam/factory/segments/edgetts/minnan/seg_edgetts_minnan_zh-TW-YunJheNeural_SC-000841_03.wav,edgetts,minnan,SC-000841,zh-TW-YunJheNeural,0.371,边界
data/redteam/factory/segments/edgetts/minnan/seg_edgetts_minnan_zh-TW-YunJheNeural_SC-001383_03.wav,edgetts,minnan,SC-001383,zh-TW-YunJheNeural,0.3711,边界
data/redteam/factory/segments/edgetts/henan/seg_edgetts_henan_zh-CN-shaanxi-XiaoniNeural_SC-000662_03.wav,edgetts,henan,SC-000662,zh-CN-shaanxi-XiaoniNeural,0.3712,边界
data/redteam/factory/segments/edgetts/minnan/seg_edgetts_minnan_zh-TW-YunJheNeural_SC-001487_03.wav,edgetts,minnan,SC-001487,zh-TW-YunJheNeural,0.3712,边界
data/redteam/factory/segments/edgetts/cantonese/seg_edgetts_cantonese_zh-HK-HiuMaanNeural_SC-000711_04.wav,edgetts,cantonese,SC-000711,zh-HK-HiuMaanNeural,0.3717,边界
data/redteam/factory/segments/edgetts/minnan/seg_edgetts_minnan_zh-TW-YunJheNeural_SC-001151_00.wav,edgetts,minnan,SC-001151,zh-TW-YunJheNeural,0.3726,边界
data/redteam/factory/segments/edgetts/sichuan/seg_edgetts_sichuan_zh-CN-XiaoxiaoNeural_SC-000683_04.wav,edgetts,sichuan,SC-000683,zh-CN-XiaoxiaoNeural,0.3732,边界
data/redteam/factory/segments/edgetts/sichuan/seg_edgetts_sichuan_zh-CN-XiaoxiaoNeural_SC-000251_03.wav,edgetts,sichuan,SC-000251,zh-CN-XiaoxiaoNeural,0.3733,边界
data/redteam/factory/segments/edgetts/henan/seg_edgetts_henan_zh-CN-shaanxi-XiaoniNeural_SC-000499_01.wav,edgetts,henan,SC-000499,zh-CN-shaanxi-XiaoniNeural,0.3733,边界
data/redteam/factory/segments/edgetts/sichuan/seg_edgetts_sichuan_zh-CN-XiaoxiaoNeural_SC-000379_00.wav,edgetts,sichuan,SC-000379,zh-CN-XiaoxiaoNeural,0.3736,边界
data/redteam/factory/segments/edgetts/cantonese/seg_edgetts_cantonese_zh-HK-HiuMaanNeural_SC-000395_00.wav,edgetts,cantonese,SC-000395,zh-HK-HiuMaanNeural,0.3742,边界
data/redteam/factory/segments/edgetts/henan/seg_edgetts_henan_zh-CN-shaanxi-XiaoniNeural_SC-001168_01.wav,edgetts,henan,SC-001168,zh-CN-shaanxi-XiaoniNeural,0.3748,边界
data/redteam/factory/segments/edgetts/henan/seg_edgetts_henan_zh-CN-shaanxi-XiaoniNeural_SC-001054_04.wav,edgetts,henan,SC-001054,zh-CN-shaanxi-XiaoniNeural,0.3752,边界
data/redteam/factory/segments/edgetts/sichuan/seg_edgetts_sichuan_zh-CN-XiaoxiaoNeural_SC-000552_00.wav,edgetts,sichuan,SC-000552,zh-CN-XiaoxiaoNeural,0.3756,边界
data/redteam/factory/segments/edgetts/minnan/seg_edgetts_minnan_zh-TW-HsiaoChenNeural_SC-001513_04.wav,edgetts,minnan,SC-001513,zh-TW-HsiaoChenNeural,0.3758,边界
data/redteam/factory/segments/sovits_api/minnan/seg_sovits_api_minnan_ref_boot_edgetts_minnan_zh-TW-YunJheNeural_SC-000001_SC-000218_02.wav,sovits_api,minnan,SC-000218,ref_boot_edgetts_minnan_zh-TW-YunJheNeural_SC-000001,0.3759,边界
data/redteam/factory/segments/edgetts/cantonese/seg_edgetts_cantonese_zh-HK-HiuMaanNeural_SC-001082_00.wav,edgetts,cantonese,SC-001082,zh-HK-HiuMaanNeural,0.3763,边界
data/redteam/factory/segments/sovits_api/sichuan/seg_sovits_api_sichuan_ref_boot_edgetts_sichuan_zh-CN-XiaoxiaoNeural_SC-000010_SC-000165_02.wav,sovits_api,sichuan,SC-000165,ref_boot_edgetts_sichuan_zh-CN-XiaoxiaoNeural_SC-000010,0.3763,边界
data/redteam/factory/segments/edgetts/dongbei/seg_edgetts_dongbei_zh-CN-liaoning-XiaobeiNeural_SC-001635_02.wav,edgetts,dongbei,SC-001635,zh-CN-liaoning-XiaobeiNeural,0.3764,边界
data/redteam/factory/segments/edgetts/minnan/seg_edgetts_minnan_zh-TW-HsiaoChenNeural_SC-000539_03.wav,edgetts,minnan,SC-000539,zh-TW-HsiaoChenNeural,0.3766,边界
data/redteam/factory/segments/edgetts/mandarin/seg_edgetts_mandarin_zh-CN-XiaoxiaoNeural_SC-000304_03.wav,edgetts,mandarin,SC-000304,zh-CN-XiaoxiaoNeural,0.3767,边界
data/redteam/factory/segments/edgetts/henan/seg_edgetts_henan_zh-CN-shaanxi-XiaoniNeural_SC-000351_03.wav,edgetts,henan,SC-000351,zh-CN-shaanxi-XiaoniNeural,0.3777,边界
data/redteam/factory/segments/edgetts/minnan/seg_edgetts_minnan_zh-TW-YunJheNeural_SC-000940_02.wav,edgetts,minnan,SC-000940,zh-TW-YunJheNeural,0.3778,边界
data/redteam/factory/segments/edgetts/cantonese/seg_edgetts_cantonese_zh-HK-HiuMaanNeural_SC-000245_06.wav,edgetts,cantonese,SC-000245,zh-HK-HiuMaanNeural,0.378,边界
data/redteam/factory/segments/edgetts/dongbei/seg_edgetts_dongbei_zh-CN-liaoning-XiaobeiNeural_SC-001632_04.wav,edgetts,dongbei,SC-001632,zh-CN-liaoning-XiaobeiNeural,0.3781,边界
data/redteam/factory/segments/edgetts/minnan/seg_edgetts_minnan_zh-TW-YunJheNeural_SC-000569_03.wav,edgetts,minnan,SC-000569,zh-TW-YunJheNeural,0.3793,边界
data/redteam/factory/segments/edgetts/cantonese/seg_edgetts_cantonese_zh-HK-HiuMaanNeural_SC-000103_01.wav,edgetts,cantonese,SC-000103,zh-HK-HiuMaanNeural,0.3798,边界
data/redteam/factory/segments/sovits_api/mandarin/seg_sovits_api_mandarin_ref_boot_edgetts_mandarin_zh-CN-YunxiNeural_SC-000007_seg8s_SC-000036_03.wav,sovits_api,mandarin,SC-000036,ref_boot_edgetts_mandarin_zh-CN-YunxiNeural_SC-000007_seg8s,0.3798,边界
data/redteam/factory/segments/edgetts/dongbei/seg_edgetts_dongbei_zh-CN-liaoning-XiaobeiNeural_SC-000877_01.wav,edgetts,dongbei,SC-000877,zh-CN-liaoning-XiaobeiNeural,0.3805,边界
data/redteam/factory/segments/edgetts/cantonese/seg_edgetts_cantonese_zh-HK-HiuMaanNeural_SC-001082_03.wav,edgetts,cantonese,SC-001082,zh-HK-HiuMaanNeural,0.3808,边界
data/redteam/factory/segments/edgetts/henan/seg_edgetts_henan_zh-CN-shaanxi-XiaoniNeural_SC-001054_01.wav,edgetts,henan,SC-001054,zh-CN-shaanxi-XiaoniNeural,0.381,边界
data/redteam/factory/segments/edgetts/henan/seg_edgetts_henan_zh-CN-shaanxi-XiaoniNeural_SC-001399_03.wav,edgetts,henan,SC-001399,zh-CN-shaanxi-XiaoniNeural,0.3811,边界
data/redteam/factory/segments/edgetts/henan/seg_edgetts_henan_zh-CN-shaanxi-XiaoniNeural_SC-000898_03.wav,edgetts,henan,SC-000898,zh-CN-shaanxi-XiaoniNeural,0.3813,边界
data/redteam/factory/segments/edgetts/minnan/seg_edgetts_minnan_zh-TW-YunJheNeural_SC-000465_00.wav,edgetts,minnan,SC-000465,zh-TW-YunJheNeural,0.3818,边界
data/redteam/factory/segments/edgetts/minnan/seg_edgetts_minnan_zh-TW-YunJheNeural_SC-000466_04.wav,edgetts,minnan,SC-000466,zh-TW-YunJheNeural,0.3818,边界
data/redteam/factory/segments/edgetts/mandarin/seg_edgetts_mandarin_zh-CN-XiaoxiaoNeural_SC-000304_02.wav,edgetts,mandarin,SC-000304,zh-CN-XiaoxiaoNeural,0.3829,边界
data/redteam/factory/segments/edgetts/minnan/seg_edgetts_minnan_zh-TW-HsiaoChenNeural_SC-000881_01.wav,edgetts,minnan,SC-000881,zh-TW-HsiaoChenNeural,0.3832,边界
data/redteam/factory/segments/edgetts/dongbei/seg_edgetts_dongbei_zh-CN-liaoning-XiaobeiNeural_SC-000438_04.wav,edgetts,dongbei,SC-000438,zh-CN-liaoning-XiaobeiNeural,0.3835,边界
data/redteam/factory/segments/edgetts/cantonese/seg_edgetts_cantonese_zh-HK-HiuMaanNeural_SC-000601_00.wav,edgetts,cantonese,SC-000601,zh-HK-HiuMaanNeural,0.3836,边界
data/redteam/factory/segments/edgetts/minnan/seg_edgetts_minnan_zh-TW-YunJheNeural_SC-000445_00.wav,edgetts,minnan,SC-000445,zh-TW-YunJheNeural,0.3853,边界
data/redteam/factory/segments/edgetts/mandarin/seg_edgetts_mandarin_zh-CN-XiaoxiaoNeural_SC-000331_02.wav,edgetts,mandarin,SC-000331,zh-CN-XiaoxiaoNeural,0.3854,边界
data/redteam/factory/segments/edgetts/cantonese/seg_edgetts_cantonese_zh-HK-HiuMaanNeural_SC-000017_03.wav,edgetts,cantonese,SC-000017,zh-HK-HiuMaanNeural,0.3855,边界
data/redteam/factory/segments/sovits_api/dongbei/seg_sovits_api_dongbei_ref_boot_edgetts_dongbei_zh-CN-liaoning-XiaobeiNeural_SC-000002_seg8s_SC-000154_06.wav,sovits_api,dongbei,SC-000154,ref_boot_edgetts_dongbei_zh-CN-liaoning-XiaobeiNeural_SC-000002_seg8s,0.3856,边界
data/redteam/factory/segments/edgetts/minnan/seg_edgetts_minnan_zh-TW-HsiaoChenNeural_SC-000017_06.wav,edgetts,minnan,SC-000017,zh-TW-HsiaoChenNeural,0.3863,边界
data/redteam/factory/segments/edgetts/cantonese/seg_edgetts_cantonese_zh-HK-HiuMaanNeural_SC-000245_00.wav,edgetts,cantonese,SC-000245,zh-HK-HiuMaanNeural,0.3863,边界
data/redteam/factory/segments/edgetts/mandarin/seg_edgetts_mandarin_zh-CN-XiaoxiaoNeural_SC-000017_03.wav,edgetts,mandarin,SC-000017,zh-CN-XiaoxiaoNeural,0.3866,边界
data/redteam/factory/segments/edgetts/sichuan/seg_edgetts_sichuan_zh-CN-XiaoxiaoNeural_SC-000017_03.wav,edgetts,sichuan,SC-000017,zh-CN-XiaoxiaoNeural,0.3866,边界
data/redteam/factory/segments/sovits_api/henan/seg_sovits_api_henan_ref_boot_edgetts_henan_zh-CN-shaanxi-XiaoniNeural_SC-000009_seg8s_SC-000017_10.wav,sovits_api,henan,SC-000017,ref_boot_edgetts_henan_zh-CN-shaanxi-XiaoniNeural_SC-000009_seg8s,0.3866,边界
data/redteam/factory/segments/edgetts/cantonese/seg_edgetts_cantonese_zh-HK-HiuMaanNeural_SC-000765_02.wav,edgetts,cantonese,SC-000765,zh-HK-HiuMaanNeural,0.3872,边界
data/redteam/factory/segments/edgetts/cantonese/seg_edgetts_cantonese_zh-HK-HiuMaanNeural_SC-001080_01.wav,edgetts,cantonese,SC-001080,zh-HK-HiuMaanNeural,0.3873,边界
data/redteam/factory/segments/edgetts/minnan/seg_edgetts_minnan_zh-TW-HsiaoChenNeural_SC-001151_02.wav,edgetts,minnan,SC-001151,zh-TW-HsiaoChenNeural,0.3874,边界
data/redteam/factory/segments/edgetts/mandarin/seg_edgetts_mandarin_zh-CN-XiaoxiaoNeural_SC-000440_03.wav,edgetts,mandarin,SC-000440,zh-CN-XiaoxiaoNeural,0.3875,边界
data/redteam/factory/segments/edgetts/minnan/seg_edgetts_minnan_zh-TW-HsiaoChenNeural_SC-000445_04.wav,edgetts,minnan,SC-000445,zh-TW-HsiaoChenNeural,0.388,边界
data/redteam/factory/segments/sovits_api/minnan/seg_sovits_api_minnan_ref_boot_edgetts_minnan_zh-TW-HsiaoChenNeural_SC-000001_SC-000218_02.wav,sovits_api,minnan,SC-000218,ref_boot_edgetts_minnan_zh-TW-HsiaoChenNeural_SC-000001,0.3882,边界
data/redteam/factory/segments/sovits_api/sichuan/seg_sovits_api_sichuan_ref_boot_edgetts_sichuan_zh-CN-XiaoxiaoNeural_SC-000010_SC-000255_00.wav,sovits_api,sichuan,SC-000255,ref_boot_edgetts_sichuan_zh-CN-XiaoxiaoNeural_SC-000010,0.3883,边界
data/redteam/factory/segments/edgetts/mandarin/seg_edgetts_mandarin_zh-CN-XiaoxiaoNeural_SC-000036_02.wav,edgetts,mandarin,SC-000036,zh-CN-XiaoxiaoNeural,0.3902,边界
data/redteam/factory/segments/sovits_api/minnan/seg_sovits_api_minnan_ref_boot_edgetts_minnan_zh-TW-HsiaoChenNeural_SC-000001_SC-000367_03.wav,sovits_api,minnan,SC-000367,ref_boot_edgetts_minnan_zh-TW-HsiaoChenNeural_SC-000001,0.3909,边界
data/redteam/factory/segments/edgetts/sichuan/seg_edgetts_sichuan_zh-CN-XiaoxiaoNeural_SC-000042_03.wav,edgetts,sichuan,SC-000042,zh-CN-XiaoxiaoNeural,0.391,边界
data/redteam/factory/segments/edgetts/cantonese/seg_edgetts_cantonese_zh-HK-HiuMaanNeural_SC-000490_04.wav,edgetts,cantonese,SC-000490,zh-HK-HiuMaanNeural,0.3915,边界
data/redteam/factory/segments/sovits_api/sichuan/seg_sovits_api_sichuan_ref_boot_edgetts_sichuan_zh-CN-YunxiNeural_SC-000010_SC-000042_04.wav,sovits_api,sichuan,SC-000042,ref_boot_edgetts_sichuan_zh-CN-YunxiNeural_SC-000010,0.3918,边界
data/redteam/factory/segments/edgetts/cantonese/seg_edgetts_cantonese_zh-HK-HiuMaanNeural_SC-000017_05.wav,edgetts,cantonese,SC-000017,zh-HK-HiuMaanNeural,0.392,边界
data/redteam/factory/segments/edgetts/sichuan/seg_edgetts_sichuan_zh-CN-XiaoxiaoNeural_SC-000963_03.wav,edgetts,sichuan,SC-000963,zh-CN-XiaoxiaoNeural,0.3921,边界
data/redteam/factory/segments/edgetts/cantonese/seg_edgetts_cantonese_zh-HK-HiuMaanNeural_SC-000116_04.wav,edgetts,cantonese,SC-000116,zh-HK-HiuMaanNeural,0.3924,边界
data/redteam/factory/segments/edgetts/sichuan/seg_edgetts_sichuan_zh-CN-XiaoxiaoNeural_SC-000042_01.wav,edgetts,sichuan,SC-000042,zh-CN-XiaoxiaoNeural,0.393,边界
data/redteam/factory/segments/edgetts/minnan/seg_edgetts_minnan_zh-TW-HsiaoChenNeural_SC-000574_03.wav,edgetts,minnan,SC-000574,zh-TW-HsiaoChenNeural,0.3933,边界
data/redteam/factory/segments/edgetts/cantonese/seg_edgetts_cantonese_zh-HK-HiuMaanNeural_SC-000024_03.wav,edgetts,cantonese,SC-000024,zh-HK-HiuMaanNeural,0.394,边界
data/redteam/factory/segments/edgetts/cantonese/seg_edgetts_cantonese_zh-HK-HiuMaanNeural_SC-001198_00.wav,edgetts,cantonese,SC-001198,zh-HK-HiuMaanNeural,0.3941,边界
data/redteam/factory/segments/edgetts/cantonese/seg_edgetts_cantonese_zh-HK-HiuMaanNeural_SC-001155_01.wav,edgetts,cantonese,SC-001155,zh-HK-HiuMaanNeural,0.3942,边界
data/redteam/factory/segments/sovits_api/cantonese/seg_sovits_api_cantonese_ref_boot_edgetts_cantonese_zh-HK-HiuMaanNeural_SC-000005_seg8s_SC-000333_03.wav,sovits_api,cantonese,SC-000333,ref_boot_edgetts_cantonese_zh-HK-HiuMaanNeural_SC-000005_seg8s,0.3944,边界
data/redteam/factory/segments/edgetts/minnan/seg_edgetts_minnan_zh-TW-YunJheNeural_SC-000685_02.wav,edgetts,minnan,SC-000685,zh-TW-YunJheNeural,0.3946,边界
data/redteam/factory/segments/edgetts/cantonese/seg_edgetts_cantonese_zh-HK-HiuMaanNeural_SC-001286_03.wav,edgetts,cantonese,SC-001286,zh-HK-HiuMaanNeural,0.3947,边界
data/redteam/factory/segments/edgetts/cantonese/seg_edgetts_cantonese_zh-HK-HiuMaanNeural_SC-001623_00.wav,edgetts,cantonese,SC-001623,zh-HK-HiuMaanNeural,0.3963,边界
data/redteam/factory/segments/edgetts/cantonese/seg_edgetts_cantonese_zh-HK-HiuMaanNeural_SC-000103_04.wav,edgetts,cantonese,SC-000103,zh-HK-HiuMaanNeural,0.3972,边界
data/redteam/factory/segments/edgetts/cantonese/seg_edgetts_cantonese_zh-HK-HiuMaanNeural_SC-001199_00.wav,edgetts,cantonese,SC-001199,zh-HK-HiuMaanNeural,0.3974,边界
data/redteam/factory/segments/edgetts/cantonese/seg_edgetts_cantonese_zh-HK-HiuMaanNeural_SC-000988_01.wav,edgetts,cantonese,SC-000988,zh-HK-HiuMaanNeural,0.3975,边界
data/redteam/factory/segments/edgetts/dongbei/seg_edgetts_dongbei_zh-CN-liaoning-XiaobeiNeural_SC-001662_00.wav,edgetts,dongbei,SC-001662,zh-CN-liaoning-XiaobeiNeural,0.3985,边界
data/redteam/factory/segments/edgetts/sichuan/seg_edgetts_sichuan_zh-CN-YunxiNeural_SC-000436_03.wav,edgetts,sichuan,SC-000436,zh-CN-YunxiNeural,0.3985,边界
data/redteam/factory/segments/edgetts/cantonese/seg_edgetts_cantonese_zh-HK-HiuMaanNeural_SC-000711_00.wav,edgetts,cantonese,SC-000711,zh-HK-HiuMaanNeural,0.3988,边界
data/redteam/factory/segments/sovits_api/minnan/seg_sovits_api_minnan_ref_boot_edgetts_minnan_zh-TW-HsiaoChenNeural_SC-000001_SC-000143_01.wav,sovits_api,minnan,SC-000143,ref_boot_edgetts_minnan_zh-TW-HsiaoChenNeural_SC-000001,0.3993,边界
data/redteam/factory/segments/edgetts/cantonese/seg_edgetts_cantonese_zh-HK-HiuMaanNeural_SC-000427_00.wav,edgetts,cantonese,SC-000427,zh-HK-HiuMaanNeural,0.3994,边界
data/redteam/factory/segments/edgetts/cantonese/seg_edgetts_cantonese_zh-HK-HiuMaanNeural_SC-000988_02.wav,edgetts,cantonese,SC-000988,zh-HK-HiuMaanNeural,0.3994,边界
data/redteam/factory/segments/edgetts/cantonese/seg_edgetts_cantonese_zh-HK-HiuMaanNeural_SC-000810_00.wav,edgetts,cantonese,SC-000810,zh-HK-HiuMaanNeural,0.3998,边界
data/redteam/factory/segments/sovits_api/sichuan/seg_sovits_api_sichuan_ref_boot_edgetts_sichuan_zh-CN-YunxiNeural_SC-000010_SC-000165_01.wav,sovits_api,sichuan,SC-000165,ref_boot_edgetts_sichuan_zh-CN-YunxiNeural_SC-000010,0.4003,边界
data/redteam/factory/segments/sovits_api/sichuan/seg_sovits_api_sichuan_ref_boot_edgetts_sichuan_zh-CN-YunxiNeural_SC-000010_SC-000042_00.wav,sovits_api,sichuan,SC-000042,ref_boot_edgetts_sichuan_zh-CN-YunxiNeural_SC-000010,0.4005,边界
data/redteam/factory/segments/edgetts/minnan/seg_edgetts_minnan_zh-TW-YunJheNeural_SC-000569_00.wav,edgetts,minnan,SC-000569,zh-TW-YunJheNeural,0.4006,边界
data/redteam/factory/segments/edgetts/cantonese/seg_edgetts_cantonese_zh-HK-HiuMaanNeural_SC-000689_01.wav,edgetts,cantonese,SC-000689,zh-HK-HiuMaanNeural,0.4008,边界
data/redteam/factory/segments/edgetts/minnan/seg_edgetts_minnan_zh-TW-HsiaoChenNeural_SC-001487_01.wav,edgetts,minnan,SC-001487,zh-TW-HsiaoChenNeural,0.4011,边界
data/redteam/factory/segments/edgetts/minnan/seg_edgetts_minnan_zh-TW-YunJheNeural_SC-000323_01.wav,edgetts,minnan,SC-000323,zh-TW-YunJheNeural,0.4013,边界
data/redteam/factory/segments/edgetts/sichuan/seg_edgetts_sichuan_zh-CN-XiaoxiaoNeural_SC-001451_03.wav,edgetts,sichuan,SC-001451,zh-CN-XiaoxiaoNeural,0.4016,边界
data/redteam/factory/segments/edgetts/cantonese/seg_edgetts_cantonese_zh-HK-HiuMaanNeural_SC-001286_00.wav,edgetts,cantonese,SC-001286,zh-HK-HiuMaanNeural,0.4024,边界
data/redteam/factory/segments/edgetts/sichuan/seg_edgetts_sichuan_zh-CN-XiaoxiaoNeural_SC-000996_02.wav,edgetts,sichuan,SC-000996,zh-CN-XiaoxiaoNeural,0.4028,边界
data/redteam/factory/segments/edgetts/cantonese/seg_edgetts_cantonese_zh-HK-HiuMaanNeural_SC-000998_00.wav,edgetts,cantonese,SC-000998,zh-HK-HiuMaanNeural,0.4036,边界
data/redteam/factory/segments/edgetts/minnan/seg_edgetts_minnan_zh-TW-HsiaoChenNeural_SC-000900_01.wav,edgetts,minnan,SC-000900,zh-TW-HsiaoChenNeural,0.4043,边界
data/redteam/factory/segments/sovits_api/sichuan/seg_sovits_api_sichuan_ref_boot_edgetts_sichuan_zh-CN-XiaoxiaoNeural_SC-000010_SC-000251_02.wav,sovits_api,sichuan,SC-000251,ref_boot_edgetts_sichuan_zh-CN-XiaoxiaoNeural_SC-000010,0.4047,边界
data/redteam/factory/segments/edgetts/sichuan/seg_edgetts_sichuan_zh-CN-XiaoxiaoNeural_SC-000251_01.wav,edgetts,sichuan,SC-000251,zh-CN-XiaoxiaoNeural,0.4049,边界
data/redteam/factory/segments/edgetts/minnan/seg_edgetts_minnan_zh-TW-HsiaoChenNeural_SC-000883_00.wav,edgetts,minnan,SC-000883,zh-TW-HsiaoChenNeural,0.4051,边界
data/redteam/factory/segments/sovits_api/minnan/seg_sovits_api_minnan_ref_boot_edgetts_minnan_zh-TW-YunJheNeural_SC-000001_SC-000367_03.wav,sovits_api,minnan,SC-000367,ref_boot_edgetts_minnan_zh-TW-YunJheNeural_SC-000001,0.4051,边界
data/redteam/factory/segments/edgetts/sichuan/seg_edgetts_sichuan_zh-CN-XiaoxiaoNeural_SC-000722_02.wav,edgetts,sichuan,SC-000722,zh-CN-XiaoxiaoNeural,0.4052,边界
data/redteam/factory/segments/edgetts/dongbei/seg_edgetts_dongbei_zh-CN-liaoning-XiaobeiNeural_SC-001632_03.wav,edgetts,dongbei,SC-001632,zh-CN-liaoning-XiaobeiNeural,0.4059,边界
data/redteam/factory/segments/edgetts/cantonese/seg_edgetts_cantonese_zh-HK-HiuMaanNeural_SC-000752_01.wav,edgetts,cantonese,SC-000752,zh-HK-HiuMaanNeural,0.4068,边界
data/redteam/factory/segments/edgetts/minnan/seg_edgetts_minnan_zh-TW-YunJheNeural_SC-000539_01.wav,edgetts,minnan,SC-000539,zh-TW-YunJheNeural,0.407,边界
data/redteam/factory/segments/edgetts/cantonese/seg_edgetts_cantonese_zh-HK-HiuMaanNeural_SC-001537_03.wav,edgetts,cantonese,SC-001537,zh-HK-HiuMaanNeural,0.4079,边界
data/redteam/factory/segments/sovits_api/minnan/seg_sovits_api_minnan_ref_boot_edgetts_minnan_zh-TW-YunJheNeural_SC-000001_SC-000143_03.wav,sovits_api,minnan,SC-000143,ref_boot_edgetts_minnan_zh-TW-YunJheNeural_SC-000001,0.4083,边界
data/redteam/factory/segments/edgetts/cantonese/seg_edgetts_cantonese_zh-HK-HiuMaanNeural_SC-000666_02.wav,edgetts,cantonese,SC-000666,zh-HK-HiuMaanNeural,0.4086,边界
data/redteam/factory/segments/sovits_api/cantonese/seg_sovits_api_cantonese_ref_boot_edgetts_cantonese_zh-HK-HiuMaanNeural_SC-000005_seg8s_SC-000333_04.wav,sovits_api,cantonese,SC-000333,ref_boot_edgetts_cantonese_zh-HK-HiuMaanNeural_SC-000005_seg8s,0.4093,边界
data/redteam/factory/segments/edgetts/cantonese/seg_edgetts_cantonese_zh-HK-HiuMaanNeural_SC-000711_03.wav,edgetts,cantonese,SC-000711,zh-HK-HiuMaanNeural,0.4097,边界
data/redteam/factory/segments/edgetts/cantonese/seg_edgetts_cantonese_zh-HK-HiuMaanNeural_SC-001623_04.wav,edgetts,cantonese,SC-001623,zh-HK-HiuMaanNeural,0.4103,边界
data/redteam/factory/segments/edgetts/cantonese/seg_edgetts_cantonese_zh-HK-HiuMaanNeural_SC-001080_03.wav,edgetts,cantonese,SC-001080,zh-HK-HiuMaanNeural,0.4105,边界
data/redteam/factory/segments/edgetts/henan/seg_edgetts_henan_zh-CN-shaanxi-XiaoniNeural_SC-001425_04.wav,edgetts,henan,SC-001425,zh-CN-shaanxi-XiaoniNeural,0.4106,边界
data/redteam/factory/segments/edgetts/cantonese/seg_edgetts_cantonese_zh-HK-HiuMaanNeural_SC-000245_05.wav,edgetts,cantonese,SC-000245,zh-HK-HiuMaanNeural,0.4107,边界
data/redteam/factory/segments/edgetts/minnan/seg_edgetts_minnan_zh-TW-YunJheNeural_SC-001112_00.wav,edgetts,minnan,SC-001112,zh-TW-YunJheNeural,0.4109,边界
data/redteam/factory/segments/edgetts/minnan/seg_edgetts_minnan_zh-TW-HsiaoChenNeural_SC-000569_01.wav,edgetts,minnan,SC-000569,zh-TW-HsiaoChenNeural,0.4111,边界
data/redteam/factory/segments/edgetts/cantonese/seg_edgetts_cantonese_zh-HK-HiuMaanNeural_SC-000515_02.wav,edgetts,cantonese,SC-000515,zh-HK-HiuMaanNeural,0.4111,边界
data/redteam/factory/segments/edgetts/sichuan/seg_edgetts_sichuan_zh-CN-XiaoxiaoNeural_SC-001028_00.wav,edgetts,sichuan,SC-001028,zh-CN-XiaoxiaoNeural,0.4114,边界
data/redteam/factory/segments/edgetts/cantonese/seg_edgetts_cantonese_zh-HK-HiuMaanNeural_SC-000625_01.wav,edgetts,cantonese,SC-000625,zh-HK-HiuMaanNeural,0.4135,边界
data/redteam/factory/segments/edgetts/minnan/seg_edgetts_minnan_zh-TW-YunJheNeural_SC-000965_00.wav,edgetts,minnan,SC-000965,zh-TW-YunJheNeural,0.414,边界
data/redteam/factory/segments/sovits_api/minnan/seg_sovits_api_minnan_ref_boot_edgetts_minnan_zh-TW-YunJheNeural_SC-000001_SC-000339_01.wav,sovits_api,minnan,SC-000339,ref_boot_edgetts_minnan_zh-TW-YunJheNeural_SC-000001,0.414,边界
data/redteam/factory/segments/edgetts/cantonese/seg_edgetts_cantonese_zh-HK-HiuMaanNeural_SC-001449_00.wav,edgetts,cantonese,SC-001449,zh-HK-HiuMaanNeural,0.4141,边界
data/redteam/factory/segments/edgetts/cantonese/seg_edgetts_cantonese_zh-HK-HiuMaanNeural_SC-000024_00.wav,edgetts,cantonese,SC-000024,zh-HK-HiuMaanNeural,0.4144,边界
data/redteam/factory/segments/edgetts/cantonese/seg_edgetts_cantonese_zh-HK-HiuMaanNeural_SC-000786_02.wav,edgetts,cantonese,SC-000786,zh-HK-HiuMaanNeural,0.4151,边界
data/redteam/factory/segments/edgetts/mandarin/seg_edgetts_mandarin_zh-CN-XiaoxiaoNeural_SC-000335_01.wav,edgetts,mandarin,SC-000335,zh-CN-XiaoxiaoNeural,0.4157,边界
data/redteam/factory/segments/edgetts/cantonese/seg_edgetts_cantonese_zh-HK-HiuMaanNeural_SC-001042_02.wav,edgetts,cantonese,SC-001042,zh-HK-HiuMaanNeural,0.4164,边界
data/redteam/factory/segments/edgetts/dongbei/seg_edgetts_dongbei_zh-CN-liaoning-XiaobeiNeural_SC-001531_03.wav,edgetts,dongbei,SC-001531,zh-CN-liaoning-XiaobeiNeural,0.4165,边界
data/redteam/factory/segments/edgetts/cantonese/seg_edgetts_cantonese_zh-HK-HiuMaanNeural_SC-001184_03.wav,edgetts,cantonese,SC-001184,zh-HK-HiuMaanNeural,0.4172,边界
data/redteam/factory/segments/edgetts/cantonese/seg_edgetts_cantonese_zh-HK-HiuMaanNeural_SC-000988_03.wav,edgetts,cantonese,SC-000988,zh-HK-HiuMaanNeural,0.4178,边界
data/redteam/factory/segments/edgetts/minnan/seg_edgetts_minnan_zh-TW-HsiaoChenNeural_SC-001084_01.wav,edgetts,minnan,SC-001084,zh-TW-HsiaoChenNeural,0.4183,边界
data/redteam/factory/segments/edgetts/cantonese/seg_edgetts_cantonese_zh-HK-HiuMaanNeural_SC-000765_04.wav,edgetts,cantonese,SC-000765,zh-HK-HiuMaanNeural,0.4184,边界
data/redteam/factory/segments/edgetts/dongbei/seg_edgetts_dongbei_zh-CN-liaoning-XiaobeiNeural_SC-000877_02.wav,edgetts,dongbei,SC-000877,zh-CN-liaoning-XiaobeiNeural,0.419,边界
data/redteam/factory/segments/edgetts/cantonese/seg_edgetts_cantonese_zh-HK-HiuMaanNeural_SC-000625_04.wav,edgetts,cantonese,SC-000625,zh-HK-HiuMaanNeural,0.4193,边界
data/redteam/factory/segments/edgetts/henan/seg_edgetts_henan_zh-CN-shaanxi-XiaoniNeural_SC-000728_03.wav,edgetts,henan,SC-000728,zh-CN-shaanxi-XiaoniNeural,0.4195,边界
data/redteam/factory/segments/sovits_api/sichuan/seg_sovits_api_sichuan_ref_boot_edgetts_sichuan_zh-CN-YunxiNeural_SC-000010_SC-000165_02.wav,sovits_api,sichuan,SC-000165,ref_boot_edgetts_sichuan_zh-CN-YunxiNeural_SC-000010,0.4199,边界
data/redteam/factory/segments/edgetts/minnan/seg_edgetts_minnan_zh-TW-YunJheNeural_SC-000970_02.wav,edgetts,minnan,SC-000970,zh-TW-YunJheNeural,0.4202,边界
data/redteam/factory/segments/sovits_api/mandarin/seg_sovits_api_mandarin_ref_boot_edgetts_mandarin_zh-CN-XiaoxiaoNeural_SC-000007_seg8s_SC-000019_01.wav,sovits_api,mandarin,SC-000019,ref_boot_edgetts_mandarin_zh-CN-XiaoxiaoNeural_SC-000007_seg8s,0.4208,边界
data/redteam/factory/segments/edgetts/cantonese/seg_edgetts_cantonese_zh-HK-HiuMaanNeural_SC-001080_00.wav,edgetts,cantonese,SC-001080,zh-HK-HiuMaanNeural,0.4216,边界
data/redteam/factory/segments/edgetts/cantonese/seg_edgetts_cantonese_zh-HK-HiuMaanNeural_SC-000116_00.wav,edgetts,cantonese,SC-000116,zh-HK-HiuMaanNeural,0.422,边界
data/redteam/factory/segments/edgetts/dongbei/seg_edgetts_dongbei_zh-CN-liaoning-XiaobeiNeural_SC-000154_04.wav,edgetts,dongbei,SC-000154,zh-CN-liaoning-XiaobeiNeural,0.422,边界
data/redteam/factory/segments/edgetts/cantonese/seg_edgetts_cantonese_zh-HK-HiuMaanNeural_SC-001294_03.wav,edgetts,cantonese,SC-001294,zh-HK-HiuMaanNeural,0.4223,边界
data/redteam/factory/segments/edgetts/cantonese/seg_edgetts_cantonese_zh-HK-HiuMaanNeural_SC-001080_04.wav,edgetts,cantonese,SC-001080,zh-HK-HiuMaanNeural,0.4224,边界
data/redteam/factory/segments/sovits_api/cantonese/seg_sovits_api_cantonese_ref_boot_edgetts_cantonese_zh-HK-HiuMaanNeural_SC-000005_seg8s_SC-000228_03.wav,sovits_api,cantonese,SC-000228,ref_boot_edgetts_cantonese_zh-HK-HiuMaanNeural_SC-000005_seg8s,0.4238,边界
data/redteam/factory/segments/edgetts/sichuan/seg_edgetts_sichuan_zh-CN-XiaoxiaoNeural_SC-000115_03.wav,edgetts,sichuan,SC-000115,zh-CN-XiaoxiaoNeural,0.424,边界
data/redteam/factory/segments/edgetts/cantonese/seg_edgetts_cantonese_zh-HK-HiuMaanNeural_SC-001449_02.wav,edgetts,cantonese,SC-001449,zh-HK-HiuMaanNeural,0.4253,边界
data/redteam/factory/segments/edgetts/sichuan/seg_edgetts_sichuan_zh-CN-XiaoxiaoNeural_SC-001061_04.wav,edgetts,sichuan,SC-001061,zh-CN-XiaoxiaoNeural,0.4255,边界
data/redteam/factory/segments/sovits_api/sichuan/seg_sovits_api_sichuan_ref_boot_edgetts_sichuan_zh-CN-YunxiNeural_SC-000010_SC-000042_03.wav,sovits_api,sichuan,SC-000042,ref_boot_edgetts_sichuan_zh-CN-YunxiNeural_SC-000010,0.4257,边界
data/redteam/factory/segments/edgetts/henan/seg_edgetts_henan_zh-CN-shaanxi-XiaoniNeural_SC-000697_02.wav,edgetts,henan,SC-000697,zh-CN-shaanxi-XiaoniNeural,0.4258,边界
data/redteam/factory/segments/edgetts/sichuan/seg_edgetts_sichuan_zh-CN-XiaoxiaoNeural_SC-000756_02.wav,edgetts,sichuan,SC-000756,zh-CN-XiaoxiaoNeural,0.4259,边界
data/redteam/factory/segments/edgetts/cantonese/seg_edgetts_cantonese_zh-HK-HiuMaanNeural_SC-000810_01.wav,edgetts,cantonese,SC-000810,zh-HK-HiuMaanNeural,0.4259,边界
data/redteam/factory/segments/sovits_api/dongbei/seg_sovits_api_dongbei_ref_boot_edgetts_dongbei_zh-CN-liaoning-XiaobeiNeural_SC-000002_seg8s_SC-000154_01.wav,sovits_api,dongbei,SC-000154,ref_boot_edgetts_dongbei_zh-CN-liaoning-XiaobeiNeural_SC-000002_seg8s,0.4268,边界
data/redteam/factory/segments/edgetts/cantonese/seg_edgetts_cantonese_zh-HK-HiuMaanNeural_SC-000515_01.wav,edgetts,cantonese,SC-000515,zh-HK-HiuMaanNeural,0.4279,边界
data/redteam/factory/segments/edgetts/dongbei/seg_edgetts_dongbei_zh-CN-liaoning-XiaobeiNeural_SC-000656_02.wav,edgetts,dongbei,SC-000656,zh-CN-liaoning-XiaobeiNeural,0.4291,边界
data/redteam/factory/segments/sovits_api/minnan/seg_sovits_api_minnan_ref_boot_edgetts_minnan_zh-TW-HsiaoChenNeural_SC-000001_SC-000056_04.wav,sovits_api,minnan,SC-000056,ref_boot_edgetts_minnan_zh-TW-HsiaoChenNeural_SC-000001,0.4299,边界
data/redteam/factory/segments/edgetts/cantonese/seg_edgetts_cantonese_zh-HK-HiuMaanNeural_SC-000103_00.wav,edgetts,cantonese,SC-000103,zh-HK-HiuMaanNeural,0.4302,边界
data/redteam/factory/segments/edgetts/minnan/seg_edgetts_minnan_zh-TW-YunJheNeural_SC-000323_02.wav,edgetts,minnan,SC-000323,zh-TW-YunJheNeural,0.4305,边界
data/redteam/factory/segments/edgetts/minnan/seg_edgetts_minnan_zh-TW-YunJheNeural_SC-000369_00.wav,edgetts,minnan,SC-000369,zh-TW-YunJheNeural,0.4313,边界
data/redteam/factory/segments/sovits_api/sichuan/seg_sovits_api_sichuan_ref_boot_edgetts_sichuan_zh-CN-YunxiNeural_SC-000010_SC-000165_03.wav,sovits_api,sichuan,SC-000165,ref_boot_edgetts_sichuan_zh-CN-YunxiNeural_SC-000010,0.4316,边界
data/redteam/factory/segments/edgetts/minnan/seg_edgetts_minnan_zh-TW-HsiaoChenNeural_SC-001383_00.wav,edgetts,minnan,SC-001383,zh-TW-HsiaoChenNeural,0.4319,边界
data/redteam/factory/segments/edgetts/minnan/seg_edgetts_minnan_zh-TW-HsiaoChenNeural_SC-000653_00.wav,edgetts,minnan,SC-000653,zh-TW-HsiaoChenNeural,0.4319,边界
data/redteam/factory/segments/edgetts/cantonese/seg_edgetts_cantonese_zh-HK-HiuMaanNeural_SC-000601_03.wav,edgetts,cantonese,SC-000601,zh-HK-HiuMaanNeural,0.4323,边界
data/redteam/factory/segments/sovits_api/minnan/seg_sovits_api_minnan_ref_boot_edgetts_minnan_zh-TW-YunJheNeural_SC-000001_SC-000056_08.wav,sovits_api,minnan,SC-000056,ref_boot_edgetts_minnan_zh-TW-YunJheNeural_SC-000001,0.4326,边界
data/redteam/factory/segments/edgetts/cantonese/seg_edgetts_cantonese_zh-HK-HiuMaanNeural_SC-000427_01.wav,edgetts,cantonese,SC-000427,zh-HK-HiuMaanNeural,0.4336,边界
data/redteam/factory/segments/edgetts/minnan/seg_edgetts_minnan_zh-TW-HsiaoChenNeural_SC-001447_00.wav,edgetts,minnan,SC-001447,zh-TW-HsiaoChenNeural,0.4336,边界
data/redteam/factory/segments/edgetts/henan/seg_edgetts_henan_zh-CN-shaanxi-XiaoniNeural_SC-000137_02.wav,edgetts,henan,SC-000137,zh-CN-shaanxi-XiaoniNeural,0.4341,边界
data/redteam/factory/segments/edgetts/cantonese/seg_edgetts_cantonese_zh-HK-HiuMaanNeural_SC-001623_01.wav,edgetts,cantonese,SC-001623,zh-HK-HiuMaanNeural,0.4342,边界
data/redteam/factory/segments/edgetts/cantonese/seg_edgetts_cantonese_zh-HK-HiuMaanNeural_SC-000245_07.wav,edgetts,cantonese,SC-000245,zh-HK-HiuMaanNeural,0.4346,边界
data/redteam/factory/segments/edgetts/cantonese/seg_edgetts_cantonese_zh-HK-HiuMaanNeural_SC-000116_01.wav,edgetts,cantonese,SC-000116,zh-HK-HiuMaanNeural,0.4348,边界
data/redteam/factory/segments/edgetts/mandarin/seg_edgetts_mandarin_zh-CN-XiaoxiaoNeural_SC-000470_02.wav,edgetts,mandarin,SC-000470,zh-CN-XiaoxiaoNeural,0.4349,边界
data/redteam/factory/segments/edgetts/cantonese/seg_edgetts_cantonese_zh-HK-HiuMaanNeural_SC-000810_03.wav,edgetts,cantonese,SC-000810,zh-HK-HiuMaanNeural,0.4349,边界
data/redteam/factory/segments/edgetts/minnan/seg_edgetts_minnan_zh-TW-HsiaoChenNeural_SC-000943_03.wav,edgetts,minnan,SC-000943,zh-TW-HsiaoChenNeural,0.4351,边界
data/redteam/factory/segments/edgetts/minnan/seg_edgetts_minnan_zh-TW-HsiaoChenNeural_SC-001112_00.wav,edgetts,minnan,SC-001112,zh-TW-HsiaoChenNeural,0.4366,边界
data/redteam/factory/segments/edgetts/minnan/seg_edgetts_minnan_zh-TW-HsiaoChenNeural_SC-000653_01.wav,edgetts,minnan,SC-000653,zh-TW-HsiaoChenNeural,0.4366,边界
data/redteam/factory/segments/edgetts/cantonese/seg_edgetts_cantonese_zh-HK-HiuMaanNeural_SC-001419_04.wav,edgetts,cantonese,SC-001419,zh-HK-HiuMaanNeural,0.4368,边界
data/redteam/factory/segments/edgetts/mandarin/seg_edgetts_mandarin_zh-CN-XiaoxiaoNeural_SC-000474_04.wav,edgetts,mandarin,SC-000474,zh-CN-XiaoxiaoNeural,0.4369,边界
data/redteam/factory/segments/edgetts/cantonese/seg_edgetts_cantonese_zh-HK-HiuMaanNeural_SC-000333_00.wav,edgetts,cantonese,SC-000333,zh-HK-HiuMaanNeural,0.4379,边界
data/redteam/factory/segments/edgetts/minnan/seg_edgetts_minnan_zh-TW-HsiaoChenNeural_SC-001383_01.wav,edgetts,minnan,SC-001383,zh-TW-HsiaoChenNeural,0.4395,边界
data/redteam/factory/segments/edgetts/minnan/seg_edgetts_minnan_zh-TW-HsiaoChenNeural_SC-001032_01.wav,edgetts,minnan,SC-001032,zh-TW-HsiaoChenNeural,0.4417,边界
data/redteam/factory/segments/edgetts/cantonese/seg_edgetts_cantonese_zh-HK-HiuMaanNeural_SC-001623_03.wav,edgetts,cantonese,SC-001623,zh-HK-HiuMaanNeural,0.4423,边界
data/redteam/factory/segments/edgetts/cantonese/seg_edgetts_cantonese_zh-HK-HiuMaanNeural_SC-001199_02.wav,edgetts,cantonese,SC-001199,zh-HK-HiuMaanNeural,0.4424,边界
data/redteam/factory/segments/edgetts/mandarin/seg_edgetts_mandarin_zh-CN-YunxiNeural_SC-000347_02.wav,edgetts,mandarin,SC-000347,zh-CN-YunxiNeural,0.4437,边界
data/redteam/factory/segments/edgetts/cantonese/seg_edgetts_cantonese_zh-HK-HiuMaanNeural_SC-000228_01.wav,edgetts,cantonese,SC-000228,zh-HK-HiuMaanNeural,0.4449,边界
data/redteam/factory/segments/edgetts/minnan/seg_edgetts_minnan_zh-TW-HsiaoChenNeural_SC-001034_03.wav,edgetts,minnan,SC-001034,zh-TW-HsiaoChenNeural,0.4454,边界
data/redteam/factory/segments/sovits_api/mandarin/seg_sovits_api_mandarin_ref_boot_edgetts_mandarin_zh-CN-XiaoxiaoNeural_SC-000007_seg8s_SC-000037_00.wav,sovits_api,mandarin,SC-000037,ref_boot_edgetts_mandarin_zh-CN-XiaoxiaoNeural_SC-000007_seg8s,0.4455,边界
data/redteam/factory/segments/edgetts/cantonese/seg_edgetts_cantonese_zh-HK-HiuMaanNeural_SC-000625_00.wav,edgetts,cantonese,SC-000625,zh-HK-HiuMaanNeural,0.4462,边界
data/redteam/factory/segments/edgetts/mandarin/seg_edgetts_mandarin_zh-CN-XiaoxiaoNeural_SC-000480_03.wav,edgetts,mandarin,SC-000480,zh-CN-XiaoxiaoNeural,0.4474,边界
data/redteam/factory/segments/sovits_api/mandarin/seg_sovits_api_mandarin_ref_boot_edgetts_mandarin_zh-CN-XiaoxiaoNeural_SC-000007_seg8s_SC-000007_03.wav,sovits_api,mandarin,SC-000007,ref_boot_edgetts_mandarin_zh-CN-XiaoxiaoNeural_SC-000007_seg8s,0.448,边界
data/redteam/factory/segments/edgetts/minnan/seg_edgetts_minnan_zh-TW-YunJheNeural_SC-001180_01.wav,edgetts,minnan,SC-001180,zh-TW-YunJheNeural,0.4497,边界
data/redteam/factory/segments/edgetts/cantonese/seg_edgetts_cantonese_zh-HK-HiuMaanNeural_SC-001199_04.wav,edgetts,cantonese,SC-001199,zh-HK-HiuMaanNeural,0.4499,边界
data/redteam/factory/segments/edgetts/cantonese/seg_edgetts_cantonese_zh-HK-HiuMaanNeural_SC-001623_02.wav,edgetts,cantonese,SC-001623,zh-HK-HiuMaanNeural,0.45,边界
data/redteam/factory/segments/edgetts/sichuan/seg_edgetts_sichuan_zh-CN-XiaoxiaoNeural_SC-000513_01.wav,edgetts,sichuan,SC-000513,zh-CN-XiaoxiaoNeural,0.4503,边界
data/redteam/factory/segments/edgetts/cantonese/seg_edgetts_cantonese_zh-HK-HiuMaanNeural_SC-000699_01.wav,edgetts,cantonese,SC-000699,zh-HK-HiuMaanNeural,0.4507,边界
data/redteam/factory/segments/sovits_api/henan/seg_sovits_api_henan_ref_boot_edgetts_henan_zh-CN-shaanxi-XiaoniNeural_SC-000009_seg8s_SC-000017_09.wav,sovits_api,henan,SC-000017,ref_boot_edgetts_henan_zh-CN-shaanxi-XiaoniNeural_SC-000009_seg8s,0.4508,边界
data/redteam/factory/segments/edgetts/minnan/seg_edgetts_minnan_zh-TW-YunJheNeural_SC-001487_02.wav,edgetts,minnan,SC-001487,zh-TW-YunJheNeural,0.4509,边界
data/redteam/factory/segments/edgetts/minnan/seg_edgetts_minnan_zh-TW-HsiaoChenNeural_SC-000685_00.wav,edgetts,minnan,SC-000685,zh-TW-HsiaoChenNeural,0.4509,边界
data/redteam/factory/segments/edgetts/cantonese/seg_edgetts_cantonese_zh-HK-HiuMaanNeural_SC-001082_01.wav,edgetts,cantonese,SC-001082,zh-HK-HiuMaanNeural,0.452,边界
data/redteam/factory/segments/edgetts/sichuan/seg_edgetts_sichuan_zh-CN-XiaoxiaoNeural_SC-000042_00.wav,edgetts,sichuan,SC-000042,zh-CN-XiaoxiaoNeural,0.4526,边界
data/redteam/factory/segments/edgetts/cantonese/seg_edgetts_cantonese_zh-HK-HiuMaanNeural_SC-001199_03.wav,edgetts,cantonese,SC-001199,zh-HK-HiuMaanNeural,0.4526,边界
data/redteam/factory/segments/edgetts/minnan/seg_edgetts_minnan_zh-TW-HsiaoChenNeural_SC-000056_05.wav,edgetts,minnan,SC-000056,zh-TW-HsiaoChenNeural,0.4528,边界
data/redteam/factory/segments/edgetts/minnan/seg_edgetts_minnan_zh-TW-YunJheNeural_SC-000143_00.wav,edgetts,minnan,SC-000143,zh-TW-YunJheNeural,0.454,边界
data/redteam/factory/segments/edgetts/cantonese/seg_edgetts_cantonese_zh-HK-HiuMaanNeural_SC-001198_03.wav,edgetts,cantonese,SC-001198,zh-HK-HiuMaanNeural,0.4541,边界
data/redteam/factory/segments/edgetts/cantonese/seg_edgetts_cantonese_zh-HK-HiuMaanNeural_SC-001184_02.wav,edgetts,cantonese,SC-001184,zh-HK-HiuMaanNeural,0.4547,边界
data/redteam/factory/segments/edgetts/cantonese/seg_edgetts_cantonese_zh-HK-HiuMaanNeural_SC-000490_03.wav,edgetts,cantonese,SC-000490,zh-HK-HiuMaanNeural,0.4566,边界
data/redteam/factory/segments/edgetts/cantonese/seg_edgetts_cantonese_zh-HK-HiuMaanNeural_SC-000601_02.wav,edgetts,cantonese,SC-000601,zh-HK-HiuMaanNeural,0.4576,边界
data/redteam/factory/segments/edgetts/cantonese/seg_edgetts_cantonese_zh-HK-HiuMaanNeural_SC-001537_04.wav,edgetts,cantonese,SC-001537,zh-HK-HiuMaanNeural,0.4576,边界
data/redteam/factory/segments/edgetts/sichuan/seg_edgetts_sichuan_zh-CN-XiaoxiaoNeural_SC-000879_04.wav,edgetts,sichuan,SC-000879,zh-CN-XiaoxiaoNeural,0.4577,边界
data/redteam/factory/segments/edgetts/sichuan/seg_edgetts_sichuan_zh-CN-XiaoxiaoNeural_SC-000251_02.wav,edgetts,sichuan,SC-000251,zh-CN-XiaoxiaoNeural,0.4581,边界
data/redteam/factory/segments/edgetts/cantonese/seg_edgetts_cantonese_zh-HK-HiuMaanNeural_SC-001155_03.wav,edgetts,cantonese,SC-001155,zh-HK-HiuMaanNeural,0.4593,边界
data/redteam/factory/segments/edgetts/cantonese/seg_edgetts_cantonese_zh-HK-HiuMaanNeural_SC-000998_04.wav,edgetts,cantonese,SC-000998,zh-HK-HiuMaanNeural,0.4593,边界
data/redteam/factory/segments/edgetts/cantonese/seg_edgetts_cantonese_zh-HK-HiuMaanNeural_SC-000048_01.wav,edgetts,cantonese,SC-000048,zh-HK-HiuMaanNeural,0.46,边界
data/redteam/factory/segments/edgetts/mandarin/seg_edgetts_mandarin_zh-CN-XiaoxiaoNeural_SC-000480_04.wav,edgetts,mandarin,SC-000480,zh-CN-XiaoxiaoNeural,0.4604,边界
data/redteam/factory/segments/sovits_api/dongbei/seg_sovits_api_dongbei_ref_boot_edgetts_dongbei_zh-CN-liaoning-XiaobeiNeural_SC-000002_seg8s_SC-000264_02.wav,sovits_api,dongbei,SC-000264,ref_boot_edgetts_dongbei_zh-CN-liaoning-XiaobeiNeural_SC-000002_seg8s,0.4621,边界
data/redteam/factory/segments/edgetts/cantonese/seg_edgetts_cantonese_zh-HK-HiuMaanNeural_SC-000333_01.wav,edgetts,cantonese,SC-000333,zh-HK-HiuMaanNeural,0.4624,边界
data/redteam/factory/segments/edgetts/cantonese/seg_edgetts_cantonese_zh-HK-HiuMaanNeural_SC-001537_01.wav,edgetts,cantonese,SC-001537,zh-HK-HiuMaanNeural,0.4634,边界
data/redteam/factory/segments/edgetts/cantonese/seg_edgetts_cantonese_zh-HK-HiuMaanNeural_SC-000561_01.wav,edgetts,cantonese,SC-000561,zh-HK-HiuMaanNeural,0.4637,边界
data/redteam/factory/segments/edgetts/dongbei/seg_edgetts_dongbei_zh-CN-liaoning-XiaobeiNeural_SC-000438_02.wav,edgetts,dongbei,SC-000438,zh-CN-liaoning-XiaobeiNeural,0.4643,边界
data/redteam/factory/segments/edgetts/sichuan/seg_edgetts_sichuan_zh-CN-XiaoxiaoNeural_SC-000379_03.wav,edgetts,sichuan,SC-000379,zh-CN-XiaoxiaoNeural,0.4648,边界
data/redteam/factory/segments/edgetts/cantonese/seg_edgetts_cantonese_zh-HK-HiuMaanNeural_SC-000666_00.wav,edgetts,cantonese,SC-000666,zh-HK-HiuMaanNeural,0.4653,边界
data/redteam/factory/segments/edgetts/cantonese/seg_edgetts_cantonese_zh-HK-HiuMaanNeural_SC-000711_01.wav,edgetts,cantonese,SC-000711,zh-HK-HiuMaanNeural,0.4657,边界
data/redteam/factory/segments/sovits_api/minnan/seg_sovits_api_minnan_ref_boot_edgetts_minnan_zh-TW-YunJheNeural_SC-000001_SC-000056_07.wav,sovits_api,minnan,SC-000056,ref_boot_edgetts_minnan_zh-TW-YunJheNeural_SC-000001,0.4669,边界
data/redteam/factory/segments/edgetts/cantonese/seg_edgetts_cantonese_zh-HK-HiuMaanNeural_SC-001449_03.wav,edgetts,cantonese,SC-001449,zh-HK-HiuMaanNeural,0.467,边界
data/redteam/factory/segments/sovits_api/minnan/seg_sovits_api_minnan_ref_boot_edgetts_minnan_zh-TW-YunJheNeural_SC-000001_SC-000056_04.wav,sovits_api,minnan,SC-000056,ref_boot_edgetts_minnan_zh-TW-YunJheNeural_SC-000001,0.4681,边界
data/redteam/factory/segments/edgetts/cantonese/seg_edgetts_cantonese_zh-HK-HiuMaanNeural_SC-000515_03.wav,edgetts,cantonese,SC-000515,zh-HK-HiuMaanNeural,0.4682,边界
data/redteam/factory/segments/sovits_api/sichuan/seg_sovits_api_sichuan_ref_boot_edgetts_sichuan_zh-CN-XiaoxiaoNeural_SC-000010_SC-000042_04.wav,sovits_api,sichuan,SC-000042,ref_boot_edgetts_sichuan_zh-CN-XiaoxiaoNeural_SC-000010,0.471,边界
data/redteam/factory/segments/edgetts/cantonese/seg_edgetts_cantonese_zh-HK-HiuMaanNeural_SC-000625_03.wav,edgetts,cantonese,SC-000625,zh-HK-HiuMaanNeural,0.4727,边界
data/redteam/factory/segments/edgetts/cantonese/seg_edgetts_cantonese_zh-HK-HiuMaanNeural_SC-000547_00.wav,edgetts,cantonese,SC-000547,zh-HK-HiuMaanNeural,0.4733,边界
data/redteam/factory/segments/edgetts/cantonese/seg_edgetts_cantonese_zh-HK-HiuMaanNeural_SC-001244_00.wav,edgetts,cantonese,SC-001244,zh-HK-HiuMaanNeural,0.4736,边界
data/redteam/factory/segments/edgetts/cantonese/seg_edgetts_cantonese_zh-HK-HiuMaanNeural_SC-001340_02.wav,edgetts,cantonese,SC-001340,zh-HK-HiuMaanNeural,0.4738,边界
data/redteam/factory/segments/edgetts/dongbei/seg_edgetts_dongbei_zh-CN-liaoning-XiaobeiNeural_SC-000635_01.wav,edgetts,dongbei,SC-000635,zh-CN-liaoning-XiaobeiNeural,0.4744,边界
data/redteam/factory/segments/edgetts/cantonese/seg_edgetts_cantonese_zh-HK-HiuMaanNeural_SC-000024_01.wav,edgetts,cantonese,SC-000024,zh-HK-HiuMaanNeural,0.4748,边界
data/redteam/factory/segments/edgetts/cantonese/seg_edgetts_cantonese_zh-HK-HiuMaanNeural_SC-001082_02.wav,edgetts,cantonese,SC-001082,zh-HK-HiuMaanNeural,0.4758,边界
data/redteam/factory/segments/edgetts/minnan/seg_edgetts_minnan_zh-TW-YunJheNeural_SC-001215_01.wav,edgetts,minnan,SC-001215,zh-TW-YunJheNeural,0.4762,边界
data/redteam/factory/segments/edgetts/sichuan/seg_edgetts_sichuan_zh-CN-XiaoxiaoNeural_SC-000429_01.wav,edgetts,sichuan,SC-000429,zh-CN-XiaoxiaoNeural,0.4764,边界
data/redteam/factory/segments/edgetts/cantonese/seg_edgetts_cantonese_zh-HK-HiuMaanNeural_SC-001244_03.wav,edgetts,cantonese,SC-001244,zh-HK-HiuMaanNeural,0.4776,边界
data/redteam/factory/segments/edgetts/cantonese/seg_edgetts_cantonese_zh-HK-HiuMaanNeural_SC-000024_02.wav,edgetts,cantonese,SC-000024,zh-HK-HiuMaanNeural,0.4778,边界
data/redteam/factory/segments/edgetts/cantonese/seg_edgetts_cantonese_zh-HK-HiuMaanNeural_SC-000998_02.wav,edgetts,cantonese,SC-000998,zh-HK-HiuMaanNeural,0.4782,边界
data/redteam/factory/segments/edgetts/minnan/seg_edgetts_minnan_zh-TW-YunJheNeural_SC-000218_02.wav,edgetts,minnan,SC-000218,zh-TW-YunJheNeural,0.4783,边界
data/redteam/factory/segments/edgetts/cantonese/seg_edgetts_cantonese_zh-HK-HiuMaanNeural_SC-001082_04.wav,edgetts,cantonese,SC-001082,zh-HK-HiuMaanNeural,0.4784,边界
data/redteam/factory/segments/edgetts/minnan/seg_edgetts_minnan_zh-TW-YunJheNeural_SC-000719_02.wav,edgetts,minnan,SC-000719,zh-TW-YunJheNeural,0.4787,边界
data/redteam/factory/segments/edgetts/cantonese/seg_edgetts_cantonese_zh-HK-HiuMaanNeural_SC-000699_00.wav,edgetts,cantonese,SC-000699,zh-HK-HiuMaanNeural,0.4791,边界
data/redteam/factory/segments/edgetts/cantonese/seg_edgetts_cantonese_zh-HK-HiuMaanNeural_SC-000998_01.wav,edgetts,cantonese,SC-000998,zh-HK-HiuMaanNeural,0.4794,边界
data/redteam/factory/segments/edgetts/cantonese/seg_edgetts_cantonese_zh-HK-HiuMaanNeural_SC-000988_00.wav,edgetts,cantonese,SC-000988,zh-HK-HiuMaanNeural,0.4796,边界
data/redteam/factory/segments/edgetts/cantonese/seg_edgetts_cantonese_zh-HK-HiuMaanNeural_SC-000427_02.wav,edgetts,cantonese,SC-000427,zh-HK-HiuMaanNeural,0.4801,边界
data/redteam/factory/segments/edgetts/cantonese/seg_edgetts_cantonese_zh-HK-HiuMaanNeural_SC-000427_03.wav,edgetts,cantonese,SC-000427,zh-HK-HiuMaanNeural,0.4804,边界
data/redteam/factory/segments/edgetts/cantonese/seg_edgetts_cantonese_zh-HK-HiuMaanNeural_SC-000103_02.wav,edgetts,cantonese,SC-000103,zh-HK-HiuMaanNeural,0.4816,边界
data/redteam/factory/segments/edgetts/cantonese/seg_edgetts_cantonese_zh-HK-HiuMaanNeural_SC-000116_03.wav,edgetts,cantonese,SC-000116,zh-HK-HiuMaanNeural,0.4824,边界
data/redteam/factory/segments/edgetts/cantonese/seg_edgetts_cantonese_zh-HK-HiuMaanNeural_SC-000333_02.wav,edgetts,cantonese,SC-000333,zh-HK-HiuMaanNeural,0.4831,边界
data/redteam/factory/segments/sovits_api/cantonese/seg_sovits_api_cantonese_ref_boot_edgetts_cantonese_zh-HK-HiuMaanNeural_SC-000005_seg8s_SC-000245_06.wav,sovits_api,cantonese,SC-000245,ref_boot_edgetts_cantonese_zh-HK-HiuMaanNeural_SC-000005_seg8s,0.4846,边界
data/redteam/factory/segments/edgetts/cantonese/seg_edgetts_cantonese_zh-HK-HiuMaanNeural_SC-000017_08.wav,edgetts,cantonese,SC-000017,zh-HK-HiuMaanNeural,0.4847,边界
data/redteam/factory/segments/sovits_api/cantonese/seg_sovits_api_cantonese_ref_boot_edgetts_cantonese_zh-HK-HiuMaanNeural_SC-000005_seg8s_SC-000228_01.wav,sovits_api,cantonese,SC-000228,ref_boot_edgetts_cantonese_zh-HK-HiuMaanNeural_SC-000005_seg8s,0.486,边界
data/redteam/factory/segments/edgetts/cantonese/seg_edgetts_cantonese_zh-HK-HiuMaanNeural_SC-001198_02.wav,edgetts,cantonese,SC-001198,zh-HK-HiuMaanNeural,0.4879,边界
data/redteam/factory/segments/edgetts/minnan/seg_edgetts_minnan_zh-TW-YunJheNeural_SC-000841_02.wav,edgetts,minnan,SC-000841,zh-TW-YunJheNeural,0.4884,边界
data/redteam/factory/segments/edgetts/cantonese/seg_edgetts_cantonese_zh-HK-HiuMaanNeural_SC-000752_03.wav,edgetts,cantonese,SC-000752,zh-HK-HiuMaanNeural,0.4898,边界
data/redteam/factory/segments/edgetts/cantonese/seg_edgetts_cantonese_zh-HK-HiuMaanNeural_SC-000490_02.wav,edgetts,cantonese,SC-000490,zh-HK-HiuMaanNeural,0.4903,边界
data/redteam/factory/segments/edgetts/cantonese/seg_edgetts_cantonese_zh-HK-HiuMaanNeural_SC-001294_02.wav,edgetts,cantonese,SC-001294,zh-HK-HiuMaanNeural,0.4937,边界
data/redteam/factory/segments/edgetts/cantonese/seg_edgetts_cantonese_zh-HK-HiuMaanNeural_SC-001286_02.wav,edgetts,cantonese,SC-001286,zh-HK-HiuMaanNeural,0.4941,边界
data/redteam/factory/segments/edgetts/cantonese/seg_edgetts_cantonese_zh-HK-HiuMaanNeural_SC-000625_02.wav,edgetts,cantonese,SC-000625,zh-HK-HiuMaanNeural,0.4949,边界
data/redteam/factory/segments/edgetts/mandarin/seg_edgetts_mandarin_zh-CN-XiaoxiaoNeural_SC-000036_01.wav,edgetts,mandarin,SC-000036,zh-CN-XiaoxiaoNeural,0.4956,边界
data/redteam/factory/segments/edgetts/cantonese/seg_edgetts_cantonese_zh-HK-HiuMaanNeural_SC-001537_02.wav,edgetts,cantonese,SC-001537,zh-HK-HiuMaanNeural,0.4962,边界
data/redteam/factory/segments/edgetts/henan/seg_edgetts_henan_zh-CN-shaanxi-XiaoniNeural_SC-001368_03.wav,edgetts,henan,SC-001368,zh-CN-shaanxi-XiaoniNeural,0.4972,边界
data/redteam/factory/segments/edgetts/henan/seg_edgetts_henan_zh-CN-shaanxi-XiaoniNeural_SC-000106_03.wav,edgetts,henan,SC-000106,zh-CN-shaanxi-XiaoniNeural,0.4973,边界
data/redteam/factory/segments/edgetts/cantonese/seg_edgetts_cantonese_zh-HK-HiuMaanNeural_SC-000017_04.wav,edgetts,cantonese,SC-000017,zh-HK-HiuMaanNeural,0.4974,边界
data/redteam/factory/segments/edgetts/cantonese/seg_edgetts_cantonese_zh-HK-HiuMaanNeural_SC-001184_01.wav,edgetts,cantonese,SC-001184,zh-HK-HiuMaanNeural,0.4975,边界
data/redteam/factory/segments/edgetts/cantonese/seg_edgetts_cantonese_zh-HK-HiuMaanNeural_SC-001286_01.wav,edgetts,cantonese,SC-001286,zh-HK-HiuMaanNeural,0.4983,边界
data/redteam/factory/segments/edgetts/henan/seg_edgetts_henan_zh-CN-shaanxi-XiaoniNeural_SC-001149_03.wav,edgetts,henan,SC-001149,zh-CN-shaanxi-XiaoniNeural,0.4984,边界
data/redteam/factory/segments/edgetts/cantonese/seg_edgetts_cantonese_zh-HK-HiuMaanNeural_SC-000561_02.wav,edgetts,cantonese,SC-000561,zh-HK-HiuMaanNeural,0.4997,边界
data/redteam/factory/segments/edgetts/minnan/seg_edgetts_minnan_zh-TW-YunJheNeural_SC-000569_02.wav,edgetts,minnan,SC-000569,zh-TW-YunJheNeural,0.5006,可检
data/redteam/factory/segments/edgetts/cantonese/seg_edgetts_cantonese_zh-HK-HiuMaanNeural_SC-000245_03.wav,edgetts,cantonese,SC-000245,zh-HK-HiuMaanNeural,0.5017,可检
data/redteam/factory/segments/edgetts/cantonese/seg_edgetts_cantonese_zh-HK-HiuMaanNeural_SC-000017_07.wav,edgetts,cantonese,SC-000017,zh-HK-HiuMaanNeural,0.5023,可检
data/redteam/factory/segments/edgetts/cantonese/seg_edgetts_cantonese_zh-HK-HiuMaanNeural_SC-000998_03.wav,edgetts,cantonese,SC-000998,zh-HK-HiuMaanNeural,0.503,可检
data/redteam/factory/segments/edgetts/cantonese/seg_edgetts_cantonese_zh-HK-HiuMaanNeural_SC-001449_01.wav,edgetts,cantonese,SC-001449,zh-HK-HiuMaanNeural,0.5052,可检
data/redteam/factory/segments/edgetts/cantonese/seg_edgetts_cantonese_zh-HK-HiuMaanNeural_SC-000561_03.wav,edgetts,cantonese,SC-000561,zh-HK-HiuMaanNeural,0.5057,可检
data/redteam/factory/segments/edgetts/cantonese/seg_edgetts_cantonese_zh-HK-HiuMaanNeural_SC-000765_01.wav,edgetts,cantonese,SC-000765,zh-HK-HiuMaanNeural,0.5084,可检
data/redteam/factory/segments/edgetts/cantonese/seg_edgetts_cantonese_zh-HK-HiuMaanNeural_SC-001419_03.wav,edgetts,cantonese,SC-001419,zh-HK-HiuMaanNeural,0.5093,可检
data/redteam/factory/segments/edgetts/henan/seg_edgetts_henan_zh-CN-shaanxi-XiaoniNeural_SC-001123_03.wav,edgetts,henan,SC-001123,zh-CN-shaanxi-XiaoniNeural,0.5097,可检
data/redteam/factory/segments/edgetts/cantonese/seg_edgetts_cantonese_zh-HK-HiuMaanNeural_SC-000103_03.wav,edgetts,cantonese,SC-000103,zh-HK-HiuMaanNeural,0.5098,可检
data/redteam/factory/segments/edgetts/mandarin/seg_edgetts_mandarin_zh-CN-XiaoxiaoNeural_SC-000235_01.wav,edgetts,mandarin,SC-000235,zh-CN-XiaoxiaoNeural,0.5126,可检
data/redteam/factory/segments/edgetts/cantonese/seg_edgetts_cantonese_zh-HK-HiuMaanNeural_SC-000245_04.wav,edgetts,cantonese,SC-000245,zh-HK-HiuMaanNeural,0.5127,可检
data/redteam/factory/segments/sovits_api/mandarin/seg_sovits_api_mandarin_ref_boot_edgetts_mandarin_zh-CN-XiaoxiaoNeural_SC-000007_seg8s_SC-000090_02.wav,sovits_api,mandarin,SC-000090,ref_boot_edgetts_mandarin_zh-CN-XiaoxiaoNeural_SC-000007_seg8s,0.5132,可检
data/redteam/factory/segments/edgetts/cantonese/seg_edgetts_cantonese_zh-HK-HiuMaanNeural_SC-000786_01.wav,edgetts,cantonese,SC-000786,zh-HK-HiuMaanNeural,0.5139,可检
data/redteam/factory/segments/edgetts/cantonese/seg_edgetts_cantonese_zh-HK-HiuMaanNeural_SC-001042_01.wav,edgetts,cantonese,SC-001042,zh-HK-HiuMaanNeural,0.5143,可检
data/redteam/factory/segments/edgetts/cantonese/seg_edgetts_cantonese_zh-HK-HiuMaanNeural_SC-000228_00.wav,edgetts,cantonese,SC-000228,zh-HK-HiuMaanNeural,0.5144,可检
data/redteam/factory/segments/edgetts/cantonese/seg_edgetts_cantonese_zh-HK-HiuMaanNeural_SC-000689_03.wav,edgetts,cantonese,SC-000689,zh-HK-HiuMaanNeural,0.5153,可检
data/redteam/factory/segments/edgetts/cantonese/seg_edgetts_cantonese_zh-HK-HiuMaanNeural_SC-000786_03.wav,edgetts,cantonese,SC-000786,zh-HK-HiuMaanNeural,0.5181,可检
data/redteam/factory/segments/edgetts/cantonese/seg_edgetts_cantonese_zh-HK-HiuMaanNeural_SC-000017_09.wav,edgetts,cantonese,SC-000017,zh-HK-HiuMaanNeural,0.5202,可检
data/redteam/factory/segments/edgetts/cantonese/seg_edgetts_cantonese_zh-HK-HiuMaanNeural_SC-000228_02.wav,edgetts,cantonese,SC-000228,zh-HK-HiuMaanNeural,0.5203,可检
data/redteam/factory/segments/edgetts/cantonese/seg_edgetts_cantonese_zh-HK-HiuMaanNeural_SC-001419_00.wav,edgetts,cantonese,SC-001419,zh-HK-HiuMaanNeural,0.5215,可检
data/redteam/factory/segments/edgetts/cantonese/seg_edgetts_cantonese_zh-HK-HiuMaanNeural_SC-000547_03.wav,edgetts,cantonese,SC-000547,zh-HK-HiuMaanNeural,0.5225,可检
data/redteam/factory/segments/edgetts/cantonese/seg_edgetts_cantonese_zh-HK-HiuMaanNeural_SC-001080_02.wav,edgetts,cantonese,SC-001080,zh-HK-HiuMaanNeural,0.5251,可检
data/redteam/factory/segments/edgetts/cantonese/seg_edgetts_cantonese_zh-HK-HiuMaanNeural_SC-001340_01.wav,edgetts,cantonese,SC-001340,zh-HK-HiuMaanNeural,0.5282,可检
data/redteam/factory/segments/edgetts/sichuan/seg_edgetts_sichuan_zh-CN-XiaoxiaoNeural_SC-000756_03.wav,edgetts,sichuan,SC-000756,zh-CN-XiaoxiaoNeural,0.5311,可检
data/redteam/factory/segments/edgetts/cantonese/seg_edgetts_cantonese_zh-HK-HiuMaanNeural_SC-000490_00.wav,edgetts,cantonese,SC-000490,zh-HK-HiuMaanNeural,0.5322,可检
data/redteam/factory/segments/sovits_api/mandarin/seg_sovits_api_mandarin_ref_boot_edgetts_mandarin_zh-CN-XiaoxiaoNeural_SC-000007_seg8s_SC-000036_02.wav,sovits_api,mandarin,SC-000036,ref_boot_edgetts_mandarin_zh-CN-XiaoxiaoNeural_SC-000007_seg8s,0.5322,可检
data/redteam/factory/segments/edgetts/cantonese/seg_edgetts_cantonese_zh-HK-HiuMaanNeural_SC-001419_02.wav,edgetts,cantonese,SC-001419,zh-HK-HiuMaanNeural,0.5324,可检
data/redteam/factory/segments/edgetts/cantonese/seg_edgetts_cantonese_zh-HK-HiuMaanNeural_SC-001042_00.wav,edgetts,cantonese,SC-001042,zh-HK-HiuMaanNeural,0.5349,可检
data/redteam/factory/segments/edgetts/sichuan/seg_edgetts_sichuan_zh-CN-XiaoxiaoNeural_SC-001024_03.wav,edgetts,sichuan,SC-001024,zh-CN-XiaoxiaoNeural,0.541,可检
data/redteam/factory/segments/edgetts/cantonese/seg_edgetts_cantonese_zh-HK-HiuMaanNeural_SC-000752_00.wav,edgetts,cantonese,SC-000752,zh-HK-HiuMaanNeural,0.5411,可检
data/redteam/factory/segments/edgetts/cantonese/seg_edgetts_cantonese_zh-HK-HiuMaanNeural_SC-001419_01.wav,edgetts,cantonese,SC-001419,zh-HK-HiuMaanNeural,0.5421,可检
data/redteam/factory/segments/edgetts/cantonese/seg_edgetts_cantonese_zh-HK-HiuMaanNeural_SC-000116_02.wav,edgetts,cantonese,SC-000116,zh-HK-HiuMaanNeural,0.5428,可检
data/redteam/factory/segments/edgetts/cantonese/seg_edgetts_cantonese_zh-HK-HiuMaanNeural_SC-000601_01.wav,edgetts,cantonese,SC-000601,zh-HK-HiuMaanNeural,0.5434,可检
data/redteam/factory/segments/edgetts/cantonese/seg_edgetts_cantonese_zh-HK-HiuMaanNeural_SC-000547_02.wav,edgetts,cantonese,SC-000547,zh-HK-HiuMaanNeural,0.5437,可检
data/redteam/factory/segments/edgetts/cantonese/seg_edgetts_cantonese_zh-HK-HiuMaanNeural_SC-000017_06.wav,edgetts,cantonese,SC-000017,zh-HK-HiuMaanNeural,0.5459,可检
data/redteam/factory/segments/edgetts/cantonese/seg_edgetts_cantonese_zh-HK-HiuMaanNeural_SC-001294_00.wav,edgetts,cantonese,SC-001294,zh-HK-HiuMaanNeural,0.5474,可检
data/redteam/factory/segments/sovits_api/dongbei/seg_sovits_api_dongbei_ref_boot_edgetts_dongbei_zh-CN-liaoning-XiaobeiNeural_SC-000002_seg8s_SC-000154_03.wav,sovits_api,dongbei,SC-000154,ref_boot_edgetts_dongbei_zh-CN-liaoning-XiaobeiNeural_SC-000002_seg8s,0.5539,可检
data/redteam/factory/segments/edgetts/cantonese/seg_edgetts_cantonese_zh-HK-HiuMaanNeural_SC-001294_01.wav,edgetts,cantonese,SC-001294,zh-HK-HiuMaanNeural,0.5546,可检
data/redteam/factory/segments/edgetts/cantonese/seg_edgetts_cantonese_zh-HK-HiuMaanNeural_SC-000752_02.wav,edgetts,cantonese,SC-000752,zh-HK-HiuMaanNeural,0.5547,可检
data/redteam/factory/segments/edgetts/mandarin/seg_edgetts_mandarin_zh-CN-XiaoxiaoNeural_SC-000017_05.wav,edgetts,mandarin,SC-000017,zh-CN-XiaoxiaoNeural,0.5564,可检
data/redteam/factory/segments/edgetts/sichuan/seg_edgetts_sichuan_zh-CN-XiaoxiaoNeural_SC-000017_05.wav,edgetts,sichuan,SC-000017,zh-CN-XiaoxiaoNeural,0.5564,可检
data/redteam/factory/segments/edgetts/henan/seg_edgetts_henan_zh-CN-shaanxi-XiaoniNeural_SC-000017_05.wav,edgetts,henan,SC-000017,zh-CN-shaanxi-XiaoniNeural,0.5626,可检
data/redteam/factory/segments/edgetts/cantonese/seg_edgetts_cantonese_zh-HK-HiuMaanNeural_SC-001155_02.wav,edgetts,cantonese,SC-001155,zh-HK-HiuMaanNeural,0.5721,可检
data/redteam/factory/segments/edgetts/cantonese/seg_edgetts_cantonese_zh-HK-HiuMaanNeural_SC-000395_01.wav,edgetts,cantonese,SC-000395,zh-HK-HiuMaanNeural,0.5728,可检
data/redteam/factory/segments/edgetts/cantonese/seg_edgetts_cantonese_zh-HK-HiuMaanNeural_SC-000689_02.wav,edgetts,cantonese,SC-000689,zh-HK-HiuMaanNeural,0.5907,可检
data/redteam/factory/segments/sovits_api/cantonese/seg_sovits_api_cantonese_ref_boot_edgetts_cantonese_zh-HK-HiuMaanNeural_SC-000005_seg8s_SC-000245_02.wav,sovits_api,cantonese,SC-000245,ref_boot_edgetts_cantonese_zh-HK-HiuMaanNeural_SC-000005_seg8s,0.6067,可检
data/redteam/factory/segments/edgetts/cantonese/seg_edgetts_cantonese_zh-HK-HiuMaanNeural_SC-000699_03.wav,edgetts,cantonese,SC-000699,zh-HK-HiuMaanNeural,0.616,可检
data/redteam/factory/segments/edgetts/cantonese/seg_edgetts_cantonese_zh-HK-HiuMaanNeural_SC-000395_02.wav,edgetts,cantonese,SC-000395,zh-HK-HiuMaanNeural,0.6214,可检
data/redteam/factory/segments/edgetts/cantonese/seg_edgetts_cantonese_zh-HK-HiuMaanNeural_SC-001199_01.wav,edgetts,cantonese,SC-001199,zh-HK-HiuMaanNeural,0.6256,可检
data/redteam/factory/segments/edgetts/cantonese/seg_edgetts_cantonese_zh-HK-HiuMaanNeural_SC-000988_04.wav,edgetts,cantonese,SC-000988,zh-HK-HiuMaanNeural,0.6351,可检
data/redteam/factory/segments/edgetts/cantonese/seg_edgetts_cantonese_zh-HK-HiuMaanNeural_SC-000699_02.wav,edgetts,cantonese,SC-000699,zh-HK-HiuMaanNeural,0.6553,可检
