path,engine,dialect,script_id,speaker_ref,difficulty_spoof_prob,verdict
data/redteam/factory/edgetts/mandarin/edgetts_mandarin_zh-CN-YunjianNeural_SC-000096.wav,edgetts,mandarin,SC-000096,zh-CN-YunjianNeural,0.0124,隐蔽(难检)
data/redteam/factory/edgetts/mandarin/edgetts_mandarin_zh-CN-YunjianNeural_SC-000386.wav,edgetts,mandarin,SC-000386,zh-CN-YunjianNeural,0.013,隐蔽(难检)
data/redteam/factory/edgetts/mandarin/edgetts_mandarin_zh-CN-YunjianNeural_SC-000378.wav,edgetts,mandarin,SC-000378,zh-CN-YunjianNeural,0.014,隐蔽(难检)
data/redteam/factory/edgetts/mandarin/edgetts_mandarin_zh-CN-YunjianNeural_SC-000214.wav,edgetts,mandarin,SC-000214,zh-CN-YunjianNeural,0.0145,隐蔽(难检)
data/redteam/factory/edgetts/mandarin/edgetts_mandarin_zh-CN-YunjianNeural_SC-000238.wav,edgetts,mandarin,SC-000238,zh-CN-YunjianNeural,0.0146,隐蔽(难检)
data/redteam/factory/edgetts/mandarin/edgetts_mandarin_zh-CN-YunjianNeural_SC-000462.wav,edgetts,mandarin,SC-000462,zh-CN-YunjianNeural,0.0148,隐蔽(难检)
data/redteam/factory/edgetts/mandarin/edgetts_mandarin_zh-CN-YunjianNeural_SC-000286.wav,edgetts,mandarin,SC-000286,zh-CN-YunjianNeural,0.015,隐蔽(难检)
data/redteam/factory/edgetts/mandarin/edgetts_mandarin_zh-CN-YunjianNeural_SC-000359.wav,edgetts,mandarin,SC-000359,zh-CN-YunjianNeural,0.0151,隐蔽(难检)
data/redteam/factory/edgetts/mandarin/edgetts_mandarin_zh-CN-YunjianNeural_SC-000474.wav,edgetts,mandarin,SC-000474,zh-CN-YunjianNeural,0.0156,隐蔽(难检)
data/redteam/factory/edgetts/mandarin/edgetts_mandarin_zh-CN-YunxiNeural_SC-000011.wav,edgetts,mandarin,SC-000011,zh-CN-YunxiNeural,0.0158,隐蔽(难检)
data/redteam/factory/edgetts/sichuan/edgetts_sichuan_zh-CN-YunxiNeural_SC-000011.wav,edgetts,sichuan,SC-000011,zh-CN-YunxiNeural,0.0158,隐蔽(难检)
data/redteam/factory/edgetts/mandarin/edgetts_mandarin_zh-CN-YunjianNeural_SC-000269.wav,edgetts,mandarin,SC-000269,zh-CN-YunjianNeural,0.0159,隐蔽(难检)
data/redteam/factory/edgetts/mandarin/edgetts_mandarin_zh-CN-YunjianNeural_SC-000007.wav,edgetts,mandarin,SC-000007,zh-CN-YunjianNeural,0.016,隐蔽(难检)
data/redteam/factory/edgetts/mandarin/edgetts_mandarin_zh-CN-YunjianNeural_SC-000224.wav,edgetts,mandarin,SC-000224,zh-CN-YunjianNeural,0.016,隐蔽(难检)
data/redteam/factory/edgetts/mandarin/edgetts_mandarin_zh-CN-YunjianNeural_SC-000496.wav,edgetts,mandarin,SC-000496,zh-CN-YunjianNeural,0.0161,隐蔽(难检)
data/redteam/factory/edgetts/mandarin/edgetts_mandarin_zh-CN-YunjianNeural_SC-000449.wav,edgetts,mandarin,SC-000449,zh-CN-YunjianNeural,0.0164,隐蔽(难检)
data/redteam/factory/edgetts/mandarin/edgetts_mandarin_zh-CN-YunjianNeural_SC-000464.wav,edgetts,mandarin,SC-000464,zh-CN-YunjianNeural,0.0165,隐蔽(难检)
data/redteam/factory/edgetts/mandarin/edgetts_mandarin_zh-CN-YunyangNeural_SC-000397.wav,edgetts,mandarin,SC-000397,zh-CN-YunyangNeural,0.0167,隐蔽(难检)
data/redteam/factory/edgetts/mandarin/edgetts_mandarin_zh-CN-YunjianNeural_SC-000009.wav,edgetts,mandarin,SC-000009,zh-CN-YunjianNeural,0.0168,隐蔽(难检)
data/redteam/factory/edgetts/mandarin/edgetts_mandarin_zh-CN-YunjianNeural_SC-000235.wav,edgetts,mandarin,SC-000235,zh-CN-YunjianNeural,0.0169,隐蔽(难检)
data/redteam/factory/edgetts/mandarin/edgetts_mandarin_zh-CN-YunjianNeural_SC-000194.wav,edgetts,mandarin,SC-000194,zh-CN-YunjianNeural,0.0172,隐蔽(难检)
data/redteam/factory/edgetts/mandarin/edgetts_mandarin_zh-CN-YunjianNeural_SC-000456.wav,edgetts,mandarin,SC-000456,zh-CN-YunjianNeural,0.0173,隐蔽(难检)
data/redteam/factory/edgetts/mandarin/edgetts_mandarin_zh-CN-YunjianNeural_SC-000025.wav,edgetts,mandarin,SC-000025,zh-CN-YunjianNeural,0.0175,隐蔽(难检)
data/redteam/factory/sovits_api/minnan/sovits_api_minnan_ref_boot_edgetts_minnan_zh-TW-HsiaoChenNeural_SC-000001_SC-000369.wav,sovits_api,minnan,SC-000369,ref_boot_edgetts_minnan_zh-TW-HsiaoChenNeural_SC-000001,0.0175,隐蔽(难检)
data/redteam/factory/edgetts/mandarin/edgetts_mandarin_zh-CN-YunjianNeural_SC-000006.wav,edgetts,mandarin,SC-000006,zh-CN-YunjianNeural,0.0178,隐蔽(难检)
data/redteam/factory/edgetts/mandarin/edgetts_mandarin_zh-CN-YunjianNeural_SC-000098.wav,edgetts,mandarin,SC-000098,zh-CN-YunjianNeural,0.0178,隐蔽(难检)
data/redteam/factory/edgetts/mandarin/edgetts_mandarin_zh-CN-YunjianNeural_SC-000480.wav,edgetts,mandarin,SC-000480,zh-CN-YunjianNeural,0.0182,隐蔽(难检)
data/redteam/factory/edgetts/henan/edgetts_henan_zh-CN-shaanxi-XiaoniNeural_SC-000969.wav,edgetts,henan,SC-000969,zh-CN-shaanxi-XiaoniNeural,0.0182,隐蔽(难检)
data/redteam/factory/edgetts/mandarin/edgetts_mandarin_zh-CN-YunjianNeural_SC-000397.wav,edgetts,mandarin,SC-000397,zh-CN-YunjianNeural,0.0183,隐蔽(难检)
data/redteam/factory/edgetts/mandarin/edgetts_mandarin_zh-CN-YunjianNeural_SC-000036.wav,edgetts,mandarin,SC-000036,zh-CN-YunjianNeural,0.0184,隐蔽(难检)
data/redteam/factory/edgetts/mandarin/edgetts_mandarin_zh-CN-YunjianNeural_SC-000110.wav,edgetts,mandarin,SC-000110,zh-CN-YunjianNeural,0.0185,隐蔽(难检)
data/redteam/factory/edgetts/mandarin/edgetts_mandarin_zh-CN-YunjianNeural_SC-000468.wav,edgetts,mandarin,SC-000468,zh-CN-YunjianNeural,0.0185,隐蔽(难检)
data/redteam/factory/sovits_api/mandarin/sovits_api_mandarin_ref_boot_edgetts_mandarin_zh-CN-YunjianNeural_SC-000007_seg8s_SC-000089.wav,sovits_api,mandarin,SC-000089,ref_boot_edgetts_mandarin_zh-CN-YunjianNeural_SC-000007_seg8s,0.0185,隐蔽(难检)
data/redteam/factory/edgetts/mandarin/edgetts_mandarin_zh-CN-YunjianNeural_SC-000204.wav,edgetts,mandarin,SC-000204,zh-CN-YunjianNeural,0.0187,隐蔽(难检)
data/redteam/factory/edgetts/mandarin/edgetts_mandarin_zh-CN-YunyangNeural_SC-000235.wav,edgetts,mandarin,SC-000235,zh-CN-YunyangNeural,0.0187,隐蔽(难检)
data/redteam/factory/sovits_api/minnan/sovits_api_minnan_ref_boot_edgetts_minnan_zh-TW-YunJheNeural_SC-000001_SC-000156.wav,sovits_api,minnan,SC-000156,ref_boot_edgetts_minnan_zh-TW-YunJheNeural_SC-000001,0.0188,隐蔽(难检)
data/redteam/factory/edgetts/mandarin/edgetts_mandarin_zh-CN-YunjianNeural_SC-000313.wav,edgetts,mandarin,SC-000313,zh-CN-YunjianNeural,0.0191,隐蔽(难检)
data/redteam/factory/edgetts/mandarin/edgetts_mandarin_zh-CN-YunjianNeural_SC-000486.wav,edgetts,mandarin,SC-000486,zh-CN-YunjianNeural,0.0194,隐蔽(难检)
data/redteam/factory/edgetts/mandarin/edgetts_mandarin_zh-CN-YunjianNeural_SC-000069.wav,edgetts,mandarin,SC-000069,zh-CN-YunjianNeural,0.0195,隐蔽(难检)
data/redteam/factory/edgetts/mandarin/edgetts_mandarin_zh-CN-YunjianNeural_SC-000511.wav,edgetts,mandarin,SC-000511,zh-CN-YunjianNeural,0.0195,隐蔽(难检)
data/redteam/factory/edgetts/mandarin/edgetts_mandarin_zh-CN-YunjianNeural_SC-000476.wav,edgetts,mandarin,SC-000476,zh-CN-YunjianNeural,0.0196,隐蔽(难检)
data/redteam/factory/edgetts/mandarin/edgetts_mandarin_zh-CN-YunjianNeural_SC-000304.wav,edgetts,mandarin,SC-000304,zh-CN-YunjianNeural,0.0197,隐蔽(难检)
data/redteam/factory/sovits_api/mandarin/sovits_api_mandarin_ref_boot_edgetts_mandarin_zh-CN-YunjianNeural_SC-000007_seg8s_SC-000070.wav,sovits_api,mandarin,SC-000070,ref_boot_edgetts_mandarin_zh-CN-YunjianNeural_SC-000007_seg8s,0.0198,隐蔽(难检)
data/redteam/factory/edgetts/henan/edgetts_henan_zh-CN-shaanxi-XiaoniNeural_SC-000021.wav,edgetts,henan,SC-000021,zh-CN-shaanxi-XiaoniNeural,0.02,隐蔽(难检)
data/redteam/factory/edgetts/mandarin/edgetts_mandarin_zh-CN-YunjianNeural_SC-000093.wav,edgetts,mandarin,SC-000093,zh-CN-YunjianNeural,0.02,隐蔽(难检)
data/redteam/factory/edgetts/mandarin/edgetts_mandarin_zh-CN-YunjianNeural_SC-000344.wav,edgetts,mandarin,SC-000344,zh-CN-YunjianNeural,0.02,隐蔽(难检)
data/redteam/factory/edgetts/mandarin/edgetts_mandarin_zh-CN-YunjianNeural_SC-000356.wav,edgetts,mandarin,SC-000356,zh-CN-YunjianNeural,0.0202,隐蔽(难检)
data/redteam/factory/edgetts/mandarin/edgetts_mandarin_zh-CN-YunjianNeural_SC-000364.wav,edgetts,mandarin,SC-000364,zh-CN-YunjianNeural,0.0203,隐蔽(难检)
data/redteam/factory/edgetts/mandarin/edgetts_mandarin_zh-CN-YunjianNeural_SC-000083.wav,edgetts,mandarin,SC-000083,zh-CN-YunjianNeural,0.0204,隐蔽(难检)
data/redteam/factory/edgetts/mandarin/edgetts_mandarin_zh-CN-YunjianNeural_SC-000331.wav,edgetts,mandarin,SC-000331,zh-CN-YunjianNeural,0.0204,隐蔽(难检)
data/redteam/factory/edgetts/mandarin/edgetts_mandarin_zh-CN-YunjianNeural_SC-000290.wav,edgetts,mandarin,SC-000290,zh-CN-YunjianNeural,0.0205,隐蔽(难检)
data/redteam/factory/edgetts/mandarin/edgetts_mandarin_zh-CN-YunjianNeural_SC-000376.wav,edgetts,mandarin,SC-000376,zh-CN-YunjianNeural,0.0205,隐蔽(难检)
data/redteam/factory/edgetts/dongbei/edgetts_dongbei_zh-CN-liaoning-XiaobeiNeural_SC-001700.wav,edgetts,dongbei,SC-001700,zh-CN-liaoning-XiaobeiNeural,0.0205,隐蔽(难检)
data/redteam/factory/edgetts/mandarin/edgetts_mandarin_zh-CN-YunyangNeural_SC-000386.wav,edgetts,mandarin,SC-000386,zh-CN-YunyangNeural,0.0207,隐蔽(难检)
data/redteam/factory/edgetts/mandarin/edgetts_mandarin_zh-CN-YunjianNeural_SC-000018.wav,edgetts,mandarin,SC-000018,zh-CN-YunjianNeural,0.0208,隐蔽(难检)
data/redteam/factory/edgetts/mandarin/edgetts_mandarin_zh-CN-YunjianNeural_SC-000241.wav,edgetts,mandarin,SC-000241,zh-CN-YunjianNeural,0.0208,隐蔽(难检)
data/redteam/factory/sovits_api/mandarin/sovits_api_mandarin_ref_boot_edgetts_mandarin_zh-CN-YunjianNeural_SC-000007_seg8s_SC-000057.wav,sovits_api,mandarin,SC-000057,ref_boot_edgetts_mandarin_zh-CN-YunjianNeural_SC-000007_seg8s,0.0208,隐蔽(难检)
data/redteam/factory/edgetts/mandarin/edgetts_mandarin_zh-CN-YunjianNeural_SC-000370.wav,edgetts,mandarin,SC-000370,zh-CN-YunjianNeural,0.0209,隐蔽(难检)
data/redteam/factory/edgetts/mandarin/edgetts_mandarin_zh-CN-YunjianNeural_SC-000488.wav,edgetts,mandarin,SC-000488,zh-CN-YunjianNeural,0.021,隐蔽(难检)
data/redteam/factory/edgetts/mandarin/edgetts_mandarin_zh-CN-YunjianNeural_SC-000234.wav,edgetts,mandarin,SC-000234,zh-CN-YunjianNeural,0.021,隐蔽(难检)
data/redteam/factory/edgetts/sichuan/edgetts_sichuan_zh-CN-YunxiNeural_SC-000967.wav,edgetts,sichuan,SC-000967,zh-CN-YunxiNeural,0.0211,隐蔽(难检)
data/redteam/factory/sovits_api/mandarin/sovits_api_mandarin_ref_boot_edgetts_mandarin_zh-CN-YunxiNeural_SC-000007_seg8s_SC-000093.wav,sovits_api,mandarin,SC-000093,ref_boot_edgetts_mandarin_zh-CN-YunxiNeural_SC-000007_seg8s,0.0211,隐蔽(难检)
data/redteam/factory/edgetts/mandarin/edgetts_mandarin_zh-CN-YunjianNeural_SC-000005.wav,edgetts,mandarin,SC-000005,zh-CN-YunjianNeural,0.0212,隐蔽(难检)
data/redteam/factory/edgetts/mandarin/edgetts_mandarin_zh-CN-YunjianNeural_SC-000086.wav,edgetts,mandarin,SC-000086,zh-CN-YunjianNeural,0.0212,隐蔽(难检)
data/redteam/factory/edgetts/mandarin/edgetts_mandarin_zh-CN-YunjianNeural_SC-000089.wav,edgetts,mandarin,SC-000089,zh-CN-YunjianNeural,0.0212,隐蔽(难检)
data/redteam/factory/edgetts/henan/edgetts_henan_zh-CN-shaanxi-XiaoniNeural_SC-000647.wav,edgetts,henan,SC-000647,zh-CN-shaanxi-XiaoniNeural,0.0212,隐蔽(难检)
data/redteam/factory/edgetts/sichuan/edgetts_sichuan_zh-CN-XiaoxiaoNeural_SC-001535.wav,edgetts,sichuan,SC-001535,zh-CN-XiaoxiaoNeural,0.0212,隐蔽(难检)
data/redteam/factory/edgetts/mandarin/edgetts_mandarin_zh-CN-YunyangNeural_SC-000337.wav,edgetts,mandarin,SC-000337,zh-CN-YunyangNeural,0.0212,隐蔽(难检)
data/redteam/factory/edgetts/mandarin/edgetts_mandarin_zh-CN-YunjianNeural_SC-000382.wav,edgetts,mandarin,SC-000382,zh-CN-YunjianNeural,0.0212,隐蔽(难检)
data/redteam/factory/edgetts/mandarin/edgetts_mandarin_zh-CN-XiaoxiaoNeural_SC-000356.wav,edgetts,mandarin,SC-000356,zh-CN-XiaoxiaoNeural,0.0213,隐蔽(难检)
data/redteam/factory/edgetts/mandarin/edgetts_mandarin_zh-CN-YunjianNeural_SC-000336.wav,edgetts,mandarin,SC-000336,zh-CN-YunjianNeural,0.0213,隐蔽(难检)
data/redteam/factory/edgetts/mandarin/edgetts_mandarin_zh-CN-YunjianNeural_SC-000045.wav,edgetts,mandarin,SC-000045,zh-CN-YunjianNeural,0.0214,隐蔽(难检)
data/redteam/factory/sovits_api/mandarin/sovits_api_mandarin_ref_boot_edgetts_mandarin_zh-CN-YunjianNeural_SC-000007_seg8s_SC-000069.wav,sovits_api,mandarin,SC-000069,ref_boot_edgetts_mandarin_zh-CN-YunjianNeural_SC-000007_seg8s,0.0214,隐蔽(难检)
data/redteam/factory/edgetts/mandarin/edgetts_mandarin_zh-CN-YunjianNeural_SC-000506.wav,edgetts,mandarin,SC-000506,zh-CN-YunjianNeural,0.0215,隐蔽(难检)
data/redteam/factory/edgetts/henan/edgetts_henan_zh-CN-shaanxi-XiaoniNeural_SC-000183.wav,edgetts,henan,SC-000183,zh-CN-shaanxi-XiaoniNeural,0.0216,隐蔽(难检)
data/redteam/factory/edgetts/mandarin/edgetts_mandarin_zh-CN-YunxiNeural_SC-000313.wav,edgetts,mandarin,SC-000313,zh-CN-YunxiNeural,0.0217,隐蔽(难检)
data/redteam/factory/edgetts/mandarin/edgetts_mandarin_zh-CN-YunyangNeural_SC-000403.wav,edgetts,mandarin,SC-000403,zh-CN-YunyangNeural,0.0217,隐蔽(难检)
data/redteam/factory/edgetts/mandarin/edgetts_mandarin_zh-CN-YunxiNeural_SC-000511.wav,edgetts,mandarin,SC-000511,zh-CN-YunxiNeural,0.0218,隐蔽(难检)
data/redteam/factory/sovits_api/cantonese/sovits_api_cantonese_ref_boot_edgetts_cantonese_zh-HK-WanLungNeural_SC-000005_seg8s_SC-000245.wav,sovits_api,cantonese,SC-000245,ref_boot_edgetts_cantonese_zh-HK-WanLungNeural_SC-000005_seg8s,0.0218,隐蔽(难检)
data/redteam/factory/edgetts/mandarin/edgetts_mandarin_zh-CN-XiaoxiaoNeural_SC-000090.wav,edgetts,mandarin,SC-000090,zh-CN-XiaoxiaoNeural,0.0219,隐蔽(难检)
data/redteam/factory/edgetts/mandarin/edgetts_mandarin_zh-CN-YunjianNeural_SC-000261.wav,edgetts,mandarin,SC-000261,zh-CN-YunjianNeural,0.0219,隐蔽(难检)
data/redteam/factory/edgetts/mandarin/edgetts_mandarin_zh-CN-YunxiNeural_SC-000464.wav,edgetts,mandarin,SC-000464,zh-CN-YunxiNeural,0.022,隐蔽(难检)
data/redteam/factory/edgetts/mandarin/edgetts_mandarin_zh-CN-YunjianNeural_SC-000198.wav,edgetts,mandarin,SC-000198,zh-CN-YunjianNeural,0.022,隐蔽(难检)
data/redteam/factory/edgetts/mandarin/edgetts_mandarin_zh-CN-YunyangNeural_SC-000204.wav,edgetts,mandarin,SC-000204,zh-CN-YunyangNeural,0.022,隐蔽(难检)
data/redteam/factory/edgetts/mandarin/edgetts_mandarin_zh-CN-YunjianNeural_SC-000019.wav,edgetts,mandarin,SC-000019,zh-CN-YunjianNeural,0.0221,隐蔽(难检)
data/redteam/factory/edgetts/sichuan/edgetts_sichuan_zh-CN-YunxiNeural_SC-000509.wav,edgetts,sichuan,SC-000509,zh-CN-YunxiNeural,0.0221,隐蔽(难检)
data/redteam/factory/edgetts/cantonese/edgetts_cantonese_zh-HK-WanLungNeural_SC-001350.wav,edgetts,cantonese,SC-001350,zh-HK-WanLungNeural,0.0221,隐蔽(难检)
data/redteam/factory/edgetts/mandarin/edgetts_mandarin_zh-CN-YunjianNeural_SC-000403.wav,edgetts,mandarin,SC-000403,zh-CN-YunjianNeural,0.0221,隐蔽(难检)
data/redteam/factory/sovits_api/mandarin/sovits_api_mandarin_ref_boot_edgetts_mandarin_zh-CN-YunjianNeural_SC-000007_seg8s_SC-000046.wav,sovits_api,mandarin,SC-000046,ref_boot_edgetts_mandarin_zh-CN-YunjianNeural_SC-000007_seg8s,0.0221,隐蔽(难检)
data/redteam/factory/edgetts/mandarin/edgetts_mandarin_zh-CN-YunjianNeural_SC-000020.wav,edgetts,mandarin,SC-000020,zh-CN-YunjianNeural,0.0222,隐蔽(难检)
data/redteam/factory/edgetts/mandarin/edgetts_mandarin_zh-CN-YunyangNeural_SC-000036.wav,edgetts,mandarin,SC-000036,zh-CN-YunyangNeural,0.0222,隐蔽(难检)
data/redteam/factory/edgetts/henan/edgetts_henan_zh-CN-shaanxi-XiaoniNeural_SC-000737.wav,edgetts,henan,SC-000737,zh-CN-shaanxi-XiaoniNeural,0.0222,隐蔽(难检)
data/redteam/factory/edgetts/sichuan/edgetts_sichuan_zh-CN-XiaoxiaoNeural_SC-000255.wav,edgetts,sichuan,SC-000255,zh-CN-XiaoxiaoNeural,0.0224,隐蔽(难检)
data/redteam/factory/edgetts/sichuan/edgetts_sichuan_zh-CN-YunxiNeural_SC-000986.wav,edgetts,sichuan,SC-000986,zh-CN-YunxiNeural,0.0224,隐蔽(难检)
data/redteam/factory/edgetts/mandarin/edgetts_mandarin_zh-CN-YunjianNeural_SC-000401.wav,edgetts,mandarin,SC-000401,zh-CN-YunjianNeural,0.0224,隐蔽(难检)
data/redteam/factory/edgetts/mandarin/edgetts_mandarin_zh-CN-YunjianNeural_SC-000013.wav,edgetts,mandarin,SC-000013,zh-CN-YunjianNeural,0.0225,隐蔽(难检)
data/redteam/factory/edgetts/mandarin/edgetts_mandarin_zh-CN-YunjianNeural_SC-000065.wav,edgetts,mandarin,SC-000065,zh-CN-YunjianNeural,0.0225,隐蔽(难检)
data/redteam/factory/edgetts/mandarin/edgetts_mandarin_zh-CN-YunyangNeural_SC-000022.wav,edgetts,mandarin,SC-000022,zh-CN-YunyangNeural,0.0226,隐蔽(难检)
data/redteam/factory/edgetts/sichuan/edgetts_sichuan_zh-CN-YunxiNeural_SC-000559.wav,edgetts,sichuan,SC-000559,zh-CN-YunxiNeural,0.0226,隐蔽(难检)
data/redteam/factory/edgetts/mandarin/edgetts_mandarin_zh-CN-XiaoxiaoNeural_SC-000456.wav,edgetts,mandarin,SC-000456,zh-CN-XiaoxiaoNeural,0.0227,隐蔽(难检)
data/redteam/factory/edgetts/mandarin/edgetts_mandarin_zh-CN-YunjianNeural_SC-000159.wav,edgetts,mandarin,SC-000159,zh-CN-YunjianNeural,0.0227,隐蔽(难检)
data/redteam/factory/edgetts/mandarin/edgetts_mandarin_zh-CN-YunjianNeural_SC-000337.wav,edgetts,mandarin,SC-000337,zh-CN-YunjianNeural,0.0228,隐蔽(难检)
data/redteam/factory/edgetts/mandarin/edgetts_mandarin_zh-CN-XiaoxiaoNeural_SC-000159.wav,edgetts,mandarin,SC-000159,zh-CN-XiaoxiaoNeural,0.0228,隐蔽(难检)
data/redteam/factory/edgetts/mandarin/edgetts_mandarin_zh-CN-YunjianNeural_SC-000017.wav,edgetts,mandarin,SC-000017,zh-CN-YunjianNeural,0.0229,隐蔽(难检)
data/redteam/factory/edgetts/sichuan/edgetts_sichuan_zh-CN-XiaoxiaoNeural_SC-000675.wav,edgetts,sichuan,SC-000675,zh-CN-XiaoxiaoNeural,0.0229,隐蔽(难检)
data/redteam/factory/edgetts/mandarin/edgetts_mandarin_zh-CN-YunjianNeural_SC-000484.wav,edgetts,mandarin,SC-000484,zh-CN-YunjianNeural,0.0231,隐蔽(难检)
data/redteam/factory/edgetts/mandarin/edgetts_mandarin_zh-CN-YunyangNeural_SC-000449.wav,edgetts,mandarin,SC-000449,zh-CN-YunyangNeural,0.0232,隐蔽(难检)
data/redteam/factory/edgetts/mandarin/edgetts_mandarin_zh-CN-YunjianNeural_SC-000292.wav,edgetts,mandarin,SC-000292,zh-CN-YunjianNeural,0.0232,隐蔽(难检)
data/redteam/factory/edgetts/mandarin/edgetts_mandarin_zh-CN-YunjianNeural_SC-000347.wav,edgetts,mandarin,SC-000347,zh-CN-YunjianNeural,0.0233,隐蔽(难检)
data/redteam/factory/sovits_api/minnan/sovits_api_minnan_ref_boot_edgetts_minnan_zh-TW-HsiaoChenNeural_SC-000001_SC-000367.wav,sovits_api,minnan,SC-000367,ref_boot_edgetts_minnan_zh-TW-HsiaoChenNeural_SC-000001,0.0234,隐蔽(难检)
data/redteam/factory/edgetts/mandarin/edgetts_mandarin_zh-CN-YunyangNeural_SC-000401.wav,edgetts,mandarin,SC-000401,zh-CN-YunyangNeural,0.0235,隐蔽(难检)
data/redteam/factory/edgetts/mandarin/edgetts_mandarin_zh-CN-YunjianNeural_SC-000308.wav,edgetts,mandarin,SC-000308,zh-CN-YunjianNeural,0.0235,隐蔽(难检)
data/redteam/factory/edgetts/mandarin/edgetts_mandarin_zh-CN-YunjianNeural_SC-000097.wav,edgetts,mandarin,SC-000097,zh-CN-YunjianNeural,0.0236,隐蔽(难检)
data/redteam/factory/edgetts/sichuan/edgetts_sichuan_zh-CN-YunxiNeural_SC-001172.wav,edgetts,sichuan,SC-001172,zh-CN-YunxiNeural,0.0236,隐蔽(难检)
data/redteam/factory/edgetts/mandarin/edgetts_mandarin_zh-CN-YunxiNeural_SC-000493.wav,edgetts,mandarin,SC-000493,zh-CN-YunxiNeural,0.0236,隐蔽(难检)
data/redteam/factory/edgetts/sichuan/edgetts_sichuan_zh-CN-XiaoxiaoNeural_SC-001557.wav,edgetts,sichuan,SC-001557,zh-CN-XiaoxiaoNeural,0.0236,隐蔽(难检)
data/redteam/factory/edgetts/sichuan/edgetts_sichuan_zh-CN-YunxiNeural_SC-000552.wav,edgetts,sichuan,SC-000552,zh-CN-YunxiNeural,0.0238,隐蔽(难检)
data/redteam/factory/sovits_api/mandarin/sovits_api_mandarin_ref_boot_edgetts_mandarin_zh-CN-YunjianNeural_SC-000007_seg8s_SC-000019.wav,sovits_api,mandarin,SC-000019,ref_boot_edgetts_mandarin_zh-CN-YunjianNeural_SC-000007_seg8s,0.0238,隐蔽(难检)
data/redteam/factory/edgetts/sichuan/edgetts_sichuan_zh-CN-XiaoxiaoNeural_SC-000115.wav,edgetts,sichuan,SC-000115,zh-CN-XiaoxiaoNeural,0.0239,隐蔽(难检)
data/redteam/factory/edgetts/cantonese/edgetts_cantonese_zh-HK-WanLungNeural_SC-000654.wav,edgetts,cantonese,SC-000654,zh-HK-WanLungNeural,0.024,隐蔽(难检)
data/redteam/factory/edgetts/dongbei/edgetts_dongbei_zh-CN-liaoning-XiaobeiNeural_SC-001253.wav,edgetts,dongbei,SC-001253,zh-CN-liaoning-XiaobeiNeural,0.024,隐蔽(难检)
data/redteam/factory/edgetts/mandarin/edgetts_mandarin_zh-CN-YunjianNeural_SC-000501.wav,edgetts,mandarin,SC-000501,zh-CN-YunjianNeural,0.0241,隐蔽(难检)
data/redteam/factory/edgetts/mandarin/edgetts_mandarin_zh-CN-XiaoxiaoNeural_SC-000493.wav,edgetts,mandarin,SC-000493,zh-CN-XiaoxiaoNeural,0.0241,隐蔽(难检)
data/redteam/factory/edgetts/henan/edgetts_henan_zh-CN-shaanxi-XiaoniNeural_SC-001185.wav,edgetts,henan,SC-001185,zh-CN-shaanxi-XiaoniNeural,0.0242,隐蔽(难检)
data/redteam/factory/edgetts/cantonese/edgetts_cantonese_zh-HK-WanLungNeural_SC-000765.wav,edgetts,cantonese,SC-000765,zh-HK-WanLungNeural,0.0243,隐蔽(难检)
data/redteam/factory/edgetts/mandarin/edgetts_mandarin_zh-CN-YunjianNeural_SC-000227.wav,edgetts,mandarin,SC-000227,zh-CN-YunjianNeural,0.0243,隐蔽(难检)
data/redteam/factory/edgetts/mandarin/edgetts_mandarin_zh-CN-YunjianNeural_SC-000300.wav,edgetts,mandarin,SC-000300,zh-CN-YunjianNeural,0.0243,隐蔽(难检)
data/redteam/factory/edgetts/mandarin/edgetts_mandarin_zh-CN-YunxiNeural_SC-000444.wav,edgetts,mandarin,SC-000444,zh-CN-YunxiNeural,0.0244,隐蔽(难检)
data/redteam/factory/edgetts/cantonese/edgetts_cantonese_zh-HK-WanLungNeural_SC-001294.wav,edgetts,cantonese,SC-001294,zh-HK-WanLungNeural,0.0244,隐蔽(难检)
data/redteam/factory/sovits_api/minnan/sovits_api_minnan_ref_boot_edgetts_minnan_zh-TW-YunJheNeural_SC-000001_SC-000392.wav,sovits_api,minnan,SC-000392,ref_boot_edgetts_minnan_zh-TW-YunJheNeural_SC-000001,0.0244,隐蔽(难检)
data/redteam/factory/edgetts/henan/edgetts_henan_zh-CN-shaanxi-XiaoniNeural_SC-001096.wav,edgetts,henan,SC-001096,zh-CN-shaanxi-XiaoniNeural,0.0245,隐蔽(难检)
data/redteam/factory/edgetts/mandarin/edgetts_mandarin_zh-CN-YunyangNeural_SC-000011.wav,edgetts,mandarin,SC-000011,zh-CN-YunyangNeural,0.0246,隐蔽(难检)
data/redteam/factory/edgetts/henan/edgetts_henan_zh-CN-shaanxi-XiaoniNeural_SC-000022.wav,edgetts,henan,SC-000022,zh-CN-shaanxi-XiaoniNeural,0.0247,隐蔽(难检)
data/redteam/factory/edgetts/henan/edgetts_henan_zh-CN-shaanxi-XiaoniNeural_SC-000735.wav,edgetts,henan,SC-000735,zh-CN-shaanxi-XiaoniNeural,0.0247,隐蔽(难检)
data/redteam/factory/edgetts/mandarin/edgetts_mandarin_zh-CN-YunjianNeural_SC-000181.wav,edgetts,mandarin,SC-000181,zh-CN-YunjianNeural,0.0247,隐蔽(难检)
data/redteam/factory/edgetts/mandarin/edgetts_mandarin_zh-CN-YunjianNeural_SC-000283.wav,edgetts,mandarin,SC-000283,zh-CN-YunjianNeural,0.0247,隐蔽(难检)
data/redteam/factory/edgetts/henan/edgetts_henan_zh-CN-shaanxi-XiaoniNeural_SC-000005.wav,edgetts,henan,SC-000005,zh-CN-shaanxi-XiaoniNeural,0.0248,隐蔽(难检)
data/redteam/factory/sovits_api/mandarin/sovits_api_mandarin_ref_boot_edgetts_mandarin_zh-CN-YunjianNeural_SC-000007_seg8s_SC-000037.wav,sovits_api,mandarin,SC-000037,ref_boot_edgetts_mandarin_zh-CN-YunjianNeural_SC-000007_seg8s,0.0248,隐蔽(难检)
data/redteam/factory/edgetts/mandarin/edgetts_mandarin_zh-CN-YunxiNeural_SC-000028.wav,edgetts,mandarin,SC-000028,zh-CN-YunxiNeural,0.0249,隐蔽(难检)
data/redteam/factory/edgetts/sichuan/edgetts_sichuan_zh-CN-YunxiNeural_SC-000028.wav,edgetts,sichuan,SC-000028,zh-CN-YunxiNeural,0.0249,隐蔽(难检)
data/redteam/factory/edgetts/cantonese/edgetts_cantonese_zh-HK-WanLungNeural_SC-000281.wav,edgetts,cantonese,SC-000281,zh-HK-WanLungNeural,0.0249,隐蔽(难检)
data/redteam/factory/edgetts/mandarin/edgetts_mandarin_zh-CN-YunyangNeural_SC-000110.wav,edgetts,mandarin,SC-000110,zh-CN-YunyangNeural,0.025,隐蔽(难检)
data/redteam/factory/edgetts/henan/edgetts_henan_zh-CN-shaanxi-XiaoniNeural_SC-001569.wav,edgetts,henan,SC-001569,zh-CN-shaanxi-XiaoniNeural,0.025,隐蔽(难检)
data/redteam/factory/edgetts/henan/edgetts_henan_zh-CN-shaanxi-XiaoniNeural_SC-000621.wav,edgetts,henan,SC-000621,zh-CN-shaanxi-XiaoniNeural,0.025,隐蔽(难检)
data/redteam/factory/edgetts/dongbei/edgetts_dongbei_zh-CN-liaoning-XiaobeiNeural_SC-001698.wav,edgetts,dongbei,SC-001698,zh-CN-liaoning-XiaobeiNeural,0.025,隐蔽(难检)
data/redteam/factory/edgetts/mandarin/edgetts_mandarin_zh-CN-YunjianNeural_SC-000011.wav,edgetts,mandarin,SC-000011,zh-CN-YunjianNeural,0.0252,隐蔽(难检)
data/redteam/factory/edgetts/mandarin/edgetts_mandarin_zh-CN-YunjianNeural_SC-000057.wav,edgetts,mandarin,SC-000057,zh-CN-YunjianNeural,0.0252,隐蔽(难检)
data/redteam/factory/edgetts/henan/edgetts_henan_zh-CN-shaanxi-XiaoniNeural_SC-001345.wav,edgetts,henan,SC-001345,zh-CN-shaanxi-XiaoniNeural,0.0252,隐蔽(难检)
data/redteam/factory/edgetts/mandarin/edgetts_mandarin_zh-CN-YunjianNeural_SC-000173.wav,edgetts,mandarin,SC-000173,zh-CN-YunjianNeural,0.0253,隐蔽(难检)
data/redteam/factory/edgetts/mandarin/edgetts_mandarin_zh-CN-XiaoxiaoNeural_SC-000021.wav,edgetts,mandarin,SC-000021,zh-CN-XiaoxiaoNeural,0.0254,隐蔽(难检)
data/redteam/factory/edgetts/sichuan/edgetts_sichuan_zh-CN-XiaoxiaoNeural_SC-000021.wav,edgetts,sichuan,SC-000021,zh-CN-XiaoxiaoNeural,0.0254,隐蔽(难检)
data/redteam/factory/edgetts/mandarin/edgetts_mandarin_zh-CN-YunxiNeural_SC-000089.wav,edgetts,mandarin,SC-000089,zh-CN-YunxiNeural,0.0255,隐蔽(难检)
data/redteam/factory/edgetts/mandarin/edgetts_mandarin_zh-CN-YunjianNeural_SC-000470.wav,edgetts,mandarin,SC-000470,zh-CN-YunjianNeural,0.0255,隐蔽(难检)
data/redteam/factory/edgetts/mandarin/edgetts_mandarin_zh-CN-YunjianNeural_SC-000189.wav,edgetts,mandarin,SC-000189,zh-CN-YunjianNeural,0.0256,隐蔽(难检)
data/redteam/factory/sovits_api/cantonese/sovits_api_cantonese_ref_boot_edgetts_cantonese_zh-HK-WanLungNeural_SC-000005_seg8s_SC-000048.wav,sovits_api,cantonese,SC-000048,ref_boot_edgetts_cantonese_zh-HK-WanLungNeural_SC-000005_seg8s,0.0256,隐蔽(难检)
data/redteam/factory/edgetts/cantonese/edgetts_cantonese_zh-HK-WanLungNeural_SC-000823.wav,edgetts,cantonese,SC-000823,zh-HK-WanLungNeural,0.0257,隐蔽(难检)
data/redteam/factory/edgetts/cantonese/edgetts_cantonese_zh-HK-WanLungNeural_SC-000810.wav,edgetts,cantonese,SC-000810,zh-HK-WanLungNeural,0.0257,隐蔽(难检)
data/redteam/factory/sovits_api/minnan/sovits_api_minnan_ref_boot_edgetts_minnan_zh-TW-YunJheNeural_SC-000001_SC-000421.wav,sovits_api,minnan,SC-000421,ref_boot_edgetts_minnan_zh-TW-YunJheNeural_SC-000001,0.0257,隐蔽(难检)
data/redteam/factory/edgetts/mandarin/edgetts_mandarin_zh-CN-YunjianNeural_SC-000398.wav,edgetts,mandarin,SC-000398,zh-CN-YunjianNeural,0.0258,隐蔽(难检)
data/redteam/factory/edgetts/henan/edgetts_henan_zh-CN-shaanxi-XiaoniNeural_SC-000388.wav,edgetts,henan,SC-000388,zh-CN-shaanxi-XiaoniNeural,0.0259,隐蔽(难检)
data/redteam/factory/edgetts/sichuan/edgetts_sichuan_zh-CN-XiaoxiaoNeural_SC-001451.wav,edgetts,sichuan,SC-001451,zh-CN-XiaoxiaoNeural,0.026,隐蔽(难检)
data/redteam/factory/edgetts/mandarin/edgetts_mandarin_zh-CN-YunxiNeural_SC-000132.wav,edgetts,mandarin,SC-000132,zh-CN-YunxiNeural,0.026,隐蔽(难检)
data/redteam/factory/sovits_api/cantonese/sovits_api_cantonese_ref_boot_edgetts_cantonese_zh-HK-WanLungNeural_SC-000005_seg8s_SC-000116.wav,sovits_api,cantonese,SC-000116,ref_boot_edgetts_cantonese_zh-HK-WanLungNeural_SC-000005_seg8s,0.0261,隐蔽(难检)
data/redteam/factory/edgetts/mandarin/edgetts_mandarin_zh-CN-YunjianNeural_SC-000260.wav,edgetts,mandarin,SC-000260,zh-CN-YunjianNeural,0.0262,隐蔽(难检)
data/redteam/factory/edgetts/mandarin/edgetts_mandarin_zh-CN-XiaoxiaoNeural_SC-000386.wav,edgetts,mandarin,SC-000386,zh-CN-XiaoxiaoNeural,0.0263,隐蔽(难检)
data/redteam/factory/edgetts/cantonese/edgetts_cantonese_zh-HK-WanLungNeural_SC-001473.wav,edgetts,cantonese,SC-001473,zh-HK-WanLungNeural,0.0263,隐蔽(难检)
data/redteam/factory/edgetts/mandarin/edgetts_mandarin_zh-CN-XiaoxiaoNeural_SC-000175.wav,edgetts,mandarin,SC-000175,zh-CN-XiaoxiaoNeural,0.0263,隐蔽(难检)
data/redteam/factory/edgetts/mandarin/edgetts_mandarin_zh-CN-YunjianNeural_SC-000021.wav,edgetts,mandarin,SC-000021,zh-CN-YunjianNeural,0.0264,隐蔽(难检)
data/redteam/factory/edgetts/mandarin/edgetts_mandarin_zh-CN-YunxiNeural_SC-000150.wav,edgetts,mandarin,SC-000150,zh-CN-YunxiNeural,0.0264,隐蔽(难检)
data/redteam/factory/edgetts/mandarin/edgetts_mandarin_zh-CN-YunyangNeural_SC-000175.wav,edgetts,mandarin,SC-000175,zh-CN-YunyangNeural,0.0264,隐蔽(难检)
data/redteam/factory/sovits_api/mandarin/sovits_api_mandarin_ref_boot_edgetts_mandarin_zh-CN-YunjianNeural_SC-000007_seg8s_SC-000012.wav,sovits_api,mandarin,SC-000012,ref_boot_edgetts_mandarin_zh-CN-YunjianNeural_SC-000007_seg8s,0.0264,隐蔽(难检)
data/redteam/factory/edgetts/cantonese/edgetts_cantonese_zh-HK-WanLungNeural_SC-001191.wav,edgetts,cantonese,SC-001191,zh-HK-WanLungNeural,0.0265,隐蔽(难检)
data/redteam/factory/sovits_api/mandarin/sovits_api_mandarin_ref_boot_edgetts_mandarin_zh-CN-YunjianNeural_SC-000007_seg8s_SC-000092.wav,sovits_api,mandarin,SC-000092,ref_boot_edgetts_mandarin_zh-CN-YunjianNeural_SC-000007_seg8s,0.0265,隐蔽(难检)
data/redteam/factory/sovits_api/minnan/sovits_api_minnan_ref_boot_edgetts_minnan_zh-TW-YunJheNeural_SC-000001_SC-000059.wav,sovits_api,minnan,SC-000059,ref_boot_edgetts_minnan_zh-TW-YunJheNeural_SC-000001,0.0265,隐蔽(难检)
data/redteam/factory/edgetts/mandarin/edgetts_mandarin_zh-CN-YunjianNeural_SC-000345.wav,edgetts,mandarin,SC-000345,zh-CN-YunjianNeural,0.0266,隐蔽(难检)
data/redteam/factory/edgetts/cantonese/edgetts_cantonese_zh-HK-WanLungNeural_SC-000988.wav,edgetts,cantonese,SC-000988,zh-HK-WanLungNeural,0.0266,隐蔽(难检)
data/redteam/factory/edgetts/cantonese/edgetts_cantonese_zh-HK-WanLungNeural_SC-000017.wav,edgetts,cantonese,SC-000017,zh-HK-WanLungNeural,0.0267,隐蔽(难检)
data/redteam/factory/edgetts/sichuan/edgetts_sichuan_zh-CN-YunxiNeural_SC-000042.wav,edgetts,sichuan,SC-000042,zh-CN-YunxiNeural,0.0267,隐蔽(难检)
data/redteam/factory/edgetts/sichuan/edgetts_sichuan_zh-CN-XiaoxiaoNeural_SC-001116.wav,edgetts,sichuan,SC-001116,zh-CN-XiaoxiaoNeural,0.0267,隐蔽(难检)
data/redteam/factory/edgetts/sichuan/edgetts_sichuan_zh-CN-XiaoxiaoNeural_SC-000361.wav,edgetts,sichuan,SC-000361,zh-CN-XiaoxiaoNeural,0.0267,隐蔽(难检)
data/redteam/factory/sovits_api/cantonese/sovits_api_cantonese_ref_boot_edgetts_cantonese_zh-HK-WanLungNeural_SC-000005_seg8s_SC-000005.wav,sovits_api,cantonese,SC-000005,ref_boot_edgetts_cantonese_zh-HK-WanLungNeural_SC-000005_seg8s,0.0267,隐蔽(难检)
data/redteam/factory/edgetts/dongbei/edgetts_dongbei_zh-CN-liaoning-XiaobeiNeural_SC-000018.wav,edgetts,dongbei,SC-000018,zh-CN-liaoning-XiaobeiNeural,0.0268,隐蔽(难检)
data/redteam/factory/edgetts/mandarin/edgetts_mandarin_zh-CN-YunjianNeural_SC-000493.wav,edgetts,mandarin,SC-000493,zh-CN-YunjianNeural,0.0268,隐蔽(难检)
data/redteam/factory/edgetts/mandarin/edgetts_mandarin_zh-CN-YunyangNeural_SC-000480.wav,edgetts,mandarin,SC-000480,zh-CN-YunyangNeural,0.0269,隐蔽(难检)
data/redteam/factory/edgetts/henan/edgetts_henan_zh-CN-shaanxi-XiaoniNeural_SC-000425.wav,edgetts,henan,SC-000425,zh-CN-shaanxi-XiaoniNeural,0.0269,隐蔽(难检)
data/redteam/factory/edgetts/mandarin/edgetts_mandarin_zh-CN-YunjianNeural_SC-000455.wav,edgetts,mandarin,SC-000455,zh-CN-YunjianNeural,0.0269,隐蔽(难检)
data/redteam/factory/edgetts/henan/edgetts_henan_zh-CN-shaanxi-XiaoniNeural_SC-000973.wav,edgetts,henan,SC-000973,zh-CN-shaanxi-XiaoniNeural,0.0269,隐蔽(难检)
data/redteam/factory/edgetts/mandarin/edgetts_mandarin_zh-CN-YunxiNeural_SC-000401.wav,edgetts,mandarin,SC-000401,zh-CN-YunxiNeural,0.027,隐蔽(难检)
data/redteam/factory/sovits_api/minnan/sovits_api_minnan_ref_boot_edgetts_minnan_zh-TW-HsiaoChenNeural_SC-000001_SC-000004.wav,sovits_api,minnan,SC-000004,ref_boot_edgetts_minnan_zh-TW-HsiaoChenNeural_SC-000001,0.027,隐蔽(难检)
data/redteam/factory/edgetts/henan/edgetts_henan_zh-CN-shaanxi-XiaoniNeural_SC-000274.wav,edgetts,henan,SC-000274,zh-CN-shaanxi-XiaoniNeural,0.0271,隐蔽(难检)
data/redteam/factory/edgetts/henan/edgetts_henan_zh-CN-shaanxi-XiaoniNeural_SC-000365.wav,edgetts,henan,SC-000365,zh-CN-shaanxi-XiaoniNeural,0.0271,隐蔽(难检)
data/redteam/factory/edgetts/mandarin/edgetts_mandarin_zh-CN-YunjianNeural_SC-000377.wav,edgetts,mandarin,SC-000377,zh-CN-YunjianNeural,0.0271,隐蔽(难检)
data/redteam/factory/edgetts/dongbei/edgetts_dongbei_zh-CN-liaoning-XiaobeiNeural_SC-000820.wav,edgetts,dongbei,SC-000820,zh-CN-liaoning-XiaobeiNeural,0.0271,隐蔽(难检)
data/redteam/factory/sovits_api/cantonese/sovits_api_cantonese_ref_boot_edgetts_cantonese_zh-HK-WanLungNeural_SC-000005_seg8s_SC-000209.wav,sovits_api,cantonese,SC-000209,ref_boot_edgetts_cantonese_zh-HK-WanLungNeural_SC-000005_seg8s,0.0271,隐蔽(难检)
data/redteam/factory/edgetts/mandarin/edgetts_mandarin_zh-CN-YunjianNeural_SC-000074.wav,edgetts,mandarin,SC-000074,zh-CN-YunjianNeural,0.0272,隐蔽(难检)
data/redteam/factory/edgetts/mandarin/edgetts_mandarin_zh-CN-YunjianNeural_SC-000219.wav,edgetts,mandarin,SC-000219,zh-CN-YunjianNeural,0.0272,隐蔽(难检)
data/redteam/factory/edgetts/henan/edgetts_henan_zh-CN-shaanxi-XiaoniNeural_SC-000402.wav,edgetts,henan,SC-000402,zh-CN-shaanxi-XiaoniNeural,0.0273,隐蔽(难检)
data/redteam/factory/edgetts/mandarin/edgetts_mandarin_zh-CN-YunjianNeural_SC-000335.wav,edgetts,mandarin,SC-000335,zh-CN-YunjianNeural,0.0273,隐蔽(难检)
data/redteam/factory/edgetts/mandarin/edgetts_mandarin_zh-CN-YunjianNeural_SC-000175.wav,edgetts,mandarin,SC-000175,zh-CN-YunjianNeural,0.0273,隐蔽(难检)
data/redteam/factory/edgetts/mandarin/edgetts_mandarin_zh-CN-YunyangNeural_SC-000058.wav,edgetts,mandarin,SC-000058,zh-CN-YunyangNeural,0.0274,隐蔽(难检)
data/redteam/factory/edgetts/mandarin/edgetts_mandarin_zh-CN-YunyangNeural_SC-000507.wav,edgetts,mandarin,SC-000507,zh-CN-YunyangNeural,0.0274,隐蔽(难检)
data/redteam/factory/edgetts/mandarin/edgetts_mandarin_zh-CN-YunxiNeural_SC-000337.wav,edgetts,mandarin,SC-000337,zh-CN-YunxiNeural,0.0274,隐蔽(难检)
data/redteam/factory/edgetts/mandarin/edgetts_mandarin_zh-CN-XiaoxiaoNeural_SC-000496.wav,edgetts,mandarin,SC-000496,zh-CN-XiaoxiaoNeural,0.0274,隐蔽(难检)
data/redteam/factory/edgetts/cantonese/edgetts_cantonese_zh-HK-WanLungNeural_SC-001122.wav,edgetts,cantonese,SC-001122,zh-HK-WanLungNeural,0.0275,隐蔽(难检)
data/redteam/factory/edgetts/henan/edgetts_henan_zh-CN-shaanxi-XiaoniNeural_SC-000017.wav,edgetts,henan,SC-000017,zh-CN-shaanxi-XiaoniNeural,0.0276,隐蔽(难检)
data/redteam/factory/edgetts/mandarin/edgetts_mandarin_zh-CN-XiaoxiaoNeural_SC-000180.wav,edgetts,mandarin,SC-000180,zh-CN-XiaoxiaoNeural,0.0276,隐蔽(难检)
data/redteam/factory/edgetts/mandarin/edgetts_mandarin_zh-CN-XiaoxiaoNeural_SC-000485.wav,edgetts,mandarin,SC-000485,zh-CN-XiaoxiaoNeural,0.0276,隐蔽(难检)
data/redteam/factory/edgetts/mandarin/edgetts_mandarin_zh-CN-YunjianNeural_SC-000368.wav,edgetts,mandarin,SC-000368,zh-CN-YunjianNeural,0.0277,隐蔽(难检)
data/redteam/factory/edgetts/mandarin/edgetts_mandarin_zh-CN-XiaoxiaoNeural_SC-000241.wav,edgetts,mandarin,SC-000241,zh-CN-XiaoxiaoNeural,0.0277,隐蔽(难检)
data/redteam/factory/edgetts/mandarin/edgetts_mandarin_zh-CN-XiaoxiaoNeural_SC-000506.wav,edgetts,mandarin,SC-000506,zh-CN-XiaoxiaoNeural,0.0277,隐蔽(难检)
data/redteam/factory/edgetts/henan/edgetts_henan_zh-CN-shaanxi-XiaoniNeural_SC-001617.wav,edgetts,henan,SC-001617,zh-CN-shaanxi-XiaoniNeural,0.0277,隐蔽(难检)
data/redteam/factory/edgetts/mandarin/edgetts_mandarin_zh-CN-YunjianNeural_SC-000374.wav,edgetts,mandarin,SC-000374,zh-CN-YunjianNeural,0.0278,隐蔽(难检)
data/redteam/factory/edgetts/sichuan/edgetts_sichuan_zh-CN-XiaoxiaoNeural_SC-000743.wav,edgetts,sichuan,SC-000743,zh-CN-XiaoxiaoNeural,0.0278,隐蔽(难检)
data/redteam/factory/edgetts/sichuan/edgetts_sichuan_zh-CN-YunxiNeural_SC-000342.wav,edgetts,sichuan,SC-000342,zh-CN-YunxiNeural,0.0278,隐蔽(难检)
data/redteam/factory/sovits_api/mandarin/sovits_api_mandarin_ref_boot_edgetts_mandarin_zh-CN-YunjianNeural_SC-000007_seg8s_SC-000090.wav,sovits_api,mandarin,SC-000090,ref_boot_edgetts_mandarin_zh-CN-YunjianNeural_SC-000007_seg8s,0.0278,隐蔽(难检)
data/redteam/factory/sovits_api/mandarin/sovits_api_mandarin_ref_boot_edgetts_mandarin_zh-CN-YunxiNeural_SC-000007_seg8s_SC-000090.wav,sovits_api,mandarin,SC-000090,ref_boot_edgetts_mandarin_zh-CN-YunxiNeural_SC-000007_seg8s,0.0278,隐蔽(难检)
data/redteam/factory/sovits_api/minnan/sovits_api_minnan_ref_boot_edgetts_minnan_zh-TW-YunJheNeural_SC-000001_SC-000363.wav,sovits_api,minnan,SC-000363,ref_boot_edgetts_minnan_zh-TW-YunJheNeural_SC-000001,0.0278,隐蔽(难检)
data/redteam/factory/edgetts/mandarin/edgetts_mandarin_zh-CN-YunxiNeural_SC-000009.wav,edgetts,mandarin,SC-000009,zh-CN-YunxiNeural,0.0279,隐蔽(难检)
data/redteam/factory/edgetts/sichuan/edgetts_sichuan_zh-CN-YunxiNeural_SC-000009.wav,edgetts,sichuan,SC-000009,zh-CN-YunxiNeural,0.0279,隐蔽(难检)
data/redteam/factory/edgetts/mandarin/edgetts_mandarin_zh-CN-YunyangNeural_SC-000090.wav,edgetts,mandarin,SC-000090,zh-CN-YunyangNeural,0.0279,隐蔽(难检)
data/redteam/factory/edgetts/mandarin/edgetts_mandarin_zh-CN-YunjianNeural_SC-000022.wav,edgetts,mandarin,SC-000022,zh-CN-YunjianNeural,0.028,隐蔽(难检)
data/redteam/factory/edgetts/cantonese/edgetts_cantonese_zh-HK-WanLungNeural_SC-000305.wav,edgetts,cantonese,SC-000305,zh-HK-WanLungNeural,0.028,隐蔽(难检)
data/redteam/factory/edgetts/sichuan/edgetts_sichuan_zh-CN-YunxiNeural_SC-000383.wav,edgetts,sichuan,SC-000383,zh-CN-YunxiNeural,0.028,隐蔽(难检)
data/redteam/factory/edgetts/cantonese/edgetts_cantonese_zh-HK-WanLungNeural_SC-001419.wav,edgetts,cantonese,SC-001419,zh-HK-WanLungNeural,0.028,隐蔽(难检)
data/redteam/factory/edgetts/dongbei/edgetts_dongbei_zh-CN-liaoning-XiaobeiNeural_SC-000415.wav,edgetts,dongbei,SC-000415,zh-CN-liaoning-XiaobeiNeural,0.028,隐蔽(难检)
data/redteam/factory/edgetts/mandarin/edgetts_mandarin_zh-CN-YunjianNeural_SC-000507.wav,edgetts,mandarin,SC-000507,zh-CN-YunjianNeural,0.028,隐蔽(难检)
data/redteam/factory/edgetts/mandarin/edgetts_mandarin_zh-CN-YunyangNeural_SC-000025.wav,edgetts,mandarin,SC-000025,zh-CN-YunyangNeural,0.0281,隐蔽(难检)
data/redteam/factory/edgetts/sichuan/edgetts_sichuan_zh-CN-XiaoxiaoNeural_SC-000299.wav,edgetts,sichuan,SC-000299,zh-CN-XiaoxiaoNeural,0.0281,隐蔽(难检)
data/redteam/factory/edgetts/henan/edgetts_henan_zh-CN-shaanxi-XiaoniNeural_SC-000873.wav,edgetts,henan,SC-000873,zh-CN-shaanxi-XiaoniNeural,0.0281,隐蔽(难检)
data/redteam/factory/edgetts/henan/edgetts_henan_zh-CN-shaanxi-XiaoniNeural_SC-000994.wav,edgetts,henan,SC-000994,zh-CN-shaanxi-XiaoniNeural,0.0281,隐蔽(难检)
data/redteam/factory/edgetts/cantonese/edgetts_cantonese_zh-HK-WanLungNeural_SC-001199.wav,edgetts,cantonese,SC-001199,zh-HK-WanLungNeural,0.0282,隐蔽(难检)
data/redteam/factory/edgetts/mandarin/edgetts_mandarin_zh-CN-YunjianNeural_SC-000104.wav,edgetts,mandarin,SC-000104,zh-CN-YunjianNeural,0.0283,隐蔽(难检)
data/redteam/factory/edgetts/mandarin/edgetts_mandarin_zh-CN-YunjianNeural_SC-000435.wav,edgetts,mandarin,SC-000435,zh-CN-YunjianNeural,0.0283,隐蔽(难检)
data/redteam/factory/edgetts/mandarin/edgetts_mandarin_zh-CN-YunxiNeural_SC-000163.wav,edgetts,mandarin,SC-000163,zh-CN-YunxiNeural,0.0283,隐蔽(难检)
data/redteam/factory/sovits_api/mandarin/sovits_api_mandarin_ref_boot_edgetts_mandarin_zh-CN-XiaoxiaoNeural_SC-000007_seg8s_SC-000019.wav,sovits_api,mandarin,SC-000019,ref_boot_edgetts_mandarin_zh-CN-XiaoxiaoNeural_SC-000007_seg8s,0.0283,隐蔽(难检)
data/redteam/factory/edgetts/henan/edgetts_henan_zh-CN-shaanxi-XiaoniNeural_SC-000322.wav,edgetts,henan,SC-000322,zh-CN-shaanxi-XiaoniNeural,0.0284,隐蔽(难检)
data/redteam/factory/edgetts/sichuan/edgetts_sichuan_zh-CN-YunxiNeural_SC-000855.wav,edgetts,sichuan,SC-000855,zh-CN-YunxiNeural,0.0284,隐蔽(难检)
data/redteam/factory/edgetts/sichuan/edgetts_sichuan_zh-CN-YunxiNeural_SC-000381.wav,edgetts,sichuan,SC-000381,zh-CN-YunxiNeural,0.0284,隐蔽(难检)
data/redteam/factory/edgetts/cantonese/edgetts_cantonese_zh-HK-WanLungNeural_SC-000928.wav,edgetts,cantonese,SC-000928,zh-HK-WanLungNeural,0.0284,隐蔽(难检)
data/redteam/factory/edgetts/sichuan/edgetts_sichuan_zh-CN-XiaoxiaoNeural_SC-000559.wav,edgetts,sichuan,SC-000559,zh-CN-XiaoxiaoNeural,0.0284,隐蔽(难检)
data/redteam/factory/edgetts/cantonese/edgetts_cantonese_zh-HK-WanLungNeural_SC-000020.wav,edgetts,cantonese,SC-000020,zh-HK-WanLungNeural,0.0285,隐蔽(难检)
data/redteam/factory/edgetts/henan/edgetts_henan_zh-CN-shaanxi-XiaoniNeural_SC-001614.wav,edgetts,henan,SC-001614,zh-CN-shaanxi-XiaoniNeural,0.0285,隐蔽(难检)
data/redteam/factory/sovits_api/minnan/sovits_api_minnan_ref_boot_edgetts_minnan_zh-TW-YunJheNeural_SC-000001_SC-000369.wav,sovits_api,minnan,SC-000369,ref_boot_edgetts_minnan_zh-TW-YunJheNeural_SC-000001,0.0285,隐蔽(难检)
data/redteam/factory/edgetts/mandarin/edgetts_mandarin_zh-CN-YunjianNeural_SC-000070.wav,edgetts,mandarin,SC-000070,zh-CN-YunjianNeural,0.0286,隐蔽(难检)
data/redteam/factory/edgetts/mandarin/edgetts_mandarin_zh-CN-YunxiNeural_SC-000185.wav,edgetts,mandarin,SC-000185,zh-CN-YunxiNeural,0.0286,隐蔽(难检)
data/redteam/factory/edgetts/mandarin/edgetts_mandarin_zh-CN-YunxiNeural_SC-000331.wav,edgetts,mandarin,SC-000331,zh-CN-YunxiNeural,0.0287,隐蔽(难检)
data/redteam/factory/edgetts/dongbei/edgetts_dongbei_zh-CN-liaoning-XiaobeiNeural_SC-000635.wav,edgetts,dongbei,SC-000635,zh-CN-liaoning-XiaobeiNeural,0.0287,隐蔽(难检)
data/redteam/factory/edgetts/mandarin/edgetts_mandarin_zh-CN-YunyangNeural_SC-000227.wav,edgetts,mandarin,SC-000227,zh-CN-YunyangNeural,0.0287,隐蔽(难检)
data/redteam/factory/edgetts/mandarin/edgetts_mandarin_zh-CN-YunxiNeural_SC-000280.wav,edgetts,mandarin,SC-000280,zh-CN-YunxiNeural,0.0288,隐蔽(难检)
data/redteam/factory/edgetts/henan/edgetts_henan_zh-CN-shaanxi-XiaoniNeural_SC-000637.wav,edgetts,henan,SC-000637,zh-CN-shaanxi-XiaoniNeural,0.0288,隐蔽(难检)
data/redteam/factory/edgetts/mandarin/edgetts_mandarin_zh-CN-YunyangNeural_SC-000189.wav,edgetts,mandarin,SC-000189,zh-CN-YunyangNeural,0.0289,隐蔽(难检)
data/redteam/factory/edgetts/mandarin/edgetts_mandarin_zh-CN-YunjianNeural_SC-000341.wav,edgetts,mandarin,SC-000341,zh-CN-YunjianNeural,0.0289,隐蔽(难检)
data/redteam/factory/edgetts/cantonese/edgetts_cantonese_zh-HK-WanLungNeural_SC-000028.wav,edgetts,cantonese,SC-000028,zh-HK-WanLungNeural,0.029,隐蔽(难检)
data/redteam/factory/edgetts/dongbei/edgetts_dongbei_zh-CN-liaoning-XiaobeiNeural_SC-001131.wav,edgetts,dongbei,SC-001131,zh-CN-liaoning-XiaobeiNeural,0.029,隐蔽(难检)
data/redteam/factory/edgetts/mandarin/edgetts_mandarin_zh-CN-XiaoxiaoNeural_SC-000235.wav,edgetts,mandarin,SC-000235,zh-CN-XiaoxiaoNeural,0.029,隐蔽(难检)
data/redteam/factory/edgetts/sichuan/edgetts_sichuan_zh-CN-XiaoxiaoNeural_SC-001432.wav,edgetts,sichuan,SC-001432,zh-CN-XiaoxiaoNeural,0.029,隐蔽(难检)
data/redteam/factory/edgetts/sichuan/edgetts_sichuan_zh-CN-YunxiNeural_SC-000683.wav,edgetts,sichuan,SC-000683,zh-CN-YunxiNeural,0.0291,隐蔽(难检)
data/redteam/factory/edgetts/mandarin/edgetts_mandarin_zh-CN-YunjianNeural_SC-000163.wav,edgetts,mandarin,SC-000163,zh-CN-YunjianNeural,0.0291,隐蔽(难检)
data/redteam/factory/edgetts/mandarin/edgetts_mandarin_zh-CN-YunjianNeural_SC-000030.wav,edgetts,mandarin,SC-000030,zh-CN-YunjianNeural,0.0292,隐蔽(难检)
data/redteam/factory/edgetts/mandarin/edgetts_mandarin_zh-CN-YunyangNeural_SC-000100.wav,edgetts,mandarin,SC-000100,zh-CN-YunyangNeural,0.0292,隐蔽(难检)
data/redteam/factory/edgetts/henan/edgetts_henan_zh-CN-shaanxi-XiaoniNeural_SC-001312.wav,edgetts,henan,SC-001312,zh-CN-shaanxi-XiaoniNeural,0.0292,隐蔽(难检)
data/redteam/factory/edgetts/sichuan/edgetts_sichuan_zh-CN-XiaoxiaoNeural_SC-001154.wav,edgetts,sichuan,SC-001154,zh-CN-XiaoxiaoNeural,0.0292,隐蔽(难检)
data/redteam/factory/edgetts/mandarin/edgetts_mandarin_zh-CN-YunjianNeural_SC-000046.wav,edgetts,mandarin,SC-000046,zh-CN-YunjianNeural,0.0293,隐蔽(难检)
data/redteam/factory/sovits_api/minnan/sovits_api_minnan_ref_boot_edgetts_minnan_zh-TW-HsiaoChenNeural_SC-000001_SC-000054.wav,sovits_api,minnan,SC-000054,ref_boot_edgetts_minnan_zh-TW-HsiaoChenNeural_SC-000001,0.0293,隐蔽(难检)
data/redteam/factory/edgetts/mandarin/edgetts_mandarin_zh-CN-YunjianNeural_SC-000309.wav,edgetts,mandarin,SC-000309,zh-CN-YunjianNeural,0.0294,隐蔽(难检)
data/redteam/factory/edgetts/dongbei/edgetts_dongbei_zh-CN-liaoning-XiaobeiNeural_SC-001516.wav,edgetts,dongbei,SC-001516,zh-CN-liaoning-XiaobeiNeural,0.0294,隐蔽(难检)
data/redteam/factory/edgetts/henan/edgetts_henan_zh-CN-shaanxi-XiaoniNeural_SC-000500.wav,edgetts,henan,SC-000500,zh-CN-shaanxi-XiaoniNeural,0.0294,隐蔽(难检)
data/redteam/factory/edgetts/mandarin/edgetts_mandarin_zh-CN-YunjianNeural_SC-000010.wav,edgetts,mandarin,SC-000010,zh-CN-YunjianNeural,0.0295,隐蔽(难检)
data/redteam/factory/edgetts/henan/edgetts_henan_zh-CN-shaanxi-XiaoniNeural_SC-000011.wav,edgetts,henan,SC-000011,zh-CN-shaanxi-XiaoniNeural,0.0295,隐蔽(难检)
data/redteam/factory/edgetts/sichuan/edgetts_sichuan_zh-CN-YunxiNeural_SC-001154.wav,edgetts,sichuan,SC-001154,zh-CN-YunxiNeural,0.0295,隐蔽(难检)
data/redteam/factory/edgetts/cantonese/edgetts_cantonese_zh-HK-WanLungNeural_SC-000912.wav,edgetts,cantonese,SC-000912,zh-HK-WanLungNeural,0.0295,隐蔽(难检)
data/redteam/factory/sovits_api/cantonese/sovits_api_cantonese_ref_boot_edgetts_cantonese_zh-HK-WanLungNeural_SC-000005_seg8s_SC-000247.wav,sovits_api,cantonese,SC-000247,ref_boot_edgetts_cantonese_zh-HK-WanLungNeural_SC-000005_seg8s,0.0295,隐蔽(难检)
data/redteam/factory/edgetts/mandarin/edgetts_mandarin_zh-CN-YunjianNeural_SC-000510.wav,edgetts,mandarin,SC-000510,zh-CN-YunjianNeural,0.0296,隐蔽(难检)
data/redteam/factory/edgetts/dongbei/edgetts_dongbei_zh-CN-liaoning-XiaobeiNeural_SC-000022.wav,edgetts,dongbei,SC-000022,zh-CN-liaoning-XiaobeiNeural,0.0297,隐蔽(难检)
data/redteam/factory/edgetts/sichuan/edgetts_sichuan_zh-CN-XiaoxiaoNeural_SC-000297.wav,edgetts,sichuan,SC-000297,zh-CN-XiaoxiaoNeural,0.0297,隐蔽(难检)
data/redteam/factory/edgetts/sichuan/edgetts_sichuan_zh-CN-XiaoxiaoNeural_SC-000894.wav,edgetts,sichuan,SC-000894,zh-CN-XiaoxiaoNeural,0.0297,隐蔽(难检)
data/redteam/factory/edgetts/cantonese/edgetts_cantonese_zh-HK-WanLungNeural_SC-000523.wav,edgetts,cantonese,SC-000523,zh-HK-WanLungNeural,0.0297,隐蔽(难检)
data/redteam/factory/edgetts/mandarin/edgetts_mandarin_zh-CN-YunyangNeural_SC-000486.wav,edgetts,mandarin,SC-000486,zh-CN-YunyangNeural,0.0297,隐蔽(难检)
data/redteam/factory/edgetts/mandarin/edgetts_mandarin_zh-CN-YunxiNeural_SC-000308.wav,edgetts,mandarin,SC-000308,zh-CN-YunxiNeural,0.0297,隐蔽(难检)
data/redteam/factory/sovits_api/sichuan/sovits_api_sichuan_ref_boot_edgetts_sichuan_zh-CN-YunxiNeural_SC-000010_SC-000259.wav,sovits_api,sichuan,SC-000259,ref_boot_edgetts_sichuan_zh-CN-YunxiNeural_SC-000010,0.0297,隐蔽(难检)
data/redteam/factory/sovits_api/cantonese/sovits_api_cantonese_ref_boot_edgetts_cantonese_zh-HK-WanLungNeural_SC-000005_seg8s_SC-000191.wav,sovits_api,cantonese,SC-000191,ref_boot_edgetts_cantonese_zh-HK-WanLungNeural_SC-000005_seg8s,0.0297,隐蔽(难检)
data/redteam/factory/edgetts/mandarin/edgetts_mandarin_zh-CN-YunyangNeural_SC-000114.wav,edgetts,mandarin,SC-000114,zh-CN-YunyangNeural,0.0298,隐蔽(难检)
data/redteam/factory/edgetts/dongbei/edgetts_dongbei_zh-CN-liaoning-XiaobeiNeural_SC-000385.wav,edgetts,dongbei,SC-000385,zh-CN-liaoning-XiaobeiNeural,0.0298,隐蔽(难检)
data/redteam/factory/edgetts/mandarin/edgetts_mandarin_zh-CN-YunxiNeural_SC-000368.wav,edgetts,mandarin,SC-000368,zh-CN-YunxiNeural,0.0298,隐蔽(难检)
data/redteam/factory/edgetts/mandarin/edgetts_mandarin_zh-CN-YunjianNeural_SC-000138.wav,edgetts,mandarin,SC-000138,zh-CN-YunjianNeural,0.0298,隐蔽(难检)
data/redteam/factory/edgetts/mandarin/edgetts_mandarin_zh-CN-XiaoxiaoNeural_SC-000169.wav,edgetts,mandarin,SC-000169,zh-CN-XiaoxiaoNeural,0.0298,隐蔽(难检)
data/redteam/factory/edgetts/mandarin/edgetts_mandarin_zh-CN-XiaoxiaoNeural_SC-000202.wav,edgetts,mandarin,SC-000202,zh-CN-XiaoxiaoNeural,0.0298,隐蔽(难检)
data/redteam/factory/edgetts/mandarin/edgetts_mandarin_zh-CN-YunjianNeural_SC-000471.wav,edgetts,mandarin,SC-000471,zh-CN-YunjianNeural,0.0298,隐蔽(难检)
data/redteam/factory/edgetts/mandarin/edgetts_mandarin_zh-CN-YunxiNeural_SC-000455.wav,edgetts,mandarin,SC-000455,zh-CN-YunxiNeural,0.0299,隐蔽(难检)
data/redteam/factory/edgetts/mandarin/edgetts_mandarin_zh-CN-YunjianNeural_SC-000193.wav,edgetts,mandarin,SC-000193,zh-CN-YunjianNeural,0.0299,隐蔽(难检)
data/redteam/factory/edgetts/mandarin/edgetts_mandarin_zh-CN-YunyangNeural_SC-000286.wav,edgetts,mandarin,SC-000286,zh-CN-YunyangNeural,0.03,隐蔽(难检)
data/redteam/factory/edgetts/mandarin/edgetts_mandarin_zh-CN-XiaoxiaoNeural_SC-000370.wav,edgetts,mandarin,SC-000370,zh-CN-XiaoxiaoNeural,0.03,隐蔽(难检)
data/redteam/factory/edgetts/sichuan/edgetts_sichuan_zh-CN-XiaoxiaoNeural_SC-001024.wav,edgetts,sichuan,SC-001024,zh-CN-XiaoxiaoNeural,0.03,隐蔽(难检)
data/redteam/factory/edgetts/mandarin/edgetts_mandarin_zh-CN-YunjianNeural_SC-000318.wav,edgetts,mandarin,SC-000318,zh-CN-YunjianNeural,0.03,隐蔽(难检)
data/redteam/factory/edgetts/sichuan/edgetts_sichuan_zh-CN-YunxiNeural_SC-000537.wav,edgetts,sichuan,SC-000537,zh-CN-YunxiNeural,0.03,隐蔽(难检)
data/redteam/factory/edgetts/henan/edgetts_henan_zh-CN-shaanxi-XiaoniNeural_SC-001066.wav,edgetts,henan,SC-001066,zh-CN-shaanxi-XiaoniNeural,0.03,隐蔽(难检)
data/redteam/factory/edgetts/mandarin/edgetts_mandarin_zh-CN-YunjianNeural_SC-000100.wav,edgetts,mandarin,SC-000100,zh-CN-YunjianNeural,0.0301,隐蔽(难检)
data/redteam/factory/edgetts/mandarin/edgetts_mandarin_zh-CN-YunjianNeural_SC-000236.wav,edgetts,mandarin,SC-000236,zh-CN-YunjianNeural,0.0301,隐蔽(难检)
data/redteam/factory/edgetts/cantonese/edgetts_cantonese_zh-HK-WanLungNeural_SC-001226.wav,edgetts,cantonese,SC-001226,zh-HK-WanLungNeural,0.0301,隐蔽(难检)
data/redteam/factory/edgetts/mandarin/edgetts_mandarin_zh-CN-YunyangNeural_SC-000173.wav,edgetts,mandarin,SC-000173,zh-CN-YunyangNeural,0.0301,隐蔽(难检)
data/redteam/factory/edgetts/henan/edgetts_henan_zh-CN-shaanxi-XiaoniNeural_SC-001106.wav,edgetts,henan,SC-001106,zh-CN-shaanxi-XiaoniNeural,0.0301,隐蔽(难检)
data/redteam/factory/edgetts/mandarin/edgetts_mandarin_zh-CN-YunxiNeural_SC-000403.wav,edgetts,mandarin,SC-000403,zh-CN-YunxiNeural,0.0301,隐蔽(难检)
data/redteam/factory/edgetts/henan/edgetts_henan_zh-CN-shaanxi-XiaoniNeural_SC-000454.wav,edgetts,henan,SC-000454,zh-CN-shaanxi-XiaoniNeural,0.0301,隐蔽(难检)
data/redteam/factory/edgetts/mandarin/edgetts_mandarin_zh-CN-XiaoxiaoNeural_SC-000057.wav,edgetts,mandarin,SC-000057,zh-CN-XiaoxiaoNeural,0.0302,隐蔽(难检)
data/redteam/factory/edgetts/dongbei/edgetts_dongbei_zh-CN-liaoning-XiaobeiNeural_SC-000051.wav,edgetts,dongbei,SC-000051,zh-CN-liaoning-XiaobeiNeural,0.0302,隐蔽(难检)
data/redteam/factory/edgetts/cantonese/edgetts_cantonese_zh-HK-WanLungNeural_SC-001340.wav,edgetts,cantonese,SC-001340,zh-HK-WanLungNeural,0.0302,隐蔽(难检)
data/redteam/factory/edgetts/henan/edgetts_henan_zh-CN-shaanxi-XiaoniNeural_SC-000596.wav,edgetts,henan,SC-000596,zh-CN-shaanxi-XiaoniNeural,0.0302,隐蔽(难检)
data/redteam/factory/edgetts/mandarin/edgetts_mandarin_zh-CN-YunjianNeural_SC-000135.wav,edgetts,mandarin,SC-000135,zh-CN-YunjianNeural,0.0302,隐蔽(难检)
data/redteam/factory/sovits_api/minnan/sovits_api_minnan_ref_boot_edgetts_minnan_zh-TW-YunJheNeural_SC-000001_SC-000196.wav,sovits_api,minnan,SC-000196,ref_boot_edgetts_minnan_zh-TW-YunJheNeural_SC-000001,0.0302,隐蔽(难检)
data/redteam/factory/edgetts/sichuan/edgetts_sichuan_zh-CN-XiaoxiaoNeural_SC-000127.wav,edgetts,sichuan,SC-000127,zh-CN-XiaoxiaoNeural,0.0303,隐蔽(难检)
data/redteam/factory/edgetts/mandarin/edgetts_mandarin_zh-CN-YunjianNeural_SC-000332.wav,edgetts,mandarin,SC-000332,zh-CN-YunjianNeural,0.0303,隐蔽(难检)
data/redteam/factory/edgetts/mandarin/edgetts_mandarin_zh-CN-YunjianNeural_SC-000485.wav,edgetts,mandarin,SC-000485,zh-CN-YunjianNeural,0.0303,隐蔽(难检)
data/redteam/factory/sovits_api/minnan/sovits_api_minnan_ref_boot_edgetts_minnan_zh-TW-YunJheNeural_SC-000001_SC-000339.wav,sovits_api,minnan,SC-000339,ref_boot_edgetts_minnan_zh-TW-YunJheNeural_SC-000001,0.0303,隐蔽(难检)
data/redteam/factory/edgetts/mandarin/edgetts_mandarin_zh-CN-YunjianNeural_SC-000028.wav,edgetts,mandarin,SC-000028,zh-CN-YunjianNeural,0.0304,隐蔽(难检)
data/redteam/factory/edgetts/mandarin/edgetts_mandarin_zh-CN-YunjianNeural_SC-000267.wav,edgetts,mandarin,SC-000267,zh-CN-YunjianNeural,0.0304,隐蔽(难检)
data/redteam/factory/edgetts/henan/edgetts_henan_zh-CN-shaanxi-XiaoniNeural_SC-001481.wav,edgetts,henan,SC-001481,zh-CN-shaanxi-XiaoniNeural,0.0304,隐蔽(难检)
data/redteam/factory/edgetts/mandarin/edgetts_mandarin_zh-CN-XiaoxiaoNeural_SC-000357.wav,edgetts,mandarin,SC-000357,zh-CN-XiaoxiaoNeural,0.0304,隐蔽(难检)
data/redteam/factory/edgetts/cantonese/edgetts_cantonese_zh-HK-WanLungNeural_SC-000489.wav,edgetts,cantonese,SC-000489,zh-HK-WanLungNeural,0.0304,隐蔽(难检)
data/redteam/factory/edgetts/dongbei/edgetts_dongbei_zh-CN-liaoning-XiaobeiNeural_SC-001635.wav,edgetts,dongbei,SC-001635,zh-CN-liaoning-XiaobeiNeural,0.0304,隐蔽(难检)
data/redteam/factory/edgetts/mandarin/edgetts_mandarin_zh-CN-YunjianNeural_SC-000437.wav,edgetts,mandarin,SC-000437,zh-CN-YunjianNeural,0.0304,隐蔽(难检)
data/redteam/factory/edgetts/sichuan/edgetts_sichuan_zh-CN-YunxiNeural_SC-000687.wav,edgetts,sichuan,SC-000687,zh-CN-YunxiNeural,0.0304,隐蔽(难检)
data/redteam/factory/edgetts/mandarin/edgetts_mandarin_zh-CN-XiaoxiaoNeural_SC-000311.wav,edgetts,mandarin,SC-000311,zh-CN-XiaoxiaoNeural,0.0305,隐蔽(难检)
data/redteam/factory/edgetts/mandarin/edgetts_mandarin_zh-CN-YunyangNeural_SC-000279.wav,edgetts,mandarin,SC-000279,zh-CN-YunyangNeural,0.0305,隐蔽(难检)
data/redteam/factory/edgetts/henan/edgetts_henan_zh-CN-shaanxi-XiaoniNeural_SC-000007.wav,edgetts,henan,SC-000007,zh-CN-shaanxi-XiaoniNeural,0.0307,隐蔽(难检)
data/redteam/factory/edgetts/cantonese/edgetts_cantonese_zh-HK-WanLungNeural_SC-000048.wav,edgetts,cantonese,SC-000048,zh-HK-WanLungNeural,0.0307,隐蔽(难检)
data/redteam/factory/edgetts/mandarin/edgetts_mandarin_zh-CN-YunxiNeural_SC-000327.wav,edgetts,mandarin,SC-000327,zh-CN-YunxiNeural,0.0308,隐蔽(难检)
data/redteam/factory/edgetts/sichuan/edgetts_sichuan_zh-CN-YunxiNeural_SC-000436.wav,edgetts,sichuan,SC-000436,zh-CN-YunxiNeural,0.0308,隐蔽(难检)
data/redteam/factory/edgetts/sichuan/edgetts_sichuan_zh-CN-YunxiNeural_SC-000597.wav,edgetts,sichuan,SC-000597,zh-CN-YunxiNeural,0.0309,隐蔽(难检)
data/redteam/factory/edgetts/sichuan/edgetts_sichuan_zh-CN-YunxiNeural_SC-000409.wav,edgetts,sichuan,SC-000409,zh-CN-YunxiNeural,0.0309,隐蔽(难检)
data/redteam/factory/edgetts/cantonese/edgetts_cantonese_zh-HK-WanLungNeural_SC-001579.wav,edgetts,cantonese,SC-001579,zh-HK-WanLungNeural,0.031,隐蔽(难检)
data/redteam/factory/edgetts/mandarin/edgetts_mandarin_zh-CN-YunyangNeural_SC-000077.wav,edgetts,mandarin,SC-000077,zh-CN-YunyangNeural,0.0311,隐蔽(难检)
data/redteam/factory/edgetts/mandarin/edgetts_mandarin_zh-CN-YunyangNeural_SC-000345.wav,edgetts,mandarin,SC-000345,zh-CN-YunyangNeural,0.0311,隐蔽(难检)
data/redteam/factory/edgetts/mandarin/edgetts_mandarin_zh-CN-YunjianNeural_SC-000371.wav,edgetts,mandarin,SC-000371,zh-CN-YunjianNeural,0.0311,隐蔽(难检)
data/redteam/factory/edgetts/mandarin/edgetts_mandarin_zh-CN-YunyangNeural_SC-000261.wav,edgetts,mandarin,SC-000261,zh-CN-YunyangNeural,0.0311,隐蔽(难检)
data/redteam/factory/edgetts/mandarin/edgetts_mandarin_zh-CN-XiaoxiaoNeural_SC-000089.wav,edgetts,mandarin,SC-000089,zh-CN-XiaoxiaoNeural,0.0312,隐蔽(难检)
data/redteam/factory/edgetts/mandarin/edgetts_mandarin_zh-CN-YunjianNeural_SC-000150.wav,edgetts,mandarin,SC-000150,zh-CN-YunjianNeural,0.0312,隐蔽(难检)
data/redteam/factory/edgetts/cantonese/edgetts_cantonese_zh-HK-WanLungNeural_SC-000760.wav,edgetts,cantonese,SC-000760,zh-HK-WanLungNeural,0.0312,隐蔽(难检)
data/redteam/factory/edgetts/sichuan/edgetts_sichuan_zh-CN-YunxiNeural_SC-000177.wav,edgetts,sichuan,SC-000177,zh-CN-YunxiNeural,0.0313,隐蔽(难检)
data/redteam/factory/edgetts/henan/edgetts_henan_zh-CN-shaanxi-XiaoniNeural_SC-000741.wav,edgetts,henan,SC-000741,zh-CN-shaanxi-XiaoniNeural,0.0313,隐蔽(难检)
data/redteam/factory/edgetts/mandarin/edgetts_mandarin_zh-CN-YunjianNeural_SC-000185.wav,edgetts,mandarin,SC-000185,zh-CN-YunjianNeural,0.0313,隐蔽(难检)
data/redteam/factory/edgetts/henan/edgetts_henan_zh-CN-shaanxi-XiaoniNeural_SC-001228.wav,edgetts,henan,SC-001228,zh-CN-shaanxi-XiaoniNeural,0.0313,隐蔽(难检)
data/redteam/factory/edgetts/henan/edgetts_henan_zh-CN-shaanxi-XiaoniNeural_SC-000075.wav,edgetts,henan,SC-000075,zh-CN-shaanxi-XiaoniNeural,0.0314,隐蔽(难检)
data/redteam/factory/edgetts/henan/edgetts_henan_zh-CN-shaanxi-XiaoniNeural_SC-000566.wav,edgetts,henan,SC-000566,zh-CN-shaanxi-XiaoniNeural,0.0314,隐蔽(难检)
data/redteam/factory/sovits_api/mandarin/sovits_api_mandarin_ref_boot_edgetts_mandarin_zh-CN-XiaoxiaoNeural_SC-000007_seg8s_SC-000086.wav,sovits_api,mandarin,SC-000086,ref_boot_edgetts_mandarin_zh-CN-XiaoxiaoNeural_SC-000007_seg8s,0.0314,隐蔽(难检)
data/redteam/factory/edgetts/mandarin/edgetts_mandarin_zh-CN-XiaoxiaoNeural_SC-000345.wav,edgetts,mandarin,SC-000345,zh-CN-XiaoxiaoNeural,0.0315,隐蔽(难检)
data/redteam/factory/edgetts/sichuan/edgetts_sichuan_zh-CN-YunxiNeural_SC-001457.wav,edgetts,sichuan,SC-001457,zh-CN-YunxiNeural,0.0315,隐蔽(难检)
data/redteam/factory/edgetts/cantonese/edgetts_cantonese_zh-HK-WanLungNeural_SC-001014.wav,edgetts,cantonese,SC-001014,zh-HK-WanLungNeural,0.0315,隐蔽(难检)
data/redteam/factory/edgetts/mandarin/edgetts_mandarin_zh-CN-YunyangNeural_SC-000009.wav,edgetts,mandarin,SC-000009,zh-CN-YunyangNeural,0.0316,隐蔽(难检)
data/redteam/factory/edgetts/sichuan/edgetts_sichuan_zh-CN-YunxiNeural_SC-000299.wav,edgetts,sichuan,SC-000299,zh-CN-YunxiNeural,0.0316,隐蔽(难检)
data/redteam/factory/edgetts/mandarin/edgetts_mandarin_zh-CN-XiaoxiaoNeural_SC-000480.wav,edgetts,mandarin,SC-000480,zh-CN-XiaoxiaoNeural,0.0316,隐蔽(难检)
data/redteam/factory/edgetts/sichuan/edgetts_sichuan_zh-CN-YunxiNeural_SC-001386.wav,edgetts,sichuan,SC-001386,zh-CN-YunxiNeural,0.0316,隐蔽(难检)
data/redteam/factory/edgetts/sichuan/edgetts_sichuan_zh-CN-YunxiNeural_SC-001239.wav,edgetts,sichuan,SC-001239,zh-CN-YunxiNeural,0.0316,隐蔽(难检)
data/redteam/factory/edgetts/mandarin/edgetts_mandarin_zh-CN-YunjianNeural_SC-000433.wav,edgetts,mandarin,SC-000433,zh-CN-YunjianNeural,0.0316,隐蔽(难检)
data/redteam/factory/edgetts/dongbei/edgetts_dongbei_zh-CN-liaoning-XiaobeiNeural_SC-000720.wav,edgetts,dongbei,SC-000720,zh-CN-liaoning-XiaobeiNeural,0.0316,隐蔽(难检)
data/redteam/factory/sovits_api/mandarin/sovits_api_mandarin_ref_boot_edgetts_mandarin_zh-CN-YunxiNeural_SC-000007_seg8s_SC-000089.wav,sovits_api,mandarin,SC-000089,ref_boot_edgetts_mandarin_zh-CN-YunxiNeural_SC-000007_seg8s,0.0316,隐蔽(难检)
data/redteam/factory/edgetts/dongbei/edgetts_dongbei_zh-CN-liaoning-XiaobeiNeural_SC-001211.wav,edgetts,dongbei,SC-001211,zh-CN-liaoning-XiaobeiNeural,0.0317,隐蔽(难检)
data/redteam/factory/edgetts/mandarin/edgetts_mandarin_zh-CN-YunyangNeural_SC-000359.wav,edgetts,mandarin,SC-000359,zh-CN-YunyangNeural,0.0317,隐蔽(难检)
data/redteam/factory/sovits_api/minnan/sovits_api_minnan_ref_boot_edgetts_minnan_zh-TW-HsiaoChenNeural_SC-000001_SC-000156.wav,sovits_api,minnan,SC-000156,ref_boot_edgetts_minnan_zh-TW-HsiaoChenNeural_SC-000001,0.0317,隐蔽(难检)
data/redteam/factory/edgetts/sichuan/edgetts_sichuan_zh-CN-YunxiNeural_SC-001328.wav,edgetts,sichuan,SC-001328,zh-CN-YunxiNeural,0.0318,隐蔽(难检)
data/redteam/factory/edgetts/cantonese/edgetts_cantonese_zh-HK-WanLungNeural_SC-000625.wav,edgetts,cantonese,SC-000625,zh-HK-WanLungNeural,0.0318,隐蔽(难检)
data/redteam/factory/edgetts/mandarin/edgetts_mandarin_zh-CN-YunxiNeural_SC-000098.wav,edgetts,mandarin,SC-000098,zh-CN-YunxiNeural,0.0319,隐蔽(难检)
data/redteam/factory/edgetts/mandarin/edgetts_mandarin_zh-CN-XiaoxiaoNeural_SC-000194.wav,edgetts,mandarin,SC-000194,zh-CN-XiaoxiaoNeural,0.0319,隐蔽(难检)
data/redteam/factory/edgetts/mandarin/edgetts_mandarin_zh-CN-YunjianNeural_SC-000324.wav,edgetts,mandarin,SC-000324,zh-CN-YunjianNeural,0.0319,隐蔽(难检)
data/redteam/factory/edgetts/mandarin/edgetts_mandarin_zh-CN-YunjianNeural_SC-000461.wav,edgetts,mandarin,SC-000461,zh-CN-YunjianNeural,0.0319,隐蔽(难检)
data/redteam/factory/edgetts/sichuan/edgetts_sichuan_zh-CN-XiaoxiaoNeural_SC-001558.wav,edgetts,sichuan,SC-001558,zh-CN-XiaoxiaoNeural,0.0319,隐蔽(难检)
data/redteam/factory/edgetts/mandarin/edgetts_mandarin_zh-CN-XiaoxiaoNeural_SC-000002.wav,edgetts,mandarin,SC-000002,zh-CN-XiaoxiaoNeural,0.032,隐蔽(难检)
data/redteam/factory/edgetts/sichuan/edgetts_sichuan_zh-CN-XiaoxiaoNeural_SC-000002.wav,edgetts,sichuan,SC-000002,zh-CN-XiaoxiaoNeural,0.032,隐蔽(难检)
data/redteam/factory/edgetts/mandarin/edgetts_mandarin_zh-CN-XiaoxiaoNeural_SC-000074.wav,edgetts,mandarin,SC-000074,zh-CN-XiaoxiaoNeural,0.032,隐蔽(难检)
data/redteam/factory/edgetts/sichuan/edgetts_sichuan_zh-CN-XiaoxiaoNeural_SC-000627.wav,edgetts,sichuan,SC-000627,zh-CN-XiaoxiaoNeural,0.032,隐蔽(难检)
data/redteam/factory/sovits_api/mandarin/sovits_api_mandarin_ref_boot_edgetts_mandarin_zh-CN-YunxiNeural_SC-000007_seg8s_SC-000065.wav,sovits_api,mandarin,SC-000065,ref_boot_edgetts_mandarin_zh-CN-YunxiNeural_SC-000007_seg8s,0.032,隐蔽(难检)
data/redteam/factory/edgetts/henan/edgetts_henan_zh-CN-shaanxi-XiaoniNeural_SC-001284.wav,edgetts,henan,SC-001284,zh-CN-shaanxi-XiaoniNeural,0.0321,隐蔽(难检)
data/redteam/factory/edgetts/mandarin/edgetts_mandarin_zh-CN-YunxiNeural_SC-000485.wav,edgetts,mandarin,SC-000485,zh-CN-YunxiNeural,0.0321,隐蔽(难检)
data/redteam/factory/edgetts/cantonese/edgetts_cantonese_zh-HK-WanLungNeural_SC-000011.wav,edgetts,cantonese,SC-000011,zh-HK-WanLungNeural,0.0322,隐蔽(难检)
data/redteam/factory/edgetts/mandarin/edgetts_mandarin_zh-CN-XiaoxiaoNeural_SC-000095.wav,edgetts,mandarin,SC-000095,zh-CN-XiaoxiaoNeural,0.0322,隐蔽(难检)
data/redteam/factory/edgetts/mandarin/edgetts_mandarin_zh-CN-YunyangNeural_SC-000253.wav,edgetts,mandarin,SC-000253,zh-CN-YunyangNeural,0.0322,隐蔽(难检)
data/redteam/factory/edgetts/mandarin/edgetts_mandarin_zh-CN-YunjianNeural_SC-000514.wav,edgetts,mandarin,SC-000514,zh-CN-YunjianNeural,0.0322,隐蔽(难检)
data/redteam/factory/edgetts/cantonese/edgetts_cantonese_zh-HK-WanLungNeural_SC-000008.wav,edgetts,cantonese,SC-000008,zh-HK-WanLungNeural,0.0323,隐蔽(难检)
data/redteam/factory/edgetts/cantonese/edgetts_cantonese_zh-HK-WanLungNeural_SC-001565.wav,edgetts,cantonese,SC-001565,zh-HK-WanLungNeural,0.0323,隐蔽(难检)
data/redteam/factory/edgetts/mandarin/edgetts_mandarin_zh-CN-YunjianNeural_SC-000452.wav,edgetts,mandarin,SC-000452,zh-CN-YunjianNeural,0.0323,隐蔽(难检)
data/redteam/factory/edgetts/sichuan/edgetts_sichuan_zh-CN-YunxiNeural_SC-000373.wav,edgetts,sichuan,SC-000373,zh-CN-YunxiNeural,0.0323,隐蔽(难检)
data/redteam/factory/edgetts/mandarin/edgetts_mandarin_zh-CN-YunxiNeural_SC-000175.wav,edgetts,mandarin,SC-000175,zh-CN-YunxiNeural,0.0323,隐蔽(难检)
data/redteam/factory/sovits_api/mandarin/sovits_api_mandarin_ref_boot_edgetts_mandarin_zh-CN-YunjianNeural_SC-000007_seg8s_SC-000095.wav,sovits_api,mandarin,SC-000095,ref_boot_edgetts_mandarin_zh-CN-YunjianNeural_SC-000007_seg8s,0.0323,隐蔽(难检)
data/redteam/factory/edgetts/mandarin/edgetts_mandarin_zh-CN-YunyangNeural_SC-000181.wav,edgetts,mandarin,SC-000181,zh-CN-YunyangNeural,0.0324,隐蔽(难检)
data/redteam/factory/edgetts/sichuan/edgetts_sichuan_zh-CN-YunxiNeural_SC-000722.wav,edgetts,sichuan,SC-000722,zh-CN-YunxiNeural,0.0324,隐蔽(难检)
data/redteam/factory/edgetts/sichuan/edgetts_sichuan_zh-CN-XiaoxiaoNeural_SC-000390.wav,edgetts,sichuan,SC-000390,zh-CN-XiaoxiaoNeural,0.0324,隐蔽(难检)
data/redteam/factory/edgetts/cantonese/edgetts_cantonese_zh-HK-WanLungNeural_SC-000686.wav,edgetts,cantonese,SC-000686,zh-HK-WanLungNeural,0.0324,隐蔽(难检)
data/redteam/factory/edgetts/cantonese/edgetts_cantonese_zh-HK-WanLungNeural_SC-001498.wav,edgetts,cantonese,SC-001498,zh-HK-WanLungNeural,0.0324,隐蔽(难检)
data/redteam/factory/edgetts/sichuan/edgetts_sichuan_zh-CN-XiaoxiaoNeural_SC-000724.wav,edgetts,sichuan,SC-000724,zh-CN-XiaoxiaoNeural,0.0325,隐蔽(难检)
data/redteam/factory/edgetts/sichuan/edgetts_sichuan_zh-CN-YunxiNeural_SC-001511.wav,edgetts,sichuan,SC-001511,zh-CN-YunxiNeural,0.0326,隐蔽(难检)
data/redteam/factory/edgetts/sichuan/edgetts_sichuan_zh-CN-YunxiNeural_SC-000384.wav,edgetts,sichuan,SC-000384,zh-CN-YunxiNeural,0.0326,隐蔽(难检)
data/redteam/factory/edgetts/mandarin/edgetts_mandarin_zh-CN-XiaoxiaoNeural_SC-000511.wav,edgetts,mandarin,SC-000511,zh-CN-XiaoxiaoNeural,0.0326,隐蔽(难检)
data/redteam/factory/sovits_api/mandarin/sovits_api_mandarin_ref_boot_edgetts_mandarin_zh-CN-YunjianNeural_SC-000007_seg8s_SC-000036.wav,sovits_api,mandarin,SC-000036,ref_boot_edgetts_mandarin_zh-CN-YunjianNeural_SC-000007_seg8s,0.0326,隐蔽(难检)
data/redteam/factory/sovits_api/mandarin/sovits_api_mandarin_ref_boot_edgetts_mandarin_zh-CN-YunxiNeural_SC-000007_seg8s_SC-000096.wav,sovits_api,mandarin,SC-000096,ref_boot_edgetts_mandarin_zh-CN-YunxiNeural_SC-000007_seg8s,0.0326,隐蔽(难检)
data/redteam/factory/edgetts/cantonese/edgetts_cantonese_zh-HK-WanLungNeural_SC-000329.wav,edgetts,cantonese,SC-000329,zh-HK-WanLungNeural,0.0327,隐蔽(难检)
data/redteam/factory/edgetts/mandarin/edgetts_mandarin_zh-CN-YunyangNeural_SC-000180.wav,edgetts,mandarin,SC-000180,zh-CN-YunyangNeural,0.0327,隐蔽(难检)
data/redteam/factory/edgetts/henan/edgetts_henan_zh-CN-shaanxi-XiaoniNeural_SC-000562.wav,edgetts,henan,SC-000562,zh-CN-shaanxi-XiaoniNeural,0.0327,隐蔽(难检)
data/redteam/factory/sovits_api/mandarin/sovits_api_mandarin_ref_boot_edgetts_mandarin_zh-CN-YunjianNeural_SC-000007_seg8s_SC-000007.wav,sovits_api,mandarin,SC-000007,ref_boot_edgetts_mandarin_zh-CN-YunjianNeural_SC-000007_seg8s,0.0327,隐蔽(难检)
data/redteam/factory/sovits_api/mandarin/sovits_api_mandarin_ref_boot_edgetts_mandarin_zh-CN-YunxiNeural_SC-000007_seg8s_SC-000012.wav,sovits_api,mandarin,SC-000012,ref_boot_edgetts_mandarin_zh-CN-YunxiNeural_SC-000007_seg8s,0.0327,隐蔽(难检)
data/redteam/factory/sovits_api/cantonese/sovits_api_cantonese_ref_boot_edgetts_cantonese_zh-HK-WanLungNeural_SC-000005_seg8s_SC-000131.wav,sovits_api,cantonese,SC-000131,ref_boot_edgetts_cantonese_zh-HK-WanLungNeural_SC-000005_seg8s,0.0327,隐蔽(难检)
data/redteam/factory/sovits_api/cantonese/sovits_api_cantonese_ref_boot_edgetts_cantonese_zh-HK-WanLungNeural_SC-000005_seg8s_SC-000285.wav,sovits_api,cantonese,SC-000285,ref_boot_edgetts_cantonese_zh-HK-WanLungNeural_SC-000005_seg8s,0.0327,隐蔽(难检)
data/redteam/factory/edgetts/minnan/edgetts_minnan_zh-TW-HsiaoChenNeural_SC-000017.wav,edgetts,minnan,SC-000017,zh-TW-HsiaoChenNeural,0.0329,隐蔽(难检)
data/redteam/factory/edgetts/mandarin/edgetts_mandarin_zh-CN-XiaoxiaoNeural_SC-000431.wav,edgetts,mandarin,SC-000431,zh-CN-XiaoxiaoNeural,0.0329,隐蔽(难检)
data/redteam/factory/edgetts/henan/edgetts_henan_zh-CN-shaanxi-XiaoniNeural_SC-000430.wav,edgetts,henan,SC-000430,zh-CN-shaanxi-XiaoniNeural,0.0329,隐蔽(难检)
data/redteam/factory/edgetts/cantonese/edgetts_cantonese_zh-HK-WanLungNeural_SC-000005.wav,edgetts,cantonese,SC-000005,zh-HK-WanLungNeural,0.033,隐蔽(难检)
data/redteam/factory/edgetts/cantonese/edgetts_cantonese_zh-HK-WanLungNeural_SC-000018.wav,edgetts,cantonese,SC-000018,zh-HK-WanLungNeural,0.0331,隐蔽(难检)
data/redteam/factory/edgetts/mandarin/edgetts_mandarin_zh-CN-YunyangNeural_SC-000035.wav,edgetts,mandarin,SC-000035,zh-CN-YunyangNeural,0.0331,隐蔽(难检)
data/redteam/factory/edgetts/cantonese/edgetts_cantonese_zh-HK-WanLungNeural_SC-000116.wav,edgetts,cantonese,SC-000116,zh-HK-WanLungNeural,0.0331,隐蔽(难检)
data/redteam/factory/edgetts/mandarin/edgetts_mandarin_zh-CN-YunyangNeural_SC-000327.wav,edgetts,mandarin,SC-000327,zh-CN-YunyangNeural,0.0331,隐蔽(难检)
data/redteam/factory/edgetts/sichuan/edgetts_sichuan_zh-CN-YunxiNeural_SC-001104.wav,edgetts,sichuan,SC-001104,zh-CN-YunxiNeural,0.0331,隐蔽(难检)
data/redteam/factory/edgetts/cantonese/edgetts_cantonese_zh-HK-WanLungNeural_SC-001471.wav,edgetts,cantonese,SC-001471,zh-HK-WanLungNeural,0.0331,隐蔽(难检)
data/redteam/factory/edgetts/mandarin/edgetts_mandarin_zh-CN-YunxiNeural_SC-000189.wav,edgetts,mandarin,SC-000189,zh-CN-YunxiNeural,0.0331,隐蔽(难检)
data/redteam/factory/edgetts/mandarin/edgetts_mandarin_zh-CN-XiaoxiaoNeural_SC-000166.wav,edgetts,mandarin,SC-000166,zh-CN-XiaoxiaoNeural,0.0332,隐蔽(难检)
data/redteam/factory/edgetts/dongbei/edgetts_dongbei_zh-CN-liaoning-XiaobeiNeural_SC-001662.wav,edgetts,dongbei,SC-001662,zh-CN-liaoning-XiaobeiNeural,0.0332,隐蔽(难检)
data/redteam/factory/edgetts/mandarin/edgetts_mandarin_zh-CN-YunjianNeural_SC-000340.wav,edgetts,mandarin,SC-000340,zh-CN-YunjianNeural,0.0332,隐蔽(难检)
data/redteam/factory/edgetts/cantonese/edgetts_cantonese_zh-HK-WanLungNeural_SC-000690.wav,edgetts,cantonese,SC-000690,zh-HK-WanLungNeural,0.0332,隐蔽(难检)
data/redteam/factory/edgetts/mandarin/edgetts_mandarin_zh-CN-YunjianNeural_SC-000136.wav,edgetts,mandarin,SC-000136,zh-CN-YunjianNeural,0.0332,隐蔽(难检)
data/redteam/factory/edgetts/mandarin/edgetts_mandarin_zh-CN-YunyangNeural_SC-000444.wav,edgetts,mandarin,SC-000444,zh-CN-YunyangNeural,0.0333,隐蔽(难检)
data/redteam/factory/edgetts/mandarin/edgetts_mandarin_zh-CN-XiaoxiaoNeural_SC-000449.wav,edgetts,mandarin,SC-000449,zh-CN-XiaoxiaoNeural,0.0333,隐蔽(难检)
data/redteam/factory/edgetts/mandarin/edgetts_mandarin_zh-CN-YunxiNeural_SC-000335.wav,edgetts,mandarin,SC-000335,zh-CN-YunxiNeural,0.0333,隐蔽(难检)
data/redteam/factory/edgetts/sichuan/edgetts_sichuan_zh-CN-XiaoxiaoNeural_SC-001127.wav,edgetts,sichuan,SC-001127,zh-CN-XiaoxiaoNeural,0.0333,隐蔽(难检)
data/redteam/factory/edgetts/mandarin/edgetts_mandarin_zh-CN-XiaoxiaoNeural_SC-000486.wav,edgetts,mandarin,SC-000486,zh-CN-XiaoxiaoNeural,0.0333,隐蔽(难检)
data/redteam/factory/edgetts/sichuan/edgetts_sichuan_zh-CN-YunxiNeural_SC-001557.wav,edgetts,sichuan,SC-001557,zh-CN-YunxiNeural,0.0333,隐蔽(难检)
data/redteam/factory/sovits_api/sichuan/sovits_api_sichuan_ref_boot_edgetts_sichuan_zh-CN-XiaoxiaoNeural_SC-000010_SC-000165.wav,sovits_api,sichuan,SC-000165,ref_boot_edgetts_sichuan_zh-CN-XiaoxiaoNeural_SC-000010,0.0333,隐蔽(难检)
data/redteam/factory/edgetts/cantonese/edgetts_cantonese_zh-HK-WanLungNeural_SC-000002.wav,edgetts,cantonese,SC-000002,zh-HK-WanLungNeural,0.0334,隐蔽(难检)
data/redteam/factory/edgetts/cantonese/edgetts_cantonese_zh-HK-WanLungNeural_SC-001508.wav,edgetts,cantonese,SC-001508,zh-HK-WanLungNeural,0.0334,隐蔽(难检)
data/redteam/factory/edgetts/mandarin/edgetts_mandarin_zh-CN-YunxiNeural_SC-000468.wav,edgetts,mandarin,SC-000468,zh-CN-YunxiNeural,0.0334,隐蔽(难检)
data/redteam/factory/edgetts/mandarin/edgetts_mandarin_zh-CN-YunjianNeural_SC-000129.wav,edgetts,mandarin,SC-000129,zh-CN-YunjianNeural,0.0334,隐蔽(难检)
data/redteam/factory/edgetts/mandarin/edgetts_mandarin_zh-CN-XiaoxiaoNeural_SC-000227.wav,edgetts,mandarin,SC-000227,zh-CN-XiaoxiaoNeural,0.0334,隐蔽(难检)
data/redteam/factory/edgetts/henan/edgetts_henan_zh-CN-shaanxi-XiaoniNeural_SC-001425.wav,edgetts,henan,SC-001425,zh-CN-shaanxi-XiaoniNeural,0.0334,隐蔽(难检)
data/redteam/factory/edgetts/mandarin/edgetts_mandarin_zh-CN-YunjianNeural_SC-000440.wav,edgetts,mandarin,SC-000440,zh-CN-YunjianNeural,0.0334,隐蔽(难检)
data/redteam/factory/sovits_api/cantonese/sovits_api_cantonese_ref_boot_edgetts_cantonese_zh-HK-WanLungNeural_SC-000005_seg8s_SC-000277.wav,sovits_api,cantonese,SC-000277,ref_boot_edgetts_cantonese_zh-HK-WanLungNeural_SC-000005_seg8s,0.0334,隐蔽(难检)
data/redteam/factory/edgetts/cantonese/edgetts_cantonese_zh-HK-WanLungNeural_SC-001445.wav,edgetts,cantonese,SC-001445,zh-HK-WanLungNeural,0.0335,隐蔽(难检)
data/redteam/factory/sovits_api/minnan/sovits_api_minnan_ref_boot_edgetts_minnan_zh-TW-YunJheNeural_SC-000001_SC-000020.wav,sovits_api,minnan,SC-000020,ref_boot_edgetts_minnan_zh-TW-YunJheNeural_SC-000001,0.0335,隐蔽(难检)
data/redteam/factory/edgetts/dongbei/edgetts_dongbei_zh-CN-liaoning-XiaobeiNeural_SC-000028.wav,edgetts,dongbei,SC-000028,zh-CN-liaoning-XiaobeiNeural,0.0336,隐蔽(难检)
data/redteam/factory/edgetts/sichuan/edgetts_sichuan_zh-CN-XiaoxiaoNeural_SC-001172.wav,edgetts,sichuan,SC-001172,zh-CN-XiaoxiaoNeural,0.0336,隐蔽(难检)
data/redteam/factory/edgetts/mandarin/edgetts_mandarin_zh-CN-YunjianNeural_SC-000184.wav,edgetts,mandarin,SC-000184,zh-CN-YunjianNeural,0.0336,隐蔽(难检)
data/redteam/factory/edgetts/mandarin/edgetts_mandarin_zh-CN-YunxiNeural_SC-000359.wav,edgetts,mandarin,SC-000359,zh-CN-YunxiNeural,0.0336,隐蔽(难检)
data/redteam/factory/sovits_api/cantonese/sovits_api_cantonese_ref_boot_edgetts_cantonese_zh-HK-HiuMaanNeural_SC-000005_seg8s_SC-000245.wav,sovits_api,cantonese,SC-000245,ref_boot_edgetts_cantonese_zh-HK-HiuMaanNeural_SC-000005_seg8s,0.0336,隐蔽(难检)
data/redteam/factory/edgetts/mandarin/edgetts_mandarin_zh-CN-YunyangNeural_SC-000037.wav,edgetts,mandarin,SC-000037,zh-CN-YunyangNeural,0.0337,隐蔽(难检)
data/redteam/factory/edgetts/dongbei/edgetts_dongbei_zh-CN-liaoning-XiaobeiNeural_SC-000154.wav,edgetts,dongbei,SC-000154,zh-CN-liaoning-XiaobeiNeural,0.0337,隐蔽(难检)
data/redteam/factory/edgetts/cantonese/edgetts_cantonese_zh-HK-WanLungNeural_SC-000942.wav,edgetts,cantonese,SC-000942,zh-HK-WanLungNeural,0.0337,隐蔽(难检)
data/redteam/factory/edgetts/mandarin/edgetts_mandarin_zh-CN-YunxiNeural_SC-000304.wav,edgetts,mandarin,SC-000304,zh-CN-YunxiNeural,0.0337,隐蔽(难检)
data/redteam/factory/sovits_api/mandarin/sovits_api_mandarin_ref_boot_edgetts_mandarin_zh-CN-XiaoxiaoNeural_SC-000007_seg8s_SC-000037.wav,sovits_api,mandarin,SC-000037,ref_boot_edgetts_mandarin_zh-CN-XiaoxiaoNeural_SC-000007_seg8s,0.0337,隐蔽(难检)
data/redteam/factory/sovits_api/cantonese/sovits_api_cantonese_ref_boot_edgetts_cantonese_zh-HK-WanLungNeural_SC-000005_seg8s_SC-000228.wav,sovits_api,cantonese,SC-000228,ref_boot_edgetts_cantonese_zh-HK-WanLungNeural_SC-000005_seg8s,0.0337,隐蔽(难检)
data/redteam/factory/edgetts/mandarin/edgetts_mandarin_zh-CN-YunjianNeural_SC-000058.wav,edgetts,mandarin,SC-000058,zh-CN-YunjianNeural,0.0338,隐蔽(难检)
data/redteam/factory/edgetts/dongbei/edgetts_dongbei_zh-CN-liaoning-XiaobeiNeural_SC-000174.wav,edgetts,dongbei,SC-000174,zh-CN-liaoning-XiaobeiNeural,0.0338,隐蔽(难检)
data/redteam/factory/edgetts/mandarin/edgetts_mandarin_zh-CN-YunxiNeural_SC-000286.wav,edgetts,mandarin,SC-000286,zh-CN-YunxiNeural,0.0338,隐蔽(难检)
data/redteam/factory/edgetts/sichuan/edgetts_sichuan_zh-CN-YunxiNeural_SC-000576.wav,edgetts,sichuan,SC-000576,zh-CN-YunxiNeural,0.0338,隐蔽(难检)
data/redteam/factory/sovits_api/mandarin/sovits_api_mandarin_ref_boot_edgetts_mandarin_zh-CN-YunxiNeural_SC-000007_seg8s_SC-000046.wav,sovits_api,mandarin,SC-000046,ref_boot_edgetts_mandarin_zh-CN-YunxiNeural_SC-000007_seg8s,0.0338,隐蔽(难检)
data/redteam/factory/sovits_api/sichuan/sovits_api_sichuan_ref_boot_edgetts_sichuan_zh-CN-YunxiNeural_SC-000010_SC-000222.wav,sovits_api,sichuan,SC-000222,ref_boot_edgetts_sichuan_zh-CN-YunxiNeural_SC-000010,0.0338,隐蔽(难检)
data/redteam/factory/sovits_api/sichuan/sovits_api_sichuan_ref_boot_edgetts_sichuan_zh-CN-YunxiNeural_SC-000010_SC-000266.wav,sovits_api,sichuan,SC-000266,ref_boot_edgetts_sichuan_zh-CN-YunxiNeural_SC-000010,0.0338,隐蔽(难检)
data/redteam/factory/edgetts/sichuan/edgetts_sichuan_zh-CN-YunxiNeural_SC-001116.wav,edgetts,sichuan,SC-001116,zh-CN-YunxiNeural,0.0339,隐蔽(难检)
data/redteam/factory/edgetts/henan/edgetts_henan_zh-CN-shaanxi-XiaoniNeural_SC-001424.wav,edgetts,henan,SC-001424,zh-CN-shaanxi-XiaoniNeural,0.0339,隐蔽(难检)
data/redteam/factory/edgetts/mandarin/edgetts_mandarin_zh-CN-YunxiNeural_SC-000104.wav,edgetts,mandarin,SC-000104,zh-CN-YunxiNeural,0.034,隐蔽(难检)
data/redteam/factory/edgetts/sichuan/edgetts_sichuan_zh-CN-YunxiNeural_SC-001249.wav,edgetts,sichuan,SC-001249,zh-CN-YunxiNeural,0.034,隐蔽(难检)
data/redteam/factory/edgetts/mandarin/edgetts_mandarin_zh-CN-YunjianNeural_SC-000133.wav,edgetts,mandarin,SC-000133,zh-CN-YunjianNeural,0.034,隐蔽(难检)
data/redteam/factory/edgetts/cantonese/edgetts_cantonese_zh-HK-WanLungNeural_SC-000886.wav,edgetts,cantonese,SC-000886,zh-HK-WanLungNeural,0.034,隐蔽(难检)
data/redteam/factory/edgetts/mandarin/edgetts_mandarin_zh-CN-XiaoxiaoNeural_SC-000308.wav,edgetts,mandarin,SC-000308,zh-CN-XiaoxiaoNeural,0.034,隐蔽(难检)
data/redteam/factory/edgetts/mandarin/edgetts_mandarin_zh-CN-YunxiNeural_SC-000097.wav,edgetts,mandarin,SC-000097,zh-CN-YunxiNeural,0.0341,隐蔽(难检)
data/redteam/factory/edgetts/mandarin/edgetts_mandarin_zh-CN-YunxiNeural_SC-000470.wav,edgetts,mandarin,SC-000470,zh-CN-YunxiNeural,0.0341,隐蔽(难检)
data/redteam/factory/edgetts/cantonese/edgetts_cantonese_zh-HK-WanLungNeural_SC-001489.wav,edgetts,cantonese,SC-001489,zh-HK-WanLungNeural,0.0341,隐蔽(难检)
data/redteam/factory/edgetts/mandarin/edgetts_mandarin_zh-CN-YunxiNeural_SC-000159.wav,edgetts,mandarin,SC-000159,zh-CN-YunxiNeural,0.0341,隐蔽(难检)
data/redteam/factory/edgetts/sichuan/edgetts_sichuan_zh-CN-XiaoxiaoNeural_SC-001314.wav,edgetts,sichuan,SC-001314,zh-CN-XiaoxiaoNeural,0.0341,隐蔽(难检)
data/redteam/factory/sovits_api/sichuan/sovits_api_sichuan_ref_boot_edgetts_sichuan_zh-CN-XiaoxiaoNeural_SC-000010_SC-000042.wav,sovits_api,sichuan,SC-000042,ref_boot_edgetts_sichuan_zh-CN-XiaoxiaoNeural_SC-000010,0.0341,隐蔽(难检)
data/redteam/factory/edgetts/mandarin/edgetts_mandarin_zh-CN-XiaoxiaoNeural_SC-000453.wav,edgetts,mandarin,SC-000453,zh-CN-XiaoxiaoNeural,0.0342,隐蔽(难检)
data/redteam/factory/edgetts/cantonese/edgetts_cantonese_zh-HK-WanLungNeural_SC-001555.wav,edgetts,cantonese,SC-001555,zh-HK-WanLungNeural,0.0342,隐蔽(难检)
data/redteam/factory/edgetts/mandarin/edgetts_mandarin_zh-CN-YunxiNeural_SC-000034.wav,edgetts,mandarin,SC-000034,zh-CN-YunxiNeural,0.0343,隐蔽(难检)
data/redteam/factory/edgetts/sichuan/edgetts_sichuan_zh-CN-XiaoxiaoNeural_SC-000251.wav,edgetts,sichuan,SC-000251,zh-CN-XiaoxiaoNeural,0.0343,隐蔽(难检)
data/redteam/factory/edgetts/mandarin/edgetts_mandarin_zh-CN-XiaoxiaoNeural_SC-000185.wav,edgetts,mandarin,SC-000185,zh-CN-XiaoxiaoNeural,0.0343,隐蔽(难检)
data/redteam/factory/edgetts/cantonese/edgetts_cantonese_zh-HK-WanLungNeural_SC-001069.wav,edgetts,cantonese,SC-001069,zh-HK-WanLungNeural,0.0343,隐蔽(难检)
data/redteam/factory/edgetts/mandarin/edgetts_mandarin_zh-CN-YunxiNeural_SC-000488.wav,edgetts,mandarin,SC-000488,zh-CN-YunxiNeural,0.0343,隐蔽(难检)
data/redteam/factory/edgetts/mandarin/edgetts_mandarin_zh-CN-YunyangNeural_SC-000135.wav,edgetts,mandarin,SC-000135,zh-CN-YunyangNeural,0.0343,隐蔽(难检)
data/redteam/factory/edgetts/mandarin/edgetts_mandarin_zh-CN-YunyangNeural_SC-000493.wav,edgetts,mandarin,SC-000493,zh-CN-YunyangNeural,0.0343,隐蔽(难检)
data/redteam/factory/edgetts/dongbei/edgetts_dongbei_zh-CN-liaoning-XiaobeiNeural_SC-001086.wav,edgetts,dongbei,SC-001086,zh-CN-liaoning-XiaobeiNeural,0.0343,隐蔽(难检)
data/redteam/factory/sovits_api/sichuan/sovits_api_sichuan_ref_boot_edgetts_sichuan_zh-CN-YunxiNeural_SC-000010_SC-000029.wav,sovits_api,sichuan,SC-000029,ref_boot_edgetts_sichuan_zh-CN-YunxiNeural_SC-000010,0.0343,隐蔽(难检)
data/redteam/factory/edgetts/mandarin/edgetts_mandarin_zh-CN-YunyangNeural_SC-000002.wav,edgetts,mandarin,SC-000002,zh-CN-YunyangNeural,0.0344,隐蔽(难检)
data/redteam/factory/edgetts/dongbei/edgetts_dongbei_zh-CN-liaoning-XiaobeiNeural_SC-000009.wav,edgetts,dongbei,SC-000009,zh-CN-liaoning-XiaobeiNeural,0.0344,隐蔽(难检)
data/redteam/factory/edgetts/mandarin/edgetts_mandarin_zh-CN-YunjianNeural_SC-000035.wav,edgetts,mandarin,SC-000035,zh-CN-YunjianNeural,0.0344,隐蔽(难检)
data/redteam/factory/edgetts/sichuan/edgetts_sichuan_zh-CN-YunxiNeural_SC-000724.wav,edgetts,sichuan,SC-000724,zh-CN-YunxiNeural,0.0344,隐蔽(难检)
data/redteam/factory/edgetts/henan/edgetts_henan_zh-CN-shaanxi-XiaoniNeural_SC-001316.wav,edgetts,henan,SC-001316,zh-CN-shaanxi-XiaoniNeural,0.0344,隐蔽(难检)
data/redteam/factory/edgetts/henan/edgetts_henan_zh-CN-shaanxi-XiaoniNeural_SC-001381.wav,edgetts,henan,SC-001381,zh-CN-shaanxi-XiaoniNeural,0.0345,隐蔽(难检)
data/redteam/factory/edgetts/henan/edgetts_henan_zh-CN-shaanxi-XiaoniNeural_SC-001550.wav,edgetts,henan,SC-001550,zh-CN-shaanxi-XiaoniNeural,0.0345,隐蔽(难检)
data/redteam/factory/edgetts/cantonese/edgetts_cantonese_zh-HK-WanLungNeural_SC-000561.wav,edgetts,cantonese,SC-000561,zh-HK-WanLungNeural,0.0345,隐蔽(难检)
data/redteam/factory/edgetts/mandarin/edgetts_mandarin_zh-CN-XiaoxiaoNeural_SC-000097.wav,edgetts,mandarin,SC-000097,zh-CN-XiaoxiaoNeural,0.0346,隐蔽(难检)
data/redteam/factory/edgetts/mandarin/edgetts_mandarin_zh-CN-YunjianNeural_SC-000497.wav,edgetts,mandarin,SC-000497,zh-CN-YunjianNeural,0.0346,隐蔽(难检)
data/redteam/factory/edgetts/mandarin/edgetts_mandarin_zh-CN-YunyangNeural_SC-000497.wav,edgetts,mandarin,SC-000497,zh-CN-YunyangNeural,0.0346,隐蔽(难检)
data/redteam/factory/edgetts/mandarin/edgetts_mandarin_zh-CN-YunxiNeural_SC-000290.wav,edgetts,mandarin,SC-000290,zh-CN-YunxiNeural,0.0346,隐蔽(难检)
data/redteam/factory/edgetts/mandarin/edgetts_mandarin_zh-CN-YunyangNeural_SC-000158.wav,edgetts,mandarin,SC-000158,zh-CN-YunyangNeural,0.0346,隐蔽(难检)
data/redteam/factory/edgetts/sichuan/edgetts_sichuan_zh-CN-YunxiNeural_SC-001252.wav,edgetts,sichuan,SC-001252,zh-CN-YunxiNeural,0.0347,隐蔽(难检)
data/redteam/factory/sovits_api/sichuan/sovits_api_sichuan_ref_boot_edgetts_sichuan_zh-CN-XiaoxiaoNeural_SC-000010_SC-000215.wav,sovits_api,sichuan,SC-000215,ref_boot_edgetts_sichuan_zh-CN-XiaoxiaoNeural_SC-000010,0.0347,隐蔽(难检)
data/redteam/factory/sovits_api/cantonese/sovits_api_cantonese_ref_boot_edgetts_cantonese_zh-HK-WanLungNeural_SC-000005_seg8s_SC-000052.wav,sovits_api,cantonese,SC-000052,ref_boot_edgetts_cantonese_zh-HK-WanLungNeural_SC-000005_seg8s,0.0347,隐蔽(难检)
data/redteam/factory/edgetts/cantonese/edgetts_cantonese_zh-HK-WanLungNeural_SC-000798.wav,edgetts,cantonese,SC-000798,zh-HK-WanLungNeural,0.0348,隐蔽(难检)
data/redteam/factory/edgetts/mandarin/edgetts_mandarin_zh-CN-YunyangNeural_SC-000340.wav,edgetts,mandarin,SC-000340,zh-CN-YunyangNeural,0.0348,隐蔽(难检)
data/redteam/factory/edgetts/sichuan/edgetts_sichuan_zh-CN-XiaoxiaoNeural_SC-000552.wav,edgetts,sichuan,SC-000552,zh-CN-XiaoxiaoNeural,0.0348,隐蔽(难检)
data/redteam/factory/sovits_api/mandarin/sovits_api_mandarin_ref_boot_edgetts_mandarin_zh-CN-YunjianNeural_SC-000007_seg8s_SC-000096.wav,sovits_api,mandarin,SC-000096,ref_boot_edgetts_mandarin_zh-CN-YunjianNeural_SC-000007_seg8s,0.0348,隐蔽(难检)
data/redteam/factory/edgetts/mandarin/edgetts_mandarin_zh-CN-YunyangNeural_SC-000050.wav,edgetts,mandarin,SC-000050,zh-CN-YunyangNeural,0.0349,隐蔽(难检)
data/redteam/factory/edgetts/mandarin/edgetts_mandarin_zh-CN-YunjianNeural_SC-000327.wav,edgetts,mandarin,SC-000327,zh-CN-YunjianNeural,0.0349,隐蔽(难检)
data/redteam/factory/edgetts/cantonese/edgetts_cantonese_zh-HK-WanLungNeural_SC-001059.wav,edgetts,cantonese,SC-001059,zh-HK-WanLungNeural,0.0349,隐蔽(难检)
data/redteam/factory/edgetts/mandarin/edgetts_mandarin_zh-CN-YunyangNeural_SC-000241.wav,edgetts,mandarin,SC-000241,zh-CN-YunyangNeural,0.0349,隐蔽(难检)
data/redteam/factory/edgetts/cantonese/edgetts_cantonese_zh-HK-WanLungNeural_SC-000679.wav,edgetts,cantonese,SC-000679,zh-HK-WanLungNeural,0.0349,隐蔽(难检)
data/redteam/factory/edgetts/sichuan/edgetts_sichuan_zh-CN-YunxiNeural_SC-000812.wav,edgetts,sichuan,SC-000812,zh-CN-YunxiNeural,0.0349,隐蔽(难检)
data/redteam/factory/edgetts/henan/edgetts_henan_zh-CN-shaanxi-XiaoniNeural_SC-000906.wav,edgetts,henan,SC-000906,zh-CN-shaanxi-XiaoniNeural,0.0349,隐蔽(难检)
data/redteam/factory/edgetts/cantonese/edgetts_cantonese_zh-HK-WanLungNeural_SC-001623.wav,edgetts,cantonese,SC-001623,zh-HK-WanLungNeural,0.0349,隐蔽(难检)
data/redteam/factory/sovits_api/dongbei/sovits_api_dongbei_ref_boot_edgetts_dongbei_zh-CN-liaoning-XiaobeiNeural_SC-000002_seg8s_SC-000124.wav,sovits_api,dongbei,SC-000124,ref_boot_edgetts_dongbei_zh-CN-liaoning-XiaobeiNeural_SC-000002_seg8s,0.0349,隐蔽(难检)
data/redteam/factory/edgetts/mandarin/edgetts_mandarin_zh-CN-XiaoxiaoNeural_SC-000077.wav,edgetts,mandarin,SC-000077,zh-CN-XiaoxiaoNeural,0.035,隐蔽(难检)
data/redteam/factory/edgetts/mandarin/edgetts_mandarin_zh-CN-XiaoxiaoNeural_SC-000344.wav,edgetts,mandarin,SC-000344,zh-CN-XiaoxiaoNeural,0.035,隐蔽(难检)
data/redteam/factory/edgetts/cantonese/edgetts_cantonese_zh-HK-WanLungNeural_SC-001062.wav,edgetts,cantonese,SC-001062,zh-HK-WanLungNeural,0.035,隐蔽(难检)
data/redteam/factory/edgetts/mandarin/edgetts_mandarin_zh-CN-YunyangNeural_SC-000169.wav,edgetts,mandarin,SC-000169,zh-CN-YunyangNeural,0.035,隐蔽(难检)
data/redteam/factory/edgetts/sichuan/edgetts_sichuan_zh-CN-YunxiNeural_SC-001412.wav,edgetts,sichuan,SC-001412,zh-CN-YunxiNeural,0.035,隐蔽(难检)
data/redteam/factory/edgetts/henan/edgetts_henan_zh-CN-shaanxi-XiaoniNeural_SC-001368.wav,edgetts,henan,SC-001368,zh-CN-shaanxi-XiaoniNeural,0.035,隐蔽(难检)
data/redteam/factory/sovits_api/mandarin/sovits_api_mandarin_ref_boot_edgetts_mandarin_zh-CN-YunxiNeural_SC-000007_seg8s_SC-000035.wav,sovits_api,mandarin,SC-000035,ref_boot_edgetts_mandarin_zh-CN-YunxiNeural_SC-000007_seg8s,0.035,隐蔽(难检)
data/redteam/factory/edgetts/mandarin/edgetts_mandarin_zh-CN-YunxiNeural_SC-000086.wav,edgetts,mandarin,SC-000086,zh-CN-YunxiNeural,0.0351,隐蔽(难检)
data/redteam/factory/edgetts/mandarin/edgetts_mandarin_zh-CN-XiaoxiaoNeural_SC-000036.wav,edgetts,mandarin,SC-000036,zh-CN-XiaoxiaoNeural,0.0351,隐蔽(难检)
data/redteam/factory/edgetts/mandarin/edgetts_mandarin_zh-CN-YunxiNeural_SC-000397.wav,edgetts,mandarin,SC-000397,zh-CN-YunxiNeural,0.0351,隐蔽(难检)
data/redteam/factory/edgetts/cantonese/edgetts_cantonese_zh-HK-WanLungNeural_SC-001280.wav,edgetts,cantonese,SC-001280,zh-HK-WanLungNeural,0.0351,隐蔽(难检)
data/redteam/factory/edgetts/sichuan/edgetts_sichuan_zh-CN-YunxiNeural_SC-000302.wav,edgetts,sichuan,SC-000302,zh-CN-YunxiNeural,0.0352,隐蔽(难检)
data/redteam/factory/edgetts/cantonese/edgetts_cantonese_zh-HK-WanLungNeural_SC-000447.wav,edgetts,cantonese,SC-000447,zh-HK-WanLungNeural,0.0352,隐蔽(难检)
data/redteam/factory/edgetts/cantonese/edgetts_cantonese_zh-HK-WanLungNeural_SC-001046.wav,edgetts,cantonese,SC-001046,zh-HK-WanLungNeural,0.0352,隐蔽(难检)
data/redteam/factory/edgetts/mandarin/edgetts_mandarin_zh-CN-YunjianNeural_SC-000166.wav,edgetts,mandarin,SC-000166,zh-CN-YunjianNeural,0.0352,隐蔽(难检)
data/redteam/factory/edgetts/sichuan/edgetts_sichuan_zh-CN-XiaoxiaoNeural_SC-001239.wav,edgetts,sichuan,SC-001239,zh-CN-XiaoxiaoNeural,0.0352,隐蔽(难检)
data/redteam/factory/edgetts/cantonese/edgetts_cantonese_zh-HK-WanLungNeural_SC-001403.wav,edgetts,cantonese,SC-001403,zh-HK-WanLungNeural,0.0352,隐蔽(难检)
data/redteam/factory/edgetts/mandarin/edgetts_mandarin_zh-CN-YunxiNeural_SC-000276.wav,edgetts,mandarin,SC-000276,zh-CN-YunxiNeural,0.0352,隐蔽(难检)
data/redteam/factory/edgetts/sichuan/edgetts_sichuan_zh-CN-XiaoxiaoNeural_SC-000901.wav,edgetts,sichuan,SC-000901,zh-CN-XiaoxiaoNeural,0.0352,隐蔽(难检)
data/redteam/factory/edgetts/sichuan/edgetts_sichuan_zh-CN-YunxiNeural_SC-001002.wav,edgetts,sichuan,SC-001002,zh-CN-YunxiNeural,0.0352,隐蔽(难检)
data/redteam/factory/edgetts/mandarin/edgetts_mandarin_zh-CN-YunyangNeural_SC-000095.wav,edgetts,mandarin,SC-000095,zh-CN-YunyangNeural,0.0353,隐蔽(难检)
data/redteam/factory/edgetts/mandarin/edgetts_mandarin_zh-CN-YunyangNeural_SC-000484.wav,edgetts,mandarin,SC-000484,zh-CN-YunyangNeural,0.0353,隐蔽(难检)
data/redteam/factory/edgetts/mandarin/edgetts_mandarin_zh-CN-YunxiNeural_SC-000019.wav,edgetts,mandarin,SC-000019,zh-CN-YunxiNeural,0.0354,隐蔽(难检)
data/redteam/factory/edgetts/sichuan/edgetts_sichuan_zh-CN-YunxiNeural_SC-000019.wav,edgetts,sichuan,SC-000019,zh-CN-YunxiNeural,0.0354,隐蔽(难检)
data/redteam/factory/edgetts/dongbei/edgetts_dongbei_zh-CN-liaoning-XiaobeiNeural_SC-001389.wav,edgetts,dongbei,SC-001389,zh-CN-liaoning-XiaobeiNeural,0.0354,隐蔽(难检)
data/redteam/factory/edgetts/sichuan/edgetts_sichuan_zh-CN-XiaoxiaoNeural_SC-001396.wav,edgetts,sichuan,SC-001396,zh-CN-XiaoxiaoNeural,0.0354,隐蔽(难检)
data/redteam/factory/edgetts/mandarin/edgetts_mandarin_zh-CN-XiaoxiaoNeural_SC-000168.wav,edgetts,mandarin,SC-000168,zh-CN-XiaoxiaoNeural,0.0355,隐蔽(难检)
data/redteam/factory/edgetts/mandarin/edgetts_mandarin_zh-CN-YunyangNeural_SC-000470.wav,edgetts,mandarin,SC-000470,zh-CN-YunyangNeural,0.0355,隐蔽(难检)
data/redteam/factory/edgetts/henan/edgetts_henan_zh-CN-shaanxi-XiaoniNeural_SC-001101.wav,edgetts,henan,SC-001101,zh-CN-shaanxi-XiaoniNeural,0.0355,隐蔽(难检)
data/redteam/factory/edgetts/dongbei/edgetts_dongbei_zh-CN-liaoning-XiaobeiNeural_SC-000658.wav,edgetts,dongbei,SC-000658,zh-CN-liaoning-XiaobeiNeural,0.0355,隐蔽(难检)
data/redteam/factory/edgetts/mandarin/edgetts_mandarin_zh-CN-YunxiNeural_SC-000360.wav,edgetts,mandarin,SC-000360,zh-CN-YunxiNeural,0.0355,隐蔽(难检)
data/redteam/factory/edgetts/sichuan/edgetts_sichuan_zh-CN-XiaoxiaoNeural_SC-001384.wav,edgetts,sichuan,SC-001384,zh-CN-XiaoxiaoNeural,0.0355,隐蔽(难检)
data/redteam/factory/edgetts/cantonese/edgetts_cantonese_zh-HK-WanLungNeural_SC-000049.wav,edgetts,cantonese,SC-000049,zh-HK-WanLungNeural,0.0356,隐蔽(难检)
data/redteam/factory/edgetts/henan/edgetts_henan_zh-CN-shaanxi-XiaoniNeural_SC-000938.wav,edgetts,henan,SC-000938,zh-CN-shaanxi-XiaoniNeural,0.0356,隐蔽(难检)
data/redteam/factory/edgetts/henan/edgetts_henan_zh-CN-shaanxi-XiaoniNeural_SC-001567.wav,edgetts,henan,SC-001567,zh-CN-shaanxi-XiaoniNeural,0.0356,隐蔽(难检)
data/redteam/factory/edgetts/mandarin/edgetts_mandarin_zh-CN-YunjianNeural_SC-000123.wav,edgetts,mandarin,SC-000123,zh-CN-YunjianNeural,0.0357,隐蔽(难检)
data/redteam/factory/edgetts/cantonese/edgetts_cantonese_zh-HK-WanLungNeural_SC-001277.wav,edgetts,cantonese,SC-001277,zh-HK-WanLungNeural,0.0357,隐蔽(难检)
data/redteam/factory/sovits_api/mandarin/sovits_api_mandarin_ref_boot_edgetts_mandarin_zh-CN-YunjianNeural_SC-000007_seg8s_SC-000044.wav,sovits_api,mandarin,SC-000044,ref_boot_edgetts_mandarin_zh-CN-YunjianNeural_SC-000007_seg8s,0.0357,隐蔽(难检)
data/redteam/factory/sovits_api/cantonese/sovits_api_cantonese_ref_boot_edgetts_cantonese_zh-HK-WanLungNeural_SC-000005_seg8s_SC-000312.wav,sovits_api,cantonese,SC-000312,ref_boot_edgetts_cantonese_zh-HK-WanLungNeural_SC-000005_seg8s,0.0357,隐蔽(难检)
data/redteam/factory/edgetts/henan/edgetts_henan_zh-CN-shaanxi-XiaoniNeural_SC-000160.wav,edgetts,henan,SC-000160,zh-CN-shaanxi-XiaoniNeural,0.0358,隐蔽(难检)
data/redteam/factory/edgetts/mandarin/edgetts_mandarin_zh-CN-XiaoxiaoNeural_SC-000393.wav,edgetts,mandarin,SC-000393,zh-CN-XiaoxiaoNeural,0.0358,隐蔽(难检)
data/redteam/factory/edgetts/cantonese/edgetts_cantonese_zh-HK-WanLungNeural_SC-000770.wav,edgetts,cantonese,SC-000770,zh-HK-WanLungNeural,0.0358,隐蔽(难检)
data/redteam/factory/edgetts/mandarin/edgetts_mandarin_zh-CN-XiaoxiaoNeural_SC-000471.wav,edgetts,mandarin,SC-000471,zh-CN-XiaoxiaoNeural,0.0358,隐蔽(难检)
data/redteam/factory/edgetts/mandarin/edgetts_mandarin_zh-CN-YunjianNeural_SC-000230.wav,edgetts,mandarin,SC-000230,zh-CN-YunjianNeural,0.0358,隐蔽(难检)
data/redteam/factory/edgetts/mandarin/edgetts_mandarin_zh-CN-YunjianNeural_SC-000060.wav,edgetts,mandarin,SC-000060,zh-CN-YunjianNeural,0.0359,隐蔽(难检)
data/redteam/factory/edgetts/mandarin/edgetts_mandarin_zh-CN-YunyangNeural_SC-000086.wav,edgetts,mandarin,SC-000086,zh-CN-YunyangNeural,0.0359,隐蔽(难检)
data/redteam/factory/edgetts/mandarin/edgetts_mandarin_zh-CN-YunxiNeural_SC-000169.wav,edgetts,mandarin,SC-000169,zh-CN-YunxiNeural,0.0359,隐蔽(难检)
data/redteam/factory/edgetts/sichuan/edgetts_sichuan_zh-CN-XiaoxiaoNeural_SC-001040.wav,edgetts,sichuan,SC-001040,zh-CN-XiaoxiaoNeural,0.0359,隐蔽(难检)
data/redteam/factory/edgetts/sichuan/edgetts_sichuan_zh-CN-YunxiNeural_SC-001205.wav,edgetts,sichuan,SC-001205,zh-CN-YunxiNeural,0.0359,隐蔽(难检)
data/redteam/factory/edgetts/sichuan/edgetts_sichuan_zh-CN-XiaoxiaoNeural_SC-001474.wav,edgetts,sichuan,SC-001474,zh-CN-XiaoxiaoNeural,0.0359,隐蔽(难检)
data/redteam/factory/edgetts/mandarin/edgetts_mandarin_zh-CN-YunyangNeural_SC-000159.wav,edgetts,mandarin,SC-000159,zh-CN-YunyangNeural,0.0359,隐蔽(难检)
data/redteam/factory/edgetts/henan/edgetts_henan_zh-CN-shaanxi-XiaoniNeural_SC-000442.wav,edgetts,henan,SC-000442,zh-CN-shaanxi-XiaoniNeural,0.0359,隐蔽(难检)
data/redteam/factory/edgetts/mandarin/edgetts_mandarin_zh-CN-YunjianNeural_SC-000092.wav,edgetts,mandarin,SC-000092,zh-CN-YunjianNeural,0.036,隐蔽(难检)
data/redteam/factory/edgetts/dongbei/edgetts_dongbei_zh-CN-liaoning-XiaobeiNeural_SC-000113.wav,edgetts,dongbei,SC-000113,zh-CN-liaoning-XiaobeiNeural,0.036,隐蔽(难检)
data/redteam/factory/edgetts/mandarin/edgetts_mandarin_zh-CN-YunyangNeural_SC-000344.wav,edgetts,mandarin,SC-000344,zh-CN-YunyangNeural,0.036,隐蔽(难检)
data/redteam/factory/edgetts/mandarin/edgetts_mandarin_zh-CN-YunxiNeural_SC-000181.wav,edgetts,mandarin,SC-000181,zh-CN-YunxiNeural,0.036,隐蔽(难检)
data/redteam/factory/edgetts/mandarin/edgetts_mandarin_zh-CN-XiaoxiaoNeural_SC-000198.wav,edgetts,mandarin,SC-000198,zh-CN-XiaoxiaoNeural,0.036,隐蔽(难检)
data/redteam/factory/edgetts/mandarin/edgetts_mandarin_zh-CN-YunyangNeural_SC-000471.wav,edgetts,mandarin,SC-000471,zh-CN-YunyangNeural,0.0361,隐蔽(难检)
data/redteam/factory/edgetts/cantonese/edgetts_cantonese_zh-HK-WanLungNeural_SC-000547.wav,edgetts,cantonese,SC-000547,zh-HK-WanLungNeural,0.0361,隐蔽(难检)
data/redteam/factory/sovits_api/minnan/sovits_api_minnan_ref_boot_edgetts_minnan_zh-TW-YunJheNeural_SC-000001_SC-000257.wav,sovits_api,minnan,SC-000257,ref_boot_edgetts_minnan_zh-TW-YunJheNeural_SC-000001,0.0361,隐蔽(难检)
data/redteam/factory/edgetts/mandarin/edgetts_mandarin_zh-CN-XiaoxiaoNeural_SC-000408.wav,edgetts,mandarin,SC-000408,zh-CN-XiaoxiaoNeural,0.0362,隐蔽(难检)
data/redteam/factory/edgetts/henan/edgetts_henan_zh-CN-shaanxi-XiaoniNeural_SC-000662.wav,edgetts,henan,SC-000662,zh-CN-shaanxi-XiaoniNeural,0.0362,隐蔽(难检)
data/redteam/factory/edgetts/dongbei/edgetts_dongbei_zh-CN-liaoning-XiaobeiNeural_SC-000931.wav,edgetts,dongbei,SC-000931,zh-CN-liaoning-XiaobeiNeural,0.0362,隐蔽(难检)
data/redteam/factory/edgetts/cantonese/edgetts_cantonese_zh-HK-WanLungNeural_SC-001184.wav,edgetts,cantonese,SC-001184,zh-HK-WanLungNeural,0.0362,隐蔽(难检)
data/redteam/factory/sovits_api/sichuan/sovits_api_sichuan_ref_boot_edgetts_sichuan_zh-CN-YunxiNeural_SC-000010_SC-000186.wav,sovits_api,sichuan,SC-000186,ref_boot_edgetts_sichuan_zh-CN-YunxiNeural_SC-000010,0.0362,隐蔽(难检)
data/redteam/factory/edgetts/mandarin/edgetts_mandarin_zh-CN-YunyangNeural_SC-000005.wav,edgetts,mandarin,SC-000005,zh-CN-YunyangNeural,0.0363,隐蔽(难检)
data/redteam/factory/edgetts/mandarin/edgetts_mandarin_zh-CN-YunjianNeural_SC-000091.wav,edgetts,mandarin,SC-000091,zh-CN-YunjianNeural,0.0363,隐蔽(难检)
data/redteam/factory/edgetts/mandarin/edgetts_mandarin_zh-CN-XiaoxiaoNeural_SC-000404.wav,edgetts,mandarin,SC-000404,zh-CN-XiaoxiaoNeural,0.0363,隐蔽(难检)
data/redteam/factory/edgetts/sichuan/edgetts_sichuan_zh-CN-XiaoxiaoNeural_SC-001339.wav,edgetts,sichuan,SC-001339,zh-CN-XiaoxiaoNeural,0.0363,隐蔽(难检)
data/redteam/factory/edgetts/cantonese/edgetts_cantonese_zh-HK-WanLungNeural_SC-001529.wav,edgetts,cantonese,SC-001529,zh-HK-WanLungNeural,0.0363,隐蔽(难检)
data/redteam/factory/edgetts/sichuan/edgetts_sichuan_zh-CN-XiaoxiaoNeural_SC-000384.wav,edgetts,sichuan,SC-000384,zh-CN-XiaoxiaoNeural,0.0363,隐蔽(难检)
data/redteam/factory/sovits_api/henan/sovits_api_henan_ref_boot_edgetts_henan_zh-CN-shaanxi-XiaoniNeural_SC-000009_seg8s_SC-000017.wav,sovits_api,henan,SC-000017,ref_boot_edgetts_henan_zh-CN-shaanxi-XiaoniNeural_SC-000009_seg8s,0.0363,隐蔽(难检)
data/redteam/factory/sovits_api/minnan/sovits_api_minnan_ref_boot_edgetts_minnan_zh-TW-HsiaoChenNeural_SC-000001_SC-000316.wav,sovits_api,minnan,SC-000316,ref_boot_edgetts_minnan_zh-TW-HsiaoChenNeural_SC-000001,0.0363,隐蔽(难检)
data/redteam/factory/edgetts/cantonese/edgetts_cantonese_zh-HK-WanLungNeural_SC-000009.wav,edgetts,cantonese,SC-000009,zh-HK-WanLungNeural,0.0364,隐蔽(难检)
data/redteam/factory/edgetts/mandarin/edgetts_mandarin_zh-CN-YunyangNeural_SC-000046.wav,edgetts,mandarin,SC-000046,zh-CN-YunyangNeural,0.0364,隐蔽(难检)
data/redteam/factory/edgetts/mandarin/edgetts_mandarin_zh-CN-XiaoxiaoNeural_SC-000025.wav,edgetts,mandarin,SC-000025,zh-CN-XiaoxiaoNeural,0.0365,隐蔽(难检)
data/redteam/factory/edgetts/sichuan/edgetts_sichuan_zh-CN-XiaoxiaoNeural_SC-000025.wav,edgetts,sichuan,SC-000025,zh-CN-XiaoxiaoNeural,0.0365,隐蔽(难检)
data/redteam/factory/sovits_api/cantonese/sovits_api_cantonese_ref_boot_edgetts_cantonese_zh-HK-WanLungNeural_SC-000005_seg8s_SC-000329.wav,sovits_api,cantonese,SC-000329,ref_boot_edgetts_cantonese_zh-HK-WanLungNeural_SC-000005_seg8s,0.0365,隐蔽(难检)
data/redteam/factory/edgetts/sichuan/edgetts_sichuan_zh-CN-YunxiNeural_SC-001127.wav,edgetts,sichuan,SC-001127,zh-CN-YunxiNeural,0.0366,隐蔽(难检)
data/redteam/factory/edgetts/cantonese/edgetts_cantonese_zh-HK-WanLungNeural_SC-000023.wav,edgetts,cantonese,SC-000023,zh-HK-WanLungNeural,0.0367,隐蔽(难检)
data/redteam/factory/edgetts/dongbei/edgetts_dongbei_zh-CN-liaoning-XiaobeiNeural_SC-000013.wav,edgetts,dongbei,SC-000013,zh-CN-liaoning-XiaobeiNeural,0.0367,隐蔽(难检)
data/redteam/factory/edgetts/mandarin/edgetts_mandarin_zh-CN-YunjianNeural_SC-000034.wav,edgetts,mandarin,SC-000034,zh-CN-YunjianNeural,0.0367,隐蔽(难检)
data/redteam/factory/edgetts/dongbei/edgetts_dongbei_zh-CN-liaoning-XiaobeiNeural_SC-000141.wav,edgetts,dongbei,SC-000141,zh-CN-liaoning-XiaobeiNeural,0.0367,隐蔽(难检)
data/redteam/factory/edgetts/mandarin/edgetts_mandarin_zh-CN-XiaoxiaoNeural_SC-000009.wav,edgetts,mandarin,SC-000009,zh-CN-XiaoxiaoNeural,0.0368,隐蔽(难检)
data/redteam/factory/edgetts/sichuan/edgetts_sichuan_zh-CN-XiaoxiaoNeural_SC-000009.wav,edgetts,sichuan,SC-000009,zh-CN-XiaoxiaoNeural,0.0368,隐蔽(难检)
data/redteam/factory/edgetts/henan/edgetts_henan_zh-CN-shaanxi-XiaoniNeural_SC-001165.wav,edgetts,henan,SC-001165,zh-CN-shaanxi-XiaoniNeural,0.0368,隐蔽(难检)
data/redteam/factory/edgetts/mandarin/edgetts_mandarin_zh-CN-XiaoxiaoNeural_SC-000336.wav,edgetts,mandarin,SC-000336,zh-CN-XiaoxiaoNeural,0.0368,隐蔽(难检)
data/redteam/factory/edgetts/mandarin/edgetts_mandarin_zh-CN-XiaoxiaoNeural_SC-000488.wav,edgetts,mandarin,SC-000488,zh-CN-XiaoxiaoNeural,0.0368,隐蔽(难检)
data/redteam/factory/sovits_api/dongbei/sovits_api_dongbei_ref_boot_edgetts_dongbei_zh-CN-liaoning-XiaobeiNeural_SC-000002_seg8s_SC-000051.wav,sovits_api,dongbei,SC-000051,ref_boot_edgetts_dongbei_zh-CN-liaoning-XiaobeiNeural_SC-000002_seg8s,0.0368,隐蔽(难检)
data/redteam/factory/edgetts/sichuan/edgetts_sichuan_zh-CN-XiaoxiaoNeural_SC-000215.wav,edgetts,sichuan,SC-000215,zh-CN-XiaoxiaoNeural,0.0369,隐蔽(难检)
data/redteam/factory/edgetts/mandarin/edgetts_mandarin_zh-CN-YunxiNeural_SC-000471.wav,edgetts,mandarin,SC-000471,zh-CN-YunxiNeural,0.0369,隐蔽(难检)
data/redteam/factory/edgetts/sichuan/edgetts_sichuan_zh-CN-YunxiNeural_SC-000118.wav,edgetts,sichuan,SC-000118,zh-CN-YunxiNeural,0.037,隐蔽(难检)
data/redteam/factory/edgetts/mandarin/edgetts_mandarin_zh-CN-YunyangNeural_SC-000376.wav,edgetts,mandarin,SC-000376,zh-CN-YunyangNeural,0.037,隐蔽(难检)
data/redteam/factory/edgetts/dongbei/edgetts_dongbei_zh-CN-liaoning-XiaobeiNeural_SC-001436.wav,edgetts,dongbei,SC-001436,zh-CN-liaoning-XiaobeiNeural,0.037,隐蔽(难检)
data/redteam/factory/edgetts/mandarin/edgetts_mandarin_zh-CN-YunyangNeural_SC-000496.wav,edgetts,mandarin,SC-000496,zh-CN-YunyangNeural,0.037,隐蔽(难检)
data/redteam/factory/sovits_api/cantonese/sovits_api_cantonese_ref_boot_edgetts_cantonese_zh-HK-HiuMaanNeural_SC-000005_seg8s_SC-000116.wav,sovits_api,cantonese,SC-000116,ref_boot_edgetts_cantonese_zh-HK-HiuMaanNeural_SC-000005_seg8s,0.037,隐蔽(难检)
data/redteam/factory/edgetts/henan/edgetts_henan_zh-CN-shaanxi-XiaoniNeural_SC-000004.wav,edgetts,henan,SC-000004,zh-CN-shaanxi-XiaoniNeural,0.0371,隐蔽(难检)
data/redteam/factory/edgetts/mandarin/edgetts_mandarin_zh-CN-XiaoxiaoNeural_SC-000069.wav,edgetts,mandarin,SC-000069,zh-CN-XiaoxiaoNeural,0.0371,隐蔽(难检)
data/redteam/factory/edgetts/henan/edgetts_henan_zh-CN-shaanxi-XiaoniNeural_SC-001533.wav,edgetts,henan,SC-001533,zh-CN-shaanxi-XiaoniNeural,0.0371,隐蔽(难检)
data/redteam/factory/edgetts/mandarin/edgetts_mandarin_zh-CN-YunyangNeural_SC-000152.wav,edgetts,mandarin,SC-000152,zh-CN-YunyangNeural,0.0371,隐蔽(难检)
data/redteam/factory/edgetts/henan/edgetts_henan_zh-CN-shaanxi-XiaoniNeural_SC-001352.wav,edgetts,henan,SC-001352,zh-CN-shaanxi-XiaoniNeural,0.0371,隐蔽(难检)
data/redteam/factory/edgetts/henan/edgetts_henan_zh-CN-shaanxi-XiaoniNeural_SC-001631.wav,edgetts,henan,SC-001631,zh-CN-shaanxi-XiaoniNeural,0.0371,隐蔽(难检)
data/redteam/factory/sovits_api/mandarin/sovits_api_mandarin_ref_boot_edgetts_mandarin_zh-CN-YunjianNeural_SC-000007_seg8s_SC-000093.wav,sovits_api,mandarin,SC-000093,ref_boot_edgetts_mandarin_zh-CN-YunjianNeural_SC-000007_seg8s,0.0371,隐蔽(难检)
data/redteam/factory/edgetts/sichuan/edgetts_sichuan_zh-CN-YunxiNeural_SC-000513.wav,edgetts,sichuan,SC-000513,zh-CN-YunxiNeural,0.0372,隐蔽(难检)
data/redteam/factory/edgetts/mandarin/edgetts_mandarin_zh-CN-YunjianNeural_SC-000357.wav,edgetts,mandarin,SC-000357,zh-CN-YunjianNeural,0.0372,隐蔽(难检)
data/redteam/factory/edgetts/mandarin/edgetts_mandarin_zh-CN-YunjianNeural_SC-000301.wav,edgetts,mandarin,SC-000301,zh-CN-YunjianNeural,0.0372,隐蔽(难检)
data/redteam/factory/edgetts/sichuan/edgetts_sichuan_zh-CN-XiaoxiaoNeural_SC-000687.wav,edgetts,sichuan,SC-000687,zh-CN-XiaoxiaoNeural,0.0372,隐蔽(难检)
data/redteam/factory/edgetts/sichuan/edgetts_sichuan_zh-CN-XiaoxiaoNeural_SC-001018.wav,edgetts,sichuan,SC-001018,zh-CN-XiaoxiaoNeural,0.0373,隐蔽(难检)
data/redteam/factory/edgetts/dongbei/edgetts_dongbei_zh-CN-liaoning-XiaobeiNeural_SC-001238.wav,edgetts,dongbei,SC-001238,zh-CN-liaoning-XiaobeiNeural,0.0373,隐蔽(难检)
data/redteam/factory/edgetts/mandarin/edgetts_mandarin_zh-CN-YunxiNeural_SC-000311.wav,edgetts,mandarin,SC-000311,zh-CN-YunxiNeural,0.0373,隐蔽(难检)
data/redteam/factory/edgetts/mandarin/edgetts_mandarin_zh-CN-YunxiNeural_SC-000341.wav,edgetts,mandarin,SC-000341,zh-CN-YunxiNeural,0.0373,隐蔽(难检)
data/redteam/factory/edgetts/mandarin/edgetts_mandarin_zh-CN-YunjianNeural_SC-000325.wav,edgetts,mandarin,SC-000325,zh-CN-YunjianNeural,0.0373,隐蔽(难检)
data/redteam/factory/sovits_api/mandarin/sovits_api_mandarin_ref_boot_edgetts_mandarin_zh-CN-YunjianNeural_SC-000007_seg8s_SC-000060.wav,sovits_api,mandarin,SC-000060,ref_boot_edgetts_mandarin_zh-CN-YunjianNeural_SC-000007_seg8s,0.0373,隐蔽(难检)
data/redteam/factory/edgetts/cantonese/edgetts_cantonese_zh-HK-WanLungNeural_SC-000209.wav,edgetts,cantonese,SC-000209,zh-HK-WanLungNeural,0.0374,隐蔽(难检)
data/redteam/factory/edgetts/henan/edgetts_henan_zh-CN-shaanxi-XiaoniNeural_SC-000038.wav,edgetts,henan,SC-000038,zh-CN-shaanxi-XiaoniNeural,0.0374,隐蔽(难检)
data/redteam/factory/edgetts/sichuan/edgetts_sichuan_zh-CN-XiaoxiaoNeural_SC-001328.wav,edgetts,sichuan,SC-001328,zh-CN-XiaoxiaoNeural,0.0374,隐蔽(难检)
data/redteam/factory/edgetts/mandarin/edgetts_mandarin_zh-CN-YunxiNeural_SC-000431.wav,edgetts,mandarin,SC-000431,zh-CN-YunxiNeural,0.0374,隐蔽(难检)
data/redteam/factory/edgetts/henan/edgetts_henan_zh-CN-shaanxi-XiaoniNeural_SC-000676.wav,edgetts,henan,SC-000676,zh-CN-shaanxi-XiaoniNeural,0.0374,隐蔽(难检)
data/redteam/factory/edgetts/sichuan/edgetts_sichuan_zh-CN-YunxiNeural_SC-000472.wav,edgetts,sichuan,SC-000472,zh-CN-YunxiNeural,0.0374,隐蔽(难检)
data/redteam/factory/edgetts/sichuan/edgetts_sichuan_zh-CN-YunxiNeural_SC-001491.wav,edgetts,sichuan,SC-001491,zh-CN-YunxiNeural,0.0374,隐蔽(难检)
data/redteam/factory/edgetts/sichuan/edgetts_sichuan_zh-CN-YunxiNeural_SC-000535.wav,edgetts,sichuan,SC-000535,zh-CN-YunxiNeural,0.0375,隐蔽(难检)
data/redteam/factory/edgetts/dongbei/edgetts_dongbei_zh-CN-liaoning-XiaobeiNeural_SC-000656.wav,edgetts,dongbei,SC-000656,zh-CN-liaoning-XiaobeiNeural,0.0375,隐蔽(难检)
data/redteam/factory/edgetts/dongbei/edgetts_dongbei_zh-CN-liaoning-XiaobeiNeural_SC-000731.wav,edgetts,dongbei,SC-000731,zh-CN-liaoning-XiaobeiNeural,0.0375,隐蔽(难检)
data/redteam/factory/edgetts/sichuan/edgetts_sichuan_zh-CN-YunxiNeural_SC-001384.wav,edgetts,sichuan,SC-001384,zh-CN-YunxiNeural,0.0375,隐蔽(难检)
data/redteam/factory/edgetts/henan/edgetts_henan_zh-CN-shaanxi-XiaoniNeural_SC-000847.wav,edgetts,henan,SC-000847,zh-CN-shaanxi-XiaoniNeural,0.0376,隐蔽(难检)
data/redteam/factory/edgetts/sichuan/edgetts_sichuan_zh-CN-XiaoxiaoNeural_SC-001150.wav,edgetts,sichuan,SC-001150,zh-CN-XiaoxiaoNeural,0.0376,隐蔽(难检)
data/redteam/factory/sovits_api/dongbei/sovits_api_dongbei_ref_boot_edgetts_dongbei_zh-CN-liaoning-XiaobeiNeural_SC-000002_seg8s_SC-000031.wav,sovits_api,dongbei,SC-000031,ref_boot_edgetts_dongbei_zh-CN-liaoning-XiaobeiNeural_SC-000002_seg8s,0.0376,隐蔽(难检)
data/redteam/factory/edgetts/mandarin/edgetts_mandarin_zh-CN-YunxiNeural_SC-000025.wav,edgetts,mandarin,SC-000025,zh-CN-YunxiNeural,0.0377,隐蔽(难检)
data/redteam/factory/edgetts/sichuan/edgetts_sichuan_zh-CN-YunxiNeural_SC-000025.wav,edgetts,sichuan,SC-000025,zh-CN-YunxiNeural,0.0377,隐蔽(难检)
data/redteam/factory/edgetts/mandarin/edgetts_mandarin_zh-CN-YunyangNeural_SC-000041.wav,edgetts,mandarin,SC-000041,zh-CN-YunyangNeural,0.0377,隐蔽(难检)
data/redteam/factory/edgetts/sichuan/edgetts_sichuan_zh-CN-YunxiNeural_SC-000320.wav,edgetts,sichuan,SC-000320,zh-CN-YunxiNeural,0.0377,隐蔽(难检)
data/redteam/factory/edgetts/sichuan/edgetts_sichuan_zh-CN-XiaoxiaoNeural_SC-000303.wav,edgetts,sichuan,SC-000303,zh-CN-XiaoxiaoNeural,0.0378,隐蔽(难检)
data/redteam/factory/edgetts/mandarin/edgetts_mandarin_zh-CN-YunyangNeural_SC-000468.wav,edgetts,mandarin,SC-000468,zh-CN-YunyangNeural,0.0378,隐蔽(难检)
data/redteam/factory/edgetts/minnan/edgetts_minnan_zh-TW-HsiaoChenNeural_SC-000753.wav,edgetts,minnan,SC-000753,zh-TW-HsiaoChenNeural,0.0378,隐蔽(难检)
data/redteam/factory/edgetts/cantonese/edgetts_cantonese_zh-HK-WanLungNeural_SC-000666.wav,edgetts,cantonese,SC-000666,zh-HK-WanLungNeural,0.0378,隐蔽(难检)
data/redteam/factory/edgetts/mandarin/edgetts_mandarin_zh-CN-YunxiNeural_SC-000013.wav,edgetts,mandarin,SC-000013,zh-CN-YunxiNeural,0.0379,隐蔽(难检)
data/redteam/factory/edgetts/sichuan/edgetts_sichuan_zh-CN-YunxiNeural_SC-000013.wav,edgetts,sichuan,SC-000013,zh-CN-YunxiNeural,0.0379,隐蔽(难检)
data/redteam/factory/edgetts/mandarin/edgetts_mandarin_zh-CN-YunxiNeural_SC-000453.wav,edgetts,mandarin,SC-000453,zh-CN-YunxiNeural,0.0379,隐蔽(难检)
data/redteam/factory/edgetts/mandarin/edgetts_mandarin_zh-CN-XiaoxiaoNeural_SC-000301.wav,edgetts,mandarin,SC-000301,zh-CN-XiaoxiaoNeural,0.0379,隐蔽(难检)
data/redteam/factory/sovits_api/sichuan/sovits_api_sichuan_ref_boot_edgetts_sichuan_zh-CN-YunxiNeural_SC-000010_SC-000215.wav,sovits_api,sichuan,SC-000215,ref_boot_edgetts_sichuan_zh-CN-YunxiNeural_SC-000010,0.0379,隐蔽(难检)
data/redteam/factory/edgetts/mandarin/edgetts_mandarin_zh-CN-XiaoxiaoNeural_SC-000035.wav,edgetts,mandarin,SC-000035,zh-CN-XiaoxiaoNeural,0.038,隐蔽(难检)
data/redteam/factory/edgetts/mandarin/edgetts_mandarin_zh-CN-YunjianNeural_SC-000396.wav,edgetts,mandarin,SC-000396,zh-CN-YunjianNeural,0.038,隐蔽(难检)
data/redteam/factory/edgetts/mandarin/edgetts_mandarin_zh-CN-YunjianNeural_SC-000424.wav,edgetts,mandarin,SC-000424,zh-CN-YunjianNeural,0.038,隐蔽(难检)
data/redteam/factory/edgetts/mandarin/edgetts_mandarin_zh-CN-YunxiNeural_SC-000204.wav,edgetts,mandarin,SC-000204,zh-CN-YunxiNeural,0.038,隐蔽(难检)
data/redteam/factory/edgetts/mandarin/edgetts_mandarin_zh-CN-YunyangNeural_SC-000433.wav,edgetts,mandarin,SC-000433,zh-CN-YunyangNeural,0.038,隐蔽(难检)
data/redteam/factory/sovits_api/minnan/sovits_api_minnan_ref_boot_edgetts_minnan_zh-TW-HsiaoChenNeural_SC-000001_SC-000146.wav,sovits_api,minnan,SC-000146,ref_boot_edgetts_minnan_zh-TW-HsiaoChenNeural_SC-000001,0.038,隐蔽(难检)
data/redteam/factory/edgetts/mandarin/edgetts_mandarin_zh-CN-YunxiNeural_SC-000194.wav,edgetts,mandarin,SC-000194,zh-CN-YunxiNeural,0.0381,隐蔽(难检)
data/redteam/factory/edgetts/dongbei/edgetts_dongbei_zh-CN-liaoning-XiaobeiNeural_SC-001092.wav,edgetts,dongbei,SC-001092,zh-CN-liaoning-XiaobeiNeural,0.0381,隐蔽(难检)
data/redteam/factory/edgetts/mandarin/edgetts_mandarin_zh-CN-YunyangNeural_SC-000331.wav,edgetts,mandarin,SC-000331,zh-CN-YunyangNeural,0.0381,隐蔽(难检)
data/redteam/factory/edgetts/mandarin/edgetts_mandarin_zh-CN-XiaoxiaoNeural_SC-000136.wav,edgetts,mandarin,SC-000136,zh-CN-XiaoxiaoNeural,0.0381,隐蔽(难检)
data/redteam/factory/sovits_api/minnan/sovits_api_minnan_ref_boot_edgetts_minnan_zh-TW-HsiaoChenNeural_SC-000001_SC-000196.wav,sovits_api,minnan,SC-000196,ref_boot_edgetts_minnan_zh-TW-HsiaoChenNeural_SC-000001,0.0381,隐蔽(难检)
data/redteam/factory/sovits_api/minnan/sovits_api_minnan_ref_boot_edgetts_minnan_zh-TW-HsiaoChenNeural_SC-000001_SC-000422.wav,sovits_api,minnan,SC-000422,ref_boot_edgetts_minnan_zh-TW-HsiaoChenNeural_SC-000001,0.0381,隐蔽(难检)
data/redteam/factory/edgetts/henan/edgetts_henan_zh-CN-shaanxi-XiaoniNeural_SC-000024.wav,edgetts,henan,SC-000024,zh-CN-shaanxi-XiaoniNeural,0.0382,隐蔽(难检)
data/redteam/factory/edgetts/sichuan/edgetts_sichuan_zh-CN-XiaoxiaoNeural_SC-000099.wav,edgetts,sichuan,SC-000099,zh-CN-XiaoxiaoNeural,0.0382,隐蔽(难检)
data/redteam/factory/edgetts/mandarin/edgetts_mandarin_zh-CN-YunxiNeural_SC-000202.wav,edgetts,mandarin,SC-000202,zh-CN-YunxiNeural,0.0382,隐蔽(难检)
data/redteam/factory/edgetts/sichuan/edgetts_sichuan_zh-CN-YunxiNeural_SC-001464.wav,edgetts,sichuan,SC-001464,zh-CN-YunxiNeural,0.0382,隐蔽(难检)
data/redteam/factory/edgetts/mandarin/edgetts_mandarin_zh-CN-XiaoxiaoNeural_SC-000261.wav,edgetts,mandarin,SC-000261,zh-CN-XiaoxiaoNeural,0.0382,隐蔽(难检)
data/redteam/factory/edgetts/mandarin/edgetts_mandarin_zh-CN-YunjianNeural_SC-000012.wav,edgetts,mandarin,SC-000012,zh-CN-YunjianNeural,0.0383,隐蔽(难检)
data/redteam/factory/edgetts/sichuan/edgetts_sichuan_zh-CN-XiaoxiaoNeural_SC-000013.wav,edgetts,sichuan,SC-000013,zh-CN-XiaoxiaoNeural,0.0383,隐蔽(难检)
data/redteam/factory/edgetts/henan/edgetts_henan_zh-CN-shaanxi-XiaoniNeural_SC-000233.wav,edgetts,henan,SC-000233,zh-CN-shaanxi-XiaoniNeural,0.0383,隐蔽(难检)
data/redteam/factory/edgetts/henan/edgetts_henan_zh-CN-shaanxi-XiaoniNeural_SC-000623.wav,edgetts,henan,SC-000623,zh-CN-shaanxi-XiaoniNeural,0.0383,隐蔽(难检)
data/redteam/factory/edgetts/mandarin/edgetts_mandarin_zh-CN-YunyangNeural_SC-000234.wav,edgetts,mandarin,SC-000234,zh-CN-YunyangNeural,0.0383,隐蔽(难检)
data/redteam/factory/sovits_api/mandarin/sovits_api_mandarin_ref_boot_edgetts_mandarin_zh-CN-YunjianNeural_SC-000007_seg8s_SC-000086.wav,sovits_api,mandarin,SC-000086,ref_boot_edgetts_mandarin_zh-CN-YunjianNeural_SC-000007_seg8s,0.0383,隐蔽(难检)
data/redteam/factory/edgetts/cantonese/edgetts_cantonese_zh-HK-WanLungNeural_SC-000022.wav,edgetts,cantonese,SC-000022,zh-HK-WanLungNeural,0.0384,隐蔽(难检)
data/redteam/factory/edgetts/sichuan/edgetts_sichuan_zh-CN-YunxiNeural_SC-000330.wav,edgetts,sichuan,SC-000330,zh-CN-YunxiNeural,0.0384,隐蔽(难检)
data/redteam/factory/sovits_api/cantonese/sovits_api_cantonese_ref_boot_edgetts_cantonese_zh-HK-WanLungNeural_SC-000005_seg8s_SC-000103.wav,sovits_api,cantonese,SC-000103,ref_boot_edgetts_cantonese_zh-HK-WanLungNeural_SC-000005_seg8s,0.0384,隐蔽(难检)
data/redteam/factory/edgetts/mandarin/edgetts_mandarin_zh-CN-YunyangNeural_SC-000007.wav,edgetts,mandarin,SC-000007,zh-CN-YunyangNeural,0.0385,隐蔽(难检)
data/redteam/factory/edgetts/mandarin/edgetts_mandarin_zh-CN-YunjianNeural_SC-000053.wav,edgetts,mandarin,SC-000053,zh-CN-YunjianNeural,0.0385,隐蔽(难检)
data/redteam/factory/edgetts/mandarin/edgetts_mandarin_zh-CN-YunyangNeural_SC-000060.wav,edgetts,mandarin,SC-000060,zh-CN-YunyangNeural,0.0385,隐蔽(难检)
data/redteam/factory/edgetts/sichuan/edgetts_sichuan_zh-CN-XiaoxiaoNeural_SC-000996.wav,edgetts,sichuan,SC-000996,zh-CN-XiaoxiaoNeural,0.0385,隐蔽(难检)
data/redteam/factory/sovits_api/mandarin/sovits_api_mandarin_ref_boot_edgetts_mandarin_zh-CN-XiaoxiaoNeural_SC-000007_seg8s_SC-000007.wav,sovits_api,mandarin,SC-000007,ref_boot_edgetts_mandarin_zh-CN-XiaoxiaoNeural_SC-000007_seg8s,0.0385,隐蔽(难检)
data/redteam/factory/edgetts/cantonese/edgetts_cantonese_zh-HK-WanLungNeural_SC-000109.wav,edgetts,cantonese,SC-000109,zh-HK-WanLungNeural,0.0386,隐蔽(难检)
data/redteam/factory/edgetts/mandarin/edgetts_mandarin_zh-CN-XiaoxiaoNeural_SC-000150.wav,edgetts,mandarin,SC-000150,zh-CN-XiaoxiaoNeural,0.0386,隐蔽(难检)
data/redteam/factory/edgetts/dongbei/edgetts_dongbei_zh-CN-liaoning-XiaobeiNeural_SC-000414.wav,edgetts,dongbei,SC-000414,zh-CN-liaoning-XiaobeiNeural,0.0386,隐蔽(难检)
data/redteam/factory/edgetts/mandarin/edgetts_mandarin_zh-CN-YunyangNeural_SC-000272.wav,edgetts,mandarin,SC-000272,zh-CN-YunyangNeural,0.0386,隐蔽(难检)
data/redteam/factory/edgetts/mandarin/edgetts_mandarin_zh-CN-YunxiNeural_SC-000214.wav,edgetts,mandarin,SC-000214,zh-CN-YunxiNeural,0.0386,隐蔽(难检)
data/redteam/factory/edgetts/sichuan/edgetts_sichuan_zh-CN-XiaoxiaoNeural_SC-001511.wav,edgetts,sichuan,SC-001511,zh-CN-XiaoxiaoNeural,0.0387,隐蔽(难检)
data/redteam/factory/edgetts/mandarin/edgetts_mandarin_zh-CN-YunjianNeural_SC-000003.wav,edgetts,mandarin,SC-000003,zh-CN-YunjianNeural,0.0388,隐蔽(难检)
data/redteam/factory/edgetts/dongbei/edgetts_dongbei_zh-CN-liaoning-XiaobeiNeural_SC-000161.wav,edgetts,dongbei,SC-000161,zh-CN-liaoning-XiaobeiNeural,0.0388,隐蔽(难检)
data/redteam/factory/edgetts/sichuan/edgetts_sichuan_zh-CN-XiaoxiaoNeural_SC-000383.wav,edgetts,sichuan,SC-000383,zh-CN-XiaoxiaoNeural,0.0388,隐蔽(难检)
data/redteam/factory/edgetts/cantonese/edgetts_cantonese_zh-HK-WanLungNeural_SC-001198.wav,edgetts,cantonese,SC-001198,zh-HK-WanLungNeural,0.0388,隐蔽(难检)
data/redteam/factory/sovits_api/mandarin/sovits_api_mandarin_ref_boot_edgetts_mandarin_zh-CN-YunjianNeural_SC-000007_seg8s_SC-000026.wav,sovits_api,mandarin,SC-000026,ref_boot_edgetts_mandarin_zh-CN-YunjianNeural_SC-000007_seg8s,0.0388,隐蔽(难检)
data/redteam/factory/sovits_api/mandarin/sovits_api_mandarin_ref_boot_edgetts_mandarin_zh-CN-YunxiNeural_SC-000007_seg8s_SC-000034.wav,sovits_api,mandarin,SC-000034,ref_boot_edgetts_mandarin_zh-CN-YunxiNeural_SC-000007_seg8s,0.0388,隐蔽(难检)
data/redteam/factory/sovits_api/sichuan/sovits_api_sichuan_ref_boot_edgetts_sichuan_zh-CN-YunxiNeural_SC-000010_SC-000244.wav,sovits_api,sichuan,SC-000244,ref_boot_edgetts_sichuan_zh-CN-YunxiNeural_SC-000010,0.0388,隐蔽(难检)
data/redteam/factory/edgetts/mandarin/edgetts_mandarin_zh-CN-YunxiNeural_SC-000020.wav,edgetts,mandarin,SC-000020,zh-CN-YunxiNeural,0.0389,隐蔽(难检)
data/redteam/factory/edgetts/sichuan/edgetts_sichuan_zh-CN-YunxiNeural_SC-000020.wav,edgetts,sichuan,SC-000020,zh-CN-YunxiNeural,0.0389,隐蔽(难检)
data/redteam/factory/edgetts/henan/edgetts_henan_zh-CN-shaanxi-XiaoniNeural_SC-000088.wav,edgetts,henan,SC-000088,zh-CN-shaanxi-XiaoniNeural,0.0389,隐蔽(难检)
data/redteam/factory/edgetts/henan/edgetts_henan_zh-CN-shaanxi-XiaoniNeural_SC-000818.wav,edgetts,henan,SC-000818,zh-CN-shaanxi-XiaoniNeural,0.0389,隐蔽(难检)
data/redteam/factory/edgetts/mandarin/edgetts_mandarin_zh-CN-XiaoxiaoNeural_SC-000234.wav,edgetts,mandarin,SC-000234,zh-CN-XiaoxiaoNeural,0.0389,隐蔽(难检)
data/redteam/factory/edgetts/mandarin/edgetts_mandarin_zh-CN-YunyangNeural_SC-000324.wav,edgetts,mandarin,SC-000324,zh-CN-YunyangNeural,0.0389,隐蔽(难检)
data/redteam/factory/edgetts/cantonese/edgetts_cantonese_zh-HK-WanLungNeural_SC-001255.wav,edgetts,cantonese,SC-001255,zh-HK-WanLungNeural,0.0389,隐蔽(难检)
data/redteam/factory/edgetts/dongbei/edgetts_dongbei_zh-CN-liaoning-XiaobeiNeural_SC-001672.wav,edgetts,dongbei,SC-001672,zh-CN-liaoning-XiaobeiNeural,0.0389,隐蔽(难检)
data/redteam/factory/edgetts/mandarin/edgetts_mandarin_zh-CN-YunyangNeural_SC-000020.wav,edgetts,mandarin,SC-000020,zh-CN-YunyangNeural,0.039,隐蔽(难检)
data/redteam/factory/edgetts/mandarin/edgetts_mandarin_zh-CN-YunxiNeural_SC-000083.wav,edgetts,mandarin,SC-000083,zh-CN-YunxiNeural,0.039,隐蔽(难检)
data/redteam/factory/edgetts/mandarin/edgetts_mandarin_zh-CN-YunxiNeural_SC-000110.wav,edgetts,mandarin,SC-000110,zh-CN-YunxiNeural,0.039,隐蔽(难检)
data/redteam/factory/edgetts/sichuan/edgetts_sichuan_zh-CN-XiaoxiaoNeural_SC-000266.wav,edgetts,sichuan,SC-000266,zh-CN-XiaoxiaoNeural,0.039,隐蔽(难检)
data/redteam/factory/edgetts/sichuan/edgetts_sichuan_zh-CN-XiaoxiaoNeural_SC-000448.wav,edgetts,sichuan,SC-000448,zh-CN-XiaoxiaoNeural,0.039,隐蔽(难检)
data/redteam/factory/edgetts/mandarin/edgetts_mandarin_zh-CN-YunxiNeural_SC-000269.wav,edgetts,mandarin,SC-000269,zh-CN-YunxiNeural,0.039,隐蔽(难检)
data/redteam/factory/edgetts/sichuan/edgetts_sichuan_zh-CN-XiaoxiaoNeural_SC-001404.wav,edgetts,sichuan,SC-001404,zh-CN-XiaoxiaoNeural,0.039,隐蔽(难检)
data/redteam/factory/edgetts/cantonese/edgetts_cantonese_zh-HK-WanLungNeural_SC-000490.wav,edgetts,cantonese,SC-000490,zh-HK-WanLungNeural,0.039,隐蔽(难检)
data/redteam/factory/edgetts/henan/edgetts_henan_zh-CN-shaanxi-XiaoniNeural_SC-001054.wav,edgetts,henan,SC-001054,zh-CN-shaanxi-XiaoniNeural,0.039,隐蔽(难检)
data/redteam/factory/sovits_api/mandarin/sovits_api_mandarin_ref_boot_edgetts_mandarin_zh-CN-YunxiNeural_SC-000007_seg8s_SC-000044.wav,sovits_api,mandarin,SC-000044,ref_boot_edgetts_mandarin_zh-CN-YunxiNeural_SC-000007_seg8s,0.039,隐蔽(难检)
data/redteam/factory/edgetts/mandarin/edgetts_mandarin_zh-CN-XiaoxiaoNeural_SC-000041.wav,edgetts,mandarin,SC-000041,zh-CN-XiaoxiaoNeural,0.0391,隐蔽(难检)
data/redteam/factory/edgetts/cantonese/edgetts_cantonese_zh-HK-WanLungNeural_SC-000427.wav,edgetts,cantonese,SC-000427,zh-HK-WanLungNeural,0.0391,隐蔽(难检)
data/redteam/factory/edgetts/mandarin/edgetts_mandarin_zh-CN-XiaoxiaoNeural_SC-000468.wav,edgetts,mandarin,SC-000468,zh-CN-XiaoxiaoNeural,0.0391,隐蔽(难检)
data/redteam/factory/edgetts/mandarin/edgetts_mandarin_zh-CN-YunxiNeural_SC-000318.wav,edgetts,mandarin,SC-000318,zh-CN-YunxiNeural,0.0391,隐蔽(难检)
data/redteam/factory/edgetts/mandarin/edgetts_mandarin_zh-CN-YunyangNeural_SC-000400.wav,edgetts,mandarin,SC-000400,zh-CN-YunyangNeural,0.0391,隐蔽(难检)
data/redteam/factory/sovits_api/mandarin/sovits_api_mandarin_ref_boot_edgetts_mandarin_zh-CN-YunjianNeural_SC-000007_seg8s_SC-000011.wav,sovits_api,mandarin,SC-000011,ref_boot_edgetts_mandarin_zh-CN-YunjianNeural_SC-000007_seg8s,0.0391,隐蔽(难检)
data/redteam/factory/edgetts/mandarin/edgetts_mandarin_zh-CN-YunxiNeural_SC-000074.wav,edgetts,mandarin,SC-000074,zh-CN-YunxiNeural,0.0392,隐蔽(难检)
data/redteam/factory/edgetts/henan/edgetts_henan_zh-CN-shaanxi-XiaoniNeural_SC-000334.wav,edgetts,henan,SC-000334,zh-CN-shaanxi-XiaoniNeural,0.0392,隐蔽(难检)
data/redteam/factory/edgetts/mandarin/edgetts_mandarin_zh-CN-YunxiNeural_SC-000219.wav,edgetts,mandarin,SC-000219,zh-CN-YunxiNeural,0.0392,隐蔽(难检)
data/redteam/factory/edgetts/sichuan/edgetts_sichuan_zh-CN-YunxiNeural_SC-001018.wav,edgetts,sichuan,SC-001018,zh-CN-YunxiNeural,0.0392,隐蔽(难检)
data/redteam/factory/edgetts/dongbei/edgetts_dongbei_zh-CN-liaoning-XiaobeiNeural_SC-000669.wav,edgetts,dongbei,SC-000669,zh-CN-liaoning-XiaobeiNeural,0.0392,隐蔽(难检)
data/redteam/factory/edgetts/sichuan/edgetts_sichuan_zh-CN-XiaoxiaoNeural_SC-001061.wav,edgetts,sichuan,SC-001061,zh-CN-XiaoxiaoNeural,0.0392,隐蔽(难检)
data/redteam/factory/edgetts/mandarin/edgetts_mandarin_zh-CN-YunyangNeural_SC-000028.wav,edgetts,mandarin,SC-000028,zh-CN-YunyangNeural,0.0393,隐蔽(难检)
data/redteam/factory/edgetts/sichuan/edgetts_sichuan_zh-CN-YunxiNeural_SC-000771.wav,edgetts,sichuan,SC-000771,zh-CN-YunxiNeural,0.0393,隐蔽(难检)
data/redteam/factory/edgetts/mandarin/edgetts_mandarin_zh-CN-YunyangNeural_SC-000398.wav,edgetts,mandarin,SC-000398,zh-CN-YunyangNeural,0.0393,隐蔽(难检)
data/redteam/factory/edgetts/dongbei/edgetts_dongbei_zh-CN-liaoning-XiaobeiNeural_SC-000710.wav,edgetts,dongbei,SC-000710,zh-CN-liaoning-XiaobeiNeural,0.0393,隐蔽(难检)
data/redteam/factory/edgetts/dongbei/edgetts_dongbei_zh-CN-liaoning-XiaobeiNeural_SC-000264.wav,edgetts,dongbei,SC-000264,zh-CN-liaoning-XiaobeiNeural,0.0394,隐蔽(难检)
data/redteam/factory/edgetts/mandarin/edgetts_mandarin_zh-CN-YunyangNeural_SC-000377.wav,edgetts,mandarin,SC-000377,zh-CN-YunyangNeural,0.0394,隐蔽(难检)
data/redteam/factory/edgetts/dongbei/edgetts_dongbei_zh-CN-liaoning-XiaobeiNeural_SC-000890.wav,edgetts,dongbei,SC-000890,zh-CN-liaoning-XiaobeiNeural,0.0394,隐蔽(难检)
data/redteam/factory/edgetts/mandarin/edgetts_mandarin_zh-CN-YunxiNeural_SC-000501.wav,edgetts,mandarin,SC-000501,zh-CN-YunxiNeural,0.0395,隐蔽(难检)
data/redteam/factory/edgetts/mandarin/edgetts_mandarin_zh-CN-YunyangNeural_SC-000371.wav,edgetts,mandarin,SC-000371,zh-CN-YunyangNeural,0.0395,隐蔽(难检)
data/redteam/factory/edgetts/mandarin/edgetts_mandarin_zh-CN-YunjianNeural_SC-000360.wav,edgetts,mandarin,SC-000360,zh-CN-YunjianNeural,0.0395,隐蔽(难检)
data/redteam/factory/sovits_api/henan/sovits_api_henan_ref_boot_edgetts_henan_zh-CN-shaanxi-XiaoniNeural_SC-000009_seg8s_SC-000025.wav,sovits_api,henan,SC-000025,ref_boot_edgetts_henan_zh-CN-shaanxi-XiaoniNeural_SC-000009_seg8s,0.0395,隐蔽(难检)
data/redteam/factory/edgetts/mandarin/edgetts_mandarin_zh-CN-YunyangNeural_SC-000024.wav,edgetts,mandarin,SC-000024,zh-CN-YunyangNeural,0.0396,隐蔽(难检)
data/redteam/factory/edgetts/sichuan/edgetts_sichuan_zh-CN-XiaoxiaoNeural_SC-000165.wav,edgetts,sichuan,SC-000165,zh-CN-XiaoxiaoNeural,0.0396,隐蔽(难检)
data/redteam/factory/edgetts/sichuan/edgetts_sichuan_zh-CN-XiaoxiaoNeural_SC-000315.wav,edgetts,sichuan,SC-000315,zh-CN-XiaoxiaoNeural,0.0396,隐蔽(难检)
data/redteam/factory/edgetts/sichuan/edgetts_sichuan_zh-CN-XiaoxiaoNeural_SC-000513.wav,edgetts,sichuan,SC-000513,zh-CN-XiaoxiaoNeural,0.0396,隐蔽(难检)
data/redteam/factory/edgetts/sichuan/edgetts_sichuan_zh-CN-YunxiNeural_SC-000125.wav,edgetts,sichuan,SC-000125,zh-CN-YunxiNeural,0.0397,隐蔽(难检)
data/redteam/factory/sovits_api/minnan/sovits_api_minnan_ref_boot_edgetts_minnan_zh-TW-HsiaoChenNeural_SC-000001_SC-000143.wav,sovits_api,minnan,SC-000143,ref_boot_edgetts_minnan_zh-TW-HsiaoChenNeural_SC-000001,0.0397,隐蔽(难检)
data/redteam/factory/edgetts/mandarin/edgetts_mandarin_zh-CN-YunxiNeural_SC-000017.wav,edgetts,mandarin,SC-000017,zh-CN-YunxiNeural,0.0398,隐蔽(难检)
data/redteam/factory/edgetts/sichuan/edgetts_sichuan_zh-CN-YunxiNeural_SC-000017.wav,edgetts,sichuan,SC-000017,zh-CN-YunxiNeural,0.0398,隐蔽(难检)
data/redteam/factory/edgetts/mandarin/edgetts_mandarin_zh-CN-YunjianNeural_SC-000077.wav,edgetts,mandarin,SC-000077,zh-CN-YunjianNeural,0.0398,隐蔽(难检)
data/redteam/factory/edgetts/sichuan/edgetts_sichuan_zh-CN-XiaoxiaoNeural_SC-000457.wav,edgetts,sichuan,SC-000457,zh-CN-XiaoxiaoNeural,0.0398,隐蔽(难检)
data/redteam/factory/edgetts/cantonese/edgetts_cantonese_zh-HK-WanLungNeural_SC-001607.wav,edgetts,cantonese,SC-001607,zh-HK-WanLungNeural,0.0398,隐蔽(难检)
data/redteam/factory/edgetts/dongbei/edgetts_dongbei_zh-CN-liaoning-XiaobeiNeural_SC-000747.wav,edgetts,dongbei,SC-000747,zh-CN-liaoning-XiaobeiNeural,0.0398,隐蔽(难检)
data/redteam/factory/sovits_api/mandarin/sovits_api_mandarin_ref_boot_edgetts_mandarin_zh-CN-YunjianNeural_SC-000007_seg8s_SC-000065.wav,sovits_api,mandarin,SC-000065,ref_boot_edgetts_mandarin_zh-CN-YunjianNeural_SC-000007_seg8s,0.0398,隐蔽(难检)
data/redteam/factory/edgetts/mandarin/edgetts_mandarin_zh-CN-YunxiNeural_SC-000198.wav,edgetts,mandarin,SC-000198,zh-CN-YunxiNeural,0.0399,隐蔽(难检)
data/redteam/factory/edgetts/mandarin/edgetts_mandarin_zh-CN-YunxiNeural_SC-000220.wav,edgetts,mandarin,SC-000220,zh-CN-YunxiNeural,0.0399,隐蔽(难检)
data/redteam/factory/edgetts/cantonese/edgetts_cantonese_zh-HK-WanLungNeural_SC-000918.wav,edgetts,cantonese,SC-000918,zh-HK-WanLungNeural,0.0399,隐蔽(难检)
data/redteam/factory/edgetts/sichuan/edgetts_sichuan_zh-CN-XiaoxiaoNeural_SC-001205.wav,edgetts,sichuan,SC-001205,zh-CN-XiaoxiaoNeural,0.0399,隐蔽(难检)
data/redteam/factory/edgetts/mandarin/edgetts_mandarin_zh-CN-YunxiNeural_SC-000261.wav,edgetts,mandarin,SC-000261,zh-CN-YunxiNeural,0.0399,隐蔽(难检)
data/redteam/factory/edgetts/henan/edgetts_henan_zh-CN-shaanxi-XiaoniNeural_SC-000978.wav,edgetts,henan,SC-000978,zh-CN-shaanxi-XiaoniNeural,0.0399,隐蔽(难检)
data/redteam/factory/edgetts/mandarin/edgetts_mandarin_zh-CN-YunxiNeural_SC-000095.wav,edgetts,mandarin,SC-000095,zh-CN-YunxiNeural,0.04,隐蔽(难检)
data/redteam/factory/edgetts/cantonese/edgetts_cantonese_zh-HK-WanLungNeural_SC-000639.wav,edgetts,cantonese,SC-000639,zh-HK-WanLungNeural,0.04,隐蔽(难检)
data/redteam/factory/edgetts/henan/edgetts_henan_zh-CN-shaanxi-XiaoniNeural_SC-001566.wav,edgetts,henan,SC-001566,zh-CN-shaanxi-XiaoniNeural,0.04,隐蔽(难检)
data/redteam/factory/sovits_api/mandarin/sovits_api_mandarin_ref_boot_edgetts_mandarin_zh-CN-YunjianNeural_SC-000007_seg8s_SC-000034.wav,sovits_api,mandarin,SC-000034,ref_boot_edgetts_mandarin_zh-CN-YunjianNeural_SC-000007_seg8s,0.04,隐蔽(难检)
data/redteam/factory/edgetts/dongbei/edgetts_dongbei_zh-CN-liaoning-XiaobeiNeural_SC-000005.wav,edgetts,dongbei,SC-000005,zh-CN-liaoning-XiaobeiNeural,0.0401,隐蔽(难检)
data/redteam/factory/edgetts/mandarin/edgetts_mandarin_zh-CN-YunyangNeural_SC-000368.wav,edgetts,mandarin,SC-000368,zh-CN-YunyangNeural,0.0401,隐蔽(难检)
data/redteam/factory/edgetts/cantonese/edgetts_cantonese_zh-HK-WanLungNeural_SC-000512.wav,edgetts,cantonese,SC-000512,zh-HK-WanLungNeural,0.0401,隐蔽(难检)
data/redteam/factory/edgetts/mandarin/edgetts_mandarin_zh-CN-YunyangNeural_SC-000269.wav,edgetts,mandarin,SC-000269,zh-CN-YunyangNeural,0.0401,隐蔽(难检)
data/redteam/factory/edgetts/mandarin/edgetts_mandarin_zh-CN-YunjianNeural_SC-000242.wav,edgetts,mandarin,SC-000242,zh-CN-YunjianNeural,0.0401,隐蔽(难检)
data/redteam/factory/edgetts/mandarin/edgetts_mandarin_zh-CN-YunyangNeural_SC-000431.wav,edgetts,mandarin,SC-000431,zh-CN-YunyangNeural,0.0401,隐蔽(难检)
data/redteam/factory/edgetts/mandarin/edgetts_mandarin_zh-CN-YunjianNeural_SC-000158.wav,edgetts,mandarin,SC-000158,zh-CN-YunjianNeural,0.0401,隐蔽(难检)
data/redteam/factory/sovits_api/mandarin/sovits_api_mandarin_ref_boot_edgetts_mandarin_zh-CN-YunjianNeural_SC-000007_seg8s_SC-000050.wav,sovits_api,mandarin,SC-000050,ref_boot_edgetts_mandarin_zh-CN-YunjianNeural_SC-000007_seg8s,0.0401,隐蔽(难检)
data/redteam/factory/sovits_api/sichuan/sovits_api_sichuan_ref_boot_edgetts_sichuan_zh-CN-YunxiNeural_SC-000010_SC-000172.wav,sovits_api,sichuan,SC-000172,ref_boot_edgetts_sichuan_zh-CN-YunxiNeural_SC-000010,0.0401,隐蔽(难检)
data/redteam/factory/edgetts/dongbei/edgetts_dongbei_zh-CN-liaoning-XiaobeiNeural_SC-000032.wav,edgetts,dongbei,SC-000032,zh-CN-liaoning-XiaobeiNeural,0.0402,隐蔽(难检)
data/redteam/factory/edgetts/mandarin/edgetts_mandarin_zh-CN-XiaoxiaoNeural_SC-000325.wav,edgetts,mandarin,SC-000325,zh-CN-XiaoxiaoNeural,0.0402,隐蔽(难检)
data/redteam/factory/edgetts/mandarin/edgetts_mandarin_zh-CN-XiaoxiaoNeural_SC-000046.wav,edgetts,mandarin,SC-000046,zh-CN-XiaoxiaoNeural,0.0403,隐蔽(难检)
data/redteam/factory/edgetts/sichuan/edgetts_sichuan_zh-CN-XiaoxiaoNeural_SC-000210.wav,edgetts,sichuan,SC-000210,zh-CN-XiaoxiaoNeural,0.0403,隐蔽(难检)
data/redteam/factory/edgetts/dongbei/edgetts_dongbei_zh-CN-liaoning-XiaobeiNeural_SC-000226.wav,edgetts,dongbei,SC-000226,zh-CN-liaoning-XiaobeiNeural,0.0403,隐蔽(难检)
data/redteam/factory/edgetts/mandarin/edgetts_mandarin_zh-CN-YunxiNeural_SC-000238.wav,edgetts,mandarin,SC-000238,zh-CN-YunxiNeural,0.0403,隐蔽(难检)
data/redteam/factory/edgetts/cantonese/edgetts_cantonese_zh-HK-WanLungNeural_SC-001155.wav,edgetts,cantonese,SC-001155,zh-HK-WanLungNeural,0.0403,隐蔽(难检)
data/redteam/factory/edgetts/sichuan/edgetts_sichuan_zh-CN-YunxiNeural_SC-001351.wav,edgetts,sichuan,SC-001351,zh-CN-YunxiNeural,0.0403,隐蔽(难检)
data/redteam/factory/edgetts/mandarin/edgetts_mandarin_zh-CN-YunyangNeural_SC-000213.wav,edgetts,mandarin,SC-000213,zh-CN-YunyangNeural,0.0403,隐蔽(难检)
data/redteam/factory/edgetts/dongbei/edgetts_dongbei_zh-CN-liaoning-XiaobeiNeural_SC-001088.wav,edgetts,dongbei,SC-001088,zh-CN-liaoning-XiaobeiNeural,0.0403,隐蔽(难检)
data/redteam/factory/sovits_api/sichuan/sovits_api_sichuan_ref_boot_edgetts_sichuan_zh-CN-XiaoxiaoNeural_SC-000010_SC-000222.wav,sovits_api,sichuan,SC-000222,ref_boot_edgetts_sichuan_zh-CN-XiaoxiaoNeural_SC-000010,0.0403,隐蔽(难检)
data/redteam/factory/edgetts/mandarin/edgetts_mandarin_zh-CN-YunjianNeural_SC-000002.wav,edgetts,mandarin,SC-000002,zh-CN-YunjianNeural,0.0404,隐蔽(难检)
data/redteam/factory/edgetts/mandarin/edgetts_mandarin_zh-CN-YunyangNeural_SC-000029.wav,edgetts,mandarin,SC-000029,zh-CN-YunyangNeural,0.0404,隐蔽(难检)
data/redteam/factory/edgetts/sichuan/edgetts_sichuan_zh-CN-YunxiNeural_SC-000099.wav,edgetts,sichuan,SC-000099,zh-CN-YunxiNeural,0.0404,隐蔽(难检)
data/redteam/factory/edgetts/mandarin/edgetts_mandarin_zh-CN-YunxiNeural_SC-000345.wav,edgetts,mandarin,SC-000345,zh-CN-YunxiNeural,0.0404,隐蔽(难检)
data/redteam/factory/edgetts/mandarin/edgetts_mandarin_zh-CN-XiaoxiaoNeural_SC-000276.wav,edgetts,mandarin,SC-000276,zh-CN-XiaoxiaoNeural,0.0404,隐蔽(难检)
data/redteam/factory/sovits_api/minnan/sovits_api_minnan_ref_boot_edgetts_minnan_zh-TW-HsiaoChenNeural_SC-000001_SC-000406.wav,sovits_api,minnan,SC-000406,ref_boot_edgetts_minnan_zh-TW-HsiaoChenNeural_SC-000001,0.0404,隐蔽(难检)
data/redteam/factory/edgetts/mandarin/edgetts_mandarin_zh-CN-XiaoxiaoNeural_SC-000005.wav,edgetts,mandarin,SC-000005,zh-CN-XiaoxiaoNeural,0.0405,隐蔽(难检)
data/redteam/factory/edgetts/sichuan/edgetts_sichuan_zh-CN-XiaoxiaoNeural_SC-000005.wav,edgetts,sichuan,SC-000005,zh-CN-XiaoxiaoNeural,0.0405,隐蔽(难检)
data/redteam/factory/edgetts/cantonese/edgetts_cantonese_zh-HK-WanLungNeural_SC-000228.wav,edgetts,cantonese,SC-000228,zh-HK-WanLungNeural,0.0405,隐蔽(难检)
data/redteam/factory/edgetts/sichuan/edgetts_sichuan_zh-CN-XiaoxiaoNeural_SC-000636.wav,edgetts,sichuan,SC-000636,zh-CN-XiaoxiaoNeural,0.0405,隐蔽(难检)
data/redteam/factory/edgetts/cantonese/edgetts_cantonese_zh-HK-WanLungNeural_SC-001262.wav,edgetts,cantonese,SC-001262,zh-HK-WanLungNeural,0.0405,隐蔽(难检)
data/redteam/factory/edgetts/henan/edgetts_henan_zh-CN-shaanxi-XiaoniNeural_SC-001334.wav,edgetts,henan,SC-001334,zh-CN-shaanxi-XiaoniNeural,0.0405,隐蔽(难检)
data/redteam/factory/edgetts/mandarin/edgetts_mandarin_zh-CN-YunjianNeural_SC-000310.wav,edgetts,mandarin,SC-000310,zh-CN-YunjianNeural,0.0405,隐蔽(难检)
data/redteam/factory/edgetts/dongbei/edgetts_dongbei_zh-CN-liaoning-XiaobeiNeural_SC-000492.wav,edgetts,dongbei,SC-000492,zh-CN-liaoning-XiaobeiNeural,0.0405,隐蔽(难检)
data/redteam/factory/sovits_api/minnan/sovits_api_minnan_ref_boot_edgetts_minnan_zh-TW-YunJheNeural_SC-000001_SC-000282.wav,sovits_api,minnan,SC-000282,ref_boot_edgetts_minnan_zh-TW-YunJheNeural_SC-000001,0.0405,隐蔽(难检)
data/redteam/factory/edgetts/mandarin/edgetts_mandarin_zh-CN-YunjianNeural_SC-000114.wav,edgetts,mandarin,SC-000114,zh-CN-YunjianNeural,0.0406,隐蔽(难检)
data/redteam/factory/edgetts/mandarin/edgetts_mandarin_zh-CN-YunyangNeural_SC-000034.wav,edgetts,mandarin,SC-000034,zh-CN-YunyangNeural,0.0406,隐蔽(难检)
data/redteam/factory/edgetts/dongbei/edgetts_dongbei_zh-CN-liaoning-XiaobeiNeural_SC-001378.wav,edgetts,dongbei,SC-001378,zh-CN-liaoning-XiaobeiNeural,0.0406,隐蔽(难检)
data/redteam/factory/edgetts/cantonese/edgetts_cantonese_zh-HK-WanLungNeural_SC-000487.wav,edgetts,cantonese,SC-000487,zh-HK-WanLungNeural,0.0406,隐蔽(难检)
data/redteam/factory/edgetts/sichuan/edgetts_sichuan_zh-CN-YunxiNeural_SC-000675.wav,edgetts,sichuan,SC-000675,zh-CN-YunxiNeural,0.0406,隐蔽(难检)
data/redteam/factory/edgetts/mandarin/edgetts_mandarin_zh-CN-YunxiNeural_SC-000030.wav,edgetts,mandarin,SC-000030,zh-CN-YunxiNeural,0.0407,隐蔽(难检)
data/redteam/factory/edgetts/cantonese/edgetts_cantonese_zh-HK-WanLungNeural_SC-000333.wav,edgetts,cantonese,SC-000333,zh-HK-WanLungNeural,0.0407,隐蔽(难检)
data/redteam/factory/edgetts/mandarin/edgetts_mandarin_zh-CN-YunjianNeural_SC-000404.wav,edgetts,mandarin,SC-000404,zh-CN-YunjianNeural,0.0407,隐蔽(难检)
data/redteam/factory/edgetts/sichuan/edgetts_sichuan_zh-CN-YunxiNeural_SC-001444.wav,edgetts,sichuan,SC-001444,zh-CN-YunxiNeural,0.0407,隐蔽(难检)
data/redteam/factory/edgetts/dongbei/edgetts_dongbei_zh-CN-liaoning-XiaobeiNeural_SC-001332.wav,edgetts,dongbei,SC-001332,zh-CN-liaoning-XiaobeiNeural,0.0407,隐蔽(难检)
data/redteam/factory/edgetts/dongbei/edgetts_dongbei_zh-CN-liaoning-XiaobeiNeural_SC-000877.wav,edgetts,dongbei,SC-000877,zh-CN-liaoning-XiaobeiNeural,0.0407,隐蔽(难检)
data/redteam/factory/edgetts/henan/edgetts_henan_zh-CN-shaanxi-XiaoniNeural_SC-000441.wav,edgetts,henan,SC-000441,zh-CN-shaanxi-XiaoniNeural,0.0407,隐蔽(难检)
data/redteam/factory/sovits_api/minnan/sovits_api_minnan_ref_boot_edgetts_minnan_zh-TW-HsiaoChenNeural_SC-000001_SC-000394.wav,sovits_api,minnan,SC-000394,ref_boot_edgetts_minnan_zh-TW-HsiaoChenNeural_SC-000001,0.0407,隐蔽(难检)
data/redteam/factory/edgetts/mandarin/edgetts_mandarin_zh-CN-YunyangNeural_SC-000198.wav,edgetts,mandarin,SC-000198,zh-CN-YunyangNeural,0.0408,隐蔽(难检)
data/redteam/factory/edgetts/sichuan/edgetts_sichuan_zh-CN-YunxiNeural_SC-000657.wav,edgetts,sichuan,SC-000657,zh-CN-YunxiNeural,0.0408,隐蔽(难检)
data/redteam/factory/edgetts/dongbei/edgetts_dongbei_zh-CN-liaoning-XiaobeiNeural_SC-001517.wav,edgetts,dongbei,SC-001517,zh-CN-liaoning-XiaobeiNeural,0.0408,隐蔽(难检)
data/redteam/factory/edgetts/mandarin/edgetts_mandarin_zh-CN-YunyangNeural_SC-000224.wav,edgetts,mandarin,SC-000224,zh-CN-YunyangNeural,0.0408,隐蔽(难检)
data/redteam/factory/edgetts/mandarin/edgetts_mandarin_zh-CN-YunjianNeural_SC-000276.wav,edgetts,mandarin,SC-000276,zh-CN-YunjianNeural,0.0409,隐蔽(难检)
data/redteam/factory/edgetts/henan/edgetts_henan_zh-CN-shaanxi-XiaoniNeural_SC-001183.wav,edgetts,henan,SC-001183,zh-CN-shaanxi-XiaoniNeural,0.0409,隐蔽(难检)
data/redteam/factory/edgetts/mandarin/edgetts_mandarin_zh-CN-YunxiNeural_SC-000091.wav,edgetts,mandarin,SC-000091,zh-CN-YunxiNeural,0.041,隐蔽(难检)
data/redteam/factory/edgetts/cantonese/edgetts_cantonese_zh-HK-WanLungNeural_SC-000352.wav,edgetts,cantonese,SC-000352,zh-HK-WanLungNeural,0.041,隐蔽(难检)
data/redteam/factory/edgetts/mandarin/edgetts_mandarin_zh-CN-YunjianNeural_SC-000152.wav,edgetts,mandarin,SC-000152,zh-CN-YunjianNeural,0.041,隐蔽(难检)
data/redteam/factory/edgetts/dongbei/edgetts_dongbei_zh-CN-liaoning-XiaobeiNeural_SC-001625.wav,edgetts,dongbei,SC-001625,zh-CN-liaoning-XiaobeiNeural,0.041,隐蔽(难检)
data/redteam/factory/edgetts/mandarin/edgetts_mandarin_zh-CN-YunxiNeural_SC-000496.wav,edgetts,mandarin,SC-000496,zh-CN-YunxiNeural,0.041,隐蔽(难检)
data/redteam/factory/edgetts/mandarin/edgetts_mandarin_zh-CN-YunjianNeural_SC-000176.wav,edgetts,mandarin,SC-000176,zh-CN-YunjianNeural,0.041,隐蔽(难检)
data/redteam/factory/sovits_api/sichuan/sovits_api_sichuan_ref_boot_edgetts_sichuan_zh-CN-XiaoxiaoNeural_SC-000010_SC-000251.wav,sovits_api,sichuan,SC-000251,ref_boot_edgetts_sichuan_zh-CN-XiaoxiaoNeural_SC-000010,0.041,隐蔽(难检)
data/redteam/factory/edgetts/mandarin/edgetts_mandarin_zh-CN-YunxiNeural_SC-000060.wav,edgetts,mandarin,SC-000060,zh-CN-YunxiNeural,0.0411,隐蔽(难检)
data/redteam/factory/edgetts/mandarin/edgetts_mandarin_zh-CN-YunjianNeural_SC-000044.wav,edgetts,mandarin,SC-000044,zh-CN-YunjianNeural,0.0411,隐蔽(难检)
data/redteam/factory/edgetts/sichuan/edgetts_sichuan_zh-CN-YunxiNeural_SC-000891.wav,edgetts,sichuan,SC-000891,zh-CN-YunxiNeural,0.0411,隐蔽(难检)
data/redteam/factory/edgetts/dongbei/edgetts_dongbei_zh-CN-liaoning-XiaobeiNeural_SC-000698.wav,edgetts,dongbei,SC-000698,zh-CN-liaoning-XiaobeiNeural,0.0411,隐蔽(难检)
data/redteam/factory/edgetts/sichuan/edgetts_sichuan_zh-CN-XiaoxiaoNeural_SC-000372.wav,edgetts,sichuan,SC-000372,zh-CN-XiaoxiaoNeural,0.0411,隐蔽(难检)
data/redteam/factory/edgetts/dongbei/edgetts_dongbei_zh-CN-liaoning-XiaobeiNeural_SC-000968.wav,edgetts,dongbei,SC-000968,zh-CN-liaoning-XiaobeiNeural,0.0411,隐蔽(难检)
data/redteam/factory/edgetts/mandarin/edgetts_mandarin_zh-CN-YunxiNeural_SC-000002.wav,edgetts,mandarin,SC-000002,zh-CN-YunxiNeural,0.0412,隐蔽(难检)
data/redteam/factory/edgetts/sichuan/edgetts_sichuan_zh-CN-YunxiNeural_SC-000002.wav,edgetts,sichuan,SC-000002,zh-CN-YunxiNeural,0.0412,隐蔽(难检)
data/redteam/factory/edgetts/mandarin/edgetts_mandarin_zh-CN-YunxiNeural_SC-000120.wav,edgetts,mandarin,SC-000120,zh-CN-YunxiNeural,0.0412,隐蔽(难检)
data/redteam/factory/edgetts/mandarin/edgetts_mandarin_zh-CN-XiaoxiaoNeural_SC-000047.wav,edgetts,mandarin,SC-000047,zh-CN-XiaoxiaoNeural,0.0412,隐蔽(难检)
data/redteam/factory/edgetts/sichuan/edgetts_sichuan_zh-CN-XiaoxiaoNeural_SC-000268.wav,edgetts,sichuan,SC-000268,zh-CN-XiaoxiaoNeural,0.0412,隐蔽(难检)
data/redteam/factory/edgetts/mandarin/edgetts_mandarin_zh-CN-YunxiNeural_SC-000386.wav,edgetts,mandarin,SC-000386,zh-CN-YunxiNeural,0.0412,隐蔽(难检)
data/redteam/factory/edgetts/sichuan/edgetts_sichuan_zh-CN-XiaoxiaoNeural_SC-000812.wav,edgetts,sichuan,SC-000812,zh-CN-XiaoxiaoNeural,0.0412,隐蔽(难检)
data/redteam/factory/edgetts/sichuan/edgetts_sichuan_zh-CN-XiaoxiaoNeural_SC-001369.wav,edgetts,sichuan,SC-001369,zh-CN-XiaoxiaoNeural,0.0412,隐蔽(难检)
data/redteam/factory/edgetts/sichuan/edgetts_sichuan_zh-CN-YunxiNeural_SC-001314.wav,edgetts,sichuan,SC-001314,zh-CN-YunxiNeural,0.0412,隐蔽(难检)
data/redteam/factory/edgetts/mandarin/edgetts_mandarin_zh-CN-XiaoxiaoNeural_SC-000374.wav,edgetts,mandarin,SC-000374,zh-CN-XiaoxiaoNeural,0.0413,隐蔽(难检)
data/redteam/factory/edgetts/dongbei/edgetts_dongbei_zh-CN-liaoning-XiaobeiNeural_SC-001128.wav,edgetts,dongbei,SC-001128,zh-CN-liaoning-XiaobeiNeural,0.0413,隐蔽(难检)
data/redteam/factory/sovits_api/mandarin/sovits_api_mandarin_ref_boot_edgetts_mandarin_zh-CN-XiaoxiaoNeural_SC-000007_seg8s_SC-000036.wav,sovits_api,mandarin,SC-000036,ref_boot_edgetts_mandarin_zh-CN-XiaoxiaoNeural_SC-000007_seg8s,0.0413,隐蔽(难检)
data/redteam/factory/sovits_api/henan/sovits_api_henan_ref_boot_edgetts_henan_zh-CN-shaanxi-XiaoniNeural_SC-000009_seg8s_SC-000088.wav,sovits_api,henan,SC-000088,ref_boot_edgetts_henan_zh-CN-shaanxi-XiaoniNeural_SC-000009_seg8s,0.0413,隐蔽(难检)
data/redteam/factory/edgetts/mandarin/edgetts_mandarin_zh-CN-YunyangNeural_SC-000030.wav,edgetts,mandarin,SC-000030,zh-CN-YunyangNeural,0.0414,隐蔽(难检)
data/redteam/factory/edgetts/dongbei/edgetts_dongbei_zh-CN-liaoning-XiaobeiNeural_SC-000843.wav,edgetts,dongbei,SC-000843,zh-CN-liaoning-XiaobeiNeural,0.0414,隐蔽(难检)
data/redteam/factory/edgetts/mandarin/edgetts_mandarin_zh-CN-YunjianNeural_SC-000171.wav,edgetts,mandarin,SC-000171,zh-CN-YunjianNeural,0.0414,隐蔽(难检)
data/redteam/factory/edgetts/mandarin/edgetts_mandarin_zh-CN-XiaoxiaoNeural_SC-000455.wav,edgetts,mandarin,SC-000455,zh-CN-XiaoxiaoNeural,0.0414,隐蔽(难检)
data/redteam/factory/edgetts/mandarin/edgetts_mandarin_zh-CN-YunxiNeural_SC-000440.wav,edgetts,mandarin,SC-000440,zh-CN-YunxiNeural,0.0414,隐蔽(难检)
data/redteam/factory/edgetts/dongbei/edgetts_dongbei_zh-CN-liaoning-XiaobeiNeural_SC-000124.wav,edgetts,dongbei,SC-000124,zh-CN-liaoning-XiaobeiNeural,0.0415,隐蔽(难检)
data/redteam/factory/edgetts/sichuan/edgetts_sichuan_zh-CN-XiaoxiaoNeural_SC-001327.wav,edgetts,sichuan,SC-001327,zh-CN-XiaoxiaoNeural,0.0415,隐蔽(难检)
data/redteam/factory/edgetts/mandarin/edgetts_mandarin_zh-CN-YunxiNeural_SC-000356.wav,edgetts,mandarin,SC-000356,zh-CN-YunxiNeural,0.0415,隐蔽(难检)
data/redteam/factory/edgetts/dongbei/edgetts_dongbei_zh-CN-liaoning-XiaobeiNeural_SC-000990.wav,edgetts,dongbei,SC-000990,zh-CN-liaoning-XiaobeiNeural,0.0415,隐蔽(难检)
data/redteam/factory/edgetts/henan/edgetts_henan_zh-CN-shaanxi-XiaoniNeural_SC-000600.wav,edgetts,henan,SC-000600,zh-CN-shaanxi-XiaoniNeural,0.0415,隐蔽(难检)
data/redteam/factory/sovits_api/minnan/sovits_api_minnan_ref_boot_edgetts_minnan_zh-TW-HsiaoChenNeural_SC-000001_SC-000391.wav,sovits_api,minnan,SC-000391,ref_boot_edgetts_minnan_zh-TW-HsiaoChenNeural_SC-000001,0.0415,隐蔽(难检)
data/redteam/factory/edgetts/mandarin/edgetts_mandarin_zh-CN-XiaoxiaoNeural_SC-000060.wav,edgetts,mandarin,SC-000060,zh-CN-XiaoxiaoNeural,0.0416,隐蔽(难检)
data/redteam/factory/edgetts/sichuan/edgetts_sichuan_zh-CN-XiaoxiaoNeural_SC-001234.wav,edgetts,sichuan,SC-001234,zh-CN-XiaoxiaoNeural,0.0416,隐蔽(难检)
data/redteam/factory/edgetts/henan/edgetts_henan_zh-CN-shaanxi-XiaoniNeural_SC-000993.wav,edgetts,henan,SC-000993,zh-CN-shaanxi-XiaoniNeural,0.0416,隐蔽(难检)
data/redteam/factory/edgetts/henan/edgetts_henan_zh-CN-shaanxi-XiaoniNeural_SC-001475.wav,edgetts,henan,SC-001475,zh-CN-shaanxi-XiaoniNeural,0.0416,隐蔽(难检)
data/redteam/factory/edgetts/cantonese/edgetts_cantonese_zh-HK-WanLungNeural_SC-000515.wav,edgetts,cantonese,SC-000515,zh-HK-WanLungNeural,0.0416,隐蔽(难检)
data/redteam/factory/edgetts/henan/edgetts_henan_zh-CN-shaanxi-XiaoniNeural_SC-001552.wav,edgetts,henan,SC-001552,zh-CN-shaanxi-XiaoniNeural,0.0416,隐蔽(难检)
data/redteam/factory/edgetts/mandarin/edgetts_mandarin_zh-CN-XiaoxiaoNeural_SC-000360.wav,edgetts,mandarin,SC-000360,zh-CN-XiaoxiaoNeural,0.0416,隐蔽(难检)
data/redteam/factory/edgetts/henan/edgetts_henan_zh-CN-shaanxi-XiaoniNeural_SC-000851.wav,edgetts,henan,SC-000851,zh-CN-shaanxi-XiaoniNeural,0.0416,隐蔽(难检)
data/redteam/factory/edgetts/henan/edgetts_henan_zh-CN-shaanxi-XiaoniNeural_SC-001510.wav,edgetts,henan,SC-001510,zh-CN-shaanxi-XiaoniNeural,0.0416,隐蔽(难检)
data/redteam/factory/edgetts/sichuan/edgetts_sichuan_zh-CN-YunxiNeural_SC-000615.wav,edgetts,sichuan,SC-000615,zh-CN-YunxiNeural,0.0417,隐蔽(难检)
data/redteam/factory/edgetts/mandarin/edgetts_mandarin_zh-CN-YunxiNeural_SC-000134.wav,edgetts,mandarin,SC-000134,zh-CN-YunxiNeural,0.0417,隐蔽(难检)
data/redteam/factory/edgetts/mandarin/edgetts_mandarin_zh-CN-YunjianNeural_SC-000213.wav,edgetts,mandarin,SC-000213,zh-CN-YunjianNeural,0.0417,隐蔽(难检)
data/redteam/factory/edgetts/mandarin/edgetts_mandarin_zh-CN-YunjianNeural_SC-000279.wav,edgetts,mandarin,SC-000279,zh-CN-YunjianNeural,0.0417,隐蔽(难检)
data/redteam/factory/edgetts/cantonese/edgetts_cantonese_zh-HK-WanLungNeural_SC-000025.wav,edgetts,cantonese,SC-000025,zh-HK-WanLungNeural,0.0418,隐蔽(难检)
data/redteam/factory/edgetts/mandarin/edgetts_mandarin_zh-CN-XiaoxiaoNeural_SC-000331.wav,edgetts,mandarin,SC-000331,zh-CN-XiaoxiaoNeural,0.0418,隐蔽(难检)
data/redteam/factory/edgetts/mandarin/edgetts_mandarin_zh-CN-YunxiNeural_SC-000292.wav,edgetts,mandarin,SC-000292,zh-CN-YunxiNeural,0.0418,隐蔽(难检)
data/redteam/factory/edgetts/mandarin/edgetts_mandarin_zh-CN-YunxiNeural_SC-000507.wav,edgetts,mandarin,SC-000507,zh-CN-YunxiNeural,0.0418,隐蔽(难检)
data/redteam/factory/edgetts/sichuan/edgetts_sichuan_zh-CN-YunxiNeural_SC-001195.wav,edgetts,sichuan,SC-001195,zh-CN-YunxiNeural,0.0418,隐蔽(难检)
data/redteam/factory/edgetts/cantonese/edgetts_cantonese_zh-HK-WanLungNeural_SC-001005.wav,edgetts,cantonese,SC-001005,zh-HK-WanLungNeural,0.0418,隐蔽(难检)
data/redteam/factory/edgetts/sichuan/edgetts_sichuan_zh-CN-YunxiNeural_SC-001375.wav,edgetts,sichuan,SC-001375,zh-CN-YunxiNeural,0.0418,隐蔽(难检)
data/redteam/factory/edgetts/henan/edgetts_henan_zh-CN-shaanxi-XiaoniNeural_SC-001458.wav,edgetts,henan,SC-001458,zh-CN-shaanxi-XiaoniNeural,0.0418,隐蔽(难检)
data/redteam/factory/edgetts/sichuan/edgetts_sichuan_zh-CN-XiaoxiaoNeural_SC-000380.wav,edgetts,sichuan,SC-000380,zh-CN-XiaoxiaoNeural,0.0419,隐蔽(难检)
data/redteam/factory/edgetts/cantonese/edgetts_cantonese_zh-HK-WanLungNeural_SC-001129.wav,edgetts,cantonese,SC-001129,zh-HK-WanLungNeural,0.0419,隐蔽(难检)
data/redteam/factory/edgetts/mandarin/edgetts_mandarin_zh-CN-YunyangNeural_SC-000201.wav,edgetts,mandarin,SC-000201,zh-CN-YunyangNeural,0.042,隐蔽(难检)
data/redteam/factory/edgetts/dongbei/edgetts_dongbei_zh-CN-liaoning-XiaobeiNeural_SC-000416.wav,edgetts,dongbei,SC-000416,zh-CN-liaoning-XiaobeiNeural,0.042,隐蔽(难检)
data/redteam/factory/edgetts/mandarin/edgetts_mandarin_zh-CN-YunyangNeural_SC-000455.wav,edgetts,mandarin,SC-000455,zh-CN-YunyangNeural,0.042,隐蔽(难检)
data/redteam/factory/edgetts/sichuan/edgetts_sichuan_zh-CN-YunxiNeural_SC-000901.wav,edgetts,sichuan,SC-000901,zh-CN-YunxiNeural,0.042,隐蔽(难检)
data/redteam/factory/edgetts/mandarin/edgetts_mandarin_zh-CN-XiaoxiaoNeural_SC-000398.wav,edgetts,mandarin,SC-000398,zh-CN-XiaoxiaoNeural,0.0421,隐蔽(难检)
data/redteam/factory/edgetts/mandarin/edgetts_mandarin_zh-CN-YunyangNeural_SC-000341.wav,edgetts,mandarin,SC-000341,zh-CN-YunyangNeural,0.0421,隐蔽(难检)
data/redteam/factory/edgetts/dongbei/edgetts_dongbei_zh-CN-liaoning-XiaobeiNeural_SC-000839.wav,edgetts,dongbei,SC-000839,zh-CN-liaoning-XiaobeiNeural,0.0421,隐蔽(难检)
data/redteam/factory/edgetts/mandarin/edgetts_mandarin_zh-CN-YunxiNeural_SC-000114.wav,edgetts,mandarin,SC-000114,zh-CN-YunxiNeural,0.0422,隐蔽(难检)
data/redteam/factory/edgetts/dongbei/edgetts_dongbei_zh-CN-liaoning-XiaobeiNeural_SC-000084.wav,edgetts,dongbei,SC-000084,zh-CN-liaoning-XiaobeiNeural,0.0422,隐蔽(难检)
data/redteam/factory/edgetts/cantonese/edgetts_cantonese_zh-HK-WanLungNeural_SC-001528.wav,edgetts,cantonese,SC-001528,zh-HK-WanLungNeural,0.0422,隐蔽(难检)
data/redteam/factory/edgetts/mandarin/edgetts_mandarin_zh-CN-YunjianNeural_SC-000182.wav,edgetts,mandarin,SC-000182,zh-CN-YunjianNeural,0.0422,隐蔽(难检)
data/redteam/factory/edgetts/mandarin/edgetts_mandarin_zh-CN-YunxiNeural_SC-000461.wav,edgetts,mandarin,SC-000461,zh-CN-YunxiNeural,0.0422,隐蔽(难检)
data/redteam/factory/edgetts/cantonese/edgetts_cantonese_zh-HK-WanLungNeural_SC-000649.wav,edgetts,cantonese,SC-000649,zh-HK-WanLungNeural,0.0422,隐蔽(难检)
data/redteam/factory/sovits_api/minnan/sovits_api_minnan_ref_boot_edgetts_minnan_zh-TW-YunJheNeural_SC-000001_SC-000071.wav,sovits_api,minnan,SC-000071,ref_boot_edgetts_minnan_zh-TW-YunJheNeural_SC-000001,0.0422,隐蔽(难检)
data/redteam/factory/edgetts/mandarin/edgetts_mandarin_zh-CN-YunxiNeural_SC-000021.wav,edgetts,mandarin,SC-000021,zh-CN-YunxiNeural,0.0423,隐蔽(难检)
data/redteam/factory/edgetts/sichuan/edgetts_sichuan_zh-CN-YunxiNeural_SC-000021.wav,edgetts,sichuan,SC-000021,zh-CN-YunxiNeural,0.0423,隐蔽(难检)
data/redteam/factory/edgetts/mandarin/edgetts_mandarin_zh-CN-YunyangNeural_SC-000091.wav,edgetts,mandarin,SC-000091,zh-CN-YunyangNeural,0.0423,隐蔽(难检)
data/redteam/factory/edgetts/mandarin/edgetts_mandarin_zh-CN-YunjianNeural_SC-000311.wav,edgetts,mandarin,SC-000311,zh-CN-YunjianNeural,0.0423,隐蔽(难检)
data/redteam/factory/edgetts/sichuan/edgetts_sichuan_zh-CN-XiaoxiaoNeural_SC-000673.wav,edgetts,sichuan,SC-000673,zh-CN-XiaoxiaoNeural,0.0423,隐蔽(难检)
data/redteam/factory/edgetts/cantonese/edgetts_cantonese_zh-HK-WanLungNeural_SC-001118.wav,edgetts,cantonese,SC-001118,zh-HK-WanLungNeural,0.0423,隐蔽(难检)
data/redteam/factory/edgetts/sichuan/edgetts_sichuan_zh-CN-YunxiNeural_SC-001210.wav,edgetts,sichuan,SC-001210,zh-CN-YunxiNeural,0.0423,隐蔽(难检)
data/redteam/factory/edgetts/mandarin/edgetts_mandarin_zh-CN-XiaoxiaoNeural_SC-000003.wav,edgetts,mandarin,SC-000003,zh-CN-XiaoxiaoNeural,0.0424,隐蔽(难检)
data/redteam/factory/edgetts/sichuan/edgetts_sichuan_zh-CN-XiaoxiaoNeural_SC-000003.wav,edgetts,sichuan,SC-000003,zh-CN-XiaoxiaoNeural,0.0424,隐蔽(难检)
data/redteam/factory/edgetts/sichuan/edgetts_sichuan_zh-CN-YunxiNeural_SC-000165.wav,edgetts,sichuan,SC-000165,zh-CN-YunxiNeural,0.0424,隐蔽(难检)
data/redteam/factory/edgetts/mandarin/edgetts_mandarin_zh-CN-YunxiNeural_SC-000497.wav,edgetts,mandarin,SC-000497,zh-CN-YunxiNeural,0.0424,隐蔽(难检)
data/redteam/factory/edgetts/mandarin/edgetts_mandarin_zh-CN-YunjianNeural_SC-000444.wav,edgetts,mandarin,SC-000444,zh-CN-YunjianNeural,0.0424,隐蔽(难检)
data/redteam/factory/edgetts/dongbei/edgetts_dongbei_zh-CN-liaoning-XiaobeiNeural_SC-001241.wav,edgetts,dongbei,SC-001241,zh-CN-liaoning-XiaobeiNeural,0.0424,隐蔽(难检)
data/redteam/factory/edgetts/sichuan/edgetts_sichuan_zh-CN-YunxiNeural_SC-000429.wav,edgetts,sichuan,SC-000429,zh-CN-YunxiNeural,0.0424,隐蔽(难检)
data/redteam/factory/edgetts/sichuan/edgetts_sichuan_zh-CN-XiaoxiaoNeural_SC-001323.wav,edgetts,sichuan,SC-001323,zh-CN-XiaoxiaoNeural,0.0424,隐蔽(难检)
data/redteam/factory/edgetts/mandarin/edgetts_mandarin_zh-CN-YunjianNeural_SC-000024.wav,edgetts,mandarin,SC-000024,zh-CN-YunjianNeural,0.0425,隐蔽(难检)
data/redteam/factory/edgetts/mandarin/edgetts_mandarin_zh-CN-YunyangNeural_SC-000311.wav,edgetts,mandarin,SC-000311,zh-CN-YunyangNeural,0.0425,隐蔽(难检)
data/redteam/factory/edgetts/sichuan/edgetts_sichuan_zh-CN-YunxiNeural_SC-000743.wav,edgetts,sichuan,SC-000743,zh-CN-YunxiNeural,0.0425,隐蔽(难检)
data/redteam/factory/edgetts/henan/edgetts_henan_zh-CN-shaanxi-XiaoniNeural_SC-001114.wav,edgetts,henan,SC-001114,zh-CN-shaanxi-XiaoniNeural,0.0425,隐蔽(难检)
data/redteam/factory/edgetts/mandarin/edgetts_mandarin_zh-CN-XiaoxiaoNeural_SC-000461.wav,edgetts,mandarin,SC-000461,zh-CN-XiaoxiaoNeural,0.0425,隐蔽(难检)
data/redteam/factory/edgetts/mandarin/edgetts_mandarin_zh-CN-YunxiNeural_SC-000393.wav,edgetts,mandarin,SC-000393,zh-CN-YunxiNeural,0.0426,隐蔽(难检)
data/redteam/factory/edgetts/mandarin/edgetts_mandarin_zh-CN-YunxiNeural_SC-000332.wav,edgetts,mandarin,SC-000332,zh-CN-YunxiNeural,0.0426,隐蔽(难检)
data/redteam/factory/edgetts/mandarin/edgetts_mandarin_zh-CN-XiaoxiaoNeural_SC-000272.wav,edgetts,mandarin,SC-000272,zh-CN-XiaoxiaoNeural,0.0426,隐蔽(难检)
data/redteam/factory/edgetts/henan/edgetts_henan_zh-CN-shaanxi-XiaoniNeural_SC-000028.wav,edgetts,henan,SC-000028,zh-CN-shaanxi-XiaoniNeural,0.0427,隐蔽(难检)
data/redteam/factory/edgetts/sichuan/edgetts_sichuan_zh-CN-YunxiNeural_SC-000244.wav,edgetts,sichuan,SC-000244,zh-CN-YunxiNeural,0.0427,隐蔽(难检)
data/redteam/factory/edgetts/cantonese/edgetts_cantonese_zh-HK-WanLungNeural_SC-000419.wav,edgetts,cantonese,SC-000419,zh-HK-WanLungNeural,0.0427,隐蔽(难检)
data/redteam/factory/edgetts/henan/edgetts_henan_zh-CN-shaanxi-XiaoniNeural_SC-000479.wav,edgetts,henan,SC-000479,zh-CN-shaanxi-XiaoniNeural,0.0427,隐蔽(难检)
data/redteam/factory/edgetts/henan/edgetts_henan_zh-CN-shaanxi-XiaoniNeural_SC-000531.wav,edgetts,henan,SC-000531,zh-CN-shaanxi-XiaoniNeural,0.0427,隐蔽(难检)
data/redteam/factory/edgetts/mandarin/edgetts_mandarin_zh-CN-YunjianNeural_SC-000023.wav,edgetts,mandarin,SC-000023,zh-CN-YunjianNeural,0.0428,隐蔽(难检)
data/redteam/factory/edgetts/mandarin/edgetts_mandarin_zh-CN-YunxiNeural_SC-000047.wav,edgetts,mandarin,SC-000047,zh-CN-YunxiNeural,0.0428,隐蔽(难检)
data/redteam/factory/edgetts/mandarin/edgetts_mandarin_zh-CN-XiaoxiaoNeural_SC-000327.wav,edgetts,mandarin,SC-000327,zh-CN-XiaoxiaoNeural,0.0428,隐蔽(难检)
data/redteam/factory/edgetts/sichuan/edgetts_sichuan_zh-CN-YunxiNeural_SC-001176.wav,edgetts,sichuan,SC-001176,zh-CN-YunxiNeural,0.0428,隐蔽(难检)
data/redteam/factory/edgetts/mandarin/edgetts_mandarin_zh-CN-YunyangNeural_SC-000074.wav,edgetts,mandarin,SC-000074,zh-CN-YunyangNeural,0.0429,隐蔽(难检)
data/redteam/factory/edgetts/sichuan/edgetts_sichuan_zh-CN-YunxiNeural_SC-000708.wav,edgetts,sichuan,SC-000708,zh-CN-YunxiNeural,0.0429,隐蔽(难检)
data/redteam/factory/edgetts/sichuan/edgetts_sichuan_zh-CN-XiaoxiaoNeural_SC-000831.wav,edgetts,sichuan,SC-000831,zh-CN-XiaoxiaoNeural,0.0429,隐蔽(难检)
data/redteam/factory/edgetts/mandarin/edgetts_mandarin_zh-CN-YunyangNeural_SC-000364.wav,edgetts,mandarin,SC-000364,zh-CN-YunyangNeural,0.0429,隐蔽(难检)
data/redteam/factory/edgetts/mandarin/edgetts_mandarin_zh-CN-XiaoxiaoNeural_SC-000006.wav,edgetts,mandarin,SC-000006,zh-CN-XiaoxiaoNeural,0.043,隐蔽(难检)
data/redteam/factory/edgetts/sichuan/edgetts_sichuan_zh-CN-XiaoxiaoNeural_SC-000006.wav,edgetts,sichuan,SC-000006,zh-CN-XiaoxiaoNeural,0.043,隐蔽(难检)
data/redteam/factory/edgetts/sichuan/edgetts_sichuan_zh-CN-YunxiNeural_SC-001451.wav,edgetts,sichuan,SC-001451,zh-CN-YunxiNeural,0.043,隐蔽(难检)
data/redteam/factory/edgetts/mandarin/edgetts_mandarin_zh-CN-YunyangNeural_SC-000313.wav,edgetts,mandarin,SC-000313,zh-CN-YunyangNeural,0.043,隐蔽(难检)
data/redteam/factory/edgetts/mandarin/edgetts_mandarin_zh-CN-YunjianNeural_SC-000037.wav,edgetts,mandarin,SC-000037,zh-CN-YunjianNeural,0.0431,隐蔽(难检)
data/redteam/factory/edgetts/sichuan/edgetts_sichuan_zh-CN-YunxiNeural_SC-000361.wav,edgetts,sichuan,SC-000361,zh-CN-YunxiNeural,0.0431,隐蔽(难检)
data/redteam/factory/edgetts/henan/edgetts_henan_zh-CN-shaanxi-XiaoniNeural_SC-001420.wav,edgetts,henan,SC-001420,zh-CN-shaanxi-XiaoniNeural,0.0431,隐蔽(难检)
data/redteam/factory/edgetts/mandarin/edgetts_mandarin_zh-CN-YunxiNeural_SC-000173.wav,edgetts,mandarin,SC-000173,zh-CN-YunxiNeural,0.0431,隐蔽(难检)
data/redteam/factory/edgetts/mandarin/edgetts_mandarin_zh-CN-XiaoxiaoNeural_SC-000072.wav,edgetts,mandarin,SC-000072,zh-CN-XiaoxiaoNeural,0.0432,隐蔽(难检)
data/redteam/factory/edgetts/cantonese/edgetts_cantonese_zh-HK-WanLungNeural_SC-000410.wav,edgetts,cantonese,SC-000410,zh-HK-WanLungNeural,0.0432,隐蔽(难检)
data/redteam/factory/sovits_api/sichuan/sovits_api_sichuan_ref_boot_edgetts_sichuan_zh-CN-XiaoxiaoNeural_SC-000010_SC-000186.wav,sovits_api,sichuan,SC-000186,ref_boot_edgetts_sichuan_zh-CN-XiaoxiaoNeural_SC-000010,0.0432,隐蔽(难检)
data/redteam/factory/edgetts/mandarin/edgetts_mandarin_zh-CN-YunyangNeural_SC-000104.wav,edgetts,mandarin,SC-000104,zh-CN-YunyangNeural,0.0433,隐蔽(难检)
data/redteam/factory/edgetts/henan/edgetts_henan_zh-CN-shaanxi-XiaoniNeural_SC-000420.wav,edgetts,henan,SC-000420,zh-CN-shaanxi-XiaoniNeural,0.0433,隐蔽(难检)
data/redteam/factory/edgetts/dongbei/edgetts_dongbei_zh-CN-liaoning-XiaobeiNeural_SC-001527.wav,edgetts,dongbei,SC-001527,zh-CN-liaoning-XiaobeiNeural,0.0433,隐蔽(难检)
data/redteam/factory/edgetts/cantonese/edgetts_cantonese_zh-HK-WanLungNeural_SC-001188.wav,edgetts,cantonese,SC-001188,zh-HK-WanLungNeural,0.0433,隐蔽(难检)
data/redteam/factory/edgetts/sichuan/edgetts_sichuan_zh-CN-XiaoxiaoNeural_SC-001057.wav,edgetts,sichuan,SC-001057,zh-CN-XiaoxiaoNeural,0.0433,隐蔽(难检)
data/redteam/factory/sovits_api/sichuan/sovits_api_sichuan_ref_boot_edgetts_sichuan_zh-CN-YunxiNeural_SC-000010_SC-000263.wav,sovits_api,sichuan,SC-000263,ref_boot_edgetts_sichuan_zh-CN-YunxiNeural_SC-000010,0.0433,隐蔽(难检)
data/redteam/factory/edgetts/mandarin/edgetts_mandarin_zh-CN-XiaoxiaoNeural_SC-000017.wav,edgetts,mandarin,SC-000017,zh-CN-XiaoxiaoNeural,0.0434,隐蔽(难检)
data/redteam/factory/edgetts/mandarin/edgetts_mandarin_zh-CN-YunyangNeural_SC-000010.wav,edgetts,mandarin,SC-000010,zh-CN-YunyangNeural,0.0434,隐蔽(难检)
data/redteam/factory/edgetts/sichuan/edgetts_sichuan_zh-CN-XiaoxiaoNeural_SC-000017.wav,edgetts,sichuan,SC-000017,zh-CN-XiaoxiaoNeural,0.0434,隐蔽(难检)
data/redteam/factory/edgetts/henan/edgetts_henan_zh-CN-shaanxi-XiaoniNeural_SC-000019.wav,edgetts,henan,SC-000019,zh-CN-shaanxi-XiaoniNeural,0.0434,隐蔽(难检)
data/redteam/factory/edgetts/mandarin/edgetts_mandarin_zh-CN-YunxiNeural_SC-000510.wav,edgetts,mandarin,SC-000510,zh-CN-YunxiNeural,0.0434,隐蔽(难检)
data/redteam/factory/edgetts/sichuan/edgetts_sichuan_zh-CN-YunxiNeural_SC-001369.wav,edgetts,sichuan,SC-001369,zh-CN-YunxiNeural,0.0434,隐蔽(难检)
data/redteam/factory/edgetts/cantonese/edgetts_cantonese_zh-HK-WanLungNeural_SC-001615.wav,edgetts,cantonese,SC-001615,zh-HK-WanLungNeural,0.0434,隐蔽(难检)
data/redteam/factory/edgetts/cantonese/edgetts_cantonese_zh-HK-WanLungNeural_SC-001260.wav,edgetts,cantonese,SC-001260,zh-HK-WanLungNeural,0.0434,隐蔽(难检)
data/redteam/factory/sovits_api/dongbei/sovits_api_dongbei_ref_boot_edgetts_dongbei_zh-CN-liaoning-XiaobeiNeural_SC-000002_seg8s_SC-000294.wav,sovits_api,dongbei,SC-000294,ref_boot_edgetts_dongbei_zh-CN-liaoning-XiaobeiNeural_SC-000002_seg8s,0.0434,隐蔽(难检)
data/redteam/factory/edgetts/mandarin/edgetts_mandarin_zh-CN-YunxiNeural_SC-000371.wav,edgetts,mandarin,SC-000371,zh-CN-YunxiNeural,0.0435,隐蔽(难检)
data/redteam/factory/edgetts/sichuan/edgetts_sichuan_zh-CN-YunxiNeural_SC-000127.wav,edgetts,sichuan,SC-000127,zh-CN-YunxiNeural,0.0436,隐蔽(难检)
data/redteam/factory/edgetts/dongbei/edgetts_dongbei_zh-CN-liaoning-XiaobeiNeural_SC-000520.wav,edgetts,dongbei,SC-000520,zh-CN-liaoning-XiaobeiNeural,0.0436,隐蔽(难检)
data/redteam/factory/edgetts/mandarin/edgetts_mandarin_zh-CN-YunxiNeural_SC-000230.wav,edgetts,mandarin,SC-000230,zh-CN-YunxiNeural,0.0436,隐蔽(难检)
data/redteam/factory/edgetts/mandarin/edgetts_mandarin_zh-CN-YunjianNeural_SC-000400.wav,edgetts,mandarin,SC-000400,zh-CN-YunjianNeural,0.0436,隐蔽(难检)
data/redteam/factory/edgetts/mandarin/edgetts_mandarin_zh-CN-YunyangNeural_SC-000440.wav,edgetts,mandarin,SC-000440,zh-CN-YunyangNeural,0.0436,隐蔽(难检)
data/redteam/factory/edgetts/mandarin/edgetts_mandarin_zh-CN-YunyangNeural_SC-000045.wav,edgetts,mandarin,SC-000045,zh-CN-YunyangNeural,0.0437,隐蔽(难检)
data/redteam/factory/edgetts/mandarin/edgetts_mandarin_zh-CN-XiaoxiaoNeural_SC-000269.wav,edgetts,mandarin,SC-000269,zh-CN-XiaoxiaoNeural,0.0437,隐蔽(难检)
data/redteam/factory/sovits_api/sichuan/sovits_api_sichuan_ref_boot_edgetts_sichuan_zh-CN-YunxiNeural_SC-000010_SC-000178.wav,sovits_api,sichuan,SC-000178,ref_boot_edgetts_sichuan_zh-CN-YunxiNeural_SC-000010,0.0437,隐蔽(难检)
data/redteam/factory/edgetts/cantonese/edgetts_cantonese_zh-HK-WanLungNeural_SC-001611.wav,edgetts,cantonese,SC-001611,zh-HK-WanLungNeural,0.0438,隐蔽(难检)
data/redteam/factory/sovits_api/minnan/sovits_api_minnan_ref_boot_edgetts_minnan_zh-TW-HsiaoChenNeural_SC-000001_SC-000020.wav,sovits_api,minnan,SC-000020,ref_boot_edgetts_minnan_zh-TW-HsiaoChenNeural_SC-000001,0.0438,隐蔽(难检)
data/redteam/factory/edgetts/mandarin/edgetts_mandarin_zh-CN-XiaoxiaoNeural_SC-000030.wav,edgetts,mandarin,SC-000030,zh-CN-XiaoxiaoNeural,0.0439,隐蔽(难检)
data/redteam/factory/edgetts/sichuan/edgetts_sichuan_zh-CN-YunxiNeural_SC-000287.wav,edgetts,sichuan,SC-000287,zh-CN-YunxiNeural,0.0439,隐蔽(难检)
data/redteam/factory/edgetts/sichuan/edgetts_sichuan_zh-CN-XiaoxiaoNeural_SC-000177.wav,edgetts,sichuan,SC-000177,zh-CN-XiaoxiaoNeural,0.0439,隐蔽(难检)
data/redteam/factory/edgetts/mandarin/edgetts_mandarin_zh-CN-YunxiNeural_SC-000138.wav,edgetts,mandarin,SC-000138,zh-CN-YunxiNeural,0.0439,隐蔽(难检)
data/redteam/factory/edgetts/dongbei/edgetts_dongbei_zh-CN-liaoning-XiaobeiNeural_SC-001531.wav,edgetts,dongbei,SC-001531,zh-CN-liaoning-XiaobeiNeural,0.0439,隐蔽(难检)
data/redteam/factory/edgetts/mandarin/edgetts_mandarin_zh-CN-YunyangNeural_SC-000096.wav,edgetts,mandarin,SC-000096,zh-CN-YunyangNeural,0.044,隐蔽(难检)
data/redteam/factory/edgetts/minnan/edgetts_minnan_zh-TW-HsiaoChenNeural_SC-000571.wav,edgetts,minnan,SC-000571,zh-TW-HsiaoChenNeural,0.044,隐蔽(难检)
data/redteam/factory/edgetts/mandarin/edgetts_mandarin_zh-CN-YunjianNeural_SC-000431.wav,edgetts,mandarin,SC-000431,zh-CN-YunjianNeural,0.044,隐蔽(难检)
data/redteam/factory/edgetts/sichuan/edgetts_sichuan_zh-CN-XiaoxiaoNeural_SC-001526.wav,edgetts,sichuan,SC-001526,zh-CN-XiaoxiaoNeural,0.044,隐蔽(难检)
data/redteam/factory/edgetts/mandarin/edgetts_mandarin_zh-CN-YunyangNeural_SC-000360.wav,edgetts,mandarin,SC-000360,zh-CN-YunyangNeural,0.044,隐蔽(难检)
data/redteam/factory/edgetts/henan/edgetts_henan_zh-CN-shaanxi-XiaoniNeural_SC-001326.wav,edgetts,henan,SC-001326,zh-CN-shaanxi-XiaoniNeural,0.044,隐蔽(难检)
data/redteam/factory/sovits_api/mandarin/sovits_api_mandarin_ref_boot_edgetts_mandarin_zh-CN-YunjianNeural_SC-000007_seg8s_SC-000077.wav,sovits_api,mandarin,SC-000077,ref_boot_edgetts_mandarin_zh-CN-YunjianNeural_SC-000007_seg8s,0.044,隐蔽(难检)
data/redteam/factory/edgetts/mandarin/edgetts_mandarin_zh-CN-YunyangNeural_SC-000347.wav,edgetts,mandarin,SC-000347,zh-CN-YunyangNeural,0.0441,隐蔽(难检)
data/redteam/factory/edgetts/mandarin/edgetts_mandarin_zh-CN-YunyangNeural_SC-000453.wav,edgetts,mandarin,SC-000453,zh-CN-YunyangNeural,0.0441,隐蔽(难检)
data/redteam/factory/edgetts/minnan/edgetts_minnan_zh-TW-YunJheNeural_SC-000841.wav,edgetts,minnan,SC-000841,zh-TW-YunJheNeural,0.0441,隐蔽(难检)
data/redteam/factory/edgetts/sichuan/edgetts_sichuan_zh-CN-YunxiNeural_SC-000996.wav,edgetts,sichuan,SC-000996,zh-CN-YunxiNeural,0.0441,隐蔽(难检)
data/redteam/factory/sovits_api/minnan/sovits_api_minnan_ref_boot_edgetts_minnan_zh-TW-HsiaoChenNeural_SC-000001_SC-000006.wav,sovits_api,minnan,SC-000006,ref_boot_edgetts_minnan_zh-TW-HsiaoChenNeural_SC-000001,0.0441,隐蔽(难检)
data/redteam/factory/sovits_api/minnan/sovits_api_minnan_ref_boot_edgetts_minnan_zh-TW-HsiaoChenNeural_SC-000001_SC-000421.wav,sovits_api,minnan,SC-000421,ref_boot_edgetts_minnan_zh-TW-HsiaoChenNeural_SC-000001,0.0441,隐蔽(难检)
data/redteam/factory/edgetts/sichuan/edgetts_sichuan_zh-CN-XiaoxiaoNeural_SC-000302.wav,edgetts,sichuan,SC-000302,zh-CN-XiaoxiaoNeural,0.0442,隐蔽(难检)
data/redteam/factory/edgetts/dongbei/edgetts_dongbei_zh-CN-liaoning-XiaobeiNeural_SC-000270.wav,edgetts,dongbei,SC-000270,zh-CN-liaoning-XiaobeiNeural,0.0442,隐蔽(难检)
data/redteam/factory/edgetts/mandarin/edgetts_mandarin_zh-CN-YunyangNeural_SC-000238.wav,edgetts,mandarin,SC-000238,zh-CN-YunyangNeural,0.0442,隐蔽(难检)
data/redteam/factory/edgetts/mandarin/edgetts_mandarin_zh-CN-YunxiNeural_SC-000223.wav,edgetts,mandarin,SC-000223,zh-CN-YunxiNeural,0.0442,隐蔽(难检)
data/redteam/factory/edgetts/mandarin/edgetts_mandarin_zh-CN-YunjianNeural_SC-000117.wav,edgetts,mandarin,SC-000117,zh-CN-YunjianNeural,0.0443,隐蔽(难检)
data/redteam/factory/edgetts/mandarin/edgetts_mandarin_zh-CN-YunjianNeural_SC-000393.wav,edgetts,mandarin,SC-000393,zh-CN-YunjianNeural,0.0443,隐蔽(难检)
data/redteam/factory/edgetts/mandarin/edgetts_mandarin_zh-CN-YunyangNeural_SC-000506.wav,edgetts,mandarin,SC-000506,zh-CN-YunyangNeural,0.0443,隐蔽(难检)
data/redteam/factory/edgetts/mandarin/edgetts_mandarin_zh-CN-XiaoxiaoNeural_SC-000135.wav,edgetts,mandarin,SC-000135,zh-CN-XiaoxiaoNeural,0.0443,隐蔽(难检)
data/redteam/factory/sovits_api/henan/sovits_api_henan_ref_boot_edgetts_henan_zh-CN-shaanxi-XiaoniNeural_SC-000009_seg8s_SC-000322.wav,sovits_api,henan,SC-000322,ref_boot_edgetts_henan_zh-CN-shaanxi-XiaoniNeural_SC-000009_seg8s,0.0443,隐蔽(难检)
data/redteam/factory/edgetts/mandarin/edgetts_mandarin_zh-CN-XiaoxiaoNeural_SC-000497.wav,edgetts,mandarin,SC-000497,zh-CN-XiaoxiaoNeural,0.0444,隐蔽(难检)
data/redteam/factory/edgetts/cantonese/edgetts_cantonese_zh-HK-WanLungNeural_SC-000716.wav,edgetts,cantonese,SC-000716,zh-HK-WanLungNeural,0.0444,隐蔽(难检)
data/redteam/factory/edgetts/cantonese/edgetts_cantonese_zh-HK-WanLungNeural_SC-000801.wav,edgetts,cantonese,SC-000801,zh-HK-WanLungNeural,0.0444,隐蔽(难检)
data/redteam/factory/edgetts/dongbei/edgetts_dongbei_zh-CN-liaoning-XiaobeiNeural_SC-001641.wav,edgetts,dongbei,SC-001641,zh-CN-liaoning-XiaobeiNeural,0.0444,隐蔽(难检)
data/redteam/factory/sovits_api/cantonese/sovits_api_cantonese_ref_boot_edgetts_cantonese_zh-HK-WanLungNeural_SC-000005_seg8s_SC-000015.wav,sovits_api,cantonese,SC-000015,ref_boot_edgetts_cantonese_zh-HK-WanLungNeural_SC-000005_seg8s,0.0444,隐蔽(难检)
data/redteam/factory/sovits_api/henan/sovits_api_henan_ref_boot_edgetts_henan_zh-CN-shaanxi-XiaoniNeural_SC-000009_seg8s_SC-000147.wav,sovits_api,henan,SC-000147,ref_boot_edgetts_henan_zh-CN-shaanxi-XiaoniNeural_SC-000009_seg8s,0.0444,隐蔽(难检)
data/redteam/factory/edgetts/mandarin/edgetts_mandarin_zh-CN-YunxiNeural_SC-000398.wav,edgetts,mandarin,SC-000398,zh-CN-YunxiNeural,0.0445,隐蔽(难检)
data/redteam/factory/edgetts/henan/edgetts_henan_zh-CN-shaanxi-XiaoniNeural_SC-000680.wav,edgetts,henan,SC-000680,zh-CN-shaanxi-XiaoniNeural,0.0445,隐蔽(难检)
data/redteam/factory/edgetts/mandarin/edgetts_mandarin_zh-CN-XiaoxiaoNeural_SC-000440.wav,edgetts,mandarin,SC-000440,zh-CN-XiaoxiaoNeural,0.0445,隐蔽(难检)
data/redteam/factory/edgetts/mandarin/edgetts_mandarin_zh-CN-YunyangNeural_SC-000093.wav,edgetts,mandarin,SC-000093,zh-CN-YunyangNeural,0.0446,隐蔽(难检)
data/redteam/factory/edgetts/mandarin/edgetts_mandarin_zh-CN-XiaoxiaoNeural_SC-000368.wav,edgetts,mandarin,SC-000368,zh-CN-XiaoxiaoNeural,0.0446,隐蔽(难检)
data/redteam/factory/edgetts/mandarin/edgetts_mandarin_zh-CN-YunyangNeural_SC-000501.wav,edgetts,mandarin,SC-000501,zh-CN-YunyangNeural,0.0446,隐蔽(难检)
data/redteam/factory/edgetts/dongbei/edgetts_dongbei_zh-CN-liaoning-XiaobeiNeural_SC-000463.wav,edgetts,dongbei,SC-000463,zh-CN-liaoning-XiaobeiNeural,0.0446,隐蔽(难检)
data/redteam/factory/edgetts/dongbei/edgetts_dongbei_zh-CN-liaoning-XiaobeiNeural_SC-000428.wav,edgetts,dongbei,SC-000428,zh-CN-liaoning-XiaobeiNeural,0.0446,隐蔽(难检)
data/redteam/factory/edgetts/sichuan/edgetts_sichuan_zh-CN-YunxiNeural_SC-000263.wav,edgetts,sichuan,SC-000263,zh-CN-YunxiNeural,0.0447,隐蔽(难检)
data/redteam/factory/edgetts/mandarin/edgetts_mandarin_zh-CN-YunjianNeural_SC-000164.wav,edgetts,mandarin,SC-000164,zh-CN-YunjianNeural,0.0447,隐蔽(难检)
data/redteam/factory/edgetts/sichuan/edgetts_sichuan_zh-CN-YunxiNeural_SC-001028.wav,edgetts,sichuan,SC-001028,zh-CN-YunxiNeural,0.0447,隐蔽(难检)
data/redteam/factory/edgetts/mandarin/edgetts_mandarin_zh-CN-YunyangNeural_SC-000308.wav,edgetts,mandarin,SC-000308,zh-CN-YunyangNeural,0.0447,隐蔽(难检)
data/redteam/factory/sovits_api/mandarin/sovits_api_mandarin_ref_boot_edgetts_mandarin_zh-CN-XiaoxiaoNeural_SC-000007_seg8s_SC-000035.wav,sovits_api,mandarin,SC-000035,ref_boot_edgetts_mandarin_zh-CN-XiaoxiaoNeural_SC-000007_seg8s,0.0447,隐蔽(难检)
data/redteam/factory/sovits_api/mandarin/sovits_api_mandarin_ref_boot_edgetts_mandarin_zh-CN-YunjianNeural_SC-000007_seg8s_SC-000091.wav,sovits_api,mandarin,SC-000091,ref_boot_edgetts_mandarin_zh-CN-YunjianNeural_SC-000007_seg8s,0.0447,隐蔽(难检)
data/redteam/factory/sovits_api/mandarin/sovits_api_mandarin_ref_boot_edgetts_mandarin_zh-CN-YunxiNeural_SC-000007_seg8s_SC-000037.wav,sovits_api,mandarin,SC-000037,ref_boot_edgetts_mandarin_zh-CN-YunxiNeural_SC-000007_seg8s,0.0447,隐蔽(难检)
data/redteam/factory/sovits_api/dongbei/sovits_api_dongbei_ref_boot_edgetts_dongbei_zh-CN-liaoning-XiaobeiNeural_SC-000002_seg8s_SC-000256.wav,sovits_api,dongbei,SC-000256,ref_boot_edgetts_dongbei_zh-CN-liaoning-XiaobeiNeural_SC-000002_seg8s,0.0447,隐蔽(难检)
data/redteam/factory/edgetts/sichuan/edgetts_sichuan_zh-CN-XiaoxiaoNeural_SC-000042.wav,edgetts,sichuan,SC-000042,zh-CN-XiaoxiaoNeural,0.0448,隐蔽(难检)
data/redteam/factory/edgetts/cantonese/edgetts_cantonese_zh-HK-WanLungNeural_SC-000443.wav,edgetts,cantonese,SC-000443,zh-HK-WanLungNeural,0.0448,隐蔽(难检)
data/redteam/factory/edgetts/sichuan/edgetts_sichuan_zh-CN-XiaoxiaoNeural_SC-000509.wav,edgetts,sichuan,SC-000509,zh-CN-XiaoxiaoNeural,0.0448,隐蔽(难检)
data/redteam/factory/sovits_api/henan/sovits_api_henan_ref_boot_edgetts_henan_zh-CN-shaanxi-XiaoniNeural_SC-000009_seg8s_SC-000291.wav,sovits_api,henan,SC-000291,ref_boot_edgetts_henan_zh-CN-shaanxi-XiaoniNeural_SC-000009_seg8s,0.0448,隐蔽(难检)
data/redteam/factory/edgetts/dongbei/edgetts_dongbei_zh-CN-liaoning-XiaobeiNeural_SC-000126.wav,edgetts,dongbei,SC-000126,zh-CN-liaoning-XiaobeiNeural,0.0449,隐蔽(难检)
data/redteam/factory/edgetts/mandarin/edgetts_mandarin_zh-CN-XiaoxiaoNeural_SC-000134.wav,edgetts,mandarin,SC-000134,zh-CN-XiaoxiaoNeural,0.0449,隐蔽(难检)
data/redteam/factory/edgetts/dongbei/edgetts_dongbei_zh-CN-liaoning-XiaobeiNeural_SC-000608.wav,edgetts,dongbei,SC-000608,zh-CN-liaoning-XiaobeiNeural,0.0449,隐蔽(难检)
data/redteam/factory/sovits_api/mandarin/sovits_api_mandarin_ref_boot_edgetts_mandarin_zh-CN-YunxiNeural_SC-000007_seg8s_SC-000069.wav,sovits_api,mandarin,SC-000069,ref_boot_edgetts_mandarin_zh-CN-YunxiNeural_SC-000007_seg8s,0.0449,隐蔽(难检)
data/redteam/factory/edgetts/dongbei/edgetts_dongbei_zh-CN-liaoning-XiaobeiNeural_SC-000031.wav,edgetts,dongbei,SC-000031,zh-CN-liaoning-XiaobeiNeural,0.045,隐蔽(难检)
data/redteam/factory/edgetts/dongbei/edgetts_dongbei_zh-CN-liaoning-XiaobeiNeural_SC-000231.wav,edgetts,dongbei,SC-000231,zh-CN-liaoning-XiaobeiNeural,0.045,隐蔽(难检)
data/redteam/factory/edgetts/dongbei/edgetts_dongbei_zh-CN-liaoning-XiaobeiNeural_SC-001324.wav,edgetts,dongbei,SC-001324,zh-CN-liaoning-XiaobeiNeural,0.045,隐蔽(难检)
data/redteam/factory/edgetts/cantonese/edgetts_cantonese_zh-HK-WanLungNeural_SC-001218.wav,edgetts,cantonese,SC-001218,zh-HK-WanLungNeural,0.045,隐蔽(难检)
data/redteam/factory/edgetts/mandarin/edgetts_mandarin_zh-CN-YunyangNeural_SC-000151.wav,edgetts,mandarin,SC-000151,zh-CN-YunyangNeural,0.045,隐蔽(难检)
data/redteam/factory/edgetts/mandarin/edgetts_mandarin_zh-CN-YunyangNeural_SC-000223.wav,edgetts,mandarin,SC-000223,zh-CN-YunyangNeural,0.045,隐蔽(难检)
data/redteam/factory/edgetts/mandarin/edgetts_mandarin_zh-CN-YunxiNeural_SC-000224.wav,edgetts,mandarin,SC-000224,zh-CN-YunxiNeural,0.045,隐蔽(难检)
data/redteam/factory/edgetts/mandarin/edgetts_mandarin_zh-CN-XiaoxiaoNeural_SC-000376.wav,edgetts,mandarin,SC-000376,zh-CN-XiaoxiaoNeural,0.045,隐蔽(难检)
data/redteam/factory/edgetts/mandarin/edgetts_mandarin_zh-CN-XiaoxiaoNeural_SC-000024.wav,edgetts,mandarin,SC-000024,zh-CN-XiaoxiaoNeural,0.0451,隐蔽(难检)
data/redteam/factory/edgetts/sichuan/edgetts_sichuan_zh-CN-XiaoxiaoNeural_SC-000024.wav,edgetts,sichuan,SC-000024,zh-CN-XiaoxiaoNeural,0.0451,隐蔽(难检)
data/redteam/factory/edgetts/dongbei/edgetts_dongbei_zh-CN-liaoning-XiaobeiNeural_SC-000306.wav,edgetts,dongbei,SC-000306,zh-CN-liaoning-XiaobeiNeural,0.0451,隐蔽(难检)
data/redteam/factory/edgetts/henan/edgetts_henan_zh-CN-shaanxi-XiaoniNeural_SC-000139.wav,edgetts,henan,SC-000139,zh-CN-shaanxi-XiaoniNeural,0.0451,隐蔽(难检)
data/redteam/factory/edgetts/mandarin/edgetts_mandarin_zh-CN-YunxiNeural_SC-000514.wav,edgetts,mandarin,SC-000514,zh-CN-YunxiNeural,0.0451,隐蔽(难检)
data/redteam/factory/edgetts/mandarin/edgetts_mandarin_zh-CN-XiaoxiaoNeural_SC-000015.wav,edgetts,mandarin,SC-000015,zh-CN-XiaoxiaoNeural,0.0452,隐蔽(难检)
data/redteam/factory/edgetts/mandarin/edgetts_mandarin_zh-CN-YunjianNeural_SC-000004.wav,edgetts,mandarin,SC-000004,zh-CN-YunjianNeural,0.0452,隐蔽(难检)
data/redteam/factory/edgetts/sichuan/edgetts_sichuan_zh-CN-XiaoxiaoNeural_SC-000015.wav,edgetts,sichuan,SC-000015,zh-CN-XiaoxiaoNeural,0.0452,隐蔽(难检)
data/redteam/factory/edgetts/mandarin/edgetts_mandarin_zh-CN-YunxiNeural_SC-000065.wav,edgetts,mandarin,SC-000065,zh-CN-YunxiNeural,0.0452,隐蔽(难检)
data/redteam/factory/edgetts/dongbei/edgetts_dongbei_zh-CN-liaoning-XiaobeiNeural_SC-001050.wav,edgetts,dongbei,SC-001050,zh-CN-liaoning-XiaobeiNeural,0.0452,隐蔽(难检)
data/redteam/factory/edgetts/henan/edgetts_henan_zh-CN-shaanxi-XiaoniNeural_SC-001029.wav,edgetts,henan,SC-001029,zh-CN-shaanxi-XiaoniNeural,0.0452,隐蔽(难检)
data/redteam/factory/edgetts/mandarin/edgetts_mandarin_zh-CN-XiaoxiaoNeural_SC-000473.wav,edgetts,mandarin,SC-000473,zh-CN-XiaoxiaoNeural,0.0452,隐蔽(难检)
data/redteam/factory/edgetts/sichuan/edgetts_sichuan_zh-CN-XiaoxiaoNeural_SC-000409.wav,edgetts,sichuan,SC-000409,zh-CN-XiaoxiaoNeural,0.0452,隐蔽(难检)
data/redteam/factory/edgetts/henan/edgetts_henan_zh-CN-shaanxi-XiaoniNeural_SC-000101.wav,edgetts,henan,SC-000101,zh-CN-shaanxi-XiaoniNeural,0.0453,隐蔽(难检)
data/redteam/factory/edgetts/henan/edgetts_henan_zh-CN-shaanxi-XiaoniNeural_SC-001646.wav,edgetts,henan,SC-001646,zh-CN-shaanxi-XiaoniNeural,0.0453,隐蔽(难检)
data/redteam/factory/edgetts/dongbei/edgetts_dongbei_zh-CN-liaoning-XiaobeiNeural_SC-000434.wav,edgetts,dongbei,SC-000434,zh-CN-liaoning-XiaobeiNeural,0.0453,隐蔽(难检)
data/redteam/factory/edgetts/mandarin/edgetts_mandarin_zh-CN-YunyangNeural_SC-000021.wav,edgetts,mandarin,SC-000021,zh-CN-YunyangNeural,0.0454,隐蔽(难检)
data/redteam/factory/edgetts/cantonese/edgetts_cantonese_zh-HK-WanLungNeural_SC-000460.wav,edgetts,cantonese,SC-000460,zh-HK-WanLungNeural,0.0454,隐蔽(难检)
data/redteam/factory/edgetts/sichuan/edgetts_sichuan_zh-CN-XiaoxiaoNeural_SC-000278.wav,edgetts,sichuan,SC-000278,zh-CN-XiaoxiaoNeural,0.0455,隐蔽(难检)
data/redteam/factory/edgetts/cantonese/edgetts_cantonese_zh-HK-WanLungNeural_SC-000312.wav,edgetts,cantonese,SC-000312,zh-HK-WanLungNeural,0.0455,隐蔽(难检)
data/redteam/factory/edgetts/sichuan/edgetts_sichuan_zh-CN-YunxiNeural_SC-001411.wav,edgetts,sichuan,SC-001411,zh-CN-YunxiNeural,0.0455,隐蔽(难检)
data/redteam/factory/edgetts/mandarin/edgetts_mandarin_zh-CN-YunxiNeural_SC-000105.wav,edgetts,mandarin,SC-000105,zh-CN-YunxiNeural,0.0456,隐蔽(难检)
data/redteam/factory/edgetts/mandarin/edgetts_mandarin_zh-CN-XiaoxiaoNeural_SC-000058.wav,edgetts,mandarin,SC-000058,zh-CN-XiaoxiaoNeural,0.0456,隐蔽(难检)
data/redteam/factory/edgetts/mandarin/edgetts_mandarin_zh-CN-XiaoxiaoNeural_SC-000332.wav,edgetts,mandarin,SC-000332,zh-CN-XiaoxiaoNeural,0.0456,隐蔽(难检)
data/redteam/factory/sovits_api/minnan/sovits_api_minnan_ref_boot_edgetts_minnan_zh-TW-YunJheNeural_SC-000001_SC-000229.wav,sovits_api,minnan,SC-000229,ref_boot_edgetts_minnan_zh-TW-YunJheNeural_SC-000001,0.0456,隐蔽(难检)
data/redteam/factory/edgetts/dongbei/edgetts_dongbei_zh-CN-liaoning-XiaobeiNeural_SC-000288.wav,edgetts,dongbei,SC-000288,zh-CN-liaoning-XiaobeiNeural,0.0457,隐蔽(难检)
data/redteam/factory/edgetts/henan/edgetts_henan_zh-CN-shaanxi-XiaoniNeural_SC-000606.wav,edgetts,henan,SC-000606,zh-CN-shaanxi-XiaoniNeural,0.0457,隐蔽(难检)
data/redteam/factory/edgetts/sichuan/edgetts_sichuan_zh-CN-YunxiNeural_SC-000372.wav,edgetts,sichuan,SC-000372,zh-CN-YunxiNeural,0.0457,隐蔽(难检)
data/redteam/factory/edgetts/cantonese/edgetts_cantonese_zh-HK-WanLungNeural_SC-000948.wav,edgetts,cantonese,SC-000948,zh-HK-WanLungNeural,0.0457,隐蔽(难检)
data/redteam/factory/edgetts/minnan/edgetts_minnan_zh-TW-HsiaoChenNeural_SC-001105.wav,edgetts,minnan,SC-001105,zh-TW-HsiaoChenNeural,0.0457,隐蔽(难检)
data/redteam/factory/edgetts/minnan/edgetts_minnan_zh-TW-HsiaoChenNeural_SC-001180.wav,edgetts,minnan,SC-001180,zh-TW-HsiaoChenNeural,0.0457,隐蔽(难检)
data/redteam/factory/edgetts/cantonese/edgetts_cantonese_zh-HK-WanLungNeural_SC-000015.wav,edgetts,cantonese,SC-000015,zh-HK-WanLungNeural,0.0458,隐蔽(难检)
data/redteam/factory/edgetts/mandarin/edgetts_mandarin_zh-CN-YunyangNeural_SC-000069.wav,edgetts,mandarin,SC-000069,zh-CN-YunyangNeural,0.0458,隐蔽(难检)
data/redteam/factory/edgetts/sichuan/edgetts_sichuan_zh-CN-YunxiNeural_SC-000232.wav,edgetts,sichuan,SC-000232,zh-CN-YunxiNeural,0.0458,隐蔽(难检)
data/redteam/factory/edgetts/dongbei/edgetts_dongbei_zh-CN-liaoning-XiaobeiNeural_SC-000111.wav,edgetts,dongbei,SC-000111,zh-CN-liaoning-XiaobeiNeural,0.0458,隐蔽(难检)
data/redteam/factory/edgetts/mandarin/edgetts_mandarin_zh-CN-YunyangNeural_SC-000219.wav,edgetts,mandarin,SC-000219,zh-CN-YunyangNeural,0.0458,隐蔽(难检)
data/redteam/factory/edgetts/cantonese/edgetts_cantonese_zh-HK-WanLungNeural_SC-000711.wav,edgetts,cantonese,SC-000711,zh-HK-WanLungNeural,0.0458,隐蔽(难检)
data/redteam/factory/edgetts/mandarin/edgetts_mandarin_zh-CN-YunyangNeural_SC-000290.wav,edgetts,mandarin,SC-000290,zh-CN-YunyangNeural,0.0458,隐蔽(难检)
data/redteam/factory/edgetts/cantonese/edgetts_cantonese_zh-HK-WanLungNeural_SC-000998.wav,edgetts,cantonese,SC-000998,zh-HK-WanLungNeural,0.0458,隐蔽(难检)
data/redteam/factory/edgetts/sichuan/edgetts_sichuan_zh-CN-XiaoxiaoNeural_SC-000615.wav,edgetts,sichuan,SC-000615,zh-CN-XiaoxiaoNeural,0.0458,隐蔽(难检)
data/redteam/factory/edgetts/mandarin/edgetts_mandarin_zh-CN-YunyangNeural_SC-000435.wav,edgetts,mandarin,SC-000435,zh-CN-YunyangNeural,0.0458,隐蔽(难检)
data/redteam/factory/edgetts/sichuan/edgetts_sichuan_zh-CN-XiaoxiaoNeural_SC-000835.wav,edgetts,sichuan,SC-000835,zh-CN-XiaoxiaoNeural,0.0458,隐蔽(难检)
data/redteam/factory/edgetts/minnan/edgetts_minnan_zh-TW-YunJheNeural_SC-000011.wav,edgetts,minnan,SC-000011,zh-TW-YunJheNeural,0.0459,隐蔽(难检)
data/redteam/factory/edgetts/dongbei/edgetts_dongbei_zh-CN-liaoning-XiaobeiNeural_SC-000541.wav,edgetts,dongbei,SC-000541,zh-CN-liaoning-XiaobeiNeural,0.0459,隐蔽(难检)
data/redteam/factory/edgetts/sichuan/edgetts_sichuan_zh-CN-YunxiNeural_SC-001540.wav,edgetts,sichuan,SC-001540,zh-CN-YunxiNeural,0.0459,隐蔽(难检)
data/redteam/factory/sovits_api/henan/sovits_api_henan_ref_boot_edgetts_henan_zh-CN-shaanxi-XiaoniNeural_SC-000009_seg8s_SC-000160.wav,sovits_api,henan,SC-000160,ref_boot_edgetts_henan_zh-CN-shaanxi-XiaoniNeural_SC-000009_seg8s,0.0459,隐蔽(难检)
data/redteam/factory/edgetts/sichuan/edgetts_sichuan_zh-CN-XiaoxiaoNeural_SC-000896.wav,edgetts,sichuan,SC-000896,zh-CN-XiaoxiaoNeural,0.046,隐蔽(难检)
data/redteam/factory/sovits_api/henan/sovits_api_henan_ref_boot_edgetts_henan_zh-CN-shaanxi-XiaoniNeural_SC-000009_seg8s_SC-000334.wav,sovits_api,henan,SC-000334,ref_boot_edgetts_henan_zh-CN-shaanxi-XiaoniNeural_SC-000009_seg8s,0.046,隐蔽(难检)
data/redteam/factory/edgetts/cantonese/edgetts_cantonese_zh-HK-WanLungNeural_SC-000699.wav,edgetts,cantonese,SC-000699,zh-HK-WanLungNeural,0.0461,隐蔽(难检)
data/redteam/factory/edgetts/mandarin/edgetts_mandarin_zh-CN-YunyangNeural_SC-000332.wav,edgetts,mandarin,SC-000332,zh-CN-YunyangNeural,0.0461,隐蔽(难检)
data/redteam/factory/edgetts/mandarin/edgetts_mandarin_zh-CN-YunjianNeural_SC-000190.wav,edgetts,mandarin,SC-000190,zh-CN-YunjianNeural,0.0461,隐蔽(难检)
data/redteam/factory/sovits_api/minnan/sovits_api_minnan_ref_boot_edgetts_minnan_zh-TW-YunJheNeural_SC-000001_SC-000004.wav,sovits_api,minnan,SC-000004,ref_boot_edgetts_minnan_zh-TW-YunJheNeural_SC-000001,0.0461,隐蔽(难检)
data/redteam/factory/sovits_api/mandarin/sovits_api_mandarin_ref_boot_edgetts_mandarin_zh-CN-YunxiNeural_SC-000007_seg8s_SC-000060.wav,sovits_api,mandarin,SC-000060,ref_boot_edgetts_mandarin_zh-CN-YunxiNeural_SC-000007_seg8s,0.0461,隐蔽(难检)
data/redteam/factory/sovits_api/sichuan/sovits_api_sichuan_ref_boot_edgetts_sichuan_zh-CN-YunxiNeural_SC-000010_SC-000118.wav,sovits_api,sichuan,SC-000118,ref_boot_edgetts_sichuan_zh-CN-YunxiNeural_SC-000010,0.0461,隐蔽(难检)
data/redteam/factory/edgetts/mandarin/edgetts_mandarin_zh-CN-YunxiNeural_SC-000182.wav,edgetts,mandarin,SC-000182,zh-CN-YunxiNeural,0.0462,隐蔽(难检)
data/redteam/factory/edgetts/sichuan/edgetts_sichuan_zh-CN-YunxiNeural_SC-000390.wav,edgetts,sichuan,SC-000390,zh-CN-YunxiNeural,0.0462,隐蔽(难检)
data/redteam/factory/edgetts/cantonese/edgetts_cantonese_zh-HK-WanLungNeural_SC-000024.wav,edgetts,cantonese,SC-000024,zh-HK-WanLungNeural,0.0463,隐蔽(难检)
data/redteam/factory/edgetts/dongbei/edgetts_dongbei_zh-CN-liaoning-XiaobeiNeural_SC-001545.wav,edgetts,dongbei,SC-001545,zh-CN-liaoning-XiaobeiNeural,0.0463,隐蔽(难检)
data/redteam/factory/edgetts/sichuan/edgetts_sichuan_zh-CN-YunxiNeural_SC-001057.wav,edgetts,sichuan,SC-001057,zh-CN-YunxiNeural,0.0463,隐蔽(难检)
data/redteam/factory/edgetts/mandarin/edgetts_mandarin_zh-CN-XiaoxiaoNeural_SC-000514.wav,edgetts,mandarin,SC-000514,zh-CN-XiaoxiaoNeural,0.0463,隐蔽(难检)
data/redteam/factory/edgetts/cantonese/edgetts_cantonese_zh-HK-WanLungNeural_SC-001459.wav,edgetts,cantonese,SC-001459,zh-HK-WanLungNeural,0.0463,隐蔽(难检)
data/redteam/factory/sovits_api/mandarin/sovits_api_mandarin_ref_boot_edgetts_mandarin_zh-CN-YunxiNeural_SC-000007_seg8s_SC-000036.wav,sovits_api,mandarin,SC-000036,ref_boot_edgetts_mandarin_zh-CN-YunxiNeural_SC-000007_seg8s,0.0463,隐蔽(难检)
data/redteam/factory/sovits_api/dongbei/sovits_api_dongbei_ref_boot_edgetts_dongbei_zh-CN-liaoning-XiaobeiNeural_SC-000002_seg8s_SC-000225.wav,sovits_api,dongbei,SC-000225,ref_boot_edgetts_dongbei_zh-CN-liaoning-XiaobeiNeural_SC-000002_seg8s,0.0463,隐蔽(难检)
data/redteam/factory/edgetts/dongbei/edgetts_dongbei_zh-CN-liaoning-XiaobeiNeural_SC-001443.wav,edgetts,dongbei,SC-001443,zh-CN-liaoning-XiaobeiNeural,0.0464,隐蔽(难检)
data/redteam/factory/edgetts/mandarin/edgetts_mandarin_zh-CN-XiaoxiaoNeural_SC-000397.wav,edgetts,mandarin,SC-000397,zh-CN-XiaoxiaoNeural,0.0464,隐蔽(难检)
data/redteam/factory/edgetts/henan/edgetts_henan_zh-CN-shaanxi-XiaoniNeural_SC-000026.wav,edgetts,henan,SC-000026,zh-CN-shaanxi-XiaoniNeural,0.0465,隐蔽(难检)
data/redteam/factory/edgetts/mandarin/edgetts_mandarin_zh-CN-YunxiNeural_SC-000041.wav,edgetts,mandarin,SC-000041,zh-CN-YunxiNeural,0.0465,隐蔽(难检)
data/redteam/factory/edgetts/cantonese/edgetts_cantonese_zh-HK-WanLungNeural_SC-000277.wav,edgetts,cantonese,SC-000277,zh-HK-WanLungNeural,0.0465,隐蔽(难检)
data/redteam/factory/edgetts/dongbei/edgetts_dongbei_zh-CN-liaoning-XiaobeiNeural_SC-001100.wav,edgetts,dongbei,SC-001100,zh-CN-liaoning-XiaobeiNeural,0.0465,隐蔽(难检)
data/redteam/factory/edgetts/mandarin/edgetts_mandarin_zh-CN-YunjianNeural_SC-000272.wav,edgetts,mandarin,SC-000272,zh-CN-YunjianNeural,0.0465,隐蔽(难检)
data/redteam/factory/edgetts/sichuan/edgetts_sichuan_zh-CN-YunxiNeural_SC-000896.wav,edgetts,sichuan,SC-000896,zh-CN-YunxiNeural,0.0465,隐蔽(难检)
data/redteam/factory/sovits_api/minnan/sovits_api_minnan_ref_boot_edgetts_minnan_zh-TW-HsiaoChenNeural_SC-000001_SC-000257.wav,sovits_api,minnan,SC-000257,ref_boot_edgetts_minnan_zh-TW-HsiaoChenNeural_SC-000001,0.0465,隐蔽(难检)
data/redteam/factory/edgetts/dongbei/edgetts_dongbei_zh-CN-liaoning-XiaobeiNeural_SC-000349.wav,edgetts,dongbei,SC-000349,zh-CN-liaoning-XiaobeiNeural,0.0466,隐蔽(难检)
data/redteam/factory/edgetts/mandarin/edgetts_mandarin_zh-CN-XiaoxiaoNeural_SC-000444.wav,edgetts,mandarin,SC-000444,zh-CN-XiaoxiaoNeural,0.0466,隐蔽(难检)
data/redteam/factory/edgetts/minnan/edgetts_minnan_zh-TW-YunJheNeural_SC-000740.wav,edgetts,minnan,SC-000740,zh-TW-YunJheNeural,0.0466,隐蔽(难检)
data/redteam/factory/edgetts/sichuan/edgetts_sichuan_zh-CN-YunxiNeural_SC-001166.wav,edgetts,sichuan,SC-001166,zh-CN-YunxiNeural,0.0466,隐蔽(难检)
data/redteam/factory/sovits_api/dongbei/sovits_api_dongbei_ref_boot_edgetts_dongbei_zh-CN-liaoning-XiaobeiNeural_SC-000002_seg8s_SC-000126.wav,sovits_api,dongbei,SC-000126,ref_boot_edgetts_dongbei_zh-CN-liaoning-XiaobeiNeural_SC-000002_seg8s,0.0466,隐蔽(难检)
data/redteam/factory/edgetts/cantonese/edgetts_cantonese_zh-HK-WanLungNeural_SC-000003.wav,edgetts,cantonese,SC-000003,zh-HK-WanLungNeural,0.0467,隐蔽(难检)
data/redteam/factory/edgetts/dongbei/edgetts_dongbei_zh-CN-liaoning-XiaobeiNeural_SC-000019.wav,edgetts,dongbei,SC-000019,zh-CN-liaoning-XiaobeiNeural,0.0467,隐蔽(难检)
data/redteam/factory/edgetts/mandarin/edgetts_mandarin_zh-CN-YunxiNeural_SC-000449.wav,edgetts,mandarin,SC-000449,zh-CN-YunxiNeural,0.0467,隐蔽(难检)
data/redteam/factory/edgetts/sichuan/edgetts_sichuan_zh-CN-XiaoxiaoNeural_SC-000355.wav,edgetts,sichuan,SC-000355,zh-CN-XiaoxiaoNeural,0.0467,隐蔽(难检)
data/redteam/factory/edgetts/mandarin/edgetts_mandarin_zh-CN-YunyangNeural_SC-000085.wav,edgetts,mandarin,SC-000085,zh-CN-YunyangNeural,0.0468,隐蔽(难检)
data/redteam/factory/edgetts/sichuan/edgetts_sichuan_zh-CN-XiaoxiaoNeural_SC-000792.wav,edgetts,sichuan,SC-000792,zh-CN-XiaoxiaoNeural,0.0468,隐蔽(难检)
data/redteam/factory/edgetts/mandarin/edgetts_mandarin_zh-CN-XiaoxiaoNeural_SC-000377.wav,edgetts,mandarin,SC-000377,zh-CN-XiaoxiaoNeural,0.0468,隐蔽(难检)
data/redteam/factory/edgetts/sichuan/edgetts_sichuan_zh-CN-XiaoxiaoNeural_SC-000537.wav,edgetts,sichuan,SC-000537,zh-CN-XiaoxiaoNeural,0.0468,隐蔽(难检)
data/redteam/factory/edgetts/mandarin/edgetts_mandarin_zh-CN-YunyangNeural_SC-000511.wav,edgetts,mandarin,SC-000511,zh-CN-YunyangNeural,0.0468,隐蔽(难检)
data/redteam/factory/edgetts/sichuan/edgetts_sichuan_zh-CN-YunxiNeural_SC-001161.wav,edgetts,sichuan,SC-001161,zh-CN-YunxiNeural,0.0468,隐蔽(难检)
data/redteam/factory/edgetts/mandarin/edgetts_mandarin_zh-CN-YunyangNeural_SC-000072.wav,edgetts,mandarin,SC-000072,zh-CN-YunyangNeural,0.0469,隐蔽(难检)
data/redteam/factory/edgetts/cantonese/edgetts_cantonese_zh-HK-WanLungNeural_SC-000601.wav,edgetts,cantonese,SC-000601,zh-HK-WanLungNeural,0.0469,隐蔽(难检)
data/redteam/factory/edgetts/sichuan/edgetts_sichuan_zh-CN-XiaoxiaoNeural_SC-000381.wav,edgetts,sichuan,SC-000381,zh-CN-XiaoxiaoNeural,0.047,隐蔽(难检)
data/redteam/factory/edgetts/minnan/edgetts_minnan_zh-TW-YunJheNeural_SC-001691.wav,edgetts,minnan,SC-001691,zh-TW-YunJheNeural,0.047,隐蔽(难检)
data/redteam/factory/edgetts/mandarin/edgetts_mandarin_zh-CN-YunxiNeural_SC-000474.wav,edgetts,mandarin,SC-000474,zh-CN-YunxiNeural,0.047,隐蔽(难检)
data/redteam/factory/sovits_api/sichuan/sovits_api_sichuan_ref_boot_edgetts_sichuan_zh-CN-XiaoxiaoNeural_SC-000010_SC-000177.wav,sovits_api,sichuan,SC-000177,ref_boot_edgetts_sichuan_zh-CN-XiaoxiaoNeural_SC-000010,0.047,隐蔽(难检)
data/redteam/factory/sovits_api/sichuan/sovits_api_sichuan_ref_boot_edgetts_sichuan_zh-CN-YunxiNeural_SC-000010_SC-000211.wav,sovits_api,sichuan,SC-000211,ref_boot_edgetts_sichuan_zh-CN-YunxiNeural_SC-000010,0.047,隐蔽(难检)
data/redteam/factory/edgetts/henan/edgetts_henan_zh-CN-shaanxi-XiaoniNeural_SC-000203.wav,edgetts,henan,SC-000203,zh-CN-shaanxi-XiaoniNeural,0.0472,隐蔽(难检)
data/redteam/factory/edgetts/mandarin/edgetts_mandarin_zh-CN-XiaoxiaoNeural_SC-000300.wav,edgetts,mandarin,SC-000300,zh-CN-XiaoxiaoNeural,0.0472,隐蔽(难检)
data/redteam/factory/sovits_api/sichuan/sovits_api_sichuan_ref_boot_edgetts_sichuan_zh-CN-YunxiNeural_SC-000010_SC-000255.wav,sovits_api,sichuan,SC-000255,ref_boot_edgetts_sichuan_zh-CN-YunxiNeural_SC-000010,0.0472,隐蔽(难检)
data/redteam/factory/edgetts/henan/edgetts_henan_zh-CN-shaanxi-XiaoniNeural_SC-000023.wav,edgetts,henan,SC-000023,zh-CN-shaanxi-XiaoniNeural,0.0473,隐蔽(难检)
data/redteam/factory/edgetts/dongbei/edgetts_dongbei_zh-CN-liaoning-XiaobeiNeural_SC-001440.wav,edgetts,dongbei,SC-001440,zh-CN-liaoning-XiaobeiNeural,0.0473,隐蔽(难检)
data/redteam/factory/edgetts/henan/edgetts_henan_zh-CN-shaanxi-XiaoniNeural_SC-000671.wav,edgetts,henan,SC-000671,zh-CN-shaanxi-XiaoniNeural,0.0473,隐蔽(难检)
data/redteam/factory/edgetts/henan/edgetts_henan_zh-CN-shaanxi-XiaoniNeural_SC-001553.wav,edgetts,henan,SC-001553,zh-CN-shaanxi-XiaoniNeural,0.0473,隐蔽(难检)
data/redteam/factory/sovits_api/cantonese/sovits_api_cantonese_ref_boot_edgetts_cantonese_zh-HK-WanLungNeural_SC-000005_seg8s_SC-000018.wav,sovits_api,cantonese,SC-000018,ref_boot_edgetts_cantonese_zh-HK-WanLungNeural_SC-000005_seg8s,0.0473,隐蔽(难检)
data/redteam/factory/edgetts/mandarin/edgetts_mandarin_zh-CN-YunjianNeural_SC-000095.wav,edgetts,mandarin,SC-000095,zh-CN-YunjianNeural,0.0474,隐蔽(难检)
data/redteam/factory/edgetts/sichuan/edgetts_sichuan_zh-CN-YunxiNeural_SC-000293.wav,edgetts,sichuan,SC-000293,zh-CN-YunxiNeural,0.0474,隐蔽(难检)
data/redteam/factory/edgetts/dongbei/edgetts_dongbei_zh-CN-liaoning-XiaobeiNeural_SC-000975.wav,edgetts,dongbei,SC-000975,zh-CN-liaoning-XiaobeiNeural,0.0474,隐蔽(难检)
data/redteam/factory/edgetts/sichuan/edgetts_sichuan_zh-CN-XiaoxiaoNeural_SC-001491.wav,edgetts,sichuan,SC-001491,zh-CN-XiaoxiaoNeural,0.0474,隐蔽(难检)
data/redteam/factory/edgetts/sichuan/edgetts_sichuan_zh-CN-YunxiNeural_SC-000144.wav,edgetts,sichuan,SC-000144,zh-CN-YunxiNeural,0.0475,隐蔽(难检)
data/redteam/factory/edgetts/sichuan/edgetts_sichuan_zh-CN-YunxiNeural_SC-000348.wav,edgetts,sichuan,SC-000348,zh-CN-YunxiNeural,0.0475,隐蔽(难检)
data/redteam/factory/edgetts/mandarin/edgetts_mandarin_zh-CN-YunyangNeural_SC-000097.wav,edgetts,mandarin,SC-000097,zh-CN-YunyangNeural,0.0476,隐蔽(难检)
data/redteam/factory/edgetts/henan/edgetts_henan_zh-CN-shaanxi-XiaoniNeural_SC-000128.wav,edgetts,henan,SC-000128,zh-CN-shaanxi-XiaoniNeural,0.0476,隐蔽(难检)
data/redteam/factory/edgetts/mandarin/edgetts_mandarin_zh-CN-XiaoxiaoNeural_SC-000507.wav,edgetts,mandarin,SC-000507,zh-CN-XiaoxiaoNeural,0.0476,隐蔽(难检)
data/redteam/factory/edgetts/henan/edgetts_henan_zh-CN-shaanxi-XiaoniNeural_SC-000859.wav,edgetts,henan,SC-000859,zh-CN-shaanxi-XiaoniNeural,0.0476,隐蔽(难检)
data/redteam/factory/edgetts/henan/edgetts_henan_zh-CN-shaanxi-XiaoniNeural_SC-001071.wav,edgetts,henan,SC-001071,zh-CN-shaanxi-XiaoniNeural,0.0476,隐蔽(难检)
data/redteam/factory/sovits_api/mandarin/sovits_api_mandarin_ref_boot_edgetts_mandarin_zh-CN-YunjianNeural_SC-000007_seg8s_SC-000045.wav,sovits_api,mandarin,SC-000045,ref_boot_edgetts_mandarin_zh-CN-YunjianNeural_SC-000007_seg8s,0.0476,隐蔽(难检)
data/redteam/factory/edgetts/mandarin/edgetts_mandarin_zh-CN-YunyangNeural_SC-000117.wav,edgetts,mandarin,SC-000117,zh-CN-YunyangNeural,0.0477,隐蔽(难检)
data/redteam/factory/edgetts/minnan/edgetts_minnan_zh-TW-YunJheNeural_SC-000685.wav,edgetts,minnan,SC-000685,zh-TW-YunJheNeural,0.0477,隐蔽(难检)
data/redteam/factory/sovits_api/sichuan/sovits_api_sichuan_ref_boot_edgetts_sichuan_zh-CN-XiaoxiaoNeural_SC-000010_SC-000029.wav,sovits_api,sichuan,SC-000029,ref_boot_edgetts_sichuan_zh-CN-XiaoxiaoNeural_SC-000010,0.0477,隐蔽(难检)
data/redteam/factory/edgetts/mandarin/edgetts_mandarin_zh-CN-YunyangNeural_SC-000083.wav,edgetts,mandarin,SC-000083,zh-CN-YunyangNeural,0.0478,隐蔽(难检)
data/redteam/factory/edgetts/dongbei/edgetts_dongbei_zh-CN-liaoning-XiaobeiNeural_SC-000451.wav,edgetts,dongbei,SC-000451,zh-CN-liaoning-XiaobeiNeural,0.0478,隐蔽(难检)
data/redteam/factory/sovits_api/cantonese/sovits_api_cantonese_ref_boot_edgetts_cantonese_zh-HK-WanLungNeural_SC-000005_seg8s_SC-000305.wav,sovits_api,cantonese,SC-000305,ref_boot_edgetts_cantonese_zh-HK-WanLungNeural_SC-000005_seg8s,0.0478,隐蔽(难检)
data/redteam/factory/sovits_api/henan/sovits_api_henan_ref_boot_edgetts_henan_zh-CN-shaanxi-XiaoniNeural_SC-000009_seg8s_SC-000039.wav,sovits_api,henan,SC-000039,ref_boot_edgetts_henan_zh-CN-shaanxi-XiaoniNeural_SC-000009_seg8s,0.0478,隐蔽(难检)
data/redteam/factory/edgetts/dongbei/edgetts_dongbei_zh-CN-liaoning-XiaobeiNeural_SC-000012.wav,edgetts,dongbei,SC-000012,zh-CN-liaoning-XiaobeiNeural,0.0479,隐蔽(难检)
data/redteam/factory/edgetts/mandarin/edgetts_mandarin_zh-CN-YunyangNeural_SC-000017.wav,edgetts,mandarin,SC-000017,zh-CN-YunyangNeural,0.048,隐蔽(难检)
data/redteam/factory/edgetts/sichuan/edgetts_sichuan_zh-CN-YunxiNeural_SC-000354.wav,edgetts,sichuan,SC-000354,zh-CN-YunxiNeural,0.048,隐蔽(难检)
data/redteam/factory/edgetts/henan/edgetts_henan_zh-CN-shaanxi-XiaoniNeural_SC-001216.wav,edgetts,henan,SC-001216,zh-CN-shaanxi-XiaoniNeural,0.048,隐蔽(难检)
data/redteam/factory/sovits_api/dongbei/sovits_api_dongbei_ref_boot_edgetts_dongbei_zh-CN-liaoning-XiaobeiNeural_SC-000002_seg8s_SC-000157.wav,sovits_api,dongbei,SC-000157,ref_boot_edgetts_dongbei_zh-CN-liaoning-XiaobeiNeural_SC-000002_seg8s,0.048,隐蔽(难检)
data/redteam/factory/edgetts/mandarin/edgetts_mandarin_zh-CN-YunxiNeural_SC-000010.wav,edgetts,mandarin,SC-000010,zh-CN-YunxiNeural,0.0481,隐蔽(难检)
data/redteam/factory/edgetts/sichuan/edgetts_sichuan_zh-CN-YunxiNeural_SC-000010.wav,edgetts,sichuan,SC-000010,zh-CN-YunxiNeural,0.0481,隐蔽(难检)
data/redteam/factory/edgetts/dongbei/edgetts_dongbei_zh-CN-liaoning-XiaobeiNeural_SC-000011.wav,edgetts,dongbei,SC-000011,zh-CN-liaoning-XiaobeiNeural,0.0481,隐蔽(难检)
data/redteam/factory/edgetts/cantonese/edgetts_cantonese_zh-HK-WanLungNeural_SC-000955.wav,edgetts,cantonese,SC-000955,zh-HK-WanLungNeural,0.0481,隐蔽(难检)
data/redteam/factory/edgetts/sichuan/edgetts_sichuan_zh-CN-YunxiNeural_SC-000979.wav,edgetts,sichuan,SC-000979,zh-CN-YunxiNeural,0.0481,隐蔽(难检)
data/redteam/factory/edgetts/mandarin/edgetts_mandarin_zh-CN-YunxiNeural_SC-000289.wav,edgetts,mandarin,SC-000289,zh-CN-YunxiNeural,0.0482,隐蔽(难检)
data/redteam/factory/edgetts/sichuan/edgetts_sichuan_zh-CN-XiaoxiaoNeural_SC-000907.wav,edgetts,sichuan,SC-000907,zh-CN-XiaoxiaoNeural,0.0482,隐蔽(难检)
data/redteam/factory/sovits_api/mandarin/sovits_api_mandarin_ref_boot_edgetts_mandarin_zh-CN-XiaoxiaoNeural_SC-000007_seg8s_SC-000046.wav,sovits_api,mandarin,SC-000046,ref_boot_edgetts_mandarin_zh-CN-XiaoxiaoNeural_SC-000007_seg8s,0.0482,隐蔽(难检)
data/redteam/factory/sovits_api/cantonese/sovits_api_cantonese_ref_boot_edgetts_cantonese_zh-HK-WanLungNeural_SC-000005_seg8s_SC-000333.wav,sovits_api,cantonese,SC-000333,ref_boot_edgetts_cantonese_zh-HK-WanLungNeural_SC-000005_seg8s,0.0482,隐蔽(难检)
data/redteam/factory/edgetts/mandarin/edgetts_mandarin_zh-CN-YunjianNeural_SC-000047.wav,edgetts,mandarin,SC-000047,zh-CN-YunjianNeural,0.0483,隐蔽(难检)
data/redteam/factory/edgetts/mandarin/edgetts_mandarin_zh-CN-YunyangNeural_SC-000171.wav,edgetts,mandarin,SC-000171,zh-CN-YunyangNeural,0.0483,隐蔽(难检)
data/redteam/factory/edgetts/mandarin/edgetts_mandarin_zh-CN-XiaoxiaoNeural_SC-000359.wav,edgetts,mandarin,SC-000359,zh-CN-XiaoxiaoNeural,0.0483,隐蔽(难检)
data/redteam/factory/edgetts/henan/edgetts_henan_zh-CN-shaanxi-XiaoniNeural_SC-001278.wav,edgetts,henan,SC-001278,zh-CN-shaanxi-XiaoniNeural,0.0483,隐蔽(难检)
data/redteam/factory/edgetts/minnan/edgetts_minnan_zh-TW-YunJheNeural_SC-001084.wav,edgetts,minnan,SC-001084,zh-TW-YunJheNeural,0.0484,隐蔽(难检)
data/redteam/factory/edgetts/henan/edgetts_henan_zh-CN-shaanxi-XiaoniNeural_SC-001232.wav,edgetts,henan,SC-001232,zh-CN-shaanxi-XiaoniNeural,0.0484,隐蔽(难检)
data/redteam/factory/edgetts/sichuan/edgetts_sichuan_zh-CN-YunxiNeural_SC-000252.wav,edgetts,sichuan,SC-000252,zh-CN-YunxiNeural,0.0485,隐蔽(难检)
data/redteam/factory/edgetts/mandarin/edgetts_mandarin_zh-CN-YunxiNeural_SC-000347.wav,edgetts,mandarin,SC-000347,zh-CN-YunxiNeural,0.0485,隐蔽(难检)
data/redteam/factory/edgetts/henan/edgetts_henan_zh-CN-shaanxi-XiaoniNeural_SC-000995.wav,edgetts,henan,SC-000995,zh-CN-shaanxi-XiaoniNeural,0.0485,隐蔽(难检)
data/redteam/factory/edgetts/henan/edgetts_henan_zh-CN-shaanxi-XiaoniNeural_SC-001290.wav,edgetts,henan,SC-001290,zh-CN-shaanxi-XiaoniNeural,0.0485,隐蔽(难检)
data/redteam/factory/edgetts/sichuan/edgetts_sichuan_zh-CN-XiaoxiaoNeural_SC-001041.wav,edgetts,sichuan,SC-001041,zh-CN-XiaoxiaoNeural,0.0485,隐蔽(难检)
data/redteam/factory/edgetts/sichuan/edgetts_sichuan_zh-CN-YunxiNeural_SC-000375.wav,edgetts,sichuan,SC-000375,zh-CN-YunxiNeural,0.0485,隐蔽(难检)
data/redteam/factory/edgetts/mandarin/edgetts_mandarin_zh-CN-YunxiNeural_SC-000283.wav,edgetts,mandarin,SC-000283,zh-CN-YunxiNeural,0.0485,隐蔽(难检)
data/redteam/factory/sovits_api/minnan/sovits_api_minnan_ref_boot_edgetts_minnan_zh-TW-YunJheNeural_SC-000001_SC-000003.wav,sovits_api,minnan,SC-000003,ref_boot_edgetts_minnan_zh-TW-YunJheNeural_SC-000001,0.0485,隐蔽(难检)
data/redteam/factory/edgetts/mandarin/edgetts_mandarin_zh-CN-YunxiNeural_SC-000029.wav,edgetts,mandarin,SC-000029,zh-CN-YunxiNeural,0.0486,隐蔽(难检)
data/redteam/factory/edgetts/sichuan/edgetts_sichuan_zh-CN-YunxiNeural_SC-000029.wav,edgetts,sichuan,SC-000029,zh-CN-YunxiNeural,0.0486,隐蔽(难检)
data/redteam/factory/edgetts/sichuan/edgetts_sichuan_zh-CN-YunxiNeural_SC-000186.wav,edgetts,sichuan,SC-000186,zh-CN-YunxiNeural,0.0486,隐蔽(难检)
data/redteam/factory/edgetts/sichuan/edgetts_sichuan_zh-CN-YunxiNeural_SC-000627.wav,edgetts,sichuan,SC-000627,zh-CN-YunxiNeural,0.0486,隐蔽(难检)
data/redteam/factory/edgetts/dongbei/edgetts_dongbei_zh-CN-liaoning-XiaobeiNeural_SC-000503.wav,edgetts,dongbei,SC-000503,zh-CN-liaoning-XiaobeiNeural,0.0486,隐蔽(难检)
data/redteam/factory/edgetts/mandarin/edgetts_mandarin_zh-CN-YunyangNeural_SC-000182.wav,edgetts,mandarin,SC-000182,zh-CN-YunyangNeural,0.0487,隐蔽(难检)
data/redteam/factory/edgetts/cantonese/edgetts_cantonese_zh-HK-WanLungNeural_SC-001541.wav,edgetts,cantonese,SC-001541,zh-HK-WanLungNeural,0.0488,隐蔽(难检)
data/redteam/factory/edgetts/henan/edgetts_henan_zh-CN-shaanxi-XiaoniNeural_SC-000013.wav,edgetts,henan,SC-000013,zh-CN-shaanxi-XiaoniNeural,0.0489,隐蔽(难检)
data/redteam/factory/edgetts/cantonese/edgetts_cantonese_zh-HK-WanLungNeural_SC-000246.wav,edgetts,cantonese,SC-000246,zh-HK-WanLungNeural,0.0489,隐蔽(难检)
data/redteam/factory/edgetts/sichuan/edgetts_sichuan_zh-CN-YunxiNeural_SC-000469.wav,edgetts,sichuan,SC-000469,zh-CN-YunxiNeural,0.0489,隐蔽(难检)
data/redteam/factory/edgetts/henan/edgetts_henan_zh-CN-shaanxi-XiaoniNeural_SC-000959.wav,edgetts,henan,SC-000959,zh-CN-shaanxi-XiaoniNeural,0.0489,隐蔽(难检)
data/redteam/factory/edgetts/mandarin/edgetts_mandarin_zh-CN-YunyangNeural_SC-000230.wav,edgetts,mandarin,SC-000230,zh-CN-YunyangNeural,0.0489,隐蔽(难检)
data/redteam/factory/edgetts/mandarin/edgetts_mandarin_zh-CN-YunjianNeural_SC-000280.wav,edgetts,mandarin,SC-000280,zh-CN-YunjianNeural,0.0489,隐蔽(难检)
data/redteam/factory/edgetts/cantonese/edgetts_cantonese_zh-HK-WanLungNeural_SC-000953.wav,edgetts,cantonese,SC-000953,zh-HK-WanLungNeural,0.0489,隐蔽(难检)
data/redteam/factory/edgetts/cantonese/edgetts_cantonese_zh-HK-WanLungNeural_SC-000021.wav,edgetts,cantonese,SC-000021,zh-HK-WanLungNeural,0.049,隐蔽(难检)
data/redteam/factory/edgetts/cantonese/edgetts_cantonese_zh-HK-WanLungNeural_SC-000916.wav,edgetts,cantonese,SC-000916,zh-HK-WanLungNeural,0.049,隐蔽(难检)
data/redteam/factory/edgetts/cantonese/edgetts_cantonese_zh-HK-WanLungNeural_SC-001200.wav,edgetts,cantonese,SC-001200,zh-HK-WanLungNeural,0.049,隐蔽(难检)
data/redteam/factory/edgetts/cantonese/edgetts_cantonese_zh-HK-WanLungNeural_SC-000885.wav,edgetts,cantonese,SC-000885,zh-HK-WanLungNeural,0.049,隐蔽(难检)
data/redteam/factory/sovits_api/dongbei/sovits_api_dongbei_ref_boot_edgetts_dongbei_zh-CN-liaoning-XiaobeiNeural_SC-000002_seg8s_SC-000154.wav,sovits_api,dongbei,SC-000154,ref_boot_edgetts_dongbei_zh-CN-liaoning-XiaobeiNeural_SC-000002_seg8s,0.049,隐蔽(难检)
data/redteam/factory/edgetts/mandarin/edgetts_mandarin_zh-CN-XiaoxiaoNeural_SC-000029.wav,edgetts,mandarin,SC-000029,zh-CN-XiaoxiaoNeural,0.0491,隐蔽(难检)
data/redteam/factory/edgetts/sichuan/edgetts_sichuan_zh-CN-XiaoxiaoNeural_SC-000029.wav,edgetts,sichuan,SC-000029,zh-CN-XiaoxiaoNeural,0.0491,隐蔽(难检)
data/redteam/factory/edgetts/mandarin/edgetts_mandarin_zh-CN-YunxiNeural_SC-000117.wav,edgetts,mandarin,SC-000117,zh-CN-YunxiNeural,0.0491,隐蔽(难检)
data/redteam/factory/edgetts/sichuan/edgetts_sichuan_zh-CN-XiaoxiaoNeural_SC-000062.wav,edgetts,sichuan,SC-000062,zh-CN-XiaoxiaoNeural,0.0491,隐蔽(难检)
data/redteam/factory/edgetts/mandarin/edgetts_mandarin_zh-CN-YunyangNeural_SC-000184.wav,edgetts,mandarin,SC-000184,zh-CN-YunyangNeural,0.0491,隐蔽(难检)
data/redteam/factory/edgetts/dongbei/edgetts_dongbei_zh-CN-liaoning-XiaobeiNeural_SC-000007.wav,edgetts,dongbei,SC-000007,zh-CN-liaoning-XiaobeiNeural,0.0492,隐蔽(难检)
data/redteam/factory/edgetts/sichuan/edgetts_sichuan_zh-CN-XiaoxiaoNeural_SC-000482.wav,edgetts,sichuan,SC-000482,zh-CN-XiaoxiaoNeural,0.0492,隐蔽(难检)
data/redteam/factory/edgetts/mandarin/edgetts_mandarin_zh-CN-YunxiNeural_SC-000473.wav,edgetts,mandarin,SC-000473,zh-CN-YunxiNeural,0.0492,隐蔽(难检)
data/redteam/factory/sovits_api/mandarin/sovits_api_mandarin_ref_boot_edgetts_mandarin_zh-CN-YunxiNeural_SC-000007_seg8s_SC-000070.wav,sovits_api,mandarin,SC-000070,ref_boot_edgetts_mandarin_zh-CN-YunxiNeural_SC-000007_seg8s,0.0492,隐蔽(难检)
data/redteam/factory/sovits_api/mandarin/sovits_api_mandarin_ref_boot_edgetts_mandarin_zh-CN-YunxiNeural_SC-000007_seg8s_SC-000086.wav,sovits_api,mandarin,SC-000086,ref_boot_edgetts_mandarin_zh-CN-YunxiNeural_SC-000007_seg8s,0.0492,隐蔽(难检)
data/redteam/factory/edgetts/sichuan/edgetts_sichuan_zh-CN-YunxiNeural_SC-000785.wav,edgetts,sichuan,SC-000785,zh-CN-YunxiNeural,0.0493,隐蔽(难检)
data/redteam/factory/edgetts/sichuan/edgetts_sichuan_zh-CN-XiaoxiaoNeural_SC-000891.wav,edgetts,sichuan,SC-000891,zh-CN-XiaoxiaoNeural,0.0493,隐蔽(难检)
data/redteam/factory/edgetts/sichuan/edgetts_sichuan_zh-CN-YunxiNeural_SC-000831.wav,edgetts,sichuan,SC-000831,zh-CN-YunxiNeural,0.0493,隐蔽(难检)
data/redteam/factory/edgetts/mandarin/edgetts_mandarin_zh-CN-YunxiNeural_SC-000036.wav,edgetts,mandarin,SC-000036,zh-CN-YunxiNeural,0.0494,隐蔽(难检)
data/redteam/factory/edgetts/cantonese/edgetts_cantonese_zh-HK-WanLungNeural_SC-000458.wav,edgetts,cantonese,SC-000458,zh-HK-WanLungNeural,0.0494,隐蔽(难检)
data/redteam/factory/edgetts/sichuan/edgetts_sichuan_zh-CN-XiaoxiaoNeural_SC-001411.wav,edgetts,sichuan,SC-001411,zh-CN-XiaoxiaoNeural,0.0494,隐蔽(难检)
data/redteam/factory/edgetts/mandarin/edgetts_mandarin_zh-CN-XiaoxiaoNeural_SC-000476.wav,edgetts,mandarin,SC-000476,zh-CN-XiaoxiaoNeural,0.0494,隐蔽(难检)
data/redteam/factory/edgetts/sichuan/edgetts_sichuan_zh-CN-YunxiNeural_SC-000379.wav,edgetts,sichuan,SC-000379,zh-CN-YunxiNeural,0.0494,隐蔽(难检)
data/redteam/factory/sovits_api/mandarin/sovits_api_mandarin_ref_boot_edgetts_mandarin_zh-CN-XiaoxiaoNeural_SC-000007_seg8s_SC-000045.wav,sovits_api,mandarin,SC-000045,ref_boot_edgetts_mandarin_zh-CN-XiaoxiaoNeural_SC-000007_seg8s,0.0494,隐蔽(难检)
data/redteam/factory/sovits_api/minnan/sovits_api_minnan_ref_boot_edgetts_minnan_zh-TW-YunJheNeural_SC-000001_SC-000055.wav,sovits_api,minnan,SC-000055,ref_boot_edgetts_minnan_zh-TW-YunJheNeural_SC-000001,0.0494,隐蔽(难检)
data/redteam/factory/edgetts/mandarin/edgetts_mandarin_zh-CN-YunxiNeural_SC-000026.wav,edgetts,mandarin,SC-000026,zh-CN-YunxiNeural,0.0495,隐蔽(难检)
data/redteam/factory/edgetts/sichuan/edgetts_sichuan_zh-CN-YunxiNeural_SC-000026.wav,edgetts,sichuan,SC-000026,zh-CN-YunxiNeural,0.0495,隐蔽(难检)
data/redteam/factory/edgetts/henan/edgetts_henan_zh-CN-shaanxi-XiaoniNeural_SC-000106.wav,edgetts,henan,SC-000106,zh-CN-shaanxi-XiaoniNeural,0.0495,隐蔽(难检)
data/redteam/factory/edgetts/dongbei/edgetts_dongbei_zh-CN-liaoning-XiaobeiNeural_SC-001335.wav,edgetts,dongbei,SC-001335,zh-CN-liaoning-XiaobeiNeural,0.0495,隐蔽(难检)
data/redteam/factory/edgetts/cantonese/edgetts_cantonese_zh-HK-WanLungNeural_SC-001606.wav,edgetts,cantonese,SC-001606,zh-HK-WanLungNeural,0.0495,隐蔽(难检)
data/redteam/factory/sovits_api/sichuan/sovits_api_sichuan_ref_boot_edgetts_sichuan_zh-CN-XiaoxiaoNeural_SC-000010_SC-000172.wav,sovits_api,sichuan,SC-000172,ref_boot_edgetts_sichuan_zh-CN-XiaoxiaoNeural_SC-000010,0.0495,隐蔽(难检)
data/redteam/factory/edgetts/henan/edgetts_henan_zh-CN-shaanxi-XiaoniNeural_SC-000195.wav,edgetts,henan,SC-000195,zh-CN-shaanxi-XiaoniNeural,0.0496,隐蔽(难检)
data/redteam/factory/edgetts/henan/edgetts_henan_zh-CN-shaanxi-XiaoniNeural_SC-001219.wav,edgetts,henan,SC-001219,zh-CN-shaanxi-XiaoniNeural,0.0496,隐蔽(难检)
data/redteam/factory/edgetts/minnan/edgetts_minnan_zh-TW-HsiaoChenNeural_SC-001439.wav,edgetts,minnan,SC-001439,zh-TW-HsiaoChenNeural,0.0496,隐蔽(难检)
data/redteam/factory/edgetts/mandarin/edgetts_mandarin_zh-CN-YunjianNeural_SC-000120.wav,edgetts,mandarin,SC-000120,zh-CN-YunjianNeural,0.0497,隐蔽(难检)
data/redteam/factory/edgetts/sichuan/edgetts_sichuan_zh-CN-XiaoxiaoNeural_SC-000979.wav,edgetts,sichuan,SC-000979,zh-CN-XiaoxiaoNeural,0.0497,隐蔽(难检)
data/redteam/factory/edgetts/mandarin/edgetts_mandarin_zh-CN-YunxiNeural_SC-000158.wav,edgetts,mandarin,SC-000158,zh-CN-YunxiNeural,0.0497,隐蔽(难检)
data/redteam/factory/edgetts/mandarin/edgetts_mandarin_zh-CN-YunxiNeural_SC-000324.wav,edgetts,mandarin,SC-000324,zh-CN-YunxiNeural,0.0497,隐蔽(难检)
data/redteam/factory/edgetts/mandarin/edgetts_mandarin_zh-CN-YunyangNeural_SC-000456.wav,edgetts,mandarin,SC-000456,zh-CN-YunyangNeural,0.0497,隐蔽(难检)
data/redteam/factory/edgetts/henan/edgetts_henan_zh-CN-shaanxi-XiaoniNeural_SC-000728.wav,edgetts,henan,SC-000728,zh-CN-shaanxi-XiaoniNeural,0.0497,隐蔽(难检)
data/redteam/factory/edgetts/mandarin/edgetts_mandarin_zh-CN-YunjianNeural_SC-000262.wav,edgetts,mandarin,SC-000262,zh-CN-YunjianNeural,0.0497,隐蔽(难检)
data/redteam/factory/edgetts/mandarin/edgetts_mandarin_zh-CN-YunjianNeural_SC-000027.wav,edgetts,mandarin,SC-000027,zh-CN-YunjianNeural,0.0498,隐蔽(难检)
data/redteam/factory/edgetts/mandarin/edgetts_mandarin_zh-CN-XiaoxiaoNeural_SC-000279.wav,edgetts,mandarin,SC-000279,zh-CN-XiaoxiaoNeural,0.0498,隐蔽(难检)
data/redteam/factory/edgetts/mandarin/edgetts_mandarin_zh-CN-YunyangNeural_SC-000301.wav,edgetts,mandarin,SC-000301,zh-CN-YunyangNeural,0.0498,隐蔽(难检)
data/redteam/factory/edgetts/mandarin/edgetts_mandarin_zh-CN-YunxiNeural_SC-000476.wav,edgetts,mandarin,SC-000476,zh-CN-YunxiNeural,0.0498,隐蔽(难检)
data/redteam/factory/sovits_api/cantonese/sovits_api_cantonese_ref_boot_edgetts_cantonese_zh-HK-HiuMaanNeural_SC-000005_seg8s_SC-000281.wav,sovits_api,cantonese,SC-000281,ref_boot_edgetts_cantonese_zh-HK-HiuMaanNeural_SC-000005_seg8s,0.0498,隐蔽(难检)
data/redteam/factory/edgetts/mandarin/edgetts_mandarin_zh-CN-YunyangNeural_SC-000026.wav,edgetts,mandarin,SC-000026,zh-CN-YunyangNeural,0.0499,隐蔽(难检)
data/redteam/factory/edgetts/sichuan/edgetts_sichuan_zh-CN-XiaoxiaoNeural_SC-000287.wav,edgetts,sichuan,SC-000287,zh-CN-XiaoxiaoNeural,0.0499,隐蔽(难检)
data/redteam/factory/edgetts/dongbei/edgetts_dongbei_zh-CN-liaoning-XiaobeiNeural_SC-001601.wav,edgetts,dongbei,SC-001601,zh-CN-liaoning-XiaobeiNeural,0.0499,隐蔽(难检)
data/redteam/factory/edgetts/henan/edgetts_henan_zh-CN-shaanxi-XiaoniNeural_SC-001288.wav,edgetts,henan,SC-001288,zh-CN-shaanxi-XiaoniNeural,0.0499,隐蔽(难检)
data/redteam/factory/sovits_api/dongbei/sovits_api_dongbei_ref_boot_edgetts_dongbei_zh-CN-liaoning-XiaobeiNeural_SC-000002_seg8s_SC-000149.wav,sovits_api,dongbei,SC-000149,ref_boot_edgetts_dongbei_zh-CN-liaoning-XiaobeiNeural_SC-000002_seg8s,0.0499,隐蔽(难检)
data/redteam/factory/edgetts/mandarin/edgetts_mandarin_zh-CN-XiaoxiaoNeural_SC-000026.wav,edgetts,mandarin,SC-000026,zh-CN-XiaoxiaoNeural,0.05,隐蔽(难检)
data/redteam/factory/edgetts/sichuan/edgetts_sichuan_zh-CN-XiaoxiaoNeural_SC-000026.wav,edgetts,sichuan,SC-000026,zh-CN-XiaoxiaoNeural,0.05,隐蔽(难检)
data/redteam/factory/edgetts/mandarin/edgetts_mandarin_zh-CN-XiaoxiaoNeural_SC-000313.wav,edgetts,mandarin,SC-000313,zh-CN-XiaoxiaoNeural,0.05,隐蔽(难检)
data/redteam/factory/edgetts/mandarin/edgetts_mandarin_zh-CN-YunyangNeural_SC-000452.wav,edgetts,mandarin,SC-000452,zh-CN-YunyangNeural,0.05,隐蔽(难检)
data/redteam/factory/edgetts/dongbei/edgetts_dongbei_zh-CN-liaoning-XiaobeiNeural_SC-000939.wav,edgetts,dongbei,SC-000939,zh-CN-liaoning-XiaobeiNeural,0.05,隐蔽(难检)
data/redteam/factory/edgetts/sichuan/edgetts_sichuan_zh-CN-XiaoxiaoNeural_SC-000469.wav,edgetts,sichuan,SC-000469,zh-CN-XiaoxiaoNeural,0.05,隐蔽(难检)
data/redteam/factory/edgetts/mandarin/edgetts_mandarin_zh-CN-YunxiNeural_SC-000123.wav,edgetts,mandarin,SC-000123,zh-CN-YunxiNeural,0.0501,隐蔽(难检)
data/redteam/factory/edgetts/minnan/edgetts_minnan_zh-TW-HsiaoChenNeural_SC-000282.wav,edgetts,minnan,SC-000282,zh-TW-HsiaoChenNeural,0.0501,隐蔽(难检)
data/redteam/factory/edgetts/mandarin/edgetts_mandarin_zh-CN-YunxiNeural_SC-000180.wav,edgetts,mandarin,SC-000180,zh-CN-YunxiNeural,0.0501,隐蔽(难检)
data/redteam/factory/edgetts/mandarin/edgetts_mandarin_zh-CN-XiaoxiaoNeural_SC-000501.wav,edgetts,mandarin,SC-000501,zh-CN-XiaoxiaoNeural,0.0502,隐蔽(难检)
data/redteam/factory/edgetts/cantonese/edgetts_cantonese_zh-HK-WanLungNeural_SC-001449.wav,edgetts,cantonese,SC-001449,zh-HK-WanLungNeural,0.0502,隐蔽(难检)
data/redteam/factory/sovits_api/sichuan/sovits_api_sichuan_ref_boot_edgetts_sichuan_zh-CN-YunxiNeural_SC-000010_SC-000107.wav,sovits_api,sichuan,SC-000107,ref_boot_edgetts_sichuan_zh-CN-YunxiNeural_SC-000010,0.0502,隐蔽(难检)
data/redteam/factory/edgetts/mandarin/edgetts_mandarin_zh-CN-YunyangNeural_SC-000014.wav,edgetts,mandarin,SC-000014,zh-CN-YunyangNeural,0.0503,隐蔽(难检)
data/redteam/factory/edgetts/sichuan/edgetts_sichuan_zh-CN-XiaoxiaoNeural_SC-000118.wav,edgetts,sichuan,SC-000118,zh-CN-XiaoxiaoNeural,0.0503,隐蔽(难检)
data/redteam/factory/edgetts/sichuan/edgetts_sichuan_zh-CN-XiaoxiaoNeural_SC-000771.wav,edgetts,sichuan,SC-000771,zh-CN-XiaoxiaoNeural,0.0503,隐蔽(难检)
data/redteam/factory/edgetts/sichuan/edgetts_sichuan_zh-CN-XiaoxiaoNeural_SC-000657.wav,edgetts,sichuan,SC-000657,zh-CN-XiaoxiaoNeural,0.0503,隐蔽(难检)
data/redteam/factory/sovits_api/dongbei/sovits_api_dongbei_ref_boot_edgetts_dongbei_zh-CN-liaoning-XiaobeiNeural_SC-000002_seg8s_SC-000270.wav,sovits_api,dongbei,SC-000270,ref_boot_edgetts_dongbei_zh-CN-liaoning-XiaobeiNeural_SC-000002_seg8s,0.0503,隐蔽(难检)
data/redteam/factory/edgetts/dongbei/edgetts_dongbei_zh-CN-liaoning-XiaobeiNeural_SC-000294.wav,edgetts,dongbei,SC-000294,zh-CN-liaoning-XiaobeiNeural,0.0504,隐蔽(难检)
data/redteam/factory/edgetts/henan/edgetts_henan_zh-CN-shaanxi-XiaoniNeural_SC-000250.wav,edgetts,henan,SC-000250,zh-CN-shaanxi-XiaoniNeural,0.0504,隐蔽(难检)
data/redteam/factory/edgetts/dongbei/edgetts_dongbei_zh-CN-liaoning-XiaobeiNeural_SC-000570.wav,edgetts,dongbei,SC-000570,zh-CN-liaoning-XiaobeiNeural,0.0504,隐蔽(难检)
data/redteam/factory/edgetts/mandarin/edgetts_mandarin_zh-CN-XiaoxiaoNeural_SC-000262.wav,edgetts,mandarin,SC-000262,zh-CN-XiaoxiaoNeural,0.0504,隐蔽(难检)
data/redteam/factory/sovits_api/mandarin/sovits_api_mandarin_ref_boot_edgetts_mandarin_zh-CN-YunjianNeural_SC-000007_seg8s_SC-000082.wav,sovits_api,mandarin,SC-000082,ref_boot_edgetts_mandarin_zh-CN-YunjianNeural_SC-000007_seg8s,0.0504,隐蔽(难检)
data/redteam/factory/edgetts/cantonese/edgetts_cantonese_zh-HK-WanLungNeural_SC-000247.wav,edgetts,cantonese,SC-000247,zh-HK-WanLungNeural,0.0505,隐蔽(难检)
data/redteam/factory/edgetts/mandarin/edgetts_mandarin_zh-CN-YunyangNeural_SC-000474.wav,edgetts,mandarin,SC-000474,zh-CN-YunyangNeural,0.0505,隐蔽(难检)
data/redteam/factory/sovits_api/mandarin/sovits_api_mandarin_ref_boot_edgetts_mandarin_zh-CN-YunjianNeural_SC-000007_seg8s_SC-000072.wav,sovits_api,mandarin,SC-000072,ref_boot_edgetts_mandarin_zh-CN-YunjianNeural_SC-000007_seg8s,0.0505,隐蔽(难检)
data/redteam/factory/sovits_api/sichuan/sovits_api_sichuan_ref_boot_edgetts_sichuan_zh-CN-XiaoxiaoNeural_SC-000010_SC-000259.wav,sovits_api,sichuan,SC-000259,ref_boot_edgetts_sichuan_zh-CN-XiaoxiaoNeural_SC-000010,0.0505,隐蔽(难检)
data/redteam/factory/edgetts/sichuan/edgetts_sichuan_zh-CN-XiaoxiaoNeural_SC-000607.wav,edgetts,sichuan,SC-000607,zh-CN-XiaoxiaoNeural,0.0506,隐蔽(难检)
data/redteam/factory/edgetts/henan/edgetts_henan_zh-CN-shaanxi-XiaoniNeural_SC-001202.wav,edgetts,henan,SC-001202,zh-CN-shaanxi-XiaoniNeural,0.0506,隐蔽(难检)
data/redteam/factory/sovits_api/minnan/sovits_api_minnan_ref_boot_edgetts_minnan_zh-TW-HsiaoChenNeural_SC-000001_SC-000282.wav,sovits_api,minnan,SC-000282,ref_boot_edgetts_minnan_zh-TW-HsiaoChenNeural_SC-000001,0.0506,隐蔽(难检)
data/redteam/factory/sovits_api/cantonese/sovits_api_cantonese_ref_boot_edgetts_cantonese_zh-HK-WanLungNeural_SC-000005_seg8s_SC-000145.wav,sovits_api,cantonese,SC-000145,ref_boot_edgetts_cantonese_zh-HK-WanLungNeural_SC-000005_seg8s,0.0506,隐蔽(难检)
data/redteam/factory/edgetts/sichuan/edgetts_sichuan_zh-CN-XiaoxiaoNeural_SC-000307.wav,edgetts,sichuan,SC-000307,zh-CN-XiaoxiaoNeural,0.0507,隐蔽(难检)
data/redteam/factory/edgetts/cantonese/edgetts_cantonese_zh-HK-WanLungNeural_SC-000786.wav,edgetts,cantonese,SC-000786,zh-HK-WanLungNeural,0.0507,隐蔽(难检)
data/redteam/factory/edgetts/mandarin/edgetts_mandarin_zh-CN-YunyangNeural_SC-000300.wav,edgetts,mandarin,SC-000300,zh-CN-YunyangNeural,0.0507,隐蔽(难检)
data/redteam/factory/edgetts/mandarin/edgetts_mandarin_zh-CN-YunyangNeural_SC-000027.wav,edgetts,mandarin,SC-000027,zh-CN-YunyangNeural,0.0508,隐蔽(难检)
data/redteam/factory/edgetts/minnan/edgetts_minnan_zh-TW-HsiaoChenNeural_SC-000498.wav,edgetts,minnan,SC-000498,zh-TW-HsiaoChenNeural,0.0508,隐蔽(难检)
data/redteam/factory/edgetts/cantonese/edgetts_cantonese_zh-HK-WanLungNeural_SC-000191.wav,edgetts,cantonese,SC-000191,zh-HK-WanLungNeural,0.0508,隐蔽(难检)
data/redteam/factory/edgetts/cantonese/edgetts_cantonese_zh-HK-WanLungNeural_SC-001588.wav,edgetts,cantonese,SC-001588,zh-HK-WanLungNeural,0.0508,隐蔽(难检)
data/redteam/factory/edgetts/minnan/edgetts_minnan_zh-TW-YunJheNeural_SC-001151.wav,edgetts,minnan,SC-001151,zh-TW-YunJheNeural,0.0508,隐蔽(难检)
data/redteam/factory/edgetts/mandarin/edgetts_mandarin_zh-CN-YunyangNeural_SC-000262.wav,edgetts,mandarin,SC-000262,zh-CN-YunyangNeural,0.0508,隐蔽(难检)
data/redteam/factory/sovits_api/mandarin/sovits_api_mandarin_ref_boot_edgetts_mandarin_zh-CN-XiaoxiaoNeural_SC-000007_seg8s_SC-000022.wav,sovits_api,mandarin,SC-000022,ref_boot_edgetts_mandarin_zh-CN-XiaoxiaoNeural_SC-000007_seg8s,0.0508,隐蔽(难检)
data/redteam/factory/sovits_api/henan/sovits_api_henan_ref_boot_edgetts_henan_zh-CN-shaanxi-XiaoniNeural_SC-000009_seg8s_SC-000121.wav,sovits_api,henan,SC-000121,ref_boot_edgetts_henan_zh-CN-shaanxi-XiaoniNeural_SC-000009_seg8s,0.0508,隐蔽(难检)
data/redteam/factory/sovits_api/henan/sovits_api_henan_ref_boot_edgetts_henan_zh-CN-shaanxi-XiaoniNeural_SC-000009_seg8s_SC-000128.wav,sovits_api,henan,SC-000128,ref_boot_edgetts_henan_zh-CN-shaanxi-XiaoniNeural_SC-000009_seg8s,0.0508,隐蔽(难检)
data/redteam/factory/edgetts/mandarin/edgetts_mandarin_zh-CN-YunjianNeural_SC-000151.wav,edgetts,mandarin,SC-000151,zh-CN-YunjianNeural,0.0509,隐蔽(难检)
data/redteam/factory/edgetts/henan/edgetts_henan_zh-CN-shaanxi-XiaoniNeural_SC-001000.wav,edgetts,henan,SC-001000,zh-CN-shaanxi-XiaoniNeural,0.0509,隐蔽(难检)
data/redteam/factory/sovits_api/mandarin/sovits_api_mandarin_ref_boot_edgetts_mandarin_zh-CN-YunjianNeural_SC-000007_seg8s_SC-000083.wav,sovits_api,mandarin,SC-000083,ref_boot_edgetts_mandarin_zh-CN-YunjianNeural_SC-000007_seg8s,0.0509,隐蔽(难检)
data/redteam/factory/edgetts/dongbei/edgetts_dongbei_zh-CN-liaoning-XiaobeiNeural_SC-000616.wav,edgetts,dongbei,SC-000616,zh-CN-liaoning-XiaobeiNeural,0.051,隐蔽(难检)
data/redteam/factory/edgetts/mandarin/edgetts_mandarin_zh-CN-YunjianNeural_SC-000453.wav,edgetts,mandarin,SC-000453,zh-CN-YunjianNeural,0.051,隐蔽(难检)
data/redteam/factory/edgetts/mandarin/edgetts_mandarin_zh-CN-YunxiNeural_SC-000012.wav,edgetts,mandarin,SC-000012,zh-CN-YunxiNeural,0.0512,隐蔽(难检)
data/redteam/factory/edgetts/sichuan/edgetts_sichuan_zh-CN-YunxiNeural_SC-000012.wav,edgetts,sichuan,SC-000012,zh-CN-YunxiNeural,0.0512,隐蔽(难检)
data/redteam/factory/edgetts/sichuan/edgetts_sichuan_zh-CN-YunxiNeural_SC-000210.wav,edgetts,sichuan,SC-000210,zh-CN-YunxiNeural,0.0512,隐蔽(难检)
data/redteam/factory/edgetts/cantonese/edgetts_cantonese_zh-HK-WanLungNeural_SC-000245.wav,edgetts,cantonese,SC-000245,zh-HK-WanLungNeural,0.0512,隐蔽(难检)
data/redteam/factory/edgetts/mandarin/edgetts_mandarin_zh-CN-XiaoxiaoNeural_SC-000093.wav,edgetts,mandarin,SC-000093,zh-CN-XiaoxiaoNeural,0.0513,隐蔽(难检)
data/redteam/factory/edgetts/mandarin/edgetts_mandarin_zh-CN-XiaoxiaoNeural_SC-000219.wav,edgetts,mandarin,SC-000219,zh-CN-XiaoxiaoNeural,0.0513,隐蔽(难检)
data/redteam/factory/edgetts/henan/edgetts_henan_zh-CN-shaanxi-XiaoniNeural_SC-001224.wav,edgetts,henan,SC-001224,zh-CN-shaanxi-XiaoniNeural,0.0513,隐蔽(难检)
data/redteam/factory/sovits_api/cantonese/sovits_api_cantonese_ref_boot_edgetts_cantonese_zh-HK-HiuMaanNeural_SC-000005_seg8s_SC-000014.wav,sovits_api,cantonese,SC-000014,ref_boot_edgetts_cantonese_zh-HK-HiuMaanNeural_SC-000005_seg8s,0.0513,隐蔽(难检)
data/redteam/factory/edgetts/henan/edgetts_henan_zh-CN-shaanxi-XiaoniNeural_SC-000321.wav,edgetts,henan,SC-000321,zh-CN-shaanxi-XiaoniNeural,0.0514,隐蔽(难检)
data/redteam/factory/edgetts/sichuan/edgetts_sichuan_zh-CN-YunxiNeural_SC-000946.wav,edgetts,sichuan,SC-000946,zh-CN-YunxiNeural,0.0514,隐蔽(难检)
data/redteam/factory/edgetts/henan/edgetts_henan_zh-CN-shaanxi-XiaoniNeural_SC-001380.wav,edgetts,henan,SC-001380,zh-CN-shaanxi-XiaoniNeural,0.0514,隐蔽(难检)
data/redteam/factory/sovits_api/mandarin/sovits_api_mandarin_ref_boot_edgetts_mandarin_zh-CN-YunxiNeural_SC-000007_seg8s_SC-000019.wav,sovits_api,mandarin,SC-000019,ref_boot_edgetts_mandarin_zh-CN-YunxiNeural_SC-000007_seg8s,0.0514,隐蔽(难检)
data/redteam/factory/edgetts/cantonese/edgetts_cantonese_zh-HK-WanLungNeural_SC-000140.wav,edgetts,cantonese,SC-000140,zh-HK-WanLungNeural,0.0515,隐蔽(难检)
data/redteam/factory/edgetts/henan/edgetts_henan_zh-CN-shaanxi-XiaoniNeural_SC-001123.wav,edgetts,henan,SC-001123,zh-CN-shaanxi-XiaoniNeural,0.0515,隐蔽(难检)
data/redteam/factory/sovits_api/cantonese/sovits_api_cantonese_ref_boot_edgetts_cantonese_zh-HK-HiuMaanNeural_SC-000005_seg8s_SC-000048.wav,sovits_api,cantonese,SC-000048,ref_boot_edgetts_cantonese_zh-HK-HiuMaanNeural_SC-000005_seg8s,0.0515,隐蔽(难检)
data/redteam/factory/edgetts/cantonese/edgetts_cantonese_zh-HK-WanLungNeural_SC-000004.wav,edgetts,cantonese,SC-000004,zh-HK-WanLungNeural,0.0516,隐蔽(难检)
data/redteam/factory/edgetts/cantonese/edgetts_cantonese_zh-HK-WanLungNeural_SC-000007.wav,edgetts,cantonese,SC-000007,zh-HK-WanLungNeural,0.0516,隐蔽(难检)
data/redteam/factory/edgetts/minnan/edgetts_minnan_zh-TW-HsiaoChenNeural_SC-000207.wav,edgetts,minnan,SC-000207,zh-TW-HsiaoChenNeural,0.0516,隐蔽(难检)
data/redteam/factory/edgetts/cantonese/edgetts_cantonese_zh-HK-WanLungNeural_SC-000395.wav,edgetts,cantonese,SC-000395,zh-HK-WanLungNeural,0.0516,隐蔽(难检)
data/redteam/factory/edgetts/cantonese/edgetts_cantonese_zh-HK-WanLungNeural_SC-001299.wav,edgetts,cantonese,SC-001299,zh-HK-WanLungNeural,0.0516,隐蔽(难检)
data/redteam/factory/edgetts/sichuan/edgetts_sichuan_zh-CN-YunxiNeural_SC-000457.wav,edgetts,sichuan,SC-000457,zh-CN-YunxiNeural,0.0516,隐蔽(难检)
data/redteam/factory/edgetts/mandarin/edgetts_mandarin_zh-CN-YunyangNeural_SC-000374.wav,edgetts,mandarin,SC-000374,zh-CN-YunyangNeural,0.0516,隐蔽(难检)
data/redteam/factory/edgetts/sichuan/edgetts_sichuan_zh-CN-XiaoxiaoNeural_SC-000320.wav,edgetts,sichuan,SC-000320,zh-CN-XiaoxiaoNeural,0.0516,隐蔽(难检)
data/redteam/factory/sovits_api/henan/sovits_api_henan_ref_boot_edgetts_henan_zh-CN-shaanxi-XiaoniNeural_SC-000009_seg8s_SC-000064.wav,sovits_api,henan,SC-000064,ref_boot_edgetts_henan_zh-CN-shaanxi-XiaoniNeural_SC-000009_seg8s,0.0516,隐蔽(难检)
data/redteam/factory/edgetts/sichuan/edgetts_sichuan_zh-CN-YunxiNeural_SC-000278.wav,edgetts,sichuan,SC-000278,zh-CN-YunxiNeural,0.0517,隐蔽(难检)
data/redteam/factory/edgetts/minnan/edgetts_minnan_zh-TW-HsiaoChenNeural_SC-000841.wav,edgetts,minnan,SC-000841,zh-TW-HsiaoChenNeural,0.0517,隐蔽(难检)
data/redteam/factory/edgetts/minnan/edgetts_minnan_zh-TW-YunJheNeural_SC-000883.wav,edgetts,minnan,SC-000883,zh-TW-YunJheNeural,0.0517,隐蔽(难检)
data/redteam/factory/edgetts/dongbei/edgetts_dongbei_zh-CN-liaoning-XiaobeiNeural_SC-001665.wav,edgetts,dongbei,SC-001665,zh-CN-liaoning-XiaobeiNeural,0.0518,隐蔽(难检)
data/redteam/factory/edgetts/mandarin/edgetts_mandarin_zh-CN-YunjianNeural_SC-000253.wav,edgetts,mandarin,SC-000253,zh-CN-YunjianNeural,0.0518,隐蔽(难检)
data/redteam/factory/edgetts/cantonese/edgetts_cantonese_zh-HK-WanLungNeural_SC-000874.wav,edgetts,cantonese,SC-000874,zh-HK-WanLungNeural,0.0518,隐蔽(难检)
data/redteam/factory/edgetts/cantonese/edgetts_cantonese_zh-HK-WanLungNeural_SC-000557.wav,edgetts,cantonese,SC-000557,zh-HK-WanLungNeural,0.0518,隐蔽(难检)
data/redteam/factory/edgetts/sichuan/edgetts_sichuan_zh-CN-YunxiNeural_SC-001061.wav,edgetts,sichuan,SC-001061,zh-CN-YunxiNeural,0.0518,隐蔽(难检)
data/redteam/factory/sovits_api/sichuan/sovits_api_sichuan_ref_boot_edgetts_sichuan_zh-CN-YunxiNeural_SC-000010_SC-000099.wav,sovits_api,sichuan,SC-000099,ref_boot_edgetts_sichuan_zh-CN-YunxiNeural_SC-000010,0.0518,隐蔽(难检)
data/redteam/factory/edgetts/mandarin/edgetts_mandarin_zh-CN-YunxiNeural_SC-000015.wav,edgetts,mandarin,SC-000015,zh-CN-YunxiNeural,0.0519,隐蔽(难检)
data/redteam/factory/edgetts/sichuan/edgetts_sichuan_zh-CN-YunxiNeural_SC-000015.wav,edgetts,sichuan,SC-000015,zh-CN-YunxiNeural,0.0519,隐蔽(难检)
data/redteam/factory/edgetts/dongbei/edgetts_dongbei_zh-CN-liaoning-XiaobeiNeural_SC-000017.wav,edgetts,dongbei,SC-000017,zh-CN-liaoning-XiaobeiNeural,0.0519,隐蔽(难检)
data/redteam/factory/edgetts/minnan/edgetts_minnan_zh-TW-HsiaoChenNeural_SC-000426.wav,edgetts,minnan,SC-000426,zh-TW-HsiaoChenNeural,0.0519,隐蔽(难检)
data/redteam/factory/edgetts/mandarin/edgetts_mandarin_zh-CN-XiaoxiaoNeural_SC-000267.wav,edgetts,mandarin,SC-000267,zh-CN-XiaoxiaoNeural,0.0519,隐蔽(难检)
data/redteam/factory/edgetts/mandarin/edgetts_mandarin_zh-CN-YunjianNeural_SC-000289.wav,edgetts,mandarin,SC-000289,zh-CN-YunjianNeural,0.052,隐蔽(难检)
data/redteam/factory/edgetts/dongbei/edgetts_dongbei_zh-CN-liaoning-XiaobeiNeural_SC-000853.wav,edgetts,dongbei,SC-000853,zh-CN-liaoning-XiaobeiNeural,0.052,隐蔽(难检)
data/redteam/factory/edgetts/sichuan/edgetts_sichuan_zh-CN-XiaoxiaoNeural_SC-000683.wav,edgetts,sichuan,SC-000683,zh-CN-XiaoxiaoNeural,0.052,隐蔽(难检)
data/redteam/factory/edgetts/henan/edgetts_henan_zh-CN-shaanxi-XiaoniNeural_SC-000358.wav,edgetts,henan,SC-000358,zh-CN-shaanxi-XiaoniNeural,0.0521,隐蔽(难检)
data/redteam/factory/edgetts/mandarin/edgetts_mandarin_zh-CN-YunxiNeural_SC-000462.wav,edgetts,mandarin,SC-000462,zh-CN-YunxiNeural,0.0521,隐蔽(难检)
data/redteam/factory/edgetts/cantonese/edgetts_cantonese_zh-HK-WanLungNeural_SC-000793.wav,edgetts,cantonese,SC-000793,zh-HK-WanLungNeural,0.0521,隐蔽(难检)
data/redteam/factory/edgetts/mandarin/edgetts_mandarin_zh-CN-YunxiNeural_SC-000069.wav,edgetts,mandarin,SC-000069,zh-CN-YunxiNeural,0.0522,隐蔽(难检)
data/redteam/factory/edgetts/henan/edgetts_henan_zh-CN-shaanxi-XiaoniNeural_SC-000499.wav,edgetts,henan,SC-000499,zh-CN-shaanxi-XiaoniNeural,0.0522,隐蔽(难检)
data/redteam/factory/edgetts/mandarin/edgetts_mandarin_zh-CN-YunyangNeural_SC-000488.wav,edgetts,mandarin,SC-000488,zh-CN-YunyangNeural,0.0522,隐蔽(难检)
data/redteam/factory/sovits_api/mandarin/sovits_api_mandarin_ref_boot_edgetts_mandarin_zh-CN-YunxiNeural_SC-000007_seg8s_SC-000011.wav,sovits_api,mandarin,SC-000011,ref_boot_edgetts_mandarin_zh-CN-YunxiNeural_SC-000007_seg8s,0.0522,隐蔽(难检)
data/redteam/factory/sovits_api/henan/sovits_api_henan_ref_boot_edgetts_henan_zh-CN-shaanxi-XiaoniNeural_SC-000009_seg8s_SC-000106.wav,sovits_api,henan,SC-000106,ref_boot_edgetts_henan_zh-CN-shaanxi-XiaoniNeural_SC-000009_seg8s,0.0522,隐蔽(难检)
data/redteam/factory/edgetts/henan/edgetts_henan_zh-CN-shaanxi-XiaoniNeural_SC-000012.wav,edgetts,henan,SC-000012,zh-CN-shaanxi-XiaoniNeural,0.0523,隐蔽(难检)
data/redteam/factory/edgetts/sichuan/edgetts_sichuan_zh-CN-XiaoxiaoNeural_SC-000708.wav,edgetts,sichuan,SC-000708,zh-CN-XiaoxiaoNeural,0.0523,隐蔽(难检)
data/redteam/factory/edgetts/mandarin/edgetts_mandarin_zh-CN-YunyangNeural_SC-000393.wav,edgetts,mandarin,SC-000393,zh-CN-YunyangNeural,0.0523,隐蔽(难检)
data/redteam/factory/edgetts/henan/edgetts_henan_zh-CN-shaanxi-XiaoniNeural_SC-000567.wav,edgetts,henan,SC-000567,zh-CN-shaanxi-XiaoniNeural,0.0523,隐蔽(难检)
data/redteam/factory/edgetts/henan/edgetts_henan_zh-CN-shaanxi-XiaoniNeural_SC-001599.wav,edgetts,henan,SC-001599,zh-CN-shaanxi-XiaoniNeural,0.0523,隐蔽(难检)
data/redteam/factory/sovits_api/cantonese/sovits_api_cantonese_ref_boot_edgetts_cantonese_zh-HK-WanLungNeural_SC-000005_seg8s_SC-000094.wav,sovits_api,cantonese,SC-000094,ref_boot_edgetts_cantonese_zh-HK-WanLungNeural_SC-000005_seg8s,0.0523,隐蔽(难检)
data/redteam/factory/sovits_api/dongbei/sovits_api_dongbei_ref_boot_edgetts_dongbei_zh-CN-liaoning-XiaobeiNeural_SC-000002_seg8s_SC-000264.wav,sovits_api,dongbei,SC-000264,ref_boot_edgetts_dongbei_zh-CN-liaoning-XiaobeiNeural_SC-000002_seg8s,0.0523,隐蔽(难检)
data/redteam/factory/edgetts/sichuan/edgetts_sichuan_zh-CN-XiaoxiaoNeural_SC-000954.wav,edgetts,sichuan,SC-000954,zh-CN-XiaoxiaoNeural,0.0524,隐蔽(难检)
data/redteam/factory/sovits_api/mandarin/sovits_api_mandarin_ref_boot_edgetts_mandarin_zh-CN-YunxiNeural_SC-000007_seg8s_SC-000007.wav,sovits_api,mandarin,SC-000007,ref_boot_edgetts_mandarin_zh-CN-YunxiNeural_SC-000007_seg8s,0.0524,隐蔽(难检)
data/redteam/factory/sovits_api/henan/sovits_api_henan_ref_boot_edgetts_henan_zh-CN-shaanxi-XiaoniNeural_SC-000009_seg8s_SC-000033.wav,sovits_api,henan,SC-000033,ref_boot_edgetts_henan_zh-CN-shaanxi-XiaoniNeural_SC-000009_seg8s,0.0524,隐蔽(难检)
data/redteam/factory/edgetts/henan/edgetts_henan_zh-CN-shaanxi-XiaoniNeural_SC-000003.wav,edgetts,henan,SC-000003,zh-CN-shaanxi-XiaoniNeural,0.0525,隐蔽(难检)
data/redteam/factory/edgetts/cantonese/edgetts_cantonese_zh-HK-WanLungNeural_SC-001095.wav,edgetts,cantonese,SC-001095,zh-HK-WanLungNeural,0.0525,隐蔽(难检)
data/redteam/factory/edgetts/dongbei/edgetts_dongbei_zh-CN-liaoning-XiaobeiNeural_SC-001686.wav,edgetts,dongbei,SC-001686,zh-CN-liaoning-XiaobeiNeural,0.0525,隐蔽(难检)
data/redteam/factory/edgetts/sichuan/edgetts_sichuan_zh-CN-YunxiNeural_SC-000673.wav,edgetts,sichuan,SC-000673,zh-CN-YunxiNeural,0.0525,隐蔽(难检)
data/redteam/factory/edgetts/mandarin/edgetts_mandarin_zh-CN-YunyangNeural_SC-000214.wav,edgetts,mandarin,SC-000214,zh-CN-YunyangNeural,0.0525,隐蔽(难检)
data/redteam/factory/sovits_api/cantonese/sovits_api_cantonese_ref_boot_edgetts_cantonese_zh-HK-WanLungNeural_SC-000005_seg8s_SC-000281.wav,sovits_api,cantonese,SC-000281,ref_boot_edgetts_cantonese_zh-HK-WanLungNeural_SC-000005_seg8s,0.0525,隐蔽(难检)
data/redteam/factory/sovits_api/dongbei/sovits_api_dongbei_ref_boot_edgetts_dongbei_zh-CN-liaoning-XiaobeiNeural_SC-000002_seg8s_SC-000113.wav,sovits_api,dongbei,SC-000113,ref_boot_edgetts_dongbei_zh-CN-liaoning-XiaobeiNeural_SC-000002_seg8s,0.0525,隐蔽(难检)
data/redteam/factory/edgetts/mandarin/edgetts_mandarin_zh-CN-YunjianNeural_SC-000202.wav,edgetts,mandarin,SC-000202,zh-CN-YunjianNeural,0.0526,隐蔽(难检)
data/redteam/factory/sovits_api/mandarin/sovits_api_mandarin_ref_boot_edgetts_mandarin_zh-CN-XiaoxiaoNeural_SC-000007_seg8s_SC-000012.wav,sovits_api,mandarin,SC-000012,ref_boot_edgetts_mandarin_zh-CN-XiaoxiaoNeural_SC-000007_seg8s,0.0526,隐蔽(难检)
data/redteam/factory/sovits_api/mandarin/sovits_api_mandarin_ref_boot_edgetts_mandarin_zh-CN-XiaoxiaoNeural_SC-000007_seg8s_SC-000050.wav,sovits_api,mandarin,SC-000050,ref_boot_edgetts_mandarin_zh-CN-XiaoxiaoNeural_SC-000007_seg8s,0.0526,隐蔽(难检)
data/redteam/factory/sovits_api/mandarin/sovits_api_mandarin_ref_boot_edgetts_mandarin_zh-CN-XiaoxiaoNeural_SC-000007_seg8s_SC-000089.wav,sovits_api,mandarin,SC-000089,ref_boot_edgetts_mandarin_zh-CN-XiaoxiaoNeural_SC-000007_seg8s,0.0526,隐蔽(难检)
data/redteam/factory/edgetts/cantonese/edgetts_cantonese_zh-HK-WanLungNeural_SC-000094.wav,edgetts,cantonese,SC-000094,zh-HK-WanLungNeural,0.0527,隐蔽(难检)
data/redteam/factory/edgetts/sichuan/edgetts_sichuan_zh-CN-YunxiNeural_SC-000579.wav,edgetts,sichuan,SC-000579,zh-CN-YunxiNeural,0.0527,隐蔽(难检)
data/redteam/factory/edgetts/dongbei/edgetts_dongbei_zh-CN-liaoning-XiaobeiNeural_SC-001285.wav,edgetts,dongbei,SC-001285,zh-CN-liaoning-XiaobeiNeural,0.0527,隐蔽(难检)
data/redteam/factory/edgetts/minnan/edgetts_minnan_zh-TW-YunJheNeural_SC-001519.wav,edgetts,minnan,SC-001519,zh-TW-YunJheNeural,0.0527,隐蔽(难检)
data/redteam/factory/edgetts/sichuan/edgetts_sichuan_zh-CN-XiaoxiaoNeural_SC-000295.wav,edgetts,sichuan,SC-000295,zh-CN-XiaoxiaoNeural,0.0528,隐蔽(难检)
data/redteam/factory/sovits_api/cantonese/sovits_api_cantonese_ref_boot_edgetts_cantonese_zh-HK-WanLungNeural_SC-000005_seg8s_SC-000049.wav,sovits_api,cantonese,SC-000049,ref_boot_edgetts_cantonese_zh-HK-WanLungNeural_SC-000005_seg8s,0.0528,隐蔽(难检)
data/redteam/factory/edgetts/sichuan/edgetts_sichuan_zh-CN-XiaoxiaoNeural_SC-000353.wav,edgetts,sichuan,SC-000353,zh-CN-XiaoxiaoNeural,0.0529,隐蔽(难检)
data/redteam/factory/edgetts/mandarin/edgetts_mandarin_zh-CN-YunjianNeural_SC-000134.wav,edgetts,mandarin,SC-000134,zh-CN-YunjianNeural,0.0529,隐蔽(难检)
data/redteam/factory/sovits_api/mandarin/sovits_api_mandarin_ref_boot_edgetts_mandarin_zh-CN-YunjianNeural_SC-000007_seg8s_SC-000035.wav,sovits_api,mandarin,SC-000035,ref_boot_edgetts_mandarin_zh-CN-YunjianNeural_SC-000007_seg8s,0.0529,隐蔽(难检)
data/redteam/factory/edgetts/sichuan/edgetts_sichuan_zh-CN-YunxiNeural_SC-001024.wav,edgetts,sichuan,SC-001024,zh-CN-YunxiNeural,0.053,隐蔽(难检)
data/redteam/factory/edgetts/mandarin/edgetts_mandarin_zh-CN-XiaoxiaoNeural_SC-000223.wav,edgetts,mandarin,SC-000223,zh-CN-XiaoxiaoNeural,0.053,隐蔽(难检)
data/redteam/factory/edgetts/cantonese/edgetts_cantonese_zh-HK-WanLungNeural_SC-000924.wav,edgetts,cantonese,SC-000924,zh-HK-WanLungNeural,0.053,隐蔽(难检)
data/redteam/factory/edgetts/mandarin/edgetts_mandarin_zh-CN-YunyangNeural_SC-000304.wav,edgetts,mandarin,SC-000304,zh-CN-YunyangNeural,0.053,隐蔽(难检)
data/redteam/factory/edgetts/sichuan/edgetts_sichuan_zh-CN-XiaoxiaoNeural_SC-001028.wav,edgetts,sichuan,SC-001028,zh-CN-XiaoxiaoNeural,0.0531,隐蔽(难检)
data/redteam/factory/edgetts/dongbei/edgetts_dongbei_zh-CN-liaoning-XiaobeiNeural_SC-001259.wav,edgetts,dongbei,SC-001259,zh-CN-liaoning-XiaobeiNeural,0.0531,隐蔽(难检)
data/redteam/factory/edgetts/minnan/edgetts_minnan_zh-TW-YunJheNeural_SC-000790.wav,edgetts,minnan,SC-000790,zh-TW-YunJheNeural,0.0531,隐蔽(难检)
data/redteam/factory/sovits_api/minnan/sovits_api_minnan_ref_boot_edgetts_minnan_zh-TW-HsiaoChenNeural_SC-000001_SC-000056.wav,sovits_api,minnan,SC-000056,ref_boot_edgetts_minnan_zh-TW-HsiaoChenNeural_SC-000001,0.0531,隐蔽(难检)
data/redteam/factory/sovits_api/dongbei/sovits_api_dongbei_ref_boot_edgetts_dongbei_zh-CN-liaoning-XiaobeiNeural_SC-000002_seg8s_SC-000167.wav,sovits_api,dongbei,SC-000167,ref_boot_edgetts_dongbei_zh-CN-liaoning-XiaobeiNeural_SC-000002_seg8s,0.0531,隐蔽(难检)
data/redteam/factory/edgetts/mandarin/edgetts_mandarin_zh-CN-YunxiNeural_SC-000004.wav,edgetts,mandarin,SC-000004,zh-CN-YunxiNeural,0.0532,隐蔽(难检)
data/redteam/factory/edgetts/sichuan/edgetts_sichuan_zh-CN-XiaoxiaoNeural_SC-001523.wav,edgetts,sichuan,SC-001523,zh-CN-XiaoxiaoNeural,0.0532,隐蔽(难检)
data/redteam/factory/edgetts/minnan/edgetts_minnan_zh-TW-YunJheNeural_SC-001034.wav,edgetts,minnan,SC-001034,zh-TW-YunJheNeural,0.0532,隐蔽(难检)
data/redteam/factory/sovits_api/henan/sovits_api_henan_ref_boot_edgetts_henan_zh-CN-shaanxi-XiaoniNeural_SC-000009_seg8s_SC-000137.wav,sovits_api,henan,SC-000137,ref_boot_edgetts_henan_zh-CN-shaanxi-XiaoniNeural_SC-000009_seg8s,0.0532,隐蔽(难检)
data/redteam/factory/edgetts/mandarin/edgetts_mandarin_zh-CN-YunxiNeural_SC-000129.wav,edgetts,mandarin,SC-000129,zh-CN-YunxiNeural,0.0533,隐蔽(难检)
data/redteam/factory/edgetts/cantonese/edgetts_cantonese_zh-HK-WanLungNeural_SC-001452.wav,edgetts,cantonese,SC-001452,zh-HK-WanLungNeural,0.0533,隐蔽(难检)
data/redteam/factory/edgetts/mandarin/edgetts_mandarin_zh-CN-XiaoxiaoNeural_SC-000396.wav,edgetts,mandarin,SC-000396,zh-CN-XiaoxiaoNeural,0.0534,隐蔽(难检)
data/redteam/factory/edgetts/dongbei/edgetts_dongbei_zh-CN-liaoning-XiaobeiNeural_SC-000909.wav,edgetts,dongbei,SC-000909,zh-CN-liaoning-XiaobeiNeural,0.0534,隐蔽(难检)
data/redteam/factory/edgetts/cantonese/edgetts_cantonese_zh-HK-WanLungNeural_SC-000019.wav,edgetts,cantonese,SC-000019,zh-HK-WanLungNeural,0.0535,隐蔽(难检)
data/redteam/factory/sovits_api/mandarin/sovits_api_mandarin_ref_boot_edgetts_mandarin_zh-CN-XiaoxiaoNeural_SC-000007_seg8s_SC-000090.wav,sovits_api,mandarin,SC-000090,ref_boot_edgetts_mandarin_zh-CN-XiaoxiaoNeural_SC-000007_seg8s,0.0535,隐蔽(难检)
data/redteam/factory/edgetts/cantonese/edgetts_cantonese_zh-HK-WanLungNeural_SC-000131.wav,edgetts,cantonese,SC-000131,zh-HK-WanLungNeural,0.0536,隐蔽(难检)
data/redteam/factory/edgetts/dongbei/edgetts_dongbei_zh-CN-liaoning-XiaobeiNeural_SC-000061.wav,edgetts,dongbei,SC-000061,zh-CN-liaoning-XiaobeiNeural,0.0536,隐蔽(难检)
data/redteam/factory/sovits_api/mandarin/sovits_api_mandarin_ref_boot_edgetts_mandarin_zh-CN-XiaoxiaoNeural_SC-000007_seg8s_SC-000058.wav,sovits_api,mandarin,SC-000058,ref_boot_edgetts_mandarin_zh-CN-XiaoxiaoNeural_SC-000007_seg8s,0.0536,隐蔽(难检)
data/redteam/factory/edgetts/mandarin/edgetts_mandarin_zh-CN-XiaoxiaoNeural_SC-000045.wav,edgetts,mandarin,SC-000045,zh-CN-XiaoxiaoNeural,0.0537,隐蔽(难检)
data/redteam/factory/edgetts/minnan/edgetts_minnan_zh-TW-YunJheNeural_SC-000465.wav,edgetts,minnan,SC-000465,zh-TW-YunJheNeural,0.0537,隐蔽(难检)
data/redteam/factory/edgetts/henan/edgetts_henan_zh-CN-shaanxi-XiaoniNeural_SC-000137.wav,edgetts,henan,SC-000137,zh-CN-shaanxi-XiaoniNeural,0.0537,隐蔽(难检)
data/redteam/factory/edgetts/sichuan/edgetts_sichuan_zh-CN-XiaoxiaoNeural_SC-001195.wav,edgetts,sichuan,SC-001195,zh-CN-XiaoxiaoNeural,0.0537,隐蔽(难检)
data/redteam/factory/edgetts/sichuan/edgetts_sichuan_zh-CN-XiaoxiaoNeural_SC-000263.wav,edgetts,sichuan,SC-000263,zh-CN-XiaoxiaoNeural,0.0538,隐蔽(难检)
data/redteam/factory/edgetts/mandarin/edgetts_mandarin_zh-CN-YunyangNeural_SC-000267.wav,edgetts,mandarin,SC-000267,zh-CN-YunyangNeural,0.0538,隐蔽(难检)
data/redteam/factory/edgetts/cantonese/edgetts_cantonese_zh-HK-WanLungNeural_SC-001109.wav,edgetts,cantonese,SC-001109,zh-HK-WanLungNeural,0.0538,隐蔽(难检)
data/redteam/factory/edgetts/mandarin/edgetts_mandarin_zh-CN-XiaoxiaoNeural_SC-000184.wav,edgetts,mandarin,SC-000184,zh-CN-XiaoxiaoNeural,0.0538,隐蔽(难检)
data/redteam/factory/edgetts/mandarin/edgetts_mandarin_zh-CN-YunyangNeural_SC-000185.wav,edgetts,mandarin,SC-000185,zh-CN-YunyangNeural,0.0538,隐蔽(难检)
data/redteam/factory/edgetts/mandarin/edgetts_mandarin_zh-CN-YunjianNeural_SC-000050.wav,edgetts,mandarin,SC-000050,zh-CN-YunjianNeural,0.0539,隐蔽(难检)
data/redteam/factory/edgetts/sichuan/edgetts_sichuan_zh-CN-XiaoxiaoNeural_SC-000249.wav,edgetts,sichuan,SC-000249,zh-CN-XiaoxiaoNeural,0.0539,隐蔽(难检)
data/redteam/factory/edgetts/mandarin/edgetts_mandarin_zh-CN-YunyangNeural_SC-000129.wav,edgetts,mandarin,SC-000129,zh-CN-YunyangNeural,0.0539,隐蔽(难检)
data/redteam/factory/edgetts/dongbei/edgetts_dongbei_zh-CN-liaoning-XiaobeiNeural_SC-001570.wav,edgetts,dongbei,SC-001570,zh-CN-liaoning-XiaobeiNeural,0.0539,隐蔽(难检)
data/redteam/factory/edgetts/henan/edgetts_henan_zh-CN-shaanxi-XiaoniNeural_SC-000014.wav,edgetts,henan,SC-000014,zh-CN-shaanxi-XiaoniNeural,0.054,隐蔽(难检)
data/redteam/factory/edgetts/henan/edgetts_henan_zh-CN-shaanxi-XiaoniNeural_SC-000898.wav,edgetts,henan,SC-000898,zh-CN-shaanxi-XiaoniNeural,0.054,隐蔽(难检)
data/redteam/factory/edgetts/mandarin/edgetts_mandarin_zh-CN-YunyangNeural_SC-000242.wav,edgetts,mandarin,SC-000242,zh-CN-YunyangNeural,0.054,隐蔽(难检)
data/redteam/factory/edgetts/mandarin/edgetts_mandarin_zh-CN-YunyangNeural_SC-000089.wav,edgetts,mandarin,SC-000089,zh-CN-YunyangNeural,0.0541,隐蔽(难检)
data/redteam/factory/edgetts/sichuan/edgetts_sichuan_zh-CN-XiaoxiaoNeural_SC-000254.wav,edgetts,sichuan,SC-000254,zh-CN-XiaoxiaoNeural,0.0541,隐蔽(难检)
data/redteam/factory/edgetts/cantonese/edgetts_cantonese_zh-HK-WanLungNeural_SC-000399.wav,edgetts,cantonese,SC-000399,zh-HK-WanLungNeural,0.0541,隐蔽(难检)
data/redteam/factory/edgetts/mandarin/edgetts_mandarin_zh-CN-XiaoxiaoNeural_SC-000292.wav,edgetts,mandarin,SC-000292,zh-CN-XiaoxiaoNeural,0.0541,隐蔽(难检)
data/redteam/factory/sovits_api/henan/sovits_api_henan_ref_boot_edgetts_henan_zh-CN-shaanxi-XiaoniNeural_SC-000009_seg8s_SC-000233.wav,sovits_api,henan,SC-000233,ref_boot_edgetts_henan_zh-CN-shaanxi-XiaoniNeural_SC-000009_seg8s,0.0541,隐蔽(难检)
data/redteam/factory/edgetts/henan/edgetts_henan_zh-CN-shaanxi-XiaoniNeural_SC-001382.wav,edgetts,henan,SC-001382,zh-CN-shaanxi-XiaoniNeural,0.0542,隐蔽(难检)
data/redteam/factory/sovits_api/sichuan/sovits_api_sichuan_ref_boot_edgetts_sichuan_zh-CN-YunxiNeural_SC-000010_SC-000066.wav,sovits_api,sichuan,SC-000066,ref_boot_edgetts_sichuan_zh-CN-YunxiNeural_SC-000010,0.0542,隐蔽(难检)
data/redteam/factory/sovits_api/minnan/sovits_api_minnan_ref_boot_edgetts_minnan_zh-TW-YunJheNeural_SC-000001_SC-000412.wav,sovits_api,minnan,SC-000412,ref_boot_edgetts_minnan_zh-TW-YunJheNeural_SC-000001,0.0542,隐蔽(难检)
data/redteam/factory/edgetts/minnan/edgetts_minnan_zh-TW-HsiaoChenNeural_SC-000007.wav,edgetts,minnan,SC-000007,zh-TW-HsiaoChenNeural,0.0543,隐蔽(难检)
data/redteam/factory/edgetts/minnan/edgetts_minnan_zh-TW-YunJheNeural_SC-000012.wav,edgetts,minnan,SC-000012,zh-TW-YunJheNeural,0.0543,隐蔽(难检)
data/redteam/factory/edgetts/mandarin/edgetts_mandarin_zh-CN-YunxiNeural_SC-000093.wav,edgetts,mandarin,SC-000093,zh-CN-YunxiNeural,0.0543,隐蔽(难检)
data/redteam/factory/edgetts/mandarin/edgetts_mandarin_zh-CN-XiaoxiaoNeural_SC-000034.wav,edgetts,mandarin,SC-000034,zh-CN-XiaoxiaoNeural,0.0543,隐蔽(难检)
data/redteam/factory/edgetts/cantonese/edgetts_cantonese_zh-HK-WanLungNeural_SC-000079.wav,edgetts,cantonese,SC-000079,zh-HK-WanLungNeural,0.0543,隐蔽(难检)
data/redteam/factory/edgetts/mandarin/edgetts_mandarin_zh-CN-XiaoxiaoNeural_SC-000214.wav,edgetts,mandarin,SC-000214,zh-CN-XiaoxiaoNeural,0.0544,隐蔽(难检)
data/redteam/factory/edgetts/mandarin/edgetts_mandarin_zh-CN-YunjianNeural_SC-000216.wav,edgetts,mandarin,SC-000216,zh-CN-YunjianNeural,0.0544,隐蔽(难检)
data/redteam/factory/edgetts/henan/edgetts_henan_zh-CN-shaanxi-XiaoniNeural_SC-000025.wav,edgetts,henan,SC-000025,zh-CN-shaanxi-XiaoniNeural,0.0545,隐蔽(难检)
data/redteam/factory/edgetts/mandarin/edgetts_mandarin_zh-CN-YunyangNeural_SC-000289.wav,edgetts,mandarin,SC-000289,zh-CN-YunyangNeural,0.0545,隐蔽(难检)
data/redteam/factory/edgetts/sichuan/edgetts_sichuan_zh-CN-YunxiNeural_SC-000004.wav,edgetts,sichuan,SC-000004,zh-CN-YunxiNeural,0.0546,隐蔽(难检)
data/redteam/factory/edgetts/minnan/edgetts_minnan_zh-TW-YunJheNeural_SC-000426.wav,edgetts,minnan,SC-000426,zh-TW-YunJheNeural,0.0546,隐蔽(难检)
data/redteam/factory/edgetts/henan/edgetts_henan_zh-CN-shaanxi-XiaoniNeural_SC-001536.wav,edgetts,henan,SC-001536,zh-CN-shaanxi-XiaoniNeural,0.0546,隐蔽(难检)
data/redteam/factory/edgetts/minnan/edgetts_minnan_zh-TW-YunJheNeural_SC-001180.wav,edgetts,minnan,SC-001180,zh-TW-YunJheNeural,0.0546,隐蔽(难检)
data/redteam/factory/edgetts/mandarin/edgetts_mandarin_zh-CN-XiaoxiaoNeural_SC-000008.wav,edgetts,mandarin,SC-000008,zh-CN-XiaoxiaoNeural,0.0547,隐蔽(难检)
data/redteam/factory/edgetts/mandarin/edgetts_mandarin_zh-CN-YunyangNeural_SC-000012.wav,edgetts,mandarin,SC-000012,zh-CN-YunyangNeural,0.0547,隐蔽(难检)
data/redteam/factory/edgetts/sichuan/edgetts_sichuan_zh-CN-XiaoxiaoNeural_SC-000008.wav,edgetts,sichuan,SC-000008,zh-CN-XiaoxiaoNeural,0.0547,隐蔽(难检)
data/redteam/factory/edgetts/sichuan/edgetts_sichuan_zh-CN-YunxiNeural_SC-001523.wav,edgetts,sichuan,SC-001523,zh-CN-YunxiNeural,0.0547,隐蔽(难检)
data/redteam/factory/edgetts/mandarin/edgetts_mandarin_zh-CN-YunjianNeural_SC-000169.wav,edgetts,mandarin,SC-000169,zh-CN-YunjianNeural,0.0547,隐蔽(难检)
data/redteam/factory/edgetts/mandarin/edgetts_mandarin_zh-CN-YunjianNeural_SC-000473.wav,edgetts,mandarin,SC-000473,zh-CN-YunjianNeural,0.0547,隐蔽(难检)
data/redteam/factory/edgetts/mandarin/edgetts_mandarin_zh-CN-XiaoxiaoNeural_SC-000100.wav,edgetts,mandarin,SC-000100,zh-CN-XiaoxiaoNeural,0.0548,隐蔽(难检)
data/redteam/factory/edgetts/sichuan/edgetts_sichuan_zh-CN-XiaoxiaoNeural_SC-000317.wav,edgetts,sichuan,SC-000317,zh-CN-XiaoxiaoNeural,0.0548,隐蔽(难检)
data/redteam/factory/sovits_api/sichuan/sovits_api_sichuan_ref_boot_edgetts_sichuan_zh-CN-XiaoxiaoNeural_SC-000010_SC-000212.wav,sovits_api,sichuan,SC-000212,ref_boot_edgetts_sichuan_zh-CN-XiaoxiaoNeural_SC-000010,0.0548,隐蔽(难检)
data/redteam/factory/sovits_api/cantonese/sovits_api_cantonese_ref_boot_edgetts_cantonese_zh-HK-HiuMaanNeural_SC-000005_seg8s_SC-000329.wav,sovits_api,cantonese,SC-000329,ref_boot_edgetts_cantonese_zh-HK-HiuMaanNeural_SC-000005_seg8s,0.0548,隐蔽(难检)
data/redteam/factory/edgetts/mandarin/edgetts_mandarin_zh-CN-YunjianNeural_SC-000408.wav,edgetts,mandarin,SC-000408,zh-CN-YunjianNeural,0.0549,隐蔽(难检)
data/redteam/factory/edgetts/sichuan/edgetts_sichuan_zh-CN-XiaoxiaoNeural_SC-001233.wav,edgetts,sichuan,SC-001233,zh-CN-XiaoxiaoNeural,0.0549,隐蔽(难检)
data/redteam/factory/sovits_api/henan/sovits_api_henan_ref_boot_edgetts_henan_zh-CN-shaanxi-XiaoniNeural_SC-000009_seg8s_SC-000075.wav,sovits_api,henan,SC-000075,ref_boot_edgetts_henan_zh-CN-shaanxi-XiaoniNeural_SC-000009_seg8s,0.0549,隐蔽(难检)
data/redteam/factory/edgetts/sichuan/edgetts_sichuan_zh-CN-YunxiNeural_SC-000259.wav,edgetts,sichuan,SC-000259,zh-CN-YunxiNeural,0.055,隐蔽(难检)
data/redteam/factory/edgetts/minnan/edgetts_minnan_zh-TW-YunJheNeural_SC-000630.wav,edgetts,minnan,SC-000630,zh-TW-YunJheNeural,0.055,隐蔽(难检)
data/redteam/factory/edgetts/mandarin/edgetts_mandarin_zh-CN-YunxiNeural_SC-000486.wav,edgetts,mandarin,SC-000486,zh-CN-YunxiNeural,0.055,隐蔽(难检)
data/redteam/factory/edgetts/henan/edgetts_henan_zh-CN-shaanxi-XiaoniNeural_SC-000346.wav,edgetts,henan,SC-000346,zh-CN-shaanxi-XiaoniNeural,0.0551,隐蔽(难检)
data/redteam/factory/sovits_api/sichuan/sovits_api_sichuan_ref_boot_edgetts_sichuan_zh-CN-XiaoxiaoNeural_SC-000010_SC-000118.wav,sovits_api,sichuan,SC-000118,ref_boot_edgetts_sichuan_zh-CN-XiaoxiaoNeural_SC-000010,0.0551,隐蔽(难检)
data/redteam/factory/sovits_api/mandarin/sovits_api_mandarin_ref_boot_edgetts_mandarin_zh-CN-XiaoxiaoNeural_SC-000007_seg8s_SC-000096.wav,sovits_api,mandarin,SC-000096,ref_boot_edgetts_mandarin_zh-CN-XiaoxiaoNeural_SC-000007_seg8s,0.0552,隐蔽(难检)
data/redteam/factory/edgetts/sichuan/edgetts_sichuan_zh-CN-YunxiNeural_SC-000297.wav,edgetts,sichuan,SC-000297,zh-CN-YunxiNeural,0.0553,隐蔽(难检)
data/redteam/factory/edgetts/sichuan/edgetts_sichuan_zh-CN-XiaoxiaoNeural_SC-001247.wav,edgetts,sichuan,SC-001247,zh-CN-XiaoxiaoNeural,0.0553,隐蔽(难检)
data/redteam/factory/edgetts/sichuan/edgetts_sichuan_zh-CN-XiaoxiaoNeural_SC-000622.wav,edgetts,sichuan,SC-000622,zh-CN-XiaoxiaoNeural,0.0553,隐蔽(难检)
data/redteam/factory/edgetts/mandarin/edgetts_mandarin_zh-CN-YunyangNeural_SC-000202.wav,edgetts,mandarin,SC-000202,zh-CN-YunyangNeural,0.0554,隐蔽(难检)
data/redteam/factory/edgetts/minnan/edgetts_minnan_zh-TW-YunJheNeural_SC-000574.wav,edgetts,minnan,SC-000574,zh-TW-YunJheNeural,0.0554,隐蔽(难检)
data/redteam/factory/edgetts/henan/edgetts_henan_zh-CN-shaanxi-XiaoniNeural_SC-001353.wav,edgetts,henan,SC-001353,zh-CN-shaanxi-XiaoniNeural,0.0554,隐蔽(难检)
data/redteam/factory/sovits_api/cantonese/sovits_api_cantonese_ref_boot_edgetts_cantonese_zh-HK-HiuMaanNeural_SC-000005_seg8s_SC-000049.wav,sovits_api,cantonese,SC-000049,ref_boot_edgetts_cantonese_zh-HK-HiuMaanNeural_SC-000005_seg8s,0.0554,隐蔽(难检)
data/redteam/factory/edgetts/minnan/edgetts_minnan_zh-TW-HsiaoChenNeural_SC-000965.wav,edgetts,minnan,SC-000965,zh-TW-HsiaoChenNeural,0.0555,隐蔽(难检)
data/redteam/factory/edgetts/mandarin/edgetts_mandarin_zh-CN-XiaoxiaoNeural_SC-000403.wav,edgetts,mandarin,SC-000403,zh-CN-XiaoxiaoNeural,0.0555,隐蔽(难检)
data/redteam/factory/sovits_api/sichuan/sovits_api_sichuan_ref_boot_edgetts_sichuan_zh-CN-XiaoxiaoNeural_SC-000010_SC-000179.wav,sovits_api,sichuan,SC-000179,ref_boot_edgetts_sichuan_zh-CN-XiaoxiaoNeural_SC-000010,0.0555,隐蔽(难检)
data/redteam/factory/edgetts/minnan/edgetts_minnan_zh-TW-HsiaoChenNeural_SC-000027.wav,edgetts,minnan,SC-000027,zh-TW-HsiaoChenNeural,0.0556,隐蔽(难检)
data/redteam/factory/edgetts/henan/edgetts_henan_zh-CN-shaanxi-XiaoniNeural_SC-000009.wav,edgetts,henan,SC-000009,zh-CN-shaanxi-XiaoniNeural,0.0556,隐蔽(难检)
data/redteam/factory/edgetts/sichuan/edgetts_sichuan_zh-CN-YunxiNeural_SC-000178.wav,edgetts,sichuan,SC-000178,zh-CN-YunxiNeural,0.0556,隐蔽(难检)
data/redteam/factory/edgetts/dongbei/edgetts_dongbei_zh-CN-liaoning-XiaobeiNeural_SC-000861.wav,edgetts,dongbei,SC-000861,zh-CN-liaoning-XiaobeiNeural,0.0556,隐蔽(难检)
data/redteam/factory/edgetts/mandarin/edgetts_mandarin_zh-CN-YunxiNeural_SC-000506.wav,edgetts,mandarin,SC-000506,zh-CN-YunxiNeural,0.0557,隐蔽(难检)
data/redteam/factory/sovits_api/henan/sovits_api_henan_ref_boot_edgetts_henan_zh-CN-shaanxi-XiaoniNeural_SC-000009_seg8s_SC-000122.wav,sovits_api,henan,SC-000122,ref_boot_edgetts_henan_zh-CN-shaanxi-XiaoniNeural_SC-000009_seg8s,0.0558,隐蔽(难检)
data/redteam/factory/edgetts/cantonese/edgetts_cantonese_zh-HK-WanLungNeural_SC-000603.wav,edgetts,cantonese,SC-000603,zh-HK-WanLungNeural,0.0559,隐蔽(难检)
data/redteam/factory/edgetts/minnan/edgetts_minnan_zh-TW-YunJheNeural_SC-000723.wav,edgetts,minnan,SC-000723,zh-TW-YunJheNeural,0.0559,隐蔽(难检)
data/redteam/factory/sovits_api/minnan/sovits_api_minnan_ref_boot_edgetts_minnan_zh-TW-HsiaoChenNeural_SC-000001_SC-000063.wav,sovits_api,minnan,SC-000063,ref_boot_edgetts_minnan_zh-TW-HsiaoChenNeural_SC-000001,0.0559,隐蔽(难检)
data/redteam/factory/edgetts/mandarin/edgetts_mandarin_zh-CN-YunyangNeural_SC-000003.wav,edgetts,mandarin,SC-000003,zh-CN-YunyangNeural,0.056,隐蔽(难检)
data/redteam/factory/edgetts/dongbei/edgetts_dongbei_zh-CN-liaoning-XiaobeiNeural_SC-000850.wav,edgetts,dongbei,SC-000850,zh-CN-liaoning-XiaobeiNeural,0.056,隐蔽(难检)
data/redteam/factory/edgetts/cantonese/edgetts_cantonese_zh-HK-WanLungNeural_SC-000588.wav,edgetts,cantonese,SC-000588,zh-HK-WanLungNeural,0.056,隐蔽(难检)
data/redteam/factory/edgetts/sichuan/edgetts_sichuan_zh-CN-YunxiNeural_SC-001558.wav,edgetts,sichuan,SC-001558,zh-CN-YunxiNeural,0.056,隐蔽(难检)
data/redteam/factory/edgetts/mandarin/edgetts_mandarin_zh-CN-YunxiNeural_SC-000023.wav,edgetts,mandarin,SC-000023,zh-CN-YunxiNeural,0.0561,隐蔽(难检)
data/redteam/factory/edgetts/sichuan/edgetts_sichuan_zh-CN-YunxiNeural_SC-000023.wav,edgetts,sichuan,SC-000023,zh-CN-YunxiNeural,0.0561,隐蔽(难检)
data/redteam/factory/edgetts/sichuan/edgetts_sichuan_zh-CN-YunxiNeural_SC-000482.wav,edgetts,sichuan,SC-000482,zh-CN-YunxiNeural,0.0561,隐蔽(难检)
data/redteam/factory/edgetts/mandarin/edgetts_mandarin_zh-CN-YunxiNeural_SC-000483.wav,edgetts,mandarin,SC-000483,zh-CN-YunxiNeural,0.0561,隐蔽(难检)
data/redteam/factory/edgetts/dongbei/edgetts_dongbei_zh-CN-liaoning-XiaobeiNeural_SC-001031.wav,edgetts,dongbei,SC-001031,zh-CN-liaoning-XiaobeiNeural,0.0561,隐蔽(难检)
data/redteam/factory/edgetts/minnan/edgetts_minnan_zh-TW-HsiaoChenNeural_SC-001487.wav,edgetts,minnan,SC-001487,zh-TW-HsiaoChenNeural,0.0561,隐蔽(难检)
data/redteam/factory/edgetts/sichuan/edgetts_sichuan_zh-CN-YunxiNeural_SC-000212.wav,edgetts,sichuan,SC-000212,zh-CN-YunxiNeural,0.0562,隐蔽(难检)
data/redteam/factory/edgetts/sichuan/edgetts_sichuan_zh-CN-YunxiNeural_SC-001327.wav,edgetts,sichuan,SC-001327,zh-CN-YunxiNeural,0.0562,隐蔽(难检)
data/redteam/factory/edgetts/mandarin/edgetts_mandarin_zh-CN-YunxiNeural_SC-000374.wav,edgetts,mandarin,SC-000374,zh-CN-YunxiNeural,0.0562,隐蔽(难检)
data/redteam/factory/edgetts/mandarin/edgetts_mandarin_zh-CN-YunyangNeural_SC-000292.wav,edgetts,mandarin,SC-000292,zh-CN-YunyangNeural,0.0562,隐蔽(难检)
data/redteam/factory/sovits_api/cantonese/sovits_api_cantonese_ref_boot_edgetts_cantonese_zh-HK-WanLungNeural_SC-000005_seg8s_SC-000112.wav,sovits_api,cantonese,SC-000112,ref_boot_edgetts_cantonese_zh-HK-WanLungNeural_SC-000005_seg8s,0.0562,隐蔽(难检)
data/redteam/factory/edgetts/mandarin/edgetts_mandarin_zh-CN-YunyangNeural_SC-000092.wav,edgetts,mandarin,SC-000092,zh-CN-YunyangNeural,0.0563,隐蔽(难检)
data/redteam/factory/sovits_api/minnan/sovits_api_minnan_ref_boot_edgetts_minnan_zh-TW-YunJheNeural_SC-000001_SC-000406.wav,sovits_api,minnan,SC-000406,ref_boot_edgetts_minnan_zh-TW-YunJheNeural_SC-000001,0.0563,隐蔽(难检)
data/redteam/factory/edgetts/sichuan/edgetts_sichuan_zh-CN-YunxiNeural_SC-000491.wav,edgetts,sichuan,SC-000491,zh-CN-YunxiNeural,0.0564,隐蔽(难检)
data/redteam/factory/edgetts/dongbei/edgetts_dongbei_zh-CN-liaoning-XiaobeiNeural_SC-000538.wav,edgetts,dongbei,SC-000538,zh-CN-liaoning-XiaobeiNeural,0.0564,隐蔽(难检)
data/redteam/factory/sovits_api/minnan/sovits_api_minnan_ref_boot_edgetts_minnan_zh-TW-YunJheNeural_SC-000001_SC-000350.wav,sovits_api,minnan,SC-000350,ref_boot_edgetts_minnan_zh-TW-YunJheNeural_SC-000001,0.0564,隐蔽(难检)
data/redteam/factory/edgetts/mandarin/edgetts_mandarin_zh-CN-YunjianNeural_SC-000153.wav,edgetts,mandarin,SC-000153,zh-CN-YunjianNeural,0.0565,隐蔽(难检)
data/redteam/factory/edgetts/dongbei/edgetts_dongbei_zh-CN-liaoning-XiaobeiNeural_SC-000787.wav,edgetts,dongbei,SC-000787,zh-CN-liaoning-XiaobeiNeural,0.0565,隐蔽(难检)
data/redteam/factory/edgetts/mandarin/edgetts_mandarin_zh-CN-XiaoxiaoNeural_SC-000382.wav,edgetts,mandarin,SC-000382,zh-CN-XiaoxiaoNeural,0.0565,隐蔽(难检)
data/redteam/factory/sovits_api/henan/sovits_api_henan_ref_boot_edgetts_henan_zh-CN-shaanxi-XiaoniNeural_SC-000009_seg8s_SC-000073.wav,sovits_api,henan,SC-000073,ref_boot_edgetts_henan_zh-CN-shaanxi-XiaoniNeural_SC-000009_seg8s,0.0565,隐蔽(难检)
data/redteam/factory/edgetts/mandarin/edgetts_mandarin_zh-CN-YunyangNeural_SC-000065.wav,edgetts,mandarin,SC-000065,zh-CN-YunyangNeural,0.0566,隐蔽(难检)
data/redteam/factory/edgetts/dongbei/edgetts_dongbei_zh-CN-liaoning-XiaobeiNeural_SC-000243.wav,edgetts,dongbei,SC-000243,zh-CN-liaoning-XiaobeiNeural,0.0566,隐蔽(难检)
data/redteam/factory/edgetts/sichuan/edgetts_sichuan_zh-CN-YunxiNeural_SC-000954.wav,edgetts,sichuan,SC-000954,zh-CN-YunxiNeural,0.0566,隐蔽(难检)
data/redteam/factory/edgetts/sichuan/edgetts_sichuan_zh-CN-XiaoxiaoNeural_SC-000491.wav,edgetts,sichuan,SC-000491,zh-CN-XiaoxiaoNeural,0.0566,隐蔽(难检)
data/redteam/factory/edgetts/cantonese/edgetts_cantonese_zh-HK-WanLungNeural_SC-000556.wav,edgetts,cantonese,SC-000556,zh-HK-WanLungNeural,0.0566,隐蔽(难检)
data/redteam/factory/edgetts/sichuan/edgetts_sichuan_zh-CN-YunxiNeural_SC-001526.wav,edgetts,sichuan,SC-001526,zh-CN-YunxiNeural,0.0567,隐蔽(难检)
data/redteam/factory/sovits_api/minnan/sovits_api_minnan_ref_boot_edgetts_minnan_zh-TW-YunJheNeural_SC-000001_SC-000023.wav,sovits_api,minnan,SC-000023,ref_boot_edgetts_minnan_zh-TW-YunJheNeural_SC-000001,0.0567,隐蔽(难检)
data/redteam/factory/edgetts/mandarin/edgetts_mandarin_zh-CN-XiaoxiaoNeural_SC-000182.wav,edgetts,mandarin,SC-000182,zh-CN-XiaoxiaoNeural,0.0568,隐蔽(难检)
data/redteam/factory/edgetts/sichuan/edgetts_sichuan_zh-CN-XiaoxiaoNeural_SC-001540.wav,edgetts,sichuan,SC-001540,zh-CN-XiaoxiaoNeural,0.0568,隐蔽(难检)
data/redteam/factory/edgetts/sichuan/edgetts_sichuan_zh-CN-XiaoxiaoNeural_SC-000342.wav,edgetts,sichuan,SC-000342,zh-CN-XiaoxiaoNeural,0.0568,隐蔽(难检)
data/redteam/factory/edgetts/mandarin/edgetts_mandarin_zh-CN-YunyangNeural_SC-000120.wav,edgetts,mandarin,SC-000120,zh-CN-YunyangNeural,0.0569,隐蔽(难检)
data/redteam/factory/edgetts/henan/edgetts_henan_zh-CN-shaanxi-XiaoniNeural_SC-000338.wav,edgetts,henan,SC-000338,zh-CN-shaanxi-XiaoniNeural,0.0569,隐蔽(难检)
data/redteam/factory/edgetts/minnan/edgetts_minnan_zh-TW-HsiaoChenNeural_SC-001267.wav,edgetts,minnan,SC-001267,zh-TW-HsiaoChenNeural,0.0569,隐蔽(难检)
data/redteam/factory/edgetts/sichuan/edgetts_sichuan_zh-CN-XiaoxiaoNeural_SC-000632.wav,edgetts,sichuan,SC-000632,zh-CN-XiaoxiaoNeural,0.0569,隐蔽(难检)
data/redteam/factory/edgetts/minnan/edgetts_minnan_zh-TW-HsiaoChenNeural_SC-000071.wav,edgetts,minnan,SC-000071,zh-TW-HsiaoChenNeural,0.057,隐蔽(难检)
data/redteam/factory/edgetts/dongbei/edgetts_dongbei_zh-CN-liaoning-XiaobeiNeural_SC-001016.wav,edgetts,dongbei,SC-001016,zh-CN-liaoning-XiaobeiNeural,0.057,隐蔽(难检)
data/redteam/factory/edgetts/sichuan/edgetts_sichuan_zh-CN-XiaoxiaoNeural_SC-000745.wav,edgetts,sichuan,SC-000745,zh-CN-XiaoxiaoNeural,0.057,隐蔽(难检)
data/redteam/factory/edgetts/minnan/edgetts_minnan_zh-TW-HsiaoChenNeural_SC-001519.wav,edgetts,minnan,SC-001519,zh-TW-HsiaoChenNeural,0.057,隐蔽(难检)
data/redteam/factory/sovits_api/sichuan/sovits_api_sichuan_ref_boot_edgetts_sichuan_zh-CN-YunxiNeural_SC-000010_SC-000199.wav,sovits_api,sichuan,SC-000199,ref_boot_edgetts_sichuan_zh-CN-YunxiNeural_SC-000010,0.057,隐蔽(难检)
data/redteam/factory/edgetts/sichuan/edgetts_sichuan_zh-CN-XiaoxiaoNeural_SC-000212.wav,edgetts,sichuan,SC-000212,zh-CN-XiaoxiaoNeural,0.0571,隐蔽(难检)
data/redteam/factory/edgetts/sichuan/edgetts_sichuan_zh-CN-XiaoxiaoNeural_SC-000259.wav,edgetts,sichuan,SC-000259,zh-CN-XiaoxiaoNeural,0.0571,隐蔽(难检)
data/redteam/factory/edgetts/dongbei/edgetts_dongbei_zh-CN-liaoning-XiaobeiNeural_SC-001395.wav,edgetts,dongbei,SC-001395,zh-CN-liaoning-XiaobeiNeural,0.0571,隐蔽(难检)
data/redteam/factory/edgetts/mandarin/edgetts_mandarin_zh-CN-YunxiNeural_SC-000176.wav,edgetts,mandarin,SC-000176,zh-CN-YunxiNeural,0.0571,隐蔽(难检)
data/redteam/factory/sovits_api/mandarin/sovits_api_mandarin_ref_boot_edgetts_mandarin_zh-CN-YunjianNeural_SC-000007_seg8s_SC-000022.wav,sovits_api,mandarin,SC-000022,ref_boot_edgetts_mandarin_zh-CN-YunjianNeural_SC-000007_seg8s,0.0571,隐蔽(难检)
data/redteam/factory/edgetts/henan/edgetts_henan_zh-CN-shaanxi-XiaoniNeural_SC-000170.wav,edgetts,henan,SC-000170,zh-CN-shaanxi-XiaoniNeural,0.0572,隐蔽(难检)
data/redteam/factory/edgetts/sichuan/edgetts_sichuan_zh-CN-YunxiNeural_SC-000636.wav,edgetts,sichuan,SC-000636,zh-CN-YunxiNeural,0.0572,隐蔽(难检)
data/redteam/factory/edgetts/mandarin/edgetts_mandarin_zh-CN-YunyangNeural_SC-000220.wav,edgetts,mandarin,SC-000220,zh-CN-YunyangNeural,0.0572,隐蔽(难检)
data/redteam/factory/edgetts/mandarin/edgetts_mandarin_zh-CN-XiaoxiaoNeural_SC-000129.wav,edgetts,mandarin,SC-000129,zh-CN-XiaoxiaoNeural,0.0572,隐蔽(难检)
data/redteam/factory/edgetts/mandarin/edgetts_mandarin_zh-CN-XiaoxiaoNeural_SC-000452.wav,edgetts,mandarin,SC-000452,zh-CN-XiaoxiaoNeural,0.0572,隐蔽(难检)
data/redteam/factory/sovits_api/minnan/sovits_api_minnan_ref_boot_edgetts_minnan_zh-TW-HsiaoChenNeural_SC-000001_SC-000080.wav,sovits_api,minnan,SC-000080,ref_boot_edgetts_minnan_zh-TW-HsiaoChenNeural_SC-000001,0.0572,隐蔽(难检)
data/redteam/factory/edgetts/mandarin/edgetts_mandarin_zh-CN-YunxiNeural_SC-000024.wav,edgetts,mandarin,SC-000024,zh-CN-YunxiNeural,0.0573,隐蔽(难检)
data/redteam/factory/edgetts/sichuan/edgetts_sichuan_zh-CN-YunxiNeural_SC-000024.wav,edgetts,sichuan,SC-000024,zh-CN-YunxiNeural,0.0573,隐蔽(难检)
data/redteam/factory/edgetts/mandarin/edgetts_mandarin_zh-CN-XiaoxiaoNeural_SC-000120.wav,edgetts,mandarin,SC-000120,zh-CN-XiaoxiaoNeural,0.0573,隐蔽(难检)
data/redteam/factory/edgetts/mandarin/edgetts_mandarin_zh-CN-YunyangNeural_SC-000047.wav,edgetts,mandarin,SC-000047,zh-CN-YunyangNeural,0.0573,隐蔽(难检)
data/redteam/factory/edgetts/mandarin/edgetts_mandarin_zh-CN-YunxiNeural_SC-000480.wav,edgetts,mandarin,SC-000480,zh-CN-YunxiNeural,0.0573,隐蔽(难检)
data/redteam/factory/edgetts/minnan/edgetts_minnan_zh-TW-YunJheNeural_SC-001397.wav,edgetts,minnan,SC-001397,zh-TW-YunJheNeural,0.0573,隐蔽(难检)
data/redteam/factory/edgetts/cantonese/edgetts_cantonese_zh-HK-WanLungNeural_SC-001244.wav,edgetts,cantonese,SC-001244,zh-HK-WanLungNeural,0.0573,隐蔽(难检)
data/redteam/factory/sovits_api/mandarin/sovits_api_mandarin_ref_boot_edgetts_mandarin_zh-CN-XiaoxiaoNeural_SC-000007_seg8s_SC-000083.wav,sovits_api,mandarin,SC-000083,ref_boot_edgetts_mandarin_zh-CN-XiaoxiaoNeural_SC-000007_seg8s,0.0573,隐蔽(难检)
data/redteam/factory/edgetts/minnan/edgetts_minnan_zh-TW-YunJheNeural_SC-000143.wav,edgetts,minnan,SC-000143,zh-TW-YunJheNeural,0.0575,隐蔽(难检)
data/redteam/factory/edgetts/dongbei/edgetts_dongbei_zh-CN-liaoning-XiaobeiNeural_SC-001681.wav,edgetts,dongbei,SC-001681,zh-CN-liaoning-XiaobeiNeural,0.0575,隐蔽(难检)
data/redteam/factory/edgetts/dongbei/edgetts_dongbei_zh-CN-liaoning-XiaobeiNeural_SC-001225.wav,edgetts,dongbei,SC-001225,zh-CN-liaoning-XiaobeiNeural,0.0575,隐蔽(难检)
data/redteam/factory/edgetts/dongbei/edgetts_dongbei_zh-CN-liaoning-XiaobeiNeural_SC-000505.wav,edgetts,dongbei,SC-000505,zh-CN-liaoning-XiaobeiNeural,0.0575,隐蔽(难检)
data/redteam/factory/edgetts/sichuan/edgetts_sichuan_zh-CN-YunxiNeural_SC-000066.wav,edgetts,sichuan,SC-000066,zh-CN-YunxiNeural,0.0576,隐蔽(难检)
data/redteam/factory/edgetts/dongbei/edgetts_dongbei_zh-CN-liaoning-XiaobeiNeural_SC-000405.wav,edgetts,dongbei,SC-000405,zh-CN-liaoning-XiaobeiNeural,0.0576,隐蔽(难检)
data/redteam/factory/edgetts/mandarin/edgetts_mandarin_zh-CN-YunxiNeural_SC-000344.wav,edgetts,mandarin,SC-000344,zh-CN-YunxiNeural,0.0576,隐蔽(难检)
data/redteam/factory/edgetts/dongbei/edgetts_dongbei_zh-CN-liaoning-XiaobeiNeural_SC-000781.wav,edgetts,dongbei,SC-000781,zh-CN-liaoning-XiaobeiNeural,0.0576,隐蔽(难检)
data/redteam/factory/edgetts/sichuan/edgetts_sichuan_zh-CN-YunxiNeural_SC-000255.wav,edgetts,sichuan,SC-000255,zh-CN-YunxiNeural,0.0577,隐蔽(难检)
data/redteam/factory/edgetts/cantonese/edgetts_cantonese_zh-HK-WanLungNeural_SC-000040.wav,edgetts,cantonese,SC-000040,zh-HK-WanLungNeural,0.0577,隐蔽(难检)
data/redteam/factory/edgetts/sichuan/edgetts_sichuan_zh-CN-XiaoxiaoNeural_SC-001391.wav,edgetts,sichuan,SC-001391,zh-CN-XiaoxiaoNeural,0.0578,隐蔽(难检)
data/redteam/factory/edgetts/mandarin/edgetts_mandarin_zh-CN-XiaoxiaoNeural_SC-000001.wav,edgetts,mandarin,SC-000001,zh-CN-XiaoxiaoNeural,0.0579,隐蔽(难检)
data/redteam/factory/edgetts/sichuan/edgetts_sichuan_zh-CN-XiaoxiaoNeural_SC-000001.wav,edgetts,sichuan,SC-000001,zh-CN-XiaoxiaoNeural,0.0579,隐蔽(难检)
data/redteam/factory/edgetts/minnan/edgetts_minnan_zh-TW-HsiaoChenNeural_SC-001583.wav,edgetts,minnan,SC-001583,zh-TW-HsiaoChenNeural,0.058,隐蔽(难检)
data/redteam/factory/edgetts/minnan/edgetts_minnan_zh-TW-HsiaoChenNeural_SC-000880.wav,edgetts,minnan,SC-000880,zh-TW-HsiaoChenNeural,0.058,隐蔽(难检)
data/redteam/factory/edgetts/mandarin/edgetts_mandarin_zh-CN-YunxiNeural_SC-000164.wav,edgetts,mandarin,SC-000164,zh-CN-YunxiNeural,0.0581,隐蔽(难检)
data/redteam/factory/edgetts/mandarin/edgetts_mandarin_zh-CN-YunyangNeural_SC-000153.wav,edgetts,mandarin,SC-000153,zh-CN-YunyangNeural,0.0581,隐蔽(难检)
data/redteam/factory/sovits_api/mandarin/sovits_api_mandarin_ref_boot_edgetts_mandarin_zh-CN-YunjianNeural_SC-000007_seg8s_SC-000058.wav,sovits_api,mandarin,SC-000058,ref_boot_edgetts_mandarin_zh-CN-YunjianNeural_SC-000007_seg8s,0.0581,隐蔽(难检)
data/redteam/factory/edgetts/sichuan/edgetts_sichuan_zh-CN-XiaoxiaoNeural_SC-001252.wav,edgetts,sichuan,SC-001252,zh-CN-XiaoxiaoNeural,0.0582,隐蔽(难检)
data/redteam/factory/edgetts/cantonese/edgetts_cantonese_zh-HK-WanLungNeural_SC-001544.wav,edgetts,cantonese,SC-001544,zh-HK-WanLungNeural,0.0582,隐蔽(难检)
data/redteam/factory/sovits_api/dongbei/sovits_api_dongbei_ref_boot_edgetts_dongbei_zh-CN-liaoning-XiaobeiNeural_SC-000002_seg8s_SC-000084.wav,sovits_api,dongbei,SC-000084,ref_boot_edgetts_dongbei_zh-CN-liaoning-XiaobeiNeural_SC-000002_seg8s,0.0582,隐蔽(难检)
data/redteam/factory/edgetts/mandarin/edgetts_mandarin_zh-CN-XiaoxiaoNeural_SC-000104.wav,edgetts,mandarin,SC-000104,zh-CN-XiaoxiaoNeural,0.0583,隐蔽(难检)
data/redteam/factory/edgetts/mandarin/edgetts_mandarin_zh-CN-YunyangNeural_SC-000265.wav,edgetts,mandarin,SC-000265,zh-CN-YunyangNeural,0.0583,隐蔽(难检)
data/redteam/factory/edgetts/mandarin/edgetts_mandarin_zh-CN-XiaoxiaoNeural_SC-000290.wav,edgetts,mandarin,SC-000290,zh-CN-XiaoxiaoNeural,0.0583,隐蔽(难检)
data/redteam/factory/edgetts/sichuan/edgetts_sichuan_zh-CN-XiaoxiaoNeural_SC-000756.wav,edgetts,sichuan,SC-000756,zh-CN-XiaoxiaoNeural,0.0583,隐蔽(难检)
data/redteam/factory/edgetts/dongbei/edgetts_dongbei_zh-CN-liaoning-XiaobeiNeural_SC-000016.wav,edgetts,dongbei,SC-000016,zh-CN-liaoning-XiaobeiNeural,0.0584,隐蔽(难检)
data/redteam/factory/edgetts/sichuan/edgetts_sichuan_zh-CN-XiaoxiaoNeural_SC-000597.wav,edgetts,sichuan,SC-000597,zh-CN-XiaoxiaoNeural,0.0584,隐蔽(难检)
data/redteam/factory/sovits_api/mandarin/sovits_api_mandarin_ref_boot_edgetts_mandarin_zh-CN-XiaoxiaoNeural_SC-000007_seg8s_SC-000011.wav,sovits_api,mandarin,SC-000011,ref_boot_edgetts_mandarin_zh-CN-XiaoxiaoNeural_SC-000007_seg8s,0.0584,隐蔽(难检)
data/redteam/factory/sovits_api/minnan/sovits_api_minnan_ref_boot_edgetts_minnan_zh-TW-YunJheNeural_SC-000001_SC-000143.wav,sovits_api,minnan,SC-000143,ref_boot_edgetts_minnan_zh-TW-YunJheNeural_SC-000001,0.0584,隐蔽(难检)
data/redteam/factory/sovits_api/dongbei/sovits_api_dongbei_ref_boot_edgetts_dongbei_zh-CN-liaoning-XiaobeiNeural_SC-000002_seg8s_SC-000141.wav,sovits_api,dongbei,SC-000141,ref_boot_edgetts_dongbei_zh-CN-liaoning-XiaobeiNeural_SC-000002_seg8s,0.0584,隐蔽(难检)
data/redteam/factory/edgetts/minnan/edgetts_minnan_zh-TW-YunJheNeural_SC-000023.wav,edgetts,minnan,SC-000023,zh-TW-YunJheNeural,0.0585,隐蔽(难检)
data/redteam/factory/edgetts/minnan/edgetts_minnan_zh-TW-YunJheNeural_SC-000196.wav,edgetts,minnan,SC-000196,zh-TW-YunJheNeural,0.0585,隐蔽(难检)
data/redteam/factory/edgetts/henan/edgetts_henan_zh-CN-shaanxi-XiaoniNeural_SC-001568.wav,edgetts,henan,SC-001568,zh-CN-shaanxi-XiaoniNeural,0.0585,隐蔽(难检)
data/redteam/factory/edgetts/mandarin/edgetts_mandarin_zh-CN-YunxiNeural_SC-000450.wav,edgetts,mandarin,SC-000450,zh-CN-YunxiNeural,0.0585,隐蔽(难检)
data/redteam/factory/edgetts/mandarin/edgetts_mandarin_zh-CN-YunxiNeural_SC-000376.wav,edgetts,mandarin,SC-000376,zh-CN-YunxiNeural,0.0585,隐蔽(难检)
data/redteam/factory/edgetts/mandarin/edgetts_mandarin_zh-CN-XiaoxiaoNeural_SC-000304.wav,edgetts,mandarin,SC-000304,zh-CN-XiaoxiaoNeural,0.0585,隐蔽(难检)
data/redteam/factory/edgetts/mandarin/edgetts_mandarin_zh-CN-YunyangNeural_SC-000309.wav,edgetts,mandarin,SC-000309,zh-CN-YunyangNeural,0.0586,隐蔽(难检)
data/redteam/factory/edgetts/cantonese/edgetts_cantonese_zh-HK-WanLungNeural_SC-000714.wav,edgetts,cantonese,SC-000714,zh-HK-WanLungNeural,0.0586,隐蔽(难检)
data/redteam/factory/edgetts/sichuan/edgetts_sichuan_zh-CN-XiaoxiaoNeural_SC-001055.wav,edgetts,sichuan,SC-001055,zh-CN-XiaoxiaoNeural,0.0586,隐蔽(难检)
data/redteam/factory/edgetts/henan/edgetts_henan_zh-CN-shaanxi-XiaoniNeural_SC-000929.wav,edgetts,henan,SC-000929,zh-CN-shaanxi-XiaoniNeural,0.0587,隐蔽(难检)
data/redteam/factory/edgetts/mandarin/edgetts_mandarin_zh-CN-YunjianNeural_SC-000029.wav,edgetts,mandarin,SC-000029,zh-CN-YunjianNeural,0.0588,隐蔽(难检)
data/redteam/factory/edgetts/dongbei/edgetts_dongbei_zh-CN-liaoning-XiaobeiNeural_SC-000021.wav,edgetts,dongbei,SC-000021,zh-CN-liaoning-XiaobeiNeural,0.0588,隐蔽(难检)
data/redteam/factory/edgetts/sichuan/edgetts_sichuan_zh-CN-YunxiNeural_SC-000115.wav,edgetts,sichuan,SC-000115,zh-CN-YunxiNeural,0.0588,隐蔽(难检)
data/redteam/factory/edgetts/cantonese/edgetts_cantonese_zh-HK-WanLungNeural_SC-001090.wav,edgetts,cantonese,SC-001090,zh-HK-WanLungNeural,0.0588,隐蔽(难检)
data/redteam/factory/edgetts/mandarin/edgetts_mandarin_zh-CN-YunjianNeural_SC-000450.wav,edgetts,mandarin,SC-000450,zh-CN-YunjianNeural,0.0588,隐蔽(难检)
data/redteam/factory/edgetts/sichuan/edgetts_sichuan_zh-CN-YunxiNeural_SC-000792.wav,edgetts,sichuan,SC-000792,zh-CN-YunxiNeural,0.0588,隐蔽(难检)
data/redteam/factory/sovits_api/sichuan/sovits_api_sichuan_ref_boot_edgetts_sichuan_zh-CN-XiaoxiaoNeural_SC-000010_SC-000010.wav,sovits_api,sichuan,SC-000010,ref_boot_edgetts_sichuan_zh-CN-XiaoxiaoNeural_SC-000010,0.0588,隐蔽(难检)
data/redteam/factory/edgetts/dongbei/edgetts_dongbei_zh-CN-liaoning-XiaobeiNeural_SC-001645.wav,edgetts,dongbei,SC-001645,zh-CN-liaoning-XiaobeiNeural,0.0589,隐蔽(难检)
data/redteam/factory/edgetts/mandarin/edgetts_mandarin_zh-CN-XiaoxiaoNeural_SC-000092.wav,edgetts,mandarin,SC-000092,zh-CN-XiaoxiaoNeural,0.059,隐蔽(难检)
data/redteam/factory/edgetts/sichuan/edgetts_sichuan_zh-CN-YunxiNeural_SC-000179.wav,edgetts,sichuan,SC-000179,zh-CN-YunxiNeural,0.0591,隐蔽(难检)
data/redteam/factory/edgetts/cantonese/edgetts_cantonese_zh-HK-WanLungNeural_SC-000142.wav,edgetts,cantonese,SC-000142,zh-HK-WanLungNeural,0.0591,隐蔽(难检)
data/redteam/factory/edgetts/sichuan/edgetts_sichuan_zh-CN-XiaoxiaoNeural_SC-001296.wav,edgetts,sichuan,SC-001296,zh-CN-XiaoxiaoNeural,0.0591,隐蔽(难检)
data/redteam/factory/sovits_api/mandarin/sovits_api_mandarin_ref_boot_edgetts_mandarin_zh-CN-XiaoxiaoNeural_SC-000007_seg8s_SC-000047.wav,sovits_api,mandarin,SC-000047,ref_boot_edgetts_mandarin_zh-CN-XiaoxiaoNeural_SC-000007_seg8s,0.0591,隐蔽(难检)
data/redteam/factory/edgetts/cantonese/edgetts_cantonese_zh-HK-WanLungNeural_SC-000013.wav,edgetts,cantonese,SC-000013,zh-HK-WanLungNeural,0.0592,隐蔽(难检)
data/redteam/factory/edgetts/mandarin/edgetts_mandarin_zh-CN-XiaoxiaoNeural_SC-000470.wav,edgetts,mandarin,SC-000470,zh-CN-XiaoxiaoNeural,0.0592,隐蔽(难检)
data/redteam/factory/edgetts/minnan/edgetts_minnan_zh-TW-YunJheNeural_SC-001049.wav,edgetts,minnan,SC-001049,zh-TW-YunJheNeural,0.0592,隐蔽(难检)
data/redteam/factory/edgetts/cantonese/edgetts_cantonese_zh-HK-WanLungNeural_SC-000971.wav,edgetts,cantonese,SC-000971,zh-HK-WanLungNeural,0.0593,隐蔽(难检)
data/redteam/factory/edgetts/mandarin/edgetts_mandarin_zh-CN-XiaoxiaoNeural_SC-000153.wav,edgetts,mandarin,SC-000153,zh-CN-XiaoxiaoNeural,0.0593,隐蔽(难检)
data/redteam/factory/sovits_api/sichuan/sovits_api_sichuan_ref_boot_edgetts_sichuan_zh-CN-YunxiNeural_SC-000010_SC-000251.wav,sovits_api,sichuan,SC-000251,ref_boot_edgetts_sichuan_zh-CN-YunxiNeural_SC-000010,0.0593,隐蔽(难检)
data/redteam/factory/edgetts/henan/edgetts_henan_zh-CN-shaanxi-XiaoniNeural_SC-000240.wav,edgetts,henan,SC-000240,zh-CN-shaanxi-XiaoniNeural,0.0594,隐蔽(难检)
data/redteam/factory/edgetts/dongbei/edgetts_dongbei_zh-CN-liaoning-XiaobeiNeural_SC-000008.wav,edgetts,dongbei,SC-000008,zh-CN-liaoning-XiaobeiNeural,0.0595,隐蔽(难检)
data/redteam/factory/edgetts/sichuan/edgetts_sichuan_zh-CN-XiaoxiaoNeural_SC-001166.wav,edgetts,sichuan,SC-001166,zh-CN-XiaoxiaoNeural,0.0595,隐蔽(难检)
data/redteam/factory/edgetts/mandarin/edgetts_mandarin_zh-CN-XiaoxiaoNeural_SC-000242.wav,edgetts,mandarin,SC-000242,zh-CN-XiaoxiaoNeural,0.0595,隐蔽(难检)
data/redteam/factory/edgetts/minnan/edgetts_minnan_zh-TW-YunJheNeural_SC-001220.wav,edgetts,minnan,SC-001220,zh-TW-YunJheNeural,0.0595,隐蔽(难检)
data/redteam/factory/edgetts/sichuan/edgetts_sichuan_zh-CN-YunxiNeural_SC-000756.wav,edgetts,sichuan,SC-000756,zh-CN-YunxiNeural,0.0595,隐蔽(难检)
data/redteam/factory/edgetts/cantonese/edgetts_cantonese_zh-HK-WanLungNeural_SC-001082.wav,edgetts,cantonese,SC-001082,zh-HK-WanLungNeural,0.0595,隐蔽(难检)
data/redteam/factory/edgetts/dongbei/edgetts_dongbei_zh-CN-liaoning-XiaobeiNeural_SC-000544.wav,edgetts,dongbei,SC-000544,zh-CN-liaoning-XiaobeiNeural,0.0596,隐蔽(难检)
data/redteam/factory/sovits_api/sichuan/sovits_api_sichuan_ref_boot_edgetts_sichuan_zh-CN-XiaoxiaoNeural_SC-000010_SC-000144.wav,sovits_api,sichuan,SC-000144,ref_boot_edgetts_sichuan_zh-CN-XiaoxiaoNeural_SC-000010,0.0596,隐蔽(难检)
data/redteam/factory/sovits_api/sichuan/sovits_api_sichuan_ref_boot_edgetts_sichuan_zh-CN-YunxiNeural_SC-000010_SC-000210.wav,sovits_api,sichuan,SC-000210,ref_boot_edgetts_sichuan_zh-CN-YunxiNeural_SC-000010,0.0596,隐蔽(难检)
data/redteam/factory/edgetts/mandarin/edgetts_mandarin_zh-CN-YunyangNeural_SC-000283.wav,edgetts,mandarin,SC-000283,zh-CN-YunyangNeural,0.0597,隐蔽(难检)
data/redteam/factory/edgetts/cantonese/edgetts_cantonese_zh-HK-WanLungNeural_SC-000285.wav,edgetts,cantonese,SC-000285,zh-HK-WanLungNeural,0.0598,隐蔽(难检)
data/redteam/factory/edgetts/minnan/edgetts_minnan_zh-TW-YunJheNeural_SC-001348.wav,edgetts,minnan,SC-001348,zh-TW-YunJheNeural,0.0598,隐蔽(难检)
data/redteam/factory/edgetts/sichuan/edgetts_sichuan_zh-CN-XiaoxiaoNeural_SC-000436.wav,edgetts,sichuan,SC-000436,zh-CN-XiaoxiaoNeural,0.0598,隐蔽(难检)
data/redteam/factory/edgetts/mandarin/edgetts_mandarin_zh-CN-XiaoxiaoNeural_SC-000016.wav,edgetts,mandarin,SC-000016,zh-CN-XiaoxiaoNeural,0.0599,隐蔽(难检)
data/redteam/factory/edgetts/sichuan/edgetts_sichuan_zh-CN-XiaoxiaoNeural_SC-000016.wav,edgetts,sichuan,SC-000016,zh-CN-XiaoxiaoNeural,0.0599,隐蔽(难检)
data/redteam/factory/edgetts/henan/edgetts_henan_zh-CN-shaanxi-XiaoniNeural_SC-000529.wav,edgetts,henan,SC-000529,zh-CN-shaanxi-XiaoniNeural,0.0599,隐蔽(难检)
data/redteam/factory/edgetts/henan/edgetts_henan_zh-CN-shaanxi-XiaoniNeural_SC-000796.wav,edgetts,henan,SC-000796,zh-CN-shaanxi-XiaoniNeural,0.0599,隐蔽(难检)
data/redteam/factory/sovits_api/mandarin/sovits_api_mandarin_ref_boot_edgetts_mandarin_zh-CN-YunxiNeural_SC-000007_seg8s_SC-000077.wav,sovits_api,mandarin,SC-000077,ref_boot_edgetts_mandarin_zh-CN-YunxiNeural_SC-000007_seg8s,0.0599,隐蔽(难检)
data/redteam/factory/sovits_api/minnan/sovits_api_minnan_ref_boot_edgetts_minnan_zh-TW-HsiaoChenNeural_SC-000001_SC-000071.wav,sovits_api,minnan,SC-000071,ref_boot_edgetts_minnan_zh-TW-HsiaoChenNeural_SC-000001,0.0599,隐蔽(难检)
data/redteam/factory/sovits_api/minnan/sovits_api_minnan_ref_boot_edgetts_minnan_zh-TW-HsiaoChenNeural_SC-000001_SC-000412.wav,sovits_api,minnan,SC-000412,ref_boot_edgetts_minnan_zh-TW-HsiaoChenNeural_SC-000001,0.0599,隐蔽(难检)
data/redteam/factory/sovits_api/sichuan/sovits_api_sichuan_ref_boot_edgetts_sichuan_zh-CN-YunxiNeural_SC-000010_SC-000177.wav,sovits_api,sichuan,SC-000177,ref_boot_edgetts_sichuan_zh-CN-YunxiNeural_SC-000010,0.0599,隐蔽(难检)
data/redteam/factory/sovits_api/cantonese/sovits_api_cantonese_ref_boot_edgetts_cantonese_zh-HK-WanLungNeural_SC-000005_seg8s_SC-000239.wav,sovits_api,cantonese,SC-000239,ref_boot_edgetts_cantonese_zh-HK-WanLungNeural_SC-000005_seg8s,0.0599,隐蔽(难检)
data/redteam/factory/edgetts/dongbei/edgetts_dongbei_zh-CN-liaoning-XiaobeiNeural_SC-001685.wav,edgetts,dongbei,SC-001685,zh-CN-liaoning-XiaobeiNeural,0.06,隐蔽(难检)
data/redteam/factory/edgetts/cantonese/edgetts_cantonese_zh-HK-WanLungNeural_SC-001507.wav,edgetts,cantonese,SC-001507,zh-HK-WanLungNeural,0.06,隐蔽(难检)
data/redteam/factory/sovits_api/minnan/sovits_api_minnan_ref_boot_edgetts_minnan_zh-TW-HsiaoChenNeural_SC-000001_SC-000339.wav,sovits_api,minnan,SC-000339,ref_boot_edgetts_minnan_zh-TW-HsiaoChenNeural_SC-000001,0.06,隐蔽(难检)
data/redteam/factory/edgetts/mandarin/edgetts_mandarin_zh-CN-YunxiNeural_SC-000037.wav,edgetts,mandarin,SC-000037,zh-CN-YunxiNeural,0.0601,隐蔽(难检)
data/redteam/factory/edgetts/mandarin/edgetts_mandarin_zh-CN-YunyangNeural_SC-000194.wav,edgetts,mandarin,SC-000194,zh-CN-YunyangNeural,0.0601,隐蔽(难检)
data/redteam/factory/edgetts/sichuan/edgetts_sichuan_zh-CN-XiaoxiaoNeural_SC-001386.wav,edgetts,sichuan,SC-001386,zh-CN-XiaoxiaoNeural,0.0601,隐蔽(难检)
data/redteam/factory/edgetts/mandarin/edgetts_mandarin_zh-CN-YunxiNeural_SC-000014.wav,edgetts,mandarin,SC-000014,zh-CN-YunxiNeural,0.0602,隐蔽(难检)
data/redteam/factory/edgetts/sichuan/edgetts_sichuan_zh-CN-YunxiNeural_SC-000014.wav,edgetts,sichuan,SC-000014,zh-CN-YunxiNeural,0.0602,隐蔽(难检)
data/redteam/factory/edgetts/sichuan/edgetts_sichuan_zh-CN-XiaoxiaoNeural_SC-001104.wav,edgetts,sichuan,SC-001104,zh-CN-XiaoxiaoNeural,0.0603,隐蔽(难检)
data/redteam/factory/edgetts/mandarin/edgetts_mandarin_zh-CN-YunxiNeural_SC-000152.wav,edgetts,mandarin,SC-000152,zh-CN-YunxiNeural,0.0603,隐蔽(难检)
data/redteam/factory/edgetts/sichuan/edgetts_sichuan_zh-CN-YunxiNeural_SC-001486.wav,edgetts,sichuan,SC-001486,zh-CN-YunxiNeural,0.0603,隐蔽(难检)
data/redteam/factory/edgetts/sichuan/edgetts_sichuan_zh-CN-YunxiNeural_SC-000266.wav,edgetts,sichuan,SC-000266,zh-CN-YunxiNeural,0.0604,隐蔽(难检)
data/redteam/factory/sovits_api/sichuan/sovits_api_sichuan_ref_boot_edgetts_sichuan_zh-CN-YunxiNeural_SC-000010_SC-000212.wav,sovits_api,sichuan,SC-000212,ref_boot_edgetts_sichuan_zh-CN-YunxiNeural_SC-000010,0.0604,隐蔽(难检)
data/redteam/factory/edgetts/mandarin/edgetts_mandarin_zh-CN-YunjianNeural_SC-000168.wav,edgetts,mandarin,SC-000168,zh-CN-YunjianNeural,0.0605,隐蔽(难检)
data/redteam/factory/edgetts/minnan/edgetts_minnan_zh-TW-HsiaoChenNeural_SC-001308.wav,edgetts,minnan,SC-001308,zh-TW-HsiaoChenNeural,0.0605,隐蔽(难检)
data/redteam/factory/edgetts/dongbei/edgetts_dongbei_zh-CN-liaoning-XiaobeiNeural_SC-000707.wav,edgetts,dongbei,SC-000707,zh-CN-liaoning-XiaobeiNeural,0.0605,隐蔽(难检)
data/redteam/factory/edgetts/dongbei/edgetts_dongbei_zh-CN-liaoning-XiaobeiNeural_SC-000749.wav,edgetts,dongbei,SC-000749,zh-CN-liaoning-XiaobeiNeural,0.0606,隐蔽(难检)
data/redteam/factory/edgetts/mandarin/edgetts_mandarin_zh-CN-YunxiNeural_SC-000435.wav,edgetts,mandarin,SC-000435,zh-CN-YunxiNeural,0.0606,隐蔽(难检)
data/redteam/factory/edgetts/sichuan/edgetts_sichuan_zh-CN-YunxiNeural_SC-000879.wav,edgetts,sichuan,SC-000879,zh-CN-YunxiNeural,0.0607,隐蔽(难检)
data/redteam/factory/edgetts/mandarin/edgetts_mandarin_zh-CN-YunxiNeural_SC-000424.wav,edgetts,mandarin,SC-000424,zh-CN-YunxiNeural,0.0607,隐蔽(难检)
data/redteam/factory/edgetts/sichuan/edgetts_sichuan_zh-CN-YunxiNeural_SC-001041.wav,edgetts,sichuan,SC-001041,zh-CN-YunxiNeural,0.0607,隐蔽(难检)
data/redteam/factory/edgetts/dongbei/edgetts_dongbei_zh-CN-liaoning-XiaobeiNeural_SC-000919.wav,edgetts,dongbei,SC-000919,zh-CN-liaoning-XiaobeiNeural,0.0608,隐蔽(难检)
data/redteam/factory/edgetts/sichuan/edgetts_sichuan_zh-CN-XiaoxiaoNeural_SC-000429.wav,edgetts,sichuan,SC-000429,zh-CN-XiaoxiaoNeural,0.0608,隐蔽(难检)
data/redteam/factory/edgetts/dongbei/edgetts_dongbei_zh-CN-liaoning-XiaobeiNeural_SC-001303.wav,edgetts,dongbei,SC-001303,zh-CN-liaoning-XiaobeiNeural,0.0608,隐蔽(难检)
data/redteam/factory/edgetts/sichuan/edgetts_sichuan_zh-CN-XiaoxiaoNeural_SC-000576.wav,edgetts,sichuan,SC-000576,zh-CN-XiaoxiaoNeural,0.0609,隐蔽(难检)
data/redteam/factory/edgetts/mandarin/edgetts_mandarin_zh-CN-YunxiNeural_SC-000370.wav,edgetts,mandarin,SC-000370,zh-CN-YunxiNeural,0.0609,隐蔽(难检)
data/redteam/factory/edgetts/mandarin/edgetts_mandarin_zh-CN-YunyangNeural_SC-000408.wav,edgetts,mandarin,SC-000408,zh-CN-YunyangNeural,0.0609,隐蔽(难检)
data/redteam/factory/edgetts/mandarin/edgetts_mandarin_zh-CN-YunxiNeural_SC-000242.wav,edgetts,mandarin,SC-000242,zh-CN-YunxiNeural,0.0609,隐蔽(难检)
data/redteam/factory/edgetts/henan/edgetts_henan_zh-CN-shaanxi-XiaoniNeural_SC-000432.wav,edgetts,henan,SC-000432,zh-CN-shaanxi-XiaoniNeural,0.0609,隐蔽(难检)
data/redteam/factory/edgetts/mandarin/edgetts_mandarin_zh-CN-YunjianNeural_SC-000072.wav,edgetts,mandarin,SC-000072,zh-CN-YunjianNeural,0.061,隐蔽(难检)
data/redteam/factory/edgetts/mandarin/edgetts_mandarin_zh-CN-YunxiNeural_SC-000404.wav,edgetts,mandarin,SC-000404,zh-CN-YunxiNeural,0.061,隐蔽(难检)
data/redteam/factory/edgetts/mandarin/edgetts_mandarin_zh-CN-XiaoxiaoNeural_SC-000238.wav,edgetts,mandarin,SC-000238,zh-CN-XiaoxiaoNeural,0.061,隐蔽(难检)
data/redteam/factory/edgetts/dongbei/edgetts_dongbei_zh-CN-liaoning-XiaobeiNeural_SC-001554.wav,edgetts,dongbei,SC-001554,zh-CN-liaoning-XiaobeiNeural,0.061,隐蔽(难检)
data/redteam/factory/edgetts/sichuan/edgetts_sichuan_zh-CN-YunxiNeural_SC-000172.wav,edgetts,sichuan,SC-000172,zh-CN-YunxiNeural,0.0611,隐蔽(难检)
data/redteam/factory/edgetts/dongbei/edgetts_dongbei_zh-CN-liaoning-XiaobeiNeural_SC-001212.wav,edgetts,dongbei,SC-001212,zh-CN-liaoning-XiaobeiNeural,0.0611,隐蔽(难检)
data/redteam/factory/edgetts/cantonese/edgetts_cantonese_zh-HK-WanLungNeural_SC-001562.wav,edgetts,cantonese,SC-001562,zh-HK-WanLungNeural,0.0611,隐蔽(难检)
data/redteam/factory/sovits_api/minnan/sovits_api_minnan_ref_boot_edgetts_minnan_zh-TW-YunJheNeural_SC-000001_SC-000006.wav,sovits_api,minnan,SC-000006,ref_boot_edgetts_minnan_zh-TW-YunJheNeural_SC-000001,0.0611,隐蔽(难检)
data/redteam/factory/sovits_api/cantonese/sovits_api_cantonese_ref_boot_edgetts_cantonese_zh-HK-WanLungNeural_SC-000005_seg8s_SC-000014.wav,sovits_api,cantonese,SC-000014,ref_boot_edgetts_cantonese_zh-HK-WanLungNeural_SC-000005_seg8s,0.0611,隐蔽(难检)
data/redteam/factory/edgetts/dongbei/edgetts_dongbei_zh-CN-liaoning-XiaobeiNeural_SC-000162.wav,edgetts,dongbei,SC-000162,zh-CN-liaoning-XiaobeiNeural,0.0612,隐蔽(难检)
data/redteam/factory/edgetts/henan/edgetts_henan_zh-CN-shaanxi-XiaoniNeural_SC-000599.wav,edgetts,henan,SC-000599,zh-CN-shaanxi-XiaoniNeural,0.0612,隐蔽(难检)
data/redteam/factory/sovits_api/sichuan/sovits_api_sichuan_ref_boot_edgetts_sichuan_zh-CN-XiaoxiaoNeural_SC-000010_SC-000107.wav,sovits_api,sichuan,SC-000107,ref_boot_edgetts_sichuan_zh-CN-XiaoxiaoNeural_SC-000010,0.0613,隐蔽(难检)
data/redteam/factory/edgetts/mandarin/edgetts_mandarin_zh-CN-XiaoxiaoNeural_SC-000371.wav,edgetts,mandarin,SC-000371,zh-CN-XiaoxiaoNeural,0.0614,隐蔽(难检)
data/redteam/factory/edgetts/sichuan/edgetts_sichuan_zh-CN-YunxiNeural_SC-001247.wav,edgetts,sichuan,SC-001247,zh-CN-YunxiNeural,0.0614,隐蔽(难检)
data/redteam/factory/edgetts/mandarin/edgetts_mandarin_zh-CN-YunyangNeural_SC-000133.wav,edgetts,mandarin,SC-000133,zh-CN-YunyangNeural,0.0614,隐蔽(难检)
data/redteam/factory/edgetts/minnan/edgetts_minnan_zh-TW-YunJheNeural_SC-001695.wav,edgetts,minnan,SC-001695,zh-TW-YunJheNeural,0.0614,隐蔽(难检)
data/redteam/factory/edgetts/minnan/edgetts_minnan_zh-TW-YunJheNeural_SC-000056.wav,edgetts,minnan,SC-000056,zh-TW-YunJheNeural,0.0615,隐蔽(难检)
data/redteam/factory/edgetts/henan/edgetts_henan_zh-CN-shaanxi-XiaoniNeural_SC-001399.wav,edgetts,henan,SC-001399,zh-CN-shaanxi-XiaoniNeural,0.0615,隐蔽(难检)
data/redteam/factory/edgetts/sichuan/edgetts_sichuan_zh-CN-XiaoxiaoNeural_SC-001412.wav,edgetts,sichuan,SC-001412,zh-CN-XiaoxiaoNeural,0.0615,隐蔽(难检)
data/redteam/factory/edgetts/minnan/edgetts_minnan_zh-TW-YunJheNeural_SC-000282.wav,edgetts,minnan,SC-000282,zh-TW-YunJheNeural,0.0616,隐蔽(难检)
data/redteam/factory/edgetts/mandarin/edgetts_mandarin_zh-CN-XiaoxiaoNeural_SC-000318.wav,edgetts,mandarin,SC-000318,zh-CN-XiaoxiaoNeural,0.0616,隐蔽(难检)
data/redteam/factory/edgetts/dongbei/edgetts_dongbei_zh-CN-liaoning-XiaobeiNeural_SC-001231.wav,edgetts,dongbei,SC-001231,zh-CN-liaoning-XiaobeiNeural,0.0616,隐蔽(难检)
data/redteam/factory/sovits_api/cantonese/sovits_api_cantonese_ref_boot_edgetts_cantonese_zh-HK-HiuMaanNeural_SC-000005_seg8s_SC-000248.wav,sovits_api,cantonese,SC-000248,ref_boot_edgetts_cantonese_zh-HK-HiuMaanNeural_SC-000005_seg8s,0.0616,隐蔽(难检)
data/redteam/factory/edgetts/mandarin/edgetts_mandarin_zh-CN-XiaoxiaoNeural_SC-000401.wav,edgetts,mandarin,SC-000401,zh-CN-XiaoxiaoNeural,0.0617,隐蔽(难检)
data/redteam/factory/edgetts/henan/edgetts_henan_zh-CN-shaanxi-XiaoniNeural_SC-000020.wav,edgetts,henan,SC-000020,zh-CN-shaanxi-XiaoniNeural,0.0618,隐蔽(难检)
data/redteam/factory/edgetts/henan/edgetts_henan_zh-CN-shaanxi-XiaoniNeural_SC-000902.wav,edgetts,henan,SC-000902,zh-CN-shaanxi-XiaoniNeural,0.0618,隐蔽(难检)
data/redteam/factory/edgetts/mandarin/edgetts_mandarin_zh-CN-XiaoxiaoNeural_SC-000324.wav,edgetts,mandarin,SC-000324,zh-CN-XiaoxiaoNeural,0.0619,隐蔽(难检)
data/redteam/factory/edgetts/dongbei/edgetts_dongbei_zh-CN-liaoning-XiaobeiNeural_SC-000328.wav,edgetts,dongbei,SC-000328,zh-CN-liaoning-XiaobeiNeural,0.062,隐蔽(难检)
data/redteam/factory/edgetts/sichuan/edgetts_sichuan_zh-CN-YunxiNeural_SC-001177.wav,edgetts,sichuan,SC-001177,zh-CN-YunxiNeural,0.0621,隐蔽(难检)
data/redteam/factory/edgetts/mandarin/edgetts_mandarin_zh-CN-XiaoxiaoNeural_SC-000014.wav,edgetts,mandarin,SC-000014,zh-CN-XiaoxiaoNeural,0.0622,隐蔽(难检)
data/redteam/factory/edgetts/sichuan/edgetts_sichuan_zh-CN-XiaoxiaoNeural_SC-000014.wav,edgetts,sichuan,SC-000014,zh-CN-XiaoxiaoNeural,0.0622,隐蔽(难检)
data/redteam/factory/edgetts/cantonese/edgetts_cantonese_zh-HK-WanLungNeural_SC-000829.wav,edgetts,cantonese,SC-000829,zh-HK-WanLungNeural,0.0622,隐蔽(难检)
data/redteam/factory/edgetts/mandarin/edgetts_mandarin_zh-CN-YunxiNeural_SC-000336.wav,edgetts,mandarin,SC-000336,zh-CN-YunxiNeural,0.0622,隐蔽(难检)
data/redteam/factory/edgetts/mandarin/edgetts_mandarin_zh-CN-YunxiNeural_SC-000072.wav,edgetts,mandarin,SC-000072,zh-CN-YunxiNeural,0.0623,隐蔽(难检)
data/redteam/factory/edgetts/mandarin/edgetts_mandarin_zh-CN-XiaoxiaoNeural_SC-000037.wav,edgetts,mandarin,SC-000037,zh-CN-XiaoxiaoNeural,0.0623,隐蔽(难检)
data/redteam/factory/edgetts/dongbei/edgetts_dongbei_zh-CN-liaoning-XiaobeiNeural_SC-000023.wav,edgetts,dongbei,SC-000023,zh-CN-liaoning-XiaobeiNeural,0.0624,隐蔽(难检)
data/redteam/factory/edgetts/henan/edgetts_henan_zh-CN-shaanxi-XiaoniNeural_SC-000291.wav,edgetts,henan,SC-000291,zh-CN-shaanxi-XiaoniNeural,0.0624,隐蔽(难检)
data/redteam/factory/edgetts/minnan/edgetts_minnan_zh-TW-YunJheNeural_SC-000569.wav,edgetts,minnan,SC-000569,zh-TW-YunJheNeural,0.0624,隐蔽(难检)
data/redteam/factory/edgetts/dongbei/edgetts_dongbei_zh-CN-liaoning-XiaobeiNeural_SC-001490.wav,edgetts,dongbei,SC-001490,zh-CN-liaoning-XiaobeiNeural,0.0624,隐蔽(难检)
data/redteam/factory/edgetts/mandarin/edgetts_mandarin_zh-CN-XiaoxiaoNeural_SC-000216.wav,edgetts,mandarin,SC-000216,zh-CN-XiaoxiaoNeural,0.0624,隐蔽(难检)
data/redteam/factory/edgetts/henan/edgetts_henan_zh-CN-shaanxi-XiaoniNeural_SC-000922.wav,edgetts,henan,SC-000922,zh-CN-shaanxi-XiaoniNeural,0.0625,隐蔽(难检)
data/redteam/factory/edgetts/mandarin/edgetts_mandarin_zh-CN-XiaoxiaoNeural_SC-000464.wav,edgetts,mandarin,SC-000464,zh-CN-XiaoxiaoNeural,0.0625,隐蔽(难检)
data/redteam/factory/edgetts/dongbei/edgetts_dongbei_zh-CN-liaoning-XiaobeiNeural_SC-000976.wav,edgetts,dongbei,SC-000976,zh-CN-liaoning-XiaobeiNeural,0.0625,隐蔽(难检)
data/redteam/factory/sovits_api/mandarin/sovits_api_mandarin_ref_boot_edgetts_mandarin_zh-CN-YunxiNeural_SC-000007_seg8s_SC-000022.wav,sovits_api,mandarin,SC-000022,ref_boot_edgetts_mandarin_zh-CN-YunxiNeural_SC-000007_seg8s,0.0625,隐蔽(难检)
data/redteam/factory/sovits_api/sichuan/sovits_api_sichuan_ref_boot_edgetts_sichuan_zh-CN-XiaoxiaoNeural_SC-000010_SC-000125.wav,sovits_api,sichuan,SC-000125,ref_boot_edgetts_sichuan_zh-CN-XiaoxiaoNeural_SC-000010,0.0625,隐蔽(难检)
data/redteam/factory/edgetts/mandarin/edgetts_mandarin_zh-CN-XiaoxiaoNeural_SC-000220.wav,edgetts,mandarin,SC-000220,zh-CN-XiaoxiaoNeural,0.0626,隐蔽(难检)
data/redteam/factory/edgetts/minnan/edgetts_minnan_zh-TW-YunJheNeural_SC-001454.wav,edgetts,minnan,SC-001454,zh-TW-YunJheNeural,0.0627,隐蔽(难检)
data/redteam/factory/edgetts/sichuan/edgetts_sichuan_zh-CN-YunxiNeural_SC-000963.wav,edgetts,sichuan,SC-000963,zh-CN-YunxiNeural,0.0627,隐蔽(难检)
data/redteam/factory/edgetts/mandarin/edgetts_mandarin_zh-CN-XiaoxiaoNeural_SC-000204.wav,edgetts,mandarin,SC-000204,zh-CN-XiaoxiaoNeural,0.0627,隐蔽(难检)
data/redteam/factory/edgetts/sichuan/edgetts_sichuan_zh-CN-XiaoxiaoNeural_SC-000751.wav,edgetts,sichuan,SC-000751,zh-CN-XiaoxiaoNeural,0.0627,隐蔽(难检)
data/redteam/factory/edgetts/sichuan/edgetts_sichuan_zh-CN-XiaoxiaoNeural_SC-001375.wav,edgetts,sichuan,SC-001375,zh-CN-XiaoxiaoNeural,0.0627,隐蔽(难检)
data/redteam/factory/edgetts/minnan/edgetts_minnan_zh-TW-YunJheNeural_SC-000022.wav,edgetts,minnan,SC-000022,zh-TW-YunJheNeural,0.0628,隐蔽(难检)
data/redteam/factory/edgetts/henan/edgetts_henan_zh-CN-shaanxi-XiaoniNeural_SC-001204.wav,edgetts,henan,SC-001204,zh-CN-shaanxi-XiaoniNeural,0.0628,隐蔽(难检)
data/redteam/factory/edgetts/mandarin/edgetts_mandarin_zh-CN-YunyangNeural_SC-000132.wav,edgetts,mandarin,SC-000132,zh-CN-YunyangNeural,0.0628,隐蔽(难检)
data/redteam/factory/edgetts/sichuan/edgetts_sichuan_zh-CN-YunxiNeural_SC-000607.wav,edgetts,sichuan,SC-000607,zh-CN-YunxiNeural,0.0628,隐蔽(难检)
data/redteam/factory/edgetts/mandarin/edgetts_mandarin_zh-CN-YunjianNeural_SC-000201.wav,edgetts,mandarin,SC-000201,zh-CN-YunjianNeural,0.063,隐蔽(难检)
data/redteam/factory/sovits_api/henan/sovits_api_henan_ref_boot_edgetts_henan_zh-CN-shaanxi-XiaoniNeural_SC-000009_seg8s_SC-000038.wav,sovits_api,henan,SC-000038,ref_boot_edgetts_henan_zh-CN-shaanxi-XiaoniNeural_SC-000009_seg8s,0.063,隐蔽(难检)
data/redteam/factory/edgetts/sichuan/edgetts_sichuan_zh-CN-XiaoxiaoNeural_SC-000179.wav,edgetts,sichuan,SC-000179,zh-CN-XiaoxiaoNeural,0.0631,隐蔽(难检)
data/redteam/factory/edgetts/henan/edgetts_henan_zh-CN-shaanxi-XiaoniNeural_SC-000459.wav,edgetts,henan,SC-000459,zh-CN-shaanxi-XiaoniNeural,0.0631,隐蔽(难检)
data/redteam/factory/edgetts/sichuan/edgetts_sichuan_zh-CN-XiaoxiaoNeural_SC-000722.wav,edgetts,sichuan,SC-000722,zh-CN-XiaoxiaoNeural,0.0631,隐蔽(难检)
data/redteam/factory/edgetts/minnan/edgetts_minnan_zh-TW-HsiaoChenNeural_SC-001348.wav,edgetts,minnan,SC-001348,zh-TW-HsiaoChenNeural,0.0631,隐蔽(难检)
data/redteam/factory/edgetts/sichuan/edgetts_sichuan_zh-CN-YunxiNeural_SC-000268.wav,edgetts,sichuan,SC-000268,zh-CN-YunxiNeural,0.0632,隐蔽(难检)
data/redteam/factory/edgetts/sichuan/edgetts_sichuan_zh-CN-XiaoxiaoNeural_SC-000205.wav,edgetts,sichuan,SC-000205,zh-CN-XiaoxiaoNeural,0.0632,隐蔽(难检)
data/redteam/factory/edgetts/dongbei/edgetts_dongbei_zh-CN-liaoning-XiaobeiNeural_SC-001542.wav,edgetts,dongbei,SC-001542,zh-CN-liaoning-XiaobeiNeural,0.0632,隐蔽(难检)
data/redteam/factory/sovits_api/dongbei/sovits_api_dongbei_ref_boot_edgetts_dongbei_zh-CN-liaoning-XiaobeiNeural_SC-000002_seg8s_SC-000273.wav,sovits_api,dongbei,SC-000273,ref_boot_edgetts_dongbei_zh-CN-liaoning-XiaobeiNeural_SC-000002_seg8s,0.0632,隐蔽(难检)
data/redteam/factory/edgetts/mandarin/edgetts_mandarin_zh-CN-YunxiNeural_SC-000077.wav,edgetts,mandarin,SC-000077,zh-CN-YunxiNeural,0.0633,隐蔽(难检)
data/redteam/factory/edgetts/mandarin/edgetts_mandarin_zh-CN-XiaoxiaoNeural_SC-000086.wav,edgetts,mandarin,SC-000086,zh-CN-XiaoxiaoNeural,0.0633,隐蔽(难检)
data/redteam/factory/edgetts/sichuan/edgetts_sichuan_zh-CN-YunxiNeural_SC-000319.wav,edgetts,sichuan,SC-000319,zh-CN-YunxiNeural,0.0633,隐蔽(难检)
data/redteam/factory/edgetts/minnan/edgetts_minnan_zh-TW-HsiaoChenNeural_SC-000705.wav,edgetts,minnan,SC-000705,zh-TW-HsiaoChenNeural,0.0633,隐蔽(难检)
data/redteam/factory/edgetts/cantonese/edgetts_cantonese_zh-HK-WanLungNeural_SC-000029.wav,edgetts,cantonese,SC-000029,zh-HK-WanLungNeural,0.0634,隐蔽(难检)
data/redteam/factory/edgetts/mandarin/edgetts_mandarin_zh-CN-YunyangNeural_SC-000464.wav,edgetts,mandarin,SC-000464,zh-CN-YunyangNeural,0.0635,隐蔽(难检)
data/redteam/factory/sovits_api/minnan/sovits_api_minnan_ref_boot_edgetts_minnan_zh-TW-HsiaoChenNeural_SC-000001_SC-000350.wav,sovits_api,minnan,SC-000350,ref_boot_edgetts_minnan_zh-TW-HsiaoChenNeural_SC-000001,0.0635,隐蔽(难检)
data/redteam/factory/edgetts/minnan/edgetts_minnan_zh-TW-YunJheNeural_SC-000020.wav,edgetts,minnan,SC-000020,zh-TW-YunJheNeural,0.0636,隐蔽(难检)
data/redteam/factory/edgetts/minnan/edgetts_minnan_zh-TW-YunJheNeural_SC-000516.wav,edgetts,minnan,SC-000516,zh-TW-YunJheNeural,0.0636,隐蔽(难检)
data/redteam/factory/edgetts/mandarin/edgetts_mandarin_zh-CN-YunyangNeural_SC-000023.wav,edgetts,mandarin,SC-000023,zh-CN-YunyangNeural,0.0637,隐蔽(难检)
data/redteam/factory/edgetts/sichuan/edgetts_sichuan_zh-CN-XiaoxiaoNeural_SC-000222.wav,edgetts,sichuan,SC-000222,zh-CN-XiaoxiaoNeural,0.0637,隐蔽(难检)
data/redteam/factory/edgetts/sichuan/edgetts_sichuan_zh-CN-XiaoxiaoNeural_SC-000244.wav,edgetts,sichuan,SC-000244,zh-CN-XiaoxiaoNeural,0.0637,隐蔽(难检)
data/redteam/factory/edgetts/sichuan/edgetts_sichuan_zh-CN-XiaoxiaoNeural_SC-000319.wav,edgetts,sichuan,SC-000319,zh-CN-XiaoxiaoNeural,0.0637,隐蔽(难检)
data/redteam/factory/edgetts/dongbei/edgetts_dongbei_zh-CN-liaoning-XiaobeiNeural_SC-000020.wav,edgetts,dongbei,SC-000020,zh-CN-liaoning-XiaobeiNeural,0.0638,隐蔽(难检)
data/redteam/factory/edgetts/mandarin/edgetts_mandarin_zh-CN-YunxiNeural_SC-000171.wav,edgetts,mandarin,SC-000171,zh-CN-YunxiNeural,0.0638,隐蔽(难检)
data/redteam/factory/edgetts/minnan/edgetts_minnan_zh-TW-HsiaoChenNeural_SC-001034.wav,edgetts,minnan,SC-001034,zh-TW-HsiaoChenNeural,0.0638,隐蔽(难检)
data/redteam/factory/sovits_api/cantonese/sovits_api_cantonese_ref_boot_edgetts_cantonese_zh-HK-WanLungNeural_SC-000005_seg8s_SC-000109.wav,sovits_api,cantonese,SC-000109,ref_boot_edgetts_cantonese_zh-HK-WanLungNeural_SC-000005_seg8s,0.0638,隐蔽(难检)
data/redteam/factory/edgetts/dongbei/edgetts_dongbei_zh-CN-liaoning-XiaobeiNeural_SC-000010.wav,edgetts,dongbei,SC-000010,zh-CN-liaoning-XiaobeiNeural,0.0639,隐蔽(难检)
data/redteam/factory/edgetts/mandarin/edgetts_mandarin_zh-CN-YunjianNeural_SC-000180.wav,edgetts,mandarin,SC-000180,zh-CN-YunjianNeural,0.0639,隐蔽(难检)
data/redteam/factory/edgetts/mandarin/edgetts_mandarin_zh-CN-XiaoxiaoNeural_SC-000347.wav,edgetts,mandarin,SC-000347,zh-CN-XiaoxiaoNeural,0.0639,隐蔽(难检)
data/redteam/factory/edgetts/mandarin/edgetts_mandarin_zh-CN-XiaoxiaoNeural_SC-000152.wav,edgetts,mandarin,SC-000152,zh-CN-XiaoxiaoNeural,0.0639,隐蔽(难检)
data/redteam/factory/edgetts/minnan/edgetts_minnan_zh-TW-HsiaoChenNeural_SC-001712.wav,edgetts,minnan,SC-001712,zh-TW-HsiaoChenNeural,0.0639,隐蔽(难检)
data/redteam/factory/edgetts/henan/edgetts_henan_zh-CN-shaanxi-XiaoniNeural_SC-001149.wav,edgetts,henan,SC-001149,zh-CN-shaanxi-XiaoniNeural,0.064,隐蔽(难检)
data/redteam/factory/sovits_api/cantonese/sovits_api_cantonese_ref_boot_edgetts_cantonese_zh-HK-HiuMaanNeural_SC-000005_seg8s_SC-000094.wav,sovits_api,cantonese,SC-000094,ref_boot_edgetts_cantonese_zh-HK-HiuMaanNeural_SC-000005_seg8s,0.0641,隐蔽(难检)
data/redteam/factory/edgetts/mandarin/edgetts_mandarin_zh-CN-YunyangNeural_SC-000098.wav,edgetts,mandarin,SC-000098,zh-CN-YunyangNeural,0.0642,隐蔽(难检)
data/redteam/factory/edgetts/sichuan/edgetts_sichuan_zh-CN-YunxiNeural_SC-000307.wav,edgetts,sichuan,SC-000307,zh-CN-YunxiNeural,0.0642,隐蔽(难检)
data/redteam/factory/edgetts/sichuan/edgetts_sichuan_zh-CN-YunxiNeural_SC-000355.wav,edgetts,sichuan,SC-000355,zh-CN-YunxiNeural,0.0642,隐蔽(难检)
data/redteam/factory/edgetts/mandarin/edgetts_mandarin_zh-CN-YunjianNeural_SC-000008.wav,edgetts,mandarin,SC-000008,zh-CN-YunjianNeural,0.0643,隐蔽(难检)
data/redteam/factory/edgetts/cantonese/edgetts_cantonese_zh-HK-WanLungNeural_SC-000239.wav,edgetts,cantonese,SC-000239,zh-HK-WanLungNeural,0.0643,隐蔽(难检)
data/redteam/factory/edgetts/minnan/edgetts_minnan_zh-TW-HsiaoChenNeural_SC-001466.wav,edgetts,minnan,SC-001466,zh-TW-HsiaoChenNeural,0.0643,隐蔽(难检)
data/redteam/factory/edgetts/henan/edgetts_henan_zh-CN-shaanxi-XiaoniNeural_SC-001509.wav,edgetts,henan,SC-001509,zh-CN-shaanxi-XiaoniNeural,0.0643,隐蔽(难检)
data/redteam/factory/edgetts/mandarin/edgetts_mandarin_zh-CN-YunxiNeural_SC-000135.wav,edgetts,mandarin,SC-000135,zh-CN-YunxiNeural,0.0643,隐蔽(难检)
data/redteam/factory/edgetts/minnan/edgetts_minnan_zh-TW-HsiaoChenNeural_SC-000845.wav,edgetts,minnan,SC-000845,zh-TW-HsiaoChenNeural,0.0643,隐蔽(难检)
data/redteam/factory/edgetts/cantonese/edgetts_cantonese_zh-HK-WanLungNeural_SC-000014.wav,edgetts,cantonese,SC-000014,zh-HK-WanLungNeural,0.0644,隐蔽(难检)
data/redteam/factory/edgetts/mandarin/edgetts_mandarin_zh-CN-YunyangNeural_SC-000404.wav,edgetts,mandarin,SC-000404,zh-CN-YunyangNeural,0.0644,隐蔽(难检)
data/redteam/factory/edgetts/sichuan/edgetts_sichuan_zh-CN-YunxiNeural_SC-001391.wav,edgetts,sichuan,SC-001391,zh-CN-YunxiNeural,0.0644,隐蔽(难检)
data/redteam/factory/sovits_api/minnan/sovits_api_minnan_ref_boot_edgetts_minnan_zh-TW-HsiaoChenNeural_SC-000001_SC-000023.wav,sovits_api,minnan,SC-000023,ref_boot_edgetts_minnan_zh-TW-HsiaoChenNeural_SC-000001,0.0644,隐蔽(难检)
data/redteam/factory/edgetts/minnan/edgetts_minnan_zh-TW-YunJheNeural_SC-000363.wav,edgetts,minnan,SC-000363,zh-TW-YunJheNeural,0.0645,隐蔽(难检)
data/redteam/factory/edgetts/sichuan/edgetts_sichuan_zh-CN-YunxiNeural_SC-001393.wav,edgetts,sichuan,SC-001393,zh-CN-YunxiNeural,0.0645,隐蔽(难检)
data/redteam/factory/sovits_api/sichuan/sovits_api_sichuan_ref_boot_edgetts_sichuan_zh-CN-XiaoxiaoNeural_SC-000010_SC-000205.wav,sovits_api,sichuan,SC-000205,ref_boot_edgetts_sichuan_zh-CN-XiaoxiaoNeural_SC-000010,0.0645,隐蔽(难检)
data/redteam/factory/sovits_api/sichuan/sovits_api_sichuan_ref_boot_edgetts_sichuan_zh-CN-YunxiNeural_SC-000010_SC-000254.wav,sovits_api,sichuan,SC-000254,ref_boot_edgetts_sichuan_zh-CN-YunxiNeural_SC-000010,0.0646,隐蔽(难检)
data/redteam/factory/edgetts/mandarin/edgetts_mandarin_zh-CN-YunjianNeural_SC-000015.wav,edgetts,mandarin,SC-000015,zh-CN-YunjianNeural,0.0647,隐蔽(难检)
data/redteam/factory/edgetts/sichuan/edgetts_sichuan_zh-CN-YunxiNeural_SC-000222.wav,edgetts,sichuan,SC-000222,zh-CN-YunxiNeural,0.0647,隐蔽(难检)
data/redteam/factory/edgetts/sichuan/edgetts_sichuan_zh-CN-YunxiNeural_SC-000799.wav,edgetts,sichuan,SC-000799,zh-CN-YunxiNeural,0.0647,隐蔽(难检)
data/redteam/factory/edgetts/mandarin/edgetts_mandarin_zh-CN-XiaoxiaoNeural_SC-000213.wav,edgetts,mandarin,SC-000213,zh-CN-XiaoxiaoNeural,0.0647,隐蔽(难检)
data/redteam/factory/edgetts/dongbei/edgetts_dongbei_zh-CN-liaoning-XiaobeiNeural_SC-001704.wav,edgetts,dongbei,SC-001704,zh-CN-liaoning-XiaobeiNeural,0.0647,隐蔽(难检)
data/redteam/factory/sovits_api/minnan/sovits_api_minnan_ref_boot_edgetts_minnan_zh-TW-YunJheNeural_SC-000001_SC-000054.wav,sovits_api,minnan,SC-000054,ref_boot_edgetts_minnan_zh-TW-YunJheNeural_SC-000001,0.0647,隐蔽(难检)
data/redteam/factory/edgetts/sichuan/edgetts_sichuan_zh-CN-XiaoxiaoNeural_SC-001524.wav,edgetts,sichuan,SC-001524,zh-CN-XiaoxiaoNeural,0.0648,隐蔽(难检)
data/redteam/factory/edgetts/cantonese/edgetts_cantonese_zh-HK-WanLungNeural_SC-001223.wav,edgetts,cantonese,SC-001223,zh-HK-WanLungNeural,0.0648,隐蔽(难检)
data/redteam/factory/edgetts/mandarin/edgetts_mandarin_zh-CN-YunyangNeural_SC-000136.wav,edgetts,mandarin,SC-000136,zh-CN-YunyangNeural,0.0648,隐蔽(难检)
data/redteam/factory/sovits_api/mandarin/sovits_api_mandarin_ref_boot_edgetts_mandarin_zh-CN-XiaoxiaoNeural_SC-000007_seg8s_SC-000069.wav,sovits_api,mandarin,SC-000069,ref_boot_edgetts_mandarin_zh-CN-XiaoxiaoNeural_SC-000007_seg8s,0.0648,隐蔽(难检)
data/redteam/factory/sovits_api/mandarin/sovits_api_mandarin_ref_boot_edgetts_mandarin_zh-CN-XiaoxiaoNeural_SC-000007_seg8s_SC-000070.wav,sovits_api,mandarin,SC-000070,ref_boot_edgetts_mandarin_zh-CN-XiaoxiaoNeural_SC-000007_seg8s,0.0649,隐蔽(难检)
data/redteam/factory/edgetts/cantonese/edgetts_cantonese_zh-HK-WanLungNeural_SC-001400.wav,edgetts,cantonese,SC-001400,zh-HK-WanLungNeural,0.065,隐蔽(难检)
data/redteam/factory/edgetts/dongbei/edgetts_dongbei_zh-CN-liaoning-XiaobeiNeural_SC-001209.wav,edgetts,dongbei,SC-001209,zh-CN-liaoning-XiaobeiNeural,0.065,隐蔽(难检)
data/redteam/factory/edgetts/mandarin/edgetts_mandarin_zh-CN-XiaoxiaoNeural_SC-000510.wav,edgetts,mandarin,SC-000510,zh-CN-XiaoxiaoNeural,0.065,隐蔽(难检)
data/redteam/factory/edgetts/sichuan/edgetts_sichuan_zh-CN-XiaoxiaoNeural_SC-000348.wav,edgetts,sichuan,SC-000348,zh-CN-XiaoxiaoNeural,0.065,隐蔽(难检)
data/redteam/factory/edgetts/dongbei/edgetts_dongbei_zh-CN-liaoning-XiaobeiNeural_SC-000256.wav,edgetts,dongbei,SC-000256,zh-CN-liaoning-XiaobeiNeural,0.0651,隐蔽(难检)
data/redteam/factory/edgetts/mandarin/edgetts_mandarin_zh-CN-XiaoxiaoNeural_SC-000484.wav,edgetts,mandarin,SC-000484,zh-CN-XiaoxiaoNeural,0.0651,隐蔽(难检)
data/redteam/factory/edgetts/dongbei/edgetts_dongbei_zh-CN-liaoning-XiaobeiNeural_SC-001668.wav,edgetts,dongbei,SC-001668,zh-CN-liaoning-XiaobeiNeural,0.0651,隐蔽(难检)
data/redteam/factory/edgetts/mandarin/edgetts_mandarin_zh-CN-YunxiNeural_SC-000260.wav,edgetts,mandarin,SC-000260,zh-CN-YunxiNeural,0.0651,隐蔽(难检)
data/redteam/factory/edgetts/mandarin/edgetts_mandarin_zh-CN-XiaoxiaoNeural_SC-000011.wav,edgetts,mandarin,SC-000011,zh-CN-XiaoxiaoNeural,0.0652,隐蔽(难检)
data/redteam/factory/edgetts/mandarin/edgetts_mandarin_zh-CN-XiaoxiaoNeural_SC-000010.wav,edgetts,mandarin,SC-000010,zh-CN-XiaoxiaoNeural,0.0652,隐蔽(难检)
data/redteam/factory/edgetts/sichuan/edgetts_sichuan_zh-CN-XiaoxiaoNeural_SC-000010.wav,edgetts,sichuan,SC-000010,zh-CN-XiaoxiaoNeural,0.0652,隐蔽(难检)
data/redteam/factory/edgetts/sichuan/edgetts_sichuan_zh-CN-XiaoxiaoNeural_SC-000011.wav,edgetts,sichuan,SC-000011,zh-CN-XiaoxiaoNeural,0.0652,隐蔽(难检)
data/redteam/factory/edgetts/mandarin/edgetts_mandarin_zh-CN-YunxiNeural_SC-000400.wav,edgetts,mandarin,SC-000400,zh-CN-YunxiNeural,0.0652,隐蔽(难检)
data/redteam/factory/edgetts/mandarin/edgetts_mandarin_zh-CN-YunxiNeural_SC-000456.wav,edgetts,mandarin,SC-000456,zh-CN-YunxiNeural,0.0652,隐蔽(难检)
data/redteam/factory/edgetts/cantonese/edgetts_cantonese_zh-HK-WanLungNeural_SC-000803.wav,edgetts,cantonese,SC-000803,zh-HK-WanLungNeural,0.0652,隐蔽(难检)
data/redteam/factory/edgetts/mandarin/edgetts_mandarin_zh-CN-XiaoxiaoNeural_SC-000123.wav,edgetts,mandarin,SC-000123,zh-CN-XiaoxiaoNeural,0.0653,隐蔽(难检)
data/redteam/factory/edgetts/minnan/edgetts_minnan_zh-TW-YunJheNeural_SC-001619.wav,edgetts,minnan,SC-001619,zh-TW-YunJheNeural,0.0654,隐蔽(难检)
data/redteam/factory/edgetts/mandarin/edgetts_mandarin_zh-CN-YunjianNeural_SC-000001.wav,edgetts,mandarin,SC-000001,zh-CN-YunjianNeural,0.0655,隐蔽(难检)
data/redteam/factory/edgetts/mandarin/edgetts_mandarin_zh-CN-YunjianNeural_SC-000085.wav,edgetts,mandarin,SC-000085,zh-CN-YunjianNeural,0.0655,隐蔽(难检)
data/redteam/factory/edgetts/mandarin/edgetts_mandarin_zh-CN-YunxiNeural_SC-000234.wav,edgetts,mandarin,SC-000234,zh-CN-YunxiNeural,0.0655,隐蔽(难检)
data/redteam/factory/edgetts/cantonese/edgetts_cantonese_zh-HK-WanLungNeural_SC-000695.wav,edgetts,cantonese,SC-000695,zh-HK-WanLungNeural,0.0655,隐蔽(难检)
data/redteam/factory/edgetts/minnan/edgetts_minnan_zh-TW-HsiaoChenNeural_SC-000802.wav,edgetts,minnan,SC-000802,zh-TW-HsiaoChenNeural,0.0656,隐蔽(难检)
data/redteam/factory/edgetts/minnan/edgetts_minnan_zh-TW-YunJheNeural_SC-000830.wav,edgetts,minnan,SC-000830,zh-TW-YunJheNeural,0.0656,隐蔽(难检)
data/redteam/factory/edgetts/dongbei/edgetts_dongbei_zh-CN-liaoning-XiaobeiNeural_SC-001496.wav,edgetts,dongbei,SC-001496,zh-CN-liaoning-XiaobeiNeural,0.0656,隐蔽(难检)
data/redteam/factory/edgetts/mandarin/edgetts_mandarin_zh-CN-XiaoxiaoNeural_SC-000070.wav,edgetts,mandarin,SC-000070,zh-CN-XiaoxiaoNeural,0.0657,隐蔽(难检)
data/redteam/factory/edgetts/mandarin/edgetts_mandarin_zh-CN-YunxiNeural_SC-000279.wav,edgetts,mandarin,SC-000279,zh-CN-YunxiNeural,0.0657,隐蔽(难检)
data/redteam/factory/edgetts/sichuan/edgetts_sichuan_zh-CN-XiaoxiaoNeural_SC-000373.wav,edgetts,sichuan,SC-000373,zh-CN-XiaoxiaoNeural,0.0657,隐蔽(难检)
data/redteam/factory/edgetts/sichuan/edgetts_sichuan_zh-CN-XiaoxiaoNeural_SC-001486.wav,edgetts,sichuan,SC-001486,zh-CN-XiaoxiaoNeural,0.0657,隐蔽(难检)
data/redteam/factory/edgetts/dongbei/edgetts_dongbei_zh-CN-liaoning-XiaobeiNeural_SC-000004.wav,edgetts,dongbei,SC-000004,zh-CN-liaoning-XiaobeiNeural,0.0658,隐蔽(难检)
data/redteam/factory/edgetts/dongbei/edgetts_dongbei_zh-CN-liaoning-XiaobeiNeural_SC-000149.wav,edgetts,dongbei,SC-000149,zh-CN-liaoning-XiaobeiNeural,0.0658,隐蔽(难检)
data/redteam/factory/edgetts/mandarin/edgetts_mandarin_zh-CN-XiaoxiaoNeural_SC-000337.wav,edgetts,mandarin,SC-000337,zh-CN-XiaoxiaoNeural,0.0658,隐蔽(难检)
data/redteam/factory/edgetts/sichuan/edgetts_sichuan_zh-CN-XiaoxiaoNeural_SC-000757.wav,edgetts,sichuan,SC-000757,zh-CN-XiaoxiaoNeural,0.0658,隐蔽(难检)
data/redteam/factory/edgetts/mandarin/edgetts_mandarin_zh-CN-YunjianNeural_SC-000041.wav,edgetts,mandarin,SC-000041,zh-CN-YunjianNeural,0.0659,隐蔽(难检)
data/redteam/factory/edgetts/sichuan/edgetts_sichuan_zh-CN-XiaoxiaoNeural_SC-000855.wav,edgetts,sichuan,SC-000855,zh-CN-XiaoxiaoNeural,0.0659,隐蔽(难检)
data/redteam/factory/edgetts/minnan/edgetts_minnan_zh-TW-HsiaoChenNeural_SC-000028.wav,edgetts,minnan,SC-000028,zh-TW-HsiaoChenNeural,0.066,隐蔽(难检)
data/redteam/factory/edgetts/minnan/edgetts_minnan_zh-TW-HsiaoChenNeural_SC-000630.wav,edgetts,minnan,SC-000630,zh-TW-HsiaoChenNeural,0.066,隐蔽(难检)
data/redteam/factory/edgetts/henan/edgetts_henan_zh-CN-shaanxi-XiaoniNeural_SC-000147.wav,edgetts,henan,SC-000147,zh-CN-shaanxi-XiaoniNeural,0.0661,隐蔽(难检)
data/redteam/factory/edgetts/mandarin/edgetts_mandarin_zh-CN-YunyangNeural_SC-000318.wav,edgetts,mandarin,SC-000318,zh-CN-YunyangNeural,0.0661,隐蔽(难检)
data/redteam/factory/edgetts/minnan/edgetts_minnan_zh-TW-YunJheNeural_SC-001187.wav,edgetts,minnan,SC-001187,zh-TW-YunJheNeural,0.0661,隐蔽(难检)
data/redteam/factory/edgetts/cantonese/edgetts_cantonese_zh-HK-WanLungNeural_SC-001142.wav,edgetts,cantonese,SC-001142,zh-HK-WanLungNeural,0.0661,隐蔽(难检)
data/redteam/factory/sovits_api/mandarin/sovits_api_mandarin_ref_boot_edgetts_mandarin_zh-CN-YunjianNeural_SC-000007_seg8s_SC-000030.wav,sovits_api,mandarin,SC-000030,ref_boot_edgetts_mandarin_zh-CN-YunjianNeural_SC-000007_seg8s,0.0661,隐蔽(难检)
data/redteam/factory/edgetts/minnan/edgetts_minnan_zh-TW-YunJheNeural_SC-000015.wav,edgetts,minnan,SC-000015,zh-TW-YunJheNeural,0.0662,隐蔽(难检)
data/redteam/factory/edgetts/minnan/edgetts_minnan_zh-TW-YunJheNeural_SC-000207.wav,edgetts,minnan,SC-000207,zh-TW-YunJheNeural,0.0662,隐蔽(难检)
data/redteam/factory/edgetts/mandarin/edgetts_mandarin_zh-CN-XiaoxiaoNeural_SC-000181.wav,edgetts,mandarin,SC-000181,zh-CN-XiaoxiaoNeural,0.0662,隐蔽(难检)
data/redteam/factory/sovits_api/henan/sovits_api_henan_ref_boot_edgetts_henan_zh-CN-shaanxi-XiaoniNeural_SC-000009_seg8s_SC-000028.wav,sovits_api,henan,SC-000028,ref_boot_edgetts_henan_zh-CN-shaanxi-XiaoniNeural_SC-000009_seg8s,0.0662,隐蔽(难检)
data/redteam/factory/edgetts/mandarin/edgetts_mandarin_zh-CN-XiaoxiaoNeural_SC-000020.wav,edgetts,mandarin,SC-000020,zh-CN-XiaoxiaoNeural,0.0663,隐蔽(难检)
data/redteam/factory/edgetts/sichuan/edgetts_sichuan_zh-CN-XiaoxiaoNeural_SC-000020.wav,edgetts,sichuan,SC-000020,zh-CN-XiaoxiaoNeural,0.0663,隐蔽(难检)
data/redteam/factory/edgetts/dongbei/edgetts_dongbei_zh-CN-liaoning-XiaobeiNeural_SC-001236.wav,edgetts,dongbei,SC-001236,zh-CN-liaoning-XiaobeiNeural,0.0663,隐蔽(难检)
data/redteam/factory/edgetts/minnan/edgetts_minnan_zh-TW-YunJheNeural_SC-000940.wav,edgetts,minnan,SC-000940,zh-TW-YunJheNeural,0.0663,隐蔽(难检)
data/redteam/factory/edgetts/cantonese/edgetts_cantonese_zh-HK-WanLungNeural_SC-000495.wav,edgetts,cantonese,SC-000495,zh-HK-WanLungNeural,0.0663,隐蔽(难检)
data/redteam/factory/edgetts/sichuan/edgetts_sichuan_zh-CN-XiaoxiaoNeural_SC-000232.wav,edgetts,sichuan,SC-000232,zh-CN-XiaoxiaoNeural,0.0664,隐蔽(难检)
data/redteam/factory/edgetts/cantonese/edgetts_cantonese_zh-HK-WanLungNeural_SC-000103.wav,edgetts,cantonese,SC-000103,zh-HK-WanLungNeural,0.0664,隐蔽(难检)
data/redteam/factory/edgetts/mandarin/edgetts_mandarin_zh-CN-XiaoxiaoNeural_SC-000435.wav,edgetts,mandarin,SC-000435,zh-CN-XiaoxiaoNeural,0.0664,隐蔽(难检)
data/redteam/factory/edgetts/cantonese/edgetts_cantonese_zh-HK-WanLungNeural_SC-001080.wav,edgetts,cantonese,SC-001080,zh-HK-WanLungNeural,0.0664,隐蔽(难检)
data/redteam/factory/edgetts/dongbei/edgetts_dongbei_zh-CN-liaoning-XiaobeiNeural_SC-000003.wav,edgetts,dongbei,SC-000003,zh-CN-liaoning-XiaobeiNeural,0.0665,隐蔽(难检)
data/redteam/factory/edgetts/mandarin/edgetts_mandarin_zh-CN-YunxiNeural_SC-000267.wav,edgetts,mandarin,SC-000267,zh-CN-YunxiNeural,0.0665,隐蔽(难检)
data/redteam/factory/edgetts/henan/edgetts_henan_zh-CN-shaanxi-XiaoniNeural_SC-001076.wav,edgetts,henan,SC-001076,zh-CN-shaanxi-XiaoniNeural,0.0665,隐蔽(难检)
data/redteam/factory/edgetts/henan/edgetts_henan_zh-CN-shaanxi-XiaoniNeural_SC-000582.wav,edgetts,henan,SC-000582,zh-CN-shaanxi-XiaoniNeural,0.0665,隐蔽(难检)
data/redteam/factory/edgetts/sichuan/edgetts_sichuan_zh-CN-XiaoxiaoNeural_SC-000849.wav,edgetts,sichuan,SC-000849,zh-CN-XiaoxiaoNeural,0.0666,隐蔽(难检)
data/redteam/factory/edgetts/mandarin/edgetts_mandarin_zh-CN-YunxiNeural_SC-000216.wav,edgetts,mandarin,SC-000216,zh-CN-YunxiNeural,0.0667,隐蔽(难检)
data/redteam/factory/sovits_api/minnan/sovits_api_minnan_ref_boot_edgetts_minnan_zh-TW-HsiaoChenNeural_SC-000001_SC-000363.wav,sovits_api,minnan,SC-000363,ref_boot_edgetts_minnan_zh-TW-HsiaoChenNeural_SC-000001,0.0667,隐蔽(难检)
data/redteam/factory/edgetts/minnan/edgetts_minnan_zh-TW-YunJheNeural_SC-000966.wav,edgetts,minnan,SC-000966,zh-TW-YunJheNeural,0.0668,隐蔽(难检)
data/redteam/factory/edgetts/dongbei/edgetts_dongbei_zh-CN-liaoning-XiaobeiNeural_SC-001360.wav,edgetts,dongbei,SC-001360,zh-CN-liaoning-XiaobeiNeural,0.0668,隐蔽(难检)
data/redteam/factory/edgetts/cantonese/edgetts_cantonese_zh-HK-WanLungNeural_SC-001042.wav,edgetts,cantonese,SC-001042,zh-HK-WanLungNeural,0.0668,隐蔽(难检)
data/redteam/factory/edgetts/mandarin/edgetts_mandarin_zh-CN-XiaoxiaoNeural_SC-000400.wav,edgetts,mandarin,SC-000400,zh-CN-XiaoxiaoNeural,0.0669,隐蔽(难检)
data/redteam/factory/edgetts/sichuan/edgetts_sichuan_zh-CN-XiaoxiaoNeural_SC-000684.wav,edgetts,sichuan,SC-000684,zh-CN-XiaoxiaoNeural,0.0669,隐蔽(难检)
data/redteam/factory/edgetts/cantonese/edgetts_cantonese_zh-HK-WanLungNeural_SC-001135.wav,edgetts,cantonese,SC-001135,zh-HK-WanLungNeural,0.0669,隐蔽(难检)
data/redteam/factory/edgetts/minnan/edgetts_minnan_zh-TW-YunJheNeural_SC-001105.wav,edgetts,minnan,SC-001105,zh-TW-YunJheNeural,0.0671,隐蔽(难检)
data/redteam/factory/edgetts/henan/edgetts_henan_zh-CN-shaanxi-XiaoniNeural_SC-001325.wav,edgetts,henan,SC-001325,zh-CN-shaanxi-XiaoniNeural,0.0671,隐蔽(难检)
data/redteam/factory/edgetts/sichuan/edgetts_sichuan_zh-CN-YunxiNeural_SC-000315.wav,edgetts,sichuan,SC-000315,zh-CN-YunxiNeural,0.0672,隐蔽(难检)
data/redteam/factory/edgetts/mandarin/edgetts_mandarin_zh-CN-YunxiNeural_SC-000213.wav,edgetts,mandarin,SC-000213,zh-CN-YunxiNeural,0.0672,隐蔽(难检)
data/redteam/factory/edgetts/minnan/edgetts_minnan_zh-TW-HsiaoChenNeural_SC-001151.wav,edgetts,minnan,SC-001151,zh-TW-HsiaoChenNeural,0.0673,隐蔽(难检)
data/redteam/factory/edgetts/dongbei/edgetts_dongbei_zh-CN-liaoning-XiaobeiNeural_SC-001362.wav,edgetts,dongbei,SC-001362,zh-CN-liaoning-XiaobeiNeural,0.0673,隐蔽(难检)
data/redteam/factory/edgetts/mandarin/edgetts_mandarin_zh-CN-XiaoxiaoNeural_SC-000065.wav,edgetts,mandarin,SC-000065,zh-CN-XiaoxiaoNeural,0.0674,隐蔽(难检)
data/redteam/factory/edgetts/sichuan/edgetts_sichuan_zh-CN-YunxiNeural_SC-001234.wav,edgetts,sichuan,SC-001234,zh-CN-YunxiNeural,0.0674,隐蔽(难检)
data/redteam/factory/sovits_api/henan/sovits_api_henan_ref_boot_edgetts_henan_zh-CN-shaanxi-XiaoniNeural_SC-000009_seg8s_SC-000203.wav,sovits_api,henan,SC-000203,ref_boot_edgetts_henan_zh-CN-shaanxi-XiaoniNeural_SC-000009_seg8s,0.0674,隐蔽(难检)
data/redteam/factory/edgetts/mandarin/edgetts_mandarin_zh-CN-XiaoxiaoNeural_SC-000341.wav,edgetts,mandarin,SC-000341,zh-CN-XiaoxiaoNeural,0.0675,隐蔽(难检)
data/redteam/factory/sovits_api/mandarin/sovits_api_mandarin_ref_boot_edgetts_mandarin_zh-CN-YunxiNeural_SC-000007_seg8s_SC-000047.wav,sovits_api,mandarin,SC-000047,ref_boot_edgetts_mandarin_zh-CN-YunxiNeural_SC-000007_seg8s,0.0675,隐蔽(难检)
data/redteam/factory/sovits_api/mandarin/sovits_api_mandarin_ref_boot_edgetts_mandarin_zh-CN-YunxiNeural_SC-000007_seg8s_SC-000091.wav,sovits_api,mandarin,SC-000091,ref_boot_edgetts_mandarin_zh-CN-YunxiNeural_SC-000007_seg8s,0.0675,隐蔽(难检)
data/redteam/factory/sovits_api/sichuan/sovits_api_sichuan_ref_boot_edgetts_sichuan_zh-CN-XiaoxiaoNeural_SC-000010_SC-000211.wav,sovits_api,sichuan,SC-000211,ref_boot_edgetts_sichuan_zh-CN-XiaoxiaoNeural_SC-000010,0.0675,隐蔽(难检)
data/redteam/factory/edgetts/dongbei/edgetts_dongbei_zh-CN-liaoning-XiaobeiNeural_SC-001111.wav,edgetts,dongbei,SC-001111,zh-CN-liaoning-XiaobeiNeural,0.0676,隐蔽(难检)
data/redteam/factory/sovits_api/henan/sovits_api_henan_ref_boot_edgetts_henan_zh-CN-shaanxi-XiaoniNeural_SC-000009_seg8s_SC-000068.wav,sovits_api,henan,SC-000068,ref_boot_edgetts_henan_zh-CN-shaanxi-XiaoniNeural_SC-000009_seg8s,0.0676,隐蔽(难检)
data/redteam/factory/edgetts/mandarin/edgetts_mandarin_zh-CN-YunyangNeural_SC-000070.wav,edgetts,mandarin,SC-000070,zh-CN-YunyangNeural,0.0678,隐蔽(难检)
data/redteam/factory/edgetts/minnan/edgetts_minnan_zh-TW-HsiaoChenNeural_SC-000696.wav,edgetts,minnan,SC-000696,zh-TW-HsiaoChenNeural,0.0678,隐蔽(难检)
data/redteam/factory/edgetts/sichuan/edgetts_sichuan_zh-CN-YunxiNeural_SC-000317.wav,edgetts,sichuan,SC-000317,zh-CN-YunxiNeural,0.0678,隐蔽(难检)
data/redteam/factory/edgetts/minnan/edgetts_minnan_zh-TW-YunJheNeural_SC-000834.wav,edgetts,minnan,SC-000834,zh-TW-YunJheNeural,0.0679,隐蔽(难检)
data/redteam/factory/edgetts/cantonese/edgetts_cantonese_zh-HK-WanLungNeural_SC-001482.wav,edgetts,cantonese,SC-001482,zh-HK-WanLungNeural,0.0679,隐蔽(难检)
data/redteam/factory/sovits_api/mandarin/sovits_api_mandarin_ref_boot_edgetts_mandarin_zh-CN-YunxiNeural_SC-000007_seg8s_SC-000026.wav,sovits_api,mandarin,SC-000026,ref_boot_edgetts_mandarin_zh-CN-YunxiNeural_SC-000007_seg8s,0.0679,隐蔽(难检)
data/redteam/factory/sovits_api/cantonese/sovits_api_cantonese_ref_boot_edgetts_cantonese_zh-HK-HiuMaanNeural_SC-000005_seg8s_SC-000209.wav,sovits_api,cantonese,SC-000209,ref_boot_edgetts_cantonese_zh-HK-HiuMaanNeural_SC-000005_seg8s,0.0679,隐蔽(难检)
data/redteam/factory/edgetts/minnan/edgetts_minnan_zh-TW-HsiaoChenNeural_SC-000670.wav,edgetts,minnan,SC-000670,zh-TW-HsiaoChenNeural,0.0681,隐蔽(难检)
data/redteam/factory/edgetts/henan/edgetts_henan_zh-CN-shaanxi-XiaoniNeural_SC-000418.wav,edgetts,henan,SC-000418,zh-CN-shaanxi-XiaoniNeural,0.0682,隐蔽(难检)
data/redteam/factory/edgetts/dongbei/edgetts_dongbei_zh-CN-liaoning-XiaobeiNeural_SC-000439.wav,edgetts,dongbei,SC-000439,zh-CN-liaoning-XiaobeiNeural,0.0682,隐蔽(难检)
data/redteam/factory/sovits_api/mandarin/sovits_api_mandarin_ref_boot_edgetts_mandarin_zh-CN-XiaoxiaoNeural_SC-000007_seg8s_SC-000057.wav,sovits_api,mandarin,SC-000057,ref_boot_edgetts_mandarin_zh-CN-XiaoxiaoNeural_SC-000007_seg8s,0.0682,隐蔽(难检)
data/redteam/factory/edgetts/mandarin/edgetts_mandarin_zh-CN-YunyangNeural_SC-000004.wav,edgetts,mandarin,SC-000004,zh-CN-YunyangNeural,0.0683,隐蔽(难检)
data/redteam/factory/edgetts/mandarin/edgetts_mandarin_zh-CN-XiaoxiaoNeural_SC-000085.wav,edgetts,mandarin,SC-000085,zh-CN-XiaoxiaoNeural,0.0683,隐蔽(难检)
data/redteam/factory/edgetts/minnan/edgetts_minnan_zh-TW-YunJheNeural_SC-000339.wav,edgetts,minnan,SC-000339,zh-TW-YunJheNeural,0.0683,隐蔽(难检)
data/redteam/factory/sovits_api/dongbei/sovits_api_dongbei_ref_boot_edgetts_dongbei_zh-CN-liaoning-XiaobeiNeural_SC-000002_seg8s_SC-000032.wav,sovits_api,dongbei,SC-000032,ref_boot_edgetts_dongbei_zh-CN-liaoning-XiaobeiNeural_SC-000002_seg8s,0.0683,隐蔽(难检)
data/redteam/factory/edgetts/minnan/edgetts_minnan_zh-TW-YunJheNeural_SC-001242.wav,edgetts,minnan,SC-001242,zh-TW-YunJheNeural,0.0684,隐蔽(难检)
data/redteam/factory/edgetts/dongbei/edgetts_dongbei_zh-CN-liaoning-XiaobeiNeural_SC-001338.wav,edgetts,dongbei,SC-001338,zh-CN-liaoning-XiaobeiNeural,0.0684,隐蔽(难检)
data/redteam/factory/edgetts/dongbei/edgetts_dongbei_zh-CN-liaoning-XiaobeiNeural_SC-001124.wav,edgetts,dongbei,SC-001124,zh-CN-liaoning-XiaobeiNeural,0.0684,隐蔽(难检)
data/redteam/factory/edgetts/mandarin/edgetts_mandarin_zh-CN-XiaoxiaoNeural_SC-000007.wav,edgetts,mandarin,SC-000007,zh-CN-XiaoxiaoNeural,0.0685,隐蔽(难检)
data/redteam/factory/edgetts/sichuan/edgetts_sichuan_zh-CN-XiaoxiaoNeural_SC-000007.wav,edgetts,sichuan,SC-000007,zh-CN-XiaoxiaoNeural,0.0685,隐蔽(难检)
data/redteam/factory/sovits_api/mandarin/sovits_api_mandarin_ref_boot_edgetts_mandarin_zh-CN-YunjianNeural_SC-000007_seg8s_SC-000047.wav,sovits_api,mandarin,SC-000047,ref_boot_edgetts_mandarin_zh-CN-YunjianNeural_SC-000007_seg8s,0.0685,隐蔽(难检)
data/redteam/factory/sovits_api/dongbei/sovits_api_dongbei_ref_boot_edgetts_dongbei_zh-CN-liaoning-XiaobeiNeural_SC-000002_seg8s_SC-000078.wav,sovits_api,dongbei,SC-000078,ref_boot_edgetts_dongbei_zh-CN-liaoning-XiaobeiNeural_SC-000002_seg8s,0.0685,隐蔽(难检)
data/redteam/factory/edgetts/mandarin/edgetts_mandarin_zh-CN-YunyangNeural_SC-000335.wav,edgetts,mandarin,SC-000335,zh-CN-YunyangNeural,0.0686,隐蔽(难检)
data/redteam/factory/sovits_api/cantonese/sovits_api_cantonese_ref_boot_edgetts_cantonese_zh-HK-HiuMaanNeural_SC-000005_seg8s_SC-000142.wav,sovits_api,cantonese,SC-000142,ref_boot_edgetts_cantonese_zh-HK-HiuMaanNeural_SC-000005_seg8s,0.0686,隐蔽(难检)
data/redteam/factory/sovits_api/cantonese/sovits_api_cantonese_ref_boot_edgetts_cantonese_zh-HK-HiuMaanNeural_SC-000005_seg8s_SC-000296.wav,sovits_api,cantonese,SC-000296,ref_boot_edgetts_cantonese_zh-HK-HiuMaanNeural_SC-000005_seg8s,0.0686,隐蔽(难检)
data/redteam/factory/edgetts/mandarin/edgetts_mandarin_zh-CN-XiaoxiaoNeural_SC-000022.wav,edgetts,mandarin,SC-000022,zh-CN-XiaoxiaoNeural,0.0688,隐蔽(难检)
data/redteam/factory/edgetts/sichuan/edgetts_sichuan_zh-CN-XiaoxiaoNeural_SC-000022.wav,edgetts,sichuan,SC-000022,zh-CN-XiaoxiaoNeural,0.0688,隐蔽(难检)
data/redteam/factory/edgetts/mandarin/edgetts_mandarin_zh-CN-YunyangNeural_SC-000164.wav,edgetts,mandarin,SC-000164,zh-CN-YunyangNeural,0.0688,隐蔽(难检)
data/redteam/factory/edgetts/mandarin/edgetts_mandarin_zh-CN-XiaoxiaoNeural_SC-000151.wav,edgetts,mandarin,SC-000151,zh-CN-XiaoxiaoNeural,0.0688,隐蔽(难检)
data/redteam/factory/edgetts/sichuan/edgetts_sichuan_zh-CN-XiaoxiaoNeural_SC-000659.wav,edgetts,sichuan,SC-000659,zh-CN-XiaoxiaoNeural,0.0688,隐蔽(难检)
data/redteam/factory/edgetts/mandarin/edgetts_mandarin_zh-CN-YunxiNeural_SC-000433.wav,edgetts,mandarin,SC-000433,zh-CN-YunxiNeural,0.0688,隐蔽(难检)
data/redteam/factory/edgetts/sichuan/edgetts_sichuan_zh-CN-XiaoxiaoNeural_SC-000375.wav,edgetts,sichuan,SC-000375,zh-CN-XiaoxiaoNeural,0.0688,隐蔽(难检)
data/redteam/factory/edgetts/sichuan/edgetts_sichuan_zh-CN-XiaoxiaoNeural_SC-000481.wav,edgetts,sichuan,SC-000481,zh-CN-XiaoxiaoNeural,0.0689,隐蔽(难检)
data/redteam/factory/sovits_api/minnan/sovits_api_minnan_ref_boot_edgetts_minnan_zh-TW-HsiaoChenNeural_SC-000001_SC-000059.wav,sovits_api,minnan,SC-000059,ref_boot_edgetts_minnan_zh-TW-HsiaoChenNeural_SC-000001,0.0689,隐蔽(难检)
data/redteam/factory/sovits_api/cantonese/sovits_api_cantonese_ref_boot_edgetts_cantonese_zh-HK-HiuMaanNeural_SC-000005_seg8s_SC-000103.wav,sovits_api,cantonese,SC-000103,ref_boot_edgetts_cantonese_zh-HK-HiuMaanNeural_SC-000005_seg8s,0.0689,隐蔽(难检)
data/redteam/factory/edgetts/henan/edgetts_henan_zh-CN-shaanxi-XiaoniNeural_SC-001081.wav,edgetts,henan,SC-001081,zh-CN-shaanxi-XiaoniNeural,0.069,隐蔽(难检)
data/redteam/factory/edgetts/sichuan/edgetts_sichuan_zh-CN-YunxiNeural_SC-000894.wav,edgetts,sichuan,SC-000894,zh-CN-YunxiNeural,0.069,隐蔽(难检)
data/redteam/factory/edgetts/minnan/edgetts_minnan_zh-TW-YunJheNeural_SC-001439.wav,edgetts,minnan,SC-001439,zh-TW-YunJheNeural,0.069,隐蔽(难检)
data/redteam/factory/edgetts/henan/edgetts_henan_zh-CN-shaanxi-XiaoniNeural_SC-001197.wav,edgetts,henan,SC-001197,zh-CN-shaanxi-XiaoniNeural,0.069,隐蔽(难检)
data/redteam/factory/sovits_api/cantonese/sovits_api_cantonese_ref_boot_edgetts_cantonese_zh-HK-HiuMaanNeural_SC-000005_seg8s_SC-000239.wav,sovits_api,cantonese,SC-000239,ref_boot_edgetts_cantonese_zh-HK-HiuMaanNeural_SC-000005_seg8s,0.069,隐蔽(难检)
data/redteam/factory/edgetts/henan/edgetts_henan_zh-CN-shaanxi-XiaoniNeural_SC-000932.wav,edgetts,henan,SC-000932,zh-CN-shaanxi-XiaoniNeural,0.0692,隐蔽(难检)
data/redteam/factory/edgetts/minnan/edgetts_minnan_zh-TW-YunJheNeural_SC-000367.wav,edgetts,minnan,SC-000367,zh-TW-YunJheNeural,0.0693,隐蔽(难检)
data/redteam/factory/edgetts/mandarin/edgetts_mandarin_zh-CN-YunxiNeural_SC-000301.wav,edgetts,mandarin,SC-000301,zh-CN-YunxiNeural,0.0693,隐蔽(难检)
data/redteam/factory/edgetts/mandarin/edgetts_mandarin_zh-CN-XiaoxiaoNeural_SC-000132.wav,edgetts,mandarin,SC-000132,zh-CN-XiaoxiaoNeural,0.0694,隐蔽(难检)
data/redteam/factory/edgetts/dongbei/edgetts_dongbei_zh-CN-liaoning-XiaobeiNeural_SC-001426.wav,edgetts,dongbei,SC-001426,zh-CN-liaoning-XiaobeiNeural,0.0694,隐蔽(难检)
data/redteam/factory/edgetts/sichuan/edgetts_sichuan_zh-CN-XiaoxiaoNeural_SC-000785.wav,edgetts,sichuan,SC-000785,zh-CN-XiaoxiaoNeural,0.0695,隐蔽(难检)
data/redteam/factory/edgetts/sichuan/edgetts_sichuan_zh-CN-YunxiNeural_SC-001396.wav,edgetts,sichuan,SC-001396,zh-CN-YunxiNeural,0.0695,隐蔽(难检)
data/redteam/factory/edgetts/dongbei/edgetts_dongbei_zh-CN-liaoning-XiaobeiNeural_SC-000477.wav,edgetts,dongbei,SC-000477,zh-CN-liaoning-XiaobeiNeural,0.0695,隐蔽(难检)
data/redteam/factory/edgetts/cantonese/edgetts_cantonese_zh-HK-HiuMaanNeural_SC-000017.wav,edgetts,cantonese,SC-000017,zh-HK-HiuMaanNeural,0.0699,隐蔽(难检)
data/redteam/factory/edgetts/minnan/edgetts_minnan_zh-TW-HsiaoChenNeural_SC-000791.wav,edgetts,minnan,SC-000791,zh-TW-HsiaoChenNeural,0.0699,隐蔽(难检)
data/redteam/factory/edgetts/mandarin/edgetts_mandarin_zh-CN-XiaoxiaoNeural_SC-000163.wav,edgetts,mandarin,SC-000163,zh-CN-XiaoxiaoNeural,0.0699,隐蔽(难检)
data/redteam/factory/sovits_api/mandarin/sovits_api_mandarin_ref_boot_edgetts_mandarin_zh-CN-YunjianNeural_SC-000007_seg8s_SC-000074.wav,sovits_api,mandarin,SC-000074,ref_boot_edgetts_mandarin_zh-CN-YunjianNeural_SC-000007_seg8s,0.0699,隐蔽(难检)
data/redteam/factory/sovits_api/henan/sovits_api_henan_ref_boot_edgetts_henan_zh-CN-shaanxi-XiaoniNeural_SC-000009_seg8s_SC-000067.wav,sovits_api,henan,SC-000067,ref_boot_edgetts_henan_zh-CN-shaanxi-XiaoniNeural_SC-000009_seg8s,0.0699,隐蔽(难检)
data/redteam/factory/edgetts/minnan/edgetts_minnan_zh-TW-HsiaoChenNeural_SC-000022.wav,edgetts,minnan,SC-000022,zh-TW-HsiaoChenNeural,0.07,隐蔽(难检)
data/redteam/factory/edgetts/henan/edgetts_henan_zh-CN-shaanxi-XiaoniNeural_SC-001410.wav,edgetts,henan,SC-001410,zh-CN-shaanxi-XiaoniNeural,0.07,隐蔽(难检)
data/redteam/factory/edgetts/minnan/edgetts_minnan_zh-TW-HsiaoChenNeural_SC-001619.wav,edgetts,minnan,SC-001619,zh-TW-HsiaoChenNeural,0.07,隐蔽(难检)
data/redteam/factory/edgetts/sichuan/edgetts_sichuan_zh-CN-XiaoxiaoNeural_SC-001210.wav,edgetts,sichuan,SC-001210,zh-CN-XiaoxiaoNeural,0.07,隐蔽(难检)
data/redteam/factory/edgetts/minnan/edgetts_minnan_zh-TW-YunJheNeural_SC-001010.wav,edgetts,minnan,SC-001010,zh-TW-YunJheNeural,0.07,隐蔽(难检)
data/redteam/factory/edgetts/cantonese/edgetts_cantonese_zh-HK-WanLungNeural_SC-001304.wav,edgetts,cantonese,SC-001304,zh-HK-WanLungNeural,0.0701,隐蔽(难检)
data/redteam/factory/edgetts/mandarin/edgetts_mandarin_zh-CN-YunxiNeural_SC-000168.wav,edgetts,mandarin,SC-000168,zh-CN-YunxiNeural,0.0701,隐蔽(难检)
data/redteam/factory/edgetts/minnan/edgetts_minnan_zh-TW-HsiaoChenNeural_SC-001098.wav,edgetts,minnan,SC-001098,zh-TW-HsiaoChenNeural,0.0701,隐蔽(难检)
data/redteam/factory/sovits_api/mandarin/sovits_api_mandarin_ref_boot_edgetts_mandarin_zh-CN-XiaoxiaoNeural_SC-000007_seg8s_SC-000026.wav,sovits_api,mandarin,SC-000026,ref_boot_edgetts_mandarin_zh-CN-XiaoxiaoNeural_SC-000007_seg8s,0.0701,隐蔽(难检)
data/redteam/factory/edgetts/mandarin/edgetts_mandarin_zh-CN-YunyangNeural_SC-000015.wav,edgetts,mandarin,SC-000015,zh-CN-YunyangNeural,0.0703,隐蔽(难检)
data/redteam/factory/edgetts/cantonese/edgetts_cantonese_zh-HK-WanLungNeural_SC-000580.wav,edgetts,cantonese,SC-000580,zh-HK-WanLungNeural,0.0703,隐蔽(难检)
data/redteam/factory/sovits_api/sichuan/sovits_api_sichuan_ref_boot_edgetts_sichuan_zh-CN-YunxiNeural_SC-000010_SC-000115.wav,sovits_api,sichuan,SC-000115,ref_boot_edgetts_sichuan_zh-CN-YunxiNeural_SC-000010,0.0703,隐蔽(难检)
data/redteam/factory/sovits_api/sichuan/sovits_api_sichuan_ref_boot_edgetts_sichuan_zh-CN-YunxiNeural_SC-000010_SC-000188.wav,sovits_api,sichuan,SC-000188,ref_boot_edgetts_sichuan_zh-CN-YunxiNeural_SC-000010,0.0704,隐蔽(难检)
data/redteam/factory/sovits_api/sichuan/sovits_api_sichuan_ref_boot_edgetts_sichuan_zh-CN-YunxiNeural_SC-000010_SC-000205.wav,sovits_api,sichuan,SC-000205,ref_boot_edgetts_sichuan_zh-CN-YunxiNeural_SC-000010,0.0704,隐蔽(难检)
data/redteam/factory/edgetts/minnan/edgetts_minnan_zh-TW-HsiaoChenNeural_SC-000532.wav,edgetts,minnan,SC-000532,zh-TW-HsiaoChenNeural,0.0705,隐蔽(难检)
data/redteam/factory/edgetts/minnan/edgetts_minnan_zh-TW-HsiaoChenNeural_SC-001049.wav,edgetts,minnan,SC-001049,zh-TW-HsiaoChenNeural,0.0705,隐蔽(难检)
data/redteam/factory/edgetts/dongbei/edgetts_dongbei_zh-CN-liaoning-XiaobeiNeural_SC-000407.wav,edgetts,dongbei,SC-000407,zh-CN-liaoning-XiaobeiNeural,0.0706,隐蔽(难检)
data/redteam/factory/edgetts/dongbei/edgetts_dongbei_zh-CN-liaoning-XiaobeiNeural_SC-000438.wav,edgetts,dongbei,SC-000438,zh-CN-liaoning-XiaobeiNeural,0.0706,隐蔽(难检)
data/redteam/factory/edgetts/sichuan/edgetts_sichuan_zh-CN-YunxiNeural_SC-001150.wav,edgetts,sichuan,SC-001150,zh-CN-YunxiNeural,0.0707,隐蔽(难检)
data/redteam/factory/edgetts/minnan/edgetts_minnan_zh-TW-YunJheNeural_SC-001240.wav,edgetts,minnan,SC-001240,zh-TW-YunJheNeural,0.0708,隐蔽(难检)
data/redteam/factory/edgetts/mandarin/edgetts_mandarin_zh-CN-XiaoxiaoNeural_SC-000483.wav,edgetts,mandarin,SC-000483,zh-CN-XiaoxiaoNeural,0.0708,隐蔽(难检)
data/redteam/factory/sovits_api/mandarin/sovits_api_mandarin_ref_boot_edgetts_mandarin_zh-CN-XiaoxiaoNeural_SC-000007_seg8s_SC-000092.wav,sovits_api,mandarin,SC-000092,ref_boot_edgetts_mandarin_zh-CN-XiaoxiaoNeural_SC-000007_seg8s,0.0708,隐蔽(难检)
data/redteam/factory/edgetts/mandarin/edgetts_mandarin_zh-CN-XiaoxiaoNeural_SC-000253.wav,edgetts,mandarin,SC-000253,zh-CN-XiaoxiaoNeural,0.0709,隐蔽(难检)
data/redteam/factory/edgetts/sichuan/edgetts_sichuan_zh-CN-XiaoxiaoNeural_SC-001138.wav,edgetts,sichuan,SC-001138,zh-CN-XiaoxiaoNeural,0.0709,隐蔽(难检)
data/redteam/factory/edgetts/mandarin/edgetts_mandarin_zh-CN-YunyangNeural_SC-000216.wav,edgetts,mandarin,SC-000216,zh-CN-YunyangNeural,0.0709,隐蔽(难检)
data/redteam/factory/edgetts/henan/edgetts_henan_zh-CN-shaanxi-XiaoniNeural_SC-001515.wav,edgetts,henan,SC-001515,zh-CN-shaanxi-XiaoniNeural,0.0709,隐蔽(难检)
data/redteam/factory/sovits_api/sichuan/sovits_api_sichuan_ref_boot_edgetts_sichuan_zh-CN-YunxiNeural_SC-000010_SC-000165.wav,sovits_api,sichuan,SC-000165,ref_boot_edgetts_sichuan_zh-CN-YunxiNeural_SC-000010,0.071,隐蔽(难检)
data/redteam/factory/sovits_api/henan/sovits_api_henan_ref_boot_edgetts_henan_zh-CN-shaanxi-XiaoniNeural_SC-000009_seg8s_SC-000101.wav,sovits_api,henan,SC-000101,ref_boot_edgetts_henan_zh-CN-shaanxi-XiaoniNeural_SC-000009_seg8s,0.071,隐蔽(难检)
data/redteam/factory/edgetts/minnan/edgetts_minnan_zh-TW-YunJheNeural_SC-000005.wav,edgetts,minnan,SC-000005,zh-TW-YunJheNeural,0.0711,隐蔽(难检)
data/redteam/factory/edgetts/minnan/edgetts_minnan_zh-TW-YunJheNeural_SC-000017.wav,edgetts,minnan,SC-000017,zh-TW-YunJheNeural,0.0711,隐蔽(难检)
data/redteam/factory/sovits_api/henan/sovits_api_henan_ref_boot_edgetts_henan_zh-CN-shaanxi-XiaoniNeural_SC-000009_seg8s_SC-000183.wav,sovits_api,henan,SC-000183,ref_boot_edgetts_henan_zh-CN-shaanxi-XiaoniNeural_SC-000009_seg8s,0.0711,隐蔽(难检)
data/redteam/factory/edgetts/sichuan/edgetts_sichuan_zh-CN-YunxiNeural_SC-000205.wav,edgetts,sichuan,SC-000205,zh-CN-YunxiNeural,0.0712,隐蔽(难检)
data/redteam/factory/edgetts/mandarin/edgetts_mandarin_zh-CN-XiaoxiaoNeural_SC-000462.wav,edgetts,mandarin,SC-000462,zh-CN-XiaoxiaoNeural,0.0713,隐蔽(难检)
data/redteam/factory/edgetts/minnan/edgetts_minnan_zh-TW-YunJheNeural_SC-000936.wav,edgetts,minnan,SC-000936,zh-TW-YunJheNeural,0.0713,隐蔽(难检)
data/redteam/factory/edgetts/minnan/edgetts_minnan_zh-TW-HsiaoChenNeural_SC-001084.wav,edgetts,minnan,SC-001084,zh-TW-HsiaoChenNeural,0.0714,隐蔽(难检)
data/redteam/factory/edgetts/minnan/edgetts_minnan_zh-TW-YunJheNeural_SC-001441.wav,edgetts,minnan,SC-001441,zh-TW-YunJheNeural,0.0714,隐蔽(难检)
data/redteam/factory/sovits_api/cantonese/sovits_api_cantonese_ref_boot_edgetts_cantonese_zh-HK-WanLungNeural_SC-000005_seg8s_SC-000246.wav,sovits_api,cantonese,SC-000246,ref_boot_edgetts_cantonese_zh-HK-WanLungNeural_SC-000005_seg8s,0.0714,隐蔽(难检)
data/redteam/factory/sovits_api/henan/sovits_api_henan_ref_boot_edgetts_henan_zh-CN-shaanxi-XiaoniNeural_SC-000009_seg8s_SC-000139.wav,sovits_api,henan,SC-000139,ref_boot_edgetts_henan_zh-CN-shaanxi-XiaoniNeural_SC-000009_seg8s,0.0714,隐蔽(难检)
data/redteam/factory/edgetts/henan/edgetts_henan_zh-CN-shaanxi-XiaoniNeural_SC-000016.wav,edgetts,henan,SC-000016,zh-CN-shaanxi-XiaoniNeural,0.0715,隐蔽(难检)
data/redteam/factory/edgetts/mandarin/edgetts_mandarin_zh-CN-YunyangNeural_SC-000396.wav,edgetts,mandarin,SC-000396,zh-CN-YunyangNeural,0.0715,隐蔽(难检)
data/redteam/factory/edgetts/henan/edgetts_henan_zh-CN-shaanxi-XiaoniNeural_SC-000826.wav,edgetts,henan,SC-000826,zh-CN-shaanxi-XiaoniNeural,0.0715,隐蔽(难检)
data/redteam/factory/sovits_api/mandarin/sovits_api_mandarin_ref_boot_edgetts_mandarin_zh-CN-YunxiNeural_SC-000007_seg8s_SC-000030.wav,sovits_api,mandarin,SC-000030,ref_boot_edgetts_mandarin_zh-CN-YunxiNeural_SC-000007_seg8s,0.0715,隐蔽(难检)
data/redteam/factory/sovits_api/minnan/sovits_api_minnan_ref_boot_edgetts_minnan_zh-TW-YunJheNeural_SC-000001_SC-000080.wav,sovits_api,minnan,SC-000080,ref_boot_edgetts_minnan_zh-TW-YunJheNeural_SC-000001,0.0715,隐蔽(难检)
data/redteam/factory/edgetts/mandarin/edgetts_mandarin_zh-CN-YunxiNeural_SC-000253.wav,edgetts,mandarin,SC-000253,zh-CN-YunxiNeural,0.0717,隐蔽(难检)
data/redteam/factory/edgetts/henan/edgetts_henan_zh-CN-shaanxi-XiaoniNeural_SC-000521.wav,edgetts,henan,SC-000521,zh-CN-shaanxi-XiaoniNeural,0.0717,隐蔽(难检)
data/redteam/factory/edgetts/minnan/edgetts_minnan_zh-TW-YunJheNeural_SC-000025.wav,edgetts,minnan,SC-000025,zh-TW-YunJheNeural,0.0718,隐蔽(难检)
data/redteam/factory/edgetts/cantonese/edgetts_cantonese_zh-HK-WanLungNeural_SC-000508.wav,edgetts,cantonese,SC-000508,zh-HK-WanLungNeural,0.0718,隐蔽(难检)
data/redteam/factory/edgetts/minnan/edgetts_minnan_zh-TW-HsiaoChenNeural_SC-000466.wav,edgetts,minnan,SC-000466,zh-TW-HsiaoChenNeural,0.0719,隐蔽(难检)
data/redteam/factory/edgetts/dongbei/edgetts_dongbei_zh-CN-liaoning-XiaobeiNeural_SC-001469.wav,edgetts,dongbei,SC-001469,zh-CN-liaoning-XiaobeiNeural,0.072,隐蔽(难检)
data/redteam/factory/edgetts/dongbei/edgetts_dongbei_zh-CN-liaoning-XiaobeiNeural_SC-001305.wav,edgetts,dongbei,SC-001305,zh-CN-liaoning-XiaobeiNeural,0.072,隐蔽(难检)
data/redteam/factory/edgetts/minnan/edgetts_minnan_zh-TW-YunJheNeural_SC-000029.wav,edgetts,minnan,SC-000029,zh-TW-YunJheNeural,0.0721,隐蔽(难检)
data/redteam/factory/edgetts/cantonese/edgetts_cantonese_zh-HK-WanLungNeural_SC-000197.wav,edgetts,cantonese,SC-000197,zh-HK-WanLungNeural,0.0721,隐蔽(难检)
data/redteam/factory/edgetts/mandarin/edgetts_mandarin_zh-CN-YunyangNeural_SC-000310.wav,edgetts,mandarin,SC-000310,zh-CN-YunyangNeural,0.0721,隐蔽(难检)
data/redteam/factory/sovits_api/minnan/sovits_api_minnan_ref_boot_edgetts_minnan_zh-TW-YunJheNeural_SC-000001_SC-000323.wav,sovits_api,minnan,SC-000323,ref_boot_edgetts_minnan_zh-TW-YunJheNeural_SC-000001,0.0721,隐蔽(难检)
data/redteam/factory/edgetts/sichuan/edgetts_sichuan_zh-CN-YunxiNeural_SC-000188.wav,edgetts,sichuan,SC-000188,zh-CN-YunxiNeural,0.0722,隐蔽(难检)
data/redteam/factory/edgetts/cantonese/edgetts_cantonese_zh-HK-WanLungNeural_SC-001456.wav,edgetts,cantonese,SC-001456,zh-HK-WanLungNeural,0.0722,隐蔽(难检)
data/redteam/factory/edgetts/sichuan/edgetts_sichuan_zh-CN-XiaoxiaoNeural_SC-000799.wav,edgetts,sichuan,SC-000799,zh-CN-XiaoxiaoNeural,0.0723,隐蔽(难检)
data/redteam/factory/edgetts/mandarin/edgetts_mandarin_zh-CN-YunxiNeural_SC-000382.wav,edgetts,mandarin,SC-000382,zh-CN-YunxiNeural,0.0723,隐蔽(难检)
data/redteam/factory/edgetts/mandarin/edgetts_mandarin_zh-CN-YunjianNeural_SC-000090.wav,edgetts,mandarin,SC-000090,zh-CN-YunjianNeural,0.0724,隐蔽(难检)
data/redteam/factory/edgetts/cantonese/edgetts_cantonese_zh-HK-WanLungNeural_SC-000052.wav,edgetts,cantonese,SC-000052,zh-HK-WanLungNeural,0.0724,隐蔽(难检)
data/redteam/factory/edgetts/minnan/edgetts_minnan_zh-TW-YunJheNeural_SC-001112.wav,edgetts,minnan,SC-001112,zh-TW-YunJheNeural,0.0724,隐蔽(难检)
data/redteam/factory/edgetts/mandarin/edgetts_mandarin_zh-CN-YunyangNeural_SC-000450.wav,edgetts,mandarin,SC-000450,zh-CN-YunyangNeural,0.0724,隐蔽(难检)
data/redteam/factory/edgetts/sichuan/edgetts_sichuan_zh-CN-YunxiNeural_SC-000271.wav,edgetts,sichuan,SC-000271,zh-CN-YunxiNeural,0.0725,隐蔽(难检)
data/redteam/factory/edgetts/mandarin/edgetts_mandarin_zh-CN-YunjianNeural_SC-000265.wav,edgetts,mandarin,SC-000265,zh-CN-YunjianNeural,0.0725,隐蔽(难检)
data/redteam/factory/edgetts/mandarin/edgetts_mandarin_zh-CN-XiaoxiaoNeural_SC-000340.wav,edgetts,mandarin,SC-000340,zh-CN-XiaoxiaoNeural,0.0725,隐蔽(难检)
data/redteam/factory/edgetts/cantonese/edgetts_cantonese_zh-HK-WanLungNeural_SC-001461.wav,edgetts,cantonese,SC-001461,zh-HK-WanLungNeural,0.0726,隐蔽(难检)
data/redteam/factory/edgetts/minnan/edgetts_minnan_zh-TW-YunJheNeural_SC-000059.wav,edgetts,minnan,SC-000059,zh-TW-YunJheNeural,0.0727,隐蔽(难检)
data/redteam/factory/edgetts/mandarin/edgetts_mandarin_zh-CN-YunyangNeural_SC-000437.wav,edgetts,mandarin,SC-000437,zh-CN-YunyangNeural,0.0727,隐蔽(难检)
data/redteam/factory/edgetts/minnan/edgetts_minnan_zh-TW-HsiaoChenNeural_SC-000539.wav,edgetts,minnan,SC-000539,zh-TW-HsiaoChenNeural,0.0727,隐蔽(难检)
data/redteam/factory/sovits_api/henan/sovits_api_henan_ref_boot_edgetts_henan_zh-CN-shaanxi-XiaoniNeural_SC-000009_seg8s_SC-000240.wav,sovits_api,henan,SC-000240,ref_boot_edgetts_henan_zh-CN-shaanxi-XiaoniNeural_SC-000009_seg8s,0.0727,隐蔽(难检)
data/redteam/factory/edgetts/mandarin/edgetts_mandarin_zh-CN-YunyangNeural_SC-000336.wav,edgetts,mandarin,SC-000336,zh-CN-YunyangNeural,0.0728,隐蔽(难检)
data/redteam/factory/sovits_api/minnan/sovits_api_minnan_ref_boot_edgetts_minnan_zh-TW-HsiaoChenNeural_SC-000001_SC-000192.wav,sovits_api,minnan,SC-000192,ref_boot_edgetts_minnan_zh-TW-HsiaoChenNeural_SC-000001,0.0728,隐蔽(难检)
data/redteam/factory/edgetts/henan/edgetts_henan_zh-CN-shaanxi-XiaoniNeural_SC-001485.wav,edgetts,henan,SC-001485,zh-CN-shaanxi-XiaoniNeural,0.0729,隐蔽(难检)
data/redteam/factory/edgetts/cantonese/edgetts_cantonese_zh-HK-WanLungNeural_SC-000689.wav,edgetts,cantonese,SC-000689,zh-HK-WanLungNeural,0.0729,隐蔽(难检)
data/redteam/factory/edgetts/sichuan/edgetts_sichuan_zh-CN-XiaoxiaoNeural_SC-001002.wav,edgetts,sichuan,SC-001002,zh-CN-XiaoxiaoNeural,0.073,隐蔽(难检)
data/redteam/factory/sovits_api/cantonese/sovits_api_cantonese_ref_boot_edgetts_cantonese_zh-HK-HiuMaanNeural_SC-000005_seg8s_SC-000247.wav,sovits_api,cantonese,SC-000247,ref_boot_edgetts_cantonese_zh-HK-HiuMaanNeural_SC-000005_seg8s,0.073,隐蔽(难检)
data/redteam/factory/edgetts/dongbei/edgetts_dongbei_zh-CN-liaoning-XiaobeiNeural_SC-000640.wav,edgetts,dongbei,SC-000640,zh-CN-liaoning-XiaobeiNeural,0.0732,隐蔽(难检)
data/redteam/factory/edgetts/mandarin/edgetts_mandarin_zh-CN-YunyangNeural_SC-000357.wav,edgetts,mandarin,SC-000357,zh-CN-YunyangNeural,0.0732,隐蔽(难检)
data/redteam/factory/edgetts/sichuan/edgetts_sichuan_zh-CN-YunxiNeural_SC-000249.wav,edgetts,sichuan,SC-000249,zh-CN-YunxiNeural,0.0733,隐蔽(难检)
data/redteam/factory/sovits_api/cantonese/sovits_api_cantonese_ref_boot_edgetts_cantonese_zh-HK-HiuMaanNeural_SC-000005_seg8s_SC-000246.wav,sovits_api,cantonese,SC-000246,ref_boot_edgetts_cantonese_zh-HK-HiuMaanNeural_SC-000005_seg8s,0.0733,隐蔽(难检)
data/redteam/factory/edgetts/cantonese/edgetts_cantonese_zh-HK-WanLungNeural_SC-001467.wav,edgetts,cantonese,SC-001467,zh-HK-WanLungNeural,0.0734,隐蔽(难检)
data/redteam/factory/edgetts/henan/edgetts_henan_zh-CN-shaanxi-XiaoniNeural_SC-000795.wav,edgetts,henan,SC-000795,zh-CN-shaanxi-XiaoniNeural,0.0734,隐蔽(难检)
data/redteam/factory/edgetts/mandarin/edgetts_mandarin_zh-CN-YunyangNeural_SC-000514.wav,edgetts,mandarin,SC-000514,zh-CN-YunyangNeural,0.0734,隐蔽(难检)
data/redteam/factory/sovits_api/sichuan/sovits_api_sichuan_ref_boot_edgetts_sichuan_zh-CN-XiaoxiaoNeural_SC-000010_SC-000268.wav,sovits_api,sichuan,SC-000268,ref_boot_edgetts_sichuan_zh-CN-XiaoxiaoNeural_SC-000010,0.0734,隐蔽(难检)
data/redteam/factory/edgetts/minnan/edgetts_minnan_zh-TW-HsiaoChenNeural_SC-000836.wav,edgetts,minnan,SC-000836,zh-TW-HsiaoChenNeural,0.0735,隐蔽(难检)
data/redteam/factory/edgetts/minnan/edgetts_minnan_zh-TW-HsiaoChenNeural_SC-000016.wav,edgetts,minnan,SC-000016,zh-TW-HsiaoChenNeural,0.0736,隐蔽(难检)
data/redteam/factory/edgetts/mandarin/edgetts_mandarin_zh-CN-XiaoxiaoNeural_SC-000114.wav,edgetts,mandarin,SC-000114,zh-CN-XiaoxiaoNeural,0.0736,隐蔽(难检)
data/redteam/factory/edgetts/mandarin/edgetts_mandarin_zh-CN-YunjianNeural_SC-000314.wav,edgetts,mandarin,SC-000314,zh-CN-YunjianNeural,0.0736,隐蔽(难检)
data/redteam/factory/sovits_api/sichuan/sovits_api_sichuan_ref_boot_edgetts_sichuan_zh-CN-XiaoxiaoNeural_SC-000010_SC-000252.wav,sovits_api,sichuan,SC-000252,ref_boot_edgetts_sichuan_zh-CN-XiaoxiaoNeural_SC-000010,0.0738,隐蔽(难检)
data/redteam/factory/edgetts/cantonese/edgetts_cantonese_zh-HK-WanLungNeural_SC-001152.wav,edgetts,cantonese,SC-001152,zh-HK-WanLungNeural,0.0739,隐蔽(难检)
data/redteam/factory/edgetts/minnan/edgetts_minnan_zh-TW-HsiaoChenNeural_SC-001258.wav,edgetts,minnan,SC-001258,zh-TW-HsiaoChenNeural,0.0739,隐蔽(难检)
data/redteam/factory/edgetts/sichuan/edgetts_sichuan_zh-CN-YunxiNeural_SC-001474.wav,edgetts,sichuan,SC-001474,zh-CN-YunxiNeural,0.0739,隐蔽(难检)
data/redteam/factory/edgetts/mandarin/edgetts_mandarin_zh-CN-XiaoxiaoNeural_SC-000378.wav,edgetts,mandarin,SC-000378,zh-CN-XiaoxiaoNeural,0.0739,隐蔽(难检)
data/redteam/factory/edgetts/minnan/edgetts_minnan_zh-TW-YunJheNeural_SC-000080.wav,edgetts,minnan,SC-000080,zh-TW-YunJheNeural,0.074,隐蔽(难检)
data/redteam/factory/edgetts/minnan/edgetts_minnan_zh-TW-YunJheNeural_SC-000551.wav,edgetts,minnan,SC-000551,zh-TW-YunJheNeural,0.074,隐蔽(难检)
data/redteam/factory/sovits_api/sichuan/sovits_api_sichuan_ref_boot_edgetts_sichuan_zh-CN-XiaoxiaoNeural_SC-000010_SC-000278.wav,sovits_api,sichuan,SC-000278,ref_boot_edgetts_sichuan_zh-CN-XiaoxiaoNeural_SC-000010,0.074,隐蔽(难检)
data/redteam/factory/edgetts/mandarin/edgetts_mandarin_zh-CN-YunxiNeural_SC-000201.wav,edgetts,mandarin,SC-000201,zh-CN-YunxiNeural,0.0741,隐蔽(难检)
data/redteam/factory/edgetts/minnan/edgetts_minnan_zh-TW-YunJheNeural_SC-000881.wav,edgetts,minnan,SC-000881,zh-TW-YunJheNeural,0.0741,隐蔽(难检)
data/redteam/factory/edgetts/mandarin/edgetts_mandarin_zh-CN-YunxiNeural_SC-000022.wav,edgetts,mandarin,SC-000022,zh-CN-YunxiNeural,0.0742,隐蔽(难检)
data/redteam/factory/edgetts/sichuan/edgetts_sichuan_zh-CN-YunxiNeural_SC-000022.wav,edgetts,sichuan,SC-000022,zh-CN-YunxiNeural,0.0742,隐蔽(难检)
data/redteam/factory/edgetts/minnan/edgetts_minnan_zh-TW-YunJheNeural_SC-000392.wav,edgetts,minnan,SC-000392,zh-TW-YunJheNeural,0.0742,隐蔽(难检)
data/redteam/factory/edgetts/mandarin/edgetts_mandarin_zh-CN-XiaoxiaoNeural_SC-000138.wav,edgetts,mandarin,SC-000138,zh-CN-XiaoxiaoNeural,0.0742,隐蔽(难检)
data/redteam/factory/edgetts/cantonese/edgetts_cantonese_zh-HK-WanLungNeural_SC-000494.wav,edgetts,cantonese,SC-000494,zh-HK-WanLungNeural,0.0742,隐蔽(难检)
data/redteam/factory/edgetts/minnan/edgetts_minnan_zh-TW-HsiaoChenNeural_SC-000860.wav,edgetts,minnan,SC-000860,zh-TW-HsiaoChenNeural,0.0743,隐蔽(难检)
data/redteam/factory/edgetts/sichuan/edgetts_sichuan_zh-CN-YunxiNeural_SC-000835.wav,edgetts,sichuan,SC-000835,zh-CN-YunxiNeural,0.0743,隐蔽(难检)
data/redteam/factory/edgetts/minnan/edgetts_minnan_zh-TW-YunJheNeural_SC-000982.wav,edgetts,minnan,SC-000982,zh-TW-YunJheNeural,0.0744,隐蔽(难检)
data/redteam/factory/edgetts/mandarin/edgetts_mandarin_zh-CN-YunyangNeural_SC-000013.wav,edgetts,mandarin,SC-000013,zh-CN-YunyangNeural,0.0745,隐蔽(难检)
data/redteam/factory/edgetts/henan/edgetts_henan_zh-CN-shaanxi-XiaoniNeural_SC-000108.wav,edgetts,henan,SC-000108,zh-CN-shaanxi-XiaoniNeural,0.0745,隐蔽(难检)
data/redteam/factory/edgetts/minnan/edgetts_minnan_zh-TW-YunJheNeural_SC-000965.wav,edgetts,minnan,SC-000965,zh-TW-YunJheNeural,0.0745,隐蔽(难检)
data/redteam/factory/edgetts/henan/edgetts_henan_zh-CN-shaanxi-XiaoniNeural_SC-000029.wav,edgetts,henan,SC-000029,zh-CN-shaanxi-XiaoniNeural,0.0746,隐蔽(难检)
data/redteam/factory/edgetts/mandarin/edgetts_mandarin_zh-CN-XiaoxiaoNeural_SC-000224.wav,edgetts,mandarin,SC-000224,zh-CN-XiaoxiaoNeural,0.0747,隐蔽(难检)
data/redteam/factory/edgetts/henan/edgetts_henan_zh-CN-shaanxi-XiaoniNeural_SC-000697.wav,edgetts,henan,SC-000697,zh-CN-shaanxi-XiaoniNeural,0.0748,隐蔽(难检)
data/redteam/factory/edgetts/minnan/edgetts_minnan_zh-TW-YunJheNeural_SC-000014.wav,edgetts,minnan,SC-000014,zh-TW-YunJheNeural,0.075,隐蔽(难检)
data/redteam/factory/edgetts/cantonese/edgetts_cantonese_zh-HK-WanLungNeural_SC-000016.wav,edgetts,cantonese,SC-000016,zh-HK-WanLungNeural,0.075,隐蔽(难检)
data/redteam/factory/edgetts/sichuan/edgetts_sichuan_zh-CN-XiaoxiaoNeural_SC-000446.wav,edgetts,sichuan,SC-000446,zh-CN-XiaoxiaoNeural,0.075,隐蔽(难检)
data/redteam/factory/sovits_api/henan/sovits_api_henan_ref_boot_edgetts_henan_zh-CN-shaanxi-XiaoniNeural_SC-000009_seg8s_SC-000108.wav,sovits_api,henan,SC-000108,ref_boot_edgetts_henan_zh-CN-shaanxi-XiaoniNeural_SC-000009_seg8s,0.075,隐蔽(难检)
data/redteam/factory/edgetts/cantonese/edgetts_cantonese_zh-HK-WanLungNeural_SC-000296.wav,edgetts,cantonese,SC-000296,zh-HK-WanLungNeural,0.0751,隐蔽(难检)
data/redteam/factory/sovits_api/dongbei/sovits_api_dongbei_ref_boot_edgetts_dongbei_zh-CN-liaoning-XiaobeiNeural_SC-000002_seg8s_SC-000111.wav,sovits_api,dongbei,SC-000111,ref_boot_edgetts_dongbei_zh-CN-liaoning-XiaobeiNeural_SC-000002_seg8s,0.0751,隐蔽(难检)
data/redteam/factory/edgetts/dongbei/edgetts_dongbei_zh-CN-liaoning-XiaobeiNeural_SC-000027.wav,edgetts,dongbei,SC-000027,zh-CN-liaoning-XiaobeiNeural,0.0752,隐蔽(难检)
data/redteam/factory/edgetts/mandarin/edgetts_mandarin_zh-CN-XiaoxiaoNeural_SC-000117.wav,edgetts,mandarin,SC-000117,zh-CN-XiaoxiaoNeural,0.0753,隐蔽(难检)
data/redteam/factory/edgetts/minnan/edgetts_minnan_zh-TW-HsiaoChenNeural_SC-001134.wav,edgetts,minnan,SC-001134,zh-TW-HsiaoChenNeural,0.0753,隐蔽(难检)
data/redteam/factory/sovits_api/sichuan/sovits_api_sichuan_ref_boot_edgetts_sichuan_zh-CN-XiaoxiaoNeural_SC-000010_SC-000255.wav,sovits_api,sichuan,SC-000255,ref_boot_edgetts_sichuan_zh-CN-XiaoxiaoNeural_SC-000010,0.0753,隐蔽(难检)
data/redteam/factory/edgetts/minnan/edgetts_minnan_zh-TW-HsiaoChenNeural_SC-000767.wav,edgetts,minnan,SC-000767,zh-TW-HsiaoChenNeural,0.0754,隐蔽(难检)
data/redteam/factory/edgetts/sichuan/edgetts_sichuan_zh-CN-YunxiNeural_SC-000475.wav,edgetts,sichuan,SC-000475,zh-CN-YunxiNeural,0.0754,隐蔽(难检)
data/redteam/factory/edgetts/sichuan/edgetts_sichuan_zh-CN-YunxiNeural_SC-000062.wav,edgetts,sichuan,SC-000062,zh-CN-YunxiNeural,0.0755,隐蔽(难检)
data/redteam/factory/edgetts/sichuan/edgetts_sichuan_zh-CN-YunxiNeural_SC-000295.wav,edgetts,sichuan,SC-000295,zh-CN-YunxiNeural,0.0755,隐蔽(难检)
data/redteam/factory/edgetts/henan/edgetts_henan_zh-CN-shaanxi-XiaoniNeural_SC-000413.wav,edgetts,henan,SC-000413,zh-CN-shaanxi-XiaoniNeural,0.0755,隐蔽(难检)
data/redteam/factory/edgetts/mandarin/edgetts_mandarin_zh-CN-YunyangNeural_SC-000138.wav,edgetts,mandarin,SC-000138,zh-CN-YunyangNeural,0.0755,隐蔽(难检)
data/redteam/factory/sovits_api/cantonese/sovits_api_cantonese_ref_boot_edgetts_cantonese_zh-HK-HiuMaanNeural_SC-000005_seg8s_SC-000052.wav,sovits_api,cantonese,SC-000052,ref_boot_edgetts_cantonese_zh-HK-HiuMaanNeural_SC-000005_seg8s,0.0755,隐蔽(难检)
data/redteam/factory/edgetts/minnan/edgetts_minnan_zh-TW-YunJheNeural_SC-000772.wav,edgetts,minnan,SC-000772,zh-TW-YunJheNeural,0.0756,隐蔽(难检)
data/redteam/factory/edgetts/minnan/edgetts_minnan_zh-TW-YunJheNeural_SC-001543.wav,edgetts,minnan,SC-001543,zh-TW-YunJheNeural,0.0757,隐蔽(难检)
data/redteam/factory/edgetts/mandarin/edgetts_mandarin_zh-CN-YunyangNeural_SC-000276.wav,edgetts,mandarin,SC-000276,zh-CN-YunyangNeural,0.0757,隐蔽(难检)
data/redteam/factory/edgetts/minnan/edgetts_minnan_zh-TW-YunJheNeural_SC-000816.wav,edgetts,minnan,SC-000816,zh-TW-YunJheNeural,0.0758,隐蔽(难检)
data/redteam/factory/edgetts/mandarin/edgetts_mandarin_zh-CN-YunyangNeural_SC-000163.wav,edgetts,mandarin,SC-000163,zh-CN-YunyangNeural,0.0758,隐蔽(难检)
data/redteam/factory/edgetts/cantonese/edgetts_cantonese_zh-HK-WanLungNeural_SC-001388.wav,edgetts,cantonese,SC-001388,zh-HK-WanLungNeural,0.0758,隐蔽(难检)
data/redteam/factory/edgetts/dongbei/edgetts_dongbei_zh-CN-liaoning-XiaobeiNeural_SC-000206.wav,edgetts,dongbei,SC-000206,zh-CN-liaoning-XiaobeiNeural,0.0759,隐蔽(难检)
data/redteam/factory/edgetts/sichuan/edgetts_sichuan_zh-CN-XiaoxiaoNeural_SC-001393.wav,edgetts,sichuan,SC-001393,zh-CN-XiaoxiaoNeural,0.076,隐蔽(难检)
data/redteam/factory/edgetts/cantonese/edgetts_cantonese_zh-HK-WanLungNeural_SC-000842.wav,edgetts,cantonese,SC-000842,zh-HK-WanLungNeural,0.076,隐蔽(难检)
data/redteam/factory/sovits_api/cantonese/sovits_api_cantonese_ref_boot_edgetts_cantonese_zh-HK-HiuMaanNeural_SC-000005_seg8s_SC-000109.wav,sovits_api,cantonese,SC-000109,ref_boot_edgetts_cantonese_zh-HK-HiuMaanNeural_SC-000005_seg8s,0.076,隐蔽(难检)
data/redteam/factory/edgetts/cantonese/edgetts_cantonese_zh-HK-WanLungNeural_SC-000010.wav,edgetts,cantonese,SC-000010,zh-HK-WanLungNeural,0.0761,隐蔽(难检)
data/redteam/factory/edgetts/sichuan/edgetts_sichuan_zh-CN-XiaoxiaoNeural_SC-001176.wav,edgetts,sichuan,SC-001176,zh-CN-XiaoxiaoNeural,0.0761,隐蔽(难检)
data/redteam/factory/edgetts/minnan/edgetts_minnan_zh-TW-HsiaoChenNeural_SC-000527.wav,edgetts,minnan,SC-000527,zh-TW-HsiaoChenNeural,0.0761,隐蔽(难检)
data/redteam/factory/edgetts/minnan/edgetts_minnan_zh-TW-YunJheNeural_SC-001215.wav,edgetts,minnan,SC-001215,zh-TW-YunJheNeural,0.0762,隐蔽(难检)
data/redteam/factory/edgetts/cantonese/edgetts_cantonese_zh-HK-WanLungNeural_SC-000872.wav,edgetts,cantonese,SC-000872,zh-HK-WanLungNeural,0.0762,隐蔽(难检)
data/redteam/factory/edgetts/henan/edgetts_henan_zh-CN-shaanxi-XiaoniNeural_SC-000351.wav,edgetts,henan,SC-000351,zh-CN-shaanxi-XiaoniNeural,0.0764,隐蔽(难检)
data/redteam/factory/edgetts/mandarin/edgetts_mandarin_zh-CN-YunxiNeural_SC-000340.wav,edgetts,mandarin,SC-000340,zh-CN-YunxiNeural,0.0764,隐蔽(难检)
data/redteam/factory/edgetts/cantonese/edgetts_cantonese_zh-HK-WanLungNeural_SC-000187.wav,edgetts,cantonese,SC-000187,zh-HK-WanLungNeural,0.0765,隐蔽(难检)
data/redteam/factory/edgetts/henan/edgetts_henan_zh-CN-shaanxi-XiaoniNeural_SC-000064.wav,edgetts,henan,SC-000064,zh-CN-shaanxi-XiaoniNeural,0.0765,隐蔽(难检)
data/redteam/factory/edgetts/minnan/edgetts_minnan_zh-TW-HsiaoChenNeural_SC-000900.wav,edgetts,minnan,SC-000900,zh-TW-HsiaoChenNeural,0.0766,隐蔽(难检)
data/redteam/factory/edgetts/mandarin/edgetts_mandarin_zh-CN-XiaoxiaoNeural_SC-000050.wav,edgetts,mandarin,SC-000050,zh-CN-XiaoxiaoNeural,0.0767,隐蔽(难检)
data/redteam/factory/edgetts/sichuan/edgetts_sichuan_zh-CN-YunxiNeural_SC-000251.wav,edgetts,sichuan,SC-000251,zh-CN-YunxiNeural,0.0767,隐蔽(难检)
data/redteam/factory/edgetts/dongbei/edgetts_dongbei_zh-CN-liaoning-XiaobeiNeural_SC-000688.wav,edgetts,dongbei,SC-000688,zh-CN-liaoning-XiaobeiNeural,0.0767,隐蔽(难检)
data/redteam/factory/edgetts/dongbei/edgetts_dongbei_zh-CN-liaoning-XiaobeiNeural_SC-001688.wav,edgetts,dongbei,SC-001688,zh-CN-liaoning-XiaobeiNeural,0.0767,隐蔽(难检)
data/redteam/factory/edgetts/dongbei/edgetts_dongbei_zh-CN-liaoning-XiaobeiNeural_SC-000558.wav,edgetts,dongbei,SC-000558,zh-CN-liaoning-XiaobeiNeural,0.0767,隐蔽(难检)
data/redteam/factory/edgetts/minnan/edgetts_minnan_zh-TW-YunJheNeural_SC-000019.wav,edgetts,minnan,SC-000019,zh-TW-YunJheNeural,0.0768,隐蔽(难检)
data/redteam/factory/edgetts/minnan/edgetts_minnan_zh-TW-YunJheNeural_SC-000406.wav,edgetts,minnan,SC-000406,zh-TW-YunJheNeural,0.0768,隐蔽(难检)
data/redteam/factory/edgetts/sichuan/edgetts_sichuan_zh-CN-YunxiNeural_SC-000684.wav,edgetts,sichuan,SC-000684,zh-CN-YunxiNeural,0.0768,隐蔽(难检)
data/redteam/factory/edgetts/mandarin/edgetts_mandarin_zh-CN-YunxiNeural_SC-000396.wav,edgetts,mandarin,SC-000396,zh-CN-YunxiNeural,0.0769,隐蔽(难检)
data/redteam/factory/edgetts/mandarin/edgetts_mandarin_zh-CN-YunxiNeural_SC-000008.wav,edgetts,mandarin,SC-000008,zh-CN-YunxiNeural,0.077,隐蔽(难检)
data/redteam/factory/edgetts/sichuan/edgetts_sichuan_zh-CN-YunxiNeural_SC-000008.wav,edgetts,sichuan,SC-000008,zh-CN-YunxiNeural,0.077,隐蔽(难检)
data/redteam/factory/sovits_api/henan/sovits_api_henan_ref_boot_edgetts_henan_zh-CN-shaanxi-XiaoniNeural_SC-000009_seg8s_SC-000250.wav,sovits_api,henan,SC-000250,ref_boot_edgetts_henan_zh-CN-shaanxi-XiaoniNeural_SC-000009_seg8s,0.077,隐蔽(难检)
data/redteam/factory/edgetts/mandarin/edgetts_mandarin_zh-CN-YunxiNeural_SC-000272.wav,edgetts,mandarin,SC-000272,zh-CN-YunxiNeural,0.0771,隐蔽(难检)
data/redteam/factory/edgetts/mandarin/edgetts_mandarin_zh-CN-XiaoxiaoNeural_SC-000098.wav,edgetts,mandarin,SC-000098,zh-CN-XiaoxiaoNeural,0.0772,隐蔽(难检)
data/redteam/factory/edgetts/minnan/edgetts_minnan_zh-TW-YunJheNeural_SC-001394.wav,edgetts,minnan,SC-001394,zh-TW-YunJheNeural,0.0772,隐蔽(难检)
data/redteam/factory/edgetts/mandarin/edgetts_mandarin_zh-CN-YunxiNeural_SC-000452.wav,edgetts,mandarin,SC-000452,zh-CN-YunxiNeural,0.0772,隐蔽(难检)
data/redteam/factory/edgetts/mandarin/edgetts_mandarin_zh-CN-YunxiNeural_SC-000005.wav,edgetts,mandarin,SC-000005,zh-CN-YunxiNeural,0.0773,隐蔽(难检)
data/redteam/factory/edgetts/sichuan/edgetts_sichuan_zh-CN-YunxiNeural_SC-000005.wav,edgetts,sichuan,SC-000005,zh-CN-YunxiNeural,0.0773,隐蔽(难检)
data/redteam/factory/edgetts/dongbei/edgetts_dongbei_zh-CN-liaoning-XiaobeiNeural_SC-000087.wav,edgetts,dongbei,SC-000087,zh-CN-liaoning-XiaobeiNeural,0.0774,隐蔽(难检)
data/redteam/factory/edgetts/henan/edgetts_henan_zh-CN-shaanxi-XiaoniNeural_SC-000362.wav,edgetts,henan,SC-000362,zh-CN-shaanxi-XiaoniNeural,0.0774,隐蔽(难检)
data/redteam/factory/edgetts/mandarin/edgetts_mandarin_zh-CN-XiaoxiaoNeural_SC-000265.wav,edgetts,mandarin,SC-000265,zh-CN-XiaoxiaoNeural,0.0774,隐蔽(难检)
data/redteam/factory/edgetts/sichuan/edgetts_sichuan_zh-CN-YunxiNeural_SC-001535.wav,edgetts,sichuan,SC-001535,zh-CN-YunxiNeural,0.0774,隐蔽(难检)
data/redteam/factory/edgetts/minnan/edgetts_minnan_zh-TW-HsiaoChenNeural_SC-001441.wav,edgetts,minnan,SC-001441,zh-TW-HsiaoChenNeural,0.0774,隐蔽(难检)
data/redteam/factory/sovits_api/henan/sovits_api_henan_ref_boot_edgetts_henan_zh-CN-shaanxi-XiaoniNeural_SC-000009_seg8s_SC-000195.wav,sovits_api,henan,SC-000195,ref_boot_edgetts_henan_zh-CN-shaanxi-XiaoniNeural_SC-000009_seg8s,0.0774,隐蔽(难检)
data/redteam/factory/edgetts/minnan/edgetts_minnan_zh-TW-HsiaoChenNeural_SC-000218.wav,edgetts,minnan,SC-000218,zh-TW-HsiaoChenNeural,0.0776,隐蔽(难检)
data/redteam/factory/edgetts/cantonese/edgetts_cantonese_zh-HK-WanLungNeural_SC-000258.wav,edgetts,cantonese,SC-000258,zh-HK-WanLungNeural,0.0776,隐蔽(难检)
data/redteam/factory/edgetts/cantonese/edgetts_cantonese_zh-HK-WanLungNeural_SC-001347.wav,edgetts,cantonese,SC-001347,zh-HK-WanLungNeural,0.0776,隐蔽(难检)
data/redteam/factory/edgetts/cantonese/edgetts_cantonese_zh-HK-WanLungNeural_SC-000389.wav,edgetts,cantonese,SC-000389,zh-HK-WanLungNeural,0.0777,隐蔽(难检)
data/redteam/factory/edgetts/sichuan/edgetts_sichuan_zh-CN-XiaoxiaoNeural_SC-001464.wav,edgetts,sichuan,SC-001464,zh-CN-XiaoxiaoNeural,0.0777,隐蔽(难检)
data/redteam/factory/edgetts/sichuan/edgetts_sichuan_zh-CN-YunxiNeural_SC-000927.wav,edgetts,sichuan,SC-000927,zh-CN-YunxiNeural,0.0777,隐蔽(难检)
data/redteam/factory/sovits_api/cantonese/sovits_api_cantonese_ref_boot_edgetts_cantonese_zh-HK-HiuMaanNeural_SC-000005_seg8s_SC-000187.wav,sovits_api,cantonese,SC-000187,ref_boot_edgetts_cantonese_zh-HK-HiuMaanNeural_SC-000005_seg8s,0.0777,隐蔽(难检)
data/redteam/factory/edgetts/mandarin/edgetts_mandarin_zh-CN-YunxiNeural_SC-000007.wav,edgetts,mandarin,SC-000007,zh-CN-YunxiNeural,0.0778,隐蔽(难检)
data/redteam/factory/edgetts/sichuan/edgetts_sichuan_zh-CN-YunxiNeural_SC-000007.wav,edgetts,sichuan,SC-000007,zh-CN-YunxiNeural,0.0778,隐蔽(难检)
data/redteam/factory/edgetts/sichuan/edgetts_sichuan_zh-CN-YunxiNeural_SC-000254.wav,edgetts,sichuan,SC-000254,zh-CN-YunxiNeural,0.0778,隐蔽(难检)
data/redteam/factory/edgetts/minnan/edgetts_minnan_zh-TW-HsiaoChenNeural_SC-001187.wav,edgetts,minnan,SC-001187,zh-TW-HsiaoChenNeural,0.0778,隐蔽(难检)
data/redteam/factory/sovits_api/cantonese/sovits_api_cantonese_ref_boot_edgetts_cantonese_zh-HK-HiuMaanNeural_SC-000005_seg8s_SC-000018.wav,sovits_api,cantonese,SC-000018,ref_boot_edgetts_cantonese_zh-HK-HiuMaanNeural_SC-000005_seg8s,0.0778,隐蔽(难检)
data/redteam/factory/edgetts/sichuan/edgetts_sichuan_zh-CN-XiaoxiaoNeural_SC-000354.wav,edgetts,sichuan,SC-000354,zh-CN-XiaoxiaoNeural,0.0779,隐蔽(难检)
data/redteam/factory/sovits_api/henan/sovits_api_henan_ref_boot_edgetts_henan_zh-CN-shaanxi-XiaoniNeural_SC-000009_seg8s_SC-000321.wav,sovits_api,henan,SC-000321,ref_boot_edgetts_henan_zh-CN-shaanxi-XiaoniNeural_SC-000009_seg8s,0.0779,隐蔽(难检)
data/redteam/factory/edgetts/minnan/edgetts_minnan_zh-TW-HsiaoChenNeural_SC-000012.wav,edgetts,minnan,SC-000012,zh-TW-HsiaoChenNeural,0.078,隐蔽(难检)
data/redteam/factory/edgetts/minnan/edgetts_minnan_zh-TW-HsiaoChenNeural_SC-001032.wav,edgetts,minnan,SC-001032,zh-TW-HsiaoChenNeural,0.078,隐蔽(难检)
data/redteam/factory/edgetts/cantonese/edgetts_cantonese_zh-HK-HiuMaanNeural_SC-000928.wav,edgetts,cantonese,SC-000928,zh-HK-HiuMaanNeural,0.078,隐蔽(难检)
data/redteam/factory/edgetts/mandarin/edgetts_mandarin_zh-CN-YunyangNeural_SC-000193.wav,edgetts,mandarin,SC-000193,zh-CN-YunyangNeural,0.078,隐蔽(难检)
data/redteam/factory/edgetts/minnan/edgetts_minnan_zh-TW-YunJheNeural_SC-001634.wav,edgetts,minnan,SC-001634,zh-TW-YunJheNeural,0.078,隐蔽(难检)
data/redteam/factory/sovits_api/sichuan/sovits_api_sichuan_ref_boot_edgetts_sichuan_zh-CN-YunxiNeural_SC-000010_SC-000252.wav,sovits_api,sichuan,SC-000252,ref_boot_edgetts_sichuan_zh-CN-YunxiNeural_SC-000010,0.078,隐蔽(难检)
data/redteam/factory/edgetts/dongbei/edgetts_dongbei_zh-CN-liaoning-XiaobeiNeural_SC-001147.wav,edgetts,dongbei,SC-001147,zh-CN-liaoning-XiaobeiNeural,0.0781,隐蔽(难检)
data/redteam/factory/edgetts/cantonese/edgetts_cantonese_zh-HK-WanLungNeural_SC-000752.wav,edgetts,cantonese,SC-000752,zh-HK-WanLungNeural,0.0781,隐蔽(难检)
data/redteam/factory/edgetts/cantonese/edgetts_cantonese_zh-HK-WanLungNeural_SC-001085.wav,edgetts,cantonese,SC-001085,zh-HK-WanLungNeural,0.0781,隐蔽(难检)
data/redteam/factory/edgetts/minnan/edgetts_minnan_zh-TW-HsiaoChenNeural_SC-000445.wav,edgetts,minnan,SC-000445,zh-TW-HsiaoChenNeural,0.0782,隐蔽(难检)
data/redteam/factory/edgetts/dongbei/edgetts_dongbei_zh-CN-liaoning-XiaobeiNeural_SC-001632.wav,edgetts,dongbei,SC-001632,zh-CN-liaoning-XiaobeiNeural,0.0782,隐蔽(难检)
data/redteam/factory/edgetts/mandarin/edgetts_mandarin_zh-CN-YunyangNeural_SC-000016.wav,edgetts,mandarin,SC-000016,zh-CN-YunyangNeural,0.0783,隐蔽(难检)
data/redteam/factory/edgetts/dongbei/edgetts_dongbei_zh-CN-liaoning-XiaobeiNeural_SC-000148.wav,edgetts,dongbei,SC-000148,zh-CN-liaoning-XiaobeiNeural,0.0784,隐蔽(难检)
data/redteam/factory/sovits_api/dongbei/sovits_api_dongbei_ref_boot_edgetts_dongbei_zh-CN-liaoning-XiaobeiNeural_SC-000002_seg8s_SC-000021.wav,sovits_api,dongbei,SC-000021,ref_boot_edgetts_dongbei_zh-CN-liaoning-XiaobeiNeural_SC-000002_seg8s,0.0786,隐蔽(难检)
data/redteam/factory/edgetts/minnan/edgetts_minnan_zh-TW-YunJheNeural_SC-000870.wav,edgetts,minnan,SC-000870,zh-TW-YunJheNeural,0.0787,隐蔽(难检)
data/redteam/factory/edgetts/minnan/edgetts_minnan_zh-TW-HsiaoChenNeural_SC-000943.wav,edgetts,minnan,SC-000943,zh-TW-HsiaoChenNeural,0.0787,隐蔽(难检)
data/redteam/factory/edgetts/henan/edgetts_henan_zh-CN-shaanxi-XiaoniNeural_SC-001355.wav,edgetts,henan,SC-001355,zh-CN-shaanxi-XiaoniNeural,0.0787,隐蔽(难检)
data/redteam/factory/edgetts/cantonese/edgetts_cantonese_zh-HK-WanLungNeural_SC-000001.wav,edgetts,cantonese,SC-000001,zh-HK-WanLungNeural,0.0788,隐蔽(难检)
data/redteam/factory/edgetts/cantonese/edgetts_cantonese_zh-HK-WanLungNeural_SC-000145.wav,edgetts,cantonese,SC-000145,zh-HK-WanLungNeural,0.0788,隐蔽(难检)
data/redteam/factory/sovits_api/mandarin/sovits_api_mandarin_ref_boot_edgetts_mandarin_zh-CN-YunxiNeural_SC-000007_seg8s_SC-000083.wav,sovits_api,mandarin,SC-000083,ref_boot_edgetts_mandarin_zh-CN-YunxiNeural_SC-000007_seg8s,0.0789,隐蔽(难检)
data/redteam/factory/edgetts/henan/edgetts_henan_zh-CN-shaanxi-XiaoniNeural_SC-000068.wav,edgetts,henan,SC-000068,zh-CN-shaanxi-XiaoniNeural,0.079,隐蔽(难检)
data/redteam/factory/edgetts/mandarin/edgetts_mandarin_zh-CN-YunxiNeural_SC-000408.wav,edgetts,mandarin,SC-000408,zh-CN-YunxiNeural,0.079,隐蔽(难检)
data/redteam/factory/edgetts/minnan/edgetts_minnan_zh-TW-YunJheNeural_SC-000951.wav,edgetts,minnan,SC-000951,zh-TW-YunJheNeural,0.0791,隐蔽(难检)
data/redteam/factory/edgetts/minnan/edgetts_minnan_zh-TW-HsiaoChenNeural_SC-001110.wav,edgetts,minnan,SC-001110,zh-TW-HsiaoChenNeural,0.0791,隐蔽(难检)
data/redteam/factory/sovits_api/mandarin/sovits_api_mandarin_ref_boot_edgetts_mandarin_zh-CN-YunxiNeural_SC-000007_seg8s_SC-000016.wav,sovits_api,mandarin,SC-000016,ref_boot_edgetts_mandarin_zh-CN-YunxiNeural_SC-000007_seg8s,0.0791,隐蔽(难检)
data/redteam/factory/sovits_api/cantonese/sovits_api_cantonese_ref_boot_edgetts_cantonese_zh-HK-HiuMaanNeural_SC-000005_seg8s_SC-000131.wav,sovits_api,cantonese,SC-000131,ref_boot_edgetts_cantonese_zh-HK-HiuMaanNeural_SC-000005_seg8s,0.0791,隐蔽(难检)
data/redteam/factory/edgetts/minnan/edgetts_minnan_zh-TW-YunJheNeural_SC-000802.wav,edgetts,minnan,SC-000802,zh-TW-YunJheNeural,0.0793,隐蔽(难检)
data/redteam/factory/edgetts/henan/edgetts_henan_zh-CN-shaanxi-XiaoniNeural_SC-001307.wav,edgetts,henan,SC-001307,zh-CN-shaanxi-XiaoniNeural,0.0793,隐蔽(难检)
data/redteam/factory/edgetts/mandarin/edgetts_mandarin_zh-CN-XiaoxiaoNeural_SC-000280.wav,edgetts,mandarin,SC-000280,zh-CN-XiaoxiaoNeural,0.0793,隐蔽(难检)
data/redteam/factory/edgetts/sichuan/edgetts_sichuan_zh-CN-XiaoxiaoNeural_SC-000107.wav,edgetts,sichuan,SC-000107,zh-CN-XiaoxiaoNeural,0.0794,隐蔽(难检)
data/redteam/factory/edgetts/mandarin/edgetts_mandarin_zh-CN-YunxiNeural_SC-000166.wav,edgetts,mandarin,SC-000166,zh-CN-YunxiNeural,0.0794,隐蔽(难检)
data/redteam/factory/edgetts/henan/edgetts_henan_zh-CN-shaanxi-XiaoniNeural_SC-000848.wav,edgetts,henan,SC-000848,zh-CN-shaanxi-XiaoniNeural,0.0795,隐蔽(难检)
data/redteam/factory/edgetts/dongbei/edgetts_dongbei_zh-CN-liaoning-XiaobeiNeural_SC-001047.wav,edgetts,dongbei,SC-001047,zh-CN-liaoning-XiaobeiNeural,0.0796,隐蔽(难检)
data/redteam/factory/edgetts/mandarin/edgetts_mandarin_zh-CN-YunyangNeural_SC-000461.wav,edgetts,mandarin,SC-000461,zh-CN-YunyangNeural,0.0796,隐蔽(难检)
data/redteam/factory/sovits_api/mandarin/sovits_api_mandarin_ref_boot_edgetts_mandarin_zh-CN-XiaoxiaoNeural_SC-000007_seg8s_SC-000060.wav,sovits_api,mandarin,SC-000060,ref_boot_edgetts_mandarin_zh-CN-XiaoxiaoNeural_SC-000007_seg8s,0.0798,隐蔽(难检)
data/redteam/factory/edgetts/sichuan/edgetts_sichuan_zh-CN-XiaoxiaoNeural_SC-000144.wav,edgetts,sichuan,SC-000144,zh-CN-XiaoxiaoNeural,0.0799,隐蔽(难检)
data/redteam/factory/edgetts/mandarin/edgetts_mandarin_zh-CN-XiaoxiaoNeural_SC-000474.wav,edgetts,mandarin,SC-000474,zh-CN-XiaoxiaoNeural,0.0799,隐蔽(难检)
data/redteam/factory/edgetts/minnan/edgetts_minnan_zh-TW-HsiaoChenNeural_SC-000002.wav,edgetts,minnan,SC-000002,zh-TW-HsiaoChenNeural,0.08,隐蔽(难检)
data/redteam/factory/edgetts/mandarin/edgetts_mandarin_zh-CN-XiaoxiaoNeural_SC-000044.wav,edgetts,mandarin,SC-000044,zh-CN-XiaoxiaoNeural,0.08,隐蔽(难检)
data/redteam/factory/edgetts/minnan/edgetts_minnan_zh-TW-YunJheNeural_SC-001133.wav,edgetts,minnan,SC-001133,zh-TW-YunJheNeural,0.08,隐蔽(难检)
data/redteam/factory/edgetts/cantonese/edgetts_cantonese_zh-HK-WanLungNeural_SC-000718.wav,edgetts,cantonese,SC-000718,zh-HK-WanLungNeural,0.08,隐蔽(难检)
data/redteam/factory/sovits_api/minnan/sovits_api_minnan_ref_boot_edgetts_minnan_zh-TW-YunJheNeural_SC-000001_SC-000192.wav,sovits_api,minnan,SC-000192,ref_boot_edgetts_minnan_zh-TW-YunJheNeural_SC-000001,0.08,隐蔽(难检)
data/redteam/factory/edgetts/cantonese/edgetts_cantonese_zh-HK-WanLungNeural_SC-000575.wav,edgetts,cantonese,SC-000575,zh-HK-WanLungNeural,0.0801,隐蔽(难检)
data/redteam/factory/sovits_api/cantonese/sovits_api_cantonese_ref_boot_edgetts_cantonese_zh-HK-HiuMaanNeural_SC-000005_seg8s_SC-000333.wav,sovits_api,cantonese,SC-000333,ref_boot_edgetts_cantonese_zh-HK-HiuMaanNeural_SC-000005_seg8s,0.0801,隐蔽(难检)
data/redteam/factory/edgetts/mandarin/edgetts_mandarin_zh-CN-YunyangNeural_SC-000082.wav,edgetts,mandarin,SC-000082,zh-CN-YunyangNeural,0.0802,隐蔽(难检)
data/redteam/factory/edgetts/minnan/edgetts_minnan_zh-TW-HsiaoChenNeural_SC-000323.wav,edgetts,minnan,SC-000323,zh-TW-HsiaoChenNeural,0.0803,隐蔽(难检)
data/redteam/factory/edgetts/minnan/edgetts_minnan_zh-TW-HsiaoChenNeural_SC-000569.wav,edgetts,minnan,SC-000569,zh-TW-HsiaoChenNeural,0.0803,隐蔽(难检)
data/redteam/factory/edgetts/cantonese/edgetts_cantonese_zh-HK-WanLungNeural_SC-001331.wav,edgetts,cantonese,SC-001331,zh-HK-WanLungNeural,0.0803,隐蔽(难检)
data/redteam/factory/edgetts/minnan/edgetts_minnan_zh-TW-YunJheNeural_SC-000980.wav,edgetts,minnan,SC-000980,zh-TW-YunJheNeural,0.0803,隐蔽(难检)
data/redteam/factory/edgetts/minnan/edgetts_minnan_zh-TW-HsiaoChenNeural_SC-000367.wav,edgetts,minnan,SC-000367,zh-TW-HsiaoChenNeural,0.0804,隐蔽(难检)
data/redteam/factory/edgetts/dongbei/edgetts_dongbei_zh-CN-liaoning-XiaobeiNeural_SC-000273.wav,edgetts,dongbei,SC-000273,zh-CN-liaoning-XiaobeiNeural,0.0804,隐蔽(难检)
data/redteam/factory/edgetts/sichuan/edgetts_sichuan_zh-CN-YunxiNeural_SC-000481.wav,edgetts,sichuan,SC-000481,zh-CN-YunxiNeural,0.0804,隐蔽(难检)
data/redteam/factory/edgetts/mandarin/edgetts_mandarin_zh-CN-YunjianNeural_SC-000016.wav,edgetts,mandarin,SC-000016,zh-CN-YunjianNeural,0.0805,隐蔽(难检)
data/redteam/factory/edgetts/dongbei/edgetts_dongbei_zh-CN-liaoning-XiaobeiNeural_SC-001637.wav,edgetts,dongbei,SC-001637,zh-CN-liaoning-XiaobeiNeural,0.0805,隐蔽(难检)
data/redteam/factory/sovits_api/henan/sovits_api_henan_ref_boot_edgetts_henan_zh-CN-shaanxi-XiaoniNeural_SC-000009_seg8s_SC-000284.wav,sovits_api,henan,SC-000284,ref_boot_edgetts_henan_zh-CN-shaanxi-XiaoniNeural_SC-000009_seg8s,0.0805,隐蔽(难检)
data/redteam/factory/edgetts/mandarin/edgetts_mandarin_zh-CN-YunxiNeural_SC-000136.wav,edgetts,mandarin,SC-000136,zh-CN-YunxiNeural,0.0806,隐蔽(难检)
data/redteam/factory/edgetts/mandarin/edgetts_mandarin_zh-CN-YunyangNeural_SC-000057.wav,edgetts,mandarin,SC-000057,zh-CN-YunyangNeural,0.0807,隐蔽(难检)
data/redteam/factory/edgetts/henan/edgetts_henan_zh-CN-shaanxi-XiaoniNeural_SC-000033.wav,edgetts,henan,SC-000033,zh-CN-shaanxi-XiaoniNeural,0.0807,隐蔽(难检)
data/redteam/factory/edgetts/sichuan/edgetts_sichuan_zh-CN-XiaoxiaoNeural_SC-000379.wav,edgetts,sichuan,SC-000379,zh-CN-XiaoxiaoNeural,0.0807,隐蔽(难检)
data/redteam/factory/edgetts/mandarin/edgetts_mandarin_zh-CN-YunxiNeural_SC-000085.wav,edgetts,mandarin,SC-000085,zh-CN-YunxiNeural,0.0808,隐蔽(难检)
data/redteam/factory/edgetts/mandarin/edgetts_mandarin_zh-CN-YunyangNeural_SC-000356.wav,edgetts,mandarin,SC-000356,zh-CN-YunyangNeural,0.0808,隐蔽(难检)
data/redteam/factory/edgetts/minnan/edgetts_minnan_zh-TW-HsiaoChenNeural_SC-000980.wav,edgetts,minnan,SC-000980,zh-TW-HsiaoChenNeural,0.0808,隐蔽(难检)
data/redteam/factory/edgetts/minnan/edgetts_minnan_zh-TW-HsiaoChenNeural_SC-000257.wav,edgetts,minnan,SC-000257,zh-TW-HsiaoChenNeural,0.0809,隐蔽(难检)
data/redteam/factory/sovits_api/mandarin/sovits_api_mandarin_ref_boot_edgetts_mandarin_zh-CN-XiaoxiaoNeural_SC-000007_seg8s_SC-000041.wav,sovits_api,mandarin,SC-000041,ref_boot_edgetts_mandarin_zh-CN-XiaoxiaoNeural_SC-000007_seg8s,0.081,隐蔽(难检)
data/redteam/factory/sovits_api/dongbei/sovits_api_dongbei_ref_boot_edgetts_dongbei_zh-CN-liaoning-XiaobeiNeural_SC-000002_seg8s_SC-000087.wav,sovits_api,dongbei,SC-000087,ref_boot_edgetts_dongbei_zh-CN-liaoning-XiaobeiNeural_SC-000002_seg8s,0.0813,隐蔽(难检)
data/redteam/factory/sovits_api/henan/sovits_api_henan_ref_boot_edgetts_henan_zh-CN-shaanxi-XiaoniNeural_SC-000009_seg8s_SC-000208.wav,sovits_api,henan,SC-000208,ref_boot_edgetts_henan_zh-CN-shaanxi-XiaoniNeural_SC-000009_seg8s,0.0813,隐蔽(难检)
data/redteam/factory/edgetts/minnan/edgetts_minnan_zh-TW-YunJheNeural_SC-001415.wav,edgetts,minnan,SC-001415,zh-TW-YunJheNeural,0.0814,隐蔽(难检)
data/redteam/factory/edgetts/minnan/edgetts_minnan_zh-TW-YunJheNeural_SC-000350.wav,edgetts,minnan,SC-000350,zh-TW-YunJheNeural,0.0815,隐蔽(难检)
data/redteam/factory/edgetts/minnan/edgetts_minnan_zh-TW-YunJheNeural_SC-000943.wav,edgetts,minnan,SC-000943,zh-TW-YunJheNeural,0.0815,隐蔽(难检)
data/redteam/factory/edgetts/sichuan/edgetts_sichuan_zh-CN-XiaoxiaoNeural_SC-000330.wav,edgetts,sichuan,SC-000330,zh-CN-XiaoxiaoNeural,0.0815,隐蔽(难检)
data/redteam/factory/sovits_api/cantonese/sovits_api_cantonese_ref_boot_edgetts_cantonese_zh-HK-WanLungNeural_SC-000005_seg8s_SC-000040.wav,sovits_api,cantonese,SC-000040,ref_boot_edgetts_cantonese_zh-HK-WanLungNeural_SC-000005_seg8s,0.0815,隐蔽(难检)
data/redteam/factory/edgetts/mandarin/edgetts_mandarin_zh-CN-XiaoxiaoNeural_SC-000171.wav,edgetts,mandarin,SC-000171,zh-CN-XiaoxiaoNeural,0.0816,隐蔽(难检)
data/redteam/factory/edgetts/mandarin/edgetts_mandarin_zh-CN-XiaoxiaoNeural_SC-000189.wav,edgetts,mandarin,SC-000189,zh-CN-XiaoxiaoNeural,0.0816,隐蔽(难检)
data/redteam/factory/sovits_api/minnan/sovits_api_minnan_ref_boot_edgetts_minnan_zh-TW-HsiaoChenNeural_SC-000001_SC-000207.wav,sovits_api,minnan,SC-000207,ref_boot_edgetts_minnan_zh-TW-HsiaoChenNeural_SC-000001,0.0816,隐蔽(难检)
data/redteam/factory/edgetts/mandarin/edgetts_mandarin_zh-CN-YunjianNeural_SC-000082.wav,edgetts,mandarin,SC-000082,zh-CN-YunjianNeural,0.0817,隐蔽(难检)
data/redteam/factory/edgetts/mandarin/edgetts_mandarin_zh-CN-YunyangNeural_SC-000150.wav,edgetts,mandarin,SC-000150,zh-CN-YunyangNeural,0.0817,隐蔽(难检)
data/redteam/factory/edgetts/henan/edgetts_henan_zh-CN-shaanxi-XiaoniNeural_SC-000895.wav,edgetts,henan,SC-000895,zh-CN-shaanxi-XiaoniNeural,0.0817,隐蔽(难检)
data/redteam/factory/sovits_api/sichuan/sovits_api_sichuan_ref_boot_edgetts_sichuan_zh-CN-XiaoxiaoNeural_SC-000010_SC-000244.wav,sovits_api,sichuan,SC-000244,ref_boot_edgetts_sichuan_zh-CN-XiaoxiaoNeural_SC-000010,0.0819,隐蔽(难检)
data/redteam/factory/edgetts/henan/edgetts_henan_zh-CN-shaanxi-XiaoniNeural_SC-000067.wav,edgetts,henan,SC-000067,zh-CN-shaanxi-XiaoniNeural,0.082,隐蔽(难检)
data/redteam/factory/edgetts/minnan/edgetts_minnan_zh-TW-HsiaoChenNeural_SC-000866.wav,edgetts,minnan,SC-000866,zh-TW-HsiaoChenNeural,0.082,隐蔽(难检)
data/redteam/factory/sovits_api/cantonese/sovits_api_cantonese_ref_boot_edgetts_cantonese_zh-HK-WanLungNeural_SC-000005_seg8s_SC-000296.wav,sovits_api,cantonese,SC-000296,ref_boot_edgetts_cantonese_zh-HK-WanLungNeural_SC-000005_seg8s,0.0821,隐蔽(难检)
data/redteam/factory/edgetts/minnan/edgetts_minnan_zh-TW-YunJheNeural_SC-000605.wav,edgetts,minnan,SC-000605,zh-TW-YunJheNeural,0.0822,隐蔽(难检)
data/redteam/factory/sovits_api/cantonese/sovits_api_cantonese_ref_boot_edgetts_cantonese_zh-HK-HiuMaanNeural_SC-000005_seg8s_SC-000119.wav,sovits_api,cantonese,SC-000119,ref_boot_edgetts_cantonese_zh-HK-HiuMaanNeural_SC-000005_seg8s,0.0822,隐蔽(难检)
data/redteam/factory/edgetts/cantonese/edgetts_cantonese_zh-HK-WanLungNeural_SC-001025.wav,edgetts,cantonese,SC-001025,zh-HK-WanLungNeural,0.0824,隐蔽(难检)
data/redteam/factory/edgetts/dongbei/edgetts_dongbei_zh-CN-liaoning-XiaobeiNeural_SC-000200.wav,edgetts,dongbei,SC-000200,zh-CN-liaoning-XiaobeiNeural,0.0825,隐蔽(难检)
data/redteam/factory/edgetts/cantonese/edgetts_cantonese_zh-HK-HiuMaanNeural_SC-000666.wav,edgetts,cantonese,SC-000666,zh-HK-HiuMaanNeural,0.0825,隐蔽(难检)
data/redteam/factory/edgetts/mandarin/edgetts_mandarin_zh-CN-YunxiNeural_SC-000133.wav,edgetts,mandarin,SC-000133,zh-CN-YunxiNeural,0.0825,隐蔽(难检)
data/redteam/factory/edgetts/mandarin/edgetts_mandarin_zh-CN-YunyangNeural_SC-000236.wav,edgetts,mandarin,SC-000236,zh-CN-YunyangNeural,0.0827,隐蔽(难检)
data/redteam/factory/edgetts/mandarin/edgetts_mandarin_zh-CN-YunyangNeural_SC-000424.wav,edgetts,mandarin,SC-000424,zh-CN-YunyangNeural,0.0827,隐蔽(难检)
data/redteam/factory/sovits_api/dongbei/sovits_api_dongbei_ref_boot_edgetts_dongbei_zh-CN-liaoning-XiaobeiNeural_SC-000002_seg8s_SC-000275.wav,sovits_api,dongbei,SC-000275,ref_boot_edgetts_dongbei_zh-CN-liaoning-XiaobeiNeural_SC-000002_seg8s,0.0827,隐蔽(难检)
data/redteam/factory/edgetts/dongbei/edgetts_dongbei_zh-CN-liaoning-XiaobeiNeural_SC-001429.wav,edgetts,dongbei,SC-001429,zh-CN-liaoning-XiaobeiNeural,0.0828,隐蔽(难检)
data/redteam/factory/edgetts/mandarin/edgetts_mandarin_zh-CN-YunxiNeural_SC-000364.wav,edgetts,mandarin,SC-000364,zh-CN-YunxiNeural,0.0829,隐蔽(难检)
data/redteam/factory/edgetts/dongbei/edgetts_dongbei_zh-CN-liaoning-XiaobeiNeural_SC-001379.wav,edgetts,dongbei,SC-001379,zh-CN-liaoning-XiaobeiNeural,0.083,隐蔽(难检)
data/redteam/factory/sovits_api/minnan/sovits_api_minnan_ref_boot_edgetts_minnan_zh-TW-HsiaoChenNeural_SC-000001_SC-000387.wav,sovits_api,minnan,SC-000387,ref_boot_edgetts_minnan_zh-TW-HsiaoChenNeural_SC-000001,0.0831,隐蔽(难检)
data/redteam/factory/edgetts/mandarin/edgetts_mandarin_zh-CN-XiaoxiaoNeural_SC-000027.wav,edgetts,mandarin,SC-000027,zh-CN-XiaoxiaoNeural,0.0832,隐蔽(难检)
data/redteam/factory/edgetts/sichuan/edgetts_sichuan_zh-CN-XiaoxiaoNeural_SC-000027.wav,edgetts,sichuan,SC-000027,zh-CN-XiaoxiaoNeural,0.0832,隐蔽(难检)
data/redteam/factory/edgetts/mandarin/edgetts_mandarin_zh-CN-YunxiNeural_SC-000045.wav,edgetts,mandarin,SC-000045,zh-CN-YunxiNeural,0.0832,隐蔽(难检)
data/redteam/factory/edgetts/minnan/edgetts_minnan_zh-TW-YunJheNeural_SC-000910.wav,edgetts,minnan,SC-000910,zh-TW-YunJheNeural,0.0832,隐蔽(难检)
data/redteam/factory/edgetts/minnan/edgetts_minnan_zh-TW-HsiaoChenNeural_SC-001695.wav,edgetts,minnan,SC-001695,zh-TW-HsiaoChenNeural,0.0832,隐蔽(难检)
data/redteam/factory/edgetts/minnan/edgetts_minnan_zh-TW-HsiaoChenNeural_SC-001634.wav,edgetts,minnan,SC-001634,zh-TW-HsiaoChenNeural,0.0833,隐蔽(难检)
data/redteam/factory/edgetts/sichuan/edgetts_sichuan_zh-CN-YunxiNeural_SC-001323.wav,edgetts,sichuan,SC-001323,zh-CN-YunxiNeural,0.0833,隐蔽(难检)
data/redteam/factory/edgetts/mandarin/edgetts_mandarin_zh-CN-XiaoxiaoNeural_SC-000019.wav,edgetts,mandarin,SC-000019,zh-CN-XiaoxiaoNeural,0.0834,隐蔽(难检)
data/redteam/factory/edgetts/sichuan/edgetts_sichuan_zh-CN-XiaoxiaoNeural_SC-000019.wav,edgetts,sichuan,SC-000019,zh-CN-XiaoxiaoNeural,0.0834,隐蔽(难检)
data/redteam/factory/edgetts/henan/edgetts_henan_zh-CN-shaanxi-XiaoniNeural_SC-000773.wav,edgetts,henan,SC-000773,zh-CN-shaanxi-XiaoniNeural,0.0834,隐蔽(难检)
data/redteam/factory/edgetts/mandarin/edgetts_mandarin_zh-CN-YunyangNeural_SC-000378.wav,edgetts,mandarin,SC-000378,zh-CN-YunyangNeural,0.0834,隐蔽(难检)
data/redteam/factory/edgetts/cantonese/edgetts_cantonese_zh-HK-HiuMaanNeural_SC-001294.wav,edgetts,cantonese,SC-001294,zh-HK-HiuMaanNeural,0.0834,隐蔽(难检)
data/redteam/factory/edgetts/dongbei/edgetts_dongbei_zh-CN-liaoning-XiaobeiNeural_SC-001587.wav,edgetts,dongbei,SC-001587,zh-CN-liaoning-XiaobeiNeural,0.0836,隐蔽(难检)
data/redteam/factory/edgetts/minnan/edgetts_minnan_zh-TW-YunJheNeural_SC-001582.wav,edgetts,minnan,SC-001582,zh-TW-YunJheNeural,0.0836,隐蔽(难检)
data/redteam/factory/edgetts/mandarin/edgetts_mandarin_zh-CN-XiaoxiaoNeural_SC-000193.wav,edgetts,mandarin,SC-000193,zh-CN-XiaoxiaoNeural,0.0836,隐蔽(难检)
data/redteam/factory/edgetts/minnan/edgetts_minnan_zh-TW-HsiaoChenNeural_SC-000940.wav,edgetts,minnan,SC-000940,zh-TW-HsiaoChenNeural,0.0837,隐蔽(难检)
data/redteam/factory/edgetts/mandarin/edgetts_mandarin_zh-CN-XiaoxiaoNeural_SC-000133.wav,edgetts,mandarin,SC-000133,zh-CN-XiaoxiaoNeural,0.0838,隐蔽(难检)
data/redteam/factory/edgetts/mandarin/edgetts_mandarin_zh-CN-YunxiNeural_SC-000027.wav,edgetts,mandarin,SC-000027,zh-CN-YunxiNeural,0.0839,隐蔽(难检)
data/redteam/factory/edgetts/sichuan/edgetts_sichuan_zh-CN-YunxiNeural_SC-000027.wav,edgetts,sichuan,SC-000027,zh-CN-YunxiNeural,0.0839,隐蔽(难检)
data/redteam/factory/edgetts/minnan/edgetts_minnan_zh-TW-YunJheNeural_SC-000696.wav,edgetts,minnan,SC-000696,zh-TW-YunJheNeural,0.0839,隐蔽(难检)
data/redteam/factory/edgetts/minnan/edgetts_minnan_zh-TW-HsiaoChenNeural_SC-000080.wav,edgetts,minnan,SC-000080,zh-TW-HsiaoChenNeural,0.084,隐蔽(难检)
data/redteam/factory/edgetts/mandarin/edgetts_mandarin_zh-CN-YunjianNeural_SC-000220.wav,edgetts,mandarin,SC-000220,zh-CN-YunjianNeural,0.084,隐蔽(难检)
data/redteam/factory/edgetts/mandarin/edgetts_mandarin_zh-CN-YunxiNeural_SC-000082.wav,edgetts,mandarin,SC-000082,zh-CN-YunxiNeural,0.0841,隐蔽(难检)
data/redteam/factory/edgetts/mandarin/edgetts_mandarin_zh-CN-YunyangNeural_SC-000190.wav,edgetts,mandarin,SC-000190,zh-CN-YunyangNeural,0.0841,隐蔽(难检)
data/redteam/factory/edgetts/minnan/edgetts_minnan_zh-TW-YunJheNeural_SC-000466.wav,edgetts,minnan,SC-000466,zh-TW-YunJheNeural,0.0842,隐蔽(难检)
data/redteam/factory/edgetts/minnan/edgetts_minnan_zh-TW-YunJheNeural_SC-000478.wav,edgetts,minnan,SC-000478,zh-TW-YunJheNeural,0.0842,隐蔽(难检)
data/redteam/factory/edgetts/mandarin/edgetts_mandarin_zh-CN-YunxiNeural_SC-000153.wav,edgetts,mandarin,SC-000153,zh-CN-YunxiNeural,0.0842,隐蔽(难检)
data/redteam/factory/edgetts/henan/edgetts_henan_zh-CN-shaanxi-XiaoniNeural_SC-000208.wav,edgetts,henan,SC-000208,zh-CN-shaanxi-XiaoniNeural,0.0845,隐蔽(难检)
data/redteam/factory/edgetts/minnan/edgetts_minnan_zh-TW-HsiaoChenNeural_SC-001663.wav,edgetts,minnan,SC-001663,zh-TW-HsiaoChenNeural,0.0845,隐蔽(难检)
data/redteam/factory/edgetts/cantonese/edgetts_cantonese_zh-HK-WanLungNeural_SC-001286.wav,edgetts,cantonese,SC-001286,zh-HK-WanLungNeural,0.0845,隐蔽(难检)
data/redteam/factory/edgetts/dongbei/edgetts_dongbei_zh-CN-liaoning-XiaobeiNeural_SC-000417.wav,edgetts,dongbei,SC-000417,zh-CN-liaoning-XiaobeiNeural,0.0845,隐蔽(难检)
data/redteam/factory/edgetts/dongbei/edgetts_dongbei_zh-CN-liaoning-XiaobeiNeural_SC-000025.wav,edgetts,dongbei,SC-000025,zh-CN-liaoning-XiaobeiNeural,0.0846,隐蔽(难检)
data/redteam/factory/edgetts/sichuan/edgetts_sichuan_zh-CN-XiaoxiaoNeural_SC-001161.wav,edgetts,sichuan,SC-001161,zh-CN-XiaoxiaoNeural,0.0846,隐蔽(难检)
data/redteam/factory/edgetts/dongbei/edgetts_dongbei_zh-CN-liaoning-XiaobeiNeural_SC-000411.wav,edgetts,dongbei,SC-000411,zh-CN-liaoning-XiaobeiNeural,0.0847,隐蔽(难检)
data/redteam/factory/edgetts/minnan/edgetts_minnan_zh-TW-YunJheNeural_SC-000018.wav,edgetts,minnan,SC-000018,zh-TW-YunJheNeural,0.0848,隐蔽(难检)
data/redteam/factory/edgetts/dongbei/edgetts_dongbei_zh-CN-liaoning-XiaobeiNeural_SC-001370.wav,edgetts,dongbei,SC-001370,zh-CN-liaoning-XiaobeiNeural,0.0848,隐蔽(难检)
data/redteam/factory/sovits_api/mandarin/sovits_api_mandarin_ref_boot_edgetts_mandarin_zh-CN-YunxiNeural_SC-000007_seg8s_SC-000082.wav,sovits_api,mandarin,SC-000082,ref_boot_edgetts_mandarin_zh-CN-YunxiNeural_SC-000007_seg8s,0.0848,隐蔽(难检)
data/redteam/factory/edgetts/mandarin/edgetts_mandarin_zh-CN-YunyangNeural_SC-000001.wav,edgetts,mandarin,SC-000001,zh-CN-YunyangNeural,0.0849,隐蔽(难检)
data/redteam/factory/edgetts/dongbei/edgetts_dongbei_zh-CN-liaoning-XiaobeiNeural_SC-000157.wav,edgetts,dongbei,SC-000157,zh-CN-liaoning-XiaobeiNeural,0.085,隐蔽(难检)
data/redteam/factory/edgetts/henan/edgetts_henan_zh-CN-shaanxi-XiaoniNeural_SC-000073.wav,edgetts,henan,SC-000073,zh-CN-shaanxi-XiaoniNeural,0.085,隐蔽(难检)
data/redteam/factory/edgetts/henan/edgetts_henan_zh-CN-shaanxi-XiaoniNeural_SC-000634.wav,edgetts,henan,SC-000634,zh-CN-shaanxi-XiaoniNeural,0.0851,隐蔽(难检)
data/redteam/factory/edgetts/dongbei/edgetts_dongbei_zh-CN-liaoning-XiaobeiNeural_SC-001674.wav,edgetts,dongbei,SC-001674,zh-CN-liaoning-XiaobeiNeural,0.0853,隐蔽(难检)
data/redteam/factory/edgetts/minnan/edgetts_minnan_zh-TW-YunJheNeural_SC-000003.wav,edgetts,minnan,SC-000003,zh-TW-YunJheNeural,0.0854,隐蔽(难检)
data/redteam/factory/edgetts/mandarin/edgetts_mandarin_zh-CN-YunxiNeural_SC-000046.wav,edgetts,mandarin,SC-000046,zh-CN-YunxiNeural,0.0854,隐蔽(难检)
data/redteam/factory/edgetts/mandarin/edgetts_mandarin_zh-CN-YunjianNeural_SC-000502.wav,edgetts,mandarin,SC-000502,zh-CN-YunjianNeural,0.0854,隐蔽(难检)
data/redteam/factory/edgetts/minnan/edgetts_minnan_zh-TW-HsiaoChenNeural_SC-000824.wav,edgetts,minnan,SC-000824,zh-TW-HsiaoChenNeural,0.0854,隐蔽(难检)
data/redteam/factory/edgetts/minnan/edgetts_minnan_zh-TW-HsiaoChenNeural_SC-001133.wav,edgetts,minnan,SC-001133,zh-TW-HsiaoChenNeural,0.0855,隐蔽(难检)
data/redteam/factory/edgetts/minnan/edgetts_minnan_zh-TW-HsiaoChenNeural_SC-001610.wav,edgetts,minnan,SC-001610,zh-TW-HsiaoChenNeural,0.0855,隐蔽(难检)
data/redteam/factory/edgetts/mandarin/edgetts_mandarin_zh-CN-XiaoxiaoNeural_SC-000236.wav,edgetts,mandarin,SC-000236,zh-CN-XiaoxiaoNeural,0.0856,隐蔽(难检)
data/redteam/factory/edgetts/mandarin/edgetts_mandarin_zh-CN-XiaoxiaoNeural_SC-000364.wav,edgetts,mandarin,SC-000364,zh-CN-XiaoxiaoNeural,0.0856,隐蔽(难检)
data/redteam/factory/edgetts/minnan/edgetts_minnan_zh-TW-HsiaoChenNeural_SC-000883.wav,edgetts,minnan,SC-000883,zh-TW-HsiaoChenNeural,0.0856,隐蔽(难检)
data/redteam/factory/sovits_api/mandarin/sovits_api_mandarin_ref_boot_edgetts_mandarin_zh-CN-YunxiNeural_SC-000007_seg8s_SC-000041.wav,sovits_api,mandarin,SC-000041,ref_boot_edgetts_mandarin_zh-CN-YunxiNeural_SC-000007_seg8s,0.0858,隐蔽(难检)
data/redteam/factory/edgetts/henan/edgetts_henan_zh-CN-shaanxi-XiaoniNeural_SC-000121.wav,edgetts,henan,SC-000121,zh-CN-shaanxi-XiaoniNeural,0.0859,隐蔽(难检)
data/redteam/factory/sovits_api/minnan/sovits_api_minnan_ref_boot_edgetts_minnan_zh-TW-YunJheNeural_SC-000001_SC-000001.wav,sovits_api,minnan,SC-000001,ref_boot_edgetts_minnan_zh-TW-YunJheNeural_SC-000001,0.0859,隐蔽(难检)
data/redteam/factory/edgetts/minnan/edgetts_minnan_zh-TW-YunJheNeural_SC-000643.wav,edgetts,minnan,SC-000643,zh-TW-YunJheNeural,0.086,隐蔽(难检)
data/redteam/factory/edgetts/minnan/edgetts_minnan_zh-TW-HsiaoChenNeural_SC-000881.wav,edgetts,minnan,SC-000881,zh-TW-HsiaoChenNeural,0.086,隐蔽(难检)
data/redteam/factory/edgetts/sichuan/edgetts_sichuan_zh-CN-XiaoxiaoNeural_SC-000579.wav,edgetts,sichuan,SC-000579,zh-CN-XiaoxiaoNeural,0.0861,隐蔽(难检)
data/redteam/factory/edgetts/sichuan/edgetts_sichuan_zh-CN-XiaoxiaoNeural_SC-000472.wav,edgetts,sichuan,SC-000472,zh-CN-XiaoxiaoNeural,0.0861,隐蔽(难检)
data/redteam/factory/edgetts/minnan/edgetts_minnan_zh-TW-YunJheNeural_SC-001264.wav,edgetts,minnan,SC-001264,zh-TW-YunJheNeural,0.0862,隐蔽(难检)
data/redteam/factory/edgetts/minnan/edgetts_minnan_zh-TW-HsiaoChenNeural_SC-000196.wav,edgetts,minnan,SC-000196,zh-TW-HsiaoChenNeural,0.0863,隐蔽(难检)
data/redteam/factory/edgetts/sichuan/edgetts_sichuan_zh-CN-YunxiNeural_SC-001524.wav,edgetts,sichuan,SC-001524,zh-CN-YunxiNeural,0.0864,隐蔽(难检)
data/redteam/factory/edgetts/sichuan/edgetts_sichuan_zh-CN-XiaoxiaoNeural_SC-000293.wav,edgetts,sichuan,SC-000293,zh-CN-XiaoxiaoNeural,0.0865,隐蔽(难检)
data/redteam/factory/edgetts/dongbei/edgetts_dongbei_zh-CN-liaoning-XiaobeiNeural_SC-001181.wav,edgetts,dongbei,SC-001181,zh-CN-liaoning-XiaobeiNeural,0.0865,隐蔽(难检)
data/redteam/factory/edgetts/minnan/edgetts_minnan_zh-TW-HsiaoChenNeural_SC-000015.wav,edgetts,minnan,SC-000015,zh-TW-HsiaoChenNeural,0.0866,隐蔽(难检)
data/redteam/factory/edgetts/henan/edgetts_henan_zh-CN-shaanxi-XiaoniNeural_SC-001525.wav,edgetts,henan,SC-001525,zh-CN-shaanxi-XiaoniNeural,0.0866,隐蔽(难检)
data/redteam/factory/edgetts/minnan/edgetts_minnan_zh-TW-YunJheNeural_SC-001257.wav,edgetts,minnan,SC-001257,zh-TW-YunJheNeural,0.0867,隐蔽(难检)
data/redteam/factory/sovits_api/sichuan/sovits_api_sichuan_ref_boot_edgetts_sichuan_zh-CN-XiaoxiaoNeural_SC-000010_SC-000271.wav,sovits_api,sichuan,SC-000271,ref_boot_edgetts_sichuan_zh-CN-XiaoxiaoNeural_SC-000010,0.0867,隐蔽(难检)
data/redteam/factory/edgetts/mandarin/edgetts_mandarin_zh-CN-XiaoxiaoNeural_SC-000502.wav,edgetts,mandarin,SC-000502,zh-CN-XiaoxiaoNeural,0.0869,隐蔽(难检)
data/redteam/factory/edgetts/henan/edgetts_henan_zh-CN-shaanxi-XiaoniNeural_SC-000006.wav,edgetts,henan,SC-000006,zh-CN-shaanxi-XiaoniNeural,0.087,隐蔽(难检)
data/redteam/factory/sovits_api/mandarin/sovits_api_mandarin_ref_boot_edgetts_mandarin_zh-CN-XiaoxiaoNeural_SC-000007_seg8s_SC-000095.wav,sovits_api,mandarin,SC-000095,ref_boot_edgetts_mandarin_zh-CN-XiaoxiaoNeural_SC-000007_seg8s,0.087,隐蔽(难检)
data/redteam/factory/edgetts/minnan/edgetts_minnan_zh-TW-YunJheNeural_SC-000024.wav,edgetts,minnan,SC-000024,zh-TW-YunJheNeural,0.0871,隐蔽(难检)
data/redteam/factory/edgetts/minnan/edgetts_minnan_zh-TW-YunJheNeural_SC-001189.wav,edgetts,minnan,SC-001189,zh-TW-YunJheNeural,0.0871,隐蔽(难检)
data/redteam/factory/edgetts/cantonese/edgetts_cantonese_zh-HK-WanLungNeural_SC-001377.wav,edgetts,cantonese,SC-001377,zh-HK-WanLungNeural,0.0871,隐蔽(难检)
data/redteam/factory/edgetts/minnan/edgetts_minnan_zh-TW-YunJheNeural_SC-000156.wav,edgetts,minnan,SC-000156,zh-TW-YunJheNeural,0.0872,隐蔽(难检)
data/redteam/factory/edgetts/minnan/edgetts_minnan_zh-TW-YunJheNeural_SC-001447.wav,edgetts,minnan,SC-001447,zh-TW-YunJheNeural,0.0872,隐蔽(难检)
data/redteam/factory/edgetts/henan/edgetts_henan_zh-CN-shaanxi-XiaoniNeural_SC-000018.wav,edgetts,henan,SC-000018,zh-CN-shaanxi-XiaoniNeural,0.0873,隐蔽(难检)
data/redteam/factory/sovits_api/mandarin/sovits_api_mandarin_ref_boot_edgetts_mandarin_zh-CN-YunxiNeural_SC-000007_seg8s_SC-000074.wav,sovits_api,mandarin,SC-000074,ref_boot_edgetts_mandarin_zh-CN-YunxiNeural_SC-000007_seg8s,0.0873,隐蔽(难检)
data/redteam/factory/edgetts/dongbei/edgetts_dongbei_zh-CN-liaoning-XiaobeiNeural_SC-000001.wav,edgetts,dongbei,SC-000001,zh-CN-liaoning-XiaobeiNeural,0.0877,隐蔽(难检)
data/redteam/factory/edgetts/sichuan/edgetts_sichuan_zh-CN-YunxiNeural_SC-001040.wav,edgetts,sichuan,SC-001040,zh-CN-YunxiNeural,0.0877,隐蔽(难检)
data/redteam/factory/edgetts/mandarin/edgetts_mandarin_zh-CN-YunyangNeural_SC-000044.wav,edgetts,mandarin,SC-000044,zh-CN-YunyangNeural,0.0878,隐蔽(难检)
data/redteam/factory/edgetts/dongbei/edgetts_dongbei_zh-CN-liaoning-XiaobeiNeural_SC-000078.wav,edgetts,dongbei,SC-000078,zh-CN-liaoning-XiaobeiNeural,0.0879,隐蔽(难检)
data/redteam/factory/edgetts/minnan/edgetts_minnan_zh-TW-YunJheNeural_SC-000612.wav,edgetts,minnan,SC-000612,zh-TW-YunJheNeural,0.0879,隐蔽(难检)
data/redteam/factory/edgetts/henan/edgetts_henan_zh-CN-shaanxi-XiaoniNeural_SC-000002.wav,edgetts,henan,SC-000002,zh-CN-shaanxi-XiaoniNeural,0.088,隐蔽(难检)
data/redteam/factory/edgetts/sichuan/edgetts_sichuan_zh-CN-XiaoxiaoNeural_SC-001126.wav,edgetts,sichuan,SC-001126,zh-CN-XiaoxiaoNeural,0.088,隐蔽(难检)
data/redteam/factory/edgetts/mandarin/edgetts_mandarin_zh-CN-XiaoxiaoNeural_SC-000096.wav,edgetts,mandarin,SC-000096,zh-CN-XiaoxiaoNeural,0.0881,隐蔽(难检)
data/redteam/factory/edgetts/minnan/edgetts_minnan_zh-TW-HsiaoChenNeural_SC-000721.wav,edgetts,minnan,SC-000721,zh-TW-HsiaoChenNeural,0.0881,隐蔽(难检)
data/redteam/factory/sovits_api/mandarin/sovits_api_mandarin_ref_boot_edgetts_mandarin_zh-CN-XiaoxiaoNeural_SC-000007_seg8s_SC-000077.wav,sovits_api,mandarin,SC-000077,ref_boot_edgetts_mandarin_zh-CN-XiaoxiaoNeural_SC-000007_seg8s,0.0881,隐蔽(难检)
data/redteam/factory/edgetts/sichuan/edgetts_sichuan_zh-CN-XiaoxiaoNeural_SC-001249.wav,edgetts,sichuan,SC-001249,zh-CN-XiaoxiaoNeural,0.0882,隐蔽(难检)
data/redteam/factory/edgetts/minnan/edgetts_minnan_zh-TW-HsiaoChenNeural_SC-001227.wav,edgetts,minnan,SC-001227,zh-TW-HsiaoChenNeural,0.0882,隐蔽(难检)
data/redteam/factory/edgetts/minnan/edgetts_minnan_zh-TW-YunJheNeural_SC-001258.wav,edgetts,minnan,SC-001258,zh-TW-YunJheNeural,0.0883,隐蔽(难检)
data/redteam/factory/edgetts/mandarin/edgetts_mandarin_zh-CN-YunxiNeural_SC-000241.wav,edgetts,mandarin,SC-000241,zh-CN-YunxiNeural,0.0884,隐蔽(难检)
data/redteam/factory/edgetts/mandarin/edgetts_mandarin_zh-CN-YunyangNeural_SC-000485.wav,edgetts,mandarin,SC-000485,zh-CN-YunyangNeural,0.0885,隐蔽(难检)
data/redteam/factory/edgetts/sichuan/edgetts_sichuan_zh-CN-XiaoxiaoNeural_SC-000178.wav,edgetts,sichuan,SC-000178,zh-CN-XiaoxiaoNeural,0.0886,隐蔽(难检)
data/redteam/factory/edgetts/minnan/edgetts_minnan_zh-TW-YunJheNeural_SC-001267.wav,edgetts,minnan,SC-001267,zh-TW-YunJheNeural,0.0886,隐蔽(难检)
data/redteam/factory/edgetts/mandarin/edgetts_mandarin_zh-CN-XiaoxiaoNeural_SC-000018.wav,edgetts,mandarin,SC-000018,zh-CN-XiaoxiaoNeural,0.0888,隐蔽(难检)
data/redteam/factory/edgetts/sichuan/edgetts_sichuan_zh-CN-XiaoxiaoNeural_SC-000018.wav,edgetts,sichuan,SC-000018,zh-CN-XiaoxiaoNeural,0.0888,隐蔽(难检)
data/redteam/factory/sovits_api/sichuan/sovits_api_sichuan_ref_boot_edgetts_sichuan_zh-CN-XiaoxiaoNeural_SC-000010_SC-000232.wav,sovits_api,sichuan,SC-000232,ref_boot_edgetts_sichuan_zh-CN-XiaoxiaoNeural_SC-000010,0.0888,隐蔽(难检)
data/redteam/factory/edgetts/mandarin/edgetts_mandarin_zh-CN-YunxiNeural_SC-000016.wav,edgetts,mandarin,SC-000016,zh-CN-YunxiNeural,0.0889,隐蔽(难检)
data/redteam/factory/edgetts/sichuan/edgetts_sichuan_zh-CN-YunxiNeural_SC-000016.wav,edgetts,sichuan,SC-000016,zh-CN-YunxiNeural,0.0889,隐蔽(难检)
data/redteam/factory/edgetts/mandarin/edgetts_mandarin_zh-CN-XiaoxiaoNeural_SC-000173.wav,edgetts,mandarin,SC-000173,zh-CN-XiaoxiaoNeural,0.089,隐蔽(难检)
data/redteam/factory/sovits_api/cantonese/sovits_api_cantonese_ref_boot_edgetts_cantonese_zh-HK-WanLungNeural_SC-000005_seg8s_SC-000197.wav,sovits_api,cantonese,SC-000197,ref_boot_edgetts_cantonese_zh-HK-WanLungNeural_SC-000005_seg8s,0.089,隐蔽(难检)
data/redteam/factory/sovits_api/cantonese/sovits_api_cantonese_ref_boot_edgetts_cantonese_zh-HK-WanLungNeural_SC-000005_seg8s_SC-000079.wav,sovits_api,cantonese,SC-000079,ref_boot_edgetts_cantonese_zh-HK-WanLungNeural_SC-000005_seg8s,0.0891,隐蔽(难检)
data/redteam/factory/edgetts/dongbei/edgetts_dongbei_zh-CN-liaoning-XiaobeiNeural_SC-000014.wav,edgetts,dongbei,SC-000014,zh-CN-liaoning-XiaobeiNeural,0.0892,隐蔽(难检)
data/redteam/factory/edgetts/dongbei/edgetts_dongbei_zh-CN-liaoning-XiaobeiNeural_SC-001146.wav,edgetts,dongbei,SC-001146,zh-CN-liaoning-XiaobeiNeural,0.0892,隐蔽(难检)
data/redteam/factory/edgetts/dongbei/edgetts_dongbei_zh-CN-liaoning-XiaobeiNeural_SC-000921.wav,edgetts,dongbei,SC-000921,zh-CN-liaoning-XiaobeiNeural,0.0893,隐蔽(难检)
data/redteam/factory/edgetts/henan/edgetts_henan_zh-CN-shaanxi-XiaoniNeural_SC-001488.wav,edgetts,henan,SC-001488,zh-CN-shaanxi-XiaoniNeural,0.0893,隐蔽(难检)
data/redteam/factory/sovits_api/mandarin/sovits_api_mandarin_ref_boot_edgetts_mandarin_zh-CN-YunxiNeural_SC-000007_seg8s_SC-000027.wav,sovits_api,mandarin,SC-000027,ref_boot_edgetts_mandarin_zh-CN-YunxiNeural_SC-000007_seg8s,0.0893,隐蔽(难检)
data/redteam/factory/edgetts/mandarin/edgetts_mandarin_zh-CN-XiaoxiaoNeural_SC-000023.wav,edgetts,mandarin,SC-000023,zh-CN-XiaoxiaoNeural,0.0894,隐蔽(难检)
data/redteam/factory/edgetts/sichuan/edgetts_sichuan_zh-CN-XiaoxiaoNeural_SC-000023.wav,edgetts,sichuan,SC-000023,zh-CN-XiaoxiaoNeural,0.0894,隐蔽(难检)
data/redteam/factory/edgetts/mandarin/edgetts_mandarin_zh-CN-YunyangNeural_SC-000134.wav,edgetts,mandarin,SC-000134,zh-CN-YunyangNeural,0.0894,隐蔽(难检)
data/redteam/factory/edgetts/mandarin/edgetts_mandarin_zh-CN-YunxiNeural_SC-000090.wav,edgetts,mandarin,SC-000090,zh-CN-YunxiNeural,0.0895,隐蔽(难检)
data/redteam/factory/edgetts/sichuan/edgetts_sichuan_zh-CN-XiaoxiaoNeural_SC-000211.wav,edgetts,sichuan,SC-000211,zh-CN-XiaoxiaoNeural,0.0895,隐蔽(难检)
data/redteam/factory/edgetts/minnan/edgetts_minnan_zh-TW-HsiaoChenNeural_SC-001242.wav,edgetts,minnan,SC-001242,zh-TW-HsiaoChenNeural,0.0895,隐蔽(难检)
data/redteam/factory/edgetts/minnan/edgetts_minnan_zh-TW-HsiaoChenNeural_SC-000006.wav,edgetts,minnan,SC-000006,zh-TW-HsiaoChenNeural,0.0896,隐蔽(难检)
data/redteam/factory/edgetts/sichuan/edgetts_sichuan_zh-CN-YunxiNeural_SC-000446.wav,edgetts,sichuan,SC-000446,zh-CN-YunxiNeural,0.0896,隐蔽(难检)
data/redteam/factory/edgetts/minnan/edgetts_minnan_zh-TW-HsiaoChenNeural_SC-001021.wav,edgetts,minnan,SC-001021,zh-TW-HsiaoChenNeural,0.0896,隐蔽(难检)
data/redteam/factory/edgetts/mandarin/edgetts_mandarin_zh-CN-YunyangNeural_SC-000473.wav,edgetts,mandarin,SC-000473,zh-CN-YunyangNeural,0.0897,隐蔽(难检)
data/redteam/factory/edgetts/mandarin/edgetts_mandarin_zh-CN-YunyangNeural_SC-000176.wav,edgetts,mandarin,SC-000176,zh-CN-YunyangNeural,0.0898,隐蔽(难检)
data/redteam/factory/edgetts/minnan/edgetts_minnan_zh-TW-YunJheNeural_SC-000694.wav,edgetts,minnan,SC-000694,zh-TW-YunJheNeural,0.0899,隐蔽(难检)
data/redteam/factory/edgetts/minnan/edgetts_minnan_zh-TW-YunJheNeural_SC-001308.wav,edgetts,minnan,SC-001308,zh-TW-YunJheNeural,0.0899,隐蔽(难检)
data/redteam/factory/edgetts/minnan/edgetts_minnan_zh-TW-YunJheNeural_SC-000013.wav,edgetts,minnan,SC-000013,zh-TW-YunJheNeural,0.09,隐蔽(难检)
data/redteam/factory/edgetts/cantonese/edgetts_cantonese_zh-HK-WanLungNeural_SC-001169.wav,edgetts,cantonese,SC-001169,zh-HK-WanLungNeural,0.09,隐蔽(难检)
data/redteam/factory/edgetts/minnan/edgetts_minnan_zh-TW-YunJheNeural_SC-001229.wav,edgetts,minnan,SC-001229,zh-TW-YunJheNeural,0.09,隐蔽(难检)
data/redteam/factory/edgetts/minnan/edgetts_minnan_zh-TW-YunJheNeural_SC-000504.wav,edgetts,minnan,SC-000504,zh-TW-YunJheNeural,0.0902,隐蔽(难检)
data/redteam/factory/edgetts/minnan/edgetts_minnan_zh-TW-HsiaoChenNeural_SC-000465.wav,edgetts,minnan,SC-000465,zh-TW-HsiaoChenNeural,0.0903,隐蔽(难检)
data/redteam/factory/edgetts/mandarin/edgetts_mandarin_zh-CN-XiaoxiaoNeural_SC-000424.wav,edgetts,mandarin,SC-000424,zh-CN-XiaoxiaoNeural,0.0903,隐蔽(难检)
data/redteam/factory/edgetts/mandarin/edgetts_mandarin_zh-CN-YunxiNeural_SC-000357.wav,edgetts,mandarin,SC-000357,zh-CN-YunxiNeural,0.0904,隐蔽(难检)
data/redteam/factory/sovits_api/henan/sovits_api_henan_ref_boot_edgetts_henan_zh-CN-shaanxi-XiaoniNeural_SC-000009_seg8s_SC-000217.wav,sovits_api,henan,SC-000217,ref_boot_edgetts_henan_zh-CN-shaanxi-XiaoniNeural_SC-000009_seg8s,0.0905,隐蔽(难检)
data/redteam/factory/edgetts/cantonese/edgetts_cantonese_zh-HK-WanLungNeural_SC-001263.wav,edgetts,cantonese,SC-001263,zh-HK-WanLungNeural,0.0906,隐蔽(难检)
data/redteam/factory/edgetts/mandarin/edgetts_mandarin_zh-CN-YunjianNeural_SC-000223.wav,edgetts,mandarin,SC-000223,zh-CN-YunjianNeural,0.0906,隐蔽(难检)
data/redteam/factory/edgetts/minnan/edgetts_minnan_zh-TW-YunJheNeural_SC-001093.wav,edgetts,minnan,SC-001093,zh-TW-YunJheNeural,0.0906,隐蔽(难检)
data/redteam/factory/edgetts/mandarin/edgetts_mandarin_zh-CN-XiaoxiaoNeural_SC-000004.wav,edgetts,mandarin,SC-000004,zh-CN-XiaoxiaoNeural,0.0908,隐蔽(难检)
data/redteam/factory/edgetts/sichuan/edgetts_sichuan_zh-CN-XiaoxiaoNeural_SC-000004.wav,edgetts,sichuan,SC-000004,zh-CN-XiaoxiaoNeural,0.0908,隐蔽(难检)
data/redteam/factory/edgetts/sichuan/edgetts_sichuan_zh-CN-YunxiNeural_SC-001055.wav,edgetts,sichuan,SC-001055,zh-CN-YunxiNeural,0.0908,隐蔽(难检)
data/redteam/factory/sovits_api/cantonese/sovits_api_cantonese_ref_boot_edgetts_cantonese_zh-HK-WanLungNeural_SC-000005_seg8s_SC-000187.wav,sovits_api,cantonese,SC-000187,ref_boot_edgetts_cantonese_zh-HK-WanLungNeural_SC-000005_seg8s,0.0909,隐蔽(难检)
data/redteam/factory/edgetts/henan/edgetts_henan_zh-CN-shaanxi-XiaoniNeural_SC-000122.wav,edgetts,henan,SC-000122,zh-CN-shaanxi-XiaoniNeural,0.0911,隐蔽(难检)
data/redteam/factory/edgetts/mandarin/edgetts_mandarin_zh-CN-YunyangNeural_SC-000510.wav,edgetts,mandarin,SC-000510,zh-CN-YunyangNeural,0.0911,隐蔽(难检)
data/redteam/factory/edgetts/minnan/edgetts_minnan_zh-TW-YunJheNeural_SC-000498.wav,edgetts,minnan,SC-000498,zh-TW-YunJheNeural,0.0914,隐蔽(难检)
data/redteam/factory/edgetts/minnan/edgetts_minnan_zh-TW-HsiaoChenNeural_SC-000574.wav,edgetts,minnan,SC-000574,zh-TW-HsiaoChenNeural,0.0914,隐蔽(难检)
data/redteam/factory/edgetts/minnan/edgetts_minnan_zh-TW-YunJheNeural_SC-000394.wav,edgetts,minnan,SC-000394,zh-TW-YunJheNeural,0.0917,隐蔽(难检)
data/redteam/factory/edgetts/minnan/edgetts_minnan_zh-TW-HsiaoChenNeural_SC-000816.wav,edgetts,minnan,SC-000816,zh-TW-HsiaoChenNeural,0.0917,隐蔽(难检)
data/redteam/factory/sovits_api/henan/sovits_api_henan_ref_boot_edgetts_henan_zh-CN-shaanxi-XiaoniNeural_SC-000009_seg8s_SC-000009.wav,sovits_api,henan,SC-000009,ref_boot_edgetts_henan_zh-CN-shaanxi-XiaoniNeural_SC-000009_seg8s,0.0918,隐蔽(难检)
data/redteam/factory/edgetts/henan/edgetts_henan_zh-CN-shaanxi-XiaoniNeural_SC-000638.wav,edgetts,henan,SC-000638,zh-CN-shaanxi-XiaoniNeural,0.0919,隐蔽(难检)
data/redteam/factory/edgetts/minnan/edgetts_minnan_zh-TW-HsiaoChenNeural_SC-000003.wav,edgetts,minnan,SC-000003,zh-TW-HsiaoChenNeural,0.092,隐蔽(难检)
data/redteam/factory/edgetts/minnan/edgetts_minnan_zh-TW-HsiaoChenNeural_SC-000478.wav,edgetts,minnan,SC-000478,zh-TW-HsiaoChenNeural,0.092,隐蔽(难检)
data/redteam/factory/edgetts/minnan/edgetts_minnan_zh-TW-YunJheNeural_SC-000130.wav,edgetts,minnan,SC-000130,zh-TW-YunJheNeural,0.092,隐蔽(难检)
data/redteam/factory/edgetts/mandarin/edgetts_mandarin_zh-CN-YunxiNeural_SC-000437.wav,edgetts,mandarin,SC-000437,zh-CN-YunxiNeural,0.092,隐蔽(难检)
data/redteam/factory/edgetts/sichuan/edgetts_sichuan_zh-CN-XiaoxiaoNeural_SC-000535.wav,edgetts,sichuan,SC-000535,zh-CN-XiaoxiaoNeural,0.0921,隐蔽(难检)
data/redteam/factory/edgetts/minnan/edgetts_minnan_zh-TW-YunJheNeural_SC-000218.wav,edgetts,minnan,SC-000218,zh-TW-YunJheNeural,0.0922,隐蔽(难检)
data/redteam/factory/sovits_api/mandarin/sovits_api_mandarin_ref_boot_edgetts_mandarin_zh-CN-XiaoxiaoNeural_SC-000007_seg8s_SC-000093.wav,sovits_api,mandarin,SC-000093,ref_boot_edgetts_mandarin_zh-CN-XiaoxiaoNeural_SC-000007_seg8s,0.0922,隐蔽(难检)
data/redteam/factory/edgetts/minnan/edgetts_minnan_zh-TW-HsiaoChenNeural_SC-000864.wav,edgetts,minnan,SC-000864,zh-TW-HsiaoChenNeural,0.0923,隐蔽(难检)
data/redteam/factory/edgetts/sichuan/edgetts_sichuan_zh-CN-YunxiNeural_SC-000622.wav,edgetts,sichuan,SC-000622,zh-CN-YunxiNeural,0.0923,隐蔽(难检)
data/redteam/factory/edgetts/henan/edgetts_henan_zh-CN-shaanxi-XiaoniNeural_SC-001168.wav,edgetts,henan,SC-001168,zh-CN-shaanxi-XiaoniNeural,0.0924,隐蔽(难检)
data/redteam/factory/edgetts/dongbei/edgetts_dongbei_zh-CN-liaoning-XiaobeiNeural_SC-001450.wav,edgetts,dongbei,SC-001450,zh-CN-liaoning-XiaobeiNeural,0.0925,隐蔽(难检)
data/redteam/factory/edgetts/minnan/edgetts_minnan_zh-TW-YunJheNeural_SC-001513.wav,edgetts,minnan,SC-001513,zh-TW-YunJheNeural,0.0926,隐蔽(难检)
data/redteam/factory/edgetts/dongbei/edgetts_dongbei_zh-CN-liaoning-XiaobeiNeural_SC-001671.wav,edgetts,dongbei,SC-001671,zh-CN-liaoning-XiaobeiNeural,0.0927,隐蔽(难检)
data/redteam/factory/edgetts/dongbei/edgetts_dongbei_zh-CN-liaoning-XiaobeiNeural_SC-000015.wav,edgetts,dongbei,SC-000015,zh-CN-liaoning-XiaobeiNeural,0.0928,隐蔽(难检)
data/redteam/factory/edgetts/henan/edgetts_henan_zh-CN-shaanxi-XiaoniNeural_SC-000815.wav,edgetts,henan,SC-000815,zh-CN-shaanxi-XiaoniNeural,0.0928,隐蔽(难检)
data/redteam/factory/edgetts/minnan/edgetts_minnan_zh-TW-HsiaoChenNeural_SC-001415.wav,edgetts,minnan,SC-001415,zh-TW-HsiaoChenNeural,0.0928,隐蔽(难检)
data/redteam/factory/edgetts/cantonese/edgetts_cantonese_zh-HK-HiuMaanNeural_SC-000752.wav,edgetts,cantonese,SC-000752,zh-HK-HiuMaanNeural,0.0928,隐蔽(难检)
data/redteam/factory/edgetts/minnan/edgetts_minnan_zh-TW-HsiaoChenNeural_SC-000882.wav,edgetts,minnan,SC-000882,zh-TW-HsiaoChenNeural,0.0928,隐蔽(难检)
data/redteam/factory/edgetts/sichuan/edgetts_sichuan_zh-CN-YunxiNeural_SC-000849.wav,edgetts,sichuan,SC-000849,zh-CN-YunxiNeural,0.0929,隐蔽(难检)
data/redteam/factory/sovits_api/minnan/sovits_api_minnan_ref_boot_edgetts_minnan_zh-TW-YunJheNeural_SC-000001_SC-000394.wav,sovits_api,minnan,SC-000394,ref_boot_edgetts_minnan_zh-TW-YunJheNeural_SC-000001,0.0929,隐蔽(难检)
data/redteam/factory/edgetts/minnan/edgetts_minnan_zh-TW-YunJheNeural_SC-001483.wav,edgetts,minnan,SC-001483,zh-TW-YunJheNeural,0.093,隐蔽(难检)
data/redteam/factory/edgetts/minnan/edgetts_minnan_zh-TW-HsiaoChenNeural_SC-000653.wav,edgetts,minnan,SC-000653,zh-TW-HsiaoChenNeural,0.093,隐蔽(难检)
data/redteam/factory/edgetts/dongbei/edgetts_dongbei_zh-CN-liaoning-XiaobeiNeural_SC-000343.wav,edgetts,dongbei,SC-000343,zh-CN-liaoning-XiaobeiNeural,0.0931,隐蔽(难检)
data/redteam/factory/edgetts/sichuan/edgetts_sichuan_zh-CN-XiaoxiaoNeural_SC-000199.wav,edgetts,sichuan,SC-000199,zh-CN-XiaoxiaoNeural,0.0932,隐蔽(难检)
data/redteam/factory/edgetts/dongbei/edgetts_dongbei_zh-CN-liaoning-XiaobeiNeural_SC-000748.wav,edgetts,dongbei,SC-000748,zh-CN-liaoning-XiaobeiNeural,0.0932,隐蔽(难检)
data/redteam/factory/sovits_api/minnan/sovits_api_minnan_ref_boot_edgetts_minnan_zh-TW-YunJheNeural_SC-000001_SC-000391.wav,sovits_api,minnan,SC-000391,ref_boot_edgetts_minnan_zh-TW-YunJheNeural_SC-000001,0.0932,隐蔽(难检)
data/redteam/factory/sovits_api/cantonese/sovits_api_cantonese_ref_boot_edgetts_cantonese_zh-HK-HiuMaanNeural_SC-000005_seg8s_SC-000040.wav,sovits_api,cantonese,SC-000040,ref_boot_edgetts_cantonese_zh-HK-HiuMaanNeural_SC-000005_seg8s,0.0933,隐蔽(难检)
data/redteam/factory/edgetts/minnan/edgetts_minnan_zh-TW-YunJheNeural_SC-000002.wav,edgetts,minnan,SC-000002,zh-TW-YunJheNeural,0.0934,隐蔽(难检)
data/redteam/factory/edgetts/minnan/edgetts_minnan_zh-TW-HsiaoChenNeural_SC-001093.wav,edgetts,minnan,SC-001093,zh-TW-HsiaoChenNeural,0.0934,隐蔽(难检)
data/redteam/factory/edgetts/dongbei/edgetts_dongbei_zh-CN-liaoning-XiaobeiNeural_SC-000006.wav,edgetts,dongbei,SC-000006,zh-CN-liaoning-XiaobeiNeural,0.0935,隐蔽(难检)
data/redteam/factory/edgetts/mandarin/edgetts_mandarin_zh-CN-YunyangNeural_SC-000008.wav,edgetts,mandarin,SC-000008,zh-CN-YunyangNeural,0.0936,隐蔽(难检)
data/redteam/factory/edgetts/cantonese/edgetts_cantonese_zh-HK-WanLungNeural_SC-000950.wav,edgetts,cantonese,SC-000950,zh-HK-WanLungNeural,0.0936,隐蔽(难检)
data/redteam/factory/edgetts/minnan/edgetts_minnan_zh-TW-HsiaoChenNeural_SC-000005.wav,edgetts,minnan,SC-000005,zh-TW-HsiaoChenNeural,0.0937,隐蔽(难检)
data/redteam/factory/edgetts/minnan/edgetts_minnan_zh-TW-HsiaoChenNeural_SC-001279.wav,edgetts,minnan,SC-001279,zh-TW-HsiaoChenNeural,0.0937,隐蔽(难检)
data/redteam/factory/edgetts/cantonese/edgetts_cantonese_zh-HK-WanLungNeural_SC-001283.wav,edgetts,cantonese,SC-001283,zh-HK-WanLungNeural,0.0938,隐蔽(难检)
data/redteam/factory/edgetts/mandarin/edgetts_mandarin_zh-CN-YunyangNeural_SC-000019.wav,edgetts,mandarin,SC-000019,zh-CN-YunyangNeural,0.0939,隐蔽(难检)
data/redteam/factory/edgetts/mandarin/edgetts_mandarin_zh-CN-YunyangNeural_SC-000280.wav,edgetts,mandarin,SC-000280,zh-CN-YunyangNeural,0.0939,隐蔽(难检)
data/redteam/factory/edgetts/dongbei/edgetts_dongbei_zh-CN-liaoning-XiaobeiNeural_SC-000167.wav,edgetts,dongbei,SC-000167,zh-CN-liaoning-XiaobeiNeural,0.094,隐蔽(难检)
data/redteam/factory/edgetts/sichuan/edgetts_sichuan_zh-CN-YunxiNeural_SC-000659.wav,edgetts,sichuan,SC-000659,zh-CN-YunxiNeural,0.094,隐蔽(难检)
data/redteam/factory/edgetts/minnan/edgetts_minnan_zh-TW-YunJheNeural_SC-001237.wav,edgetts,minnan,SC-001237,zh-TW-YunJheNeural,0.094,隐蔽(难检)
data/redteam/factory/sovits_api/mandarin/sovits_api_mandarin_ref_boot_edgetts_mandarin_zh-CN-XiaoxiaoNeural_SC-000007_seg8s_SC-000034.wav,sovits_api,mandarin,SC-000034,ref_boot_edgetts_mandarin_zh-CN-XiaoxiaoNeural_SC-000007_seg8s,0.094,隐蔽(难检)
data/redteam/factory/sovits_api/sichuan/sovits_api_sichuan_ref_boot_edgetts_sichuan_zh-CN-XiaoxiaoNeural_SC-000010_SC-000254.wav,sovits_api,sichuan,SC-000254,ref_boot_edgetts_sichuan_zh-CN-XiaoxiaoNeural_SC-000010,0.094,隐蔽(难检)
data/redteam/factory/edgetts/cantonese/edgetts_cantonese_zh-HK-WanLungNeural_SC-000012.wav,edgetts,cantonese,SC-000012,zh-HK-WanLungNeural,0.0943,隐蔽(难检)
data/redteam/factory/edgetts/minnan/edgetts_minnan_zh-TW-YunJheNeural_SC-001087.wav,edgetts,minnan,SC-001087,zh-TW-YunJheNeural,0.0943,隐蔽(难检)
data/redteam/factory/edgetts/mandarin/edgetts_mandarin_zh-CN-XiaoxiaoNeural_SC-000260.wav,edgetts,mandarin,SC-000260,zh-CN-XiaoxiaoNeural,0.0943,隐蔽(难检)
data/redteam/factory/edgetts/mandarin/edgetts_mandarin_zh-CN-YunjianNeural_SC-000026.wav,edgetts,mandarin,SC-000026,zh-CN-YunjianNeural,0.0944,隐蔽(难检)
data/redteam/factory/edgetts/sichuan/edgetts_sichuan_zh-CN-XiaoxiaoNeural_SC-000467.wav,edgetts,sichuan,SC-000467,zh-CN-XiaoxiaoNeural,0.0944,隐蔽(难检)
data/redteam/factory/edgetts/minnan/edgetts_minnan_zh-TW-YunJheNeural_SC-001110.wav,edgetts,minnan,SC-001110,zh-TW-YunJheNeural,0.0944,隐蔽(难检)
data/redteam/factory/sovits_api/minnan/sovits_api_minnan_ref_boot_edgetts_minnan_zh-TW-HsiaoChenNeural_SC-000001_SC-000055.wav,sovits_api,minnan,SC-000055,ref_boot_edgetts_minnan_zh-TW-HsiaoChenNeural_SC-000001,0.0944,隐蔽(难检)
data/redteam/factory/edgetts/minnan/edgetts_minnan_zh-TW-HsiaoChenNeural_SC-000014.wav,edgetts,minnan,SC-000014,zh-TW-HsiaoChenNeural,0.0945,隐蔽(难检)
data/redteam/factory/edgetts/minnan/edgetts_minnan_zh-TW-YunJheNeural_SC-000369.wav,edgetts,minnan,SC-000369,zh-TW-YunJheNeural,0.0945,隐蔽(难检)
data/redteam/factory/edgetts/mandarin/edgetts_mandarin_zh-CN-YunyangNeural_SC-000462.wav,edgetts,mandarin,SC-000462,zh-CN-YunyangNeural,0.0946,隐蔽(难检)
data/redteam/factory/edgetts/dongbei/edgetts_dongbei_zh-CN-liaoning-XiaobeiNeural_SC-000681.wav,edgetts,dongbei,SC-000681,zh-CN-liaoning-XiaobeiNeural,0.0946,隐蔽(难检)
data/redteam/factory/edgetts/minnan/edgetts_minnan_zh-TW-YunJheNeural_SC-000391.wav,edgetts,minnan,SC-000391,zh-TW-YunJheNeural,0.0948,隐蔽(难检)
data/redteam/factory/edgetts/sichuan/edgetts_sichuan_zh-CN-YunxiNeural_SC-000380.wav,edgetts,sichuan,SC-000380,zh-CN-YunxiNeural,0.0949,隐蔽(难检)
data/redteam/factory/edgetts/minnan/edgetts_minnan_zh-TW-YunJheNeural_SC-000423.wav,edgetts,minnan,SC-000423,zh-TW-YunJheNeural,0.0952,隐蔽(难检)
data/redteam/factory/edgetts/dongbei/edgetts_dongbei_zh-CN-liaoning-XiaobeiNeural_SC-001643.wav,edgetts,dongbei,SC-001643,zh-CN-liaoning-XiaobeiNeural,0.0952,隐蔽(难检)
data/redteam/factory/edgetts/mandarin/edgetts_mandarin_zh-CN-YunxiNeural_SC-000377.wav,edgetts,mandarin,SC-000377,zh-CN-YunxiNeural,0.0952,隐蔽(难检)
data/redteam/factory/edgetts/henan/edgetts_henan_zh-CN-shaanxi-XiaoniNeural_SC-000805.wav,edgetts,henan,SC-000805,zh-CN-shaanxi-XiaoniNeural,0.0952,隐蔽(难检)
data/redteam/factory/edgetts/minnan/edgetts_minnan_zh-TW-HsiaoChenNeural_SC-001136.wav,edgetts,minnan,SC-001136,zh-TW-HsiaoChenNeural,0.0953,隐蔽(难检)
data/redteam/factory/edgetts/minnan/edgetts_minnan_zh-TW-YunJheNeural_SC-000750.wav,edgetts,minnan,SC-000750,zh-TW-YunJheNeural,0.0954,隐蔽(难检)
data/redteam/factory/edgetts/sichuan/edgetts_sichuan_zh-CN-XiaoxiaoNeural_SC-000186.wav,edgetts,sichuan,SC-000186,zh-CN-XiaoxiaoNeural,0.0955,隐蔽(难检)
data/redteam/factory/edgetts/mandarin/edgetts_mandarin_zh-CN-YunxiNeural_SC-000502.wav,edgetts,mandarin,SC-000502,zh-CN-YunxiNeural,0.0955,隐蔽(难检)
data/redteam/factory/sovits_api/mandarin/sovits_api_mandarin_ref_boot_edgetts_mandarin_zh-CN-XiaoxiaoNeural_SC-000007_seg8s_SC-000044.wav,sovits_api,mandarin,SC-000044,ref_boot_edgetts_mandarin_zh-CN-XiaoxiaoNeural_SC-000007_seg8s,0.0955,隐蔽(难检)
data/redteam/factory/edgetts/dongbei/edgetts_dongbei_zh-CN-liaoning-XiaobeiNeural_SC-001710.wav,edgetts,dongbei,SC-001710,zh-CN-liaoning-XiaobeiNeural,0.0956,隐蔽(难检)
data/redteam/factory/edgetts/mandarin/edgetts_mandarin_zh-CN-YunxiNeural_SC-000235.wav,edgetts,mandarin,SC-000235,zh-CN-YunxiNeural,0.0957,隐蔽(难检)
data/redteam/factory/edgetts/minnan/edgetts_minnan_zh-TW-HsiaoChenNeural_SC-001397.wav,edgetts,minnan,SC-001397,zh-TW-HsiaoChenNeural,0.0958,隐蔽(难检)
data/redteam/factory/sovits_api/cantonese/sovits_api_cantonese_ref_boot_edgetts_cantonese_zh-HK-HiuMaanNeural_SC-000005_seg8s_SC-000145.wav,sovits_api,cantonese,SC-000145,ref_boot_edgetts_cantonese_zh-HK-HiuMaanNeural_SC-000005_seg8s,0.0958,隐蔽(难检)
data/redteam/factory/edgetts/cantonese/edgetts_cantonese_zh-HK-HiuMaanNeural_SC-000810.wav,edgetts,cantonese,SC-000810,zh-HK-HiuMaanNeural,0.0959,隐蔽(难检)
data/redteam/factory/edgetts/henan/edgetts_henan_zh-CN-shaanxi-XiaoniNeural_SC-000517.wav,edgetts,henan,SC-000517,zh-CN-shaanxi-XiaoniNeural,0.096,隐蔽(难检)
data/redteam/factory/sovits_api/sichuan/sovits_api_sichuan_ref_boot_edgetts_sichuan_zh-CN-YunxiNeural_SC-000010_SC-000268.wav,sovits_api,sichuan,SC-000268,ref_boot_edgetts_sichuan_zh-CN-YunxiNeural_SC-000010,0.096,隐蔽(难检)
data/redteam/factory/sovits_api/minnan/sovits_api_minnan_ref_boot_edgetts_minnan_zh-TW-HsiaoChenNeural_SC-000001_SC-000237.wav,sovits_api,minnan,SC-000237,ref_boot_edgetts_minnan_zh-TW-HsiaoChenNeural_SC-000001,0.0961,隐蔽(难检)
data/redteam/factory/sovits_api/cantonese/sovits_api_cantonese_ref_boot_edgetts_cantonese_zh-HK-HiuMaanNeural_SC-000005_seg8s_SC-000140.wav,sovits_api,cantonese,SC-000140,ref_boot_edgetts_cantonese_zh-HK-HiuMaanNeural_SC-000005_seg8s,0.0961,隐蔽(难检)
data/redteam/factory/edgetts/minnan/edgetts_minnan_zh-TW-HsiaoChenNeural_SC-000029.wav,edgetts,minnan,SC-000029,zh-TW-HsiaoChenNeural,0.0962,隐蔽(难检)
data/redteam/factory/edgetts/mandarin/edgetts_mandarin_zh-CN-YunxiNeural_SC-000096.wav,edgetts,mandarin,SC-000096,zh-CN-YunxiNeural,0.0962,隐蔽(难检)
data/redteam/factory/edgetts/sichuan/edgetts_sichuan_zh-CN-YunxiNeural_SC-001296.wav,edgetts,sichuan,SC-001296,zh-CN-YunxiNeural,0.0962,隐蔽(难检)
data/redteam/factory/edgetts/henan/edgetts_henan_zh-CN-shaanxi-XiaoniNeural_SC-000008.wav,edgetts,henan,SC-000008,zh-CN-shaanxi-XiaoniNeural,0.0964,隐蔽(难检)
data/redteam/factory/edgetts/dongbei/edgetts_dongbei_zh-CN-liaoning-XiaobeiNeural_SC-000225.wav,edgetts,dongbei,SC-000225,zh-CN-liaoning-XiaobeiNeural,0.0964,隐蔽(难检)
data/redteam/factory/sovits_api/sichuan/sovits_api_sichuan_ref_boot_edgetts_sichuan_zh-CN-YunxiNeural_SC-000010_SC-000179.wav,sovits_api,sichuan,SC-000179,ref_boot_edgetts_sichuan_zh-CN-YunxiNeural_SC-000010,0.0964,隐蔽(难检)
data/redteam/factory/edgetts/minnan/edgetts_minnan_zh-TW-YunJheNeural_SC-000767.wav,edgetts,minnan,SC-000767,zh-TW-YunJheNeural,0.0965,隐蔽(难检)
data/redteam/factory/edgetts/henan/edgetts_henan_zh-CN-shaanxi-XiaoniNeural_SC-000027.wav,edgetts,henan,SC-000027,zh-CN-shaanxi-XiaoniNeural,0.0966,隐蔽(难检)
data/redteam/factory/edgetts/minnan/edgetts_minnan_zh-TW-HsiaoChenNeural_SC-000422.wav,edgetts,minnan,SC-000422,zh-TW-HsiaoChenNeural,0.0966,隐蔽(难检)
data/redteam/factory/edgetts/cantonese/edgetts_cantonese_zh-HK-HiuMaanNeural_SC-000580.wav,edgetts,cantonese,SC-000580,zh-HK-HiuMaanNeural,0.0966,隐蔽(难检)
data/redteam/factory/edgetts/dongbei/edgetts_dongbei_zh-CN-liaoning-XiaobeiNeural_SC-000026.wav,edgetts,dongbei,SC-000026,zh-CN-liaoning-XiaobeiNeural,0.0968,隐蔽(难检)
data/redteam/factory/edgetts/cantonese/edgetts_cantonese_zh-HK-WanLungNeural_SC-000027.wav,edgetts,cantonese,SC-000027,zh-HK-WanLungNeural,0.0969,隐蔽(难检)
data/redteam/factory/edgetts/sichuan/edgetts_sichuan_zh-CN-YunxiNeural_SC-000215.wav,edgetts,sichuan,SC-000215,zh-CN-YunxiNeural,0.0969,隐蔽(难检)
data/redteam/factory/edgetts/mandarin/edgetts_mandarin_zh-CN-XiaoxiaoNeural_SC-000309.wav,edgetts,mandarin,SC-000309,zh-CN-XiaoxiaoNeural,0.097,隐蔽(难检)
data/redteam/factory/edgetts/minnan/edgetts_minnan_zh-TW-HsiaoChenNeural_SC-001414.wav,edgetts,minnan,SC-001414,zh-TW-HsiaoChenNeural,0.097,隐蔽(难检)
data/redteam/factory/edgetts/sichuan/edgetts_sichuan_zh-CN-YunxiNeural_SC-000076.wav,edgetts,sichuan,SC-000076,zh-CN-YunxiNeural,0.0971,隐蔽(难检)
data/redteam/factory/edgetts/minnan/edgetts_minnan_zh-TW-YunJheNeural_SC-000010.wav,edgetts,minnan,SC-000010,zh-TW-YunJheNeural,0.0973,隐蔽(难检)
data/redteam/factory/edgetts/minnan/edgetts_minnan_zh-TW-HsiaoChenNeural_SC-000063.wav,edgetts,minnan,SC-000063,zh-TW-HsiaoChenNeural,0.0973,隐蔽(难检)
data/redteam/factory/edgetts/dongbei/edgetts_dongbei_zh-CN-liaoning-XiaobeiNeural_SC-000869.wav,edgetts,dongbei,SC-000869,zh-CN-liaoning-XiaobeiNeural,0.0974,隐蔽(难检)
data/redteam/factory/edgetts/mandarin/edgetts_mandarin_zh-CN-XiaoxiaoNeural_SC-000012.wav,edgetts,mandarin,SC-000012,zh-CN-XiaoxiaoNeural,0.0975,隐蔽(难检)
data/redteam/factory/edgetts/sichuan/edgetts_sichuan_zh-CN-XiaoxiaoNeural_SC-000012.wav,edgetts,sichuan,SC-000012,zh-CN-XiaoxiaoNeural,0.0975,隐蔽(难检)
data/redteam/factory/edgetts/sichuan/edgetts_sichuan_zh-CN-YunxiNeural_SC-001126.wav,edgetts,sichuan,SC-001126,zh-CN-YunxiNeural,0.0977,隐蔽(难检)
data/redteam/factory/edgetts/sichuan/edgetts_sichuan_zh-CN-XiaoxiaoNeural_SC-000475.wav,edgetts,sichuan,SC-000475,zh-CN-XiaoxiaoNeural,0.0977,隐蔽(难检)
data/redteam/factory/sovits_api/mandarin/sovits_api_mandarin_ref_boot_edgetts_mandarin_zh-CN-XiaoxiaoNeural_SC-000007_seg8s_SC-000065.wav,sovits_api,mandarin,SC-000065,ref_boot_edgetts_mandarin_zh-CN-XiaoxiaoNeural_SC-000007_seg8s,0.0977,隐蔽(难检)
data/redteam/factory/edgetts/dongbei/edgetts_dongbei_zh-CN-liaoning-XiaobeiNeural_SC-000002.wav,edgetts,dongbei,SC-000002,zh-CN-liaoning-XiaobeiNeural,0.098,隐蔽(难检)
data/redteam/factory/edgetts/cantonese/edgetts_cantonese_zh-HK-HiuMaanNeural_SC-000912.wav,edgetts,cantonese,SC-000912,zh-HK-HiuMaanNeural,0.0982,隐蔽(难检)
data/redteam/factory/edgetts/minnan/edgetts_minnan_zh-TW-HsiaoChenNeural_SC-000143.wav,edgetts,minnan,SC-000143,zh-TW-HsiaoChenNeural,0.0984,隐蔽(难检)
data/redteam/factory/edgetts/henan/edgetts_henan_zh-CN-shaanxi-XiaoniNeural_SC-000613.wav,edgetts,henan,SC-000613,zh-CN-shaanxi-XiaoniNeural,0.0984,隐蔽(难检)
data/redteam/factory/edgetts/dongbei/edgetts_dongbei_zh-CN-liaoning-XiaobeiNeural_SC-001221.wav,edgetts,dongbei,SC-001221,zh-CN-liaoning-XiaobeiNeural,0.0984,隐蔽(难检)
data/redteam/factory/edgetts/minnan/edgetts_minnan_zh-TW-HsiaoChenNeural_SC-000394.wav,edgetts,minnan,SC-000394,zh-TW-HsiaoChenNeural,0.0986,隐蔽(难检)
data/redteam/factory/edgetts/minnan/edgetts_minnan_zh-TW-HsiaoChenNeural_SC-000387.wav,edgetts,minnan,SC-000387,zh-TW-HsiaoChenNeural,0.0988,隐蔽(难检)
data/redteam/factory/edgetts/mandarin/edgetts_mandarin_zh-CN-YunyangNeural_SC-000018.wav,edgetts,mandarin,SC-000018,zh-CN-YunyangNeural,0.0989,隐蔽(难检)
data/redteam/factory/edgetts/mandarin/edgetts_mandarin_zh-CN-YunjianNeural_SC-000483.wav,edgetts,mandarin,SC-000483,zh-CN-YunjianNeural,0.099,隐蔽(难检)
data/redteam/factory/edgetts/minnan/edgetts_minnan_zh-TW-YunJheNeural_SC-000958.wav,edgetts,minnan,SC-000958,zh-TW-YunJheNeural,0.099,隐蔽(难检)
data/redteam/factory/edgetts/minnan/edgetts_minnan_zh-TW-HsiaoChenNeural_SC-001215.wav,edgetts,minnan,SC-001215,zh-TW-HsiaoChenNeural,0.0991,隐蔽(难检)
data/redteam/factory/edgetts/dongbei/edgetts_dongbei_zh-CN-liaoning-XiaobeiNeural_SC-000764.wav,edgetts,dongbei,SC-000764,zh-CN-liaoning-XiaobeiNeural,0.0994,隐蔽(难检)
data/redteam/factory/edgetts/minnan/edgetts_minnan_zh-TW-HsiaoChenNeural_SC-001103.wav,edgetts,minnan,SC-001103,zh-TW-HsiaoChenNeural,0.0994,隐蔽(难检)
data/redteam/factory/sovits_api/sichuan/sovits_api_sichuan_ref_boot_edgetts_sichuan_zh-CN-YunxiNeural_SC-000010_SC-000042.wav,sovits_api,sichuan,SC-000042,ref_boot_edgetts_sichuan_zh-CN-YunxiNeural_SC-000010,0.0994,隐蔽(难检)
data/redteam/factory/edgetts/minnan/edgetts_minnan_zh-TW-HsiaoChenNeural_SC-001513.wav,edgetts,minnan,SC-001513,zh-TW-HsiaoChenNeural,0.0995,隐蔽(难检)
data/redteam/factory/edgetts/sichuan/edgetts_sichuan_zh-CN-XiaoxiaoNeural_SC-000927.wav,edgetts,sichuan,SC-000927,zh-CN-XiaoxiaoNeural,0.0995,隐蔽(难检)
data/redteam/factory/edgetts/minnan/edgetts_minnan_zh-TW-YunJheNeural_SC-000445.wav,edgetts,minnan,SC-000445,zh-TW-YunJheNeural,0.0996,隐蔽(难检)
data/redteam/factory/edgetts/minnan/edgetts_minnan_zh-TW-HsiaoChenNeural_SC-001011.wav,edgetts,minnan,SC-001011,zh-TW-HsiaoChenNeural,0.0998,隐蔽(难检)
data/redteam/factory/edgetts/cantonese/edgetts_cantonese_zh-HK-HiuMaanNeural_SC-001118.wav,edgetts,cantonese,SC-001118,zh-HK-HiuMaanNeural,0.0998,隐蔽(难检)
data/redteam/factory/edgetts/minnan/edgetts_minnan_zh-TW-YunJheNeural_SC-000705.wav,edgetts,minnan,SC-000705,zh-TW-YunJheNeural,0.1,隐蔽(难检)
data/redteam/factory/sovits_api/sichuan/sovits_api_sichuan_ref_boot_edgetts_sichuan_zh-CN-XiaoxiaoNeural_SC-000010_SC-000178.wav,sovits_api,sichuan,SC-000178,ref_boot_edgetts_sichuan_zh-CN-XiaoxiaoNeural_SC-000010,0.1,隐蔽(难检)
data/redteam/factory/edgetts/minnan/edgetts_minnan_zh-TW-HsiaoChenNeural_SC-000546.wav,edgetts,minnan,SC-000546,zh-TW-HsiaoChenNeural,0.1002,隐蔽(难检)
data/redteam/factory/edgetts/minnan/edgetts_minnan_zh-TW-HsiaoChenNeural_SC-000023.wav,edgetts,minnan,SC-000023,zh-TW-HsiaoChenNeural,0.1003,隐蔽(难检)
data/redteam/factory/edgetts/mandarin/edgetts_mandarin_zh-CN-YunjianNeural_SC-000105.wav,edgetts,mandarin,SC-000105,zh-CN-YunjianNeural,0.1003,隐蔽(难检)
data/redteam/factory/edgetts/sichuan/edgetts_sichuan_zh-CN-YunxiNeural_SC-000632.wav,edgetts,sichuan,SC-000632,zh-CN-YunxiNeural,0.1003,隐蔽(难检)
data/redteam/factory/edgetts/mandarin/edgetts_mandarin_zh-CN-XiaoxiaoNeural_SC-000082.wav,edgetts,mandarin,SC-000082,zh-CN-XiaoxiaoNeural,0.1005,隐蔽(难检)
data/redteam/factory/sovits_api/minnan/sovits_api_minnan_ref_boot_edgetts_minnan_zh-TW-HsiaoChenNeural_SC-000001_SC-000323.wav,sovits_api,minnan,SC-000323,ref_boot_edgetts_minnan_zh-TW-HsiaoChenNeural_SC-000001,0.1005,隐蔽(难检)
data/redteam/factory/edgetts/mandarin/edgetts_mandarin_zh-CN-YunxiNeural_SC-000018.wav,edgetts,mandarin,SC-000018,zh-CN-YunxiNeural,0.1006,隐蔽(难检)
data/redteam/factory/edgetts/minnan/edgetts_minnan_zh-TW-HsiaoChenNeural_SC-000025.wav,edgetts,minnan,SC-000025,zh-TW-HsiaoChenNeural,0.1006,隐蔽(难检)
data/redteam/factory/edgetts/sichuan/edgetts_sichuan_zh-CN-YunxiNeural_SC-000018.wav,edgetts,sichuan,SC-000018,zh-CN-YunxiNeural,0.1006,隐蔽(难检)
data/redteam/factory/sovits_api/sichuan/sovits_api_sichuan_ref_boot_edgetts_sichuan_zh-CN-XiaoxiaoNeural_SC-000010_SC-000199.wav,sovits_api,sichuan,SC-000199,ref_boot_edgetts_sichuan_zh-CN-XiaoxiaoNeural_SC-000010,0.1006,隐蔽(难检)
data/redteam/factory/edgetts/mandarin/edgetts_mandarin_zh-CN-XiaoxiaoNeural_SC-000105.wav,edgetts,mandarin,SC-000105,zh-CN-XiaoxiaoNeural,0.1007,隐蔽(难检)
data/redteam/factory/sovits_api/minnan/sovits_api_minnan_ref_boot_edgetts_minnan_zh-TW-HsiaoChenNeural_SC-000001_SC-000392.wav,sovits_api,minnan,SC-000392,ref_boot_edgetts_minnan_zh-TW-HsiaoChenNeural_SC-000001,0.1007,隐蔽(难检)
data/redteam/factory/edgetts/mandarin/edgetts_mandarin_zh-CN-YunyangNeural_SC-000476.wav,edgetts,mandarin,SC-000476,zh-CN-YunyangNeural,0.1008,隐蔽(难检)
data/redteam/factory/edgetts/cantonese/edgetts_cantonese_zh-HK-HiuMaanNeural_SC-001244.wav,edgetts,cantonese,SC-001244,zh-HK-HiuMaanNeural,0.1009,隐蔽(难检)
data/redteam/factory/edgetts/mandarin/edgetts_mandarin_zh-CN-YunxiNeural_SC-000378.wav,edgetts,mandarin,SC-000378,zh-CN-YunxiNeural,0.1009,隐蔽(难检)
data/redteam/factory/edgetts/mandarin/edgetts_mandarin_zh-CN-YunxiNeural_SC-000035.wav,edgetts,mandarin,SC-000035,zh-CN-YunxiNeural,0.101,隐蔽(难检)
data/redteam/factory/edgetts/cantonese/edgetts_cantonese_zh-HK-HiuMaanNeural_SC-000793.wav,edgetts,cantonese,SC-000793,zh-HK-HiuMaanNeural,0.101,隐蔽(难检)
data/redteam/factory/edgetts/dongbei/edgetts_dongbei_zh-CN-liaoning-XiaobeiNeural_SC-000029.wav,edgetts,dongbei,SC-000029,zh-CN-liaoning-XiaobeiNeural,0.1011,隐蔽(难检)
data/redteam/factory/edgetts/minnan/edgetts_minnan_zh-TW-YunJheNeural_SC-001677.wav,edgetts,minnan,SC-001677,zh-TW-YunJheNeural,0.1011,隐蔽(难检)
data/redteam/factory/edgetts/mandarin/edgetts_mandarin_zh-CN-YunyangNeural_SC-000325.wav,edgetts,mandarin,SC-000325,zh-CN-YunyangNeural,0.1011,隐蔽(难检)
data/redteam/factory/sovits_api/sichuan/sovits_api_sichuan_ref_boot_edgetts_sichuan_zh-CN-YunxiNeural_SC-000010_SC-000062.wav,sovits_api,sichuan,SC-000062,ref_boot_edgetts_sichuan_zh-CN-YunxiNeural_SC-000010,0.1012,隐蔽(难检)
data/redteam/factory/sovits_api/mandarin/sovits_api_mandarin_ref_boot_edgetts_mandarin_zh-CN-XiaoxiaoNeural_SC-000007_seg8s_SC-000091.wav,sovits_api,mandarin,SC-000091,ref_boot_edgetts_mandarin_zh-CN-XiaoxiaoNeural_SC-000007_seg8s,0.1013,隐蔽(难检)
data/redteam/factory/edgetts/cantonese/edgetts_cantonese_zh-HK-WanLungNeural_SC-000006.wav,edgetts,cantonese,SC-000006,zh-HK-WanLungNeural,0.1015,隐蔽(难检)
data/redteam/factory/edgetts/minnan/edgetts_minnan_zh-TW-HsiaoChenNeural_SC-001447.wav,edgetts,minnan,SC-001447,zh-TW-HsiaoChenNeural,0.1015,隐蔽(难检)
data/redteam/factory/edgetts/minnan/edgetts_minnan_zh-TW-HsiaoChenNeural_SC-001582.wav,edgetts,minnan,SC-001582,zh-TW-HsiaoChenNeural,0.1015,隐蔽(难检)
data/redteam/factory/edgetts/sichuan/edgetts_sichuan_zh-CN-YunxiNeural_SC-001339.wav,edgetts,sichuan,SC-001339,zh-CN-YunxiNeural,0.1015,隐蔽(难检)
data/redteam/factory/edgetts/minnan/edgetts_minnan_zh-TW-YunJheNeural_SC-001414.wav,edgetts,minnan,SC-001414,zh-TW-YunJheNeural,0.1015,隐蔽(难检)
data/redteam/factory/edgetts/henan/edgetts_henan_zh-CN-shaanxi-XiaoniNeural_SC-000590.wav,edgetts,henan,SC-000590,zh-CN-shaanxi-XiaoniNeural,0.1015,隐蔽(难检)
data/redteam/factory/edgetts/minnan/edgetts_minnan_zh-TW-HsiaoChenNeural_SC-000605.wav,edgetts,minnan,SC-000605,zh-TW-HsiaoChenNeural,0.1015,隐蔽(难检)
data/redteam/factory/edgetts/dongbei/edgetts_dongbei_zh-CN-liaoning-XiaobeiNeural_SC-001437.wav,edgetts,dongbei,SC-001437,zh-CN-liaoning-XiaobeiNeural,0.1016,隐蔽(难检)
data/redteam/factory/edgetts/mandarin/edgetts_mandarin_zh-CN-YunyangNeural_SC-000166.wav,edgetts,mandarin,SC-000166,zh-CN-YunyangNeural,0.1017,隐蔽(难检)
data/redteam/factory/edgetts/minnan/edgetts_minnan_zh-TW-YunJheNeural_SC-000594.wav,edgetts,minnan,SC-000594,zh-TW-YunJheNeural,0.1017,隐蔽(难检)
data/redteam/factory/edgetts/minnan/edgetts_minnan_zh-TW-HsiaoChenNeural_SC-000740.wav,edgetts,minnan,SC-000740,zh-TW-HsiaoChenNeural,0.102,隐蔽(难检)
data/redteam/factory/edgetts/mandarin/edgetts_mandarin_zh-CN-XiaoxiaoNeural_SC-000230.wav,edgetts,mandarin,SC-000230,zh-CN-XiaoxiaoNeural,0.1021,隐蔽(难检)
data/redteam/factory/edgetts/henan/edgetts_henan_zh-CN-shaanxi-XiaoniNeural_SC-000039.wav,edgetts,henan,SC-000039,zh-CN-shaanxi-XiaoniNeural,0.1022,隐蔽(难检)
data/redteam/factory/edgetts/minnan/edgetts_minnan_zh-TW-HsiaoChenNeural_SC-001302.wav,edgetts,minnan,SC-001302,zh-TW-HsiaoChenNeural,0.1023,隐蔽(难检)
data/redteam/factory/edgetts/mandarin/edgetts_mandarin_zh-CN-YunxiNeural_SC-000314.wav,edgetts,mandarin,SC-000314,zh-CN-YunxiNeural,0.1025,隐蔽(难检)
data/redteam/factory/edgetts/mandarin/edgetts_mandarin_zh-CN-YunyangNeural_SC-000382.wav,edgetts,mandarin,SC-000382,zh-CN-YunyangNeural,0.1025,隐蔽(难检)
data/redteam/factory/edgetts/mandarin/edgetts_mandarin_zh-CN-YunxiNeural_SC-000184.wav,edgetts,mandarin,SC-000184,zh-CN-YunxiNeural,0.1026,隐蔽(难检)
data/redteam/factory/edgetts/henan/edgetts_henan_zh-CN-shaanxi-XiaoniNeural_SC-000736.wav,edgetts,henan,SC-000736,zh-CN-shaanxi-XiaoniNeural,0.1027,隐蔽(难检)
data/redteam/factory/edgetts/minnan/edgetts_minnan_zh-TW-YunJheNeural_SC-000004.wav,edgetts,minnan,SC-000004,zh-TW-YunJheNeural,0.1028,隐蔽(难检)
data/redteam/factory/edgetts/cantonese/edgetts_cantonese_zh-HK-HiuMaanNeural_SC-000021.wav,edgetts,cantonese,SC-000021,zh-HK-HiuMaanNeural,0.103,隐蔽(难检)
data/redteam/factory/edgetts/minnan/edgetts_minnan_zh-TW-YunJheNeural_SC-000791.wav,edgetts,minnan,SC-000791,zh-TW-YunJheNeural,0.103,隐蔽(难检)
data/redteam/factory/sovits_api/minnan/sovits_api_minnan_ref_boot_edgetts_minnan_zh-TW-HsiaoChenNeural_SC-000001_SC-000001.wav,sovits_api,minnan,SC-000001,ref_boot_edgetts_minnan_zh-TW-HsiaoChenNeural_SC-000001,0.103,隐蔽(难检)
data/redteam/factory/sovits_api/mandarin/sovits_api_mandarin_ref_boot_edgetts_mandarin_zh-CN-YunxiNeural_SC-000007_seg8s_SC-000058.wav,sovits_api,mandarin,SC-000058,ref_boot_edgetts_mandarin_zh-CN-YunxiNeural_SC-000007_seg8s,0.103,隐蔽(难检)
data/redteam/factory/edgetts/minnan/edgetts_minnan_zh-TW-YunJheNeural_SC-001227.wav,edgetts,minnan,SC-001227,zh-TW-YunJheNeural,0.1033,隐蔽(难检)
data/redteam/factory/sovits_api/sichuan/sovits_api_sichuan_ref_boot_edgetts_sichuan_zh-CN-XiaoxiaoNeural_SC-000010_SC-000263.wav,sovits_api,sichuan,SC-000263,ref_boot_edgetts_sichuan_zh-CN-XiaoxiaoNeural_SC-000010,0.1034,隐蔽(难检)
data/redteam/factory/edgetts/minnan/edgetts_minnan_zh-TW-HsiaoChenNeural_SC-000970.wav,edgetts,minnan,SC-000970,zh-TW-HsiaoChenNeural,0.1035,隐蔽(难检)
data/redteam/factory/edgetts/minnan/edgetts_minnan_zh-TW-HsiaoChenNeural_SC-000612.wav,edgetts,minnan,SC-000612,zh-TW-HsiaoChenNeural,0.1035,隐蔽(难检)
data/redteam/factory/sovits_api/mandarin/sovits_api_mandarin_ref_boot_edgetts_mandarin_zh-CN-YunxiNeural_SC-000007_seg8s_SC-000045.wav,sovits_api,mandarin,SC-000045,ref_boot_edgetts_mandarin_zh-CN-YunxiNeural_SC-000007_seg8s,0.1035,隐蔽(难检)
data/redteam/factory/edgetts/minnan/edgetts_minnan_zh-TW-HsiaoChenNeural_SC-000526.wav,edgetts,minnan,SC-000526,zh-TW-HsiaoChenNeural,0.1036,隐蔽(难检)
data/redteam/factory/edgetts/minnan/edgetts_minnan_zh-TW-HsiaoChenNeural_SC-000504.wav,edgetts,minnan,SC-000504,zh-TW-HsiaoChenNeural,0.1037,隐蔽(难检)
data/redteam/factory/sovits_api/sichuan/sovits_api_sichuan_ref_boot_edgetts_sichuan_zh-CN-XiaoxiaoNeural_SC-000010_SC-000127.wav,sovits_api,sichuan,SC-000127,ref_boot_edgetts_sichuan_zh-CN-XiaoxiaoNeural_SC-000010,0.104,隐蔽(难检)
data/redteam/factory/edgetts/minnan/edgetts_minnan_zh-TW-YunJheNeural_SC-000704.wav,edgetts,minnan,SC-000704,zh-TW-YunJheNeural,0.1042,隐蔽(难检)
data/redteam/factory/sovits_api/minnan/sovits_api_minnan_ref_boot_edgetts_minnan_zh-TW-HsiaoChenNeural_SC-000001_SC-000003.wav,sovits_api,minnan,SC-000003,ref_boot_edgetts_minnan_zh-TW-HsiaoChenNeural_SC-000001,0.1044,隐蔽(难检)
data/redteam/factory/edgetts/minnan/edgetts_minnan_zh-TW-YunJheNeural_SC-001663.wav,edgetts,minnan,SC-001663,zh-TW-YunJheNeural,0.1046,隐蔽(难检)
data/redteam/factory/edgetts/dongbei/edgetts_dongbei_zh-CN-liaoning-XiaobeiNeural_SC-000778.wav,edgetts,dongbei,SC-000778,zh-CN-liaoning-XiaobeiNeural,0.1046,隐蔽(难检)
data/redteam/factory/edgetts/henan/edgetts_henan_zh-CN-shaanxi-XiaoniNeural_SC-000914.wav,edgetts,henan,SC-000914,zh-CN-shaanxi-XiaoniNeural,0.1049,隐蔽(难检)
data/redteam/factory/edgetts/mandarin/edgetts_mandarin_zh-CN-XiaoxiaoNeural_SC-000283.wav,edgetts,mandarin,SC-000283,zh-CN-XiaoxiaoNeural,0.105,隐蔽(难检)
data/redteam/factory/sovits_api/cantonese/sovits_api_cantonese_ref_boot_edgetts_cantonese_zh-HK-WanLungNeural_SC-000005_seg8s_SC-000008.wav,sovits_api,cantonese,SC-000008,ref_boot_edgetts_cantonese_zh-HK-WanLungNeural_SC-000005_seg8s,0.105,隐蔽(难检)
data/redteam/factory/sovits_api/mandarin/sovits_api_mandarin_ref_boot_edgetts_mandarin_zh-CN-YunxiNeural_SC-000007_seg8s_SC-000085.wav,sovits_api,mandarin,SC-000085,ref_boot_edgetts_mandarin_zh-CN-YunxiNeural_SC-000007_seg8s,0.105,隐蔽(难检)
data/redteam/factory/edgetts/minnan/edgetts_minnan_zh-TW-HsiaoChenNeural_SC-001589.wav,edgetts,minnan,SC-001589,zh-TW-HsiaoChenNeural,0.1052,隐蔽(难检)
data/redteam/factory/sovits_api/dongbei/sovits_api_dongbei_ref_boot_edgetts_dongbei_zh-CN-liaoning-XiaobeiNeural_SC-000002_seg8s_SC-000002.wav,sovits_api,dongbei,SC-000002,ref_boot_edgetts_dongbei_zh-CN-liaoning-XiaobeiNeural_SC-000002_seg8s,0.1052,隐蔽(难检)
data/redteam/factory/edgetts/cantonese/edgetts_cantonese_zh-HK-HiuMaanNeural_SC-001347.wav,edgetts,cantonese,SC-001347,zh-HK-HiuMaanNeural,0.1056,隐蔽(难检)
data/redteam/factory/sovits_api/dongbei/sovits_api_dongbei_ref_boot_edgetts_dongbei_zh-CN-liaoning-XiaobeiNeural_SC-000002_seg8s_SC-000061.wav,sovits_api,dongbei,SC-000061,ref_boot_edgetts_dongbei_zh-CN-liaoning-XiaobeiNeural_SC-000002_seg8s,0.1056,隐蔽(难检)
data/redteam/factory/edgetts/mandarin/edgetts_mandarin_zh-CN-XiaoxiaoNeural_SC-000310.wav,edgetts,mandarin,SC-000310,zh-CN-XiaoxiaoNeural,0.1057,隐蔽(难检)
data/redteam/factory/edgetts/sichuan/edgetts_sichuan_zh-CN-XiaoxiaoNeural_SC-001444.wav,edgetts,sichuan,SC-001444,zh-CN-XiaoxiaoNeural,0.1057,隐蔽(难检)
data/redteam/factory/edgetts/minnan/edgetts_minnan_zh-TW-YunJheNeural_SC-000703.wav,edgetts,minnan,SC-000703,zh-TW-YunJheNeural,0.1058,隐蔽(难检)
data/redteam/factory/edgetts/minnan/edgetts_minnan_zh-TW-YunJheNeural_SC-001134.wav,edgetts,minnan,SC-001134,zh-TW-YunJheNeural,0.1059,隐蔽(难检)
data/redteam/factory/edgetts/mandarin/edgetts_mandarin_zh-CN-YunxiNeural_SC-000190.wav,edgetts,mandarin,SC-000190,zh-CN-YunxiNeural,0.1061,隐蔽(难检)
data/redteam/factory/edgetts/henan/edgetts_henan_zh-CN-shaanxi-XiaoniNeural_SC-001120.wav,edgetts,henan,SC-001120,zh-CN-shaanxi-XiaoniNeural,0.1062,隐蔽(难检)
data/redteam/factory/edgetts/mandarin/edgetts_mandarin_zh-CN-YunxiNeural_SC-000262.wav,edgetts,mandarin,SC-000262,zh-CN-YunxiNeural,0.1063,隐蔽(难检)
data/redteam/factory/edgetts/minnan/edgetts_minnan_zh-TW-HsiaoChenNeural_SC-001543.wav,edgetts,minnan,SC-001543,zh-TW-HsiaoChenNeural,0.1064,隐蔽(难检)
data/redteam/factory/edgetts/minnan/edgetts_minnan_zh-TW-HsiaoChenNeural_SC-000024.wav,edgetts,minnan,SC-000024,zh-TW-HsiaoChenNeural,0.1065,隐蔽(难检)
data/redteam/factory/edgetts/minnan/edgetts_minnan_zh-TW-YunJheNeural_SC-000009.wav,edgetts,minnan,SC-000009,zh-TW-YunJheNeural,0.1065,隐蔽(难检)
data/redteam/factory/edgetts/minnan/edgetts_minnan_zh-TW-YunJheNeural_SC-001021.wav,edgetts,minnan,SC-001021,zh-TW-YunJheNeural,0.1065,隐蔽(难检)
data/redteam/factory/edgetts/cantonese/edgetts_cantonese_zh-HK-WanLungNeural_SC-001293.wav,edgetts,cantonese,SC-001293,zh-HK-WanLungNeural,0.1066,隐蔽(难检)
data/redteam/factory/edgetts/cantonese/edgetts_cantonese_zh-HK-HiuMaanNeural_SC-001184.wav,edgetts,cantonese,SC-001184,zh-HK-HiuMaanNeural,0.1067,隐蔽(难检)
data/redteam/factory/edgetts/cantonese/edgetts_cantonese_zh-HK-HiuMaanNeural_SC-000557.wav,edgetts,cantonese,SC-000557,zh-HK-HiuMaanNeural,0.1067,隐蔽(难检)
data/redteam/factory/edgetts/minnan/edgetts_minnan_zh-TW-HsiaoChenNeural_SC-000694.wav,edgetts,minnan,SC-000694,zh-TW-HsiaoChenNeural,0.1068,隐蔽(难检)
data/redteam/factory/edgetts/minnan/edgetts_minnan_zh-TW-YunJheNeural_SC-000026.wav,edgetts,minnan,SC-000026,zh-TW-YunJheNeural,0.1069,隐蔽(难检)
data/redteam/factory/edgetts/minnan/edgetts_minnan_zh-TW-YunJheNeural_SC-001097.wav,edgetts,minnan,SC-001097,zh-TW-YunJheNeural,0.1072,隐蔽(难检)
data/redteam/factory/edgetts/mandarin/edgetts_mandarin_zh-CN-YunxiNeural_SC-000070.wav,edgetts,mandarin,SC-000070,zh-CN-YunxiNeural,0.1073,隐蔽(难检)
data/redteam/factory/edgetts/cantonese/edgetts_cantonese_zh-HK-WanLungNeural_SC-000119.wav,edgetts,cantonese,SC-000119,zh-HK-WanLungNeural,0.1073,隐蔽(难检)
data/redteam/factory/edgetts/minnan/edgetts_minnan_zh-TW-YunJheNeural_SC-000007.wav,edgetts,minnan,SC-000007,zh-TW-YunJheNeural,0.1074,隐蔽(难检)
data/redteam/factory/edgetts/minnan/edgetts_minnan_zh-TW-HsiaoChenNeural_SC-000339.wav,edgetts,minnan,SC-000339,zh-TW-HsiaoChenNeural,0.1074,隐蔽(难检)
data/redteam/factory/edgetts/henan/edgetts_henan_zh-CN-shaanxi-XiaoniNeural_SC-000732.wav,edgetts,henan,SC-000732,zh-CN-shaanxi-XiaoniNeural,0.1074,隐蔽(难检)
data/redteam/factory/edgetts/minnan/edgetts_minnan_zh-TW-HsiaoChenNeural_SC-000423.wav,edgetts,minnan,SC-000423,zh-TW-HsiaoChenNeural,0.1075,隐蔽(难检)
data/redteam/factory/sovits_api/mandarin/sovits_api_mandarin_ref_boot_edgetts_mandarin_zh-CN-XiaoxiaoNeural_SC-000007_seg8s_SC-000085.wav,sovits_api,mandarin,SC-000085,ref_boot_edgetts_mandarin_zh-CN-XiaoxiaoNeural_SC-000007_seg8s,0.1076,隐蔽(难检)
data/redteam/factory/edgetts/cantonese/edgetts_cantonese_zh-HK-HiuMaanNeural_SC-000013.wav,edgetts,cantonese,SC-000013,zh-HK-HiuMaanNeural,0.1077,隐蔽(难检)
data/redteam/factory/sovits_api/sichuan/sovits_api_sichuan_ref_boot_edgetts_sichuan_zh-CN-XiaoxiaoNeural_SC-000010_SC-000099.wav,sovits_api,sichuan,SC-000099,ref_boot_edgetts_sichuan_zh-CN-XiaoxiaoNeural_SC-000010,0.1077,隐蔽(难检)
data/redteam/factory/edgetts/minnan/edgetts_minnan_zh-TW-YunJheNeural_SC-001121.wav,edgetts,minnan,SC-001121,zh-TW-YunJheNeural,0.108,隐蔽(难检)
data/redteam/factory/edgetts/dongbei/edgetts_dongbei_zh-CN-liaoning-XiaobeiNeural_SC-001363.wav,edgetts,dongbei,SC-001363,zh-CN-liaoning-XiaobeiNeural,0.108,隐蔽(难检)
data/redteam/factory/edgetts/minnan/edgetts_minnan_zh-TW-YunJheNeural_SC-000412.wav,edgetts,minnan,SC-000412,zh-TW-YunJheNeural,0.1081,隐蔽(难检)
data/redteam/factory/edgetts/cantonese/edgetts_cantonese_zh-HK-WanLungNeural_SC-000759.wav,edgetts,cantonese,SC-000759,zh-HK-WanLungNeural,0.1081,隐蔽(难检)
data/redteam/factory/edgetts/minnan/edgetts_minnan_zh-TW-HsiaoChenNeural_SC-000951.wav,edgetts,minnan,SC-000951,zh-TW-HsiaoChenNeural,0.1082,隐蔽(难检)
data/redteam/factory/edgetts/sichuan/edgetts_sichuan_zh-CN-YunxiNeural_SC-001432.wav,edgetts,sichuan,SC-001432,zh-CN-YunxiNeural,0.1082,隐蔽(难检)
data/redteam/factory/edgetts/minnan/edgetts_minnan_zh-TW-HsiaoChenNeural_SC-001677.wav,edgetts,minnan,SC-001677,zh-TW-HsiaoChenNeural,0.1083,隐蔽(难检)
data/redteam/factory/sovits_api/sichuan/sovits_api_sichuan_ref_boot_edgetts_sichuan_zh-CN-XiaoxiaoNeural_SC-000010_SC-000115.wav,sovits_api,sichuan,SC-000115,ref_boot_edgetts_sichuan_zh-CN-XiaoxiaoNeural_SC-000010,0.1084,隐蔽(难检)
data/redteam/factory/edgetts/sichuan/edgetts_sichuan_zh-CN-XiaoxiaoNeural_SC-000946.wav,edgetts,sichuan,SC-000946,zh-CN-XiaoxiaoNeural,0.1085,隐蔽(难检)
data/redteam/factory/edgetts/henan/edgetts_henan_zh-CN-shaanxi-XiaoniNeural_SC-001072.wav,edgetts,henan,SC-001072,zh-CN-shaanxi-XiaoniNeural,0.1085,隐蔽(难检)
data/redteam/factory/edgetts/mandarin/edgetts_mandarin_zh-CN-YunxiNeural_SC-000044.wav,edgetts,mandarin,SC-000044,zh-CN-YunxiNeural,0.1086,隐蔽(难检)
data/redteam/factory/edgetts/minnan/edgetts_minnan_zh-TW-YunJheNeural_SC-000721.wav,edgetts,minnan,SC-000721,zh-TW-YunJheNeural,0.1086,隐蔽(难检)
data/redteam/factory/edgetts/dongbei/edgetts_dongbei_zh-CN-liaoning-XiaobeiNeural_SC-001613.wav,edgetts,dongbei,SC-001613,zh-CN-liaoning-XiaobeiNeural,0.1087,隐蔽(难检)
data/redteam/factory/edgetts/minnan/edgetts_minnan_zh-TW-YunJheNeural_SC-000653.wav,edgetts,minnan,SC-000653,zh-TW-YunJheNeural,0.1087,隐蔽(难检)
data/redteam/factory/edgetts/mandarin/edgetts_mandarin_zh-CN-XiaoxiaoNeural_SC-000158.wav,edgetts,mandarin,SC-000158,zh-CN-XiaoxiaoNeural,0.1092,隐蔽(难检)
data/redteam/factory/edgetts/cantonese/edgetts_cantonese_zh-HK-HiuMaanNeural_SC-001544.wav,edgetts,cantonese,SC-001544,zh-HK-HiuMaanNeural,0.1094,隐蔽(难检)
data/redteam/factory/edgetts/minnan/edgetts_minnan_zh-TW-YunJheNeural_SC-001383.wav,edgetts,minnan,SC-001383,zh-TW-YunJheNeural,0.1095,隐蔽(难检)
data/redteam/factory/edgetts/cantonese/edgetts_cantonese_zh-HK-HiuMaanNeural_SC-001062.wav,edgetts,cantonese,SC-001062,zh-HK-HiuMaanNeural,0.1095,隐蔽(难检)
data/redteam/factory/sovits_api/cantonese/sovits_api_cantonese_ref_boot_edgetts_cantonese_zh-HK-WanLungNeural_SC-000005_seg8s_SC-000248.wav,sovits_api,cantonese,SC-000248,ref_boot_edgetts_cantonese_zh-HK-WanLungNeural_SC-000005_seg8s,0.11,隐蔽(难检)
data/redteam/factory/edgetts/minnan/edgetts_minnan_zh-TW-YunJheNeural_SC-001203.wav,edgetts,minnan,SC-001203,zh-TW-YunJheNeural,0.1101,隐蔽(难检)
data/redteam/factory/edgetts/cantonese/edgetts_cantonese_zh-HK-WanLungNeural_SC-001537.wav,edgetts,cantonese,SC-001537,zh-HK-WanLungNeural,0.1102,隐蔽(难检)
data/redteam/factory/edgetts/cantonese/edgetts_cantonese_zh-HK-HiuMaanNeural_SC-000948.wav,edgetts,cantonese,SC-000948,zh-HK-HiuMaanNeural,0.1103,隐蔽(难检)
data/redteam/factory/edgetts/minnan/edgetts_minnan_zh-TW-YunJheNeural_SC-000387.wav,edgetts,minnan,SC-000387,zh-TW-YunJheNeural,0.1105,隐蔽(难检)
data/redteam/factory/edgetts/dongbei/edgetts_dongbei_zh-CN-liaoning-XiaobeiNeural_SC-001064.wav,edgetts,dongbei,SC-001064,zh-CN-liaoning-XiaobeiNeural,0.1108,隐蔽(难检)
data/redteam/factory/edgetts/cantonese/edgetts_cantonese_zh-HK-WanLungNeural_SC-000026.wav,edgetts,cantonese,SC-000026,zh-HK-WanLungNeural,0.1109,隐蔽(难检)
data/redteam/factory/sovits_api/cantonese/sovits_api_cantonese_ref_boot_edgetts_cantonese_zh-HK-HiuMaanNeural_SC-000005_seg8s_SC-000191.wav,sovits_api,cantonese,SC-000191,ref_boot_edgetts_cantonese_zh-HK-HiuMaanNeural_SC-000005_seg8s,0.1109,隐蔽(难检)
data/redteam/factory/edgetts/minnan/edgetts_minnan_zh-TW-HsiaoChenNeural_SC-000614.wav,edgetts,minnan,SC-000614,zh-TW-HsiaoChenNeural,0.111,隐蔽(难检)
data/redteam/factory/edgetts/mandarin/edgetts_mandarin_zh-CN-YunxiNeural_SC-000001.wav,edgetts,mandarin,SC-000001,zh-CN-YunxiNeural,0.1112,隐蔽(难检)
data/redteam/factory/edgetts/sichuan/edgetts_sichuan_zh-CN-YunxiNeural_SC-000001.wav,edgetts,sichuan,SC-000001,zh-CN-YunxiNeural,0.1112,隐蔽(难检)
data/redteam/factory/edgetts/minnan/edgetts_minnan_zh-TW-HsiaoChenNeural_SC-000870.wav,edgetts,minnan,SC-000870,zh-TW-HsiaoChenNeural,0.1112,隐蔽(难检)
data/redteam/factory/edgetts/minnan/edgetts_minnan_zh-TW-HsiaoChenNeural_SC-000643.wav,edgetts,minnan,SC-000643,zh-TW-HsiaoChenNeural,0.1113,隐蔽(难检)
data/redteam/factory/edgetts/minnan/edgetts_minnan_zh-TW-YunJheNeural_SC-000900.wav,edgetts,minnan,SC-000900,zh-TW-YunJheNeural,0.1114,隐蔽(难检)
data/redteam/factory/edgetts/minnan/edgetts_minnan_zh-TW-YunJheNeural_SC-000522.wav,edgetts,minnan,SC-000522,zh-TW-YunJheNeural,0.1115,隐蔽(难检)
data/redteam/factory/edgetts/minnan/edgetts_minnan_zh-TW-YunJheNeural_SC-000536.wav,edgetts,minnan,SC-000536,zh-TW-YunJheNeural,0.1117,隐蔽(难检)
data/redteam/factory/edgetts/cantonese/edgetts_cantonese_zh-HK-HiuMaanNeural_SC-000014.wav,edgetts,cantonese,SC-000014,zh-HK-HiuMaanNeural,0.112,隐蔽(难检)
data/redteam/factory/edgetts/cantonese/edgetts_cantonese_zh-HK-HiuMaanNeural_SC-000971.wav,edgetts,cantonese,SC-000971,zh-HK-HiuMaanNeural,0.112,隐蔽(难检)
data/redteam/factory/edgetts/dongbei/edgetts_dongbei_zh-CN-liaoning-XiaobeiNeural_SC-000102.wav,edgetts,dongbei,SC-000102,zh-CN-liaoning-XiaobeiNeural,0.1122,隐蔽(难检)
data/redteam/factory/edgetts/henan/edgetts_henan_zh-CN-shaanxi-XiaoniNeural_SC-001492.wav,edgetts,henan,SC-001492,zh-CN-shaanxi-XiaoniNeural,0.1122,隐蔽(难检)
data/redteam/factory/edgetts/minnan/edgetts_minnan_zh-TW-YunJheNeural_SC-000719.wav,edgetts,minnan,SC-000719,zh-TW-YunJheNeural,0.1122,隐蔽(难检)
data/redteam/factory/sovits_api/dongbei/sovits_api_dongbei_ref_boot_edgetts_dongbei_zh-CN-liaoning-XiaobeiNeural_SC-000002_seg8s_SC-000243.wav,sovits_api,dongbei,SC-000243,ref_boot_edgetts_dongbei_zh-CN-liaoning-XiaobeiNeural_SC-000002_seg8s,0.1122,隐蔽(难检)
data/redteam/factory/edgetts/mandarin/edgetts_mandarin_zh-CN-YunxiNeural_SC-000057.wav,edgetts,mandarin,SC-000057,zh-CN-YunxiNeural,0.1124,隐蔽(难检)
data/redteam/factory/edgetts/sichuan/edgetts_sichuan_zh-CN-YunxiNeural_SC-001404.wav,edgetts,sichuan,SC-001404,zh-CN-YunxiNeural,0.1124,隐蔽(难检)
data/redteam/factory/edgetts/cantonese/edgetts_cantonese_zh-HK-HiuMaanNeural_SC-001080.wav,edgetts,cantonese,SC-001080,zh-HK-HiuMaanNeural,0.113,隐蔽(难检)
data/redteam/factory/edgetts/mandarin/edgetts_mandarin_zh-CN-YunxiNeural_SC-000309.wav,edgetts,mandarin,SC-000309,zh-CN-YunxiNeural,0.1133,隐蔽(难检)
data/redteam/factory/edgetts/minnan/edgetts_minnan_zh-TW-HsiaoChenNeural_SC-001240.wav,edgetts,minnan,SC-001240,zh-TW-HsiaoChenNeural,0.1136,隐蔽(难检)
data/redteam/factory/edgetts/minnan/edgetts_minnan_zh-TW-YunJheNeural_SC-001297.wav,edgetts,minnan,SC-001297,zh-TW-YunJheNeural,0.1136,隐蔽(难检)
data/redteam/factory/sovits_api/dongbei/sovits_api_dongbei_ref_boot_edgetts_dongbei_zh-CN-liaoning-XiaobeiNeural_SC-000002_seg8s_SC-000226.wav,sovits_api,dongbei,SC-000226,ref_boot_edgetts_dongbei_zh-CN-liaoning-XiaobeiNeural_SC-000002_seg8s,0.1136,隐蔽(难检)
data/redteam/factory/edgetts/minnan/edgetts_minnan_zh-TW-HsiaoChenNeural_SC-000685.wav,edgetts,minnan,SC-000685,zh-TW-HsiaoChenNeural,0.1139,隐蔽(难检)
data/redteam/factory/edgetts/mandarin/edgetts_mandarin_zh-CN-XiaoxiaoNeural_SC-000201.wav,edgetts,mandarin,SC-000201,zh-CN-XiaoxiaoNeural,0.114,隐蔽(难检)
data/redteam/factory/edgetts/minnan/edgetts_minnan_zh-TW-HsiaoChenNeural_SC-000648.wav,edgetts,minnan,SC-000648,zh-TW-HsiaoChenNeural,0.114,隐蔽(难检)
data/redteam/factory/edgetts/henan/edgetts_henan_zh-CN-shaanxi-XiaoniNeural_SC-001344.wav,edgetts,henan,SC-001344,zh-CN-shaanxi-XiaoniNeural,0.1143,隐蔽(难检)
data/redteam/factory/edgetts/cantonese/edgetts_cantonese_zh-HK-HiuMaanNeural_SC-001082.wav,edgetts,cantonese,SC-001082,zh-HK-HiuMaanNeural,0.1144,隐蔽(难检)
data/redteam/factory/edgetts/minnan/edgetts_minnan_zh-TW-HsiaoChenNeural_SC-001264.wav,edgetts,minnan,SC-001264,zh-TW-HsiaoChenNeural,0.1145,隐蔽(难检)
data/redteam/factory/edgetts/minnan/edgetts_minnan_zh-TW-HsiaoChenNeural_SC-000020.wav,edgetts,minnan,SC-000020,zh-TW-HsiaoChenNeural,0.1146,隐蔽(难检)
data/redteam/factory/edgetts/cantonese/edgetts_cantonese_zh-HK-HiuMaanNeural_SC-001218.wav,edgetts,cantonese,SC-001218,zh-HK-HiuMaanNeural,0.1148,隐蔽(难检)
data/redteam/factory/edgetts/minnan/edgetts_minnan_zh-TW-YunJheNeural_SC-001032.wav,edgetts,minnan,SC-001032,zh-TW-YunJheNeural,0.1149,隐蔽(难检)
data/redteam/factory/sovits_api/henan/sovits_api_henan_ref_boot_edgetts_henan_zh-CN-shaanxi-XiaoniNeural_SC-000009_seg8s_SC-000221.wav,sovits_api,henan,SC-000221,ref_boot_edgetts_henan_zh-CN-shaanxi-XiaoniNeural_SC-000009_seg8s,0.115,隐蔽(难检)
data/redteam/factory/edgetts/cantonese/edgetts_cantonese_zh-HK-WanLungNeural_SC-000652.wav,edgetts,cantonese,SC-000652,zh-HK-WanLungNeural,0.1152,隐蔽(难检)
data/redteam/factory/edgetts/minnan/edgetts_minnan_zh-TW-HsiaoChenNeural_SC-000626.wav,edgetts,minnan,SC-000626,zh-TW-HsiaoChenNeural,0.1152,隐蔽(难检)
data/redteam/factory/sovits_api/mandarin/sovits_api_mandarin_ref_boot_edgetts_mandarin_zh-CN-YunjianNeural_SC-000007_seg8s_SC-000041.wav,sovits_api,mandarin,SC-000041,ref_boot_edgetts_mandarin_zh-CN-YunjianNeural_SC-000007_seg8s,0.1152,隐蔽(难检)
data/redteam/factory/edgetts/mandarin/edgetts_mandarin_zh-CN-YunjianNeural_SC-000132.wav,edgetts,mandarin,SC-000132,zh-CN-YunjianNeural,0.1155,隐蔽(难检)
data/redteam/factory/edgetts/cantonese/edgetts_cantonese_zh-HK-HiuMaanNeural_SC-001142.wav,edgetts,cantonese,SC-001142,zh-HK-HiuMaanNeural,0.1155,隐蔽(难检)
data/redteam/factory/edgetts/henan/edgetts_henan_zh-CN-shaanxi-XiaoniNeural_SC-000221.wav,edgetts,henan,SC-000221,zh-CN-shaanxi-XiaoniNeural,0.1158,隐蔽(难检)
data/redteam/factory/edgetts/minnan/edgetts_minnan_zh-TW-YunJheNeural_SC-000880.wav,edgetts,minnan,SC-000880,zh-TW-YunJheNeural,0.1158,隐蔽(难检)
data/redteam/factory/sovits_api/minnan/sovits_api_minnan_ref_boot_edgetts_minnan_zh-TW-HsiaoChenNeural_SC-000001_SC-000130.wav,sovits_api,minnan,SC-000130,ref_boot_edgetts_minnan_zh-TW-HsiaoChenNeural_SC-000001,0.1158,隐蔽(难检)
data/redteam/factory/edgetts/cantonese/edgetts_cantonese_zh-HK-HiuMaanNeural_SC-000916.wav,edgetts,cantonese,SC-000916,zh-HK-HiuMaanNeural,0.1159,隐蔽(难检)
data/redteam/factory/sovits_api/dongbei/sovits_api_dongbei_ref_boot_edgetts_dongbei_zh-CN-liaoning-XiaobeiNeural_SC-000002_seg8s_SC-000043.wav,sovits_api,dongbei,SC-000043,ref_boot_edgetts_dongbei_zh-CN-liaoning-XiaobeiNeural_SC-000002_seg8s,0.116,隐蔽(难检)
data/redteam/factory/edgetts/minnan/edgetts_minnan_zh-TW-YunJheNeural_SC-000526.wav,edgetts,minnan,SC-000526,zh-TW-YunJheNeural,0.1162,隐蔽(难检)
data/redteam/factory/edgetts/minnan/edgetts_minnan_zh-TW-HsiaoChenNeural_SC-000982.wav,edgetts,minnan,SC-000982,zh-TW-HsiaoChenNeural,0.1162,隐蔽(难检)
data/redteam/factory/edgetts/dongbei/edgetts_dongbei_zh-CN-liaoning-XiaobeiNeural_SC-000081.wav,edgetts,dongbei,SC-000081,zh-CN-liaoning-XiaobeiNeural,0.1163,隐蔽(难检)
data/redteam/factory/edgetts/minnan/edgetts_minnan_zh-TW-YunJheNeural_SC-001074.wav,edgetts,minnan,SC-001074,zh-TW-YunJheNeural,0.1163,隐蔽(难检)
data/redteam/factory/edgetts/mandarin/edgetts_mandarin_zh-CN-YunxiNeural_SC-000300.wav,edgetts,mandarin,SC-000300,zh-CN-YunxiNeural,0.1166,隐蔽(难检)
data/redteam/factory/edgetts/sichuan/edgetts_sichuan_zh-CN-YunxiNeural_SC-001233.wav,edgetts,sichuan,SC-001233,zh-CN-YunxiNeural,0.1167,隐蔽(难检)
data/redteam/factory/edgetts/cantonese/edgetts_cantonese_zh-HK-HiuMaanNeural_SC-000410.wav,edgetts,cantonese,SC-000410,zh-HK-HiuMaanNeural,0.1169,隐蔽(难检)
data/redteam/factory/edgetts/mandarin/edgetts_mandarin_zh-CN-XiaoxiaoNeural_SC-000335.wav,edgetts,mandarin,SC-000335,zh-CN-XiaoxiaoNeural,0.1169,隐蔽(难检)
data/redteam/factory/sovits_api/minnan/sovits_api_minnan_ref_boot_edgetts_minnan_zh-TW-YunJheNeural_SC-000001_SC-000237.wav,sovits_api,minnan,SC-000237,ref_boot_edgetts_minnan_zh-TW-YunJheNeural_SC-000001,0.1171,隐蔽(难检)
data/redteam/factory/edgetts/mandarin/edgetts_mandarin_zh-CN-YunxiNeural_SC-000484.wav,edgetts,mandarin,SC-000484,zh-CN-YunxiNeural,0.1172,隐蔽(难检)
data/redteam/factory/edgetts/henan/edgetts_henan_zh-CN-shaanxi-XiaoniNeural_SC-000913.wav,edgetts,henan,SC-000913,zh-CN-shaanxi-XiaoniNeural,0.1176,隐蔽(难检)
data/redteam/factory/edgetts/mandarin/edgetts_mandarin_zh-CN-XiaoxiaoNeural_SC-000190.wav,edgetts,mandarin,SC-000190,zh-CN-XiaoxiaoNeural,0.1176,隐蔽(难检)
data/redteam/factory/sovits_api/minnan/sovits_api_minnan_ref_boot_edgetts_minnan_zh-TW-YunJheNeural_SC-000001_SC-000207.wav,sovits_api,minnan,SC-000207,ref_boot_edgetts_minnan_zh-TW-YunJheNeural_SC-000001,0.1176,隐蔽(难检)
data/redteam/factory/edgetts/minnan/edgetts_minnan_zh-TW-HsiaoChenNeural_SC-000719.wav,edgetts,minnan,SC-000719,zh-TW-HsiaoChenNeural,0.1177,隐蔽(难检)
data/redteam/factory/edgetts/mandarin/edgetts_mandarin_zh-CN-YunxiNeural_SC-000151.wav,edgetts,mandarin,SC-000151,zh-CN-YunxiNeural,0.1179,隐蔽(难检)
data/redteam/factory/edgetts/cantonese/edgetts_cantonese_zh-HK-HiuMaanNeural_SC-001508.wav,edgetts,cantonese,SC-001508,zh-HK-HiuMaanNeural,0.118,隐蔽(难检)
data/redteam/factory/edgetts/henan/edgetts_henan_zh-CN-shaanxi-XiaoniNeural_SC-000610.wav,edgetts,henan,SC-000610,zh-CN-shaanxi-XiaoniNeural,0.1182,隐蔽(难检)
data/redteam/factory/edgetts/minnan/edgetts_minnan_zh-TW-HsiaoChenNeural_SC-000703.wav,edgetts,minnan,SC-000703,zh-TW-HsiaoChenNeural,0.1182,隐蔽(难检)
data/redteam/factory/edgetts/mandarin/edgetts_mandarin_zh-CN-YunyangNeural_SC-000105.wav,edgetts,mandarin,SC-000105,zh-CN-YunyangNeural,0.1183,隐蔽(难检)
data/redteam/factory/edgetts/minnan/edgetts_minnan_zh-TW-YunJheNeural_SC-001302.wav,edgetts,minnan,SC-001302,zh-TW-YunJheNeural,0.1183,隐蔽(难检)
data/redteam/factory/edgetts/minnan/edgetts_minnan_zh-TW-HsiaoChenNeural_SC-000019.wav,edgetts,minnan,SC-000019,zh-TW-HsiaoChenNeural,0.1185,隐蔽(难检)
data/redteam/factory/edgetts/mandarin/edgetts_mandarin_zh-CN-XiaoxiaoNeural_SC-000433.wav,edgetts,mandarin,SC-000433,zh-CN-XiaoxiaoNeural,0.1185,隐蔽(难检)
data/redteam/factory/edgetts/dongbei/edgetts_dongbei_zh-CN-liaoning-XiaobeiNeural_SC-000024.wav,edgetts,dongbei,SC-000024,zh-CN-liaoning-XiaobeiNeural,0.119,隐蔽(难检)
data/redteam/factory/edgetts/dongbei/edgetts_dongbei_zh-CN-liaoning-XiaobeiNeural_SC-001455.wav,edgetts,dongbei,SC-001455,zh-CN-liaoning-XiaobeiNeural,0.1191,隐蔽(难检)
data/redteam/factory/edgetts/cantonese/edgetts_cantonese_zh-HK-HiuMaanNeural_SC-001377.wav,edgetts,cantonese,SC-001377,zh-HK-HiuMaanNeural,0.1192,隐蔽(难检)
data/redteam/factory/edgetts/sichuan/edgetts_sichuan_zh-CN-XiaoxiaoNeural_SC-001342.wav,edgetts,sichuan,SC-001342,zh-CN-XiaoxiaoNeural,0.1196,隐蔽(难检)
data/redteam/factory/edgetts/minnan/edgetts_minnan_zh-TW-YunJheNeural_SC-001098.wav,edgetts,minnan,SC-001098,zh-TW-YunJheNeural,0.1196,隐蔽(难检)
data/redteam/factory/edgetts/sichuan/edgetts_sichuan_zh-CN-XiaoxiaoNeural_SC-000252.wav,edgetts,sichuan,SC-000252,zh-CN-XiaoxiaoNeural,0.1197,隐蔽(难检)
data/redteam/factory/edgetts/mandarin/edgetts_mandarin_zh-CN-XiaoxiaoNeural_SC-000450.wav,edgetts,mandarin,SC-000450,zh-CN-XiaoxiaoNeural,0.1197,隐蔽(难检)
data/redteam/factory/sovits_api/mandarin/sovits_api_mandarin_ref_boot_edgetts_mandarin_zh-CN-YunjianNeural_SC-000007_seg8s_SC-000016.wav,sovits_api,mandarin,SC-000016,ref_boot_edgetts_mandarin_zh-CN-YunjianNeural_SC-000007_seg8s,0.1198,隐蔽(难检)
data/redteam/factory/edgetts/mandarin/edgetts_mandarin_zh-CN-XiaoxiaoNeural_SC-000028.wav,edgetts,mandarin,SC-000028,zh-CN-XiaoxiaoNeural,0.1199,隐蔽(难检)
data/redteam/factory/edgetts/sichuan/edgetts_sichuan_zh-CN-XiaoxiaoNeural_SC-000028.wav,edgetts,sichuan,SC-000028,zh-CN-XiaoxiaoNeural,0.1199,隐蔽(难检)
data/redteam/factory/sovits_api/sichuan/sovits_api_sichuan_ref_boot_edgetts_sichuan_zh-CN-XiaoxiaoNeural_SC-000010_SC-000266.wav,sovits_api,sichuan,SC-000266,ref_boot_edgetts_sichuan_zh-CN-XiaoxiaoNeural_SC-000010,0.12,隐蔽(难检)
data/redteam/factory/sovits_api/henan/sovits_api_henan_ref_boot_edgetts_henan_zh-CN-shaanxi-XiaoniNeural_SC-000009_seg8s_SC-000338.wav,sovits_api,henan,SC-000338,ref_boot_edgetts_henan_zh-CN-shaanxi-XiaoniNeural_SC-000009_seg8s,0.12,隐蔽(难检)
data/redteam/factory/edgetts/mandarin/edgetts_mandarin_zh-CN-YunxiNeural_SC-000006.wav,edgetts,mandarin,SC-000006,zh-CN-YunxiNeural,0.1201,隐蔽(难检)
data/redteam/factory/edgetts/sichuan/edgetts_sichuan_zh-CN-YunxiNeural_SC-000006.wav,edgetts,sichuan,SC-000006,zh-CN-YunxiNeural,0.1201,隐蔽(难检)
data/redteam/factory/edgetts/sichuan/edgetts_sichuan_zh-CN-YunxiNeural_SC-000448.wav,edgetts,sichuan,SC-000448,zh-CN-YunxiNeural,0.1202,隐蔽(难检)
data/redteam/factory/sovits_api/mandarin/sovits_api_mandarin_ref_boot_edgetts_mandarin_zh-CN-XiaoxiaoNeural_SC-000007_seg8s_SC-000082.wav,sovits_api,mandarin,SC-000082,ref_boot_edgetts_mandarin_zh-CN-XiaoxiaoNeural_SC-000007_seg8s,0.1202,隐蔽(难检)
data/redteam/factory/edgetts/minnan/edgetts_minnan_zh-TW-HsiaoChenNeural_SC-001287.wav,edgetts,minnan,SC-001287,zh-TW-HsiaoChenNeural,0.1203,隐蔽(难检)
data/redteam/factory/edgetts/mandarin/edgetts_mandarin_zh-CN-YunyangNeural_SC-000483.wav,edgetts,mandarin,SC-000483,zh-CN-YunyangNeural,0.1204,隐蔽(难检)
data/redteam/factory/edgetts/cantonese/edgetts_cantonese_zh-HK-HiuMaanNeural_SC-000886.wav,edgetts,cantonese,SC-000886,zh-HK-HiuMaanNeural,0.1206,隐蔽(难检)
data/redteam/factory/edgetts/minnan/edgetts_minnan_zh-TW-YunJheNeural_SC-000421.wav,edgetts,minnan,SC-000421,zh-TW-YunJheNeural,0.1207,隐蔽(难检)
data/redteam/factory/edgetts/minnan/edgetts_minnan_zh-TW-HsiaoChenNeural_SC-000059.wav,edgetts,minnan,SC-000059,zh-TW-HsiaoChenNeural,0.121,隐蔽(难检)
data/redteam/factory/edgetts/cantonese/edgetts_cantonese_zh-HK-HiuMaanNeural_SC-001169.wav,edgetts,cantonese,SC-001169,zh-HK-HiuMaanNeural,0.121,隐蔽(难检)
data/redteam/factory/edgetts/dongbei/edgetts_dongbei_zh-CN-liaoning-XiaobeiNeural_SC-000609.wav,edgetts,dongbei,SC-000609,zh-CN-liaoning-XiaobeiNeural,0.1211,隐蔽(难检)
data/redteam/factory/edgetts/minnan/edgetts_minnan_zh-TW-YunJheNeural_SC-000670.wav,edgetts,minnan,SC-000670,zh-TW-YunJheNeural,0.1213,隐蔽(难检)
data/redteam/factory/sovits_api/cantonese/sovits_api_cantonese_ref_boot_edgetts_cantonese_zh-HK-HiuMaanNeural_SC-000005_seg8s_SC-000228.wav,sovits_api,cantonese,SC-000228,ref_boot_edgetts_cantonese_zh-HK-HiuMaanNeural_SC-000005_seg8s,0.1213,隐蔽(难检)
data/redteam/factory/edgetts/sichuan/edgetts_sichuan_zh-CN-YunxiNeural_SC-000298.wav,edgetts,sichuan,SC-000298,zh-CN-YunxiNeural,0.1215,隐蔽(难检)
data/redteam/factory/edgetts/minnan/edgetts_minnan_zh-TW-HsiaoChenNeural_SC-000797.wav,edgetts,minnan,SC-000797,zh-TW-HsiaoChenNeural,0.1215,隐蔽(难检)
data/redteam/factory/sovits_api/cantonese/sovits_api_cantonese_ref_boot_edgetts_cantonese_zh-HK-WanLungNeural_SC-000005_seg8s_SC-000142.wav,sovits_api,cantonese,SC-000142,ref_boot_edgetts_cantonese_zh-HK-WanLungNeural_SC-000005_seg8s,0.1215,隐蔽(难检)
data/redteam/factory/sovits_api/mandarin/sovits_api_mandarin_ref_boot_edgetts_mandarin_zh-CN-YunxiNeural_SC-000007_seg8s_SC-000092.wav,sovits_api,mandarin,SC-000092,ref_boot_edgetts_mandarin_zh-CN-YunxiNeural_SC-000007_seg8s,0.1217,隐蔽(难检)
data/redteam/factory/edgetts/sichuan/edgetts_sichuan_zh-CN-YunxiNeural_SC-000757.wav,edgetts,sichuan,SC-000757,zh-CN-YunxiNeural,0.1218,隐蔽(难检)
data/redteam/factory/edgetts/cantonese/edgetts_cantonese_zh-HK-HiuMaanNeural_SC-001286.wav,edgetts,cantonese,SC-001286,zh-HK-HiuMaanNeural,0.122,隐蔽(难检)
data/redteam/factory/sovits_api/minnan/sovits_api_minnan_ref_boot_edgetts_minnan_zh-TW-YunJheNeural_SC-000001_SC-000316.wav,sovits_api,minnan,SC-000316,ref_boot_edgetts_minnan_zh-TW-YunJheNeural_SC-000001,0.1221,隐蔽(难检)
data/redteam/factory/edgetts/minnan/edgetts_minnan_zh-TW-HsiaoChenNeural_SC-000363.wav,edgetts,minnan,SC-000363,zh-TW-HsiaoChenNeural,0.1222,隐蔽(难检)
data/redteam/factory/sovits_api/cantonese/sovits_api_cantonese_ref_boot_edgetts_cantonese_zh-HK-HiuMaanNeural_SC-000005_seg8s_SC-000285.wav,sovits_api,cantonese,SC-000285,ref_boot_edgetts_cantonese_zh-HK-HiuMaanNeural_SC-000005_seg8s,0.1222,隐蔽(难检)
data/redteam/factory/edgetts/minnan/edgetts_minnan_zh-TW-YunJheNeural_SC-001583.wav,edgetts,minnan,SC-001583,zh-TW-YunJheNeural,0.1223,隐蔽(难检)
data/redteam/factory/edgetts/cantonese/edgetts_cantonese_zh-HK-WanLungNeural_SC-000112.wav,edgetts,cantonese,SC-000112,zh-HK-WanLungNeural,0.1226,隐蔽(难检)
data/redteam/factory/edgetts/henan/edgetts_henan_zh-CN-shaanxi-XiaoniNeural_SC-001653.wav,edgetts,henan,SC-001653,zh-CN-shaanxi-XiaoniNeural,0.1226,隐蔽(难检)
data/redteam/factory/edgetts/minnan/edgetts_minnan_zh-TW-HsiaoChenNeural_SC-000192.wav,edgetts,minnan,SC-000192,zh-TW-HsiaoChenNeural,0.1228,隐蔽(难检)
data/redteam/factory/edgetts/minnan/edgetts_minnan_zh-TW-HsiaoChenNeural_SC-001691.wav,edgetts,minnan,SC-001691,zh-TW-HsiaoChenNeural,0.1228,隐蔽(难检)
data/redteam/factory/sovits_api/cantonese/sovits_api_cantonese_ref_boot_edgetts_cantonese_zh-HK-WanLungNeural_SC-000005_seg8s_SC-000258.wav,sovits_api,cantonese,SC-000258,ref_boot_edgetts_cantonese_zh-HK-WanLungNeural_SC-000005_seg8s,0.1228,隐蔽(难检)
data/redteam/factory/sovits_api/dongbei/sovits_api_dongbei_ref_boot_edgetts_dongbei_zh-CN-liaoning-XiaobeiNeural_SC-000002_seg8s_SC-000231.wav,sovits_api,dongbei,SC-000231,ref_boot_edgetts_dongbei_zh-CN-liaoning-XiaobeiNeural_SC-000002_seg8s,0.1228,隐蔽(难检)
data/redteam/factory/edgetts/minnan/edgetts_minnan_zh-TW-YunJheNeural_SC-001011.wav,edgetts,minnan,SC-001011,zh-TW-YunJheNeural,0.1229,隐蔽(难检)
data/redteam/factory/edgetts/minnan/edgetts_minnan_zh-TW-YunJheNeural_SC-000028.wav,edgetts,minnan,SC-000028,zh-TW-YunJheNeural,0.123,隐蔽(难检)
data/redteam/factory/edgetts/sichuan/edgetts_sichuan_zh-CN-XiaoxiaoNeural_SC-001177.wav,edgetts,sichuan,SC-001177,zh-CN-XiaoxiaoNeural,0.123,隐蔽(难检)
data/redteam/factory/edgetts/sichuan/edgetts_sichuan_zh-CN-XiaoxiaoNeural_SC-000271.wav,edgetts,sichuan,SC-000271,zh-CN-XiaoxiaoNeural,0.1234,隐蔽(难检)
data/redteam/factory/edgetts/minnan/edgetts_minnan_zh-TW-HsiaoChenNeural_SC-001074.wav,edgetts,minnan,SC-001074,zh-TW-HsiaoChenNeural,0.1234,隐蔽(难检)
data/redteam/factory/sovits_api/dongbei/sovits_api_dongbei_ref_boot_edgetts_dongbei_zh-CN-liaoning-XiaobeiNeural_SC-000002_seg8s_SC-000013.wav,sovits_api,dongbei,SC-000013,ref_boot_edgetts_dongbei_zh-CN-liaoning-XiaobeiNeural_SC-000002_seg8s,0.1234,隐蔽(难检)
data/redteam/factory/edgetts/cantonese/edgetts_cantonese_zh-HK-HiuMaanNeural_SC-001304.wav,edgetts,cantonese,SC-001304,zh-HK-HiuMaanNeural,0.1235,隐蔽(难检)
data/redteam/factory/edgetts/cantonese/edgetts_cantonese_zh-HK-HiuMaanNeural_SC-000515.wav,edgetts,cantonese,SC-000515,zh-HK-HiuMaanNeural,0.1235,隐蔽(难检)
data/redteam/factory/sovits_api/minnan/sovits_api_minnan_ref_boot_edgetts_minnan_zh-TW-YunJheNeural_SC-000001_SC-000367.wav,sovits_api,minnan,SC-000367,ref_boot_edgetts_minnan_zh-TW-YunJheNeural_SC-000001,0.1236,隐蔽(难检)
data/redteam/factory/edgetts/sichuan/edgetts_sichuan_zh-CN-XiaoxiaoNeural_SC-000172.wav,edgetts,sichuan,SC-000172,zh-CN-XiaoxiaoNeural,0.1239,隐蔽(难检)
data/redteam/factory/edgetts/sichuan/edgetts_sichuan_zh-CN-XiaoxiaoNeural_SC-001351.wav,edgetts,sichuan,SC-001351,zh-CN-XiaoxiaoNeural,0.1242,隐蔽(难检)
data/redteam/factory/edgetts/cantonese/edgetts_cantonese_zh-HK-HiuMaanNeural_SC-000686.wav,edgetts,cantonese,SC-000686,zh-HK-HiuMaanNeural,0.1243,隐蔽(难检)
data/redteam/factory/sovits_api/minnan/sovits_api_minnan_ref_boot_edgetts_minnan_zh-TW-HsiaoChenNeural_SC-000001_SC-000218.wav,sovits_api,minnan,SC-000218,ref_boot_edgetts_minnan_zh-TW-HsiaoChenNeural_SC-000001,0.1244,隐蔽(难检)
data/redteam/factory/edgetts/minnan/edgetts_minnan_zh-TW-YunJheNeural_SC-000860.wav,edgetts,minnan,SC-000860,zh-TW-YunJheNeural,0.1245,隐蔽(难检)
data/redteam/factory/edgetts/minnan/edgetts_minnan_zh-TW-HsiaoChenNeural_SC-000369.wav,edgetts,minnan,SC-000369,zh-TW-HsiaoChenNeural,0.1247,隐蔽(难检)
data/redteam/factory/edgetts/mandarin/edgetts_mandarin_zh-CN-YunxiNeural_SC-000265.wav,edgetts,mandarin,SC-000265,zh-CN-YunxiNeural,0.1249,隐蔽(难检)
data/redteam/factory/sovits_api/sichuan/sovits_api_sichuan_ref_boot_edgetts_sichuan_zh-CN-YunxiNeural_SC-000010_SC-000127.wav,sovits_api,sichuan,SC-000127,ref_boot_edgetts_sichuan_zh-CN-YunxiNeural_SC-000010,0.1249,隐蔽(难检)
data/redteam/factory/edgetts/cantonese/edgetts_cantonese_zh-HK-HiuMaanNeural_SC-000458.wav,edgetts,cantonese,SC-000458,zh-HK-HiuMaanNeural,0.1251,隐蔽(难检)
data/redteam/factory/edgetts/minnan/edgetts_minnan_zh-TW-YunJheNeural_SC-001346.wav,edgetts,minnan,SC-001346,zh-TW-YunJheNeural,0.1252,隐蔽(难检)
data/redteam/factory/edgetts/minnan/edgetts_minnan_zh-TW-YunJheNeural_SC-001287.wav,edgetts,minnan,SC-001287,zh-TW-YunJheNeural,0.1253,隐蔽(难检)
data/redteam/factory/edgetts/minnan/edgetts_minnan_zh-TW-HsiaoChenNeural_SC-001193.wav,edgetts,minnan,SC-001193,zh-TW-HsiaoChenNeural,0.1253,隐蔽(难检)
data/redteam/factory/edgetts/minnan/edgetts_minnan_zh-TW-HsiaoChenNeural_SC-001229.wav,edgetts,minnan,SC-001229,zh-TW-HsiaoChenNeural,0.1254,隐蔽(难检)
data/redteam/factory/edgetts/cantonese/edgetts_cantonese_zh-HK-HiuMaanNeural_SC-001555.wav,edgetts,cantonese,SC-001555,zh-HK-HiuMaanNeural,0.1254,隐蔽(难检)
data/redteam/factory/edgetts/minnan/edgetts_minnan_zh-TW-YunJheNeural_SC-000845.wav,edgetts,minnan,SC-000845,zh-TW-YunJheNeural,0.1254,隐蔽(难检)
data/redteam/factory/edgetts/dongbei/edgetts_dongbei_zh-CN-liaoning-XiaobeiNeural_SC-001506.wav,edgetts,dongbei,SC-001506,zh-CN-liaoning-XiaobeiNeural,0.1255,隐蔽(难检)
data/redteam/factory/edgetts/cantonese/edgetts_cantonese_zh-HK-HiuMaanNeural_SC-000988.wav,edgetts,cantonese,SC-000988,zh-HK-HiuMaanNeural,0.1257,隐蔽(难检)
data/redteam/factory/edgetts/minnan/edgetts_minnan_zh-TW-YunJheNeural_SC-000539.wav,edgetts,minnan,SC-000539,zh-TW-YunJheNeural,0.1263,隐蔽(难检)
data/redteam/factory/edgetts/dongbei/edgetts_dongbei_zh-CN-liaoning-XiaobeiNeural_SC-000611.wav,edgetts,dongbei,SC-000611,zh-CN-liaoning-XiaobeiNeural,0.1265,隐蔽(难检)
data/redteam/factory/sovits_api/dongbei/sovits_api_dongbei_ref_boot_edgetts_dongbei_zh-CN-liaoning-XiaobeiNeural_SC-000002_seg8s_SC-000102.wav,sovits_api,dongbei,SC-000102,ref_boot_edgetts_dongbei_zh-CN-liaoning-XiaobeiNeural_SC-000002_seg8s,0.1266,隐蔽(难检)
data/redteam/factory/edgetts/sichuan/edgetts_sichuan_zh-CN-YunxiNeural_SC-000107.wav,edgetts,sichuan,SC-000107,zh-CN-YunxiNeural,0.1269,隐蔽(难检)
data/redteam/factory/edgetts/cantonese/edgetts_cantonese_zh-HK-HiuMaanNeural_SC-001482.wav,edgetts,cantonese,SC-001482,zh-HK-HiuMaanNeural,0.1269,隐蔽(难检)
data/redteam/factory/sovits_api/dongbei/sovits_api_dongbei_ref_boot_edgetts_dongbei_zh-CN-liaoning-XiaobeiNeural_SC-000002_seg8s_SC-000288.wav,sovits_api,dongbei,SC-000288,ref_boot_edgetts_dongbei_zh-CN-liaoning-XiaobeiNeural_SC-000002_seg8s,0.1269,隐蔽(难检)
data/redteam/factory/edgetts/sichuan/edgetts_sichuan_zh-CN-XiaoxiaoNeural_SC-000188.wav,edgetts,sichuan,SC-000188,zh-CN-XiaoxiaoNeural,0.127,隐蔽(难检)
data/redteam/factory/edgetts/minnan/edgetts_minnan_zh-TW-HsiaoChenNeural_SC-001297.wav,edgetts,minnan,SC-001297,zh-TW-HsiaoChenNeural,0.1271,隐蔽(难检)
data/redteam/factory/edgetts/mandarin/edgetts_mandarin_zh-CN-YunyangNeural_SC-000006.wav,edgetts,mandarin,SC-000006,zh-CN-YunyangNeural,0.1273,隐蔽(难检)
data/redteam/factory/edgetts/minnan/edgetts_minnan_zh-TW-HsiaoChenNeural_SC-000229.wav,edgetts,minnan,SC-000229,zh-TW-HsiaoChenNeural,0.1273,隐蔽(难检)
data/redteam/factory/edgetts/minnan/edgetts_minnan_zh-TW-YunJheNeural_SC-000257.wav,edgetts,minnan,SC-000257,zh-TW-YunJheNeural,0.1274,隐蔽(难检)
data/redteam/factory/edgetts/minnan/edgetts_minnan_zh-TW-YunJheNeural_SC-000970.wav,edgetts,minnan,SC-000970,zh-TW-YunJheNeural,0.1275,隐蔽(难检)
data/redteam/factory/edgetts/sichuan/edgetts_sichuan_zh-CN-XiaoxiaoNeural_SC-000125.wav,edgetts,sichuan,SC-000125,zh-CN-XiaoxiaoNeural,0.1284,隐蔽(难检)
data/redteam/factory/edgetts/minnan/edgetts_minnan_zh-TW-YunJheNeural_SC-000021.wav,edgetts,minnan,SC-000021,zh-TW-YunJheNeural,0.1287,隐蔽(难检)
data/redteam/factory/edgetts/cantonese/edgetts_cantonese_zh-HK-HiuMaanNeural_SC-001449.wav,edgetts,cantonese,SC-001449,zh-HK-HiuMaanNeural,0.1287,隐蔽(难检)
data/redteam/factory/edgetts/henan/edgetts_henan_zh-CN-shaanxi-XiaoniNeural_SC-000837.wav,edgetts,henan,SC-000837,zh-CN-shaanxi-XiaoniNeural,0.1292,隐蔽(难检)
data/redteam/factory/edgetts/cantonese/edgetts_cantonese_zh-HK-HiuMaanNeural_SC-000015.wav,edgetts,cantonese,SC-000015,zh-HK-HiuMaanNeural,0.1297,隐蔽(难检)
data/redteam/factory/edgetts/mandarin/edgetts_mandarin_zh-CN-XiaoxiaoNeural_SC-000083.wav,edgetts,mandarin,SC-000083,zh-CN-XiaoxiaoNeural,0.1301,隐蔽(难检)
data/redteam/factory/sovits_api/sichuan/sovits_api_sichuan_ref_boot_edgetts_sichuan_zh-CN-XiaoxiaoNeural_SC-000010_SC-000249.wav,sovits_api,sichuan,SC-000249,ref_boot_edgetts_sichuan_zh-CN-XiaoxiaoNeural_SC-000010,0.1302,隐蔽(难检)
data/redteam/factory/edgetts/minnan/edgetts_minnan_zh-TW-HsiaoChenNeural_SC-001189.wav,edgetts,minnan,SC-001189,zh-TW-HsiaoChenNeural,0.1307,隐蔽(难检)
data/redteam/factory/edgetts/cantonese/edgetts_cantonese_zh-HK-HiuMaanNeural_SC-000010.wav,edgetts,cantonese,SC-000010,zh-HK-HiuMaanNeural,0.1309,隐蔽(难检)
data/redteam/factory/edgetts/cantonese/edgetts_cantonese_zh-HK-HiuMaanNeural_SC-001069.wav,edgetts,cantonese,SC-001069,zh-HK-HiuMaanNeural,0.1309,隐蔽(难检)
data/redteam/factory/edgetts/cantonese/edgetts_cantonese_zh-HK-HiuMaanNeural_SC-001537.wav,edgetts,cantonese,SC-001537,zh-HK-HiuMaanNeural,0.131,隐蔽(难检)
data/redteam/factory/edgetts/cantonese/edgetts_cantonese_zh-HK-WanLungNeural_SC-001068.wav,edgetts,cantonese,SC-001068,zh-HK-WanLungNeural,0.1315,隐蔽(难检)
data/redteam/factory/edgetts/mandarin/edgetts_mandarin_zh-CN-XiaoxiaoNeural_SC-000286.wav,edgetts,mandarin,SC-000286,zh-CN-XiaoxiaoNeural,0.1316,隐蔽(难检)
data/redteam/factory/edgetts/cantonese/edgetts_cantonese_zh-HK-HiuMaanNeural_SC-000699.wav,edgetts,cantonese,SC-000699,zh-HK-HiuMaanNeural,0.1317,隐蔽(难检)
data/redteam/factory/edgetts/minnan/edgetts_minnan_zh-TW-HsiaoChenNeural_SC-000935.wav,edgetts,minnan,SC-000935,zh-TW-HsiaoChenNeural,0.1318,隐蔽(难检)
data/redteam/factory/edgetts/cantonese/edgetts_cantonese_zh-HK-HiuMaanNeural_SC-000187.wav,edgetts,cantonese,SC-000187,zh-HK-HiuMaanNeural,0.1319,隐蔽(难检)
data/redteam/factory/edgetts/minnan/edgetts_minnan_zh-TW-HsiaoChenNeural_SC-001532.wav,edgetts,minnan,SC-001532,zh-TW-HsiaoChenNeural,0.132,隐蔽(难检)
data/redteam/factory/sovits_api/henan/sovits_api_henan_ref_boot_edgetts_henan_zh-CN-shaanxi-XiaoniNeural_SC-000009_seg8s_SC-000274.wav,sovits_api,henan,SC-000274,ref_boot_edgetts_henan_zh-CN-shaanxi-XiaoniNeural_SC-000009_seg8s,0.1322,隐蔽(难检)
data/redteam/factory/edgetts/minnan/edgetts_minnan_zh-TW-HsiaoChenNeural_SC-000421.wav,edgetts,minnan,SC-000421,zh-TW-HsiaoChenNeural,0.1324,隐蔽(难检)
data/redteam/factory/edgetts/cantonese/edgetts_cantonese_zh-HK-HiuMaanNeural_SC-001565.wav,edgetts,cantonese,SC-001565,zh-HK-HiuMaanNeural,0.1324,隐蔽(难检)
data/redteam/factory/edgetts/cantonese/edgetts_cantonese_zh-HK-HiuMaanNeural_SC-001277.wav,edgetts,cantonese,SC-001277,zh-HK-HiuMaanNeural,0.1324,隐蔽(难检)
data/redteam/factory/edgetts/cantonese/edgetts_cantonese_zh-HK-HiuMaanNeural_SC-001403.wav,edgetts,cantonese,SC-001403,zh-HK-HiuMaanNeural,0.1326,隐蔽(难检)
data/redteam/factory/edgetts/mandarin/edgetts_mandarin_zh-CN-YunyangNeural_SC-000168.wav,edgetts,mandarin,SC-000168,zh-CN-YunyangNeural,0.1326,隐蔽(难检)
data/redteam/factory/edgetts/minnan/edgetts_minnan_zh-TW-YunJheNeural_SC-000571.wav,edgetts,minnan,SC-000571,zh-TW-YunJheNeural,0.1326,隐蔽(难检)
data/redteam/factory/edgetts/cantonese/edgetts_cantonese_zh-HK-HiuMaanNeural_SC-000786.wav,edgetts,cantonese,SC-000786,zh-HK-HiuMaanNeural,0.1327,隐蔽(难检)
data/redteam/factory/edgetts/sichuan/edgetts_sichuan_zh-CN-YunxiNeural_SC-001342.wav,edgetts,sichuan,SC-001342,zh-CN-YunxiNeural,0.1332,隐蔽(难检)
data/redteam/factory/edgetts/minnan/edgetts_minnan_zh-TW-YunJheNeural_SC-000882.wav,edgetts,minnan,SC-000882,zh-TW-YunJheNeural,0.1334,隐蔽(难检)
data/redteam/factory/edgetts/minnan/edgetts_minnan_zh-TW-YunJheNeural_SC-000229.wav,edgetts,minnan,SC-000229,zh-TW-YunJheNeural,0.1339,隐蔽(难检)
data/redteam/factory/edgetts/sichuan/edgetts_sichuan_zh-CN-XiaoxiaoNeural_SC-001457.wav,edgetts,sichuan,SC-001457,zh-CN-XiaoxiaoNeural,0.1339,隐蔽(难检)
data/redteam/factory/edgetts/cantonese/edgetts_cantonese_zh-HK-HiuMaanNeural_SC-000603.wav,edgetts,cantonese,SC-000603,zh-HK-HiuMaanNeural,0.134,隐蔽(难检)
data/redteam/factory/edgetts/dongbei/edgetts_dongbei_zh-CN-liaoning-XiaobeiNeural_SC-001051.wav,edgetts,dongbei,SC-001051,zh-CN-liaoning-XiaobeiNeural,0.134,隐蔽(难检)
data/redteam/factory/sovits_api/sichuan/sovits_api_sichuan_ref_boot_edgetts_sichuan_zh-CN-XiaoxiaoNeural_SC-000010_SC-000066.wav,sovits_api,sichuan,SC-000066,ref_boot_edgetts_sichuan_zh-CN-XiaoxiaoNeural_SC-000010,0.134,隐蔽(难检)
data/redteam/factory/edgetts/minnan/edgetts_minnan_zh-TW-YunJheNeural_SC-000961.wav,edgetts,minnan,SC-000961,zh-TW-YunJheNeural,0.1341,隐蔽(难检)
data/redteam/factory/edgetts/minnan/edgetts_minnan_zh-TW-HsiaoChenNeural_SC-000237.wav,edgetts,minnan,SC-000237,zh-TW-HsiaoChenNeural,0.1342,隐蔽(难检)
data/redteam/factory/edgetts/minnan/edgetts_minnan_zh-TW-HsiaoChenNeural_SC-000551.wav,edgetts,minnan,SC-000551,zh-TW-HsiaoChenNeural,0.1343,隐蔽(难检)
data/redteam/factory/edgetts/cantonese/edgetts_cantonese_zh-HK-HiuMaanNeural_SC-000955.wav,edgetts,cantonese,SC-000955,zh-HK-HiuMaanNeural,0.1343,隐蔽(难检)
data/redteam/factory/edgetts/minnan/edgetts_minnan_zh-TW-YunJheNeural_SC-000146.wav,edgetts,minnan,SC-000146,zh-TW-YunJheNeural,0.1345,隐蔽(难检)
data/redteam/factory/edgetts/minnan/edgetts_minnan_zh-TW-YunJheNeural_SC-001045.wav,edgetts,minnan,SC-001045,zh-TW-YunJheNeural,0.1346,隐蔽(难检)
data/redteam/factory/edgetts/cantonese/edgetts_cantonese_zh-HK-HiuMaanNeural_SC-001283.wav,edgetts,cantonese,SC-001283,zh-HK-HiuMaanNeural,0.1347,隐蔽(难检)
data/redteam/factory/edgetts/minnan/edgetts_minnan_zh-TW-YunJheNeural_SC-001033.wav,edgetts,minnan,SC-001033,zh-TW-YunJheNeural,0.1348,隐蔽(难检)
data/redteam/factory/edgetts/mandarin/edgetts_mandarin_zh-CN-YunxiNeural_SC-000227.wav,edgetts,mandarin,SC-000227,zh-CN-YunxiNeural,0.1349,隐蔽(难检)
data/redteam/factory/edgetts/minnan/edgetts_minnan_zh-TW-HsiaoChenNeural_SC-000392.wav,edgetts,minnan,SC-000392,zh-TW-HsiaoChenNeural,0.1353,隐蔽(难检)
data/redteam/factory/edgetts/cantonese/edgetts_cantonese_zh-HK-HiuMaanNeural_SC-000427.wav,edgetts,cantonese,SC-000427,zh-HK-HiuMaanNeural,0.1354,隐蔽(难检)
data/redteam/factory/edgetts/minnan/edgetts_minnan_zh-TW-YunJheNeural_SC-001279.wav,edgetts,minnan,SC-001279,zh-TW-YunJheNeural,0.1354,隐蔽(难检)
data/redteam/factory/edgetts/cantonese/edgetts_cantonese_zh-HK-HiuMaanNeural_SC-001623.wav,edgetts,cantonese,SC-001623,zh-HK-HiuMaanNeural,0.1356,隐蔽(难检)
data/redteam/factory/edgetts/minnan/edgetts_minnan_zh-TW-HsiaoChenNeural_SC-001203.wav,edgetts,minnan,SC-001203,zh-TW-HsiaoChenNeural,0.1357,隐蔽(难检)
data/redteam/factory/edgetts/minnan/edgetts_minnan_zh-TW-HsiaoChenNeural_SC-000013.wav,edgetts,minnan,SC-000013,zh-TW-HsiaoChenNeural,0.1369,隐蔽(难检)
data/redteam/factory/sovits_api/dongbei/sovits_api_dongbei_ref_boot_edgetts_dongbei_zh-CN-liaoning-XiaobeiNeural_SC-000002_seg8s_SC-000161.wav,sovits_api,dongbei,SC-000161,ref_boot_edgetts_dongbei_zh-CN-liaoning-XiaobeiNeural_SC-000002_seg8s,0.137,隐蔽(难检)
data/redteam/factory/edgetts/henan/edgetts_henan_zh-CN-shaanxi-XiaoniNeural_SC-000217.wav,edgetts,henan,SC-000217,zh-CN-shaanxi-XiaoniNeural,0.1372,隐蔽(难检)
data/redteam/factory/edgetts/minnan/edgetts_minnan_zh-TW-HsiaoChenNeural_SC-001346.wav,edgetts,minnan,SC-001346,zh-TW-HsiaoChenNeural,0.1372,隐蔽(难检)
data/redteam/factory/edgetts/mandarin/edgetts_mandarin_zh-CN-YunxiNeural_SC-000193.wav,edgetts,mandarin,SC-000193,zh-CN-YunxiNeural,0.1373,隐蔽(难检)
data/redteam/factory/edgetts/minnan/edgetts_minnan_zh-TW-YunJheNeural_SC-000055.wav,edgetts,minnan,SC-000055,zh-TW-YunJheNeural,0.1379,隐蔽(难检)
data/redteam/factory/edgetts/sichuan/edgetts_sichuan_zh-CN-XiaoxiaoNeural_SC-000967.wav,edgetts,sichuan,SC-000967,zh-CN-XiaoxiaoNeural,0.1379,隐蔽(难检)
data/redteam/factory/edgetts/cantonese/edgetts_cantonese_zh-HK-HiuMaanNeural_SC-000942.wav,edgetts,cantonese,SC-000942,zh-HK-HiuMaanNeural,0.1379,隐蔽(难检)
data/redteam/factory/edgetts/henan/edgetts_henan_zh-CN-shaanxi-XiaoniNeural_SC-001254.wav,edgetts,henan,SC-001254,zh-CN-shaanxi-XiaoniNeural,0.1381,隐蔽(难检)
data/redteam/factory/edgetts/minnan/edgetts_minnan_zh-TW-HsiaoChenNeural_SC-001097.wav,edgetts,minnan,SC-001097,zh-TW-HsiaoChenNeural,0.1386,隐蔽(难检)
data/redteam/factory/edgetts/mandarin/edgetts_mandarin_zh-CN-XiaoxiaoNeural_SC-000289.wav,edgetts,mandarin,SC-000289,zh-CN-XiaoxiaoNeural,0.1399,隐蔽(难检)
data/redteam/factory/edgetts/mandarin/edgetts_mandarin_zh-CN-YunjianNeural_SC-000014.wav,edgetts,mandarin,SC-000014,zh-CN-YunjianNeural,0.1402,隐蔽(难检)
data/redteam/factory/edgetts/cantonese/edgetts_cantonese_zh-HK-HiuMaanNeural_SC-001188.wav,edgetts,cantonese,SC-001188,zh-HK-HiuMaanNeural,0.1404,隐蔽(难检)
data/redteam/factory/edgetts/mandarin/edgetts_mandarin_zh-CN-YunxiNeural_SC-000236.wav,edgetts,mandarin,SC-000236,zh-CN-YunxiNeural,0.1405,隐蔽(难检)
data/redteam/factory/edgetts/cantonese/edgetts_cantonese_zh-HK-HiuMaanNeural_SC-001025.wav,edgetts,cantonese,SC-001025,zh-HK-HiuMaanNeural,0.1406,隐蔽(难检)
data/redteam/factory/edgetts/cantonese/edgetts_cantonese_zh-HK-HiuMaanNeural_SC-000561.wav,edgetts,cantonese,SC-000561,zh-HK-HiuMaanNeural,0.141,隐蔽(难检)
data/redteam/factory/edgetts/cantonese/edgetts_cantonese_zh-HK-HiuMaanNeural_SC-000022.wav,edgetts,cantonese,SC-000022,zh-HK-HiuMaanNeural,0.1411,隐蔽(难检)
data/redteam/factory/edgetts/cantonese/edgetts_cantonese_zh-HK-HiuMaanNeural_SC-000489.wav,edgetts,cantonese,SC-000489,zh-HK-HiuMaanNeural,0.1413,隐蔽(难检)
data/redteam/factory/edgetts/dongbei/edgetts_dongbei_zh-CN-liaoning-XiaobeiNeural_SC-000275.wav,edgetts,dongbei,SC-000275,zh-CN-liaoning-XiaobeiNeural,0.1414,隐蔽(难检)
data/redteam/factory/edgetts/minnan/edgetts_minnan_zh-TW-YunJheNeural_SC-000054.wav,edgetts,minnan,SC-000054,zh-TW-YunJheNeural,0.1415,隐蔽(难检)
data/redteam/factory/edgetts/minnan/edgetts_minnan_zh-TW-YunJheNeural_SC-000323.wav,edgetts,minnan,SC-000323,zh-TW-YunJheNeural,0.1416,隐蔽(难检)
data/redteam/factory/edgetts/minnan/edgetts_minnan_zh-TW-HsiaoChenNeural_SC-000772.wav,edgetts,minnan,SC-000772,zh-TW-HsiaoChenNeural,0.1418,隐蔽(难检)
data/redteam/factory/edgetts/minnan/edgetts_minnan_zh-TW-YunJheNeural_SC-000527.wav,edgetts,minnan,SC-000527,zh-TW-YunJheNeural,0.1422,隐蔽(难检)
data/redteam/factory/edgetts/cantonese/edgetts_cantonese_zh-HK-HiuMaanNeural_SC-001498.wav,edgetts,cantonese,SC-001498,zh-HK-HiuMaanNeural,0.1422,隐蔽(难检)
data/redteam/factory/edgetts/cantonese/edgetts_cantonese_zh-HK-HiuMaanNeural_SC-000007.wav,edgetts,cantonese,SC-000007,zh-HK-HiuMaanNeural,0.1423,隐蔽(难检)
data/redteam/factory/edgetts/mandarin/edgetts_mandarin_zh-CN-YunyangNeural_SC-000502.wav,edgetts,mandarin,SC-000502,zh-CN-YunyangNeural,0.1425,隐蔽(难检)
data/redteam/factory/edgetts/minnan/edgetts_minnan_zh-TW-HsiaoChenNeural_SC-001483.wav,edgetts,minnan,SC-001483,zh-TW-HsiaoChenNeural,0.1425,隐蔽(难检)
data/redteam/factory/edgetts/sichuan/edgetts_sichuan_zh-CN-XiaoxiaoNeural_SC-000986.wav,edgetts,sichuan,SC-000986,zh-CN-XiaoxiaoNeural,0.1426,隐蔽(难检)
data/redteam/factory/edgetts/minnan/edgetts_minnan_zh-TW-YunJheNeural_SC-000626.wav,edgetts,minnan,SC-000626,zh-TW-YunJheNeural,0.1428,隐蔽(难检)
data/redteam/factory/edgetts/minnan/edgetts_minnan_zh-TW-YunJheNeural_SC-000422.wav,edgetts,minnan,SC-000422,zh-TW-YunJheNeural,0.1429,隐蔽(难检)
data/redteam/factory/edgetts/sichuan/edgetts_sichuan_zh-CN-YunxiNeural_SC-000353.wav,edgetts,sichuan,SC-000353,zh-CN-YunxiNeural,0.1431,隐蔽(难检)
data/redteam/factory/edgetts/cantonese/edgetts_cantonese_zh-HK-HiuMaanNeural_SC-001459.wav,edgetts,cantonese,SC-001459,zh-HK-HiuMaanNeural,0.1432,隐蔽(难检)
data/redteam/factory/edgetts/minnan/edgetts_minnan_zh-TW-YunJheNeural_SC-000027.wav,edgetts,minnan,SC-000027,zh-TW-YunJheNeural,0.1435,隐蔽(难检)
data/redteam/factory/edgetts/cantonese/edgetts_cantonese_zh-HK-HiuMaanNeural_SC-000112.wav,edgetts,cantonese,SC-000112,zh-HK-HiuMaanNeural,0.1439,隐蔽(难检)
data/redteam/factory/edgetts/minnan/edgetts_minnan_zh-TW-HsiaoChenNeural_SC-000018.wav,edgetts,minnan,SC-000018,zh-TW-HsiaoChenNeural,0.1442,隐蔽(难检)
data/redteam/factory/sovits_api/cantonese/sovits_api_cantonese_ref_boot_edgetts_cantonese_zh-HK-HiuMaanNeural_SC-000005_seg8s_SC-000015.wav,sovits_api,cantonese,SC-000015,ref_boot_edgetts_cantonese_zh-HK-HiuMaanNeural_SC-000005_seg8s,0.1442,隐蔽(难检)
data/redteam/factory/edgetts/cantonese/edgetts_cantonese_zh-HK-HiuMaanNeural_SC-000155.wav,edgetts,cantonese,SC-000155,zh-HK-HiuMaanNeural,0.1445,隐蔽(难检)
data/redteam/factory/sovits_api/mandarin/sovits_api_mandarin_ref_boot_edgetts_mandarin_zh-CN-YunjianNeural_SC-000007_seg8s_SC-000053.wav,sovits_api,mandarin,SC-000053,ref_boot_edgetts_mandarin_zh-CN-YunjianNeural_SC-000007_seg8s,0.1445,隐蔽(难检)
data/redteam/factory/edgetts/cantonese/edgetts_cantonese_zh-HK-HiuMaanNeural_SC-000239.wav,edgetts,cantonese,SC-000239,zh-HK-HiuMaanNeural,0.1446,隐蔽(难检)
data/redteam/factory/sovits_api/cantonese/sovits_api_cantonese_ref_boot_edgetts_cantonese_zh-HK-HiuMaanNeural_SC-000005_seg8s_SC-000005.wav,sovits_api,cantonese,SC-000005,ref_boot_edgetts_cantonese_zh-HK-HiuMaanNeural_SC-000005_seg8s,0.1447,隐蔽(难检)
data/redteam/factory/edgetts/sichuan/edgetts_sichuan_zh-CN-YunxiNeural_SC-001442.wav,edgetts,sichuan,SC-001442,zh-CN-YunxiNeural,0.1449,隐蔽(难检)
data/redteam/factory/edgetts/cantonese/edgetts_cantonese_zh-HK-HiuMaanNeural_SC-001293.wav,edgetts,cantonese,SC-001293,zh-HK-HiuMaanNeural,0.145,隐蔽(难检)
data/redteam/factory/edgetts/sichuan/edgetts_sichuan_zh-CN-YunxiNeural_SC-000303.wav,edgetts,sichuan,SC-000303,zh-CN-YunxiNeural,0.1453,隐蔽(难检)
data/redteam/factory/sovits_api/minnan/sovits_api_minnan_ref_boot_edgetts_minnan_zh-TW-YunJheNeural_SC-000001_SC-000056.wav,sovits_api,minnan,SC-000056,ref_boot_edgetts_minnan_zh-TW-YunJheNeural_SC-000001,0.1454,隐蔽(难检)
data/redteam/factory/edgetts/cantonese/edgetts_cantonese_zh-HK-HiuMaanNeural_SC-000140.wav,edgetts,cantonese,SC-000140,zh-HK-HiuMaanNeural,0.1456,隐蔽(难检)
data/redteam/factory/edgetts/dongbei/edgetts_dongbei_zh-CN-liaoning-XiaobeiNeural_SC-000366.wav,edgetts,dongbei,SC-000366,zh-CN-liaoning-XiaobeiNeural,0.1456,隐蔽(难检)
data/redteam/factory/edgetts/cantonese/edgetts_cantonese_zh-HK-HiuMaanNeural_SC-001198.wav,edgetts,cantonese,SC-001198,zh-HK-HiuMaanNeural,0.1457,隐蔽(难检)
data/redteam/factory/edgetts/minnan/edgetts_minnan_zh-TW-YunJheNeural_SC-000864.wav,edgetts,minnan,SC-000864,zh-TW-YunJheNeural,0.1458,隐蔽(难检)
data/redteam/factory/edgetts/sichuan/edgetts_sichuan_zh-CN-XiaoxiaoNeural_SC-000066.wav,edgetts,sichuan,SC-000066,zh-CN-XiaoxiaoNeural,0.1461,隐蔽(难检)
data/redteam/factory/edgetts/mandarin/edgetts_mandarin_zh-CN-XiaoxiaoNeural_SC-000091.wav,edgetts,mandarin,SC-000091,zh-CN-XiaoxiaoNeural,0.1463,隐蔽(难检)
data/redteam/factory/edgetts/minnan/edgetts_minnan_zh-TW-YunJheNeural_SC-000016.wav,edgetts,minnan,SC-000016,zh-TW-YunJheNeural,0.1465,隐蔽(难检)
data/redteam/factory/edgetts/minnan/edgetts_minnan_zh-TW-HsiaoChenNeural_SC-000910.wav,edgetts,minnan,SC-000910,zh-TW-HsiaoChenNeural,0.1467,隐蔽(难检)
data/redteam/factory/edgetts/cantonese/edgetts_cantonese_zh-HK-HiuMaanNeural_SC-001095.wav,edgetts,cantonese,SC-001095,zh-HK-HiuMaanNeural,0.1467,隐蔽(难检)
data/redteam/factory/edgetts/minnan/edgetts_minnan_zh-TW-HsiaoChenNeural_SC-001237.wav,edgetts,minnan,SC-001237,zh-TW-HsiaoChenNeural,0.1467,隐蔽(难检)
data/redteam/factory/edgetts/sichuan/edgetts_sichuan_zh-CN-XiaoxiaoNeural_SC-000298.wav,edgetts,sichuan,SC-000298,zh-CN-XiaoxiaoNeural,0.1469,隐蔽(难检)
data/redteam/factory/sovits_api/cantonese/sovits_api_cantonese_ref_boot_edgetts_cantonese_zh-HK-HiuMaanNeural_SC-000005_seg8s_SC-000258.wav,sovits_api,cantonese,SC-000258,ref_boot_edgetts_cantonese_zh-HK-HiuMaanNeural_SC-000005_seg8s,0.1469,隐蔽(难检)
data/redteam/factory/edgetts/minnan/edgetts_minnan_zh-TW-HsiaoChenNeural_SC-001121.wav,edgetts,minnan,SC-001121,zh-TW-HsiaoChenNeural,0.1471,隐蔽(难检)
data/redteam/factory/sovits_api/sichuan/sovits_api_sichuan_ref_boot_edgetts_sichuan_zh-CN-XiaoxiaoNeural_SC-000010_SC-000188.wav,sovits_api,sichuan,SC-000188,ref_boot_edgetts_sichuan_zh-CN-XiaoxiaoNeural_SC-000010,0.1474,隐蔽(难检)
data/redteam/factory/edgetts/cantonese/edgetts_cantonese_zh-HK-HiuMaanNeural_SC-001191.wav,edgetts,cantonese,SC-001191,zh-HK-HiuMaanNeural,0.1478,隐蔽(难检)
data/redteam/factory/edgetts/minnan/edgetts_minnan_zh-TW-YunJheNeural_SC-000071.wav,edgetts,minnan,SC-000071,zh-TW-YunJheNeural,0.1481,隐蔽(难检)
data/redteam/factory/edgetts/cantonese/edgetts_cantonese_zh-HK-HiuMaanNeural_SC-000823.wav,edgetts,cantonese,SC-000823,zh-HK-HiuMaanNeural,0.1481,隐蔽(难检)
data/redteam/factory/edgetts/minnan/edgetts_minnan_zh-TW-HsiaoChenNeural_SC-001394.wav,edgetts,minnan,SC-001394,zh-TW-HsiaoChenNeural,0.1481,隐蔽(难检)
data/redteam/factory/edgetts/cantonese/edgetts_cantonese_zh-HK-HiuMaanNeural_SC-000601.wav,edgetts,cantonese,SC-000601,zh-HK-HiuMaanNeural,0.1483,隐蔽(难检)
data/redteam/factory/sovits_api/minnan/sovits_api_minnan_ref_boot_edgetts_minnan_zh-TW-YunJheNeural_SC-000001_SC-000146.wav,sovits_api,minnan,SC-000146,ref_boot_edgetts_minnan_zh-TW-YunJheNeural_SC-000001,0.1483,隐蔽(难检)
data/redteam/factory/edgetts/minnan/edgetts_minnan_zh-TW-HsiaoChenNeural_SC-000156.wav,edgetts,minnan,SC-000156,zh-TW-HsiaoChenNeural,0.1484,隐蔽(难检)
data/redteam/factory/sovits_api/dongbei/sovits_api_dongbei_ref_boot_edgetts_dongbei_zh-CN-liaoning-XiaobeiNeural_SC-000002_seg8s_SC-000200.wav,sovits_api,dongbei,SC-000200,ref_boot_edgetts_dongbei_zh-CN-liaoning-XiaobeiNeural_SC-000002_seg8s,0.1484,隐蔽(难检)
data/redteam/factory/edgetts/minnan/edgetts_minnan_zh-TW-HsiaoChenNeural_SC-000834.wav,edgetts,minnan,SC-000834,zh-TW-HsiaoChenNeural,0.1486,隐蔽(难检)
data/redteam/factory/sovits_api/mandarin/sovits_api_mandarin_ref_boot_edgetts_mandarin_zh-CN-YunxiNeural_SC-000007_seg8s_SC-000050.wav,sovits_api,mandarin,SC-000050,ref_boot_edgetts_mandarin_zh-CN-YunxiNeural_SC-000007_seg8s,0.1492,隐蔽(难检)
data/redteam/factory/edgetts/mandarin/edgetts_mandarin_zh-CN-XiaoxiaoNeural_SC-000164.wav,edgetts,mandarin,SC-000164,zh-CN-XiaoxiaoNeural,0.1494,隐蔽(难检)
data/redteam/factory/edgetts/minnan/edgetts_minnan_zh-TW-HsiaoChenNeural_SC-000054.wav,edgetts,minnan,SC-000054,zh-TW-HsiaoChenNeural,0.1497,隐蔽(难检)
data/redteam/factory/edgetts/minnan/edgetts_minnan_zh-TW-HsiaoChenNeural_SC-000961.wav,edgetts,minnan,SC-000961,zh-TW-HsiaoChenNeural,0.1497,隐蔽(难检)
data/redteam/factory/edgetts/minnan/edgetts_minnan_zh-TW-HsiaoChenNeural_SC-000146.wav,edgetts,minnan,SC-000146,zh-TW-HsiaoChenNeural,0.1498,隐蔽(难检)
data/redteam/factory/edgetts/cantonese/edgetts_cantonese_zh-HK-HiuMaanNeural_SC-001263.wav,edgetts,cantonese,SC-001263,zh-HK-HiuMaanNeural,0.1499,隐蔽(难检)
data/redteam/factory/sovits_api/sichuan/sovits_api_sichuan_ref_boot_edgetts_sichuan_zh-CN-YunxiNeural_SC-000010_SC-000010.wav,sovits_api,sichuan,SC-000010,ref_boot_edgetts_sichuan_zh-CN-YunxiNeural_SC-000010,0.1503,隐蔽(难检)
data/redteam/factory/edgetts/minnan/edgetts_minnan_zh-TW-HsiaoChenNeural_SC-001220.wav,edgetts,minnan,SC-001220,zh-TW-HsiaoChenNeural,0.1505,隐蔽(难检)
data/redteam/factory/edgetts/dongbei/edgetts_dongbei_zh-CN-liaoning-XiaobeiNeural_SC-000326.wav,edgetts,dongbei,SC-000326,zh-CN-liaoning-XiaobeiNeural,0.1506,隐蔽(难检)
data/redteam/factory/edgetts/cantonese/edgetts_cantonese_zh-HK-HiuMaanNeural_SC-000998.wav,edgetts,cantonese,SC-000998,zh-HK-HiuMaanNeural,0.1507,隐蔽(难检)
data/redteam/factory/edgetts/henan/edgetts_henan_zh-CN-shaanxi-XiaoniNeural_SC-000001.wav,edgetts,henan,SC-000001,zh-CN-shaanxi-XiaoniNeural,0.1508,隐蔽(难检)
data/redteam/factory/edgetts/cantonese/edgetts_cantonese_zh-HK-HiuMaanNeural_SC-001129.wav,edgetts,cantonese,SC-001129,zh-HK-HiuMaanNeural,0.1509,隐蔽(难检)
data/redteam/factory/edgetts/minnan/edgetts_minnan_zh-TW-HsiaoChenNeural_SC-000008.wav,edgetts,minnan,SC-000008,zh-TW-HsiaoChenNeural,0.151,隐蔽(难检)
data/redteam/factory/sovits_api/henan/sovits_api_henan_ref_boot_edgetts_henan_zh-CN-shaanxi-XiaoniNeural_SC-000009_seg8s_SC-000170.wav,sovits_api,henan,SC-000170,ref_boot_edgetts_henan_zh-CN-shaanxi-XiaoniNeural_SC-000009_seg8s,0.151,隐蔽(难检)
data/redteam/factory/edgetts/minnan/edgetts_minnan_zh-TW-YunJheNeural_SC-001466.wav,edgetts,minnan,SC-001466,zh-TW-YunJheNeural,0.1517,隐蔽(难检)
data/redteam/factory/edgetts/minnan/edgetts_minnan_zh-TW-HsiaoChenNeural_SC-001006.wav,edgetts,minnan,SC-001006,zh-TW-HsiaoChenNeural,0.1517,隐蔽(难检)
data/redteam/factory/edgetts/henan/edgetts_henan_zh-CN-shaanxi-XiaoniNeural_SC-000284.wav,edgetts,henan,SC-000284,zh-CN-shaanxi-XiaoniNeural,0.1518,隐蔽(难检)
data/redteam/factory/edgetts/minnan/edgetts_minnan_zh-TW-HsiaoChenNeural_SC-000009.wav,edgetts,minnan,SC-000009,zh-TW-HsiaoChenNeural,0.152,隐蔽(难检)
data/redteam/factory/edgetts/minnan/edgetts_minnan_zh-TW-YunJheNeural_SC-000546.wav,edgetts,minnan,SC-000546,zh-TW-YunJheNeural,0.1524,隐蔽(难检)
data/redteam/factory/edgetts/minnan/edgetts_minnan_zh-TW-HsiaoChenNeural_SC-000966.wav,edgetts,minnan,SC-000966,zh-TW-HsiaoChenNeural,0.1531,隐蔽(难检)
data/redteam/factory/edgetts/minnan/edgetts_minnan_zh-TW-YunJheNeural_SC-000648.wav,edgetts,minnan,SC-000648,zh-TW-YunJheNeural,0.1531,隐蔽(难检)
data/redteam/factory/edgetts/cantonese/edgetts_cantonese_zh-HK-HiuMaanNeural_SC-001199.wav,edgetts,cantonese,SC-001199,zh-HK-HiuMaanNeural,0.1531,隐蔽(难检)
data/redteam/factory/edgetts/minnan/edgetts_minnan_zh-TW-YunJheNeural_SC-001648.wav,edgetts,minnan,SC-001648,zh-TW-YunJheNeural,0.1532,隐蔽(难检)
data/redteam/factory/edgetts/minnan/edgetts_minnan_zh-TW-YunJheNeural_SC-001487.wav,edgetts,minnan,SC-001487,zh-TW-YunJheNeural,0.1532,隐蔽(难检)
data/redteam/factory/sovits_api/mandarin/sovits_api_mandarin_ref_boot_edgetts_mandarin_zh-CN-YunxiNeural_SC-000007_seg8s_SC-000072.wav,sovits_api,mandarin,SC-000072,ref_boot_edgetts_mandarin_zh-CN-YunxiNeural_SC-000007_seg8s,0.1543,隐蔽(难检)
data/redteam/factory/edgetts/minnan/edgetts_minnan_zh-TW-HsiaoChenNeural_SC-000130.wav,edgetts,minnan,SC-000130,zh-TW-HsiaoChenNeural,0.1546,隐蔽(难检)
data/redteam/factory/sovits_api/mandarin/sovits_api_mandarin_ref_boot_edgetts_mandarin_zh-CN-XiaoxiaoNeural_SC-000007_seg8s_SC-000030.wav,sovits_api,mandarin,SC-000030,ref_boot_edgetts_mandarin_zh-CN-XiaoxiaoNeural_SC-000007_seg8s,0.1549,隐蔽(难检)
data/redteam/factory/edgetts/mandarin/edgetts_mandarin_zh-CN-XiaoxiaoNeural_SC-000176.wav,edgetts,mandarin,SC-000176,zh-CN-XiaoxiaoNeural,0.1556,隐蔽(难检)
data/redteam/factory/edgetts/cantonese/edgetts_cantonese_zh-HK-HiuMaanNeural_SC-001299.wav,edgetts,cantonese,SC-001299,zh-HK-HiuMaanNeural,0.1558,隐蔽(难检)
data/redteam/factory/edgetts/minnan/edgetts_minnan_zh-TW-YunJheNeural_SC-000008.wav,edgetts,minnan,SC-000008,zh-TW-YunJheNeural,0.1559,隐蔽(难检)
data/redteam/factory/edgetts/cantonese/edgetts_cantonese_zh-HK-HiuMaanNeural_SC-001255.wav,edgetts,cantonese,SC-001255,zh-HK-HiuMaanNeural,0.1565,隐蔽(难检)
data/redteam/factory/sovits_api/mandarin/sovits_api_mandarin_ref_boot_edgetts_mandarin_zh-CN-YunjianNeural_SC-000007_seg8s_SC-000085.wav,sovits_api,mandarin,SC-000085,ref_boot_edgetts_mandarin_zh-CN-YunjianNeural_SC-000007_seg8s,0.1568,隐蔽(难检)
data/redteam/factory/edgetts/minnan/edgetts_minnan_zh-TW-HsiaoChenNeural_SC-000406.wav,edgetts,minnan,SC-000406,zh-TW-HsiaoChenNeural,0.157,隐蔽(难检)
data/redteam/factory/edgetts/minnan/edgetts_minnan_zh-TW-YunJheNeural_SC-001610.wav,edgetts,minnan,SC-001610,zh-TW-YunJheNeural,0.1571,隐蔽(难检)
data/redteam/factory/sovits_api/mandarin/sovits_api_mandarin_ref_boot_edgetts_mandarin_zh-CN-YunjianNeural_SC-000007_seg8s_SC-000027.wav,sovits_api,mandarin,SC-000027,ref_boot_edgetts_mandarin_zh-CN-YunjianNeural_SC-000007_seg8s,0.1573,隐蔽(难检)
data/redteam/factory/sovits_api/cantonese/sovits_api_cantonese_ref_boot_edgetts_cantonese_zh-HK-WanLungNeural_SC-000005_seg8s_SC-000140.wav,sovits_api,cantonese,SC-000140,ref_boot_edgetts_cantonese_zh-HK-WanLungNeural_SC-000005_seg8s,0.1577,隐蔽(难检)
data/redteam/factory/edgetts/cantonese/edgetts_cantonese_zh-HK-HiuMaanNeural_SC-001223.wav,edgetts,cantonese,SC-001223,zh-HK-HiuMaanNeural,0.1578,隐蔽(难检)
data/redteam/factory/edgetts/cantonese/edgetts_cantonese_zh-HK-HiuMaanNeural_SC-000048.wav,edgetts,cantonese,SC-000048,zh-HK-HiuMaanNeural,0.1579,隐蔽(难检)
data/redteam/factory/edgetts/sichuan/edgetts_sichuan_zh-CN-XiaoxiaoNeural_SC-000963.wav,edgetts,sichuan,SC-000963,zh-CN-XiaoxiaoNeural,0.158,隐蔽(难检)
data/redteam/factory/edgetts/cantonese/edgetts_cantonese_zh-HK-HiuMaanNeural_SC-001068.wav,edgetts,cantonese,SC-001068,zh-HK-HiuMaanNeural,0.158,隐蔽(难检)
data/redteam/factory/edgetts/cantonese/edgetts_cantonese_zh-HK-HiuMaanNeural_SC-001200.wav,edgetts,cantonese,SC-001200,zh-HK-HiuMaanNeural,0.1581,隐蔽(难检)
data/redteam/factory/edgetts/cantonese/edgetts_cantonese_zh-HK-WanLungNeural_SC-001251.wav,edgetts,cantonese,SC-001251,zh-HK-WanLungNeural,0.1584,隐蔽(难检)
data/redteam/factory/edgetts/cantonese/edgetts_cantonese_zh-HK-HiuMaanNeural_SC-000711.wav,edgetts,cantonese,SC-000711,zh-HK-HiuMaanNeural,0.1585,隐蔽(难检)
data/redteam/factory/edgetts/minnan/edgetts_minnan_zh-TW-HsiaoChenNeural_SC-001484.wav,edgetts,minnan,SC-001484,zh-TW-HsiaoChenNeural,0.1586,隐蔽(难检)
data/redteam/factory/edgetts/minnan/edgetts_minnan_zh-TW-YunJheNeural_SC-001193.wav,edgetts,minnan,SC-001193,zh-TW-YunJheNeural,0.1589,隐蔽(难检)
data/redteam/factory/edgetts/cantonese/edgetts_cantonese_zh-HK-HiuMaanNeural_SC-000872.wav,edgetts,cantonese,SC-000872,zh-HK-HiuMaanNeural,0.1592,隐蔽(难检)
data/redteam/factory/sovits_api/mandarin/sovits_api_mandarin_ref_boot_edgetts_mandarin_zh-CN-YunxiNeural_SC-000007_seg8s_SC-000095.wav,sovits_api,mandarin,SC-000095,ref_boot_edgetts_mandarin_zh-CN-YunxiNeural_SC-000007_seg8s,0.1593,隐蔽(难检)
data/redteam/factory/sovits_api/mandarin/sovits_api_mandarin_ref_boot_edgetts_mandarin_zh-CN-XiaoxiaoNeural_SC-000007_seg8s_SC-000027.wav,sovits_api,mandarin,SC-000027,ref_boot_edgetts_mandarin_zh-CN-XiaoxiaoNeural_SC-000007_seg8s,0.1597,隐蔽(难检)
data/redteam/factory/edgetts/minnan/edgetts_minnan_zh-TW-YunJheNeural_SC-001484.wav,edgetts,minnan,SC-001484,zh-TW-YunJheNeural,0.1599,隐蔽(难检)
data/redteam/factory/edgetts/sichuan/edgetts_sichuan_zh-CN-YunxiNeural_SC-000907.wav,edgetts,sichuan,SC-000907,zh-CN-YunxiNeural,0.1602,隐蔽(难检)
data/redteam/factory/edgetts/cantonese/edgetts_cantonese_zh-HK-HiuMaanNeural_SC-000012.wav,edgetts,cantonese,SC-000012,zh-HK-HiuMaanNeural,0.1603,隐蔽(难检)
data/redteam/factory/edgetts/cantonese/edgetts_cantonese_zh-HK-HiuMaanNeural_SC-000027.wav,edgetts,cantonese,SC-000027,zh-HK-HiuMaanNeural,0.1603,隐蔽(难检)
data/redteam/factory/edgetts/henan/edgetts_henan_zh-CN-shaanxi-XiaoniNeural_SC-000917.wav,edgetts,henan,SC-000917,zh-CN-shaanxi-XiaoniNeural,0.1606,隐蔽(难检)
data/redteam/factory/edgetts/minnan/edgetts_minnan_zh-TW-YunJheNeural_SC-000532.wav,edgetts,minnan,SC-000532,zh-TW-YunJheNeural,0.1607,隐蔽(难检)
data/redteam/factory/sovits_api/sichuan/sovits_api_sichuan_ref_boot_edgetts_sichuan_zh-CN-YunxiNeural_SC-000010_SC-000076.wav,sovits_api,sichuan,SC-000076,ref_boot_edgetts_sichuan_zh-CN-YunxiNeural_SC-000010,0.1609,隐蔽(难检)
data/redteam/factory/edgetts/henan/edgetts_henan_zh-CN-shaanxi-XiaoniNeural_SC-000010.wav,edgetts,henan,SC-000010,zh-CN-shaanxi-XiaoniNeural,0.1616,隐蔽(难检)
data/redteam/factory/sovits_api/mandarin/sovits_api_mandarin_ref_boot_edgetts_mandarin_zh-CN-XiaoxiaoNeural_SC-000007_seg8s_SC-000072.wav,sovits_api,mandarin,SC-000072,ref_boot_edgetts_mandarin_zh-CN-XiaoxiaoNeural_SC-000007_seg8s,0.1617,隐蔽(难检)
data/redteam/factory/edgetts/minnan/edgetts_minnan_zh-TW-HsiaoChenNeural_SC-000055.wav,edgetts,minnan,SC-000055,zh-TW-HsiaoChenNeural,0.1618,隐蔽(难检)
data/redteam/factory/edgetts/cantonese/edgetts_cantonese_zh-HK-HiuMaanNeural_SC-000004.wav,edgetts,cantonese,SC-000004,zh-HK-HiuMaanNeural,0.1619,隐蔽(难检)
data/redteam/factory/edgetts/minnan/edgetts_minnan_zh-TW-YunJheNeural_SC-000316.wav,edgetts,minnan,SC-000316,zh-TW-YunJheNeural,0.162,隐蔽(难检)
data/redteam/factory/edgetts/cantonese/edgetts_cantonese_zh-HK-HiuMaanNeural_SC-001085.wav,edgetts,cantonese,SC-001085,zh-HK-HiuMaanNeural,0.1622,隐蔽(难检)
data/redteam/factory/edgetts/cantonese/edgetts_cantonese_zh-HK-HiuMaanNeural_SC-000716.wav,edgetts,cantonese,SC-000716,zh-HK-HiuMaanNeural,0.1623,隐蔽(难检)
data/redteam/factory/edgetts/cantonese/edgetts_cantonese_zh-HK-HiuMaanNeural_SC-000494.wav,edgetts,cantonese,SC-000494,zh-HK-HiuMaanNeural,0.1624,隐蔽(难检)
data/redteam/factory/edgetts/cantonese/edgetts_cantonese_zh-HK-HiuMaanNeural_SC-000116.wav,edgetts,cantonese,SC-000116,zh-HK-HiuMaanNeural,0.1627,隐蔽(难检)
data/redteam/factory/edgetts/mandarin/edgetts_mandarin_zh-CN-YunxiNeural_SC-000003.wav,edgetts,mandarin,SC-000003,zh-CN-YunxiNeural,0.1631,隐蔽(难检)
data/redteam/factory/edgetts/sichuan/edgetts_sichuan_zh-CN-YunxiNeural_SC-000003.wav,edgetts,sichuan,SC-000003,zh-CN-YunxiNeural,0.1631,隐蔽(难检)
data/redteam/factory/edgetts/minnan/edgetts_minnan_zh-TW-YunJheNeural_SC-000620.wav,edgetts,minnan,SC-000620,zh-TW-YunJheNeural,0.1631,隐蔽(难检)
data/redteam/factory/edgetts/sichuan/edgetts_sichuan_zh-CN-XiaoxiaoNeural_SC-000879.wav,edgetts,sichuan,SC-000879,zh-CN-XiaoxiaoNeural,0.1631,隐蔽(难检)
data/redteam/factory/edgetts/mandarin/edgetts_mandarin_zh-CN-XiaoxiaoNeural_SC-000314.wav,edgetts,mandarin,SC-000314,zh-CN-XiaoxiaoNeural,0.1636,隐蔽(难检)
data/redteam/factory/edgetts/cantonese/edgetts_cantonese_zh-HK-HiuMaanNeural_SC-000040.wav,edgetts,cantonese,SC-000040,zh-HK-HiuMaanNeural,0.1637,隐蔽(难检)
data/redteam/factory/edgetts/minnan/edgetts_minnan_zh-TW-HsiaoChenNeural_SC-001383.wav,edgetts,minnan,SC-001383,zh-TW-HsiaoChenNeural,0.164,隐蔽(难检)
data/redteam/factory/sovits_api/dongbei/sovits_api_dongbei_ref_boot_edgetts_dongbei_zh-CN-liaoning-XiaobeiNeural_SC-000002_seg8s_SC-000206.wav,sovits_api,dongbei,SC-000206,ref_boot_edgetts_dongbei_zh-CN-liaoning-XiaobeiNeural_SC-000002_seg8s,0.1641,隐蔽(难检)
data/redteam/factory/edgetts/cantonese/edgetts_cantonese_zh-HK-HiuMaanNeural_SC-000228.wav,edgetts,cantonese,SC-000228,zh-HK-HiuMaanNeural,0.1644,隐蔽(难检)
data/redteam/factory/edgetts/minnan/edgetts_minnan_zh-TW-HsiaoChenNeural_SC-000620.wav,edgetts,minnan,SC-000620,zh-TW-HsiaoChenNeural,0.1644,隐蔽(难检)
data/redteam/factory/edgetts/cantonese/edgetts_cantonese_zh-HK-HiuMaanNeural_SC-000001.wav,edgetts,cantonese,SC-000001,zh-HK-HiuMaanNeural,0.1653,隐蔽(难检)
data/redteam/factory/edgetts/cantonese/edgetts_cantonese_zh-HK-HiuMaanNeural_SC-000285.wav,edgetts,cantonese,SC-000285,zh-HK-HiuMaanNeural,0.166,隐蔽(难检)
data/redteam/factory/edgetts/cantonese/edgetts_cantonese_zh-HK-HiuMaanNeural_SC-001109.wav,edgetts,cantonese,SC-001109,zh-HK-HiuMaanNeural,0.166,隐蔽(难检)
data/redteam/factory/edgetts/minnan/edgetts_minnan_zh-TW-HsiaoChenNeural_SC-000001.wav,edgetts,minnan,SC-000001,zh-TW-HsiaoChenNeural,0.1661,隐蔽(难检)
data/redteam/factory/edgetts/minnan/edgetts_minnan_zh-TW-HsiaoChenNeural_SC-000021.wav,edgetts,minnan,SC-000021,zh-TW-HsiaoChenNeural,0.1661,隐蔽(难检)
data/redteam/factory/edgetts/cantonese/edgetts_cantonese_zh-HK-HiuMaanNeural_SC-000801.wav,edgetts,cantonese,SC-000801,zh-HK-HiuMaanNeural,0.1661,隐蔽(难检)
data/redteam/factory/edgetts/minnan/edgetts_minnan_zh-TW-HsiaoChenNeural_SC-001648.wav,edgetts,minnan,SC-001648,zh-TW-HsiaoChenNeural,0.1665,隐蔽(难检)
data/redteam/factory/edgetts/cantonese/edgetts_cantonese_zh-HK-HiuMaanNeural_SC-000487.wav,edgetts,cantonese,SC-000487,zh-HK-HiuMaanNeural,0.1665,隐蔽(难检)
data/redteam/factory/edgetts/cantonese/edgetts_cantonese_zh-HK-HiuMaanNeural_SC-001419.wav,edgetts,cantonese,SC-001419,zh-HK-HiuMaanNeural,0.1666,隐蔽(难检)
data/redteam/factory/edgetts/minnan/edgetts_minnan_zh-TW-YunJheNeural_SC-000237.wav,edgetts,minnan,SC-000237,zh-TW-YunJheNeural,0.1669,隐蔽(难检)
data/redteam/factory/edgetts/cantonese/edgetts_cantonese_zh-HK-HiuMaanNeural_SC-000025.wav,edgetts,cantonese,SC-000025,zh-HK-HiuMaanNeural,0.167,隐蔽(难检)
data/redteam/factory/edgetts/cantonese/edgetts_cantonese_zh-HK-HiuMaanNeural_SC-000460.wav,edgetts,cantonese,SC-000460,zh-HK-HiuMaanNeural,0.167,隐蔽(难检)
data/redteam/factory/edgetts/mandarin/edgetts_mandarin_zh-CN-YunyangNeural_SC-000314.wav,edgetts,mandarin,SC-000314,zh-CN-YunyangNeural,0.167,隐蔽(难检)
data/redteam/factory/edgetts/mandarin/edgetts_mandarin_zh-CN-YunyangNeural_SC-000123.wav,edgetts,mandarin,SC-000123,zh-CN-YunyangNeural,0.1674,隐蔽(难检)
data/redteam/factory/edgetts/minnan/edgetts_minnan_zh-TW-HsiaoChenNeural_SC-000056.wav,edgetts,minnan,SC-000056,zh-TW-HsiaoChenNeural,0.1683,隐蔽(难检)
data/redteam/factory/edgetts/cantonese/edgetts_cantonese_zh-HK-HiuMaanNeural_SC-000119.wav,edgetts,cantonese,SC-000119,zh-HK-HiuMaanNeural,0.1685,隐蔽(难检)
data/redteam/factory/edgetts/cantonese/edgetts_cantonese_zh-HK-HiuMaanNeural_SC-001607.wav,edgetts,cantonese,SC-001607,zh-HK-HiuMaanNeural,0.1686,隐蔽(难检)
data/redteam/factory/edgetts/minnan/edgetts_minnan_zh-TW-HsiaoChenNeural_SC-000830.wav,edgetts,minnan,SC-000830,zh-TW-HsiaoChenNeural,0.1691,隐蔽(难检)
data/redteam/factory/edgetts/mandarin/edgetts_mandarin_zh-CN-YunxiNeural_SC-000310.wav,edgetts,mandarin,SC-000310,zh-CN-YunxiNeural,0.1692,隐蔽(难检)
data/redteam/factory/edgetts/cantonese/edgetts_cantonese_zh-HK-HiuMaanNeural_SC-000495.wav,edgetts,cantonese,SC-000495,zh-HK-HiuMaanNeural,0.1692,隐蔽(难检)
data/redteam/factory/edgetts/cantonese/edgetts_cantonese_zh-HK-HiuMaanNeural_SC-000245.wav,edgetts,cantonese,SC-000245,zh-HK-HiuMaanNeural,0.1693,隐蔽(难检)
data/redteam/factory/edgetts/minnan/edgetts_minnan_zh-TW-YunJheNeural_SC-001589.wav,edgetts,minnan,SC-001589,zh-TW-YunJheNeural,0.1698,隐蔽(难检)
data/redteam/factory/edgetts/cantonese/edgetts_cantonese_zh-HK-HiuMaanNeural_SC-001528.wav,edgetts,cantonese,SC-001528,zh-HK-HiuMaanNeural,0.1699,隐蔽(难检)
data/redteam/factory/edgetts/minnan/edgetts_minnan_zh-TW-YunJheNeural_SC-001266.wav,edgetts,minnan,SC-001266,zh-TW-YunJheNeural,0.1701,隐蔽(难检)
data/redteam/factory/edgetts/cantonese/edgetts_cantonese_zh-HK-WanLungNeural_SC-000155.wav,edgetts,cantonese,SC-000155,zh-HK-WanLungNeural,0.1703,隐蔽(难检)
data/redteam/factory/edgetts/minnan/edgetts_minnan_zh-TW-HsiaoChenNeural_SC-001257.wav,edgetts,minnan,SC-001257,zh-TW-HsiaoChenNeural,0.1713,隐蔽(难检)
data/redteam/factory/edgetts/cantonese/edgetts_cantonese_zh-HK-HiuMaanNeural_SC-000018.wav,edgetts,cantonese,SC-000018,zh-HK-HiuMaanNeural,0.1716,隐蔽(难检)
data/redteam/factory/sovits_api/dongbei/sovits_api_dongbei_ref_boot_edgetts_dongbei_zh-CN-liaoning-XiaobeiNeural_SC-000002_seg8s_SC-000174.wav,sovits_api,dongbei,SC-000174,ref_boot_edgetts_dongbei_zh-CN-liaoning-XiaobeiNeural_SC-000002_seg8s,0.1725,隐蔽(难检)
data/redteam/factory/edgetts/cantonese/edgetts_cantonese_zh-HK-HiuMaanNeural_SC-001562.wav,edgetts,cantonese,SC-001562,zh-HK-HiuMaanNeural,0.1727,隐蔽(难检)
data/redteam/factory/edgetts/mandarin/edgetts_mandarin_zh-CN-XiaoxiaoNeural_SC-000110.wav,edgetts,mandarin,SC-000110,zh-CN-XiaoxiaoNeural,0.1735,隐蔽(难检)
data/redteam/factory/edgetts/henan/edgetts_henan_zh-CN-shaanxi-XiaoniNeural_SC-000015.wav,edgetts,henan,SC-000015,zh-CN-shaanxi-XiaoniNeural,0.1739,隐蔽(难检)
data/redteam/factory/edgetts/cantonese/edgetts_cantonese_zh-HK-HiuMaanNeural_SC-001467.wav,edgetts,cantonese,SC-001467,zh-HK-HiuMaanNeural,0.1743,隐蔽(难检)
data/redteam/factory/sovits_api/sichuan/sovits_api_sichuan_ref_boot_edgetts_sichuan_zh-CN-XiaoxiaoNeural_SC-000010_SC-000062.wav,sovits_api,sichuan,SC-000062,ref_boot_edgetts_sichuan_zh-CN-XiaoxiaoNeural_SC-000010,0.1743,隐蔽(难检)
data/redteam/factory/edgetts/cantonese/edgetts_cantonese_zh-HK-HiuMaanNeural_SC-000305.wav,edgetts,cantonese,SC-000305,zh-HK-HiuMaanNeural,0.1744,隐蔽(难检)
data/redteam/factory/sovits_api/sichuan/sovits_api_sichuan_ref_boot_edgetts_sichuan_zh-CN-YunxiNeural_SC-000010_SC-000278.wav,sovits_api,sichuan,SC-000278,ref_boot_edgetts_sichuan_zh-CN-YunxiNeural_SC-000010,0.1747,隐蔽(难检)
data/redteam/factory/edgetts/mandarin/edgetts_mandarin_zh-CN-YunxiNeural_SC-000050.wav,edgetts,mandarin,SC-000050,zh-CN-YunxiNeural,0.1754,隐蔽(难检)
data/redteam/factory/edgetts/dongbei/edgetts_dongbei_zh-CN-liaoning-XiaobeiNeural_SC-001119.wav,edgetts,dongbei,SC-001119,zh-CN-liaoning-XiaobeiNeural,0.1756,隐蔽(难检)
data/redteam/factory/edgetts/dongbei/edgetts_dongbei_zh-CN-liaoning-XiaobeiNeural_SC-000043.wav,edgetts,dongbei,SC-000043,zh-CN-liaoning-XiaobeiNeural,0.176,隐蔽(难检)
data/redteam/factory/sovits_api/sichuan/sovits_api_sichuan_ref_boot_edgetts_sichuan_zh-CN-YunxiNeural_SC-000010_SC-000232.wav,sovits_api,sichuan,SC-000232,ref_boot_edgetts_sichuan_zh-CN-YunxiNeural_SC-000010,0.176,隐蔽(难检)
data/redteam/factory/edgetts/cantonese/edgetts_cantonese_zh-HK-HiuMaanNeural_SC-000019.wav,edgetts,cantonese,SC-000019,zh-HK-HiuMaanNeural,0.1762,隐蔽(难检)
data/redteam/factory/edgetts/minnan/edgetts_minnan_zh-TW-HsiaoChenNeural_SC-001636.wav,edgetts,minnan,SC-001636,zh-TW-HsiaoChenNeural,0.1763,隐蔽(难检)
data/redteam/factory/edgetts/cantonese/edgetts_cantonese_zh-HK-HiuMaanNeural_SC-000714.wav,edgetts,cantonese,SC-000714,zh-HK-HiuMaanNeural,0.1764,隐蔽(难检)
data/redteam/factory/edgetts/cantonese/edgetts_cantonese_zh-HK-HiuMaanNeural_SC-000639.wav,edgetts,cantonese,SC-000639,zh-HK-HiuMaanNeural,0.1767,隐蔽(难检)
data/redteam/factory/edgetts/minnan/edgetts_minnan_zh-TW-YunJheNeural_SC-001712.wav,edgetts,minnan,SC-001712,zh-TW-YunJheNeural,0.1777,隐蔽(难检)
data/redteam/factory/edgetts/cantonese/edgetts_cantonese_zh-HK-HiuMaanNeural_SC-001251.wav,edgetts,cantonese,SC-001251,zh-HK-HiuMaanNeural,0.1778,隐蔽(难检)
data/redteam/factory/edgetts/cantonese/edgetts_cantonese_zh-HK-HiuMaanNeural_SC-000918.wav,edgetts,cantonese,SC-000918,zh-HK-HiuMaanNeural,0.178,隐蔽(难检)
data/redteam/factory/edgetts/sichuan/edgetts_sichuan_zh-CN-YunxiNeural_SC-001138.wav,edgetts,sichuan,SC-001138,zh-CN-YunxiNeural,0.1781,隐蔽(难检)
data/redteam/factory/edgetts/cantonese/edgetts_cantonese_zh-HK-HiuMaanNeural_SC-001400.wav,edgetts,cantonese,SC-001400,zh-HK-HiuMaanNeural,0.1785,隐蔽(难检)
data/redteam/factory/sovits_api/mandarin/sovits_api_mandarin_ref_boot_edgetts_mandarin_zh-CN-YunxiNeural_SC-000007_seg8s_SC-000057.wav,sovits_api,mandarin,SC-000057,ref_boot_edgetts_mandarin_zh-CN-YunxiNeural_SC-000007_seg8s,0.1785,隐蔽(难检)
data/redteam/factory/edgetts/cantonese/edgetts_cantonese_zh-HK-HiuMaanNeural_SC-000490.wav,edgetts,cantonese,SC-000490,zh-HK-HiuMaanNeural,0.1786,隐蔽(难检)
data/redteam/factory/edgetts/minnan/edgetts_minnan_zh-TW-YunJheNeural_SC-000824.wav,edgetts,minnan,SC-000824,zh-TW-YunJheNeural,0.1787,隐蔽(难检)
data/redteam/factory/edgetts/sichuan/edgetts_sichuan_zh-CN-YunxiNeural_SC-000211.wav,edgetts,sichuan,SC-000211,zh-CN-YunxiNeural,0.1789,隐蔽(难检)
data/redteam/factory/edgetts/mandarin/edgetts_mandarin_zh-CN-XiaoxiaoNeural_SC-000053.wav,edgetts,mandarin,SC-000053,zh-CN-XiaoxiaoNeural,0.1794,隐蔽(难检)
data/redteam/factory/edgetts/cantonese/edgetts_cantonese_zh-HK-HiuMaanNeural_SC-000950.wav,edgetts,cantonese,SC-000950,zh-HK-HiuMaanNeural,0.1804,隐蔽(难检)
data/redteam/factory/edgetts/cantonese/edgetts_cantonese_zh-HK-HiuMaanNeural_SC-000011.wav,edgetts,cantonese,SC-000011,zh-HK-HiuMaanNeural,0.1819,隐蔽(难检)
data/redteam/factory/edgetts/mandarin/edgetts_mandarin_zh-CN-YunyangNeural_SC-000260.wav,edgetts,mandarin,SC-000260,zh-CN-YunyangNeural,0.1819,隐蔽(难检)
data/redteam/factory/edgetts/minnan/edgetts_minnan_zh-TW-HsiaoChenNeural_SC-001311.wav,edgetts,minnan,SC-001311,zh-TW-HsiaoChenNeural,0.182,隐蔽(难检)
data/redteam/factory/edgetts/cantonese/edgetts_cantonese_zh-HK-HiuMaanNeural_SC-000049.wav,edgetts,cantonese,SC-000049,zh-HK-HiuMaanNeural,0.1823,隐蔽(难检)
data/redteam/factory/sovits_api/mandarin/sovits_api_mandarin_ref_boot_edgetts_mandarin_zh-CN-XiaoxiaoNeural_SC-000007_seg8s_SC-000074.wav,sovits_api,mandarin,SC-000074,ref_boot_edgetts_mandarin_zh-CN-XiaoxiaoNeural_SC-000007_seg8s,0.1828,隐蔽(难检)
data/redteam/factory/edgetts/cantonese/edgetts_cantonese_zh-HK-HiuMaanNeural_SC-000003.wav,edgetts,cantonese,SC-000003,zh-HK-HiuMaanNeural,0.183,隐蔽(难检)
data/redteam/factory/edgetts/minnan/edgetts_minnan_zh-TW-HsiaoChenNeural_SC-001376.wav,edgetts,minnan,SC-001376,zh-TW-HsiaoChenNeural,0.1834,隐蔽(难检)
data/redteam/factory/edgetts/cantonese/edgetts_cantonese_zh-HK-HiuMaanNeural_SC-000028.wav,edgetts,cantonese,SC-000028,zh-HK-HiuMaanNeural,0.1846,隐蔽(难检)
data/redteam/factory/edgetts/cantonese/edgetts_cantonese_zh-HK-HiuMaanNeural_SC-000023.wav,edgetts,cantonese,SC-000023,zh-HK-HiuMaanNeural,0.1853,隐蔽(难检)
data/redteam/factory/sovits_api/dongbei/sovits_api_dongbei_ref_boot_edgetts_dongbei_zh-CN-liaoning-XiaobeiNeural_SC-000002_seg8s_SC-000024.wav,sovits_api,dongbei,SC-000024,ref_boot_edgetts_dongbei_zh-CN-liaoning-XiaobeiNeural_SC-000002_seg8s,0.1857,隐蔽(难检)
data/redteam/factory/edgetts/cantonese/edgetts_cantonese_zh-HK-HiuMaanNeural_SC-000312.wav,edgetts,cantonese,SC-000312,zh-HK-HiuMaanNeural,0.1862,隐蔽(难检)
data/redteam/factory/edgetts/cantonese/edgetts_cantonese_zh-HK-HiuMaanNeural_SC-000052.wav,edgetts,cantonese,SC-000052,zh-HK-HiuMaanNeural,0.187,隐蔽(难检)
data/redteam/factory/edgetts/cantonese/edgetts_cantonese_zh-HK-HiuMaanNeural_SC-000765.wav,edgetts,cantonese,SC-000765,zh-HK-HiuMaanNeural,0.187,隐蔽(难检)
data/redteam/factory/edgetts/cantonese/edgetts_cantonese_zh-HK-HiuMaanNeural_SC-000131.wav,edgetts,cantonese,SC-000131,zh-HK-HiuMaanNeural,0.1873,隐蔽(难检)
data/redteam/factory/edgetts/cantonese/edgetts_cantonese_zh-HK-HiuMaanNeural_SC-000759.wav,edgetts,cantonese,SC-000759,zh-HK-HiuMaanNeural,0.1874,隐蔽(难检)
data/redteam/factory/sovits_api/sichuan/sovits_api_sichuan_ref_boot_edgetts_sichuan_zh-CN-YunxiNeural_SC-000010_SC-000271.wav,sovits_api,sichuan,SC-000271,ref_boot_edgetts_sichuan_zh-CN-YunxiNeural_SC-000010,0.1876,隐蔽(难检)
data/redteam/factory/edgetts/cantonese/edgetts_cantonese_zh-HK-HiuMaanNeural_SC-000094.wav,edgetts,cantonese,SC-000094,zh-HK-HiuMaanNeural,0.1884,隐蔽(难检)
data/redteam/factory/edgetts/cantonese/edgetts_cantonese_zh-HK-HiuMaanNeural_SC-000247.wav,edgetts,cantonese,SC-000247,zh-HK-HiuMaanNeural,0.189,隐蔽(难检)
data/redteam/factory/edgetts/cantonese/edgetts_cantonese_zh-HK-HiuMaanNeural_SC-001152.wav,edgetts,cantonese,SC-001152,zh-HK-HiuMaanNeural,0.1904,隐蔽(难检)
data/redteam/factory/edgetts/cantonese/edgetts_cantonese_zh-HK-HiuMaanNeural_SC-000246.wav,edgetts,cantonese,SC-000246,zh-HK-HiuMaanNeural,0.1908,隐蔽(难检)
data/redteam/factory/edgetts/cantonese/edgetts_cantonese_zh-HK-HiuMaanNeural_SC-001059.wav,edgetts,cantonese,SC-001059,zh-HK-HiuMaanNeural,0.191,隐蔽(难检)
data/redteam/factory/edgetts/cantonese/edgetts_cantonese_zh-HK-HiuMaanNeural_SC-000103.wav,edgetts,cantonese,SC-000103,zh-HK-HiuMaanNeural,0.1912,隐蔽(难检)
data/redteam/factory/edgetts/minnan/edgetts_minnan_zh-TW-HsiaoChenNeural_SC-000704.wav,edgetts,minnan,SC-000704,zh-TW-HsiaoChenNeural,0.1912,隐蔽(难检)
data/redteam/factory/edgetts/minnan/edgetts_minnan_zh-TW-HsiaoChenNeural_SC-001033.wav,edgetts,minnan,SC-001033,zh-TW-HsiaoChenNeural,0.1916,隐蔽(难检)
data/redteam/factory/edgetts/cantonese/edgetts_cantonese_zh-HK-HiuMaanNeural_SC-000447.wav,edgetts,cantonese,SC-000447,zh-HK-HiuMaanNeural,0.1917,隐蔽(难检)
data/redteam/factory/edgetts/minnan/edgetts_minnan_zh-TW-YunJheNeural_SC-000836.wav,edgetts,minnan,SC-000836,zh-TW-YunJheNeural,0.1919,隐蔽(难检)
data/redteam/factory/edgetts/cantonese/edgetts_cantonese_zh-HK-HiuMaanNeural_SC-000006.wav,edgetts,cantonese,SC-000006,zh-HK-HiuMaanNeural,0.1921,隐蔽(难检)
data/redteam/factory/edgetts/minnan/edgetts_minnan_zh-TW-HsiaoChenNeural_SC-001010.wav,edgetts,minnan,SC-001010,zh-TW-HsiaoChenNeural,0.1922,隐蔽(难检)
data/redteam/factory/edgetts/cantonese/edgetts_cantonese_zh-HK-HiuMaanNeural_SC-001461.wav,edgetts,cantonese,SC-001461,zh-HK-HiuMaanNeural,0.1923,隐蔽(难检)
data/redteam/factory/edgetts/cantonese/edgetts_cantonese_zh-HK-HiuMaanNeural_SC-001489.wav,edgetts,cantonese,SC-001489,zh-HK-HiuMaanNeural,0.1925,隐蔽(难检)
data/redteam/factory/edgetts/cantonese/edgetts_cantonese_zh-HK-HiuMaanNeural_SC-000547.wav,edgetts,cantonese,SC-000547,zh-HK-HiuMaanNeural,0.1928,隐蔽(难检)
data/redteam/factory/sovits_api/mandarin/sovits_api_mandarin_ref_boot_edgetts_mandarin_zh-CN-XiaoxiaoNeural_SC-000007_seg8s_SC-000016.wav,sovits_api,mandarin,SC-000016,ref_boot_edgetts_mandarin_zh-CN-XiaoxiaoNeural_SC-000007_seg8s,0.1928,隐蔽(难检)
data/redteam/factory/edgetts/cantonese/edgetts_cantonese_zh-HK-HiuMaanNeural_SC-000679.wav,edgetts,cantonese,SC-000679,zh-HK-HiuMaanNeural,0.1934,隐蔽(难检)
data/redteam/factory/edgetts/cantonese/edgetts_cantonese_zh-HK-HiuMaanNeural_SC-000556.wav,edgetts,cantonese,SC-000556,zh-HK-HiuMaanNeural,0.1935,隐蔽(难检)
data/redteam/factory/edgetts/minnan/edgetts_minnan_zh-TW-YunJheNeural_SC-000753.wav,edgetts,minnan,SC-000753,zh-TW-YunJheNeural,0.1938,隐蔽(难检)
data/redteam/factory/edgetts/minnan/edgetts_minnan_zh-TW-YunJheNeural_SC-001006.wav,edgetts,minnan,SC-001006,zh-TW-YunJheNeural,0.1942,隐蔽(难检)
data/redteam/factory/edgetts/cantonese/edgetts_cantonese_zh-HK-HiuMaanNeural_SC-000020.wav,edgetts,cantonese,SC-000020,zh-HK-HiuMaanNeural,0.1943,隐蔽(难检)
data/redteam/factory/edgetts/cantonese/edgetts_cantonese_zh-HK-HiuMaanNeural_SC-000333.wav,edgetts,cantonese,SC-000333,zh-HK-HiuMaanNeural,0.1954,隐蔽(难检)
data/redteam/factory/edgetts/minnan/edgetts_minnan_zh-TW-YunJheNeural_SC-000935.wav,edgetts,minnan,SC-000935,zh-TW-YunJheNeural,0.1956,隐蔽(难检)
data/redteam/factory/edgetts/minnan/edgetts_minnan_zh-TW-HsiaoChenNeural_SC-000790.wav,edgetts,minnan,SC-000790,zh-TW-HsiaoChenNeural,0.1957,隐蔽(难检)
data/redteam/factory/edgetts/cantonese/edgetts_cantonese_zh-HK-HiuMaanNeural_SC-001611.wav,edgetts,cantonese,SC-001611,zh-HK-HiuMaanNeural,0.1968,隐蔽(难检)
data/redteam/factory/sovits_api/cantonese/sovits_api_cantonese_ref_boot_edgetts_cantonese_zh-HK-HiuMaanNeural_SC-000005_seg8s_SC-000277.wav,sovits_api,cantonese,SC-000277,ref_boot_edgetts_cantonese_zh-HK-HiuMaanNeural_SC-000005_seg8s,0.1972,隐蔽(难检)
data/redteam/factory/edgetts/cantonese/edgetts_cantonese_zh-HK-HiuMaanNeural_SC-001046.wav,edgetts,cantonese,SC-001046,zh-HK-HiuMaanNeural,0.1974,隐蔽(难检)
data/redteam/factory/edgetts/minnan/edgetts_minnan_zh-TW-HsiaoChenNeural_SC-000594.wav,edgetts,minnan,SC-000594,zh-TW-HsiaoChenNeural,0.1992,隐蔽(难检)
data/redteam/factory/edgetts/cantonese/edgetts_cantonese_zh-HK-HiuMaanNeural_SC-000798.wav,edgetts,cantonese,SC-000798,zh-HK-HiuMaanNeural,0.1994,隐蔽(难检)
data/redteam/factory/edgetts/cantonese/edgetts_cantonese_zh-HK-HiuMaanNeural_SC-000352.wav,edgetts,cantonese,SC-000352,zh-HK-HiuMaanNeural,0.1995,隐蔽(难检)
data/redteam/factory/edgetts/cantonese/edgetts_cantonese_zh-HK-HiuMaanNeural_SC-001155.wav,edgetts,cantonese,SC-001155,zh-HK-HiuMaanNeural,0.2,隐蔽(难检)
data/redteam/factory/edgetts/mandarin/edgetts_mandarin_zh-CN-YunyangNeural_SC-000370.wav,edgetts,mandarin,SC-000370,zh-CN-YunyangNeural,0.2006,隐蔽(难检)
data/redteam/factory/edgetts/cantonese/edgetts_cantonese_zh-HK-HiuMaanNeural_SC-000024.wav,edgetts,cantonese,SC-000024,zh-HK-HiuMaanNeural,0.2013,隐蔽(难检)
data/redteam/factory/edgetts/cantonese/edgetts_cantonese_zh-HK-HiuMaanNeural_SC-000443.wav,edgetts,cantonese,SC-000443,zh-HK-HiuMaanNeural,0.2023,隐蔽(难检)
data/redteam/factory/edgetts/cantonese/edgetts_cantonese_zh-HK-HiuMaanNeural_SC-001615.wav,edgetts,cantonese,SC-001615,zh-HK-HiuMaanNeural,0.2025,隐蔽(难检)
data/redteam/factory/edgetts/cantonese/edgetts_cantonese_zh-HK-HiuMaanNeural_SC-001090.wav,edgetts,cantonese,SC-001090,zh-HK-HiuMaanNeural,0.203,隐蔽(难检)
data/redteam/factory/edgetts/minnan/edgetts_minnan_zh-TW-HsiaoChenNeural_SC-000958.wav,edgetts,minnan,SC-000958,zh-TW-HsiaoChenNeural,0.2038,隐蔽(难检)
data/redteam/factory/sovits_api/minnan/sovits_api_minnan_ref_boot_edgetts_minnan_zh-TW-YunJheNeural_SC-000001_SC-000422.wav,sovits_api,minnan,SC-000422,ref_boot_edgetts_minnan_zh-TW-YunJheNeural_SC-000001,0.2045,隐蔽(难检)
data/redteam/factory/edgetts/minnan/edgetts_minnan_zh-TW-HsiaoChenNeural_SC-001045.wav,edgetts,minnan,SC-001045,zh-TW-HsiaoChenNeural,0.2047,隐蔽(难检)
data/redteam/factory/edgetts/cantonese/edgetts_cantonese_zh-HK-HiuMaanNeural_SC-000197.wav,edgetts,cantonese,SC-000197,zh-HK-HiuMaanNeural,0.2048,隐蔽(难检)
data/redteam/factory/edgetts/minnan/edgetts_minnan_zh-TW-HsiaoChenNeural_SC-001373.wav,edgetts,minnan,SC-001373,zh-TW-HsiaoChenNeural,0.2051,隐蔽(难检)
data/redteam/factory/edgetts/cantonese/edgetts_cantonese_zh-HK-HiuMaanNeural_SC-000009.wav,edgetts,cantonese,SC-000009,zh-HK-HiuMaanNeural,0.2055,隐蔽(难检)
data/redteam/factory/edgetts/minnan/edgetts_minnan_zh-TW-YunJheNeural_SC-001661.wav,edgetts,minnan,SC-001661,zh-TW-YunJheNeural,0.2056,隐蔽(难检)
data/redteam/factory/edgetts/cantonese/edgetts_cantonese_zh-HK-HiuMaanNeural_SC-001350.wav,edgetts,cantonese,SC-001350,zh-HK-HiuMaanNeural,0.2065,隐蔽(难检)
data/redteam/factory/edgetts/cantonese/edgetts_cantonese_zh-HK-HiuMaanNeural_SC-000419.wav,edgetts,cantonese,SC-000419,zh-HK-HiuMaanNeural,0.2066,隐蔽(难检)
data/redteam/factory/edgetts/cantonese/edgetts_cantonese_zh-HK-HiuMaanNeural_SC-000191.wav,edgetts,cantonese,SC-000191,zh-HK-HiuMaanNeural,0.2074,隐蔽(难检)
data/redteam/factory/sovits_api/dongbei/sovits_api_dongbei_ref_boot_edgetts_dongbei_zh-CN-liaoning-XiaobeiNeural_SC-000002_seg8s_SC-000081.wav,sovits_api,dongbei,SC-000081,ref_boot_edgetts_dongbei_zh-CN-liaoning-XiaobeiNeural_SC-000002_seg8s,0.2074,隐蔽(难检)
data/redteam/factory/edgetts/cantonese/edgetts_cantonese_zh-HK-HiuMaanNeural_SC-001340.wav,edgetts,cantonese,SC-001340,zh-HK-HiuMaanNeural,0.2078,隐蔽(难检)
data/redteam/factory/edgetts/cantonese/edgetts_cantonese_zh-HK-HiuMaanNeural_SC-000508.wav,edgetts,cantonese,SC-000508,zh-HK-HiuMaanNeural,0.2082,隐蔽(难检)
data/redteam/factory/edgetts/cantonese/edgetts_cantonese_zh-HK-HiuMaanNeural_SC-000281.wav,edgetts,cantonese,SC-000281,zh-HK-HiuMaanNeural,0.2084,隐蔽(难检)
data/redteam/factory/sovits_api/cantonese/sovits_api_cantonese_ref_boot_edgetts_cantonese_zh-HK-HiuMaanNeural_SC-000005_seg8s_SC-000305.wav,sovits_api,cantonese,SC-000305,ref_boot_edgetts_cantonese_zh-HK-HiuMaanNeural_SC-000005_seg8s,0.2086,隐蔽(难检)
data/redteam/factory/edgetts/cantonese/edgetts_cantonese_zh-HK-HiuMaanNeural_SC-000008.wav,edgetts,cantonese,SC-000008,zh-HK-HiuMaanNeural,0.2087,隐蔽(难检)
data/redteam/factory/edgetts/cantonese/edgetts_cantonese_zh-HK-HiuMaanNeural_SC-001262.wav,edgetts,cantonese,SC-001262,zh-HK-HiuMaanNeural,0.2133,隐蔽(难检)
data/redteam/factory/edgetts/mandarin/edgetts_mandarin_zh-CN-XiaoxiaoNeural_SC-000437.wav,edgetts,mandarin,SC-000437,zh-CN-XiaoxiaoNeural,0.2139,隐蔽(难检)
data/redteam/factory/edgetts/cantonese/edgetts_cantonese_zh-HK-HiuMaanNeural_SC-001331.wav,edgetts,cantonese,SC-001331,zh-HK-HiuMaanNeural,0.2142,隐蔽(难检)
data/redteam/factory/edgetts/cantonese/edgetts_cantonese_zh-HK-HiuMaanNeural_SC-000770.wav,edgetts,cantonese,SC-000770,zh-HK-HiuMaanNeural,0.2143,隐蔽(难检)
data/redteam/factory/sovits_api/cantonese/sovits_api_cantonese_ref_boot_edgetts_cantonese_zh-HK-WanLungNeural_SC-000005_seg8s_SC-000155.wav,sovits_api,cantonese,SC-000155,ref_boot_edgetts_cantonese_zh-HK-WanLungNeural_SC-000005_seg8s,0.2154,隐蔽(难检)
data/redteam/factory/edgetts/cantonese/edgetts_cantonese_zh-HK-HiuMaanNeural_SC-000512.wav,edgetts,cantonese,SC-000512,zh-HK-HiuMaanNeural,0.2159,隐蔽(难检)
data/redteam/factory/sovits_api/cantonese/sovits_api_cantonese_ref_boot_edgetts_cantonese_zh-HK-HiuMaanNeural_SC-000005_seg8s_SC-000112.wav,sovits_api,cantonese,SC-000112,ref_boot_edgetts_cantonese_zh-HK-HiuMaanNeural_SC-000005_seg8s,0.217,隐蔽(难检)
data/redteam/factory/edgetts/cantonese/edgetts_cantonese_zh-HK-HiuMaanNeural_SC-001014.wav,edgetts,cantonese,SC-001014,zh-HK-HiuMaanNeural,0.2174,隐蔽(难检)
data/redteam/factory/edgetts/minnan/edgetts_minnan_zh-TW-YunJheNeural_SC-000866.wav,edgetts,minnan,SC-000866,zh-TW-YunJheNeural,0.218,隐蔽(难检)
data/redteam/factory/edgetts/minnan/edgetts_minnan_zh-TW-HsiaoChenNeural_SC-000522.wav,edgetts,minnan,SC-000522,zh-TW-HsiaoChenNeural,0.2183,隐蔽(难检)
data/redteam/factory/edgetts/cantonese/edgetts_cantonese_zh-HK-HiuMaanNeural_SC-000002.wav,edgetts,cantonese,SC-000002,zh-HK-HiuMaanNeural,0.2187,隐蔽(难检)
data/redteam/factory/edgetts/cantonese/edgetts_cantonese_zh-HK-HiuMaanNeural_SC-001541.wav,edgetts,cantonese,SC-001541,zh-HK-HiuMaanNeural,0.2192,隐蔽(难检)
data/redteam/factory/edgetts/minnan/edgetts_minnan_zh-TW-HsiaoChenNeural_SC-000536.wav,edgetts,minnan,SC-000536,zh-TW-HsiaoChenNeural,0.22,隐蔽(难检)
data/redteam/factory/sovits_api/cantonese/sovits_api_cantonese_ref_boot_edgetts_cantonese_zh-HK-HiuMaanNeural_SC-000005_seg8s_SC-000312.wav,sovits_api,cantonese,SC-000312,ref_boot_edgetts_cantonese_zh-HK-HiuMaanNeural_SC-000005_seg8s,0.2202,隐蔽(难检)
data/redteam/factory/edgetts/minnan/edgetts_minnan_zh-TW-YunJheNeural_SC-001311.wav,edgetts,minnan,SC-001311,zh-TW-YunJheNeural,0.2219,隐蔽(难检)
data/redteam/factory/edgetts/dongbei/edgetts_dongbei_zh-CN-liaoning-XiaobeiNeural_SC-000678.wav,edgetts,dongbei,SC-000678,zh-CN-liaoning-XiaobeiNeural,0.2227,隐蔽(难检)
data/redteam/factory/edgetts/minnan/edgetts_minnan_zh-TW-HsiaoChenNeural_SC-001112.wav,edgetts,minnan,SC-001112,zh-TW-HsiaoChenNeural,0.2233,隐蔽(难检)
data/redteam/factory/edgetts/minnan/edgetts_minnan_zh-TW-HsiaoChenNeural_SC-000723.wav,edgetts,minnan,SC-000723,zh-TW-HsiaoChenNeural,0.2235,隐蔽(难检)
data/redteam/factory/edgetts/cantonese/edgetts_cantonese_zh-HK-HiuMaanNeural_SC-000652.wav,edgetts,cantonese,SC-000652,zh-HK-HiuMaanNeural,0.2242,隐蔽(难检)
data/redteam/factory/edgetts/cantonese/edgetts_cantonese_zh-HK-WanLungNeural_SC-000248.wav,edgetts,cantonese,SC-000248,zh-HK-WanLungNeural,0.2257,隐蔽(难检)
data/redteam/factory/sovits_api/sichuan/sovits_api_sichuan_ref_boot_edgetts_sichuan_zh-CN-XiaoxiaoNeural_SC-000010_SC-000076.wav,sovits_api,sichuan,SC-000076,ref_boot_edgetts_sichuan_zh-CN-XiaoxiaoNeural_SC-000010,0.2257,隐蔽(难检)
data/redteam/factory/edgetts/cantonese/edgetts_cantonese_zh-HK-HiuMaanNeural_SC-001226.wav,edgetts,cantonese,SC-001226,zh-HK-HiuMaanNeural,0.2265,隐蔽(难检)
data/redteam/factory/edgetts/minnan/edgetts_minnan_zh-TW-HsiaoChenNeural_SC-000391.wav,edgetts,minnan,SC-000391,zh-TW-HsiaoChenNeural,0.2267,隐蔽(难检)
data/redteam/factory/sovits_api/sichuan/sovits_api_sichuan_ref_boot_edgetts_sichuan_zh-CN-YunxiNeural_SC-000010_SC-000125.wav,sovits_api,sichuan,SC-000125,ref_boot_edgetts_sichuan_zh-CN-YunxiNeural_SC-000010,0.2267,隐蔽(难检)
data/redteam/factory/edgetts/cantonese/edgetts_cantonese_zh-HK-HiuMaanNeural_SC-001507.wav,edgetts,cantonese,SC-001507,zh-HK-HiuMaanNeural,0.2276,隐蔽(难检)
data/redteam/factory/edgetts/cantonese/edgetts_cantonese_zh-HK-HiuMaanNeural_SC-001280.wav,edgetts,cantonese,SC-001280,zh-HK-HiuMaanNeural,0.2277,隐蔽(难检)
data/redteam/factory/edgetts/minnan/edgetts_minnan_zh-TW-HsiaoChenNeural_SC-000412.wav,edgetts,minnan,SC-000412,zh-TW-HsiaoChenNeural,0.2286,隐蔽(难检)
data/redteam/factory/edgetts/cantonese/edgetts_cantonese_zh-HK-HiuMaanNeural_SC-001606.wav,edgetts,cantonese,SC-001606,zh-HK-HiuMaanNeural,0.2287,隐蔽(难检)
data/redteam/factory/edgetts/sichuan/edgetts_sichuan_zh-CN-YunxiNeural_SC-000199.wav,edgetts,sichuan,SC-000199,zh-CN-YunxiNeural,0.2305,隐蔽(难检)
data/redteam/factory/edgetts/minnan/edgetts_minnan_zh-TW-YunJheNeural_SC-001532.wav,edgetts,minnan,SC-001532,zh-TW-YunJheNeural,0.2306,隐蔽(难检)
data/redteam/factory/edgetts/cantonese/edgetts_cantonese_zh-HK-HiuMaanNeural_SC-001042.wav,edgetts,cantonese,SC-001042,zh-HK-HiuMaanNeural,0.231,隐蔽(难检)
data/redteam/factory/edgetts/minnan/edgetts_minnan_zh-TW-HsiaoChenNeural_SC-001087.wav,edgetts,minnan,SC-001087,zh-TW-HsiaoChenNeural,0.2316,隐蔽(难检)
data/redteam/factory/edgetts/cantonese/edgetts_cantonese_zh-HK-HiuMaanNeural_SC-000690.wav,edgetts,cantonese,SC-000690,zh-HK-HiuMaanNeural,0.2317,隐蔽(难检)
data/redteam/factory/edgetts/cantonese/edgetts_cantonese_zh-HK-HiuMaanNeural_SC-000296.wav,edgetts,cantonese,SC-000296,zh-HK-HiuMaanNeural,0.2327,隐蔽(难检)
data/redteam/factory/edgetts/cantonese/edgetts_cantonese_zh-HK-HiuMaanNeural_SC-000145.wav,edgetts,cantonese,SC-000145,zh-HK-HiuMaanNeural,0.2338,隐蔽(难检)
data/redteam/factory/edgetts/cantonese/edgetts_cantonese_zh-HK-HiuMaanNeural_SC-000885.wav,edgetts,cantonese,SC-000885,zh-HK-HiuMaanNeural,0.2339,隐蔽(难检)
data/redteam/factory/edgetts/cantonese/edgetts_cantonese_zh-HK-HiuMaanNeural_SC-000842.wav,edgetts,cantonese,SC-000842,zh-HK-HiuMaanNeural,0.236,隐蔽(难检)
data/redteam/factory/edgetts/cantonese/edgetts_cantonese_zh-HK-HiuMaanNeural_SC-000829.wav,edgetts,cantonese,SC-000829,zh-HK-HiuMaanNeural,0.2364,隐蔽(难检)
data/redteam/factory/edgetts/minnan/edgetts_minnan_zh-TW-HsiaoChenNeural_SC-000026.wav,edgetts,minnan,SC-000026,zh-TW-HsiaoChenNeural,0.237,隐蔽(难检)
data/redteam/factory/edgetts/sichuan/edgetts_sichuan_zh-CN-XiaoxiaoNeural_SC-000076.wav,edgetts,sichuan,SC-000076,zh-CN-XiaoxiaoNeural,0.2381,隐蔽(难检)
data/redteam/factory/edgetts/cantonese/edgetts_cantonese_zh-HK-HiuMaanNeural_SC-000588.wav,edgetts,cantonese,SC-000588,zh-HK-HiuMaanNeural,0.2382,隐蔽(难检)
data/redteam/factory/edgetts/cantonese/edgetts_cantonese_zh-HK-HiuMaanNeural_SC-000718.wav,edgetts,cantonese,SC-000718,zh-HK-HiuMaanNeural,0.2385,隐蔽(难检)
data/redteam/factory/sovits_api/minnan/sovits_api_minnan_ref_boot_edgetts_minnan_zh-TW-YunJheNeural_SC-000001_SC-000130.wav,sovits_api,minnan,SC-000130,ref_boot_edgetts_minnan_zh-TW-YunJheNeural_SC-000001,0.2391,隐蔽(难检)
data/redteam/factory/edgetts/minnan/edgetts_minnan_zh-TW-YunJheNeural_SC-001136.wav,edgetts,minnan,SC-001136,zh-TW-YunJheNeural,0.2392,隐蔽(难检)
data/redteam/factory/sovits_api/minnan/sovits_api_minnan_ref_boot_edgetts_minnan_zh-TW-YunJheNeural_SC-000001_SC-000063.wav,sovits_api,minnan,SC-000063,ref_boot_edgetts_minnan_zh-TW-YunJheNeural_SC-000001,0.24,隐蔽(难检)
data/redteam/factory/edgetts/cantonese/edgetts_cantonese_zh-HK-HiuMaanNeural_SC-001471.wav,edgetts,cantonese,SC-001471,zh-HK-HiuMaanNeural,0.2404,隐蔽(难检)
data/redteam/factory/edgetts/cantonese/edgetts_cantonese_zh-HK-HiuMaanNeural_SC-000874.wav,edgetts,cantonese,SC-000874,zh-HK-HiuMaanNeural,0.2412,隐蔽(难检)
data/redteam/factory/edgetts/cantonese/edgetts_cantonese_zh-HK-HiuMaanNeural_SC-000625.wav,edgetts,cantonese,SC-000625,zh-HK-HiuMaanNeural,0.2424,隐蔽(难检)
data/redteam/factory/edgetts/cantonese/edgetts_cantonese_zh-HK-HiuMaanNeural_SC-000277.wav,edgetts,cantonese,SC-000277,zh-HK-HiuMaanNeural,0.2427,隐蔽(难检)
data/redteam/factory/edgetts/cantonese/edgetts_cantonese_zh-HK-HiuMaanNeural_SC-000389.wav,edgetts,cantonese,SC-000389,zh-HK-HiuMaanNeural,0.2437,隐蔽(难检)
data/redteam/factory/sovits_api/minnan/sovits_api_minnan_ref_boot_edgetts_minnan_zh-TW-HsiaoChenNeural_SC-000001_SC-000229.wav,sovits_api,minnan,SC-000229,ref_boot_edgetts_minnan_zh-TW-HsiaoChenNeural_SC-000001,0.2443,隐蔽(难检)
data/redteam/factory/sovits_api/minnan/sovits_api_minnan_ref_boot_edgetts_minnan_zh-TW-YunJheNeural_SC-000001_SC-000387.wav,sovits_api,minnan,SC-000387,ref_boot_edgetts_minnan_zh-TW-YunJheNeural_SC-000001,0.246,隐蔽(难检)
data/redteam/factory/edgetts/cantonese/edgetts_cantonese_zh-HK-HiuMaanNeural_SC-001135.wav,edgetts,cantonese,SC-001135,zh-HK-HiuMaanNeural,0.2464,隐蔽(难检)
data/redteam/factory/sovits_api/cantonese/sovits_api_cantonese_ref_boot_edgetts_cantonese_zh-HK-HiuMaanNeural_SC-000005_seg8s_SC-000197.wav,sovits_api,cantonese,SC-000197,ref_boot_edgetts_cantonese_zh-HK-HiuMaanNeural_SC-000005_seg8s,0.2464,隐蔽(难检)
data/redteam/factory/edgetts/cantonese/edgetts_cantonese_zh-HK-HiuMaanNeural_SC-001588.wav,edgetts,cantonese,SC-001588,zh-HK-HiuMaanNeural,0.2478,隐蔽(难检)
data/redteam/factory/edgetts/cantonese/edgetts_cantonese_zh-HK-HiuMaanNeural_SC-000209.wav,edgetts,cantonese,SC-000209,zh-HK-HiuMaanNeural,0.249,隐蔽(难检)
data/redteam/factory/edgetts/cantonese/edgetts_cantonese_zh-HK-HiuMaanNeural_SC-000079.wav,edgetts,cantonese,SC-000079,zh-HK-HiuMaanNeural,0.2496,隐蔽(难检)
data/redteam/factory/sovits_api/mandarin/sovits_api_mandarin_ref_boot_edgetts_mandarin_zh-CN-XiaoxiaoNeural_SC-000007_seg8s_SC-000053.wav,sovits_api,mandarin,SC-000053,ref_boot_edgetts_mandarin_zh-CN-XiaoxiaoNeural_SC-000007_seg8s,0.2505,隐蔽(难检)
data/redteam/factory/edgetts/mandarin/edgetts_mandarin_zh-CN-YunxiNeural_SC-000325.wav,edgetts,mandarin,SC-000325,zh-CN-YunxiNeural,0.2506,隐蔽(难检)
data/redteam/factory/edgetts/cantonese/edgetts_cantonese_zh-HK-HiuMaanNeural_SC-000109.wav,edgetts,cantonese,SC-000109,zh-HK-HiuMaanNeural,0.2528,隐蔽(难检)
data/redteam/factory/edgetts/minnan/edgetts_minnan_zh-TW-HsiaoChenNeural_SC-000011.wav,edgetts,minnan,SC-000011,zh-TW-HsiaoChenNeural,0.2531,隐蔽(难检)
data/redteam/factory/edgetts/mandarin/edgetts_mandarin_zh-CN-YunyangNeural_SC-000053.wav,edgetts,mandarin,SC-000053,zh-CN-YunyangNeural,0.2539,隐蔽(难检)
data/redteam/factory/edgetts/cantonese/edgetts_cantonese_zh-HK-HiuMaanNeural_SC-001473.wav,edgetts,cantonese,SC-001473,zh-HK-HiuMaanNeural,0.255,隐蔽(难检)
data/redteam/factory/sovits_api/dongbei/sovits_api_dongbei_ref_boot_edgetts_dongbei_zh-CN-liaoning-XiaobeiNeural_SC-000002_seg8s_SC-000148.wav,sovits_api,dongbei,SC-000148,ref_boot_edgetts_dongbei_zh-CN-liaoning-XiaobeiNeural_SC-000002_seg8s,0.255,隐蔽(难检)
data/redteam/factory/edgetts/minnan/edgetts_minnan_zh-TW-HsiaoChenNeural_SC-000516.wav,edgetts,minnan,SC-000516,zh-TW-HsiaoChenNeural,0.2563,隐蔽(难检)
data/redteam/factory/edgetts/cantonese/edgetts_cantonese_zh-HK-HiuMaanNeural_SC-000654.wav,edgetts,cantonese,SC-000654,zh-HK-HiuMaanNeural,0.2577,隐蔽(难检)
data/redteam/factory/edgetts/cantonese/edgetts_cantonese_zh-HK-HiuMaanNeural_SC-001122.wav,edgetts,cantonese,SC-001122,zh-HK-HiuMaanNeural,0.2582,隐蔽(难检)
data/redteam/factory/edgetts/cantonese/edgetts_cantonese_zh-HK-HiuMaanNeural_SC-001579.wav,edgetts,cantonese,SC-001579,zh-HK-HiuMaanNeural,0.2591,隐蔽(难检)
data/redteam/factory/edgetts/cantonese/edgetts_cantonese_zh-HK-HiuMaanNeural_SC-000924.wav,edgetts,cantonese,SC-000924,zh-HK-HiuMaanNeural,0.2604,隐蔽(难检)
data/redteam/factory/edgetts/cantonese/edgetts_cantonese_zh-HK-HiuMaanNeural_SC-001529.wav,edgetts,cantonese,SC-001529,zh-HK-HiuMaanNeural,0.2616,隐蔽(难检)
data/redteam/factory/edgetts/cantonese/edgetts_cantonese_zh-HK-HiuMaanNeural_SC-000399.wav,edgetts,cantonese,SC-000399,zh-HK-HiuMaanNeural,0.2627,隐蔽(难检)
data/redteam/factory/edgetts/cantonese/edgetts_cantonese_zh-HK-HiuMaanNeural_SC-000329.wav,edgetts,cantonese,SC-000329,zh-HK-HiuMaanNeural,0.2635,隐蔽(难检)
data/redteam/factory/edgetts/cantonese/edgetts_cantonese_zh-HK-HiuMaanNeural_SC-001456.wav,edgetts,cantonese,SC-001456,zh-HK-HiuMaanNeural,0.2658,隐蔽(难检)
data/redteam/factory/sovits_api/cantonese/sovits_api_cantonese_ref_boot_edgetts_cantonese_zh-HK-HiuMaanNeural_SC-000005_seg8s_SC-000079.wav,sovits_api,cantonese,SC-000079,ref_boot_edgetts_cantonese_zh-HK-HiuMaanNeural_SC-000005_seg8s,0.2665,隐蔽(难检)
data/redteam/factory/edgetts/cantonese/edgetts_cantonese_zh-HK-HiuMaanNeural_SC-001260.wav,edgetts,cantonese,SC-001260,zh-HK-HiuMaanNeural,0.2683,隐蔽(难检)
data/redteam/factory/edgetts/cantonese/edgetts_cantonese_zh-HK-HiuMaanNeural_SC-001452.wav,edgetts,cantonese,SC-001452,zh-HK-HiuMaanNeural,0.2714,隐蔽(难检)
data/redteam/factory/edgetts/cantonese/edgetts_cantonese_zh-HK-HiuMaanNeural_SC-000953.wav,edgetts,cantonese,SC-000953,zh-HK-HiuMaanNeural,0.2716,隐蔽(难检)
data/redteam/factory/sovits_api/sichuan/sovits_api_sichuan_ref_boot_edgetts_sichuan_zh-CN-YunxiNeural_SC-000010_SC-000249.wav,sovits_api,sichuan,SC-000249,ref_boot_edgetts_sichuan_zh-CN-YunxiNeural_SC-000010,0.2724,隐蔽(难检)
data/redteam/factory/edgetts/minnan/edgetts_minnan_zh-TW-YunJheNeural_SC-001103.wav,edgetts,minnan,SC-001103,zh-TW-YunJheNeural,0.2747,隐蔽(难检)
data/redteam/factory/edgetts/mandarin/edgetts_mandarin_zh-CN-YunxiNeural_SC-000053.wav,edgetts,mandarin,SC-000053,zh-CN-YunxiNeural,0.2749,隐蔽(难检)
data/redteam/factory/sovits_api/dongbei/sovits_api_dongbei_ref_boot_edgetts_dongbei_zh-CN-liaoning-XiaobeiNeural_SC-000002_seg8s_SC-000162.wav,sovits_api,dongbei,SC-000162,ref_boot_edgetts_dongbei_zh-CN-liaoning-XiaobeiNeural_SC-000002_seg8s,0.275,隐蔽(难检)
data/redteam/factory/edgetts/minnan/edgetts_minnan_zh-TW-HsiaoChenNeural_SC-000004.wav,edgetts,minnan,SC-000004,zh-TW-HsiaoChenNeural,0.2759,隐蔽(难检)
data/redteam/factory/sovits_api/cantonese/sovits_api_cantonese_ref_boot_edgetts_cantonese_zh-HK-WanLungNeural_SC-000005_seg8s_SC-000119.wav,sovits_api,cantonese,SC-000119,ref_boot_edgetts_cantonese_zh-HK-WanLungNeural_SC-000005_seg8s,0.28,隐蔽(难检)
data/redteam/factory/edgetts/cantonese/edgetts_cantonese_zh-HK-HiuMaanNeural_SC-000649.wav,edgetts,cantonese,SC-000649,zh-HK-HiuMaanNeural,0.281,隐蔽(难检)
data/redteam/factory/edgetts/minnan/edgetts_minnan_zh-TW-YunJheNeural_SC-000614.wav,edgetts,minnan,SC-000614,zh-TW-YunJheNeural,0.2827,隐蔽(难检)
data/redteam/factory/edgetts/mandarin/edgetts_mandarin_zh-CN-YunxiNeural_SC-000092.wav,edgetts,mandarin,SC-000092,zh-CN-YunxiNeural,0.2832,隐蔽(难检)
data/redteam/factory/edgetts/sichuan/edgetts_sichuan_zh-CN-XiaoxiaoNeural_SC-001442.wav,edgetts,sichuan,SC-001442,zh-CN-XiaoxiaoNeural,0.2832,隐蔽(难检)
data/redteam/factory/edgetts/cantonese/edgetts_cantonese_zh-HK-HiuMaanNeural_SC-001445.wav,edgetts,cantonese,SC-001445,zh-HK-HiuMaanNeural,0.2843,隐蔽(难检)
data/redteam/factory/edgetts/cantonese/edgetts_cantonese_zh-HK-HiuMaanNeural_SC-000695.wav,edgetts,cantonese,SC-000695,zh-HK-HiuMaanNeural,0.2857,隐蔽(难检)
data/redteam/factory/edgetts/cantonese/edgetts_cantonese_zh-HK-HiuMaanNeural_SC-000575.wav,edgetts,cantonese,SC-000575,zh-HK-HiuMaanNeural,0.2867,隐蔽(难检)
data/redteam/factory/edgetts/minnan/edgetts_minnan_zh-TW-HsiaoChenNeural_SC-001454.wav,edgetts,minnan,SC-001454,zh-TW-HsiaoChenNeural,0.2879,隐蔽(难检)
data/redteam/factory/edgetts/cantonese/edgetts_cantonese_zh-HK-HiuMaanNeural_SC-000523.wav,edgetts,cantonese,SC-000523,zh-HK-HiuMaanNeural,0.2887,隐蔽(难检)
data/redteam/factory/edgetts/cantonese/edgetts_cantonese_zh-HK-HiuMaanNeural_SC-000395.wav,edgetts,cantonese,SC-000395,zh-HK-HiuMaanNeural,0.2888,隐蔽(难检)
data/redteam/factory/edgetts/minnan/edgetts_minnan_zh-TW-HsiaoChenNeural_SC-000350.wav,edgetts,minnan,SC-000350,zh-TW-HsiaoChenNeural,0.2893,隐蔽(难检)
data/redteam/factory/edgetts/minnan/edgetts_minnan_zh-TW-HsiaoChenNeural_SC-000010.wav,edgetts,minnan,SC-000010,zh-TW-HsiaoChenNeural,0.2919,隐蔽(难检)
data/redteam/factory/edgetts/cantonese/edgetts_cantonese_zh-HK-HiuMaanNeural_SC-000026.wav,edgetts,cantonese,SC-000026,zh-HK-HiuMaanNeural,0.295,隐蔽(难检)
data/redteam/factory/sovits_api/cantonese/sovits_api_cantonese_ref_boot_edgetts_cantonese_zh-HK-HiuMaanNeural_SC-000005_seg8s_SC-000155.wav,sovits_api,cantonese,SC-000155,ref_boot_edgetts_cantonese_zh-HK-HiuMaanNeural_SC-000005_seg8s,0.2958,隐蔽(难检)
data/redteam/factory/edgetts/cantonese/edgetts_cantonese_zh-HK-HiuMaanNeural_SC-000689.wav,edgetts,cantonese,SC-000689,zh-HK-HiuMaanNeural,0.2962,隐蔽(难检)
data/redteam/factory/sovits_api/sichuan/sovits_api_sichuan_ref_boot_edgetts_sichuan_zh-CN-XiaoxiaoNeural_SC-000010_SC-000210.wav,sovits_api,sichuan,SC-000210,ref_boot_edgetts_sichuan_zh-CN-XiaoxiaoNeural_SC-000010,0.2964,隐蔽(难检)
data/redteam/factory/edgetts/minnan/edgetts_minnan_zh-TW-YunJheNeural_SC-000192.wav,edgetts,minnan,SC-000192,zh-TW-YunJheNeural,0.299,隐蔽(难检)
data/redteam/factory/edgetts/minnan/edgetts_minnan_zh-TW-HsiaoChenNeural_SC-001266.wav,edgetts,minnan,SC-001266,zh-TW-HsiaoChenNeural,0.3032,边界
data/redteam/factory/edgetts/minnan/edgetts_minnan_zh-TW-HsiaoChenNeural_SC-000316.wav,edgetts,minnan,SC-000316,zh-TW-HsiaoChenNeural,0.3045,边界
data/redteam/factory/edgetts/minnan/edgetts_minnan_zh-TW-YunJheNeural_SC-000001.wav,edgetts,minnan,SC-000001,zh-TW-YunJheNeural,0.3108,边界
data/redteam/factory/sovits_api/sichuan/sovits_api_sichuan_ref_boot_edgetts_sichuan_zh-CN-YunxiNeural_SC-000010_SC-000144.wav,sovits_api,sichuan,SC-000144,ref_boot_edgetts_sichuan_zh-CN-YunxiNeural_SC-000010,0.3118,边界
data/redteam/factory/edgetts/cantonese/edgetts_cantonese_zh-HK-HiuMaanNeural_SC-000016.wav,edgetts,cantonese,SC-000016,zh-HK-HiuMaanNeural,0.312,边界
data/redteam/factory/sovits_api/minnan/sovits_api_minnan_ref_boot_edgetts_minnan_zh-TW-YunJheNeural_SC-000001_SC-000218.wav,sovits_api,minnan,SC-000218,ref_boot_edgetts_minnan_zh-TW-YunJheNeural_SC-000001,0.3133,边界
data/redteam/factory/edgetts/mandarin/edgetts_mandarin_zh-CN-YunxiNeural_SC-000100.wav,edgetts,mandarin,SC-000100,zh-CN-YunxiNeural,0.3154,边界
data/redteam/factory/edgetts/minnan/edgetts_minnan_zh-TW-HsiaoChenNeural_SC-000936.wav,edgetts,minnan,SC-000936,zh-TW-HsiaoChenNeural,0.3194,边界
data/redteam/factory/edgetts/cantonese/edgetts_cantonese_zh-HK-HiuMaanNeural_SC-000005.wav,edgetts,cantonese,SC-000005,zh-HK-HiuMaanNeural,0.3224,边界
data/redteam/factory/edgetts/cantonese/edgetts_cantonese_zh-HK-HiuMaanNeural_SC-000803.wav,edgetts,cantonese,SC-000803,zh-HK-HiuMaanNeural,0.3227,边界
data/redteam/factory/edgetts/minnan/edgetts_minnan_zh-TW-YunJheNeural_SC-000063.wav,edgetts,minnan,SC-000063,zh-TW-YunJheNeural,0.3228,边界
data/redteam/factory/edgetts/minnan/edgetts_minnan_zh-TW-HsiaoChenNeural_SC-001661.wav,edgetts,minnan,SC-001661,zh-TW-HsiaoChenNeural,0.3313,边界
data/redteam/factory/edgetts/minnan/edgetts_minnan_zh-TW-YunJheNeural_SC-000797.wav,edgetts,minnan,SC-000797,zh-TW-YunJheNeural,0.3377,边界
data/redteam/factory/sovits_api/cantonese/sovits_api_cantonese_ref_boot_edgetts_cantonese_zh-HK-HiuMaanNeural_SC-000005_seg8s_SC-000008.wav,sovits_api,cantonese,SC-000008,ref_boot_edgetts_cantonese_zh-HK-HiuMaanNeural_SC-000005_seg8s,0.3386,边界
data/redteam/factory/edgetts/cantonese/edgetts_cantonese_zh-HK-HiuMaanNeural_SC-000142.wav,edgetts,cantonese,SC-000142,zh-HK-HiuMaanNeural,0.354,边界
data/redteam/factory/edgetts/cantonese/edgetts_cantonese_zh-HK-HiuMaanNeural_SC-000248.wav,edgetts,cantonese,SC-000248,zh-HK-HiuMaanNeural,0.3567,边界
data/redteam/factory/edgetts/minnan/edgetts_minnan_zh-TW-HsiaoChenNeural_SC-000750.wav,edgetts,minnan,SC-000750,zh-TW-HsiaoChenNeural,0.3574,边界
data/redteam/factory/edgetts/minnan/edgetts_minnan_zh-TW-YunJheNeural_SC-001636.wav,edgetts,minnan,SC-001636,zh-TW-YunJheNeural,0.3577,边界
data/redteam/factory/edgetts/cantonese/edgetts_cantonese_zh-HK-HiuMaanNeural_SC-000029.wav,edgetts,cantonese,SC-000029,zh-HK-HiuMaanNeural,0.369,边界
data/redteam/factory/edgetts/minnan/edgetts_minnan_zh-TW-YunJheNeural_SC-000006.wav,edgetts,minnan,SC-000006,zh-TW-YunJheNeural,0.3815,边界
data/redteam/factory/edgetts/cantonese/edgetts_cantonese_zh-HK-HiuMaanNeural_SC-000258.wav,edgetts,cantonese,SC-000258,zh-HK-HiuMaanNeural,0.3895,边界
data/redteam/factory/edgetts/cantonese/edgetts_cantonese_zh-HK-HiuMaanNeural_SC-001005.wav,edgetts,cantonese,SC-001005,zh-HK-HiuMaanNeural,0.4164,边界
data/redteam/factory/edgetts/cantonese/edgetts_cantonese_zh-HK-HiuMaanNeural_SC-000760.wav,edgetts,cantonese,SC-000760,zh-HK-HiuMaanNeural,0.4336,边界
data/redteam/factory/sovits_api/mandarin/sovits_api_mandarin_ref_boot_edgetts_mandarin_zh-CN-YunxiNeural_SC-000007_seg8s_SC-000053.wav,sovits_api,mandarin,SC-000053,ref_boot_edgetts_mandarin_zh-CN-YunxiNeural_SC-000007_seg8s,0.4502,边界
data/redteam/factory/edgetts/cantonese/edgetts_cantonese_zh-HK-HiuMaanNeural_SC-001388.wav,edgetts,cantonese,SC-001388,zh-HK-HiuMaanNeural,0.4565,边界
data/redteam/factory/edgetts/minnan/edgetts_minnan_zh-TW-YunJheNeural_SC-001373.wav,edgetts,minnan,SC-001373,zh-TW-YunJheNeural,0.4905,边界
data/redteam/factory/edgetts/minnan/edgetts_minnan_zh-TW-YunJheNeural_SC-001376.wav,edgetts,minnan,SC-001376,zh-TW-YunJheNeural,0.5043,可检
